===========================================================================
         ________    _________   _______       __     _________            
        |        |\ |        |\ |       \\    |  |\  /         \\          
        |    ____|| |    ____|| |    __  ||   |__|| |    ___    ||         
        |   |\___\| |   |\___\| |   |\_| ||    \_\| |   //  \   ||         
        |   ||__    |   ||__    |   ||_| ||   |  |\ |  ||    |  ||         
        |       |\  |       |\  |         \\  |  || |  ||    |  ||         
        |    ___||  |    ___||  |    ___   || |  || |  ||    |  ||         
        |   |\__\|  |   |\__\|  |   |\__|  || |  || |  ||    |  ||         
        |   ||      |   ||___   |   ||__|  || |  || |   \\__/   ||         
        |   ||      |        |\ |          || |  || |           ||         
        |___||      |________|| |_________//  |__||  \_________//          
                                                                           
      F I N I T E   E L E M E N T S   F O R   B I O M E C H A N I C S      
                                                                           
  version 4.13.0
  FEBio is a registered trademark.                                         
  copyright (c) 2006-2026 - All rights reserved                            
                                                                           
===========================================================================





 FILES USED
===========================================================================
	Input file : model/garment_both_arms_raise_025.feb
	Plot file  : results/garment_both_arms_raise_025.xplt
	Log file   : results/garment_both_arms_raise_025.log


 MESH INFO
===========================================================================
	Number of materials ............................ : 2
	Number of domains .............................. : 3
	Number of nodes ................................ : 3456
	Number of shell elements ....................... : 3328


 MODULE
===========================================================================
	Module type ....................................... : solid


 CONTROL DATA
===========================================================================
	analysis .......................................... : STATIC (0)
	time_steps ........................................ : 40
	step_size ......................................... : 0.025
	plot_zero_state ................................... : no (0)
	plot_range ........................................ : 0,-1
	plot_level ........................................ : PLOT_MUST_POINTS (3)
	output_level ...................................... : OUTPUT_MAJOR_ITRS (1)
	plot_stride ....................................... : 1
	output_stride ..................................... : 1
	adaptor_re_solve .................................. : yes (1)
	Auto time stepper activated ....................... : yes
	  max_retries ..................................... : 15
	  opt_iter ........................................ : 10
	  dtmin ........................................... : 1e-05
	  dtmax ........................................... : 0.025
	  aggressiveness .................................. : 0
	  cutback ......................................... : 0.5
	  dtforce ......................................... : no (0)
 SOLVER PARAMETERS
===========================================================================
	symmetric_stiffness ............................... : non-symmetric (0)
	equation_scheme ................................... : staggered (0)
	equation_order .................................... : default (0)
	optimize_bw ....................................... : no (0)
	lstol ............................................. : 0.9
	lsmin ............................................. : 0.01
	lsiter ............................................ : 5
	ls_check_jacobians ................................ : no (0)
	max_refs .......................................... : 35
	check_zero_diagonal ............................... : no (0)
	zero_diagonal_tol ................................. : 0
	force_partition ................................... : 0
	reform_each_time_step ............................. : yes (1)
	reform_augment .................................... : no (0)
	diverge_reform .................................... : yes (1)
	min_residual ...................................... : 1e-20
	max_residual ...................................... : 0
	dtol .............................................. : 0.02
	etol .............................................. : 0.0001
	rtol .............................................. : 0.001
	rhoi .............................................. : -2
	alpha ............................................. : 1
	beta .............................................. : 0.25
	gamma ............................................. : 0.5
	logSolve .......................................... : no (0)
	arc_length ........................................ : 0
	arc_length_scale .................................. : 0






 MATERIAL DATA
===========================================================================
  1 - textile_provisional (type: neo-Hookean)
	density ........................................... : 1
	E ................................................. : 0.8
	v ................................................. : 0.3
---------------------------------------------------------------------------
  2 - torso_fixed (type: neo-Hookean)
	density ........................................... : 1
	E ................................................. : 0.8
	v ................................................. : 0.3


 BOUNDARY CONDITION DATA
===========================================================================
  1 -  Type: prescribed displacement
	dof ............................................... : 0
	value ............................................. : 1.6875
	relative .......................................... : no (0)
---------------------------------------------------------------------------
  2 -  Type: prescribed displacement
	dof ............................................... : 2
	value ............................................. : 9.75
	relative .......................................... : no (0)
---------------------------------------------------------------------------
  3 -  Type: prescribed displacement
	dof ............................................... : 0
	value ............................................. : 1.67937
	relative .......................................... : no (0)
---------------------------------------------------------------------------
  4 -  Type: prescribed displacement
	dof ............................................... : 2
	value ............................................. : 9.70785
	relative .......................................... : no (0)
---------------------------------------------------------------------------
  5 -  Type: prescribed displacement
	dof ............................................... : 0
	value ............................................. : 1.65508
	relative .......................................... : no (0)
---------------------------------------------------------------------------
  6 -  Type: prescribed displacement
	dof ............................................... : 2
	value ............................................. : 9.58301
	relative .......................................... : no (0)
---------------------------------------------------------------------------
  7 -  Type: prescribed displacement
	dof ............................................... : 0
	value ............................................. : 1.61484
	relative .......................................... : no (0)
---------------------------------------------------------------------------
  8 -  Type: prescribed displacement
	dof ............................................... : 2
	value ............................................. : 9.38029
	relative .......................................... : no (0)
---------------------------------------------------------------------------
  9 -  Type: prescribed displacement
	dof ............................................... : 0
	value ............................................. : 1.55905
	relative .......................................... : no (0)
---------------------------------------------------------------------------
 10 -  Type: prescribed displacement
	dof ............................................... : 2
	value ............................................. : 9.10747
	relative .......................................... : no (0)
---------------------------------------------------------------------------
 11 -  Type: prescribed displacement
	dof ............................................... : 0
	value ............................................. : 1.48824
	relative .......................................... : no (0)
---------------------------------------------------------------------------
 12 -  Type: prescribed displacement
	dof ............................................... : 2
	value ............................................. : 8.77503
	relative .......................................... : no (0)
---------------------------------------------------------------------------
 13 -  Type: prescribed displacement
	dof ............................................... : 0
	value ............................................. : 1.4031
	relative .......................................... : no (0)
---------------------------------------------------------------------------
 14 -  Type: prescribed displacement
	dof ............................................... : 2
	value ............................................. : 8.39576
	relative .......................................... : no (0)
---------------------------------------------------------------------------
 15 -  Type: prescribed displacement
	dof ............................................... : 0
	value ............................................. : 1.30446
	relative .......................................... : no (0)
---------------------------------------------------------------------------
 16 -  Type: prescribed displacement
	dof ............................................... : 2
	value ............................................. : 7.98423
	relative .......................................... : no (0)
---------------------------------------------------------------------------
 17 -  Type: prescribed displacement
	dof ............................................... : 0
	value ............................................. : 1.19324
	relative .......................................... : no (0)
---------------------------------------------------------------------------
 18 -  Type: prescribed displacement
	dof ............................................... : 2
	value ............................................. : 7.55625
	relative .......................................... : no (0)
---------------------------------------------------------------------------
 19 -  Type: prescribed displacement
	dof ............................................... : 0
	value ............................................. : 1.07054
	relative .......................................... : no (0)
---------------------------------------------------------------------------
 20 -  Type: prescribed displacement
	dof ............................................... : 2
	value ............................................. : 7.12827
	relative .......................................... : no (0)
---------------------------------------------------------------------------
 21 -  Type: prescribed displacement
	dof ............................................... : 0
	value ............................................. : 0.937525
	relative .......................................... : no (0)
---------------------------------------------------------------------------
 22 -  Type: prescribed displacement
	dof ............................................... : 2
	value ............................................. : 6.71674
	relative .......................................... : no (0)
---------------------------------------------------------------------------
 23 -  Type: prescribed displacement
	dof ............................................... : 0
	value ............................................. : 0.795482
	relative .......................................... : no (0)
---------------------------------------------------------------------------
 24 -  Type: prescribed displacement
	dof ............................................... : 2
	value ............................................. : 6.33747
	relative .......................................... : no (0)
---------------------------------------------------------------------------
 25 -  Type: prescribed displacement
	dof ............................................... : 0
	value ............................................. : 0.645778
	relative .......................................... : no (0)
---------------------------------------------------------------------------
 26 -  Type: prescribed displacement
	dof ............................................... : 2
	value ............................................. : 6.00503
	relative .......................................... : no (0)
---------------------------------------------------------------------------
 27 -  Type: prescribed displacement
	dof ............................................... : 0
	value ............................................. : 0.489855
	relative .......................................... : no (0)
---------------------------------------------------------------------------
 28 -  Type: prescribed displacement
	dof ............................................... : 2
	value ............................................. : 5.73221
	relative .......................................... : no (0)
---------------------------------------------------------------------------
 29 -  Type: prescribed displacement
	dof ............................................... : 0
	value ............................................. : 0.329215
	relative .......................................... : no (0)
---------------------------------------------------------------------------
 30 -  Type: prescribed displacement
	dof ............................................... : 2
	value ............................................. : 5.52949
	relative .......................................... : no (0)
---------------------------------------------------------------------------
 31 -  Type: prescribed displacement
	dof ............................................... : 0
	value ............................................. : 0.165404
	relative .......................................... : no (0)
---------------------------------------------------------------------------
 32 -  Type: prescribed displacement
	dof ............................................... : 2
	value ............................................. : 5.40465
	relative .......................................... : no (0)
---------------------------------------------------------------------------
 33 -  Type: prescribed displacement
	dof ............................................... : 0
	value ............................................. : 1.0333e-16
	relative .......................................... : no (0)
---------------------------------------------------------------------------
 34 -  Type: prescribed displacement
	dof ............................................... : 2
	value ............................................. : 5.3625
	relative .......................................... : no (0)
---------------------------------------------------------------------------
 35 -  Type: prescribed displacement
	dof ............................................... : 0
	value ............................................. : -0.165404
	relative .......................................... : no (0)
---------------------------------------------------------------------------
 36 -  Type: prescribed displacement
	dof ............................................... : 2
	value ............................................. : 5.40465
	relative .......................................... : no (0)
---------------------------------------------------------------------------
 37 -  Type: prescribed displacement
	dof ............................................... : 0
	value ............................................. : -0.329215
	relative .......................................... : no (0)
---------------------------------------------------------------------------
 38 -  Type: prescribed displacement
	dof ............................................... : 2
	value ............................................. : 5.52949
	relative .......................................... : no (0)
---------------------------------------------------------------------------
 39 -  Type: prescribed displacement
	dof ............................................... : 0
	value ............................................. : -0.489855
	relative .......................................... : no (0)
---------------------------------------------------------------------------
 40 -  Type: prescribed displacement
	dof ............................................... : 2
	value ............................................. : 5.73221
	relative .......................................... : no (0)
---------------------------------------------------------------------------
 41 -  Type: prescribed displacement
	dof ............................................... : 0
	value ............................................. : -0.645778
	relative .......................................... : no (0)
---------------------------------------------------------------------------
 42 -  Type: prescribed displacement
	dof ............................................... : 2
	value ............................................. : 6.00503
	relative .......................................... : no (0)
---------------------------------------------------------------------------
 43 -  Type: prescribed displacement
	dof ............................................... : 0
	value ............................................. : -0.795482
	relative .......................................... : no (0)
---------------------------------------------------------------------------
 44 -  Type: prescribed displacement
	dof ............................................... : 2
	value ............................................. : 6.33747
	relative .......................................... : no (0)
---------------------------------------------------------------------------
 45 -  Type: prescribed displacement
	dof ............................................... : 0
	value ............................................. : -0.937525
	relative .......................................... : no (0)
---------------------------------------------------------------------------
 46 -  Type: prescribed displacement
	dof ............................................... : 2
	value ............................................. : 6.71674
	relative .......................................... : no (0)
---------------------------------------------------------------------------
 47 -  Type: prescribed displacement
	dof ............................................... : 0
	value ............................................. : -1.07054
	relative .......................................... : no (0)
---------------------------------------------------------------------------
 48 -  Type: prescribed displacement
	dof ............................................... : 2
	value ............................................. : 7.12827
	relative .......................................... : no (0)
---------------------------------------------------------------------------
 49 -  Type: prescribed displacement
	dof ............................................... : 0
	value ............................................. : -1.19324
	relative .......................................... : no (0)
---------------------------------------------------------------------------
 50 -  Type: prescribed displacement
	dof ............................................... : 2
	value ............................................. : 7.55625
	relative .......................................... : no (0)
---------------------------------------------------------------------------
 51 -  Type: prescribed displacement
	dof ............................................... : 0
	value ............................................. : -1.30446
	relative .......................................... : no (0)
---------------------------------------------------------------------------
 52 -  Type: prescribed displacement
	dof ............................................... : 2
	value ............................................. : 7.98423
	relative .......................................... : no (0)
---------------------------------------------------------------------------
 53 -  Type: prescribed displacement
	dof ............................................... : 0
	value ............................................. : -1.4031
	relative .......................................... : no (0)
---------------------------------------------------------------------------
 54 -  Type: prescribed displacement
	dof ............................................... : 2
	value ............................................. : 8.39576
	relative .......................................... : no (0)
---------------------------------------------------------------------------
 55 -  Type: prescribed displacement
	dof ............................................... : 0
	value ............................................. : -1.48824
	relative .......................................... : no (0)
---------------------------------------------------------------------------
 56 -  Type: prescribed displacement
	dof ............................................... : 2
	value ............................................. : 8.77503
	relative .......................................... : no (0)
---------------------------------------------------------------------------
 57 -  Type: prescribed displacement
	dof ............................................... : 0
	value ............................................. : -1.55905
	relative .......................................... : no (0)
---------------------------------------------------------------------------
 58 -  Type: prescribed displacement
	dof ............................................... : 2
	value ............................................. : 9.10747
	relative .......................................... : no (0)
---------------------------------------------------------------------------
 59 -  Type: prescribed displacement
	dof ............................................... : 0
	value ............................................. : -1.61484
	relative .......................................... : no (0)
---------------------------------------------------------------------------
 60 -  Type: prescribed displacement
	dof ............................................... : 2
	value ............................................. : 9.38029
	relative .......................................... : no (0)
---------------------------------------------------------------------------
 61 -  Type: prescribed displacement
	dof ............................................... : 0
	value ............................................. : -1.65508
	relative .......................................... : no (0)
---------------------------------------------------------------------------
 62 -  Type: prescribed displacement
	dof ............................................... : 2
	value ............................................. : 9.58301
	relative .......................................... : no (0)
---------------------------------------------------------------------------
 63 -  Type: prescribed displacement
	dof ............................................... : 0
	value ............................................. : -1.67937
	relative .......................................... : no (0)
---------------------------------------------------------------------------
 64 -  Type: prescribed displacement
	dof ............................................... : 2
	value ............................................. : 9.70785
	relative .......................................... : no (0)
---------------------------------------------------------------------------
 65 -  Type: prescribed displacement
	dof ............................................... : 0
	value ............................................. : -1.6875
	relative .......................................... : no (0)
---------------------------------------------------------------------------
 66 -  Type: prescribed displacement
	dof ............................................... : 2
	value ............................................. : 9.75
	relative .......................................... : no (0)
---------------------------------------------------------------------------
 67 -  Type: prescribed displacement
	dof ............................................... : 0
	value ............................................. : -1.67937
	relative .......................................... : no (0)
---------------------------------------------------------------------------
 68 -  Type: prescribed displacement
	dof ............................................... : 2
	value ............................................. : 9.70785
	relative .......................................... : no (0)
---------------------------------------------------------------------------
 69 -  Type: prescribed displacement
	dof ............................................... : 0
	value ............................................. : -1.65508
	relative .......................................... : no (0)
---------------------------------------------------------------------------
 70 -  Type: prescribed displacement
	dof ............................................... : 2
	value ............................................. : 9.58301
	relative .......................................... : no (0)
---------------------------------------------------------------------------
 71 -  Type: prescribed displacement
	dof ............................................... : 0
	value ............................................. : -1.61484
	relative .......................................... : no (0)
---------------------------------------------------------------------------
 72 -  Type: prescribed displacement
	dof ............................................... : 2
	value ............................................. : 9.38029
	relative .......................................... : no (0)
---------------------------------------------------------------------------
 73 -  Type: prescribed displacement
	dof ............................................... : 0
	value ............................................. : -1.55905
	relative .......................................... : no (0)
---------------------------------------------------------------------------
 74 -  Type: prescribed displacement
	dof ............................................... : 2
	value ............................................. : 9.10747
	relative .......................................... : no (0)
---------------------------------------------------------------------------
 75 -  Type: prescribed displacement
	dof ............................................... : 0
	value ............................................. : -1.48824
	relative .......................................... : no (0)
---------------------------------------------------------------------------
 76 -  Type: prescribed displacement
	dof ............................................... : 2
	value ............................................. : 8.77503
	relative .......................................... : no (0)
---------------------------------------------------------------------------
 77 -  Type: prescribed displacement
	dof ............................................... : 0
	value ............................................. : -1.4031
	relative .......................................... : no (0)
---------------------------------------------------------------------------
 78 -  Type: prescribed displacement
	dof ............................................... : 2
	value ............................................. : 8.39576
	relative .......................................... : no (0)
---------------------------------------------------------------------------
 79 -  Type: prescribed displacement
	dof ............................................... : 0
	value ............................................. : -1.30446
	relative .......................................... : no (0)
---------------------------------------------------------------------------
 80 -  Type: prescribed displacement
	dof ............................................... : 2
	value ............................................. : 7.98423
	relative .......................................... : no (0)
---------------------------------------------------------------------------
 81 -  Type: prescribed displacement
	dof ............................................... : 0
	value ............................................. : -1.19324
	relative .......................................... : no (0)
---------------------------------------------------------------------------
 82 -  Type: prescribed displacement
	dof ............................................... : 2
	value ............................................. : 7.55625
	relative .......................................... : no (0)
---------------------------------------------------------------------------
 83 -  Type: prescribed displacement
	dof ............................................... : 0
	value ............................................. : -1.07054
	relative .......................................... : no (0)
---------------------------------------------------------------------------
 84 -  Type: prescribed displacement
	dof ............................................... : 2
	value ............................................. : 7.12827
	relative .......................................... : no (0)
---------------------------------------------------------------------------
 85 -  Type: prescribed displacement
	dof ............................................... : 0
	value ............................................. : -0.937525
	relative .......................................... : no (0)
---------------------------------------------------------------------------
 86 -  Type: prescribed displacement
	dof ............................................... : 2
	value ............................................. : 6.71674
	relative .......................................... : no (0)
---------------------------------------------------------------------------
 87 -  Type: prescribed displacement
	dof ............................................... : 0
	value ............................................. : -0.795482
	relative .......................................... : no (0)
---------------------------------------------------------------------------
 88 -  Type: prescribed displacement
	dof ............................................... : 2
	value ............................................. : 6.33747
	relative .......................................... : no (0)
---------------------------------------------------------------------------
 89 -  Type: prescribed displacement
	dof ............................................... : 0
	value ............................................. : -0.645778
	relative .......................................... : no (0)
---------------------------------------------------------------------------
 90 -  Type: prescribed displacement
	dof ............................................... : 2
	value ............................................. : 6.00503
	relative .......................................... : no (0)
---------------------------------------------------------------------------
 91 -  Type: prescribed displacement
	dof ............................................... : 0
	value ............................................. : -0.489855
	relative .......................................... : no (0)
---------------------------------------------------------------------------
 92 -  Type: prescribed displacement
	dof ............................................... : 2
	value ............................................. : 5.73221
	relative .......................................... : no (0)
---------------------------------------------------------------------------
 93 -  Type: prescribed displacement
	dof ............................................... : 0
	value ............................................. : -0.329215
	relative .......................................... : no (0)
---------------------------------------------------------------------------
 94 -  Type: prescribed displacement
	dof ............................................... : 2
	value ............................................. : 5.52949
	relative .......................................... : no (0)
---------------------------------------------------------------------------
 95 -  Type: prescribed displacement
	dof ............................................... : 0
	value ............................................. : -0.165404
	relative .......................................... : no (0)
---------------------------------------------------------------------------
 96 -  Type: prescribed displacement
	dof ............................................... : 2
	value ............................................. : 5.40465
	relative .......................................... : no (0)
---------------------------------------------------------------------------
 97 -  Type: prescribed displacement
	dof ............................................... : 0
	value ............................................. : -3.09989e-16
	relative .......................................... : no (0)
---------------------------------------------------------------------------
 98 -  Type: prescribed displacement
	dof ............................................... : 2
	value ............................................. : 5.3625
	relative .......................................... : no (0)
---------------------------------------------------------------------------
 99 -  Type: prescribed displacement
	dof ............................................... : 0
	value ............................................. : 0.165404
	relative .......................................... : no (0)
---------------------------------------------------------------------------
100 -  Type: prescribed displacement
	dof ............................................... : 2
	value ............................................. : 5.40465
	relative .......................................... : no (0)
---------------------------------------------------------------------------
101 -  Type: prescribed displacement
	dof ............................................... : 0
	value ............................................. : 0.329215
	relative .......................................... : no (0)
---------------------------------------------------------------------------
102 -  Type: prescribed displacement
	dof ............................................... : 2
	value ............................................. : 5.52949
	relative .......................................... : no (0)
---------------------------------------------------------------------------
103 -  Type: prescribed displacement
	dof ............................................... : 0
	value ............................................. : 0.489855
	relative .......................................... : no (0)
---------------------------------------------------------------------------
104 -  Type: prescribed displacement
	dof ............................................... : 2
	value ............................................. : 5.73221
	relative .......................................... : no (0)
---------------------------------------------------------------------------
105 -  Type: prescribed displacement
	dof ............................................... : 0
	value ............................................. : 0.645778
	relative .......................................... : no (0)
---------------------------------------------------------------------------
106 -  Type: prescribed displacement
	dof ............................................... : 2
	value ............................................. : 6.00503
	relative .......................................... : no (0)
---------------------------------------------------------------------------
107 -  Type: prescribed displacement
	dof ............................................... : 0
	value ............................................. : 0.795482
	relative .......................................... : no (0)
---------------------------------------------------------------------------
108 -  Type: prescribed displacement
	dof ............................................... : 2
	value ............................................. : 6.33747
	relative .......................................... : no (0)
---------------------------------------------------------------------------
109 -  Type: prescribed displacement
	dof ............................................... : 0
	value ............................................. : 0.937525
	relative .......................................... : no (0)
---------------------------------------------------------------------------
110 -  Type: prescribed displacement
	dof ............................................... : 2
	value ............................................. : 6.71674
	relative .......................................... : no (0)
---------------------------------------------------------------------------
111 -  Type: prescribed displacement
	dof ............................................... : 0
	value ............................................. : 1.07054
	relative .......................................... : no (0)
---------------------------------------------------------------------------
112 -  Type: prescribed displacement
	dof ............................................... : 2
	value ............................................. : 7.12827
	relative .......................................... : no (0)
---------------------------------------------------------------------------
113 -  Type: prescribed displacement
	dof ............................................... : 0
	value ............................................. : 1.19324
	relative .......................................... : no (0)
---------------------------------------------------------------------------
114 -  Type: prescribed displacement
	dof ............................................... : 2
	value ............................................. : 7.55625
	relative .......................................... : no (0)
---------------------------------------------------------------------------
115 -  Type: prescribed displacement
	dof ............................................... : 0
	value ............................................. : 1.30446
	relative .......................................... : no (0)
---------------------------------------------------------------------------
116 -  Type: prescribed displacement
	dof ............................................... : 2
	value ............................................. : 7.98423
	relative .......................................... : no (0)
---------------------------------------------------------------------------
117 -  Type: prescribed displacement
	dof ............................................... : 0
	value ............................................. : 1.4031
	relative .......................................... : no (0)
---------------------------------------------------------------------------
118 -  Type: prescribed displacement
	dof ............................................... : 2
	value ............................................. : 8.39576
	relative .......................................... : no (0)
---------------------------------------------------------------------------
119 -  Type: prescribed displacement
	dof ............................................... : 0
	value ............................................. : 1.48824
	relative .......................................... : no (0)
---------------------------------------------------------------------------
120 -  Type: prescribed displacement
	dof ............................................... : 2
	value ............................................. : 8.77503
	relative .......................................... : no (0)
---------------------------------------------------------------------------
121 -  Type: prescribed displacement
	dof ............................................... : 0
	value ............................................. : 1.55905
	relative .......................................... : no (0)
---------------------------------------------------------------------------
122 -  Type: prescribed displacement
	dof ............................................... : 2
	value ............................................. : 9.10747
	relative .......................................... : no (0)
---------------------------------------------------------------------------
123 -  Type: prescribed displacement
	dof ............................................... : 0
	value ............................................. : 1.61484
	relative .......................................... : no (0)
---------------------------------------------------------------------------
124 -  Type: prescribed displacement
	dof ............................................... : 2
	value ............................................. : 9.38029
	relative .......................................... : no (0)
---------------------------------------------------------------------------
125 -  Type: prescribed displacement
	dof ............................................... : 0
	value ............................................. : 1.65508
	relative .......................................... : no (0)
---------------------------------------------------------------------------
126 -  Type: prescribed displacement
	dof ............................................... : 2
	value ............................................. : 9.58301
	relative .......................................... : no (0)
---------------------------------------------------------------------------
127 -  Type: prescribed displacement
	dof ............................................... : 0
	value ............................................. : 1.67937
	relative .......................................... : no (0)
---------------------------------------------------------------------------
128 -  Type: prescribed displacement
	dof ............................................... : 2
	value ............................................. : 9.70785
	relative .......................................... : no (0)
---------------------------------------------------------------------------
129 -  Type: zero displacement
	x_dof ............................................. : no (0)
	y_dof ............................................. : yes (1)
	z_dof ............................................. : no (0)
---------------------------------------------------------------------------
130 -  Type: zero displacement
	x_dof ............................................. : yes (1)
	y_dof ............................................. : no (0)
	z_dof ............................................. : no (0)
---------------------------------------------------------------------------
131 -  Type: zero displacement
	x_dof ............................................. : no (0)
	y_dof ............................................. : no (0)
	z_dof ............................................. : yes (1)
---------------------------------------------------------------------------
132 -  Type: prescribed displacement
	dof ............................................... : 0
	value ............................................. : 0.6
	relative .......................................... : no (0)
---------------------------------------------------------------------------
133 -  Type: prescribed displacement
	dof ............................................... : 1
	value ............................................. : 0
	relative .......................................... : no (0)
---------------------------------------------------------------------------
134 -  Type: prescribed displacement
	dof ............................................... : 0
	value ............................................. : 0.597111
	relative .......................................... : no (0)
---------------------------------------------------------------------------
135 -  Type: prescribed displacement
	dof ............................................... : 1
	value ............................................. : 0.0588103
	relative .......................................... : no (0)
---------------------------------------------------------------------------
136 -  Type: prescribed displacement
	dof ............................................... : 0
	value ............................................. : 0.588471
	relative .......................................... : no (0)
---------------------------------------------------------------------------
137 -  Type: prescribed displacement
	dof ............................................... : 1
	value ............................................. : 0.117054
	relative .......................................... : no (0)
---------------------------------------------------------------------------
138 -  Type: prescribed displacement
	dof ............................................... : 0
	value ............................................. : 0.574164
	relative .......................................... : no (0)
---------------------------------------------------------------------------
139 -  Type: prescribed displacement
	dof ............................................... : 1
	value ............................................. : 0.174171
	relative .......................................... : no (0)
---------------------------------------------------------------------------
140 -  Type: prescribed displacement
	dof ............................................... : 0
	value ............................................. : 0.554328
	relative .......................................... : no (0)
---------------------------------------------------------------------------
141 -  Type: prescribed displacement
	dof ............................................... : 1
	value ............................................. : 0.22961
	relative .......................................... : no (0)
---------------------------------------------------------------------------
142 -  Type: prescribed displacement
	dof ............................................... : 0
	value ............................................. : 0.529153
	relative .......................................... : no (0)
---------------------------------------------------------------------------
143 -  Type: prescribed displacement
	dof ............................................... : 1
	value ............................................. : 0.282838
	relative .......................................... : no (0)
---------------------------------------------------------------------------
144 -  Type: prescribed displacement
	dof ............................................... : 0
	value ............................................. : 0.498882
	relative .......................................... : no (0)
---------------------------------------------------------------------------
145 -  Type: prescribed displacement
	dof ............................................... : 1
	value ............................................. : 0.333342
	relative .......................................... : no (0)
---------------------------------------------------------------------------
146 -  Type: prescribed displacement
	dof ............................................... : 0
	value ............................................. : 0.463806
	relative .......................................... : no (0)
---------------------------------------------------------------------------
147 -  Type: prescribed displacement
	dof ............................................... : 1
	value ............................................. : 0.380636
	relative .......................................... : no (0)
---------------------------------------------------------------------------
148 -  Type: prescribed displacement
	dof ............................................... : 0
	value ............................................. : 0.424264
	relative .......................................... : no (0)
---------------------------------------------------------------------------
149 -  Type: prescribed displacement
	dof ............................................... : 1
	value ............................................. : 0.424264
	relative .......................................... : no (0)
---------------------------------------------------------------------------
150 -  Type: prescribed displacement
	dof ............................................... : 0
	value ............................................. : 0.380636
	relative .......................................... : no (0)
---------------------------------------------------------------------------
151 -  Type: prescribed displacement
	dof ............................................... : 1
	value ............................................. : 0.463806
	relative .......................................... : no (0)
---------------------------------------------------------------------------
152 -  Type: prescribed displacement
	dof ............................................... : 0
	value ............................................. : 0.333342
	relative .......................................... : no (0)
---------------------------------------------------------------------------
153 -  Type: prescribed displacement
	dof ............................................... : 1
	value ............................................. : 0.498882
	relative .......................................... : no (0)
---------------------------------------------------------------------------
154 -  Type: prescribed displacement
	dof ............................................... : 0
	value ............................................. : 0.282838
	relative .......................................... : no (0)
---------------------------------------------------------------------------
155 -  Type: prescribed displacement
	dof ............................................... : 1
	value ............................................. : 0.529153
	relative .......................................... : no (0)
---------------------------------------------------------------------------
156 -  Type: prescribed displacement
	dof ............................................... : 0
	value ............................................. : 0.22961
	relative .......................................... : no (0)
---------------------------------------------------------------------------
157 -  Type: prescribed displacement
	dof ............................................... : 1
	value ............................................. : 0.554328
	relative .......................................... : no (0)
---------------------------------------------------------------------------
158 -  Type: prescribed displacement
	dof ............................................... : 0
	value ............................................. : 0.174171
	relative .......................................... : no (0)
---------------------------------------------------------------------------
159 -  Type: prescribed displacement
	dof ............................................... : 1
	value ............................................. : 0.574164
	relative .......................................... : no (0)
---------------------------------------------------------------------------
160 -  Type: prescribed displacement
	dof ............................................... : 0
	value ............................................. : 0.117054
	relative .......................................... : no (0)
---------------------------------------------------------------------------
161 -  Type: prescribed displacement
	dof ............................................... : 1
	value ............................................. : 0.588471
	relative .......................................... : no (0)
---------------------------------------------------------------------------
162 -  Type: prescribed displacement
	dof ............................................... : 0
	value ............................................. : 0.0588103
	relative .......................................... : no (0)
---------------------------------------------------------------------------
163 -  Type: prescribed displacement
	dof ............................................... : 1
	value ............................................. : 0.597111
	relative .......................................... : no (0)
---------------------------------------------------------------------------
164 -  Type: prescribed displacement
	dof ............................................... : 0
	value ............................................. : 3.67394e-17
	relative .......................................... : no (0)
---------------------------------------------------------------------------
165 -  Type: prescribed displacement
	dof ............................................... : 1
	value ............................................. : 0.6
	relative .......................................... : no (0)
---------------------------------------------------------------------------
166 -  Type: prescribed displacement
	dof ............................................... : 0
	value ............................................. : -0.0588103
	relative .......................................... : no (0)
---------------------------------------------------------------------------
167 -  Type: prescribed displacement
	dof ............................................... : 1
	value ............................................. : 0.597111
	relative .......................................... : no (0)
---------------------------------------------------------------------------
168 -  Type: prescribed displacement
	dof ............................................... : 0
	value ............................................. : -0.117054
	relative .......................................... : no (0)
---------------------------------------------------------------------------
169 -  Type: prescribed displacement
	dof ............................................... : 1
	value ............................................. : 0.588471
	relative .......................................... : no (0)
---------------------------------------------------------------------------
170 -  Type: prescribed displacement
	dof ............................................... : 0
	value ............................................. : -0.174171
	relative .......................................... : no (0)
---------------------------------------------------------------------------
171 -  Type: prescribed displacement
	dof ............................................... : 1
	value ............................................. : 0.574164
	relative .......................................... : no (0)
---------------------------------------------------------------------------
172 -  Type: prescribed displacement
	dof ............................................... : 0
	value ............................................. : -0.22961
	relative .......................................... : no (0)
---------------------------------------------------------------------------
173 -  Type: prescribed displacement
	dof ............................................... : 1
	value ............................................. : 0.554328
	relative .......................................... : no (0)
---------------------------------------------------------------------------
174 -  Type: prescribed displacement
	dof ............................................... : 0
	value ............................................. : -0.282838
	relative .......................................... : no (0)
---------------------------------------------------------------------------
175 -  Type: prescribed displacement
	dof ............................................... : 1
	value ............................................. : 0.529153
	relative .......................................... : no (0)
---------------------------------------------------------------------------
176 -  Type: prescribed displacement
	dof ............................................... : 0
	value ............................................. : -0.333342
	relative .......................................... : no (0)
---------------------------------------------------------------------------
177 -  Type: prescribed displacement
	dof ............................................... : 1
	value ............................................. : 0.498882
	relative .......................................... : no (0)
---------------------------------------------------------------------------
178 -  Type: prescribed displacement
	dof ............................................... : 0
	value ............................................. : -0.380636
	relative .......................................... : no (0)
---------------------------------------------------------------------------
179 -  Type: prescribed displacement
	dof ............................................... : 1
	value ............................................. : 0.463806
	relative .......................................... : no (0)
---------------------------------------------------------------------------
180 -  Type: prescribed displacement
	dof ............................................... : 0
	value ............................................. : -0.424264
	relative .......................................... : no (0)
---------------------------------------------------------------------------
181 -  Type: prescribed displacement
	dof ............................................... : 1
	value ............................................. : 0.424264
	relative .......................................... : no (0)
---------------------------------------------------------------------------
182 -  Type: prescribed displacement
	dof ............................................... : 0
	value ............................................. : -0.463806
	relative .......................................... : no (0)
---------------------------------------------------------------------------
183 -  Type: prescribed displacement
	dof ............................................... : 1
	value ............................................. : 0.380636
	relative .......................................... : no (0)
---------------------------------------------------------------------------
184 -  Type: prescribed displacement
	dof ............................................... : 0
	value ............................................. : -0.498882
	relative .......................................... : no (0)
---------------------------------------------------------------------------
185 -  Type: prescribed displacement
	dof ............................................... : 1
	value ............................................. : 0.333342
	relative .......................................... : no (0)
---------------------------------------------------------------------------
186 -  Type: prescribed displacement
	dof ............................................... : 0
	value ............................................. : -0.529153
	relative .......................................... : no (0)
---------------------------------------------------------------------------
187 -  Type: prescribed displacement
	dof ............................................... : 1
	value ............................................. : 0.282838
	relative .......................................... : no (0)
---------------------------------------------------------------------------
188 -  Type: prescribed displacement
	dof ............................................... : 0
	value ............................................. : -0.554328
	relative .......................................... : no (0)
---------------------------------------------------------------------------
189 -  Type: prescribed displacement
	dof ............................................... : 1
	value ............................................. : 0.22961
	relative .......................................... : no (0)
---------------------------------------------------------------------------
190 -  Type: prescribed displacement
	dof ............................................... : 0
	value ............................................. : -0.574164
	relative .......................................... : no (0)
---------------------------------------------------------------------------
191 -  Type: prescribed displacement
	dof ............................................... : 1
	value ............................................. : 0.174171
	relative .......................................... : no (0)
---------------------------------------------------------------------------
192 -  Type: prescribed displacement
	dof ............................................... : 0
	value ............................................. : -0.588471
	relative .......................................... : no (0)
---------------------------------------------------------------------------
193 -  Type: prescribed displacement
	dof ............................................... : 1
	value ............................................. : 0.117054
	relative .......................................... : no (0)
---------------------------------------------------------------------------
194 -  Type: prescribed displacement
	dof ............................................... : 0
	value ............................................. : -0.597111
	relative .......................................... : no (0)
---------------------------------------------------------------------------
195 -  Type: prescribed displacement
	dof ............................................... : 1
	value ............................................. : 0.0588103
	relative .......................................... : no (0)
---------------------------------------------------------------------------
196 -  Type: prescribed displacement
	dof ............................................... : 0
	value ............................................. : -0.6
	relative .......................................... : no (0)
---------------------------------------------------------------------------
197 -  Type: prescribed displacement
	dof ............................................... : 1
	value ............................................. : 7.34788e-17
	relative .......................................... : no (0)
---------------------------------------------------------------------------
198 -  Type: prescribed displacement
	dof ............................................... : 0
	value ............................................. : -0.597111
	relative .......................................... : no (0)
---------------------------------------------------------------------------
199 -  Type: prescribed displacement
	dof ............................................... : 1
	value ............................................. : -0.0588103
	relative .......................................... : no (0)
---------------------------------------------------------------------------
200 -  Type: prescribed displacement
	dof ............................................... : 0
	value ............................................. : -0.588471
	relative .......................................... : no (0)
---------------------------------------------------------------------------
201 -  Type: prescribed displacement
	dof ............................................... : 1
	value ............................................. : -0.117054
	relative .......................................... : no (0)
---------------------------------------------------------------------------
202 -  Type: prescribed displacement
	dof ............................................... : 0
	value ............................................. : -0.574164
	relative .......................................... : no (0)
---------------------------------------------------------------------------
203 -  Type: prescribed displacement
	dof ............................................... : 1
	value ............................................. : -0.174171
	relative .......................................... : no (0)
---------------------------------------------------------------------------
204 -  Type: prescribed displacement
	dof ............................................... : 0
	value ............................................. : -0.554328
	relative .......................................... : no (0)
---------------------------------------------------------------------------
205 -  Type: prescribed displacement
	dof ............................................... : 1
	value ............................................. : -0.22961
	relative .......................................... : no (0)
---------------------------------------------------------------------------
206 -  Type: prescribed displacement
	dof ............................................... : 0
	value ............................................. : -0.529153
	relative .......................................... : no (0)
---------------------------------------------------------------------------
207 -  Type: prescribed displacement
	dof ............................................... : 1
	value ............................................. : -0.282838
	relative .......................................... : no (0)
---------------------------------------------------------------------------
208 -  Type: prescribed displacement
	dof ............................................... : 0
	value ............................................. : -0.498882
	relative .......................................... : no (0)
---------------------------------------------------------------------------
209 -  Type: prescribed displacement
	dof ............................................... : 1
	value ............................................. : -0.333342
	relative .......................................... : no (0)
---------------------------------------------------------------------------
210 -  Type: prescribed displacement
	dof ............................................... : 0
	value ............................................. : -0.463806
	relative .......................................... : no (0)
---------------------------------------------------------------------------
211 -  Type: prescribed displacement
	dof ............................................... : 1
	value ............................................. : -0.380636
	relative .......................................... : no (0)
---------------------------------------------------------------------------
212 -  Type: prescribed displacement
	dof ............................................... : 0
	value ............................................. : -0.424264
	relative .......................................... : no (0)
---------------------------------------------------------------------------
213 -  Type: prescribed displacement
	dof ............................................... : 1
	value ............................................. : -0.424264
	relative .......................................... : no (0)
---------------------------------------------------------------------------
214 -  Type: prescribed displacement
	dof ............................................... : 0
	value ............................................. : -0.380636
	relative .......................................... : no (0)
---------------------------------------------------------------------------
215 -  Type: prescribed displacement
	dof ............................................... : 1
	value ............................................. : -0.463806
	relative .......................................... : no (0)
---------------------------------------------------------------------------
216 -  Type: prescribed displacement
	dof ............................................... : 0
	value ............................................. : -0.333342
	relative .......................................... : no (0)
---------------------------------------------------------------------------
217 -  Type: prescribed displacement
	dof ............................................... : 1
	value ............................................. : -0.498882
	relative .......................................... : no (0)
---------------------------------------------------------------------------
218 -  Type: prescribed displacement
	dof ............................................... : 0
	value ............................................. : -0.282838
	relative .......................................... : no (0)
---------------------------------------------------------------------------
219 -  Type: prescribed displacement
	dof ............................................... : 1
	value ............................................. : -0.529153
	relative .......................................... : no (0)
---------------------------------------------------------------------------
220 -  Type: prescribed displacement
	dof ............................................... : 0
	value ............................................. : -0.22961
	relative .......................................... : no (0)
---------------------------------------------------------------------------
221 -  Type: prescribed displacement
	dof ............................................... : 1
	value ............................................. : -0.554328
	relative .......................................... : no (0)
---------------------------------------------------------------------------
222 -  Type: prescribed displacement
	dof ............................................... : 0
	value ............................................. : -0.174171
	relative .......................................... : no (0)
---------------------------------------------------------------------------
223 -  Type: prescribed displacement
	dof ............................................... : 1
	value ............................................. : -0.574164
	relative .......................................... : no (0)
---------------------------------------------------------------------------
224 -  Type: prescribed displacement
	dof ............................................... : 0
	value ............................................. : -0.117054
	relative .......................................... : no (0)
---------------------------------------------------------------------------
225 -  Type: prescribed displacement
	dof ............................................... : 1
	value ............................................. : -0.588471
	relative .......................................... : no (0)
---------------------------------------------------------------------------
226 -  Type: prescribed displacement
	dof ............................................... : 0
	value ............................................. : -0.0588103
	relative .......................................... : no (0)
---------------------------------------------------------------------------
227 -  Type: prescribed displacement
	dof ............................................... : 1
	value ............................................. : -0.597111
	relative .......................................... : no (0)
---------------------------------------------------------------------------
228 -  Type: prescribed displacement
	dof ............................................... : 0
	value ............................................. : -1.10218e-16
	relative .......................................... : no (0)
---------------------------------------------------------------------------
229 -  Type: prescribed displacement
	dof ............................................... : 1
	value ............................................. : -0.6
	relative .......................................... : no (0)
---------------------------------------------------------------------------
230 -  Type: prescribed displacement
	dof ............................................... : 0
	value ............................................. : 0.0588103
	relative .......................................... : no (0)
---------------------------------------------------------------------------
231 -  Type: prescribed displacement
	dof ............................................... : 1
	value ............................................. : -0.597111
	relative .......................................... : no (0)
---------------------------------------------------------------------------
232 -  Type: prescribed displacement
	dof ............................................... : 0
	value ............................................. : 0.117054
	relative .......................................... : no (0)
---------------------------------------------------------------------------
233 -  Type: prescribed displacement
	dof ............................................... : 1
	value ............................................. : -0.588471
	relative .......................................... : no (0)
---------------------------------------------------------------------------
234 -  Type: prescribed displacement
	dof ............................................... : 0
	value ............................................. : 0.174171
	relative .......................................... : no (0)
---------------------------------------------------------------------------
235 -  Type: prescribed displacement
	dof ............................................... : 1
	value ............................................. : -0.574164
	relative .......................................... : no (0)
---------------------------------------------------------------------------
236 -  Type: prescribed displacement
	dof ............................................... : 0
	value ............................................. : 0.22961
	relative .......................................... : no (0)
---------------------------------------------------------------------------
237 -  Type: prescribed displacement
	dof ............................................... : 1
	value ............................................. : -0.554328
	relative .......................................... : no (0)
---------------------------------------------------------------------------
238 -  Type: prescribed displacement
	dof ............................................... : 0
	value ............................................. : 0.282838
	relative .......................................... : no (0)
---------------------------------------------------------------------------
239 -  Type: prescribed displacement
	dof ............................................... : 1
	value ............................................. : -0.529153
	relative .......................................... : no (0)
---------------------------------------------------------------------------
240 -  Type: prescribed displacement
	dof ............................................... : 0
	value ............................................. : 0.333342
	relative .......................................... : no (0)
---------------------------------------------------------------------------
241 -  Type: prescribed displacement
	dof ............................................... : 1
	value ............................................. : -0.498882
	relative .......................................... : no (0)
---------------------------------------------------------------------------
242 -  Type: prescribed displacement
	dof ............................................... : 0
	value ............................................. : 0.380636
	relative .......................................... : no (0)
---------------------------------------------------------------------------
243 -  Type: prescribed displacement
	dof ............................................... : 1
	value ............................................. : -0.463806
	relative .......................................... : no (0)
---------------------------------------------------------------------------
244 -  Type: prescribed displacement
	dof ............................................... : 0
	value ............................................. : 0.424264
	relative .......................................... : no (0)
---------------------------------------------------------------------------
245 -  Type: prescribed displacement
	dof ............................................... : 1
	value ............................................. : -0.424264
	relative .......................................... : no (0)
---------------------------------------------------------------------------
246 -  Type: prescribed displacement
	dof ............................................... : 0
	value ............................................. : 0.463806
	relative .......................................... : no (0)
---------------------------------------------------------------------------
247 -  Type: prescribed displacement
	dof ............................................... : 1
	value ............................................. : -0.380636
	relative .......................................... : no (0)
---------------------------------------------------------------------------
248 -  Type: prescribed displacement
	dof ............................................... : 0
	value ............................................. : 0.498882
	relative .......................................... : no (0)
---------------------------------------------------------------------------
249 -  Type: prescribed displacement
	dof ............................................... : 1
	value ............................................. : -0.333342
	relative .......................................... : no (0)
---------------------------------------------------------------------------
250 -  Type: prescribed displacement
	dof ............................................... : 0
	value ............................................. : 0.529153
	relative .......................................... : no (0)
---------------------------------------------------------------------------
251 -  Type: prescribed displacement
	dof ............................................... : 1
	value ............................................. : -0.282838
	relative .......................................... : no (0)
---------------------------------------------------------------------------
252 -  Type: prescribed displacement
	dof ............................................... : 0
	value ............................................. : 0.554328
	relative .......................................... : no (0)
---------------------------------------------------------------------------
253 -  Type: prescribed displacement
	dof ............................................... : 1
	value ............................................. : -0.22961
	relative .......................................... : no (0)
---------------------------------------------------------------------------
254 -  Type: prescribed displacement
	dof ............................................... : 0
	value ............................................. : 0.574164
	relative .......................................... : no (0)
---------------------------------------------------------------------------
255 -  Type: prescribed displacement
	dof ............................................... : 1
	value ............................................. : -0.174171
	relative .......................................... : no (0)
---------------------------------------------------------------------------
256 -  Type: prescribed displacement
	dof ............................................... : 0
	value ............................................. : 0.588471
	relative .......................................... : no (0)
---------------------------------------------------------------------------
257 -  Type: prescribed displacement
	dof ............................................... : 1
	value ............................................. : -0.117054
	relative .......................................... : no (0)
---------------------------------------------------------------------------
258 -  Type: prescribed displacement
	dof ............................................... : 0
	value ............................................. : 0.597111
	relative .......................................... : no (0)
---------------------------------------------------------------------------
259 -  Type: prescribed displacement
	dof ............................................... : 1
	value ............................................. : -0.0588103
	relative .......................................... : no (0)


 CONTACT INTERFACE DATA
===========================================================================
contact interface 1 - Type: sliding-facet-on-facet
	laugon ............................................ : PENALTY (0)
	penalty ........................................... : 0.001
	auto_penalty ...................................... : no (0)
	update_penalty .................................... : no (0)
	tolerance ......................................... : 0.01
	two_pass .......................................... : no (0)
	gaptol ............................................ : 0
	minaug ............................................ : 0
	maxaug ............................................ : 10
	smooth_aug ........................................ : no (0)
	search_tol ........................................ : 0.1
	search_radius ..................................... : 20
	seg_up ............................................ : 0
	node_reloc ........................................ : no (0)
	knmult ............................................ : 1


 LOAD CONTROLLER DATA
===========================================================================
load controller   1 - lc1 (type: loadcurve)
	interpolate ....................................... : LINEAR (0)
	extend ............................................ : CONSTANT (0)
	points ............................................ : (can't display value)
---------------------------------------------------------------------------
load controller   2 - lc2 (type: loadcurve)
	interpolate ....................................... : LINEAR (0)
	extend ............................................ : CONSTANT (0)
	points ............................................ : (can't display value)


 OUTPUT DATA
===========================================================================
 LINEAR SOLVER DATA
===========================================================================
	Default linear solver ............................. : pardiso


Data Record #1
===========================================================================
Step = 0
Time = 0
Data = shirt_final_coordinates
1,187.9,0,0
2,186.99521,16.1630264,0
3,184.289554,32.1703941,0
4,179.809089,47.8679433,0
5,173.596964,63.104498,0
6,165.713006,77.7333219,0
7,156.23314,91.6135314,0
8,145.248664,104.611453,0
9,132.865364,116.601908,0
10,119.202498,127.469424,0
11,104.391647,137.109339,0
12,88.5754468,145.428816,0
13,71.9062169,152.347735,0
14,54.5444909,157.799461,0
15,36.6574715,161.731493,0
16,18.4174207,164.105961,0
17,1.15055567e-14,164.9,0
18,-18.4174207,164.105961,0
19,-36.6574715,161.731493,0
20,-54.5444909,157.799461,0
21,-71.9062169,152.347735,0
22,-88.5754468,145.428816,0
23,-104.391647,137.109339,0
24,-119.202498,127.469424,0
25,-132.865364,116.601908,0
26,-145.248664,104.611453,0
27,-156.23314,91.6135314,0
28,-165.713006,77.7333219,0
29,-173.596964,63.104498,0
30,-179.809089,47.8679433,0
31,-184.289554,32.1703941,0
32,-186.99521,16.1630264,0
33,-187.9,2.01944257e-14,0
34,-186.99521,-16.1630264,0
35,-184.289554,-32.1703941,0
36,-179.809089,-47.8679433,0
37,-173.596964,-63.104498,0
38,-165.713006,-77.7333219,0
39,-156.23314,-91.6135314,0
40,-145.248664,-104.611453,0
41,-132.865364,-116.601908,0
42,-119.202498,-127.469424,0
43,-104.391647,-137.109339,0
44,-88.5754468,-145.428816,0
45,-71.9062169,-152.347735,0
46,-54.5444909,-157.799461,0
47,-36.6574715,-161.731493,0
48,-18.4174207,-164.105961,0
49,-3.451667e-14,-164.9,0
50,18.4174207,-164.105961,0
51,36.6574715,-161.731493,0
52,54.5444909,-157.799461,0
53,71.9062169,-152.347735,0
54,88.5754468,-145.428816,0
55,104.391647,-137.109339,0
56,119.202498,-127.469424,0
57,132.865364,-116.601908,0
58,145.248664,-104.611453,0
59,156.23314,-91.6135314,0
60,165.713006,-77.7333219,0
61,173.596964,-63.104498,0
62,179.809089,-47.8679433,0
63,184.289554,-32.1703941,0
64,186.99521,-16.1630264,0
65,187.9,0,25
66,186.99521,16.1630264,25
67,184.289554,32.1703941,25
68,179.809089,47.8679433,25
69,173.596964,63.104498,25
70,165.713006,77.7333219,25
71,156.23314,91.6135314,25
72,145.248664,104.611453,25
73,132.865364,116.601908,25
74,119.202498,127.469424,25
75,104.391647,137.109339,25
76,88.5754468,145.428816,25
77,71.9062169,152.347735,25
78,54.5444909,157.799461,25
79,36.6574715,161.731493,25
80,18.4174207,164.105961,25
81,1.15055567e-14,164.9,25
82,-18.4174207,164.105961,25
83,-36.6574715,161.731493,25
84,-54.5444909,157.799461,25
85,-71.9062169,152.347735,25
86,-88.5754468,145.428816,25
87,-104.391647,137.109339,25
88,-119.202498,127.469424,25
89,-132.865364,116.601908,25
90,-145.248664,104.611453,25
91,-156.23314,91.6135314,25
92,-165.713006,77.7333219,25
93,-173.596964,63.104498,25
94,-179.809089,47.8679433,25
95,-184.289554,32.1703941,25
96,-186.99521,16.1630264,25
97,-187.9,2.01944257e-14,25
98,-186.99521,-16.1630264,25
99,-184.289554,-32.1703941,25
100,-179.809089,-47.8679433,25
101,-173.596964,-63.104498,25
102,-165.713006,-77.7333219,25
103,-156.23314,-91.6135314,25
104,-145.248664,-104.611453,25
105,-132.865364,-116.601908,25
106,-119.202498,-127.469424,25
107,-104.391647,-137.109339,25
108,-88.5754468,-145.428816,25
109,-71.9062169,-152.347735,25
110,-54.5444909,-157.799461,25
111,-36.6574715,-161.731493,25
112,-18.4174207,-164.105961,25
113,-3.451667e-14,-164.9,25
114,18.4174207,-164.105961,25
115,36.6574715,-161.731493,25
116,54.5444909,-157.799461,25
117,71.9062169,-152.347735,25
118,88.5754468,-145.428816,25
119,104.391647,-137.109339,25
120,119.202498,-127.469424,25
121,132.865364,-116.601908,25
122,145.248664,-104.611453,25
123,156.23314,-91.6135314,25
124,165.713006,-77.7333219,25
125,173.596964,-63.104498,25
126,179.809089,-47.8679433,25
127,184.289554,-32.1703941,25
128,186.99521,-16.1630264,25
129,187.9,0,50
130,186.99521,16.1630264,50
131,184.289554,32.1703941,50
132,179.809089,47.8679433,50
133,173.596964,63.104498,50
134,165.713006,77.7333219,50
135,156.23314,91.6135314,50
136,145.248664,104.611453,50
137,132.865364,116.601908,50
138,119.202498,127.469424,50
139,104.391647,137.109339,50
140,88.5754468,145.428816,50
141,71.9062169,152.347735,50
142,54.5444909,157.799461,50
143,36.6574715,161.731493,50
144,18.4174207,164.105961,50
145,1.15055567e-14,164.9,50
146,-18.4174207,164.105961,50
147,-36.6574715,161.731493,50
148,-54.5444909,157.799461,50
149,-71.9062169,152.347735,50
150,-88.5754468,145.428816,50
151,-104.391647,137.109339,50
152,-119.202498,127.469424,50
153,-132.865364,116.601908,50
154,-145.248664,104.611453,50
155,-156.23314,91.6135314,50
156,-165.713006,77.7333219,50
157,-173.596964,63.104498,50
158,-179.809089,47.8679433,50
159,-184.289554,32.1703941,50
160,-186.99521,16.1630264,50
161,-187.9,2.01944257e-14,50
162,-186.99521,-16.1630264,50
163,-184.289554,-32.1703941,50
164,-179.809089,-47.8679433,50
165,-173.596964,-63.104498,50
166,-165.713006,-77.7333219,50
167,-156.23314,-91.6135314,50
168,-145.248664,-104.611453,50
169,-132.865364,-116.601908,50
170,-119.202498,-127.469424,50
171,-104.391647,-137.109339,50
172,-88.5754468,-145.428816,50
173,-71.9062169,-152.347735,50
174,-54.5444909,-157.799461,50
175,-36.6574715,-161.731493,50
176,-18.4174207,-164.105961,50
177,-3.451667e-14,-164.9,50
178,18.4174207,-164.105961,50
179,36.6574715,-161.731493,50
180,54.5444909,-157.799461,50
181,71.9062169,-152.347735,50
182,88.5754468,-145.428816,50
183,104.391647,-137.109339,50
184,119.202498,-127.469424,50
185,132.865364,-116.601908,50
186,145.248664,-104.611453,50
187,156.23314,-91.6135314,50
188,165.713006,-77.7333219,50
189,173.596964,-63.104498,50
190,179.809089,-47.8679433,50
191,184.289554,-32.1703941,50
192,186.99521,-16.1630264,50
193,187.9,0,75
194,186.99521,16.1630264,75
195,184.289554,32.1703941,75
196,179.809089,47.8679433,75
197,173.596964,63.104498,75
198,165.713006,77.7333219,75
199,156.23314,91.6135314,75
200,145.248664,104.611453,75
201,132.865364,116.601908,75
202,119.202498,127.469424,75
203,104.391647,137.109339,75
204,88.5754468,145.428816,75
205,71.9062169,152.347735,75
206,54.5444909,157.799461,75
207,36.6574715,161.731493,75
208,18.4174207,164.105961,75
209,1.15055567e-14,164.9,75
210,-18.4174207,164.105961,75
211,-36.6574715,161.731493,75
212,-54.5444909,157.799461,75
213,-71.9062169,152.347735,75
214,-88.5754468,145.428816,75
215,-104.391647,137.109339,75
216,-119.202498,127.469424,75
217,-132.865364,116.601908,75
218,-145.248664,104.611453,75
219,-156.23314,91.6135314,75
220,-165.713006,77.7333219,75
221,-173.596964,63.104498,75
222,-179.809089,47.8679433,75
223,-184.289554,32.1703941,75
224,-186.99521,16.1630264,75
225,-187.9,2.01944257e-14,75
226,-186.99521,-16.1630264,75
227,-184.289554,-32.1703941,75
228,-179.809089,-47.8679433,75
229,-173.596964,-63.104498,75
230,-165.713006,-77.7333219,75
231,-156.23314,-91.6135314,75
232,-145.248664,-104.611453,75
233,-132.865364,-116.601908,75
234,-119.202498,-127.469424,75
235,-104.391647,-137.109339,75
236,-88.5754468,-145.428816,75
237,-71.9062169,-152.347735,75
238,-54.5444909,-157.799461,75
239,-36.6574715,-161.731493,75
240,-18.4174207,-164.105961,75
241,-3.451667e-14,-164.9,75
242,18.4174207,-164.105961,75
243,36.6574715,-161.731493,75
244,54.5444909,-157.799461,75
245,71.9062169,-152.347735,75
246,88.5754468,-145.428816,75
247,104.391647,-137.109339,75
248,119.202498,-127.469424,75
249,132.865364,-116.601908,75
250,145.248664,-104.611453,75
251,156.23314,-91.6135314,75
252,165.713006,-77.7333219,75
253,173.596964,-63.104498,75
254,179.809089,-47.8679433,75
255,184.289554,-32.1703941,75
256,186.99521,-16.1630264,75
257,187.9,0,100
258,186.99521,16.1630264,100
259,184.289554,32.1703941,100
260,179.809089,47.8679433,100
261,173.596964,63.104498,100
262,165.713006,77.7333219,100
263,156.23314,91.6135314,100
264,145.248664,104.611453,100
265,132.865364,116.601908,100
266,119.202498,127.469424,100
267,104.391647,137.109339,100
268,88.5754468,145.428816,100
269,71.9062169,152.347735,100
270,54.5444909,157.799461,100
271,36.6574715,161.731493,100
272,18.4174207,164.105961,100
273,1.15055567e-14,164.9,100
274,-18.4174207,164.105961,100
275,-36.6574715,161.731493,100
276,-54.5444909,157.799461,100
277,-71.9062169,152.347735,100
278,-88.5754468,145.428816,100
279,-104.391647,137.109339,100
280,-119.202498,127.469424,100
281,-132.865364,116.601908,100
282,-145.248664,104.611453,100
283,-156.23314,91.6135314,100
284,-165.713006,77.7333219,100
285,-173.596964,63.104498,100
286,-179.809089,47.8679433,100
287,-184.289554,32.1703941,100
288,-186.99521,16.1630264,100
289,-187.9,2.01944257e-14,100
290,-186.99521,-16.1630264,100
291,-184.289554,-32.1703941,100
292,-179.809089,-47.8679433,100
293,-173.596964,-63.104498,100
294,-165.713006,-77.7333219,100
295,-156.23314,-91.6135314,100
296,-145.248664,-104.611453,100
297,-132.865364,-116.601908,100
298,-119.202498,-127.469424,100
299,-104.391647,-137.109339,100
300,-88.5754468,-145.428816,100
301,-71.9062169,-152.347735,100
302,-54.5444909,-157.799461,100
303,-36.6574715,-161.731493,100
304,-18.4174207,-164.105961,100
305,-3.451667e-14,-164.9,100
306,18.4174207,-164.105961,100
307,36.6574715,-161.731493,100
308,54.5444909,-157.799461,100
309,71.9062169,-152.347735,100
310,88.5754468,-145.428816,100
311,104.391647,-137.109339,100
312,119.202498,-127.469424,100
313,132.865364,-116.601908,100
314,145.248664,-104.611453,100
315,156.23314,-91.6135314,100
316,165.713006,-77.7333219,100
317,173.596964,-63.104498,100
318,179.809089,-47.8679433,100
319,184.289554,-32.1703941,100
320,186.99521,-16.1630264,100
321,187.9,0,125
322,186.99521,16.1630264,125
323,184.289554,32.1703941,125
324,179.809089,47.8679433,125
325,173.596964,63.104498,125
326,165.713006,77.7333219,125
327,156.23314,91.6135314,125
328,145.248664,104.611453,125
329,132.865364,116.601908,125
330,119.202498,127.469424,125
331,104.391647,137.109339,125
332,88.5754468,145.428816,125
333,71.9062169,152.347735,125
334,54.5444909,157.799461,125
335,36.6574715,161.731493,125
336,18.4174207,164.105961,125
337,1.15055567e-14,164.9,125
338,-18.4174207,164.105961,125
339,-36.6574715,161.731493,125
340,-54.5444909,157.799461,125
341,-71.9062169,152.347735,125
342,-88.5754468,145.428816,125
343,-104.391647,137.109339,125
344,-119.202498,127.469424,125
345,-132.865364,116.601908,125
346,-145.248664,104.611453,125
347,-156.23314,91.6135314,125
348,-165.713006,77.7333219,125
349,-173.596964,63.104498,125
350,-179.809089,47.8679433,125
351,-184.289554,32.1703941,125
352,-186.99521,16.1630264,125
353,-187.9,2.01944257e-14,125
354,-186.99521,-16.1630264,125
355,-184.289554,-32.1703941,125
356,-179.809089,-47.8679433,125
357,-173.596964,-63.104498,125
358,-165.713006,-77.7333219,125
359,-156.23314,-91.6135314,125
360,-145.248664,-104.611453,125
361,-132.865364,-116.601908,125
362,-119.202498,-127.469424,125
363,-104.391647,-137.109339,125
364,-88.5754468,-145.428816,125
365,-71.9062169,-152.347735,125
366,-54.5444909,-157.799461,125
367,-36.6574715,-161.731493,125
368,-18.4174207,-164.105961,125
369,-3.451667e-14,-164.9,125
370,18.4174207,-164.105961,125
371,36.6574715,-161.731493,125
372,54.5444909,-157.799461,125
373,71.9062169,-152.347735,125
374,88.5754468,-145.428816,125
375,104.391647,-137.109339,125
376,119.202498,-127.469424,125
377,132.865364,-116.601908,125
378,145.248664,-104.611453,125
379,156.23314,-91.6135314,125
380,165.713006,-77.7333219,125
381,173.596964,-63.104498,125
382,179.809089,-47.8679433,125
383,184.289554,-32.1703941,125
384,186.99521,-16.1630264,125
385,187.9,0,150
386,186.99521,16.1630264,150
387,184.289554,32.1703941,150
388,179.809089,47.8679433,150
389,173.596964,63.104498,150
390,165.713006,77.7333219,150
391,156.23314,91.6135314,150
392,145.248664,104.611453,150
393,132.865364,116.601908,150
394,119.202498,127.469424,150
395,104.391647,137.109339,150
396,88.5754468,145.428816,150
397,71.9062169,152.347735,150
398,54.5444909,157.799461,150
399,36.6574715,161.731493,150
400,18.4174207,164.105961,150
401,1.15055567e-14,164.9,150
402,-18.4174207,164.105961,150
403,-36.6574715,161.731493,150
404,-54.5444909,157.799461,150
405,-71.9062169,152.347735,150
406,-88.5754468,145.428816,150
407,-104.391647,137.109339,150
408,-119.202498,127.469424,150
409,-132.865364,116.601908,150
410,-145.248664,104.611453,150
411,-156.23314,91.6135314,150
412,-165.713006,77.7333219,150
413,-173.596964,63.104498,150
414,-179.809089,47.8679433,150
415,-184.289554,32.1703941,150
416,-186.99521,16.1630264,150
417,-187.9,2.01944257e-14,150
418,-186.99521,-16.1630264,150
419,-184.289554,-32.1703941,150
420,-179.809089,-47.8679433,150
421,-173.596964,-63.104498,150
422,-165.713006,-77.7333219,150
423,-156.23314,-91.6135314,150
424,-145.248664,-104.611453,150
425,-132.865364,-116.601908,150
426,-119.202498,-127.469424,150
427,-104.391647,-137.109339,150
428,-88.5754468,-145.428816,150
429,-71.9062169,-152.347735,150
430,-54.5444909,-157.799461,150
431,-36.6574715,-161.731493,150
432,-18.4174207,-164.105961,150
433,-3.451667e-14,-164.9,150
434,18.4174207,-164.105961,150
435,36.6574715,-161.731493,150
436,54.5444909,-157.799461,150
437,71.9062169,-152.347735,150
438,88.5754468,-145.428816,150
439,104.391647,-137.109339,150
440,119.202498,-127.469424,150
441,132.865364,-116.601908,150
442,145.248664,-104.611453,150
443,156.23314,-91.6135314,150
444,165.713006,-77.7333219,150
445,173.596964,-63.104498,150
446,179.809089,-47.8679433,150
447,184.289554,-32.1703941,150
448,186.99521,-16.1630264,150
449,187.9,0,175
450,186.99521,16.1630264,175
451,184.289554,32.1703941,175
452,179.809089,47.8679433,175
453,173.596964,63.104498,175
454,165.713006,77.7333219,175
455,156.23314,91.6135314,175
456,145.248664,104.611453,175
457,132.865364,116.601908,175
458,119.202498,127.469424,175
459,104.391647,137.109339,175
460,88.5754468,145.428816,175
461,71.9062169,152.347735,175
462,54.5444909,157.799461,175
463,36.6574715,161.731493,175
464,18.4174207,164.105961,175
465,1.15055567e-14,164.9,175
466,-18.4174207,164.105961,175
467,-36.6574715,161.731493,175
468,-54.5444909,157.799461,175
469,-71.9062169,152.347735,175
470,-88.5754468,145.428816,175
471,-104.391647,137.109339,175
472,-119.202498,127.469424,175
473,-132.865364,116.601908,175
474,-145.248664,104.611453,175
475,-156.23314,91.6135314,175
476,-165.713006,77.7333219,175
477,-173.596964,63.104498,175
478,-179.809089,47.8679433,175
479,-184.289554,32.1703941,175
480,-186.99521,16.1630264,175
481,-187.9,2.01944257e-14,175
482,-186.99521,-16.1630264,175
483,-184.289554,-32.1703941,175
484,-179.809089,-47.8679433,175
485,-173.596964,-63.104498,175
486,-165.713006,-77.7333219,175
487,-156.23314,-91.6135314,175
488,-145.248664,-104.611453,175
489,-132.865364,-116.601908,175
490,-119.202498,-127.469424,175
491,-104.391647,-137.109339,175
492,-88.5754468,-145.428816,175
493,-71.9062169,-152.347735,175
494,-54.5444909,-157.799461,175
495,-36.6574715,-161.731493,175
496,-18.4174207,-164.105961,175
497,-3.451667e-14,-164.9,175
498,18.4174207,-164.105961,175
499,36.6574715,-161.731493,175
500,54.5444909,-157.799461,175
501,71.9062169,-152.347735,175
502,88.5754468,-145.428816,175
503,104.391647,-137.109339,175
504,119.202498,-127.469424,175
505,132.865364,-116.601908,175
506,145.248664,-104.611453,175
507,156.23314,-91.6135314,175
508,165.713006,-77.7333219,175
509,173.596964,-63.104498,175
510,179.809089,-47.8679433,175
511,184.289554,-32.1703941,175
512,186.99521,-16.1630264,175
513,187.9,0,200
514,186.99521,16.1630264,200
515,184.289554,32.1703941,200
516,179.809089,47.8679433,200
517,173.596964,63.104498,200
518,165.713006,77.7333219,200
519,156.23314,91.6135314,200
520,145.248664,104.611453,200
521,132.865364,116.601908,200
522,119.202498,127.469424,200
523,104.391647,137.109339,200
524,88.5754468,145.428816,200
525,71.9062169,152.347735,200
526,54.5444909,157.799461,200
527,36.6574715,161.731493,200
528,18.4174207,164.105961,200
529,1.15055567e-14,164.9,200
530,-18.4174207,164.105961,200
531,-36.6574715,161.731493,200
532,-54.5444909,157.799461,200
533,-71.9062169,152.347735,200
534,-88.5754468,145.428816,200
535,-104.391647,137.109339,200
536,-119.202498,127.469424,200
537,-132.865364,116.601908,200
538,-145.248664,104.611453,200
539,-156.23314,91.6135314,200
540,-165.713006,77.7333219,200
541,-173.596964,63.104498,200
542,-179.809089,47.8679433,200
543,-184.289554,32.1703941,200
544,-186.99521,16.1630264,200
545,-187.9,2.01944257e-14,200
546,-186.99521,-16.1630264,200
547,-184.289554,-32.1703941,200
548,-179.809089,-47.8679433,200
549,-173.596964,-63.104498,200
550,-165.713006,-77.7333219,200
551,-156.23314,-91.6135314,200
552,-145.248664,-104.611453,200
553,-132.865364,-116.601908,200
554,-119.202498,-127.469424,200
555,-104.391647,-137.109339,200
556,-88.5754468,-145.428816,200
557,-71.9062169,-152.347735,200
558,-54.5444909,-157.799461,200
559,-36.6574715,-161.731493,200
560,-18.4174207,-164.105961,200
561,-3.451667e-14,-164.9,200
562,18.4174207,-164.105961,200
563,36.6574715,-161.731493,200
564,54.5444909,-157.799461,200
565,71.9062169,-152.347735,200
566,88.5754468,-145.428816,200
567,104.391647,-137.109339,200
568,119.202498,-127.469424,200
569,132.865364,-116.601908,200
570,145.248664,-104.611453,200
571,156.23314,-91.6135314,200
572,165.713006,-77.7333219,200
573,173.596964,-63.104498,200
574,179.809089,-47.8679433,200
575,184.289554,-32.1703941,200
576,186.99521,-16.1630264,200
577,187.9,0,225
578,186.99521,16.1630264,225
579,184.289554,32.1703941,225
580,179.809089,47.8679433,225
581,173.596964,63.104498,225
582,165.713006,77.7333219,225
583,156.23314,91.6135314,225
584,145.248664,104.611453,225
585,132.865364,116.601908,225
586,119.202498,127.469424,225
587,104.391647,137.109339,225
588,88.5754468,145.428816,225
589,71.9062169,152.347735,225
590,54.5444909,157.799461,225
591,36.6574715,161.731493,225
592,18.4174207,164.105961,225
593,1.15055567e-14,164.9,225
594,-18.4174207,164.105961,225
595,-36.6574715,161.731493,225
596,-54.5444909,157.799461,225
597,-71.9062169,152.347735,225
598,-88.5754468,145.428816,225
599,-104.391647,137.109339,225
600,-119.202498,127.469424,225
601,-132.865364,116.601908,225
602,-145.248664,104.611453,225
603,-156.23314,91.6135314,225
604,-165.713006,77.7333219,225
605,-173.596964,63.104498,225
606,-179.809089,47.8679433,225
607,-184.289554,32.1703941,225
608,-186.99521,16.1630264,225
609,-187.9,2.01944257e-14,225
610,-186.99521,-16.1630264,225
611,-184.289554,-32.1703941,225
612,-179.809089,-47.8679433,225
613,-173.596964,-63.104498,225
614,-165.713006,-77.7333219,225
615,-156.23314,-91.6135314,225
616,-145.248664,-104.611453,225
617,-132.865364,-116.601908,225
618,-119.202498,-127.469424,225
619,-104.391647,-137.109339,225
620,-88.5754468,-145.428816,225
621,-71.9062169,-152.347735,225
622,-54.5444909,-157.799461,225
623,-36.6574715,-161.731493,225
624,-18.4174207,-164.105961,225
625,-3.451667e-14,-164.9,225
626,18.4174207,-164.105961,225
627,36.6574715,-161.731493,225
628,54.5444909,-157.799461,225
629,71.9062169,-152.347735,225
630,88.5754468,-145.428816,225
631,104.391647,-137.109339,225
632,119.202498,-127.469424,225
633,132.865364,-116.601908,225
634,145.248664,-104.611453,225
635,156.23314,-91.6135314,225
636,165.713006,-77.7333219,225
637,173.596964,-63.104498,225
638,179.809089,-47.8679433,225
639,184.289554,-32.1703941,225
640,186.99521,-16.1630264,225
641,187.9,0,250
642,186.99521,16.1630264,250
643,184.289554,32.1703941,250
644,179.809089,47.8679433,250
645,173.596964,63.104498,250
646,165.713006,77.7333219,250
647,156.23314,91.6135314,250
648,145.248664,104.611453,250
649,132.865364,116.601908,250
650,119.202498,127.469424,250
651,104.391647,137.109339,250
652,88.5754468,145.428816,250
653,71.9062169,152.347735,250
654,54.5444909,157.799461,250
655,36.6574715,161.731493,250
656,18.4174207,164.105961,250
657,1.15055567e-14,164.9,250
658,-18.4174207,164.105961,250
659,-36.6574715,161.731493,250
660,-54.5444909,157.799461,250
661,-71.9062169,152.347735,250
662,-88.5754468,145.428816,250
663,-104.391647,137.109339,250
664,-119.202498,127.469424,250
665,-132.865364,116.601908,250
666,-145.248664,104.611453,250
667,-156.23314,91.6135314,250
668,-165.713006,77.7333219,250
669,-173.596964,63.104498,250
670,-179.809089,47.8679433,250
671,-184.289554,32.1703941,250
672,-186.99521,16.1630264,250
673,-187.9,2.01944257e-14,250
674,-186.99521,-16.1630264,250
675,-184.289554,-32.1703941,250
676,-179.809089,-47.8679433,250
677,-173.596964,-63.104498,250
678,-165.713006,-77.7333219,250
679,-156.23314,-91.6135314,250
680,-145.248664,-104.611453,250
681,-132.865364,-116.601908,250
682,-119.202498,-127.469424,250
683,-104.391647,-137.109339,250
684,-88.5754468,-145.428816,250
685,-71.9062169,-152.347735,250
686,-54.5444909,-157.799461,250
687,-36.6574715,-161.731493,250
688,-18.4174207,-164.105961,250
689,-3.451667e-14,-164.9,250
690,18.4174207,-164.105961,250
691,36.6574715,-161.731493,250
692,54.5444909,-157.799461,250
693,71.9062169,-152.347735,250
694,88.5754468,-145.428816,250
695,104.391647,-137.109339,250
696,119.202498,-127.469424,250
697,132.865364,-116.601908,250
698,145.248664,-104.611453,250
699,156.23314,-91.6135314,250
700,165.713006,-77.7333219,250
701,173.596964,-63.104498,250
702,179.809089,-47.8679433,250
703,184.289554,-32.1703941,250
704,186.99521,-16.1630264,250
705,187.9,0,275
706,186.99521,16.1630264,275
707,184.289554,32.1703941,275
708,179.809089,47.8679433,275
709,173.596964,63.104498,275
710,165.713006,77.7333219,275
711,156.23314,91.6135314,275
712,145.248664,104.611453,275
713,132.865364,116.601908,275
714,119.202498,127.469424,275
715,104.391647,137.109339,275
716,88.5754468,145.428816,275
717,71.9062169,152.347735,275
718,54.5444909,157.799461,275
719,36.6574715,161.731493,275
720,18.4174207,164.105961,275
721,1.15055567e-14,164.9,275
722,-18.4174207,164.105961,275
723,-36.6574715,161.731493,275
724,-54.5444909,157.799461,275
725,-71.9062169,152.347735,275
726,-88.5754468,145.428816,275
727,-104.391647,137.109339,275
728,-119.202498,127.469424,275
729,-132.865364,116.601908,275
730,-145.248664,104.611453,275
731,-156.23314,91.6135314,275
732,-165.713006,77.7333219,275
733,-173.596964,63.104498,275
734,-179.809089,47.8679433,275
735,-184.289554,32.1703941,275
736,-186.99521,16.1630264,275
737,-187.9,2.01944257e-14,275
738,-186.99521,-16.1630264,275
739,-184.289554,-32.1703941,275
740,-179.809089,-47.8679433,275
741,-173.596964,-63.104498,275
742,-165.713006,-77.7333219,275
743,-156.23314,-91.6135314,275
744,-145.248664,-104.611453,275
745,-132.865364,-116.601908,275
746,-119.202498,-127.469424,275
747,-104.391647,-137.109339,275
748,-88.5754468,-145.428816,275
749,-71.9062169,-152.347735,275
750,-54.5444909,-157.799461,275
751,-36.6574715,-161.731493,275
752,-18.4174207,-164.105961,275
753,-3.451667e-14,-164.9,275
754,18.4174207,-164.105961,275
755,36.6574715,-161.731493,275
756,54.5444909,-157.799461,275
757,71.9062169,-152.347735,275
758,88.5754468,-145.428816,275
759,104.391647,-137.109339,275
760,119.202498,-127.469424,275
761,132.865364,-116.601908,275
762,145.248664,-104.611453,275
763,156.23314,-91.6135314,275
764,165.713006,-77.7333219,275
765,173.596964,-63.104498,275
766,179.809089,-47.8679433,275
767,184.289554,-32.1703941,275
768,186.99521,-16.1630264,275
769,187.9,0,300
770,186.99521,16.1630264,300
771,184.289554,32.1703941,300
772,179.809089,47.8679433,300
773,173.596964,63.104498,300
774,165.713006,77.7333219,300
775,156.23314,91.6135314,300
776,145.248664,104.611453,300
777,132.865364,116.601908,300
778,119.202498,127.469424,300
779,104.391647,137.109339,300
780,88.5754468,145.428816,300
781,71.9062169,152.347735,300
782,54.5444909,157.799461,300
783,36.6574715,161.731493,300
784,18.4174207,164.105961,300
785,1.15055567e-14,164.9,300
786,-18.4174207,164.105961,300
787,-36.6574715,161.731493,300
788,-54.5444909,157.799461,300
789,-71.9062169,152.347735,300
790,-88.5754468,145.428816,300
791,-104.391647,137.109339,300
792,-119.202498,127.469424,300
793,-132.865364,116.601908,300
794,-145.248664,104.611453,300
795,-156.23314,91.6135314,300
796,-165.713006,77.7333219,300
797,-173.596964,63.104498,300
798,-179.809089,47.8679433,300
799,-184.289554,32.1703941,300
800,-186.99521,16.1630264,300
801,-187.9,2.01944257e-14,300
802,-186.99521,-16.1630264,300
803,-184.289554,-32.1703941,300
804,-179.809089,-47.8679433,300
805,-173.596964,-63.104498,300
806,-165.713006,-77.7333219,300
807,-156.23314,-91.6135314,300
808,-145.248664,-104.611453,300
809,-132.865364,-116.601908,300
810,-119.202498,-127.469424,300
811,-104.391647,-137.109339,300
812,-88.5754468,-145.428816,300
813,-71.9062169,-152.347735,300
814,-54.5444909,-157.799461,300
815,-36.6574715,-161.731493,300
816,-18.4174207,-164.105961,300
817,-3.451667e-14,-164.9,300
818,18.4174207,-164.105961,300
819,36.6574715,-161.731493,300
820,54.5444909,-157.799461,300
821,71.9062169,-152.347735,300
822,88.5754468,-145.428816,300
823,104.391647,-137.109339,300
824,119.202498,-127.469424,300
825,132.865364,-116.601908,300
826,145.248664,-104.611453,300
827,156.23314,-91.6135314,300
828,165.713006,-77.7333219,300
829,173.596964,-63.104498,300
830,179.809089,-47.8679433,300
831,184.289554,-32.1703941,300
832,186.99521,-16.1630264,300
833,187.9,0,325
834,186.99521,16.1630264,325
835,184.289554,32.1703941,325
836,179.809089,47.8679433,325
837,173.596964,63.104498,325
838,165.713006,77.7333219,325
839,156.23314,91.6135314,325
840,145.248664,104.611453,325
841,132.865364,116.601908,325
842,119.202498,127.469424,325
843,104.391647,137.109339,325
844,88.5754468,145.428816,325
845,71.9062169,152.347735,325
846,54.5444909,157.799461,325
847,36.6574715,161.731493,325
848,18.4174207,164.105961,325
849,1.15055567e-14,164.9,325
850,-18.4174207,164.105961,325
851,-36.6574715,161.731493,325
852,-54.5444909,157.799461,325
853,-71.9062169,152.347735,325
854,-88.5754468,145.428816,325
855,-104.391647,137.109339,325
856,-119.202498,127.469424,325
857,-132.865364,116.601908,325
858,-145.248664,104.611453,325
859,-156.23314,91.6135314,325
860,-165.713006,77.7333219,325
861,-173.596964,63.104498,325
862,-179.809089,47.8679433,325
863,-184.289554,32.1703941,325
864,-186.99521,16.1630264,325
865,-187.9,2.01944257e-14,325
866,-186.99521,-16.1630264,325
867,-184.289554,-32.1703941,325
868,-179.809089,-47.8679433,325
869,-173.596964,-63.104498,325
870,-165.713006,-77.7333219,325
871,-156.23314,-91.6135314,325
872,-145.248664,-104.611453,325
873,-132.865364,-116.601908,325
874,-119.202498,-127.469424,325
875,-104.391647,-137.109339,325
876,-88.5754468,-145.428816,325
877,-71.9062169,-152.347735,325
878,-54.5444909,-157.799461,325
879,-36.6574715,-161.731493,325
880,-18.4174207,-164.105961,325
881,-3.451667e-14,-164.9,325
882,18.4174207,-164.105961,325
883,36.6574715,-161.731493,325
884,54.5444909,-157.799461,325
885,71.9062169,-152.347735,325
886,88.5754468,-145.428816,325
887,104.391647,-137.109339,325
888,119.202498,-127.469424,325
889,132.865364,-116.601908,325
890,145.248664,-104.611453,325
891,156.23314,-91.6135314,325
892,165.713006,-77.7333219,325
893,173.596964,-63.104498,325
894,179.809089,-47.8679433,325
895,184.289554,-32.1703941,325
896,186.99521,-16.1630264,325
897,187.9,0,350
898,186.99521,16.1630264,350
899,184.289554,32.1703941,350
900,179.809089,47.8679433,350
901,173.596964,63.104498,350
902,165.713006,77.7333219,350
903,156.23314,91.6135314,350
904,145.248664,104.611453,350
905,132.865364,116.601908,350
906,119.202498,127.469424,350
907,104.391647,137.109339,350
908,88.5754468,145.428816,350
909,71.9062169,152.347735,350
910,54.5444909,157.799461,350
911,36.6574715,161.731493,350
912,18.4174207,164.105961,350
913,1.15055567e-14,164.9,350
914,-18.4174207,164.105961,350
915,-36.6574715,161.731493,350
916,-54.5444909,157.799461,350
917,-71.9062169,152.347735,350
918,-88.5754468,145.428816,350
919,-104.391647,137.109339,350
920,-119.202498,127.469424,350
921,-132.865364,116.601908,350
922,-145.248664,104.611453,350
923,-156.23314,91.6135314,350
924,-165.713006,77.7333219,350
925,-173.596964,63.104498,350
926,-179.809089,47.8679433,350
927,-184.289554,32.1703941,350
928,-186.99521,16.1630264,350
929,-187.9,2.01944257e-14,350
930,-186.99521,-16.1630264,350
931,-184.289554,-32.1703941,350
932,-179.809089,-47.8679433,350
933,-173.596964,-63.104498,350
934,-165.713006,-77.7333219,350
935,-156.23314,-91.6135314,350
936,-145.248664,-104.611453,350
937,-132.865364,-116.601908,350
938,-119.202498,-127.469424,350
939,-104.391647,-137.109339,350
940,-88.5754468,-145.428816,350
941,-71.9062169,-152.347735,350
942,-54.5444909,-157.799461,350
943,-36.6574715,-161.731493,350
944,-18.4174207,-164.105961,350
945,-3.451667e-14,-164.9,350
946,18.4174207,-164.105961,350
947,36.6574715,-161.731493,350
948,54.5444909,-157.799461,350
949,71.9062169,-152.347735,350
950,88.5754468,-145.428816,350
951,104.391647,-137.109339,350
952,119.202498,-127.469424,350
953,132.865364,-116.601908,350
954,145.248664,-104.611453,350
955,156.23314,-91.6135314,350
956,165.713006,-77.7333219,350
957,173.596964,-63.104498,350
958,179.809089,-47.8679433,350
959,184.289554,-32.1703941,350
960,186.99521,-16.1630264,350
961,187.9,0,375
962,186.99521,16.1630264,375
963,184.289554,32.1703941,375
964,179.809089,47.8679433,375
965,173.596964,63.104498,375
966,165.713006,77.7333219,375
967,156.23314,91.6135314,375
968,145.248664,104.611453,375
969,132.865364,116.601908,375
970,119.202498,127.469424,375
971,104.391647,137.109339,375
972,88.5754468,145.428816,375
973,71.9062169,152.347735,375
974,54.5444909,157.799461,375
975,36.6574715,161.731493,375
976,18.4174207,164.105961,375
977,1.15055567e-14,164.9,375
978,-18.4174207,164.105961,375
979,-36.6574715,161.731493,375
980,-54.5444909,157.799461,375
981,-71.9062169,152.347735,375
982,-88.5754468,145.428816,375
983,-104.391647,137.109339,375
984,-119.202498,127.469424,375
985,-132.865364,116.601908,375
986,-145.248664,104.611453,375
987,-156.23314,91.6135314,375
988,-165.713006,77.7333219,375
989,-173.596964,63.104498,375
990,-179.809089,47.8679433,375
991,-184.289554,32.1703941,375
992,-186.99521,16.1630264,375
993,-187.9,2.01944257e-14,375
994,-186.99521,-16.1630264,375
995,-184.289554,-32.1703941,375
996,-179.809089,-47.8679433,375
997,-173.596964,-63.104498,375
998,-165.713006,-77.7333219,375
999,-156.23314,-91.6135314,375
1000,-145.248664,-104.611453,375
1001,-132.865364,-116.601908,375
1002,-119.202498,-127.469424,375
1003,-104.391647,-137.109339,375
1004,-88.5754468,-145.428816,375
1005,-71.9062169,-152.347735,375
1006,-54.5444909,-157.799461,375
1007,-36.6574715,-161.731493,375
1008,-18.4174207,-164.105961,375
1009,-3.451667e-14,-164.9,375
1010,18.4174207,-164.105961,375
1011,36.6574715,-161.731493,375
1012,54.5444909,-157.799461,375
1013,71.9062169,-152.347735,375
1014,88.5754468,-145.428816,375
1015,104.391647,-137.109339,375
1016,119.202498,-127.469424,375
1017,132.865364,-116.601908,375
1018,145.248664,-104.611453,375
1019,156.23314,-91.6135314,375
1020,165.713006,-77.7333219,375
1021,173.596964,-63.104498,375
1022,179.809089,-47.8679433,375
1023,184.289554,-32.1703941,375
1024,186.99521,-16.1630264,375
1025,187.9,0,400
1026,186.99521,16.1630264,400
1027,184.289554,32.1703941,400
1028,179.809089,47.8679433,400
1029,173.596964,63.104498,400
1030,165.713006,77.7333219,400
1031,156.23314,91.6135314,400
1032,145.248664,104.611453,400
1033,132.865364,116.601908,400
1034,119.202498,127.469424,400
1035,104.391647,137.109339,400
1036,88.5754468,145.428816,400
1037,71.9062169,152.347735,400
1038,54.5444909,157.799461,400
1039,36.6574715,161.731493,400
1040,18.4174207,164.105961,400
1041,1.15055567e-14,164.9,400
1042,-18.4174207,164.105961,400
1043,-36.6574715,161.731493,400
1044,-54.5444909,157.799461,400
1045,-71.9062169,152.347735,400
1046,-88.5754468,145.428816,400
1047,-104.391647,137.109339,400
1048,-119.202498,127.469424,400
1049,-132.865364,116.601908,400
1050,-145.248664,104.611453,400
1051,-156.23314,91.6135314,400
1052,-165.713006,77.7333219,400
1053,-173.596964,63.104498,400
1054,-179.809089,47.8679433,400
1055,-184.289554,32.1703941,400
1056,-186.99521,16.1630264,400
1057,-187.9,2.01944257e-14,400
1058,-186.99521,-16.1630264,400
1059,-184.289554,-32.1703941,400
1060,-179.809089,-47.8679433,400
1061,-173.596964,-63.104498,400
1062,-165.713006,-77.7333219,400
1063,-156.23314,-91.6135314,400
1064,-145.248664,-104.611453,400
1065,-132.865364,-116.601908,400
1066,-119.202498,-127.469424,400
1067,-104.391647,-137.109339,400
1068,-88.5754468,-145.428816,400
1069,-71.9062169,-152.347735,400
1070,-54.5444909,-157.799461,400
1071,-36.6574715,-161.731493,400
1072,-18.4174207,-164.105961,400
1073,-3.451667e-14,-164.9,400
1074,18.4174207,-164.105961,400
1075,36.6574715,-161.731493,400
1076,54.5444909,-157.799461,400
1077,71.9062169,-152.347735,400
1078,88.5754468,-145.428816,400
1079,104.391647,-137.109339,400
1080,119.202498,-127.469424,400
1081,132.865364,-116.601908,400
1082,145.248664,-104.611453,400
1083,156.23314,-91.6135314,400
1084,165.713006,-77.7333219,400
1085,173.596964,-63.104498,400
1086,179.809089,-47.8679433,400
1087,184.289554,-32.1703941,400
1088,186.99521,-16.1630264,400
1089,187.9,0,425
1090,186.99521,16.1630264,425
1091,184.289554,32.1703941,425
1092,179.809089,47.8679433,425
1093,173.596964,63.104498,425
1094,165.713006,77.7333219,425
1095,156.23314,91.6135314,425
1096,145.248664,104.611453,425
1097,132.865364,116.601908,425
1098,119.202498,127.469424,425
1099,104.391647,137.109339,425
1100,88.5754468,145.428816,425
1101,71.9062169,152.347735,425
1102,54.5444909,157.799461,425
1103,36.6574715,161.731493,425
1104,18.4174207,164.105961,425
1105,1.15055567e-14,164.9,425
1106,-18.4174207,164.105961,425
1107,-36.6574715,161.731493,425
1108,-54.5444909,157.799461,425
1109,-71.9062169,152.347735,425
1110,-88.5754468,145.428816,425
1111,-104.391647,137.109339,425
1112,-119.202498,127.469424,425
1113,-132.865364,116.601908,425
1114,-145.248664,104.611453,425
1115,-156.23314,91.6135314,425
1116,-165.713006,77.7333219,425
1117,-173.596964,63.104498,425
1118,-179.809089,47.8679433,425
1119,-184.289554,32.1703941,425
1120,-186.99521,16.1630264,425
1121,-187.9,2.01944257e-14,425
1122,-186.99521,-16.1630264,425
1123,-184.289554,-32.1703941,425
1124,-179.809089,-47.8679433,425
1125,-173.596964,-63.104498,425
1126,-165.713006,-77.7333219,425
1127,-156.23314,-91.6135314,425
1128,-145.248664,-104.611453,425
1129,-132.865364,-116.601908,425
1130,-119.202498,-127.469424,425
1131,-104.391647,-137.109339,425
1132,-88.5754468,-145.428816,425
1133,-71.9062169,-152.347735,425
1134,-54.5444909,-157.799461,425
1135,-36.6574715,-161.731493,425
1136,-18.4174207,-164.105961,425
1137,-3.451667e-14,-164.9,425
1138,18.4174207,-164.105961,425
1139,36.6574715,-161.731493,425
1140,54.5444909,-157.799461,425
1141,71.9062169,-152.347735,425
1142,88.5754468,-145.428816,425
1143,104.391647,-137.109339,425
1144,119.202498,-127.469424,425
1145,132.865364,-116.601908,425
1146,145.248664,-104.611453,425
1147,156.23314,-91.6135314,425
1148,165.713006,-77.7333219,425
1149,173.596964,-63.104498,425
1150,179.809089,-47.8679433,425
1151,184.289554,-32.1703941,425
1152,186.99521,-16.1630264,425
1153,187.9,0,450
1154,186.99521,16.1630264,450
1155,184.289554,32.1703941,450
1156,179.809089,47.8679433,450
1157,173.596964,63.104498,450
1158,165.713006,77.7333219,450
1159,156.23314,91.6135314,450
1160,145.248664,104.611453,450
1161,132.865364,116.601908,450
1162,119.202498,127.469424,450
1163,104.391647,137.109339,450
1164,88.5754468,145.428816,450
1165,71.9062169,152.347735,450
1166,54.5444909,157.799461,450
1167,36.6574715,161.731493,450
1168,18.4174207,164.105961,450
1169,1.15055567e-14,164.9,450
1170,-18.4174207,164.105961,450
1171,-36.6574715,161.731493,450
1172,-54.5444909,157.799461,450
1173,-71.9062169,152.347735,450
1174,-88.5754468,145.428816,450
1175,-104.391647,137.109339,450
1176,-119.202498,127.469424,450
1177,-132.865364,116.601908,450
1178,-145.248664,104.611453,450
1179,-156.23314,91.6135314,450
1180,-165.713006,77.7333219,450
1181,-173.596964,63.104498,450
1182,-179.809089,47.8679433,450
1183,-184.289554,32.1703941,450
1184,-186.99521,16.1630264,450
1185,-187.9,2.01944257e-14,450
1186,-186.99521,-16.1630264,450
1187,-184.289554,-32.1703941,450
1188,-179.809089,-47.8679433,450
1189,-173.596964,-63.104498,450
1190,-165.713006,-77.7333219,450
1191,-156.23314,-91.6135314,450
1192,-145.248664,-104.611453,450
1193,-132.865364,-116.601908,450
1194,-119.202498,-127.469424,450
1195,-104.391647,-137.109339,450
1196,-88.5754468,-145.428816,450
1197,-71.9062169,-152.347735,450
1198,-54.5444909,-157.799461,450
1199,-36.6574715,-161.731493,450
1200,-18.4174207,-164.105961,450
1201,-3.451667e-14,-164.9,450
1202,18.4174207,-164.105961,450
1203,36.6574715,-161.731493,450
1204,54.5444909,-157.799461,450
1205,71.9062169,-152.347735,450
1206,88.5754468,-145.428816,450
1207,104.391647,-137.109339,450
1208,119.202498,-127.469424,450
1209,132.865364,-116.601908,450
1210,145.248664,-104.611453,450
1211,156.23314,-91.6135314,450
1212,165.713006,-77.7333219,450
1213,173.596964,-63.104498,450
1214,179.809089,-47.8679433,450
1215,184.289554,-32.1703941,450
1216,186.99521,-16.1630264,450
1217,187.9,0,475
1218,186.99521,16.1630264,475
1219,184.289554,32.1703941,475
1220,179.809089,47.8679433,475
1221,173.596964,63.104498,475
1222,165.713006,77.7333219,475
1223,156.23314,91.6135314,475
1224,145.248664,104.611453,475
1225,132.865364,116.601908,475
1226,119.202498,127.469424,475
1227,104.391647,137.109339,475
1228,88.5754468,145.428816,475
1229,71.9062169,152.347735,475
1230,54.5444909,157.799461,475
1231,36.6574715,161.731493,475
1232,18.4174207,164.105961,475
1233,1.15055567e-14,164.9,475
1234,-18.4174207,164.105961,475
1235,-36.6574715,161.731493,475
1236,-54.5444909,157.799461,475
1237,-71.9062169,152.347735,475
1238,-88.5754468,145.428816,475
1239,-104.391647,137.109339,475
1240,-119.202498,127.469424,475
1241,-132.865364,116.601908,475
1242,-145.248664,104.611453,475
1243,-156.23314,91.6135314,475
1244,-165.713006,77.7333219,475
1245,-173.596964,63.104498,475
1246,-179.809089,47.8679433,475
1247,-184.289554,32.1703941,475
1248,-186.99521,16.1630264,475
1249,-187.9,2.01944257e-14,475
1250,-186.99521,-16.1630264,475
1251,-184.289554,-32.1703941,475
1252,-179.809089,-47.8679433,475
1253,-173.596964,-63.104498,475
1254,-165.713006,-77.7333219,475
1255,-156.23314,-91.6135314,475
1256,-145.248664,-104.611453,475
1257,-132.865364,-116.601908,475
1258,-119.202498,-127.469424,475
1259,-104.391647,-137.109339,475
1260,-88.5754468,-145.428816,475
1261,-71.9062169,-152.347735,475
1262,-54.5444909,-157.799461,475
1263,-36.6574715,-161.731493,475
1264,-18.4174207,-164.105961,475
1265,-3.451667e-14,-164.9,475
1266,18.4174207,-164.105961,475
1267,36.6574715,-161.731493,475
1268,54.5444909,-157.799461,475
1269,71.9062169,-152.347735,475
1270,88.5754468,-145.428816,475
1271,104.391647,-137.109339,475
1272,119.202498,-127.469424,475
1273,132.865364,-116.601908,475
1274,145.248664,-104.611453,475
1275,156.23314,-91.6135314,475
1276,165.713006,-77.7333219,475
1277,173.596964,-63.104498,475
1278,179.809089,-47.8679433,475
1279,184.289554,-32.1703941,475
1280,186.99521,-16.1630264,475
1281,187.9,0,500
1282,186.99521,16.1630264,500
1283,184.289554,32.1703941,500
1284,179.809089,47.8679433,500
1285,173.596964,63.104498,500
1286,165.713006,77.7333219,500
1287,156.23314,91.6135314,500
1288,145.248664,104.611453,500
1289,132.865364,116.601908,500
1290,119.202498,127.469424,500
1291,104.391647,137.109339,500
1292,88.5754468,145.428816,500
1293,71.9062169,152.347735,500
1294,54.5444909,157.799461,500
1295,36.6574715,161.731493,500
1296,18.4174207,164.105961,500
1297,1.15055567e-14,164.9,500
1298,-18.4174207,164.105961,500
1299,-36.6574715,161.731493,500
1300,-54.5444909,157.799461,500
1301,-71.9062169,152.347735,500
1302,-88.5754468,145.428816,500
1303,-104.391647,137.109339,500
1304,-119.202498,127.469424,500
1305,-132.865364,116.601908,500
1306,-145.248664,104.611453,500
1307,-156.23314,91.6135314,500
1308,-165.713006,77.7333219,500
1309,-173.596964,63.104498,500
1310,-179.809089,47.8679433,500
1311,-184.289554,32.1703941,500
1312,-186.99521,16.1630264,500
1313,-187.9,2.01944257e-14,500
1314,-186.99521,-16.1630264,500
1315,-184.289554,-32.1703941,500
1316,-179.809089,-47.8679433,500
1317,-173.596964,-63.104498,500
1318,-165.713006,-77.7333219,500
1319,-156.23314,-91.6135314,500
1320,-145.248664,-104.611453,500
1321,-132.865364,-116.601908,500
1322,-119.202498,-127.469424,500
1323,-104.391647,-137.109339,500
1324,-88.5754468,-145.428816,500
1325,-71.9062169,-152.347735,500
1326,-54.5444909,-157.799461,500
1327,-36.6574715,-161.731493,500
1328,-18.4174207,-164.105961,500
1329,-3.451667e-14,-164.9,500
1330,18.4174207,-164.105961,500
1331,36.6574715,-161.731493,500
1332,54.5444909,-157.799461,500
1333,71.9062169,-152.347735,500
1334,88.5754468,-145.428816,500
1335,104.391647,-137.109339,500
1336,119.202498,-127.469424,500
1337,132.865364,-116.601908,500
1338,145.248664,-104.611453,500
1339,156.23314,-91.6135314,500
1340,165.713006,-77.7333219,500
1341,173.596964,-63.104498,500
1342,179.809089,-47.8679433,500
1343,184.289554,-32.1703941,500
1344,186.99521,-16.1630264,500
1345,187.9,0,525
1346,186.99521,16.1630264,525
1347,184.289554,32.1703941,525
1348,179.809089,47.8679433,525
1349,173.596964,63.104498,525
1350,165.713006,77.7333219,525
1351,156.23314,91.6135314,525
1352,145.248664,104.611453,525
1353,132.865364,116.601908,525
1354,119.202498,127.469424,525
1355,104.391647,137.109339,525
1356,88.5754468,145.428816,525
1357,71.9062169,152.347735,525
1358,54.5444909,157.799461,525
1359,36.6574715,161.731493,525
1360,18.4174207,164.105961,525
1361,1.15055567e-14,164.9,525
1362,-18.4174207,164.105961,525
1363,-36.6574715,161.731493,525
1364,-54.5444909,157.799461,525
1365,-71.9062169,152.347735,525
1366,-88.5754468,145.428816,525
1367,-104.391647,137.109339,525
1368,-119.202498,127.469424,525
1369,-132.865364,116.601908,525
1370,-145.248664,104.611453,525
1371,-156.23314,91.6135314,525
1372,-165.713006,77.7333219,525
1373,-173.596964,63.104498,525
1374,-179.809089,47.8679433,525
1375,-184.289554,32.1703941,525
1376,-186.99521,16.1630264,525
1377,-187.9,2.01944257e-14,525
1378,-186.99521,-16.1630264,525
1379,-184.289554,-32.1703941,525
1380,-179.809089,-47.8679433,525
1381,-173.596964,-63.104498,525
1382,-165.713006,-77.7333219,525
1383,-156.23314,-91.6135314,525
1384,-145.248664,-104.611453,525
1385,-132.865364,-116.601908,525
1386,-119.202498,-127.469424,525
1387,-104.391647,-137.109339,525
1388,-88.5754468,-145.428816,525
1389,-71.9062169,-152.347735,525
1390,-54.5444909,-157.799461,525
1391,-36.6574715,-161.731493,525
1392,-18.4174207,-164.105961,525
1393,-3.451667e-14,-164.9,525
1394,18.4174207,-164.105961,525
1395,36.6574715,-161.731493,525
1396,54.5444909,-157.799461,525
1397,71.9062169,-152.347735,525
1398,88.5754468,-145.428816,525
1399,104.391647,-137.109339,525
1400,119.202498,-127.469424,525
1401,132.865364,-116.601908,525
1402,145.248664,-104.611453,525
1403,156.23314,-91.6135314,525
1404,165.713006,-77.7333219,525
1405,173.596964,-63.104498,525
1406,179.809089,-47.8679433,525
1407,184.289554,-32.1703941,525
1408,186.99521,-16.1630264,525
1409,187.9,0,550
1410,186.99521,16.1630264,550
1411,184.289554,32.1703941,550
1412,179.809089,47.8679433,550
1413,173.596964,63.104498,550
1414,165.713006,77.7333219,550
1415,156.23314,91.6135314,550
1416,145.248664,104.611453,550
1417,132.865364,116.601908,550
1418,119.202498,127.469424,550
1419,104.391647,137.109339,550
1420,88.5754468,145.428816,550
1421,71.9062169,152.347735,550
1422,54.5444909,157.799461,550
1423,36.6574715,161.731493,550
1424,18.4174207,164.105961,550
1425,1.15055567e-14,164.9,550
1426,-18.4174207,164.105961,550
1427,-36.6574715,161.731493,550
1428,-54.5444909,157.799461,550
1429,-71.9062169,152.347735,550
1430,-88.5754468,145.428816,550
1431,-104.391647,137.109339,550
1432,-119.202498,127.469424,550
1433,-132.865364,116.601908,550
1434,-145.248664,104.611453,550
1435,-156.23314,91.6135314,550
1436,-165.713006,77.7333219,550
1437,-173.596964,63.104498,550
1438,-179.809089,47.8679433,550
1439,-184.289554,32.1703941,550
1440,-186.99521,16.1630264,550
1441,-187.9,2.01944257e-14,550
1442,-186.99521,-16.1630264,550
1443,-184.289554,-32.1703941,550
1444,-179.809089,-47.8679433,550
1445,-173.596964,-63.104498,550
1446,-165.713006,-77.7333219,550
1447,-156.23314,-91.6135314,550
1448,-145.248664,-104.611453,550
1449,-132.865364,-116.601908,550
1450,-119.202498,-127.469424,550
1451,-104.391647,-137.109339,550
1452,-88.5754468,-145.428816,550
1453,-71.9062169,-152.347735,550
1454,-54.5444909,-157.799461,550
1455,-36.6574715,-161.731493,550
1456,-18.4174207,-164.105961,550
1457,-3.451667e-14,-164.9,550
1458,18.4174207,-164.105961,550
1459,36.6574715,-161.731493,550
1460,54.5444909,-157.799461,550
1461,71.9062169,-152.347735,550
1462,88.5754468,-145.428816,550
1463,104.391647,-137.109339,550
1464,119.202498,-127.469424,550
1465,132.865364,-116.601908,550
1466,145.248664,-104.611453,550
1467,156.23314,-91.6135314,550
1468,165.713006,-77.7333219,550
1469,173.596964,-63.104498,550
1470,179.809089,-47.8679433,550
1471,184.289554,-32.1703941,550
1472,186.99521,-16.1630264,550
1473,187.9,0,575
1474,186.99521,16.1630264,575
1475,184.289554,32.1703941,575
1476,179.809089,47.8679433,575
1477,173.596964,63.104498,575
1478,165.713006,77.7333219,575
1479,156.23314,91.6135314,575
1480,145.248664,104.611453,575
1481,132.865364,116.601908,575
1482,119.202498,127.469424,575
1483,104.391647,137.109339,575
1484,88.5754468,145.428816,575
1485,71.9062169,152.347735,575
1486,54.5444909,157.799461,575
1487,36.6574715,161.731493,575
1488,18.4174207,164.105961,575
1489,1.15055567e-14,164.9,575
1490,-18.4174207,164.105961,575
1491,-36.6574715,161.731493,575
1492,-54.5444909,157.799461,575
1493,-71.9062169,152.347735,575
1494,-88.5754468,145.428816,575
1495,-104.391647,137.109339,575
1496,-119.202498,127.469424,575
1497,-132.865364,116.601908,575
1498,-145.248664,104.611453,575
1499,-156.23314,91.6135314,575
1500,-165.713006,77.7333219,575
1501,-173.596964,63.104498,575
1502,-179.809089,47.8679433,575
1503,-184.289554,32.1703941,575
1504,-186.99521,16.1630264,575
1505,-187.9,2.01944257e-14,575
1506,-186.99521,-16.1630264,575
1507,-184.289554,-32.1703941,575
1508,-179.809089,-47.8679433,575
1509,-173.596964,-63.104498,575
1510,-165.713006,-77.7333219,575
1511,-156.23314,-91.6135314,575
1512,-145.248664,-104.611453,575
1513,-132.865364,-116.601908,575
1514,-119.202498,-127.469424,575
1515,-104.391647,-137.109339,575
1516,-88.5754468,-145.428816,575
1517,-71.9062169,-152.347735,575
1518,-54.5444909,-157.799461,575
1519,-36.6574715,-161.731493,575
1520,-18.4174207,-164.105961,575
1521,-3.451667e-14,-164.9,575
1522,18.4174207,-164.105961,575
1523,36.6574715,-161.731493,575
1524,54.5444909,-157.799461,575
1525,71.9062169,-152.347735,575
1526,88.5754468,-145.428816,575
1527,104.391647,-137.109339,575
1528,119.202498,-127.469424,575
1529,132.865364,-116.601908,575
1530,145.248664,-104.611453,575
1531,156.23314,-91.6135314,575
1532,165.713006,-77.7333219,575
1533,173.596964,-63.104498,575
1534,179.809089,-47.8679433,575
1535,184.289554,-32.1703941,575
1536,186.99521,-16.1630264,575
1537,187.9,0,600
1538,186.99521,16.1630264,600
1539,184.289554,32.1703941,600
1540,179.809089,47.8679433,600
1541,173.596964,63.104498,600
1542,165.713006,77.7333219,600
1543,156.23314,91.6135314,600
1544,145.248664,104.611453,600
1545,132.865364,116.601908,600
1546,119.202498,127.469424,600
1547,104.391647,137.109339,600
1548,88.5754468,145.428816,600
1549,71.9062169,152.347735,600
1550,54.5444909,157.799461,600
1551,36.6574715,161.731493,600
1552,18.4174207,164.105961,600
1553,1.15055567e-14,164.9,600
1554,-18.4174207,164.105961,600
1555,-36.6574715,161.731493,600
1556,-54.5444909,157.799461,600
1557,-71.9062169,152.347735,600
1558,-88.5754468,145.428816,600
1559,-104.391647,137.109339,600
1560,-119.202498,127.469424,600
1561,-132.865364,116.601908,600
1562,-145.248664,104.611453,600
1563,-156.23314,91.6135314,600
1564,-165.713006,77.7333219,600
1565,-173.596964,63.104498,600
1566,-179.809089,47.8679433,600
1567,-184.289554,32.1703941,600
1568,-186.99521,16.1630264,600
1569,-187.9,2.01944257e-14,600
1570,-186.99521,-16.1630264,600
1571,-184.289554,-32.1703941,600
1572,-179.809089,-47.8679433,600
1573,-173.596964,-63.104498,600
1574,-165.713006,-77.7333219,600
1575,-156.23314,-91.6135314,600
1576,-145.248664,-104.611453,600
1577,-132.865364,-116.601908,600
1578,-119.202498,-127.469424,600
1579,-104.391647,-137.109339,600
1580,-88.5754468,-145.428816,600
1581,-71.9062169,-152.347735,600
1582,-54.5444909,-157.799461,600
1583,-36.6574715,-161.731493,600
1584,-18.4174207,-164.105961,600
1585,-3.451667e-14,-164.9,600
1586,18.4174207,-164.105961,600
1587,36.6574715,-161.731493,600
1588,54.5444909,-157.799461,600
1589,71.9062169,-152.347735,600
1590,88.5754468,-145.428816,600
1591,104.391647,-137.109339,600
1592,119.202498,-127.469424,600
1593,132.865364,-116.601908,600
1594,145.248664,-104.611453,600
1595,156.23314,-91.6135314,600
1596,165.713006,-77.7333219,600
1597,173.596964,-63.104498,600
1598,179.809089,-47.8679433,600
1599,184.289554,-32.1703941,600
1600,186.99521,-16.1630264,600
1601,187.9,0,625
1602,186.99521,16.1630264,625
1603,184.289554,32.1703941,625
1604,179.809089,47.8679433,625
1605,173.596964,63.104498,625
1606,165.713006,77.7333219,625
1607,156.23314,91.6135314,625
1608,145.248664,104.611453,625
1609,132.865364,116.601908,625
1610,119.202498,127.469424,625
1611,104.391647,137.109339,625
1612,88.5754468,145.428816,625
1613,71.9062169,152.347735,625
1614,54.5444909,157.799461,625
1615,36.6574715,161.731493,625
1616,18.4174207,164.105961,625
1617,1.15055567e-14,164.9,625
1618,-18.4174207,164.105961,625
1619,-36.6574715,161.731493,625
1620,-54.5444909,157.799461,625
1621,-71.9062169,152.347735,625
1622,-88.5754468,145.428816,625
1623,-104.391647,137.109339,625
1624,-119.202498,127.469424,625
1625,-132.865364,116.601908,625
1626,-145.248664,104.611453,625
1627,-156.23314,91.6135314,625
1628,-165.713006,77.7333219,625
1629,-173.596964,63.104498,625
1630,-179.809089,47.8679433,625
1631,-184.289554,32.1703941,625
1632,-186.99521,16.1630264,625
1633,-187.9,2.01944257e-14,625
1634,-186.99521,-16.1630264,625
1635,-184.289554,-32.1703941,625
1636,-179.809089,-47.8679433,625
1637,-173.596964,-63.104498,625
1638,-165.713006,-77.7333219,625
1639,-156.23314,-91.6135314,625
1640,-145.248664,-104.611453,625
1641,-132.865364,-116.601908,625
1642,-119.202498,-127.469424,625
1643,-104.391647,-137.109339,625
1644,-88.5754468,-145.428816,625
1645,-71.9062169,-152.347735,625
1646,-54.5444909,-157.799461,625
1647,-36.6574715,-161.731493,625
1648,-18.4174207,-164.105961,625
1649,-3.451667e-14,-164.9,625
1650,18.4174207,-164.105961,625
1651,36.6574715,-161.731493,625
1652,54.5444909,-157.799461,625
1653,71.9062169,-152.347735,625
1654,88.5754468,-145.428816,625
1655,104.391647,-137.109339,625
1656,119.202498,-127.469424,625
1657,132.865364,-116.601908,625
1658,145.248664,-104.611453,625
1659,156.23314,-91.6135314,625
1660,165.713006,-77.7333219,625
1661,173.596964,-63.104498,625
1662,179.809089,-47.8679433,625
1663,184.289554,-32.1703941,625
1664,186.99521,-16.1630264,625
1665,187.9,0,650
1666,186.99521,16.1630264,650
1667,184.289554,32.1703941,650
1668,179.809089,47.8679433,650
1669,173.596964,63.104498,650
1670,165.713006,77.7333219,650
1671,156.23314,91.6135314,650
1672,145.248664,104.611453,650
1673,132.865364,116.601908,650
1674,119.202498,127.469424,650
1675,104.391647,137.109339,650
1676,88.5754468,145.428816,650
1677,71.9062169,152.347735,650
1678,54.5444909,157.799461,650
1679,36.6574715,161.731493,650
1680,18.4174207,164.105961,650
1681,1.15055567e-14,164.9,650
1682,-18.4174207,164.105961,650
1683,-36.6574715,161.731493,650
1684,-54.5444909,157.799461,650
1685,-71.9062169,152.347735,650
1686,-88.5754468,145.428816,650
1687,-104.391647,137.109339,650
1688,-119.202498,127.469424,650
1689,-132.865364,116.601908,650
1690,-145.248664,104.611453,650
1691,-156.23314,91.6135314,650
1692,-165.713006,77.7333219,650
1693,-173.596964,63.104498,650
1694,-179.809089,47.8679433,650
1695,-184.289554,32.1703941,650
1696,-186.99521,16.1630264,650
1697,-187.9,2.01944257e-14,650
1698,-186.99521,-16.1630264,650
1699,-184.289554,-32.1703941,650
1700,-179.809089,-47.8679433,650
1701,-173.596964,-63.104498,650
1702,-165.713006,-77.7333219,650
1703,-156.23314,-91.6135314,650
1704,-145.248664,-104.611453,650
1705,-132.865364,-116.601908,650
1706,-119.202498,-127.469424,650
1707,-104.391647,-137.109339,650
1708,-88.5754468,-145.428816,650
1709,-71.9062169,-152.347735,650
1710,-54.5444909,-157.799461,650
1711,-36.6574715,-161.731493,650
1712,-18.4174207,-164.105961,650
1713,-3.451667e-14,-164.9,650
1714,18.4174207,-164.105961,650
1715,36.6574715,-161.731493,650
1716,54.5444909,-157.799461,650
1717,71.9062169,-152.347735,650
1718,88.5754468,-145.428816,650
1719,104.391647,-137.109339,650
1720,119.202498,-127.469424,650
1721,132.865364,-116.601908,650
1722,145.248664,-104.611453,650
1723,156.23314,-91.6135314,650
1724,165.713006,-77.7333219,650
1725,173.596964,-63.104498,650
1726,179.809089,-47.8679433,650
1727,184.289554,-32.1703941,650
1728,186.99521,-16.1630264,650

Data Record #2
===========================================================================
Step = 0
Time = 0
Data = shirt_contact_data
1,-0.49938581462,0
2,-0.499294922551,0
3,-0.499130489829,0
4,-0.498921969827,0
5,-0.498705304654,0
6,-0.498516550639,0
7,-0.49838538301,0
8,-0.498330222979,0
9,-0.498357122554,0
10,-0.498459149229,0
11,-0.498618096174,0
12,-0.498810596413,0
13,-0.499009019363,0
14,-0.499185954365,0
15,-0.499318093678,0
16,-0.499388508221,0
17,-0.499388508221,0
18,-0.499318093678,0
19,-0.499185954365,0
20,-0.499009019363,0
21,-0.498810596413,0
22,-0.498618096174,0
23,-0.498459149229,0
24,-0.498357122554,0
25,-0.498330222979,0
26,-0.49838538301,0
27,-0.498516550639,0
28,-0.498705304654,0
29,-0.498921969827,0
30,-0.499130489829,0
31,-0.499294922551,0
32,-0.49938581462,0
33,-0.49938581462,0
34,-0.499294922551,0
35,-0.499130489829,0
36,-0.498921969827,0
37,-0.498705304654,0
38,-0.498516550639,0
39,-0.49838538301,0
40,-0.498330222979,0
41,-0.498357122554,0
42,-0.498459149229,0
43,-0.498618096174,0
44,-0.498810596413,0
45,-0.499009019363,0
46,-0.499185954365,0
47,-0.499318093678,0
48,-0.499388508222,0
49,-0.499388508221,0
50,-0.499318093678,0
51,-0.499185954365,0
52,-0.499009019363,0
53,-0.498810596413,0
54,-0.498618096174,0
55,-0.498459149229,0
56,-0.498357122554,0
57,-0.498330222979,0
58,-0.49838538301,0
59,-0.498516550639,0
60,-0.498705304654,0
61,-0.498921969827,0
62,-0.499130489829,0
63,-0.499294922551,0
64,-0.49938581462,0
65,-0.49938581462,0
66,-0.499294922551,0
67,-0.499130489829,0
68,-0.498921969827,0
69,-0.498705304654,0
70,-0.498516550639,0
71,-0.49838538301,0
72,-0.498330222979,0
73,-0.498357122554,0
74,-0.498459149229,0
75,-0.498618096174,0
76,-0.498810596413,0
77,-0.499009019363,0
78,-0.499185954365,0
79,-0.499318093678,0
80,-0.499388508221,0
81,-0.499388508221,0
82,-0.499318093678,0
83,-0.499185954365,0
84,-0.499009019363,0
85,-0.498810596413,0
86,-0.498618096174,0
87,-0.498459149229,0
88,-0.498357122554,0
89,-0.498330222979,0
90,-0.49838538301,0
91,-0.498516550639,0
92,-0.498705304654,0
93,-0.498921969827,0
94,-0.499130489829,0
95,-0.499294922551,0
96,-0.49938581462,0
97,-0.49938581462,0
98,-0.499294922551,0
99,-0.499130489829,0
100,-0.498921969827,0
101,-0.498705304654,0
102,-0.498516550639,0
103,-0.49838538301,0
104,-0.498330222979,0
105,-0.498357122554,0
106,-0.498459149229,0
107,-0.498618096174,0
108,-0.498810596413,0
109,-0.499009019363,0
110,-0.499185954365,0
111,-0.499318093678,0
112,-0.499388508222,0
113,-0.499388508221,0
114,-0.499318093678,0
115,-0.499185954365,0
116,-0.499009019363,0
117,-0.498810596413,0
118,-0.498618096174,0
119,-0.498459149229,0
120,-0.498357122554,0
121,-0.498330222979,0
122,-0.49838538301,0
123,-0.498516550639,0
124,-0.498705304654,0
125,-0.498921969827,0
126,-0.499130489829,0
127,-0.499294922551,0
128,-0.49938581462,0
129,-0.49938581462,0
130,-0.499294922551,0
131,-0.499130489829,0
132,-0.498921969827,0
133,-0.498705304654,0
134,-0.498516550639,0
135,-0.49838538301,0
136,-0.498330222979,0
137,-0.498357122554,0
138,-0.498459149229,0
139,-0.498618096174,0
140,-0.498810596413,0
141,-0.499009019363,0
142,-0.499185954365,0
143,-0.499318093678,0
144,-0.499388508221,0
145,-0.499388508221,0
146,-0.499318093678,0
147,-0.499185954365,0
148,-0.499009019363,0
149,-0.498810596413,0
150,-0.498618096174,0
151,-0.498459149229,0
152,-0.498357122554,0
153,-0.498330222979,0
154,-0.49838538301,0
155,-0.498516550639,0
156,-0.498705304654,0
157,-0.498921969827,0
158,-0.499130489829,0
159,-0.499294922551,0
160,-0.49938581462,0
161,-0.49938581462,0
162,-0.499294922551,0
163,-0.499130489829,0
164,-0.498921969827,0
165,-0.498705304654,0
166,-0.498516550639,0
167,-0.49838538301,0
168,-0.498330222979,0
169,-0.498357122554,0
170,-0.498459149229,0
171,-0.498618096174,0
172,-0.498810596413,0
173,-0.499009019363,0
174,-0.499185954365,0
175,-0.499318093678,0
176,-0.499388508221,0
177,-0.499388508221,0
178,-0.499318093678,0
179,-0.499185954365,0
180,-0.499009019363,0
181,-0.498810596413,0
182,-0.498618096174,0
183,-0.498459149229,0
184,-0.498357122554,0
185,-0.498330222979,0
186,-0.49838538301,0
187,-0.498516550639,0
188,-0.498705304654,0
189,-0.498921969827,0
190,-0.499130489829,0
191,-0.499294922551,0
192,-0.49938581462,0
193,-0.49938581462,0
194,-0.499294922551,0
195,-0.499130489829,0
196,-0.498921969827,0
197,-0.498705304654,0
198,-0.498516550639,0
199,-0.49838538301,0
200,-0.498330222979,0
201,-0.498357122554,0
202,-0.498459149229,0
203,-0.498618096174,0
204,-0.498810596413,0
205,-0.499009019363,0
206,-0.499185954365,0
207,-0.499318093678,0
208,-0.499388508221,0
209,-0.499388508221,0
210,-0.499318093678,0
211,-0.499185954365,0
212,-0.499009019363,0
213,-0.498810596413,0
214,-0.498618096174,0
215,-0.498459149229,0
216,-0.498357122554,0
217,-0.498330222979,0
218,-0.49838538301,0
219,-0.498516550639,0
220,-0.498705304654,0
221,-0.498921969827,0
222,-0.499130489829,0
223,-0.499294922551,0
224,-0.49938581462,0
225,-0.49938581462,0
226,-0.499294922551,0
227,-0.499130489829,0
228,-0.498921969827,0
229,-0.498705304654,0
230,-0.498516550639,0
231,-0.49838538301,0
232,-0.498330222979,0
233,-0.498357122554,0
234,-0.498459149229,0
235,-0.498618096174,0
236,-0.498810596413,0
237,-0.499009019363,0
238,-0.499185954365,0
239,-0.499318093678,0
240,-0.499388508221,0
241,-0.499388508221,0
242,-0.499318093678,0
243,-0.499185954365,0
244,-0.499009019363,0
245,-0.498810596413,0
246,-0.498618096174,0
247,-0.498459149229,0
248,-0.498357122554,0
249,-0.498330222979,0
250,-0.49838538301,0
251,-0.498516550639,0
252,-0.498705304654,0
253,-0.498921969827,0
254,-0.499130489829,0
255,-0.499294922551,0
256,-0.49938581462,0
257,-0.49938581462,0
258,-0.499294922551,0
259,-0.499130489829,0
260,-0.498921969827,0
261,-0.498705304654,0
262,-0.498516550639,0
263,-0.49838538301,0
264,-0.498330222979,0
265,-0.498357122554,0
266,-0.498459149229,0
267,-0.498618096174,0
268,-0.498810596413,0
269,-0.499009019363,0
270,-0.499185954365,0
271,-0.499318093678,0
272,-0.499388508221,0
273,-0.499388508221,0
274,-0.499318093678,0
275,-0.499185954365,0
276,-0.499009019363,0
277,-0.498810596413,0
278,-0.498618096174,0
279,-0.498459149229,0
280,-0.498357122554,0
281,-0.498330222979,0
282,-0.49838538301,0
283,-0.498516550639,0
284,-0.498705304654,0
285,-0.498921969827,0
286,-0.499130489829,0
287,-0.499294922551,0
288,-0.49938581462,0
289,-0.49938581462,0
290,-0.499294922551,0
291,-0.499130489829,0
292,-0.498921969827,0
293,-0.498705304654,0
294,-0.498516550639,0
295,-0.49838538301,0
296,-0.498330222979,0
297,-0.498357122554,0
298,-0.498459149229,0
299,-0.498618096174,0
300,-0.498810596413,0
301,-0.499009019363,0
302,-0.499185954365,0
303,-0.499318093678,0
304,-0.499388508221,0
305,-0.499388508221,0
306,-0.499318093678,0
307,-0.499185954365,0
308,-0.499009019363,0
309,-0.498810596413,0
310,-0.498618096174,0
311,-0.498459149229,0
312,-0.498357122554,0
313,-0.498330222979,0
314,-0.49838538301,0
315,-0.498516550639,0
316,-0.498705304654,0
317,-0.498921969827,0
318,-0.499130489829,0
319,-0.499294922551,0
320,-0.49938581462,0
321,-0.49938581462,0
322,-0.499294922551,0
323,-0.499130489829,0
324,-0.498921969827,0
325,-0.498705304654,0
326,-0.498516550639,0
327,-0.49838538301,0
328,-0.498330222979,0
329,-0.498357122554,0
330,-0.498459149229,0
331,-0.498618096174,0
332,-0.498810596413,0
333,-0.499009019363,0
334,-0.499185954365,0
335,-0.499318093678,0
336,-0.499388508221,0
337,-0.499388508221,0
338,-0.499318093678,0
339,-0.499185954365,0
340,-0.499009019363,0
341,-0.498810596413,0
342,-0.498618096174,0
343,-0.498459149229,0
344,-0.498357122554,0
345,-0.498330222979,0
346,-0.49838538301,0
347,-0.498516550639,0
348,-0.498705304654,0
349,-0.498921969827,0
350,-0.499130489829,0
351,-0.499294922551,0
352,-0.49938581462,0
353,-0.49938581462,0
354,-0.499294922551,0
355,-0.499130489829,0
356,-0.498921969827,0
357,-0.498705304654,0
358,-0.498516550639,0
359,-0.49838538301,0
360,-0.498330222979,0
361,-0.498357122554,0
362,-0.498459149229,0
363,-0.498618096174,0
364,-0.498810596413,0
365,-0.499009019363,0
366,-0.499185954365,0
367,-0.499318093678,0
368,-0.499388508221,0
369,-0.499388508221,0
370,-0.499318093678,0
371,-0.499185954365,0
372,-0.499009019363,0
373,-0.498810596413,0
374,-0.498618096174,0
375,-0.498459149229,0
376,-0.498357122554,0
377,-0.498330222979,0
378,-0.49838538301,0
379,-0.498516550639,0
380,-0.498705304654,0
381,-0.498921969827,0
382,-0.499130489829,0
383,-0.499294922551,0
384,-0.49938581462,0
385,-0.49938581462,0
386,-0.499294922551,0
387,-0.499130489829,0
388,-0.498921969827,0
389,-0.498705304654,0
390,-0.498516550639,0
391,-0.49838538301,0
392,-0.498330222979,0
393,-0.498357122554,0
394,-0.498459149229,0
395,-0.498618096174,0
396,-0.498810596413,0
397,-0.499009019363,0
398,-0.499185954365,0
399,-0.499318093678,0
400,-0.499388508221,0
401,-0.499388508221,0
402,-0.499318093678,0
403,-0.499185954365,0
404,-0.499009019363,0
405,-0.498810596413,0
406,-0.498618096174,0
407,-0.498459149229,0
408,-0.498357122554,0
409,-0.498330222979,0
410,-0.49838538301,0
411,-0.498516550639,0
412,-0.498705304654,0
413,-0.498921969827,0
414,-0.499130489829,0
415,-0.499294922551,0
416,-0.49938581462,0
417,-0.49938581462,0
418,-0.499294922551,0
419,-0.499130489829,0
420,-0.498921969827,0
421,-0.498705304654,0
422,-0.498516550639,0
423,-0.49838538301,0
424,-0.498330222979,0
425,-0.498357122554,0
426,-0.498459149229,0
427,-0.498618096174,0
428,-0.498810596413,0
429,-0.499009019363,0
430,-0.499185954365,0
431,-0.499318093678,0
432,-0.499388508221,0
433,-0.499388508221,0
434,-0.499318093678,0
435,-0.499185954365,0
436,-0.499009019363,0
437,-0.498810596413,0
438,-0.498618096174,0
439,-0.498459149229,0
440,-0.498357122554,0
441,-0.498330222979,0
442,-0.49838538301,0
443,-0.498516550639,0
444,-0.498705304654,0
445,-0.498921969827,0
446,-0.499130489829,0
447,-0.499294922551,0
448,-0.49938581462,0
449,-0.49938581462,0
450,-0.499294922551,0
451,-0.499130489829,0
452,-0.498921969827,0
453,-0.498705304654,0
454,-0.498516550639,0
455,-0.49838538301,0
456,-0.498330222979,0
457,-0.498357122554,0
458,-0.498459149229,0
459,-0.498618096174,0
460,-0.498810596413,0
461,-0.499009019363,0
462,-0.499185954365,0
463,-0.499318093678,0
464,-0.499388508221,0
465,-0.499388508221,0
466,-0.499318093678,0
467,-0.499185954365,0
468,-0.499009019363,0
469,-0.498810596413,0
470,-0.498618096174,0
471,-0.498459149229,0
472,-0.498357122554,0
473,-0.498330222979,0
474,-0.49838538301,0
475,-0.498516550639,0
476,-0.498705304654,0
477,-0.498921969827,0
478,-0.499130489829,0
479,-0.499294922551,0
480,-0.49938581462,0
481,-0.49938581462,0
482,-0.499294922551,0
483,-0.499130489829,0
484,-0.498921969827,0
485,-0.498705304654,0
486,-0.498516550639,0
487,-0.49838538301,0
488,-0.498330222979,0
489,-0.498357122554,0
490,-0.498459149229,0
491,-0.498618096174,0
492,-0.498810596413,0
493,-0.499009019363,0
494,-0.499185954365,0
495,-0.499318093678,0
496,-0.499388508221,0
497,-0.499388508221,0
498,-0.499318093678,0
499,-0.499185954365,0
500,-0.499009019363,0
501,-0.498810596413,0
502,-0.498618096174,0
503,-0.498459149229,0
504,-0.498357122554,0
505,-0.498330222979,0
506,-0.49838538301,0
507,-0.498516550639,0
508,-0.498705304654,0
509,-0.498921969827,0
510,-0.499130489829,0
511,-0.499294922551,0
512,-0.49938581462,0
513,-0.49938581462,0
514,-0.499294922551,0
515,-0.499130489829,0
516,-0.498921969827,0
517,-0.498705304654,0
518,-0.498516550639,0
519,-0.49838538301,0
520,-0.498330222979,0
521,-0.498357122554,0
522,-0.498459149229,0
523,-0.498618096174,0
524,-0.498810596413,0
525,-0.499009019363,0
526,-0.499185954365,0
527,-0.499318093678,0
528,-0.499388508221,0
529,-0.499388508221,0
530,-0.499318093678,0
531,-0.499185954365,0
532,-0.499009019363,0
533,-0.498810596413,0
534,-0.498618096174,0
535,-0.498459149229,0
536,-0.498357122554,0
537,-0.498330222979,0
538,-0.49838538301,0
539,-0.498516550639,0
540,-0.498705304654,0
541,-0.498921969827,0
542,-0.499130489829,0
543,-0.499294922551,0
544,-0.49938581462,0
545,-0.49938581462,0
546,-0.499294922551,0
547,-0.499130489829,0
548,-0.498921969827,0
549,-0.498705304654,0
550,-0.498516550639,0
551,-0.49838538301,0
552,-0.498330222979,0
553,-0.498357122554,0
554,-0.498459149229,0
555,-0.498618096174,0
556,-0.498810596413,0
557,-0.499009019363,0
558,-0.499185954365,0
559,-0.499318093678,0
560,-0.499388508221,0
561,-0.499388508221,0
562,-0.499318093678,0
563,-0.499185954365,0
564,-0.499009019363,0
565,-0.498810596413,0
566,-0.498618096174,0
567,-0.498459149229,0
568,-0.498357122554,0
569,-0.498330222979,0
570,-0.49838538301,0
571,-0.498516550639,0
572,-0.498705304654,0
573,-0.498921969827,0
574,-0.499130489829,0
575,-0.499294922551,0
576,-0.49938581462,0
577,-0.49938581462,0
578,-0.499294922551,0
579,-0.499130489829,0
580,-0.498921969827,0
581,-0.498705304654,0
582,-0.498516550639,0
583,-0.49838538301,0
584,-0.498330222979,0
585,-0.498357122554,0
586,-0.498459149229,0
587,-0.498618096174,0
588,-0.498810596413,0
589,-0.499009019363,0
590,-0.499185954365,0
591,-0.499318093678,0
592,-0.499388508221,0
593,-0.499388508221,0
594,-0.499318093678,0
595,-0.499185954365,0
596,-0.499009019363,0
597,-0.498810596413,0
598,-0.498618096174,0
599,-0.498459149229,0
600,-0.498357122554,0
601,-0.498330222979,0
602,-0.49838538301,0
603,-0.498516550639,0
604,-0.498705304654,0
605,-0.498921969827,0
606,-0.499130489829,0
607,-0.499294922551,0
608,-0.49938581462,0
609,-0.49938581462,0
610,-0.499294922551,0
611,-0.499130489829,0
612,-0.498921969827,0
613,-0.498705304654,0
614,-0.498516550639,0
615,-0.49838538301,0
616,-0.498330222979,0
617,-0.498357122554,0
618,-0.498459149229,0
619,-0.498618096174,0
620,-0.498810596413,0
621,-0.499009019363,0
622,-0.499185954365,0
623,-0.499318093678,0
624,-0.499388508221,0
625,-0.499388508221,0
626,-0.499318093678,0
627,-0.499185954365,0
628,-0.499009019363,0
629,-0.498810596413,0
630,-0.498618096174,0
631,-0.498459149229,0
632,-0.498357122554,0
633,-0.498330222979,0
634,-0.49838538301,0
635,-0.498516550639,0
636,-0.498705304654,0
637,-0.498921969827,0
638,-0.499130489829,0
639,-0.499294922551,0
640,-0.49938581462,0
641,-0.49938581462,0
642,-0.499294922551,0
643,-0.499130489829,0
644,-0.498921969827,0
645,-0.498705304654,0
646,-0.498516550639,0
647,-0.49838538301,0
648,-0.498330222979,0
649,-0.498357122554,0
650,-0.498459149229,0
651,-0.498618096174,0
652,-0.498810596413,0
653,-0.499009019363,0
654,-0.499185954365,0
655,-0.499318093678,0
656,-0.499388508221,0
657,-0.499388508221,0
658,-0.499318093678,0
659,-0.499185954365,0
660,-0.499009019363,0
661,-0.498810596413,0
662,-0.498618096174,0
663,-0.498459149229,0
664,-0.498357122554,0
665,-0.498330222979,0
666,-0.49838538301,0
667,-0.498516550639,0
668,-0.498705304654,0
669,-0.498921969827,0
670,-0.499130489829,0
671,-0.499294922551,0
672,-0.49938581462,0
673,-0.49938581462,0
674,-0.499294922551,0
675,-0.499130489829,0
676,-0.498921969827,0
677,-0.498705304654,0
678,-0.498516550639,0
679,-0.49838538301,0
680,-0.498330222979,0
681,-0.498357122554,0
682,-0.498459149229,0
683,-0.498618096174,0
684,-0.498810596413,0
685,-0.499009019363,0
686,-0.499185954365,0
687,-0.499318093678,0
688,-0.499388508221,0
689,-0.499388508221,0
690,-0.499318093678,0
691,-0.499185954365,0
692,-0.499009019363,0
693,-0.498810596413,0
694,-0.498618096174,0
695,-0.498459149229,0
696,-0.498357122554,0
697,-0.498330222979,0
698,-0.49838538301,0
699,-0.498516550639,0
700,-0.498705304654,0
701,-0.498921969827,0
702,-0.499130489829,0
703,-0.499294922551,0
704,-0.49938581462,0
705,-0.49938581462,0
706,-0.499294922551,0
707,-0.499130489829,0
708,-0.498921969827,0
709,-0.498705304654,0
710,-0.498516550639,0
711,-0.49838538301,0
712,-0.498330222979,0
713,-0.498357122554,0
714,-0.498459149229,0
715,-0.498618096174,0
716,-0.498810596413,0
717,-0.499009019363,0
718,-0.499185954365,0
719,-0.499318093678,0
720,-0.499388508221,0
721,-0.499388508221,0
722,-0.499318093678,0
723,-0.499185954365,0
724,-0.499009019363,0
725,-0.498810596413,0
726,-0.498618096174,0
727,-0.498459149229,0
728,-0.498357122554,0
729,-0.498330222979,0
730,-0.49838538301,0
731,-0.498516550639,0
732,-0.498705304654,0
733,-0.498921969827,0
734,-0.499130489829,0
735,-0.499294922551,0
736,-0.49938581462,0
737,-0.49938581462,0
738,-0.499294922551,0
739,-0.499130489829,0
740,-0.498921969827,0
741,-0.498705304654,0
742,-0.498516550639,0
743,-0.49838538301,0
744,-0.498330222979,0
745,-0.498357122554,0
746,-0.498459149229,0
747,-0.498618096174,0
748,-0.498810596413,0
749,-0.499009019363,0
750,-0.499185954365,0
751,-0.499318093678,0
752,-0.499388508221,0
753,-0.499388508221,0
754,-0.499318093678,0
755,-0.499185954365,0
756,-0.499009019363,0
757,-0.498810596413,0
758,-0.498618096174,0
759,-0.498459149229,0
760,-0.498357122554,0
761,-0.498330222979,0
762,-0.49838538301,0
763,-0.498516550639,0
764,-0.498705304654,0
765,-0.498921969827,0
766,-0.499130489829,0
767,-0.499294922551,0
768,-0.49938581462,0
769,-0.49938581462,0
770,-0.499294922551,0
771,-0.499130489829,0
772,-0.498921969827,0
773,-0.498705304654,0
774,-0.498516550639,0
775,-0.49838538301,0
776,-0.498330222979,0
777,-0.498357122554,0
778,-0.498459149229,0
779,-0.498618096174,0
780,-0.498810596413,0
781,-0.499009019363,0
782,-0.499185954365,0
783,-0.499318093678,0
784,-0.499388508222,0
785,-0.499388508221,0
786,-0.499318093678,0
787,-0.499185954365,0
788,-0.499009019363,0
789,-0.498810596413,0
790,-0.498618096174,0
791,-0.498459149229,0
792,-0.498357122554,0
793,-0.498330222979,0
794,-0.49838538301,0
795,-0.498516550639,0
796,-0.498705304654,0
797,-0.498921969827,0
798,-0.499130489829,0
799,-0.499294922551,0
800,-0.49938581462,0
801,-0.49938581462,0
802,-0.499294922551,0
803,-0.499130489829,0
804,-0.498921969827,0
805,-0.498705304654,0
806,-0.498516550639,0
807,-0.49838538301,0
808,-0.498330222979,0
809,-0.498357122554,0
810,-0.498459149229,0
811,-0.498618096174,0
812,-0.498810596413,0
813,-0.499009019363,0
814,-0.499185954365,0
815,-0.499318093678,0
816,-0.499388508221,0
817,-0.499388508221,0
818,-0.499318093678,0
819,-0.499185954365,0
820,-0.499009019363,0
821,-0.498810596413,0
822,-0.498618096174,0
823,-0.498459149229,0
824,-0.498357122554,0
825,-0.498330222979,0
826,-0.49838538301,0
827,-0.498516550639,0
828,-0.498705304654,0
829,-0.498921969827,0
830,-0.499130489829,0
831,-0.499294922551,0
832,-0.49938581462,0
833,-0.49938581462,0
834,-0.499294922551,0
835,-0.499130489829,0
836,-0.498921969827,0
837,-0.498705304654,0
838,-0.498516550639,0
839,-0.49838538301,0
840,-0.498330222979,0
841,-0.498357122554,0
842,-0.498459149229,0
843,-0.498618096174,0
844,-0.498810596413,0
845,-0.499009019363,0
846,-0.499185954365,0
847,-0.499318093678,0
848,-0.499388508221,0
849,-0.499388508221,0
850,-0.499318093678,0
851,-0.499185954365,0
852,-0.499009019363,0
853,-0.498810596413,0
854,-0.498618096174,0
855,-0.498459149229,0
856,-0.498357122554,0
857,-0.498330222979,0
858,-0.49838538301,0
859,-0.498516550639,0
860,-0.498705304654,0
861,-0.498921969827,0
862,-0.499130489829,0
863,-0.499294922551,0
864,-0.49938581462,0
865,-0.49938581462,0
866,-0.499294922551,0
867,-0.499130489829,0
868,-0.498921969827,0
869,-0.498705304654,0
870,-0.498516550639,0
871,-0.49838538301,0
872,-0.498330222979,0
873,-0.498357122554,0
874,-0.498459149229,0
875,-0.498618096174,0
876,-0.498810596413,0
877,-0.499009019363,0
878,-0.499185954365,0
879,-0.499318093678,0
880,-0.499388508222,0
881,-0.499388508221,0
882,-0.499318093678,0
883,-0.499185954365,0
884,-0.499009019363,0
885,-0.498810596413,0
886,-0.498618096174,0
887,-0.498459149229,0
888,-0.498357122554,0
889,-0.498330222979,0
890,-0.49838538301,0
891,-0.498516550639,0
892,-0.498705304654,0
893,-0.498921969827,0
894,-0.499130489829,0
895,-0.499294922551,0
896,-0.49938581462,0
897,-0.49938581462,0
898,-0.499294922551,0
899,-0.499130489829,0
900,-0.498921969827,0
901,-0.498705304654,0
902,-0.498516550639,0
903,-0.49838538301,0
904,-0.498330222979,0
905,-0.498357122554,0
906,-0.498459149229,0
907,-0.498618096174,0
908,-0.498810596413,0
909,-0.499009019363,0
910,-0.499185954365,0
911,-0.499318093678,0
912,-0.499388508221,0
913,-0.499388508221,0
914,-0.499318093678,0
915,-0.499185954365,0
916,-0.499009019363,0
917,-0.498810596413,0
918,-0.498618096174,0
919,-0.498459149229,0
920,-0.498357122554,0
921,-0.498330222979,0
922,-0.49838538301,0
923,-0.498516550639,0
924,-0.498705304654,0
925,-0.498921969827,0
926,-0.499130489829,0
927,-0.499294922551,0
928,-0.49938581462,0
929,-0.49938581462,0
930,-0.499294922551,0
931,-0.499130489829,0
932,-0.498921969827,0
933,-0.498705304654,0
934,-0.498516550639,0
935,-0.49838538301,0
936,-0.498330222979,0
937,-0.498357122554,0
938,-0.498459149229,0
939,-0.498618096174,0
940,-0.498810596413,0
941,-0.499009019363,0
942,-0.499185954365,0
943,-0.499318093678,0
944,-0.499388508222,0
945,-0.499388508221,0
946,-0.499318093678,0
947,-0.499185954365,0
948,-0.499009019363,0
949,-0.498810596413,0
950,-0.498618096174,0
951,-0.498459149229,0
952,-0.498357122554,0
953,-0.498330222979,0
954,-0.49838538301,0
955,-0.498516550639,0
956,-0.498705304654,0
957,-0.498921969827,0
958,-0.499130489829,0
959,-0.499294922551,0
960,-0.49938581462,0
961,-0.49938581462,0
962,-0.499294922551,0
963,-0.499130489829,0
964,-0.498921969827,0
965,-0.498705304654,0
966,-0.498516550639,0
967,-0.49838538301,0
968,-0.498330222979,0
969,-0.498357122554,0
970,-0.498459149229,0
971,-0.498618096174,0
972,-0.498810596413,0
973,-0.499009019363,0
974,-0.499185954365,0
975,-0.499318093678,0
976,-0.499388508221,0
977,-0.499388508221,0
978,-0.499318093678,0
979,-0.499185954365,0
980,-0.499009019363,0
981,-0.498810596413,0
982,-0.498618096174,0
983,-0.498459149229,0
984,-0.498357122554,0
985,-0.498330222979,0
986,-0.49838538301,0
987,-0.498516550639,0
988,-0.498705304654,0
989,-0.498921969827,0
990,-0.499130489829,0
991,-0.499294922551,0
992,-0.49938581462,0
993,-0.49938581462,0
994,-0.499294922551,0
995,-0.499130489829,0
996,-0.498921969827,0
997,-0.498705304654,0
998,-0.498516550639,0
999,-0.49838538301,0
1000,-0.498330222979,0
1001,-0.498357122554,0
1002,-0.498459149229,0
1003,-0.498618096174,0
1004,-0.498810596413,0
1005,-0.499009019363,0
1006,-0.499185954365,0
1007,-0.499318093678,0
1008,-0.499388508221,0
1009,-0.499388508221,0
1010,-0.499318093678,0
1011,-0.499185954365,0
1012,-0.499009019363,0
1013,-0.498810596413,0
1014,-0.498618096174,0
1015,-0.498459149229,0
1016,-0.498357122554,0
1017,-0.498330222979,0
1018,-0.49838538301,0
1019,-0.498516550639,0
1020,-0.498705304654,0
1021,-0.498921969827,0
1022,-0.499130489829,0
1023,-0.499294922551,0
1024,-0.49938581462,0
1025,-0.49938581462,0
1026,-0.499294922551,0
1027,-0.499130489829,0
1028,-0.498921969827,0
1029,-0.498705304654,0
1030,-0.498516550639,0
1031,-0.49838538301,0
1032,-0.498330222979,0
1033,-0.498357122554,0
1034,-0.498459149229,0
1035,-0.498618096174,0
1036,-0.498810596413,0
1037,-0.499009019363,0
1038,-0.499185954365,0
1039,-0.499318093678,0
1040,-0.499388508221,0
1041,-0.499388508221,0
1042,-0.499318093678,0
1043,-0.499185954365,0
1044,-0.499009019363,0
1045,-0.498810596413,0
1046,-0.498618096174,0
1047,-0.498459149229,0
1048,-0.498357122554,0
1049,-0.498330222979,0
1050,-0.49838538301,0
1051,-0.498516550639,0
1052,-0.498705304654,0
1053,-0.498921969827,0
1054,-0.499130489829,0
1055,-0.499294922551,0
1056,-0.49938581462,0
1057,-0.49938581462,0
1058,-0.499294922551,0
1059,-0.499130489829,0
1060,-0.498921969827,0
1061,-0.498705304654,0
1062,-0.498516550639,0
1063,-0.49838538301,0
1064,-0.498330222979,0
1065,-0.498357122554,0
1066,-0.498459149229,0
1067,-0.498618096174,0
1068,-0.498810596413,0
1069,-0.499009019363,0
1070,-0.499185954365,0
1071,-0.499318093678,0
1072,-0.499388508221,0
1073,-0.499388508221,0
1074,-0.499318093678,0
1075,-0.499185954365,0
1076,-0.499009019363,0
1077,-0.498810596413,0
1078,-0.498618096174,0
1079,-0.498459149229,0
1080,-0.498357122554,0
1081,-0.498330222979,0
1082,-0.49838538301,0
1083,-0.498516550639,0
1084,-0.498705304654,0
1085,-0.498921969827,0
1086,-0.499130489829,0
1087,-0.499294922551,0
1088,-0.49938581462,0
1089,-0.49938581462,0
1090,-0.499294922551,0
1091,-0.499130489829,0
1092,-0.498921969827,0
1093,-0.498705304654,0
1094,-0.498516550639,0
1095,-0.49838538301,0
1096,-0.498330222979,0
1097,-0.498357122554,0
1098,-0.498459149229,0
1099,-0.498618096174,0
1100,-0.498810596413,0
1101,-0.499009019363,0
1102,-0.499185954365,0
1103,-0.499318093678,0
1104,-0.499388508221,0
1105,-0.499388508221,0
1106,-0.499318093678,0
1107,-0.499185954365,0
1108,-0.499009019363,0
1109,-0.498810596413,0
1110,-0.498618096174,0
1111,-0.498459149229,0
1112,-0.498357122554,0
1113,-0.498330222979,0
1114,-0.49838538301,0
1115,-0.498516550639,0
1116,-0.498705304654,0
1117,-0.498921969827,0
1118,-0.499130489829,0
1119,-0.499294922551,0
1120,-0.49938581462,0
1121,-0.49938581462,0
1122,-0.499294922551,0
1123,-0.499130489829,0
1124,-0.498921969827,0
1125,-0.498705304654,0
1126,-0.498516550639,0
1127,-0.49838538301,0
1128,-0.498330222979,0
1129,-0.498357122554,0
1130,-0.498459149229,0
1131,-0.498618096174,0
1132,-0.498810596413,0
1133,-0.499009019363,0
1134,-0.499185954365,0
1135,-0.499318093678,0
1136,-0.499388508221,0
1137,-0.499388508221,0
1138,-0.499318093678,0
1139,-0.499185954365,0
1140,-0.499009019363,0
1141,-0.498810596413,0
1142,-0.498618096174,0
1143,-0.498459149229,0
1144,-0.498357122554,0
1145,-0.498330222979,0
1146,-0.49838538301,0
1147,-0.498516550639,0
1148,-0.498705304654,0
1149,-0.498921969827,0
1150,-0.499130489829,0
1151,-0.499294922551,0
1152,-0.49938581462,0
1153,-0.49938581462,0
1154,-0.499294922551,0
1155,-0.499130489829,0
1156,-0.498921969827,0
1157,-0.498705304654,0
1158,-0.498516550639,0
1159,-0.49838538301,0
1160,-0.498330222979,0
1161,-0.498357122554,0
1162,-0.498459149229,0
1163,-0.498618096174,0
1164,-0.498810596413,0
1165,-0.499009019363,0
1166,-0.499185954365,0
1167,-0.499318093678,0
1168,-0.499388508221,0
1169,-0.499388508221,0
1170,-0.499318093678,0
1171,-0.499185954365,0
1172,-0.499009019363,0
1173,-0.498810596413,0
1174,-0.498618096174,0
1175,-0.498459149229,0
1176,-0.498357122554,0
1177,-0.498330222979,0
1178,-0.49838538301,0
1179,-0.498516550639,0
1180,-0.498705304654,0
1181,-0.498921969827,0
1182,-0.499130489829,0
1183,-0.499294922551,0
1184,-0.49938581462,0
1185,-0.49938581462,0
1186,-0.499294922551,0
1187,-0.499130489829,0
1188,-0.498921969827,0
1189,-0.498705304654,0
1190,-0.498516550639,0
1191,-0.49838538301,0
1192,-0.498330222979,0
1193,-0.498357122554,0
1194,-0.498459149229,0
1195,-0.498618096174,0
1196,-0.498810596413,0
1197,-0.499009019363,0
1198,-0.499185954365,0
1199,-0.499318093678,0
1200,-0.499388508221,0
1201,-0.499388508221,0
1202,-0.499318093678,0
1203,-0.499185954365,0
1204,-0.499009019363,0
1205,-0.498810596413,0
1206,-0.498618096174,0
1207,-0.498459149229,0
1208,-0.498357122554,0
1209,-0.498330222979,0
1210,-0.49838538301,0
1211,-0.498516550639,0
1212,-0.498705304654,0
1213,-0.498921969827,0
1214,-0.499130489829,0
1215,-0.499294922551,0
1216,-0.49938581462,0
1217,-0.49938581462,0
1218,-0.499294922551,0
1219,-0.499130489829,0
1220,-0.498921969827,0
1221,-0.498705304654,0
1222,-0.498516550639,0
1223,-0.49838538301,0
1224,-0.498330222979,0
1225,-0.498357122554,0
1226,-0.498459149229,0
1227,-0.498618096174,0
1228,-0.498810596413,0
1229,-0.499009019363,0
1230,-0.499185954365,0
1231,-0.499318093678,0
1232,-0.499388508221,0
1233,-0.499388508221,0
1234,-0.499318093678,0
1235,-0.499185954365,0
1236,-0.499009019363,0
1237,-0.498810596413,0
1238,-0.498618096174,0
1239,-0.498459149229,0
1240,-0.498357122554,0
1241,-0.498330222979,0
1242,-0.49838538301,0
1243,-0.498516550639,0
1244,-0.498705304654,0
1245,-0.498921969827,0
1246,-0.499130489829,0
1247,-0.499294922551,0
1248,-0.49938581462,0
1249,-0.49938581462,0
1250,-0.499294922551,0
1251,-0.499130489829,0
1252,-0.498921969827,0
1253,-0.498705304654,0
1254,-0.498516550639,0
1255,-0.49838538301,0
1256,-0.498330222979,0
1257,-0.498357122554,0
1258,-0.498459149229,0
1259,-0.498618096174,0
1260,-0.498810596413,0
1261,-0.499009019363,0
1262,-0.499185954365,0
1263,-0.499318093678,0
1264,-0.499388508221,0
1265,-0.499388508221,0
1266,-0.499318093678,0
1267,-0.499185954365,0
1268,-0.499009019363,0
1269,-0.498810596413,0
1270,-0.498618096174,0
1271,-0.498459149229,0
1272,-0.498357122554,0
1273,-0.498330222979,0
1274,-0.49838538301,0
1275,-0.498516550639,0
1276,-0.498705304654,0
1277,-0.498921969827,0
1278,-0.499130489829,0
1279,-0.499294922551,0
1280,-0.49938581462,0
1281,-0.49938581462,0
1282,-0.499294922551,0
1283,-0.499130489829,0
1284,-0.498921969827,0
1285,-0.498705304654,0
1286,-0.498516550639,0
1287,-0.49838538301,0
1288,-0.498330222979,0
1289,-0.498357122554,0
1290,-0.498459149229,0
1291,-0.498618096174,0
1292,-0.498810596413,0
1293,-0.499009019363,0
1294,-0.499185954365,0
1295,-0.499318093678,0
1296,-0.499388508221,0
1297,-0.499388508221,0
1298,-0.499318093678,0
1299,-0.499185954365,0
1300,-0.499009019363,0
1301,-0.498810596413,0
1302,-0.498618096174,0
1303,-0.498459149229,0
1304,-0.498357122554,0
1305,-0.498330222979,0
1306,-0.49838538301,0
1307,-0.498516550639,0
1308,-0.498705304654,0
1309,-0.498921969827,0
1310,-0.499130489829,0
1311,-0.499294922551,0
1312,-0.49938581462,0
1313,-0.49938581462,0
1314,-0.499294922551,0
1315,-0.499130489829,0
1316,-0.498921969827,0
1317,-0.498705304654,0
1318,-0.498516550639,0
1319,-0.49838538301,0
1320,-0.498330222979,0
1321,-0.498357122554,0
1322,-0.498459149229,0
1323,-0.498618096174,0
1324,-0.498810596413,0
1325,-0.499009019363,0
1326,-0.499185954365,0
1327,-0.499318093678,0
1328,-0.499388508221,0
1329,-0.499388508221,0
1330,-0.499318093678,0
1331,-0.499185954365,0
1332,-0.499009019363,0
1333,-0.498810596413,0
1334,-0.498618096174,0
1335,-0.498459149229,0
1336,-0.498357122554,0
1337,-0.498330222979,0
1338,-0.49838538301,0
1339,-0.498516550639,0
1340,-0.498705304654,0
1341,-0.498921969827,0
1342,-0.499130489829,0
1343,-0.499294922551,0
1344,-0.49938581462,0
1345,-0.49938581462,0
1346,-0.499294922551,0
1347,-0.499130489829,0
1348,-0.498921969827,0
1349,-0.498705304654,0
1350,-0.498516550639,0
1351,-0.49838538301,0
1352,-0.498330222979,0
1353,-0.498357122554,0
1354,-0.498459149229,0
1355,-0.498618096174,0
1356,-0.498810596413,0
1357,-0.499009019363,0
1358,-0.499185954365,0
1359,-0.499318093678,0
1360,-0.499388508221,0
1361,-0.499388508221,0
1362,-0.499318093678,0
1363,-0.499185954365,0
1364,-0.499009019363,0
1365,-0.498810596413,0
1366,-0.498618096174,0
1367,-0.498459149229,0
1368,-0.498357122554,0
1369,-0.498330222979,0
1370,-0.49838538301,0
1371,-0.498516550639,0
1372,-0.498705304654,0
1373,-0.498921969827,0
1374,-0.499130489829,0
1375,-0.499294922551,0
1376,-0.49938581462,0
1377,-0.49938581462,0
1378,-0.499294922551,0
1379,-0.499130489829,0
1380,-0.498921969827,0
1381,-0.498705304654,0
1382,-0.498516550639,0
1383,-0.49838538301,0
1384,-0.498330222979,0
1385,-0.498357122554,0
1386,-0.498459149229,0
1387,-0.498618096174,0
1388,-0.498810596413,0
1389,-0.499009019363,0
1390,-0.499185954365,0
1391,-0.499318093678,0
1392,-0.499388508221,0
1393,-0.499388508221,0
1394,-0.499318093678,0
1395,-0.499185954365,0
1396,-0.499009019363,0
1397,-0.498810596413,0
1398,-0.498618096174,0
1399,-0.498459149229,0
1400,-0.498357122554,0
1401,-0.498330222979,0
1402,-0.49838538301,0
1403,-0.498516550639,0
1404,-0.498705304654,0
1405,-0.498921969827,0
1406,-0.499130489829,0
1407,-0.499294922551,0
1408,-0.49938581462,0
1409,-0.49938581462,0
1410,-0.499294922551,0
1411,-0.499130489829,0
1412,-0.498921969827,0
1413,-0.498705304654,0
1414,-0.498516550639,0
1415,-0.49838538301,0
1416,-0.498330222979,0
1417,-0.498357122554,0
1418,-0.498459149229,0
1419,-0.498618096174,0
1420,-0.498810596413,0
1421,-0.499009019363,0
1422,-0.499185954365,0
1423,-0.499318093678,0
1424,-0.499388508221,0
1425,-0.499388508221,0
1426,-0.499318093678,0
1427,-0.499185954365,0
1428,-0.499009019363,0
1429,-0.498810596413,0
1430,-0.498618096174,0
1431,-0.498459149229,0
1432,-0.498357122554,0
1433,-0.498330222979,0
1434,-0.49838538301,0
1435,-0.498516550639,0
1436,-0.498705304654,0
1437,-0.498921969827,0
1438,-0.499130489829,0
1439,-0.499294922551,0
1440,-0.49938581462,0
1441,-0.49938581462,0
1442,-0.499294922551,0
1443,-0.499130489829,0
1444,-0.498921969827,0
1445,-0.498705304654,0
1446,-0.498516550639,0
1447,-0.49838538301,0
1448,-0.498330222979,0
1449,-0.498357122554,0
1450,-0.498459149229,0
1451,-0.498618096174,0
1452,-0.498810596413,0
1453,-0.499009019363,0
1454,-0.499185954365,0
1455,-0.499318093678,0
1456,-0.499388508221,0
1457,-0.499388508221,0
1458,-0.499318093678,0
1459,-0.499185954365,0
1460,-0.499009019363,0
1461,-0.498810596413,0
1462,-0.498618096174,0
1463,-0.498459149229,0
1464,-0.498357122554,0
1465,-0.498330222979,0
1466,-0.49838538301,0
1467,-0.498516550639,0
1468,-0.498705304654,0
1469,-0.498921969827,0
1470,-0.499130489829,0
1471,-0.499294922551,0
1472,-0.49938581462,0
1473,-0.49938581462,0
1474,-0.499294922551,0
1475,-0.499130489829,0
1476,-0.498921969827,0
1477,-0.498705304654,0
1478,-0.498516550639,0
1479,-0.49838538301,0
1480,-0.498330222979,0
1481,-0.498357122554,0
1482,-0.498459149229,0
1483,-0.498618096174,0
1484,-0.498810596413,0
1485,-0.499009019363,0
1486,-0.499185954365,0
1487,-0.499318093678,0
1488,-0.499388508221,0
1489,-0.499388508221,0
1490,-0.499318093678,0
1491,-0.499185954365,0
1492,-0.499009019363,0
1493,-0.498810596413,0
1494,-0.498618096174,0
1495,-0.498459149229,0
1496,-0.498357122554,0
1497,-0.498330222979,0
1498,-0.49838538301,0
1499,-0.498516550639,0
1500,-0.498705304654,0
1501,-0.498921969827,0
1502,-0.499130489829,0
1503,-0.499294922551,0
1504,-0.49938581462,0
1505,-0.49938581462,0
1506,-0.499294922551,0
1507,-0.499130489829,0
1508,-0.498921969827,0
1509,-0.498705304654,0
1510,-0.498516550639,0
1511,-0.49838538301,0
1512,-0.498330222979,0
1513,-0.498357122554,0
1514,-0.498459149229,0
1515,-0.498618096174,0
1516,-0.498810596413,0
1517,-0.499009019363,0
1518,-0.499185954365,0
1519,-0.499318093678,0
1520,-0.499388508221,0
1521,-0.499388508221,0
1522,-0.499318093678,0
1523,-0.499185954365,0
1524,-0.499009019363,0
1525,-0.498810596413,0
1526,-0.498618096174,0
1527,-0.498459149229,0
1528,-0.498357122554,0
1529,-0.498330222979,0
1530,-0.49838538301,0
1531,-0.498516550639,0
1532,-0.498705304654,0
1533,-0.498921969827,0
1534,-0.499130489829,0
1535,-0.499294922551,0
1536,-0.49938581462,0
1537,-0.49938581462,0
1538,-0.499294922551,0
1539,-0.499130489829,0
1540,-0.498921969827,0
1541,-0.498705304654,0
1542,-0.498516550639,0
1543,-0.49838538301,0
1544,-0.498330222979,0
1545,-0.498357122554,0
1546,-0.498459149229,0
1547,-0.498618096174,0
1548,-0.498810596413,0
1549,-0.499009019363,0
1550,-0.499185954365,0
1551,-0.499318093678,0
1552,-0.499388508221,0
1553,-0.499388508221,0
1554,-0.499318093678,0
1555,-0.499185954365,0
1556,-0.499009019363,0
1557,-0.498810596413,0
1558,-0.498618096174,0
1559,-0.498459149229,0
1560,-0.498357122554,0
1561,-0.498330222979,0
1562,-0.49838538301,0
1563,-0.498516550639,0
1564,-0.498705304654,0
1565,-0.498921969827,0
1566,-0.499130489829,0
1567,-0.499294922551,0
1568,-0.49938581462,0
1569,-0.49938581462,0
1570,-0.499294922551,0
1571,-0.499130489829,0
1572,-0.498921969827,0
1573,-0.498705304654,0
1574,-0.498516550639,0
1575,-0.49838538301,0
1576,-0.498330222979,0
1577,-0.498357122554,0
1578,-0.498459149229,0
1579,-0.498618096174,0
1580,-0.498810596413,0
1581,-0.499009019363,0
1582,-0.499185954365,0
1583,-0.499318093678,0
1584,-0.499388508221,0
1585,-0.499388508221,0
1586,-0.499318093678,0
1587,-0.499185954365,0
1588,-0.499009019363,0
1589,-0.498810596413,0
1590,-0.498618096174,0
1591,-0.498459149229,0
1592,-0.498357122554,0
1593,-0.498330222979,0
1594,-0.49838538301,0
1595,-0.498516550639,0
1596,-0.498705304654,0
1597,-0.498921969827,0
1598,-0.499130489829,0
1599,-0.499294922551,0
1600,-0.49938581462,0
1601,-0.49938581462,0
1602,-0.499294922551,0
1603,-0.499130489829,0
1604,-0.498921969827,0
1605,-0.498705304654,0
1606,-0.498516550639,0
1607,-0.49838538301,0
1608,-0.498330222979,0
1609,-0.498357122554,0
1610,-0.498459149229,0
1611,-0.498618096174,0
1612,-0.498810596413,0
1613,-0.499009019363,0
1614,-0.499185954365,0
1615,-0.499318093678,0
1616,-0.499388508222,0
1617,-0.499388508221,0
1618,-0.499318093678,0
1619,-0.499185954365,0
1620,-0.499009019363,0
1621,-0.498810596413,0
1622,-0.498618096174,0
1623,-0.498459149229,0
1624,-0.498357122554,0
1625,-0.498330222979,0
1626,-0.49838538301,0
1627,-0.498516550639,0
1628,-0.498705304654,0
1629,-0.498921969827,0
1630,-0.499130489829,0
1631,-0.499294922551,0
1632,-0.49938581462,0
1633,-0.49938581462,0
1634,-0.499294922551,0
1635,-0.499130489829,0
1636,-0.498921969827,0
1637,-0.498705304654,0
1638,-0.498516550639,0
1639,-0.49838538301,0
1640,-0.498330222979,0
1641,-0.498357122554,0
1642,-0.498459149229,0
1643,-0.498618096174,0
1644,-0.498810596413,0
1645,-0.499009019363,0
1646,-0.499185954365,0
1647,-0.499318093678,0
1648,-0.499388508221,0
1649,-0.499388508221,0
1650,-0.499318093678,0
1651,-0.499185954365,0
1652,-0.499009019363,0
1653,-0.498810596413,0
1654,-0.498618096174,0
1655,-0.498459149229,0
1656,-0.498357122554,0
1657,-0.498330222979,0
1658,-0.49838538301,0
1659,-0.498516550639,0
1660,-0.498705304654,0
1661,-0.498921969827,0
1662,-0.499130489829,0
1663,-0.499294922551,0
1664,-0.49938581462,0

 *************************************************************************
 * Selecting linear solver pardiso                                       *
 *************************************************************************

===== beginning time step 1 : 0.025 =====


Reforming stiffness matrix: reformation #1

===== reforming stiffness matrix:
	Nr of equations ........................... : 19007
	Nr of nonzeroes in stiffness matrix ....... : 1107169
 1
 Nonlinear solution status: time= 0.025
	stiffness updates             = 0
	right hand side evaluations   = 2
	stiffness matrix reformations = 1
	step from line search         = 1.000000
	convergence norms :     INITIAL         CURRENT         REQUIRED
	   residual            3.163258e+05    1.170388e-08    3.163258e+02 
	   energy              6.955496e+02    1.325879e-04    6.955496e-02 
	   displacement        1.562715e+00    1.562715e+00    6.250861e-04 
 2
 Nonlinear solution status: time= 0.025
	stiffness updates             = 1
	right hand side evaluations   = 3
	stiffness matrix reformations = 1
	step from line search         = 1.000000
	convergence norms :     INITIAL         CURRENT         REQUIRED
	   residual            3.163258e+05    4.325621e-17    3.163258e+02 
	   energy              6.955496e+02    1.517367e-15    6.955496e-02 
	   displacement        1.562715e+00    6.449805e-14    6.250858e-04 

convergence summary
    number of iterations   : 2
    number of reformations : 1

------- converged at time : 0.025


Data Record #1
===========================================================================
Step = 1
Time = 0.025
Data = shirt_final_coordinates
1,187.9,-2.00084616585e-16,-5.84206807197e-15
2,186.99521,16.1630264,-4.96654588368e-15
3,184.289554,32.1703941,-2.32558252007e-15
4,179.809089,47.8679433,-1.22747694232e-15
5,173.596964,63.104498,5.78960084559e-16
6,165.713006,77.7333219,-3.14931178811e-15
7,156.23314,91.6135314,-2.55641135542e-15
8,145.248664,104.611453,1.33706732748e-15
9,132.865364,116.601908,2.04537559073e-15
10,119.202498,127.469424,4.04404211065e-15
11,104.391647,137.109339,1.75703691465e-16
12,88.5754468,145.428816,-3.86548765216e-15
13,71.9062169,152.347735,-4.75168909567e-15
14,54.5444909,157.799461,-5.52732334235e-15
15,36.6574715,161.731493,-4.55180450367e-15
16,18.4174207,164.105961,-1.53418822253e-15
17,8.17292660861e-15,164.9,-1.43581417295e-15
18,-18.4174207,164.105961,8.23671585291e-16
19,-36.6574715,161.731493,-2.19484681631e-15
20,-54.5444909,157.799461,-1.88105047004e-15
21,-71.9062169,152.347735,-9.68640960137e-17
22,-88.5754468,145.428816,-7.49003714849e-16
23,-104.391647,137.109339,3.42853202607e-15
24,-119.202498,127.469424,-5.59087922757e-16
25,-132.865364,116.601908,-3.03609691901e-15
26,-145.248664,104.611453,-1.35305248002e-15
27,-156.23314,91.6135314,-1.87475332383e-15
28,-165.713006,77.7333219,-2.59766754538e-15
29,-173.596964,63.104498,1.04243985735e-15
30,-179.809089,47.8679433,8.08221860494e-16
31,-184.289554,32.1703941,5.03336584848e-16
32,-186.99521,16.1630264,-1.43799842485e-15
33,-187.9,1.54459056322e-14,-3.62259154861e-15
34,-186.99521,-16.1630264,-3.09051072669e-15
35,-184.289554,-32.1703941,-1.77506846852e-15
36,-179.809089,-47.8679433,-2.23920632608e-15
37,-173.596964,-63.104498,-5.27262213312e-16
38,-165.713006,-77.7333219,-4.3258137437e-15
39,-156.23314,-91.6135314,-3.90910379539e-15
40,-145.248664,-104.611453,-1.22105931969e-15
41,-132.865364,-116.601908,-3.70043057132e-15
42,-119.202498,-127.469424,1.23421995438e-15
43,-104.391647,-137.109339,-2.70660630959e-15
44,-88.5754468,-145.428816,-5.85974492491e-15
45,-71.9062169,-152.347735,-5.42539110937e-15
46,-54.5444909,-157.799461,-5.49249177595e-15
47,-36.6574715,-161.731493,-5.43099381755e-15
48,-18.4174207,-164.105961,-1.29307537797e-15
49,-3.79798441581e-14,-164.9,-1.81543981801e-15
50,18.4174207,-164.105961,-1.48538403514e-15
51,36.6574715,-161.731493,-2.88821773606e-15
52,54.5444909,-157.799461,-3.7257350106e-15
53,71.9062169,-152.347735,-1.25563642494e-15
54,88.5754468,-145.428816,-1.32876222337e-15
55,104.391647,-137.109339,5.45644326779e-17
56,119.202498,-127.469424,-3.57079345911e-15
57,132.865364,-116.601908,7.34639052341e-16
58,145.248664,-104.611453,3.22078378267e-16
59,156.23314,-91.6135314,-1.72433427462e-15
60,165.713006,-77.7333219,-3.08810461477e-15
61,173.596964,-63.104498,-1.53146483149e-15
62,179.809089,-47.8679433,-6.94448768427e-16
63,184.289554,-32.1703941,-2.36935680124e-15
64,186.99521,-16.1630264,-4.33372480892e-15
65,187.9,-3.74595291305e-16,25
66,186.99521,16.1630264,25
67,184.289554,32.1703941,25
68,179.809089,47.8679433,25
69,173.596964,63.104498,25
70,165.713006,77.7333219,25
71,156.23314,91.6135314,25
72,145.248664,104.611453,25
73,132.865364,116.601908,25
74,119.202498,127.469424,25
75,104.391647,137.109339,25
76,88.5754468,145.428816,25
77,71.9062169,152.347735,25
78,54.5444909,157.799461,25
79,36.6574715,161.731493,25
80,18.4174207,164.105961,25
81,9.34696271456e-15,164.9,25
82,-18.4174207,164.105961,25
83,-36.6574715,161.731493,25
84,-54.5444909,157.799461,25
85,-71.9062169,152.347735,25
86,-88.5754468,145.428816,25
87,-104.391647,137.109339,25
88,-119.202498,127.469424,25
89,-132.865364,116.601908,25
90,-145.248664,104.611453,25
91,-156.23314,91.6135314,25
92,-165.713006,77.7333219,25
93,-173.596964,63.104498,25
94,-179.809089,47.8679433,25
95,-184.289554,32.1703941,25
96,-186.99521,16.1630264,25
97,-187.9,1.44262173185e-14,25
98,-186.99521,-16.1630264,25
99,-184.289554,-32.1703941,25
100,-179.809089,-47.8679433,25
101,-173.596964,-63.104498,25
102,-165.713006,-77.7333219,25
103,-156.23314,-91.6135314,25
104,-145.248664,-104.611453,25
105,-132.865364,-116.601908,25
106,-119.202498,-127.469424,25
107,-104.391647,-137.109339,25
108,-88.5754468,-145.428816,25
109,-71.9062169,-152.347735,25
110,-54.5444909,-157.799461,25
111,-36.6574715,-161.731493,25
112,-18.4174207,-164.105961,25
113,-3.87694892593e-14,-164.9,25
114,18.4174207,-164.105961,25
115,36.6574715,-161.731493,25
116,54.5444909,-157.799461,25
117,71.9062169,-152.347735,25
118,88.5754468,-145.428816,25
119,104.391647,-137.109339,25
120,119.202498,-127.469424,25
121,132.865364,-116.601908,25
122,145.248664,-104.611453,25
123,156.23314,-91.6135314,25
124,165.713006,-77.7333219,25
125,173.596964,-63.104498,25
126,179.809089,-47.8679433,25
127,184.289554,-32.1703941,25
128,186.99521,-16.1630264,25
129,187.9,-7.58201256362e-16,50
130,186.99521,16.1630264,50
131,184.289554,32.1703941,50
132,179.809089,47.8679433,50
133,173.596964,63.104498,50
134,165.713006,77.7333219,50
135,156.23314,91.6135314,50
136,145.248664,104.611453,50
137,132.865364,116.601908,50
138,119.202498,127.469424,50
139,104.391647,137.109339,50
140,88.5754468,145.428816,50
141,71.9062169,152.347735,50
142,54.5444909,157.799461,50
143,36.6574715,161.731493,50
144,18.4174207,164.105961,50
145,9.64488838673e-15,164.9,50
146,-18.4174207,164.105961,50
147,-36.6574715,161.731493,50
148,-54.5444909,157.799461,50
149,-71.9062169,152.347735,50
150,-88.5754468,145.428816,50
151,-104.391647,137.109339,50
152,-119.202498,127.469424,50
153,-132.865364,116.601908,50
154,-145.248664,104.611453,50
155,-156.23314,91.6135314,50
156,-165.713006,77.7333219,50
157,-173.596964,63.104498,50
158,-179.809089,47.8679433,50
159,-184.289554,32.1703941,50
160,-186.99521,16.1630264,50
161,-187.9,1.56235351011e-14,50
162,-186.99521,-16.1630264,50
163,-184.289554,-32.1703941,50
164,-179.809089,-47.8679433,50
165,-173.596964,-63.104498,50
166,-165.713006,-77.7333219,50
167,-156.23314,-91.6135314,50
168,-145.248664,-104.611453,50
169,-132.865364,-116.601908,50
170,-119.202498,-127.469424,50
171,-104.391647,-137.109339,50
172,-88.5754468,-145.428816,50
173,-71.9062169,-152.347735,50
174,-54.5444909,-157.799461,50
175,-36.6574715,-161.731493,50
176,-18.4174207,-164.105961,50
177,-3.91777087501e-14,-164.9,50
178,18.4174207,-164.105961,50
179,36.6574715,-161.731493,50
180,54.5444909,-157.799461,50
181,71.9062169,-152.347735,50
182,88.5754468,-145.428816,50
183,104.391647,-137.109339,50
184,119.202498,-127.469424,50
185,132.865364,-116.601908,50
186,145.248664,-104.611453,50
187,156.23314,-91.6135314,50
188,165.713006,-77.7333219,50
189,173.596964,-63.104498,50
190,179.809089,-47.8679433,50
191,184.289554,-32.1703941,50
192,186.99521,-16.1630264,50
193,187.9,-8.65809317322e-16,75
194,186.99521,16.1630264,75
195,184.289554,32.1703941,75
196,179.809089,47.8679433,75
197,173.596964,63.104498,75
198,165.713006,77.7333219,75
199,156.23314,91.6135314,75
200,145.248664,104.611453,75
201,132.865364,116.601908,75
202,119.202498,127.469424,75
203,104.391647,137.109339,75
204,88.5754468,145.428816,75
205,71.9062169,152.347735,75
206,54.5444909,157.799461,75
207,36.6574715,161.731493,75
208,18.4174207,164.105961,75
209,9.80919117429e-15,164.9,75
210,-18.4174207,164.105961,75
211,-36.6574715,161.731493,75
212,-54.5444909,157.799461,75
213,-71.9062169,152.347735,75
214,-88.5754468,145.428816,75
215,-104.391647,137.109339,75
216,-119.202498,127.469424,75
217,-132.865364,116.601908,75
218,-145.248664,104.611453,75
219,-156.23314,91.6135314,75
220,-165.713006,77.7333219,75
221,-173.596964,63.104498,75
222,-179.809089,47.8679433,75
223,-184.289554,32.1703941,75
224,-186.99521,16.1630264,75
225,-187.9,1.57924469661e-14,75
226,-186.99521,-16.1630264,75
227,-184.289554,-32.1703941,75
228,-179.809089,-47.8679433,75
229,-173.596964,-63.104498,75
230,-165.713006,-77.7333219,75
231,-156.23314,-91.6135314,75
232,-145.248664,-104.611453,75
233,-132.865364,-116.601908,75
234,-119.202498,-127.469424,75
235,-104.391647,-137.109339,75
236,-88.5754468,-145.428816,75
237,-71.9062169,-152.347735,75
238,-54.5444909,-157.799461,75
239,-36.6574715,-161.731493,75
240,-18.4174207,-164.105961,75
241,-4.04395178296e-14,-164.9,75
242,18.4174207,-164.105961,75
243,36.6574715,-161.731493,75
244,54.5444909,-157.799461,75
245,71.9062169,-152.347735,75
246,88.5754468,-145.428816,75
247,104.391647,-137.109339,75
248,119.202498,-127.469424,75
249,132.865364,-116.601908,75
250,145.248664,-104.611453,75
251,156.23314,-91.6135314,75
252,165.713006,-77.7333219,75
253,173.596964,-63.104498,75
254,179.809089,-47.8679433,75
255,184.289554,-32.1703941,75
256,186.99521,-16.1630264,75
257,187.9,1.58646839311e-16,100
258,186.99521,16.1630264,100
259,184.289554,32.1703941,100
260,179.809089,47.8679433,100
261,173.596964,63.104498,100
262,165.713006,77.7333219,100
263,156.23314,91.6135314,100
264,145.248664,104.611453,100
265,132.865364,116.601908,100
266,119.202498,127.469424,100
267,104.391647,137.109339,100
268,88.5754468,145.428816,100
269,71.9062169,152.347735,100
270,54.5444909,157.799461,100
271,36.6574715,161.731493,100
272,18.4174207,164.105961,100
273,9.96885279444e-15,164.9,100
274,-18.4174207,164.105961,100
275,-36.6574715,161.731493,100
276,-54.5444909,157.799461,100
277,-71.9062169,152.347735,100
278,-88.5754468,145.428816,100
279,-104.391647,137.109339,100
280,-119.202498,127.469424,100
281,-132.865364,116.601908,100
282,-145.248664,104.611453,100
283,-156.23314,91.6135314,100
284,-165.713006,77.7333219,100
285,-173.596964,63.104498,100
286,-179.809089,47.8679433,100
287,-184.289554,32.1703941,100
288,-186.99521,16.1630264,100
289,-187.9,1.81758049939e-14,100
290,-186.99521,-16.1630264,100
291,-184.289554,-32.1703941,100
292,-179.809089,-47.8679433,100
293,-173.596964,-63.104498,100
294,-165.713006,-77.7333219,100
295,-156.23314,-91.6135314,100
296,-145.248664,-104.611453,100
297,-132.865364,-116.601908,100
298,-119.202498,-127.469424,100
299,-104.391647,-137.109339,100
300,-88.5754468,-145.428816,100
301,-71.9062169,-152.347735,100
302,-54.5444909,-157.799461,100
303,-36.6574715,-161.731493,100
304,-18.4174207,-164.105961,100
305,-3.94319197594e-14,-164.9,100
306,18.4174207,-164.105961,100
307,36.6574715,-161.731493,100
308,54.5444909,-157.799461,100
309,71.9062169,-152.347735,100
310,88.5754468,-145.428816,100
311,104.391647,-137.109339,100
312,119.202498,-127.469424,100
313,132.865364,-116.601908,100
314,145.248664,-104.611453,100
315,156.23314,-91.6135314,100
316,165.713006,-77.7333219,100
317,173.596964,-63.104498,100
318,179.809089,-47.8679433,100
319,184.289554,-32.1703941,100
320,186.99521,-16.1630264,100
321,187.9,-6.13198031119e-17,125
322,186.99521,16.1630264,125
323,184.289554,32.1703941,125
324,179.809089,47.8679433,125
325,173.596964,63.104498,125
326,165.713006,77.7333219,125
327,156.23314,91.6135314,125
328,145.248664,104.611453,125
329,132.865364,116.601908,125
330,119.202498,127.469424,125
331,104.391647,137.109339,125
332,88.5754468,145.428816,125
333,71.9062169,152.347735,125
334,54.5444909,157.799461,125
335,36.6574715,161.731493,125
336,18.4174207,164.105961,125
337,1.00111886652e-14,164.9,125
338,-18.4174207,164.105961,125
339,-36.6574715,161.731493,125
340,-54.5444909,157.799461,125
341,-71.9062169,152.347735,125
342,-88.5754468,145.428816,125
343,-104.391647,137.109339,125
344,-119.202498,127.469424,125
345,-132.865364,116.601908,125
346,-145.248664,104.611453,125
347,-156.23314,91.6135314,125
348,-165.713006,77.7333219,125
349,-173.596964,63.104498,125
350,-179.809089,47.8679433,125
351,-184.289554,32.1703941,125
352,-186.99521,16.1630264,125
353,-187.9,1.66111140513e-14,125
354,-186.99521,-16.1630264,125
355,-184.289554,-32.1703941,125
356,-179.809089,-47.8679433,125
357,-173.596964,-63.104498,125
358,-165.713006,-77.7333219,125
359,-156.23314,-91.6135314,125
360,-145.248664,-104.611453,125
361,-132.865364,-116.601908,125
362,-119.202498,-127.469424,125
363,-104.391647,-137.109339,125
364,-88.5754468,-145.428816,125
365,-71.9062169,-152.347735,125
366,-54.5444909,-157.799461,125
367,-36.6574715,-161.731493,125
368,-18.4174207,-164.105961,125
369,-4.01887784173e-14,-164.9,125
370,18.4174207,-164.105961,125
371,36.6574715,-161.731493,125
372,54.5444909,-157.799461,125
373,71.9062169,-152.347735,125
374,88.5754468,-145.428816,125
375,104.391647,-137.109339,125
376,119.202498,-127.469424,125
377,132.865364,-116.601908,125
378,145.248664,-104.611453,125
379,156.23314,-91.6135314,125
380,165.713006,-77.7333219,125
381,173.596964,-63.104498,125
382,179.809089,-47.8679433,125
383,184.289554,-32.1703941,125
384,186.99521,-16.1630264,125
385,187.9,1.57972567944e-15,150
386,186.99521,16.1630264,150
387,184.289554,32.1703941,150
388,179.809089,47.8679433,150
389,173.596964,63.104498,150
390,165.713006,77.7333219,150
391,156.23314,91.6135314,150
392,145.248664,104.611453,150
393,132.865364,116.601908,150
394,119.202498,127.469424,150
395,104.391647,137.109339,150
396,88.5754468,145.428816,150
397,71.9062169,152.347735,150
398,54.5444909,157.799461,150
399,36.6574715,161.731493,150
400,18.4174207,164.105961,150
401,1.14938323697e-14,164.9,150
402,-18.4174207,164.105961,150
403,-36.6574715,161.731493,150
404,-54.5444909,157.799461,150
405,-71.9062169,152.347735,150
406,-88.5754468,145.428816,150
407,-104.391647,137.109339,150
408,-119.202498,127.469424,150
409,-132.865364,116.601908,150
410,-145.248664,104.611453,150
411,-156.23314,91.6135314,150
412,-165.713006,77.7333219,150
413,-173.596964,63.104498,150
414,-179.809089,47.8679433,150
415,-184.289554,32.1703941,150
416,-186.99521,16.1630264,150
417,-187.9,1.59875597319e-14,150
418,-186.99521,-16.1630264,150
419,-184.289554,-32.1703941,150
420,-179.809089,-47.8679433,150
421,-173.596964,-63.104498,150
422,-165.713006,-77.7333219,150
423,-156.23314,-91.6135314,150
424,-145.248664,-104.611453,150
425,-132.865364,-116.601908,150
426,-119.202498,-127.469424,150
427,-104.391647,-137.109339,150
428,-88.5754468,-145.428816,150
429,-71.9062169,-152.347735,150
430,-54.5444909,-157.799461,150
431,-36.6574715,-161.731493,150
432,-18.4174207,-164.105961,150
433,-3.99053653894e-14,-164.9,150
434,18.4174207,-164.105961,150
435,36.6574715,-161.731493,150
436,54.5444909,-157.799461,150
437,71.9062169,-152.347735,150
438,88.5754468,-145.428816,150
439,104.391647,-137.109339,150
440,119.202498,-127.469424,150
441,132.865364,-116.601908,150
442,145.248664,-104.611453,150
443,156.23314,-91.6135314,150
444,165.713006,-77.7333219,150
445,173.596964,-63.104498,150
446,179.809089,-47.8679433,150
447,184.289554,-32.1703941,150
448,186.99521,-16.1630264,150
449,187.9,1.30701958788e-15,175
450,186.99521,16.1630264,175
451,184.289554,32.1703941,175
452,179.809089,47.8679433,175
453,173.596964,63.104498,175
454,165.713006,77.7333219,175
455,156.23314,91.6135314,175
456,145.248664,104.611453,175
457,132.865364,116.601908,175
458,119.202498,127.469424,175
459,104.391647,137.109339,175
460,88.5754468,145.428816,175
461,71.9062169,152.347735,175
462,54.5444909,157.799461,175
463,36.6574715,161.731493,175
464,18.4174207,164.105961,175
465,1.22016553408e-14,164.9,175
466,-18.4174207,164.105961,175
467,-36.6574715,161.731493,175
468,-54.5444909,157.799461,175
469,-71.9062169,152.347735,175
470,-88.5754468,145.428816,175
471,-104.391647,137.109339,175
472,-119.202498,127.469424,175
473,-132.865364,116.601908,175
474,-145.248664,104.611453,175
475,-156.23314,91.6135314,175
476,-165.713006,77.7333219,175
477,-173.596964,63.104498,175
478,-179.809089,47.8679433,175
479,-184.289554,32.1703941,175
480,-186.99521,16.1630264,175
481,-187.9,1.61016471502e-14,175
482,-186.99521,-16.1630264,175
483,-184.289554,-32.1703941,175
484,-179.809089,-47.8679433,175
485,-173.596964,-63.104498,175
486,-165.713006,-77.7333219,175
487,-156.23314,-91.6135314,175
488,-145.248664,-104.611453,175
489,-132.865364,-116.601908,175
490,-119.202498,-127.469424,175
491,-104.391647,-137.109339,175
492,-88.5754468,-145.428816,175
493,-71.9062169,-152.347735,175
494,-54.5444909,-157.799461,175
495,-36.6574715,-161.731493,175
496,-18.4174207,-164.105961,175
497,-4.06493461617e-14,-164.9,175
498,18.4174207,-164.105961,175
499,36.6574715,-161.731493,175
500,54.5444909,-157.799461,175
501,71.9062169,-152.347735,175
502,88.5754468,-145.428816,175
503,104.391647,-137.109339,175
504,119.202498,-127.469424,175
505,132.865364,-116.601908,175
506,145.248664,-104.611453,175
507,156.23314,-91.6135314,175
508,165.713006,-77.7333219,175
509,173.596964,-63.104498,175
510,179.809089,-47.8679433,175
511,184.289554,-32.1703941,175
512,186.99521,-16.1630264,175
513,187.9,2.02900765923e-16,200
514,186.99521,16.1630264,200
515,184.289554,32.1703941,200
516,179.809089,47.8679433,200
517,173.596964,63.104498,200
518,165.713006,77.7333219,200
519,156.23314,91.6135314,200
520,145.248664,104.611453,200
521,132.865364,116.601908,200
522,119.202498,127.469424,200
523,104.391647,137.109339,200
524,88.5754468,145.428816,200
525,71.9062169,152.347735,200
526,54.5444909,157.799461,200
527,36.6574715,161.731493,200
528,18.4174207,164.105961,200
529,1.29272097024e-14,164.9,200
530,-18.4174207,164.105961,200
531,-36.6574715,161.731493,200
532,-54.5444909,157.799461,200
533,-71.9062169,152.347735,200
534,-88.5754468,145.428816,200
535,-104.391647,137.109339,200
536,-119.202498,127.469424,200
537,-132.865364,116.601908,200
538,-145.248664,104.611453,200
539,-156.23314,91.6135314,200
540,-165.713006,77.7333219,200
541,-173.596964,63.104498,200
542,-179.809089,47.8679433,200
543,-184.289554,32.1703941,200
544,-186.99521,16.1630264,200
545,-187.9,1.78453762383e-14,200
546,-186.99521,-16.1630264,200
547,-184.289554,-32.1703941,200
548,-179.809089,-47.8679433,200
549,-173.596964,-63.104498,200
550,-165.713006,-77.7333219,200
551,-156.23314,-91.6135314,200
552,-145.248664,-104.611453,200
553,-132.865364,-116.601908,200
554,-119.202498,-127.469424,200
555,-104.391647,-137.109339,200
556,-88.5754468,-145.428816,200
557,-71.9062169,-152.347735,200
558,-54.5444909,-157.799461,200
559,-36.6574715,-161.731493,200
560,-18.4174207,-164.105961,200
561,-4.06413617733e-14,-164.9,200
562,18.4174207,-164.105961,200
563,36.6574715,-161.731493,200
564,54.5444909,-157.799461,200
565,71.9062169,-152.347735,200
566,88.5754468,-145.428816,200
567,104.391647,-137.109339,200
568,119.202498,-127.469424,200
569,132.865364,-116.601908,200
570,145.248664,-104.611453,200
571,156.23314,-91.6135314,200
572,165.713006,-77.7333219,200
573,173.596964,-63.104498,200
574,179.809089,-47.8679433,200
575,184.289554,-32.1703941,200
576,186.99521,-16.1630264,200
577,187.9,3.66326619023e-16,225
578,186.99521,16.1630264,225
579,184.289554,32.1703941,225
580,179.809089,47.8679433,225
581,173.596964,63.104498,225
582,165.713006,77.7333219,225
583,156.23314,91.6135314,225
584,145.248664,104.611453,225
585,132.865364,116.601908,225
586,119.202498,127.469424,225
587,104.391647,137.109339,225
588,88.5754468,145.428816,225
589,71.9062169,152.347735,225
590,54.5444909,157.799461,225
591,36.6574715,161.731493,225
592,18.4174207,164.105961,225
593,1.29947298216e-14,164.9,225
594,-18.4174207,164.105961,225
595,-36.6574715,161.731493,225
596,-54.5444909,157.799461,225
597,-71.9062169,152.347735,225
598,-88.5754468,145.428816,225
599,-104.391647,137.109339,225
600,-119.202498,127.469424,225
601,-132.865364,116.601908,225
602,-145.248664,104.611453,225
603,-156.23314,91.6135314,225
604,-165.713006,77.7333219,225
605,-173.596964,63.104498,225
606,-179.809089,47.8679433,225
607,-184.289554,32.1703941,225
608,-186.99521,16.1630264,225
609,-187.9,1.75383816655e-14,225
610,-186.99521,-16.1630264,225
611,-184.289554,-32.1703941,225
612,-179.809089,-47.8679433,225
613,-173.596964,-63.104498,225
614,-165.713006,-77.7333219,225
615,-156.23314,-91.6135314,225
616,-145.248664,-104.611453,225
617,-132.865364,-116.601908,225
618,-119.202498,-127.469424,225
619,-104.391647,-137.109339,225
620,-88.5754468,-145.428816,225
621,-71.9062169,-152.347735,225
622,-54.5444909,-157.799461,225
623,-36.6574715,-161.731493,225
624,-18.4174207,-164.105961,225
625,-4.04645509352e-14,-164.9,225
626,18.4174207,-164.105961,225
627,36.6574715,-161.731493,225
628,54.5444909,-157.799461,225
629,71.9062169,-152.347735,225
630,88.5754468,-145.428816,225
631,104.391647,-137.109339,225
632,119.202498,-127.469424,225
633,132.865364,-116.601908,225
634,145.248664,-104.611453,225
635,156.23314,-91.6135314,225
636,165.713006,-77.7333219,225
637,173.596964,-63.104498,225
638,179.809089,-47.8679433,225
639,184.289554,-32.1703941,225
640,186.99521,-16.1630264,225
641,187.9,-5.14455567968e-16,250
642,186.99521,16.1630264,250
643,184.289554,32.1703941,250
644,179.809089,47.8679433,250
645,173.596964,63.104498,250
646,165.713006,77.7333219,250
647,156.23314,91.6135314,250
648,145.248664,104.611453,250
649,132.865364,116.601908,250
650,119.202498,127.469424,250
651,104.391647,137.109339,250
652,88.5754468,145.428816,250
653,71.9062169,152.347735,250
654,54.5444909,157.799461,250
655,36.6574715,161.731493,250
656,18.4174207,164.105961,250
657,1.38187607361e-14,164.9,250
658,-18.4174207,164.105961,250
659,-36.6574715,161.731493,250
660,-54.5444909,157.799461,250
661,-71.9062169,152.347735,250
662,-88.5754468,145.428816,250
663,-104.391647,137.109339,250
664,-119.202498,127.469424,250
665,-132.865364,116.601908,250
666,-145.248664,104.611453,250
667,-156.23314,91.6135314,250
668,-165.713006,77.7333219,250
669,-173.596964,63.104498,250
670,-179.809089,47.8679433,250
671,-184.289554,32.1703941,250
672,-186.99521,16.1630264,250
673,-187.9,1.82439855436e-14,250
674,-186.99521,-16.1630264,250
675,-184.289554,-32.1703941,250
676,-179.809089,-47.8679433,250
677,-173.596964,-63.104498,250
678,-165.713006,-77.7333219,250
679,-156.23314,-91.6135314,250
680,-145.248664,-104.611453,250
681,-132.865364,-116.601908,250
682,-119.202498,-127.469424,250
683,-104.391647,-137.109339,250
684,-88.5754468,-145.428816,250
685,-71.9062169,-152.347735,250
686,-54.5444909,-157.799461,250
687,-36.6574715,-161.731493,250
688,-18.4174207,-164.105961,250
689,-3.91741212601e-14,-164.9,250
690,18.4174207,-164.105961,250
691,36.6574715,-161.731493,250
692,54.5444909,-157.799461,250
693,71.9062169,-152.347735,250
694,88.5754468,-145.428816,250
695,104.391647,-137.109339,250
696,119.202498,-127.469424,250
697,132.865364,-116.601908,250
698,145.248664,-104.611453,250
699,156.23314,-91.6135314,250
700,165.713006,-77.7333219,250
701,173.596964,-63.104498,250
702,179.809089,-47.8679433,250
703,184.289554,-32.1703941,250
704,186.99521,-16.1630264,250
705,187.9,1.17398050137e-15,275
706,186.99521,16.1630264,275
707,184.289554,32.1703941,275
708,179.809089,47.8679433,275
709,173.596964,63.104498,275
710,165.713006,77.7333219,275
711,156.23314,91.6135314,275
712,145.248664,104.611453,275
713,132.865364,116.601908,275
714,119.202498,127.469424,275
715,104.391647,137.109339,275
716,88.5754468,145.428816,275
717,71.9062169,152.347735,275
718,54.5444909,157.799461,275
719,36.6574715,161.731493,275
720,18.4174207,164.105961,275
721,1.40462007017e-14,164.9,275
722,-18.4174207,164.105961,275
723,-36.6574715,161.731493,275
724,-54.5444909,157.799461,275
725,-71.9062169,152.347735,275
726,-88.5754468,145.428816,275
727,-104.391647,137.109339,275
728,-119.202498,127.469424,275
729,-132.865364,116.601908,275
730,-145.248664,104.611453,275
731,-156.23314,91.6135314,275
732,-165.713006,77.7333219,275
733,-173.596964,63.104498,275
734,-179.809089,47.8679433,275
735,-184.289554,32.1703941,275
736,-186.99521,16.1630264,275
737,-187.9,1.78907321679e-14,275
738,-186.99521,-16.1630264,275
739,-184.289554,-32.1703941,275
740,-179.809089,-47.8679433,275
741,-173.596964,-63.104498,275
742,-165.713006,-77.7333219,275
743,-156.23314,-91.6135314,275
744,-145.248664,-104.611453,275
745,-132.865364,-116.601908,275
746,-119.202498,-127.469424,275
747,-104.391647,-137.109339,275
748,-88.5754468,-145.428816,275
749,-71.9062169,-152.347735,275
750,-54.5444909,-157.799461,275
751,-36.6574715,-161.731493,275
752,-18.4174207,-164.105961,275
753,-3.87238870344e-14,-164.9,275
754,18.4174207,-164.105961,275
755,36.6574715,-161.731493,275
756,54.5444909,-157.799461,275
757,71.9062169,-152.347735,275
758,88.5754468,-145.428816,275
759,104.391647,-137.109339,275
760,119.202498,-127.469424,275
761,132.865364,-116.601908,275
762,145.248664,-104.611453,275
763,156.23314,-91.6135314,275
764,165.713006,-77.7333219,275
765,173.596964,-63.104498,275
766,179.809089,-47.8679433,275
767,184.289554,-32.1703941,275
768,186.99521,-16.1630264,275
769,187.9,8.25109117955e-16,300
770,186.99521,16.1630264,300
771,184.289554,32.1703941,300
772,179.809089,47.8679433,300
773,173.596964,63.104498,300
774,165.713006,77.7333219,300
775,156.23314,91.6135314,300
776,145.248664,104.611453,300
777,132.865364,116.601908,300
778,119.202498,127.469424,300
779,104.391647,137.109339,300
780,88.5754468,145.428816,300
781,71.9062169,152.347735,300
782,54.5444909,157.799461,300
783,36.6574715,161.731493,300
784,18.4174207,164.105961,300
785,1.32167505379e-14,164.9,300
786,-18.4174207,164.105961,300
787,-36.6574715,161.731493,300
788,-54.5444909,157.799461,300
789,-71.9062169,152.347735,300
790,-88.5754468,145.428816,300
791,-104.391647,137.109339,300
792,-119.202498,127.469424,300
793,-132.865364,116.601908,300
794,-145.248664,104.611453,300
795,-156.23314,91.6135314,300
796,-165.713006,77.7333219,300
797,-173.596964,63.104498,300
798,-179.809089,47.8679433,300
799,-184.289554,32.1703941,300
800,-186.99521,16.1630264,300
801,-187.9,1.89681091811e-14,300
802,-186.99521,-16.1630264,300
803,-184.289554,-32.1703941,300
804,-179.809089,-47.8679433,300
805,-173.596964,-63.104498,300
806,-165.713006,-77.7333219,300
807,-156.23314,-91.6135314,300
808,-145.248664,-104.611453,300
809,-132.865364,-116.601908,300
810,-119.202498,-127.469424,300
811,-104.391647,-137.109339,300
812,-88.5754468,-145.428816,300
813,-71.9062169,-152.347735,300
814,-54.5444909,-157.799461,300
815,-36.6574715,-161.731493,300
816,-18.4174207,-164.105961,300
817,-3.79642824081e-14,-164.9,300
818,18.4174207,-164.105961,300
819,36.6574715,-161.731493,300
820,54.5444909,-157.799461,300
821,71.9062169,-152.347735,300
822,88.5754468,-145.428816,300
823,104.391647,-137.109339,300
824,119.202498,-127.469424,300
825,132.865364,-116.601908,300
826,145.248664,-104.611453,300
827,156.23314,-91.6135314,300
828,165.713006,-77.7333219,300
829,173.596964,-63.104498,300
830,179.809089,-47.8679433,300
831,184.289554,-32.1703941,300
832,186.99521,-16.1630264,300
833,187.9,6.50837609166e-16,325
834,186.99521,16.1630264,325
835,184.289554,32.1703941,325
836,179.809089,47.8679433,325
837,173.596964,63.104498,325
838,165.713006,77.7333219,325
839,156.23314,91.6135314,325
840,145.248664,104.611453,325
841,132.865364,116.601908,325
842,119.202498,127.469424,325
843,104.391647,137.109339,325
844,88.5754468,145.428816,325
845,71.9062169,152.347735,325
846,54.5444909,157.799461,325
847,36.6574715,161.731493,325
848,18.4174207,164.105961,325
849,1.37340576524e-14,164.9,325
850,-18.4174207,164.105961,325
851,-36.6574715,161.731493,325
852,-54.5444909,157.799461,325
853,-71.9062169,152.347735,325
854,-88.5754468,145.428816,325
855,-104.391647,137.109339,325
856,-119.202498,127.469424,325
857,-132.865364,116.601908,325
858,-145.248664,104.611453,325
859,-156.23314,91.6135314,325
860,-165.713006,77.7333219,325
861,-173.596964,63.104498,325
862,-179.809089,47.8679433,325
863,-184.289554,32.1703941,325
864,-186.99521,16.1630264,325
865,-187.9,1.87150131949e-14,325
866,-186.99521,-16.1630264,325
867,-184.289554,-32.1703941,325
868,-179.809089,-47.8679433,325
869,-173.596964,-63.104498,325
870,-165.713006,-77.7333219,325
871,-156.23314,-91.6135314,325
872,-145.248664,-104.611453,325
873,-132.865364,-116.601908,325
874,-119.202498,-127.469424,325
875,-104.391647,-137.109339,325
876,-88.5754468,-145.428816,325
877,-71.9062169,-152.347735,325
878,-54.5444909,-157.799461,325
879,-36.6574715,-161.731493,325
880,-18.4174207,-164.105961,325
881,-3.78419797623e-14,-164.9,325
882,18.4174207,-164.105961,325
883,36.6574715,-161.731493,325
884,54.5444909,-157.799461,325
885,71.9062169,-152.347735,325
886,88.5754468,-145.428816,325
887,104.391647,-137.109339,325
888,119.202498,-127.469424,325
889,132.865364,-116.601908,325
890,145.248664,-104.611453,325
891,156.23314,-91.6135314,325
892,165.713006,-77.7333219,325
893,173.596964,-63.104498,325
894,179.809089,-47.8679433,325
895,184.289554,-32.1703941,325
896,186.99521,-16.1630264,325
897,187.9,3.37134481587e-16,350
898,186.99521,16.1630264,350
899,184.289554,32.1703941,350
900,179.809089,47.8679433,350
901,173.596964,63.104498,350
902,165.713006,77.7333219,350
903,156.23314,91.6135314,350
904,145.248664,104.611453,350
905,132.865364,116.601908,350
906,119.202498,127.469424,350
907,104.391647,137.109339,350
908,88.5754468,145.428816,350
909,71.9062169,152.347735,350
910,54.5444909,157.799461,350
911,36.6574715,161.731493,350
912,18.4174207,164.105961,350
913,1.30099884747e-14,164.9,350
914,-18.4174207,164.105961,350
915,-36.6574715,161.731493,350
916,-54.5444909,157.799461,350
917,-71.9062169,152.347735,350
918,-88.5754468,145.428816,350
919,-104.391647,137.109339,350
920,-119.202498,127.469424,350
921,-132.865364,116.601908,350
922,-145.248664,104.611453,350
923,-156.23314,91.6135314,350
924,-165.713006,77.7333219,350
925,-173.596964,63.104498,350
926,-179.809089,47.8679433,350
927,-184.289554,32.1703941,350
928,-186.99521,16.1630264,350
929,-187.9,1.95077163418e-14,350
930,-186.99521,-16.1630264,350
931,-184.289554,-32.1703941,350
932,-179.809089,-47.8679433,350
933,-173.596964,-63.104498,350
934,-165.713006,-77.7333219,350
935,-156.23314,-91.6135314,350
936,-145.248664,-104.611453,350
937,-132.865364,-116.601908,350
938,-119.202498,-127.469424,350
939,-104.391647,-137.109339,350
940,-88.5754468,-145.428816,350
941,-71.9062169,-152.347735,350
942,-54.5444909,-157.799461,350
943,-36.6574715,-161.731493,350
944,-18.4174207,-164.105961,350
945,-3.84675255015e-14,-164.9,350
946,18.4174207,-164.105961,350
947,36.6574715,-161.731493,350
948,54.5444909,-157.799461,350
949,71.9062169,-152.347735,350
950,88.5754468,-145.428816,350
951,104.391647,-137.109339,350
952,119.202498,-127.469424,350
953,132.865364,-116.601908,350
954,145.248664,-104.611453,350
955,156.23314,-91.6135314,350
956,165.713006,-77.7333219,350
957,173.596964,-63.104498,350
958,179.809089,-47.8679433,350
959,184.289554,-32.1703941,350
960,186.99521,-16.1630264,350
961,187.9,-2.68538455575e-16,375
962,186.99521,16.1630264,375
963,184.289554,32.1703941,375
964,179.809089,47.8679433,375
965,173.596964,63.104498,375
966,165.713006,77.7333219,375
967,156.23314,91.6135314,375
968,145.248664,104.611453,375
969,132.865364,116.601908,375
970,119.202498,127.469424,375
971,104.391647,137.109339,375
972,88.5754468,145.428816,375
973,71.9062169,152.347735,375
974,54.5444909,157.799461,375
975,36.6574715,161.731493,375
976,18.4174207,164.105961,375
977,1.52067302314e-14,164.9,375
978,-18.4174207,164.105961,375
979,-36.6574715,161.731493,375
980,-54.5444909,157.799461,375
981,-71.9062169,152.347735,375
982,-88.5754468,145.428816,375
983,-104.391647,137.109339,375
984,-119.202498,127.469424,375
985,-132.865364,116.601908,375
986,-145.248664,104.611453,375
987,-156.23314,91.6135314,375
988,-165.713006,77.7333219,375
989,-173.596964,63.104498,375
990,-179.809089,47.8679433,375
991,-184.289554,32.1703941,375
992,-186.99521,16.1630264,375
993,-187.9,1.99324923398e-14,375
994,-186.99521,-16.1630264,375
995,-184.289554,-32.1703941,375
996,-179.809089,-47.8679433,375
997,-173.596964,-63.104498,375
998,-165.713006,-77.7333219,375
999,-156.23314,-91.6135314,375
1000,-145.248664,-104.611453,375
1001,-132.865364,-116.601908,375
1002,-119.202498,-127.469424,375
1003,-104.391647,-137.109339,375
1004,-88.5754468,-145.428816,375
1005,-71.9062169,-152.347735,375
1006,-54.5444909,-157.799461,375
1007,-36.6574715,-161.731493,375
1008,-18.4174207,-164.105961,375
1009,-3.87279378607e-14,-164.9,375
1010,18.4174207,-164.105961,375
1011,36.6574715,-161.731493,375
1012,54.5444909,-157.799461,375
1013,71.9062169,-152.347735,375
1014,88.5754468,-145.428816,375
1015,104.391647,-137.109339,375
1016,119.202498,-127.469424,375
1017,132.865364,-116.601908,375
1018,145.248664,-104.611453,375
1019,156.23314,-91.6135314,375
1020,165.713006,-77.7333219,375
1021,173.596964,-63.104498,375
1022,179.809089,-47.8679433,375
1023,184.289554,-32.1703941,375
1024,186.99521,-16.1630264,375
1025,187.9,-6.92479820454e-17,400
1026,186.99521,16.1630264,400
1027,184.289554,32.1703941,400
1028,179.809089,47.8679433,400
1029,173.596964,63.104498,400
1030,165.713006,77.7333219,400
1031,156.23314,91.6135314,400
1032,145.248664,104.611453,400
1033,132.865364,116.601908,400
1034,119.202498,127.469424,400
1035,104.391647,137.109339,400
1036,88.5754468,145.428816,400
1037,71.9062169,152.347735,400
1038,54.5444909,157.799461,400
1039,36.6574715,161.731493,400
1040,18.4174207,164.105961,400
1041,1.33485843284e-14,164.9,400
1042,-18.4174207,164.105961,400
1043,-36.6574715,161.731493,400
1044,-54.5444909,157.799461,400
1045,-71.9062169,152.347735,400
1046,-88.5754468,145.428816,400
1047,-104.391647,137.109339,400
1048,-119.202498,127.469424,400
1049,-132.865364,116.601908,400
1050,-145.248664,104.611453,400
1051,-156.23314,91.6135314,400
1052,-165.713006,77.7333219,400
1053,-173.596964,63.104498,400
1054,-179.809089,47.8679433,400
1055,-184.289554,32.1703941,400
1056,-186.99521,16.1630264,400
1057,-187.9,1.96539049037e-14,400
1058,-186.99521,-16.1630264,400
1059,-184.289554,-32.1703941,400
1060,-179.809089,-47.8679433,400
1061,-173.596964,-63.104498,400
1062,-165.713006,-77.7333219,400
1063,-156.23314,-91.6135314,400
1064,-145.248664,-104.611453,400
1065,-132.865364,-116.601908,400
1066,-119.202498,-127.469424,400
1067,-104.391647,-137.109339,400
1068,-88.5754468,-145.428816,400
1069,-71.9062169,-152.347735,400
1070,-54.5444909,-157.799461,400
1071,-36.6574715,-161.731493,400
1072,-18.4174207,-164.105961,400
1073,-3.56165588349e-14,-164.9,400
1074,18.4174207,-164.105961,400
1075,36.6574715,-161.731493,400
1076,54.5444909,-157.799461,400
1077,71.9062169,-152.347735,400
1078,88.5754468,-145.428816,400
1079,104.391647,-137.109339,400
1080,119.202498,-127.469424,400
1081,132.865364,-116.601908,400
1082,145.248664,-104.611453,400
1083,156.23314,-91.6135314,400
1084,165.713006,-77.7333219,400
1085,173.596964,-63.104498,400
1086,179.809089,-47.8679433,400
1087,184.289554,-32.1703941,400
1088,186.99521,-16.1630264,400
1089,187.9,-6.498366436e-16,425
1090,186.99521,16.1630264,425
1091,184.289554,32.1703941,425
1092,179.809089,47.8679433,425
1093,173.596964,63.104498,425
1094,165.713006,77.7333219,425
1095,156.23314,91.6135314,425
1096,145.248664,104.611453,425
1097,132.865364,116.601908,425
1098,119.202498,127.469424,425
1099,104.391647,137.109339,425
1100,88.5754468,145.428816,425
1101,71.9062169,152.347735,425
1102,54.5444909,157.799461,425
1103,36.6574715,161.731493,425
1104,18.4174207,164.105961,425
1105,1.41534078022e-14,164.9,425
1106,-18.4174207,164.105961,425
1107,-36.6574715,161.731493,425
1108,-54.5444909,157.799461,425
1109,-71.9062169,152.347735,425
1110,-88.5754468,145.428816,425
1111,-104.391647,137.109339,425
1112,-119.202498,127.469424,425
1113,-132.865364,116.601908,425
1114,-145.248664,104.611453,425
1115,-156.23314,91.6135314,425
1116,-165.713006,77.7333219,425
1117,-173.596964,63.104498,425
1118,-179.809089,47.8679433,425
1119,-184.289554,32.1703941,425
1120,-186.99521,16.1630264,425
1121,-187.9,2.04086580483e-14,425
1122,-186.99521,-16.1630264,425
1123,-184.289554,-32.1703941,425
1124,-179.809089,-47.8679433,425
1125,-173.596964,-63.104498,425
1126,-165.713006,-77.7333219,425
1127,-156.23314,-91.6135314,425
1128,-145.248664,-104.611453,425
1129,-132.865364,-116.601908,425
1130,-119.202498,-127.469424,425
1131,-104.391647,-137.109339,425
1132,-88.5754468,-145.428816,425
1133,-71.9062169,-152.347735,425
1134,-54.5444909,-157.799461,425
1135,-36.6574715,-161.731493,425
1136,-18.4174207,-164.105961,425
1137,-3.62725815994e-14,-164.9,425
1138,18.4174207,-164.105961,425
1139,36.6574715,-161.731493,425
1140,54.5444909,-157.799461,425
1141,71.9062169,-152.347735,425
1142,88.5754468,-145.428816,425
1143,104.391647,-137.109339,425
1144,119.202498,-127.469424,425
1145,132.865364,-116.601908,425
1146,145.248664,-104.611453,425
1147,156.23314,-91.6135314,425
1148,165.713006,-77.7333219,425
1149,173.596964,-63.104498,425
1150,179.809089,-47.8679433,425
1151,184.289554,-32.1703941,425
1152,186.99521,-16.1630264,425
1153,187.9,-1.32987131154e-15,450
1154,186.99521,16.1630264,450
1155,184.289554,32.1703941,450
1156,179.809089,47.8679433,450
1157,173.596964,63.104498,450
1158,165.713006,77.7333219,450
1159,156.23314,91.6135314,450
1160,145.248664,104.611453,450
1161,132.865364,116.601908,450
1162,119.202498,127.469424,450
1163,104.391647,137.109339,450
1164,88.5754468,145.428816,450
1165,71.9062169,152.347735,450
1166,54.5444909,157.799461,450
1167,36.6574715,161.731493,450
1168,18.4174207,164.105961,450
1169,1.41504370462e-14,164.9,450
1170,-18.4174207,164.105961,450
1171,-36.6574715,161.731493,450
1172,-54.5444909,157.799461,450
1173,-71.9062169,152.347735,450
1174,-88.5754468,145.428816,450
1175,-104.391647,137.109339,450
1176,-119.202498,127.469424,450
1177,-132.865364,116.601908,450
1178,-145.248664,104.611453,450
1179,-156.23314,91.6135314,450
1180,-165.713006,77.7333219,450
1181,-173.596964,63.104498,450
1182,-179.809089,47.8679433,450
1183,-184.289554,32.1703941,450
1184,-186.99521,16.1630264,450
1185,-187.9,2.22176441927e-14,450
1186,-186.99521,-16.1630264,450
1187,-184.289554,-32.1703941,450
1188,-179.809089,-47.8679433,450
1189,-173.596964,-63.104498,450
1190,-165.713006,-77.7333219,450
1191,-156.23314,-91.6135314,450
1192,-145.248664,-104.611453,450
1193,-132.865364,-116.601908,450
1194,-119.202498,-127.469424,450
1195,-104.391647,-137.109339,450
1196,-88.5754468,-145.428816,450
1197,-71.9062169,-152.347735,450
1198,-54.5444909,-157.799461,450
1199,-36.6574715,-161.731493,450
1200,-18.4174207,-164.105961,450
1201,-3.52264274213e-14,-164.9,450
1202,18.4174207,-164.105961,450
1203,36.6574715,-161.731493,450
1204,54.5444909,-157.799461,450
1205,71.9062169,-152.347735,450
1206,88.5754468,-145.428816,450
1207,104.391647,-137.109339,450
1208,119.202498,-127.469424,450
1209,132.865364,-116.601908,450
1210,145.248664,-104.611453,450
1211,156.23314,-91.6135314,450
1212,165.713006,-77.7333219,450
1213,173.596964,-63.104498,450
1214,179.809089,-47.8679433,450
1215,184.289554,-32.1703941,450
1216,186.99521,-16.1630264,450
1217,187.9,-8.7240418137e-16,475
1218,186.99521,16.1630264,475
1219,184.289554,32.1703941,475
1220,179.809089,47.8679433,475
1221,173.596964,63.104498,475
1222,165.713006,77.7333219,475
1223,156.23314,91.6135314,475
1224,145.248664,104.611453,475
1225,132.865364,116.601908,475
1226,119.202498,127.469424,475
1227,104.391647,137.109339,475
1228,88.5754468,145.428816,475
1229,71.9062169,152.347735,475
1230,54.5444909,157.799461,475
1231,36.6574715,161.731493,475
1232,18.4174207,164.105961,475
1233,1.33468361713e-14,164.9,475
1234,-18.4174207,164.105961,475
1235,-36.6574715,161.731493,475
1236,-54.5444909,157.799461,475
1237,-71.9062169,152.347735,475
1238,-88.5754468,145.428816,475
1239,-104.391647,137.109339,475
1240,-119.202498,127.469424,475
1241,-132.865364,116.601908,475
1242,-145.248664,104.611453,475
1243,-156.23314,91.6135314,475
1244,-165.713006,77.7333219,475
1245,-173.596964,63.104498,475
1246,-179.809089,47.8679433,475
1247,-184.289554,32.1703941,475
1248,-186.99521,16.1630264,475
1249,-187.9,2.21743066203e-14,475
1250,-186.99521,-16.1630264,475
1251,-184.289554,-32.1703941,475
1252,-179.809089,-47.8679433,475
1253,-173.596964,-63.104498,475
1254,-165.713006,-77.7333219,475
1255,-156.23314,-91.6135314,475
1256,-145.248664,-104.611453,475
1257,-132.865364,-116.601908,475
1258,-119.202498,-127.469424,475
1259,-104.391647,-137.109339,475
1260,-88.5754468,-145.428816,475
1261,-71.9062169,-152.347735,475
1262,-54.5444909,-157.799461,475
1263,-36.6574715,-161.731493,475
1264,-18.4174207,-164.105961,475
1265,-3.53403452447e-14,-164.9,475
1266,18.4174207,-164.105961,475
1267,36.6574715,-161.731493,475
1268,54.5444909,-157.799461,475
1269,71.9062169,-152.347735,475
1270,88.5754468,-145.428816,475
1271,104.391647,-137.109339,475
1272,119.202498,-127.469424,475
1273,132.865364,-116.601908,475
1274,145.248664,-104.611453,475
1275,156.23314,-91.6135314,475
1276,165.713006,-77.7333219,475
1277,173.596964,-63.104498,475
1278,179.809089,-47.8679433,475
1279,184.289554,-32.1703941,475
1280,186.99521,-16.1630264,475
1281,187.9,-1.13913604848e-15,500
1282,186.99521,16.1630264,500
1283,184.289554,32.1703941,500
1284,179.809089,47.8679433,500
1285,173.596964,63.104498,500
1286,165.713006,77.7333219,500
1287,156.23314,91.6135314,500
1288,145.248664,104.611453,500
1289,132.865364,116.601908,500
1290,119.202498,127.469424,500
1291,104.391647,137.109339,500
1292,88.5754468,145.428816,500
1293,71.9062169,152.347735,500
1294,54.5444909,157.799461,500
1295,36.6574715,161.731493,500
1296,18.4174207,164.105961,500
1297,1.34820195811e-14,164.9,500
1298,-18.4174207,164.105961,500
1299,-36.6574715,161.731493,500
1300,-54.5444909,157.799461,500
1301,-71.9062169,152.347735,500
1302,-88.5754468,145.428816,500
1303,-104.391647,137.109339,500
1304,-119.202498,127.469424,500
1305,-132.865364,116.601908,500
1306,-145.248664,104.611453,500
1307,-156.23314,91.6135314,500
1308,-165.713006,77.7333219,500
1309,-173.596964,63.104498,500
1310,-179.809089,47.8679433,500
1311,-184.289554,32.1703941,500
1312,-186.99521,16.1630264,500
1313,-187.9,2.33832769261e-14,500
1314,-186.99521,-16.1630264,500
1315,-184.289554,-32.1703941,500
1316,-179.809089,-47.8679433,500
1317,-173.596964,-63.104498,500
1318,-165.713006,-77.7333219,500
1319,-156.23314,-91.6135314,500
1320,-145.248664,-104.611453,500
1321,-132.865364,-116.601908,500
1322,-119.202498,-127.469424,500
1323,-104.391647,-137.109339,500
1324,-88.5754468,-145.428816,500
1325,-71.9062169,-152.347735,500
1326,-54.5444909,-157.799461,500
1327,-36.6574715,-161.731493,500
1328,-18.4174207,-164.105961,500
1329,-3.56825056016e-14,-164.9,500
1330,18.4174207,-164.105961,500
1331,36.6574715,-161.731493,500
1332,54.5444909,-157.799461,500
1333,71.9062169,-152.347735,500
1334,88.5754468,-145.428816,500
1335,104.391647,-137.109339,500
1336,119.202498,-127.469424,500
1337,132.865364,-116.601908,500
1338,145.248664,-104.611453,500
1339,156.23314,-91.6135314,500
1340,165.713006,-77.7333219,500
1341,173.596964,-63.104498,500
1342,179.809089,-47.8679433,500
1343,184.289554,-32.1703941,500
1344,186.99521,-16.1630264,500
1345,187.9,-2.59389224209e-16,525
1346,186.99521,16.1630264,525
1347,184.289554,32.1703941,525
1348,179.809089,47.8679433,525
1349,173.596964,63.104498,525
1350,165.713006,77.7333219,525
1351,156.23314,91.6135314,525
1352,145.248664,104.611453,525
1353,132.865364,116.601908,525
1354,119.202498,127.469424,525
1355,104.391647,137.109339,525
1356,88.5754468,145.428816,525
1357,71.9062169,152.347735,525
1358,54.5444909,157.799461,525
1359,36.6574715,161.731493,525
1360,18.4174207,164.105961,525
1361,1.26433316898e-14,164.9,525
1362,-18.4174207,164.105961,525
1363,-36.6574715,161.731493,525
1364,-54.5444909,157.799461,525
1365,-71.9062169,152.347735,525
1366,-88.5754468,145.428816,525
1367,-104.391647,137.109339,525
1368,-119.202498,127.469424,525
1369,-132.865364,116.601908,525
1370,-145.248664,104.611453,525
1371,-156.23314,91.6135314,525
1372,-165.713006,77.7333219,525
1373,-173.596964,63.104498,525
1374,-179.809089,47.8679433,525
1375,-184.289554,32.1703941,525
1376,-186.99521,16.1630264,525
1377,-187.9,2.46246482849e-14,525
1378,-186.99521,-16.1630264,525
1379,-184.289554,-32.1703941,525
1380,-179.809089,-47.8679433,525
1381,-173.596964,-63.104498,525
1382,-165.713006,-77.7333219,525
1383,-156.23314,-91.6135314,525
1384,-145.248664,-104.611453,525
1385,-132.865364,-116.601908,525
1386,-119.202498,-127.469424,525
1387,-104.391647,-137.109339,525
1388,-88.5754468,-145.428816,525
1389,-71.9062169,-152.347735,525
1390,-54.5444909,-157.799461,525
1391,-36.6574715,-161.731493,525
1392,-18.4174207,-164.105961,525
1393,-3.49761587549e-14,-164.9,525
1394,18.4174207,-164.105961,525
1395,36.6574715,-161.731493,525
1396,54.5444909,-157.799461,525
1397,71.9062169,-152.347735,525
1398,88.5754468,-145.428816,525
1399,104.391647,-137.109339,525
1400,119.202498,-127.469424,525
1401,132.865364,-116.601908,525
1402,145.248664,-104.611453,525
1403,156.23314,-91.6135314,525
1404,165.713006,-77.7333219,525
1405,173.596964,-63.104498,525
1406,179.809089,-47.8679433,525
1407,184.289554,-32.1703941,525
1408,186.99521,-16.1630264,525
1409,187.9,-7.27771302617e-16,550
1410,186.99521,16.1630264,550
1411,184.289554,32.1703941,550
1412,179.809089,47.8679433,550
1413,173.596964,63.104498,550
1414,165.713006,77.7333219,550
1415,156.23314,91.6135314,550
1416,145.248664,104.611453,550
1417,132.865364,116.601908,550
1418,119.202498,127.469424,550
1419,104.391647,137.109339,550
1420,88.5754468,145.428816,550
1421,71.9062169,152.347735,550
1422,54.5444909,157.799461,550
1423,36.6574715,161.731493,550
1424,18.4174207,164.105961,550
1425,1.29723154693e-14,164.9,550
1426,-18.4174207,164.105961,550
1427,-36.6574715,161.731493,550
1428,-54.5444909,157.799461,550
1429,-71.9062169,152.347735,550
1430,-88.5754468,145.428816,550
1431,-104.391647,137.109339,550
1432,-119.202498,127.469424,550
1433,-132.865364,116.601908,550
1434,-145.248664,104.611453,550
1435,-156.23314,91.6135314,550
1436,-165.713006,77.7333219,550
1437,-173.596964,63.104498,550
1438,-179.809089,47.8679433,550
1439,-184.289554,32.1703941,550
1440,-186.99521,16.1630264,550
1441,-187.9,2.47326129471e-14,550
1442,-186.99521,-16.1630264,550
1443,-184.289554,-32.1703941,550
1444,-179.809089,-47.8679433,550
1445,-173.596964,-63.104498,550
1446,-165.713006,-77.7333219,550
1447,-156.23314,-91.6135314,550
1448,-145.248664,-104.611453,550
1449,-132.865364,-116.601908,550
1450,-119.202498,-127.469424,550
1451,-104.391647,-137.109339,550
1452,-88.5754468,-145.428816,550
1453,-71.9062169,-152.347735,550
1454,-54.5444909,-157.799461,550
1455,-36.6574715,-161.731493,550
1456,-18.4174207,-164.105961,550
1457,-3.50112704742e-14,-164.9,550
1458,18.4174207,-164.105961,550
1459,36.6574715,-161.731493,550
1460,54.5444909,-157.799461,550
1461,71.9062169,-152.347735,550
1462,88.5754468,-145.428816,550
1463,104.391647,-137.109339,550
1464,119.202498,-127.469424,550
1465,132.865364,-116.601908,550
1466,145.248664,-104.611453,550
1467,156.23314,-91.6135314,550
1468,165.713006,-77.7333219,550
1469,173.596964,-63.104498,550
1470,179.809089,-47.8679433,550
1471,184.289554,-32.1703941,550
1472,186.99521,-16.1630264,550
1473,187.9,-7.96704547912e-16,575
1474,186.99521,16.1630264,575
1475,184.289554,32.1703941,575
1476,179.809089,47.8679433,575
1477,173.596964,63.104498,575
1478,165.713006,77.7333219,575
1479,156.23314,91.6135314,575
1480,145.248664,104.611453,575
1481,132.865364,116.601908,575
1482,119.202498,127.469424,575
1483,104.391647,137.109339,575
1484,88.5754468,145.428816,575
1485,71.9062169,152.347735,575
1486,54.5444909,157.799461,575
1487,36.6574715,161.731493,575
1488,18.4174207,164.105961,575
1489,1.24618078597e-14,164.9,575
1490,-18.4174207,164.105961,575
1491,-36.6574715,161.731493,575
1492,-54.5444909,157.799461,575
1493,-71.9062169,152.347735,575
1494,-88.5754468,145.428816,575
1495,-104.391647,137.109339,575
1496,-119.202498,127.469424,575
1497,-132.865364,116.601908,575
1498,-145.248664,104.611453,575
1499,-156.23314,91.6135314,575
1500,-165.713006,77.7333219,575
1501,-173.596964,63.104498,575
1502,-179.809089,47.8679433,575
1503,-184.289554,32.1703941,575
1504,-186.99521,16.1630264,575
1505,-187.9,2.54076764023e-14,575
1506,-186.99521,-16.1630264,575
1507,-184.289554,-32.1703941,575
1508,-179.809089,-47.8679433,575
1509,-173.596964,-63.104498,575
1510,-165.713006,-77.7333219,575
1511,-156.23314,-91.6135314,575
1512,-145.248664,-104.611453,575
1513,-132.865364,-116.601908,575
1514,-119.202498,-127.469424,575
1515,-104.391647,-137.109339,575
1516,-88.5754468,-145.428816,575
1517,-71.9062169,-152.347735,575
1518,-54.5444909,-157.799461,575
1519,-36.6574715,-161.731493,575
1520,-18.4174207,-164.105961,575
1521,-3.36466364367e-14,-164.9,575
1522,18.4174207,-164.105961,575
1523,36.6574715,-161.731493,575
1524,54.5444909,-157.799461,575
1525,71.9062169,-152.347735,575
1526,88.5754468,-145.428816,575
1527,104.391647,-137.109339,575
1528,119.202498,-127.469424,575
1529,132.865364,-116.601908,575
1530,145.248664,-104.611453,575
1531,156.23314,-91.6135314,575
1532,165.713006,-77.7333219,575
1533,173.596964,-63.104498,575
1534,179.809089,-47.8679433,575
1535,184.289554,-32.1703941,575
1536,186.99521,-16.1630264,575
1537,187.9,-9.08719743027e-17,600
1538,186.99521,16.1630264,600
1539,184.289554,32.1703941,600
1540,179.809089,47.8679433,600
1541,173.596964,63.104498,600
1542,165.713006,77.7333219,600
1543,156.23314,91.6135314,600
1544,145.248664,104.611453,600
1545,132.865364,116.601908,600
1546,119.202498,127.469424,600
1547,104.391647,137.109339,600
1548,88.5754468,145.428816,600
1549,71.9062169,152.347735,600
1550,54.5444909,157.799461,600
1551,36.6574715,161.731493,600
1552,18.4174207,164.105961,600
1553,1.27779424471e-14,164.9,600
1554,-18.4174207,164.105961,600
1555,-36.6574715,161.731493,600
1556,-54.5444909,157.799461,600
1557,-71.9062169,152.347735,600
1558,-88.5754468,145.428816,600
1559,-104.391647,137.109339,600
1560,-119.202498,127.469424,600
1561,-132.865364,116.601908,600
1562,-145.248664,104.611453,600
1563,-156.23314,91.6135314,600
1564,-165.713006,77.7333219,600
1565,-173.596964,63.104498,600
1566,-179.809089,47.8679433,600
1567,-184.289554,32.1703941,600
1568,-186.99521,16.1630264,600
1569,-187.9,2.75739101619e-14,600
1570,-186.99521,-16.1630264,600
1571,-184.289554,-32.1703941,600
1572,-179.809089,-47.8679433,600
1573,-173.596964,-63.104498,600
1574,-165.713006,-77.7333219,600
1575,-156.23314,-91.6135314,600
1576,-145.248664,-104.611453,600
1577,-132.865364,-116.601908,600
1578,-119.202498,-127.469424,600
1579,-104.391647,-137.109339,600
1580,-88.5754468,-145.428816,600
1581,-71.9062169,-152.347735,600
1582,-54.5444909,-157.799461,600
1583,-36.6574715,-161.731493,600
1584,-18.4174207,-164.105961,600
1585,-3.46791086128e-14,-164.9,600
1586,18.4174207,-164.105961,600
1587,36.6574715,-161.731493,600
1588,54.5444909,-157.799461,600
1589,71.9062169,-152.347735,600
1590,88.5754468,-145.428816,600
1591,104.391647,-137.109339,600
1592,119.202498,-127.469424,600
1593,132.865364,-116.601908,600
1594,145.248664,-104.611453,600
1595,156.23314,-91.6135314,600
1596,165.713006,-77.7333219,600
1597,173.596964,-63.104498,600
1598,179.809089,-47.8679433,600
1599,184.289554,-32.1703941,600
1600,186.99521,-16.1630264,600
1601,187.9,-1.06268698875e-15,625
1602,186.99521,16.1630264,625
1603,184.289554,32.1703941,625
1604,179.809089,47.8679433,625
1605,173.596964,63.104498,625
1606,165.713006,77.7333219,625
1607,156.23314,91.6135314,625
1608,145.248664,104.611453,625
1609,132.865364,116.601908,625
1610,119.202498,127.469424,625
1611,104.391647,137.109339,625
1612,88.5754468,145.428816,625
1613,71.9062169,152.347735,625
1614,54.5444909,157.799461,625
1615,36.6574715,161.731493,625
1616,18.4174207,164.105961,625
1617,1.17734738799e-14,164.9,625
1618,-18.4174207,164.105961,625
1619,-36.6574715,161.731493,625
1620,-54.5444909,157.799461,625
1621,-71.9062169,152.347735,625
1622,-88.5754468,145.428816,625
1623,-104.391647,137.109339,625
1624,-119.202498,127.469424,625
1625,-132.865364,116.601908,625
1626,-145.248664,104.611453,625
1627,-156.23314,91.6135314,625
1628,-165.713006,77.7333219,625
1629,-173.596964,63.104498,625
1630,-179.809089,47.8679433,625
1631,-184.289554,32.1703941,625
1632,-186.99521,16.1630264,625
1633,-187.9,2.80158227421e-14,625
1634,-186.99521,-16.1630264,625
1635,-184.289554,-32.1703941,625
1636,-179.809089,-47.8679433,625
1637,-173.596964,-63.104498,625
1638,-165.713006,-77.7333219,625
1639,-156.23314,-91.6135314,625
1640,-145.248664,-104.611453,625
1641,-132.865364,-116.601908,625
1642,-119.202498,-127.469424,625
1643,-104.391647,-137.109339,625
1644,-88.5754468,-145.428816,625
1645,-71.9062169,-152.347735,625
1646,-54.5444909,-157.799461,625
1647,-36.6574715,-161.731493,625
1648,-18.4174207,-164.105961,625
1649,-3.49145874722e-14,-164.9,625
1650,18.4174207,-164.105961,625
1651,36.6574715,-161.731493,625
1652,54.5444909,-157.799461,625
1653,71.9062169,-152.347735,625
1654,88.5754468,-145.428816,625
1655,104.391647,-137.109339,625
1656,119.202498,-127.469424,625
1657,132.865364,-116.601908,625
1658,145.248664,-104.611453,625
1659,156.23314,-91.6135314,625
1660,165.713006,-77.7333219,625
1661,173.596964,-63.104498,625
1662,179.809089,-47.8679433,625
1663,184.289554,-32.1703941,625
1664,186.99521,-16.1630264,625
1665,187.9,0,650
1666,186.99521,16.1630264,650
1667,184.289554,32.1703941,650
1668,179.809089,47.8679433,650
1669,173.596964,63.104498,650
1670,165.713006,77.7333219,650
1671,156.23314,91.6135314,650
1672,145.248664,104.611453,650
1673,132.865364,116.601908,650
1674,119.202498,127.469424,650
1675,104.391647,137.109339,650
1676,88.5754468,145.428816,650
1677,71.9062169,152.347735,650
1678,54.5444909,157.799461,650
1679,36.6574715,161.731493,650
1680,18.4174207,164.105961,650
1681,1.15055567e-14,164.9,650
1682,-18.4174207,164.105961,650
1683,-36.6574715,161.731493,650
1684,-54.5444909,157.799461,650
1685,-71.9062169,152.347735,650
1686,-88.5754468,145.428816,650
1687,-104.391647,137.109339,650
1688,-119.202498,127.469424,650
1689,-132.865364,116.601908,650
1690,-145.248664,104.611453,650
1691,-156.23314,91.6135314,650
1692,-165.713006,77.7333219,650
1693,-173.596964,63.104498,650
1694,-179.809089,47.8679433,650
1695,-184.289554,32.1703941,650
1696,-186.99521,16.1630264,650
1697,-187.9,2.85205964855e-14,650
1698,-186.99521,-16.1630264,650
1699,-184.289554,-32.1703941,650
1700,-179.809089,-47.8679433,650
1701,-173.596964,-63.104498,650
1702,-165.713006,-77.7333219,650
1703,-156.23314,-91.6135314,650
1704,-145.248664,-104.611453,650
1705,-132.865364,-116.601908,650
1706,-119.202498,-127.469424,650
1707,-104.391647,-137.109339,650
1708,-88.5754468,-145.428816,650
1709,-71.9062169,-152.347735,650
1710,-54.5444909,-157.799461,650
1711,-36.6574715,-161.731493,650
1712,-18.4174207,-164.105961,650
1713,-3.451667e-14,-164.9,650
1714,18.4174207,-164.105961,650
1715,36.6574715,-161.731493,650
1716,54.5444909,-157.799461,650
1717,71.9062169,-152.347735,650
1718,88.5754468,-145.428816,650
1719,104.391647,-137.109339,650
1720,119.202498,-127.469424,650
1721,132.865364,-116.601908,650
1722,145.248664,-104.611453,650
1723,156.23314,-91.6135314,650
1724,165.713006,-77.7333219,650
1725,173.596964,-63.104498,650
1726,179.809089,-47.8679433,650
1727,184.289554,-32.1703941,650
1728,186.99521,-16.1630264,650

Data Record #2
===========================================================================
Step = 1
Time = 0.025
Data = shirt_contact_data
1,-0.469422658763,0
2,-0.46933723233,0
3,-0.469182728659,0
4,-0.468986814385,0
5,-0.468783233651,0
6,-0.468605862523,0
7,-0.468482595703,0
8,-0.468430739239,0
9,-0.46845601043,0
10,-0.468551897848,0
11,-0.468701237987,0
12,-0.46888212895,0
13,-0.469068598976,0
14,-0.469234867549,0
15,-0.469359032238,0
16,-0.469425189597,0
17,-0.469425189597,0
18,-0.469359032238,0
19,-0.469234867549,0
20,-0.469068598976,0
21,-0.46888212895,0
22,-0.468701237987,0
23,-0.468551897848,0
24,-0.46845601043,0
25,-0.468430739239,0
26,-0.468482595703,0
27,-0.468605862523,0
28,-0.468783233651,0
29,-0.468986814385,0
30,-0.469182728659,0
31,-0.46933723233,0
32,-0.469422658763,0
33,-0.469422658763,0
34,-0.46933723233,0
35,-0.469182728659,0
36,-0.468986814385,0
37,-0.468783233651,0
38,-0.468605862523,0
39,-0.468482595703,0
40,-0.468430739239,0
41,-0.46845601043,0
42,-0.468551897848,0
43,-0.468701237987,0
44,-0.46888212895,0
45,-0.469068598976,0
46,-0.469234867549,0
47,-0.469359032238,0
48,-0.469425189597,0
49,-0.469425189597,0
50,-0.469359032238,0
51,-0.469234867549,0
52,-0.469068598976,0
53,-0.46888212895,0
54,-0.468701237987,0
55,-0.468551897848,0
56,-0.46845601043,0
57,-0.468430739239,0
58,-0.468482595703,0
59,-0.468605862523,0
60,-0.468783233651,0
61,-0.468986814385,0
62,-0.469182728659,0
63,-0.46933723233,0
64,-0.469422658763,0
65,-0.469422658763,0
66,-0.46933723233,0
67,-0.469182728659,0
68,-0.468986814385,0
69,-0.468783233651,0
70,-0.468605862523,0
71,-0.468482595703,0
72,-0.468430739239,0
73,-0.46845601043,0
74,-0.468551897848,0
75,-0.468701237987,0
76,-0.46888212895,0
77,-0.469068598976,0
78,-0.469234867549,0
79,-0.469359032238,0
80,-0.469425189597,0
81,-0.469425189597,0
82,-0.469359032238,0
83,-0.469234867549,0
84,-0.469068598976,0
85,-0.46888212895,0
86,-0.468701237987,0
87,-0.468551897848,0
88,-0.46845601043,0
89,-0.468430739239,0
90,-0.468482595703,0
91,-0.468605862523,0
92,-0.468783233651,0
93,-0.468986814385,0
94,-0.469182728659,0
95,-0.46933723233,0
96,-0.469422658763,0
97,-0.469422658763,0
98,-0.46933723233,0
99,-0.469182728659,0
100,-0.468986814386,0
101,-0.468783233651,0
102,-0.468605862523,0
103,-0.468482595703,0
104,-0.468430739239,0
105,-0.46845601043,0
106,-0.468551897848,0
107,-0.468701237987,0
108,-0.46888212895,0
109,-0.469068598976,0
110,-0.469234867549,0
111,-0.469359032238,0
112,-0.469425189597,0
113,-0.469425189597,0
114,-0.469359032238,0
115,-0.469234867549,0
116,-0.469068598976,0
117,-0.46888212895,0
118,-0.468701237987,0
119,-0.468551897848,0
120,-0.46845601043,0
121,-0.468430739239,0
122,-0.468482595703,0
123,-0.468605862523,0
124,-0.468783233651,0
125,-0.468986814385,0
126,-0.469182728659,0
127,-0.46933723233,0
128,-0.469422658763,0
129,-0.469422658763,0
130,-0.46933723233,0
131,-0.469182728659,0
132,-0.468986814386,0
133,-0.468783233651,0
134,-0.468605862523,0
135,-0.468482595703,0
136,-0.468430739239,0
137,-0.46845601043,0
138,-0.468551897848,0
139,-0.468701237987,0
140,-0.46888212895,0
141,-0.469068598976,0
142,-0.469234867549,0
143,-0.469359032238,0
144,-0.469425189597,0
145,-0.469425189597,0
146,-0.469359032238,0
147,-0.469234867549,0
148,-0.469068598976,0
149,-0.46888212895,0
150,-0.468701237987,0
151,-0.468551897848,0
152,-0.46845601043,0
153,-0.468430739239,0
154,-0.468482595703,0
155,-0.468605862523,0
156,-0.468783233651,0
157,-0.468986814385,0
158,-0.469182728659,0
159,-0.46933723233,0
160,-0.469422658763,0
161,-0.469422658763,0
162,-0.46933723233,0
163,-0.469182728659,0
164,-0.468986814386,0
165,-0.468783233651,0
166,-0.468605862523,0
167,-0.468482595703,0
168,-0.468430739239,0
169,-0.46845601043,0
170,-0.468551897848,0
171,-0.468701237987,0
172,-0.46888212895,0
173,-0.469068598976,0
174,-0.469234867549,0
175,-0.469359032238,0
176,-0.469425189597,0
177,-0.469425189597,0
178,-0.469359032238,0
179,-0.469234867549,0
180,-0.469068598976,0
181,-0.46888212895,0
182,-0.468701237987,0
183,-0.468551897848,0
184,-0.46845601043,0
185,-0.468430739239,0
186,-0.468482595703,0
187,-0.468605862523,0
188,-0.468783233651,0
189,-0.468986814385,0
190,-0.469182728659,0
191,-0.46933723233,0
192,-0.469422658763,0
193,-0.469422658763,0
194,-0.46933723233,0
195,-0.469182728659,0
196,-0.468986814386,0
197,-0.468783233651,0
198,-0.468605862523,0
199,-0.468482595703,0
200,-0.468430739239,0
201,-0.46845601043,0
202,-0.468551897848,0
203,-0.468701237987,0
204,-0.46888212895,0
205,-0.469068598976,0
206,-0.469234867549,0
207,-0.469359032238,0
208,-0.469425189597,0
209,-0.469425189597,0
210,-0.469359032238,0
211,-0.469234867549,0
212,-0.469068598976,0
213,-0.46888212895,0
214,-0.468701237987,0
215,-0.468551897848,0
216,-0.46845601043,0
217,-0.468430739239,0
218,-0.468482595703,0
219,-0.468605862523,0
220,-0.468783233651,0
221,-0.468986814385,0
222,-0.469182728659,0
223,-0.46933723233,0
224,-0.469422658763,0
225,-0.469422658763,0
226,-0.46933723233,0
227,-0.469182728659,0
228,-0.468986814386,0
229,-0.468783233651,0
230,-0.468605862523,0
231,-0.468482595703,0
232,-0.468430739239,0
233,-0.46845601043,0
234,-0.468551897848,0
235,-0.468701237987,0
236,-0.46888212895,0
237,-0.469068598976,0
238,-0.469234867549,0
239,-0.469359032238,0
240,-0.469425189597,0
241,-0.469425189597,0
242,-0.469359032238,0
243,-0.469234867549,0
244,-0.469068598976,0
245,-0.46888212895,0
246,-0.468701237987,0
247,-0.468551897848,0
248,-0.46845601043,0
249,-0.468430739239,0
250,-0.468482595703,0
251,-0.468605862523,0
252,-0.468783233651,0
253,-0.468986814385,0
254,-0.469182728659,0
255,-0.46933723233,0
256,-0.469422658763,0
257,-0.469422658763,0
258,-0.46933723233,0
259,-0.469182728659,0
260,-0.468986814386,0
261,-0.468783233651,0
262,-0.468605862523,0
263,-0.468482595703,0
264,-0.468430739239,0
265,-0.46845601043,0
266,-0.468551897848,0
267,-0.468701237987,0
268,-0.46888212895,0
269,-0.469068598976,0
270,-0.469234867549,0
271,-0.469359032238,0
272,-0.469425189597,0
273,-0.469425189597,0
274,-0.469359032238,0
275,-0.469234867549,0
276,-0.469068598976,0
277,-0.46888212895,0
278,-0.468701237987,0
279,-0.468551897848,0
280,-0.46845601043,0
281,-0.468430739239,0
282,-0.468482595703,0
283,-0.468605862523,0
284,-0.468783233651,0
285,-0.468986814385,0
286,-0.469182728659,0
287,-0.46933723233,0
288,-0.469422658763,0
289,-0.469422658763,0
290,-0.46933723233,0
291,-0.469182728659,0
292,-0.468986814385,0
293,-0.468783233651,0
294,-0.468605862523,0
295,-0.468482595703,0
296,-0.468430739239,0
297,-0.46845601043,0
298,-0.468551897848,0
299,-0.468701237987,0
300,-0.46888212895,0
301,-0.469068598976,0
302,-0.469234867549,0
303,-0.469359032238,0
304,-0.469425189597,0
305,-0.469425189597,0
306,-0.469359032238,0
307,-0.469234867549,0
308,-0.469068598976,0
309,-0.46888212895,0
310,-0.468701237987,0
311,-0.468551897848,0
312,-0.46845601043,0
313,-0.468430739239,0
314,-0.468482595703,0
315,-0.468605862523,0
316,-0.468783233651,0
317,-0.468986814385,0
318,-0.469182728659,0
319,-0.46933723233,0
320,-0.469422658763,0
321,-0.469422658763,0
322,-0.46933723233,0
323,-0.469182728659,0
324,-0.468986814385,0
325,-0.468783233651,0
326,-0.468605862523,0
327,-0.468482595703,0
328,-0.468430739239,0
329,-0.46845601043,0
330,-0.468551897848,0
331,-0.468701237987,0
332,-0.46888212895,0
333,-0.469068598976,0
334,-0.469234867549,0
335,-0.469359032238,0
336,-0.469425189597,0
337,-0.469425189597,0
338,-0.469359032238,0
339,-0.469234867549,0
340,-0.469068598976,0
341,-0.46888212895,0
342,-0.468701237987,0
343,-0.468551897848,0
344,-0.46845601043,0
345,-0.468430739239,0
346,-0.468482595703,0
347,-0.468605862523,0
348,-0.468783233651,0
349,-0.468986814385,0
350,-0.469182728659,0
351,-0.46933723233,0
352,-0.469422658763,0
353,-0.469422658763,0
354,-0.46933723233,0
355,-0.469182728659,0
356,-0.468986814386,0
357,-0.468783233651,0
358,-0.468605862523,0
359,-0.468482595703,0
360,-0.468430739239,0
361,-0.46845601043,0
362,-0.468551897848,0
363,-0.468701237987,0
364,-0.46888212895,0
365,-0.469068598976,0
366,-0.469234867549,0
367,-0.469359032238,0
368,-0.469425189597,0
369,-0.469425189597,0
370,-0.469359032238,0
371,-0.469234867549,0
372,-0.469068598976,0
373,-0.46888212895,0
374,-0.468701237987,0
375,-0.468551897848,0
376,-0.46845601043,0
377,-0.468430739239,0
378,-0.468482595703,0
379,-0.468605862523,0
380,-0.468783233651,0
381,-0.468986814385,0
382,-0.469182728659,0
383,-0.46933723233,0
384,-0.469422658763,0
385,-0.469422658763,0
386,-0.46933723233,0
387,-0.469182728659,0
388,-0.468986814386,0
389,-0.468783233651,0
390,-0.468605862523,0
391,-0.468482595703,0
392,-0.468430739239,0
393,-0.46845601043,0
394,-0.468551897848,0
395,-0.468701237987,0
396,-0.46888212895,0
397,-0.469068598976,0
398,-0.469234867549,0
399,-0.469359032238,0
400,-0.469425189597,0
401,-0.469425189597,0
402,-0.469359032238,0
403,-0.469234867549,0
404,-0.469068598976,0
405,-0.46888212895,0
406,-0.468701237987,0
407,-0.468551897848,0
408,-0.46845601043,0
409,-0.468430739239,0
410,-0.468482595703,0
411,-0.468605862523,0
412,-0.468783233651,0
413,-0.468986814385,0
414,-0.469182728659,0
415,-0.46933723233,0
416,-0.469422658763,0
417,-0.469422658763,0
418,-0.46933723233,0
419,-0.469182728659,0
420,-0.468986814385,0
421,-0.468783233651,0
422,-0.468605862523,0
423,-0.468482595703,0
424,-0.468430739239,0
425,-0.46845601043,0
426,-0.468551897848,0
427,-0.468701237987,0
428,-0.46888212895,0
429,-0.469068598976,0
430,-0.469234867549,0
431,-0.469359032238,0
432,-0.469425189597,0
433,-0.469425189597,0
434,-0.469359032238,0
435,-0.469234867549,0
436,-0.469068598976,0
437,-0.46888212895,0
438,-0.468701237987,0
439,-0.468551897848,0
440,-0.46845601043,0
441,-0.468430739239,0
442,-0.468482595703,0
443,-0.468605862522,0
444,-0.468783233651,0
445,-0.468986814385,0
446,-0.469182728659,0
447,-0.46933723233,0
448,-0.469422658763,0
449,-0.469422658763,0
450,-0.46933723233,0
451,-0.469182728659,0
452,-0.468986814385,0
453,-0.468783233651,0
454,-0.468605862523,0
455,-0.468482595703,0
456,-0.468430739239,0
457,-0.46845601043,0
458,-0.468551897848,0
459,-0.468701237987,0
460,-0.46888212895,0
461,-0.469068598976,0
462,-0.469234867549,0
463,-0.469359032238,0
464,-0.469425189597,0
465,-0.469425189597,0
466,-0.469359032238,0
467,-0.469234867549,0
468,-0.469068598976,0
469,-0.46888212895,0
470,-0.468701237987,0
471,-0.468551897848,0
472,-0.46845601043,0
473,-0.468430739239,0
474,-0.468482595703,0
475,-0.468605862523,0
476,-0.468783233651,0
477,-0.468986814385,0
478,-0.469182728659,0
479,-0.46933723233,0
480,-0.469422658763,0
481,-0.469422658763,0
482,-0.46933723233,0
483,-0.469182728659,0
484,-0.468986814385,0
485,-0.468783233651,0
486,-0.468605862523,0
487,-0.468482595703,0
488,-0.468430739239,0
489,-0.46845601043,0
490,-0.468551897848,0
491,-0.468701237987,0
492,-0.46888212895,0
493,-0.469068598976,0
494,-0.469234867549,0
495,-0.469359032238,0
496,-0.469425189597,0
497,-0.469425189597,0
498,-0.469359032238,0
499,-0.469234867549,0
500,-0.469068598976,0
501,-0.46888212895,0
502,-0.468701237987,0
503,-0.468551897848,0
504,-0.46845601043,0
505,-0.468430739239,0
506,-0.468482595703,0
507,-0.468605862523,0
508,-0.468783233651,0
509,-0.468986814385,0
510,-0.469182728659,0
511,-0.46933723233,0
512,-0.469422658763,0
513,-0.469422658763,0
514,-0.46933723233,0
515,-0.469182728659,0
516,-0.468986814385,0
517,-0.468783233651,0
518,-0.468605862523,0
519,-0.468482595703,0
520,-0.468430739239,0
521,-0.46845601043,0
522,-0.468551897849,0
523,-0.468701237987,0
524,-0.46888212895,0
525,-0.469068598976,0
526,-0.469234867549,0
527,-0.469359032238,0
528,-0.469425189597,0
529,-0.469425189597,0
530,-0.469359032238,0
531,-0.469234867549,0
532,-0.469068598976,0
533,-0.46888212895,0
534,-0.468701237987,0
535,-0.468551897849,0
536,-0.46845601043,0
537,-0.468430739239,0
538,-0.468482595703,0
539,-0.468605862523,0
540,-0.468783233651,0
541,-0.468986814385,0
542,-0.469182728659,0
543,-0.46933723233,0
544,-0.469422658763,0
545,-0.469422658763,0
546,-0.46933723233,0
547,-0.469182728659,0
548,-0.468986814385,0
549,-0.468783233651,0
550,-0.468605862523,0
551,-0.468482595703,0
552,-0.468430739239,0
553,-0.46845601043,0
554,-0.468551897849,0
555,-0.468701237987,0
556,-0.46888212895,0
557,-0.469068598976,0
558,-0.469234867549,0
559,-0.469359032238,0
560,-0.469425189597,0
561,-0.469425189597,0
562,-0.469359032238,0
563,-0.469234867549,0
564,-0.469068598976,0
565,-0.46888212895,0
566,-0.468701237987,0
567,-0.468551897848,0
568,-0.46845601043,0
569,-0.468430739239,0
570,-0.468482595703,0
571,-0.468605862523,0
572,-0.468783233651,0
573,-0.468986814385,0
574,-0.469182728659,0
575,-0.46933723233,0
576,-0.469422658763,0
577,-0.469422658763,0
578,-0.46933723233,0
579,-0.469182728659,0
580,-0.468986814385,0
581,-0.468783233651,0
582,-0.468605862523,0
583,-0.468482595703,0
584,-0.468430739239,0
585,-0.46845601043,0
586,-0.468551897849,0
587,-0.468701237987,0
588,-0.46888212895,0
589,-0.469068598976,0
590,-0.469234867549,0
591,-0.469359032238,0
592,-0.469425189597,0
593,-0.469425189597,0
594,-0.469359032238,0
595,-0.469234867549,0
596,-0.469068598976,0
597,-0.46888212895,0
598,-0.468701237987,0
599,-0.468551897848,0
600,-0.46845601043,0
601,-0.468430739239,0
602,-0.468482595703,0
603,-0.468605862523,0
604,-0.468783233651,0
605,-0.468986814385,0
606,-0.469182728659,0
607,-0.46933723233,0
608,-0.469422658763,0
609,-0.469422658763,0
610,-0.46933723233,0
611,-0.469182728659,0
612,-0.468986814385,0
613,-0.468783233651,0
614,-0.468605862523,0
615,-0.468482595703,0
616,-0.468430739239,0
617,-0.46845601043,0
618,-0.468551897849,0
619,-0.468701237987,0
620,-0.46888212895,0
621,-0.469068598976,0
622,-0.469234867549,0
623,-0.469359032238,0
624,-0.469425189597,0
625,-0.469425189597,0
626,-0.469359032238,0
627,-0.469234867549,0
628,-0.469068598976,0
629,-0.46888212895,0
630,-0.468701237987,0
631,-0.468551897848,0
632,-0.46845601043,0
633,-0.468430739239,0
634,-0.468482595703,0
635,-0.468605862523,0
636,-0.468783233651,0
637,-0.468986814385,0
638,-0.469182728659,0
639,-0.46933723233,0
640,-0.469422658763,0
641,-0.469422658763,0
642,-0.46933723233,0
643,-0.469182728659,0
644,-0.468986814385,0
645,-0.468783233651,0
646,-0.468605862523,0
647,-0.468482595703,0
648,-0.468430739239,0
649,-0.46845601043,0
650,-0.468551897849,0
651,-0.468701237987,0
652,-0.46888212895,0
653,-0.469068598976,0
654,-0.469234867549,0
655,-0.469359032238,0
656,-0.469425189597,0
657,-0.469425189597,0
658,-0.469359032238,0
659,-0.469234867549,0
660,-0.469068598976,0
661,-0.46888212895,0
662,-0.468701237987,0
663,-0.468551897848,0
664,-0.46845601043,0
665,-0.468430739239,0
666,-0.468482595703,0
667,-0.468605862523,0
668,-0.468783233651,0
669,-0.468986814385,0
670,-0.469182728659,0
671,-0.46933723233,0
672,-0.469422658763,0
673,-0.469422658763,0
674,-0.46933723233,0
675,-0.469182728659,0
676,-0.468986814385,0
677,-0.468783233651,0
678,-0.468605862523,0
679,-0.468482595703,0
680,-0.468430739239,0
681,-0.46845601043,0
682,-0.468551897848,0
683,-0.468701237987,0
684,-0.46888212895,0
685,-0.469068598976,0
686,-0.469234867549,0
687,-0.469359032238,0
688,-0.469425189597,0
689,-0.469425189597,0
690,-0.469359032238,0
691,-0.469234867549,0
692,-0.469068598976,0
693,-0.46888212895,0
694,-0.468701237987,0
695,-0.468551897849,0
696,-0.46845601043,0
697,-0.468430739239,0
698,-0.468482595703,0
699,-0.468605862523,0
700,-0.468783233651,0
701,-0.468986814385,0
702,-0.469182728659,0
703,-0.46933723233,0
704,-0.469422658763,0
705,-0.469422658763,0
706,-0.46933723233,0
707,-0.469182728659,0
708,-0.468986814385,0
709,-0.468783233651,0
710,-0.468605862523,0
711,-0.468482595703,0
712,-0.468430739239,0
713,-0.46845601043,0
714,-0.468551897848,0
715,-0.468701237987,0
716,-0.46888212895,0
717,-0.469068598976,0
718,-0.469234867549,0
719,-0.469359032238,0
720,-0.469425189597,0
721,-0.469425189597,0
722,-0.469359032238,0
723,-0.469234867549,0
724,-0.469068598976,0
725,-0.46888212895,0
726,-0.468701237987,0
727,-0.468551897849,0
728,-0.46845601043,0
729,-0.468430739239,0
730,-0.468482595703,0
731,-0.468605862523,0
732,-0.468783233651,0
733,-0.468986814385,0
734,-0.469182728659,0
735,-0.46933723233,0
736,-0.469422658763,0
737,-0.469422658763,0
738,-0.46933723233,0
739,-0.469182728659,0
740,-0.468986814385,0
741,-0.468783233651,0
742,-0.468605862523,0
743,-0.468482595703,0
744,-0.468430739239,0
745,-0.46845601043,0
746,-0.468551897848,0
747,-0.468701237987,0
748,-0.46888212895,0
749,-0.469068598976,0
750,-0.469234867549,0
751,-0.469359032238,0
752,-0.469425189597,0
753,-0.469425189597,0
754,-0.469359032238,0
755,-0.469234867549,0
756,-0.469068598976,0
757,-0.46888212895,0
758,-0.468701237987,0
759,-0.468551897849,0
760,-0.46845601043,0
761,-0.468430739239,0
762,-0.468482595703,0
763,-0.468605862523,0
764,-0.468783233651,0
765,-0.468986814385,0
766,-0.469182728659,0
767,-0.46933723233,0
768,-0.469422658763,0
769,-0.469422658763,0
770,-0.46933723233,0
771,-0.469182728659,0
772,-0.468986814385,0
773,-0.468783233651,0
774,-0.468605862523,0
775,-0.468482595703,0
776,-0.468430739239,0
777,-0.46845601043,0
778,-0.468551897848,0
779,-0.468701237987,0
780,-0.46888212895,0
781,-0.469068598976,0
782,-0.469234867549,0
783,-0.469359032238,0
784,-0.469425189597,0
785,-0.469425189597,0
786,-0.469359032238,0
787,-0.469234867549,0
788,-0.469068598976,0
789,-0.46888212895,0
790,-0.468701237987,0
791,-0.468551897849,0
792,-0.46845601043,0
793,-0.468430739239,0
794,-0.468482595703,0
795,-0.468605862523,0
796,-0.468783233651,0
797,-0.468986814385,0
798,-0.469182728659,0
799,-0.46933723233,0
800,-0.469422658763,0
801,-0.469422658763,0
802,-0.46933723233,0
803,-0.469182728659,0
804,-0.468986814385,0
805,-0.468783233651,0
806,-0.468605862523,0
807,-0.468482595703,0
808,-0.468430739239,0
809,-0.46845601043,0
810,-0.468551897848,0
811,-0.468701237987,0
812,-0.46888212895,0
813,-0.469068598976,0
814,-0.469234867549,0
815,-0.469359032238,0
816,-0.469425189597,0
817,-0.469425189597,0
818,-0.469359032238,0
819,-0.469234867549,0
820,-0.469068598976,0
821,-0.46888212895,0
822,-0.468701237987,0
823,-0.468551897848,0
824,-0.46845601043,0
825,-0.468430739239,0
826,-0.468482595703,0
827,-0.468605862523,0
828,-0.468783233651,0
829,-0.468986814385,0
830,-0.469182728659,0
831,-0.46933723233,0
832,-0.469422658763,0
833,-0.469422658763,0
834,-0.46933723233,0
835,-0.469182728659,0
836,-0.468986814385,0
837,-0.468783233651,0
838,-0.468605862523,0
839,-0.468482595703,0
840,-0.468430739239,0
841,-0.46845601043,0
842,-0.468551897849,0
843,-0.468701237987,0
844,-0.46888212895,0
845,-0.469068598976,0
846,-0.469234867549,0
847,-0.469359032238,0
848,-0.469425189597,0
849,-0.469425189597,0
850,-0.469359032238,0
851,-0.469234867549,0
852,-0.469068598976,0
853,-0.46888212895,0
854,-0.468701237987,0
855,-0.468551897848,0
856,-0.46845601043,0
857,-0.468430739239,0
858,-0.468482595703,0
859,-0.468605862523,0
860,-0.468783233651,0
861,-0.468986814386,0
862,-0.469182728659,0
863,-0.46933723233,0
864,-0.469422658763,0
865,-0.469422658763,0
866,-0.46933723233,0
867,-0.469182728659,0
868,-0.468986814385,0
869,-0.468783233651,0
870,-0.468605862523,0
871,-0.468482595703,0
872,-0.468430739239,0
873,-0.46845601043,0
874,-0.468551897848,0
875,-0.468701237987,0
876,-0.46888212895,0
877,-0.469068598976,0
878,-0.469234867549,0
879,-0.469359032238,0
880,-0.469425189597,0
881,-0.469425189597,0
882,-0.469359032238,0
883,-0.469234867549,0
884,-0.469068598976,0
885,-0.46888212895,0
886,-0.468701237987,0
887,-0.468551897848,0
888,-0.46845601043,0
889,-0.468430739239,0
890,-0.468482595703,0
891,-0.468605862523,0
892,-0.468783233651,0
893,-0.468986814386,0
894,-0.469182728659,0
895,-0.46933723233,0
896,-0.469422658763,0
897,-0.469422658763,0
898,-0.46933723233,0
899,-0.469182728659,0
900,-0.468986814386,0
901,-0.468783233651,0
902,-0.468605862523,0
903,-0.468482595703,0
904,-0.468430739239,0
905,-0.46845601043,0
906,-0.468551897848,0
907,-0.468701237987,0
908,-0.46888212895,0
909,-0.469068598976,0
910,-0.469234867549,0
911,-0.469359032238,0
912,-0.469425189597,0
913,-0.469425189597,0
914,-0.469359032238,0
915,-0.469234867549,0
916,-0.469068598976,0
917,-0.46888212895,0
918,-0.468701237987,0
919,-0.468551897848,0
920,-0.46845601043,0
921,-0.468430739239,0
922,-0.468482595703,0
923,-0.468605862523,0
924,-0.468783233651,0
925,-0.468986814385,0
926,-0.469182728659,0
927,-0.46933723233,0
928,-0.469422658763,0
929,-0.469422658763,0
930,-0.46933723233,0
931,-0.469182728659,0
932,-0.468986814386,0
933,-0.468783233651,0
934,-0.468605862523,0
935,-0.468482595703,0
936,-0.468430739239,0
937,-0.46845601043,0
938,-0.468551897848,0
939,-0.468701237987,0
940,-0.46888212895,0
941,-0.469068598976,0
942,-0.469234867549,0
943,-0.469359032238,0
944,-0.469425189597,0
945,-0.469425189597,0
946,-0.469359032238,0
947,-0.469234867549,0
948,-0.469068598976,0
949,-0.46888212895,0
950,-0.468701237987,0
951,-0.468551897848,0
952,-0.46845601043,0
953,-0.468430739239,0
954,-0.468482595703,0
955,-0.468605862523,0
956,-0.468783233651,0
957,-0.468986814385,0
958,-0.469182728659,0
959,-0.46933723233,0
960,-0.469422658763,0
961,-0.469422658763,0
962,-0.46933723233,0
963,-0.469182728659,0
964,-0.468986814386,0
965,-0.468783233651,0
966,-0.468605862523,0
967,-0.468482595703,0
968,-0.468430739239,0
969,-0.46845601043,0
970,-0.468551897848,0
971,-0.468701237987,0
972,-0.46888212895,0
973,-0.469068598976,0
974,-0.469234867549,0
975,-0.469359032238,0
976,-0.469425189597,0
977,-0.469425189597,0
978,-0.469359032238,0
979,-0.469234867549,0
980,-0.469068598976,0
981,-0.46888212895,0
982,-0.468701237987,0
983,-0.468551897848,0
984,-0.46845601043,0
985,-0.468430739239,0
986,-0.468482595703,0
987,-0.468605862523,0
988,-0.468783233651,0
989,-0.468986814385,0
990,-0.469182728659,0
991,-0.46933723233,0
992,-0.469422658763,0
993,-0.469422658763,0
994,-0.46933723233,0
995,-0.469182728659,0
996,-0.468986814386,0
997,-0.468783233651,0
998,-0.468605862523,0
999,-0.468482595703,0
1000,-0.468430739239,0
1001,-0.46845601043,0
1002,-0.468551897848,0
1003,-0.468701237987,0
1004,-0.46888212895,0
1005,-0.469068598976,0
1006,-0.469234867549,0
1007,-0.469359032238,0
1008,-0.469425189597,0
1009,-0.469425189597,0
1010,-0.469359032238,0
1011,-0.469234867549,0
1012,-0.469068598976,0
1013,-0.46888212895,0
1014,-0.468701237987,0
1015,-0.468551897848,0
1016,-0.46845601043,0
1017,-0.468430739239,0
1018,-0.468482595703,0
1019,-0.468605862523,0
1020,-0.468783233651,0
1021,-0.468986814386,0
1022,-0.469182728659,0
1023,-0.46933723233,0
1024,-0.469422658763,0
1025,-0.469422658763,0
1026,-0.46933723233,0
1027,-0.469182728659,0
1028,-0.468986814386,0
1029,-0.468783233651,0
1030,-0.468605862523,0
1031,-0.468482595703,0
1032,-0.468430739239,0
1033,-0.46845601043,0
1034,-0.468551897849,0
1035,-0.468701237987,0
1036,-0.46888212895,0
1037,-0.469068598976,0
1038,-0.469234867549,0
1039,-0.469359032238,0
1040,-0.469425189597,0
1041,-0.469425189597,0
1042,-0.469359032238,0
1043,-0.469234867549,0
1044,-0.469068598976,0
1045,-0.46888212895,0
1046,-0.468701237987,0
1047,-0.468551897848,0
1048,-0.46845601043,0
1049,-0.468430739239,0
1050,-0.468482595703,0
1051,-0.468605862523,0
1052,-0.468783233651,0
1053,-0.468986814386,0
1054,-0.469182728659,0
1055,-0.46933723233,0
1056,-0.469422658763,0
1057,-0.469422658763,0
1058,-0.46933723233,0
1059,-0.469182728659,0
1060,-0.468986814386,0
1061,-0.468783233651,0
1062,-0.468605862523,0
1063,-0.468482595703,0
1064,-0.468430739239,0
1065,-0.46845601043,0
1066,-0.468551897849,0
1067,-0.468701237987,0
1068,-0.46888212895,0
1069,-0.469068598976,0
1070,-0.469234867549,0
1071,-0.469359032238,0
1072,-0.469425189597,0
1073,-0.469425189597,0
1074,-0.469359032238,0
1075,-0.469234867549,0
1076,-0.469068598976,0
1077,-0.46888212895,0
1078,-0.468701237987,0
1079,-0.468551897848,0
1080,-0.46845601043,0
1081,-0.468430739239,0
1082,-0.468482595703,0
1083,-0.468605862523,0
1084,-0.468783233651,0
1085,-0.468986814386,0
1086,-0.469182728659,0
1087,-0.46933723233,0
1088,-0.469422658763,0
1089,-0.469422658763,0
1090,-0.46933723233,0
1091,-0.469182728659,0
1092,-0.468986814386,0
1093,-0.468783233651,0
1094,-0.468605862523,0
1095,-0.468482595703,0
1096,-0.468430739239,0
1097,-0.46845601043,0
1098,-0.468551897848,0
1099,-0.468701237987,0
1100,-0.46888212895,0
1101,-0.469068598976,0
1102,-0.469234867549,0
1103,-0.469359032238,0
1104,-0.469425189597,0
1105,-0.469425189597,0
1106,-0.469359032238,0
1107,-0.469234867549,0
1108,-0.469068598976,0
1109,-0.46888212895,0
1110,-0.468701237987,0
1111,-0.468551897848,0
1112,-0.46845601043,0
1113,-0.468430739239,0
1114,-0.468482595703,0
1115,-0.468605862523,0
1116,-0.468783233651,0
1117,-0.468986814385,0
1118,-0.469182728659,0
1119,-0.46933723233,0
1120,-0.469422658763,0
1121,-0.469422658763,0
1122,-0.46933723233,0
1123,-0.469182728659,0
1124,-0.468986814385,0
1125,-0.468783233651,0
1126,-0.468605862523,0
1127,-0.468482595703,0
1128,-0.468430739239,0
1129,-0.46845601043,0
1130,-0.468551897848,0
1131,-0.468701237987,0
1132,-0.46888212895,0
1133,-0.469068598976,0
1134,-0.469234867549,0
1135,-0.469359032238,0
1136,-0.469425189597,0
1137,-0.469425189597,0
1138,-0.469359032238,0
1139,-0.469234867549,0
1140,-0.469068598976,0
1141,-0.46888212895,0
1142,-0.468701237987,0
1143,-0.468551897848,0
1144,-0.46845601043,0
1145,-0.468430739239,0
1146,-0.468482595703,0
1147,-0.468605862523,0
1148,-0.468783233651,0
1149,-0.468986814385,0
1150,-0.469182728659,0
1151,-0.46933723233,0
1152,-0.469422658763,0
1153,-0.469422658763,0
1154,-0.46933723233,0
1155,-0.469182728659,0
1156,-0.468986814385,0
1157,-0.468783233651,0
1158,-0.468605862523,0
1159,-0.468482595703,0
1160,-0.468430739239,0
1161,-0.46845601043,0
1162,-0.468551897848,0
1163,-0.468701237987,0
1164,-0.46888212895,0
1165,-0.469068598976,0
1166,-0.469234867549,0
1167,-0.469359032238,0
1168,-0.469425189597,0
1169,-0.469425189597,0
1170,-0.469359032238,0
1171,-0.469234867549,0
1172,-0.469068598976,0
1173,-0.46888212895,0
1174,-0.468701237987,0
1175,-0.468551897848,0
1176,-0.46845601043,0
1177,-0.468430739239,0
1178,-0.468482595703,0
1179,-0.468605862523,0
1180,-0.468783233651,0
1181,-0.468986814385,0
1182,-0.469182728659,0
1183,-0.46933723233,0
1184,-0.469422658763,0
1185,-0.469422658763,0
1186,-0.46933723233,0
1187,-0.469182728659,0
1188,-0.468986814385,0
1189,-0.468783233651,0
1190,-0.468605862523,0
1191,-0.468482595703,0
1192,-0.468430739239,0
1193,-0.46845601043,0
1194,-0.468551897848,0
1195,-0.468701237987,0
1196,-0.46888212895,0
1197,-0.469068598976,0
1198,-0.469234867549,0
1199,-0.469359032238,0
1200,-0.469425189597,0
1201,-0.469425189597,0
1202,-0.469359032238,0
1203,-0.469234867549,0
1204,-0.469068598976,0
1205,-0.46888212895,0
1206,-0.468701237987,0
1207,-0.468551897848,0
1208,-0.46845601043,0
1209,-0.468430739239,0
1210,-0.468482595703,0
1211,-0.468605862523,0
1212,-0.468783233651,0
1213,-0.468986814385,0
1214,-0.469182728659,0
1215,-0.46933723233,0
1216,-0.469422658763,0
1217,-0.469422658763,0
1218,-0.46933723233,0
1219,-0.469182728659,0
1220,-0.468986814385,0
1221,-0.468783233651,0
1222,-0.468605862523,0
1223,-0.468482595703,0
1224,-0.468430739239,0
1225,-0.46845601043,0
1226,-0.468551897848,0
1227,-0.468701237987,0
1228,-0.46888212895,0
1229,-0.469068598976,0
1230,-0.469234867549,0
1231,-0.469359032238,0
1232,-0.469425189597,0
1233,-0.469425189597,0
1234,-0.469359032238,0
1235,-0.469234867549,0
1236,-0.469068598976,0
1237,-0.46888212895,0
1238,-0.468701237987,0
1239,-0.468551897848,0
1240,-0.46845601043,0
1241,-0.468430739239,0
1242,-0.468482595703,0
1243,-0.468605862523,0
1244,-0.468783233651,0
1245,-0.468986814385,0
1246,-0.469182728659,0
1247,-0.46933723233,0
1248,-0.469422658763,0
1249,-0.469422658763,0
1250,-0.46933723233,0
1251,-0.469182728659,0
1252,-0.468986814385,0
1253,-0.468783233651,0
1254,-0.468605862523,0
1255,-0.468482595703,0
1256,-0.468430739239,0
1257,-0.46845601043,0
1258,-0.468551897848,0
1259,-0.468701237987,0
1260,-0.46888212895,0
1261,-0.469068598976,0
1262,-0.469234867549,0
1263,-0.469359032238,0
1264,-0.469425189597,0
1265,-0.469425189597,0
1266,-0.469359032238,0
1267,-0.469234867549,0
1268,-0.469068598976,0
1269,-0.46888212895,0
1270,-0.468701237987,0
1271,-0.468551897848,0
1272,-0.46845601043,0
1273,-0.468430739239,0
1274,-0.468482595703,0
1275,-0.468605862523,0
1276,-0.468783233651,0
1277,-0.468986814385,0
1278,-0.469182728659,0
1279,-0.46933723233,0
1280,-0.469422658763,0
1281,-0.469422658763,0
1282,-0.46933723233,0
1283,-0.469182728659,0
1284,-0.468986814385,0
1285,-0.468783233651,0
1286,-0.468605862523,0
1287,-0.468482595703,0
1288,-0.468430739239,0
1289,-0.46845601043,0
1290,-0.468551897848,0
1291,-0.468701237987,0
1292,-0.46888212895,0
1293,-0.469068598976,0
1294,-0.469234867549,0
1295,-0.469359032238,0
1296,-0.469425189597,0
1297,-0.469425189597,0
1298,-0.469359032238,0
1299,-0.469234867549,0
1300,-0.469068598976,0
1301,-0.46888212895,0
1302,-0.468701237987,0
1303,-0.468551897848,0
1304,-0.46845601043,0
1305,-0.468430739239,0
1306,-0.468482595703,0
1307,-0.468605862523,0
1308,-0.468783233651,0
1309,-0.468986814385,0
1310,-0.469182728659,0
1311,-0.46933723233,0
1312,-0.469422658763,0
1313,-0.469422658763,0
1314,-0.46933723233,0
1315,-0.469182728659,0
1316,-0.468986814385,0
1317,-0.468783233651,0
1318,-0.468605862523,0
1319,-0.468482595703,0
1320,-0.468430739239,0
1321,-0.46845601043,0
1322,-0.468551897848,0
1323,-0.468701237987,0
1324,-0.46888212895,0
1325,-0.469068598976,0
1326,-0.469234867549,0
1327,-0.469359032238,0
1328,-0.469425189597,0
1329,-0.469425189597,0
1330,-0.469359032238,0
1331,-0.469234867549,0
1332,-0.469068598976,0
1333,-0.46888212895,0
1334,-0.468701237987,0
1335,-0.468551897848,0
1336,-0.46845601043,0
1337,-0.468430739239,0
1338,-0.468482595703,0
1339,-0.468605862523,0
1340,-0.468783233651,0
1341,-0.468986814385,0
1342,-0.469182728659,0
1343,-0.46933723233,0
1344,-0.469422658763,0
1345,-0.469422658763,0
1346,-0.46933723233,0
1347,-0.469182728659,0
1348,-0.468986814385,0
1349,-0.468783233651,0
1350,-0.468605862523,0
1351,-0.468482595703,0
1352,-0.468430739239,0
1353,-0.46845601043,0
1354,-0.468551897848,0
1355,-0.468701237987,0
1356,-0.46888212895,0
1357,-0.469068598976,0
1358,-0.469234867549,0
1359,-0.469359032238,0
1360,-0.469425189597,0
1361,-0.469425189597,0
1362,-0.469359032238,0
1363,-0.469234867549,0
1364,-0.469068598976,0
1365,-0.46888212895,0
1366,-0.468701237987,0
1367,-0.468551897848,0
1368,-0.46845601043,0
1369,-0.468430739239,0
1370,-0.468482595703,0
1371,-0.468605862523,0
1372,-0.468783233651,0
1373,-0.468986814385,0
1374,-0.469182728659,0
1375,-0.46933723233,0
1376,-0.469422658763,0
1377,-0.469422658763,0
1378,-0.46933723233,0
1379,-0.469182728659,0
1380,-0.468986814385,0
1381,-0.468783233651,0
1382,-0.468605862523,0
1383,-0.468482595703,0
1384,-0.468430739239,0
1385,-0.46845601043,0
1386,-0.468551897848,0
1387,-0.468701237987,0
1388,-0.46888212895,0
1389,-0.469068598976,0
1390,-0.469234867549,0
1391,-0.469359032238,0
1392,-0.469425189597,0
1393,-0.469425189597,0
1394,-0.469359032238,0
1395,-0.469234867549,0
1396,-0.469068598976,0
1397,-0.46888212895,0
1398,-0.468701237987,0
1399,-0.468551897848,0
1400,-0.46845601043,0
1401,-0.468430739239,0
1402,-0.468482595703,0
1403,-0.468605862523,0
1404,-0.468783233651,0
1405,-0.468986814385,0
1406,-0.469182728659,0
1407,-0.46933723233,0
1408,-0.469422658763,0
1409,-0.469422658763,0
1410,-0.46933723233,0
1411,-0.469182728659,0
1412,-0.468986814385,0
1413,-0.468783233651,0
1414,-0.468605862523,0
1415,-0.468482595703,0
1416,-0.468430739239,0
1417,-0.46845601043,0
1418,-0.468551897848,0
1419,-0.468701237987,0
1420,-0.46888212895,0
1421,-0.469068598976,0
1422,-0.469234867549,0
1423,-0.469359032238,0
1424,-0.469425189597,0
1425,-0.469425189597,0
1426,-0.469359032238,0
1427,-0.469234867549,0
1428,-0.469068598976,0
1429,-0.46888212895,0
1430,-0.468701237987,0
1431,-0.468551897848,0
1432,-0.46845601043,0
1433,-0.468430739239,0
1434,-0.468482595703,0
1435,-0.468605862523,0
1436,-0.468783233651,0
1437,-0.468986814385,0
1438,-0.469182728659,0
1439,-0.46933723233,0
1440,-0.469422658763,0
1441,-0.469422658763,0
1442,-0.46933723233,0
1443,-0.469182728659,0
1444,-0.468986814385,0
1445,-0.468783233651,0
1446,-0.468605862522,0
1447,-0.468482595703,0
1448,-0.468430739239,0
1449,-0.46845601043,0
1450,-0.468551897848,0
1451,-0.468701237987,0
1452,-0.46888212895,0
1453,-0.469068598976,0
1454,-0.469234867549,0
1455,-0.469359032238,0
1456,-0.469425189597,0
1457,-0.469425189597,0
1458,-0.469359032238,0
1459,-0.469234867549,0
1460,-0.469068598976,0
1461,-0.46888212895,0
1462,-0.468701237987,0
1463,-0.468551897848,0
1464,-0.46845601043,0
1465,-0.468430739239,0
1466,-0.468482595703,0
1467,-0.468605862523,0
1468,-0.468783233651,0
1469,-0.468986814385,0
1470,-0.469182728659,0
1471,-0.46933723233,0
1472,-0.469422658763,0
1473,-0.469422658763,0
1474,-0.46933723233,0
1475,-0.469182728659,0
1476,-0.468986814385,0
1477,-0.468783233651,0
1478,-0.468605862523,0
1479,-0.468482595703,0
1480,-0.468430739239,0
1481,-0.46845601043,0
1482,-0.468551897848,0
1483,-0.468701237987,0
1484,-0.46888212895,0
1485,-0.469068598976,0
1486,-0.469234867549,0
1487,-0.469359032238,0
1488,-0.469425189597,0
1489,-0.469425189597,0
1490,-0.469359032238,0
1491,-0.469234867549,0
1492,-0.469068598976,0
1493,-0.46888212895,0
1494,-0.468701237987,0
1495,-0.468551897848,0
1496,-0.46845601043,0
1497,-0.468430739239,0
1498,-0.468482595703,0
1499,-0.468605862523,0
1500,-0.468783233651,0
1501,-0.468986814385,0
1502,-0.469182728659,0
1503,-0.46933723233,0
1504,-0.469422658763,0
1505,-0.469422658763,0
1506,-0.46933723233,0
1507,-0.469182728659,0
1508,-0.468986814385,0
1509,-0.468783233651,0
1510,-0.468605862523,0
1511,-0.468482595703,0
1512,-0.468430739239,0
1513,-0.46845601043,0
1514,-0.468551897848,0
1515,-0.468701237987,0
1516,-0.46888212895,0
1517,-0.469068598976,0
1518,-0.469234867549,0
1519,-0.469359032238,0
1520,-0.469425189597,0
1521,-0.469425189597,0
1522,-0.469359032238,0
1523,-0.469234867549,0
1524,-0.469068598976,0
1525,-0.46888212895,0
1526,-0.468701237987,0
1527,-0.468551897849,0
1528,-0.46845601043,0
1529,-0.468430739239,0
1530,-0.468482595703,0
1531,-0.468605862523,0
1532,-0.468783233651,0
1533,-0.468986814385,0
1534,-0.469182728659,0
1535,-0.46933723233,0
1536,-0.469422658763,0
1537,-0.469422658763,0
1538,-0.46933723233,0
1539,-0.469182728659,0
1540,-0.468986814385,0
1541,-0.468783233651,0
1542,-0.468605862523,0
1543,-0.468482595703,0
1544,-0.468430739239,0
1545,-0.46845601043,0
1546,-0.468551897848,0
1547,-0.468701237987,0
1548,-0.46888212895,0
1549,-0.469068598976,0
1550,-0.469234867549,0
1551,-0.469359032238,0
1552,-0.469425189597,0
1553,-0.469425189597,0
1554,-0.469359032238,0
1555,-0.469234867549,0
1556,-0.469068598976,0
1557,-0.46888212895,0
1558,-0.468701237987,0
1559,-0.468551897849,0
1560,-0.46845601043,0
1561,-0.468430739239,0
1562,-0.468482595703,0
1563,-0.468605862523,0
1564,-0.468783233651,0
1565,-0.468986814385,0
1566,-0.469182728659,0
1567,-0.46933723233,0
1568,-0.469422658763,0
1569,-0.469422658763,0
1570,-0.46933723233,0
1571,-0.469182728659,0
1572,-0.468986814385,0
1573,-0.468783233651,0
1574,-0.468605862523,0
1575,-0.468482595703,0
1576,-0.468430739239,0
1577,-0.46845601043,0
1578,-0.468551897848,0
1579,-0.468701237987,0
1580,-0.46888212895,0
1581,-0.469068598976,0
1582,-0.469234867549,0
1583,-0.469359032238,0
1584,-0.469425189597,0
1585,-0.469425189597,0
1586,-0.469359032238,0
1587,-0.469234867549,0
1588,-0.469068598976,0
1589,-0.46888212895,0
1590,-0.468701237987,0
1591,-0.468551897848,0
1592,-0.46845601043,0
1593,-0.468430739239,0
1594,-0.468482595703,0
1595,-0.468605862523,0
1596,-0.468783233651,0
1597,-0.468986814385,0
1598,-0.469182728659,0
1599,-0.46933723233,0
1600,-0.469422658763,0
1601,-0.469422658763,0
1602,-0.46933723233,0
1603,-0.469182728659,0
1604,-0.468986814385,0
1605,-0.468783233651,0
1606,-0.468605862522,0
1607,-0.468482595703,0
1608,-0.468430739239,0
1609,-0.46845601043,0
1610,-0.468551897848,0
1611,-0.468701237987,0
1612,-0.46888212895,0
1613,-0.469068598976,0
1614,-0.469234867549,0
1615,-0.469359032238,0
1616,-0.469425189597,0
1617,-0.469425189597,0
1618,-0.469359032238,0
1619,-0.469234867549,0
1620,-0.469068598976,0
1621,-0.46888212895,0
1622,-0.468701237987,0
1623,-0.468551897848,0
1624,-0.46845601043,0
1625,-0.468430739239,0
1626,-0.468482595703,0
1627,-0.468605862523,0
1628,-0.468783233651,0
1629,-0.468986814385,0
1630,-0.469182728659,0
1631,-0.46933723233,0
1632,-0.469422658763,0
1633,-0.469422658763,0
1634,-0.46933723233,0
1635,-0.469182728659,0
1636,-0.468986814385,0
1637,-0.468783233651,0
1638,-0.468605862523,0
1639,-0.468482595703,0
1640,-0.468430739239,0
1641,-0.46845601043,0
1642,-0.468551897848,0
1643,-0.468701237987,0
1644,-0.46888212895,0
1645,-0.469068598976,0
1646,-0.469234867549,0
1647,-0.469359032238,0
1648,-0.469425189597,0
1649,-0.469425189597,0
1650,-0.469359032238,0
1651,-0.469234867549,0
1652,-0.469068598976,0
1653,-0.46888212895,0
1654,-0.468701237987,0
1655,-0.468551897848,0
1656,-0.46845601043,0
1657,-0.468430739239,0
1658,-0.468482595703,0
1659,-0.468605862523,0
1660,-0.468783233651,0
1661,-0.468986814385,0
1662,-0.469182728659,0
1663,-0.46933723233,0
1664,-0.469422658763,0

===== beginning time step 2 : 0.05 =====


Reforming stiffness matrix: reformation #1

===== reforming stiffness matrix:
	Nr of equations ........................... : 19007
	Nr of nonzeroes in stiffness matrix ....... : 1107169
 1
 Nonlinear solution status: time= 0.05
	stiffness updates             = 0
	right hand side evaluations   = 2
	stiffness matrix reformations = 1
	step from line search         = 1.000000
	convergence norms :     INITIAL         CURRENT         REQUIRED
	   residual            3.163651e+05    1.169830e-08    3.163651e+02 
	   energy              6.955927e+02    1.325569e-04    6.955927e-02 
	   displacement        1.562714e+00    1.562714e+00    6.250856e-04 
 2
 Nonlinear solution status: time= 0.05
	stiffness updates             = 1
	right hand side evaluations   = 3
	stiffness matrix reformations = 1
	step from line search         = 1.000000
	convergence norms :     INITIAL         CURRENT         REQUIRED
	   residual            3.163651e+05    4.323952e-17    3.163651e+02 
	   energy              6.955927e+02    1.516684e-15    6.955927e-02 
	   displacement        1.562714e+00    6.445626e-14    6.250854e-04 

convergence summary
    number of iterations   : 2
    number of reformations : 1

------- converged at time : 0.05


Data Record #1
===========================================================================
Step = 2
Time = 0.05
Data = shirt_final_coordinates
1,187.9,-4.0987953157e-14,1.30718124316e-14
2,186.99521,16.1630264,1.00051270439e-14
3,184.289554,32.1703941,9.35107377055e-15
4,179.809089,47.8679433,8.79417157703e-15
5,173.596964,63.104498,8.02933153448e-15
6,165.713006,77.7333219,3.29255820019e-15
7,156.23314,91.6135314,5.69005440875e-15
8,145.248664,104.611453,1.25867636254e-14
9,132.865364,116.601908,1.11975548872e-14
10,119.202498,127.469424,1.33798383511e-14
11,104.391647,137.109339,1.24368625259e-14
12,88.5754468,145.428816,1.04076441407e-14
13,71.9062169,152.347735,1.05652419404e-14
14,54.5444909,157.799461,1.09889401176e-14
15,36.6574715,161.731493,1.07498865804e-14
16,18.4174207,164.105961,1.25272662989e-14
17,7.56848309165e-15,164.9,1.51404986356e-14
18,-18.4174207,164.105961,1.74607408411e-14
19,-36.6574715,161.731493,1.4397369039e-14
20,-54.5444909,157.799461,1.66495703936e-14
21,-71.9062169,152.347735,1.72888891962e-14
22,-88.5754468,145.428816,2.07152605343e-14
23,-104.391647,137.109339,2.82818978826e-14
24,-119.202498,127.469424,2.91376510425e-14
25,-132.865364,116.601908,2.57327620405e-14
26,-145.248664,104.611453,2.47415441647e-14
27,-156.23314,91.6135314,1.76983602921e-14
28,-165.713006,77.7333219,1.42102784535e-14
29,-173.596964,63.104498,1.86553647762e-14
30,-179.809089,47.8679433,1.62034200837e-14
31,-184.289554,32.1703941,1.10979773604e-14
32,-186.99521,16.1630264,9.1815151442e-15
33,-187.9,5.71843566322e-14,7.41535908221e-15
34,-186.99521,-16.1630264,5.98749765061e-15
35,-184.289554,-32.1703941,5.12083657485e-15
36,-179.809089,-47.8679433,5.61048014474e-15
37,-173.596964,-63.104498,8.4011261305e-15
38,-165.713006,-77.7333219,1.85895738145e-15
39,-156.23314,-91.6135314,3.70588545513e-15
40,-145.248664,-104.611453,7.86148457771e-15
41,-132.865364,-116.601908,5.61244984237e-15
42,-119.202498,-127.469424,6.29272373537e-15
43,-104.391647,-137.109339,9.06655090215e-15
44,-88.5754468,-145.428816,1.13724441111e-14
45,-71.9062169,-152.347735,1.59189618437e-14
46,-54.5444909,-157.799461,1.7368511821e-14
47,-36.6574715,-161.731493,2.06206590981e-14
48,-18.4174207,-164.105961,2.68602952734e-14
49,-1.3840379971e-14,-164.9,2.98386766844e-14
50,18.4174207,-164.105961,3.31480019259e-14
51,36.6574715,-161.731493,3.33172029117e-14
52,54.5444909,-157.799461,3.40147925134e-14
53,71.9062169,-152.347735,3.68988002053e-14
54,88.5754468,-145.428816,3.21298274e-14
55,104.391647,-137.109339,3.7872803602e-14
56,119.202498,-127.469424,3.47516697813e-14
57,132.865364,-116.601908,3.5548131467e-14
58,145.248664,-104.611453,3.60881358865e-14
59,156.23314,-91.6135314,3.20460109629e-14
60,165.713006,-77.7333219,3.05079567032e-14
61,173.596964,-63.104498,3.74788049518e-14
62,179.809089,-47.8679433,3.41466618979e-14
63,184.289554,-32.1703941,2.80688550685e-14
64,186.99521,-16.1630264,2.13680820816e-14
65,187.9,-3.34015348457e-14,25
66,186.99521,16.1630264,25
67,184.289554,32.1703941,25
68,179.809089,47.8679433,25
69,173.596964,63.104498,25
70,165.713006,77.7333219,25
71,156.23314,91.6135314,25
72,145.248664,104.611453,25
73,132.865364,116.601908,25
74,119.202498,127.469424,25
75,104.391647,137.109339,25
76,88.5754468,145.428816,25
77,71.9062169,152.347735,25
78,54.5444909,157.799461,25
79,36.6574715,161.731493,25
80,18.4174207,164.105961,25
81,1.18714251726e-14,164.9,25
82,-18.4174207,164.105961,25
83,-36.6574715,161.731493,25
84,-54.5444909,157.799461,25
85,-71.9062169,152.347735,25
86,-88.5754468,145.428816,25
87,-104.391647,137.109339,25
88,-119.202498,127.469424,25
89,-132.865364,116.601908,25
90,-145.248664,104.611453,25
91,-156.23314,91.6135314,25
92,-165.713006,77.7333219,25
93,-173.596964,63.104498,25
94,-179.809089,47.8679433,25
95,-184.289554,32.1703941,25
96,-186.99521,16.1630264,25
97,-187.9,5.53567108952e-14,25
98,-186.99521,-16.1630264,25
99,-184.289554,-32.1703941,25
100,-179.809089,-47.8679433,25
101,-173.596964,-63.104498,25
102,-165.713006,-77.7333219,25
103,-156.23314,-91.6135314,25
104,-145.248664,-104.611453,25
105,-132.865364,-116.601908,25
106,-119.202498,-127.469424,25
107,-104.391647,-137.109339,25
108,-88.5754468,-145.428816,25
109,-71.9062169,-152.347735,25
110,-54.5444909,-157.799461,25
111,-36.6574715,-161.731493,25
112,-18.4174207,-164.105961,25
113,-1.82856571184e-14,-164.9,25
114,18.4174207,-164.105961,25
115,36.6574715,-161.731493,25
116,54.5444909,-157.799461,25
117,71.9062169,-152.347735,25
118,88.5754468,-145.428816,25
119,104.391647,-137.109339,25
120,119.202498,-127.469424,25
121,132.865364,-116.601908,25
122,145.248664,-104.611453,25
123,156.23314,-91.6135314,25
124,165.713006,-77.7333219,25
125,173.596964,-63.104498,25
126,179.809089,-47.8679433,25
127,184.289554,-32.1703941,25
128,186.99521,-16.1630264,25
129,187.9,-2.82419647689e-14,50
130,186.99521,16.1630264,50
131,184.289554,32.1703941,50
132,179.809089,47.8679433,50
133,173.596964,63.104498,50
134,165.713006,77.7333219,50
135,156.23314,91.6135314,50
136,145.248664,104.611453,50
137,132.865364,116.601908,50
138,119.202498,127.469424,50
139,104.391647,137.109339,50
140,88.5754468,145.428816,50
141,71.9062169,152.347735,50
142,54.5444909,157.799461,50
143,36.6574715,161.731493,50
144,18.4174207,164.105961,50
145,1.21435828434e-14,164.9,50
146,-18.4174207,164.105961,50
147,-36.6574715,161.731493,50
148,-54.5444909,157.799461,50
149,-71.9062169,152.347735,50
150,-88.5754468,145.428816,50
151,-104.391647,137.109339,50
152,-119.202498,127.469424,50
153,-132.865364,116.601908,50
154,-145.248664,104.611453,50
155,-156.23314,91.6135314,50
156,-165.713006,77.7333219,50
157,-173.596964,63.104498,50
158,-179.809089,47.8679433,50
159,-184.289554,32.1703941,50
160,-186.99521,16.1630264,50
161,-187.9,5.32655919033e-14,50
162,-186.99521,-16.1630264,50
163,-184.289554,-32.1703941,50
164,-179.809089,-47.8679433,50
165,-173.596964,-63.104498,50
166,-165.713006,-77.7333219,50
167,-156.23314,-91.6135314,50
168,-145.248664,-104.611453,50
169,-132.865364,-116.601908,50
170,-119.202498,-127.469424,50
171,-104.391647,-137.109339,50
172,-88.5754468,-145.428816,50
173,-71.9062169,-152.347735,50
174,-54.5444909,-157.799461,50
175,-36.6574715,-161.731493,50
176,-18.4174207,-164.105961,50
177,-2.21768875833e-14,-164.9,50
178,18.4174207,-164.105961,50
179,36.6574715,-161.731493,50
180,54.5444909,-157.799461,50
181,71.9062169,-152.347735,50
182,88.5754468,-145.428816,50
183,104.391647,-137.109339,50
184,119.202498,-127.469424,50
185,132.865364,-116.601908,50
186,145.248664,-104.611453,50
187,156.23314,-91.6135314,50
188,165.713006,-77.7333219,50
189,173.596964,-63.104498,50
190,179.809089,-47.8679433,50
191,184.289554,-32.1703941,50
192,186.99521,-16.1630264,50
193,187.9,-2.24998917872e-14,75
194,186.99521,16.1630264,75
195,184.289554,32.1703941,75
196,179.809089,47.8679433,75
197,173.596964,63.104498,75
198,165.713006,77.7333219,75
199,156.23314,91.6135314,75
200,145.248664,104.611453,75
201,132.865364,116.601908,75
202,119.202498,127.469424,75
203,104.391647,137.109339,75
204,88.5754468,145.428816,75
205,71.9062169,152.347735,75
206,54.5444909,157.799461,75
207,36.6574715,161.731493,75
208,18.4174207,164.105961,75
209,1.38282556403e-14,164.9,75
210,-18.4174207,164.105961,75
211,-36.6574715,161.731493,75
212,-54.5444909,157.799461,75
213,-71.9062169,152.347735,75
214,-88.5754468,145.428816,75
215,-104.391647,137.109339,75
216,-119.202498,127.469424,75
217,-132.865364,116.601908,75
218,-145.248664,104.611453,75
219,-156.23314,91.6135314,75
220,-165.713006,77.7333219,75
221,-173.596964,63.104498,75
222,-179.809089,47.8679433,75
223,-184.289554,32.1703941,75
224,-186.99521,16.1630264,75
225,-187.9,5.18883797941e-14,75
226,-186.99521,-16.1630264,75
227,-184.289554,-32.1703941,75
228,-179.809089,-47.8679433,75
229,-173.596964,-63.104498,75
230,-165.713006,-77.7333219,75
231,-156.23314,-91.6135314,75
232,-145.248664,-104.611453,75
233,-132.865364,-116.601908,75
234,-119.202498,-127.469424,75
235,-104.391647,-137.109339,75
236,-88.5754468,-145.428816,75
237,-71.9062169,-152.347735,75
238,-54.5444909,-157.799461,75
239,-36.6574715,-161.731493,75
240,-18.4174207,-164.105961,75
241,-2.58060476836e-14,-164.9,75
242,18.4174207,-164.105961,75
243,36.6574715,-161.731493,75
244,54.5444909,-157.799461,75
245,71.9062169,-152.347735,75
246,88.5754468,-145.428816,75
247,104.391647,-137.109339,75
248,119.202498,-127.469424,75
249,132.865364,-116.601908,75
250,145.248664,-104.611453,75
251,156.23314,-91.6135314,75
252,165.713006,-77.7333219,75
253,173.596964,-63.104498,75
254,179.809089,-47.8679433,75
255,184.289554,-32.1703941,75
256,186.99521,-16.1630264,75
257,187.9,-1.54556367519e-14,100
258,186.99521,16.1630264,100
259,184.289554,32.1703941,100
260,179.809089,47.8679433,100
261,173.596964,63.104498,100
262,165.713006,77.7333219,100
263,156.23314,91.6135314,100
264,145.248664,104.611453,100
265,132.865364,116.601908,100
266,119.202498,127.469424,100
267,104.391647,137.109339,100
268,88.5754468,145.428816,100
269,71.9062169,152.347735,100
270,54.5444909,157.799461,100
271,36.6574715,161.731493,100
272,18.4174207,164.105961,100
273,1.58677204975e-14,164.9,100
274,-18.4174207,164.105961,100
275,-36.6574715,161.731493,100
276,-54.5444909,157.799461,100
277,-71.9062169,152.347735,100
278,-88.5754468,145.428816,100
279,-104.391647,137.109339,100
280,-119.202498,127.469424,100
281,-132.865364,116.601908,100
282,-145.248664,104.611453,100
283,-156.23314,91.6135314,100
284,-165.713006,77.7333219,100
285,-173.596964,63.104498,100
286,-179.809089,47.8679433,100
287,-184.289554,32.1703941,100
288,-186.99521,16.1630264,100
289,-187.9,5.16366403878e-14,100
290,-186.99521,-16.1630264,100
291,-184.289554,-32.1703941,100
292,-179.809089,-47.8679433,100
293,-173.596964,-63.104498,100
294,-165.713006,-77.7333219,100
295,-156.23314,-91.6135314,100
296,-145.248664,-104.611453,100
297,-132.865364,-116.601908,100
298,-119.202498,-127.469424,100
299,-104.391647,-137.109339,100
300,-88.5754468,-145.428816,100
301,-71.9062169,-152.347735,100
302,-54.5444909,-157.799461,100
303,-36.6574715,-161.731493,100
304,-18.4174207,-164.105961,100
305,-2.89970992924e-14,-164.9,100
306,18.4174207,-164.105961,100
307,36.6574715,-161.731493,100
308,54.5444909,-157.799461,100
309,71.9062169,-152.347735,100
310,88.5754468,-145.428816,100
311,104.391647,-137.109339,100
312,119.202498,-127.469424,100
313,132.865364,-116.601908,100
314,145.248664,-104.611453,100
315,156.23314,-91.6135314,100
316,165.713006,-77.7333219,100
317,173.596964,-63.104498,100
318,179.809089,-47.8679433,100
319,184.289554,-32.1703941,100
320,186.99521,-16.1630264,100
321,187.9,-1.05095023088e-14,125
322,186.99521,16.1630264,125
323,184.289554,32.1703941,125
324,179.809089,47.8679433,125
325,173.596964,63.104498,125
326,165.713006,77.7333219,125
327,156.23314,91.6135314,125
328,145.248664,104.611453,125
329,132.865364,116.601908,125
330,119.202498,127.469424,125
331,104.391647,137.109339,125
332,88.5754468,145.428816,125
333,71.9062169,152.347735,125
334,54.5444909,157.799461,125
335,36.6574715,161.731493,125
336,18.4174207,164.105961,125
337,1.44554717198e-14,164.9,125
338,-18.4174207,164.105961,125
339,-36.6574715,161.731493,125
340,-54.5444909,157.799461,125
341,-71.9062169,152.347735,125
342,-88.5754468,145.428816,125
343,-104.391647,137.109339,125
344,-119.202498,127.469424,125
345,-132.865364,116.601908,125
346,-145.248664,104.611453,125
347,-156.23314,91.6135314,125
348,-165.713006,77.7333219,125
349,-173.596964,63.104498,125
350,-179.809089,47.8679433,125
351,-184.289554,32.1703941,125
352,-186.99521,16.1630264,125
353,-187.9,4.74808193481e-14,125
354,-186.99521,-16.1630264,125
355,-184.289554,-32.1703941,125
356,-179.809089,-47.8679433,125
357,-173.596964,-63.104498,125
358,-165.713006,-77.7333219,125
359,-156.23314,-91.6135314,125
360,-145.248664,-104.611453,125
361,-132.865364,-116.601908,125
362,-119.202498,-127.469424,125
363,-104.391647,-137.109339,125
364,-88.5754468,-145.428816,125
365,-71.9062169,-152.347735,125
366,-54.5444909,-157.799461,125
367,-36.6574715,-161.731493,125
368,-18.4174207,-164.105961,125
369,-3.01735794069e-14,-164.9,125
370,18.4174207,-164.105961,125
371,36.6574715,-161.731493,125
372,54.5444909,-157.799461,125
373,71.9062169,-152.347735,125
374,88.5754468,-145.428816,125
375,104.391647,-137.109339,125
376,119.202498,-127.469424,125
377,132.865364,-116.601908,125
378,145.248664,-104.611453,125
379,156.23314,-91.6135314,125
380,165.713006,-77.7333219,125
381,173.596964,-63.104498,125
382,179.809089,-47.8679433,125
383,184.289554,-32.1703941,125
384,186.99521,-16.1630264,125
385,187.9,-4.30901409241e-15,150
386,186.99521,16.1630264,150
387,184.289554,32.1703941,150
388,179.809089,47.8679433,150
389,173.596964,63.104498,150
390,165.713006,77.7333219,150
391,156.23314,91.6135314,150
392,145.248664,104.611453,150
393,132.865364,116.601908,150
394,119.202498,127.469424,150
395,104.391647,137.109339,150
396,88.5754468,145.428816,150
397,71.9062169,152.347735,150
398,54.5444909,157.799461,150
399,36.6574715,161.731493,150
400,18.4174207,164.105961,150
401,1.62319060056e-14,164.9,150
402,-18.4174207,164.105961,150
403,-36.6574715,161.731493,150
404,-54.5444909,157.799461,150
405,-71.9062169,152.347735,150
406,-88.5754468,145.428816,150
407,-104.391647,137.109339,150
408,-119.202498,127.469424,150
409,-132.865364,116.601908,150
410,-145.248664,104.611453,150
411,-156.23314,91.6135314,150
412,-165.713006,77.7333219,150
413,-173.596964,63.104498,150
414,-179.809089,47.8679433,150
415,-184.289554,32.1703941,150
416,-186.99521,16.1630264,150
417,-187.9,4.44000038155e-14,150
418,-186.99521,-16.1630264,150
419,-184.289554,-32.1703941,150
420,-179.809089,-47.8679433,150
421,-173.596964,-63.104498,150
422,-165.713006,-77.7333219,150
423,-156.23314,-91.6135314,150
424,-145.248664,-104.611453,150
425,-132.865364,-116.601908,150
426,-119.202498,-127.469424,150
427,-104.391647,-137.109339,150
428,-88.5754468,-145.428816,150
429,-71.9062169,-152.347735,150
430,-54.5444909,-157.799461,150
431,-36.6574715,-161.731493,150
432,-18.4174207,-164.105961,150
433,-3.27668142591e-14,-164.9,150
434,18.4174207,-164.105961,150
435,36.6574715,-161.731493,150
436,54.5444909,-157.799461,150
437,71.9062169,-152.347735,150
438,88.5754468,-145.428816,150
439,104.391647,-137.109339,150
440,119.202498,-127.469424,150
441,132.865364,-116.601908,150
442,145.248664,-104.611453,150
443,156.23314,-91.6135314,150
444,165.713006,-77.7333219,150
445,173.596964,-63.104498,150
446,179.809089,-47.8679433,150
447,184.289554,-32.1703941,150
448,186.99521,-16.1630264,150
449,187.9,1.17393356724e-16,175
450,186.99521,16.1630264,175
451,184.289554,32.1703941,175
452,179.809089,47.8679433,175
453,173.596964,63.104498,175
454,165.713006,77.7333219,175
455,156.23314,91.6135314,175
456,145.248664,104.611453,175
457,132.865364,116.601908,175
458,119.202498,127.469424,175
459,104.391647,137.109339,175
460,88.5754468,145.428816,175
461,71.9062169,152.347735,175
462,54.5444909,157.799461,175
463,36.6574715,161.731493,175
464,18.4174207,164.105961,175
465,1.68430061218e-14,164.9,175
466,-18.4174207,164.105961,175
467,-36.6574715,161.731493,175
468,-54.5444909,157.799461,175
469,-71.9062169,152.347735,175
470,-88.5754468,145.428816,175
471,-104.391647,137.109339,175
472,-119.202498,127.469424,175
473,-132.865364,116.601908,175
474,-145.248664,104.611453,175
475,-156.23314,91.6135314,175
476,-165.713006,77.7333219,175
477,-173.596964,63.104498,175
478,-179.809089,47.8679433,175
479,-184.289554,32.1703941,175
480,-186.99521,16.1630264,175
481,-187.9,4.23637304528e-14,175
482,-186.99521,-16.1630264,175
483,-184.289554,-32.1703941,175
484,-179.809089,-47.8679433,175
485,-173.596964,-63.104498,175
486,-165.713006,-77.7333219,175
487,-156.23314,-91.6135314,175
488,-145.248664,-104.611453,175
489,-132.865364,-116.601908,175
490,-119.202498,-127.469424,175
491,-104.391647,-137.109339,175
492,-88.5754468,-145.428816,175
493,-71.9062169,-152.347735,175
494,-54.5444909,-157.799461,175
495,-36.6574715,-161.731493,175
496,-18.4174207,-164.105961,175
497,-3.34819752448e-14,-164.9,175
498,18.4174207,-164.105961,175
499,36.6574715,-161.731493,175
500,54.5444909,-157.799461,175
501,71.9062169,-152.347735,175
502,88.5754468,-145.428816,175
503,104.391647,-137.109339,175
504,119.202498,-127.469424,175
505,132.865364,-116.601908,175
506,145.248664,-104.611453,175
507,156.23314,-91.6135314,175
508,165.713006,-77.7333219,175
509,173.596964,-63.104498,175
510,179.809089,-47.8679433,175
511,184.289554,-32.1703941,175
512,186.99521,-16.1630264,175
513,187.9,6.73843925061e-16,200
514,186.99521,16.1630264,200
515,184.289554,32.1703941,200
516,179.809089,47.8679433,200
517,173.596964,63.104498,200
518,165.713006,77.7333219,200
519,156.23314,91.6135314,200
520,145.248664,104.611453,200
521,132.865364,116.601908,200
522,119.202498,127.469424,200
523,104.391647,137.109339,200
524,88.5754468,145.428816,200
525,71.9062169,152.347735,200
526,54.5444909,157.799461,200
527,36.6574715,161.731493,200
528,18.4174207,164.105961,200
529,1.56730257699e-14,164.9,200
530,-18.4174207,164.105961,200
531,-36.6574715,161.731493,200
532,-54.5444909,157.799461,200
533,-71.9062169,152.347735,200
534,-88.5754468,145.428816,200
535,-104.391647,137.109339,200
536,-119.202498,127.469424,200
537,-132.865364,116.601908,200
538,-145.248664,104.611453,200
539,-156.23314,91.6135314,200
540,-165.713006,77.7333219,200
541,-173.596964,63.104498,200
542,-179.809089,47.8679433,200
543,-184.289554,32.1703941,200
544,-186.99521,16.1630264,200
545,-187.9,4.3176830145e-14,200
546,-186.99521,-16.1630264,200
547,-184.289554,-32.1703941,200
548,-179.809089,-47.8679433,200
549,-173.596964,-63.104498,200
550,-165.713006,-77.7333219,200
551,-156.23314,-91.6135314,200
552,-145.248664,-104.611453,200
553,-132.865364,-116.601908,200
554,-119.202498,-127.469424,200
555,-104.391647,-137.109339,200
556,-88.5754468,-145.428816,200
557,-71.9062169,-152.347735,200
558,-54.5444909,-157.799461,200
559,-36.6574715,-161.731493,200
560,-18.4174207,-164.105961,200
561,-3.56148995274e-14,-164.9,200
562,18.4174207,-164.105961,200
563,36.6574715,-161.731493,200
564,54.5444909,-157.799461,200
565,71.9062169,-152.347735,200
566,88.5754468,-145.428816,200
567,104.391647,-137.109339,200
568,119.202498,-127.469424,200
569,132.865364,-116.601908,200
570,145.248664,-104.611453,200
571,156.23314,-91.6135314,200
572,165.713006,-77.7333219,200
573,173.596964,-63.104498,200
574,179.809089,-47.8679433,200
575,184.289554,-32.1703941,200
576,186.99521,-16.1630264,200
577,187.9,2.24411462894e-15,225
578,186.99521,16.1630264,225
579,184.289554,32.1703941,225
580,179.809089,47.8679433,225
581,173.596964,63.104498,225
582,165.713006,77.7333219,225
583,156.23314,91.6135314,225
584,145.248664,104.611453,225
585,132.865364,116.601908,225
586,119.202498,127.469424,225
587,104.391647,137.109339,225
588,88.5754468,145.428816,225
589,71.9062169,152.347735,225
590,54.5444909,157.799461,225
591,36.6574715,161.731493,225
592,18.4174207,164.105961,225
593,1.45793170029e-14,164.9,225
594,-18.4174207,164.105961,225
595,-36.6574715,161.731493,225
596,-54.5444909,157.799461,225
597,-71.9062169,152.347735,225
598,-88.5754468,145.428816,225
599,-104.391647,137.109339,225
600,-119.202498,127.469424,225
601,-132.865364,116.601908,225
602,-145.248664,104.611453,225
603,-156.23314,91.6135314,225
604,-165.713006,77.7333219,225
605,-173.596964,63.104498,225
606,-179.809089,47.8679433,225
607,-184.289554,32.1703941,225
608,-186.99521,16.1630264,225
609,-187.9,4.14323225895e-14,225
610,-186.99521,-16.1630264,225
611,-184.289554,-32.1703941,225
612,-179.809089,-47.8679433,225
613,-173.596964,-63.104498,225
614,-165.713006,-77.7333219,225
615,-156.23314,-91.6135314,225
616,-145.248664,-104.611453,225
617,-132.865364,-116.601908,225
618,-119.202498,-127.469424,225
619,-104.391647,-137.109339,225
620,-88.5754468,-145.428816,225
621,-71.9062169,-152.347735,225
622,-54.5444909,-157.799461,225
623,-36.6574715,-161.731493,225
624,-18.4174207,-164.105961,225
625,-3.99599827983e-14,-164.9,225
626,18.4174207,-164.105961,225
627,36.6574715,-161.731493,225
628,54.5444909,-157.799461,225
629,71.9062169,-152.347735,225
630,88.5754468,-145.428816,225
631,104.391647,-137.109339,225
632,119.202498,-127.469424,225
633,132.865364,-116.601908,225
634,145.248664,-104.611453,225
635,156.23314,-91.6135314,225
636,165.713006,-77.7333219,225
637,173.596964,-63.104498,225
638,179.809089,-47.8679433,225
639,184.289554,-32.1703941,225
640,186.99521,-16.1630264,225
641,187.9,2.32696241547e-16,250
642,186.99521,16.1630264,250
643,184.289554,32.1703941,250
644,179.809089,47.8679433,250
645,173.596964,63.104498,250
646,165.713006,77.7333219,250
647,156.23314,91.6135314,250
648,145.248664,104.611453,250
649,132.865364,116.601908,250
650,119.202498,127.469424,250
651,104.391647,137.109339,250
652,88.5754468,145.428816,250
653,71.9062169,152.347735,250
654,54.5444909,157.799461,250
655,36.6574715,161.731493,250
656,18.4174207,164.105961,250
657,1.72827527326e-14,164.9,250
658,-18.4174207,164.105961,250
659,-36.6574715,161.731493,250
660,-54.5444909,157.799461,250
661,-71.9062169,152.347735,250
662,-88.5754468,145.428816,250
663,-104.391647,137.109339,250
664,-119.202498,127.469424,250
665,-132.865364,116.601908,250
666,-145.248664,104.611453,250
667,-156.23314,91.6135314,250
668,-165.713006,77.7333219,250
669,-173.596964,63.104498,250
670,-179.809089,47.8679433,250
671,-184.289554,32.1703941,250
672,-186.99521,16.1630264,250
673,-187.9,4.19948050012e-14,250
674,-186.99521,-16.1630264,250
675,-184.289554,-32.1703941,250
676,-179.809089,-47.8679433,250
677,-173.596964,-63.104498,250
678,-165.713006,-77.7333219,250
679,-156.23314,-91.6135314,250
680,-145.248664,-104.611453,250
681,-132.865364,-116.601908,250
682,-119.202498,-127.469424,250
683,-104.391647,-137.109339,250
684,-88.5754468,-145.428816,250
685,-71.9062169,-152.347735,250
686,-54.5444909,-157.799461,250
687,-36.6574715,-161.731493,250
688,-18.4174207,-164.105961,250
689,-3.88860636684e-14,-164.9,250
690,18.4174207,-164.105961,250
691,36.6574715,-161.731493,250
692,54.5444909,-157.799461,250
693,71.9062169,-152.347735,250
694,88.5754468,-145.428816,250
695,104.391647,-137.109339,250
696,119.202498,-127.469424,250
697,132.865364,-116.601908,250
698,145.248664,-104.611453,250
699,156.23314,-91.6135314,250
700,165.713006,-77.7333219,250
701,173.596964,-63.104498,250
702,179.809089,-47.8679433,250
703,184.289554,-32.1703941,250
704,186.99521,-16.1630264,250
705,187.9,-3.71578733073e-16,275
706,186.99521,16.1630264,275
707,184.289554,32.1703941,275
708,179.809089,47.8679433,275
709,173.596964,63.104498,275
710,165.713006,77.7333219,275
711,156.23314,91.6135314,275
712,145.248664,104.611453,275
713,132.865364,116.601908,275
714,119.202498,127.469424,275
715,104.391647,137.109339,275
716,88.5754468,145.428816,275
717,71.9062169,152.347735,275
718,54.5444909,157.799461,275
719,36.6574715,161.731493,275
720,18.4174207,164.105961,275
721,1.87047787524e-14,164.9,275
722,-18.4174207,164.105961,275
723,-36.6574715,161.731493,275
724,-54.5444909,157.799461,275
725,-71.9062169,152.347735,275
726,-88.5754468,145.428816,275
727,-104.391647,137.109339,275
728,-119.202498,127.469424,275
729,-132.865364,116.601908,275
730,-145.248664,104.611453,275
731,-156.23314,91.6135314,275
732,-165.713006,77.7333219,275
733,-173.596964,63.104498,275
734,-179.809089,47.8679433,275
735,-184.289554,32.1703941,275
736,-186.99521,16.1630264,275
737,-187.9,4.13608950772e-14,275
738,-186.99521,-16.1630264,275
739,-184.289554,-32.1703941,275
740,-179.809089,-47.8679433,275
741,-173.596964,-63.104498,275
742,-165.713006,-77.7333219,275
743,-156.23314,-91.6135314,275
744,-145.248664,-104.611453,275
745,-132.865364,-116.601908,275
746,-119.202498,-127.469424,275
747,-104.391647,-137.109339,275
748,-88.5754468,-145.428816,275
749,-71.9062169,-152.347735,275
750,-54.5444909,-157.799461,275
751,-36.6574715,-161.731493,275
752,-18.4174207,-164.105961,275
753,-3.91576272042e-14,-164.9,275
754,18.4174207,-164.105961,275
755,36.6574715,-161.731493,275
756,54.5444909,-157.799461,275
757,71.9062169,-152.347735,275
758,88.5754468,-145.428816,275
759,104.391647,-137.109339,275
760,119.202498,-127.469424,275
761,132.865364,-116.601908,275
762,145.248664,-104.611453,275
763,156.23314,-91.6135314,275
764,165.713006,-77.7333219,275
765,173.596964,-63.104498,275
766,179.809089,-47.8679433,275
767,184.289554,-32.1703941,275
768,186.99521,-16.1630264,275
769,187.9,-4.79772124717e-16,300
770,186.99521,16.1630264,300
771,184.289554,32.1703941,300
772,179.809089,47.8679433,300
773,173.596964,63.104498,300
774,165.713006,77.7333219,300
775,156.23314,91.6135314,300
776,145.248664,104.611453,300
777,132.865364,116.601908,300
778,119.202498,127.469424,300
779,104.391647,137.109339,300
780,88.5754468,145.428816,300
781,71.9062169,152.347735,300
782,54.5444909,157.799461,300
783,36.6574715,161.731493,300
784,18.4174207,164.105961,300
785,1.72770027559e-14,164.9,300
786,-18.4174207,164.105961,300
787,-36.6574715,161.731493,300
788,-54.5444909,157.799461,300
789,-71.9062169,152.347735,300
790,-88.5754468,145.428816,300
791,-104.391647,137.109339,300
792,-119.202498,127.469424,300
793,-132.865364,116.601908,300
794,-145.248664,104.611453,300
795,-156.23314,91.6135314,300
796,-165.713006,77.7333219,300
797,-173.596964,63.104498,300
798,-179.809089,47.8679433,300
799,-184.289554,32.1703941,300
800,-186.99521,16.1630264,300
801,-187.9,4.22666884197e-14,300
802,-186.99521,-16.1630264,300
803,-184.289554,-32.1703941,300
804,-179.809089,-47.8679433,300
805,-173.596964,-63.104498,300
806,-165.713006,-77.7333219,300
807,-156.23314,-91.6135314,300
808,-145.248664,-104.611453,300
809,-132.865364,-116.601908,300
810,-119.202498,-127.469424,300
811,-104.391647,-137.109339,300
812,-88.5754468,-145.428816,300
813,-71.9062169,-152.347735,300
814,-54.5444909,-157.799461,300
815,-36.6574715,-161.731493,300
816,-18.4174207,-164.105961,300
817,-3.92175667201e-14,-164.9,300
818,18.4174207,-164.105961,300
819,36.6574715,-161.731493,300
820,54.5444909,-157.799461,300
821,71.9062169,-152.347735,300
822,88.5754468,-145.428816,300
823,104.391647,-137.109339,300
824,119.202498,-127.469424,300
825,132.865364,-116.601908,300
826,145.248664,-104.611453,300
827,156.23314,-91.6135314,300
828,165.713006,-77.7333219,300
829,173.596964,-63.104498,300
830,179.809089,-47.8679433,300
831,184.289554,-32.1703941,300
832,186.99521,-16.1630264,300
833,187.9,-1.73694459479e-15,325
834,186.99521,16.1630264,325
835,184.289554,32.1703941,325
836,179.809089,47.8679433,325
837,173.596964,63.104498,325
838,165.713006,77.7333219,325
839,156.23314,91.6135314,325
840,145.248664,104.611453,325
841,132.865364,116.601908,325
842,119.202498,127.469424,325
843,104.391647,137.109339,325
844,88.5754468,145.428816,325
845,71.9062169,152.347735,325
846,54.5444909,157.799461,325
847,36.6574715,161.731493,325
848,18.4174207,164.105961,325
849,1.74834021357e-14,164.9,325
850,-18.4174207,164.105961,325
851,-36.6574715,161.731493,325
852,-54.5444909,157.799461,325
853,-71.9062169,152.347735,325
854,-88.5754468,145.428816,325
855,-104.391647,137.109339,325
856,-119.202498,127.469424,325
857,-132.865364,116.601908,325
858,-145.248664,104.611453,325
859,-156.23314,91.6135314,325
860,-165.713006,77.7333219,325
861,-173.596964,63.104498,325
862,-179.809089,47.8679433,325
863,-184.289554,32.1703941,325
864,-186.99521,16.1630264,325
865,-187.9,4.29665433482e-14,325
866,-186.99521,-16.1630264,325
867,-184.289554,-32.1703941,325
868,-179.809089,-47.8679433,325
869,-173.596964,-63.104498,325
870,-165.713006,-77.7333219,325
871,-156.23314,-91.6135314,325
872,-145.248664,-104.611453,325
873,-132.865364,-116.601908,325
874,-119.202498,-127.469424,325
875,-104.391647,-137.109339,325
876,-88.5754468,-145.428816,325
877,-71.9062169,-152.347735,325
878,-54.5444909,-157.799461,325
879,-36.6574715,-161.731493,325
880,-18.4174207,-164.105961,325
881,-3.73396348482e-14,-164.9,325
882,18.4174207,-164.105961,325
883,36.6574715,-161.731493,325
884,54.5444909,-157.799461,325
885,71.9062169,-152.347735,325
886,88.5754468,-145.428816,325
887,104.391647,-137.109339,325
888,119.202498,-127.469424,325
889,132.865364,-116.601908,325
890,145.248664,-104.611453,325
891,156.23314,-91.6135314,325
892,165.713006,-77.7333219,325
893,173.596964,-63.104498,325
894,179.809089,-47.8679433,325
895,184.289554,-32.1703941,325
896,186.99521,-16.1630264,325
897,187.9,-5.98439422405e-16,350
898,186.99521,16.1630264,350
899,184.289554,32.1703941,350
900,179.809089,47.8679433,350
901,173.596964,63.104498,350
902,165.713006,77.7333219,350
903,156.23314,91.6135314,350
904,145.248664,104.611453,350
905,132.865364,116.601908,350
906,119.202498,127.469424,350
907,104.391647,137.109339,350
908,88.5754468,145.428816,350
909,71.9062169,152.347735,350
910,54.5444909,157.799461,350
911,36.6574715,161.731493,350
912,18.4174207,164.105961,350
913,1.72945318882e-14,164.9,350
914,-18.4174207,164.105961,350
915,-36.6574715,161.731493,350
916,-54.5444909,157.799461,350
917,-71.9062169,152.347735,350
918,-88.5754468,145.428816,350
919,-104.391647,137.109339,350
920,-119.202498,127.469424,350
921,-132.865364,116.601908,350
922,-145.248664,104.611453,350
923,-156.23314,91.6135314,350
924,-165.713006,77.7333219,350
925,-173.596964,63.104498,350
926,-179.809089,47.8679433,350
927,-184.289554,32.1703941,350
928,-186.99521,16.1630264,350
929,-187.9,4.24385659512e-14,350
930,-186.99521,-16.1630264,350
931,-184.289554,-32.1703941,350
932,-179.809089,-47.8679433,350
933,-173.596964,-63.104498,350
934,-165.713006,-77.7333219,350
935,-156.23314,-91.6135314,350
936,-145.248664,-104.611453,350
937,-132.865364,-116.601908,350
938,-119.202498,-127.469424,350
939,-104.391647,-137.109339,350
940,-88.5754468,-145.428816,350
941,-71.9062169,-152.347735,350
942,-54.5444909,-157.799461,350
943,-36.6574715,-161.731493,350
944,-18.4174207,-164.105961,350
945,-3.78334963601e-14,-164.9,350
946,18.4174207,-164.105961,350
947,36.6574715,-161.731493,350
948,54.5444909,-157.799461,350
949,71.9062169,-152.347735,350
950,88.5754468,-145.428816,350
951,104.391647,-137.109339,350
952,119.202498,-127.469424,350
953,132.865364,-116.601908,350
954,145.248664,-104.611453,350
955,156.23314,-91.6135314,350
956,165.713006,-77.7333219,350
957,173.596964,-63.104498,350
958,179.809089,-47.8679433,350
959,184.289554,-32.1703941,350
960,186.99521,-16.1630264,350
961,187.9,-1.67134515106e-15,375
962,186.99521,16.1630264,375
963,184.289554,32.1703941,375
964,179.809089,47.8679433,375
965,173.596964,63.104498,375
966,165.713006,77.7333219,375
967,156.23314,91.6135314,375
968,145.248664,104.611453,375
969,132.865364,116.601908,375
970,119.202498,127.469424,375
971,104.391647,137.109339,375
972,88.5754468,145.428816,375
973,71.9062169,152.347735,375
974,54.5444909,157.799461,375
975,36.6574715,161.731493,375
976,18.4174207,164.105961,375
977,1.7442016033e-14,164.9,375
978,-18.4174207,164.105961,375
979,-36.6574715,161.731493,375
980,-54.5444909,157.799461,375
981,-71.9062169,152.347735,375
982,-88.5754468,145.428816,375
983,-104.391647,137.109339,375
984,-119.202498,127.469424,375
985,-132.865364,116.601908,375
986,-145.248664,104.611453,375
987,-156.23314,91.6135314,375
988,-165.713006,77.7333219,375
989,-173.596964,63.104498,375
990,-179.809089,47.8679433,375
991,-184.289554,32.1703941,375
992,-186.99521,16.1630264,375
993,-187.9,4.18254137028e-14,375
994,-186.99521,-16.1630264,375
995,-184.289554,-32.1703941,375
996,-179.809089,-47.8679433,375
997,-173.596964,-63.104498,375
998,-165.713006,-77.7333219,375
999,-156.23314,-91.6135314,375
1000,-145.248664,-104.611453,375
1001,-132.865364,-116.601908,375
1002,-119.202498,-127.469424,375
1003,-104.391647,-137.109339,375
1004,-88.5754468,-145.428816,375
1005,-71.9062169,-152.347735,375
1006,-54.5444909,-157.799461,375
1007,-36.6574715,-161.731493,375
1008,-18.4174207,-164.105961,375
1009,-3.79370685636e-14,-164.9,375
1010,18.4174207,-164.105961,375
1011,36.6574715,-161.731493,375
1012,54.5444909,-157.799461,375
1013,71.9062169,-152.347735,375
1014,88.5754468,-145.428816,375
1015,104.391647,-137.109339,375
1016,119.202498,-127.469424,375
1017,132.865364,-116.601908,375
1018,145.248664,-104.611453,375
1019,156.23314,-91.6135314,375
1020,165.713006,-77.7333219,375
1021,173.596964,-63.104498,375
1022,179.809089,-47.8679433,375
1023,184.289554,-32.1703941,375
1024,186.99521,-16.1630264,375
1025,187.9,-9.97860204803e-16,400
1026,186.99521,16.1630264,400
1027,184.289554,32.1703941,400
1028,179.809089,47.8679433,400
1029,173.596964,63.104498,400
1030,165.713006,77.7333219,400
1031,156.23314,91.6135314,400
1032,145.248664,104.611453,400
1033,132.865364,116.601908,400
1034,119.202498,127.469424,400
1035,104.391647,137.109339,400
1036,88.5754468,145.428816,400
1037,71.9062169,152.347735,400
1038,54.5444909,157.799461,400
1039,36.6574715,161.731493,400
1040,18.4174207,164.105961,400
1041,1.62025360097e-14,164.9,400
1042,-18.4174207,164.105961,400
1043,-36.6574715,161.731493,400
1044,-54.5444909,157.799461,400
1045,-71.9062169,152.347735,400
1046,-88.5754468,145.428816,400
1047,-104.391647,137.109339,400
1048,-119.202498,127.469424,400
1049,-132.865364,116.601908,400
1050,-145.248664,104.611453,400
1051,-156.23314,91.6135314,400
1052,-165.713006,77.7333219,400
1053,-173.596964,63.104498,400
1054,-179.809089,47.8679433,400
1055,-184.289554,32.1703941,400
1056,-186.99521,16.1630264,400
1057,-187.9,4.03827378171e-14,400
1058,-186.99521,-16.1630264,400
1059,-184.289554,-32.1703941,400
1060,-179.809089,-47.8679433,400
1061,-173.596964,-63.104498,400
1062,-165.713006,-77.7333219,400
1063,-156.23314,-91.6135314,400
1064,-145.248664,-104.611453,400
1065,-132.865364,-116.601908,400
1066,-119.202498,-127.469424,400
1067,-104.391647,-137.109339,400
1068,-88.5754468,-145.428816,400
1069,-71.9062169,-152.347735,400
1070,-54.5444909,-157.799461,400
1071,-36.6574715,-161.731493,400
1072,-18.4174207,-164.105961,400
1073,-3.61044363406e-14,-164.9,400
1074,18.4174207,-164.105961,400
1075,36.6574715,-161.731493,400
1076,54.5444909,-157.799461,400
1077,71.9062169,-152.347735,400
1078,88.5754468,-145.428816,400
1079,104.391647,-137.109339,400
1080,119.202498,-127.469424,400
1081,132.865364,-116.601908,400
1082,145.248664,-104.611453,400
1083,156.23314,-91.6135314,400
1084,165.713006,-77.7333219,400
1085,173.596964,-63.104498,400
1086,179.809089,-47.8679433,400
1087,184.289554,-32.1703941,400
1088,186.99521,-16.1630264,400
1089,187.9,-1.16557054365e-15,425
1090,186.99521,16.1630264,425
1091,184.289554,32.1703941,425
1092,179.809089,47.8679433,425
1093,173.596964,63.104498,425
1094,165.713006,77.7333219,425
1095,156.23314,91.6135314,425
1096,145.248664,104.611453,425
1097,132.865364,116.601908,425
1098,119.202498,127.469424,425
1099,104.391647,137.109339,425
1100,88.5754468,145.428816,425
1101,71.9062169,152.347735,425
1102,54.5444909,157.799461,425
1103,36.6574715,161.731493,425
1104,18.4174207,164.105961,425
1105,1.74639934443e-14,164.9,425
1106,-18.4174207,164.105961,425
1107,-36.6574715,161.731493,425
1108,-54.5444909,157.799461,425
1109,-71.9062169,152.347735,425
1110,-88.5754468,145.428816,425
1111,-104.391647,137.109339,425
1112,-119.202498,127.469424,425
1113,-132.865364,116.601908,425
1114,-145.248664,104.611453,425
1115,-156.23314,91.6135314,425
1116,-165.713006,77.7333219,425
1117,-173.596964,63.104498,425
1118,-179.809089,47.8679433,425
1119,-184.289554,32.1703941,425
1120,-186.99521,16.1630264,425
1121,-187.9,4.28272218445e-14,425
1122,-186.99521,-16.1630264,425
1123,-184.289554,-32.1703941,425
1124,-179.809089,-47.8679433,425
1125,-173.596964,-63.104498,425
1126,-165.713006,-77.7333219,425
1127,-156.23314,-91.6135314,425
1128,-145.248664,-104.611453,425
1129,-132.865364,-116.601908,425
1130,-119.202498,-127.469424,425
1131,-104.391647,-137.109339,425
1132,-88.5754468,-145.428816,425
1133,-71.9062169,-152.347735,425
1134,-54.5444909,-157.799461,425
1135,-36.6574715,-161.731493,425
1136,-18.4174207,-164.105961,425
1137,-3.62851044819e-14,-164.9,425
1138,18.4174207,-164.105961,425
1139,36.6574715,-161.731493,425
1140,54.5444909,-157.799461,425
1141,71.9062169,-152.347735,425
1142,88.5754468,-145.428816,425
1143,104.391647,-137.109339,425
1144,119.202498,-127.469424,425
1145,132.865364,-116.601908,425
1146,145.248664,-104.611453,425
1147,156.23314,-91.6135314,425
1148,165.713006,-77.7333219,425
1149,173.596964,-63.104498,425
1150,179.809089,-47.8679433,425
1151,184.289554,-32.1703941,425
1152,186.99521,-16.1630264,425
1153,187.9,-2.3240921011e-15,450
1154,186.99521,16.1630264,450
1155,184.289554,32.1703941,450
1156,179.809089,47.8679433,450
1157,173.596964,63.104498,450
1158,165.713006,77.7333219,450
1159,156.23314,91.6135314,450
1160,145.248664,104.611453,450
1161,132.865364,116.601908,450
1162,119.202498,127.469424,450
1163,104.391647,137.109339,450
1164,88.5754468,145.428816,450
1165,71.9062169,152.347735,450
1166,54.5444909,157.799461,450
1167,36.6574715,161.731493,450
1168,18.4174207,164.105961,450
1169,1.69321340735e-14,164.9,450
1170,-18.4174207,164.105961,450
1171,-36.6574715,161.731493,450
1172,-54.5444909,157.799461,450
1173,-71.9062169,152.347735,450
1174,-88.5754468,145.428816,450
1175,-104.391647,137.109339,450
1176,-119.202498,127.469424,450
1177,-132.865364,116.601908,450
1178,-145.248664,104.611453,450
1179,-156.23314,91.6135314,450
1180,-165.713006,77.7333219,450
1181,-173.596964,63.104498,450
1182,-179.809089,47.8679433,450
1183,-184.289554,32.1703941,450
1184,-186.99521,16.1630264,450
1185,-187.9,4.14651146559e-14,450
1186,-186.99521,-16.1630264,450
1187,-184.289554,-32.1703941,450
1188,-179.809089,-47.8679433,450
1189,-173.596964,-63.104498,450
1190,-165.713006,-77.7333219,450
1191,-156.23314,-91.6135314,450
1192,-145.248664,-104.611453,450
1193,-132.865364,-116.601908,450
1194,-119.202498,-127.469424,450
1195,-104.391647,-137.109339,450
1196,-88.5754468,-145.428816,450
1197,-71.9062169,-152.347735,450
1198,-54.5444909,-157.799461,450
1199,-36.6574715,-161.731493,450
1200,-18.4174207,-164.105961,450
1201,-3.57479650599e-14,-164.9,450
1202,18.4174207,-164.105961,450
1203,36.6574715,-161.731493,450
1204,54.5444909,-157.799461,450
1205,71.9062169,-152.347735,450
1206,88.5754468,-145.428816,450
1207,104.391647,-137.109339,450
1208,119.202498,-127.469424,450
1209,132.865364,-116.601908,450
1210,145.248664,-104.611453,450
1211,156.23314,-91.6135314,450
1212,165.713006,-77.7333219,450
1213,173.596964,-63.104498,450
1214,179.809089,-47.8679433,450
1215,184.289554,-32.1703941,450
1216,186.99521,-16.1630264,450
1217,187.9,-2.95702204073e-16,475
1218,186.99521,16.1630264,475
1219,184.289554,32.1703941,475
1220,179.809089,47.8679433,475
1221,173.596964,63.104498,475
1222,165.713006,77.7333219,475
1223,156.23314,91.6135314,475
1224,145.248664,104.611453,475
1225,132.865364,116.601908,475
1226,119.202498,127.469424,475
1227,104.391647,137.109339,475
1228,88.5754468,145.428816,475
1229,71.9062169,152.347735,475
1230,54.5444909,157.799461,475
1231,36.6574715,161.731493,475
1232,18.4174207,164.105961,475
1233,1.59717558766e-14,164.9,475
1234,-18.4174207,164.105961,475
1235,-36.6574715,161.731493,475
1236,-54.5444909,157.799461,475
1237,-71.9062169,152.347735,475
1238,-88.5754468,145.428816,475
1239,-104.391647,137.109339,475
1240,-119.202498,127.469424,475
1241,-132.865364,116.601908,475
1242,-145.248664,104.611453,475
1243,-156.23314,91.6135314,475
1244,-165.713006,77.7333219,475
1245,-173.596964,63.104498,475
1246,-179.809089,47.8679433,475
1247,-184.289554,32.1703941,475
1248,-186.99521,16.1630264,475
1249,-187.9,4.18431928056e-14,475
1250,-186.99521,-16.1630264,475
1251,-184.289554,-32.1703941,475
1252,-179.809089,-47.8679433,475
1253,-173.596964,-63.104498,475
1254,-165.713006,-77.7333219,475
1255,-156.23314,-91.6135314,475
1256,-145.248664,-104.611453,475
1257,-132.865364,-116.601908,475
1258,-119.202498,-127.469424,475
1259,-104.391647,-137.109339,475
1260,-88.5754468,-145.428816,475
1261,-71.9062169,-152.347735,475
1262,-54.5444909,-157.799461,475
1263,-36.6574715,-161.731493,475
1264,-18.4174207,-164.105961,475
1265,-3.54097832461e-14,-164.9,475
1266,18.4174207,-164.105961,475
1267,36.6574715,-161.731493,475
1268,54.5444909,-157.799461,475
1269,71.9062169,-152.347735,475
1270,88.5754468,-145.428816,475
1271,104.391647,-137.109339,475
1272,119.202498,-127.469424,475
1273,132.865364,-116.601908,475
1274,145.248664,-104.611453,475
1275,156.23314,-91.6135314,475
1276,165.713006,-77.7333219,475
1277,173.596964,-63.104498,475
1278,179.809089,-47.8679433,475
1279,184.289554,-32.1703941,475
1280,186.99521,-16.1630264,475
1281,187.9,-1.15609285108e-15,500
1282,186.99521,16.1630264,500
1283,184.289554,32.1703941,500
1284,179.809089,47.8679433,500
1285,173.596964,63.104498,500
1286,165.713006,77.7333219,500
1287,156.23314,91.6135314,500
1288,145.248664,104.611453,500
1289,132.865364,116.601908,500
1290,119.202498,127.469424,500
1291,104.391647,137.109339,500
1292,88.5754468,145.428816,500
1293,71.9062169,152.347735,500
1294,54.5444909,157.799461,500
1295,36.6574715,161.731493,500
1296,18.4174207,164.105961,500
1297,1.54668183572e-14,164.9,500
1298,-18.4174207,164.105961,500
1299,-36.6574715,161.731493,500
1300,-54.5444909,157.799461,500
1301,-71.9062169,152.347735,500
1302,-88.5754468,145.428816,500
1303,-104.391647,137.109339,500
1304,-119.202498,127.469424,500
1305,-132.865364,116.601908,500
1306,-145.248664,104.611453,500
1307,-156.23314,91.6135314,500
1308,-165.713006,77.7333219,500
1309,-173.596964,63.104498,500
1310,-179.809089,47.8679433,500
1311,-184.289554,32.1703941,500
1312,-186.99521,16.1630264,500
1313,-187.9,4.083510293e-14,500
1314,-186.99521,-16.1630264,500
1315,-184.289554,-32.1703941,500
1316,-179.809089,-47.8679433,500
1317,-173.596964,-63.104498,500
1318,-165.713006,-77.7333219,500
1319,-156.23314,-91.6135314,500
1320,-145.248664,-104.611453,500
1321,-132.865364,-116.601908,500
1322,-119.202498,-127.469424,500
1323,-104.391647,-137.109339,500
1324,-88.5754468,-145.428816,500
1325,-71.9062169,-152.347735,500
1326,-54.5444909,-157.799461,500
1327,-36.6574715,-161.731493,500
1328,-18.4174207,-164.105961,500
1329,-3.62691468062e-14,-164.9,500
1330,18.4174207,-164.105961,500
1331,36.6574715,-161.731493,500
1332,54.5444909,-157.799461,500
1333,71.9062169,-152.347735,500
1334,88.5754468,-145.428816,500
1335,104.391647,-137.109339,500
1336,119.202498,-127.469424,500
1337,132.865364,-116.601908,500
1338,145.248664,-104.611453,500
1339,156.23314,-91.6135314,500
1340,165.713006,-77.7333219,500
1341,173.596964,-63.104498,500
1342,179.809089,-47.8679433,500
1343,184.289554,-32.1703941,500
1344,186.99521,-16.1630264,500
1345,187.9,-2.78918950727e-17,525
1346,186.99521,16.1630264,525
1347,184.289554,32.1703941,525
1348,179.809089,47.8679433,525
1349,173.596964,63.104498,525
1350,165.713006,77.7333219,525
1351,156.23314,91.6135314,525
1352,145.248664,104.611453,525
1353,132.865364,116.601908,525
1354,119.202498,127.469424,525
1355,104.391647,137.109339,525
1356,88.5754468,145.428816,525
1357,71.9062169,152.347735,525
1358,54.5444909,157.799461,525
1359,36.6574715,161.731493,525
1360,18.4174207,164.105961,525
1361,1.2828513734e-14,164.9,525
1362,-18.4174207,164.105961,525
1363,-36.6574715,161.731493,525
1364,-54.5444909,157.799461,525
1365,-71.9062169,152.347735,525
1366,-88.5754468,145.428816,525
1367,-104.391647,137.109339,525
1368,-119.202498,127.469424,525
1369,-132.865364,116.601908,525
1370,-145.248664,104.611453,525
1371,-156.23314,91.6135314,525
1372,-165.713006,77.7333219,525
1373,-173.596964,63.104498,525
1374,-179.809089,47.8679433,525
1375,-184.289554,32.1703941,525
1376,-186.99521,16.1630264,525
1377,-187.9,4.2145452021e-14,525
1378,-186.99521,-16.1630264,525
1379,-184.289554,-32.1703941,525
1380,-179.809089,-47.8679433,525
1381,-173.596964,-63.104498,525
1382,-165.713006,-77.7333219,525
1383,-156.23314,-91.6135314,525
1384,-145.248664,-104.611453,525
1385,-132.865364,-116.601908,525
1386,-119.202498,-127.469424,525
1387,-104.391647,-137.109339,525
1388,-88.5754468,-145.428816,525
1389,-71.9062169,-152.347735,525
1390,-54.5444909,-157.799461,525
1391,-36.6574715,-161.731493,525
1392,-18.4174207,-164.105961,525
1393,-3.49732076843e-14,-164.9,525
1394,18.4174207,-164.105961,525
1395,36.6574715,-161.731493,525
1396,54.5444909,-157.799461,525
1397,71.9062169,-152.347735,525
1398,88.5754468,-145.428816,525
1399,104.391647,-137.109339,525
1400,119.202498,-127.469424,525
1401,132.865364,-116.601908,525
1402,145.248664,-104.611453,525
1403,156.23314,-91.6135314,525
1404,165.713006,-77.7333219,525
1405,173.596964,-63.104498,525
1406,179.809089,-47.8679433,525
1407,184.289554,-32.1703941,525
1408,186.99521,-16.1630264,525
1409,187.9,-1.35960212285e-15,550
1410,186.99521,16.1630264,550
1411,184.289554,32.1703941,550
1412,179.809089,47.8679433,550
1413,173.596964,63.104498,550
1414,165.713006,77.7333219,550
1415,156.23314,91.6135314,550
1416,145.248664,104.611453,550
1417,132.865364,116.601908,550
1418,119.202498,127.469424,550
1419,104.391647,137.109339,550
1420,88.5754468,145.428816,550
1421,71.9062169,152.347735,550
1422,54.5444909,157.799461,550
1423,36.6574715,161.731493,550
1424,18.4174207,164.105961,550
1425,1.18475433233e-14,164.9,550
1426,-18.4174207,164.105961,550
1427,-36.6574715,161.731493,550
1428,-54.5444909,157.799461,550
1429,-71.9062169,152.347735,550
1430,-88.5754468,145.428816,550
1431,-104.391647,137.109339,550
1432,-119.202498,127.469424,550
1433,-132.865364,116.601908,550
1434,-145.248664,104.611453,550
1435,-156.23314,91.6135314,550
1436,-165.713006,77.7333219,550
1437,-173.596964,63.104498,550
1438,-179.809089,47.8679433,550
1439,-184.289554,32.1703941,550
1440,-186.99521,16.1630264,550
1441,-187.9,4.25247160455e-14,550
1442,-186.99521,-16.1630264,550
1443,-184.289554,-32.1703941,550
1444,-179.809089,-47.8679433,550
1445,-173.596964,-63.104498,550
1446,-165.713006,-77.7333219,550
1447,-156.23314,-91.6135314,550
1448,-145.248664,-104.611453,550
1449,-132.865364,-116.601908,550
1450,-119.202498,-127.469424,550
1451,-104.391647,-137.109339,550
1452,-88.5754468,-145.428816,550
1453,-71.9062169,-152.347735,550
1454,-54.5444909,-157.799461,550
1455,-36.6574715,-161.731493,550
1456,-18.4174207,-164.105961,550
1457,-3.39736148856e-14,-164.9,550
1458,18.4174207,-164.105961,550
1459,36.6574715,-161.731493,550
1460,54.5444909,-157.799461,550
1461,71.9062169,-152.347735,550
1462,88.5754468,-145.428816,550
1463,104.391647,-137.109339,550
1464,119.202498,-127.469424,550
1465,132.865364,-116.601908,550
1466,145.248664,-104.611453,550
1467,156.23314,-91.6135314,550
1468,165.713006,-77.7333219,550
1469,173.596964,-63.104498,550
1470,179.809089,-47.8679433,550
1471,184.289554,-32.1703941,550
1472,186.99521,-16.1630264,550
1473,187.9,-1.45474201978e-15,575
1474,186.99521,16.1630264,575
1475,184.289554,32.1703941,575
1476,179.809089,47.8679433,575
1477,173.596964,63.104498,575
1478,165.713006,77.7333219,575
1479,156.23314,91.6135314,575
1480,145.248664,104.611453,575
1481,132.865364,116.601908,575
1482,119.202498,127.469424,575
1483,104.391647,137.109339,575
1484,88.5754468,145.428816,575
1485,71.9062169,152.347735,575
1486,54.5444909,157.799461,575
1487,36.6574715,161.731493,575
1488,18.4174207,164.105961,575
1489,1.29048845026e-14,164.9,575
1490,-18.4174207,164.105961,575
1491,-36.6574715,161.731493,575
1492,-54.5444909,157.799461,575
1493,-71.9062169,152.347735,575
1494,-88.5754468,145.428816,575
1495,-104.391647,137.109339,575
1496,-119.202498,127.469424,575
1497,-132.865364,116.601908,575
1498,-145.248664,104.611453,575
1499,-156.23314,91.6135314,575
1500,-165.713006,77.7333219,575
1501,-173.596964,63.104498,575
1502,-179.809089,47.8679433,575
1503,-184.289554,32.1703941,575
1504,-186.99521,16.1630264,575
1505,-187.9,4.23623566053e-14,575
1506,-186.99521,-16.1630264,575
1507,-184.289554,-32.1703941,575
1508,-179.809089,-47.8679433,575
1509,-173.596964,-63.104498,575
1510,-165.713006,-77.7333219,575
1511,-156.23314,-91.6135314,575
1512,-145.248664,-104.611453,575
1513,-132.865364,-116.601908,575
1514,-119.202498,-127.469424,575
1515,-104.391647,-137.109339,575
1516,-88.5754468,-145.428816,575
1517,-71.9062169,-152.347735,575
1518,-54.5444909,-157.799461,575
1519,-36.6574715,-161.731493,575
1520,-18.4174207,-164.105961,575
1521,-3.33848486778e-14,-164.9,575
1522,18.4174207,-164.105961,575
1523,36.6574715,-161.731493,575
1524,54.5444909,-157.799461,575
1525,71.9062169,-152.347735,575
1526,88.5754468,-145.428816,575
1527,104.391647,-137.109339,575
1528,119.202498,-127.469424,575
1529,132.865364,-116.601908,575
1530,145.248664,-104.611453,575
1531,156.23314,-91.6135314,575
1532,165.713006,-77.7333219,575
1533,173.596964,-63.104498,575
1534,179.809089,-47.8679433,575
1535,184.289554,-32.1703941,575
1536,186.99521,-16.1630264,575
1537,187.9,-1.6008174015e-15,600
1538,186.99521,16.1630264,600
1539,184.289554,32.1703941,600
1540,179.809089,47.8679433,600
1541,173.596964,63.104498,600
1542,165.713006,77.7333219,600
1543,156.23314,91.6135314,600
1544,145.248664,104.611453,600
1545,132.865364,116.601908,600
1546,119.202498,127.469424,600
1547,104.391647,137.109339,600
1548,88.5754468,145.428816,600
1549,71.9062169,152.347735,600
1550,54.5444909,157.799461,600
1551,36.6574715,161.731493,600
1552,18.4174207,164.105961,600
1553,1.11816088742e-14,164.9,600
1554,-18.4174207,164.105961,600
1555,-36.6574715,161.731493,600
1556,-54.5444909,157.799461,600
1557,-71.9062169,152.347735,600
1558,-88.5754468,145.428816,600
1559,-104.391647,137.109339,600
1560,-119.202498,127.469424,600
1561,-132.865364,116.601908,600
1562,-145.248664,104.611453,600
1563,-156.23314,91.6135314,600
1564,-165.713006,77.7333219,600
1565,-173.596964,63.104498,600
1566,-179.809089,47.8679433,600
1567,-184.289554,32.1703941,600
1568,-186.99521,16.1630264,600
1569,-187.9,4.20244970714e-14,600
1570,-186.99521,-16.1630264,600
1571,-184.289554,-32.1703941,600
1572,-179.809089,-47.8679433,600
1573,-173.596964,-63.104498,600
1574,-165.713006,-77.7333219,600
1575,-156.23314,-91.6135314,600
1576,-145.248664,-104.611453,600
1577,-132.865364,-116.601908,600
1578,-119.202498,-127.469424,600
1579,-104.391647,-137.109339,600
1580,-88.5754468,-145.428816,600
1581,-71.9062169,-152.347735,600
1582,-54.5444909,-157.799461,600
1583,-36.6574715,-161.731493,600
1584,-18.4174207,-164.105961,600
1585,-3.48370578565e-14,-164.9,600
1586,18.4174207,-164.105961,600
1587,36.6574715,-161.731493,600
1588,54.5444909,-157.799461,600
1589,71.9062169,-152.347735,600
1590,88.5754468,-145.428816,600
1591,104.391647,-137.109339,600
1592,119.202498,-127.469424,600
1593,132.865364,-116.601908,600
1594,145.248664,-104.611453,600
1595,156.23314,-91.6135314,600
1596,165.713006,-77.7333219,600
1597,173.596964,-63.104498,600
1598,179.809089,-47.8679433,600
1599,184.289554,-32.1703941,600
1600,186.99521,-16.1630264,600
1601,187.9,-1.55249836217e-15,625
1602,186.99521,16.1630264,625
1603,184.289554,32.1703941,625
1604,179.809089,47.8679433,625
1605,173.596964,63.104498,625
1606,165.713006,77.7333219,625
1607,156.23314,91.6135314,625
1608,145.248664,104.611453,625
1609,132.865364,116.601908,625
1610,119.202498,127.469424,625
1611,104.391647,137.109339,625
1612,88.5754468,145.428816,625
1613,71.9062169,152.347735,625
1614,54.5444909,157.799461,625
1615,36.6574715,161.731493,625
1616,18.4174207,164.105961,625
1617,1.03851830261e-14,164.9,625
1618,-18.4174207,164.105961,625
1619,-36.6574715,161.731493,625
1620,-54.5444909,157.799461,625
1621,-71.9062169,152.347735,625
1622,-88.5754468,145.428816,625
1623,-104.391647,137.109339,625
1624,-119.202498,127.469424,625
1625,-132.865364,116.601908,625
1626,-145.248664,104.611453,625
1627,-156.23314,91.6135314,625
1628,-165.713006,77.7333219,625
1629,-173.596964,63.104498,625
1630,-179.809089,47.8679433,625
1631,-184.289554,32.1703941,625
1632,-186.99521,16.1630264,625
1633,-187.9,4.38135302736e-14,625
1634,-186.99521,-16.1630264,625
1635,-184.289554,-32.1703941,625
1636,-179.809089,-47.8679433,625
1637,-173.596964,-63.104498,625
1638,-165.713006,-77.7333219,625
1639,-156.23314,-91.6135314,625
1640,-145.248664,-104.611453,625
1641,-132.865364,-116.601908,625
1642,-119.202498,-127.469424,625
1643,-104.391647,-137.109339,625
1644,-88.5754468,-145.428816,625
1645,-71.9062169,-152.347735,625
1646,-54.5444909,-157.799461,625
1647,-36.6574715,-161.731493,625
1648,-18.4174207,-164.105961,625
1649,-3.5594453406e-14,-164.9,625
1650,18.4174207,-164.105961,625
1651,36.6574715,-161.731493,625
1652,54.5444909,-157.799461,625
1653,71.9062169,-152.347735,625
1654,88.5754468,-145.428816,625
1655,104.391647,-137.109339,625
1656,119.202498,-127.469424,625
1657,132.865364,-116.601908,625
1658,145.248664,-104.611453,625
1659,156.23314,-91.6135314,625
1660,165.713006,-77.7333219,625
1661,173.596964,-63.104498,625
1662,179.809089,-47.8679433,625
1663,184.289554,-32.1703941,625
1664,186.99521,-16.1630264,625
1665,187.9,0,650
1666,186.99521,16.1630264,650
1667,184.289554,32.1703941,650
1668,179.809089,47.8679433,650
1669,173.596964,63.104498,650
1670,165.713006,77.7333219,650
1671,156.23314,91.6135314,650
1672,145.248664,104.611453,650
1673,132.865364,116.601908,650
1674,119.202498,127.469424,650
1675,104.391647,137.109339,650
1676,88.5754468,145.428816,650
1677,71.9062169,152.347735,650
1678,54.5444909,157.799461,650
1679,36.6574715,161.731493,650
1680,18.4174207,164.105961,650
1681,1.15055567e-14,164.9,650
1682,-18.4174207,164.105961,650
1683,-36.6574715,161.731493,650
1684,-54.5444909,157.799461,650
1685,-71.9062169,152.347735,650
1686,-88.5754468,145.428816,650
1687,-104.391647,137.109339,650
1688,-119.202498,127.469424,650
1689,-132.865364,116.601908,650
1690,-145.248664,104.611453,650
1691,-156.23314,91.6135314,650
1692,-165.713006,77.7333219,650
1693,-173.596964,63.104498,650
1694,-179.809089,47.8679433,650
1695,-184.289554,32.1703941,650
1696,-186.99521,16.1630264,650
1697,-187.9,4.37627145319e-14,650
1698,-186.99521,-16.1630264,650
1699,-184.289554,-32.1703941,650
1700,-179.809089,-47.8679433,650
1701,-173.596964,-63.104498,650
1702,-165.713006,-77.7333219,650
1703,-156.23314,-91.6135314,650
1704,-145.248664,-104.611453,650
1705,-132.865364,-116.601908,650
1706,-119.202498,-127.469424,650
1707,-104.391647,-137.109339,650
1708,-88.5754468,-145.428816,650
1709,-71.9062169,-152.347735,650
1710,-54.5444909,-157.799461,650
1711,-36.6574715,-161.731493,650
1712,-18.4174207,-164.105961,650
1713,-3.451667e-14,-164.9,650
1714,18.4174207,-164.105961,650
1715,36.6574715,-161.731493,650
1716,54.5444909,-157.799461,650
1717,71.9062169,-152.347735,650
1718,88.5754468,-145.428816,650
1719,104.391647,-137.109339,650
1720,119.202498,-127.469424,650
1721,132.865364,-116.601908,650
1722,145.248664,-104.611453,650
1723,156.23314,-91.6135314,650
1724,165.713006,-77.7333219,650
1725,173.596964,-63.104498,650
1726,179.809089,-47.8679433,650
1727,184.289554,-32.1703941,650
1728,186.99521,-16.1630264,650

Data Record #2
===========================================================================
Step = 2
Time = 0.05
Data = shirt_contact_data
1,-0.439459502392,0
2,-0.439379537626,0
3,-0.439234955863,0
4,-0.439051638385,0
5,-0.438861133021,0
6,-0.438695137146,0
7,-0.438579766132,0
8,-0.438531211518,0
9,-0.43855485598,0
10,-0.438644608741,0
11,-0.43878434882,0
12,-0.438953638384,0
13,-0.439128163409,0
14,-0.439283772511,0
15,-0.439399967721,0
16,-0.439461870625,0
17,-0.439461870625,0
18,-0.439399967721,0
19,-0.439283772511,0
20,-0.439128163409,0
21,-0.438953638384,0
22,-0.43878434882,0
23,-0.438644608741,0
24,-0.438554855981,0
25,-0.438531211518,0
26,-0.438579766132,0
27,-0.438695137146,0
28,-0.438861133021,0
29,-0.439051638385,0
30,-0.439234955863,0
31,-0.439379537626,0
32,-0.439459502392,0
33,-0.439459502392,0
34,-0.439379537626,0
35,-0.439234955863,0
36,-0.439051638385,0
37,-0.438861133021,0
38,-0.438695137146,0
39,-0.438579766132,0
40,-0.438531211518,0
41,-0.438554855981,0
42,-0.438644608741,0
43,-0.43878434882,0
44,-0.438953638384,0
45,-0.439128163409,0
46,-0.439283772511,0
47,-0.439399967721,0
48,-0.439461870625,0
49,-0.439461870625,0
50,-0.439399967721,0
51,-0.439283772511,0
52,-0.439128163409,0
53,-0.438953638384,0
54,-0.43878434882,0
55,-0.438644608741,0
56,-0.438554855981,0
57,-0.438531211518,0
58,-0.438579766132,0
59,-0.438695137146,0
60,-0.438861133021,0
61,-0.439051638385,0
62,-0.439234955863,0
63,-0.439379537626,0
64,-0.439459502392,0
65,-0.439459502392,0
66,-0.439379537626,0
67,-0.439234955863,0
68,-0.439051638385,0
69,-0.438861133021,0
70,-0.438695137146,0
71,-0.438579766132,0
72,-0.438531211518,0
73,-0.438554855981,0
74,-0.438644608741,0
75,-0.43878434882,0
76,-0.438953638384,0
77,-0.439128163409,0
78,-0.439283772511,0
79,-0.439399967721,0
80,-0.439461870625,0
81,-0.439461870625,0
82,-0.439399967721,0
83,-0.439283772511,0
84,-0.439128163409,0
85,-0.438953638384,0
86,-0.43878434882,0
87,-0.438644608741,0
88,-0.438554855981,0
89,-0.438531211518,0
90,-0.438579766132,0
91,-0.438695137146,0
92,-0.438861133021,0
93,-0.439051638385,0
94,-0.439234955864,0
95,-0.439379537626,0
96,-0.439459502392,0
97,-0.439459502392,0
98,-0.439379537626,0
99,-0.439234955863,0
100,-0.439051638385,0
101,-0.438861133021,0
102,-0.438695137146,0
103,-0.438579766132,0
104,-0.438531211518,0
105,-0.438554855981,0
106,-0.438644608741,0
107,-0.43878434882,0
108,-0.438953638384,0
109,-0.439128163409,0
110,-0.439283772511,0
111,-0.439399967721,0
112,-0.439461870625,0
113,-0.439461870624,0
114,-0.439399967721,0
115,-0.439283772511,0
116,-0.439128163409,0
117,-0.438953638384,0
118,-0.43878434882,0
119,-0.438644608741,0
120,-0.438554855981,0
121,-0.438531211518,0
122,-0.438579766132,0
123,-0.438695137146,0
124,-0.438861133021,0
125,-0.439051638385,0
126,-0.439234955863,0
127,-0.439379537626,0
128,-0.439459502392,0
129,-0.439459502392,0
130,-0.439379537626,0
131,-0.439234955863,0
132,-0.439051638385,0
133,-0.438861133021,0
134,-0.438695137146,0
135,-0.438579766132,0
136,-0.438531211518,0
137,-0.438554855981,0
138,-0.438644608741,0
139,-0.43878434882,0
140,-0.438953638384,0
141,-0.439128163409,0
142,-0.439283772511,0
143,-0.439399967721,0
144,-0.439461870625,0
145,-0.439461870625,0
146,-0.439399967721,0
147,-0.439283772511,0
148,-0.439128163409,0
149,-0.438953638384,0
150,-0.43878434882,0
151,-0.438644608741,0
152,-0.438554855981,0
153,-0.438531211518,0
154,-0.438579766132,0
155,-0.438695137146,0
156,-0.438861133021,0
157,-0.439051638385,0
158,-0.439234955863,0
159,-0.439379537626,0
160,-0.439459502392,0
161,-0.439459502392,0
162,-0.439379537626,0
163,-0.439234955863,0
164,-0.439051638385,0
165,-0.438861133021,0
166,-0.438695137146,0
167,-0.438579766132,0
168,-0.438531211518,0
169,-0.438554855981,0
170,-0.438644608741,0
171,-0.43878434882,0
172,-0.438953638384,0
173,-0.439128163409,0
174,-0.439283772511,0
175,-0.439399967721,0
176,-0.439461870625,0
177,-0.439461870625,0
178,-0.439399967721,0
179,-0.439283772511,0
180,-0.439128163409,0
181,-0.438953638384,0
182,-0.43878434882,0
183,-0.438644608741,0
184,-0.438554855981,0
185,-0.438531211518,0
186,-0.438579766132,0
187,-0.438695137146,0
188,-0.438861133021,0
189,-0.439051638385,0
190,-0.439234955863,0
191,-0.439379537626,0
192,-0.439459502392,0
193,-0.439459502392,0
194,-0.439379537626,0
195,-0.439234955863,0
196,-0.439051638385,0
197,-0.438861133021,0
198,-0.438695137146,0
199,-0.438579766132,0
200,-0.438531211518,0
201,-0.438554855981,0
202,-0.438644608741,0
203,-0.43878434882,0
204,-0.438953638384,0
205,-0.439128163409,0
206,-0.439283772511,0
207,-0.439399967721,0
208,-0.439461870625,0
209,-0.439461870625,0
210,-0.439399967721,0
211,-0.439283772511,0
212,-0.439128163409,0
213,-0.438953638384,0
214,-0.43878434882,0
215,-0.438644608741,0
216,-0.438554855981,0
217,-0.438531211518,0
218,-0.438579766132,0
219,-0.438695137146,0
220,-0.438861133021,0
221,-0.439051638385,0
222,-0.439234955863,0
223,-0.439379537626,0
224,-0.439459502392,0
225,-0.439459502392,0
226,-0.439379537626,0
227,-0.439234955863,0
228,-0.439051638385,0
229,-0.438861133021,0
230,-0.438695137146,0
231,-0.438579766132,0
232,-0.438531211518,0
233,-0.438554855981,0
234,-0.438644608741,0
235,-0.43878434882,0
236,-0.438953638384,0
237,-0.439128163409,0
238,-0.439283772511,0
239,-0.439399967721,0
240,-0.439461870625,0
241,-0.439461870625,0
242,-0.439399967721,0
243,-0.439283772511,0
244,-0.439128163409,0
245,-0.438953638384,0
246,-0.43878434882,0
247,-0.438644608741,0
248,-0.438554855981,0
249,-0.438531211518,0
250,-0.438579766132,0
251,-0.438695137146,0
252,-0.438861133021,0
253,-0.439051638385,0
254,-0.439234955863,0
255,-0.439379537626,0
256,-0.439459502392,0
257,-0.439459502392,0
258,-0.439379537626,0
259,-0.439234955863,0
260,-0.439051638385,0
261,-0.438861133021,0
262,-0.438695137146,0
263,-0.438579766132,0
264,-0.438531211518,0
265,-0.438554855981,0
266,-0.438644608741,0
267,-0.43878434882,0
268,-0.438953638384,0
269,-0.439128163409,0
270,-0.439283772511,0
271,-0.439399967721,0
272,-0.439461870625,0
273,-0.439461870625,0
274,-0.439399967721,0
275,-0.439283772511,0
276,-0.439128163409,0
277,-0.438953638384,0
278,-0.43878434882,0
279,-0.438644608741,0
280,-0.438554855981,0
281,-0.438531211518,0
282,-0.438579766132,0
283,-0.438695137146,0
284,-0.438861133021,0
285,-0.439051638385,0
286,-0.439234955863,0
287,-0.439379537626,0
288,-0.439459502392,0
289,-0.439459502392,0
290,-0.439379537626,0
291,-0.439234955864,0
292,-0.439051638385,0
293,-0.438861133021,0
294,-0.438695137146,0
295,-0.438579766132,0
296,-0.438531211518,0
297,-0.438554855981,0
298,-0.438644608741,0
299,-0.43878434882,0
300,-0.438953638384,0
301,-0.439128163409,0
302,-0.439283772511,0
303,-0.439399967721,0
304,-0.439461870625,0
305,-0.439461870625,0
306,-0.439399967721,0
307,-0.439283772511,0
308,-0.439128163409,0
309,-0.438953638384,0
310,-0.43878434882,0
311,-0.438644608741,0
312,-0.438554855981,0
313,-0.438531211518,0
314,-0.438579766132,0
315,-0.438695137146,0
316,-0.438861133021,0
317,-0.439051638385,0
318,-0.439234955863,0
319,-0.439379537626,0
320,-0.439459502392,0
321,-0.439459502392,0
322,-0.439379537626,0
323,-0.439234955863,0
324,-0.439051638385,0
325,-0.438861133021,0
326,-0.438695137146,0
327,-0.438579766132,0
328,-0.438531211518,0
329,-0.438554855981,0
330,-0.438644608741,0
331,-0.43878434882,0
332,-0.438953638384,0
333,-0.439128163409,0
334,-0.439283772511,0
335,-0.439399967721,0
336,-0.439461870625,0
337,-0.439461870625,0
338,-0.439399967721,0
339,-0.439283772511,0
340,-0.439128163409,0
341,-0.438953638384,0
342,-0.43878434882,0
343,-0.438644608741,0
344,-0.438554855981,0
345,-0.438531211518,0
346,-0.438579766132,0
347,-0.438695137146,0
348,-0.438861133021,0
349,-0.439051638385,0
350,-0.439234955863,0
351,-0.439379537626,0
352,-0.439459502392,0
353,-0.439459502392,0
354,-0.439379537626,0
355,-0.439234955863,0
356,-0.439051638385,0
357,-0.438861133021,0
358,-0.438695137146,0
359,-0.438579766132,0
360,-0.438531211518,0
361,-0.438554855981,0
362,-0.438644608741,0
363,-0.43878434882,0
364,-0.438953638384,0
365,-0.439128163409,0
366,-0.439283772511,0
367,-0.439399967721,0
368,-0.439461870625,0
369,-0.439461870625,0
370,-0.439399967721,0
371,-0.439283772511,0
372,-0.439128163409,0
373,-0.438953638384,0
374,-0.43878434882,0
375,-0.438644608741,0
376,-0.438554855981,0
377,-0.438531211518,0
378,-0.438579766132,0
379,-0.438695137146,0
380,-0.438861133021,0
381,-0.439051638385,0
382,-0.439234955863,0
383,-0.439379537626,0
384,-0.439459502392,0
385,-0.439459502392,0
386,-0.439379537626,0
387,-0.439234955863,0
388,-0.439051638385,0
389,-0.438861133021,0
390,-0.438695137146,0
391,-0.438579766132,0
392,-0.438531211518,0
393,-0.438554855981,0
394,-0.438644608741,0
395,-0.43878434882,0
396,-0.438953638384,0
397,-0.439128163409,0
398,-0.439283772511,0
399,-0.439399967721,0
400,-0.439461870625,0
401,-0.439461870625,0
402,-0.439399967721,0
403,-0.439283772511,0
404,-0.439128163409,0
405,-0.438953638384,0
406,-0.43878434882,0
407,-0.438644608741,0
408,-0.438554855981,0
409,-0.438531211518,0
410,-0.438579766132,0
411,-0.438695137146,0
412,-0.438861133021,0
413,-0.439051638385,0
414,-0.439234955863,0
415,-0.439379537626,0
416,-0.439459502392,0
417,-0.439459502392,0
418,-0.439379537626,0
419,-0.439234955863,0
420,-0.439051638385,0
421,-0.438861133021,0
422,-0.438695137146,0
423,-0.438579766132,0
424,-0.438531211518,0
425,-0.438554855981,0
426,-0.438644608741,0
427,-0.43878434882,0
428,-0.438953638384,0
429,-0.439128163409,0
430,-0.439283772511,0
431,-0.439399967721,0
432,-0.439461870625,0
433,-0.439461870625,0
434,-0.439399967721,0
435,-0.439283772511,0
436,-0.439128163409,0
437,-0.438953638384,0
438,-0.43878434882,0
439,-0.438644608741,0
440,-0.438554855981,0
441,-0.438531211518,0
442,-0.438579766132,0
443,-0.438695137146,0
444,-0.438861133021,0
445,-0.439051638385,0
446,-0.439234955863,0
447,-0.439379537626,0
448,-0.439459502392,0
449,-0.439459502392,0
450,-0.439379537626,0
451,-0.439234955863,0
452,-0.439051638385,0
453,-0.438861133021,0
454,-0.438695137146,0
455,-0.438579766132,0
456,-0.438531211518,0
457,-0.438554855981,0
458,-0.438644608741,0
459,-0.43878434882,0
460,-0.438953638384,0
461,-0.439128163409,0
462,-0.439283772511,0
463,-0.439399967721,0
464,-0.439461870625,0
465,-0.439461870625,0
466,-0.439399967721,0
467,-0.439283772511,0
468,-0.439128163409,0
469,-0.438953638384,0
470,-0.43878434882,0
471,-0.438644608741,0
472,-0.438554855981,0
473,-0.438531211518,0
474,-0.438579766132,0
475,-0.438695137146,0
476,-0.438861133021,0
477,-0.439051638385,0
478,-0.439234955863,0
479,-0.439379537626,0
480,-0.439459502392,0
481,-0.439459502392,0
482,-0.439379537626,0
483,-0.439234955863,0
484,-0.439051638385,0
485,-0.438861133021,0
486,-0.438695137146,0
487,-0.438579766132,0
488,-0.438531211518,0
489,-0.438554855981,0
490,-0.438644608741,0
491,-0.43878434882,0
492,-0.438953638384,0
493,-0.439128163409,0
494,-0.439283772511,0
495,-0.439399967721,0
496,-0.439461870625,0
497,-0.439461870625,0
498,-0.439399967721,0
499,-0.439283772511,0
500,-0.439128163409,0
501,-0.438953638384,0
502,-0.43878434882,0
503,-0.438644608741,0
504,-0.438554855981,0
505,-0.438531211518,0
506,-0.438579766132,0
507,-0.438695137146,0
508,-0.438861133021,0
509,-0.439051638385,0
510,-0.439234955863,0
511,-0.439379537626,0
512,-0.439459502392,0
513,-0.439459502392,0
514,-0.439379537626,0
515,-0.439234955863,0
516,-0.439051638385,0
517,-0.438861133021,0
518,-0.438695137146,0
519,-0.438579766132,0
520,-0.438531211518,0
521,-0.438554855981,0
522,-0.438644608741,0
523,-0.43878434882,0
524,-0.438953638384,0
525,-0.439128163409,0
526,-0.439283772511,0
527,-0.439399967721,0
528,-0.439461870625,0
529,-0.439461870625,0
530,-0.439399967721,0
531,-0.439283772511,0
532,-0.439128163409,0
533,-0.438953638384,0
534,-0.43878434882,0
535,-0.438644608741,0
536,-0.438554855981,0
537,-0.438531211518,0
538,-0.438579766132,0
539,-0.438695137146,0
540,-0.438861133021,0
541,-0.439051638385,0
542,-0.439234955863,0
543,-0.439379537626,0
544,-0.439459502392,0
545,-0.439459502392,0
546,-0.439379537626,0
547,-0.439234955863,0
548,-0.439051638385,0
549,-0.438861133021,0
550,-0.438695137146,0
551,-0.438579766132,0
552,-0.438531211518,0
553,-0.438554855981,0
554,-0.438644608741,0
555,-0.43878434882,0
556,-0.438953638384,0
557,-0.439128163409,0
558,-0.439283772511,0
559,-0.439399967721,0
560,-0.439461870625,0
561,-0.439461870625,0
562,-0.439399967721,0
563,-0.439283772511,0
564,-0.439128163409,0
565,-0.438953638384,0
566,-0.43878434882,0
567,-0.438644608741,0
568,-0.438554855981,0
569,-0.438531211518,0
570,-0.438579766132,0
571,-0.438695137146,0
572,-0.438861133021,0
573,-0.439051638385,0
574,-0.439234955863,0
575,-0.439379537626,0
576,-0.439459502392,0
577,-0.439459502392,0
578,-0.439379537626,0
579,-0.439234955863,0
580,-0.439051638385,0
581,-0.438861133021,0
582,-0.438695137146,0
583,-0.438579766132,0
584,-0.438531211518,0
585,-0.438554855981,0
586,-0.438644608741,0
587,-0.43878434882,0
588,-0.438953638384,0
589,-0.439128163409,0
590,-0.439283772511,0
591,-0.439399967721,0
592,-0.439461870625,0
593,-0.439461870625,0
594,-0.439399967721,0
595,-0.439283772511,0
596,-0.439128163409,0
597,-0.438953638384,0
598,-0.43878434882,0
599,-0.438644608741,0
600,-0.438554855981,0
601,-0.438531211518,0
602,-0.438579766132,0
603,-0.438695137146,0
604,-0.438861133021,0
605,-0.439051638385,0
606,-0.439234955863,0
607,-0.439379537626,0
608,-0.439459502392,0
609,-0.439459502392,0
610,-0.439379537626,0
611,-0.439234955863,0
612,-0.439051638385,0
613,-0.438861133021,0
614,-0.438695137146,0
615,-0.438579766132,0
616,-0.438531211518,0
617,-0.438554855981,0
618,-0.438644608741,0
619,-0.43878434882,0
620,-0.438953638384,0
621,-0.439128163409,0
622,-0.439283772511,0
623,-0.439399967721,0
624,-0.439461870625,0
625,-0.439461870625,0
626,-0.439399967721,0
627,-0.439283772511,0
628,-0.439128163409,0
629,-0.438953638384,0
630,-0.43878434882,0
631,-0.438644608741,0
632,-0.438554855981,0
633,-0.438531211518,0
634,-0.438579766132,0
635,-0.438695137146,0
636,-0.438861133021,0
637,-0.439051638385,0
638,-0.439234955863,0
639,-0.439379537626,0
640,-0.439459502392,0
641,-0.439459502392,0
642,-0.439379537626,0
643,-0.439234955863,0
644,-0.439051638385,0
645,-0.438861133021,0
646,-0.438695137146,0
647,-0.438579766132,0
648,-0.438531211518,0
649,-0.438554855981,0
650,-0.438644608741,0
651,-0.43878434882,0
652,-0.438953638384,0
653,-0.439128163409,0
654,-0.439283772511,0
655,-0.439399967721,0
656,-0.439461870625,0
657,-0.439461870625,0
658,-0.439399967721,0
659,-0.439283772511,0
660,-0.439128163409,0
661,-0.438953638384,0
662,-0.43878434882,0
663,-0.438644608741,0
664,-0.438554855981,0
665,-0.438531211518,0
666,-0.438579766132,0
667,-0.438695137146,0
668,-0.438861133021,0
669,-0.439051638385,0
670,-0.439234955863,0
671,-0.439379537626,0
672,-0.439459502392,0
673,-0.439459502392,0
674,-0.439379537626,0
675,-0.439234955863,0
676,-0.439051638385,0
677,-0.438861133021,0
678,-0.438695137146,0
679,-0.438579766132,0
680,-0.438531211518,0
681,-0.438554855981,0
682,-0.438644608741,0
683,-0.43878434882,0
684,-0.438953638384,0
685,-0.439128163409,0
686,-0.439283772511,0
687,-0.439399967721,0
688,-0.439461870625,0
689,-0.439461870625,0
690,-0.439399967721,0
691,-0.439283772511,0
692,-0.439128163409,0
693,-0.438953638384,0
694,-0.43878434882,0
695,-0.438644608741,0
696,-0.438554855981,0
697,-0.438531211518,0
698,-0.438579766132,0
699,-0.438695137146,0
700,-0.438861133021,0
701,-0.439051638385,0
702,-0.439234955863,0
703,-0.439379537626,0
704,-0.439459502392,0
705,-0.439459502392,0
706,-0.439379537626,0
707,-0.439234955863,0
708,-0.439051638385,0
709,-0.438861133021,0
710,-0.438695137146,0
711,-0.438579766132,0
712,-0.438531211518,0
713,-0.438554855981,0
714,-0.438644608741,0
715,-0.43878434882,0
716,-0.438953638384,0
717,-0.439128163409,0
718,-0.439283772511,0
719,-0.439399967721,0
720,-0.439461870625,0
721,-0.439461870625,0
722,-0.439399967721,0
723,-0.439283772511,0
724,-0.439128163409,0
725,-0.438953638384,0
726,-0.43878434882,0
727,-0.438644608741,0
728,-0.438554855981,0
729,-0.438531211518,0
730,-0.438579766132,0
731,-0.438695137146,0
732,-0.438861133021,0
733,-0.439051638385,0
734,-0.439234955863,0
735,-0.439379537626,0
736,-0.439459502392,0
737,-0.439459502392,0
738,-0.439379537626,0
739,-0.439234955863,0
740,-0.439051638385,0
741,-0.438861133021,0
742,-0.438695137146,0
743,-0.438579766132,0
744,-0.438531211518,0
745,-0.438554855981,0
746,-0.438644608741,0
747,-0.43878434882,0
748,-0.438953638384,0
749,-0.439128163409,0
750,-0.439283772511,0
751,-0.439399967721,0
752,-0.439461870625,0
753,-0.439461870625,0
754,-0.439399967721,0
755,-0.439283772511,0
756,-0.439128163409,0
757,-0.438953638384,0
758,-0.43878434882,0
759,-0.438644608741,0
760,-0.438554855981,0
761,-0.438531211518,0
762,-0.438579766132,0
763,-0.438695137146,0
764,-0.438861133021,0
765,-0.439051638385,0
766,-0.439234955864,0
767,-0.439379537626,0
768,-0.439459502392,0
769,-0.439459502392,0
770,-0.439379537626,0
771,-0.439234955863,0
772,-0.439051638385,0
773,-0.438861133021,0
774,-0.438695137146,0
775,-0.438579766132,0
776,-0.438531211518,0
777,-0.438554855981,0
778,-0.438644608741,0
779,-0.43878434882,0
780,-0.438953638384,0
781,-0.439128163409,0
782,-0.439283772511,0
783,-0.439399967721,0
784,-0.439461870625,0
785,-0.439461870625,0
786,-0.439399967721,0
787,-0.439283772511,0
788,-0.439128163409,0
789,-0.438953638384,0
790,-0.43878434882,0
791,-0.438644608741,0
792,-0.438554855981,0
793,-0.438531211518,0
794,-0.438579766132,0
795,-0.438695137146,0
796,-0.438861133021,0
797,-0.439051638385,0
798,-0.439234955863,0
799,-0.439379537626,0
800,-0.439459502392,0
801,-0.439459502392,0
802,-0.439379537626,0
803,-0.439234955863,0
804,-0.439051638385,0
805,-0.438861133021,0
806,-0.438695137146,0
807,-0.438579766132,0
808,-0.438531211518,0
809,-0.438554855981,0
810,-0.438644608741,0
811,-0.43878434882,0
812,-0.438953638384,0
813,-0.439128163409,0
814,-0.439283772511,0
815,-0.439399967721,0
816,-0.439461870625,0
817,-0.439461870625,0
818,-0.439399967721,0
819,-0.439283772511,0
820,-0.439128163409,0
821,-0.438953638384,0
822,-0.43878434882,0
823,-0.438644608741,0
824,-0.438554855981,0
825,-0.438531211518,0
826,-0.438579766132,0
827,-0.438695137146,0
828,-0.438861133021,0
829,-0.439051638385,0
830,-0.439234955863,0
831,-0.439379537626,0
832,-0.439459502392,0
833,-0.439459502392,0
834,-0.439379537626,0
835,-0.439234955863,0
836,-0.439051638385,0
837,-0.438861133021,0
838,-0.438695137146,0
839,-0.438579766132,0
840,-0.438531211518,0
841,-0.43855485598,0
842,-0.438644608741,0
843,-0.43878434882,0
844,-0.438953638384,0
845,-0.439128163409,0
846,-0.439283772511,0
847,-0.439399967721,0
848,-0.439461870625,0
849,-0.439461870625,0
850,-0.439399967721,0
851,-0.439283772511,0
852,-0.439128163409,0
853,-0.438953638384,0
854,-0.43878434882,0
855,-0.438644608741,0
856,-0.438554855981,0
857,-0.438531211518,0
858,-0.438579766132,0
859,-0.438695137146,0
860,-0.438861133021,0
861,-0.439051638385,0
862,-0.439234955863,0
863,-0.439379537626,0
864,-0.439459502392,0
865,-0.439459502392,0
866,-0.439379537626,0
867,-0.439234955863,0
868,-0.439051638385,0
869,-0.438861133021,0
870,-0.438695137146,0
871,-0.438579766132,0
872,-0.438531211518,0
873,-0.43855485598,0
874,-0.438644608741,0
875,-0.43878434882,0
876,-0.438953638384,0
877,-0.439128163409,0
878,-0.439283772511,0
879,-0.439399967721,0
880,-0.439461870625,0
881,-0.439461870625,0
882,-0.439399967721,0
883,-0.439283772511,0
884,-0.439128163409,0
885,-0.438953638384,0
886,-0.43878434882,0
887,-0.438644608741,0
888,-0.438554855981,0
889,-0.438531211518,0
890,-0.438579766132,0
891,-0.438695137146,0
892,-0.438861133021,0
893,-0.439051638385,0
894,-0.439234955863,0
895,-0.439379537626,0
896,-0.439459502392,0
897,-0.439459502392,0
898,-0.439379537626,0
899,-0.439234955863,0
900,-0.439051638385,0
901,-0.438861133021,0
902,-0.438695137146,0
903,-0.438579766132,0
904,-0.438531211518,0
905,-0.43855485598,0
906,-0.438644608741,0
907,-0.43878434882,0
908,-0.438953638384,0
909,-0.439128163409,0
910,-0.439283772511,0
911,-0.439399967721,0
912,-0.439461870625,0
913,-0.439461870625,0
914,-0.439399967721,0
915,-0.439283772511,0
916,-0.439128163409,0
917,-0.438953638384,0
918,-0.43878434882,0
919,-0.438644608741,0
920,-0.438554855981,0
921,-0.438531211518,0
922,-0.438579766132,0
923,-0.438695137146,0
924,-0.438861133021,0
925,-0.439051638385,0
926,-0.439234955863,0
927,-0.439379537626,0
928,-0.439459502392,0
929,-0.439459502392,0
930,-0.439379537626,0
931,-0.439234955863,0
932,-0.439051638385,0
933,-0.438861133021,0
934,-0.438695137146,0
935,-0.438579766132,0
936,-0.438531211518,0
937,-0.43855485598,0
938,-0.438644608741,0
939,-0.43878434882,0
940,-0.438953638384,0
941,-0.439128163409,0
942,-0.439283772511,0
943,-0.439399967721,0
944,-0.439461870625,0
945,-0.439461870625,0
946,-0.439399967721,0
947,-0.439283772511,0
948,-0.439128163409,0
949,-0.438953638384,0
950,-0.43878434882,0
951,-0.438644608741,0
952,-0.438554855981,0
953,-0.438531211518,0
954,-0.438579766132,0
955,-0.438695137146,0
956,-0.438861133021,0
957,-0.439051638385,0
958,-0.439234955863,0
959,-0.439379537626,0
960,-0.439459502392,0
961,-0.439459502392,0
962,-0.439379537626,0
963,-0.439234955863,0
964,-0.439051638385,0
965,-0.438861133021,0
966,-0.438695137146,0
967,-0.438579766132,0
968,-0.438531211518,0
969,-0.43855485598,0
970,-0.438644608741,0
971,-0.43878434882,0
972,-0.438953638384,0
973,-0.439128163409,0
974,-0.439283772511,0
975,-0.439399967721,0
976,-0.439461870625,0
977,-0.439461870625,0
978,-0.439399967721,0
979,-0.439283772511,0
980,-0.439128163409,0
981,-0.438953638384,0
982,-0.43878434882,0
983,-0.438644608741,0
984,-0.438554855981,0
985,-0.438531211518,0
986,-0.438579766132,0
987,-0.438695137146,0
988,-0.438861133021,0
989,-0.439051638385,0
990,-0.439234955863,0
991,-0.439379537626,0
992,-0.439459502392,0
993,-0.439459502392,0
994,-0.439379537626,0
995,-0.439234955863,0
996,-0.439051638385,0
997,-0.438861133021,0
998,-0.438695137146,0
999,-0.438579766132,0
1000,-0.438531211518,0
1001,-0.438554855981,0
1002,-0.438644608741,0
1003,-0.43878434882,0
1004,-0.438953638384,0
1005,-0.439128163409,0
1006,-0.439283772511,0
1007,-0.439399967721,0
1008,-0.439461870624,0
1009,-0.439461870625,0
1010,-0.439399967721,0
1011,-0.439283772511,0
1012,-0.439128163409,0
1013,-0.438953638384,0
1014,-0.43878434882,0
1015,-0.438644608741,0
1016,-0.438554855981,0
1017,-0.438531211518,0
1018,-0.438579766132,0
1019,-0.438695137146,0
1020,-0.438861133021,0
1021,-0.439051638385,0
1022,-0.439234955863,0
1023,-0.439379537626,0
1024,-0.439459502392,0
1025,-0.439459502392,0
1026,-0.439379537626,0
1027,-0.439234955863,0
1028,-0.439051638385,0
1029,-0.438861133021,0
1030,-0.438695137146,0
1031,-0.438579766132,0
1032,-0.438531211518,0
1033,-0.438554855981,0
1034,-0.438644608741,0
1035,-0.43878434882,0
1036,-0.438953638383,0
1037,-0.439128163409,0
1038,-0.439283772511,0
1039,-0.439399967721,0
1040,-0.439461870625,0
1041,-0.439461870624,0
1042,-0.439399967721,0
1043,-0.439283772511,0
1044,-0.439128163409,0
1045,-0.438953638384,0
1046,-0.43878434882,0
1047,-0.438644608741,0
1048,-0.438554855981,0
1049,-0.438531211518,0
1050,-0.438579766132,0
1051,-0.438695137146,0
1052,-0.438861133021,0
1053,-0.439051638385,0
1054,-0.439234955863,0
1055,-0.439379537626,0
1056,-0.439459502392,0
1057,-0.439459502392,0
1058,-0.439379537626,0
1059,-0.439234955863,0
1060,-0.439051638385,0
1061,-0.438861133021,0
1062,-0.438695137146,0
1063,-0.438579766132,0
1064,-0.438531211518,0
1065,-0.438554855981,0
1066,-0.438644608741,0
1067,-0.43878434882,0
1068,-0.438953638383,0
1069,-0.439128163409,0
1070,-0.439283772511,0
1071,-0.439399967721,0
1072,-0.439461870625,0
1073,-0.439461870625,0
1074,-0.439399967721,0
1075,-0.439283772511,0
1076,-0.439128163409,0
1077,-0.438953638384,0
1078,-0.43878434882,0
1079,-0.438644608741,0
1080,-0.438554855981,0
1081,-0.438531211518,0
1082,-0.438579766132,0
1083,-0.438695137146,0
1084,-0.438861133021,0
1085,-0.439051638385,0
1086,-0.439234955863,0
1087,-0.439379537626,0
1088,-0.439459502392,0
1089,-0.439459502392,0
1090,-0.439379537626,0
1091,-0.439234955864,0
1092,-0.439051638385,0
1093,-0.438861133021,0
1094,-0.438695137146,0
1095,-0.438579766132,0
1096,-0.438531211518,0
1097,-0.438554855981,0
1098,-0.438644608741,0
1099,-0.43878434882,0
1100,-0.438953638384,0
1101,-0.439128163409,0
1102,-0.439283772511,0
1103,-0.439399967721,0
1104,-0.439461870625,0
1105,-0.439461870624,0
1106,-0.439399967721,0
1107,-0.439283772511,0
1108,-0.439128163409,0
1109,-0.438953638384,0
1110,-0.43878434882,0
1111,-0.438644608741,0
1112,-0.438554855981,0
1113,-0.438531211518,0
1114,-0.438579766132,0
1115,-0.438695137146,0
1116,-0.438861133021,0
1117,-0.439051638385,0
1118,-0.439234955863,0
1119,-0.439379537626,0
1120,-0.439459502392,0
1121,-0.439459502392,0
1122,-0.439379537626,0
1123,-0.439234955863,0
1124,-0.439051638385,0
1125,-0.438861133021,0
1126,-0.438695137146,0
1127,-0.438579766132,0
1128,-0.438531211518,0
1129,-0.438554855981,0
1130,-0.438644608741,0
1131,-0.43878434882,0
1132,-0.438953638384,0
1133,-0.439128163409,0
1134,-0.439283772511,0
1135,-0.439399967721,0
1136,-0.439461870625,0
1137,-0.439461870624,0
1138,-0.439399967721,0
1139,-0.439283772511,0
1140,-0.439128163409,0
1141,-0.438953638384,0
1142,-0.43878434882,0
1143,-0.438644608741,0
1144,-0.438554855981,0
1145,-0.438531211518,0
1146,-0.438579766132,0
1147,-0.438695137146,0
1148,-0.438861133021,0
1149,-0.439051638385,0
1150,-0.439234955863,0
1151,-0.439379537626,0
1152,-0.439459502392,0
1153,-0.439459502392,0
1154,-0.439379537626,0
1155,-0.439234955863,0
1156,-0.439051638385,0
1157,-0.438861133021,0
1158,-0.438695137146,0
1159,-0.438579766132,0
1160,-0.438531211518,0
1161,-0.438554855981,0
1162,-0.438644608741,0
1163,-0.43878434882,0
1164,-0.438953638383,0
1165,-0.439128163409,0
1166,-0.439283772511,0
1167,-0.439399967721,0
1168,-0.439461870624,0
1169,-0.439461870624,0
1170,-0.439399967721,0
1171,-0.439283772511,0
1172,-0.439128163409,0
1173,-0.438953638384,0
1174,-0.43878434882,0
1175,-0.438644608741,0
1176,-0.438554855981,0
1177,-0.438531211518,0
1178,-0.438579766132,0
1179,-0.438695137146,0
1180,-0.438861133021,0
1181,-0.439051638385,0
1182,-0.439234955863,0
1183,-0.439379537626,0
1184,-0.439459502392,0
1185,-0.439459502392,0
1186,-0.439379537626,0
1187,-0.439234955863,0
1188,-0.439051638385,0
1189,-0.438861133021,0
1190,-0.438695137146,0
1191,-0.438579766132,0
1192,-0.438531211518,0
1193,-0.438554855981,0
1194,-0.438644608741,0
1195,-0.43878434882,0
1196,-0.438953638383,0
1197,-0.439128163409,0
1198,-0.439283772511,0
1199,-0.439399967721,0
1200,-0.439461870624,0
1201,-0.439461870624,0
1202,-0.439399967721,0
1203,-0.439283772511,0
1204,-0.439128163409,0
1205,-0.438953638384,0
1206,-0.43878434882,0
1207,-0.438644608741,0
1208,-0.438554855981,0
1209,-0.438531211518,0
1210,-0.438579766132,0
1211,-0.438695137146,0
1212,-0.438861133021,0
1213,-0.439051638385,0
1214,-0.439234955863,0
1215,-0.439379537626,0
1216,-0.439459502392,0
1217,-0.439459502392,0
1218,-0.439379537626,0
1219,-0.439234955863,0
1220,-0.439051638385,0
1221,-0.438861133021,0
1222,-0.438695137146,0
1223,-0.438579766132,0
1224,-0.438531211518,0
1225,-0.438554855981,0
1226,-0.438644608741,0
1227,-0.43878434882,0
1228,-0.438953638384,0
1229,-0.439128163409,0
1230,-0.439283772511,0
1231,-0.439399967721,0
1232,-0.439461870625,0
1233,-0.439461870625,0
1234,-0.439399967721,0
1235,-0.439283772511,0
1236,-0.439128163409,0
1237,-0.438953638384,0
1238,-0.43878434882,0
1239,-0.438644608741,0
1240,-0.438554855981,0
1241,-0.438531211518,0
1242,-0.438579766132,0
1243,-0.438695137146,0
1244,-0.438861133021,0
1245,-0.439051638385,0
1246,-0.439234955863,0
1247,-0.439379537626,0
1248,-0.439459502392,0
1249,-0.439459502392,0
1250,-0.439379537626,0
1251,-0.439234955863,0
1252,-0.439051638385,0
1253,-0.438861133021,0
1254,-0.438695137146,0
1255,-0.438579766132,0
1256,-0.438531211518,0
1257,-0.438554855981,0
1258,-0.438644608741,0
1259,-0.43878434882,0
1260,-0.438953638384,0
1261,-0.439128163409,0
1262,-0.439283772511,0
1263,-0.439399967721,0
1264,-0.439461870625,0
1265,-0.439461870625,0
1266,-0.439399967721,0
1267,-0.439283772511,0
1268,-0.439128163409,0
1269,-0.438953638383,0
1270,-0.43878434882,0
1271,-0.438644608741,0
1272,-0.438554855981,0
1273,-0.438531211518,0
1274,-0.438579766132,0
1275,-0.438695137146,0
1276,-0.438861133021,0
1277,-0.439051638385,0
1278,-0.439234955863,0
1279,-0.439379537626,0
1280,-0.439459502392,0
1281,-0.439459502392,0
1282,-0.439379537626,0
1283,-0.439234955863,0
1284,-0.439051638385,0
1285,-0.438861133021,0
1286,-0.438695137146,0
1287,-0.438579766132,0
1288,-0.438531211518,0
1289,-0.438554855981,0
1290,-0.438644608741,0
1291,-0.43878434882,0
1292,-0.438953638384,0
1293,-0.439128163409,0
1294,-0.439283772511,0
1295,-0.439399967721,0
1296,-0.439461870625,0
1297,-0.439461870624,0
1298,-0.439399967721,0
1299,-0.439283772511,0
1300,-0.439128163409,0
1301,-0.438953638383,0
1302,-0.43878434882,0
1303,-0.438644608741,0
1304,-0.438554855981,0
1305,-0.438531211518,0
1306,-0.438579766132,0
1307,-0.438695137146,0
1308,-0.438861133021,0
1309,-0.439051638385,0
1310,-0.439234955864,0
1311,-0.439379537626,0
1312,-0.439459502392,0
1313,-0.439459502392,0
1314,-0.439379537626,0
1315,-0.439234955863,0
1316,-0.439051638385,0
1317,-0.438861133021,0
1318,-0.438695137146,0
1319,-0.438579766132,0
1320,-0.438531211518,0
1321,-0.438554855981,0
1322,-0.438644608741,0
1323,-0.43878434882,0
1324,-0.438953638383,0
1325,-0.439128163409,0
1326,-0.439283772511,0
1327,-0.439399967721,0
1328,-0.439461870624,0
1329,-0.439461870624,0
1330,-0.439399967721,0
1331,-0.439283772511,0
1332,-0.439128163409,0
1333,-0.438953638384,0
1334,-0.43878434882,0
1335,-0.438644608741,0
1336,-0.438554855981,0
1337,-0.438531211518,0
1338,-0.438579766132,0
1339,-0.438695137146,0
1340,-0.438861133021,0
1341,-0.439051638385,0
1342,-0.439234955863,0
1343,-0.439379537626,0
1344,-0.439459502392,0
1345,-0.439459502392,0
1346,-0.439379537626,0
1347,-0.439234955863,0
1348,-0.439051638385,0
1349,-0.438861133021,0
1350,-0.438695137146,0
1351,-0.438579766132,0
1352,-0.438531211518,0
1353,-0.438554855981,0
1354,-0.438644608741,0
1355,-0.43878434882,0
1356,-0.438953638384,0
1357,-0.439128163409,0
1358,-0.439283772511,0
1359,-0.439399967721,0
1360,-0.439461870624,0
1361,-0.439461870624,0
1362,-0.439399967721,0
1363,-0.439283772511,0
1364,-0.439128163409,0
1365,-0.438953638384,0
1366,-0.43878434882,0
1367,-0.438644608741,0
1368,-0.438554855981,0
1369,-0.438531211518,0
1370,-0.438579766132,0
1371,-0.438695137146,0
1372,-0.438861133021,0
1373,-0.439051638385,0
1374,-0.439234955864,0
1375,-0.439379537626,0
1376,-0.439459502392,0
1377,-0.439459502392,0
1378,-0.439379537626,0
1379,-0.439234955863,0
1380,-0.439051638385,0
1381,-0.438861133021,0
1382,-0.438695137146,0
1383,-0.438579766132,0
1384,-0.438531211518,0
1385,-0.438554855981,0
1386,-0.438644608741,0
1387,-0.43878434882,0
1388,-0.438953638383,0
1389,-0.439128163409,0
1390,-0.439283772511,0
1391,-0.439399967721,0
1392,-0.439461870624,0
1393,-0.439461870624,0
1394,-0.439399967721,0
1395,-0.439283772511,0
1396,-0.439128163409,0
1397,-0.438953638384,0
1398,-0.43878434882,0
1399,-0.438644608741,0
1400,-0.438554855981,0
1401,-0.438531211518,0
1402,-0.438579766132,0
1403,-0.438695137146,0
1404,-0.438861133021,0
1405,-0.439051638385,0
1406,-0.439234955863,0
1407,-0.439379537626,0
1408,-0.439459502392,0
1409,-0.439459502392,0
1410,-0.439379537626,0
1411,-0.439234955863,0
1412,-0.439051638385,0
1413,-0.438861133021,0
1414,-0.438695137146,0
1415,-0.438579766132,0
1416,-0.438531211518,0
1417,-0.438554855981,0
1418,-0.438644608741,0
1419,-0.43878434882,0
1420,-0.438953638384,0
1421,-0.439128163409,0
1422,-0.439283772511,0
1423,-0.439399967721,0
1424,-0.439461870624,0
1425,-0.439461870624,0
1426,-0.439399967721,0
1427,-0.439283772511,0
1428,-0.439128163409,0
1429,-0.438953638384,0
1430,-0.43878434882,0
1431,-0.438644608741,0
1432,-0.438554855981,0
1433,-0.438531211518,0
1434,-0.438579766132,0
1435,-0.438695137146,0
1436,-0.438861133021,0
1437,-0.439051638385,0
1438,-0.439234955863,0
1439,-0.439379537626,0
1440,-0.439459502392,0
1441,-0.439459502392,0
1442,-0.439379537626,0
1443,-0.439234955863,0
1444,-0.439051638385,0
1445,-0.438861133021,0
1446,-0.438695137146,0
1447,-0.438579766132,0
1448,-0.438531211518,0
1449,-0.438554855981,0
1450,-0.438644608741,0
1451,-0.43878434882,0
1452,-0.438953638384,0
1453,-0.439128163409,0
1454,-0.439283772511,0
1455,-0.439399967721,0
1456,-0.439461870624,0
1457,-0.439461870624,0
1458,-0.439399967721,0
1459,-0.439283772511,0
1460,-0.439128163409,0
1461,-0.438953638384,0
1462,-0.43878434882,0
1463,-0.438644608741,0
1464,-0.438554855981,0
1465,-0.438531211518,0
1466,-0.438579766132,0
1467,-0.438695137146,0
1468,-0.438861133021,0
1469,-0.439051638385,0
1470,-0.439234955863,0
1471,-0.439379537626,0
1472,-0.439459502392,0
1473,-0.439459502392,0
1474,-0.439379537626,0
1475,-0.439234955863,0
1476,-0.439051638385,0
1477,-0.438861133021,0
1478,-0.438695137146,0
1479,-0.438579766132,0
1480,-0.438531211518,0
1481,-0.438554855981,0
1482,-0.438644608741,0
1483,-0.43878434882,0
1484,-0.438953638384,0
1485,-0.439128163409,0
1486,-0.439283772511,0
1487,-0.439399967721,0
1488,-0.439461870625,0
1489,-0.439461870624,0
1490,-0.439399967721,0
1491,-0.439283772511,0
1492,-0.439128163409,0
1493,-0.438953638384,0
1494,-0.43878434882,0
1495,-0.438644608741,0
1496,-0.438554855981,0
1497,-0.438531211518,0
1498,-0.438579766132,0
1499,-0.438695137146,0
1500,-0.438861133021,0
1501,-0.439051638385,0
1502,-0.439234955863,0
1503,-0.439379537626,0
1504,-0.439459502392,0
1505,-0.439459502392,0
1506,-0.439379537626,0
1507,-0.439234955863,0
1508,-0.439051638385,0
1509,-0.438861133021,0
1510,-0.438695137146,0
1511,-0.438579766132,0
1512,-0.438531211518,0
1513,-0.438554855981,0
1514,-0.438644608741,0
1515,-0.43878434882,0
1516,-0.438953638383,0
1517,-0.439128163409,0
1518,-0.439283772511,0
1519,-0.439399967721,0
1520,-0.439461870624,0
1521,-0.439461870624,0
1522,-0.439399967721,0
1523,-0.439283772511,0
1524,-0.439128163409,0
1525,-0.438953638384,0
1526,-0.43878434882,0
1527,-0.438644608741,0
1528,-0.438554855981,0
1529,-0.438531211518,0
1530,-0.438579766132,0
1531,-0.438695137146,0
1532,-0.438861133021,0
1533,-0.439051638385,0
1534,-0.439234955863,0
1535,-0.439379537626,0
1536,-0.439459502392,0
1537,-0.439459502392,0
1538,-0.439379537626,0
1539,-0.439234955863,0
1540,-0.439051638385,0
1541,-0.438861133021,0
1542,-0.438695137146,0
1543,-0.438579766132,0
1544,-0.438531211518,0
1545,-0.438554855981,0
1546,-0.438644608741,0
1547,-0.43878434882,0
1548,-0.438953638384,0
1549,-0.439128163409,0
1550,-0.439283772511,0
1551,-0.439399967721,0
1552,-0.439461870624,0
1553,-0.439461870624,0
1554,-0.439399967721,0
1555,-0.439283772511,0
1556,-0.439128163409,0
1557,-0.438953638384,0
1558,-0.43878434882,0
1559,-0.438644608741,0
1560,-0.438554855981,0
1561,-0.438531211518,0
1562,-0.438579766132,0
1563,-0.438695137146,0
1564,-0.438861133021,0
1565,-0.439051638385,0
1566,-0.439234955863,0
1567,-0.439379537626,0
1568,-0.439459502392,0
1569,-0.439459502392,0
1570,-0.439379537626,0
1571,-0.439234955863,0
1572,-0.439051638385,0
1573,-0.438861133021,0
1574,-0.438695137146,0
1575,-0.438579766132,0
1576,-0.438531211518,0
1577,-0.438554855981,0
1578,-0.438644608741,0
1579,-0.43878434882,0
1580,-0.438953638384,0
1581,-0.439128163409,0
1582,-0.439283772511,0
1583,-0.439399967721,0
1584,-0.439461870624,0
1585,-0.439461870624,0
1586,-0.439399967721,0
1587,-0.439283772511,0
1588,-0.439128163409,0
1589,-0.438953638384,0
1590,-0.43878434882,0
1591,-0.438644608741,0
1592,-0.438554855981,0
1593,-0.438531211518,0
1594,-0.438579766132,0
1595,-0.438695137146,0
1596,-0.438861133021,0
1597,-0.439051638385,0
1598,-0.439234955863,0
1599,-0.439379537626,0
1600,-0.439459502392,0
1601,-0.439459502392,0
1602,-0.439379537626,0
1603,-0.439234955863,0
1604,-0.439051638385,0
1605,-0.438861133021,0
1606,-0.438695137146,0
1607,-0.438579766132,0
1608,-0.438531211518,0
1609,-0.438554855981,0
1610,-0.438644608741,0
1611,-0.43878434882,0
1612,-0.438953638383,0
1613,-0.439128163409,0
1614,-0.439283772511,0
1615,-0.439399967721,0
1616,-0.439461870625,0
1617,-0.439461870625,0
1618,-0.439399967721,0
1619,-0.439283772511,0
1620,-0.439128163409,0
1621,-0.438953638384,0
1622,-0.43878434882,0
1623,-0.438644608741,0
1624,-0.438554855981,0
1625,-0.438531211518,0
1626,-0.438579766132,0
1627,-0.438695137146,0
1628,-0.438861133021,0
1629,-0.439051638385,0
1630,-0.439234955863,0
1631,-0.439379537626,0
1632,-0.439459502392,0
1633,-0.439459502392,0
1634,-0.439379537626,0
1635,-0.439234955863,0
1636,-0.439051638385,0
1637,-0.438861133021,0
1638,-0.438695137146,0
1639,-0.438579766132,0
1640,-0.438531211518,0
1641,-0.438554855981,0
1642,-0.438644608741,0
1643,-0.43878434882,0
1644,-0.438953638383,0
1645,-0.439128163409,0
1646,-0.439283772511,0
1647,-0.439399967721,0
1648,-0.439461870624,0
1649,-0.439461870624,0
1650,-0.439399967721,0
1651,-0.439283772511,0
1652,-0.439128163409,0
1653,-0.438953638383,0
1654,-0.43878434882,0
1655,-0.438644608741,0
1656,-0.438554855981,0
1657,-0.438531211518,0
1658,-0.438579766132,0
1659,-0.438695137146,0
1660,-0.438861133021,0
1661,-0.439051638385,0
1662,-0.439234955863,0
1663,-0.439379537626,0
1664,-0.439459502392,0

===== beginning time step 3 : 0.075 =====


Reforming stiffness matrix: reformation #1

===== reforming stiffness matrix:
	Nr of equations ........................... : 19007
	Nr of nonzeroes in stiffness matrix ....... : 1107169
 1
 Nonlinear solution status: time= 0.075
	stiffness updates             = 0
	right hand side evaluations   = 2
	stiffness matrix reformations = 1
	step from line search         = 1.000000
	convergence norms :     INITIAL         CURRENT         REQUIRED
	   residual            3.164043e+05    1.169272e-08    3.164043e+02 
	   energy              6.956359e+02    1.325260e-04    6.956359e-02 
	   displacement        1.562713e+00    1.562713e+00    6.250851e-04 
 2
 Nonlinear solution status: time= 0.075
	stiffness updates             = 1
	right hand side evaluations   = 3
	stiffness matrix reformations = 1
	step from line search         = 1.000000
	convergence norms :     INITIAL         CURRENT         REQUIRED
	   residual            3.164043e+05    4.322073e-17    3.164043e+02 
	   energy              6.956359e+02    1.515918e-15    6.956359e-02 
	   displacement        1.562713e+00    6.441450e-14    6.250849e-04 

convergence summary
    number of iterations   : 2
    number of reformations : 1

------- converged at time : 0.075


Data Record #1
===========================================================================
Step = 3
Time = 0.075
Data = shirt_final_coordinates
1,187.9,6.06690447179e-15,3.79973459067e-15
2,186.99521,16.1630264,5.5927624937e-15
3,184.289554,32.1703941,1.17362013899e-14
4,179.809089,47.8679433,1.25670211763e-14
5,173.596964,63.104498,1.89639859113e-14
6,165.713006,77.7333219,1.67221704927e-14
7,156.23314,91.6135314,2.08523636933e-14
8,145.248664,104.611453,2.21055644489e-14
9,132.865364,116.601908,2.49967663391e-14
10,119.202498,127.469424,2.47161966231e-14
11,104.391647,137.109339,2.53240826758e-14
12,88.5754468,145.428816,2.30793413977e-14
13,71.9062169,152.347735,2.53682626367e-14
14,54.5444909,157.799461,2.64751389778e-14
15,36.6574715,161.731493,2.8105704608e-14
16,18.4174207,164.105961,3.13859577619e-14
17,1.47184282087e-14,164.9,3.08388651752e-14
18,-18.4174207,164.105961,3.18864801577e-14
19,-36.6574715,161.731493,3.0510349439e-14
20,-54.5444909,157.799461,2.60215028287e-14
21,-71.9062169,152.347735,2.68555012582e-14
22,-88.5754468,145.428816,2.49481486839e-14
23,-104.391647,137.109339,2.93496947721e-14
24,-119.202498,127.469424,2.78829934529e-14
25,-132.865364,116.601908,2.83844651137e-14
26,-145.248664,104.611453,2.70898111831e-14
27,-156.23314,91.6135314,2.04082232059e-14
28,-165.713006,77.7333219,1.63710726743e-14
29,-173.596964,63.104498,2.35286983456e-14
30,-179.809089,47.8679433,2.24294118243e-14
31,-184.289554,32.1703941,2.07438237635e-14
32,-186.99521,16.1630264,1.88111540559e-14
33,-187.9,7.30150084783e-14,1.58279348533e-14
34,-186.99521,-16.1630264,1.78608478866e-14
35,-184.289554,-32.1703941,2.0169732991e-14
36,-179.809089,-47.8679433,2.34524879974e-14
37,-173.596964,-63.104498,2.4836579913e-14
38,-165.713006,-77.7333219,1.78824023426e-14
39,-156.23314,-91.6135314,2.09069140049e-14
40,-145.248664,-104.611453,2.18337686629e-14
41,-132.865364,-116.601908,2.11773397284e-14
42,-119.202498,-127.469424,1.47132109324e-14
43,-104.391647,-137.109339,9.76880287871e-15
44,-88.5754468,-145.428816,9.60313303875e-15
45,-71.9062169,-152.347735,7.39382757278e-15
46,-54.5444909,-157.799461,5.52986734208e-15
47,-36.6574715,-161.731493,4.69528901694e-15
48,-18.4174207,-164.105961,9.93236226419e-15
49,-2.72148058691e-14,-164.9,9.96445125397e-15
50,18.4174207,-164.105961,1.02813182368e-14
51,36.6574715,-161.731493,7.24679661389e-15
52,54.5444909,-157.799461,1.00489972456e-14
53,71.9062169,-152.347735,1.1489063738e-14
54,88.5754468,-145.428816,1.46015420207e-14
55,104.391647,-137.109339,2.5799820165e-14
56,119.202498,-127.469424,2.5854809013e-14
57,132.865364,-116.601908,2.63583067372e-14
58,145.248664,-104.611453,2.46449448463e-14
59,156.23314,-91.6135314,2.01305844799e-14
60,165.713006,-77.7333219,1.43473306583e-14
61,173.596964,-63.104498,1.82586508593e-14
62,179.809089,-47.8679433,1.44866696047e-14
63,184.289554,-32.1703941,9.54798307588e-15
64,186.99521,-16.1630264,6.531249486e-15
65,187.9,4.94084353192e-15,25
66,186.99521,16.1630264,25
67,184.289554,32.1703941,25
68,179.809089,47.8679433,25
69,173.596964,63.104498,25
70,165.713006,77.7333219,25
71,156.23314,91.6135314,25
72,145.248664,104.611453,25
73,132.865364,116.601908,25
74,119.202498,127.469424,25
75,104.391647,137.109339,25
76,88.5754468,145.428816,25
77,71.9062169,152.347735,25
78,54.5444909,157.799461,25
79,36.6574715,161.731493,25
80,18.4174207,164.105961,25
81,1.40218866182e-14,164.9,25
82,-18.4174207,164.105961,25
83,-36.6574715,161.731493,25
84,-54.5444909,157.799461,25
85,-71.9062169,152.347735,25
86,-88.5754468,145.428816,25
87,-104.391647,137.109339,25
88,-119.202498,127.469424,25
89,-132.865364,116.601908,25
90,-145.248664,104.611453,25
91,-156.23314,91.6135314,25
92,-165.713006,77.7333219,25
93,-173.596964,63.104498,25
94,-179.809089,47.8679433,25
95,-184.289554,32.1703941,25
96,-186.99521,16.1630264,25
97,-187.9,7.30823499297e-14,25
98,-186.99521,-16.1630264,25
99,-184.289554,-32.1703941,25
100,-179.809089,-47.8679433,25
101,-173.596964,-63.104498,25
102,-165.713006,-77.7333219,25
103,-156.23314,-91.6135314,25
104,-145.248664,-104.611453,25
105,-132.865364,-116.601908,25
106,-119.202498,-127.469424,25
107,-104.391647,-137.109339,25
108,-88.5754468,-145.428816,25
109,-71.9062169,-152.347735,25
110,-54.5444909,-157.799461,25
111,-36.6574715,-161.731493,25
112,-18.4174207,-164.105961,25
113,-2.86956795497e-14,-164.9,25
114,18.4174207,-164.105961,25
115,36.6574715,-161.731493,25
116,54.5444909,-157.799461,25
117,71.9062169,-152.347735,25
118,88.5754468,-145.428816,25
119,104.391647,-137.109339,25
120,119.202498,-127.469424,25
121,132.865364,-116.601908,25
122,145.248664,-104.611453,25
123,156.23314,-91.6135314,25
124,165.713006,-77.7333219,25
125,173.596964,-63.104498,25
126,179.809089,-47.8679433,25
127,184.289554,-32.1703941,25
128,186.99521,-16.1630264,25
129,187.9,4.77817205007e-15,50
130,186.99521,16.1630264,50
131,184.289554,32.1703941,50
132,179.809089,47.8679433,50
133,173.596964,63.104498,50
134,165.713006,77.7333219,50
135,156.23314,91.6135314,50
136,145.248664,104.611453,50
137,132.865364,116.601908,50
138,119.202498,127.469424,50
139,104.391647,137.109339,50
140,88.5754468,145.428816,50
141,71.9062169,152.347735,50
142,54.5444909,157.799461,50
143,36.6574715,161.731493,50
144,18.4174207,164.105961,50
145,1.31550342715e-14,164.9,50
146,-18.4174207,164.105961,50
147,-36.6574715,161.731493,50
148,-54.5444909,157.799461,50
149,-71.9062169,152.347735,50
150,-88.5754468,145.428816,50
151,-104.391647,137.109339,50
152,-119.202498,127.469424,50
153,-132.865364,116.601908,50
154,-145.248664,104.611453,50
155,-156.23314,91.6135314,50
156,-165.713006,77.7333219,50
157,-173.596964,63.104498,50
158,-179.809089,47.8679433,50
159,-184.289554,32.1703941,50
160,-186.99521,16.1630264,50
161,-187.9,7.46032905278e-14,50
162,-186.99521,-16.1630264,50
163,-184.289554,-32.1703941,50
164,-179.809089,-47.8679433,50
165,-173.596964,-63.104498,50
166,-165.713006,-77.7333219,50
167,-156.23314,-91.6135314,50
168,-145.248664,-104.611453,50
169,-132.865364,-116.601908,50
170,-119.202498,-127.469424,50
171,-104.391647,-137.109339,50
172,-88.5754468,-145.428816,50
173,-71.9062169,-152.347735,50
174,-54.5444909,-157.799461,50
175,-36.6574715,-161.731493,50
176,-18.4174207,-164.105961,50
177,-2.86487644581e-14,-164.9,50
178,18.4174207,-164.105961,50
179,36.6574715,-161.731493,50
180,54.5444909,-157.799461,50
181,71.9062169,-152.347735,50
182,88.5754468,-145.428816,50
183,104.391647,-137.109339,50
184,119.202498,-127.469424,50
185,132.865364,-116.601908,50
186,145.248664,-104.611453,50
187,156.23314,-91.6135314,50
188,165.713006,-77.7333219,50
189,173.596964,-63.104498,50
190,179.809089,-47.8679433,50
191,184.289554,-32.1703941,50
192,186.99521,-16.1630264,50
193,187.9,3.20695903189e-15,75
194,186.99521,16.1630264,75
195,184.289554,32.1703941,75
196,179.809089,47.8679433,75
197,173.596964,63.104498,75
198,165.713006,77.7333219,75
199,156.23314,91.6135314,75
200,145.248664,104.611453,75
201,132.865364,116.601908,75
202,119.202498,127.469424,75
203,104.391647,137.109339,75
204,88.5754468,145.428816,75
205,71.9062169,152.347735,75
206,54.5444909,157.799461,75
207,36.6574715,161.731493,75
208,18.4174207,164.105961,75
209,1.40378739175e-14,164.9,75
210,-18.4174207,164.105961,75
211,-36.6574715,161.731493,75
212,-54.5444909,157.799461,75
213,-71.9062169,152.347735,75
214,-88.5754468,145.428816,75
215,-104.391647,137.109339,75
216,-119.202498,127.469424,75
217,-132.865364,116.601908,75
218,-145.248664,104.611453,75
219,-156.23314,91.6135314,75
220,-165.713006,77.7333219,75
221,-173.596964,63.104498,75
222,-179.809089,47.8679433,75
223,-184.289554,32.1703941,75
224,-186.99521,16.1630264,75
225,-187.9,7.57102760853e-14,75
226,-186.99521,-16.1630264,75
227,-184.289554,-32.1703941,75
228,-179.809089,-47.8679433,75
229,-173.596964,-63.104498,75
230,-165.713006,-77.7333219,75
231,-156.23314,-91.6135314,75
232,-145.248664,-104.611453,75
233,-132.865364,-116.601908,75
234,-119.202498,-127.469424,75
235,-104.391647,-137.109339,75
236,-88.5754468,-145.428816,75
237,-71.9062169,-152.347735,75
238,-54.5444909,-157.799461,75
239,-36.6574715,-161.731493,75
240,-18.4174207,-164.105961,75
241,-3.01001614069e-14,-164.9,75
242,18.4174207,-164.105961,75
243,36.6574715,-161.731493,75
244,54.5444909,-157.799461,75
245,71.9062169,-152.347735,75
246,88.5754468,-145.428816,75
247,104.391647,-137.109339,75
248,119.202498,-127.469424,75
249,132.865364,-116.601908,75
250,145.248664,-104.611453,75
251,156.23314,-91.6135314,75
252,165.713006,-77.7333219,75
253,173.596964,-63.104498,75
254,179.809089,-47.8679433,75
255,184.289554,-32.1703941,75
256,186.99521,-16.1630264,75
257,187.9,3.41057167885e-15,100
258,186.99521,16.1630264,100
259,184.289554,32.1703941,100
260,179.809089,47.8679433,100
261,173.596964,63.104498,100
262,165.713006,77.7333219,100
263,156.23314,91.6135314,100
264,145.248664,104.611453,100
265,132.865364,116.601908,100
266,119.202498,127.469424,100
267,104.391647,137.109339,100
268,88.5754468,145.428816,100
269,71.9062169,152.347735,100
270,54.5444909,157.799461,100
271,36.6574715,161.731493,100
272,18.4174207,164.105961,100
273,1.22410497214e-14,164.9,100
274,-18.4174207,164.105961,100
275,-36.6574715,161.731493,100
276,-54.5444909,157.799461,100
277,-71.9062169,152.347735,100
278,-88.5754468,145.428816,100
279,-104.391647,137.109339,100
280,-119.202498,127.469424,100
281,-132.865364,116.601908,100
282,-145.248664,104.611453,100
283,-156.23314,91.6135314,100
284,-165.713006,77.7333219,100
285,-173.596964,63.104498,100
286,-179.809089,47.8679433,100
287,-184.289554,32.1703941,100
288,-186.99521,16.1630264,100
289,-187.9,7.75022727248e-14,100
290,-186.99521,-16.1630264,100
291,-184.289554,-32.1703941,100
292,-179.809089,-47.8679433,100
293,-173.596964,-63.104498,100
294,-165.713006,-77.7333219,100
295,-156.23314,-91.6135314,100
296,-145.248664,-104.611453,100
297,-132.865364,-116.601908,100
298,-119.202498,-127.469424,100
299,-104.391647,-137.109339,100
300,-88.5754468,-145.428816,100
301,-71.9062169,-152.347735,100
302,-54.5444909,-157.799461,100
303,-36.6574715,-161.731493,100
304,-18.4174207,-164.105961,100
305,-3.31389283046e-14,-164.9,100
306,18.4174207,-164.105961,100
307,36.6574715,-161.731493,100
308,54.5444909,-157.799461,100
309,71.9062169,-152.347735,100
310,88.5754468,-145.428816,100
311,104.391647,-137.109339,100
312,119.202498,-127.469424,100
313,132.865364,-116.601908,100
314,145.248664,-104.611453,100
315,156.23314,-91.6135314,100
316,165.713006,-77.7333219,100
317,173.596964,-63.104498,100
318,179.809089,-47.8679433,100
319,184.289554,-32.1703941,100
320,186.99521,-16.1630264,100
321,187.9,4.36562065669e-15,125
322,186.99521,16.1630264,125
323,184.289554,32.1703941,125
324,179.809089,47.8679433,125
325,173.596964,63.104498,125
326,165.713006,77.7333219,125
327,156.23314,91.6135314,125
328,145.248664,104.611453,125
329,132.865364,116.601908,125
330,119.202498,127.469424,125
331,104.391647,137.109339,125
332,88.5754468,145.428816,125
333,71.9062169,152.347735,125
334,54.5444909,157.799461,125
335,36.6574715,161.731493,125
336,18.4174207,164.105961,125
337,1.2946216726e-14,164.9,125
338,-18.4174207,164.105961,125
339,-36.6574715,161.731493,125
340,-54.5444909,157.799461,125
341,-71.9062169,152.347735,125
342,-88.5754468,145.428816,125
343,-104.391647,137.109339,125
344,-119.202498,127.469424,125
345,-132.865364,116.601908,125
346,-145.248664,104.611453,125
347,-156.23314,91.6135314,125
348,-165.713006,77.7333219,125
349,-173.596964,63.104498,125
350,-179.809089,47.8679433,125
351,-184.289554,32.1703941,125
352,-186.99521,16.1630264,125
353,-187.9,7.47054530861e-14,125
354,-186.99521,-16.1630264,125
355,-184.289554,-32.1703941,125
356,-179.809089,-47.8679433,125
357,-173.596964,-63.104498,125
358,-165.713006,-77.7333219,125
359,-156.23314,-91.6135314,125
360,-145.248664,-104.611453,125
361,-132.865364,-116.601908,125
362,-119.202498,-127.469424,125
363,-104.391647,-137.109339,125
364,-88.5754468,-145.428816,125
365,-71.9062169,-152.347735,125
366,-54.5444909,-157.799461,125
367,-36.6574715,-161.731493,125
368,-18.4174207,-164.105961,125
369,-3.15998296923e-14,-164.9,125
370,18.4174207,-164.105961,125
371,36.6574715,-161.731493,125
372,54.5444909,-157.799461,125
373,71.9062169,-152.347735,125
374,88.5754468,-145.428816,125
375,104.391647,-137.109339,125
376,119.202498,-127.469424,125
377,132.865364,-116.601908,125
378,145.248664,-104.611453,125
379,156.23314,-91.6135314,125
380,165.713006,-77.7333219,125
381,173.596964,-63.104498,125
382,179.809089,-47.8679433,125
383,184.289554,-32.1703941,125
384,186.99521,-16.1630264,125
385,187.9,2.85481767742e-15,150
386,186.99521,16.1630264,150
387,184.289554,32.1703941,150
388,179.809089,47.8679433,150
389,173.596964,63.104498,150
390,165.713006,77.7333219,150
391,156.23314,91.6135314,150
392,145.248664,104.611453,150
393,132.865364,116.601908,150
394,119.202498,127.469424,150
395,104.391647,137.109339,150
396,88.5754468,145.428816,150
397,71.9062169,152.347735,150
398,54.5444909,157.799461,150
399,36.6574715,161.731493,150
400,18.4174207,164.105961,150
401,1.39646726905e-14,164.9,150
402,-18.4174207,164.105961,150
403,-36.6574715,161.731493,150
404,-54.5444909,157.799461,150
405,-71.9062169,152.347735,150
406,-88.5754468,145.428816,150
407,-104.391647,137.109339,150
408,-119.202498,127.469424,150
409,-132.865364,116.601908,150
410,-145.248664,104.611453,150
411,-156.23314,91.6135314,150
412,-165.713006,77.7333219,150
413,-173.596964,63.104498,150
414,-179.809089,47.8679433,150
415,-184.289554,32.1703941,150
416,-186.99521,16.1630264,150
417,-187.9,7.37645124333e-14,150
418,-186.99521,-16.1630264,150
419,-184.289554,-32.1703941,150
420,-179.809089,-47.8679433,150
421,-173.596964,-63.104498,150
422,-165.713006,-77.7333219,150
423,-156.23314,-91.6135314,150
424,-145.248664,-104.611453,150
425,-132.865364,-116.601908,150
426,-119.202498,-127.469424,150
427,-104.391647,-137.109339,150
428,-88.5754468,-145.428816,150
429,-71.9062169,-152.347735,150
430,-54.5444909,-157.799461,150
431,-36.6574715,-161.731493,150
432,-18.4174207,-164.105961,150
433,-3.33377801461e-14,-164.9,150
434,18.4174207,-164.105961,150
435,36.6574715,-161.731493,150
436,54.5444909,-157.799461,150
437,71.9062169,-152.347735,150
438,88.5754468,-145.428816,150
439,104.391647,-137.109339,150
440,119.202498,-127.469424,150
441,132.865364,-116.601908,150
442,145.248664,-104.611453,150
443,156.23314,-91.6135314,150
444,165.713006,-77.7333219,150
445,173.596964,-63.104498,150
446,179.809089,-47.8679433,150
447,184.289554,-32.1703941,150
448,186.99521,-16.1630264,150
449,187.9,3.69347951875e-15,175
450,186.99521,16.1630264,175
451,184.289554,32.1703941,175
452,179.809089,47.8679433,175
453,173.596964,63.104498,175
454,165.713006,77.7333219,175
455,156.23314,91.6135314,175
456,145.248664,104.611453,175
457,132.865364,116.601908,175
458,119.202498,127.469424,175
459,104.391647,137.109339,175
460,88.5754468,145.428816,175
461,71.9062169,152.347735,175
462,54.5444909,157.799461,175
463,36.6574715,161.731493,175
464,18.4174207,164.105961,175
465,1.44360090751e-14,164.9,175
466,-18.4174207,164.105961,175
467,-36.6574715,161.731493,175
468,-54.5444909,157.799461,175
469,-71.9062169,152.347735,175
470,-88.5754468,145.428816,175
471,-104.391647,137.109339,175
472,-119.202498,127.469424,175
473,-132.865364,116.601908,175
474,-145.248664,104.611453,175
475,-156.23314,91.6135314,175
476,-165.713006,77.7333219,175
477,-173.596964,63.104498,175
478,-179.809089,47.8679433,175
479,-184.289554,32.1703941,175
480,-186.99521,16.1630264,175
481,-187.9,7.46664365083e-14,175
482,-186.99521,-16.1630264,175
483,-184.289554,-32.1703941,175
484,-179.809089,-47.8679433,175
485,-173.596964,-63.104498,175
486,-165.713006,-77.7333219,175
487,-156.23314,-91.6135314,175
488,-145.248664,-104.611453,175
489,-132.865364,-116.601908,175
490,-119.202498,-127.469424,175
491,-104.391647,-137.109339,175
492,-88.5754468,-145.428816,175
493,-71.9062169,-152.347735,175
494,-54.5444909,-157.799461,175
495,-36.6574715,-161.731493,175
496,-18.4174207,-164.105961,175
497,-3.45808738301e-14,-164.9,175
498,18.4174207,-164.105961,175
499,36.6574715,-161.731493,175
500,54.5444909,-157.799461,175
501,71.9062169,-152.347735,175
502,88.5754468,-145.428816,175
503,104.391647,-137.109339,175
504,119.202498,-127.469424,175
505,132.865364,-116.601908,175
506,145.248664,-104.611453,175
507,156.23314,-91.6135314,175
508,165.713006,-77.7333219,175
509,173.596964,-63.104498,175
510,179.809089,-47.8679433,175
511,184.289554,-32.1703941,175
512,186.99521,-16.1630264,175
513,187.9,3.05972770942e-15,200
514,186.99521,16.1630264,200
515,184.289554,32.1703941,200
516,179.809089,47.8679433,200
517,173.596964,63.104498,200
518,165.713006,77.7333219,200
519,156.23314,91.6135314,200
520,145.248664,104.611453,200
521,132.865364,116.601908,200
522,119.202498,127.469424,200
523,104.391647,137.109339,200
524,88.5754468,145.428816,200
525,71.9062169,152.347735,200
526,54.5444909,157.799461,200
527,36.6574715,161.731493,200
528,18.4174207,164.105961,200
529,1.5756104165e-14,164.9,200
530,-18.4174207,164.105961,200
531,-36.6574715,161.731493,200
532,-54.5444909,157.799461,200
533,-71.9062169,152.347735,200
534,-88.5754468,145.428816,200
535,-104.391647,137.109339,200
536,-119.202498,127.469424,200
537,-132.865364,116.601908,200
538,-145.248664,104.611453,200
539,-156.23314,91.6135314,200
540,-165.713006,77.7333219,200
541,-173.596964,63.104498,200
542,-179.809089,47.8679433,200
543,-184.289554,32.1703941,200
544,-186.99521,16.1630264,200
545,-187.9,7.25601142196e-14,200
546,-186.99521,-16.1630264,200
547,-184.289554,-32.1703941,200
548,-179.809089,-47.8679433,200
549,-173.596964,-63.104498,200
550,-165.713006,-77.7333219,200
551,-156.23314,-91.6135314,200
552,-145.248664,-104.611453,200
553,-132.865364,-116.601908,200
554,-119.202498,-127.469424,200
555,-104.391647,-137.109339,200
556,-88.5754468,-145.428816,200
557,-71.9062169,-152.347735,200
558,-54.5444909,-157.799461,200
559,-36.6574715,-161.731493,200
560,-18.4174207,-164.105961,200
561,-3.36506114102e-14,-164.9,200
562,18.4174207,-164.105961,200
563,36.6574715,-161.731493,200
564,54.5444909,-157.799461,200
565,71.9062169,-152.347735,200
566,88.5754468,-145.428816,200
567,104.391647,-137.109339,200
568,119.202498,-127.469424,200
569,132.865364,-116.601908,200
570,145.248664,-104.611453,200
571,156.23314,-91.6135314,200
572,165.713006,-77.7333219,200
573,173.596964,-63.104498,200
574,179.809089,-47.8679433,200
575,184.289554,-32.1703941,200
576,186.99521,-16.1630264,200
577,187.9,3.72606592704e-15,225
578,186.99521,16.1630264,225
579,184.289554,32.1703941,225
580,179.809089,47.8679433,225
581,173.596964,63.104498,225
582,165.713006,77.7333219,225
583,156.23314,91.6135314,225
584,145.248664,104.611453,225
585,132.865364,116.601908,225
586,119.202498,127.469424,225
587,104.391647,137.109339,225
588,88.5754468,145.428816,225
589,71.9062169,152.347735,225
590,54.5444909,157.799461,225
591,36.6574715,161.731493,225
592,18.4174207,164.105961,225
593,1.621120449e-14,164.9,225
594,-18.4174207,164.105961,225
595,-36.6574715,161.731493,225
596,-54.5444909,157.799461,225
597,-71.9062169,152.347735,225
598,-88.5754468,145.428816,225
599,-104.391647,137.109339,225
600,-119.202498,127.469424,225
601,-132.865364,116.601908,225
602,-145.248664,104.611453,225
603,-156.23314,91.6135314,225
604,-165.713006,77.7333219,225
605,-173.596964,63.104498,225
606,-179.809089,47.8679433,225
607,-184.289554,32.1703941,225
608,-186.99521,16.1630264,225
609,-187.9,6.96779386747e-14,225
610,-186.99521,-16.1630264,225
611,-184.289554,-32.1703941,225
612,-179.809089,-47.8679433,225
613,-173.596964,-63.104498,225
614,-165.713006,-77.7333219,225
615,-156.23314,-91.6135314,225
616,-145.248664,-104.611453,225
617,-132.865364,-116.601908,225
618,-119.202498,-127.469424,225
619,-104.391647,-137.109339,225
620,-88.5754468,-145.428816,225
621,-71.9062169,-152.347735,225
622,-54.5444909,-157.799461,225
623,-36.6574715,-161.731493,225
624,-18.4174207,-164.105961,225
625,-3.51582388793e-14,-164.9,225
626,18.4174207,-164.105961,225
627,36.6574715,-161.731493,225
628,54.5444909,-157.799461,225
629,71.9062169,-152.347735,225
630,88.5754468,-145.428816,225
631,104.391647,-137.109339,225
632,119.202498,-127.469424,225
633,132.865364,-116.601908,225
634,145.248664,-104.611453,225
635,156.23314,-91.6135314,225
636,165.713006,-77.7333219,225
637,173.596964,-63.104498,225
638,179.809089,-47.8679433,225
639,184.289554,-32.1703941,225
640,186.99521,-16.1630264,225
641,187.9,5.12336241495e-15,250
642,186.99521,16.1630264,250
643,184.289554,32.1703941,250
644,179.809089,47.8679433,250
645,173.596964,63.104498,250
646,165.713006,77.7333219,250
647,156.23314,91.6135314,250
648,145.248664,104.611453,250
649,132.865364,116.601908,250
650,119.202498,127.469424,250
651,104.391647,137.109339,250
652,88.5754468,145.428816,250
653,71.9062169,152.347735,250
654,54.5444909,157.799461,250
655,36.6574715,161.731493,250
656,18.4174207,164.105961,250
657,1.59795018222e-14,164.9,250
658,-18.4174207,164.105961,250
659,-36.6574715,161.731493,250
660,-54.5444909,157.799461,250
661,-71.9062169,152.347735,250
662,-88.5754468,145.428816,250
663,-104.391647,137.109339,250
664,-119.202498,127.469424,250
665,-132.865364,116.601908,250
666,-145.248664,104.611453,250
667,-156.23314,91.6135314,250
668,-165.713006,77.7333219,250
669,-173.596964,63.104498,250
670,-179.809089,47.8679433,250
671,-184.289554,32.1703941,250
672,-186.99521,16.1630264,250
673,-187.9,6.72930866094e-14,250
674,-186.99521,-16.1630264,250
675,-184.289554,-32.1703941,250
676,-179.809089,-47.8679433,250
677,-173.596964,-63.104498,250
678,-165.713006,-77.7333219,250
679,-156.23314,-91.6135314,250
680,-145.248664,-104.611453,250
681,-132.865364,-116.601908,250
682,-119.202498,-127.469424,250
683,-104.391647,-137.109339,250
684,-88.5754468,-145.428816,250
685,-71.9062169,-152.347735,250
686,-54.5444909,-157.799461,250
687,-36.6574715,-161.731493,250
688,-18.4174207,-164.105961,250
689,-3.41621904374e-14,-164.9,250
690,18.4174207,-164.105961,250
691,36.6574715,-161.731493,250
692,54.5444909,-157.799461,250
693,71.9062169,-152.347735,250
694,88.5754468,-145.428816,250
695,104.391647,-137.109339,250
696,119.202498,-127.469424,250
697,132.865364,-116.601908,250
698,145.248664,-104.611453,250
699,156.23314,-91.6135314,250
700,165.713006,-77.7333219,250
701,173.596964,-63.104498,250
702,179.809089,-47.8679433,250
703,184.289554,-32.1703941,250
704,186.99521,-16.1630264,250
705,187.9,4.57175753852e-15,275
706,186.99521,16.1630264,275
707,184.289554,32.1703941,275
708,179.809089,47.8679433,275
709,173.596964,63.104498,275
710,165.713006,77.7333219,275
711,156.23314,91.6135314,275
712,145.248664,104.611453,275
713,132.865364,116.601908,275
714,119.202498,127.469424,275
715,104.391647,137.109339,275
716,88.5754468,145.428816,275
717,71.9062169,152.347735,275
718,54.5444909,157.799461,275
719,36.6574715,161.731493,275
720,18.4174207,164.105961,275
721,1.62637363777e-14,164.9,275
722,-18.4174207,164.105961,275
723,-36.6574715,161.731493,275
724,-54.5444909,157.799461,275
725,-71.9062169,152.347735,275
726,-88.5754468,145.428816,275
727,-104.391647,137.109339,275
728,-119.202498,127.469424,275
729,-132.865364,116.601908,275
730,-145.248664,104.611453,275
731,-156.23314,91.6135314,275
732,-165.713006,77.7333219,275
733,-173.596964,63.104498,275
734,-179.809089,47.8679433,275
735,-184.289554,32.1703941,275
736,-186.99521,16.1630264,275
737,-187.9,6.53950145371e-14,275
738,-186.99521,-16.1630264,275
739,-184.289554,-32.1703941,275
740,-179.809089,-47.8679433,275
741,-173.596964,-63.104498,275
742,-165.713006,-77.7333219,275
743,-156.23314,-91.6135314,275
744,-145.248664,-104.611453,275
745,-132.865364,-116.601908,275
746,-119.202498,-127.469424,275
747,-104.391647,-137.109339,275
748,-88.5754468,-145.428816,275
749,-71.9062169,-152.347735,275
750,-54.5444909,-157.799461,275
751,-36.6574715,-161.731493,275
752,-18.4174207,-164.105961,275
753,-3.44240950356e-14,-164.9,275
754,18.4174207,-164.105961,275
755,36.6574715,-161.731493,275
756,54.5444909,-157.799461,275
757,71.9062169,-152.347735,275
758,88.5754468,-145.428816,275
759,104.391647,-137.109339,275
760,119.202498,-127.469424,275
761,132.865364,-116.601908,275
762,145.248664,-104.611453,275
763,156.23314,-91.6135314,275
764,165.713006,-77.7333219,275
765,173.596964,-63.104498,275
766,179.809089,-47.8679433,275
767,184.289554,-32.1703941,275
768,186.99521,-16.1630264,275
769,187.9,5.80121588442e-15,300
770,186.99521,16.1630264,300
771,184.289554,32.1703941,300
772,179.809089,47.8679433,300
773,173.596964,63.104498,300
774,165.713006,77.7333219,300
775,156.23314,91.6135314,300
776,145.248664,104.611453,300
777,132.865364,116.601908,300
778,119.202498,127.469424,300
779,104.391647,137.109339,300
780,88.5754468,145.428816,300
781,71.9062169,152.347735,300
782,54.5444909,157.799461,300
783,36.6574715,161.731493,300
784,18.4174207,164.105961,300
785,1.58036715275e-14,164.9,300
786,-18.4174207,164.105961,300
787,-36.6574715,161.731493,300
788,-54.5444909,157.799461,300
789,-71.9062169,152.347735,300
790,-88.5754468,145.428816,300
791,-104.391647,137.109339,300
792,-119.202498,127.469424,300
793,-132.865364,116.601908,300
794,-145.248664,104.611453,300
795,-156.23314,91.6135314,300
796,-165.713006,77.7333219,300
797,-173.596964,63.104498,300
798,-179.809089,47.8679433,300
799,-184.289554,32.1703941,300
800,-186.99521,16.1630264,300
801,-187.9,6.54535185987e-14,300
802,-186.99521,-16.1630264,300
803,-184.289554,-32.1703941,300
804,-179.809089,-47.8679433,300
805,-173.596964,-63.104498,300
806,-165.713006,-77.7333219,300
807,-156.23314,-91.6135314,300
808,-145.248664,-104.611453,300
809,-132.865364,-116.601908,300
810,-119.202498,-127.469424,300
811,-104.391647,-137.109339,300
812,-88.5754468,-145.428816,300
813,-71.9062169,-152.347735,300
814,-54.5444909,-157.799461,300
815,-36.6574715,-161.731493,300
816,-18.4174207,-164.105961,300
817,-3.45612922249e-14,-164.9,300
818,18.4174207,-164.105961,300
819,36.6574715,-161.731493,300
820,54.5444909,-157.799461,300
821,71.9062169,-152.347735,300
822,88.5754468,-145.428816,300
823,104.391647,-137.109339,300
824,119.202498,-127.469424,300
825,132.865364,-116.601908,300
826,145.248664,-104.611453,300
827,156.23314,-91.6135314,300
828,165.713006,-77.7333219,300
829,173.596964,-63.104498,300
830,179.809089,-47.8679433,300
831,184.289554,-32.1703941,300
832,186.99521,-16.1630264,300
833,187.9,5.50140426277e-15,325
834,186.99521,16.1630264,325
835,184.289554,32.1703941,325
836,179.809089,47.8679433,325
837,173.596964,63.104498,325
838,165.713006,77.7333219,325
839,156.23314,91.6135314,325
840,145.248664,104.611453,325
841,132.865364,116.601908,325
842,119.202498,127.469424,325
843,104.391647,137.109339,325
844,88.5754468,145.428816,325
845,71.9062169,152.347735,325
846,54.5444909,157.799461,325
847,36.6574715,161.731493,325
848,18.4174207,164.105961,325
849,1.66315116864e-14,164.9,325
850,-18.4174207,164.105961,325
851,-36.6574715,161.731493,325
852,-54.5444909,157.799461,325
853,-71.9062169,152.347735,325
854,-88.5754468,145.428816,325
855,-104.391647,137.109339,325
856,-119.202498,127.469424,325
857,-132.865364,116.601908,325
858,-145.248664,104.611453,325
859,-156.23314,91.6135314,325
860,-165.713006,77.7333219,325
861,-173.596964,63.104498,325
862,-179.809089,47.8679433,325
863,-184.289554,32.1703941,325
864,-186.99521,16.1630264,325
865,-187.9,6.51239003865e-14,325
866,-186.99521,-16.1630264,325
867,-184.289554,-32.1703941,325
868,-179.809089,-47.8679433,325
869,-173.596964,-63.104498,325
870,-165.713006,-77.7333219,325
871,-156.23314,-91.6135314,325
872,-145.248664,-104.611453,325
873,-132.865364,-116.601908,325
874,-119.202498,-127.469424,325
875,-104.391647,-137.109339,325
876,-88.5754468,-145.428816,325
877,-71.9062169,-152.347735,325
878,-54.5444909,-157.799461,325
879,-36.6574715,-161.731493,325
880,-18.4174207,-164.105961,325
881,-3.381447645e-14,-164.9,325
882,18.4174207,-164.105961,325
883,36.6574715,-161.731493,325
884,54.5444909,-157.799461,325
885,71.9062169,-152.347735,325
886,88.5754468,-145.428816,325
887,104.391647,-137.109339,325
888,119.202498,-127.469424,325
889,132.865364,-116.601908,325
890,145.248664,-104.611453,325
891,156.23314,-91.6135314,325
892,165.713006,-77.7333219,325
893,173.596964,-63.104498,325
894,179.809089,-47.8679433,325
895,184.289554,-32.1703941,325
896,186.99521,-16.1630264,325
897,187.9,5.64057950235e-15,350
898,186.99521,16.1630264,350
899,184.289554,32.1703941,350
900,179.809089,47.8679433,350
901,173.596964,63.104498,350
902,165.713006,77.7333219,350
903,156.23314,91.6135314,350
904,145.248664,104.611453,350
905,132.865364,116.601908,350
906,119.202498,127.469424,350
907,104.391647,137.109339,350
908,88.5754468,145.428816,350
909,71.9062169,152.347735,350
910,54.5444909,157.799461,350
911,36.6574715,161.731493,350
912,18.4174207,164.105961,350
913,1.71890966563e-14,164.9,350
914,-18.4174207,164.105961,350
915,-36.6574715,161.731493,350
916,-54.5444909,157.799461,350
917,-71.9062169,152.347735,350
918,-88.5754468,145.428816,350
919,-104.391647,137.109339,350
920,-119.202498,127.469424,350
921,-132.865364,116.601908,350
922,-145.248664,104.611453,350
923,-156.23314,91.6135314,350
924,-165.713006,77.7333219,350
925,-173.596964,63.104498,350
926,-179.809089,47.8679433,350
927,-184.289554,32.1703941,350
928,-186.99521,16.1630264,350
929,-187.9,6.48884601707e-14,350
930,-186.99521,-16.1630264,350
931,-184.289554,-32.1703941,350
932,-179.809089,-47.8679433,350
933,-173.596964,-63.104498,350
934,-165.713006,-77.7333219,350
935,-156.23314,-91.6135314,350
936,-145.248664,-104.611453,350
937,-132.865364,-116.601908,350
938,-119.202498,-127.469424,350
939,-104.391647,-137.109339,350
940,-88.5754468,-145.428816,350
941,-71.9062169,-152.347735,350
942,-54.5444909,-157.799461,350
943,-36.6574715,-161.731493,350
944,-18.4174207,-164.105961,350
945,-3.50937039875e-14,-164.9,350
946,18.4174207,-164.105961,350
947,36.6574715,-161.731493,350
948,54.5444909,-157.799461,350
949,71.9062169,-152.347735,350
950,88.5754468,-145.428816,350
951,104.391647,-137.109339,350
952,119.202498,-127.469424,350
953,132.865364,-116.601908,350
954,145.248664,-104.611453,350
955,156.23314,-91.6135314,350
956,165.713006,-77.7333219,350
957,173.596964,-63.104498,350
958,179.809089,-47.8679433,350
959,184.289554,-32.1703941,350
960,186.99521,-16.1630264,350
961,187.9,4.44897119514e-15,375
962,186.99521,16.1630264,375
963,184.289554,32.1703941,375
964,179.809089,47.8679433,375
965,173ëxßÏÊ×¬¢h­µçLÍŒÌ‹ŒŽŒLLŒBŒMËLLÌ‹ŽMÌÎMÍKLLM‹ŒÍÌÌÍŒÌ‹ŒÍŽÂŒNLLNKŒÌÌÍLŽLLËLMŒŒ‹ŒÌ‹ŒŒŽŒŒLBŒNKLLLÌÎLKLLÍËŒMMNNKŒÌ‹ŒLMŒNÎ‚ŒŒNNNLËLMKMLŒŒÌ‹ŒBŒŒKMÌKŽMÍŽMÌLÌLLËLML‹ŒŽNŒËŒÌ‹ŒŒÌLLMŒŒ‹MMNNNNÌŽLMMËŽÌÌŽŒÌ‹ŒŒŒŽÍŽBŒŒËLÍ‹ŽMMŽÍŒLËLMŒKŽŒLÌËŒÌ‹ŒŒMLÍÌÂŒLNÍŽNM‹LMŒNNLŒMÌNŒÌ‹ŒŒLÍÌLBŒKL‹NLÎLŽNLŽNNKLMLMŽNMMŽÍŒÌ‹ŒŒLMLNŽBŒ‹NÍŽNM‹LMŒNNLŒMÌNŒÌ‹ŒŒLÍÌLBŒËÍ‹ŽMMŽÍŒLËLMŒKŽŒLÌËŒÌ‹ŒŒMLÍÌÂŒŽMNNNNÌŽLMMËŽÌÌŽŒÌ‹ŒŒŒŽÍŽBŒŽKÌKŽMÍŽMÌLÌLLËLML‹ŒŽNŒËŒÌ‹ŒŒÌLLMŒÌNNLËLMKMLŒŒÌ‹ŒBŒÌKLLÌÎLKLLÍËŒMMNNKŒÌ‹ŒLMŒNÎ‚ŒÌ‹LNKŒÌÌÍLŽLLËLMŒŒ‹ŒÌ‹ŒŒŽŒŒLBŒÌËLÌ‹ŽMÌÎMÍKLLM‹ŒÍÌÌÍŒÌ‹ŒÍŽÂŒÍMKŒÍMŒŽŒLËLLŒÍÍŒÌÍŒÌ‹ŒŽŒLLŒBŒÍKMM‹ŒÍNLLKNLKŒÌMÍËŒÌ‹ŒŽMMÍÂŒÍ‹MKŽNMNMÌMÍËÍLLMMŒ‹ŒÌ‹ŒÌŒÍÍLÍLBŒÍËMÌËÌLÌLŽÌ‹MŒËŒLLLŽMMLÎKŒÌ‹ŒÌNŒLMŒÎMÎKŽLLŒŽMËMËŽÌLÎÌLÌ‹ŒÌ‹ŒÌLÎLÎBŒÎKNŒÎLLÎMÎLÌ‹ŒMÌNMŽÍÌKŒÌ‹ŒÌMÌNMÌÂNËŒLÍŽMKLM‹ŒMŒÍLMÌÌÌKŒÌ‹ŒÌNLŒLMM‚KNŒLLÍËŒÍMÎMMŒÌÙKLM‹MËŒÌŽMÍLÍB‹NËŒLÍÌÌKM‹ŒMŒLNMÍMŒ‹MËŒÌŽLÌL‚ËNŒÎMÌÍÌLÍ‹Ì‹ŒMŽŽNNËMËŒÌŽMLMMÎKŽLMNÌ‹ËŽŒÍNNLLMËŒÌŒŽŒÍBKMÌËÌÌŽMLKŒËŒLMNŽMËŒÌMÍŒMLB‹MKŽŒŽMŽLËÍËÌÍMLMŒLKMËŒÌÌMÂËMM‹ŒÍLÎÌNKLKŒŒÌMMŒÍMËŒŽMÍÌLNBMKŒÍŒLŒËLŒÌLMÍËMËŒŽLŽLNBKLÌ‹ŽNMNLKLM‹ŒÍLÌLKMËŒÌMMMBLLNKŒÌMŒŽNKLËLŒÌŽMËŒMÌNNLKLMÍLÍËŒMNNÍKMËŒNŒBL‹ŽMŒŒËMKLÌŒËMËŒŒŽŽNŒÂLËÌKŽNŒNMŽMËML‹NLLÎLÌËMËŒŒMŒMMMÌBMMŒÍMLŽÌ‹MMËŽŒŒËMËŒŒMŒMÍM‚MKÍ‹ÌLM‹MŒKŽNMŒÍ‹MËŒNMÍŒŽNBM‹NÎMNÍ‹MŒNNLKMËŒNLMNŒ‚MËL‹ŽMNLÙKLMKMŽNLÎNLÎMËŒNLMŒMNLNÎMNÍ‹MŒNNLKMËŒNLMNŒ‚NKLÍ‹ÌLM‹MŒKŽNMŒÍ‹MËŒNMÍŒŽNBŒMMŒÍMLŽÌ‹MMËŽŒŒËMËŒŒMŒMÍM‚ŒKMÌKŽNŒNMŽMËML‹NLLÎLÌËMËŒŒMŒMMMÌBŒ‹NŽMŒŒËMKLÌŒËMËŒŒŽŽNŒÂŒËLLMÍLÍËŒMNNÍKMËŒNŒBLLNKŒÌMŒŽNKLËLŒÌŽMËŒMÌNNKLLÌ‹ŽNMNLKLM‹ŒÍLÌLKMËŒÌMMMB‹LMKŒÍŒLŒËLŒÌLMÍËMËŒŽLŽLNBËLMM‹ŒÍLÎÌNKLKŒŒÌMMŒÍMËŒŽMÍÌLNBŽLMKŽŒŽMŽLËÍËÌÍMLMŒLKMËŒÌÌMÂŽKLMÌËÌÌŽMLKŒËŒLMNŽMËŒÌMÍŒMLBÌLMÎKŽLMNÌ‹ËŽŒÍNNLLMËŒÌŒŽŒÍBÌKLNŒÎMÌÍÌLÍ‹Ì‹ŒMŽŽNNËMËŒÌŽMLMÌ‹LNËŒLÍÌÌKM‹ŒMŒLNMÍMŒ‹MËŒÌŽLÌL‚ÌËLNŒLLÍKŒŒŒLLŒÍLKLMMËŒÌŽMÍLÍBÍLNËŒLÍÌÌKLM‹ŒMŒLNMÍMŒ‹MËŒÌŽLÌL‚ÍKLNŒÎMÌÍÌLÍ‹LÌ‹ŒMŽŽNNËMËŒÌŽMLMÍ‹LMÎKŽLMNÌ‹MËŽŒÍNNLLMËŒÌŒŽŒÍBÍËLMÌËÌÌŽMLKMŒËŒLMNŽMËŒÌMÍŒMLBÎLMKŽŒŽMŽLËMÍËÌÍMLMŒLKMËŒÌÌMÂÎKLMM‹ŒÍLÎÌNKNLKŒŒÌMMŒÍMËŒŽMÍÌLNBŽLMKŒÍŒLŒËLLŒÌLMÍËMËŒŽLŽLNBŽKLLÌ‹ŽNMNLKLLM‹ŒÍLÌLKMËŒÌMMMBŽ‹LLNKŒÌMŒŽNKLLËLŒÌŽMËŒMÌNNŽËLLMÍLLÍËŒMNNÍKMËŒNŒBŽNŽMŒŒËLMKLÌŒËMËŒŒŽŽNŒÂŽKMÌKŽNŒNMŽMËLML‹NLLÎLÌËMËŒŒMŒMMMÌBŽ‹MMŒÍMLŽÌ‹LMMËŽŒŒËMËŒŒMŒMÍM‚ŽËLÍ‹ÌLM‹LMŒKŽNMŒÍ‹MËŒNMÍŒŽNBŽLNÎMNÍ‹LMŒNNLKMËŒNLMNŒ‚ŽKL‹ŒÌÌŒŽLMÌNKLMLMŽNLÎNLÎMËŒNLMŒMŽLNÎMNÍ‹LMŒNNLKMËŒNLMNŒ‚ŽLKÍ‹ÌLM‹LMŒKŽNMŒÍ‹MËŒNMÍŒŽNBŽL‹MŒÍMLŽÌ‹LMMËŽŒŒËMËŒŒMŒMÍM‚ŽLËÌKŽNŒNMŽMËLML‹NLLÎLÌËMËŒŒMŒMMMÌBŽMŽMŒŒËLMKLÌŒËMËŒŒŽŽNŒÂŽMKLMÍLLÍËŒMNNÍKMËŒNŒBŽM‹LNKŒÌMŒŽNKLLËLŒÌŽMËŒMÌNNŽMËLÌ‹ŽNMNLKLLM‹ŒÍLÌLKMËŒÌMMMBŽNMKŒÍŒLŒËLLŒÌLMÍËMËŒŽLŽLNBŽNKMM‹ŒÍLÎÌNKNLKŒŒÌMMŒÍMËŒŽMÍÌLNBÌMKŽŒŽMŽLËMÍËÌÍMLMŒLKMËŒÌÌMÂÌKMÌËÌÌŽMLKMŒËŒLMNŽMËŒÌMÍŒMLBÌ‹MÎKŽLMNÌ‹MËŽŒÍNNLLMËŒÌŒŽŒÍBÌËNŒÎMÌÍÌLÍ‹LÌ‹ŒMŽŽNNËMËŒÌŽMLMÌNËŒLÍÌÌKLM‹ŒMŒLNMÍMŒ‹MËŒÌŽLÌL‚ÌKNŒÍŒÌŒÎM‹‹NŒŽM™KLMKŽ‹ŒÍLÌÌÂÌ‹NËŒLŽLŽLËM‹ŒMNLŒL‹Ž‹ŒÍÍŒŒÌLBÌËNMÍMMÎLËÌ‹ŒMŒŒMMŽŽ‹ŒÍÍŽMBÌMÎKŽLÌLMÍÍÌÎËŽMLŽÍŒMŽ‹ŒÌÍMŒÌM‚ÌKMÌËÌMŽNNL‹ŒËŒMÍMŽŽ‹ŒÌÍÎNÎÌLMKŽÍMNÎNËÍËÌNNNLŽËŽ‹ŒÌMŽMŒÍ‚ÌLKMM‹ŒÍNNNNLÍ‹LKŒŒÌNN‹Ž‹ŒÌÌŒMŒŽBÌL‹MKŒÍÎNKLŒLÍLÎNML‹Ž‹ŒŽÌŒÂÌLËLÌ‹ŽNMLËLM‹ŒMMMMKŽ‹ŒŽLŒÌL‚ÌMLNKŒÌŽMNÌÍËLËMNMLMKŽ‹ŒLLMŽNÌMKLLLMÍÌ‹LÍËŒMMLÎLÍÍŽ‹ŒŒÌMÎŒNBÌM‹ŽŒŽMMÍLMKMKÌÍLŽKŽ‹ŒŒLÎLŒÍÌM‚ÌMËÌKŽNMÍŽML‹M‹Ž‹ŒNMÎŒÍBÌNMŒMMMŒ‹MMËŽÍÌMLÌKŽ‹ŒNÌNÂÌNKÍ‹ÌÌŒNŒŒËMŒKŽMÍÍÍMKŽ‹ŒMÍMÌLÌ‚ÌŒNŽNŽKMŒNMÍÌŒNŽ‹ŒMÍÌÍÍN‚ÌŒKLKŒÌŒÌMMMÙKLMKMŽNLÌŽÍËŽ‹ŒMMMÎBÌŒ‹LNŽNŽKMŒNMÍÌŒNŽ‹ŒMÍÌÍÍN‚ÌŒËLÍ‹ÌÌŒNŒŒËMŒKŽMÍÍÍMKŽ‹ŒMÍMÌLÌ‚ÌMMŒMMMŒ‹MMËŽÍÌMLÌKŽ‹ŒNÌNÂÌKMÌKŽNMÍŽML‹M‹Ž‹ŒNMÎŒÍBÌ‹NŽŒŽMMÍLMKMKÌÍLŽKŽ‹ŒŒLÎLŒÍÌM‚ÌËLLLLMÍÌ‹LÍËŒMMLÎLÍÍŽ‹ŒŒÌMÎŒNBÌŽLLNKŒÌŽMNÌÍËLËMNMLMKŽ‹ŒLLMŽNÌŽKLLÌ‹ŽNMLËLM‹ŒMMMMKŽ‹ŒŽLŒÌL‚ÌÌLMKŒÍÎNKLŒLÍLÎNML‹Ž‹ŒŽÌŒÂÌÌKLMM‹ŒÍNNNNLÍ‹LKŒŒÌNN‹Ž‹ŒÌÌŒMŒŽBÌÌ‹LMKŽÍMNÎNËÍËÌNNNLŽËŽ‹ŒÌMŽMŒÍ‚ÌÌËLMÌËÌMŽNNL‹ŒËŒMÍMŽŽ‹ŒÌÍÎNÎÌÍLMÎKŽLÌLMÍÍÌÎËŽMLŽÍŒMŽ‹ŒÌÍMŒÌM‚ÌÍKLNMÍMMÎLËÌ‹ŒMŒŒMMŽŽ‹ŒÍÍŽMBÌÍ‹LNËŒLŽLŽLËM‹ŒMNLŒL‹Ž‹ŒÍÍŒŒÌLBÌÍËLNŒÍŒÌŒÎM‹KMLÎLÍÌÙKLMŽ‹ŒÍLÌÌÂÌÎLNËŒLŽLŽLËLM‹ŒMNLŒL‹Ž‹ŒÍÍŒŒÌLBÌÎKLNMÍMMÎLËLÌ‹ŒMŒŒMMŽŽ‹ŒÍÍŽMBÍLMÎKŽLÌLMÍÍÌÎMËŽMLŽÍŒMŽ‹ŒÌÍMŒÌM‚ÍKLMÌËÌMŽNNL‹MŒËŒMÍMŽŽ‹ŒÌÍÎNÎÍ‹LMKŽÍMNÎNËMÍËÌNNNLŽËŽ‹ŒÌMŽMŒÍ‚ÍËLMM‹ŒÍNNNNLÍ‹NLKŒŒÌNN‹Ž‹ŒÌÌŒMŒŽBÍLMKŒÍÎNKLLŒLÍLÎNML‹Ž‹ŒŽÌŒÂÍKLLÌ‹ŽNMLËLLM‹ŒMMMMKŽ‹ŒŽLŒÌL‚Í‹LLNKŒÌŽMNÌÍËLLËMNMLMKŽ‹ŒLLMŽNÍËLLLLMÍÌ‹LLÍËŒMMLÎLÍÍŽ‹ŒŒÌMÎŒNBÍNŽŒŽMMÍLMKLMKÌÍLŽKŽ‹ŒŒLÎLŒÍÌM‚ÍKMÌKŽNMÍŽLML‹M‹Ž‹ŒNMÎŒÍBÍLMMŒMMMŒ‹LMMËŽÍÌMLÌKŽ‹ŒNÌNÂÍLKLÍ‹ÌÌŒNŒŒËLMŒKŽMÍÍÍMKŽ‹ŒMÍMÌLÌ‚ÍL‹LNŽNŽKLMŒNMÍÌŒNŽ‹ŒMÍÌÍÍN‚ÍLËL‹MNŒŒÙKLMLMŽNLÌŽÍËŽ‹ŒMMMÎBÍMNŽNŽKLMŒNMÍÌŒNŽ‹ŒMÍÌÍÍN‚ÍMKÍ‹ÌÌŒNŒŒËLMŒKŽMÍÍÍMKŽ‹ŒMÍMÌLÌ‚ÍM‹MŒMMMŒ‹LMMËŽÍÌMLÌKŽ‹ŒNÌNÂÍMËÌKŽNMÍŽLML‹M‹Ž‹ŒNMÎŒÍBÍNŽŒŽMMÍLMKLMKÌÍLŽKŽ‹ŒŒLÎLŒÍÌM‚ÍNKLLLMÍÌ‹LLÍËŒMMLÎLÍÍŽ‹ŒŒÌMÎŒNBÍŒLNKŒÌŽMNÌÍËLLËMNMLMKŽ‹ŒLLMŽNÍŒKLÌ‹ŽNMLËLLM‹ŒMMMMKŽ‹ŒŽLŒÌL‚ÍŒ‹MKŒÍÎNKLLŒLÍLÎNML‹Ž‹ŒŽÌŒÂÍŒËMM‹ŒÍNNNNLÍ‹NLKŒŒÌNN‹Ž‹ŒÌÌŒMŒŽBÍMKŽÍMNÎNËMÍËÌNNNLŽËŽ‹ŒÌMŽMŒÍ‚ÍKMÌËÌMŽNNL‹MŒËŒMÍMŽŽ‹ŒÌÍÎNÎÍ‹MÎKŽLÌLMÍÍÌÎMËŽMLŽÍŒMŽ‹ŒÌÍMŒÌM‚ÍËNMÍMMÎLËLÌ‹ŒMŒŒMMŽŽ‹ŒÍÍŽMBÍŽNËŒLŽLŽLËLM‹ŒMNLŒL‹Ž‹ŒÍÍŒŒÌLBÍŽKNŒÎLNNMËMŒŒÍÍŒŒYKLMKÌËŒÍLŽMBÍÌNËŒMŽMŒŒÍKM‹ŒMMÍÌËŒÍÌÍÌKNLMLŒŒÌ‹ŒMMÍÍÎNMËÌËŒÍŒLÎBÍÌ‹MÎKŽMMŽLMÍËËŽŽÎNMÎËÌËŒÍLÌMÍÂÍÌËMÌËÌÍMNM‹ŒËŒÍŒLÍKÌËŒÍŽL‚ÍÍMKŽLMÌKÍËÌÌÎŒÍMKÌËŒÌŽŽNLŒÌBÍÍKMM‹ŒÍÌÌÍMŒÍ‹LKNŽ‹ÌËŒÌLŽÌBÍÍ‹MKŒÎLÍMŒKLNMŽÌËŒŽNLÌNÂÍÍËLÌËŒLMÎ‹LM‹ŒŒMNLÌKÌËŒŽÌÂÍÎLNKŒÍMÌŒKLËÌŽ‹ÌËŒÍÂÍÎKLLLÎLÍËŒLÎLÎŒŽÌËŒŒNŽNBÎŽMÍŒLMÌËMKÍŒÍMÌËŒNMNÍNNBÎKÌ‹ŒLLÌŒ‹ML‹ŒLKÌËŒMÍLŒÌMÍ‚Î‹MŒÌŒLM‹MMËŽÌÍLÍÎL‹ÌËŒMMÎNLÌ‚ÎËÍ‹ÌMÍN‹MŒKŽMMLÍŒNKÌËŒMNÎÎNÌMLÌLËMŒNMŒŽŒŒŽKÌËŒLÍŽÌŒŒ‚ÎKMÌŒMÍÌMKLMKMŽNLÌ‹ÌËŒLÍLÎLÍBÎ‹LNÌMLÌLËMŒNMŒŽŒŒŽKÌËŒLÍŽÌŒŒ‚ÎËLÍ‹ÌMÍN‹MŒKŽMMLÍŒNKÌËŒMNÎÎMMŒÌŒLM‹MMËŽÌÍLÍÎL‹ÌËŒMMÎNLÌ‚ÎKMÌ‹ŒLLÌŒ‹ML‹ŒLKÌËŒMÍLŒÌMÍ‚ÎLNŽMÍŒLMÌËMKÍŒÍMÌËŒNMNÍNNBÎLKLLLLÎLÍËŒLÎLÎŒŽÌËŒŒNŽNBÎL‹LLNKŒÍMÌŒKLËÌŽ‹ÌËŒÍÂÎLËLLÌËŒLMÎ‹LM‹ŒŒMNLÌKÌËŒŽÌÂÎMLMKŒÎLÍMŒKLNMŽÌËŒŽNLÌNÂÎMKLMM‹ŒÍÌÌÍMŒÍ‹LKNŽ‹ÌËŒÌLŽÌBÎM‹LMKŽLMÌKÍËÌÌÎŒÍMKÌËŒÌŽŽNLŒÌBÎMËLMÌËÌÍMNM‹ŒËŒÍŒLÍKÌËŒÍŽL‚ÎNLMÎKŽMMŽLMÍËËŽŽÎNMÎËÌËŒÍLÌMÍÂÎNKLNLMLŒŒÌ‹ŒMMÍÍÎNMËÌËŒÍŒLÎBŽLNËŒMŽMŒŒÍKM‹ŒMMÍÌËŒÍÌŽKLNŒÎLNNMKŒÍÌMÍLYKLMÌËŒÍLŽMBŽ‹LNËŒMŽMŒŒÍKLM‹ŒMMÍÌËŒÍÌŽËLNLMLŒŒLÌ‹ŒMMÍÍÎNMËÌËŒÍŒLÎBŽLMÎKŽMMŽLMÍËMËŽŽÎNMÎËÌËŒÍLÌMÍÂŽKLMÌËÌÍMNM‹MŒËŒÍŒLÍKÌËŒÍŽL‚Ž‹LMKŽLMÌKMÍËÌÌÎŒÍMKÌËŒÌŽŽNLŒÌBŽËLMM‹ŒÍÌÌÍMŒÍ‹NLKNŽ‹ÌËŒÌLŽÌBŽLMKŒÎLÍMŒKLLNMŽÌËŒŽNLÌNÂŽKLLÌËŒLMÎ‹LLM‹ŒŒMNLÌKÌËŒŽÌÂŽLLLNKŒÍMÌŒKLLËÌŽ‹ÌËŒÍÂŽLKLLLLÎLLÍËŒLÎLÎŒŽÌËŒŒNŽNBŽL‹NŽMÍŒLMÌËLMKÍŒÍMÌËŒNMNÍNNBŽLËMÌ‹ŒLLÌŒ‹LML‹ŒLKÌËŒMÍLŒÌMÍ‚ŽMMMŒÌŒLM‹LMMËŽÌÍLÍÎL‹ÌËŒMMÎNLÌ‚ŽMKLÍ‹ÌMÍN‹LMŒKŽMMLÍŒNKÌËŒMNÎŽM‹LNÌMLÌLËLMŒNMŒŽŒŒŽKÌËŒLÍŽÌŒŒ‚ŽMËL‹ÌMMŒŽÍKLMLMŽNLÌ‹ÌËŒLÍLÎLÍBŽNNÌMLÌLËLMŒNMŒŽŒŒŽKÌËŒLÍŽÌŒŒ‚ŽNKÍ‹ÌMÍN‹LMŒKŽMMLÍŒNKÌËŒMNÎŽŒMŒÌŒLM‹LMMËŽÌÍLÍÎL‹ÌËŒMMÎNLÌ‚ŽŒKÌ‹ŒLLÌŒ‹LML‹ŒLKÌËŒMÍLŒÌMÍ‚ŽŒ‹ŽMÍŒLMÌËLMKÍŒÍMÌËŒNMNÍNNBŽŒËLLLÎLLÍËŒLÎLÎŒŽÌËŒŒNŽNBŽLNKŒÍMÌŒKLLËÌŽ‹ÌËŒÍÂŽKLÌËŒLMÎ‹LLM‹ŒŒMNLÌKÌËŒŽÌÂŽ‹MKŒÎLÍMŒKLLNMŽÌËŒŽNLÌNÂŽËMM‹ŒÍÌÌÍMŒÍ‹NLKNŽ‹ÌËŒÌLŽÌBŽŽMKŽLMÌKMÍËÌÌÎŒÍMKÌËŒÌŽŽNLŒÌBŽŽKMÌËÌÍMNM‹MŒËŒÍŒLÍKÌËŒÍŽL‚ŽÌMÎKŽMMŽLMÍËMËŽŽÎNMÎËÌËŒÍLÌMÍÂŽÌKNLMLŒŒLÌ‹ŒMMÍÍÎNMËÌËŒÍŒLÎBŽÌ‹NËŒMŽMŒŒÍKLM‹ŒMMÍÌËŒÍÌŽÌËNŒLÌÌŒN‹KŒLNNMŽMÌÌ™KLMÌÌ‹ŒÎLÍLMŽÍNËŒŒŒLÎNM‹ŒMMMÍÌÌLMKÌÌ‹ŒÎLMŒÍÍŽÍKNMŒNLNL‹Ì‹ŒMLÌŽÌÌ‹ŒÎŒLÍLMŽÍ‹MÎKŽNLMŒMLKËŽÎMMÎKÌÌ‹ŒÍÍŒÍÍÂŽÍËMÌËÍNNNLÌML‹ŒËŒŒŒLŽNŒ‹ÌÌ‹ŒÍŒNL‚ŽÎMKŽÍMÌKÍËŽNLMMM‹ÌÌ‹ŒÍMŽL‚ŽÎKMM‹ŒÎNÍNMLKMÌMÎLMÌÌËÌÌ‹ŒÌŒLMÍLBŽMKLLMÌŒLMÍLÌLÍÌÌ‹ŒŽLÎLLÍÌŽŽKLÌËŒÌÌMLM‹NŽLLÌLËÌÌ‹ŒŽMŒÌ‚Ž‹LNKŒÍLŒÍÍÍ‹LËŽLŒNÌÌ‹ŒŒÌÌÍÍLŒMBŽËLMŒNMLKLÍËŒLÌŒŒNNÌÌ‹ŒŒMMBŽÌMMŒLÌKMKMÍLLÎÌÌ‹ŒMÌÍLÌMÌBŽKÌ‹ŒLÎM‹ML‹ŒÌŒŒŒËÌÌ‹ŒMÌÎLÍÎŽ‹MŒÎMÍŽMLNNKMMËŽŽLÌŒÌŒŽKÌÌ‹ŒLMLŽLÎŽËÍ‹ÌŒÍLLŒÍMŒKŽLÌLÌÎÌÌ‹ŒLLÌÂŽNLLŒŒÍŽMŒNMMÍMÌÌ‹ŒNÎNNBŽKLËÌLÎLÍÌÙKLMKMŽNLMMÎMÌÌ‹ŒMLÌŒLŒBŽLLNLLŒŒÍŽMŒNMMÍMÌÌ‹ŒNÎNNBŽLKLÍ‹ÌŒÍLLŒÍMŒKŽLÌLÌÎÌÌ‹ŒLLÌÂŽL‹MMŒÎMÍŽMLNNKMMËŽŽLÌŒÌŒŽKÌÌ‹ŒLMLŽLÎŽLËMÌ‹ŒLÎM‹ML‹ŒÌŒŒŒËÌÌ‹ŒMÌÎLÍÎŽMNÌMMŒLÌKMKMÍLLÎÌÌ‹ŒMÌÍLÌMÌBŽMKLLMŒNMLKLÍËŒLÌŒŒNNÌÌ‹ŒŒMMBŽM‹LLNKŒÍLŒÍÍÍ‹LËŽLŒNÌÌ‹ŒŒÌÌÍÍLŒMBŽMËLLÌËŒÌÌMLM‹NŽLLÌLËÌÌ‹ŒŽMŒÌ‚ŽNLMKLLMÌŒLMÍLÌLÍÌÌ‹ŒŽLÎLLÍÌŽŽNKLMM‹ŒÎNÍNMLKMÌMÎLMÌÌËÌÌ‹ŒÌŒLMÍLBŽŒLMKŽÍMÌKÍËŽNLMMM‹ÌÌ‹ŒÍMŽL‚ŽŒKLMÌËÍNNNLÌML‹ŒËŒŒŒLŽNŒ‹ÌÌ‹ŒÍŒNL‚ŽŒ‹LMÎKŽNLMŒMLKËŽÎMMÎKÌÌ‹ŒÍÍŒÍÍÂŽŒËLNMŒNLNL‹Ì‹ŒMLÌŽÌÌ‹ŒÎŒLÍLMŽLNËŒŒŒLÎNM‹ŒMMMÍÌÌLMKÌÌ‹ŒÎLMŒÍÍŽKLNŒLÌÌŒN‹KŽMŽÌÎKLMÌÌ‹ŒÎLÍLMŽ‹LNËŒŒŒLÎNLM‹ŒMMMÍÌÌLMKÌÌ‹ŒÎLMŒÍÍŽËLNMŒNLNL‹LÌ‹ŒMLÌŽÌÌ‹ŒÎŒLÍLMŽŽLMÎKŽNLMŒMLKMËŽÎMMÎKÌÌ‹ŒÍÍŒÍÍÂŽŽKLMÌËÍNNNLÌML‹MŒËŒŒŒLŽNŒ‹ÌÌ‹ŒÍŒNL‚ŽÌLMKŽÍMÌKMÍËŽNLMMM‹ÌÌ‹ŒÍMŽL‚ŽÌKLMM‹ŒÎNÍNMNLKMÌMÎLMÌÌËÌÌ‹ŒÌŒLMÍLBŽÌ‹LMKLLMÌŒLLMÍLÌLÍÌÌ‹ŒŽLÎLLÍÌŽŽÌËLLÌËŒÌÌMLLM‹NŽLLÌLËÌÌ‹ŒŽMŒÌ‚ŽÍLLNKŒÍLŒÍÍÍ‹LLËŽLŒNÌÌ‹ŒŒÌÌÍÍLŒMBŽÍKLLMŒNMLKLLÍËŒLÌŒŒNNÌÌ‹ŒŒMMBŽÍ‹NÌMMŒLÌKLMKMÍLLÎÌÌ‹ŒMÌÍLÌMÌBŽÍËMÌ‹ŒLÎM‹LML‹ŒÌŒŒŒËÌÌ‹ŒMÌÎLÍÎŽÎMMŒÎMÍŽMLNNKLMMËŽŽLÌŒÌŒŽKÌÌ‹ŒLMLŽLÎŽÎKLÍ‹ÌŒÍLLŒÍLMŒKŽLÌLÌÎÌÌ‹ŒLLÌÂŽLNLLŒŒÍŽLMŒNMMÍMÌÌ‹ŒNÎNNBŽKL‹LŒLNLŒÌLÎYKLMLMŽNLMMÎMÌÌ‹ŒMLÌŒLŒBŽ‹NLLŒŒÍŽLMŒNMMÍMÌÌ‹ŒNÎNNBŽËÍ‹ÌŒÍLLŒÍLMŒKŽLÌLÌÎÌÌ‹ŒLLÌÂŽMŒÎMÍŽMLNNKLMMËŽŽLÌŒÌŒŽKÌÌ‹ŒLMLŽLÎŽKÌ‹ŒLÎM‹LML‹ŒÌŒŒŒËÌÌ‹ŒMÌÎLÍÎŽ‹ÌMMŒLÌKLMKMÍLLÎÌÌ‹ŒMÌÍLÌMÌBŽËLMŒNMLKLLÍËŒLÌŒŒNNÌÌ‹ŒŒMMBŽLNKŒÍLŒÍÍÍ‹LLËŽLŒNÌÌ‹ŒŒÌÌÍÍLŒMBŽKLÌËŒÌÌMLLM‹NŽLLÌLËÌÌ‹ŒŽMŒÌ‚ŽLMKLLMÌŒLLMÍLÌLÍÌÌ‹ŒŽLÎLLÍÌŽŽLKMM‹ŒÎNÍNMNLKMÌMÎLMÌÌËÌÌ‹ŒÌŒLMÍLBŽL‹MKŽÍMÌKMÍËŽNLMMM‹ÌÌ‹ŒÍMŽL‚ŽLËMÌËÍNNNLÌML‹MŒËŒŒŒLŽNŒ‹ÌÌ‹ŒÍŒNL‚ŽMMÎKŽNLMŒMLKMËŽÎMMÎKÌÌ‹ŒÍÍŒÍÍÂŽMKNMŒNLNL‹LÌ‹ŒMLÌŽÌÌ‹ŒÎŒLÍLMŽM‹NËŒŒŒLÎNLM‹ŒMMMÍÌÌLMKÌÌ‹ŒÎLMŒÍÍŽMËNŒNLÍMÎÎNK‹ŽNMLLLL™KLMKÍMËÌLÍŒÂŽNNËŒÎÍŒÌLM‹M‹ŒMLÍÎLÍMKÍMËÎNLLÌLÂŽNKNMLÍNŒËÌ‹ŒMÌMMÍMMËÍMËŒŽLŒÌL‚ŽLNŒÌŒŒŒŒŒKËŽŽŒNLÌL‹ÍMËÌMÍ‚ŽLKMÌËÎLNLNMÌËŒËŒÌÍNLËÍMËŒÎÍÍÍŒ‚ŽL‹MKŽLŒLÍKÍËŒÍŽLÌKÍMËŒÍŒÎŽŽBŽLËMM‹NLËLKMÎLÎNLKÍMËŒÌÌÍÍÌLMŒBŽLMKÌMLÍÍ‹LMLÍMLÌÍËÍMËŒŽNLLLL‚ŽLKLÌËŒLLŽMMKLM‹MŒŒÍŒÍKÍMËŒŒLNBŽL‹LNKŒÎÍÍÌNLKLËLMÌÍ‹ÍMËŒŒŒNMÌŒ‚ŽLËLMŽÎ‹LÍËŒLLÍŒMMÌËÍMËŒNÌÂŽLÌÍŒŒŽMÎËMKMLNMËÍMËŒMŒNLÌMŒ‚ŽLKÌ‹ŒŽMŽMŒML‹ŒÎMLÎŽ‹ÍMËŒLLÌŒLÂŽLLMMŒÍNËMMËŽMÌMÍÌ‹ÍMËŒMLMÎŽLLKÍ‹ÌÌÍLŽMŒKŽLÎNÍMËŒMMÂŽLL‹NMŒÌÍÎLML‹MŒNLÍLÎMÌËÍMËŒLNNLÌÂŽLLËM‹MLŽMLÍKLMKMŽNLLŽMÌ‹ÍMËŒÍŒLÌL‚ŽLMLNMŒÌÍÎLML‹MŒNLÍLÎMÌËÍMËŒLNNLÌÂŽLMKLÍ‹ÌÌÍLŽMŒKŽLÎNÍMËŒMMÂŽLM‹MMMŒÍNËMMËŽMÌMÍÌ‹ÍMËŒMLMÎŽLMËMÌ‹ŒŽMŽMŒML‹ŒÎMLÎŽ‹ÍMËŒLLÌŒLÂŽLNNÌÍŒŒŽMÎËMKMLNMËÍMËŒMŒNLÌMŒ‚ŽLNKLLMŽÎ‹LÍËŒLLÍŒMMÌËÍMËŒNÌÂŽLŒLLNKŒÎÍÍÌNLKLËLMÌÍ‹ÍMËŒŒŒNMÌŒ‚ŽLŒKLLÌËŒLLŽMMKLM‹MŒŒÍŒÍKÍMËŒŒLNBŽLŒ‹LMKÌMLÍÍ‹LMLÍMLÌÍËÍMËŒŽNLLLL‚ŽLŒËLMM‹NLËLKMÎLÎNLKÍMËŒÌÌÍÍÌLMŒBŽLLMKŽLŒLÍKÍËŒÍŽLÌKÍMËŒÍŒÎŽŽBŽLKLMÌËÎLNLNMÌËŒËŒÌÍNLËÍMËŒÎÍÍÍŒ‚ŽL‹LNŒÌŒŒŒŒŒKËŽŽŒNLÌL‹ÍMËÌMÍ‚ŽLËLNMLÍNŒËÌ‹ŒMÌMMÍMMËÍMËŒŽLŒÌL‚ŽLŽLNËŒÎÍŒÌLM‹M‹ŒMLÍÎLÍMKÍMËÎNLLÌLÂŽLŽKLNŒNLÍMÎÎNKKÌLŒÍÎLM™KLMÍMËÌLÍŒÂŽLÌLNËŒÎÍŒÌLM‹LM‹ŒMLÍÎLÍMKÍMËÎNLLÌLÂŽLÌKLNMLÍNŒËLÌ‹ŒMÌMMÍMMËÍMËŒŽLŒÌL‚ŽLÌ‹LNŒÌŒŒŒŒŒKMËŽŽŒNLÌL‹ÍMËÌMÍ‚ŽLÌËLMÌËÎLNLNMÌËMŒËŒÌÍNLËÍMËŒÎÍÍÍŒ‚ŽLÍLMKŽLŒLÍKMÍËŒÍŽLÌKÍMËŒÍŒÎŽŽBŽLÍKLMM‹NLËNLKMÎLÎNLKÍMËŒÌÌÍÍÌLMŒBŽLÍ‹LMKÌMLÍÍ‹LLMLÍMLÌÍËÍMËŒŽNLLLL‚ŽLÍËLLÌËŒLLŽMMKLLM‹MŒŒÍŒÍKÍMËŒŒLNBŽLÎLLNKŒÎÍÍÌNLKLLËLMÌÍ‹ÍMËŒŒŒNMÌŒ‚ŽLÎKLLMŽÎ‹LLÍËŒLLÍŒMMÌËÍMËŒNÌÂŽMNÌÍŒŒŽMÎËLMKMLNMËÍMËŒMŒNLÌMŒ‚ŽMKMÌ‹ŒŽMŽMŒLML‹ŒÎMLÎŽ‹ÍMËŒLLÌŒLÂŽM‹MMMŒÍNËLMMËŽMÌMÍÌ‹ÍMËŒMLMÎŽMËLÍ‹ÌÌÍLŽLMŒKŽLÎNÍMËŒMMÂŽMLNMŒÌÍÎLML‹LMŒNLÍLÎMÌËÍMËŒLNNLÌÂŽMKL‹ŒÌLÌÎMLN™KLMLMŽNLLŽMÌ‹ÍMËŒÍŒLÌL‚ŽM‹NMŒÌÍÎLML‹LMŒNLÍLÎMÌËÍMËŒLNNLÌÂŽMËÍ‹ÌÌÍLŽLMŒKŽLÎNÍMËŒMMÂŽMMMŒÍNËLMMËŽMÌMÍÌ‹ÍMËŒMLMÎŽMKÌ‹ŒŽMŽMŒLML‹ŒÎMLÎŽ‹ÍMËŒLLÌŒLÂŽMLÌÍŒŒŽMÎËLMKMLNMËÍMËŒMŒNLÌMŒ‚ŽMLKLMŽÎ‹LLÍËŒLLÍŒMMÌËÍMËŒNÌÂŽML‹LNKŒÎÍÍÌNLKLLËLMÌÍ‹ÍMËŒŒŒNMÌŒ‚ŽMLËLÌËŒLLŽMMKLLM‹MŒŒÍŒÍKÍMËŒŒLNBŽMMMKÌMLÍÍ‹LLMLÍMLÌÍËÍMËŒŽNLLLL‚ŽMMKMM‹NLËNLKMÎLÎNLKÍMËŒÌÌÍÍÌLMŒBŽMM‹MKŽLŒLÍKMÍËŒÍŽLÌKÍMËŒÍŒÎŽŽBŽMMËMÌËÎLNLNMÌËMŒËŒÌÍNLËÍMËŒÎÍÍÍŒ‚ŽMNNŒÌŒŒŒŒŒKMËŽŽŒNLÌL‹ÍMËÌMÍ‚ŽMNKNMLÍNŒËLÌ‹ŒMÌMMÍMMËÍMËŒŽLŒÌL‚ŽMŒNËŒÎÍŒÌLM‹LM‹ŒMLÍÎLÍMKÍMËÎNLLÌLÂŽMŒKNŒMMÍÍÍËÍÍŒÍŽNÌL™KLMKÎ‹ÎŽLŽŽMŒ‹NËŒÌÎNŽKM‹ŒMLMNNLL‹Î‹ÍMŒÍ‚ŽMŒËNNNLMMËÌ‹ŒMÍNŒL‹Î‹ŒÍÍBŽMNŒÍMÎMŒMKËŽNÍÍÌŽÎ‹ŒÍÎŽŽMKMÌËŽŒÍŒËŒÌLŒLÌËÎ‹ŒLŒLÌBŽM‹MKŽLMÎLL‹ÍËŒŒLÍKÎ‹ŒÎLLÍŽBŽMËMM‹ÌŒLÎËLKLNLLLNLKÎ‹ŒÍLLMBŽMŽMKMLMËLLŽŒNNLÎÎ‹ŒÌMÎÌŒŽBŽMŽKLÌËŒÍLÌMÍMKLM‹MÍÍMËÎ‹ŒMÍÍÌÎBŽMÌLNKLMLŽMKLËÌÍÎLŒMKÎ‹ŒŒMÎŽMÌKLNLŒŽNN‹LÍËŒNŒMNLKÎ‹ŒMNLLBŽMÌ‹ÍNMM‹MKÎÌÍÎ‹ŒLLŽŽNLMŽMÌËÌ‹ŒŒÎMÌŒML‹ŒÎŽLMÍÎ‹ŒÌMÌÂŽMÍMŽMÍÌNMMËŽNLÎÍÎKÎ‹ŒÍŽLNLNŽMÍKÍ‹ÍÍ‹MŒKŽÍÎÌŒËÎ‹ŒLLÍÍŽBŽMÍ‹NŒNNNLMNKMŒNLNNMNKÎKŽNMÎNMMBŽMÍËLËMÌŒLÌLÍKLMKMŽNMÎKŽNLÌÌLBŽMÎLNŒNNNLMNKMŒNLNNMNKÎKŽNMÎNMMBŽMÎKLÍ‹ÍÍ‹MŒKŽÍÎÌŒËÎ‹ŒLLÍÍŽBŽNMMŽMÍÌNMMËŽNLÎÍÎKÎ‹ŒÍŽLNLNŽNKMÌ‹ŒŒÎMÌŒML‹ŒÎŽLMÍÎ‹ŒÌMÌÂŽN‹NÍNMM‹MKÎÌÍÎ‹ŒLLŽŽNLMŽNËLLNLŒŽNN‹LÍËŒNŒMNLKÎ‹ŒMNLLBŽNLLNKLMLŽMKLËÌÍÎLŒMKÎ‹ŒŒMÎŽNKLLÌËŒÍLÌMÍMKLM‹MÍÍMËÎ‹ŒMÍÍÌÎBŽN‹LMKMLMËLLŽŒNNLÎÎ‹ŒÌMÎÌŒŽBŽNËLMM‹ÌŒLÎËLKLNLLLNLKÎ‹ŒÍLLMBŽNLMKŽLMÎLL‹ÍËŒŒLÍKÎ‹ŒÎLLÍŽBŽNKLMÌËŽŒÍŒËŒÌLŒLÌËÎ‹ŒLŒLÌBŽNLLNŒÍMÎMŒMKËŽNÍÍÌŽÎ‹ŒÍÎŽŽNLKLNNNLMMËÌ‹ŒMÍNŒL‹Î‹ŒÍÍBŽNL‹LNËŒÌÎNŽKM‹ŒMLMNNLL‹Î‹ÍMŒÍ‚ŽNLËLNŒMMÍÍÍËKÌÍMÌLÙKLMÎ‹ÎŽLŽŽNMLNËŒÌÎNŽKLM‹ŒMLMNNLL‹Î‹ÍMŒÍ‚ŽNMKLNNNLMMËLÌ‹ŒMÍNŒL‹Î‹ŒÍÍBŽNM‹LNŒÍMÎMŒMKMËŽNÍÍÌŽÎ‹ŒÍÎŽŽNMËLMÌËŽŒÍMŒËŒÌLŒLÌËÎ‹ŒLŒLÌBŽNNLMKŽLMÎLL‹MÍËŒŒLÍKÎ‹ŒÎLLÍŽBŽNNKLMM‹ÌŒLÎËNLKLNLLLNLKÎ‹ŒÍLLMBŒLLMKMLMËLLLŽŒNNLÎÎ‹ŒÌMÎÌŒŽBŒLKLLÌËŒÍLÌMÍMKLLM‹MÍÍMËÎ‹ŒMÍÍÌÎBŒL‹LLNKLMLŽMKLLËÌÍÎLŒMKÎ‹ŒŒMÎŒLËLLNLŒŽNN‹LLÍËŒNŒMNLKÎ‹ŒMNLLBŒLNÍNMM‹LMKÎÌÍÎ‹ŒLLŽŽNLMŒLKMÌ‹ŒŒÎMÌŒLML‹ŒÎŽLMÍÎ‹ŒÌMÌÂŒL‹MMŽMÍÌNLMMËŽNLÎÍÎKÎ‹ŒÍŽLNLNŒLËLÍ‹ÍÍ‹LMŒKŽÍÎÌŒËÎ‹ŒLLÍÍŽBŒLLNŒNNNLMNKLMŒNLNNMNKÎKŽNMÎNMMBŒLKL‹ŽMNÍMÌÎMYKLMLMŽNMÎKŽNLÌÌLBŒLLNŒNNNLMNKLMŒNLNNMNKÎKŽNMÎNMMBŒLLKÍ‹ÍÍ‹LMŒKŽÍÎÌŒËÎ‹ŒLLÍÍŽBŒLL‹MŽMÍÌNLMMËŽNLÎÍÎKÎ‹ŒÍŽLNLNŒLLËÌ‹ŒŒÎMÌŒLML‹ŒÎŽLMÍÎ‹ŒÌMÌÂŒLMÍNMM‹LMKÎÌÍÎ‹ŒLLŽŽNLMŒLMKLNLŒŽNN‹LLÍËŒNŒMNLKÎ‹ŒMNLLBŒLM‹LNKLMLŽMKLLËÌÍÎLŒMKÎ‹ŒŒMÎŒLMËLÌËŒÍLÌMÍMKLLM‹MÍÍMËÎ‹ŒMÍÍÌÎBŒLNMKMLMËLLLŽŒNNLÎÎ‹ŒÌMÎÌŒŽBŒLNKMM‹ÌŒLÎËNLKLNLLLNLKÎ‹ŒÍLLMBŒLŒMKŽLMÎLL‹MÍËŒŒLÍKÎ‹ŒÎLLÍŽBŒLŒKMÌËŽŒÍMŒËŒÌLŒLÌËÎ‹ŒLŒLÌBŒLŒ‹NŒÍMÎMŒMKMËŽNÍÍÌŽÎ‹ŒÍÎŽŒLŒËNNNLMMËLÌ‹ŒMÍNŒL‹Î‹ŒÍÍBŒLNËŒÌÎNŽKLM‹ŒMLMNNLL‹Î‹ÍMŒÍ‚ŒLKNŒÌLÌÎLÍ‹KLÌMLLÌLŽLYKLMKËLÎLŒŽMÌ‚ŒL‹NËŒÎMÍÍKM‹ŒMÎMÍKËLÍÍŽMLL‚ŒLËNLÌÍLKÌ‹ŒLÍMMNNKËLNNLÌLBŒLŽNŒLMÍMÍMMŒ‹ËŽÍNMLËËMNÍMŒ‚ŒLŽKMÌËŽMÎMLËŒËŒMLMMŒÌŒKËŒMÍLMŒLÌMKŽMÍÌŒLËÍËŒŒMÎÍÎMËËŒLMÍÌBŒLÌKMM‹MMÌŒLÌ‹LKLÌŒŽMLMKËŒÍÌŒÌLÍBŒLÌ‹MKÍÍÍŒÍÌLLÍŽLËŒÌMÍ‚ŒLÌËLÌËŒLNŽLËLM‹LMÌNL‹ËŒLÎMNŒLÍLNKÎÍÎMLËLÌLNMŽËŒNLMNŒBŒLÍKLŒNM‹LÍËŒÍÍŒŒKËŒLÌŒŽÎBŒLÍ‹ÎLÎLMŒNMKÌMÍMMNËËŒÌÎMÍÂŒLÍËÌ‹ŒLÌLÍÌ‹ML‹ŒÍÎÌNNNKËŒŒÍLBŒLÎMŽŒŽÍKMMËŽLÎMLMK‹ŽMÍÎÎÍ‚ŒLÎKÍ‹ÍMŒÌŒLKMŒKŽÎMŽN‹ŽMMMŒÌBŒLNŽŽLÎKMŒNLMÍÍ‹‹ŽLMMÍMLBŒLKMŒMLÌÌKLMKMŽNNMÍK‹ŽLNŒNL‚ŒL‹LNŽŽLÎKMŒNLMÍÍ‹‹ŽLMMÍMLBŒLËLÍ‹ÍMŒÌŒLKMŒKŽÎMŽN‹ŽMMMŒÌBŒLMMŽŒŽÍKMMËŽLÎMLMK‹ŽMÍÎÎÍ‚ŒLKMÌ‹ŒLÌLÍÌ‹ML‹ŒÍÎÌNNNKËŒŒÍLBŒL‹NÎLÎLMŒNMKÌMÍMMNËËŒÌÎMÍÂŒLËLLŒNM‹LÍËŒÍÍŒŒKËŒLÌŒŽÎBŒLLLNKÎÍÎMLËLÌLNMŽËŒNLMNŒBŒLKLLÌËŒLNŽLËLM‹LMÌNL‹ËŒLÎMNŒLLLMKÍÍÍŒÍÌLLÍŽLËŒÌMÍ‚ŒLLKLMM‹MMÌŒLÌ‹LKLÌŒŽMLMKËŒÍÌŒÌLÍBŒLL‹LMKŽMÍÌŒLËÍËŒŒMÎÍÎMËËŒLMÍÌBŒLLËLMÌËŽMÎMLËŒËŒMLMMŒÌŒKËŒMÍLMŒLMLNŒLMÍMÍMMŒ‹ËŽÍNMLËËMNÍMŒ‚ŒLMKLNLÌÍLKÌ‹ŒLÍMMNNKËLNNLÌLBŒLM‹LNËŒÎMÍÍKM‹ŒMÎMÍKËLÍÍŽMLL‚ŒLMËLNŒÌLÌÎLÍ‹KŽLŒLMMLYKLMËLÎLŒŽMÌ‚ŒLNLNËŒÎMÍÍKLM‹ŒMÎMÍKËLÍÍŽMLL‚ŒLNKLNLÌÍLKLÌ‹ŒLÍMMNNKËLNNLÌLBŒLŒLNŒLMÍMÍMMŒ‹MËŽÍNMLËËMNÍMŒ‚ŒLŒKLMÌËŽMÎMLËMŒËŒMLMMŒÌŒKËŒMÍLMŒLŒ‹LMKŽMÍÌŒLËMÍËŒŒMÎÍÎMËËŒLMÍÌBŒLŒËLMM‹MMÌŒLÌ‹NLKLÌŒŽMLMKËŒÍÌŒÌLÍBŒLLMKÍÍÍŒÍÌLLLÍŽLËŒÌMÍ‚ŒLKLLÌËŒLNŽLËLLM‹LMÌNL‹ËŒLÎMNŒL‹LLNKÎÍÎMLLËLÌLNMŽËŒNLMNŒBŒLËLLŒNM‹LLÍËŒÍÍŒŒKËŒLÌŒŽÎBŒLŽNÎLÎLMŒNLMKÌMÍMMNËËŒÌÎMÍÂŒLŽKMÌ‹ŒLÌLÍÌ‹LML‹ŒÍÎÌNNNKËŒŒÍLBŒLÌMMŽŒŽÍKLMMËŽLÎMLMK‹ŽMÍÎÎÍ‚ŒLÌKLÍ‹ÍMŒÌŒLKLMŒKŽÎMŽN‹ŽMMMŒÌBŒLÌ‹LNŽŽLÎKLMŒNLMÍÍ‹‹ŽLMMÍMLBŒLÌËL‹ŒLLÌÍŒYKLMLMŽNNMÍK‹ŽLNŒNL‚ŒLÍNŽŽLÎKLMŒNLMÍÍ‹‹ŽLMMÍMLBŒLÍKÍ‹ÍMŒÌŒLKLMŒKŽÎMŽN‹ŽMMMŒÌBŒLÍ‹MŽŒŽÍKLMMËŽLÎMLMK‹ŽMÍÎÎÍ‚ŒLÍËÌ‹ŒLÌLÍÌ‹LML‹ŒÍÎÌNNNKËŒŒÍLBŒLÎÎLÎLMŒNLMKÌMÍMMNËËŒÌÎMÍÂŒLÎKLŒNM‹LLÍËŒÍÍŒŒKËŒLÌŒŽÎBŒLLNKÎÍÎMLLËLÌLNMŽËŒNLMNŒBŒLKLÌËŒLNŽLËLLM‹LMÌNL‹ËŒLÎMNŒL‹MKÍÍÍŒÍÌLLLÍŽLËŒÌMÍ‚ŒLËMM‹MMÌŒLÌ‹NLKLÌŒŽMLMKËŒÍÌŒÌLÍBŒLMKŽMÍÌŒLËMÍËŒŒMÎÍÎMËËŒLMÍÌBŒLKMÌËŽMÎMLËMŒËŒMLMMŒÌŒKËŒMÍLMŒL‹NŒLMÍMÍMMŒ‹MËŽÍNMLËËMNÍMŒ‚ŒLËNLÌÍLKLÌ‹ŒLÍMMNNKËLNNLÌLBŒLNËŒÎMÍÍKLM‹ŒMÎMÍKËLÍÍŽMLL‚ŒLKNŒÍŒÌÍŒ‹‹ŒNÍŒŒÌNKLMKÌ‹ŒMLNMÂŒLLNËÎLÍÍLLÌËM‹ŒMMŒNLÍÌ‹ŒŒŽÎ‚ŒLLKNŽLMLLM‹Ì‹ŒLŽMÎÌMËÌ‹NLÍMBŒLL‹NŒMLÎMËËÎMŒLLLÍËÌ‹MMÍŒNLLÍ‚ŒLLËMÌËŽNNÍÍŒ‹ŽNNÍMŽLKÌ‹LMLÍÍÂŒLMMKŽMŽLKÍËNNŽŒŒ‹Ì‹NNLL‚ŒLMKMM‹ÎNMLLKŽLŒL‹Ì‹ŒÎMŒÍÌŒŒÂŒLM‹MKLLŽËLÍÌÎLŽËÌ‹ŒÌMŽÂŒLMËLÌËŒLÌLNNLM‹LÎŽMKÌ‹ŒMŽŒ‚ŒLNLNKLNLKLËŒÎLÌÌŽËÌ‹ŒMÌŒÌLÍMBŒLNKLMÌŒËLÍËŒÍÎÌ‹ŒMMÍÍLŒLLŽŽNÌ‹MKNMMMÍMÌ‹ŒÌNBŒLLKÌ‹ŒLŒÎMŒŒLËML‹ŒÍŽMŒÍMÍM‹ÌKŽMŒNMŽŒLL‹MÌÎLLÍLËMMËŽÎLÌŽÌKŽLÎM‚ŒLLËÍ‹ÍŽÎŒLMKMŒKŽLŽÌŒ‹ÌKŽÍŽNÂŒLLNÍÌLÎMMMŒNLŽNMÌKŽNMŒNŒLLKMŒÌNMMŒMMKLMKMŽNÍÎÌKŽÌÍÌMNMBŒLL‹LNÍÌLÎMMMŒNLŽNMÌKŽNMŒNŒLLËLÍ‹ÍŽÎŒLMKMŒKŽLŽÌŒ‹ÌKŽÍŽNÂŒLLMMÌÎLLÍLËMMËŽÎLÌŽÌKŽLÎM‚ŒLLKMÌ‹ŒLŒÎMŒŒLËML‹ŒÍŽMŒÍMÍM‹ÌKŽMŒNMŽŒLLLNŽŽNÌ‹MKNMMMÍMÌ‹ŒÌNBŒLLLKLLMÌŒËLÍËŒÍÎÌ‹ŒMMÍÍLŒLLL‹LLNKLNLKLËŒÎLÌÌŽËÌ‹ŒMÌŒÌLÍMBŒLLLËLLÌËŒLÌLNNLM‹LÎŽMKÌ‹ŒMŽŒ‚ŒLLMLMKLLŽËLÍÌÎLŽËÌ‹ŒÌMŽÂŒLLMKLMM‹ÎNMLLKŽLŒL‹Ì‹ŒÎMŒÍÌŒŒÂŒLLM‹LMKŽMŽLKÍËNNŽŒŒ‹Ì‹NNLL‚ŒLLMËLMÌËŽNNÍÍŒ‹ŽNNÍMŽLKÌ‹LMLÍÍÂŒLLNLNŒMLÎMËËÎMŒLLLÍËÌ‹MMÍŒNLLÍ‚ŒLLNKLNŽLMLLM‹Ì‹ŒLŽMÎÌMËÌ‹NLÍMBŒLLŒLNËÎLÍÍLLÌËM‹ŒMMŒNLÍÌ‹ŒŒŽÎ‚ŒLLŒKLNŒÍŒÌÍŒ‹KŽMŒMŒÌŒÌKLMÌ‹ŒMLNMÂŒLLŒ‹LNËÎLÍÍLLÌËLM‹ŒMMŒNLÍÌ‹ŒŒŽÎ‚ŒLLŒËLNŽLMLLM‹LÌ‹ŒLŽMÎÌMËÌ‹NLÍMBŒLLLNŒMLÎMËMËÎMŒLLLÍËÌ‹MMÍŒNLLÍ‚ŒLLKLMÌËŽNNÍÍMŒ‹ŽNNÍMŽLKÌ‹LMLÍÍÂŒLL‹LMKŽMŽLKMÍËNNŽŒŒ‹Ì‹NNLL‚ŒLLËLMM‹ÎNMLNLKŽLŒL‹Ì‹ŒÎMŒÍÌŒŒÂŒLLŽLMKLLŽËLLÍÌÎLŽËÌ‹ŒÌMŽÂŒLLŽKLLÌËŒLÌLNNLLM‹LÎŽMKÌ‹ŒMŽŒ‚ŒLLÌLLNKLNLKLLËŒÎLÌÌŽËÌ‹ŒMÌŒÌLÍMBŒLLÌKLLMÌŒËLLÍËŒÍÎÌ‹ŒMMÍÍLŒLLÌ‹NŽŽNÌ‹LMKNMMMÍMÌ‹ŒÌNBŒLLÌËMÌ‹ŒLŒÎMŒŒLËLML‹ŒÍŽMŒÍMÍM‹ÌKŽMŒNMŽŒLLÍMMÌÎLLÍLËLMMËŽÎLÌŽÌKŽLÎM‚ŒLLÍKLÍ‹ÍŽÎŒLMKLMŒKŽLŽÌŒ‹ÌKŽÍŽNÂŒLLÍ‹LNÍÌLÎMMLMŒNLŽNMÌKŽNMŒNŒLLÍËL‹NLLLNÍ™KLMLMŽNÍÎÌKŽÌÍÌMNMBŒLLÎNÍÌLÎMMLMŒNLŽNMÌKŽNMŒNŒLLÎKÍ‹ÍŽÎŒLMKLMŒKŽLŽÌŒ‹ÌKŽÍŽNÂŒLMMÌÎLLÍLËLMMËŽÎLÌŽÌKŽLÎM‚ŒLMKÌ‹ŒLŒÎMŒŒLËLML‹ŒÍŽMŒÍMÍM‹ÌKŽMŒNMŽŒLM‹ŽŽNÌ‹LMKNMMMÍMÌ‹ŒÌNBŒLMËLMÌŒËLLÍËŒÍÎÌ‹ŒMMÍÍLŒLMLNKLNLKLLËŒÎLÌÌŽËÌ‹ŒMÌŒÌLÍMBŒLMKLÌËŒLÌLNNLLM‹LÎŽMKÌ‹ŒMŽŒ‚ŒLM‹MKLLŽËLLÍÌÎLŽËÌ‹ŒÌMŽÂŒLMËMM‹ÎNMLNLKŽLŒL‹Ì‹ŒÎMŒÍÌŒŒÂŒLMMKŽMŽLKMÍËNNŽŒŒ‹Ì‹NNLL‚ŒLMKMÌËŽNNÍÍMŒ‹ŽNNÍMŽLKÌ‹LMLÍÍÂŒLMLNŒMLÎMËMËÎMŒLLLÍËÌ‹MMÍŒNLLÍ‚ŒLMLKNŽLMLLM‹LÌ‹ŒLŽMÎÌMËÌ‹NLÍMBŒLML‹NËÎLÍÍLLÌËLM‹ŒMMŒNLÍÌ‹ŒŒŽÎ‚ŒLMLËNŒÎMMŒNNËLÌÍMŒMYKLMKMËÌLÌÌBŒLMMNËÍÌKM‹ŒMMÍMÍÌ‹MËÌÍLMÍBŒLMMKNÌMMÍÌÎKÌ‹ŒLŒNMMMŽMM‹MËÍÍŒLLÂŒLMM‹NŒMÍÍMŒÎKËÎLMËŒÌÍÌÌÌÍMBŒLMMËMÌËŽLLÌÍÍKŒ‹ŽNÎMËMÍÍÎLLŒNŒLMNMKŽNNLMŒŒ‹ÍËMÎLŽMLLËMËLŽMMBŒLMNKMM‹NLÌŒŒÍKLKŒLÍ‹MËŽLÌÌÂŒLMŒMKLŒÌÍËLMŽŽKMËŒÌÎNMÎLM‚ŒLMŒKLÌËŒMLÌLÌKLM‹ÌKMËŒMŒŽLNBŒLMŒ‹LNKNLMÌLNKLËŒÍÍŒÍMKMËŒMMŽMBŒLMŒËLŽMMŒKLÍËŒLMLŽLËMËŒMLMŒBŒLMŽÌÍLMÍÍ‹MKÍÍLMLÍKM‹ŽMŒMŒBŒLMKÌ‹ŒLÌÍÌŒÎML‹ŒÍŒLÍLLËM‹ŽÍÌLÌÌÍŒLM‹MÌŒNŽNN‹MMËŽÌÎŒM‹ŽŒŒŒM‚ŒLMËÍ‹ÎLLLÍ‹MŒKÎNŽÎM‹ÍÌÍNMNŒLMŽNÍLŽN‹MŒNÍMLNM‹ÍŒMÍŒŒBŒLMŽKMKŒŒÍÍLMNYKLMKMŽNŒŽNM‹ÌÌNLŒÍBŒLMÌLNÍLŽN‹MŒNÍMLNM‹ÍŒMÍŒŒBŒLMÌKLÍ‹ÎLLLÍ‹MŒKÎNŽÎM‹ÍÌÍNMNŒLMÌ‹MMÌŒNŽNN‹MMËŽÌÎŒM‹ŽŒŒŒM‚ŒLMÌËMÌ‹ŒLÌÍÌŒÎML‹ŒÍŒLÍLLËM‹ŽÍÌLÌÌÍŒLMÍNŽÌÍLMÍÍ‹MKÍÍLMLÍKM‹ŽMŒMŒBŒLMÍKLLŽMMŒKLÍËŒLMLŽLËMËŒMLMŒBŒLMÍ‹LLNKNLMÌLNKLËŒÍÍŒÍMKMËŒMMŽMBŒLMÍËLLÌËŒMLÌLÌKLM‹ÌKMËŒMŒŽLNBŒLMÎLMKLŒÌÍËLMŽŽKMËŒÌÎNMÎLM‚ŒLMÎKLMM‹NLÌŒŒÍKLKŒLÍ‹MËŽLÌÌÂŒLNLMKŽNNLMŒŒ‹ÍËMÎLŽMLLËMËLŽMMBŒLNKLMÌËŽLLÌÍÍKŒ‹ŽNÎMËMÍÍÎLLŒNŒLN‹LNŒMÍÍMŒÎKËÎLMËŒÌÍÌÌÌÍMBŒLNËLNÌMMÍÌÎKÌ‹ŒLŒNMMMŽMM‹MËÍÍŒLLÂŒLNLNËÍÌKM‹ŒMMÍMÍÌ‹MËÌÍLMÍBŒLNKLNŒÎMMŒNNKŽŽŒLÍYKLMMËÌLÌÌBŒLN‹LNËÍÌKLM‹ŒMMÍMÍÌ‹MËÌÍLMÍBŒLNËLNÌMMÍÌÎKLÌ‹ŒLŒNMMMŽMM‹MËÍÍŒLLÂŒLNLNŒMÍÍMŒÎKMËÎLMËŒÌÍÌÌÌÍMBŒLNKLMÌËŽLLÌÍÍKMŒ‹ŽNÎMËMÍÍÎLLŒNŒLNLLMKŽNNLMŒŒ‹MÍËMÎLŽMLLËMËLŽMMBŒLNLKLMM‹NLÌŒŒÍKNLKŒLÍ‹MËŽLÌÌÂŒLNL‹LMKLŒÌÍËLLMŽŽKMËŒÌÎNMÎLM‚ŒLNLËLLÌËŒMLÌLÌKLLM‹ÌKMËŒMŒŽLNBŒLNMLLNKNLMÌLNKLLËŒÍÍŒÍMKMËŒMMŽMBŒLNMKLLŽMMŒKLLÍËŒLMLŽLËMËŒMLMŒBŒLNM‹NŽÌÍLMÍÍ‹LMKÍÍLMLÍKM‹ŽMŒMŒBŒLNMËMÌ‹ŒLÌÍÌŒÎLML‹ŒÍŒLÍLLËM‹ŽÍÌLÌÌÍŒLNNMMÌŒNŽNN‹LMMËŽÌÎŒM‹ŽŒŒŒM‚ŒLNNKLÍ‹ÎLLLÍ‹LMŒKÎNŽÎM‹ÍÌÍNMNŒLŒLNÍLŽN‹LMŒNÍMLNM‹ÍŒMÍŒŒBŒLŒKL‹ŒNLLYKLMLMŽNŒŽNM‹ÌÌNLŒÍBŒLŒ‹NÍLŽN‹LMŒNÍMLNM‹ÍŒMÍŒŒBŒLŒËÍ‹ÎLLLÍ‹LMŒKÎNŽÎM‹ÍÌÍNMNŒLŒMÌŒNŽNN‹LMMËŽÌÎŒM‹ŽŒŒŒM‚ŒLŒKÌ‹ŒLÌÍÌŒÎLML‹ŒÍŒLÍLLËM‹ŽÍÌLÌÌÍŒLŒ‹ŽÌÍLMÍÍ‹LMKÍÍLMLÍKM‹ŽMŒMŒBŒLŒËLŽMMŒKLLÍËŒLMLŽLËMËŒMLMŒBŒLŒLNKNLMÌLNKLLËŒÍÍŒÍMKMËŒMMŽMBŒLŒKLÌËŒMLÌLÌKLLM‹ÌKMËŒMŒŽLNBŒLŒLMKLŒÌÍËLLMŽŽKMËŒÌÎNMÎLM‚ŒLŒLKMM‹NLÌŒŒÍKNLKŒLÍ‹MËŽLÌÌÂŒLŒL‹MKŽNNLMŒŒ‹MÍËMÎLŽMLLËMËLŽMMBŒLŒLËMÌËŽLLÌÍÍKMŒ‹ŽNÎMËMÍÍÎLLŒNŒLŒMNŒMÍÍMŒÎKMËÎLMËŒÌÍÌÌÌÍMBŒLŒMKNÌMMÍÌÎKLÌ‹ŒLŒNMMMŽMM‹MËÍÍŒLLÂŒLŒM‹NËÍÌKLM‹ŒMMÍMÍÌ‹MËÌÍLMÍBŒLŒMËNŒÍÎL‹KŒÌŒMÎMŒLÍYKLMK‹ŽŒNÍLM‚ŒLŒNNËNŒMKM‹ŒLÍŽMŒÍŒË‹ŽLLŒÌŽBŒLŒNKNÌLÌMÍMMÌ‹ŒLLŽMMŽË‹ÍÎLÌMŽBŒLŒŒNŒMÎNMÍÍÌMËËÍÌŒÌŒŽMK‹ÌLÌN‚ŒLŒŒKMÌËŽLNŽMLËŒ‹ŽMŽŒŒŒ‹‹MMŽLMÍBŒLŒŒ‹M‹ŒŒÍLËÍËMŒÍÍMLK‹MŽÌÌÎLBŒLŒŒËMM‹LMÎÎLKŽMLÌMNK‹ŽMŽÂŒLŒMKMMMÌËLÍÎLË‹ŒÍNŽŽŒLŒKLÌËŒMÌLNNMLÎLM‹MÍN‹ŒŒMŒNŒLŒ‹LNKLLMÍÎLLKLËŒÍŒN‹ŒLŒÍÍMÍŒÂŒLŒËLŽLLÌŽLÍËŒÎLÎLÍÍŽK‹ŒÎNLÌL‚ŒLŒŽŽLMÌLËMKŒÎNŒLÌËKŽNLLÎLBŒLŒŽKÌ‹ŒMLNMLLKML‹ŒÍMLLŽKŽŒÍŽŒLŒÌMÌÍLÌÍŒÌL‹MMËŽÎLÍÍKKÌŒNLNLŒLÂŒLŒÌKÍ‹ÎLÍMMŒKÎMÌÎÍËKŒMMÍLBŒLŒÌ‹NMÌMÍŒÌMŒNÌŒŒNLKKŒMMÍBŒLŒÌËLËŽMŒMÍÌLÌ™KLMKMŽNÌMLŒŒ‹KŒLMÎÌNŒLŒÍLNMÌMÍŒÌMŒNÌŒŒNLKKŒMMÍBŒLŒÍKLÍ‹ÎLÍMMŒKÎMÌÎÍËKŒMMÍLBŒLŒÍ‹MMÌÍLÌÍŒÌL‹MMËŽÎLÍÍKKÌŒNLNLŒLÂŒLŒÍËMÌ‹ŒMLNMLLKML‹ŒÍMLLŽKŽŒÍŽŒLŒÎNŽLMÌLËMKŒÎNŒLÌËKŽNLLÎLBŒLŒÎKLLŽLLÌŽLÍËŒÎLÎLÍÍŽK‹ŒÎNLÌL‚ŒLLLNKLLMÍÎLLKLËŒÍŒN‹ŒLŒÍÍMÍŒÂŒLKLLÌËŒMÌLNNMLÎLM‹MÍN‹ŒŒMŒNŒL‹LMKMMMÌËLÍÎLË‹ŒÍNŽŽŒLËLMM‹LMÎÎLKŽMLÌMNK‹ŽMŽÂŒLLM‹ŒŒÍLËÍËMŒÍÍMLK‹MŽÌÌÎLBŒLKLMÌËŽLNŽMLËŒ‹ŽMŽŒŒŒ‹‹MMŽLMÍBŒL‹LNŒMÎNMÍÍÌMËËÍÌŒÌŒŽMK‹ÌLÌN‚ŒLËLNÌLÌMÍMMÌ‹ŒLLŽMMŽË‹ÍÎLÌMŽBŒLLNËNŒMKM‹ŒLÍŽMŒÍŒË‹ŽLLŒÌŽBŒLKLNŒÍÎL‹KŒMÍLŽLÙKLM‹ŽŒNÍLM‚ŒLLLNËNŒMKLM‹ŒLÍŽMŒÍŒË‹ŽLLŒÌŽBŒLLKLNÌLÌMÍMMLÌ‹ŒLLŽMMŽË‹ÍÎLÌMŽBŒLL‹LNŒMÎNMÍÍÌMËMËÍÌŒÌŒŽMK‹ÌLÌN‚ŒLLËLMÌËŽLNŽMLËMŒ‹ŽMŽŒŒŒ‹‹MMŽLMÍBŒLMLM‹ŒŒÍLËMÍËMŒÍÍMLK‹MŽÌÌÎLBŒLMKLMM‹LMÎÎNLKŽMLÌMNK‹ŽMŽÂŒLM‹LMKMMMÌËLLÍÎLË‹ŒÍNŽŽŒLMËLLÌËŒMÌLNNMLÎLLM‹MÍN‹ŒŒMŒNŒLNLLNKLLMÍÎLLKLLËŒÍŒN‹ŒLŒÍÍMÍŒÂŒLNKLLŽLLÌŽLLÍËŒÎLÎLÍÍŽK‹ŒÎNLÌL‚ŒLŒNŽLMÌLËLMKŒÎNŒLÌËKŽNLLÎLBŒLŒKMÌ‹ŒMLNMLLKLML‹ŒÍMLLŽKŽŒÍŽŒLŒ‹MMÌÍLÌÍŒÌL‹LMMËŽÎLÍÍKKÌŒNLNLŒLÂŒLŒËLÍ‹ÎLÍMLMŒKÎMÌÎÍËKŒMMÍLBŒLLNMÌMÍŒÌLMŒNÌŒŒNLKKŒMMÍBŒLKL‹ŒLLÌŽMMLÙKLMLMŽNÌMLŒŒ‹KŒLMÎÌNŒL‹NMÌMÍŒÌLMŒNÌŒŒNLKKŒMMÍBŒLËÍ‹ÎLÍMLMŒKÎMÌÎÍËKŒMMÍLBŒLŽMÌÍLÌÍŒÌL‹LMMËŽÎLÍÍKKÌŒNLNLŒLÂŒLŽKÌ‹ŒMLNMLLKLML‹ŒÍMLLŽKŽŒÍŽŒLÌŽLMÌLËLMKŒÎNŒLÌËKŽNLLÎLBŒLÌKLŽLLÌŽLLÍËŒÎLÎLÍÍŽK‹ŒÎNLÌL‚ŒLÌ‹LNKLLMÍÎLLKLLËŒÍŒN‹ŒLŒÍÍMÍŒÂŒLÌËLÌËŒMÌLNNMLÎLLM‹MÍN‹ŒŒMŒNŒLÍMKMMMÌËLLÍÎLË‹ŒÍNŽŽŒLÍKMM‹LMÎÎNLKŽMLÌMNK‹ŽMŽÂŒLÍ‹M‹ŒŒÍLËMÍËMŒÍÍMLK‹MŽÌÌÎLBŒLÍËMÌËŽLNŽMLËMŒ‹ŽMŽŒŒŒ‹‹MMŽLMÍBŒLÎNŒMÎNMÍÍÌMËMËÍÌŒÌŒŽMK‹ÌLÌN‚ŒLÎKNÌLÌMÍMMLÌ‹ŒLLŽMMŽË‹ÍÎLÌMŽBŒLŽNËNŒMKLM‹ŒLÍŽMŒÍŒË‹ŽLLŒÌŽBŒLŽKNŒÌNŽM‹ËŒŒÌLÌÙKLMKLËŽMMÍŽLÎNBŒLŽ‹NËLŒŽM‹ŒLÌÌLKLËŽMLLNBŒLŽËNÌŒNLÌ‹ŒLŒŒŒÍÍÍLËŽLÎÌÌÂŒLŽNŒMLLÎMÍMKËÍNLÌNMŒÌŒ‹LËŽÎÎŒÍBŒLŽKMÌËŽLÎMŒÍKŒ‹ŽMMMÍMÍŒËLËÍLÍNMÂŒLŽ‹M‹ŒMÍËMLÍMLÍKLËŒMNŒLŽËMM‹LŒMMŒNËLKŒMLÍÍNNLËLNŒŒLŽMKMLÎMÍÌ‹LÌÌMÍNLËŒÎŽÍLÂŒLŽKLÌËŒNMÌÍŒMÎKLM‹MLÎKLËŒŒÎNNÎÍ‚ŒLŽLLNKLŽÌMNKLËŒÍLÍNLÎËLËŒMLMÍŒÍÂŒLŽLKLÌNMLNMNLÍËŒÌÍNÎMËL‹ŽMLÌŽLLLŒBŒLŽL‹ŽMMMŽMMKMKŒÎMÍLËL‹ŽŒŒNMBŒLŽLËÌ‹ŒMNÎLŒÎM‹ML‹ŒÍLÌ‹L‹ÌÌMMÌÂŒLŽMMÍŒMLÌLÎMMËŽÎMŒÍNL‹ŒLMŒBŒLŽMKÍ‹ÎNŒKMŒKÎNÎMÍ‹L‹LÌMÎLÂŒLŽM‹NMMÌŽM‹MŒNNNKL‹ŒŽLLŽŒLŽMËËŽNLÍLŒÌLŽMÍÙKLM‹MŽNMŽMÎ‹L‹ÌŒÍÌÌ‚ŒLŽNLNMMÌŽM‹MŒNNNKL‹ŒŽLLŽŒLŽNKLÍ‹ÎNŒKMŒKÎNÎMÍ‹L‹LÌMÎLÂŒLÌMMÍŒMLÌLÎMMËŽÎMŒÍNL‹ŒLMŒBŒLÌKMÌ‹ŒMNÎLŒÎM‹ML‹ŒÍLÌ‹L‹ÌÌMMÌÂŒLÌ‹NŽMMMŽMMKMKŒÎMÍLËL‹ŽŒŒNMBŒLÌËLLÌNMLNMNLÍËŒÌÍNÎMËL‹ŽMLÌŽLLLŒBŒLÌLLNKLŽÌMNKLËŒÍLÍNLÎËLËŒMLMÍŒÍÂŒLÌKLLÌËŒNMÌÍŒMÎKLM‹MLÎKLËŒŒÎNNÎÍ‚ŒLÌ‹LMKMLÎMÍÌ‹LÌÌMÍNLËŒÎŽÍLÂŒLÌËLMM‹LŒMMŒNËLKŒMLÍÍNNLËLNŒŒLÌLM‹ŒMÍËMLÍMLÍKLËŒMNŒLÌKLMÌËŽLÎMŒÍKŒ‹ŽMMMÍMÍŒËLËÍLÍNMÂŒLÌLLNŒMLLÎMÍMKËÍNLÌNMŒÌŒ‹LËŽÎÎŒÍBŒLÌLKLNÌŒNLÌ‹ŒLŒŒŒÍÍÍLËŽLÎÌÌÂŒLÌL‹LNËLŒŽM‹ŒLÌÌLKLËŽMLLNBŒLÌLËLNŒÌNŽM‹KLNLŽNYKLMLËŽMMÍŽLÎNBŒLÌMLNËLŒŽLM‹ŒLÌÌLKLËŽMLLNBŒLÌMKLNÌŒNLLÌ‹ŒLŒŒŒÍÍÍLËŽLÎÌÌÂŒLÌM‹LNŒMLLÎMÍMKMËÍNLÌNMŒÌŒ‹LËŽÎÎŒÍBŒLÌMËLMÌËŽLÎMŒÍKMŒ‹ŽMMMÍMÍŒËLËÍLÍNMÂŒLÌNLM‹ŒMMÍËMLÍMLÍKLËŒMNŒLÌNKLMM‹LŒMMŒNËNLKŒMLÍÍNNLËLNŒŒLÌŒLMKMLÎMÍÌ‹LLÌÌMÍNLËŒÎŽÍLÂŒLÌŒKLLÌËŒNMÌÍŒMÎKLLM‹MLÎKLËŒŒÎNNÎÍ‚ŒLÌŒ‹LLNKLŽÌMNKLLËŒÍLÍNLÎËLËŒMLMÍŒÍÂŒLÌŒËLLÌNMLNMNLLÍËŒÌÍNÎMËL‹ŽMLÌŽLLLŒBŒLÌNŽMMMŽMMKLMKŒÎMÍLËL‹ŽŒŒNMBŒLÌKMÌ‹ŒMNÎLŒÎM‹LML‹ŒÍLÌ‹L‹ÌÌMMÌÂŒLÌ‹MMÍŒMLÌLÎLMMËŽÎMŒÍNL‹ŒLMŒBŒLÌËLÍ‹ÎNŒKLMŒKÎNÎMÍ‹L‹LÌMÎLÂŒLÌŽLNMMÌŽM‹LMŒNNNKL‹ŒŽLLŽŒLÌŽKL‹LMÎLÌŒNKLMLMŽNMŽMÎ‹L‹ÌŒÍÌÌ‚ŒLÌÌNMMÌŽM‹LMŒNNNKL‹ŒŽLLŽŒLÌÌKÍ‹ÎNŒKLMŒKÎNÎMÍ‹L‹LÌMÎLÂŒLÌÌ‹MÍŒMLÌLÎLMMËŽÎMŒÍNL‹ŒLMŒBŒLÌÌËÌ‹ŒMNÎLŒÎM‹LML‹ŒÍLÌ‹L‹ÌÌMMÌÂŒLÌÍŽMMMŽMMKLMKŒÎMÍLËL‹ŽŒŒNMBŒLÌÍKLÌNMLNMNLLÍËŒÌÍNÎMËL‹ŽMLÌŽLLLŒBŒLÌÍ‹LNKLŽÌMNKLLËŒÍLÍNLÎËLËŒMLMÍŒÍÂŒLÌÍËLÌËŒNMÌÍŒMÎKLLM‹MLÎKLËŒŒÎNNÎÍ‚ŒLÌÎMKMLÎMÍÌ‹LLÌÌMÍNLËŒÎŽÍLÂŒLÌÎKMM‹LŒMMŒNËNLKŒMLÍÍNNLËLNŒŒLÍM‹ŒMMÍËMLÍMLÍKLËŒMNŒLÍKMÌËŽLÎMŒÍKMŒ‹ŽMMMÍMÍŒËLËÍLÍNMÂŒLÍ‹NŒMLLÎMÍMKMËÍNLÌNMŒÌŒ‹LËŽÎÎŒÍBŒLÍËNÌŒNLLÌ‹ŒLŒŒŒÍÍÍLËŽLÎÌÌÂŒLÍNËLŒŽLM‹ŒLÌÌLKLËŽMLLNBŒLÍKNŒŒŒÌLŒÎKKŒÌLÎÍ™KLMLÌËŒLNNMÎNŒLÍ‹NËŒÌLLNLŒËM‹ŒLŒÎÌÌLŽKLÌËŒLMNMMMŒLÍËNNÌÍÌŒ‹Ì‹ŒLÎÍÎLLÌËŒLNLLL‚ŒLÍNŒŒÍÎËÍŒÎLÎLÍL‹LÌ‹ŽMÌMLÌÎMBŒLÍKMÌËŽŒLLÌ‹Œ‹ŽMMÌMŒŽLLÌ‹ŽŒÌŽŒ‚ŒLÍLMKŽMÎÍNMÍËMLŽLÌMËLÌ‹ÌÌÎMLÍŒLÍLKMM‹LMÎÍŒËLKŒÎMLLL‹LÌ‹MÎLÌMÌÂŒLÍL‹MKMLNMŒLÌÌÌKLÌ‹LÎLNMBŒLÍLËLÌËŒNLMÎ‹LM‹LMMËLÌ‹ŒÌŒÍŽŒLÍMLNKLLÌÌŒLËŒÍLŒLŽÎKLÌ‹ŒŒÍŽLNBŒLÍMKLÌŒÌÌÍLËLÍËŒÌLNLMLËLÌKŽLMŒÌŽMÂŒLÍM‹ŽŽNMŒËMKŒÎLMŒMMNKLÌKÌÌLŒŽÂŒLÍMËÌ‹ŒMNMMÌŽLKML‹ŒÍLLŒËLÌKNÍÎÍÂŒLÍNMÍÌMLKMMËŽÍMLÌÌNKLÌKÌŒMÍÍBŒLÍNKÍ‹ÎNMŽMKMŒKÎMMMŒÌŽKLÌKŒÎMÍNŒLÍŒNLÎLMËMŒNÌLN‹LÌKŒÌÌNLÍŽŒLÍŒKKŒMÍÎÍYKLMKMŽNÌNMÌ‹LÌKŒÌMŽBŒLÍŒ‹LNLÎLMËMŒNÌLN‹LÌKŒÌÌNLÍŽŒLÍŒËLÍ‹ÎNMŽMKMŒKÎMMMŒÌŽKLÌKŒÎMÍNŒLÍMMÍÌMLKMMËŽÍMLÌÌNKLÌKÌŒMÍÍBŒLÍKMÌ‹ŒMNMMÌŽLKML‹ŒÍLLŒËLÌKNÍÎÍÂŒLÍ‹NŽŽNMŒËMKŒÎLMŒMMNKLÌKÌÌLŒŽÂŒLÍËLLÌŒÌÌÍLËLÍËŒÌLNLMLËLÌKŽLMŒÌŽMÂŒLÍŽLLNKLLÌÌŒLËŒÍLŒLŽÎKLÌ‹ŒŒÍŽLNBŒLÍŽKLLÌËŒNLMÎ‹LM‹LMMËLÌ‹ŒÌŒÍŽŒLÍÌLMKMLNMŒLÌÌÌKLÌ‹LÎLNMBŒLÍÌKLMM‹LMÎÍŒËLKŒÎMLLL‹LÌ‹MÎLÌMÌÂŒLÍÌ‹LMKŽMÎÍNMÍËMLŽLÌMËLÌ‹ÌÌÎMLÍŒLÍÌËLMÌËŽŒLLÌ‹Œ‹ŽMMÌMŒŽLLÌ‹ŽŒÌŽŒ‚ŒLÍÍLNŒŒÍÎËÍŒÎLÎLÍL‹LÌ‹ŽMÌMLÌÎMBŒLÍÍKLNNÌÍÌŒ‹Ì‹ŒLÎÍÎLLÌËŒLNLLL‚ŒLÍÍ‹LNËŒÌLLNLŒËM‹ŒLŒÎÌÌLŽKLÌËŒLMNMMMŒLÍÍËLNŒŒŒÌLŒÎKKŽLŒLŽÌL™KLMLÌËŒLNNMÎNŒLÍÎLNËŒÌLLNLŒËLM‹ŒLŒÎÌÌLŽKLÌËŒLMNMMMŒLÍÎKLNNÌÍÌŒ‹LÌ‹ŒLÎÍÎLLÌËŒLNLLL‚ŒLÎLNŒŒÍÎMËÍŒÎLÎLÍL‹LÌ‹ŽMÌMLÌÎMBŒLÎKLMÌËŽŒLLÌ‹MŒ‹ŽMMÌMŒŽLLÌ‹ŽŒÌŽŒ‚ŒLÎ‹LMKŽMÎÍNMMÍËMLŽLÌMËLÌ‹ÌÌÎMLÍŒLÎËLMM‹LMÎÍŒËNLKŒÎMLLL‹LÌ‹MÎLÌMÌÂŒLÎLMKMLNMŒLLÌÌÌKLÌ‹LÎLNMBŒLÎKLLÌËŒNLMÎ‹LLM‹LMMËLÌ‹ŒÌŒÍŽŒLÎ‹LLNKLLÌÌŒLLËŒÍLŒLŽÎKLÌ‹ŒŒÍŽLNBŒLÎËLLÌŒÌÌÍLËLLÍËŒÌLNLMLËLÌKŽLMŒÌŽMÂŒLÎNŽŽNMŒËLMKŒÎLMŒMMNKLÌKÌÌLŒŽÂŒLÎKMÌ‹ŒMNMMÌŽLKLML‹ŒÍLLŒËLÌKNÍÎÍÂŒLÎLMMÍÌMLKLMMËŽÍMLÌÌNKLÌKÌŒMÍÍBŒLÎLKLÍ‹ÎNMŽMKLMŒKÎMMMŒÌŽKLÌKŒÎMÍNŒLÎL‹LNLÎLMËLMŒNÌLN‹LÌKŒÌÌNLÍŽŒLÎLËL‹ÍÎLŽMÍM™KLMLMŽNÌNMÌ‹LÌKŒÌMŽBŒLÎMNLÎLMËLMŒNÌLN‹LÌKŒÌÌNLÍŽŒLÎMKÍ‹ÎNMŽMKLMŒKÎMMMŒÌŽKLÌKŒÎMÍNŒLÎM‹MÍÌMLKLMMËŽÍMLÌÌNKLÌKÌŒMÍÍBŒLÎMËÌ‹ŒMNMMÌŽLKLML‹ŒÍLLŒËLÌKNÍÎÍÂŒLÎNŽŽNMŒËLMKŒÎLMŒMMNKLÌKÌÌLŒŽÂŒLÎNKLÌŒÌÌÍLËLLÍËŒÌLNLMLËLÌKŽLMŒÌŽMÂŒMLNKLLÌÌŒLLËŒÍLŒLŽÎKLÌ‹ŒŒÍŽLNBŒMKLÌËŒNLMÎ‹LLM‹LMMËLÌ‹ŒÌŒÍŽŒM‹MKMLNMŒLLÌÌÌKLÌ‹LÎLNMBŒMËMM‹LMÎÍŒËNLKŒÎMLLL‹LÌ‹MÎLÌMÌÂŒMMKŽMÎÍNMMÍËMLŽLÌMËLÌ‹ÌÌÎMLÍŒMKMÌËŽŒLLÌ‹MŒ‹ŽMMÌMŒŽLLÌ‹ŽŒÌŽŒ‚ŒM‹NŒŒÍÎMËÍŒÎLÎLÍL‹LÌ‹ŽMÌMLÌÎMBŒMËNNÌÍÌŒ‹LÌ‹ŒLÎÍÎLLÌËŒLNLLL‚ŒMNËŒÌLLNLŒËLM‹ŒLŒÎÌÌLŽKLÌËŒLMNMMMŒMKNŒÍÌMËKMŒŒLŒÎMÎÍYKLMKMNŒÌÍŽŒ‚ŒMLNËŒMÍÎŽÍKM‹ŒLNNLLLMNŒŽŒÍŒMLKNÌŒÌÌËÌ‹ŒŒNŒLKMNŒŒLÍ‚ŒML‹MÎKŽNLŒÌÍŒÍËÌÎMLÌLŒ‹MNŒLÌMBŒMLËMÌËÎLMŒÍÎM‹Œ‹ŽMLLŒ‹MMËŽNMŒŽÍŒMMMKŽLŽMÌLŒŒLKÍËMMLLÍMMKMMËŽÍŒLŒÎÂŒMMKMM‹ÍÌMÎLKÌNNNLŒ‹MMËLŽNLŽÍÂŒMM‹MKLMÎÌŒNLLLMÎ‹MMËLŽLÍMBŒMMËLÌËŒMLMMÎMÌKLM‹LÍLÎMŽMMËŒŽÍÂŒMNLNKMŽMËLËŒÍLÌŒŽËMMËŒŽMMNÌBŒMNKLÍMLLËLÍËŒLÍÍKMM‹ŽŒŒÍŒBŒMŒŽÎMÌÌLMMLKMKŒÎMNMLMKMM‹ŒŽLML‚ŒMŒKÌ‹ŒLÍMÍLÎKML‹ŒÌÍNLŒÎLÎMM‹NÎMŒÌ‚ŒMŒ‹MÌŽLLMŒÎMKMMËŽNNLKMM‹ŒÌMÌÌÌÎÂŒMŒËÍ‹ÎŽKMŒKÍÍMLÌLLKMM‹ŒŒLMLNŒMNÍÌMÍŽ‹MŒMMNMŒ‹MM‹ŒMŒNŽMŒÂŒMKËÌLÌÎÌKLMKMŽMMÍÍNMM‹ŒLLÂŒM‹LNÍÌMÍŽ‹MŒMMNMŒ‹MM‹ŒMŒNŽMŒÂŒMËLÍ‹ÎŽKMŒKÍÍMLÌLLKMM‹ŒŒLMLNŒMŽMMÌŽLLMŒÎMKMMËŽNNLKMM‹ŒÌMÌÌÌÎÂŒMŽKMÌ‹ŒLÍMÍLÎKML‹ŒÌÍNLŒÎLÎMM‹NÎMŒÌ‚ŒMÌNŽÎMÌÌLMMLKMKŒÎMNMLMKMM‹ŒŽLML‚ŒMÌKLLÍMLLËLÍËŒLÍÍKMM‹ŽŒŒÍŒBŒMÌ‹LLNKMŽMËLËŒÍLÌŒŽËMMËŒŽMMNÌBŒMÌËLLÌËŒMLMMÎMÌKLM‹LÍLÎMŽMMËŒŽÍÂŒMÍLMKLMÎÌŒNLLLMÎ‹MMËLŽLÍMBŒMÍKLMM‹ÍÌMÎLKÌNNNLŒ‹MMËLŽNLŽÍÂŒMÍ‹LMKŽLŽMÌLŒŒLKÍËMMLLÍMMKMMËŽÍŒLŒÎÂŒMÍËLMÌËÎLMŒÍÎM‹Œ‹ŽMLLŒ‹MMËŽNMŒŽÍŒMÎLMÎKŽNLŒÌÍŒÍËÌÎMLÌLŒ‹MNŒLÌMBŒMÎKLNÌŒÌÌËÌ‹ŒŒNŒLKMNŒŒLÍ‚ŒMLNËŒMÍÎŽÍKM‹ŒLNNLLLMNŒŽŒÍŒMKLNŒÍÌMËKÍŒNMŽN™KLMMNŒÌÍŽŒ‚ŒM‹LNËŒMÍÎŽÍKLM‹ŒLNNLLLMNŒŽŒÍŒMËLNÌŒÌÌËLÌ‹ŒŒNŒLKMNŒŒLÍ‚ŒMLMÎKŽNLŒÌÍŒÍMËÌÎMLÌLŒ‹MNŒLÌMBŒMKLMÌËÎLMŒÍÎM‹MŒ‹ŽMLLŒ‹MMËŽNMŒŽÍŒM‹LMKŽLŽMÌLŒŒLKMÍËMMLLÍMMKMMËŽÍŒLŒÎÂŒMËLMM‹ÍÌMÎNLKÌNNNLŒ‹MMËLŽNLŽÍÂŒMLMKLMÎÌŒNLLLLMÎ‹MMËLŽLÍMBŒMKLLÌËŒMLMMÎMÌKLLM‹LÍLÎMŽMMËŒŽÍÂŒMLLLNKMŽMËLLËŒÍLÌŒŽËMMËŒŽMMNÌBŒMLKLLÍMLLËLLÍËŒLÍÍKMM‹ŽŒŒÍŒBŒML‹NŽÎMÌÌLMMLKLMKŒÎMNMLMKMM‹ŒŽLML‚ŒMLËMÌ‹ŒLÍMÍLÎKLML‹ŒÌÍNLŒÎLÎMM‹NÎMŒÌ‚ŒMMMMÌŽLLMŒÎMKLMMËŽNNLKMM‹ŒÌMÌÌÌÎÂŒMMKLÍ‹ÎŽKLMŒKÍÍMLÌLLKMM‹ŒŒLMLNŒMM‹LNÍÌMÍŽ‹LMŒMMNMŒ‹MM‹ŒMŒNŽMŒÂŒMMËL‹MLŽKLMLMŽMMÍÍNMM‹ŒLLÂŒMNNÍÌMÍŽ‹LMŒMMNMŒ‹MM‹ŒMŒNŽMŒÂŒMNKÍ‹ÎŽKLMŒKÍÍMLÌLLKMM‹ŒŒLMLNŒMŒMÌŽLLMŒÎMKLMMËŽNNLKMM‹ŒÌMÌÌÌÎÂŒMŒKÌ‹ŒLÍMÍLÎKLML‹ŒÌÍNLŒÎLÎMM‹NÎMŒÌ‚ŒMŒ‹ŽÎMÌÌLMMLKLMKŒÎMNMLMKMM‹ŒŽLML‚ŒMŒËLÍMLLËLLÍËŒLÍÍKMM‹ŽŒŒÍŒBŒMLNKMŽMËLLËŒÍLÌŒŽËMMËŒŽMMNÌBŒMKLÌËŒMLMMÎMÌKLLM‹LÍLÎMŽMMËŒŽÍÂŒM‹MKLMÎÌŒNLLLLMÎ‹MMËLŽLÍMBŒMËMM‹ÍÌMÎNLKÌNNNLŒ‹MMËLŽNLŽÍÂŒMŽMKŽLŽMÌLŒŒLKMÍËMMLLÍMMKMMËŽÍŒLŒÎÂŒMŽKMÌËÎLMŒÍÎM‹MŒ‹ŽMLLŒ‹MMËŽNMŒŽÍŒMÌMÎKŽNLŒÌÍŒÍMËÌÎMLÌLŒ‹MNŒLÌMBŒMÌKNÌŒÌÌËLÌ‹ŒŒNŒLKMNŒŒLÍ‚ŒMÌ‹NËŒMÍÎŽÍKLM‹ŒLNNLLLMNŒŽŒÍŒMÌËNËŽMŒÌÌÎM‹KŒÍÌLŒÍMMKLMKNËLMNLÌÂŒMÍNËŒŒŒLÌM‹M‹ŒLŒNLŒŽMÌKNËLMÍNL‚ŒMÍKNŒÍŽMMMKÌ‹ŒLLŽMÍËNËŒNMÎNBŒMÍ‹MÎKŽLÌÍŒËËÍMÍŒLNËŒÌÍŒMŒMÍËMÌËÌŒŽMŒŽŒ‹ŽMÌŒŒLLMKNËŒMMLÍ‚ŒMÎMKŽÌMLŒŽKÍËNLÍŽMKN‹ŽMMLŒÍÎŒMÎKMM‹ŒLŽLÍKLKÌÌÍŒL‹N‹ÌÍLŒÎLŒMMKŒNMMËLÍÌŒÍÍN‹MÎN‚ŒMKLÌËŒLŒ‹LM‹NÌÌKN‹ŒŒÎŒÍŽBŒM‹LNKÌÎLÍLKLËŒÎMÌMŒ‹NKŽNÍŒÍÌÍ‚ŒMËLŒÌÍNMÎLKLÍËŒÌNMMÍŒMNKÍÍÌLBŒMŽMMŒËMKŽNL‹NKLLMMBŒMKÌ‹ŒLÌÌËML‹ŒÍÎLNMLMKNKŒÌÍÍLÌBŒM‹MÌÌŒMŒLŽMMËŽNLÍËNKŒMŒBŒMËÍ‹ÍŽÍŒÎLÎËMŒKŽLÌŽNKŒMMLÂŒMNÍŒÎLKMŒŒLŒLŽLLKNŽLÎŽ‚ŒMKKŒÎNMŒŒŒŒMKLMKMŽNNNLÍNNNŽLLŒŒÂŒMLLNÍŒÎLKMŒŒLŒLŽLLKNŽLÎŽ‚ŒMLKLÍ‹ÍŽÍŒÎLÎËMŒKŽLÌŽNKŒMMLÂŒML‹MMÌÌŒMŒLŽMMËŽNLÍËNKŒMŒBŒMLËMÌ‹ŒLÌÌËML‹ŒÍÎLNMLMKNKŒÌÍÍLÌBŒMMNŽMMŒËMKŽNL‹NKLLMMBŒMMKLLŒÌÍNMÎLKLÍËŒÌNMMÍŒMNKÍÍÌLBŒMM‹LLNKÌÎLÍLKLËŒÎMÌMŒ‹NKŽNÍŒÍÌÍ‚ŒMMËLLÌËŒLŒ‹LM‹NÌÌKN‹ŒŒÎŒÍŽBŒMNLMKŒNMMËLÍÌŒÍÍN‹MÎN‚ŒMNKLMM‹ŒLŽLÍKLKÌÌÍŒL‹N‹ÌÍLŒÎLŒMLLMKŽÌMLŒŽKÍËNLÍŽMKN‹ŽMMLŒÍÎŒMLKLMÌËÌŒŽMŒŽŒ‹ŽMÌŒŒLLMKNËŒMMLÍ‚ŒML‹LMÎKŽLÌÍŒËËÍMÍŒLNËŒÌÍŒMŒMLËLNŒÍŽMMMKÌ‹ŒLLŽMÍËNËŒNMÎNBŒMLLNËŒŒŒLÌM‹M‹ŒLŒNLŒŽMÌKNËLMÍNL‚ŒMLKLNËŽMŒÌÌÎM‹‹ŒŒÍNL™KLMNËLMNLÌÂŒML‹LNËŒŒŒLÌM‹LM‹ŒLŒNLŒŽMÌKNËLMÍNL‚ŒMLËLNŒÍŽMMMKLÌ‹ŒLLŽMÍËNËŒNMÎNBŒMLLMÎKŽLÌÍŒËMËÍMÍŒLNËŒÌÍŒMŒMLKLMÌËÌŒŽMŒŽMŒ‹ŽMÌŒŒLLMKNËŒMMLÍ‚ŒMLLLMKŽÌMLŒŽKMÍËNLÍŽMKN‹ŽMMLŒÍÎŒMLLKLMM‹ŒLŽLÍKNLKÌÌÍŒL‹N‹ÌÍLŒÎLŒMLL‹LMKŒNMMËLLÍÌŒÍÍN‹MÎN‚ŒMLLËLLÌËŒLŒ‹LLM‹NÌÌKN‹ŒŒÎŒÍŽBŒMLMLLNKÌÎLÍLKLLËŒÎMÌMŒ‹NKŽNÍŒÍÌÍ‚ŒMLMKLLŒÌÍNMÎLKLLÍËŒÌNMMÍŒMNKÍÍÌLBŒMLM‹NŽMMŒËLMKŽNL‹NKLLMMBŒMLMËMÌ‹ŒLÌÌËLML‹ŒÍÎLNMLMKNKŒÌÍÍLÌBŒMLNMMÌÌŒMŒLŽLMMËŽNLÍËNKŒMŒBŒMLNKLÍ‹ÍŽÍŒÎLÎËLMŒKŽLÌŽNKŒMMLÂŒMLŒLNÍŒÎLKLMŒŒLŒLŽLLKNŽLÎŽ‚ŒMLŒKL‹ŒLLLLLÌLLÙKLMLMŽNNNLÍNNNŽLLŒŒÂŒMLŒ‹NÍŒÎLKLMŒŒLŒLŽLLKNŽLÎŽ‚ŒMLŒËÍ‹ÍŽÍŒÎLÎËLMŒKŽLÌŽNKŒMMLÂŒMLMÌÌŒMŒLŽLMMËŽNLÍËNKŒMŒBŒMLKÌ‹ŒLÌÌËLML‹ŒÍÎLNMLMKNKŒÌÍÍLÌBŒML‹ŽMMŒËLMKŽNL‹NKLLMMBŒMLËLŒÌÍNMÎLKLLÍËŒÌNMMÍŒMNKÍÍÌLBŒMLŽLNKÌÎLÍLKLLËŒÎMÌMŒ‹NKŽNÍŒÍÌÍ‚ŒMLŽKLÌËŒLŒ‹LLM‹NÌÌKN‹ŒŒÎŒÍŽBŒMLÌMKŒNMMËLLÍÌŒÍÍN‹MÎN‚ŒMLÌKMM‹ŒLŽLÍKNLKÌÌÍŒL‹N‹ÌÍLŒÎLŒMLÌ‹MKŽÌMLŒŽKMÍËNLÍŽMKN‹ŽMMLŒÍÎŒMLÌËMÌËÌŒŽMŒŽMŒ‹ŽMÌŒŒLLMKNËŒMMLÍ‚ŒMLÍMÎKŽLÌÍŒËMËÍMÍŒLNËŒÌÍŒMŒMLÍKNŒÍŽMMMKLÌ‹ŒLLŽMÍËNËŒNMÎNBŒMLÍ‹NËŒŒŒLÌM‹LM‹ŒLŒNLŒŽMÌKNËLMÍNL‚ŒMLÍËNŒLÌÌÌËKŒLÍMÎNKLMKŒÍŽMÎBŒMLÎNËŒLMÌŒÌNKM‹ŒMLÍLŽÍŒÌLMŒÌŒ‚ŒMLÎKNLŽLŒŒËÌ‹ŒMMLŒLŒŽ‹ŒŒMÎMLÌBŒMMMÎKŽMNMÌKËŽMÍLNËŒŽLMÂŒMMKMÌËÎLÍËŒËŒLÍMÍÌNKŒŒÌMŽLÎLÂŒMM‹MKŽLŽMÍLÌ‹ÍËÍMLŽNÎKŒŒÌÍLŒÂŒMMËMM‹ÌÌLÍŽKLKŽLNLŒÍËŒËŽLNÎL‚ŒMMMKLŒLŽLKLÌLLŒŒËLŒÌLŒÎNBŒMMKLÌËŒMMÎŽËLM‹ÍLÎÎKŒËŒŒÌÌÌÌLŽBŒMM‹LNKMMÌLËLËÎLMŒËŒ‹ŽLŒŽŒLBŒMMËLÍMÎLÍËŒÍÍÍŒ‹ŒÍLŒÌMŒMMŽÍŒÍML‹MKÍÌLLMŒ‹ŒÍÌÌŒŒÍÂŒMMKÌ‹ŒLÌŽÍ‹ML‹ÌLLÍÌKŒ‹ŒLŽLŽMMŒMMLMÌŒŒMLNKMNŒNMÍÌLŒŽŒKŽLÌLŒÎNMŒMMLKÍ‹ÎŒŒÎKMŒ‹ŒMMÎŽKŒKÎMÍNLÎÂŒMML‹NÎNMMLËMMÍMÍËŒKŽMŒNMNMBŒMMLËKLMŒÍÎYKLMKMKŒÍŒÍÍÍKŒKNMÌNBŒMMMLNÎNMMLËMMÍMÍËŒKŽMŒNMNMBŒMMMKLÍ‹ÎŒŒÎKMŒ‹ŒMMÎŽKŒKÎMÍNLÎÂŒMMM‹MMÌŒŒMLNKMNŒNMÍÌLŒŽŒKŽLÌLŒÎNMŒMMMËMÌ‹ŒLÌŽÍ‹ML‹ÌLLÍÌKŒ‹ŒLŽLŽMMŒMMNNŽÍŒÍML‹MKÍÌLLMŒ‹ŒÍÌÌŒŒÍÂŒMMNKLLÍMÎLÍËŒÍÍÍŒ‹ŒÍLŒÌMŒMMŒLLNKMMÌLËLËÎLMŒËŒ‹ŽLŒŽŒLBŒMMŒKLLÌËŒMMÎŽËLM‹ÍLÎÎKŒËŒŒÌÌÌÌLŽBŒMMŒ‹LMKLŒLŽLKLÌLLŒŒËLŒÌLŒÎNBŒMMŒËLMM‹ÌÌLÍŽKLKŽLNLŒÍËŒËŽLNÎL‚ŒMMLMKŽLŽMÍLÌ‹ÍËÍMLŽNÎKŒŒÌÍLŒÂŒMMKLMÌËÎLÍËŒËŒLÍMÍÌNKŒŒÌMŽLÎLÂŒMM‹LMÎKŽMNMÌKËŽMÍLNËŒŽLMÂŒMMËLNLŽLŒŒËÌ‹ŒMMLŒLŒŽ‹ŒŒMÎMLÌBŒMMŽLNËŒLMÌŒÌNKM‹ŒMLÍLŽÍŒÌLMŒÌŒ‚ŒMMŽKLNŒLÌÌÌË‹ŒŽMÍÎKLMŒÍŽMÎBŒMMÌLNËŒLMÌŒÌNKLM‹ŒMLÍLŽÍŒÌLMŒÌŒ‚ŒMMÌKLNLŽLŒŒËLÌ‹ŒMMLŒLŒŽ‹ŒŒMÎMLÌBŒMMÌ‹LMÎKŽMNMÌKMËŽMÍLNËŒŽLMÂŒMMÌËLMÌËÎLÍËMŒËŒLÍMÍÌNKŒŒÌMŽLÎLÂŒMMÍLMKŽLŽMÍLÌ‹MÍËÍMLŽNÎKŒŒÌÍLŒÂŒMMÍKLMM‹ÌÌLÍŽKNLKŽLNLŒÍËŒËŽLNÎL‚ŒMMÍ‹LMKLŒLŽLKLLÌLLŒŒËLŒÌLŒÎNBŒMMÍËLLÌËŒMMÎŽËLLM‹ÍLÎÎKŒËŒŒÌÌÌÌLŽBŒMMÎLLNKMMÌLËLLËÎLMŒËŒ‹ŽLŒŽŒLBŒMMÎKLLÍMÎLLÍËŒÍÍÍŒ‹ŒÍLŒÌMŒMNNŽÍŒÍML‹LMKÍÌLLMŒ‹ŒÍÌÌŒŒÍÂŒMNKMÌ‹ŒLÌŽÍ‹LML‹ÌLLÍÌKŒ‹ŒLŽLŽMMŒMN‹MMÌŒŒMLNKLMNŒNMÍÌLŒŽŒKŽLÌLŒÎNMŒMNËLÍ‹ÎŒŒÎKLMŒ‹ŒMMÎŽKŒKÎMÍNLÎÂŒMNLNÎNMMLËLMMÍMÍËŒKŽMŒNMNMBŒMNKLËŒMLŒMMMŒYKLMLMKŒÍŒÍÍÍKŒKNMÌNBŒMN‹NÎNMMLËLMMÍMÍËŒKŽMŒNMNMBŒMNËÍ‹ÎŒŒÎKLMŒ‹ŒMMÎŽKŒKÎMÍNLÎÂŒMNMÌŒŒMLNKLMNŒNMÍÌLŒŽŒKŽLÌLŒÎNMŒMNKÌ‹ŒLÌŽÍ‹LML‹ÌLLÍÌKŒ‹ŒLŽLŽMMŒMNLŽÍŒÍML‹LMKÍÌLLMŒ‹ŒÍÌÌŒŒÍÂŒMNLKLÍMÎLLÍËŒÍÍÍŒ‹ŒÍLŒÌMŒMNL‹LNKMMÌLËLLËÎLMŒËŒ‹ŽLŒŽŒLBŒMNLËLÌËŒMMÎŽËLLM‹ÍLÎÎKŒËŒŒÌÌÌÌLŽBŒMNMMKLŒLŽLKLLÌLLŒŒËLŒÌLŒÎNBŒMNMKMM‹ÌÌLÍŽKNLKŽLNLŒÍËŒËŽLNÎL‚ŒMNM‹MKŽLŽMÍLÌ‹MÍËÍMLŽNÎKŒŒÌÍLŒÂŒMNMËMÌËÎLÍËMŒËŒLÍMÍÌNKŒŒÌMŽLÎLÂŒMNNMÎKŽMNMÌKMËŽMÍLNËŒŽLMÂŒMNNKNLŽLŒŒËLÌ‹ŒMMLŒLŒŽ‹ŒŒMÎMLÌBŒMŒNËŒLMÌŒÌNKLM‹ŒMLÍLŽÍŒÌLMŒÌŒ‚ŒMŒKNLMŒNLÎKM‹ŽMMŒÌŽNYKLMKŒÌËŽMLMŽMŒŒÂŒMŒ‹NËNNLŒÍÎNM‹ŒLŽMÎM‹ŒÌËŽLMŒÌÎMŒBŒMŒËNŽLŒLLLÌ‹ŒÍLÍŽKŒÌËŽMŒLŒNÂŒMŒNŽŽËŒMŽMMNLÍKŒÌËLÌŒŒMÂŒMŒKMÍŒŒLÌÍÍL‹ŒËŒMNMLMÌËŒÌËÌÍMÍÌÎŒMŒ‹M‹ŒÍNÌÌŒÎŒŒŒÌMÌŒ‹ŒÌËŒMLLMLBŒMŒËMM‹ŽŒÌÍÎÎL‹ŒŒMNÌNLÍ‹ŒÌ‹ŽNNMLŒMŒMKŽÍŒÌËLKŒÌŽNMŒÌ‹LŒÎLNLÂŒMŒKLÌËNNLNMKLMËÌÍŒŒÌËŒÌ‹ŒMÍNLBŒMŒLLNKÍŒNLÍL‹LŽLLMŒNŒÌKŽÎMŒMŒMŒLKLŽNMÌLMÍ‹LÎŒMLŽŒLKŒÌKŽMŒŒÎBŒMŒL‹KŒŒNŽM‹MŒLNŒKŒÌKŒMÍNBŒMŒLËÌ‹ŒÍMŒÎMÌÍÍMLËMLŒŽLKŒÌŽLNŒMŒMMŽŽŒL‹MNKŒMÌMÌMŒÌÍŒM‚ŒMŒMKÍ‹ŽNLLŒMÌÍMŒËŒŒÌNNMNKŒÌLÍNLÌ‚ŒMŒM‹NLMÌËMKMMMÌMKŒÌÌÌÍÂŒMŒMË‹ŒŽMÌÍŽLŒÍLYKLMKM‹ŒŒMNŒÌŒÍÌŽLÌMŒMŒNLNLMÌËMKMMMÌMKŒÌÌÌÍÂŒMŒNKLÍ‹ŽNLLŒMÌÍMŒËŒŒÌNNMNKŒÌLÍNLÌ‚ŒMŒŒMMŽŽŒL‹MNKŒMÌMÌMŒÌÍŒM‚ŒMŒŒKMÌ‹ŒÍMŒÎMÌÍÍMLËMLŒŽLKŒÌŽLNŒMŒŒ‹NKŒŒNŽM‹MŒLNŒKŒÌKŒMÍNBŒMŒŒËLLŽNMÌLMÍ‹LÎŒMLŽŒLKŒÌKŽMŒŒÎBŒMŒLLNKÍŒNLÍL‹LŽLLMŒNŒÌKŽÎMŒMŒMŒKLLÌËNNLNMKLMËÌÍŒŒÌËŒÌ‹ŒMÍNLBŒMŒ‹LMKŽÍŒÌËLKŒÌŽNMŒÌ‹LŒÎLNLÂŒMŒËLMM‹ŽŒÌÍÎÎL‹ŒŒMNÌNLÍ‹ŒÌ‹ŽNNMLŒMŒŽLM‹ŒÍNÌÌŒÎŒŒŒÌMÌŒ‹ŒÌËŒMLLMLBŒMŒŽKLMÍŒŒLÌÍÍL‹ŒËŒMNMLMÌËŒÌËÌÍMÍÌÎŒMŒÌLNŽŽËŒMŽMMNLÍKŒÌËLÌŒŒMÂŒMŒÌKLNŽLŒLLLÌ‹ŒÍLÍŽKŒÌËŽMŒLŒNÂŒMŒÌ‹LNËNNLŒÍÎNM‹ŒLŽMÎM‹ŒÌËŽLMŒÌÎMŒBŒMŒÌËLNLMŒNLÎK‹MÎMÎNKLMŒÌËŽMLMŽMŒŒÂŒMŒÍLNËNNLŒÍÎNLM‹ŒLŽMÎM‹ŒÌËŽLMŒÌÎMŒBŒMŒÍKLNŽLŒLLLLÌ‹ŒÍLÍŽKŒÌËŽMŒLŒNÂŒMŒÍ‹LNŽŽËMŒMŽMMNLÍKŒÌËLÌŒŒMÂŒMŒÍËLMÍŒŒLÌÍÍL‹MŒËŒMNMLMÌËŒÌËÌÍMÍÌÎŒMŒÎLM‹ŒÍNÌÌŒMÎŒŒŒÌMÌŒ‹ŒÌËŒMLLMLBŒMŒÎKLMM‹ŽŒÌÍÎÎNL‹ŒŒMNÌNLÍ‹ŒÌ‹ŽNNMLŒMLMKŽÍŒÌËLLKŒÌŽNMŒÌ‹LŒÎLNLÂŒMKLLÌËNNLNMKLLMËÌÍŒŒÌËŒÌ‹ŒMÍNLBŒM‹LLNKÍŒNLÍL‹LLŽLLMŒNŒÌKŽÎMŒMŒMËLLŽNMÌLMÍ‹LLÎŒMLŽŒLKŒÌKŽMŒŒÎBŒMNKŒŒNŽLM‹MŒLNŒKŒÌKŒMÍNBŒMKMÌ‹ŒÍMŒÎMÌÍÍLMLËMLŒŽLKŒÌŽLNŒM‹MMŽŽŒL‹LMNKŒMÌMÌMŒÌÍŒM‚ŒMËLÍ‹ŽNLLŒMÌÍLMŒËŒŒÌNNMNKŒÌLÍNLÌ‚ŒMLNLMÌËLMKMMMÌMKŒÌÌÌÍÂŒMKLËŒMŒMÌŒŒ™KLMLM‹ŒŒMNŒÌŒÍÌŽLÌMŒMLNLMÌËLMKMMMÌMKŒÌÌÌÍÂŒMLKÍ‹ŽNLLŒMÌÍLMŒËŒŒÌNNMNKŒÌLÍNLÌ‚ŒML‹MŽŽŒL‹LMNKŒMÌMÌMŒÌÍŒM‚ŒMLËÌ‹ŒÍMŒÎMÌÍÍLMLËMLŒŽLKŒÌŽLNŒMMKŒŒNŽLM‹MŒLNŒKŒÌKŒMÍNBŒMMKLŽNMÌLMÍ‹LLÎŒMLŽŒLKŒÌKŽMŒŒÎBŒMM‹LNKÍŒNLÍL‹LLŽLLMŒNŒÌKŽÎMŒMŒMMËLÌËNNLNMKLLMËÌÍŒŒÌËŒÌ‹ŒMÍNLBŒMNMKŽÍŒÌËLLKŒÌŽNMŒÌ‹LŒÎLNLÂŒMNKMM‹ŽŒÌÍÎÎNL‹ŒŒMNÌNLÍ‹ŒÌ‹ŽNNMLŒMŒM‹ŒÍNÌÌŒMÎŒŒŒÌMÌŒ‹ŒÌËŒMLLMLBŒMŒKMÍŒŒLÌÍÍL‹MŒËŒMNMLMÌËŒÌËÌÍMÍÌÎŒMŒ‹NŽŽËMŒMŽMMNLÍKŒÌËLÌŒŒMÂŒMŒËNŽLŒLLLLÌ‹ŒÍLÍŽKŒÌËŽMŒLŒNÂŒMNËNNLŒÍÎNLM‹ŒLŽMÎM‹ŒÌËŽLMŒÌÎMŒBŒMKNKÎÌKNKŒLŒŒÍŽMBŒM‹NMÍÍÌ‹M‹ÌÌLŒŽÌŒ‹NKŒŽLŒMBŒMËNKŽÎÍMŒKÌ‹ÌÌMMÌ‹NŽMŒLÍŒŒ‚ŒMŽNKŒÌNNMÌMŽLLMÌNKNÍÍŽMÍBŒMŽKMÍKŒMMŽMLKŒMŒŒÍÍ‹NLŒLMÌMŒBŒMÌMËŒLMÎKŒÎLÍLKNŒŒLLÎÎŒMÌKMMËMNLNNMÌËLËŒMLÎMËMËŽMLŽÎLBŒMÌ‹M‹ŽLMÌÌËL‹ŒÍÌÌŒNLKMËÌÎMÌBŒMÌËLÌËŽNMÎLMNMËLNMŽNMÍNNMËŒŽNMMÎBŒMÍLŒŒŒLŒL‹LŽKŒŒNNM‹ŽLÎÍ‚ŒMÍKLKŒŽNLÍLÎKMÌŒLKM‹ŒŽÍÍBŒMÍ‹KŒÌNMÌNMMÍËMËŽLÍNMKŽLŽMLÎLBŒMÍËÌ‹LLŒÌMŒMKMMŽLMLŒÌMŒ‹MKŒNNNLBŒMÎMKŒŽLNLMËMŒÍMÍNLÎKMKŒÍŒÌŒNŒBŒMÎKÍ‹ŽMMLÌNKMŽL‹MKŒMÌÍLÎMBŒMŽNMÌŒMÍÌÌÌKM‹ŽŽLLÌLKMKŒMÌÌÍM‚ŒMŽKKŒMŒŒŒÍŒÎYKLMMËŒŽNM‹MKŒMÌŽŒŒ‚ŒMŽ‹LNMÌŒMÍÌÌÌKM‹ŽŽLLÌLKMKŒMÌÌÍM‚ŒMŽËLÍ‹ŽMMLÌNKMŽL‹MKŒMÌÍLÎMBŒMŽMMKŒŽLNLMËMŒÍMÍNLÎKMKŒÍŒÌŒNŒBŒMŽKMÌ‹LLŒÌMŒMKMMŽLMLŒÌMŒ‹MKŒNNNLBŒMŽ‹NKŒÌNMÌNMMÍËMËŽLÍNMKŽLŽMLÎLBŒMŽËLLKŒŽNLÍLÎKMÌŒLKM‹ŒŽÍÍBŒMŽLLŒŒŒLŒL‹LŽKŒŒNNM‹ŽLÎÍ‚ŒMŽKLLÌËŽNMÎLMNMËLNMŽNMÍNNMËŒŽNMMÎBŒMŽLLM‹ŽLMÌÌËL‹ŒÍÌÌŒNLKMËÌÎMÌBŒMŽLKLMMËMNLNNMÌËLËŒMLÎMËMËŽMLŽÎLBŒMŽL‹LMËŒLMÎKŒÎLÍLKNŒŒLLÎÎŒMŽLËLMÍKŒMMŽMLKŒMŒŒÍÍ‹NLŒLMÌMŒBŒMŽMLNKŒÌNNMÌMŽLLMÌNKNÍÍŽMÍBŒMŽMKLNKŽÎÍMŒKÌ‹ÌÌMMÌ‹NŽMŒLÍŒŒ‚ŒMŽM‹LNMÍÍÌ‹M‹ÌÌLŒŽÌŒ‹NKŒŽLŒMBŒMŽMËLNKÎÌK‹ÍŒÍÍLÌYKLMNKŒLŒŒÍŽMBŒMŽNLNMÍÍÌ‹LM‹ÌÌLŒŽÌŒ‹NKŒŽLŒMBŒMŽNKLNKŽÎÍMŒKLÌ‹ÌÌMMÌ‹NŽMŒLÍŒŒ‚ŒMÌLNKŒÌNNMÌMMŽLLMÌNKNÍÍŽMÍBŒMÌKLMÍKŒMMŽMLKMŒMŒŒÍÍ‹NLŒLMÌMŒBŒMÌ‹LMËŒLMMÎKŒÎLÍLKNŒŒLLÎÎŒMÌËLMMËMNLNNMÌËNLËŒMLÎMËMËŽMLŽÎLBŒMÌLM‹ŽLMÌÌËLL‹ŒÍÌÌŒNLKMËÌÎMÌBŒMÌKLLÌËŽNMÎLMNMËLLNMŽNMÍNNMËŒŽNMMÎBŒMÌ‹LLŒŒŒLŒL‹LLŽKŒŒNNM‹ŽLÎÍ‚ŒMÌËLLKŒŽNLÍLLÎKMÌŒLKM‹ŒŽÍÍBŒMÌNKŒÌNMÌNMMÍËLMËŽLÍNMKŽLŽMLÎLBŒMÌKMÌ‹LLŒÌMŒMKLMMŽLMLŒÌMŒ‹MKŒNNNLBŒMÌLMMKŒŽLNLMËLMŒÍMÍNLÎKMKŒÍŒÌŒNŒBŒMÌLKLÍ‹ŽMMLÌNKLMŽL‹MKŒMÌÍLÎMBŒMÌL‹LNMÌŒMÍÌÌÌKLM‹ŽŽLLÌLKMKŒMÌÌÍM‚ŒMÌLËLËÌÌMÌM™KLMLMËŒŽNM‹MKŒMÌŽŒŒ‚ŒMÌMNMÌŒMÍÌÌÌKLM‹ŽŽLLÌLKMKŒMÌÌÍM‚ŒMÌMKÍ‹ŽMMLÌNKLMŽL‹MKŒMÌÍLÎMBŒMÌM‹MKŒŽLNLMËLMŒÍMÍNLÎKMKŒÍŒÌŒNŒBŒMÌMËÌ‹LLŒÌMŒMKLMMŽLMLŒÌMŒ‹MKŒNNNLBŒMÌNKŒÌNMÌNMMÍËLMËŽLÍNMKŽLŽMLÎLBŒMÌNKLKŒŽNLÍLLÎKMÌŒLKM‹ŒŽÍÍBŒMÌŒLŒŒŒLŒL‹LLŽKŒŒNNM‹ŽLÎÍ‚ŒMÌŒKLÌËŽNMÎLMNMËLLNMŽNMÍNNMËŒŽNMMÎBŒMÌŒ‹M‹ŽLMÌÌËLL‹ŒÍÌÌŒNLKMËÌÎMÌBŒMÌŒËMMËMNLNNMÌËNLËŒMLÎMËMËŽMLŽÎLBŒMÌMËŒLMMÎKŒÎLÍLKNŒŒLLÎÎŒMÌKMÍKŒMMŽMLKMŒMŒŒÍÍ‹NLŒLMÌMŒBŒMÌ‹NKŒÌNNMÌMMŽLLMÌNKNÍÍŽMÍBŒMÌËNKŽÎÍMŒKLÌ‹ÌÌMMÌ‹NŽMŒLÍŒŒ‚ŒMÌŽNMÍÍÌ‹LM‹ÌÌLŒŽÌŒ‹NKŒŽLŒMB‚‘]H™XÛÜ™Ì‚OOOOOOOOOOOOOOOOOOOOOOOOOOOOOOOOOOOOOOOOOOOOOOOOOOOOOOOOOOOOOOOOOOOOOOOOOOB”Ý\HB•[YHHŽMÎLNB‘]HHÚ\ØÛÛXÝÙ]BŒKŒÍŽNLÌLMËËŽNLÌLMÙKL‚Œ‹ŒÍÌÍÌÍÎMËÌÍÌÍÎMKL‚ŒËŒÍÌLŽLLÌËÌLŽLLÌKL‚ŒÍÌÌÍNŒLNËÌÌÍNŒLNKL‚KŒÍÍÌMŽLŽÍ‹ËÍÌMŽLŽÍ™KL‚‹ŒÍÍÌŒNLÍËËÍÌŒNLÍÙKL‚ËŒÎŒŒÌLÌ‹ËŽŒŒÌLÌ™KL‚ŽŒÎÍMMŒMŒKËŽÍMMŒMŒYKL‚ŽKŒÎÌÎL‹ËŽÌÎL™KL‚ŒLŒÎLLMÎLLKËŽLLMÎLLYKL‚ŒLKŒÎMLLÎLÍŽNKËŽMLLÎLÍŽNYKL‚ŒL‹ŒÎNÍŽLNLËËŽNÍŽLNLÙKL‚ŒLËŒNMMMMMÍËŒNMMMMMÍÙKL‚ŒMŒLÍMNN‹ŒLÍMNN™KL‚ŒMKŒŒÍLÎMÍËŒŒÍLÎMÍÙKL‚ŒM‹ŒÌŽLMNMŒÌŽLMNMKL‚ŒMËŒÌŽLMNMKŒÌŽLMNMYKL‚ŒNŒŒÍLÎMÍKŒŒÍLÎMÍYKL‚ŒNKŒLÍMNNËŒLÍMNNÙKL‚ŒŒŒNMMMMMÍŒNMMMMMÍKL‚ŒŒKŒÎNÍŽLNL‹ËŽNÍŽLNL™KL‚ŒŒ‹ŒÎMLLÎLÍËËŽMLLÎLÍÙKL‚ŒŒËŒÎLLMÎLL‹ËŽLLMÎLL™KL‚ŒŒÎÌÎKËŽÌÎYKL‚ŒKŒÎÍMMŒMMËËŽÍMMŒMMÙKL‚Œ‹ŒÎŒŒÌLÌ‹ËŽŒŒÌLÌ™KL‚ŒËŒÍÍÌŒNLÍKËÍÌŒNLÍYKL‚ŒŽŒÍÍÌMŽLŽÍ‹ËÍÌMŽLŽÍ™KL‚ŒŽKŒÍÌÌÍNŒLNËÌÌÍNŒLNKL‚ŒÌŒÍÌLŽLLÌKËÌLŽLLÌYKL‚ŒÌKŒÍÌÍÌÍÎM‹ËÌÍÌÍÎM™KL‚ŒÌ‹ŒÍŽNLÌLMÍKËŽNLÌLMÍYKL‚ŒÌËŒÎÎŒLŒŽËŽÎŒLŒŽKL‚ŒÍŒÎMLÍÍŽÎËŽMLÍÍŽÎKL‚ŒÍKŒÎÍŽMŒŒÌÎLKËŽÍŽMŒŒÌÎLYKL‚ŒÍ‹ŒÎÌLÌMŽŽËŽÌLÌMŽŽKL‚ŒÍËŒÎŒMMŽËŽŒMMŽKL‚ŒÎŒÎŒMNLÎNNLËËŽŒMNLÎNNLÙKL‚ŒÎKŒÎŒMLÌNMËËŽŒMLÌNMÙKL‚ŒÎŒÍŒÍŒMŽËŽŒÍŒÍŒMŽKL‚KŒÎÌLMÌŒÍËŽÌLMÌŒÍKL‚‹ŒÎÎÍMŽLÍÌKËŽÎÍMŽLÍÌYKL‚ËŒÎNŒÌÎMËŽNŒÌÎMKL‚ŒÎLMMÎNMLËŽLMMÎNMLKL‚KŒÎLLŽLLŒŽËËŽLLŽLLŒŽÙKL‚‹ŒÎLŒÍNÍKËŽLŒÍNÍYKL‚ËŒÎLŽNMÌÌNLLËËŽLŽNMÌÌNLLÙKL‚ŒÎLÌÎMNËËŽLÌÎMNÙKL‚KŒÎLÌÎMNËËŽLÌÎMNÙKL‚LŒÎLŽNMÌÌNLLËËŽLŽNMÌÌNLLÙKL‚LKŒÎLŒÍNÍËŽLŒÍNÍKL‚L‹ŒÎLLŽLLŒŽ‹ËŽLLŽLLŒŽ™KL‚LËŒÎLMMÎNMLËŽLMMÎNMLKL‚MŒÎNŒÌÎM‹ËŽNŒÌÎM™KL‚MKŒÎÎÍMŽLÍŽKËŽÎÍMŽLÍŽYKL‚M‹ŒÎÌLMÌŒÌKËŽÌLMÌŒÌYKL‚MËŒÎŒÍŒÍŒM‹ËŽŒÍŒÍŒM™KL‚NŒÎŒMLÌNMËËŽŒMLÌNMÙKL‚NKŒÎŒMNLÎNNLËËŽŒMNLÎNNLÙKL‚ŒŒÎŒMMŽËŽŒMMŽKL‚ŒKŒÎÌLÌMŽŽKËŽÌLÌMŽŽYKL‚Œ‹ŒÎÍŽMŒŒÌÎL‹ËŽÍŽMŒŒÌÎL™KL‚ŒËŒÎMLÍÍŽÍËŽMLÍÍŽÍKL‚ŒÎÎŒLŒÎKËŽÎŒLŒÎYKL‚KŒÎMLNNËŽMLNNKL‚‹ŒÎMMLLËŽMMLLKL‚ËŒÎLÍLŒÍLÌ‹ËŽLÍLŒÍLÌ™KL‚ŽŒÎLŒLÌÌLÌKËŽLŒLÌÌLÌYKL‚ŽKŒÎLLLÌÍKËŽLLLÌÍYKL‚ÌŒÎLNLMLNËŽLNLMLNKL‚ÌKŒÎMLLÌÍ‹ËŽMLLÌÍ™KL‚Ì‹ŒÎÌNLNËŽÌNLNKL‚ÌËŒÎÎMLŒŒ‹ËŽÎMLŒŒ™KL‚ÍŒÎŽMNLMKËŽŽMNLMYKL‚ÍKŒÎŽMMŒÎMŒËËŽŽMMŒÎMŒÙKL‚Í‹ŒÎÌÍÍLLÌÍNKËŽÌÍÍLLÌÍNYKL‚ÍËŒÎÎŒÎKËŽÎŒÎYKL‚ÎŒÎÎLÎLÎNËŽÎLÎLÎNKL‚ÎKŒÎÎLÎKËŽÎLÎYKL‚ŽŒÎLŽMŽNKËŽLŽMŽNYKL‚ŽKŒÎLŽMŽNLKËŽLŽMŽNLYKL‚Ž‹ŒÎÎLÎL‹ËŽÎLÎL™KL‚ŽËŒÎÎLÎLÎMËËŽÎLÎLÎMÙKL‚ŽŒÎÎŒÎKËŽÎŒÎYKL‚ŽKŒÎÌÍÍLLÌÍNËŽÌÍÍLLÌÍNKL‚Ž‹ŒÎŽMMŒÎMKËŽŽMMŒÎMYKL‚ŽËŒÎŽMNLMËËŽŽMNLMÙKL‚ŽŒÎÎMLŒŒËŽÎMLŒŒKL‚ŽKŒÎÌNLMKËŽÌNLMYKL‚ŽLŒÎMLLÌÍËËŽMLLÌÍÙKL‚ŽLKŒÎLNLMLNËŽLNLMLNKL‚ŽL‹ŒÎLLLÌÎËŽLLLÌÎKL‚ŽLËŒÎLŒLÌÌLÌKËŽLŒLÌÌLÌYKL‚ŽMŒÎLÍLŒÍLÌ‹ËŽLÍLŒÍLÌ™KL‚ŽMKŒÎMMLLŒKËŽMMLLŒYKL‚ŽM‹ŒÎMLNMKËŽMLNMYKL‚ŽMËŒÎLMLMŒÍKËŽLMLMŒÍYKL‚ŽNŒÎMŒÌŒMŽÌ‹ËŽMŒÌŒMŽÌ™KL‚ŽNKŒÎÌNNMKËŽÌNNMYKL‚ŒLŒÎÍÌMÎMŽKËŽÍÌMÎMŽYKL‚ŒLKŒÎÌÍMÎLÌKËŽÌÍMÎLÌYKL‚ŒL‹ŒÎŒÎLNËËŽŒÎLNÙKL‚ŒLËŒÎNÌNÌ‹ËŽNÌNÌ™KL‚ŒLŒÎNNNLÌM‹ËŽNNNLÌM™KL‚ŒLKŒÎNMÍLÎLÌËËŽNMÍLÎLÌÙKL‚ŒL‹ŒÎÍLÎMÌLËŽÍLÎMÌLKL‚ŒLËŒÎÍÌLÍMÍËËŽÍÌLÍMÍÙKL‚ŒLŒÎLÌŽŒLËËŽLÌŽŒLÙKL‚ŒLKŒÎLLÌMŒNKËŽLLÌMŒNYKL‚ŒLLŒÎLŒÎLŽËŽLŒÎLŽKL‚ŒLLKŒÎLÌMLLŽËŽLÌMLLŽKL‚ŒLL‹ŒÎLÍMÎÍLÍÍËŽLÍMÎÍLÍÍKL‚ŒLLËŒÎLÍMÎÍLÍÌËËŽLÍMÎÍLÍÌÙKL‚ŒLMŒÎLÌMLLÌËËŽLÌMLLÌÙKL‚ŒLMKŒÎLŒÎLËËŽLŒÎLÙKL‚ŒLM‹ŒÎLLÌMŒNKËŽLLÌMŒNYKL‚ŒLMËŒÎLÌŽŒLËŽLÌŽŒLKL‚ŒLNŒÎÍÌLÍMÍËËŽÍÌLÍMÍÙKL‚ŒLNKŒÎÍLÎMÌLËŽÍLÎMÌLKL‚ŒLŒŒÎNMÍLÎLÍËŽNMÍLÎLÍKL‚ŒLŒKŒÎNNNLÌM‹ËŽNNNLÌM™KL‚ŒLŒ‹ŒÎNÌNÌKËŽNÌNÌYKL‚ŒLŒËŒÎŒÎLN‹ËŽŒÎLN™KL‚ŒLŒÎÌÍMÎLÌËËŽÌÍMÎLÌÙKL‚ŒLKŒÎÍÌMÎMËËŽÍÌMÎMÙKL‚ŒL‹ŒÎÌNNMËŽÌNNMKL‚ŒLËŒÎMŒÌŒMŽÌ‹ËŽMŒÌŒMŽÌ™KL‚ŒLŽŒÎLMLMŒÍËŽLMLMŒÍKL‚ŒLŽKŒÍÍÌLŒËËÍÌLŒÙKL‚ŒLÌŒÍÍÍÎÌMKËÍÍÎÌMYKL‚ŒLÌKŒÍÍMÍNLŽËÍMÍNLŽKL‚ŒLÌ‹ŒÍÍMÎÌÍ‹ËÍMÎÌÍ™KL‚ŒLÌËŒÍÍNLÍLŒLŽËÍNLÍLŒLŽKL‚ŒLÍŒÍÍÍŒÍŒNŽËÍÍŒÍŒNŽKL‚ŒLÍKŒÍÎNNMMÌÌÌŽKËÎNNMMÌÌÌŽYKL‚ŒLÍ‹ŒÎÌÎKËŽÌÎYKL‚ŒLÍËŒÎMNŽÌLÍ‹ËŽMNŽÌLÍ™KL‚ŒLÎŒÎLŽMŒŽLLËËŽLŽMŒŽLLÙKL‚ŒLÎKŒÎMLŽLÌMKËŽMLŽLÌMYKL‚ŒMŒÎMÍŒÌÍÍLMËËŽMÍŒÌÍÍLMÙKL‚ŒMKŒÌÌLLÍKŒÌÌLLÍYKL‚ŒM‹ŒÌŒŒÎNNNNKŒÌŒŒÎNNNNYKL‚ŒMËŒMMLNKŒMMLNYKL‚ŒMŒNŒŒMÌŒÌKŒNŒŒMÌŒÌYKL‚ŒMKŒNŒŒMÌŒÌËŒNŒŒMÌŒÌÙKL‚ŒM‹ŒMMLNKŒMMLNYKL‚ŒMËŒÌŒŒÎKŒÌŒŒÎYKL‚ŒMŒÌÌLLÍL‹ŒÌÌLLÍL™KL‚ŒMKŒÎMÍŒÌÍÍLM‹ËŽMÍŒÌÍÍLM™KL‚ŒMLŒÎMLŽLÌLËËŽMLŽLÌLÙKL‚ŒMLKŒÎLŽMŒŽLLËŽLŽMŒŽLLKL‚ŒML‹ŒÎMNŽÌLÍ‹ËŽMNŽÌLÍ™KL‚ŒMLËŒÎÌËŽÌKL‚ŒMMŒÍÎNNMMÌÌÌŽËÎNNMMÌÌÌŽKL‚ŒMMKŒÍÍÍŒÍŒNŽKËÍÍŒÍŒNŽYKL‚ŒMM‹ŒÍÍNLÍLŒLŽËËÍNLÍLŒLŽÙKL‚ŒMMËŒÍÍMÎÌÍ‹ËÍMÎÌÍ™KL‚ŒMNŒÍÍMÍNLŽËÍMÍNLŽKL‚ŒMNKŒÍÍÍÎÌMËÍÍÎÌMKL‚ŒMŒŒÍÍÌLŒËÍÌLŒKL‚ŒMŒKŒÍÌÍNÌÌÎNKËÌÍNÌÌÎNYKL‚ŒMŒ‹ŒÍLÎMNMML‹ËLÎMNMML™KL‚ŒMŒËŒÍÍÎNLNŒËËÍÎNLNŒÙKL‚ŒMŒÍLÌMÍÍŒ‹ËLÌMÍÍŒ™KL‚ŒMKŒÍMÎMÎNNKËMÎMÎNNYKL‚ŒM‹ŒÍŒÎMŒMMŒËËŒÎMŒMMŒÙKL‚ŒMËŒÍÌLÌÎËÌLÌÎKL‚ŒMŽŒÍÎMNŽNËÎMNŽNKL‚ŒMŽKŒÎŽLMLNMKËŽŽLMLNMYKL‚ŒMÌŒÎMLMMÍLÍŽŒKËŽMLMMÍLÍŽŒYKL‚ŒMÌKŒÌÌŒÍŒÍËŒÌÌŒÍŒÍÙKL‚ŒMÌ‹ŒLLŽÍÍËŒLLŽÍÍÙKL‚ŒMÌËŒMŒLLÍŽ‹ŒMŒLLÍŽ™KL‚ŒMÍŒŒÎMÌŒÎKŒŒÎMÌŒÎYKL‚ŒMÍKŒNML‹ŒNML™KL‚ŒMÍ‹ŒMMNKŒMMNYKL‚ŒMÍËŒMMNL‹ŒMMNL™KL‚ŒMÎŒNMLËŒNMLÙKL‚ŒMÎKŒŒÎMÌŒÎKŒŒÎMÌŒÎYKL‚ŒNŒMŒLLÍŽ‹ŒMŒLLÍŽ™KL‚ŒNKŒLLŽÍÍ‹ŒLLŽÍÍ™KL‚ŒN‹ŒÌÌŒÍŒÍŽKŒÌÌŒÍŒÍŽYKL‚ŒNËŒÎMLMMÍLÍŽŒKËŽMLMMÍLÍŽŒYKL‚ŒNŒÎŽLMLNM‹ËŽŽLMLNM™KL‚ŒNKŒÍÎMNÌKËÎMNÌYKL‚ŒN‹ŒÍÌLÌÎËÌLÌÎKL‚ŒNËŒÍŒÎMŒMMËŒÎMŒMMKL‚ŒNŒÍMÎMÎNKËMÎMÎNYKL‚ŒNKŒÍLÌMÍÍŒ‹ËLÌMÍÍŒ™KL‚ŒNLŒÍÍÎNLNŒKËÍÎNLNŒYKL‚ŒNLKŒÍLÎMNMMLËËLÎMNMMLÙKL‚ŒNL‹ŒÍÌÍNÌÍKËÌÍNÌÍYKL‚ŒNLËŒÌNMÎMMÌÎËŒNMÎMMÌÎKL‚ŒNMŒÌÌLŒŒKËŒÌLŒŒYKL‚ŒNMKŒÌLŒŽLŒMËŒLŒŽLŒMKL‚ŒNM‹ŒÌNMNLÍNËŒNMNLÍNKL‚ŒNMËŒÌÌMLŽLL‹ËŒÌMLŽLL™KL‚ŒNNŒÍMNŒLÍËËMNŒLÍÙKL‚ŒNNKŒÍNNLÌŒÎNKËNNLÌŒÎNYKL‚ŒŒŒÍÌÌMMÍÍÌÍ‹ËÌÌMMÍÍÌÍ™KL‚ŒŒKŒÎMÌŒÎËŽMÌŒÎKL‚ŒŒ‹ŒŽLMŒÍÍ‹ŒŽLMŒÍÍ™KL‚ŒŒËŒMŒŒŽMŽLKŒMŒŒŽMŽLYKL‚ŒŒŒŽLÍÎLÎŒKŒŽLÍÎLÎŒYKL‚ŒŒKŒÍÎNLÌMMÍ‹ŒÍÎNLÌMMÍ™KL‚ŒŒ‹ŒMLNÍMLNÍKL‚ŒŒËŒLŒÎLŒÎKL‚ŒŒŒLÍMLÎKLÍMLÎYKL‚ŒŒKŒLÍMLÎLÍMLÎKL‚ŒŒLŒLŒÎKLŒÎYKL‚ŒŒLKŒMLNÍMLNÍKL‚ŒŒL‹ŒÍÎNLÌMMÍ‹ŒÍÎNLÌMMÍ™KL‚ŒŒLËŒŽLÍÎLÎŒKŒŽLÍÎLÎŒYKL‚ŒŒMŒMŒŒŽMŽLËŒMŒŒŽMŽLÙKL‚ŒŒMKŒŽLMŒÍÍ‹ŒŽLMŒÍÍ™KL‚ŒŒM‹ŒÎMÌŒÎËŽMÌŒÎKL‚ŒŒMËŒÍÌÌMMÍÍÌÍ‹ËÌÌMMÍÍÌÍ™KL‚ŒŒNŒÍNNLÌŒÎNKËNNLÌŒÎNYKL‚ŒŒNKŒÍMNŒLÍ‹ËMNŒLÍ™KL‚ŒŒŒŒÌÌMLŽLLËËŒÌMLŽLLÙKL‚ŒŒŒKŒÌNMNLÍN‹ËŒNMNLÍN™KL‚ŒŒŒ‹ŒÌLŒŽLŒNËŒLŒŽLŒNKL‚ŒŒŒËŒÌÌLŒŒLKËŒÌLŒŒLYKL‚ŒŒŒÌNMÎMMÌÎKËŒNMÎMMÌÎYKL‚ŒŒKŒŽLÍMŒË‹ŽLÍMŒÙKL‚ŒŒ‹ŒŽŽMÌMÌLË‹ŽŽMÌMÌLÙKL‚ŒŒËŒÍÎÍN‹ÍÎÍNKL‚ŒŒŽŒŽMLŒNMÍË‹ŽMLŒNMÍÙKL‚ŒŒŽKŒŽMNNMLÌ‹ŽMNNMLÌKL‚ŒŒÌŒÌMÍLLŽ‹ËŒMÍLLŽ™KL‚ŒŒÌKŒÍNLÍÎLMKËNLÍÎLMYKL‚ŒŒÌ‹ŒÍŽLÌÌÎLËËŽLÌÌÎLÙKL‚ŒŒÌËŒÎLLNLÎMŒÌKËŽLLNLÎMŒÌYKL‚ŒŒÍŒLÎMMMŒŒŒLÎMMMŒŒKL‚ŒŒÍKŒÍŒÌŒMKŒÍŒÌŒMYKL‚ŒŒÍ‹ŒLŒÌLÌKLŒÌLÌYKL‚ŒŒÍËŒÍÌÍÌMLÌËÍÌÍÌMLÌÙKL‚ŒŒÎŒÎÍŒŽMÍŒËÎÍŒŽMÍŒÙKL‚ŒŒÎKŒŒLŒÎMÌKŽŒLŒÎMÌYKL‚ŒŒLŽMŽLMNKŽLŽMŽLMNYKL‚ŒKŒLŽMŽLMNKŽLŽMŽLMNYKL‚Œ‹ŒŒLŒÎMŽŽŒLŒÎMŽKL‚ŒËŒÎÍŒŽMÍŒKÎÍŒŽMÍŒYKL‚ŒŒÍÌÍÌMLÍKÍÌÍÌMLÍYKL‚ŒKŒLŒÌLÌLŒÌLÌKL‚Œ‹ŒÍŒÌŒMKŒÍŒÌŒMYKL‚ŒËŒLÎMMMŒŒŒÎKŒLÎMMMŒŒŒÎYKL‚ŒŒÎLLNLÎMŒËËŽLLNLÎMŒÙKL‚ŒKŒÍŽLÌÌÎLÌ‹ËŽLÌÌÎLÌ™KL‚ŒLŒÍNLÍÎLMËNLÍÎLMKL‚ŒLKŒÌMÍLLŽËËŒMÍLLŽÙKL‚ŒL‹ŒŽMNNMLÌK‹ŽMNNMLÌYKL‚ŒLËŒŽMLŒNMÍ‹‹ŽMLŒNMÍ™KL‚ŒMŒÍÎÍNK‹ÍÎÍNYKL‚ŒMKŒŽŽMÌMÌM‹ŽŽMÌMÌMKL‚ŒM‹ŒŽLÍMŒ‹ŽLÍMŒKL‚ŒMËŒŒLLLMK‹ŒLLLMYKL‚ŒNŒLNMÌÌŒÌÌ‹‹LNMÌÌŒÌÌ™KL‚ŒNKŒLMMÎLŽLŽK‹LMMÎLŽLŽYKL‚ŒŒŒLMÌMMË‹LMÌMMÙKL‚ŒŒKŒŽMÎ‹ŽMÎKL‚ŒŒ‹ŒŽLMMŒMŒÌK‹ŽLMMŒMŒÌYKL‚ŒŒËŒÌŒÎŒLLMMËËŒŒÎŒLLMMÙKL‚ŒŒÍŒMMÍNËŒMMÍNKL‚ŒKŒÎMÍMLÍLÎËËŽMÍMLÍLÎÙKL‚Œ‹ŒÌMŒLNŒÌMŒLNKL‚ŒËŒNNLŒÍÎNËNNLŒÍÎNÙKL‚ŒŽŒLÍLÌÍŒM‹ŽLÍLÌÍŒM™KL‚ŒŽKŒLMMŽLLÌ‹KŒMMŽLLÌ™KL‚ŒÌŒLŒLÍÌŽNLNKŒŒLÍÌŽNLNKL‚ŒÌKŒLÌNMÌLMËKŒÌNMÌLMÙKL‚ŒÌ‹ŒLÍÌŒMLÎNËKŒÍÌŒMLÎNÙKL‚ŒÌËŒLÍÌŒMLÎNKŒÍÌŒMLÎNKL‚ŒÍŒLÌNMÌLMŽKŒÌNMÌLMŽKL‚ŒÍKŒLŒLÍÌŽNLM‹KŒŒLÍÌŽNLM™KL‚ŒÍ‹ŒLMMŽLLÍKŒMMŽLLÍKL‚ŒÍËŒLÍLÌÍŒMËŽLÍLÌÍŒMÙKL‚ŒÎŒNNLŒÍÎNKNNLŒÍÎNYKL‚ŒÎKŒÌMŒLNŒÌMŒLNKL‚ŒŽŒÎMÍMLÍLÎ‹ËŽMÍMLÍLÎ™KL‚ŒŽKŒÍŒMMÍN‹ËŒMMÍN™KL‚ŒŽ‹ŒÌŒÎŒLLMMËËŒŒÎŒLLMMÙKL‚ŒŽËŒŽLMMŒMŒÌ‹‹ŽLMMŒMŒÌ™KL‚ŒŽŒŽMÎK‹ŽMÎYKL‚ŒŽKŒLMÌMMË‹LMÌMMÙKL‚ŒŽ‹ŒLMMÎLŽLË‹LMMÎLŽLÙKL‚ŒŽËŒLNMÌÌŒÌÌ‹‹LNMÌÌŒÌÌ™KL‚ŒŽŒŒLLLM‹ŒLLLMKL‚ŒŽKLŒÌŽNMŒ‹ŒŽLLŒNÌŒŒMLÍË‹ŒŒÌNLLMLMÎYKLÂŒŽLKŽÍMÍMÍŒÙKLK‹ŽŒMÍLÌÍKLÂŒŽL‹ŒMLÎNLLMNKLÎNLLMNKL‚ŒŽLËŒŒÌÍŒŒÍÍË‹ŒÌÍŒŒÍÍÙKL‚ŒŽMŒÌLŽMÍÌÌK‹ÌLŽMÍÌÌYKL‚ŒŽMKŒÌLNMLÌÌÌËŒLNMLÌÌÌKL‚ŒŽM‹ŒÍŒLÍÌÍLÍËŒLÍÌÍLÍKL‚ŒŽMËŒLÍÍÎNLŒËŒLÍÍÎNLŒÙKL‚ŒŽNŒMÌMÍÎ‹MÌMÍÎ™KL‚ŒŽNKŒLÍŒÎLLLLÌ‹ŽLÍŒÎLLLLÌ™KL‚ŒÌŒLŽNÌMÍÍÎKKŒŽNÌMÍÍÎYKL‚ŒÌKŒMMLÍŒKKMLÍŒYKL‚ŒÌ‹ŒMÍÌÍÍKKÍÌÍÍYKL‚ŒÌËŒNÎLLÍ‹KŽÎLLÍ™KL‚ŒÌŒNMMLÌNÎMŒKKŽMMLÌNÎMŒYKL‚ŒÌKŒNMMLÌNÎMNKKŽMMLÌNÎMNYKL‚ŒÌ‹ŒNÎLLÍ‹KŽÎLLÍ™KL‚ŒÌËŒMÍÌÍÍKÍÌÍÍKL‚ŒÌŒMMLÍŒËKMLÍŒÙKL‚ŒÌKŒLŽNÌMÍÍÎKKŒŽNÌMÍÍÎYKL‚ŒÌLŒLÍŒÎLLLLÌËŽLÍŒÎLLLLÌÙKL‚ŒÌLKŒMÌMÍÎMÌMÍÎKL‚ŒÌL‹ŒLÍÍÎNLNKŒLÍÍÎNLNYKL‚ŒÌLËŒÍŒLÍÌÍLÍËŒLÍÌÍLÍKL‚ŒÌMŒÌLNMLÌÌÌËŒLNMLÌÌÌKL‚ŒÌMKŒÌLŽMÍÌÌ‹‹ÌLŽMÍÌÌ™KL‚ŒÌM‹ŒŒÌÍŒŒÍÍ‹‹ŒÌÍŒŒÍÍ™KL‚ŒÌMËŒMLÎNLLMMËKLÎNLLMMÙKL‚ŒÌNŽÍMÍMÌMKLK‹ŽŒMÍLÌ™KLÂŒÌNKLŒNÌŒŒMLÍK‹ŒŒÌNLLMLN™KLÂŒÌŒLŒÌŽNMŒËŒÌŒKLŒŒMŽMŒŒÎÎKŒÌŒ‹LŒMÌÌŒLŒËŒÌŒËLŒNÌÍÎLŒMËŒÌLŒÌŒÌÍŒN‹ŒÌKŒMÍÌLÌMKŒŒÌMŒÙKL‚ŒÌ‹ŒNMÌMŽÌ‹‹NMÌMŽÌ™KL‚ŒÌËŒÌŒLÌÌÍÌLÍNKËŒŒLÌÌÍÌLÍNYKL‚ŒÌŽŒÍÌLŒÌÍÍÍMKËÌLŒÌÍÍÍMYKL‚ŒÌŽKŒŽLLÌÎLMÌÍKŒŽLLÌÎLMÌÍYKL‚ŒÌÌŒÌŽLÍ‹ŽÌŽLÍ™KL‚ŒÌÌKŒLÍÍÍMÍŒ‹KŒÍÍÍMÍŒ™KL‚ŒÌÌ‹ŒMÎMÎLÎÍMKKÎMÎLÎÍMYKL‚ŒÌÌËŒŒLÎLNMŒŽ‹ŒLÎLNMŒŽKL‚ŒÌÍŒŒÎMÎLŒLÍË‹ŒÎMÎLŒLÍÙKL‚ŒÌÍKŒMÌMŒÌŽLLŽK‹MÌMŒÌŽLLŽYKL‚ŒÌÍ‹ŒNNÍŒK‹NNÍŒYKL‚ŒÌÍËŒNNÍŒË‹NNÍŒÙKL‚ŒÌÎŒMÌMŒÌŽLLŽK‹MÌMŒÌŽLLŽYKL‚ŒÌÎKŒŒÎMÎLŒLÍ‹‹ŒÎMÎLŒLÍ™KL‚ŒÍŒŒLÎLNMŒŽK‹ŒLÎLNMŒŽYKL‚ŒÍKŒMÎMÎLÎÍMKÎMÎLÎÍMKL‚ŒÍ‹ŒLÍÍÍMÍŒKŒÍÍÍMÍŒKL‚ŒÍËŒÌŽLÍKŽÌŽLÍYKL‚ŒÍŒŽLLÌÎLMÌÍ‹ŒŽLLÌÎLMÌÍ™KL‚ŒÍKŒÍÌLŒÌÍÍÍM‹ËÌLŒÌÍÍÍM™KL‚ŒÍ‹ŒÌŒLÌÌÍÌLÍMËËŒŒLÌÌÍÌLÍMÙKL‚ŒÍËŒNMÌMŽÌ‹‹NMÌMŽÌ™KL‚ŒÍŒMÍÌLÌLËKŒŒÌMŒŽKL‚ŒÍKLŒÌŒÌÍŒNKŒÍLLŒNÌÍÎLŒMÌKŒÍLKLŒMÌÌŒLŒËŒÍL‹LŒŒMŽMŒŒÎŒÍLËLŒMMŽŒNMÎŒÍMLŒŒÍÍŒKŒÍMKLŒÌLÌÎLÎKŒÍM‹LŒMLLŽMÍMÍ‹ŒÍMËLŒÍŒŒLNLMÍŽŒÍNŒNLNNLÍÍÌLKKŽMŽÍÎMÍÙKL‚ŒÍNKŒÍMMÍÌÎËMMÍÌÎKL‚ŒÍŒŒŒÌÌMÎKŒŒÌÌMÎYKL‚ŒÍŒKŒŒŽNNLLÌNŒŽNNLLÌNKL‚ŒÍŒ‹ŒLŽLŽLLLKKŒŽLŽLLLYKL‚ŒÍŒËŒNLŒÍMËKŽLŒÍMÙKL‚ŒÍŒLLÌŒË‹LLÌŒÙKL‚ŒÍKŒŽNNLMŒLË‹ŽNNLMŒLÙKL‚ŒÍ‹ŒÌMÌŽLÌLKËŒMÌŽLÌLYKL‚ŒÍËŒÌÎLŽMÍËËŒÎLŽMÍÙKL‚ŒÍŽŒÍLMŒÍMŒËËLMŒÍMŒÙKL‚ŒÍŽKŒÍLMŒÍMŒKËLMŒÍMŒYKL‚ŒÍÌŒÌÎLŽMÍ‹ËŒÎLŽMÍ™KL‚ŒÍÌKŒÌMÌŽLÌLKËŒMÌŽLÌLYKL‚ŒÍÌ‹ŒŽNNLMŒLK‹ŽNNLMŒLYKL‚ŒÍÌËŒLLÌŒK‹LLÌŒYKL‚ŒÍÍŒNLŒÍMKKŽLŒÍMYKL‚ŒÍÍKŒLŽLŽLLLKKŒŽLŽLLLYKL‚ŒÍÍ‹ŒŒŽNNLLÌNKŒŽNNLLÌNYKL‚ŒÍÍËŒŒÌÌMÎŒŒÌÌMÎKL‚ŒÍÎŒÍMMÍÌÍÍËËMMÍÌÍÍÙKL‚ŒÍÎKŒNLNNLÍÍÌKKŽMŽÍÎMÍÙKL‚ŒÎLŒÍŒŒLNLMÍŽLKŒÎKLŒMLLŽMÍMÍ‹ŒÎ‹LŒÌLÌÎLÎKŒÎËLŒŒÍÍŒKŒÎLŒMMŽŒNMÎŒÎKLŒLÎŽÌŒËŒÎ‹LŒÎÍŒMLÌÎMËŒÎËLŒŒMLLLÌL‹ŒÎLŒÍŒÍMËŒÎKLŒLNMÍNNKŒÎLLŒŒÍMMÌŽÍÌÎKŒÍŽLLKLÂŒÎLKŒÎLŒMÍLÌKËŽLŒMÍLÌYKL‚ŒÎL‹ŒÎNLÌŒKÎNLÌŒYKL‚ŒÎLËŒLLÎLNÌNLKKŒLÎLNÌNLYKL‚ŒÎMŒNNLŽNÌÌ‹KŽNLŽNÌÌ™KL‚ŒÎMKŒMÌNNML‹‹MÌNNML™KL‚ŒÎM‹ŒÌŒÌŒÍM‹ËŒŒÌŒÍM™KL‚ŒÎMËŒÍŽMŒLNLMŒËËŽMŒLNLMŒÙKL‚ŒÎNŒŽLNÎLKŒŽLNÎLYKL‚ŒÎNKŒÌŒLÎMŒMÍKŒÌŒLÎMŒMÍYKL‚ŒÎMLŒÍLÎÎMLŒÍLÎKL‚KŒÎMLŒÍLÍ‹ÎMLŒÍLÍ™KL‚‹ŒÌŒLÎMŒMÌËŒÌŒLÎMŒMÌÙKL‚ËŒŽLNÎLKŒŽLNÎLYKL‚ŒÍŽMŒLNLMŒËËŽMŒLNLMŒÙKL‚KŒÌŒÌŒÍMKËŒŒÌŒÍMYKL‚‹ŒMÌNNMLK‹MÌNNMLYKL‚ËŒNNLŽNÌÌŒKKŽNLŽNÌÌŒYKL‚ŒLLÎLNÌNLËKŒLÎLNÌNLÙKL‚KŒÎNLÌŒÎNLÌŒKL‚LŒÎLŒMÍLÌËËŽLŒMÍLÌÙKL‚LKLŒŒÍMMÌŽÍÌÍMËKŒÍŽLLYKLÂL‹LŒLNMÍNNKLËLŒÍŒÍMËMLŒŒMLLLÌL‹MKLŒÎÍŒMLÌÎMËM‹LŒLÎŽÌŒËMËLŒMNLÌÌLŒMLËNLŒLÍÍŒMÌŒŒÍËNKLŒLMÌÌŽMŽLMKŒLŒŒÍÎMMŒÌËŒKLŒNLNNMÌÍŒ‹LŒMÎÎLKŒËŒÍÍNÌMMLÌLËËÍNÌMMLÌLÙKL‚ŒMÎLLLMÍÍŒŽKÎLLLMÍÍŒŽKL‚KŒMÍÌÍÌLKÍÌÍÌLKL‚‹ŒNŽLŒÍL‹‹NŽLŒÍL™KL‚ËŒÌÌÍLMMNMÌËËŒÌÍLMMNMÌÙKL‚ŽŒMMMLMŒÍŒMMMLMŒÍKL‚ŽKŒŒÍÎNÍÌKŒÍÎNÍÌYKL‚ÌŒLÌŽMÌNMMKKŒÌŽMÌNMMYKL‚ÌKŒLÍÍŒŒŒÌL‹KŒÍÍŒŒŒÌL™KL‚Ì‹ŒMLMLÍÌŒKKLMLÍÌŒYKL‚ÌËŒMLMLÍÌŒËKLMLÍÌŒÙKL‚ÍŒLÍÍŒŒŒÌLKKŒÍÍŒŒŒÌLYKL‚ÍKŒLÌŽMÌNMM‹KŒÌŽMÌNMM™KL‚Í‹ŒŒÍÎNÍÌËŒÍÎNÍÌÙKL‚ÍËŒMMMLMŒÍŒMMMLMŒÍKL‚ÎŒÌÌÍLMMNMÌKËŒÌÍLMMNMÌYKL‚ÎKŒNŽLŒÍLK‹NŽLŒÍLYKL‚ŒMÍÌÍÌLKKÍÌÍÌLYKL‚KŒMÎLLLMÍÍŒÌKKÎLLLMÍÍŒÌYKL‚‹ŒÍÍNÌMMLÌMËÍNÌMMLÌMKL‚ËLŒMÎÎLKLŒNLNNMÌÍKLŒŒÍÎMMŒÌË‹LŒLMÌÌŽMŽLMKËLŒLÍÍŒMÌŒŒÍËLŒMNLÌÌLŒMLËKLŒŒNŒŽLŽLLNLLŒNLLÌLLŒŒKLKLŒMMMLM‹L‹LŒLŒMÍÌLÎMMËLËLŒŒMÌM‹MLŒLŒMÌMŒÎ‹MKŒŽNNÎMÌMËŒNLŒMLMMLÍYKL‚M‹ŒŒMLLLŒK‹ŒMLLLŒYKL‚MËŒMŽMŽN‹MŽMŽNKL‚NŒÌMMÍÎLŽLKËŒMMÍÎLŽLYKL‚NKŒMNLMÍÍŒMNLMÍÍKL‚ŒŒMŽŽMÍÎÍKŽMŽŽMÍÎÍYKL‚ŒKŒMŒŽÌ‹KŒŽÌ™KL‚Œ‹ŒLMÍMMLËKŒMÍMMLÙKLBŒËŒLNLÌÎMÎKŒNLÌÎMÎKLBŒLMÍÌMNLŒ‹KŒMÍÌMNLŒ™KLBKŒLMÍÌMNLŒËKŒMÍÌMNLŒÙKLB‹ŒLNLÌÎMÎKKŒNLÌÎMÎYKLBËŒLMÍMMLËKŒMÍMMLÙKLBŽŒMŒŽÌ‹KŒŽÌ™KL‚ŽKŒMŽŽMÍÎÌ‹ŽMŽŽMÍÎÌ™KL‚ÌŒMNLMÍÍKŒMNLMÍÍYKL‚ÌKŒÌMMÍÎLŽKËŒMMÍÎLŽYKL‚Ì‹ŒMŽMŽM‹‹MŽMŽM™KL‚ÌËŒŒMLLLŒK‹ŒMLLLŒYKL‚ÍŒŽNNÎMÌM‹ËŒNLŒMLMMLÍÙKL‚ÍKLŒLŒMÌMŒÎ‹Í‹LŒŒMÌM‹ÍËLŒLŒMÍÌLÎMNÎLŒMMMLM‹ÎKLŒNLLÌLLŒŒKLŒŒNŒŽLŽLLNKLŒÍŽÍÍÍNMÎ‹LŒÍŒML‹ËLŒNÍLŒÍŽMËLŒLŒLMNMMËKLŒNMÌÌNLÌK‹LŒMÎMŒÍÌNMËËŒMÍÍLÍŒŒÌÎ‹NLÎNKL‚ŒŽMLŒLMŽK‹ŽMLŒLMŽYKL‚KŒÌÍÍÎŽMLMKËŒÍÍÎŽMLMYKL‚LŒÎÌLŽNMÍŒÌL‹ËŽÌLŽNMÍŒÌL™KL‚LKŒMÎŒŒŒKŽMÎŒŒŒYKL‚L‹ŒNÎLŒMŽLÍÌËKŽÎLŒMŽLÍÌÙKL‚LËŒLNMNŽŒKKŒNMNŽŒYKLBMŒLLŒÌŽNMMLËKŒLŒÌŽNMMLÙKLBMKŒLMŒNLÎMŒÍLNKŒMŒNLÎMŒÍLNKLBM‹ŒLNMMÎMÎNLËKŒNMMÎMÎNLÙKLBMËŒLNMMÎMÎNLËKŒNMMÎMÎNLÙKLBNŒLMŒNLÎMŒÍLNKŒMŒNLÎMŒÍLNKLBNKŒLLŒÌŽNMMLËKŒLŒÌŽNMMLÙKLBLŒLNMNŽŒKKŒNMNŽŒYKLBLKŒNÎLŒMŽLÍÌËKŽÎLŒMŽLÍÌÙKL‚L‹ŒMÎŒŒŒËŽMÎŒŒŒÙKL‚LËŒÎÌLŽNMÍŒÌKËŽÌLŽNMÍŒÌYKL‚LŒÌÍÍÎŽMLMLKËŒÍÍÎŽMLMLYKL‚LKŒŽMLŒLMŽ‹ŽMLŒLMŽKL‚L‹ŒMÍÍLÍŒŒÌÍÎK‹NLÎNÎYKL‚LËLŒMÎMŒÍÌNNLLŒNMÌÌNLÌLKLŒLŒLMNMMËLLLŒNÍLŒÍŽMËLLKLŒÍŒML‹LL‹LŒÍŽÍÍÍNMÎLLËLŒÌŽLLMMLËLMLŒŽLLMÌMŒKLMKLŒŒNNMMLÎ‹LM‹LŒMŒÍŒŽM‹LMËLŒÍŒNMÍMÌŒKLNLŒLLLMÍÌMNMKLNKŒÍÍNNMÌMÍKKŽLNLLÙKL‚LŒŒÍŒŽÌŽËŒŽÌŽKL‚LŒKŒMŒÌÍNŒMŒÌÍNKL‚LŒ‹ŒMÌŒŽNŒNKMÌŒŽNŒNYKL‚LŒËŒMŒËKŒÙKL‚LŒLÍŒMMLËKŒÍŒMMLÙKLBLKŒLMLLLNMÌŽKKŒMLLLNMÌŽYKLBL‹ŒLŒÌÎLÎNNLËKŒŒÌÎLÎNNLÙKLBLËŒLÍŒL‹KŒÍŒL™KLBLŽŒLŽMŒÍ‹KŒŽMŒÍ™KLBLŽKŒLŽMŒÍ‹KŒŽMŒÍ™KLBLÌŒLÍŒL‹KŒÍŒL™KLBLÌKŒLŒÌÎLÎNNLËKŒŒÌÎLÎNNLÙKLBLÌ‹ŒLMLLLNMÌŽKKŒMLLLNMÌŽYKLBLÌËŒLÍŒMMLËKŒÍŒMMLÙKLBLÍŒMŒËKŒÙKL‚LÍKŒMÌŒŽNŒŒ‹MÌŒŽNŒŒ™KL‚LÍ‹ŒMŒÌÍMËŒMŒÌÍMÙKL‚LÍËŒÍŒŽÌŽËŒŽÌŽKL‚LÎŒÍÍNNMÌMÍKŽLNLLÙKL‚LÎKLŒLLLMÍÌMNMKMLŒÍŒNMÍMÌŒKMKLŒMŒÍŒŽM‹M‹LŒŒNNMMLÎ‹MËLŒŽLLMÌMŒKMLŒÌŽLLMMLËMKLŒÍŒÍÌNMÍMM‹LŒÌÌLÌŒÌŒËMËLŒLÎMŽMMMLŒMŽLMÌÍLKMKLŒLÍÎMŒMŽKMLLŒÌLÍÎLÎKMLKLŒLŒÍÌLÍÍL‹KŒNLLNNMÍ™KL‚ML‹ŒÍÌŽÍLŽM‹ËÌŽÍLŽM™KL‚MLËŒÍLÍMÍLÌŽLKÍLÍMÍLÌŽLYKL‚MMŒLŒŒMÌMŒŽKKŒŒŒMÌMŒŽYKL‚MMKŒLÍÍLŽLŽËKŒÍÍLŽLŽÙKLBMM‹ŒLMŒŒŽÌÎLKKŒMŒŒŽÌÎLYKLBMMËŒLŒŒMÌLËKŒŒŒMÌLÙKLBMNŒLÌÍLŽÎMÌÍÌKKŒÌÍLŽÎMÌÍÌYKLBMNKŒLÎŒÌNLÌMÍ‹KŒÎŒÌNLÌMÍ™KLBMŒŒMLÌMLLL‹KLÌMLLL™KLBMŒKŒMLÌMLLL‹KLÌMLLL™KLBMŒ‹ŒLÎŒÌNLÌMÍ‹KŒÎŒÌNLÌMÍ™KLBMŒËŒLÌÍLŽÎMÌÍÌKKŒÌÍLŽÎMÌÍÌYKLBMŒLŒŒMÌLËKŒŒŒMÌLÙKLBMKŒLMŒŒŽÌÎLKKŒMŒŒŽÌÎLYKLBM‹ŒLÍÍLŽLŽËKŒÍÍLŽLŽÙKLBMËŒLŒŒMÌMŒÌKKŒŒŒMÌMŒÌYKL‚MŽŒÍLÍMÍLÌŽLÍLÍMÍLÌŽLKL‚MŽKŒÍÌŽÍLŽM‹ËÌŽÍLŽM™KL‚MÌLŒLŒÍÌLÍÍL‹KŒNLLNNMÍ™KL‚MÌKLŒÌLÍÎLÎKMÌ‹LŒLÍÎMŒMŽKMÌËLŒMŽLMÌÍLKMÍLŒLÎMŽMMMÍKLŒÌÌLÌŒÌŒËMÍ‹LŒÍŒÍÌNMÍMKMÍËLŒÍÌŽMNMMÌËMÎLŒÌÌÌŒÎLÍÎLMËMÎKLŒŒŒML‹NLŒMÍÌNLÍŽËNKLŒMMMŽMÌMŒÍ‹N‹LŒÍLÌÍŽNËLŒÌMNMMÍNNËŽMLÎNŒMÙKLÂNŒŽMÍÌLMÍËÌLÌŒYKL‚NKŒÎMNMLÎ‹ÍŽNMŽLÌ™KL‚N‹ŒLNNLÌLKKŒNNLÌLYKL‚NËŒLNMNÍŽL‹KŒNMNÍŽL™KLBNŒLNMNMNŒÌŽKŒNMNMNŒÌŽKLBNKŒLÌŒÍNÍLLËKŒÌŒÍNÍLLÙKLBNLŒLÍÎLMŒŒŒ‹KŒÍÎLMŒŒŒ™KLBNLKŒMÌLŒÌMÍŒ‹KÌLŒÌMÍŒ™KLBNL‹ŒMMÌÍMMÍKMÌÍMMÍKLBNLËŒMMÌÍMMÌËKMÌÍMMÌÙKLBNMŒMÌLŒÌMÍŒ‹KÌLŒÌMÍŒ™KLBNMKŒLÍÎLMŒŒŒ‹KŒÍÎLMŒŒŒ™KLBNM‹ŒLÌŒÍNÍLLËKŒÌŒÍNÍLLÙKLBNMËŒLNMNMNŒÌŽKŒNMNMNŒÌŽKLBNNŒLNMNÍŽL‹KŒNMNÍŽL™KLBNNKŒLNNLÌL‹KŒNNLÌL™KL‚ŒŒÎMNMLÎËÍŽNMŽLÌ™KL‚ŒKŒŽMÍÌLMÍKËÌLÌŒYKL‚Œ‹LŒÌMNMMÍNKËŽMLÎNŒNKLÂŒËLŒÍLÌÍŽKŒLŒMMMŽMÌMŒÍËŒKLŒMÍÌNLÍŽËŒ‹LŒŒŒML‹ŒËLŒÌÌÌŒÎLÍÎLMËŒLŒÍÌŽMNMMÌËŒKLŒÍLÎMMM‹ŒLLŒÌÍMMÌMMÎKŒLKLŒÎLŒŒËŒL‹LŒMMÎLŽN‹ŒLËLŒLÌŒŒŒŽLM‹ŒMLŒÍLŽŒÎKŒMKLŒMÌŒÎLÍÌÍMNŒM‹ŒÎÍNLÍMÍLNK‹ŒMÍŒÍÌMÍŽYKL‚ŒMËŒNŒÌÎKËŒÌÌŽLMLÎYKL‚ŒNŒÌÌŒÌLŒÍŒ‹ËŽLŽNMNÙKL‚ŒNKŒLLNÍMÍMËKŒLNÍMÍMÙKL‚ŒŒŒLNNMMKŒNNMMKLBŒŒKŒLMNLLŒMÎKKŒMNLLŒMÎYKLBŒŒ‹ŒLŒÌNMLM‹KŒŒÌNMLM™KLBŒŒËŒLŽŒÍÎŒŒMËKŒŽŒÍÎŒŒMÙKLBŒŒLÌMÎNMËKŒÌMÎNMÙKLBŒKŒLÌMÎNMKŒÌMÎNMKLBŒ‹ŒLŽŒÍÎŒŒMËKŒŽŒÍÎŒŒMÙKLBŒËŒLŒÌNMLM‹KŒŒÌNMLM™KLBŒŽŒLMNLLŒMÎKKŒMNLLŒMÎYKLBŒŽKŒLNNMMKŒNNMMKLBŒÌŒLLNÍMÍNKŒLNÍMÍNKL‚ŒÌKŒÌÌŒÌLŒÍŒËËŽLŽNMNŽKL‚ŒÌ‹ŒNŒÌÎL‹ËŒÌÌŽLMLÎYKL‚ŒÌËŒÎÍNLÍMÍL‹‹ŒMÍŒÍÌMÍÙKL‚ŒÍLŒMÌŒÎLÍÌÍMNKŒÍKLŒÍLŽŒÎKŒÍ‹LŒLÌŒŒŒŽLM‹ŒÍËLŒMMÎLŽN‹ŒÎLŒÎLŒŒËŒÎKLŒÌÍMMÌMMÎKLŒÍLÎMMM‹KLŒŽÌŽLLË‹LŒŒÎMÍŒÍKËLŒNŽLLŽLÍ‹LŒLLŽMÎŽKLŒŽLÍMŒÌË‹LŒÌŒLŒŒÍÌËLŒNMLLŒËËNÍÍŒMMMŒ™KLÂŒMÎNLŽKKŒLÍÎLMŒÌŽLMKL‚KŒÌMLŒLMK‹MMÎMÎL™KL‚LŒMÍLLLÌÍËËŒŒŽMLMÍÎKL‚LKŒÍÍÍÍŒÍÍÍÍŒKL‚L‹ŒLÎMLMÌÌÍKKŒÎMLMÌÌÍYKLBLËŒLMŒLŽMMÌËKŒMŒLŽMMÌÙKLBMŒLŒŒŒLÌÍKŒŒŒŒLÌÍKLBMKŒLÌÌŒÍÍËKŒÌÌŒÍÍÙKLBM‹ŒLŽMŒŒŽLÍÎKKŒŽMŒŒŽLÍÎYKLBMËŒLŽMŒŒŽLÍÎKKŒŽMŒŒŽLÍÎYKLBNŒLÌÌŒÍÍËKŒÌÌŒÍÍÙKLBNKŒLŒŒŒLÌÍKŒŒŒŒLÌÍKLBŒŒLMŒLŽMMÌËKŒMŒLŽMMÌÙKLBŒKŒLÎMLMÌÌÍKKŒÎMLMÌÌÍYKLBŒ‹ŒÍÍÍÍŒŒËÍÍÍÍŒŒÙKL‚ŒËŒMÍLLLÌÍKËŒŒŽMLMÍÍÙKL‚ŒÌMLŒLMK‹MMÎMÎLŒYKL‚KŒMÎNLŽKŒLÍÎLMŒÌŽLMKL‚‹LŒNMLLŒËËNÍÍŒMMML™KLÂËLŒÌŒLŒŒÍÌŽLŒŽLÍMŒÌËŽKLŒLLŽMÎŽÌLŒNŽLLŽLÍ‹ÌKLŒŒÎMÍŒÍKÌ‹LŒŽÌŽLLËÌËLŒMNLMÌÎŒNKÍLŒLÌŒÎLŽKÍKLŒMÌŽLLÍ‹Í‹LŒNLÌLŒÌÍËLŒLŒÍÌMÎLŒLLÍ‹‹ŒÎÍÌŒÍÍÌÍL™KL‚ÎKŒŒÌÌMŒŽŒÍŒMNŽYKL‚ŽŒLLÌNNÍÌÎKŒNMLŽMÎLMÙKLBŽKŒMÌMNNÌËKÌMNNÌÙKLBŽ‹ŒMÌÌŽNÌÎKKÌÌŽNÌÎYKLBŽËŒNNÍLLÌN‹KŽNÍLLÌN™KLBŽŒŒNŽMŒÍŒ‹‹ŒNŽMŒÍŒ™KLBŽKŒŒÌÌNMÌMŽÍ‹ŒÌÌNMÌMŽÍKLBŽ‹ŒÌŒŒŽLŒM‹ÌŒŒŽLŒMKLBŽËŒMLÍÎÎNLÍ‹MLÍÎÎNLÍKLBŽŒLNMÎLÎK‹LNMÎLÎYKLBŽKŒLNMÎLÎK‹LNMÎLÎYKLBŽLŒMLÍÎÎNLÍ‹MLÍÎÎNLÍKLBŽLKŒÌŒŒŽLŒM‹ÌŒŒŽLŒMKLBŽL‹ŒŒÌÌNMÌMŽÍ‹ŒÌÌNMÌMŽÍKLBŽLËŒŒNŽMŒÍŒ‹‹ŒNŽMŒÍŒ™KLBŽMŒNNÍLLÌNKKŽNÍLLÌNYKLBŽMKŒMÌÌŽNÌÎKKÌÌŽNÌÎYKLBŽM‹ŒMÌMNNÌËKÌMNNÌÙKLBŽMËŒLLÌNNÍÌÎKŒNMLŽMÎLMÙKLBŽNŒŒÌÌMŒŽŒÍËŒMNŽKL‚ŽNKLŒLLÍK‹ŒÎÍÌŒÍÍÌÍLYKL‚ÌLŒLŒÍÌLËÌKLŒNLÌLŒÌÌ‹LŒMÌŽLLÍ‹ÌËLŒLÌŒÎLŽKÌLŒMNLMÌÎŒNKÌKLŒŒMÌMLLÌÍ‹‹ÎÌLÌNLYKL‚Ì‹LŒMÌŒLNMKNŒŒLLÍÙKL‚ÌËLŒŒLLMÍÎLNNKŒMLÌÌŒÎYKLBÌŒLMNLMLÍËKÌŒÍMÌ™KLBÌKŒNMÌÌŽŒÍÌLKKŽMÌÌŽŒÍÌLYKLBÌLŒÎŒŒÍÎK‹ÎŒŒÍÎYKLBÌLKŒMÌLŒÍÌÍL‹‹MÌLŒÍÌÍL™KLBÌL‹ŒŒÌÎŽMŒK‹ŒÌÎŽMŒYKLBÌLËŒŒMLŽNNLÌË‹ŒMLŽNNLÌÙKLBÌMŒŒMMŒŽN‹ŒMMŒŽNKLBÌMKŒNLNLŒÍŒKKŽLNLŒÍŒYKLBÌM‹ŒNMNLŒÍKŽMNLŒÍKLBÌMËŒNLŒNNKKŽLŒNNYKLBÌNŒNLÍLÌNMËKŽLÍLÌNMÙKLBÌNKŒNŒLÍÌÌŒMŒÍKŽŒLÍÌÌŒMŒÍKLBÌŒŒNÍÎMŽNLNKŽÍÎMŽNLNKLBÌŒKŒNÍÎMŽNLNKŽÍÎMŽNLNKLBÌŒ‹ŒNŒLÍÌÌŒMŒÍKŽŒLÍÌÌŒMŒÍKLBÌŒËŒNLÍLÌNMËKŽLÍLÌNMÙKLBÌŒNLŒNNKKŽLŒNNYKLBÌKŒNMNLŒÍKŽMNLŒÍKLBÌ‹ŒNLNLŒÍŒKKŽLNLŒÍŒYKLBÌËŒŒMMŒŽN‹ŒMMŒŽNKLBÌŽŒŒMLŽNNLÌË‹ŒMLŽNNLÌÙKLBÌŽKŒŒÌÎŽMŒK‹ŒÌÎŽMŒYKLBÌÌŒMÌLŒÍÌÍL‹‹MÌLŒÍÌÍL™KLBÌÌKŒÎŒŒÍÎK‹ÎŒŒÍÎYKLBÌÌ‹ŒNMÌÌŽŒÍÌLKKŽMÌÌŽŒÍÌLYKLBÌÌËŒLMNLMLÍËKÌŒÍMÌ™KLBÌÍLŒŒLLMÍÎLŒ‹KŒMLÌÌŒÎYKLBÌÍKLŒMÌŒLNMKNŒŒLLÍKL‚ÌÍ‹LŒŒMÌMLLÌÍ‹‹ÎÌLÌNLÙKL‚ÌÍËŒMÍÍŒÍNLËKÍÍŒÍNLÙKLBÌÎŒMMÌNÍLMËKLŽLLMÌŒLYKLBÌÎKŒÌÎLÎLLÌLKKŒÌÍÌÌÎLŒŒÌ™KLBÍLŒLŽMŒŽLÎKKŒNNLLŒKLBÍKLŒŒÍÎLŒNLLÍËËŒÌÍÍMÎMÍKL‚Í‹LŒÎÌMLÌMNKËÎLNNÌMŒÙKL‚ÍËLŒNŒŽMÍKŒNŒLÌŒKLÂÍLŒNMLLLNËÍKLŒLNÍMÍŽLKÍ‹LŒLŒNMNMÌKÍËLŒLÎMŽNÍÍLŒMLMMÌÌÍÍLKÍKLŒMŒÎNNKÍLLŒMMÍMŒŒMÍKÍLKLŒMŽŒNMÍL‹LŒMŽNMÎMMŒNÍLËLŒMŽNMÎMMŒNÍMLŒMŽŒNMÍMKLŒMMÍMŒŒMÍKÍM‹LŒMŒÎNNKÍMËLŒMLMMÌÌÍÍLKÍNLŒLÎMŽNÍÍNKLŒLŒNMNMÌKÍŒLŒLNÍMÍŽL‹ÍŒKLŒNMLLLNËÍŒ‹LŒNŒŽMÍKŒNŒLÌŒÍYKLÂÍŒËLŒÎÌMLÌMNKËÎLNNÌMŒÙKL‚ÍLŒŒÍÎLŒNLLÍËËŒÌÍÍMÎMÍYKL‚ÍKLŒLŽMŒŽLÎKŒNNLLŒKLBÍ‹ŒÌÎLÎLLÌKŒÌÍÌÌÎLŒŒÌ™KLBÍËŒMMÌNÍLMËKLŽLLMÌŒLYKLBÍŽŒMÍÍŒÍNLËKÍÍŒÍNLÙKLBÍŽKLŒLÎMÍÍLMÎËÍÌLŒLŒŒNLMÍÌKLŒŽLMÎLÍËÍÌ‹LŒÌÌÎÍNMKÍÌËLŒÍÌMŒŒÌMÎ‹ÍÍLŒMÌŒLNLÎKÍÍKLÍNNMÍŒMÍÍ‹LLÌŒMNM‹ÍÍËLNÍÍÎMÍÌÍÍÍÎLŒÎMÍLMKÍÎKLŽLMNNŽNL‹ÎLÌŒMÌLÎLÌMŒÌKÎKLÍMÌLÌLÌÌKÎ‹LÍÎLML‹ÎËLÍÌÍŒNŽLŒÌËÎLÍÍÌLMŒÍŽKÎKLÍÍÌLMŒÍŽKÎ‹LÍÌÍŒNŽLŒÌËÎËLÍÎLML‹ÎLÍMÌLÌLÌÌKÎKLÌŒMÌLÎLÌMŒÌKÎLLŽLMNNŽNL‹ÎLKLŒÎMÍLMKÎL‹LNÍÍÎMÍÌÍÍÎLËLLÌŒMNM‹ÎMLÍNNMÍŒMÎMKLŒMÌŒLNLÎKÎM‹LŒÍÌMŒŒÌMÎ‹ÎMËLŒÌÌÎÍNMKÎNLŒŽLMÎLÍËÎNKLŒLŒŒNLMŽLŒLÎMÍÍLMÎËŽKLŒÍMLÍÍŒŒ‹Ž‹LŒÍÍÍÎMLMMËŽËLŒÎÌMÌMNLML‹ŽLMLŒŒŽM‹ŽKLŒÍŒMŒŽLKŽ‹LÍÌLNL‹ŽËLLŒMŒŽMËŽLMŒÌŒÎMŒŒŒËŽKLŒLŒŽMÌŽŒËŽLLKŒMMÍLM‹ŽLKLKÌÍÌLÌŒMŒLKŽL‹LKŽŽŒŒLÌL‹ŽLËLKŽNNMLŽMNŽMLKŽMMÌŒŒËŽMKLKŽLLŒÎÌMŒ‹ŽM‹LKŽLNLÍÎMKŽMËLKŽLNLÍÎMKŽNLKŽLLŒÎÌMŒ‹ŽNKLKŽMMÌŒŒËŽŒLKŽNNMLŽMNŽŒKLKŽŽŒŒLÌL‹ŽŒ‹LKÌÍÌLÌŒMŒLKŽŒËLKŒMMÍLM‹ŽLŒLŒŽMÌŽŒËŽKLMŒÌŒÎMŒŒŒËŽ‹LLŒMŒŽMËŽËLÍÌLNL‹ŽŽLŒÍŒMŒŽLKŽŽKLMLŒŒŽM‹ŽÌLŒÎÌMÌMNLML‹ŽÌKLŒÍÍÍÎMLMMËŽÌ‹LŒÍMLÍÍŒŒ‹ŽÌËŒÍŽNLÌLMÌËËŽNLÌLMÌÙKL‚ŽÍŒÍÌÍÌÍÎMËÌÍÌÍÎMKL‚ŽÍKŒÍÌLŽLLÌ‹ËÌLŽLLÌ™KL‚ŽÍ‹ŒÍÌÌÍNŒLMËËÌÌÍNŒLMÙKL‚ŽÍËŒÍÍÌMŽLŽÍËËÍÌMŽLŽÍÙKL‚ŽÎŒÍÍÌŒNLÍËËÍÌŒNLÍÙKL‚ŽÎKŒÎŒŒÌLÌËŽŒŒÌLÌKL‚ŽŒÎÍMMŒMNËŽÍMMŒMNKL‚ŽKŒÎÌÎLËËŽÌÎLÙKL‚Ž‹ŒÎLLMÎLLKËŽLLMÎLLYKL‚ŽËŒÎMLLÎLÍÌKËŽMLLÎLÍÌYKL‚ŽŒÎNÍŽLNMËŽNÍŽLNMKL‚ŽKŒNMMMMMÎKŒNMMMMMÎYKL‚Ž‹ŒLÍMNNŒLÍMNNKL‚ŽËŒŒÍLÎMÍKŒŒÍLÎMÍYKL‚ŽŒÌŽLMNMŒÌŽLMNMKL‚ŽKŒÌŽLMNLÎŒÌŽLMNLÎKL‚ŽLŒŒÍLÎMÎŒŒÍLÎMÎKL‚ŽLKŒLÍMNN‹ŒLÍMNN™KL‚ŽL‹ŒNMMMMMÍKŒNMMMMMÍYKL‚ŽLËŒÎNÍŽLNLKËŽNÍŽLNLYKL‚ŽMŒÎMLLÎLÍŽM‹ËŽMLLÎLÍŽM™KL‚ŽMKŒÎLLMÎLL‹ËŽLLMÎLL™KL‚ŽM‹ŒÎÌÎMKËŽÌÎMYKL‚ŽMËŒÎÍMMŒM‹ËŽÍMMŒM™KL‚ŽNŒÎŒŒÌLÌ‹ËŽŒŒÌLÌ™KL‚ŽNKŒÍÍÌŒNLÍËÍÌŒNLÍKL‚ŽŒŒÍÍÌMŽLŽÍKËÍÌMŽLŽÍYKL‚ŽŒKŒÍÌÌÍNŒLNËÌÌÍNŒLNKL‚ŽŒ‹ŒÍÌLŽLLÌŒËËÌLŽLLÌŒÙKL‚ŽŒËŒÍÌÍÌÍÎMËÌÍÌÍÎMKL‚ŽŒÍŽNLÌLMŽKËŽNLÌLMŽYKL‚ŽKŒÎÎŒLŒÎKËŽÎŒLŒÎYKL‚Ž‹ŒÎMLÍÍŽÍ‹ËŽMLÍÍŽÍ™KL‚ŽËŒÎÍŽMŒŒÌÎKËŽÍŽMŒŒÌÎYKL‚ŽŽŒÎÌLÌMŽËËŽÌLÌMŽÙKL‚ŽŽKŒÎŒMMŽËËŽŒMMŽÙKL‚ŽÌŒÎŒMNLÎNNMKËŽŒMNLÎNNMYKL‚ŽÌKŒÎŒMLÌNMËËŽŒMLÌNMÙKL‚ŽÌ‹ŒÎŒÍŒÍŒM‹ËŽŒÍŒÍŒM™KL‚ŽÌËŒÎÌLMÌŒËËŽÌLMÌŒÙKL‚ŽÍŒÎÎÍMŽLÍŽKËŽÎÍMŽLÍŽYKL‚ŽÍKŒÎNŒÌÎLËËŽNŒÌÎLÙKL‚ŽÍ‹ŒÎLMMÎNMLÎËŽLMMÎNMLÎKL‚ŽÍËŒÎLLŽLLŒŽKËŽLLŽLLŒŽYKL‚ŽÎŒÎLŒÍNÍKËŽLŒÍNÍYKL‚ŽÎKŒÎLŽNMÌÌNLL‹ËŽLŽNMÌÌNLL™KL‚ŽŒÎLÌÎMNËŽLÌÎMNKL‚ŽKŒÎLÌÎMNËËŽLÌÎMNÙKL‚Ž‹ŒÎLŽNMÌÌNLLKËŽLŽNMÌÌNLLYKL‚ŽËŒÎLŒÍNÍ‹ËŽLŒÍNÍ™KL‚ŽŒÎLLŽLLŒŽ‹ËŽLLŽLLŒŽ™KL‚ŽKŒÎLMMÎNML‹ËŽLMMÎNML™KL‚Ž‹ŒÎNŒÌÎLKËŽNŒÌÎLYKL‚ŽËŒÎÎÍMŽLÍŽËŽÎÍMŽLÍŽKL‚ŽŒÎÌLMÌŒÌËËŽÌLMÌŒÌÙKL‚ŽKŒÎŒÍŒÍŒMŽËŽŒÍŒÍŒMŽKL‚ŽLŒÎŒMLÌNM‹ËŽŒMLÌNM™KL‚ŽLKŒÎŒMNLÎNNMKËŽŒMNLÎNNMYKL‚ŽL‹ŒÎŒMMŽËŽŒMMŽKL‚ŽLËŒÎÌLÌMŽKËŽÌLÌMŽYKL‚ŽMŒÎÍŽMŒŒÌÎLKËŽÍŽMŒŒÌÎLYKL‚ŽMKŒÎMLÍÍŽÍ‹ËŽMLÍÍŽÍ™KL‚ŽM‹ŒÎÎŒLŒÎKËŽÎŒLŒÎYKL‚ŽMËŒÎMLNMËŽMLNMKL‚ŽNŒÎMMLLŒËËŽMMLLŒÙKL‚ŽNKŒÎLÍLŒÍLŽKËŽLÍLŒÍLŽYKL‚ŽLŒÎLŒLÌÌLËËŽLŒLÌÌLÙKL‚ŽLKŒÎLLLÌËŽLLLÌKL‚ŽL‹ŒÎLNLMLNËŽLNLMLNKL‚ŽLËŒÎMLLÌÍKËŽMLLÌÍYKL‚ŽLŒÎÌNLM‹ËŽÌNLM™KL‚ŽLKŒÎÎMLŒŒKËŽÎMLŒŒYKL‚ŽL‹ŒÎŽMNLMKËŽŽMNLMYKL‚ŽLËŒÎŽMMŒÎMËŽŽMMŒÎMKL‚ŽLŒÎÌÍÍLLÌÍNKËŽÌÍÍLLÌÍNYKL‚ŽLKŒÎÎŒÎKËŽÎŒÎYKL‚ŽLLŒÎÎLÎLÎMËŽÎLÎLÎMKL‚ŽLLKŒÎÎLÎKËŽÎLÎYKL‚ŽLL‹ŒÎLŽMŽNËËŽLŽMŽNÙKL‚ŽLLËŒÎLŽMŽNKËŽLŽMŽNYKL‚ŽLMŒÎÎLÎËËŽÎLÎÙKL‚ŽLMKŒÎÎLÎLÎMËËŽÎLÎLÎMÙKL‚ŽLM‹ŒÎÎŒÎKËŽÎŒÎYKL‚ŽLMËŒÎÌÍÍLLÌÍ‹ËŽÌÍÍLLÌÍ™KL‚ŽLNŒÎŽMMŒÎMËŽŽMMŒÎMKL‚ŽLNKŒÎŽMNLMKËŽŽMNLMYKL‚ŽLŒŒÎÎMLŒŒ‹ËŽÎMLŒŒ™KL‚ŽLŒKŒÎÌNLM‹ËŽÌNLM™KL‚ŽLŒ‹ŒÎMLLÌÍËËŽMLLÌÍÙKL‚ŽLŒËŒÎLNLMLM‹ËŽLNLMLM™KL‚ŽLŒÎLLLÌÍËËŽLLLÌÍÙKL‚ŽLKŒÎLŒLÌÌLËËŽLŒLÌÌLÙKL‚ŽL‹ŒÎLÍLŒÍLÌ‹ËŽLÍLŒÍLÌ™KL‚ŽLËŒÎMMLLŒ‹ËŽMMLLŒ™KL‚ŽLŽŒÎMLNNËŽMLNNKL‚ŽLŽKŒÎLMLMŒÍËËŽLMLMŒÍÙKL‚ŽLÌŒÎMŒÌŒMŽÍËŽMŒÌŒMŽÍKL‚ŽLÌKŒÎÌNNMËŽÌNNMKL‚ŽLÌ‹ŒÎÍÌMÎMŽËŽÍÌMÎMŽKL‚ŽLÌËŒÎÌÍMÎLÌËŽÌÍMÎLÌKL‚ŽLÍŒÎŒÎLNËŽŒÎLNKL‚ŽLÍKŒÎNÌNÌËŽNÌNÌKL‚ŽLÍ‹ŒÎNNNLÌMËŽNNNLÌMKL‚ŽLÍËŒÎNMÍLÎLÍËŽNMÍLÎLÍKL‚ŽLÎŒÎÍLÎMÌL‹ËŽÍLÎMÌL™KL‚ŽLÎKŒÎÍÌLÍMÍ‹ËŽÍÌLÍMÍ™KL‚ŽMŒÎLÌŽŒLËËŽLÌŽŒLÙKL‚ŽMKŒÎLLÌMŒN‹ËŽLLÌMŒN™KL‚ŽM‹ŒÎLŒÎLËËŽLŒÎLÙKL‚ŽMËŒÎLÌMLLÌKËŽLÌMLLÌYKL‚ŽMŒÎLÍMÎÍLÍÌ‹ËŽLÍMÎÍLÍÌ™KL‚ŽMKŒÎLÍMÎÍLÍÌKËŽLÍMÎÍLÍÌYKL‚ŽM‹ŒÎLÌMLLËËŽLÌMLLÙKL‚ŽMËŒÎLŒÎLŽËŽLŒÎLŽKL‚ŽMŒÎLLÌMŒNËËŽLLÌMŒNÙKL‚ŽMKŒÎLÌŽŒLËËŽLÌŽŒLÙKL‚ŽMLŒÎÍÌLÍMÍ‹ËŽÍÌLÍMÍ™KL‚ŽMLKŒÎÍLÎMÌLKËŽÍLÎMÌLYKL‚ŽML‹ŒÎNMÍLÎLÌËËŽNMÍLÎLÌÙKL‚ŽMLËŒÎNNNLÌMËŽNNNLÌMKL‚ŽMMŒÎNÌNÌËËŽNÌNÌÙKL‚ŽMMKŒÎŒÎLNKËŽŒÎLNYKL‚ŽMM‹ŒÎÌÍMÎLÌËŽÌÍMÎLÌKL‚ŽMMËŒÎÍÌMÎMŽËŽÍÌMÎMŽKL‚ŽMNŒÎÌNNMËŽÌNNMKL‚ŽMNKŒÎMŒÌŒMŽÌKËŽMŒÌŒMŽÌYKL‚ŽMŒŒÎLMLMŒÍKËŽLMLMŒÍYKL‚ŽMŒKŒÍÍÌLŒËËÍÌLŒÙKL‚ŽMŒ‹ŒÍÍÍÎÌLËËÍÍÎÌLÙKL‚ŽMŒËŒÍÍMÍNLŽËÍMÍNLŽKL‚ŽMŒÍÍMÎÌÍËËÍMÎÌÍÙKL‚ŽMKŒÍÍNLÍLŒLŽ‹ËÍNLÍLŒLŽ™KL‚ŽM‹ŒÍÍÍŒÍŒNŽËÍÍŒÍŒNŽKL‚ŽMËŒÍÎNNMMÌÌÌËËÎNNMMÌÌÌÙKL‚ŽMŽŒÎÌÎËŽÌÎKL‚ŽMŽKŒÎMNŽÌLÍËËŽMNŽÌLÍÙKL‚ŽMÌŒÎLŽMŒŽLLKËŽLŽMŒŽLLYKL‚ŽMÌKŒÎMLŽLÌLKËŽMLŽLÌLYKL‚ŽMÌ‹ŒÎMÍŒÌÍÍLMËËŽMÍŒÌÍÍLMÙKL‚ŽMÌËŒÌÌLLÍMŒÌÌLLÍMKL‚ŽMÍŒÌŒŒÎL‹ŒÌŒŒÎL™KL‚ŽMÍKŒMMLŒKŒMMLŒYKL‚ŽMÍ‹ŒNŒŒMÌŒËŒNŒŒMÌŒÙKL‚ŽMÍËŒNŒŒMÌŒÌ‹ŒNŒŒMÌŒÌ™KL‚ŽMÎŒMMLNKŒMMLNYKL‚ŽMÎKŒÌŒŒÎLËŒÌŒŒÎLÙKL‚ŽNŒÌÌLLÍL‹ŒÌÌLLÍL™KL‚ŽNKŒÎMÍŒÌÍÍLNËŽMÍŒÌÍÍLNKL‚ŽN‹ŒÎMLŽLÌL‹ËŽMLŽLÌL™KL‚ŽNËŒÎLŽMŒŽLLËËŽLŽMŒŽLLÙKL‚ŽNŒÎMNŽÌLÍËËŽMNŽÌLÍÙKL‚ŽNKŒÎÌKËŽÌYKL‚ŽN‹ŒÍÎNNMMÌÌÌÌKËÎNNMMÌÌÌÌYKL‚ŽNËŒÍÍÍŒÍŒNËËÍÍŒÍŒNÙKL‚ŽNŒÍÍNLÍLŒLŽKËÍNLÍLŒLŽYKL‚ŽNKŒÍÍMÎÌÍ‹ËÍMÎÌÍ™KL‚ŽNLŒÍÍMÍNLŽKËÍMÍNLŽYKL‚ŽNLKŒÍÍÍÎÌMËÍÍÎÌMKL‚ŽNL‹ŒÍÍÌLŒKËÍÌLŒYKL‚ŽNLËŒÍÌÍNÌÍËÌÍNÌÍKL‚ŽNMŒÍLÎMNMMMKËLÎMNMMMYKL‚ŽNMKŒÍÍÎNLNŒ‹ËÍÎNLNŒ™KL‚ŽNM‹ŒÍLÌMÍÍ‹ËLÌMÍÍ™KL‚ŽNMËŒÍMÎMÎNLKËMÎMÎNLYKL‚ŽNNŒÍŒÎMŒMMKËŒÎMŒMMYKL‚ŽNNKŒÍÌLÌÎËÌLÌÎKL‚ŒLŒÍÎMNŽNKËÎMNŽNYKL‚ŒLKŒÎŽLMLNMËŽŽLMLNMKL‚ŒL‹ŒÎMLMMÍLÍŽŒ‹ËŽMLMMÍLÍŽŒ™KL‚ŒLËŒÌÌŒÍŒÍËŒÌÌŒÍŒÍÙKL‚ŒLŒLLŽÍÍ‹ŒLLŽÍÍ™KL‚ŒLKŒMŒLLÍŽËŒMŒLLÍŽÙKL‚ŒL‹ŒŒÎMÌŒŒÎMÌKL‚ŒLËŒNMLKŒNMLYKL‚ŒLŒMMNKŒMMNYKL‚ŒLKŒMMNL‹ŒMMNL™KL‚ŒLLŒNMLKŒNMLYKL‚ŒLLKŒŒÎMÌŒÎŒŒÎMÌŒÎKL‚ŒLL‹ŒMŒLLÍŽŒMŒLLÍŽKL‚ŒLLËŒLLŽÍÍKŒLLŽÍÍYKL‚ŒLMŒÌÌŒÍŒÍŽKŒÌÌŒÍŒÍŽYKL‚ŒLMKŒÎMLMMÍLÍŽ‹ËŽMLMMÍLÍŽ™KL‚ŒLM‹ŒÎŽLMLNMKËŽŽLMLNMYKL‚ŒLMËŒÍÎMNÌ‹ËÎMNÌ™KL‚ŒLNŒÍÌLÌÎKËÌLÌÎYKL‚ŒLNKŒÍŒÎMŒMMKËŒÎMŒMMYKL‚ŒLŒŒÍMÎMÎNNKËMÎMÎNNYKL‚ŒLŒKŒÍLÌMÍÍNKËLÌMÍÍNYKL‚ŒLŒ‹ŒÍÍÎNLNŒKËÍÎNLNŒYKL‚ŒLŒËŒÍLÎMNMMMKËLÎMNMMMYKL‚ŒLŒÍÌÍNÌÍKËÌÍNÌÍYKL‚ŒLKŒÌNMÎMMÌÎ‹ËŒNMÎMMÌÎ™KL‚ŒL‹ŒÌÌLŒŒLKËŒÌLŒŒLYKL‚ŒLËŒÌLŒŽLŒMKËŒLŒŽLŒMYKL‚ŒLŽŒÌNMNLÍN‹ËŒNMNLÍN™KL‚ŒLŽKŒÌÌMLŽLL‹ËŒÌMLŽLL™KL‚ŒLÌŒÍMNŒLÍËMNŒLÍKL‚ŒLÌKŒÍNNLÌŒÎNËNNLÌŒÎNKL‚ŒLÌ‹ŒÍÌÌMMÍÍÌÍËÌÌMMÍÍÌÍKL‚ŒLÌËŒÎMÌŒÎËŽMÌŒÎKL‚ŒLÍŒŽLMŒÍÍËŒŽLMŒÍÍÙKL‚ŒLÍKŒMŒŒŽMŽLËŒMŒŒŽMŽLÙKL‚ŒLÍ‹ŒŽLÍÎLÎ‹ŒŽLÍÎLÎ™KL‚ŒLÍËŒÍÎNLÌMMÍŒÍÎNLÌMMÍKL‚ŒLÎŒMLNÍKMLNÍYKL‚ŒLÎKŒLŒÎËLŒÎÙKL‚ŒLŒLÍMLÎ‹LÍMLÎ™KL‚ŒLKŒLÍMLÎËLÍMLÎÙKL‚ŒL‹ŒLŒÎKLŒÎYKL‚ŒLËŒMLNÍMLNÍKL‚ŒLŒÍÎNLÌMMÍ‹ŒÍÎNLÌMMÍ™KL‚ŒLKŒŽLÍÎLÎŒKŒŽLÍÎLÎŒYKL‚ŒL‹ŒMŒŒŽMŽLËŒMŒŒŽMŽLÙKL‚ŒLËŒŽLMŒÍÍ‹ŒŽLMŒÍÍ™KL‚ŒLŒÎMÌŒÎËŽMÌŒÎKL‚ŒLKŒÍÌÌMMÍÍÌÍ‹ËÌÌMMÍÍÌÍ™KL‚ŒLLŒÍNNLÌŒÎKËNNLÌŒÎYKL‚ŒLLKŒÍMNŒLÍKËMNŒLÍYKL‚ŒLL‹ŒÌÌMLŽLM‹ËŒÌMLŽLM™KL‚ŒLLËŒÌNMNLÍNËËŒNMNLÍNÙKL‚ŒLMŒÌLŒŽLŒMËËŒLŒŽLŒMÙKL‚ŒLMKŒÌÌLŒŒLKËŒÌLŒŒLYKL‚ŒLM‹ŒÌNMÎMMÌÎËŒNMÎMMÌÎKL‚ŒLMËŒŽLÍMŒ‹‹ŽLÍMŒ™KL‚ŒLNŒŽŽMÌMÌMK‹ŽŽMÌMÌMYKL‚ŒLNKŒÍÎÍNK‹ÍÎÍNYKL‚ŒLŒŒŽMLŒNMÎ‹ŽMLŒNMÎKL‚ŒLŒKŒŽMNNMLÌK‹ŽMNNMLÌYKL‚ŒLŒ‹ŒÌMÍLLŽKËŒMÍLLŽYKL‚ŒLŒËŒÍNLÍÎLMKËNLÍÎLMYKL‚ŒLŒÍŽLÌÌÎLÌKËŽLÌÌÎLÌYKL‚ŒLKŒÎLLNLÎMŒÌKËŽLLNLÎMŒÌYKL‚ŒL‹ŒLÎMMMŒŒKŒLÎMMMŒŒYKL‚ŒLËŒÍŒÌŒM‹ŒÍŒÌŒM™KL‚ŒLŽŒLŒÌLÌKLŒÌLÌYKL‚ŒLŽKŒÍÌÍÌMLÌËÍÌÍÌMLÌÙKL‚ŒLÌŒÎÍŒŽMÍŒKÎÍŒŽMÍŒYKL‚ŒLÌKŒŒLŒÎMÌ‹ŽŒLŒÎMÌ™KL‚ŒLÌ‹ŒLŽMŽLM‹ŽLŽMŽLM™KL‚ŒLÌËŒLŽMŽLMŒ‹ŽLŽMŽLMŒ™KL‚ŒLÍŒŒLŒÎMËŽŒLŒÎMÙKL‚ŒLÍKŒÎÍŒŽMÍŒ‹ÎÍŒŽMÍŒ™KL‚ŒLÍ‹ŒÍÌÍÌMLÍ‹ÍÌÍÌMLÍ™KL‚ŒLÍËŒLŒÌLÌLŒÌLÌKL‚ŒLÎŒÍŒÌŒM‹ŒÍŒÌŒM™KL‚ŒLÎKŒLÎMMMŒŒŒÍËŒLÎMMMŒŒŒÍÙKL‚ŒLŒÎLLNLÎMŒÌKËŽLLNLÎMŒÌYKL‚ŒLKŒÍŽLÌÌÎLÌKËŽLÌÌÎLÌYKL‚ŒL‹ŒÍNLÍÎLMËËNLÍÎLMÙKL‚ŒLËŒÌMÍLLŽKËŒMÍLLŽYKL‚ŒLŒŽMNNMLÌË‹ŽMNNMLÌÙKL‚ŒLKŒŽMLŒNMÎ‹ŽMLŒNMÎKL‚ŒL‹ŒÍÎÍNK‹ÍÎÍNYKL‚ŒLËŒŽŽMÌMÌM‹ŽŽMÌMÌMKL‚ŒLŒŽLÍMŒË‹ŽLÍMŒÙKL‚ŒLKŒŒLLLM‹ŒLLLMKL‚ŒLLŒLNMÌÌŒÌÌ‹‹LNMÌÌŒÌÌ™KL‚ŒLLKŒLMMÎLŽLŽK‹LMMÎLŽLŽYKL‚ŒLL‹ŒLMÌMMË‹LMÌMMÙKL‚ŒLLËŒŽMÎ‹ŽMÎKL‚ŒLMŒŽLMMŒMŒÌ‹‹ŽLMMŒMŒÌ™KL‚ŒLMKŒÌŒÎŒLLMMKËŒŒÎŒLLMMYKL‚ŒLM‹ŒÍŒMMÍN‹ËŒMMÍN™KL‚ŒLMËŒÎMÍMLÍLÎ‹ËŽMÍMLÍLÎ™KL‚ŒLNŒÌMŒLNËŒÌMŒLNÙKL‚ŒLNKŒNNLŒÍÎNNNLŒÍÎNKL‚ŒLLŒLÍLÌÍŒMËŽLÍLÌÍŒMÙKL‚ŒLLKŒLMMŽLLÌËKŒMMŽLLÌÙKL‚ŒLL‹ŒLŒLÍÌŽNLNKKŒŒLÍÌŽNLNYKL‚ŒLLËŒLÌNMÌLMŽKŒÌNMÌLMŽKL‚ŒLLŒLÍÌŒMLÎNËKŒÍÌŒMLÎNÙKL‚ŒLLKŒLÍÌŒMLÎNKŒÍÌŒMLÎNKL‚ŒLL‹ŒLÌNMÌLMŽKKŒÌNMÌLMŽYKL‚ŒLLËŒLŒLÍÌŽNLMKKŒŒLÍÌŽNLMYKL‚ŒLLŒLMMŽLLÌ‹KŒMMŽLLÌ™KL‚ŒLLKŒLÍLÌÍŒMŽLÍLÌÍŒMKL‚ŒLLLŒNNLŒÍÎNNNLŒÍÎNKL‚ŒLLLKŒÌMŒLNŒÌMŒLNKL‚ŒLLL‹ŒÎMÍMLÍLÎËËŽMÍMLÍLÎÙKL‚ŒLLLËŒÍŒMMÍNËËŒMMÍNÙKL‚ŒLLMŒÌŒÎŒLLMM‹ËŒŒÎŒLLMM™KL‚ŒLLMKŒŽLMMŒMŒÌË‹ŽLMMŒMŒÌÙKL‚ŒLLM‹ŒŽMÎK‹ŽMÎYKL‚ŒLLMËŒLMÌMMK‹LMÌMMYKL‚ŒLLNŒLMMÎLŽLŽK‹LMMÎLŽLŽYKL‚ŒLLNKŒLNMÌÌŒÌÌ‹‹LNMÌÌŒÌÌ™KL‚ŒLLŒŒŒLLLL‹‹ŒLLLL™KL‚ŒLLŒKLŒÌŽNMŒ‹ŒLLŒ‹LŒNÌŒŒMLÎ‹ŒŒÌNLLMLMÎYKLÂŒLLŒËŽÍMÍMŒ™KLK‹ŽŒMÍLÌÙKLÂŒLLŒMLÎNLLMNKKLÎNLLMNYKL‚ŒLLKŒŒÌÍŒŒÍÍ‹ŒÌÍŒŒÍÍKL‚ŒLL‹ŒÌLŽMÍÌÌK‹ÌLŽMÍÌÌYKL‚ŒLLËŒÌLNMLÌÌÌËŒLNMLÌÌÌKL‚ŒLLŽŒÍŒLÍÌÍLÌËËŒLÍÌÍLÌÙKL‚ŒLLŽKŒLÍÍÎNLŒ‹ŒLÍÍÎNLŒ™KL‚ŒLLÌŒMÌMÍÎËMÌMÍÎÙKL‚ŒLLÌKŒLÍŒÎLLLLÌ‹ŽLÍŒÎLLLLÌ™KL‚ŒLLÌ‹ŒLŽNÌMÍÍÎKKŒŽNÌMÍÍÎYKL‚ŒLLÌËŒMMLÍŒKMLÍŒKL‚ŒLLÍŒMÍÌÍÍ‹KÍÌÍÍ™KL‚ŒLLÍKŒNÎLLÍKŽÎLLÍKL‚ŒLLÍ‹ŒNMMLÌNÎMŒËKŽMMLÌNÎMŒÙKL‚ŒLLÍËŒNMMLÌNÎMŒËKŽMMLÌNÎMŒÙKL‚ŒLLÎŒNÎLLÍKŽÎLLÍKL‚ŒLLÎKŒMÍÌÍÌ‹KÍÌÍÌ™KL‚ŒLMŒMMLÍŒKKMLÍŒYKL‚ŒLMKŒLŽNÌMÍÍÎKŒŽNÌMÍÍÎKL‚ŒLM‹ŒLÍŒÎLLLLÌŽLÍŒÎLLLLÌKL‚ŒLMËŒMÌMÍÎ‹MÌMÍÎ™KL‚ŒLMŒLÍÍÎNLŒKŒLÍÍÎNLŒYKL‚ŒLMKŒÍŒLÍÌÍLÍËËŒLÍÌÍLÍÙKL‚ŒLM‹ŒÌLNMLÌÌÌËËŒLNMLÌÌÌÙKL‚ŒLMËŒÌLŽMÍÌË‹ÌLŽMÍÌÙKL‚ŒLMŒŒÌÍŒŒÍÍ‹ŒÌÍŒŒÍÍKL‚ŒLMKŒMLÎNLLMM‹KLÎNLLMM™KL‚ŒLMLŽÍMÍMÍ™KLK‹ŽŒMÍLÌM™KLÂŒLMLKLŒNÌŒŒMLÌË‹ŒŒÌNLLMLNM™KLÂŒLML‹LŒÌŽNMŒŽŒLMLËLŒŒMŽMŒŒÎÎKŒLMMLŒMÌÌŒLŒËŒLMMKLŒNÌÍÎLŒMÌKŒLMM‹LŒÌŒÌÍŒNËŒLMMËŒMÍÌLÌM‹KŒŒÌMŒŽYKL‚ŒLMNŒNMÌMŽÍK‹NMÌMŽÍYKL‚ŒLMNKŒÌŒLÌÌÍÌLÍNËŒŒLÌÌÍÌLÍNKL‚ŒLMŒŒÍÌLŒÌÍÍÍM‹ËÌLŒÌÍÍÍM™KL‚ŒLMŒKŒŽLLÌÎLMÌÍŽŒŽLLÌÎLMÌÍŽKL‚ŒLMŒ‹ŒÌŽLÍKŽÌŽLÍYKL‚ŒLMŒËŒLÍÍÍMÍŒKKŒÍÍÍMÍŒYKL‚ŒLMŒMÎMÎLÎÍMLKKÎMÎLÎÍMLYKL‚ŒLMKŒŒLÎLNMŒŽ‹ŒLÎLNMŒŽKL‚ŒLM‹ŒŒÎMÎLŒLÍ‹ŒÎMÎLŒLÍKL‚ŒLMËŒMÌMŒÌŽLLÌË‹MÌMŒÌŽLLÌÙKL‚ŒLMŽŒNNÍŒLË‹NNÍŒLÙKL‚ŒLMŽKŒNNÍŒ‹NNÍŒKL‚ŒLMÌŒMÌMŒÌŽLLÌK‹MÌMŒÌŽLLÌYKL‚ŒLMÌKŒŒÎMÎLŒLÍ‹‹ŒÎMÎLŒLÍ™KL‚ŒLMÌ‹ŒŒLÎLNMŒŽK‹ŒLÎLNMŒŽYKL‚ŒLMÌËŒMÎMÎLÎÍMKKÎMÎLÎÍMYKL‚ŒLMÍŒLÍÍÍMÍŒKKŒÍÍÍMÍŒYKL‚ŒLMÍKŒÌŽLÎŽÌŽLÎKL‚ŒLMÍ‹ŒŽLLÌÎLMÌÍŽŒŽLLÌÎLMÌÍŽKL‚ŒLMÍËŒÍÌLŒÌÍÍÍMKËÌLŒÌÍÍÍMYKL‚ŒLMÎŒÌŒLÌÌÍÌLÍMËËŒŒLÌÌÍÌLÍMÙKL‚ŒLMÎKŒNMÌMŽÌË‹NMÌMŽÌÙKL‚ŒLNŒMÍÌLÌLÌËKŒŒÌMŒŽYKL‚ŒLNKLŒÌŒÌÍŒNŒLN‹LŒNÌÍÎLŒMËŒLNËLŒMÌÌŒLŒËŒLNLŒŒMŽMŒŒÎŒLNKLŒMMŽŒNMÎŒLN‹LŒŒÍÍŒKŒLNËLŒÌLÌÎLÎKŒLNLŒMLLŽMÍMÍ‹ŒLNKLŒÍŒŒLNLMÍŽL‹ŒLNLŒNLNNLÍÍÌL‹KŽMŽÍÎMÎKL‚ŒLNLKŒÍMMÍÌÎKËMMÍÌÎYKL‚ŒLNL‹ŒŒÌÌMÎËŒŒÌÌMÎÙKL‚ŒLNLËŒŒŽNNLLÌNKŒŽNNLLÌNYKL‚ŒLNMŒLŽLŽLLLËKŒŽLŽLLLÙKL‚ŒLNMKŒNLŒÍM‹KŽLŒÍM™KL‚ŒLNM‹ŒLLÌŒ‹LLÌŒKL‚ŒLNMËŒŽNNLMŒLË‹ŽNNLMŒLÙKL‚ŒLNNŒÌMÌŽLÌL‹ËŒMÌŽLÌL™KL‚ŒLNNKŒÌÎLŽMÍËËŒÎLŽMÍÙKL‚ŒLŒŒÍLMŒÍMŒËLMŒÍMŒKL‚ŒLŒKŒÍLMŒÍMŒKËLMŒÍMŒYKL‚ŒLŒ‹ŒÌÎLŽMÍKËŒÎLŽMÍYKL‚ŒLŒËŒÌMÌŽLÌLËËŒMÌŽLÌLÙKL‚ŒLŒŒŽNNLMŒLË‹ŽNNLMŒLÙKL‚ŒLŒKŒLLÌŒ‹‹LLÌŒ™KL‚ŒLŒ‹ŒNLŒÍMËKŽLŒÍMÙKL‚ŒLŒËŒLŽLŽLLLKKŒŽLŽLLLYKL‚ŒLŒŒŒŽNNLLÌŒ‹ŒŽNNLLÌŒ™KL‚ŒLŒKŒŒÌÌMÎ‹ŒŒÌÌMÎ™KL‚ŒLŒLŒÍMMÍÌÍÎËMMÍÌÍÎKL‚ŒLŒLKŒNLNNLÍÍÌLKKŽMŽÍÎMÍÙKL‚ŒLŒL‹LŒÍŒŒLNLMÍŽLKŒLŒLËLŒMLLŽMÍMÍ‹ŒLŒMLŒÌLÌÎLÎKŒLŒMKLŒŒÍÍŒKŒLŒM‹LŒMMŽŒNMÎŒLŒMËLŒLÎŽÌŒËŒLŒNLŒÎÍŒMLÌÎMËŒLŒNKLŒŒMLLLÌL‹ŒLŒŒLŒÍŒÍMËŒLŒŒKLŒLNMÍNNKŒLŒŒ‹LŒŒÍMMÌŽÍÌÍËKŒÍŽLL™KLÂŒLŒŒËŒÎLŒMÍLËËŽLŒMÍLÙKL‚ŒLŒŒÎNLÌŒËÎNLÌŒÙKL‚ŒLŒKŒLLÎLNÌNLKKŒLÎLNÌNLYKL‚ŒLŒ‹ŒNNLŽNÌÌŒ‹KŽNLŽNÌÌŒ™KL‚ŒLŒËŒMÌNNMLK‹MÌNNMLYKL‚ŒLŒŽŒÌŒÌŒÍMKËŒŒÌŒÍMYKL‚ŒLŒŽKŒÍŽMŒLNLMŒËËŽMŒLNLMŒÙKL‚ŒLŒÌŒŽLNÎLŒŽLNÎLKL‚ŒLŒÌKŒÌŒLÎMŒMÍŒÌŒLÎMŒMÍKL‚ŒLŒÌ‹ŒÎMLŒÍMÎMLŒÍMKL‚ŒLŒÌËŒÎMLŒÍLÎÎMLŒÍLÎKL‚ŒLŒÍŒÌŒLÎMŒMÌËŒÌŒLÎMŒMÌÙKL‚ŒLŒÍKŒŽLNÎL‹ŒŽLNÎL™KL‚ŒLŒÍ‹ŒÍŽMŒLNLMŒ‹ËŽMŒLNLMŒ™KL‚ŒLŒÍËŒÌŒÌŒÍM‹ËŒŒÌŒÍM™KL‚ŒLŒÎŒMÌNNMLË‹MÌNNMLÙKL‚ŒLŒÎKŒNNLŽNÌÌŒ‹KŽNLŽNÌÌŒ™KL‚ŒLŒLLÎLNÌNMKKŒLÎLNÌNMYKL‚ŒLKŒÎNLÌŒKÎNLÌŒYKL‚ŒL‹ŒÎLŒMÍLÌ‹ËŽLŒMÍLÌ™KL‚ŒLËLŒŒÍMMÌŽÍÌÎLKKŒÍŽLLÙKLÂŒLLŒLNMÍNNKŒLKLŒÍŒÍMËŒL‹LŒŒMLLLÌLKŒLËLŒÎÍŒMLÌÎMËŒLLŒLÎŽÌŒËŒLKLŒMNLÌÌLŒMLËŒLLLŒLÍÍŒMÌŒŒÍËŒLLKLŒLMÌÌŽMŽLMKŒLL‹LŒŒÍÎMMŒÌËŒLLËLŒNLNNMÌÍŒLMLŒMÎÎLËŒLMKŒÍÍNÌMMLÌLËËÍNÌMMLÌLÙKL‚ŒLM‹ŒMÎLLLMÍÍŒËKÎLLLMÍÍŒÙKL‚ŒLMËŒMÍÌÍÌLKKÍÌÍÌLYKL‚ŒLNŒNŽLŒÍLË‹NŽLŒÍLÙKL‚ŒLNKŒÌÌÍLMMNMÌËËŒÌÍLMMNMÌÙKL‚ŒLŒŒMMMLMŒÍŒMMMLMŒÍKL‚ŒLŒKŒŒÍÎNÍÌ‹ŒÍÎNÍÌ™KL‚ŒLŒ‹ŒLÌŽMÌNMM‹KŒÌŽMÌNMM™KL‚ŒLŒËŒLÍÍŒŒŒÌLËKŒÍÍŒŒŒÌLÙKL‚ŒLŒMLMLÍÌŒKKLMLÍÌŒYKL‚ŒLKŒMLMLÍÌŒŽKLMLÍÌŒŽKL‚ŒL‹ŒLÍÍŒŒŒÌKKŒÍÍŒŒŒÌYKL‚ŒLËŒLÌŽMÌNMM‹KŒÌŽMÌNMM™KL‚ŒLŽŒŒÍÎNÍÌŒÍÎNÍÌKL‚ŒLŽKŒMMMLMŒÍ‹ŒMMMLMŒÍ™KL‚ŒLÌŒÌÌÍLMMNMÌŽËŒÌÍLMMNMÌŽKL‚ŒLÌKŒNŽLŒÍLK‹NŽLŒÍLYKL‚ŒLÌ‹ŒMÍÌÍÌLKKÍÌÍÌLYKL‚ŒLÌËŒMÎLLLMÍÍŒÌKKÎLLLMÍÍŒÌYKL‚ŒLÍŒÍÍNÌMMLÌLËËÍNÌMMLÌLÙKL‚ŒLÍKLŒMÎÎLLKŒLÍ‹LŒNLNNMÌÍŒLÍËLŒŒÍÎMMŒÌËŒLÎLŒLMÌÌŽMŽLMKŒLÎKLŒLÍÍŒMÌŒŒÍËŒLŽLŒMNLÌÌLŒMLËŒLŽKLŒŒNŒŽLŽLLNŒLŽ‹LŒNLLÌLLŒŒKŒLŽËLŒMMMLM‹ŒLŽLŒLŒMÍÌLÎMMËŒLŽKLŒŒMÌM‹ŒLŽ‹LŒLŒMÌMŒÎ‹ŒLŽËŒŽNNÎMÌMKËŒNLŒMLMMLÎKL‚ŒLŽŒŒMLLLŒK‹ŒMLLLŒYKL‚ŒLŽKŒMŽMŽM‹‹MŽMŽM™KL‚ŒLŽLŒÌMMÍÎLŽL‹ËŒMMÍÎLŽL™KL‚ŒLŽLKŒMNLMÍÍKŒMNLMÍÍYKL‚ŒLŽL‹ŒMŽŽMÍÎÍŽMŽŽMÍÎÍKL‚ŒLŽLËŒMŒŽÌKKŒŽÌYKL‚ŒLŽMŒLMÍMMLËKŒMÍMMLÙKLBŒLŽMKŒLNLÌÎMÎKKŒNLÌÎMÎYKLBŒLŽM‹ŒLMÍÌMNLŒ‹KŒMÍÌMNLŒ™KLBŒLŽMËŒLMÍÌMNLŒ‹KŒMÍÌMNLŒ™KLBŒLŽNŒLNLÌÎMÎKKŒNLÌÎMÎYKLBŒLŽNKŒLMÍMML‹KŒMÍMML™KLBŒLÌŒMŒŽËKŒŽÙKL‚ŒLÌKŒMŽŽMÍÎÌËŽMŽŽMÍÎÌÙKL‚ŒLÌ‹ŒMNLMÍÍKŒMNLMÍÍYKL‚ŒLÌËŒÌMMÍÎLŽLKËŒMMÍÎLŽLYKL‚ŒLÌŒMŽMŽN‹MŽMŽNKL‚ŒLÌKŒŒMLLLŒK‹ŒMLLLŒYKL‚ŒLÌ‹ŒŽNNÎMÌMKËŒNLŒMLMMLÍÙKL‚ŒLÌËLŒLŒMÌMŒÎ‹ŒLÌLŒŒMÌM‹ŒLÌKLŒLŒMÍÌLÎMMËŒLÌLLŒMMMLM‹ŒLÌLKLŒNLLÌLLŒŒKŒLÌL‹LŒŒNŒŽLŽLLNŒLÌLËLŒÍŽÍÍÍNMÎŒLÌMLŒÍŒML‹ŒLÌMKLŒNÍLŒÍŽMËŒLÌM‹LŒLŒLMNMMËŒLÌMËLŒNMÌÌNLÌKŒLÌNLŒMÎMŒÍÌNMËŒLÌNKŒMÍÍLÍŒŒÌÍÎK‹NLÎNKL‚ŒLÌŒŒŽMLŒLMŽ‹‹ŽMLŒLMŽ™KL‚ŒLÌŒKŒÌÍÍÎŽMLMLKËŒÍÍÎŽMLMLYKL‚ŒLÌŒ‹ŒÎÌLŽNMÍŒÌL‹ËŽÌLŽNMÍŒÌL™KL‚ŒLÌŒËŒMÎŒŒŒËŽMÎŒŒŒÙKL‚ŒLÌŒNÎLŒMŽLÍÌKKŽÎLŒMŽLÍÌYKL‚ŒLÌKŒLNMNŽŒKKŒNMNŽŒYKLBŒLÌ‹ŒLLŒÌŽNMMLËKŒLŒÌŽNMMLÙKLBŒLÌËŒLMŒNLÎMŒÍLNKŒMŒNLÎMŒÍLNKLBŒLÌŽŒLNMMÎMÎNLËKŒNMMÎMÎNLÙKLBŒLÌŽKŒLNMMÎMÎNLËKŒNMMÎMÎNLÙKLBŒLÌÌŒLMŒNLÎMŒÍLMËKŒMŒNLÎMŒÍLMÙKLBŒLÌÌKŒLLŒÌŽNMMLËKŒLŒÌŽNMMLÙKLBŒLÌÌ‹ŒLNMNŽŒKKŒNMNŽŒYKLBŒLÌÌËŒNÎLŒMŽLÍÍKŽÎLŒMŽLÍÍKL‚ŒLÌÍŒMÎŒŒŒ‹ŽMÎŒŒŒ™KL‚ŒLÌÍKŒÎÌLŽNMÍŒÌLËËŽÌLŽNMÍŒÌLÙKL‚ŒLÌÍ‹ŒÌÍÍÎŽMLML‹ËŒÍÍÎŽMLML™KL‚ŒLÌÍËŒŽMLŒLMŽ‹ŽMLŒLMŽKL‚ŒLÌÎŒMÍÍLÍŒŒÌÎ‹NLÎNÎYKL‚ŒLÌÎKLŒMÎMŒÍÌNMËŒLÍLŒNMÌÌNLÌŒLÍKLŒLŒLMNMMËŒLÍ‹LŒNÍLŒÍŽMËŒLÍËLŒÍŒML‹ŒLÍLŒÍŽÍÍÍNMÎŒLÍKLŒÌŽLLMMLËŒLÍ‹LŒŽLLMÌMŒKŒLÍËLŒŒNNMMLÎ‹ŒLÍLŒMŒÍŒŽM‹ŒLÍKLŒÍŒNMÍMÌŒKŒLÍLLŒLLLMÍÌMNMKŒLÍLKŒÍÍNNMÌNKŽLNLLŽKL‚ŒLÍL‹ŒÍŒŽÌ‹ËŒŽÌ™KL‚ŒLÍLËŒMŒÌÍNŒMŒÌÍNKL‚ŒLÍMŒMÌŒŽNŒŒKMÌŒŽNŒŒYKL‚ŒLÍMKŒMŒËKŒÙKL‚ŒLÍM‹ŒLÍŒMMLËKŒÍŒMMLÙKLBŒLÍMËŒLMLLLNMÌŽKKŒMLLLNMÌŽYKLBŒLÍNŒLŒÌÎLÎNNLËKŒŒÌÎLÎNNLÙKLBŒLÍNKŒLÍŒL‹KŒÍŒL™KLBŒLÍŒŒLŽMŒÍKKŒŽMŒÍYKLBŒLÍŒKŒLŽMŒÍ‹KŒŽMŒÍ™KLBŒLÍŒ‹ŒLÍŒL‹KŒÍŒL™KLBŒLÍŒËŒLŒÌÎLÎNNLËKŒŒÌÎLÎNNLÙKLBŒLÍŒLMLLLNMÌŽKKŒMLLLNMÌŽYKLBŒLÍKŒLÍŒMMLËKŒÍŒMMLÙKLBŒLÍ‹ŒMŒŽKKŒŽYKL‚ŒLÍËŒMÌŒŽNŒ‹MÌŒŽNŒ™KL‚ŒLÍŽŒMŒÌÍNKŒMŒÌÍNYKL‚ŒLÍŽKŒÍŒŽÌŽKËŒŽÌŽYKL‚ŒLÍÌŒÍÍNNMÌŒËKŽLNLLÙKL‚ŒLÍÌKLŒLLLMÍÌMNMKŒLÍÌ‹LŒÍŒNMÍMÌŒKŒLÍÌËLŒMŒÍŒŽM‹ŒLÍÍLŒŒNNMMLÎ‹ŒLÍÍKLŒŽLLMÌMŒKŒLÍÍ‹LŒÌŽLLMMLËŒLÍÍËLŒÍŒÍÌNMÍMŒLÍÎLŒÌÌLÌŒÌŒËŒLÍÎKLŒLÎMŽMMŒLÎLŒMŽLMÌÍLKŒLÎKLŒLÍÎMŒMŽKŒLÎ‹LŒÌLÍÎLÎKŒLÎËLŒLŒÍÌLÍÍL‹KŒNLLNNMÍ™KL‚ŒLÎŒÍÌŽÍLŽMËËÌŽÍLŽMÙKL‚ŒLÎKŒÍLÍMÍLÌŽLKÍLÍMÍLÌŽLYKL‚ŒLÎ‹ŒLŒŒMÌMŒËKŒŒŒMÌMŒÙKL‚ŒLÎËŒLÍÍLŽLŽËKŒÍÍLŽLŽÙKLBŒLÎŒLMŒŒŽÌÎLKKŒMŒŒŽÌÎLYKLBŒLÎKŒLŒŒMÌLËKŒŒŒMÌLÙKLBŒLÎLŒLÌÍLŽÎMÌÍÌKKŒÌÍLŽÎMÌÍÌYKLBŒLÎLKŒLÎŒÌNLÌMÍ‹KŒÎŒÌNLÌMÍ™KLBŒLÎL‹ŒMLÌMLLL‹KLÌMLLL™KLBŒLÎLËŒMLÌMLLL‹KLÌMLLL™KLBŒLÎMŒLÎŒÌNLÌMÍ‹KŒÎŒÌNLÌMÍ™KLBŒLÎMKŒLÌÍLŽÎMÌÍÌKKŒÌÍLŽÎMÌÍÌYKLBŒLÎM‹ŒLŒŒMÌLËKŒŒŒMÌLÙKLBŒLÎMËŒLMŒŒŽÌÎLKKŒMŒŒŽÌÎLYKLBŒLÎNŒLÍÍLŽLŽËKŒÍÍLŽLŽÙKLBŒLÎNKŒLŒŒMÌMŒÌ‹KŒŒŒMÌMŒÌ™KL‚ŒMŒÍLÍMÍLÌŽLKÍLÍMÍLÌŽLYKL‚ŒMKŒÍÌŽÍLŽM‹ËÌŽÍLŽM™KL‚ŒM‹LŒLŒÍÌLÍÍLKKŒNLLNNMÍ™KL‚ŒMËLŒÌLÍÎLÎKŒMLŒLÍÎMŒMŽKŒMKLŒMŽLMÌÍLKŒM‹LŒLÎMŽMMŒMËLŒÌÌLÌŒÌŒ‹ŒMLŒÍŒÍÌNMÍMKŒMKLŒÍÌŽMNMMÌËŒMLLŒÌÌÌŒÎLÍÎLMËŒMLKLŒŒŒML‹ŒML‹LŒMÍÌNLÍŽËŒMLËLŒMMMŽMÌMŒÍ‹ŒMMLŒÍLÌÍŽKŒMMKLŒÌMNMMÍNKËŽMLÎNŒNYKLÂŒMM‹ŒŽMÍÌLMÍ‹ËÌLÌŒYKL‚ŒMMËŒÎMNMLÎKÍŽNMŽLÍKL‚ŒMNŒLNNLÌLËKŒNNLÌLÙKL‚ŒMNKŒLNMNÍŽL‹KŒNMNÍŽL™KLBŒMŒŒLNMNMNŒÌŽKŒNMNMNŒÌŽKLBŒMŒKŒLÌŒÍNÍLLËKŒÌŒÍNÍLLÙKLBŒMŒ‹ŒLÍÎLMŒŒŒ‹KŒÍÎLMŒŒŒ™KLBŒMŒËŒMÌLŒÌMÍŒ‹KÌLŒÌMÍŒ™KLBŒMŒMMÌÍMMÍKMÌÍMMÍKLBŒMKŒMMÌÍMMÍKMÌÍMMÍKLBŒM‹ŒMÌLŒÌMÍŒ‹KÌLŒÌMÍŒ™KLBŒMËŒLÍÎLMŒŒŒ‹KŒÍÎLMŒŒŒ™KLBŒMŽŒLÌŒÍNÍLLËKŒÌŒÍNÍLLÙKLBŒMŽKŒLNMNMNŒÌŽKŒNMNMNŒÌŽKLBŒMÌŒLNMNÍŽL‹KŒNMNÍŽL™KLBŒMÌKŒLNNLÌL‹KŒNNLÌL™KL‚ŒMÌ‹ŒÎMNMLÎËÍŽNMŽLÌÙKL‚ŒMÌËŒŽMÍÌLMÍ‹ËÌLÌŒYKL‚ŒMÍLŒÌMNMMÍNNKËŽMLÎNŒŒYKLÂŒMÍKLŒÍLÌÍŽŒMÍ‹LŒMMMŽMÌMŒÍ‹ŒMÍËLŒMÍÌNLÍŽËŒMÎLŒŒŒML‹ŒMÎKLŒÌÌÌŒÎLÍÎLMËŒMLŒÍÌŽMNMMÌËŒMKLŒÍLÎMMM‹ŒM‹LŒÌÍMMÌMMÎKŒMËLŒÎLŒŒËŒMLŒMMÎLŽN‹ŒMKLŒLÌŒŒŒŽLM‹ŒM‹LŒÍLŽŒÎKŒMËLŒMÌŒÎLÍÌÍMMËŒMŒÎÍNLÍMÍLŒ‹‹ŒMÍŒÍÌMÍÙKL‚ŒMKŒNŒÌÎLKËŒÌÌŽLMLÎYKL‚ŒMLŒÌÌŒÌLŒÍŒËËŽLŽNMNŽYKL‚ŒMLKŒLLNÍMÍM‹KŒLNÍMÍM™KL‚ŒML‹ŒLNNMMKŒNNMMKLBŒMLËŒLMNLLŒMÎKKŒMNLLŒMÎYKLBŒMMŒLŒÌNMLM‹KŒŒÌNMLM™KLBŒMMKŒLŽŒÍÎŒŒMËKŒŽŒÍÎŒŒMÙKLBŒMM‹ŒLÌMÎNMKŒÌMÎNMKLBŒMMËŒLÌMÎNMKŒÌMÎNMKLBŒMNŒLŽŒÍÎŒŒMËKŒŽŒÍÎŒŒMÙKLBŒMNKŒLŒÌNMLM‹KŒŒÌNMLM™KLBŒMŒŒLMNLLŒMÎKKŒMNLLŒMÎYKLBŒMŒKŒLNNMMKŒNNMMKLBŒMŒ‹ŒLLNÍMÍMËKŒLNÍMÍMÙKL‚ŒMŒËŒÌÌŒÌLŒÍËŽLŽNMNÙKL‚ŒMŒNŒÌÎKËŒÌÌŽLMLÎKL‚ŒMKŒÎÍNLÍMÍLMË‹ŒMÍŒÍÌMÍÙKL‚ŒM‹LŒMÌŒÎLÍÌÍMMËŒMËLŒÍLŽŒÎKŒMŽLŒLÌŒŒŒŽLM‹ŒMŽKLŒMMÎLŽN‹ŒMÌLŒÎLŒŒËŒMÌKLŒÌÍMMÌMMÎKŒMÌ‹LŒÍLÎMMM‹ŒMÌËLŒŽÌŽLLËŒMÍLŒŒÎMÍŒÍKŒMÍKLŒNŽLLŽLÍ‹ŒMÍ‹LŒLLŽMÎŽŒMÍËLŒŽLÍMŒÌËŒMÎLŒÌŒLŒŒÍÌŒËŒMÎKLŒNMLLŒ‹ËNÍÍŒMMMŒ™KLÂŒMŒMÎNLÌKKŒLÍÎLMŒÌŽLMKL‚ŒMKŒÌMLŒLMK‹MMÎMÎLŒYKL‚ŒM‹ŒMÍLLLÌÍËËŒŒŽMLMÍÎKL‚ŒMËŒÍÍÍÍŒŒËÍÍÍÍŒŒÙKL‚ŒMŒLÎMLMÌÌÍKKŒÎMLMÌÌÍYKLBŒMKŒLMŒLŽMMÌËKŒMŒLŽMMÌÙKLBŒM‹ŒLŒŒŒLÌÍKŒŒŒŒLÌÍKLBŒMËŒLÌÌŒÍÍËKŒÌÌŒÍÍÙKLBŒMŒLŽMŒŒŽLÍÎKKŒŽMŒŒŽLÍÎYKLBŒMKŒLŽMŒŒŽLÍÎKKŒŽMŒŒŽLÍÎYKLBŒMLŒLÌÌŒÍÍËKŒÌÌŒÍÍÙKLBŒMLKŒLŒŒŒLÌÍKŒŒŒŒLÌÍKLBŒML‹ŒLMŒLŽMMÌËKŒMŒLŽMMÌÙKLBŒMLËŒLÎMLMÌÌÍKKŒÎMLMÌÌÍYKLBŒMMŒÍÍÍÍŒÍÍÍÍŒKL‚ŒMMKŒMÍLLLÌÍKËŒŒŽMLMÍÎKL‚ŒMM‹ŒÌMLŒLLË‹MMÎMÎL™KL‚ŒMMËŒMÎNLËKŒLÍÎLMŒÌŽLMYKL‚ŒMNLŒNMLLŒKËNÍÍŒMMMM™KLÂŒMNKLŒÌŒLŒŒÍÌŒËŒMLLŒŽLÍMŒÌËŒMLKLŒLLŽMÎŽŒML‹LŒNŽLLŽLÍ‹ŒMLËLŒŒÎMÍŒÍKŒMLLŒŽÌŽLLËŒMLKLŒMNLMÌÎŒNKŒML‹LŒLÌŒÎLŽKŒMLËLŒMÌŽLLÍ‹ŒMLLŒNLÌLŒÌKŒMLKLŒLŒÍÌLËŒMLLLŒLLÍ‹ŒÎÍÌŒÍÍÌÍL™KL‚ŒMLLKŒŒÌÌMŒŽŒÍKŒMNÙKL‚ŒMLL‹ŒLLÌNNÍÌÎKŒNMLŽMÎLMÙKLBŒMLLËŒMÌMNNÌËKÌMNNÌÙKLBŒMLMŒMÌÌŽNÌÎKKÌÌŽNÌÎYKLBŒMLMKŒNNÍLLÌN‹KŽNÍLLÌN™KLBŒMLM‹ŒŒNŽMŒÍŒ‹‹ŒNŽMŒÍŒ™KLBŒMLMËŒŒÌÌNMÌMŽÍ‹ŒÌÌNMÌMŽÍKLBŒMLNŒÌŒŒŽLŒM‹ÌŒŒŽLŒMKLBŒMLNKŒMLÍÎÎNLÍ‹MLÍÎÎNLÍKLBŒMLŒŒLNMÎLÎK‹LNMÎLÎYKLBŒMLŒKŒLNMÎLÎK‹LNMÎLÎYKLBŒMLŒ‹ŒMLÍÎÎNLÍ‹MLÍÎÎNLÍKLBŒMLŒËŒÌŒŒŽLŒM‹ÌŒŒŽLŒMKLBŒMLŒŒÌÌNMÌMŽÍ‹ŒÌÌNMÌMŽÍKLBŒMLKŒŒNŽMŒÍŒ‹‹ŒNŽMŒÍŒ™KLBŒML‹ŒNNÍLLÌNKKŽNÍLLÌNYKLBŒMLËŒMÌÌŽNÌÎKKÌÌŽNÌÎYKLBŒMLŽŒMÌMNNÌËKÌMNNÌÙKLBŒMLŽKŒLLÌNNÍÌÎKŒNMLŽMÎLM™KLBŒMLÌŒŒÌÌMŒŽŒÍKŒMNÙKL‚ŒMLÌKLŒLLÍ‹ŒÎÍÌŒÍÍÌÍL™KL‚ŒMLÌ‹LŒLŒÍÌLËŒMLÌËLŒNLÌLŒÌKŒMLÍLŒMÌŽLLÍ‹ŒMLÍKLŒLÌŒÎLŽKŒMLÍ‹LŒMNLMÌÎŒNKŒMLÍËLŒŒMÌMLLÌÍ‹‹ÎÌLÌNL™KL‚ŒMLÎLŒMÌŒLNMKNŒŒLLÍÙKL‚ŒMLÎKLŒŒLLMÍÎLNMËKŒMLÌÌŒÎYKLBŒMMŒLMNLMLÍËKÌŒÍMÌ™KLBŒMMKŒNMÌÌŽŒÍÌLKKŽMÌÌŽŒÍÌLYKLBŒMM‹ŒÎŒŒÍÎK‹ÎŒŒÍÎYKLBŒMMËŒMÌLŒÍÌÍL‹‹MÌLŒÍÌÍL™KLBŒMMŒŒÌÎŽMŒK‹ŒÌÎŽMŒYKLBŒMMKŒŒMLŽNNLÌË‹ŒMLŽNNLÌÙKLBŒMM‹ŒŒMMŒŽN‹ŒMMŒŽNKLBŒMMËŒNLNLŒÍŒKKŽLNLŒÍŒYKLBŒMMŒNMNLŒÍKŽMNLŒÍKLBŒMMKŒNLŒNNKKŽLŒNNYKLBŒMMLŒNLÍLÌNMËKŽLÍLÌNMÙKLBŒMMLKŒNŒLÍÌÌŒMŒÍKŽŒLÍÌÌŒMŒÍKLBŒMML‹ŒNÍÎMŽNLNKŽÍÎMŽNLNKLBŒMMLËŒNÍÎMŽNLNKKŽÍÎMŽNLNYKLBŒMMMŒNŒLÍÌÌŒMŒÍKŽŒLÍÌÌŒMŒÍKLBŒMMMKŒNLÍLÌNMËKŽLÍLÌNMÙKLBŒMMM‹ŒNLŒNNKKŽLŒNNYKLBŒMMMËŒNMNLŒÍKŽMNLŒÍKLBŒMMNŒNLNLŒÍŒKKŽLNLŒÍŒYKLBŒMMNKŒŒMMŒŽN‹ŒMMŒŽNKLBŒMMŒŒŒMLŽNNLÌŽK‹ŒMLŽNNLÌŽYKLBŒMMŒKŒŒÌÎŽMŒK‹ŒÌÎŽMŒYKLBŒMMŒ‹ŒMÌLŒÍÌÍL‹‹MÌLŒÍÌÍL™KLBŒMMŒËŒÎŒŒÍÎK‹ÎŒŒÍÎYKLBŒMMŒNMÌÌŽŒÍÌLKKŽMÌÌŽŒÍÌLYKLBŒMMKŒLMNLMLÍËKÌŒÍMÌ™KLBŒMM‹LŒŒLLMÍÎLNNKKŒMLÌÌŒÎYKLBŒMMËLŒMÌŒLNMKNŒŒLLÍYKL‚ŒMMŽLŒŒMÌMLLÌÍ‹‹ÎÌLÌNLÙKL‚ŒMMŽKŒMÍÍŒÍNLËKÍÍŒÍNLÙKLBŒMMÌŒMMÌNÍLMËKLŽLLMÌŒLYKLBŒMMÌKŒÌÎLÎLLÌKKŒÌÍÌÌÎLŒŒÌ™KLBŒMMÌ‹LŒLŽMŒŽLÎKŒNNLLŒKLBŒMMÌËLŒŒÍÎLŒNLLÍËËŒÌÍÍMÎMÍÙKL‚ŒMMÍLŒÎÌMLÌMNKËÎLNNÌMŒÙKL‚ŒMMÍKLŒNŒŽMÍKŒNŒLÌŒKLÂŒMMÍ‹LŒNMLLLNËŒMMÍËLŒLNÍMÍŽL‹ŒMMÎLŒLŒNMNMÌKŒMMÎKLŒLÎMŽNÍŒMNLŒMLMMÌÌÍÍLKŒMNKLŒMŒÎNNKŒMN‹LŒMMÍMŒŒMÍKŒMNËLŒMŽŒNMŒMNLŒMŽNMÎMMŒNŒMNKLŒMŽNMÎMMŒNŒMN‹LŒMŽŒNMŒMNËLŒMMÍMŒŒMÍKŒMNLŒMŒÎNNKŒMNKLŒMLMMÌÌÍÍLKŒMNLLŒLÎMŽNÍŒMNLKLŒLŒNMNMÌKŒMNL‹LŒLNÍMÍŽL‹ŒMNLËLŒNMLLLNËŒMNMLŒNŒŽMÍKŒNŒLÌŒYKLÂŒMNMKLŒÎÌMLÌMNKËÎLNNÌMŒÙKL‚ŒMNM‹LŒŒÍÎLŒNLLÍËËŒÌÍÍMÎMÍKL‚ŒMNMËLŒLŽMŒŽLÍËKŒNNLLŒKLBŒMNNŒÌÎLÎLLÌKŒÌÍÌÌÎLŒŒÌ™KLBŒMNNKŒMMÌNÍLMËKLŽLLMÌŒLYKLBŒMŒŒMÍÍŒÍNLËKÍÍŒÍNLÙKLBŒMŒKLŒLÎMÍÍLMÎËŒMŒ‹LŒLŒŒNLMŒMŒËLŒŽLMÎLÍËŒMŒLŒÌÌÎÍNMKŒMŒKLŒÍÌMŒŒÌMÎ‹ŒMŒ‹LŒMÌŒLNLÎKŒMŒËLÍNNMÍŒMŒMŒLLÌŒMNM‹ŒMŒKLNÍÍÎMÍÌÍÍŒMŒLLŒÎMÍLMKŒMŒLKLŽLMNNŽNL‹ŒMŒL‹LÌŒMÌLÎLÌMŒÌKŒMŒLËLÍMÌLÌLÌÌKŒMŒMLÍÎLML‹ŒMŒMKLÍÌÍŒNŽLŒÌËŒMŒM‹LÍÍÌLMŒÍŽKŒMŒMËLÍÍÌLMŒÍŽKŒMŒNLÍÌÍŒNŽLŒÌËŒMŒNKLÍÎLML‹ŒMŒŒLÍMÌLÌLÌÌKŒMŒŒKLÌŒMÌLÎLÌMŒÌKŒMŒŒ‹LŽLMNNŽNL‹ŒMŒŒËLŒÎMÍLMKŒMŒLNÍÍÎMÍÌÍÍŒMŒKLLÌŒMNM‹ŒMŒ‹LÍNNMÍŒMŒMŒËLŒMÌŒLNLÎKŒMŒŽLŒÍÌMŒŒÌMÎ‹ŒMŒŽKLŒÌÌÎÍNMKŒMŒÌLŒŽLMÎLÍËŒMŒÌKLŒLŒŒNLMŒMŒÌ‹LŒLÎMÍÍLMÎËŒMŒÌËLŒÍMLÍÍŒŒ‹ŒMŒÍLŒÍÍÍÎMLMMËŒMŒÍKLŒÎÌMÌMNLML‹ŒMŒÍ‹LMLŒŒŽM‹ŒMŒÍËLŒÍŒMŒŽLKŒMŒÎLÍÌLNL‹ŒMŒÎKLLŒMŒŽMËŒMLMŒÌŒÎMŒŒŒËŒMKLŒLŒŽMÌŽŒËŒM‹LKŒMMÍLM‹ŒMËLKÌÍÌLÌŒMŒLKŒMLKŽŽŒŒLÌL‹ŒMKLKŽNNMLŽMNŒM‹LKŽMMÌŒŒËŒMËLKŽLLŒÎÌMŒ‹ŒMLKŽLNLÍÎMKŒMKLKŽLNLÍÎMKŒMLLKŽLLŒÎÌMŒ‹ŒMLKLKŽMMÌŒŒËŒML‹LKŽNNMLŽMNŒMLËLKŽŽŒŒLÌL‹ŒMMLKÌÍÌLÌŒMŒLKŒMMKLKŒMMÍLM‹ŒMM‹LŒLŒŽMÌŽŒËŒMMËLMŒÌŒÎMŒŒŒËŒMNLLŒMŒŽMËŒMNKLÍÌLNL‹ŒMŒLŒÍŒMŒŽLKŒMŒKLMLŒŒŽM‹ŒMŒ‹LŒÎÌMÌMNLML‹ŒMŒËLŒÍÍÍÎMLMMËŒMLŒÍMLÍÍŒŒ‹‚UUÈÕTTŽˆ[˜Ü™X\Ú[™È[YHÝ\HŒMMÂ‚‚OOOOH™YÚ[›š[™È[YHÝ\ˆˆŽNLÍNOOOOB‚‚”™Y›Ü›Z[™ÈÝY™›™\ÜÈX]š^ˆ™Y›Ü›X][ÛˆÌB‚OOOOH™Y›Ü›Z[™ÈÝY™›™\ÜÈX]š^‚‚SœˆÙˆ\]X][ÛœÈ‹‹‹‹‹‹‹‹‹‹‹‹‹‹‹‹‹‹‹‹‹‹‹‹‹‹ˆˆNLÂ‚SœˆÙˆ›Ûž™\›Ù\È[ˆÝY™›™\ÜÈX]š^‹‹‹‹‹‹ˆˆLMŒMMÂˆBˆ›Û›[™X\ˆÛÛ][ÛˆÝ]\Îˆ[YOHŽNLÍN‚\ÝY™›™\ÜÈ\]\ÈH‚\šYÚ[™ÚYH]˜[X][ÛœÈH‚‚\ÝY™›™\ÜÈX]š^™Y›Ü›X][ÛœÈHB‚\Ý\œ›ÛH[™HÙX\˜ÚHKŒ‚XÛÛ™\™Ù[˜ÙH›Ü›\ÈˆS’UPSÕT”‘S•‘TURT‘Q‚H™\ÚYX[KŒŒNNLÙJÌKÍÍÎYKLÈKŒŒNNLÙJÌH‚H[™\™ÞH‹ÍÍÍMÍYJÌˆ‹ŒÌMNKLÈ‹ÍÍÍMÍYKLˆ‚H\ÜXÙ[Y[KŒNNM™JÌˆKŒNNM™JÌˆ‹ŒÍÎ™KLHˆ‚ˆ›Û›[™X\ˆÛÛ][ÛˆÝ]\Îˆ[YOHŽNLÍN‚\ÝY™›™\ÜÈ\]\ÈHB‚\šYÚ[™ÚYH]˜[X][ÛœÈHÂ‚\ÝY™›™\ÜÈX]š^™Y›Ü›X][ÛœÈHB‚\Ý\œ›ÛH[™HÙX\˜ÚHKŒ‚XÛÛ™\™Ù[˜ÙH›Ü›\ÈˆS’UPSÕT”‘S•‘TURT‘Q‚H™\ÚYX[KŒŒNNLÙJÌKÌNL™KLÈKŒŒNNLÙJÌH‚H[™\™ÞH‹ÍÍÍMÍYJÌˆËŒLNŒÌ™KLÈ‹ÍÍÍMÍYKLˆ‚H\ÜXÙ[Y[KŒNNM™JÌˆŽÌNNKL‹ŒÍÌMÙKLH‚˜ÛÛ™\™Ù[˜ÙHÝ[[X\žBˆ[X™\ˆÙˆ]\˜][ÛœÈˆ‚ˆ[X™\ˆÙˆ™Y›Ü›X][ÛœÈˆB‚‹KKKKKKHÛÛ™\™ÙY][YHˆŽNLÍN‚‚‘]H™XÛÜ™ÌBOOOOOOOOOOOOOOOOOOOOOOOOOOOOOOOOOOOOOOOOOOOOOOOOOOOOOOOOOOOOOOOOOOOOOOOOOOB”Ý\H‚•[YHHŽNLÍNL‚‘]HHÚ\Ùš[˜[ØÛÛÜ™[˜]\ÂŒKNËŽNMŒÍÌML‹LKŒMÌŒMLMŽMÙKLMËÌLŒMNÂŒ‹NËŒLMLÌKM‹ŒMŽMŒLM‹ËÌÌÍMÂŒËNŒÎLÍŽŒŽÌ‹ŒNÍMLKËÌÍLÍLÌLM‚MÎKŽLLŽÍËŽÍÌÍÌÌ‹ËÌNÌMNLÂKMÌËŽLÍLŽKŒËŒLÌLÌÍKËÌLLLŽNM‹MKŽÍŒÍÎÍËÍÍÍŒÍL‹ËÌÌÍLŽËMM‹ŒÌŒŒLLŒLLKMLŒÎMLÍËÌLLMMMŽLÂŽMKŒÌÌÎŽMKLŒÍÎËËŽNŽLŒÍBŽKLÌ‹ŽMMŒNËLM‹NLËŽMŒLŒÍBŒLLNKŒÍNL‹LËLÍNNMŽËŽLÌÎŒŽLŒÍŒLKLNÎNM‹LÍËŒNLÍLÎËŽLÌŒM‚ŒL‹ŒÌÍÌŒÎÍËMKLÍŒÍ‹ËŽMLMMMBŒLËÌKŽMMÌŒLÎKML‹ÌŒŒKËŽNLMNL‚ŒMMNMŒMÍKMMËŽÎŒÍ‹ËŽÎLNMŒMBŒMKÍ‹ŽÌÍËMŒKŽÎNÌKËŽMÎÌÌMŒM‹NÌŒÎËMŒŒLLKËŽMMŒÍBŒMË‹ŒLNNLLMÙKLMMŽNMNŽLKËŽLŒÍŒŒŒÂŒNLNÌŒÎËMŒŒLLKËŽMMŒÍBŒNKLÍ‹ŽÌÍËMŒKŽÎNÌKËŽMÎÌÌMŒŒMMNMŒMÍKMMËŽÎŒÍ‹ËŽÎLNMŒMBŒŒKMÌKŽMMÌŒLÎKML‹ÌŒŒKËŽNLMNL‚ŒŒ‹NŒÌÍÌŒÎÍËMKLÍŒÍ‹ËŽMLMMMBŒŒËLLNÎNM‹LÍËŒNLÍLÎËŽLÌŒM‚ŒLLNKŒÍNL‹LËLÍNNMŽËŽLÌÎŒŽLŒÍŒKLLÌ‹ŽMMŒNËLM‹NLËŽMŒLŒÍBŒ‹LMKŒÌÌÎŽMKLŒÍÎËËŽNŽLŒÍBŒËLMM‹ŒÌŒŒLLŒLLKMLŒÎMLÍËÌLLMMMŽLÂŒŽLMKŽÍŒÍÎÍËÍÍÍŒÍL‹ËÌÌÍLŽŒŽKLMÌËŽLÍLŽKŒËŒLÌLÌÍKËÌLLLŽNMŒÌLMÎKŽLLŽÍËŽÍÌÍÌÌ‹ËÌNÌMNLÂŒÌKLNŒÎLÍŽŒŽÌ‹ŒNÍMLKËÌÍLÍLÌLM‚ŒÌ‹LNËŒLMLÌKM‹ŒMŽMŒLM‹ËÌÌÍMÂŒÌËLNËŽNMŒÍÌML‹‹ŽLNLÍÌLŽYKLMËÌLŒMNÂŒÍLNËŒLMLÌKLM‹ŒMŽMŒLM‹ËÌÌÍMÂŒÍKLNŒÎLÍŽŒŽLÌ‹ŒNÍMLKËÌÍLÍLÌLM‚ŒÍ‹LMÎKŽLLŽÍMËŽÍÌÍÌÌ‹ËÌNÌMNLÂŒÍËLMÌËŽLÍLŽKMŒËŒLÌLÌÍKËÌLLLŽNMŒÎLMKŽÍŒÍÎMÍËÍÍÍŒÍL‹ËÌÌÍLŽŒÎKLMM‹ŒÌŒŒLLŒLNLKMLŒÎMLÍËÌLLMMMŽLÂLMKŒÌÌÎŽMKLLŒÍÎËËŽNŽLŒÍBKLLÌ‹ŽMMŒNËLLM‹NLËŽMŒLŒÍB‹LLNKŒÍNL‹LLËLÍNNMŽËŽLÌÎŒŽLŒÍËLLNÎNM‹LLÍËŒNLÍLÎËŽLÌŒM‚NŒÌÍÌŒÎÍËLMKLÍŒÍ‹ËŽMLMMMBKMÌKŽMMÌŒLÎKLML‹ÌŒŒKËŽNLMNL‚‹MMNMŒMÍKLMMËŽÎŒÍ‹ËŽÎLNMŒMBËLÍ‹ŽÌÍËLMŒKŽÎNÌKËŽMÎÌÌMLNÌŒÎËLMŒŒLLKËŽMMŒÍBKLËÍMMLÍÍÙKLMLMŽNMNŽLKËŽLŒÍŒŒŒÂLNÌŒÎËLMŒŒLLKËŽMMŒÍBLKÍ‹ŽÌÍËLMŒKŽÎNÌKËŽMÎÌÌML‹MNMŒMÍKLMMËŽÎŒÍ‹ËŽÎLNMŒMBLËÌKŽMMÌŒLÎKLML‹ÌŒŒKËŽNLMNL‚MŒÌÍÌŒÎÍËLMKLÍŒÍ‹ËŽMLMMMBMKLNÎNM‹LLÍËŒNLÍLÎËŽLÌŒM‚M‹LNKŒÍNL‹LLËLÍNNMŽËŽLÌÎŒŽLŒÍMËLÌ‹ŽMMŒNËLLM‹NLËŽMŒLŒÍBNMKŒÌÌÎŽMKLLŒÍÎËËŽNŽLŒÍBNKMM‹ŒÌŒŒLLŒLNLKMLŒÎMLÍËÌLLMMMŽLÂŒMKŽÍŒÍÎMÍËÍÍÍŒÍL‹ËÌÌÍLŽŒKMÌËŽLÍLŽKMŒËŒLÌLÌÍKËÌLLLŽNMŒ‹MÎKŽLLŽÍMËŽÍÌÍÌÌ‹ËÌNÌMNLÂŒËNŒÎLÍŽŒŽLÌ‹ŒNÍMLKËÌÍLÍLÌLM‚NËŒLMLÌKLM‹ŒMŽMŒLM‹ËÌÌÍMÂKNËŽNMŒMLÌŒKLKŒNLMLÍÎÍŒÙKLMÌ‹ÌMŽNLŒÂ‹NËŒLLMÌÍMM‹ŒMŽNMMŒ‹Ì‹ÌLNMLLL‚ËNŒÎMKÌ‹ŒNÌM‹Ì‹ÌMÌÌŒÂŽMÎKŽLÍŒM‹ËŽLMÎNLKÌ‹ÌÌÍÍÌŽMBŽKMÌËŽMÍMMKŒËŒLÌŽLÌÌÎÌ‹ÌMÍŽMBÌMKŽÍLMLËÍËÍŽLŽM‹Ì‹ŽNMÎLŒÎBÌKMM‹ŒÌŒMNLKLKMÌLŒŽLL‹Ì‹ŽMÍŽŒ‚Ì‹MKŒÌÌŒŒÌLŒËLŒÍÌMÍÌ‹ŽMŒMMŽÌËLÌ‹ŽMÍNLŽËLM‹ŒŒÍËÌ‹ŽLŒLNBÍLNKŒÍLLMËLËLÍNNLNMËÌ‹ŽLMŒÍÌÂÍKLMŒMNËLÍËŒNÌÍL‹Ì‹ŽŒÍMÍMÂÍ‹ŒÌLÌÍLÌMKMKLNLŒÌNKÌ‹ŽÍLÍÍÌÂÍËÌKŽMLLÎNMML‹ÌÌÌŽÌ‹ŽLLLNÎMNÌÎKMMËŽLÍŽMKÌ‹ÎLBÎKÍ‹ŽMŒMŽKMŒKŽÍMÌÌ‹ÍÌÍM‚ŽNŽMŒÍNMŒŒLÌMŽ‹Ì‹ÍŒÍŒNBŽKKŽLÍÍŒŒYKLMMŽNMŒÌMKÌ‹ÍŒNLMŽ‹LNŽMŒÍNMŒŒLÌMŽ‹Ì‹ÍŒÍŒNBŽËLÍ‹ŽMŒMŽKMŒKŽÍMÌÌ‹ÍÌÍM‚ŽMMNÌÎKMMËŽLÍŽMKÌ‹ÎLBŽKMÌKŽMLLÎNMML‹ÌÌÌŽÌ‹ŽLLLNŽ‹NŒÌLÌÍLÌMKMKLNLŒÌNKÌ‹ŽÍLÍÍÌÂŽËLLMŒMNËLÍËŒNÌÍL‹Ì‹ŽŒÍMÍMÂŽLLNKŒÍLLMËLËLÍNNLNMËÌ‹ŽLMŒÍÌÂŽKLLÌ‹ŽMÍNLŽËLM‹ŒŒÍËÌ‹ŽLŒLNBŽLLMKŒÌÌŒŒÌLŒËLŒÍÌMÍÌ‹ŽMŒMMŽŽLKLMM‹ŒÌŒMNLKLKMÌLŒŽLL‹Ì‹ŽMÍŽŒ‚ŽL‹LMKŽÍLMLËÍËÍŽLŽM‹Ì‹ŽNMÎLŒÎBŽLËLMÌËŽMÍMMKŒËŒLÌŽLÌÌÎÌ‹ÌMÍŽMBŽMLMÎKŽLÍŒM‹ËŽLMÎNLKÌ‹ÌÌÍÍÌŽMBŽMKLNŒÎMKÌ‹ŒNÌM‹Ì‹ÌMÌÌŒÂŽM‹LNËŒLLMÌÍMM‹ŒMŽNMMŒ‹Ì‹ÌLNMLLL‚ŽMËLNËŽNMŒMLÌŒKËŒMNLÎÌÍŒÙKLMÌ‹ÌMŽNLŒÂŽNLNËŒLLMÌÍMLM‹ŒMŽNMMŒ‹Ì‹ÌLNMLLL‚ŽNKLNŒÎMKLÌ‹ŒNÌM‹Ì‹ÌMÌÌŒÂŒLLMÎKŽLÍŒM‹MËŽLMÎNLKÌ‹ÌÌÍÍÌŽMBŒLKLMÌËŽMÍMMKMŒËŒLÌŽLÌÌÎÌ‹ÌMÍŽMBŒL‹LMKŽÍLMLËMÍËÍŽLŽM‹Ì‹ŽNMÎLŒÎBŒLËLMM‹ŒÌŒMNLKNLKMÌLŒŽLL‹Ì‹ŽMÍŽŒ‚ŒLLMKŒÌÌŒŒÌLŒËLLŒÍÌMÍÌ‹ŽMŒMMŽŒLKLLÌ‹ŽMÍNLŽËLLM‹ŒŒÍËÌ‹ŽLŒLNBŒL‹LLNKŒÍLLMËLLËLÍNNLNMËÌ‹ŽLMŒÍÌÂŒLËLLMŒMNËLLÍËŒNÌÍL‹Ì‹ŽŒÍMÍMÂŒLNŒÌLÌÍLÌMKLMKLNLŒÌNKÌ‹ŽÍLÍÍÌÂŒLKMÌKŽMLLÎNMLML‹ÌÌÌŽÌ‹ŽLLLNŒLLMMNÌÎKLMMËŽLÍŽMKÌ‹ÎLBŒLLKLÍ‹ŽMŒMŽKLMŒKŽÍMÌÌ‹ÍÌÍM‚ŒLL‹LNŽMŒÍNLMŒŒLÌMŽ‹Ì‹ÍŒÍŒNBŒLLËLËÍLÌMMYKLMLMŽNMŒÌMKÌ‹ÍŒNLMŒLMNŽMŒÍNLMŒŒLÌMŽ‹Ì‹ÍŒÍŒNBŒLMKÍ‹ŽMŒMŽKLMŒKŽÍMÌÌ‹ÍÌÍM‚ŒLM‹MNÌÎKLMMËŽLÍŽMKÌ‹ÎLBŒLMËÌKŽMLLÎNMLML‹ÌÌÌŽÌ‹ŽLLLNŒLNŒÌLÌÍLÌMKLMKLNLŒÌNKÌ‹ŽÍLÍÍÌÂŒLNKLMŒMNËLLÍËŒNÌÍL‹Ì‹ŽŒÍMÍMÂŒLŒLNKŒÍLLMËLLËLÍNNLNMËÌ‹ŽLMŒÍÌÂŒLŒKLÌ‹ŽMÍNLŽËLLM‹ŒŒÍËÌ‹ŽLŒLNBŒLŒ‹MKŒÌÌŒŒÌLŒËLLŒÍÌMÍÌ‹ŽMŒMMŽŒLŒËMM‹ŒÌŒMNLKNLKMÌLŒŽLL‹Ì‹ŽMÍŽŒ‚ŒLMKŽÍLMLËMÍËÍŽLŽM‹Ì‹ŽNMÎLŒÎBŒLKMÌËŽMÍMMKMŒËŒLÌŽLÌÌÎÌ‹ÌMÍŽMBŒL‹MÎKŽLÍŒM‹MËŽLMÎNLKÌ‹ÌÌÍÍÌŽMBŒLËNŒÎMKLÌ‹ŒNÌM‹Ì‹ÌMÌÌŒÂŒLŽNËŒLLMÌÍMLM‹ŒMŽNMMŒ‹Ì‹ÌLNMLLL‚ŒLŽKNËŽNMŒLÌÎMKLKŒÍÌMLYKLMMËÌŒMÂŒLÌNËŒLLŽ‹M‹ŒMÌNŒMËMËÌŒMÌLÍÌ‚ŒLÌKNŒÎÍMŒLËÌ‹ŒNMÎÎL‹MËÌMŒÎMŒBŒLÌ‹MÎKŽLÌŒMŒNKËŽLÎLËMËÌNLŒM‚ŒLÌËMÌËŽMÌKŒËŒLÌÌÍÌLÌÌMËMËŽNMÎMLBŒLÍMKŽÌLLÍKÍËÍŽMÎMŒËMËŽMŒÍÍŒBŒLÍKMM‹ŒÌŒŒŒNLKMÍŽLÌLËMËŽLÎÍŽLMBŒLÍ‹MKŒÌÌMLMÌÌËLŒÌÌÎÎKMËŽLLŽNNŒLÍËLÌ‹ŽMŽMŒÌNKLM‹ŒMNN‹MËŽÍŒL‚ŒLÎLNKŒÌÍÎMLKLËLÍŒÌLÌKMËŽNLŒÌ‚ŒLÎKLMMLÎMËLÍËŒNÌMLÌMËŽMÍÌŒNL‚ŒMŒÌÌNMÌ‹MKLLÌÎMKMËÎÎLMÂŒMKÌKŽMLNŽLLŒ‹ML‹ÌÌÌÍMÎKMËÍŒLÎMÂŒM‹MMÎMŒÌNŒ‹MMËŽMMLMÍ‹MËÌÎÌBŒMËÍ‹ŽLÌMLMÌKMŒKŽMMŽËMËÌŒLÌÌBŒMNŽMÍMLMËMŒŒMŒŒËMËÌLMŽÎBŒMKKŽLÍLŒMMÙKLMMŽNMŒLÍÍLËMËÌÌŽLLBŒM‹LNŽMÍMLMËMŒŒMŒŒËMËÌLMŽÎBŒMËLÍ‹ŽLÌMLMÌKMŒKŽMMŽËMËÌŒLÌÌBŒMMMMÎMŒÌNŒ‹MMËŽMMLMÍ‹MËÌÎÌBŒMKMÌKŽMLNŽLLŒ‹ML‹ÌÌÌÍMÎKMËÍŒLÎMÂŒMLNŒÌÌNMÌ‹MKLLÌÎMKMËÎÎLMÂŒMLKLLMMLÎMËLÍËŒNÌMLÌMËŽMÍÌŒNL‚ŒML‹LLNKŒÌÍÎMLKLËLÍŒÌLÌKMËŽNLŒÌ‚ŒMLËLLÌ‹ŽMŽMŒÌNKLM‹ŒMNN‹MËŽÍŒL‚ŒMMLMKŒÌÌMLMÌÌËLŒÌÌÎÎKMËŽLLŽNNŒMMKLMM‹ŒÌŒŒŒNLKMÍŽLÌLËMËŽLÎÍŽLMBŒMM‹LMKŽÌLLÍKÍËÍŽMÎMŒËMËŽMŒÍÍŒBŒMMËLMÌËŽMÌKŒËŒLÌÌÍÌLÌÌMËMËŽNMÎMLBŒMNLMÎKŽLÌŒMŒNKËŽLÎLËMËÌNLŒM‚ŒMNKLNŒÎÍMŒLËÌ‹ŒNMÎÎL‹MËÌMŒÎMŒBŒMŒLNËŒLLŽ‹M‹ŒMÌNŒMËMËÌŒMÌLÍÌ‚ŒMŒKLNËŽNMŒLÌÎMKËŒŒÌLÍNM™KLMMËÌŒMÂŒMŒ‹LNËŒLLŽ‹LM‹ŒMÌNŒMËMËÌŒMÌLÍÌ‚ŒMŒËLNŒÎÍMŒLËLÌ‹ŒNMÎÎL‹MËÌMŒÎMŒBŒMLMÎKŽLÌŒMŒNKMËŽLÎLËMËÌNLŒM‚ŒMKLMÌËŽMÌKMŒËŒLÌÌÍÌLÌÌMËMËŽNMÎMLBŒM‹LMKŽÌLLÍKMÍËÍŽMÎMŒËMËŽMŒÍÍŒBŒMËLMM‹ŒÌŒŒŒNNLKMÍŽLÌLËMËŽLÎÍŽLMBŒMŽLMKŒÌÌMLMÌÌËLLŒÌÌÎÎKMËŽLLŽNNŒMŽKLLÌ‹ŽMŽMŒÌNKLLM‹ŒMNN‹MËŽÍŒL‚ŒMÌLLNKŒÌÍÎMLKLLËLÍŒÌLÌKMËŽNLŒÌ‚ŒMÌKLLMMLÎMËLLÍËŒNÌMLÌMËŽMÍÌŒNL‚ŒMÌ‹NŒÌÌNMÌ‹LMKLLÌÎMKMËÎÎLMÂŒMÌËMÌKŽMLNŽLLŒ‹LML‹ÌÌÌÍMÎKMËÍŒLÎMÂŒMÍMMMÎMŒÌNŒ‹LMMËŽMMLMÍ‹MËÌÎÌBŒMÍKLÍ‹ŽLÌMLMÌKLMŒKŽMMŽËMËÌŒLÌÌBŒMÍ‹LNŽMÍMLMËLMŒŒMŒŒËMËÌLMŽÎBŒMÍËLËÍMMLMÍÌÍ™KLMLMŽNMŒLÍÍLËMËÌÌŽLLBŒMÎNŽMÍMLMËLMŒŒMŒŒËMËÌLMŽÎBŒMÎKÍ‹ŽLÌMLMÌKLMŒKŽMMŽËMËÌŒLÌÌBŒNMMÎMŒÌNŒ‹LMMËŽMMLMÍ‹MËÌÎÌBŒNKÌKŽMLNŽLLŒ‹LML‹ÌÌÌÍMÎKMËÍŒLÎMÂŒN‹ŒÌÌNMÌ‹LMKLLÌÎMKMËÎÎLMÂŒNËLMMLÎMËLLÍËŒNÌMLÌMËŽMÍÌŒNL‚ŒNLNKŒÌÍÎMLKLLËLÍŒÌLÌKMËŽNLŒÌ‚ŒNKLÌ‹ŽMŽMŒÌNKLLM‹ŒMNN‹MËŽÍŒL‚ŒN‹MKŒÌÌMLMÌÌËLLŒÌÌÎÎKMËŽLLŽNNŒNËMM‹ŒÌŒŒŒNNLKMÍŽLÌLËMËŽLÎÍŽLMBŒNMKŽÌLLÍKMÍËÍŽMÎMŒËMËŽMŒÍÍŒBŒNKMÌËŽMÌKMŒËŒLÌÌÍÌLÌÌMËMËŽNMÎMLBŒNLMÎKŽLÌŒMŒNKMËŽLÎLËMËÌNLŒM‚ŒNLKNŒÎÍMŒLËLÌ‹ŒNMÎÎL‹MËÌMŒÎMŒBŒNL‹NËŒLLŽ‹LM‹ŒMÌNŒMËMËÌŒMÌLÍÌ‚ŒNLËNËŽNMŒLNLKLKŒÌÍÌÎMŒNNM™KLM‹ŽNNŒL‚ŒNMNËŒLLÍŒËM‹ŒMŽNMŒÍK‹ŽNMMNŒNMKNŒÎNÌËÌ‹ŒNÍŽ‹ŽNÌÎMLÍNŒNM‹MÎKŽLÌÌÌÌM‹ËŽLNÌ‹‹ŽMÍMŒÎBŒNMËMÌËŽMŒÌŒKŒËŒLÌŽMMŽÌÎ‹ŽMMMMÍLÍŽŒNNMKŽÍÎM‹ÍËÍŽLÌŒLLË‹ŽLÌŒÌL‚ŒNNKMM‹ŒÌŒMÎ‹LKMÌNÎ‹‹ŽLLÌÌÌNŒŒMKŒÌÌNMŒLËLŒŽŒ‹ŽÍŒLŽBŒŒKLÌ‹ŽMÍLÌÌËLM‹ŒLÌŽK‹ŽMNNL‚ŒŒ‹LNKŒÍMŽM‹LËLÍNŒLLË‹ŽŒÌÍÂŒŒËLMŒLÌNNLÍËŒNÍÎMÍ‹ÍÌMÌÌMLŒBŒŒŒÌLÌÎÍMKLLŽL‹‹ÌÎÍŒLÂŒŒKÌKŽMLŽN‹ML‹ÌÌLŽŒN‹ÌMÍLNM‚ŒŒ‹MNÌËMMËŽMMLK‹ŽÎLÍÍŒŒËÍ‹ŽMNÌÍKMŒKŽÌÌÎ‹LLNLÍ‚ŒŒNŽMLŒÍÍËMŒŒLÎÍK‹LÌNŽŒŒK‹ŒLŒŒÌŒLLÍÙKLMMŽNMŒLÌLNLK‹LŽÌŒŒLLNŽMLŒÍÍËMŒŒLÎÍK‹LÌNŽŒŒLKLÍ‹ŽMNÌÍKMŒKŽÌÌÎ‹LLNLÍ‚ŒŒL‹MMNÌËMMËŽMMLK‹ŽÎLÍÍŒŒLËMÌKŽMLŽN‹ML‹ÌÌLŽŒN‹ÌMÍLNM‚ŒŒMNŒÌLÌÎÍMKLLŽL‹‹ÌÎÍŒLÂŒŒMKLLMŒLÌNNLÍËŒNÍÎMÍ‹ÍÌMÌÌMLŒBŒŒM‹LLNKŒÍMŽM‹LËLÍNŒLLË‹ŽŒÌÍÂŒŒMËLLÌ‹ŽMÍLÌÌËLM‹ŒLÌŽK‹ŽMNNL‚ŒŒNLMKŒÌÌNMŒLËLŒŽŒ‹ŽÍŒLŽBŒŒNKLMM‹ŒÌŒMÎ‹LKMÌNÎ‹‹ŽLLÌÌÌNŒŒŒLMKŽÍÎM‹ÍËÍŽLÌŒLLË‹ŽLÌŒÌL‚ŒŒŒKLMÌËŽMŒÌŒKŒËŒLÌŽMMŽÌÎ‹ŽMMMMÍLÍŽŒŒŒ‹LMÎKŽLÌÌÌÌM‹ËŽLNÌ‹‹ŽMÍMŒÎBŒŒŒËLNŒÎNÌËÌ‹ŒNÍŽ‹ŽNÌÎMLÍNŒŒLNËŒLLÍŒËM‹ŒMŽNMŒÍK‹ŽNMMNŒŒKLNËŽNMŒLNLKËŒÍNNŒMŒÙKLM‹ŽNNŒL‚ŒŒ‹LNËŒLLÍŒËLM‹ŒMŽNMŒÍK‹ŽNMMNŒŒËLNŒÎNÌËLÌ‹ŒNÍŽ‹ŽNÌÎMLÍNŒŒŽLMÎKŽLÌÌÌÌM‹MËŽLNÌ‹‹ŽMÍMŒÎBŒŒŽKLMÌËŽMŒÌŒKMŒËŒLÌŽMMŽÌÎ‹ŽMMMMÍLÍŽŒŒÌLMKŽÍÎM‹MÍËÍŽLÌŒLLË‹ŽLÌŒÌL‚ŒŒÌKLMM‹ŒÌŒMÎ‹NLKMÌNÎ‹‹ŽLLÌÌÌNŒŒÌ‹LMKŒÌÌNMŒLËLLŒŽŒ‹ŽÍŒLŽBŒŒÌËLLÌ‹ŽMÍLÌÌËLLM‹ŒLÌŽK‹ŽMNNL‚ŒŒÍLLNKŒÍMŽM‹LLËLÍNŒLLË‹ŽŒÌÍÂŒŒÍKLLMŒLÌNNLLÍËŒNÍÎMÍ‹ÍÌMÌÌMLŒBŒŒÍ‹NŒÌLÌÎÍLMKLLŽL‹‹ÌÎÍŒLÂŒŒÍËMÌKŽMLŽN‹LML‹ÌÌLŽŒN‹ÌMÍLNM‚ŒŒÎMMNÌËLMMËŽMMLK‹ŽÎLÍÍŒŒÎKLÍ‹ŽMNÌÍKLMŒKŽÌÌÎ‹LLNLÍ‚ŒLNŽMLŒÍÍËLMŒŒLÎÍK‹LÌNŽŒKLËÎLMÎLÎMÙKLMLMŽNMŒLÌLNLK‹LŽÌŒ‹NŽMLŒÍÍËLMŒŒLÎÍK‹LÌNŽŒËÍ‹ŽMNÌÍKLMŒKŽÌÌÎ‹LLNLÍ‚ŒMNÌËLMMËŽMMLK‹ŽÎLÍÍŒKÌKŽMLŽN‹LML‹ÌÌLŽŒN‹ÌMÍLNM‚Œ‹ŒÌLÌÎÍLMKLLŽL‹‹ÌÎÍŒLÂŒËLMŒLÌNNLLÍËŒNÍÎMÍ‹ÍÌMÌÌMLŒBŒLNKŒÍMŽM‹LLËLÍNŒLLË‹ŽŒÌÍÂŒKLÌ‹ŽMÍLÌÌËLLM‹ŒLÌŽK‹ŽMNNL‚ŒLMKŒÌÌNMŒLËLLŒŽŒ‹ŽÍŒLŽBŒLKMM‹ŒÌŒMÎ‹NLKMÌNÎ‹‹ŽLLÌÌÌNŒL‹MKŽÍÎM‹MÍËÍŽLÌŒLLË‹ŽLÌŒÌL‚ŒLËMÌËŽMŒÌŒKMŒËŒLÌŽMMŽÌÎ‹ŽMMMMÍLÍŽŒMMÎKŽLÌÌÌÌM‹MËŽLNÌ‹‹ŽMÍMŒÎBŒMKNŒÎNÌËLÌ‹ŒNÍŽ‹ŽNÌÎMLÍNŒM‹NËŒLLÍŒËLM‹ŒMŽNMŒÍK‹ŽNMMNŒMËNËŽNMŒLLŒŽKLKŒŒNMŒÎLŒÙKLMLËŽMÎLMÂŒNNËŒLLNMMŒ‹M‹ŒMŽMŒM‹LËŽMÍŒNM‚ŒNKNŒÎLÍMŒKÌ‹ŒNÍMÍNLËLËŽMÌŽLNŒŒMÎKŽLÍÍÌNLÌKËŽÌŒŒLËŽMLÌLŒBŒŒKMÌËŽLÌÍL‹ŒËŒLÌMÌŽMŽLKLËŽLÌNŽMŒŒ‹MKŽÍLNLKÍËÍÎLÍÍLËLËŽLNLÎ‚ŒŒËMM‹ŒÌŒMMÍŒ‹LKMMŽLLMLËŽÍLMŽN‚ŒMKŒÌÌÌÎŽLŒLÌŒÌÌÎKLËŽÍÍÍŒKLÌ‹ŽMLMÎNKLM‹NMNLMËLËŽLÍÎMBŒ‹LNKŒÍŒNMLÍLËLÍMÍNÎLËÍŒÌLMM‚ŒËLMÎLÍMMŽLÍËŒNMŽLŽKLËÌŒÍŒMŒŽŒÌÌŽMMÍKMKLÍÎLLËŽNŽMÂŒŽKÌKŽMLÎMÎM‹ML‹ÌLŒŽËLËLMÌMÎBŒÌMNLÌÌÍNMŒKMMËŽLÎKLËŒŒŽLÍÍBŒÌKÍ‹ŽLÎLLÌKMŒKŽNM‹LËŒLLLŒÌ‹NÌLLÍÍMŒŒLŒÌKLËNÍM‚ŒÌË‹ŒMNNÌNŒN™KLMMŽNMŒMLËLËNŽLŒBŒÍLNÌLLÍÍMŒŒLŒÌKLËNÍM‚ŒÍKLÍ‹ŽLÎLLÌKMŒKŽNM‹LËŒLLLŒÍ‹MMNLÌÌÍNMŒKMMËŽLÎKLËŒŒŽLÍÍBŒÍËMÌKŽMLÎMÎM‹ML‹ÌLŒŽËLËLMÌMÎBŒÎNŒÌÌŽMMÍKMKLÍÎLLËŽNŽMÂŒÎKLLMÎLÍMMŽLÍËŒNMŽLŽKLËÌŒÍŒMŒŽLLNKŒÍŒNMLÍLËLÍMÍNÎLËÍŒÌLMM‚ŒŽKLLÌ‹ŽMLMÎNKLM‹NMNLMËLËŽLÍÎMBŒŽ‹LMKŒÌÌÌÎŽLŒLÌŒÌÌÎKLËŽÍÍÍŒŽËLMM‹ŒÌŒMMÍŒ‹LKMMŽLLMLËŽÍLMŽN‚ŒŽLMKŽÍLNLKÍËÍÎLÍÍLËLËŽLNLÎ‚ŒŽKLMÌËŽLÌÍL‹ŒËŒLÌMÌŽMŽLKLËŽLÌNŽMŒŽ‹LMÎKŽLÍÍÌNLÌKËŽÌŒŒLËŽMLÌLŒBŒŽËLNŒÎLÍMŒKÌ‹ŒNÍMÍNLËLËŽMÌŽLNŒŽLNËŒLLNMMŒ‹M‹ŒMŽMŒM‹LËŽMÍŒNM‚ŒŽKLNËŽNMŒLLŒŽKËŒÎŽÌMÍNKLMLËŽMÎLMÂŒŽLLNËŒLLNMMŒ‹LM‹ŒMŽMŒM‹LËŽMÍŒNM‚ŒŽLKLNŒÎLÍMŒKLÌ‹ŒNÍMÍNLËLËŽMÌŽLNŒŽL‹LMÎKŽLÍÍÌNLÌKMËŽÌŒŒLËŽMLÌLŒBŒŽLËLMÌËŽLÌÍL‹MŒËŒLÌMÌŽMŽLKLËŽLÌNŽMŒŽMLMKŽÍLNLKMÍËÍÎLÍÍLËLËŽLNLÎ‚ŒŽMKLMM‹ŒÌŒMMÍŒ‹NLKMMŽLLMLËŽÍLMŽN‚ŒŽM‹LMKŒÌÌÌÎŽLLŒLÌŒÌÌÎKLËŽÍÍÍŒŽMËLLÌ‹ŽMLMÎNKLLM‹NMNLMËLËŽLÍÎMBŒŽNLLNKŒÍŒNMLÍLLËLÍMÍNÎLËÍŒÌLMM‚ŒŽNKLLMÎLÍMMŽLLÍËŒNMŽLŽKLËÌŒÍŒMŒÌNŒÌÌŽMMÍKLMKLÍÎLLËŽNŽMÂŒÌKMÌKŽMLÎMÎM‹LML‹ÌLŒŽËLËLMÌMÎBŒÌ‹MMNLÌÌÍNMŒKLMMËŽLÎKLËŒŒŽLÍÍBŒÌËLÍ‹ŽLÎLLÌKLMŒKŽNM‹LËŒLLLŒÌLNÌLLÍÍLMŒŒLŒÌKLËNÍM‚ŒÌKLËŽMÍŒÌÍMYKLMLMŽNMŒMLËLËNŽLŒBŒÌ‹NÌLLÍÍLMŒŒLŒÌKLËNÍM‚ŒÌËÍ‹ŽLÎLLÌKLMŒKŽNM‹LËŒLLLŒÌMNLÌÌÍNMŒKLMMËŽLÎKLËŒŒŽLÍÍBŒÌKÌKŽMLÎMÎM‹LML‹ÌLŒŽËLËLMÌMÎBŒÌLŒÌÌŽMMÍKLMKLÍÎLLËŽNŽMÂŒÌLKLMÎLÍMMŽLLÍËŒNMŽLŽKLËÌŒÍŒMŒÌL‹LNKŒÍŒNMLÍLLËLÍMÍNÎLËÍŒÌLMM‚ŒÌLËLÌ‹ŽMLMÎNKLLM‹NMNLMËLËŽLÍÎMBŒÌMMKŒÌÌÌÎŽLLŒLÌŒÌÌÎKLËŽÍÍÍŒÌMKMM‹ŒÌŒMMÍŒ‹NLKMMŽLLMLËŽÍLMŽN‚ŒÌM‹MKŽÍLNLKMÍËÍÎLÍÍLËLËŽLNLÎ‚ŒÌMËMÌËŽLÌÍL‹MŒËŒLÌMÌŽMŽLKLËŽLÌNŽMŒÌNMÎKŽLÍÍÌNLÌKMËŽÌŒŒLËŽMLÌLŒBŒÌNKNŒÎLÍMŒKLÌ‹ŒNÍMÍNLËLËŽMÌŽLNŒÌŒNËŒLLNMMŒ‹LM‹ŒMŽMŒM‹LËŽMÍŒNM‚ŒÌŒKNËŽNMŒÍLLŒ‹LKŒMÌŒÍÌLÙKLMLÌ‹ŽMÌÌMÂŒÌŒ‹NËŒLMÎLMKM‹ŒMŽLNLLMKLÌ‹ŽMŽLŒŒMÂŒÌŒËNŒÎMMNÌKÌ‹ŒNLNLMKLÌ‹ŽMMÍŒŒŒ‚ŒÌMÎKŽLLÍÍ‹ËŽŽÌL‹LÌ‹ŽLÎNMÌŒÌKMÌËŽLMÎMŽM‹ŒËŒLŽMŽŽ‹LÌ‹ŽLMŒÌNMÍŒÌ‹MKŽNLLMKÍËÍMMÍÎMŒÎLÌ‹ŽÌÍBŒÌËMM‹ŒÌŒÍŒŒËLKLÌŒLÍÎLËLÌ‹ŽLÌLMÍ‚ŒÌŽMKŒÌÍMÎLÍŽNKLNÌKLÌ‹ŽLÍÌ‚ŒÌŽKLÌ‹ŽMÎL‹LM‹MÌLÌMM‹LÌ‹ÍMŒŽLNŒÌÌLNKŒÎLLKLËLÌÌŽLÌ‹ÌNLLMLÂŒÌÌKLŒLNLÍËŒMÎNÌMNKLÌ‹ÌŒÍÍÌŒÌÌ‹ŒÍNLŽMMMKLŒÍMLŽMKLÌ‹ŒÍŒLŒBŒÌÌËÌKŽMMLLÎNËML‹ÌMŒŽM‹LÌ‹NÌŒ‚ŒÌÍMNÍMÎMMËŽÌMÍÍÍLÌ‹MLÎÂŒÌÍKÍ‹ŽMÌÍ‹MŒKŽNLŽLÌKLÌ‹LÎMŒ‚ŒÌÍ‹NÌÍMKMŒŒLŒNKLÌ‹LLMŒŒŒÂŒÌÍË‹ŒÍÍMŽNYKLMMŽNMNÍMËLÌ‹LLNBŒÌÎLNÌÍMKMŒŒLŒNKLÌ‹LLMŒŒŒÂŒÌÎKLÍ‹ŽMÌÍ‹MŒKŽNLŽLÌKLÌ‹LÎMŒ‚ŒÍMMNÍMÎMMËŽÌMÍÍÍLÌ‹MLÎÂŒÍKMÌKŽMMLLÎNËML‹ÌMŒŽM‹LÌ‹NÌŒ‚ŒÍ‹NŒÍNLŽMMMKLŒÍMLŽMKLÌ‹ŒÍŒLŒBŒÍËLLŒLNLÍËŒMÎNÌMNKLÌ‹ÌŒÍÍÌŒÍLLNKŒÎLLKLËLÌÌŽLÌ‹ÌNLLMLÂŒÍKLLÌ‹ŽMÎL‹LM‹MÌLÌMM‹LÌ‹ÍMŒŽLNŒÍ‹LMKŒÌÍMÎLÍŽNKLNÌKLÌ‹ŽLÍÌ‚ŒÍËLMM‹ŒÌŒÍŒŒËLKLÌŒLÍÎLËLÌ‹ŽLÌLMÍ‚ŒÍLMKŽNLLMKÍËÍMMÍÎMŒÎLÌ‹ŽÌÍBŒÍKLMÌËŽLMÎMŽM‹ŒËŒLŽMŽŽ‹LÌ‹ŽLMŒÌNMÍŒÍLLMÎKŽLLÍÍ‹ËŽŽÌL‹LÌ‹ŽLÎNMÌŒÍLKLNŒÎMMNÌKÌ‹ŒNLNLMKLÌ‹ŽMMÍŒŒŒ‚ŒÍL‹LNËŒLMÎLMKM‹ŒMŽLNLLMKLÌ‹ŽMŽLŒŒMÂŒÍLËLNËŽNMŒÍLLŒ‹ËLLÎNLŒŒÙKLMLÌ‹ŽMÌÌMÂŒÍMLNËŒLMÎLMKLM‹ŒMŽLNLLMKLÌ‹ŽMŽLŒŒMÂŒÍMKLNŒÎMMNÌKLÌ‹ŒNLNLMKLÌ‹ŽMMÍŒŒŒ‚ŒÍM‹LMÎKŽLLÍÍ‹MËŽŽÌL‹LÌ‹ŽLÎNMÌŒÍMËLMÌËŽLMÎMŽM‹MŒËŒLŽMŽŽ‹LÌ‹ŽLMŒÌNMÍŒÍNLMKŽNLLMKMÍËÍMMÍÎMŒÎLÌ‹ŽÌÍBŒÍNKLMM‹ŒÌŒÍŒŒËNLKLÌŒLÍÎLËLÌ‹ŽLÌLMÍ‚ŒÍŒLMKŒÌÍMÎLÍŽNKLLNÌKLÌ‹ŽLÍÌ‚ŒÍŒKLLÌ‹ŽMÎL‹LLM‹MÌLÌMM‹LÌ‹ÍMŒŽLNŒÍŒ‹LLNKŒÎLLKLLËLÌÌŽLÌ‹ÌNLLMLÂŒÍŒËLLŒLNLLÍËŒMÎNÌMNKLÌ‹ÌŒÍÍÌŒÍNŒÍNLŽMMLMKLŒÍMLŽMKLÌ‹ŒÍŒLŒBŒÍKMÌKŽMMLLÎNËLML‹ÌMŒŽM‹LÌ‹NÌŒ‚ŒÍ‹MMNÍMÎLMMËŽÌMÍÍÍLÌ‹MLÎÂŒÍËLÍ‹ŽMÌÍ‹LMŒKŽNLŽLÌKLÌ‹LÎMŒ‚ŒÍŽLNÌÍMKLMŒŒLŒNKLÌ‹LLMŒŒŒÂŒÍŽKLËÌŒLLNMÍÙKLMLMŽNMNÍMËLÌ‹LLNBŒÍÌNÌÍMKLMŒŒLŒNKLÌ‹LLMŒŒŒÂŒÍÌKÍ‹ŽMÌÍ‹LMŒKŽNLŽLÌKLÌ‹LÎMŒ‚ŒÍÌ‹MNÍMÎLMMËŽÌMÍÍÍLÌ‹MLÎÂŒÍÌËÌKŽMMLLÎNËLML‹ÌMŒŽM‹LÌ‹NÌŒ‚ŒÍÍŒÍNLŽMMLMKLŒÍMLŽMKLÌ‹ŒÍŒLŒBŒÍÍKLŒLNLLÍËŒMÎNÌMNKLÌ‹ÌŒÍÍÌŒÍÍ‹LNKŒÎLLKLLËLÌÌŽLÌ‹ÌNLLMLÂŒÍÍËLÌ‹ŽMÎL‹LLM‹MÌLÌMM‹LÌ‹ÍMŒŽLNŒÍÎMKŒÌÍMÎLÍŽNKLLNÌKLÌ‹ŽLÍÌ‚ŒÍÎKMM‹ŒÌŒÍŒŒËNLKLÌŒLÍÎLËLÌ‹ŽLÌLMÍ‚ŒÎMKŽNLLMKMÍËÍMMÍÎMŒÎLÌ‹ŽÌÍBŒÎKMÌËŽLMÎMŽM‹MŒËŒLŽMŽŽ‹LÌ‹ŽLMŒÌNMÍŒÎ‹MÎKŽLLÍÍ‹MËŽŽÌL‹LÌ‹ŽLÎNMÌŒÎËNŒÎMMNÌKLÌ‹ŒNLNLMKLÌ‹ŽMMÍŒŒŒ‚ŒÎNËŒLMÎLMKLM‹ŒMŽLNLLMKLÌ‹ŽMŽLŒŒMÂŒÎKNËŽNMÍÍÍKMËŒŽMŒÍŒ™KLMKMMËŽMÍŒŒBŒÎ‹NËŒLNNMŽMËM‹ŒMŽMÎM‹MMËŽMÌÌŽMM‚ŒÎËNŒÎŒÌŒÌ‹ŒNÎLNMMËŽMNLMŒÂŒÎMÎKŽLMŽLËËŽŽLÎKMMËŽLÎLÎÍBŒÎKMÌËŽLÌLMÍ‹ŒËŒLÌÍÎML‹MMËŽLLMÎLŒÎLMKŽNÍËÍŒŒŒLŒMÎMMËŽÍŒÍÌÌÂŒÎLKMM‹ŒÌMŒÍLL‹LKMŒÌÌÌ‹MMËŽÌÍÌÍ‚ŒÎL‹MKŒÌÎLŒŽMLMLŒÎLMËMMËÎNMŽBŒÎLËLÌ‹ŽMLNŒLËLM‹LÍÌŒËMMËÌÌÌŒÍBŒÎMLNKŒŽÌŽMÌNKLËLŽLÎNNMMËÍŒÌMBŒÎMKLLLÎLMLÍËŒMÍÌÌŒKMMËŒMŽLLLÂŒÎM‹ŒÎNMLNLLËMKLÌMMMNKMMËMŒŒÍŒÎMËÌKŽMŒLMÍLŒ‹ML‹ŽNMÍNLŒËMMËLLŒÌÍŒÎNMNŒÌÍÎŒËMMËŽÌÌÍÎMMMËÌŽL‚ŒÎNKÍ‹ŽŒÌÌŒ‹MŒKŽŒÍŒLMËMMËÎÎŒBNÌNLÎLÌÍÎMŒŒÌNLÌKMMËNMÌÎK‹ŒMMÎNNŽKLMMŽNMMMLÌKMMËLMÎÌB‹LNÌNLÎLÌÍÎMŒŒÌNLÌKMMËNMÌÎËLÍ‹ŽŒÌÌŒ‹MŒKŽŒÍŒLMËMMËÎÎŒBMMNŒÌÍÎŒËMMËŽÌÌÍÎMMMËÌŽL‚KMÌKŽMŒLMÍLŒ‹ML‹ŽNMÍNLŒËMMËLLŒÌÍ‹NŒÎNMLNLLËMKLÌMMMNKMMËMŒŒÍËLLLLÎLMLÍËŒMÍÌÌŒKMMËŒMŽLLLÂLLNKŒŽÌŽMÌNKLËLŽLÎNNMMËÍŒÌMBKLLÌ‹ŽMLNŒLËLM‹LÍÌŒËMMËÌÌÌŒÍBLLMKŒÌÎLŒŽMLMLŒÎLMËMMËÎNMŽBLKLMM‹ŒÌMŒÍLL‹LKMŒÌÌÌ‹MMËŽÌÍÌÍ‚L‹LMKŽNÍËÍŒŒŒLŒMÎMMËŽÍŒÍÌÌÂLËLMÌËŽLÌLMÍ‹ŒËŒLÌÍÎML‹MMËŽLLMÎLMLMÎKŽLMŽLËËŽŽLÎKMMËŽLÎLÎÍBMKLNŒÎŒÌŒÌ‹ŒNÎLNMMËŽMNLMŒÂM‹LNËŒLNNMŽMËM‹ŒMŽMÎM‹MMËŽMÌÌŽMM‚MËLNËŽNMÍÍÍK‹ŽMNMMMKLMMMËŽMÍŒŒBNLNËŒLNNMŽMËLM‹ŒMŽMÎM‹MMËŽMÌÌŽMM‚NKLNŒÎŒÌŒLÌ‹ŒNÎLNMMËŽMNLMŒÂŒLMÎKŽLMŽLËMËŽŽLÎKMMËŽLÎLÎÍBŒKLMÌËŽLÌLMÍ‹MŒËŒLÌÍÎML‹MMËŽLLMÎLŒ‹LMKŽNMÍËÍŒŒŒLŒMÎMMËŽÍŒÍÌÌÂŒËLMM‹ŒÌMŒÍLL‹NLKMŒÌÌÌ‹MMËŽÌÍÌÍ‚LMKŒÌÎLŒŽMLLMLŒÎLMËMMËÎNMŽBKLLÌ‹ŽMLNŒLËLLM‹LÍÌŒËMMËÌÌÌŒÍB‹LLNKŒŽÌŽMÌNKLLËLŽLÎNNMMËÍŒÌMBËLLLLÎLMLLÍËŒMÍÌÌŒKMMËŒMŽLLLÂŽNŒÎNMLNLLËLMKLÌMMMNKMMËMŒŒÍŽKMÌKŽMŒLMÍLŒ‹LML‹ŽNMÍNLŒËMMËLLŒÌÍÌMMNŒÌÍÎŒËLMMËŽÌÌÍÎMMMËÌŽL‚ÌKLÍ‹ŽŒÌÌŒ‹LMŒKŽŒÍŒLMËMMËÎÎŒBÌ‹LNÌNLÎLÌÍÎLMŒŒÌNLÌKMMËNMÌÎÌËLËLLÍMŒLÌKLMLMŽNMMMLÌKMMËLMÎÌBÍNÌNLÎLÌÍÎLMŒŒÌNLÌKMMËNMÌÎÍKÍ‹ŽŒÌÌŒ‹LMŒKŽŒÍŒLMËMMËÎÎŒBÍ‹MNŒÌÍÎŒËLMMËŽÌÌÍÎMMMËÌŽL‚ÍËÌKŽMŒLMÍLŒ‹LML‹ŽNMÍNLŒËMMËLLŒÌÍÎŒÎNMLNLLËLMKLÌMMMNKMMËMŒŒÍÎKLLLÎLMLLÍËŒMÍÌÌŒKMMËŒMŽLLLÂLNKŒŽÌŽMÌNKLLËLŽLÎNNMMËÍŒÌMBKLÌ‹ŽMLNŒLËLLM‹LÍÌŒËMMËÌÌÌŒÍB‹MKŒÌÎLŒŽMLLMLŒÎLMËMMËÎNMŽBËMM‹ŒÌMŒÍLL‹NLKMŒÌÌÌ‹MMËŽÌÍÌÍ‚MKŽNMÍËÍŒŒŒLŒMÎMMËŽÍŒÍÌÌÂKMÌËŽLÌLMÍ‹MŒËŒLÌÍÎML‹MMËŽLLMÎL‹MÎKŽLMŽLËMËŽŽLÎKMMËŽLÎLÎÍBËNŒÎŒÌŒLÌ‹ŒNÎLNMMËŽMNLMŒÂNËŒLNNMŽMËLM‹ŒMŽMÎM‹MMËŽMÌÌŽMM‚KNËŽNMÌLÎLÍKNKŒŒNMŒŽLÍÙKLMKN‹ŽNMŒBLNËŒLŒÍËM‹ŒMŽNNLKN‹ŽNLMÍÍÎBLKNŒÎÌŒM‹Ì‹ŒMÎMÌNMKN‹ŽMÎMLÍMBL‹MÎKŽLÌMŒÌ‹ËŽMLKN‹ŽMMNMÍÂLËMÌËŽMMÍMÎKŒËŒLŒÍÎÍN‹ŽLŒNLÍMMKŽLLÌÍÎÎÍËÍMÍNMÎN‹ŽÎMŒ‚MKMM‹ŒÌÌMKLKÌLÎMÎKN‹ŽŒÍŽNM‹MKŒÍÎNMLŒËLLÌÌKN‹ÍMMÍÂMËLÌ‹ŽMMÌLÎLM‹LÎLÎN‹ŽNÍMŒ‚NLNKŒŽMMNÎKLËLLLËN‹ŒÌÎLŒBNKLÌŒÎKLÍËŒMÌÎLŒ‹N‹MMMÍŒÍ‚ŒLÎLÍÌKMKLMMMËN‹ŽLÌŽŒKÌKŽMMÍKML‹ÎMÍN‹ŽBŒ‹MNLLÌNMMËŽŒLÌÍÍËN‹ŒÍÌMŒMMÂŒËÍ‹ŽÍMÎM‹MŒKŽŒŽŽMÎN‹ŒÌÌMŒÍM‚NÌÌÍÍÌŒ‹MŒŒŽÍLÍN‹ŒÌMÎNKKÎMÌŒŒÌ™KLMMŽNMLÌÍÍŒÍN‹ŒŽNŽMB‹LNÌÌÍÍÌŒ‹MŒŒŽÍLÍN‹ŒÌMÎNËLÍ‹ŽÍMÎM‹MŒKŽŒŽŽMÎN‹ŒÌÌMŒÍM‚ŽMMNLLÌNMMËŽŒLÌÍÍËN‹ŒÍÌMŒMMÂŽKMÌKŽMMÍKML‹ÎMÍN‹ŽBÌNLÎLÍÌKMKLMMMËN‹ŽLÌŽÌKLLÌŒÎKLÍËŒMÌÎLŒ‹N‹MMMÍŒÍ‚Ì‹LLNKŒŽMMNÎKLËLLLËN‹ŒÌÎLŒBÌËLLÌ‹ŽMMÌLÎLM‹LÎLÎN‹ŽNÍMŒ‚ÍLMKŒÍÎNMLŒËLLÌÌKN‹ÍMMÍÂÍKLMM‹ŒÌÌMKLKÌLÎMÎKN‹ŽŒÍŽNÍ‹LMKŽLLÌÍÎÎÍËÍMÍNMÎN‹ŽÎMŒ‚ÍËLMÌËŽMMÍMÎKŒËŒLŒÍÎÍN‹ŽLŒNLÍÎLMÎKŽLÌMŒÌ‹ËŽMLKN‹ŽMMNMÍÂÎKLNŒÎÌŒM‹Ì‹ŒMÎMÌNMKN‹ŽMÎMLÍMBLNËŒLŒÍËM‹ŒMŽNNLKN‹ŽNLMÍÍÎBKLNËŽNMÌLÎLÍK‹ŽLŒLÍÍÎNKLMN‹ŽNMŒB‹LNËŒLŒÍËLM‹ŒMŽNNLKN‹ŽNLMÍÍÎBËLNŒÎÌŒM‹LÌ‹ŒMÎMÌNMKN‹ŽMÎMLÍMBLMÎKŽLÌMŒÌ‹MËŽMLKN‹ŽMMNMÍÂKLMÌËŽMMÍMÎKMŒËŒLŒÍÎÍN‹ŽLŒNLÍ‹LMKŽLLÌÍÎÎMÍËÍMÍNMÎN‹ŽÎMŒ‚ËLMM‹ŒÌÌMKNLKÌLÎMÎKN‹ŽŒÍŽNLMKŒÍÎNMLŒËLLLÌÌKN‹ÍMMÍÂKLLÌ‹ŽMMÌLÎLLM‹LÎLÎN‹ŽNÍMŒ‚LLLNKŒŽMMNÎKLLËLLLËN‹ŒÌÎLŒBLKLLÌŒÎKLLÍËŒMÌÎLŒ‹N‹MMMÍŒÍ‚L‹NLÎLÍÌKLMKLMMMËN‹ŽLÌŽLËMÌKŽMMÍKLML‹ÎMÍN‹ŽBMMMNLLÌNLMMËŽŒLÌÍÍËN‹ŒÍÌMŒMMÂMKLÍ‹ŽÍMÎM‹LMŒKŽŒŽŽMÎN‹ŒÌÌMŒÍM‚M‹LNÌÌÍÍÌŒ‹LMŒŒŽÍLÍN‹ŒÌMÎNMËLËLÍMÍMŒKLMLMŽNMLÌÍÍŒÍN‹ŒŽNŽMBNNÌÌÍÍÌŒ‹LMŒŒŽÍLÍN‹ŒÌMÎNNKÍ‹ŽÍMÎM‹LMŒKŽŒŽŽMÎN‹ŒÌÌMŒÍM‚LMNLLÌNLMMËŽŒLÌÍÍËN‹ŒÍÌMŒMMÂLKÌKŽMMÍKLML‹ÎMÍN‹ŽBL‹LÎLÍÌKLMKLMMMËN‹ŽLÌŽLËLÌŒÎKLLÍËŒMÌÎLŒ‹N‹MMMÍŒÍ‚LLNKŒŽMMNÎKLLËLLLËN‹ŒÌÎLŒBLKLÌ‹ŽMMÌLÎLLM‹LÎLÎN‹ŽNÍMŒ‚L‹MKŒÍÎNMLŒËLLLÌÌKN‹ÍMMÍÂLËMM‹ŒÌÌMKNLKÌLÎMÎKN‹ŽŒÍŽNLMKŽLLÌÍÎÎMÍËÍMÍNMÎN‹ŽÎMŒ‚LKMÌËŽMMÍMÎKMŒËŒLŒÍÎÍN‹ŽLŒNLÍLLMÎKŽLÌMŒÌ‹MËŽMLKN‹ŽMMNMÍÂLLKNŒÎÌŒM‹LÌ‹ŒMÎMÌNMKN‹ŽMÎMLÍMBLL‹NËŒLŒÍËLM‹ŒMŽNNLKN‹ŽNLMÍÍÎBLLËNËŽNMŽNKLKŒLLÍNMNLYKLMŒËÌÎBLMNËŒLŒÍKM‹ŒMLŒÌŽËŒËÌÍLÌÍ‚LMKNŒÎÎMÍKÌ‹ŒMÍLŒNLÍŒËŒËÌNLÍŒÍLBLM‹MÎKŽLLŽMËËŽÍŒLÍÍ‹ŒËŽNLNN‚LMËMÌËŽNŒŒLÍŒËŒLMÌŒNÌKŒËŽMLMÎBLNMKŽMMMÌNMKÍËÍLLŽŒËŽMÎLŒÍÂLNKMM‹ŒÌÍNŒÎMLKŒÎLMŽNKŒËŽÌMÍÌ‚LŒMKŒÍLŽMŒÎLÍÍLÎMKŒËÍMMMÍÎBLŒKLÌ‹ŽMMÌL‹LM‹ŽLLŒKŒËŽMMÌBLŒ‹LNKŒŽMŒÎLLŽNKLËLNMÍÌNŒËMÎÎLÌM‚LŒËLÎÌMKLÍËŒMŽLŒÌËŒËŽMMÍ‚LLÎMÌËMKMÎMÍÌÌMŒËŒÎNLLBLKÌKŽMÌLNMLŽKML‹LÍÍMML‹ŒËŒÌNMBL‹MNMLÌŒÎM‹MMËŽŽNMÌMŒËŒLŒMNNBLËÍ‹ŽLŒLKMŒKŽŒNMŽËŒËŒŒLMLMÂLŽNÍLŒËMŒNNMÌNML‹ŒËŒMŽLŽLŒÌBLŽKKŒÌÌÍLÍŒŽMÙKLMMŽNMLÎMMËŒËŒMNŒŒLÌLNÍLŒËMŒNNMÌNML‹ŒËŒMŽLŽLŒÌBLÌKLÍ‹ŽLŒLKMŒKŽŒNMŽËŒËŒŒLMLMÂLÌ‹MMNMLÌŒÎM‹MMËŽŽNMÌMŒËŒLŒMNNBLÌËMÌKŽMÌLNMLŽKML‹LÍÍMML‹ŒËŒÌNMBLÍNLÎMÌËMKMÎMÍÌÌMŒËŒÎNLLBLÍKLLÎÌMKLÍËŒMŽLŒÌËŒËŽMMÍ‚LÍ‹LLNKŒŽMŒÎLLŽNKLËLNMÍÌNŒËMÎÎLÌM‚LÍËLLÌ‹ŽMMÌL‹LM‹ŽLLŒKŒËŽMMÌBLÎLMKŒÍLŽMŒÎLÍÍLÎMKŒËÍMMMÍÎBLÎKLMM‹ŒÌÍNŒÎMLKŒÎLMŽNKŒËŽÌMÍÌ‚MLMKŽMMMÌNMKÍËÍLLŽŒËŽMÎLŒÍÂMKLMÌËŽNŒŒLÍŒËŒLMÌŒNÌKŒËŽMLMÎBM‹LMÎKŽLLŽMËËŽÍŒLÍÍ‹ŒËŽNLNN‚MËLNŒÎÎMÍKÌ‹ŒMÍLŒNLÍŒËŒËÌNLÍŒÍLBMLNËŒLŒÍKM‹ŒMLŒÌŽËŒËÌÍLÌÍ‚MKLNËŽNMŽNK‹ŽLÍÌLÎ™KLMŒËÌÎBM‹LNËŒLŒÍKLM‹ŒMLŒÌŽËŒËÌÍLÌÍ‚MËLNŒÎÎMÍKLÌ‹ŒMÍLŒNLÍŒËŒËÌNLÍŒÍLBMLMÎKŽLLŽMËMËŽÍŒLÍÍ‹ŒËŽNLNN‚MKLMÌËŽNŒŒLÍMŒËŒLMÌŒNÌKŒËŽMLMÎBMLLMKŽMMMÌNMKMÍËÍLLŽŒËŽMÎLŒÍÂMLKLMM‹ŒÌÍNŒÎMNLKŒÎLMŽNKŒËŽÌMÍÌ‚ML‹LMKŒÍLŽMŒÎLLÍÍLÎMKŒËÍMMMÍÎBMLËLLÌ‹ŽMMÌL‹LLM‹ŽLLŒKŒËŽMMÌBMMLLNKŒŽMŒÎLLŽNKLLËLNMÍÌNŒËMÎÎLÌM‚MMKLLÎÌMKLLÍËŒMŽLŒÌËŒËŽMMÍ‚MM‹NLÎMÌËLMKMÎMÍÌÌMŒËŒÎNLLBMMËMÌKŽMÌLNMLŽKLML‹LÍÍMML‹ŒËŒÌNMBMNMMNMLÌŒÎM‹LMMËŽŽNMÌMŒËŒLŒMNNBMNKLÍ‹ŽLŒLKLMŒKŽŒNMŽËŒËŒŒLMLMÂMŒLNÍLŒËLMŒNNMÌNML‹ŒËŒMŽLŽLŒÌBMŒKLËŽLŒÌNNKLMLMŽNMLÎMMËŒËŒMNŒŒMŒ‹NÍLŒËLMŒNNMÌNML‹ŒËŒMŽLŽLŒÌBMŒËÍ‹ŽLŒLKLMŒKŽŒNMŽËŒËŒŒLMLMÂMMNMLÌŒÎM‹LMMËŽŽNMÌMŒËŒLŒMNNBMKÌKŽMÌLNMLŽKLML‹LÍÍMML‹ŒËŒÌNMBM‹LÎMÌËLMKMÎMÍÌÌMŒËŒÎNLLBMËLÎÌMKLLÍËŒMŽLŒÌËŒËŽMMÍ‚MŽLNKŒŽMŒÎLLŽNKLLËLNMÍÌNŒËMÎÎLÌM‚MŽKLÌ‹ŽMMÌL‹LLM‹ŽLLŒKŒËŽMMÌBMÌMKŒÍLŽMŒÎLLÍÍLÎMKŒËÍMMMÍÎBMÌKMM‹ŒÌÍNŒÎMNLKŒÎLMŽNKŒËŽÌMÍÌ‚MÌ‹MKŽMMMÌNMKMÍËÍLLŽŒËŽMÎLŒÍÂMÌËMÌËŽNŒŒLÍMŒËŒLMÌŒNÌKŒËŽMLMÎBMÍMÎKŽLLŽMËMËŽÍŒLÍÍ‹ŒËŽNLNN‚MÍKNŒÎÎMÍKLÌ‹ŒMÍLŒNLÍŒËŒËÌNLÍŒÍLBMÍ‹NËŒLŒÍKLM‹ŒMLŒÌŽËŒËÌÍLÌÍ‚MÍËNËŽNNMNŒKNKLMLÌMLYKLMKŒÌ‹ÌLLMMÎNËŒMLÌÍ‹M‹ŒMŒŽLŽMŒŽŒÌ‹ÌLNNŒ‚MÎKNŒÎLMŒËÌ‹ŒMÌŒMÍŒÌ‹ÌÌBNMÎKŽLLMÍÎMËŽŽMLŒÍ‹ŒÌ‹ÌMMNKMÌËÌÌÍŒËŒLLŽLÍŒÌ‹ÌMÌÌBN‹MKŽŒLLNLËÍËÍMLÌLËŒÌ‹ŽLÍÎMÌBNËMM‹ŒÍŽLŽŒ‹LKŒŽLMLMKŒÌ‹ŽLŽMBNMKŒÍNMMŽ‹LŒÍLŽLËŒÌ‹ÍLÌŒL‚NKLÌ‹ŽMÌÌŽLÎËLM‹ŒÍNMLÎKŒÌ‹NÍL‚N‹LNKŒÌNMMÌ‹LËLLŽŒŒÌ‹LMMBNËLÎMMËLÍËŒMŒÌÍŒMŒÌ‹ÍÌÌNNŒMÍMMKLÌÎLÌKŒÌ‹ŒŽMLLÂNKÌKŽMÎLLMMMKML‹ŒŒŽMLËŒÌ‹ŒNLŒNLÍNLMŒMÌŒÌÍKMMËŽŒLŽNMÌKŒÌ‹ŒLNÎNMÂNLKÍ‹ŽMŽLLÌMMŒKŽŒLÎNKŒÌ‹ŒŽM‚NL‹NÍÍLŽLMÌKMŒNNLLMŒÌ‹NNNMNMÂNLËKÌÍMMŒÌŒLKLMMŽNMLÎLKŒÌ‹NNMÎÌŒBNMLNÍÍLŽLMÌKMŒNNLLMŒÌ‹NNNMNMÂNMKLÍ‹ŽMŽLLÌMMŒKŽŒLÎNKŒÌ‹ŒŽM‚NM‹MMŒMÌŒÌÍKMMËŽŒLŽNMÌKŒÌ‹ŒLNÎNMÂNMËMÌKŽMÎLLMMMKML‹ŒŒŽMLËŒÌ‹ŒNLŒNLÍNNNŒMÍMMKLÌÎLÌKŒÌ‹ŒŽMLLÂNNKLLÎMMËLÍËŒMŒÌÍŒMŒÌ‹ÍÌÌNŒLLNKŒÌNMMÌ‹LËLLŽŒŒÌ‹LMMBŒKLLÌ‹ŽMÌÌŽLÎËLM‹ŒÍNMLÎKŒÌ‹NÍL‚Œ‹LMKŒÍNMMŽ‹LŒÍLŽLËŒÌ‹ÍLÌŒL‚ŒËLMM‹ŒÍŽLŽŒ‹LKŒŽLMLMKŒÌ‹ŽLŽMBŒLMKŽŒLLNLËÍËÍMLÌLËŒÌ‹ŽLÍÎMÌBŒKLMÌËÌÌÍŒËŒLLŽLÍŒÌ‹ÌMÌÌBŒ‹LMÎKŽLLMÍÎMËŽŽMLŒÍ‹ŒÌ‹ÌMMŒËLNŒÎLMŒËÌ‹ŒMÌŒMÍŒÌ‹ÌÌBŒLNËŒMLÌÍ‹M‹ŒMŒŽLŽMŒŽŒÌ‹ÌLNNŒ‚ŒKLNËŽNNMNŒKËŒLÌÌLMMÌNYKLMŒÌ‹ÌLLMŒLLNËŒMLÌÍ‹LM‹ŒMŒŽLŽMŒŽŒÌ‹ÌLNNŒ‚ŒLKLNŒÎLMŒËLÌ‹ŒMÌŒMÍŒÌ‹ÌÌBŒL‹LMÎKŽLLMÍÎMMËŽŽMLŒÍ‹ŒÌ‹ÌMMŒLËLMÌËÌÌÍMŒËŒLLŽLÍŒÌ‹ÌMÌÌBŒMLMKŽŒLLNLËMÍËÍMLÌLËŒÌ‹ŽLÍÎMÌBŒMKLMM‹ŒÍŽLŽŒ‹NLKŒŽLMLMKŒÌ‹ŽLŽMBŒM‹LMKŒÍNMMŽ‹LLŒÍLŽLËŒÌ‹ÍLÌŒL‚ŒMËLLÌ‹ŽMÌÌŽLÎËLLM‹ŒÍNMLÎKŒÌ‹NÍL‚ŒNLLNKŒÌNMMÌ‹LLËLLŽŒŒÌ‹LMMBŒNKLLÎMMËLLÍËŒMŒÌÍŒMŒÌ‹ÍÌÌNŒŒNŒMÍMLMKLÌÎLÌKŒÌ‹ŒŽMLLÂŒŒKMÌKŽMÎLLMMMKLML‹ŒŒŽMLËŒÌ‹ŒNLŒNLÍŒŒ‹MMŒMÌŒÌÍKLMMËŽŒLŽNMÌKŒÌ‹ŒLNÎNMÂŒŒËLÍ‹ŽMŽLLÌMLMŒKŽŒLÎNKŒÌ‹ŒŽM‚ŒLNÍÍLŽLMÌKLMŒNNLLMŒÌ‹NNNMNMÂŒKLËMN™KLMLMŽNMLÎLKŒÌ‹NNMÎÌŒBŒ‹NÍÍLŽLMÌKLMŒNNLLMŒÌ‹NNNMNMÂŒËÍ‹ŽMŽLLÌMLMŒKŽŒLÎNKŒÌ‹ŒŽM‚ŒŽMŒMÌŒÌÍKLMMËŽŒLŽNMÌKŒÌ‹ŒLNÎNMÂŒŽKÌKŽMÎLLMMMKLML‹ŒŒŽMLËŒÌ‹ŒNLŒNLÍŒÌŒMÍMLMKLÌÎLÌKŒÌ‹ŒŽMLLÂŒÌKLÎMMËLLÍËŒMŒÌÍŒMŒÌ‹ÍÌÌNŒÌ‹LNKŒÌNMMÌ‹LLËLLŽŒŒÌ‹LMMBŒÌËLÌ‹ŽMÌÌŽLÎËLLM‹ŒÍNMLÎKŒÌ‹NÍL‚ŒÍMKŒÍNMMŽ‹LLŒÍLŽLËŒÌ‹ÍLÌŒL‚ŒÍKMM‹ŒÍŽLŽŒ‹NLKŒŽLMLMKŒÌ‹ŽLŽMBŒÍ‹MKŽŒLLNLËMÍËÍMLÌLËŒÌ‹ŽLÍÎMÌBŒÍËMÌËÌÌÍMŒËŒLLŽLÍŒÌ‹ÌMÌÌBŒÎMÎKŽLLMÍÎMMËŽŽMLŒÍ‹ŒÌ‹ÌMMŒÎKNŒÎLMŒËLÌ‹ŒMÌŒMÍŒÌ‹ÌÌBNËŒMLÌÍ‹LM‹ŒMŒŽLŽMŒŽŒÌ‹ÌLNNŒ‚KNŒMMLŒN‹LKŒŒŒNÎŽMKLMMËÌŒŒŽŒ‚‹NËŒLMŒMLŒËM‹ŒMŒŽLŽLËMËÌŒLÌÎ‚ËNMMÍKÌ‹ŒMMNM‹MËÌNLMLŒÎBMÎKŽLNMÌLL‹ËŽŒMÍNMKMËÌMLMÍKMÌËÌNLM‹ŒËŒNÍŒM‹MËÌLŽMLÌB‹MKŽŽMÍKÍËÌÌŒLM‹MËÌMÌÌÂËMM‹ŒÍLŒŒ‹LKŒMÌMÌÍŽMÌËMËŽLŒÌŽNMKŒÍŽLMŒNKLŒŒÍŽMMÎL‹MËÍŒMMMKLÌ‹ŽNLŒÎLM‹ŒLMMŽLËMËŒNML‚LLNKŒÌNŽL‹LËLÍŽN‹MËŽLMÍLÂLKLNNM‹LÍËŒMMNLÌMMÍMËŒÌMÍÌL‹ÌLÍÍËMKÍMMÎMËŒMŽŒÍL‚LËÌKŽNNÎMML‹MÎMLÍMNMËŒÍNŽBMMŒMŒÍÎNËMMËŽÎMÌËMËNLMMŒÂMKÍ‹ÌMŽMËMŒKŽNMŒŒMKMËNMMÍ‚M‹NÎMLLŽKMŒNNLÎMŽMËMËMÎLŒŽLÍBMËKŽŽLMŒŒÌÌÍ™KLMMŽNLÍÎMMËMÍÌMNLÂNLNÎMLLŽKMŒNNLÎMŽMËMËMÎLŒŽLÍBNKLÍ‹ÌMŽMËMŒKŽNMŒŒMKMËNMMÍ‚ŒMMŒMŒÍÎNËMMËŽÎMÌËMËNLMMŒÂŒKMÌKŽNNÎMML‹MÎMLÍMNMËŒÍNŽBŒ‹NÌLÍÍËMKÍMMÎMËŒMŽŒÍL‚ŒËLLNNM‹LÍËŒMMNLÌMMÍMËŒÌMÍÌLLNKŒÌNŽL‹LËLÍŽN‹MËŽLMÍLÂKLLÌ‹ŽNLŒÎLM‹ŒLMMŽLËMËŒNML‚‹LMKŒÍŽLMŒNKLŒŒÍŽMMÎL‹MËÍŒMMMËLMM‹ŒÍLŒŒ‹LKŒMÌMÌÍŽMÌËMËŽLŒÌŽNŽLMKŽŽMÍKÍËÌÌŒLM‹MËÌMÌÌÂŽKLMÌËÌNLM‹ŒËŒNÍŒM‹MËÌLŽMLÌBÌLMÎKŽLNMÌLL‹ËŽŒMÍNMKMËÌMLMÍÌKLNMMÍKÌ‹ŒMMNM‹MËÌNLMLŒÎBÌ‹LNËŒLMŒMLŒËM‹ŒMŒŽLŽLËMËÌŒLÌÎ‚ÌËLNŒMMLŒN‹‹ŽÎNŒŒÍYKLMMËÌŒŒŽŒ‚ÍLNËŒLMŒMLŒËLM‹ŒMŒŽLŽLËMËÌŒLÌÎ‚ÍKLNMMÍKLÌ‹ŒMMNM‹MËÌNLMLŒÎBÍ‹LMÎKŽLNMÌLL‹MËŽŒMÍNMKMËÌMLMÍÍËLMÌËÌNLM‹MŒËŒNÍŒM‹MËÌLŽMLÌBÎLMKŽŽMÍKMÍËÌÌŒLM‹MËÌMÌÌÂÎKLMM‹ŒÍLŒŒ‹NLKŒMÌMÌÍŽMÌËMËŽLŒÌŽNŽLMKŒÍŽLMŒNKLLŒŒÍŽMMÎL‹MËÍŒMMMŽKLLÌ‹ŽNLŒÎLLM‹ŒLMMŽLËMËŒNML‚Ž‹LLNKŒÌNŽL‹LLËLÍŽN‹MËŽLMÍLÂŽËLLNNM‹LLÍËŒMMNLÌMMÍMËŒÌMÍÌŽNÌLÍÍËLMKÍMMÎMËŒMŽŒÍL‚ŽKMÌKŽNNÎMLML‹MÎMLÍMNMËŒÍNŽBŽ‹MMŒMŒÍÎNËLMMËŽÎMÌËMËNLMMŒÂŽËLÍ‹ÌMŽMËLMŒKŽNMŒŒMKMËNMMÍ‚ŽLNÎMLLŽKLMŒNNLÎMŽMËMËMÎLŒŽLÍBŽKLËŒŒÍÎÍM™KLMLMŽNLÍÎMMËMÍÌMNLÂŽLNÎMLLŽKLMŒNNLÎMŽMËMËMÎLŒŽLÍBŽLKÍ‹ÌMŽMËLMŒKŽNMŒŒMKMËNMMÍ‚ŽL‹MŒMŒÍÎNËLMMËŽÎMÌËMËNLMMŒÂŽLËÌKŽNNÎMLML‹MÎMLÍMNMËŒÍNŽBŽMÌLÍÍËLMKÍMMÎMËŒMŽŒÍL‚ŽMKLNNM‹LLÍËŒMMNLÌMMÍMËŒÌMÍÌŽM‹LNKŒÌNŽL‹LLËLÍŽN‹MËŽLMÍLÂŽMËLÌ‹ŽNLŒÎLLM‹ŒLMMŽLËMËŒNML‚ŽNMKŒÍŽLMŒNKLLŒŒÍŽMMÎL‹MËÍŒMMMŽNKMM‹ŒÍLŒŒ‹NLKŒMÌMÌÍŽMÌËMËŽLŒÌŽNÌMKŽŽMÍKMÍËÌÌŒLM‹MËÌMÌÌÂÌKMÌËÌNLM‹MŒËŒNÍŒM‹MËÌLŽMLÌBÌ‹MÎKŽLNMÌLL‹MËŽŒMÍNMKMËÌMLMÍÌËNMMÍKLÌ‹ŒMMNM‹MËÌNLMLŒÎBÌNËŒLMŒMLŒËLM‹ŒMŒŽLŽLËMËÌŒLÌÎ‚ÌKNŒLÌÌŽËLKÌLNMYKLMŽ‹ÌÍÎŒŒŒBÌ‹NËŒMMŒÍËM‹ŒMNÎMÎLKŽ‹ÌÍŽLÍÍLBÌËNÌÌŒŒ‹Ì‹ŒMŒLLLLLËŽ‹ÌÍŽÌMÎKŽLÎMÌMKËŽLÌLÍM‹Ž‹ÌŽÍŽMÌBÌKMÌËÌŒMŒÍÌŽKŒËŒNMÌKŽ‹ÌŒÌMMŒÍBÌLMKŽÎLÍÍËÌMLÎLMMMLËŽ‹ÌMLMŒÍÌÂÌLKMM‹ŒÍŒÍLÌMËLKŒMNKŽ‹ŽMLŒÌBÌL‹MKŒÎKLŒLŒŒŽ‹ÎŽLÌŒ‚ÌLËLÌ‹ŽNNMLÎÍKLM‹ŒLMLÌÍŒ‹Ž‹NMMÍLŽÌMLNKŒÌÌÌŽNNMKLËLLÌÌ‹Ž‹ŒÎNLMLÌBÌMKLLMLMÎML‹LÍËŒMŽÎËŽ‹ŒŒŒŽ‚ÌM‹ŽŒÍŒMÎMÍMKŒŽMËŽ‹ŒMLŒÎBÌMËÌ‹ŒMÎLÌŒŒKML‹LŽLÎÎŽ‹NÂÌNMŒNLÌŒŒLÌ‹MMËŽÍŒMÎKŽ‹MÌŒÍÍMLÂÌNKÍ‹ÌLŒLÍKMŒKŽMÌNLŒËŽ‹MNMLNBÌŒNÎMMMËMŒNMÌMÍ‹Ž‹MLÎLŒ‚ÌŒKKŽMŽLÌKLMMŽNLÌÍŒÌLËŽ‹MLLMÍBÌŒ‹LNÎMMMËMŒNMÌMÍ‹Ž‹MLÎLŒ‚ÌŒËLÍ‹ÌLŒLÍKMŒKŽMÌNLŒËŽ‹MNMLNBÌMMŒNLÌŒŒLÌ‹MMËŽÍŒMÎKŽ‹MÌŒÍÍMLÂÌKMÌ‹ŒMÎLÌŒŒKML‹LŽLÎÎŽ‹NÂÌ‹NŽŒÍŒMÎMÍMKŒŽMËŽ‹ŒMLŒÎBÌËLLLMLMÎML‹LÍËŒMŽÎËŽ‹ŒŒŒŽ‚ÌŽLLNKŒÌÌÌŽNNMKLËLLÌÌ‹Ž‹ŒÎNLMLÌBÌŽKLLÌ‹ŽNNMLÎÍKLM‹ŒLMLÌÍŒ‹Ž‹NMMÍLŽÌÌLMKŒÎKLŒLŒŒŽ‹ÎŽLÌŒ‚ÌÌKLMM‹ŒÍŒÍLÌMËLKŒMNKŽ‹ŽMLŒÌBÌÌ‹LMKŽÎLÍÍËÌMLÎLMMMLËŽ‹ÌMLMŒÍÌÂÌÌËLMÌËÌŒMŒÍÌŽKŒËŒNMÌKŽ‹ÌŒÌMMŒÍBÌÍLMÎKŽLÎMÌMKËŽLÌLÍM‹Ž‹ÌŽÍŽMÌBÌÍKLNÌÌŒŒ‹Ì‹ŒMŒLLLLLËŽ‹ÌÍŽÌÍ‹LNËŒMMŒÍËM‹ŒMNÎMÎLKŽ‹ÌÍŽLÍÍLBÌÍËLNŒLÌÌŽË‹NMŽNMYKLMŽ‹ÌÍÎŒŒŒBÌÎLNËŒMMŒÍËLM‹ŒMNÎMÎLKŽ‹ÌÍŽLÍÍLBÌÎKLNÌÌŒŒ‹LÌ‹ŒMŒLLLLLËŽ‹ÌÍŽÍLMÎKŽLÎMÌMKMËŽLÌLÍM‹Ž‹ÌŽÍŽMÌBÍKLMÌËÌŒMŒÍÌŽKMŒËŒNMÌKŽ‹ÌŒÌMMŒÍBÍ‹LMKŽÎLÍMÍËÌMLÎLMMMLËŽ‹ÌMLMŒÍÌÂÍËLMM‹ŒÍŒÍLÌMËNLKŒMNKŽ‹ŽMLŒÌBÍLMKŒÎKLLŒLŒŒŽ‹ÎŽLÌŒ‚ÍKLLÌ‹ŽNNMLÎÍKLLM‹ŒLMLÌÍŒ‹Ž‹NMMÍLŽÍ‹LLNKŒÌÌÌŽNNMKLLËLLÌÌ‹Ž‹ŒÎNLMLÌBÍËLLLMLMÎML‹LLÍËŒMŽÎËŽ‹ŒŒŒŽ‚ÍNŽŒÍŒMÎMÍLMKŒŽMËŽ‹ŒMLŒÎBÍKMÌ‹ŒMÎLÌŒŒKLML‹LŽLÎÎŽ‹NÂÍLMMŒNLÌŒŒLÌ‹LMMËŽÍŒMÎKŽ‹MÌŒÍÍMLÂÍLKLÍ‹ÌLŒLÍKLMŒKŽMÌNLŒËŽ‹MNMLNBÍL‹LNÎMMMËLMŒNMÌMÍ‹Ž‹MLÎLŒ‚ÍLËLËŒMÎÌÎNÌ™KLMLMŽNLÌÍŒÌLËŽ‹MLLMÍBÍMNÎMMMËLMŒNMÌMÍ‹Ž‹MLÎLŒ‚ÍMKÍ‹ÌLŒLÍKLMŒKŽMÌNLŒËŽ‹MNMLNBÍM‹MŒNLÌŒŒLÌ‹LMMËŽÍŒMÎKŽ‹MÌŒÍÍMLÂÍMËÌ‹ŒMÎLÌŒŒKLML‹LŽLÎÎŽ‹NÂÍNŽŒÍŒMÎMÍLMKŒŽMËŽ‹ŒMLŒÎBÍNKLLMLMÎML‹LLÍËŒMŽÎËŽ‹ŒŒŒŽ‚ÍŒLNKŒÌÌÌŽNNMKLLËLLÌÌ‹Ž‹ŒÎNLMLÌBÍŒKLÌ‹ŽNNMLÎÍKLLM‹ŒLMLÌÍŒ‹Ž‹NMMÍLŽÍŒ‹MKŒÎKLLŒLŒŒŽ‹ÎŽLÌŒ‚ÍŒËMM‹ŒÍŒÍLÌMËNLKŒMNKŽ‹ŽMLŒÌBÍMKŽÎLÍMÍËÌMLÎLMMMLËŽ‹ÌMLMŒÍÌÂÍKMÌËÌŒMŒÍÌŽKMŒËŒNMÌKŽ‹ÌŒÌMMŒÍBÍ‹MÎKŽLÎMÌMKMËŽLÌLÍM‹Ž‹ÌŽÍŽMÌBÍËNÌÌŒŒ‹LÌ‹ŒMŒLLLLLËŽ‹ÌÍŽÍŽNËŒMMŒÍËLM‹ŒMNÎMÎLKŽ‹ÌÍŽLÍÍLBÍŽKNŒMMŒMŒËLKŒŽLMNMMLKLMÌËÍNNNMMŒÎÍÌNËŒNNMMÌMËM‹ŒMMÌNLNN‹ÌËÍNŽÍNBÍÌKNMŒŒ‹Ì‹ŒMMŽLL‹ÌËÍMŒÌ‚ÍÌ‹MÎKŽMÍŒÍLM‹ËŽNMNMŒËÌËÍÍÍÍMBÍÌËMÌËÍŒÎLŒKŒËŒÌŒŒÍMLM‹ÌËÌÍÍÍMKŽMÌÍŒÌKÍËŽMÍLÎ‹ÌËÌŒNMÌÌÂÍÍKMM‹ŒÍÍÎNLŒMKLKNŒMLMNKÌËÌÌÍMŽÍÍ‹MKŒÎNŽÍ‹LNLNŽM‹ÌËŽMŒLÍÍÍËLÌËŒMŽLNMŒ‹LM‹NMMMŒÍKÌËMÌNLÌŒŒÂÍÎLNKŒÍLLLMLËÎLÎÎÌËŒÌNŒÍÍ‚ÍÎKLLÌŒMÌNKLÍËŒLÍNL‹ÌËŒLÍÍÂÎÌÌÌLŽMKMKÌŒŒÍNL‹ÌËNŒLŒ‚ÎKÌ‹ŒMLŽMNNKML‹ŽMŽNÌËMŒÍMŒŽBÎ‹MŒÌÍMÍŒËMMËŽÌŒÌLL‹ÌËMŒŒ‚ÎËÍ‹ÌMÌŒMLÍŒËMŒKŽMMŒMËÌËLŽNMÌÍ‚ÎNÎNNNM‹MŒNMNÍÌL‹ÌËLŒÍÌŽLBÎKKŒÎÌÍLŒYKLMMŽNLŒMŽNÌËLMÍÎMÌÂÎ‹LNÎNNNM‹MŒNMNÍÌL‹ÌËLŒÍÌŽLBÎËLÍ‹ÌMÌŒMLÍŒËMŒKŽMMŒMËÌËLŽNMÌÍ‚ÎMMŒÌÍMÍŒËMMËŽÌŒÌLL‹ÌËMŒŒ‚ÎKMÌ‹ŒMLŽMNNKML‹ŽMŽNÌËMŒÍMŒŽBÎLNÌÌÌLŽMKMKÌŒŒÍNL‹ÌËNŒLŒ‚ÎLKLLLÌŒMÌNKLÍËŒLÍNL‹ÌËŒLÍÍÂÎL‹LLNKŒÍLLLMLËÎLÎÎÌËŒÌNŒÍÍ‚ÎLËLLÌËŒMŽLNMŒ‹LM‹NMMMŒÍKÌËMÌNLÌŒŒÂÎMLMKŒÎNŽÍ‹LNLNŽM‹ÌËŽMŒLÍÎMKLMM‹ŒÍÍÎNLŒMKLKNŒMLMNKÌËÌÌÍMŽÎM‹LMKŽMÌÍŒÌKÍËŽMÍLÎ‹ÌËÌŒNMÌÌÂÎMËLMÌËÍŒÎLŒKŒËŒÌŒŒÍMLM‹ÌËÌÍÎNLMÎKŽMÍŒÍLM‹ËŽNMNMŒËÌËÍÍÍÍMBÎNKLNMŒŒ‹Ì‹ŒMMŽLL‹ÌËÍMŒÌ‚ŽLNËŒNNMMÌMËM‹ŒMMÌNLNN‹ÌËÍNŽÍNBŽKLNŒMMŒMŒË‹ŒŽNŒNLŒ™KLMÌËÍNNNMMŒÎŽ‹LNËŒNNMMÌMËLM‹ŒMMÌNLNN‹ÌËÍNŽÍNBŽËLNMŒŒ‹LÌ‹ŒMMŽLL‹ÌËÍMŒÌ‚ŽLMÎKŽMÍŒÍLM‹MËŽNMNMŒËÌËÍÍÍÍMBŽKLMÌËÍŒÎLŒKMŒËŒÌŒŒÍMLM‹ÌËÌÍŽ‹LMKŽMÌÍŒÌKMÍËŽMÍLÎ‹ÌËÌŒNMÌÌÂŽËLMM‹ŒÍÍÎNLŒMKNLKNŒMLMNKÌËÌÌÍMŽŽLMKŒÎNŽÍ‹LLNLNŽM‹ÌËŽMŒLÍŽKLLÌËŒMŽLNMŒ‹LLM‹NMMMŒÍKÌËMÌNLÌŒŒÂŽLLLNKŒÍLLLMLLËÎLÎÎÌËŒÌNŒÍÍ‚ŽLKLLLÌŒMÌNKLLÍËŒLÍNL‹ÌËŒLÍÍÂŽL‹NÌÌÌLŽMKLMKÌŒŒÍNL‹ÌËNŒLŒ‚ŽLËMÌ‹ŒMLŽMNNKLML‹ŽMŽNÌËMŒÍMŒŽBŽMMMŒÌÍMÍŒËLMMËŽÌŒÌLL‹ÌËMŒŒ‚ŽMKLÍ‹ÌMÌŒMLÍŒËLMŒKŽMMŒMËÌËLŽNMÌÍ‚ŽM‹LNÎNNNM‹LMŒNMNÍÌL‹ÌËLŒÍÌŽLBŽMËLËŒŒLÌMMYKLMLMŽNLŒMŽNÌËLMÍÎMÌÂŽNNÎNNNM‹LMŒNMNÍÌL‹ÌËLŒÍÌŽLBŽNKÍ‹ÌMÌŒMLÍŒËLMŒKŽMMŒMËÌËLŽNMÌÍ‚ŽŒMŒÌÍMÍŒËLMMËŽÌŒÌLL‹ÌËMŒŒ‚ŽŒKÌ‹ŒMLŽMNNKLML‹ŽMŽNÌËMŒÍMŒŽBŽŒ‹ÌÌÌLŽMKLMKÌŒŒÍNL‹ÌËNŒLŒ‚ŽŒËLLÌŒMÌNKLLÍËŒLÍNL‹ÌËŒLÍÍÂŽLNKŒÍLLLMLLËÎLÎÎÌËŒÌNŒÍÍ‚ŽKLÌËŒMŽLNMŒ‹LLM‹NMMMŒÍKÌËMÌNLÌŒŒÂŽ‹MKŒÎNŽÍ‹LLNLNŽM‹ÌËŽMŒLÍŽËMM‹ŒÍÍÎNLŒMKNLKNŒMLMNKÌËÌÌÍMŽŽŽMKŽMÌÍŒÌKMÍËŽMÍLÎ‹ÌËÌŒNMÌÌÂŽŽKMÌËÍŒÎLŒKMŒËŒÌŒŒÍMLM‹ÌËÌÍŽÌMÎKŽMÍŒÍLM‹MËŽNMNMŒËÌËÍÍÍÍMBŽÌKNMŒŒ‹LÌ‹ŒMMŽLL‹ÌËÍMŒÌ‚ŽÌ‹NËŒNNMMÌMËLM‹ŒMMÌNLNN‹ÌËÍNŽÍNBŽÌËNŒMMLŒLKMŒMŒMMÌKLMKÌÌ‹ÎNNNŽÍNËŒMÎNLËM‹ŒMMLÌŒÎËÌÌ‹ÎMMŽÍKNLLÍÍNL‹Ì‹ŒMLŒLNÌÌ‹ÎŒŒMM‚ŽÍ‹NŒMÎËËŽÍMŒMMÍËÌÌ‹ÍÌŒŽMLŽÍËMÌËÍÌŒ‹ŒËŒMÍNËÌÌ‹ÍMÍÌMBŽÎMKŽÍLŒÍËÍÍÌMÌŽNÌÌ‹ÌÎŒŽLBŽÎKMM‹ŒÎMŒMÌŒËLKMNNŽLKÌÌ‹ÌLÎNÌŽMKMÍÎNÎLMŽLÍŒMŽÌÌ‹ŽMMÍŽKLÌËŒÍÌÍÎMLM‹MÍMŒÌKÌÌ‹MLLÂŽ‹LNKŒÍÌŒLŒŒNKLËŒÌNLMKÌÌ‹ŒŒŒÍÎL‚ŽËLMLÌLÌM‹LÍËŒLŒÌÌŽL‹ÌÌ‹NMÌÎ‚ŽÌŒMÎLŽLÍKMKŒÍKÌÌ‹MNLLLÌŽBŽKÌ‹ŒÌNÍÍNKML‹ÌLŽKÌÌ‹LÌMŽŽ‹MŒMLKMMËŽÎŒÌKÌÌ‹LNMÍBŽËÍ‹ÌLLÍMŒKŽLŒŒÍŽNËÌÌ‹LLNLL‚ŽNLÍMÍML‹MŒNMLMÌÌ‹ÌÎŽKKŒŒNLÍLŒŒ™KLMMŽNLLNMMËÌÌ‹ÍMŽLLNLÍMÍML‹MŒNMLMÌÌ‹ÌÎŽLKLÍ‹ÌLLÍMŒKŽLŒŒÍŽNËÌÌ‹LLNLL‚ŽL‹MMŒMLKMMËŽÎŒÌKÌÌ‹LNMÍBŽLËMÌ‹ŒÌNÍÍNKML‹ÌLŽKÌÌ‹LÌMŽŽMNÌŒMÎLŽLÍKMKŒÍKÌÌ‹MNLLLÌŽBŽMKLLMLÌLÌM‹LÍËŒLŒÌÌŽL‹ÌÌ‹NMÌÎ‚ŽM‹LLNKŒÍÌŒLŒŒNKLËŒÌNLMKÌÌ‹ŒŒŒÍÎL‚ŽMËLLÌËŒÍÌÍÎMLM‹MÍMŒÌKÌÌ‹MLLÂŽNLMKMÍÎNÎLMŽLÍŒMŽÌÌ‹ŽMMÍŽNKLMM‹ŒÎMŒMÌŒËLKMNNŽLKÌÌ‹ÌLÎNÌŽŒLMKŽÍLŒÍËÍÍÌMÌŽNÌÌ‹ÌÎŒŽLBŽŒKLMÌËÍÌŒ‹ŒËŒMÍNËÌÌ‹ÍMÍÌMBŽŒ‹LNŒMÎËËŽÍMŒMMÍËÌÌ‹ÍÌŒŽMLŽŒËLNLLÍÍNL‹Ì‹ŒMLŒLNÌÌ‹ÎŒŒMM‚ŽLNËŒMÎNLËM‹ŒMMLÌŒÎËÌÌ‹ÎMMŽKLNŒMMLŒLK‹ŒÌŒLLLŒKLMÌÌ‹ÎNNNŽ‹LNËŒMÎNLËLM‹ŒMMLÌŒÎËÌÌ‹ÎMMŽËLNLLÍÍNL‹LÌ‹ŒMLŒLNÌÌ‹ÎŒŒMM‚ŽŽLNŒMÎËMËŽÍMŒMMÍËÌÌ‹ÍÌŒŽMLŽŽKLMÌËÍÌŒ‹MŒËŒMÍNËÌÌ‹ÍMÍÌMBŽÌLMKŽÍLŒMÍËÍÍÌMÌŽNÌÌ‹ÌÎŒŽLBŽÌKLMM‹ŒÎMŒMÌŒËNLKMNNŽLKÌÌ‹ÌLÎNÌŽÌ‹LMKMÍÎNÎLLMŽLÍŒMŽÌÌ‹ŽMMÍŽÌËLLÌËŒÍÌÍÎMLLM‹MÍMŒÌKÌÌ‹MLLÂŽÍLLNKŒÍÌŒLŒŒNKLLËŒÌNLMKÌÌ‹ŒŒŒÍÎL‚ŽÍKLLMLÌLÌM‹LLÍËŒLŒÌÌŽL‹ÌÌ‹NMÌÎ‚ŽÍ‹NÌŒMÎLŽLÍKLMKŒÍKÌÌ‹MNLLLÌŽBŽÍËMÌ‹ŒÌNÍÍNKLML‹ÌLŽKÌÌ‹LÌMŽŽÎMMŒMLKLMMËŽÎŒÌKÌÌ‹LNMÍBŽÎKLÍ‹ÌLLÍLMŒKŽLŒŒÍŽNËÌÌ‹LLNLL‚ŽLNLÍMÍML‹LMŒNMLMÌÌ‹ÌÎŽKLËŒLÎÍŽLŽÙKLMLMŽNLLNMMËÌÌ‹ÍMŽ‹NLÍMÍML‹LMŒNMLMÌÌ‹ÌÎŽËÍ‹ÌLLÍLMŒKŽLŒŒÍŽNËÌÌ‹LLNLL‚ŽMŒMLKLMMËŽÎŒÌKÌÌ‹LNMÍBŽKÌ‹ŒÌNÍÍNKLML‹ÌLŽKÌÌ‹LÌMŽŽ‹ÌŒMÎLŽLÍKLMKŒÍKÌÌ‹MNLLLÌŽBŽËLMLÌLÌM‹LLÍËŒLŒÌÌŽL‹ÌÌ‹NMÌÎ‚ŽLNKŒÍÌŒLŒŒNKLLËŒÌNLMKÌÌ‹ŒŒŒÍÎL‚ŽKLÌËŒÍÌÍÎMLLM‹MÍMŒÌKÌÌ‹MLLÂŽLMKMÍÎNÎLLMŽLÍŒMŽÌÌ‹ŽMMÍŽLKMM‹ŒÎMŒMÌŒËNLKMNNŽLKÌÌ‹ÌLÎNÌŽL‹MKŽÍLŒMÍËÍÍÌMÌŽNÌÌ‹ÌÎŒŽLBŽLËMÌËÍÌŒ‹MŒËŒMÍNËÌÌ‹ÍMÍÌMBŽMNŒMÎËMËŽÍMŒMMÍËÌÌ‹ÍÌŒŽMLŽMKNLLÍÍNL‹LÌ‹ŒMLŒLNÌÌ‹ÎŒŒMM‚ŽM‹NËŒMÎNLËLM‹ŒMMLÌŒÎËÌÌ‹ÎMMŽMËNŒŒNŒÍÌMÎMMLLÍÌYKLMKÍMËŽŽLNNNŽBŽNNËŒÌÌÌMÌMKM‹ŒMLÌÌŽKÍMËŽLÎLBŽNKNMÍLMNMËÌ‹ŒMŽÌÌNL‹ÍMËŽNLŽLNŒLÎMLÌ‹ËŽMLŒŒÌŒNKÍMËŽÌÎŒÂŽLKMÌËŽÌLŒMËŒËŒNÍLÎÍMËÎLÌMŒBŽL‹MKŽLLÎMËÍËMŽLÌÌËÍMËÍNLLÌÍL‚ŽLËMM‹MÍLÌŽLËLKLÍLŽMŒÎÍMËÌÍNML‚ŽLMKÎLÍŒKLMLMŒMKÍMËŽLLMÍNMÂŽLKLÌËŒŒLÍŒÍKLM‹MMLMÍMÍMËLLÍŒ‚ŽL‹LNKŒÎMNNÍËLËLNLÍMËŒLŒŽMŽLËLMÍŒ‹LÍËŒLŒMKÍMËMŽLŒŽŽLÍÌÎLLMMÍ‹MKLMÎÍMËLÌÌMŽLKÌ‹ŒLŽMLÍMÌKML‹ŒÎLŒŒÌMMKÍMËMMNMMNBŽLLMNLLÌÌÎMMËŽŒŽMLËÍMËÍŽLLKÍ‹ÌÍÌÌÍ‹MŒKŽLÍMKÍMËŒLŒLÂŽLL‹NNMŽLŒKMŒNLŽMMÍMNÍMËÌLŒŽŽLLËKŒŒMŽMÎNKLMMŽNLLMLNÍMËMÍÍÍÂŽLMLNNMŽLŒKMŒNLŽMMÍMNÍMËÌLŒŽŽLMKLÍ‹ÌÍÌÌÍ‹MŒKŽLÍMKÍMËŒLŒLÂŽLM‹MMNLLÌÌÎMMËŽŒŽMLËÍMËÍŽLMËMÌ‹ŒLŽMLÍMÌKML‹ŒÎLŒŒÌMMKÍMËMMNMMNBŽLNNÍÌÎLLMMÍ‹MKLMÎÍMËLÌÌMŽLNKLLMÍŒ‹LÍËŒLŒMKÍMËMŽLŒŽŽLŒLLNKŒÎMNNÍËLËLNLÍMËŒLŒŽMŽLŒKLLÌËŒŒLÍŒÍKLM‹MMLMÍMÍMËLLÍŒ‚ŽLŒ‹LMKÎLÍŒKLMLMŒMKÍMËŽLLMÍNMÂŽLŒËLMM‹MÍLÌŽLËLKLÍLŽMŒÎÍMËÌÍNML‚ŽLLMKŽLLÎMËÍËMŽLÌÌËÍMËÍNLLÌÍL‚ŽLKLMÌËŽÌLŒMËŒËŒNÍLÎÍMËÎLÌMŒBŽL‹LNŒLÎMLÌ‹ËŽMLŒŒÌŒNKÍMËŽÌÎŒÂŽLËLNMÍLMNMËÌ‹ŒMŽÌÌNL‹ÍMËŽNLŽLŽLNËŒÌÌÌMÌMKM‹ŒMLÌÌŽKÍMËŽLÎLBŽLŽKLNŒŒNŒÍÌMÎ‹ŒÌŒNMLÍYKLMÍMËŽŽLNNNŽBŽLÌLNËŒÌÌÌMÌMKLM‹ŒMLÌÌŽKÍMËŽLÎLBŽLÌKLNMÍLMNMËLÌ‹ŒMŽÌÌNL‹ÍMËŽNLŽLÌ‹LNŒLÎMLÌ‹MËŽMLŒŒÌŒNKÍMËŽÌÎŒÂŽLÌËLMÌËŽÌLŒMËMŒËŒNÍLÎÍMËÎLÌMŒBŽLÍLMKŽLLÎMËMÍËMŽLÌÌËÍMËÍNLLÌÍL‚ŽLÍKLMM‹MÍLÌŽLËNLKLÍLŽMŒÎÍMËÌÍNML‚ŽLÍ‹LMKÎLÍŒKLLMLMŒMKÍMËŽLLMÍNMÂŽLÍËLLÌËŒŒLÍŒÍKLLM‹MMLMÍMÍMËLLÍŒ‚ŽLÎLLNKŒÎMNNÍËLLËLNLÍMËŒLŒŽMŽLÎKLLMÍŒ‹LLÍËŒLŒMKÍMËMŽLŒŽŽMNÍÌÎLLMMÍ‹LMKLMÎÍMËLÌÌMŽMKMÌ‹ŒLŽMLÍMÌKLML‹ŒÎLŒŒÌMMKÍMËMMNMMNBŽM‹MMNLLÌÌÎLMMËŽŒŽMLËÍMËÍŽMËLÍ‹ÌÍÌÌÍ‹LMŒKŽLÍMKÍMËŒLŒLÂŽMLNNMŽLŒKLMŒNLŽMMÍMNÍMËÌLŒŽŽMKLËŒMŒŽMMŒKLMLMŽNLLMLNÍMËMÍÍÍÂŽM‹NNMŽLŒKLMŒNLŽMMÍMNÍMËÌLŒŽŽMËÍ‹ÌÍÌÌÍ‹LMŒKŽLÍMKÍMËŒLŒLÂŽMMNLLÌÌÎLMMËŽŒŽMLËÍMËÍŽMKÌ‹ŒLŽMLÍMÌKLML‹ŒÎLŒŒÌMMKÍMËMMNMMNBŽMLÍÌÎLLMMÍ‹LMKLMÎÍMËLÌÌMŽMLKLMÍŒ‹LLÍËŒLŒMKÍMËMŽLŒŽŽML‹LNKŒÎMNNÍËLLËLNLÍMËŒLŒŽMŽMLËLÌËŒŒLÍŒÍKLLM‹MMLMÍMÍMËLLÍŒ‚ŽMMMKÎLÍŒKLLMLMŒMKÍMËŽLLMÍNMÂŽMMKMM‹MÍLÌŽLËNLKLÍLŽMŒÎÍMËÌÍNML‚ŽMM‹MKŽLLÎMËMÍËMŽLÌÌËÍMËÍNLLÌÍL‚ŽMMËMÌËŽÌLŒMËMŒËŒNÍLÎÍMËÎLÌMŒBŽMNNŒLÎMLÌ‹MËŽMLŒŒÌŒNKÍMËŽÌÎŒÂŽMNKNMÍLMNMËLÌ‹ŒMŽÌÌNL‹ÍMËŽNLŽMŒNËŒÌÌÌMÌMKLM‹ŒMLÌÌŽKÍMËŽLÎLBŽMŒKNŒŽÍÎNM‹LKLÍŒMŽMKLMÎ‹ŽÎNÎLÍBŽMŒ‹NËŒÍLŒLM‹ŒMLLÍNMM‹Î‹ŽÍŒMNNMŽMŒËNŒŒŽMMLÌËÌ‹ŒMNLKÎ‹ŽM‚ŽMNŒMÌÎMŒKËŽMÍŽMLMKÎ‹ŽŒLLÎ‚ŽMKMÌËŽÎMÍLŒËŒLÎM‹Î‹ŽNMLŒNŽM‹MKŽLÍÍLLËÍËŒÌÎÍNÍKÎ‹ÎMŽŒÌL‚ŽMËMM‹LŒMÌLKLLŽMŽKÎ‹ÍŽLMŒBŽMŽMKŒŽMŒŽËLLNÍÌLÍKÎ‹ŽNŒŒÌÂŽMŽKLÌËŒNŽŒ‹LM‹LÌMŒLKÎ‹ÍÌLLBŽMÌLNKŒŒLNŒŽKLËMLŒNKÎ‹NMMÍŒLÂŽMÌKLŒMŒMÌÌ‹LÍËŒLÎŒŒËÎ‹MÎLL‚ŽMÌ‹ÍÌMÎLLËMKÎLÎLŒËÎ‹MLLNMNLBŽMÌËÌ‹ŒÌMMÌÌ‹ML‹ŒÎÍÌMŽÎ‹LMLÎMÍ‚ŽMÍMÍMÍLÍŒÌKMMËŽMÌÍÍËÎ‹MLMÌÌMBŽMÍKÍ‹ÍÌMŒKŽŒÍÎÎ‹ŒÎÎLMBŽMÍ‹NLÎÎLNMŒNLLÍNMËÎ‹ŒÍÌNMÍBŽMÍËKŽNLŽLYKLMMŽNLÌËÎ‹ŒÍLLMÂŽMÎLNLÎÎLNMŒNLLÍNMËÎ‹ŒÍÌNMÍBŽMÎKLÍ‹ÍÌMŒKŽŒÍÎÎ‹ŒÎÎLMBŽNMMÍMÍLÍŒÌKMMËŽMÌÍÍËÎ‹MLMÌÌMBŽNKMÌ‹ŒÌMMÌÌ‹ML‹ŒÎÍÌMŽÎ‹LMLÎMÍ‚ŽN‹NÍÌMÎLLËMKÎLÎLŒËÎ‹MLLNMNLBŽNËLLŒMŒMÌÌ‹LÍËŒLÎŒŒËÎ‹MÎLL‚ŽNLLNKŒŒLNŒŽKLËMLŒNKÎ‹NMMÍŒLÂŽNKLLÌËŒNŽŒ‹LM‹LÌMŒLKÎ‹ÍÌLLBŽN‹LMKŒŽMŒŽËLLNÍÌLÍKÎ‹ŽNŒŒÌÂŽNËLMM‹LŒMÌLKLLŽMŽKÎ‹ÍŽLMŒBŽNLMKŽLÍÍLLËÍËŒÌÎÍNÍKÎ‹ÎMŽŒÌL‚ŽNKLMÌËŽÎMÍLŒËŒLÎM‹Î‹ŽNMLŒNŽNLLNŒMÌÎMŒKËŽMÍŽMLMKÎ‹ŽŒLLÎ‚ŽNLKLNŒŒŽMMLÌËÌ‹ŒMNLKÎ‹ŽM‚ŽNL‹LNËŒÍLŒLM‹ŒMLLÍNMM‹Î‹ŽÍŒMNNMŽNLËLNŒŽÍÎNM‹KŒŒÌÌM™KLMÎ‹ŽÎNÎLÍBŽNMLNËŒÍLŒLLM‹ŒMLLÍNMM‹Î‹ŽÍŒMNNMŽNMKLNŒŒŽMMLÌËLÌ‹ŒMNLKÎ‹ŽM‚ŽNM‹LNŒMÌÎMŒKMËŽMÍŽMLMKÎ‹ŽŒLLÎ‚ŽNMËLMÌËŽÎMÍLMŒËŒLÎM‹Î‹ŽNMLŒNŽNNLMKŽLÍÍLLËMÍËŒÌÎÍNÍKÎ‹ÎMŽŒÌL‚ŽNNKLMM‹LŒMÌNLKLLŽMŽKÎ‹ÍŽLMŒBŒLLMKŒŽMŒŽËLLLNÍÌLÍKÎ‹ŽNŒŒÌÂŒLKLLÌËŒNŽŒ‹LLM‹LÌMŒLKÎ‹ÍÌLLBŒL‹LLNKŒŒLNŒŽKLLËMLŒNKÎ‹NMMÍŒLÂŒLËLLŒMŒMÌÌ‹LLÍËŒLÎŒŒËÎ‹MÎLL‚ŒLNÍÌMÎLLËLMKÎLÎLŒËÎ‹MLLNMNLBŒLKMÌ‹ŒÌMMÌÌ‹LML‹ŒÎÍÌMŽÎ‹LMLÎMÍ‚ŒL‹MMÍMÍLÍŒÌKLMMËŽMÌÍÍËÎ‹MLMÌÌMBŒLËLÍ‹ÍÌLMŒKŽŒÍÎÎ‹ŒÎÎLMBŒLLNLÎÎLNLMŒNLLÍNMËÎ‹ŒÍÌNMÍBŒLKL‹LMŒÎYKLMLMŽNLÌËÎ‹ŒÍLLMÂŒLLNLÎÎLNLMŒNLLÍNMËÎ‹ŒÍÌNMÍBŒLLKÍ‹ÍÌLMŒKŽŒÍÎÎ‹ŒÎÎLMBŒLL‹MÍMÍLÍŒÌKLMMËŽMÌÍÍËÎ‹MLMÌÌMBŒLLËÌ‹ŒÌMMÌÌ‹LML‹ŒÎÍÌMŽÎ‹LMLÎMÍ‚ŒLMÍÌMÎLLËLMKÎLÎLŒËÎ‹MLLNMNLBŒLMKLŒMŒMÌÌ‹LLÍËŒLÎŒŒËÎ‹MÎLL‚ŒLM‹LNKŒŒLNŒŽKLLËMLŒNKÎ‹NMMÍŒLÂŒLMËLÌËŒNŽŒ‹LLM‹LÌMŒLKÎ‹ÍÌLLBŒLNMKŒŽMŒŽËLLLNÍÌLÍKÎ‹ŽNŒŒÌÂŒLNKMM‹LŒMÌNLKLLŽMŽKÎ‹ÍŽLMŒBŒLŒMKŽLÍÍLLËMÍËŒÌÎÍNÍKÎ‹ÎMŽŒÌL‚ŒLŒKMÌËŽÎMÍLMŒËŒLÎM‹Î‹ŽNMLŒNŒLŒ‹NŒMÌÎMŒKMËŽMÍŽMLMKÎ‹ŽŒLLÎ‚ŒLŒËNŒŒŽMMLÌËLÌ‹ŒMNLKÎ‹ŽM‚ŒLNËŒÍLŒLLM‹ŒMLLÍNMM‹Î‹ŽÍŒMNNMŒLKNŒÍLŒÌMËMKŒLÍÍŒÙKLMKËŽMLLŒÌÂŒL‹NËŒÍLÎNLMËM‹ŒMŒMÌKËŽLÎLMMŒLËNÍLÎNMËÌ‹ŒLÍÌŽMÎNKËŽLŒÍÍNŒ‚ŒLŽNŒLÎLLML‹ËŽÌÌŽLLÌËËŽNÌÌN‚ŒLŽKMÌËŽÍŒLÍŒËŒÍÌÌÍMMÎKËŽŒÌÍŽLŒÂŒLÌMKŽMMNMÍLÍÍ‹ÍËŒLÍÍLMËŽNLLÍŒÍÂŒLÌKMM‹NMNLKŒÎÌ‹ËÍLÌLÂŒLÌ‹MKÎMLLMNMMËËÌÌÌŒLÌËLÌËŒLLMLÌËLM‹LÌLMÌŽMKËÍŒMNÂŒLÍLNKMŒŒ‹LËMLËËMÎMNLLÂŒLÍKLŒŽÌMNLÍËŒÍŒLÌÌ‹ËLLÍMMLBŒLÍ‹ÎLŒÎÌÍÍËMKŽMÍMËËLŒLŒŒLÍËÌ‹ŒLÍMMLMKML‹ŒÍÍÌŽŒËËŒÎNŽLBŒLÎMŽLÍÎMMŒMMËŽLMŒMÍŒËŒÍLŽMŒLÎKÍ‹ÍŒLLLÍKMŒKŽÌÎNNKËŒÌNMŒÍÌ‚ŒLNÌLŒÍÎMŒNMÌŒÌŽLËËŒŽMÍÍÌŽ‚ŒLKKŒMLÎÍÌYKLMMŽNÎLÍMM‹ËŒŽLMÌLÎŒL‹LNÌLŒÍÎMŒNMÌŒÌŽLËËŒŽMÍÍÌŽ‚ŒLËLÍ‹ÍŒLLLÍKMŒKŽÌÎNNKËŒÌNMŒÍÌ‚ŒLMMŽLÍÎMMŒMMËŽLMŒMÍŒËŒÍLŽMŒLKMÌ‹ŒLÍMMLMKML‹ŒÍÍÌŽŒËËŒÎNŽLBŒL‹NÎLŒÎÌÍÍËMKŽMÍMËËLŒLŒŒLËLLŒŽÌMNLÍËŒÍŒLÌÌ‹ËLLÍMMLBŒLLLNKMŒŒ‹LËMLËËMÎMNLLÂŒLKLLÌËŒLLMLÌËLM‹LÌLMÌŽMKËÍŒMNÂŒLLLMKÎMLLMNMMËËÌÌÌŒLLKLMM‹NMNLKŒÎÌ‹ËÍLÌLÂŒLL‹LMKŽMMNMÍLÍÍ‹ÍËŒLÍÍLMËŽNLLÍŒÍÂŒLLËLMÌËŽÍŒLÍŒËŒÍÌÌÍMMÎKËŽŒÌÍŽLŒÂŒLMLNŒLÎLLML‹ËŽÌÌŽLLÌËËŽNÌÌN‚ŒLMKLNÍLÎNMËÌ‹ŒLÍÌŽMÎNKËŽLŒÍÍNŒ‚ŒLM‹LNËŒÍLÎNLMËM‹ŒMŒMÌKËŽLÎLMMŒLMËLNŒÍLŒÌMË‹ŒÌÌŒŽÍÌÙKLMËŽMLLŒÌÂŒLNLNËŒÍLÎNLMËLM‹ŒMŒMÌKËŽLÎLMMŒLNKLNÍLÎNMËLÌ‹ŒLÍÌŽMÎNKËŽLŒÍÍNŒ‚ŒLŒLNŒLÎLLML‹MËŽÌÌŽLLÌËËŽNÌÌN‚ŒLŒKLMÌËŽÍŒLÍMŒËŒÍÌÌÍMMÎKËŽŒÌÍŽLŒÂŒLŒ‹LMKŽMMNMÍLÍÍ‹MÍËŒLÍÍLMËŽNLLÍŒÍÂŒLŒËLMM‹NMNNLKŒÎÌ‹ËÍLÌLÂŒLLMKÎMLLLMNMMËËÌÌÌŒLKLLÌËŒLLMLÌËLLM‹LÌLMÌŽMKËÍŒMNÂŒL‹LLNKMŒŒ‹LLËMLËËMÎMNLLÂŒLËLLŒŽÌMNLLÍËŒÍŒLÌÌ‹ËLLÍMMLBŒLŽNÎLŒÎÌÍÍËLMKŽMÍMËËLŒLŒŒLŽKMÌ‹ŒLÍMMLMKLML‹ŒÍÍÌŽŒËËŒÎNŽLBŒLÌMMŽLÍÎMMŒLMMËŽLMŒMÍŒËŒÍLŽMŒLÌKLÍ‹ÍŒLLLÍKLMŒKŽÌÎNNKËŒÌNMŒÍÌ‚ŒLÌ‹LNÌLŒÍÎLMŒNMÌŒÌŽLËËŒŽMÍÍÌŽ‚ŒLÌËL‹ŒÍÍÍÍ™KLMLMŽNÎLÍMM‹ËŒŽLMÌLÎŒLÍNÌLŒÍÎLMŒNMÌŒÌŽLËËŒŽMÍÍÌŽ‚ŒLÍKÍ‹ÍŒLLLÍKLMŒKŽÌÎNNKËŒÌNMŒÍÌ‚ŒLÍ‹MŽLÍÎMMŒLMMËŽLMŒMÍŒËŒÍLŽMŒLÍËÌ‹ŒLÍMMLMKLML‹ŒÍÍÌŽŒËËŒÎNŽLBŒLÎÎLŒÎÌÍÍËLMKŽMÍMËËLŒLŒŒLÎKLŒŽÌMNLLÍËŒÍŒLÌÌ‹ËLLÍMMLBŒLLNKMŒŒ‹LLËMLËËMÎMNLLÂŒLKLÌËŒLLMLÌËLLM‹LÌLMÌŽMKËÍŒMNÂŒL‹MKÎMLLLMNMMËËÌÌÌŒLËMM‹NMNNLKŒÎÌ‹ËÍLÌLÂŒLMKŽMMNMÍLÍÍ‹MÍËŒLÍÍLMËŽNLLÍŒÍÂŒLKMÌËŽÍŒLÍMŒËŒÍÌÌÍMMÎKËŽŒÌÍŽLŒÂŒL‹NŒLÎLLML‹MËŽÌÌŽLLÌËËŽNÌÌN‚ŒLËNÍLÎNMËLÌ‹ŒLÍÌŽMÎNKËŽLŒÍÍNŒ‚ŒLNËŒÍLÎNLMËLM‹ŒMŒMÌKËŽLÎLMMŒLKNŒÎLŒÌÍÍÍŒËLËŒŒÙKLMKÌËŒŒŽMMBŒLLNËÌÌL‹M‹ŒMŒÌËÌËŒMÍMM‚ŒLLKNÌNMLMKÌ‹ŒLÌNMÍÍKÌ‹ŽNMÌŒMMŒLL‹NŒMÍMŒŒÍËÎLMNLKÌ‹ŽMŒÍŒMNŒLLËMÌËŽLNŒÎLKŒ‹ŽNLMMLMËÌ‹ŽLMÍÍÌÎMBŒLMMKŽNNLÌÎÍËNÌŒÌŒËÌ‹ŽŒŒÌÍŽŒLMKMM‹NÍL‹LKMNNLLŒMKÌ‹ÎLÍÌLŽŒLM‹MKLLNMÌÍËLLMÍÎKÌ‹ÌNLÌN‚ŒLMËLÌËŒLÎLŽNKLM‹ŽLÌ‹ŒÎLÌÍŽBŒLNLNKÍÌÌLLËŒÎMÌÌŽKÌ‹MMÍMMÌ‚ŒLNKLMŒÌÌLÎLÍËŒNLÌÍÌÎ‹Ì‹ÍÌŒŒŒMBŒLLŽNŒÌÌÍÍKMKLÎL‹Ì‹MŽMBŒLLKÌ‹ŒLMŒMNL‹ML‹ŒÍMŒŒŒLM‹Ì‹ŒÌÍŽMŽLBŒLL‹MÌLMŒNNMŽMMËŽMÎNMÌ‹ŒÎMŽLŒÍÂŒLLËÍ‹ÍÌÍÍÌNMŒKÎNMÎŽLÌËÌ‹ŒŒÍNNŒLŒBŒLLNÍÌÎLŽMŒNMLNÌ‹ŒŒMÎNNÌ‚ŒLLKŽMÌMLŒMÙKLMKMŽNŽMM‹Ì‹ŒŒLŒLÂŒLL‹LNÍÌÎLŽMŒNMLNÌ‹ŒŒMÎNNÌ‚ŒLLËLÍ‹ÍÌÍÍÌNMŒKÎNMÎŽLÌËÌ‹ŒŒÍNNŒLŒBŒLLMMÌLMŒNNMŽMMËŽMÎNMÌ‹ŒÎMŽLŒÍÂŒLLKMÌ‹ŒLMŒMNL‹ML‹ŒÍMŒŒŒLM‹Ì‹ŒÌÍŽMŽLBŒLLLNŽNŒÌÌÍÍKMKLÎL‹Ì‹MŽMBŒLLLKLLMŒÌÌLÎLÍËŒNLÌÍÌÎ‹Ì‹ÍÌŒŒŒMBŒLLL‹LLNKÍÌÌLLËŒÎMÌÌŽKÌ‹MMÍMMÌ‚ŒLLLËLLÌËŒLÎLŽNKLM‹ŽLÌ‹ŒÎLÌÍŽBŒLLMLMKLLNMÌÍËLLMÍÎKÌ‹ÌNLÌN‚ŒLLMKLMM‹NÍL‹LKMNNLLŒMKÌ‹ÎLÍÌLŽŒLLM‹LMKŽNNLÌÎÍËNÌŒÌŒËÌ‹ŽŒŒÌÍŽŒLLMËLMÌËŽLNŒÎLKŒ‹ŽNLMMLMËÌ‹ŽLMÍÍÌÎMBŒLLNLNŒMÍMŒŒÍËÎLMNLKÌ‹ŽMŒÍŒMNŒLLNKLNÌNMLMKÌ‹ŒLÌNMÍÍKÌ‹ŽNMÌŒMMŒLLŒLNËÌÌL‹M‹ŒMŒÌËÌËŒMÍMM‚ŒLLŒKLNŒÎLŒÌÍÍÍŒË‹ŒMÍÍÌNMYKLMÌËŒŒŽMMBŒLLŒ‹LNËÌÌL‹LM‹ŒMŒÌËÌËŒMÍMM‚ŒLLŒËLNÌNMLMKLÌ‹ŒLÌNMÍÍKÌ‹ŽNMÌŒMMŒLLLNŒMÍMŒŒÍMËÎLMNLKÌ‹ŽMŒÍŒMNŒLLKLMÌËŽLNŒÎLKMŒ‹ŽNLMMLMËÌ‹ŽLMÍÍÌÎMBŒLL‹LMKŽNNLÌÎMÍËNÌŒÌŒËÌ‹ŽŒŒÌÍŽŒLLËLMM‹NÍL‹NLKMNNLLŒMKÌ‹ÎLÍÌLŽŒLLŽLMKLLNMÌÍËLLLMÍÎKÌ‹ÌNLÌN‚ŒLLŽKLLÌËŒLÎLŽNKLLM‹ŽLÌ‹ŒÎLÌÍŽBŒLLÌLLNKÍÌÌLLLËŒÎMÌÌŽKÌ‹MMÍMMÌ‚ŒLLÌKLLMŒÌÌLÎLLÍËŒNLÌÍÌÎ‹Ì‹ÍÌŒŒŒMBŒLLÌ‹NŽNŒÌÌÍÍKLMKLÎL‹Ì‹MŽMBŒLLÌËMÌ‹ŒLMŒMNL‹LML‹ŒÍMŒŒŒLM‹Ì‹ŒÌÍŽMŽLBŒLLÍMMÌLMŒNNMŽLMMËŽMÎNMÌ‹ŒÎMŽLŒÍÂŒLLÍKLÍ‹ÍÌÍÍÌNLMŒKÎNMÎŽLÌËÌ‹ŒŒÍNNŒLŒBŒLLÍ‹LNÍÌÎLŽLMŒNMLNÌ‹ŒŒMÎNNÌ‚ŒLLÍËLËŒÌMŒŒMÌYKLMLMŽNŽMM‹Ì‹ŒŒLŒLÂŒLLÎNÍÌÎLŽLMŒNMLNÌ‹ŒŒMÎNNÌ‚ŒLLÎKÍ‹ÍÌÍÍÌNLMŒKÎNMÎŽLÌËÌ‹ŒŒÍNNŒLŒBŒLMMÌLMŒNNMŽLMMËŽMÎNMÌ‹ŒÎMŽLŒÍÂŒLMKÌ‹ŒLMŒMNL‹LML‹ŒÍMŒŒŒLM‹Ì‹ŒÌÍŽMŽLBŒLM‹ŽNŒÌÌÍÍKLMKLÎL‹Ì‹MŽMBŒLMËLMŒÌÌLÎLLÍËŒNLÌÍÌÎ‹Ì‹ÍÌŒŒŒMBŒLMLNKÍÌÌLLLËŒÎMÌÌŽKÌ‹MMÍMMÌ‚ŒLMKLÌËŒLÎLŽNKLLM‹ŽLÌ‹ŒÎLÌÍŽBŒLM‹MKLLNMÌÍËLLLMÍÎKÌ‹ÌNLÌN‚ŒLMËMM‹NÍL‹NLKMNNLLŒMKÌ‹ÎLÍÌLŽŒLMMKŽNNLÌÎMÍËNÌŒÌŒËÌ‹ŽŒŒÌÍŽŒLMKMÌËŽLNŒÎLKMŒ‹ŽNLMMLMËÌ‹ŽLMÍÍÌÎMBŒLMLNŒMÍMŒŒÍMËÎLMNLKÌ‹ŽMŒÍŒMNŒLMLKNÌNMLMKLÌ‹ŒLÌNMÍÍKÌ‹ŽNMÌŒMMŒLML‹NËÌÌL‹LM‹ŒMŒÌËÌËŒMÍMM‚ŒLMLËNNÎMËÍŒŒNLMKLMKNŒLŒÌÌNMŒLMMNËMNNLNÌËM‹ŒMNNMLLKNŒLLÎŒLMMKNÍÍŒÌŒKÌ‹ŒLNLMŒŒL‹NŒÌÌMÎŒLMM‹NŒŒÍŒÎKËÍÎLÌNŒ‹NŒÎLBŒLMMËMÌËŽLŽÎÍŒ‹ŽMÍÌÍŽLÌÍMËŽNLMÎŒLMNM‹ŒNLŒÌÎKÍËMŽŽLLMÌKMËŽLLŒNLÌÂŒLMNKMM‹LLLŒÌÌËLKÌÌÍŽMMËŽÍLNÎBŒLMŒMKLÍLMŽÍLËLMLŒŽMËÌÍLBŒLMŒKLÌËŒMŒÍMŒÍÌKLM‹ŒÍÍËMËŒÍLLÂŒLMŒ‹LNKLÌMŽŒÎKLËŒÍÎMÎMËLÌÎNMÍBŒLMŒËLŽNMMLNLÍËŒÍŒŒËMËÍMLLŽBŒLMŽMŽŒÍKMKMMÌÌËMËŒÍLŽML‚ŒLMKÌ‹ŒLÍÍNLÍLÎKML‹ŒÍMŽŒËMËŒNNMŒÂŒLM‹MÌŽLŽÎ‹MMËŽNLÎÎKMËŒNLLŒLÎŒLMËÍ‹ÎŒÌÎÍŽKMŒKÎMÎLËMËŒLÍÌMLÍŒLMŽNÍŒŒŽMMŒNLŽNMËŒLŒÍ‚ŒLMŽKKŒMMÍÌMÌL™KLMMŽNNÍNŒKMËŒLÎNMMŽBŒLMÌLNÍŒŒŽMMŒNLŽNMËŒLŒÍ‚ŒLMÌKLÍ‹ÎŒÌÎÍŽKMŒKÎMÎLËMËŒLÍÌMLÍŒLMÌ‹MMÌŽLŽÎ‹MMËŽNLÎÎKMËŒNLLŒLÎŒLMÌËMÌ‹ŒLÍÍNLÍLÎKML‹ŒÍMŽŒËMËŒNNMŒÂŒLMÍNŽMŽŒÍKMKMMÌÌËMËŒÍLŽML‚ŒLMÍKLLŽNMMLNLÍËŒÍŒŒËMËÍMLLŽBŒLMÍ‹LLNKLÌMŽŒÎKLËŒÍÎMÎMËLÌÎNMÍBŒLMÍËLLÌËŒMŒÍMŒÍÌKLM‹ŒÍÍËMËŒÍLLÂŒLMÎLMKLÍLMŽÍLËLMLŒŽMËÌÍLBŒLMÎKLMM‹LLLŒÌÌËLKÌÌÍŽMMËŽÍLNÎBŒLNLM‹ŒNLŒÌÎKÍËMŽŽLLMÌKMËŽLLŒNLÌÂŒLNKLMÌËŽLŽÎÍŒ‹ŽMÍÌÍŽLÌÍMËŽNLMÎŒLN‹LNŒŒÍŒÎKËÍÎLÌNŒ‹NŒÎLBŒLNËLNÍÍŒÌŒKÌ‹ŒLNLMŒŒL‹NŒÌÌMÎŒLNLNËMNNLNÌËM‹ŒMNNMLLKNŒLLÎŒLNKLNNÎ‹ŒÍLLLŒ™KLMNŒLŒÌÌNMŒLN‹LNËMNNLNÌËLM‹ŒMNNMLLKNŒLLÎŒLNËLNÍÍŒÌŒKLÌ‹ŒLNLMŒŒL‹NŒÌÌMÎŒLNLNŒŒÍŒÎKMËÍÎLÌNŒ‹NŒÎLBŒLNKLMÌËŽLŽÎÍMŒ‹ŽMÍÌÍŽLÌÍMËŽNLMÎŒLNLLM‹ŒNLŒÌÎKMÍËMŽŽLLMÌKMËŽLLŒNLÌÂŒLNLKLMM‹LLLŒÌÌËNLKÌÌÍŽMMËŽÍLNÎBŒLNL‹LMKLÍLMŽÍLËLLMLŒŽMËÌÍLBŒLNLËLLÌËŒMŒÍMŒÍÌKLLM‹ŒÍÍËMËŒÍLLÂŒLNMLLNKLÌMŽŒÎKLLËŒÍÎMÎMËLÌÎNMÍBŒLNMKLLŽNMMLNLLÍËŒÍŒŒËMËÍMLLŽBŒLNM‹NŽMŽŒÍKLMKMMÌÌËMËŒÍLŽML‚ŒLNMËMÌ‹ŒLÍÍNLÍLÎKLML‹ŒÍMŽŒËMËŒNNMŒÂŒLNNMMÌŽLŽÎ‹LMMËŽNLÎÎKMËŒNLLŒLÎŒLNNKLÍ‹ÎŒÌÎÍŽKLMŒKÎMÎLËMËŒLÍÌMLÍŒLŒLNÍŒŒŽMLMŒNLŽNMËŒLŒÍ‚ŒLŒKL‹ŽLLŒLLÌŒŽYKLMLMŽNNÍNŒKMËŒLÎNMMŽBŒLŒ‹NÍŒŒŽMLMŒNLŽNMËŒLŒÍ‚ŒLŒËÍ‹ÎŒÌÎÍŽKLMŒKÎMÎLËMËŒLÍÌMLÍŒLŒMÌŽLŽÎ‹LMMËŽNLÎÎKMËŒNLLŒLÎŒLŒKÌ‹ŒLÍÍNLÍLÎKLML‹ŒÍMŽŒËMËŒNNMŒÂŒLŒ‹ŽMŽŒÍKLMKMMÌÌËMËŒÍLŽML‚ŒLŒËLŽNMMLNLLÍËŒÍŒŒËMËÍMLLŽBŒLŒLNKLÌMŽŒÎKLLËŒÍÎMÎMËLÌÎNMÍBŒLŒKLÌËŒMŒÍMŒÍÌKLLM‹ŒÍÍËMËŒÍLLÂŒLŒLMKLÍLMŽÍLËLLMLŒŽMËÌÍLBŒLŒLKMM‹LLLŒÌÌËNLKÌÌÍŽMMËŽÍLNÎBŒLŒL‹M‹ŒNLŒÌÎKMÍËMŽŽLLMÌKMËŽLLŒNLÌÂŒLŒLËMÌËŽLŽÎÍMŒ‹ŽMÍÌÍŽLÌÍMËŽNLMÎŒLŒMNŒŒÍŒÎKMËÍÎLÌNŒ‹NŒÎLBŒLŒMKNÍÍŒÌŒKLÌ‹ŒLNLMŒŒL‹NŒÌÌMÎŒLŒM‹NËMNNLNÌËLM‹ŒMNNMLLKNŒLLÎŒLŒMËNMMMËMÍNÍMMÍYKLMKËŒŒNMÍÎMÂŒLŒNNËÎŽŒ‹M‹ŒLÍMLNM‹ËŒŒÌÍÍÌÍŒLŒNKNÌÎLÎÍLÌ‹ŒLMŽMLŒKËŒNMŽMŽLÂŒLŒŒNŒŒŒLÎLŒKËÍNNMÌÍ‹ËŒMMŽLLÎBŒLŒŒKMÌËŽLÍŒNMLÎKŒ‹ŽMNMŒLÍÍ‹ËŒÌNMBŒLŒŒ‹M‹ŒMŽÌŒM‹ÍËMLŒÍLLÎMË‹ŽMÍMLÎBŒLŒŒËMM‹LÍÌÌLŽNKLKMŒÌLÎLMÌK‹ŽŽNLMMLŒLŒMKMMÎÌÍÍËLMÍË‹ÍMMŽ‚ŒLŒKLÌËŒNÍÌÍÎKLM‹ÍLÌÎNK‹ŒÌMMÎN‚ŒLŒ‹LNKLMMMLMËLËŒÍNMÍÍK‹LŽLNNÎBŒLŒËLÌÍËLÍËŒÌŽÍ‹ŒÎ‚ŒLŒŽŽŒÍÌŽMMÌKMKŒÎLNÍÎ‹ŒÌÍMÍNBŒLŒŽKÌ‹ŒMMLLŽ‹ML‹ŒÍLŽÎNK‹ŒMŽŒLÌBŒLŒÌMÍŒÎKMMËŽÍŒÎML‹‹ŒÍMÍLBŒLŒÌKÍ‹ÎMŽÌLŒMMŒKÎMLMLË‹ŒŒÌNŒLŒÌ‹NLMÌŽMŒNŒÍŽL‹KŽNŒÌM‚ŒLŒÌËKMLMÎLYKLMMŽNŒLÌNLKKŽMÌŒÍÍŽBŒLŒÍLNLMÌŽMŒNŒÍŽL‹KŽNŒÌM‚ŒLŒÍKLÍ‹ÎMŽÌLŒMMŒKÎMLMLË‹ŒŒÌNŒLŒÍ‹MMÍŒÎKMMËŽÍŒÎML‹‹ŒÍMÍLBŒLŒÍËMÌ‹ŒMMLLŽ‹ML‹ŒÍLŽÎNK‹ŒMŽŒLÌBŒLŒÎNŽŒÍÌŽMMÌKMKŒÎLNÍÎ‹ŒÌÍMÍNBŒLŒÎKLLÌÍËLÍËŒÌŽÍ‹ŒÎ‚ŒLLLNKLMMMLMËLËŒÍNMÍÍK‹LŽLNNÎBŒLKLLÌËŒNÍÌÍÎKLM‹ÍLÌÎNK‹ŒÌMMÎN‚ŒL‹LMKMMÎÌÍÍËLMÍË‹ÍMMŽ‚ŒLËLMM‹LÍÌÌLŽNKLKMŒÌLÎLMÌK‹ŽŽNLMMLŒLLM‹ŒMŽÌŒM‹ÍËMLŒÍLLÎMË‹ŽMÍMLÎBŒLKLMÌËŽLÍŒNMLÎKŒ‹ŽMNMŒLÍÍ‹ËŒÌNMBŒL‹LNŒŒŒLÎLŒKËÍNNMÌÍ‹ËŒMMŽLLÎBŒLËLNÌÎLÎÍLÌ‹ŒLMŽMLŒKËŒNMŽMŽLÂŒLLNËÎŽŒ‹M‹ŒLÍMLNM‹ËŒŒÌÍÍÌÍŒLKLNMM‹NLMÍÎMYKLMËŒŒNMÍÎMÂŒLLLNËÎŽŒ‹LM‹ŒLÍMLNM‹ËŒŒÌÍÍÌÍŒLLKLNÌÎLÎÍLLÌ‹ŒLMŽMLŒKËŒNMŽMŽLÂŒLL‹LNŒŒŒLÎLŒKMËÍNNMÌÍ‹ËŒMMŽLLÎBŒLLËLMÌËŽLÍŒNMLÎKMŒ‹ŽMNMŒLÍÍ‹ËŒÌNMBŒLMLM‹ŒMŽÌŒM‹MÍËMLŒÍLLÎMË‹ŽMÍMLÎBŒLMKLMM‹LÍÌÌLŽNKNLKMŒÌLÎLMÌK‹ŽŽNLMMLŒLM‹LMKMMÎÌÍÍËLLMÍË‹ÍMMŽ‚ŒLMËLLÌËŒNÍÌÍÎKLLM‹ÍLÌÎNK‹ŒÌMMÎN‚ŒLNLLNKLMMMLMËLLËŒÍNMÍÍK‹LŽLNNÎBŒLNKLLÌÍËLLÍËŒÌŽÍ‹ŒÎ‚ŒLŒNŽŒÍÌŽMMÌKLMKŒÎLNÍÎ‹ŒÌÍMÍNBŒLŒKMÌ‹ŒMMLLŽ‹LML‹ŒÍLŽÎNK‹ŒMŽŒLÌBŒLŒ‹MMÍŒÎKLMMËŽÍŒÎML‹‹ŒÍMÍLBŒLŒËLÍ‹ÎMŽÌLŒMLMŒKÎMLMLË‹ŒŒÌNŒLLNLMÌŽLMŒNŒÍŽL‹KŽNŒÌM‚ŒLKL‹NNÌMŽÙKLMLMŽNŒLÌNLKKŽMÌŒÍÍŽBŒL‹NLMÌŽLMŒNŒÍŽL‹KŽNŒÌM‚ŒLËÍ‹ÎMŽÌLŒMLMŒKÎMLMLË‹ŒŒÌNŒLŽMÍŒÎKLMMËŽÍŒÎML‹‹ŒÍMÍLBŒLŽKÌ‹ŒMMLLŽ‹LML‹ŒÍLŽÎNK‹ŒMŽŒLÌBŒLÌŽŒÍÌŽMMÌKLMKŒÎLNÍÎ‹ŒÌÍMÍNBŒLÌKLÌÍËLLÍËŒÌŽÍ‹ŒÎ‚ŒLÌ‹LNKLMMMLMËLLËŒÍNMÍÍK‹LŽLNNÎBŒLÌËLÌËŒNÍÌÍÎKLLM‹ÍLÌÎNK‹ŒÌMMÎN‚ŒLÍMKMMÎÌÍÍËLLMÍË‹ÍMMŽ‚ŒLÍKMM‹LÍÌÌLŽNKNLKMŒÌLÎLMÌK‹ŽŽNLMMLŒLÍ‹M‹ŒMŽÌŒM‹MÍËMLŒÍLLÎMË‹ŽMÍMLÎBŒLÍËMÌËŽLÍŒNMLÎKMŒ‹ŽMNMŒLÍÍ‹ËŒÌNMBŒLÎNŒŒŒLÎLŒKMËÍNNMÌÍ‹ËŒMMŽLLÎBŒLÎKNÌÎLÎÍLLÌ‹ŒLMŽMLŒKËŒNMŽMŽLÂŒLŽNËÎŽŒ‹LM‹ŒLÍMLNM‹ËŒŒÌÍÍÌÍŒLŽKNŒÍLLŒMËL‹NMLÍMÎMKLMKLŒÎLŒNML‚ŒLŽ‹NËÌÍÌMŒËM‹ŒLŽLMMŒ‹LŒÍÌLÌ‚ŒLŽËNŽMMÌMÌ‹ŒNÌNÍMLŒÌŽŒÂŒLŽNŒMÌMŒËËÍLŽÌMËLŒNMLÍ‚ŒLŽKMÌËŽLNMLMN‹Œ‹ŽMÎLÌŽNLŒMŒNBŒLŽ‹M‹ŒMNËÍËMMÍLŒÍKLŒLÍLMŒLŽËMM‹LÍLÌÎLLËLKÌÍÌÎMMKLËŽLŒŒÌŒŒMÂŒLŽMKMÌMŒŒ‹LMÍMLËÍÎMŒMÌ‚ŒLŽKLÌËŒNNMÌŒMMËLM‹ÍÌŽLM‹LËŒŽMŒÍÍBŒLŽLLNKMLÍNLÌÌKLËŒÍÌLÍÎLËÍŽÍÍÌ‚ŒLŽLKLÌŒŒÎLMËLÍËŒLÍÌÌËLËŒÌÍŽMNŒLŽL‹ŽÎLËMKŒÎÎÌÎLLKLËŒNÎMM‚ŒLŽLËÌ‹ŒMÌLÌËML‹ŒÍÌŽKLËŒŒÍÌŒMÍŒLŽMMÍMMMŽLÌMMKMMËŽÍŒŒMŽL‹ŽMŒMNLŽBŒLŽMKÍ‹ŽÌÍMNMŒKÎMŽLLŒŽL‹ŽÌNMÍŒÂŒLŽM‹NLÌÍÍŽ‹MŒNLMÍML‹ŽÍLML‚ŒLŽMËKŒMLŒÌKLMKMŽNLÎLÎL‹ŽNLMM‚ŒLŽNLNLÌÍÍŽ‹MŒNLMÍML‹ŽÍLML‚ŒLŽNKLÍ‹ŽÌÍMNMŒKÎMŽLLŒŽL‹ŽÌNMÍŒÂŒLÌMMÍMMMŽLÌMMKMMËŽÍŒŒMŽL‹ŽMŒMNLŽBŒLÌKMÌ‹ŒMÌLÌËML‹ŒÍÌŽKLËŒŒÍÌŒMÍŒLÌ‹NŽÎLËMKŒÎÎÌÎLLKLËŒNÎMM‚ŒLÌËLLÌŒŒÎLMËLÍËŒLÍÌÌËLËŒÌÍŽMNŒLÌLLNKMLÍNLÌÌKLËŒÍÌLÍÎLËÍŽÍÍÌ‚ŒLÌKLLÌËŒNNMÌŒMMËLM‹ÍÌŽLM‹LËŒŽMŒÍÍBŒLÌ‹LMKMÌMŒŒ‹LMÍMLËÍÎMŒMÌ‚ŒLÌËLMM‹LÍLÌÎLLËLKÌÍÌÎMMKLËŽLŒŒÌŒŒMÂŒLÌLM‹ŒMNËÍËMMÍLŒÍKLŒLÍLMŒLÌKLMÌËŽLNMLMN‹Œ‹ŽMÎLÌŽNLŒMŒNBŒLÌLLNŒMÌMŒËËÍLŽÌMËLŒNMLÍ‚ŒLÌLKLNŽMMÌMÌ‹ŒNÌNÍMLŒÌŽŒÂŒLÌL‹LNËÌÍÌMŒËM‹ŒLŽLMMŒ‹LŒÍÌLÌ‚ŒLÌLËLNŒÍLLŒMË‹ŒÍÌMLMŒ™KLMLŒÎLŒNML‚ŒLÌMLNËÌÍÌMŒËLM‹ŒLŽLMMŒ‹LŒÍÌLÌ‚ŒLÌMKLNŽMMÌMLÌ‹ŒNÌNÍMLŒÌŽŒÂŒLÌM‹LNŒMÌMŒËMËÍLŽÌMËLŒNMLÍ‚ŒLÌMËLMÌËŽLNMLMN‹MŒ‹ŽMÎLÌŽNLŒMŒNBŒLÌNLM‹ŒMNËMÍËMMÍLŒÍKLŒLÍLMŒLÌNKLMM‹LÍLÌÎLLËNLKÌÍÌÎMMKLËŽLŒŒÌŒŒMÂŒLÌŒLMKMÌMŒŒ‹LLMÍMLËÍÎMŒMÌ‚ŒLÌŒKLLÌËŒNNMÌŒMMËLLM‹ÍÌŽLM‹LËŒŽMŒÍÍBŒLÌŒ‹LLNKMLÍNLÌÌKLLËŒÍÌLÍÎLËÍŽÍÍÌ‚ŒLÌŒËLLÌŒŒÎLMËLLÍËŒLÍÌÌËLËŒÌÍŽMNŒLÌNŽÎLËLMKŒÎÎÌÎLLKLËŒNÎMM‚ŒLÌKMÌ‹ŒMÌLÌËLML‹ŒÍÌŽKLËŒŒÍÌŒMÍŒLÌ‹MMÍMMMŽLÌMMKLMMËŽÍŒŒMŽL‹ŽMŒMNLŽBŒLÌËLÍ‹ŽÌÍMNLMŒKÎMŽLLŒŽL‹ŽÌNMÍŒÂŒLÌŽLNLÌÍÍŽ‹LMŒNLMÍML‹ŽÍLML‚ŒLÌŽKL‹MÍÍÌÌŽLLYKLMLMŽNLÎLÎL‹ŽNLMM‚ŒLÌÌNLÌÍÍŽ‹LMŒNLMÍML‹ŽÍLML‚ŒLÌÌKÍ‹ŽÌÍMNLMŒKÎMŽLLŒŽL‹ŽÌNMÍŒÂŒLÌÌ‹MÍMMMŽLÌMMKLMMËŽÍŒŒMŽL‹ŽMŒMNLŽBŒLÌÌËÌ‹ŒMÌLÌËLML‹ŒÍÌŽKLËŒŒÍÌŒMÍŒLÌÍŽÎLËLMKŒÎÎÌÎLLKLËŒNÎMM‚ŒLÌÍKLÌŒŒÎLMËLLÍËŒLÍÌÌËLËŒÌÍŽMNŒLÌÍ‹LNKMLÍNLÌÌKLLËŒÍÌLÍÎLËÍŽÍÍÌ‚ŒLÌÍËLÌËŒNNMÌŒMMËLLM‹ÍÌŽLM‹LËŒŽMŒÍÍBŒLÌÎMKMÌMŒŒ‹LLMÍMLËÍÎMŒMÌ‚ŒLÌÎKMM‹LÍLÌÎLLËNLKÌÍÌÎMMKLËŽLŒŒÌŒŒMÂŒLÍM‹ŒMNËMÍËMMÍLŒÍKLŒLÍLMŒLÍKMÌËŽLNMLMN‹MŒ‹ŽMÎLÌŽNLŒMŒNBŒLÍ‹NŒMÌMŒËMËÍLŽÌMËLŒNMLÍ‚ŒLÍËNŽMMÌMLÌ‹ŒNÌNÍMLŒÌŽŒÂŒLÍNËÌÍÌMŒËLM‹ŒLŽLMMŒ‹LŒÍÌLÌ‚ŒLÍKNŒÌŒMKLKŒLŒNKLMLÌËMMMMÌ‚ŒLÍ‹NËŒÌÍÍÍÍNKM‹ŒLŒMŒÍÍNLÌËLÍLŒMŒÍ‚ŒLÍËNŒÌ‹ŒMÌL‹LÌËÌÍŽ‚ŒLÍNŒNLÍMÍ‹ËÌÎLMÌÌÍ‹LÌËŒÎNMNMŽNBŒLÍKMÌËŽÌÍNKŒ‹ŽLÍNLLMLËLÌËŒŽMMŒLBŒLÍLMKŽNMLŒ‹ÍËLÍÌÎMÍMÎKLÌËŒMŒŒMÍMBŒLÍLKMM‹LŒNLÍKLKNLŒŽL‹LÌ‹ŽNÎMÌMLBŒLÍL‹MKMŒNNËLŒMNLŽLÌ‹ŽLÌÎLMŒÂŒLÍLËLÌËŒNNÌLLLKLM‹ÎŽLŒLÌ‹ŒŽMÍŒÌ‚ŒLÍMLNKMM‹LËŒÍŒMÌÍ‹LÌ‹NNNŒLÍMKLÌŒMŒLL‹LÍËŒŒŽNNKLÌ‹ŒŒÌMMLÂŒLÍM‹ŽÎLÎMÌNM‹MKŒÎLÍÎ‹LÌ‹ŒLÎŒLÎŒLÍMËÌ‹ŒMÌMŽKML‹ŒÍMŒNLÌKŽMÍŒMÌÂŒLÍNMÍMŒNNMMËŽÌÍŽLMŒÎLÌKŽNLŒMM‚ŒLÍNKÍ‹ŽLŽMŒKMŒKÎLÎMNLÍÍLÌKÌMÍNLÌÂŒLÍŒNLÌÍÍMNKMŒNŒÌLÍËLÌKÎNMŒLÍŒKKŒMLNLLÙKLMMŽNÍŒÍ‹LÌKÍÌÌÂŒLÍŒ‹LNLÌÍÍMNKMŒNŒÌLÍËLÌKÎNMŒLÍŒËLÍ‹ŽLŽMŒKMŒKÎLÎMNLÍÍLÌKÌMÍNLÌÂŒLÍMMÍMŒNNMMËŽÌÍŽLMŒÎLÌKŽNLŒMM‚ŒLÍKMÌ‹ŒMÌMŽKML‹ŒÍMŒNLÌKŽMÍŒMÌÂŒLÍ‹NŽÎLÎMÌNM‹MKŒÎLÍÎ‹LÌ‹ŒLÎŒLÎŒLÍËLLÌŒMŒLL‹LÍËŒŒŽNNKLÌ‹ŒŒÌMMLÂŒLÍŽLLNKMM‹LËŒÍŒMÌÍ‹LÌ‹NNNŒLÍŽKLLÌËŒNNÌLLLKLM‹ÎŽLŒLÌ‹ŒŽMÍŒÌ‚ŒLÍÌLMKMŒNNËLŒMNLŽLÌ‹ŽLÌÎLMŒÂŒLÍÌKLMM‹LŒNLÍKLKNLŒŽL‹LÌ‹ŽNÎMÌMLBŒLÍÌ‹LMKŽNMLŒ‹ÍËLÍÌÎMÍMÎKLÌËŒMŒŒMÍMBŒLÍÌËLMÌËŽÌÍNKŒ‹ŽLÍNLLMLËLÌËŒŽMMŒLBŒLÍÍLNŒNLÍMÍ‹ËÌÎLMÌÌÍ‹LÌËŒÎNMNMŽNBŒLÍÍKLNŒÌ‹ŒMÌL‹LÌËÌÍŽ‚ŒLÍÍ‹LNËŒÌÍÍÍÍNKM‹ŒLŒMŒÍÍNLÌËLÍLŒMŒÍ‚ŒLÍÍËLNŒÌŒMK‹NLÍÍMÍÙKLMLÌËMMMMÌ‚ŒLÍÎLNËŒÌÍÍÍÍNKLM‹ŒLŒMŒÍÍNLÌËLÍLŒMŒÍ‚ŒLÍÎKLNŒLÌ‹ŒMÌL‹LÌËÌÍŽ‚ŒLÎLNŒNLÍMÍ‹MËÌÎLMÌÌÍ‹LÌËŒÎNMNMŽNBŒLÎKLMÌËŽÌÍNKMŒ‹ŽLÍNLLMLËLÌËŒŽMMŒLBŒLÎ‹LMKŽNMLŒ‹MÍËLÍÌÎMÍMÎKLÌËŒMŒŒMÍMBŒLÎËLMM‹LŒNLÍKNLKNLŒŽL‹LÌ‹ŽNÎMÌMLBŒLÎLMKMŒNNËLLŒMNLŽLÌ‹ŽLÌÎLMŒÂŒLÎKLLÌËŒNNÌLLLKLLM‹ÎŽLŒLÌ‹ŒŽMÍŒÌ‚ŒLÎ‹LLNKMM‹LLËŒÍŒMÌÍ‹LÌ‹NNNŒLÎËLLÌŒMŒLL‹LLÍËŒŒŽNNKLÌ‹ŒŒÌMMLÂŒLÎNŽÎLÎMÌNM‹LMKŒÎLÍÎ‹LÌ‹ŒLÎŒLÎŒLÎKMÌ‹ŒMÌMŽKLML‹ŒÍMŒNLÌKŽMÍŒMÌÂŒLÎLMMÍMŒNNLMMËŽÌÍŽLMŒÎLÌKŽNLŒMM‚ŒLÎLKLÍ‹ŽLŽMŒKLMŒKÎLÎMNLÍÍLÌKÌMÍNLÌÂŒLÎL‹LNLÌÍÍMNKLMŒNŒÌLÍËLÌKÎNMŒLÎLËL‹ŽMÎLÌMÌÍÙKLMLMŽNÍŒÍ‹LÌKÍÌÌÂŒLÎMNLÌÍÍMNKLMŒNŒÌLÍËLÌKÎNMŒLÎMKÍ‹ŽLŽMŒKLMŒKÎLÎMNLÍÍLÌKÌMÍNLÌÂŒLÎM‹MÍMŒNNLMMËŽÌÍŽLMŒÎLÌKŽNLŒMM‚ŒLÎMËÌ‹ŒMÌMŽKLML‹ŒÍMŒNLÌKŽMÍŒMÌÂŒLÎNŽÎLÎMÌNM‹LMKŒÎLÍÎ‹LÌ‹ŒLÎŒLÎŒLÎNKLÌŒMŒLL‹LLÍËŒŒŽNNKLÌ‹ŒŒÌMMLÂŒMLNKMM‹LLËŒÍŒMÌÍ‹LÌ‹NNNŒMKLÌËŒNNÌLLLKLLM‹ÎŽLŒLÌ‹ŒŽMÍŒÌ‚ŒM‹MKMŒNNËLLŒMNLŽLÌ‹ŽLÌÎLMŒÂŒMËMM‹LŒNLÍKNLKNLŒŽL‹LÌ‹ŽNÎMÌMLBŒMMKŽNMLŒ‹MÍËLÍÌÎMÍMÎKLÌËŒMŒŒMÍMBŒMKMÌËŽÌÍNKMŒ‹ŽLÍNLLMLËLÌËŒŽMMŒLBŒM‹NŒNLÍMÍ‹MËÌÎLMÌÌÍ‹LÌËŒÎNMNMŽNBŒMËNŒLÌ‹ŒMÌL‹LÌËÌÍŽ‚ŒMNËŒÌÍÍÍÍNKLM‹ŒLŒMŒÍÍNLÌËLÍLŒMŒÍ‚ŒMKNŒLMŽËLKŒMLÌÍNYKLMMNÍLŒÍŒM‚ŒMLNËŒNÌÍËM‹ŒLMMÍŒÍÎLKMNÌŽLBŒMLKNÍÎMLKÌ‹ŒÍŽŽÎMNNLMNBŒML‹MÎKŽNNMÍÍËÌÌMLNNKMNMŒÌÍÌŽBŒMLËMÌËÎMÍŒMŽËŒ‹ŽLÌÎNLMMŒËMNMŒMBŒMMMKŽLÍMÌŒŒËÍËMŽŽMÍŽMNŒMÌMLŒÌBŒMMKMM‹MMÌNNLKNMÎLMÌMËMNŒMÌÂŒMM‹MKLÍŽMLKLŽLNLÎ‹MMËŽLÎLÎL‚ŒMMËLÌËŒMŒMÌMLM‹LÍÍMMËŒÌŒMÍŒMNLNKLŒLÍÌŽKLËŒÍMLÌÍÌËMMËŒÍŒŒMNKLŽMŒÌKLÍËŒMÌÌŒ‹MMËŒNLNBŒMŒŽLLÌLŽMKŒÍÍÎNÍËMM‹ŽNÌŽMŒBŒMŒKÌ‹ŒMŒLLKML‹ŒÌÌMMŽKMM‹ŽÌMÌŽBŒMŒ‹MÌÍÌÍÍËMMËŽMLMŒŒ‹MM‹NNNŒMŒËÍ‹ÎLMÌÌML‹MŒKÍÌŒÌNLMËMM‹MÎ‚ŒMNLLŽNMŒMŒŽMÎÍKMM‹ÍÎÍŒÍ‚ŒMKKMLŒÍÍŒ™KLMMŽMŒMÎLËMM‹MLLŽMÂŒM‹LNLLŽNMŒMŒŽMÎÍKMM‹ÍÎÍŒÍ‚ŒMËLÍ‹ÎLMÌÌML‹MŒKÍÌŒÌNLMËMM‹MÎ‚ŒMŽMMÌÍÌÍÍËMMËŽMLMŒŒ‹MM‹NNNŒMŽKMÌ‹ŒMŒLLKML‹ŒÌÌMMŽKMM‹ŽÌMÌŽBŒMÌNŽLLÌLŽMKŒÍÍÎNÍËMM‹ŽNÌŽMŒBŒMÌKLLŽMŒÌKLÍËŒMÌÌŒ‹MMËŒNLNBŒMÌ‹LLNKLŒLÍÌŽKLËŒÍMLÌÍÌËMMËŒÍŒŒMÌËLLÌËŒMŒMÌMLM‹LÍÍMMËŒÌŒMÍŒMÍLMKLÍŽMLKLŽLNLÎ‹MMËŽLÎLÎL‚ŒMÍKLMM‹MMÌNNLKNMÎLMÌMËMNŒMÌÂŒMÍ‹LMKŽLÍMÌŒŒËÍËMŽŽMÍŽMNŒMÌMLŒÌBŒMÍËLMÌËÎMÍŒMŽËŒ‹ŽLÌÎNLMMŒËMNMŒMBŒMÎLMÎKŽNNMÍÍËÌÌMLNNKMNMŒÌÍÌŽBŒMÎKLNÍÎMLKÌ‹ŒÍŽŽÎMNNLMNBŒMLNËŒNÌÍËM‹ŒLMMÍŒÍÎLKMNÌŽLBŒMKLNŒLMŽË‹MÌÎNMYKLMMNÍLŒÍŒM‚ŒM‹LNËŒNÌÍËLM‹ŒLMMÍŒÍÎLKMNÌŽLBŒMËLNÍÎMLKLÌ‹ŒÍŽŽÎMNNLMNBŒMLMÎKŽNNMÍÍMËÌÌMLNNKMNMŒÌÍÌŽBŒMKLMÌËÎMÍŒMŽËMŒ‹ŽLÌÎNLMMŒËMNMŒMBŒM‹LMKŽLÍMÌŒŒËMÍËMŽŽMÍŽMNŒMÌMLŒÌBŒMËLMM‹MMÌNNNLKNMÎLMÌMËMNŒMÌÂŒMLMKLÍŽMLKLLŽLNLÎ‹MMËŽLÎLÎL‚ŒMKLLÌËŒMŒMÌMLLM‹LÍÍMMËŒÌŒMÍŒMLLLNKLŒLÍÌŽKLLËŒÍMLÌÍÌËMMËŒÍŒŒMLKLLŽMŒÌKLLÍËŒMÌÌŒ‹MMËŒNLNBŒML‹NŽLLÌLŽLMKŒÍÍÎNÍËMM‹ŽNÌŽMŒBŒMLËMÌ‹ŒMŒLLKLML‹ŒÌÌMMŽKMM‹ŽÌMÌŽBŒMMMMÌÍÌÍÍËLMMËŽMLMŒŒ‹MM‹NNNŒMMKLÍ‹ÎLMÌÌML‹LMŒKÍÌŒÌNLMËMM‹MÎ‚ŒMM‹LNLLŽNLMŒMŒŽMÎÍKMM‹ÍÎÍŒÍ‚ŒMMËLËNMMŽLÌÌ™KLMLMŽMŒMÎLËMM‹MLLŽMÂŒMNNLLŽNLMŒMŒŽMÎÍKMM‹ÍÎÍŒÍ‚ŒMNKÍ‹ÎLMÌÌML‹LMŒKÍÌŒÌNLMËMM‹MÎ‚ŒMŒMÌÍÌÍÍËLMMËŽMLMŒŒ‹MM‹NNNŒMŒKÌ‹ŒMŒLLKLML‹ŒÌÌMMŽKMM‹ŽÌMÌŽBŒMŒ‹ŽLLÌLŽLMKŒÍÍÎNÍËMM‹ŽNÌŽMŒBŒMŒËLŽMŒÌKLLÍËŒMÌÌŒ‹MMËŒNLNBŒMLNKLŒLÍÌŽKLLËŒÍMLÌÍÌËMMËŒÍŒŒMKLÌËŒMŒMÌMLLM‹LÍÍMMËŒÌŒMÍŒM‹MKLÍŽMLKLLŽLNLÎ‹MMËŽLÎLÎL‚ŒMËMM‹MMÌNNNLKNMÎLMÌMËMNŒMÌÂŒMŽMKŽLÍMÌŒŒËMÍËMŽŽMÍŽMNŒMÌMLŒÌBŒMŽKMÌËÎMÍŒMŽËMŒ‹ŽLÌÎNLMMŒËMNMŒMBŒMÌMÎKŽNNMÍÍMËÌÌMLNNKMNMŒÌÍÌŽBŒMÌKNÍÎMLKLÌ‹ŒÍŽŽÎMNNLMNBŒMÌ‹NËŒNÌÍËLM‹ŒLMMÍŒÍÎLKMNÌŽLBŒMÌËNËŽMNLLŒ‹M‹ŽLŒÍÙKLMKNËŽMÌLMÎNBŒMÍNËŒNÍÍNM‹ŒLNLÍMKNËŽMÌLÌÂŒMÍKNŒÍLÌŽËÌ‹ŒLÌ‹NËŽÌMŒLÍÂŒMÍ‹MÎKŽLMŒŽËÍLÌÌMKNËÍNNMÌÂŒMÍËMÌËÌLŒŒLËŒ‹ŽMMNNËNËNÎLBŒMÎMKŽÌÎŒLLLËÍËNMŒÌÌÌËNËŒÎŒMLŒMÎKMM‹ŒŒ‹LKŒÌÎMMŒNKNËŒMLŒ‚ŒMMKÌNLNKLÍLÌLÍMMN‹ŽNÍLŒŒ‚ŒMKLÌËŒLÍLKLM‹LŒŒÌÎKN‹ŒÌÍLÎMÌBŒM‹LNKMLMŽ‹LËŒÎMŒMÎNKN‹ŒÍÎÎBŒMËLLNNLÍËŒMMÍÌŒÎN‹ŒLÌÌLÌÍBŒMŽŽŒÍÍ‹MKŒNNLLKNKŽŒŽÌLŒÂŒMKÌ‹ŒLLÍÌMÎLKML‹ŒÍÍMNKNKLŒLNMŒM‹MÌÌÌLÎ‹MMËŽMÌŒŒLKNKÌÍÌÍNMÂŒMËÍ‹ÍÌNMÌÍNKMŒKŽLŒŒLÍNKŒÍLŽLM‚ŒMNÍŒŽÎLMKMŒŒLÍÌŽNKŒNMŒÍŒ‚ŒMKKŒŒMÍÌLÙKLMMKŒ‹NKŒŒÌŒLMÍÍÍŒMLLNÍŒŽÎLMKMŒŒLÍÌŽNKŒNMŒÍŒ‚ŒMLKLÍ‹ÍÌNMÌÍNKMŒKŽLŒŒLÍNKŒÍLŽLM‚ŒML‹MMÌÌÌLÎ‹MMËŽMÌŒŒLKNKÌÍÌÍNMÂŒMLËMÌ‹ŒLLÍÌMÎLKML‹ŒÍÍMNKNKLŒLNMŒMMNŽŽŒÍÍ‹MKŒNNLLKNKŽŒŽÌLŒÂŒMMKLLLNNLÍËŒMMÍÌŒÎN‹ŒLÌÌLÌÍBŒMM‹LLNKMLMŽ‹LËŒÎMŒMÎNKN‹ŒÍÎÎBŒMMËLLÌËŒLÍLKLM‹LŒŒÌÎKN‹ŒÌÍLÎMÌBŒMNLMKÌNLNKLÍLÌLÍMMN‹ŽNÍLŒŒ‚ŒMNKLMM‹ŒŒ‹LKŒÌÎMMŒNKNËŒMLŒ‚ŒMLLMKŽÌÎŒLLLËÍËNMŒÌÌÌËNËŒÎŒMLŒMLKLMÌËÌLŒŒLËŒ‹ŽMMNNËNËNÎLBŒML‹LMÎKŽLMŒŽËÍLÌÌMKNËÍNNMÌÂŒMLËLNŒÍLÌŽËÌ‹ŒLÌ‹NËŽÌMŒLÍÂŒMLLNËŒNÍÍNM‹ŒLNLÍMKNËŽMÌLÌÂŒMLKLNËŽMNLLŒ‹‹ŒMÎLMÙKLMNËŽMÌLMÎNBŒML‹LNËŒNÍÍNLM‹ŒLNLÍMKNËŽMÌLÌÂŒMLËLNŒÍLÌŽËLÌ‹ŒLÌ‹NËŽÌMŒLÍÂŒMLLMÎKŽLMŒŽMËÍLÌÌMKNËÍNNMÌÂŒMLKLMÌËÌLŒŒLËMŒ‹ŽMMNNËNËNÎLBŒMLLLMKŽÌÎŒLLLËMÍËNMŒÌÌÌËNËŒÎŒMLŒMLLKLMM‹ŒŒ‹NLKŒÌÎMMŒNKNËŒMLŒ‚ŒMLL‹LMKÌNLNKLLÍLÌLÍMMN‹ŽNÍLŒŒ‚ŒMLLËLLÌËŒLÍLKLLM‹LŒŒÌÎKN‹ŒÌÍLÎMÌBŒMLMLLNKMLMŽ‹LLËŒÎMŒMÎNKN‹ŒÍÎÎBŒMLMKLLLNNLLÍËŒMMÍÌŒÎN‹ŒLÌÌLÌÍBŒMLM‹NŽŽŒÍÍ‹LMKŒNNLLKNKŽŒŽÌLŒÂŒMLMËMÌ‹ŒLLÍÌMÎLKLML‹ŒÍÍMNKNKLŒLNMŒMLNMMÌÌÌLÎ‹LMMËŽMÌŒŒLKNKÌÍÌÍNMÂŒMLNKLÍ‹ÍÌNMÌÍNKLMŒKŽLŒŒLÍNKŒÍLŽLM‚ŒMLŒLNÍŒŽÎLMKLMŒŒLÍÌŽNKŒNMŒÍŒ‚ŒMLŒKLËŽMÍÌŒKLMLMKŒ‹NKŒŒÌŒLMÍÍÍŒMLŒ‹NÍŒŽÎLMKLMŒŒLÍÌŽNKŒNMŒÍŒ‚ŒMLŒËÍ‹ÍÌNMÌÍNKLMŒKŽLŒŒLÍNKŒÍLŽLM‚ŒMLMÌÌÌLÎ‹LMMËŽMÌŒŒLKNKÌÍÌÍNMÂŒMLKÌ‹ŒLLÍÌMÎLKLML‹ŒÍÍMNKNKLŒLNMŒML‹ŽŽŒÍÍ‹LMKŒNNLLKNKŽŒŽÌLŒÂŒMLËLLNNLLÍËŒMMÍÌŒÎN‹ŒLÌÌLÌÍBŒMLŽLNKMLMŽ‹LLËŒÎMŒMÎNKN‹ŒÍÎÎBŒMLŽKLÌËŒLÍLKLLM‹LŒŒÌÎKN‹ŒÌÍLÎMÌBŒMLÌMKÌNLNKLLÍLÌLÍMMN‹ŽNÍLŒŒ‚ŒMLÌKMM‹ŒŒ‹NLKŒÌÎMMŒNKNËŒMLŒ‚ŒMLÌ‹MKŽÌÎŒLLLËMÍËNMŒÌÌÌËNËŒÎŒMLŒMLÌËMÌËÌLŒŒLËMŒ‹ŽMMNNËNËNÎLBŒMLÍMÎKŽLMŒŽMËÍLÌÌMKNËÍNNMÌÂŒMLÍKNŒÍLÌŽËLÌ‹ŒLÌ‹NËŽÌMŒLÍÂŒMLÍ‹NËŒNÍÍNLM‹ŒLNLÍMKNËŽMÌLÌÂŒMLÍËNŒÌMLŒÎNMKŽLŽMŒÍÎÙKLMKŒKŒŒÍLNŒMLÎNËŒLÍŽNM‹ŒMLŽMLÍÌM‹ŒKŒMÎMLÍÂŒMLÎKNMÌËÌ‹ŒMMŒÌÌKŒKŒŒMŽMBŒMMMÎKŽMMLLKËŽMÌLKŒŽMÌLŒÂŒMMKMÌËÎÍLÌMKŒËŒLÍNLLËŒÍŽÌLBŒMM‹MKŽLÎŒŒÍKÍËÍMŒŽLÍMŒLÍNÌ‚ŒMMËMM‹NMŒŒÍMKLKÌMMÌÍŒNŒŒŒÌMMŒŽLÎŒMMMKLÌLNLLKLÌMLLNLKŒËŽLÌLŒNL‚ŒMMKLÌËŒMŒÎMMLÍ‹LM‹ÍNMÍLËŒËŒMÎLMŒBŒMM‹LNKLLÌNLNKLËŽMMÍÎNKŒËŒÌNMŽMBŒMMËLŽÎNLÌŽKLÍËŒÎÌKŒ‹ŽNLÍŽNMŒMMŽÍÌNLŒ‹MKÍNLÎMŽÍËŒ‹ÌMLŒÎMŽŒMMKÌ‹ŒLÍÌÌMNL‹ML‹ÌŽNÎMKŒ‹NLMMÍÌNBŒMMLMÌÍMŒÎMKMNŒŒNNLÍŒKŒ‹ŒLŽŒMÎBŒMMLKÍ‹ÎM‹MŒ‹ŒMÎLMNMËŒ‹ŒNLLÍÎLBŒMML‹NŒMMÎŽL‹MMÌLLLKŒ‹ŒÌMŒÌÂŒMMLËKŒMŒŽÍÎLÌLÎYKLMMKŒÍÌLŽÍÍ‹ŒKŽMÌŒÍLL‚ŒMMMLNŒMMÎŽL‹MMÌLLLKŒ‹ŒÌMŒÌÂŒMMMKLÍ‹ÎM‹MŒ‹ŒMÎLMNMËŒ‹ŒNLLÍÎLBŒMMM‹MMÌÍMŒÎMKMNŒŒNNLÍŒKŒ‹ŒLŽŒMÎBŒMMMËMÌ‹ŒLÍÌÌMNL‹ML‹ÌŽNÎMKŒ‹NLMMÍÌNBŒMMNNŽÍÌNLŒ‹MKÍNLÎMŽÍËŒ‹ÌMLŒÎMŽŒMMNKLLŽÎNLÌŽKLÍËŒÎÌKŒ‹ŽNLÍŽNMŒMMŒLLNKLLÌNLNKLËŽMMÍÎNKŒËŒÌNMŽMBŒMMŒKLLÌËŒMŒÎMMLÍ‹LM‹ÍNMÍLËŒËŒMÎLMŒBŒMMŒ‹LMKLÌLNLLKLÌMLLNLKŒËŽLÌLŒNL‚ŒMMŒËLMM‹NMŒŒÍMKLKÌMMÌÍŒNŒŒŒÌMMŒŽLÎŒMMLMKŽLÎŒŒÍKÍËÍMŒŽLÍMŒLÍNÌ‚ŒMMKLMÌËÎÍLÌMKŒËŒLÍNLLËŒÍŽÌLBŒMM‹LMÎKŽMMLLKËŽMÌLKŒŽMÌLŒÂŒMMËLNMÌËÌ‹ŒMMŒÌÌKŒKŒŒMŽMBŒMMŽLNËŒLÍŽNM‹ŒMLŽMLÍÌM‹ŒKŒMÎMLÍÂŒMMŽKLNŒÌMLŒÎNKŽÌLŽYKLMŒKŒŒÍLNŒMMÌLNËŒLÍŽNLM‹ŒMLŽMLÍÌM‹ŒKŒMÎMLÍÂŒMMÌKLNMÌËLÌ‹ŒMMŒÌÌKŒKŒŒMŽMBŒMMÌ‹LMÎKŽMMLLKMËŽMÌLKŒŽMÌLŒÂŒMMÌËLMÌËÎÍLÌMKMŒËŒLÍNLLËŒÍŽÌLBŒMMÍLMKŽLÎŒŒÍKMÍËÍMŒŽLÍMŒLÍNÌ‚ŒMMÍKLMM‹NMŒŒÍMKNLKÌMMÌÍŒNŒŒŒÌMMŒŽLÎŒMMÍ‹LMKLÌLNLLKLLÌMLLNLKŒËŽLÌLŒNL‚ŒMMÍËLLÌËŒMŒÎMMLÍ‹LLM‹ÍNMÍLËŒËŒMÎLMŒBŒMMÎLLNKLLÌNLNKLLËŽMMÍÎNKŒËŒÌNMŽMBŒMMÎKLLŽÎNLÌŽKLLÍËŒÎÌKŒ‹ŽNLÍŽNMŒMNNŽÍÌNLŒ‹LMKÍNLÎMŽÍËŒ‹ÌMLŒÎMŽŒMNKMÌ‹ŒLÍÌÌMNL‹LML‹ÌŽNÎMKŒ‹NLMMÍÌNBŒMN‹MMÌÍMŒÎMKLMNŒŒNNLÍŒKŒ‹ŒLŽŒMÎBŒMNËLÍ‹ÎM‹LMŒ‹ŒMÎLMNMËŒ‹ŒNLLÍÎLBŒMNLNŒMMÎŽL‹LMMÌLLLKŒ‹ŒÌMŒÌÂŒMNKLËŒŒLMMÍMMLÍ™KLMLMKŒÍÌLŽÍÍ‹ŒKŽMÌŒÍLL‚ŒMN‹NŒMMÎŽL‹LMMÌLLLKŒ‹ŒÌMŒÌÂŒMNËÍ‹ÎM‹LMŒ‹ŒMÎLMNMËŒ‹ŒNLLÍÎLBŒMNMÌÍMŒÎMKLMNŒŒNNLÍŒKŒ‹ŒLŽŒMÎBŒMNKÌ‹ŒLÍÌÌMNL‹LML‹ÌŽNÎMKŒ‹NLMMÍÌNBŒMNLŽÍÌNLŒ‹LMKÍNLÎMŽÍËŒ‹ÌMLŒÎMŽŒMNLKLŽÎNLÌŽKLLÍËŒÎÌKŒ‹ŽNLÍŽNMŒMNL‹LNKLLÌNLNKLLËŽMMÍÎNKŒËŒÌNMŽMBŒMNLËLÌËŒMŒÎMMLÍ‹LLM‹ÍNMÍLËŒËŒMÎLMŒBŒMNMMKLÌLNLLKLLÌMLLNLKŒËŽLÌLŒNL‚ŒMNMKMM‹NMŒŒÍMKNLKÌMMÌÍŒNŒŒŒÌMMŒŽLÎŒMNM‹MKŽLÎŒŒÍKMÍËÍMŒŽLÍMŒLÍNÌ‚ŒMNMËMÌËÎÍLÌMKMŒËŒLÍNLLËŒÍŽÌLBŒMNNMÎKŽMMLLKMËŽMÌLKŒŽMÌLŒÂŒMNNKNMÌËLÌ‹ŒMMŒÌÌKŒKŒŒMŽMBŒMŒNËŒLÍŽNLM‹ŒMLŽMLÍÌM‹ŒKŒMÎMLÍÂŒMŒKNLÌÌŒMŒNŒMMÍÍ™KLMKŒÍŽŒNŒMŒ‹NËŒÌLLŒŽM‹ŒMÍÌÍLÌËŒÍŒÎLÌMMÂŒMŒËNŽLÌÌŒŒKÌ‹ŒÍŒLÎL‹ŒÍŒŽÍMÍNNŒMŒNŒNLÌLNKŒMŒŒÎMÍLNŒÍŒLMŒLLŽLLBŒMŒKMÍŒNN‹ŒËLÌMLMÍÎ‹ŒÌËŽLÌÌŒŒMŒ‹M‹ŒÍÎMÌÍŒ‹ÎŒMÎMNMMÎŒÌËŒLÍÎÎBŒMŒËMM‹ŽMMMLÍL‹ŒNNLNÎŒÌËŒÎMŒÍÍ‚ŒMŒMKŽMŒÌMËLKŒÍLŽMKŒÌ‹ŽLÍŒÌMLBŒMŒKLÌËÍŒMËLMËÍÌLLŽKŒÌ‹MŒMŒNBŒMŒLLNKÎLŒÎLÌ‹LŽŒLLŒNŒÌ‹ŒNLŒÌÍ‚ŒMŒLKLŽLŒLMÍM‹LÎŒŒÍŒŽŒÌKŽÍLML‚ŒMŒL‹KŒÎÎLÍNM‹ŒŒÌMŒMËŒÌKLÎMMŽBŒMŒLËÌ‹ŒŽLMMMŒKMLËŒŒLÍŒÌKŒŒNNMÍŒMŒMMŽLLLMLŒKMNKŒLÍÌÍLÎŒÌŽNMLÌÌM‚ŒMŒMKÍ‹ŽNMMNËMŒËŒLMLŒ‹ŒÌŽLŒŽBŒMŒM‹NLNLŒNNMKLMNMÍŽKŒÌŽMŒMNNNBŒMŒMËKŒÎNNLNÍŒYKLMM‹ŒÌMÍÌÍMŽKŒÌNMLBŒMŒNLNLNLŒNNMKLMNMÍŽKŒÌŽMŒMNNNBŒMŒNKLÍ‹ŽNMMNËMŒËŒLMLŒ‹ŒÌŽLŒŽBŒMŒŒMMŽLLLMLŒKMNKŒLÍÌÍLÎŒÌŽNMLÌÌM‚ŒMŒŒKMÌ‹ŒŽLMMMŒKMLËŒŒLÍŒÌKŒŒNNMÍŒMŒŒ‹NKŒÎÎLÍNM‹ŒŒÌMŒMËŒÌKLÎMMŽBŒMŒŒËLLŽLŒLMÍM‹LÎŒŒÍŒŽŒÌKŽÍLML‚ŒMŒLLNKÎLŒÎLÌ‹LŽŒLLŒNŒÌ‹ŒNLŒÌÍ‚ŒMŒKLLÌËÍŒMËLMËÍÌLLŽKŒÌ‹MŒMŒNBŒMŒ‹LMKŽMŒÌMËLKŒÍLŽMKŒÌ‹ŽLÍŒÌMLBŒMŒËLMM‹ŽMMMLÍL‹ŒNNLNÎŒÌËŒÎMŒÍÍ‚ŒMŒŽLM‹ŒÍÎMÌÍŒ‹ÎŒMÎMNMMÎŒÌËŒLÍÎÎBŒMŒŽKLMÍŒNN‹ŒËLÌMLMÍÎ‹ŒÌËŽLÌÌŒŒMŒÌLNŒNLÌLNKŒMŒŒÎMÍLNŒÍŒLMŒLLŽLLBŒMŒÌKLNŽLÌÌŒŒKÌ‹ŒÍŒLÎL‹ŒÍŒŽÍMÍNNŒMŒÌ‹LNËŒÌLLŒŽM‹ŒMÍÌÍLÌËŒÍŒÎLÌMMÂŒMŒÌËLNLÌÌŒMŒKŽLŽÌŒNKLMŒÍŽŒNŒMŒÍLNËŒÌLLŒŽLM‹ŒMÍÌÍLÌËŒÍŒÎLÌMMÂŒMŒÍKLNŽLÌÌŒŒKLÌ‹ŒÍŒLÎL‹ŒÍŒŽÍMÍNNŒMŒÍ‹LNŒNLÌLNKMŒMŒŒÎMÍLNŒÍŒLMŒLLŽLLBŒMŒÍËLMÍŒNN‹MŒËLÌMLMÍÎ‹ŒÌËŽLÌÌŒŒMŒÎLM‹ŒÍÎMÌÍŒ‹MÎŒMÎMNMMÎŒÌËŒLÍÎÎBŒMŒÎKLMM‹ŽMMMLÍNL‹ŒNNLNÎŒÌËŒÎMŒÍÍ‚ŒMLMKŽMŒÌMËLLKŒÍLŽMKŒÌ‹ŽLÍŒÌMLBŒMKLLÌËÍŒMËLLMËÍÌLLŽKŒÌ‹MŒMŒNBŒM‹LLNKÎLŒÎLÌ‹LLŽŒLLŒNŒÌ‹ŒNLŒÌÍ‚ŒMËLLŽLŒLMÍM‹LLÎŒŒÍŒŽŒÌKŽÍLML‚ŒMNKŒÎÎLÍNLM‹ŒŒÌMŒMËŒÌKLÎMMŽBŒMKMÌ‹ŒŽLMMMŒKLMLËŒŒLÍŒÌKŒŒNNMÍŒM‹MMŽLLLMLŒKLMNKŒLÍÌÍLÎŒÌŽNMLÌÌM‚ŒMËLÍ‹ŽNMMNËLMŒËŒLMLŒ‹ŒÌŽLŒŽBŒMLNLNLŒNNLMKLMNMÍŽKŒÌŽMŒMNNNBŒMKMMÍÍLMÎMKLMLM‹ŒÌMÍÌÍMŽKŒÌNMLBŒMLNLNLŒNNLMKLMNMÍŽKŒÌŽMŒMNNNBŒMLKÍ‹ŽNMMNËLMŒËŒLMLŒ‹ŒÌŽLŒŽBŒML‹MŽLLLMLŒKLMNKŒLÍÌÍLÎŒÌŽNMLÌÌM‚ŒMLËÌ‹ŒŽLMMMŒKLMLËŒŒLÍŒÌKŒŒNNMÍŒMMKŒÎÎLÍNLM‹ŒŒÌMŒMËŒÌKLÎMMŽBŒMMKLŽLŒLMÍM‹LLÎŒŒÍŒŽŒÌKŽÍLML‚ŒMM‹LNKÎLŒÎLÌ‹LLŽŒLLŒNŒÌ‹ŒNLŒÌÍ‚ŒMMËLÌËÍŒMËLLMËÍÌLLŽKŒÌ‹MŒMŒNBŒMNMKŽMŒÌMËLLKŒÍLŽMKŒÌ‹ŽLÍŒÌMLBŒMNKMM‹ŽMMMLÍNL‹ŒNNLNÎŒÌËŒÎMŒÍÍ‚ŒMŒM‹ŒÍÎMÌÍŒ‹MÎŒMÎMNMMÎŒÌËŒLÍÎÎBŒMŒKMÍŒNN‹MŒËLÌMLMÍÎ‹ŒÌËŽLÌÌŒŒMŒ‹NŒNLÌLNKMŒMŒŒÎMÍLNŒÍŒLMŒLLŽLLBŒMŒËNŽLÌÌŒŒKLÌ‹ŒÍŒLÎL‹ŒÍŒŽÍMÍNNŒMNËŒÌLLŒŽLM‹ŒMÍÌÍLÌËŒÍŒÎLÌMMÂŒMKNKMŒÌNÍKNKŒÎÍLÂŒM‹NLŒNLËM‹ÌÎNLËNKMÌMŽBŒMËNKŽLŒMÍŽÌ‹ÌÍÌËNKŒLŽŒMŽNKLÍŽL‹ÌLMLLNKŒÍLÂŒMŽKMÍKŒLÌÍŽNÌKŒŒNLNLÎLKNŽMÍMMMLŒ‚ŒMÌMËŒMÎMŽLŽKÎKŒLÍÍŽLÍKNÎLÍŽŒMÌKMMËŒMNLŒÍLKLËŒŒÍŒŽŒMÎNŒÍMNMÎBŒMÌ‹M‹LÍŒMÍL‹ŽÎLÌMMËMËŽŽNÎŒMÌËLÍŒLÌ‹LNÍŒMNÍËMËŽÌMÍ‚ŒMÍLŒŒMÍLÌLMLŽKÍMÍNNKMËŒLLŽŒMÍKLKŒÌMMNLŽMKLÎKMMÎMLM‹M‹ŒNMMÍŒMÍ‹KŒÍNMÌŒÌMŒŽMŽŽM‹ŒMÍÍLL‚ŒMÍËÌ‹MNLNMMKŒÍÍŽMÍKMKŽLNNLBŒMÎMKŒÌLLÍL‹MŒŒLÌÌÌKMKLNMNNBŒMÎKÍ‹ŽNNLNMLMŒMLNLKMKMMMŒMŽNNŽMMMKMËŒÎNLŽMKMKŒÌŒÍÌÂŒMŽKKŒMŒÌÎMÍYKLMMËŽŽMÌŽNMKŒŽÌNBŒMŽ‹LNNŽMMMKMËŒÎNLŽMKMKŒÌŒÍÌÂŒMŽËLÍ‹ŽNNLNMLMŒMLNLKMKMMMŒMŽMMKŒÌLLÍL‹MŒŒLÌÌÌKMKLNMNNBŒMŽKMÌ‹MNLNMMKŒÍÍŽMÍKMKŽLNNLBŒMŽ‹NKŒÍNMÌŒÌMŒŽMŽŽM‹ŒMÍÍLL‚ŒMŽËLLKŒÌMMNLŽMKLÎKMMÎMLM‹M‹ŒNMMÍŒMŽLLŒŒMÍLÌLMLŽKÍMÍNNKMËŒLLŽŒMŽKLLÍŒLÌ‹LNÍŒMNÍËMËŽÌMÍ‚ŒMŽLLM‹LÍŒMÍL‹ŽÎLÌMMËMËŽŽNÎŒMŽLKLMMËŒMNLŒÍLKLËŒŒÍŒŽŒMÎNŒÍMNMÎBŒMŽL‹LMËŒMÎMŽLŽKÎKŒLÍÍŽLÍKNÎLÍŽŒMŽLËLMÍKŒLÌÍŽNÌKŒŒNLNLÎLKNŽMÍMMMLŒ‚ŒMŽMLNKLÍŽL‹ÌLMLLNKŒÍLÂŒMŽMKLNKŽLŒMÍŽÌ‹ÌÍÌËNKŒLŽŒMŽM‹LNLŒNLËM‹ÌÎNLËNKMÌMŽBŒMŽMËLNKMŒÌNÍKKŒŽNMÌÌMÍÍÍMKLMNKŒÎÍLÂŒMŽNLNLŒNLËLM‹ÌÎNLËNKMÌMŽBŒMŽNKLNKŽLŒMÍŽLÌ‹ÌÍÌËNKŒLŽŒMÌLNKLÍŽL‹MÌLMLLNKŒÍLÂŒMÌKLMÍKŒLÌÍŽNÌKMŒŒNLNLÎLKNŽMÍMMMLŒ‚ŒMÌ‹LMËŒMÎMŽLŽKMÎKŒLÍÍŽLÍKNÎLÍŽŒMÌËLMMËŒMNLŒÍLKNLËŒŒÍŒŽŒMÎNŒÍMNMÎBŒMÌLM‹LÍŒMÍLL‹ŽÎLÌMMËMËŽŽNÎŒMÌKLLÍŒLÌ‹LLNÍŒMNÍËMËŽÌMÍ‚ŒMÌ‹LLŒŒMÍLÌLMLLŽKÍMÍNNKMËŒLLŽŒMÌËLLKŒÌMMNLŽMKLLÎKMMÎMLM‹M‹ŒNMMÍŒMÌNKŒÍNMÌŒÌLMŒŽMŽŽM‹ŒMÍÍLL‚ŒMÌKMÌ‹MNLNLMMKŒÍÍŽMÍKMKŽLNNLBŒMÌLMMKŒÌLLÍL‹LMŒŒLÌÌÌKMKLNMNNBŒMÌLKLÍ‹ŽNNLNMLLMŒMLNLKMKMMMŒMÌL‹LNNŽMMMKLMËŒÎNLŽMKMKŒÌŒÍÌÂŒMÌLËLËŒŒMŽLŒKLMLMËŽŽMÌŽNMKŒŽÌNBŒMÌMNNŽMMMKLMËŒÎNLŽMKMKŒÌŒÍÌÂŒMÌMKÍ‹ŽNNLNMLLMŒMLNLKMKMMMŒMÌM‹MKŒÌLLÍL‹LMŒŒLÌÌÌKMKLNMNNBŒMÌMËÌ‹MNLNLMMKŒÍÍŽMÍKMKŽLNNLBŒMÌNKŒÍNMÌŒÌLMŒŽMŽŽM‹ŒMÍÍLL‚ŒMÌNKLKŒÌMMNLŽMKLLÎKMMÎMLM‹M‹ŒNMMÍŒMÌŒLŒŒMÍLÌLMLLŽKÍMÍNNKMËŒLLŽŒMÌŒKLÍŒLÌ‹LLNÍŒMNÍËMËŽÌMÍ‚ŒMÌŒ‹M‹LÍŒMÍLL‹ŽÎLÌMMËMËŽŽNÎŒMÌŒËMMËŒMNLŒÍLKNLËŒŒÍŒŽŒMÎNŒÍMNMÎBŒMÌMËŒMÎMŽLŽKMÎKŒLÍÍŽLÍKNÎLÍŽŒMÌKMÍKŒLÌÍŽNÌKMŒŒNLNLÎLKNŽMÍMMMLŒ‚ŒMÌ‹NKLÍŽL‹MÌLMLLNKŒÍLÂŒMÌËNKŽLŒMÍŽLÌ‹ÌÍÌËNKŒLŽŒMÌŽNLŒNLËLM‹ÌÎNLËNKMÌMŽB‚‘]H™XÛÜ™Ì‚OOOOOOOOOOOOOOOOOOOOOOOOOOOOOOOOOOOOOOOOOOOOOOOOOOOOOOOOOOOOOOOOOOOOOOOOOOB”Ý\H‚•[YHHŽNLÍNL‚‘]HHÚ\ØÛÛXÝÙ]BŒKŒÍŒÌŒÍÍMLÌKËŒÌŒÍÍMLÌYKL‚Œ‹ŒÍŽÍÌLÍKËŽÍÌLÍYKL‚ŒËŒÍŽMÌÌŒËËŽMÌÌŒÙKL‚ŒÍŽNŒÍÌM‹ËŽNŒÍÌM™KL‚KŒÍÌŒŒŽLŽNKËÌŒŒŽLŽNYKL‚‹ŒÍÍLLLMŽKËÍLLLMŽYKL‚ËŒÍÎMMÌMŒ‹ËÎMMÌMŒ™KL‚ŽŒÎŽÌLËŽŽÌLKL‚ŽKŒÎÌLLÍMËŽÌLLÍMKL‚ŒLŒÎLMÍMÍŒŒÎ‹ËŽLMÍMÍŒŒÎ™KL‚ŒLKŒÎMŒMŒÌÎKËŽMŒMŒÌÎYKL‚ŒL‹ŒMLLKŒMLLYKL‚ŒLËŒLLŒLËŒLLŒLÙKL‚ŒMŒÌÍLMÍMŒÌÍLMÍMKL‚ŒMKŒLMLMÍŒLMLMÍKL‚ŒM‹ŒLŒLMÍÌÌKŒLŒLMÍÌÌYKL‚ŒMËŒLŒLMÍÌÌŒLŒLMÍÌÌKL‚ŒNŒLMLMÍŒLMLMÍKL‚ŒNKŒÌÍLMÍM‹ŒÌÍLMÍM™KL‚ŒŒŒLLŒLËŒLLŒLÙKL‚ŒŒKŒMLŒMLKL‚ŒŒ‹ŒÎMŒMŒÌÎËŽMŒMŒÌÎKL‚ŒŒËŒÎLMÍMÍŒŒÎ‹ËŽLMÍMÍŒŒÎ™KL‚ŒŒÎÌLLÍMŒ‹ËŽÌLLÍMŒ™KL‚ŒKŒÎŽÌLËŽŽÌLKL‚Œ‹ŒÍÎMMÌMŒ‹ËÎMMÌMŒ™KL‚ŒËŒÍÍLLLMŽËÍLLLMŽKL‚ŒŽŒÍÌŒŒŽLÌKËÌŒŒŽLÌYKL‚ŒŽKŒÍŽNŒÍÌMNËŽNŒÍÌMNKL‚ŒÌŒÍŽMÌÌŒŽKËŽMÌÌŒŽYKL‚ŒÌKŒÍŽÍÌLÌ‹ËŽÍÌLÌ™KL‚ŒÌ‹ŒÍŒÌŒÍÍMLŽKËŒÌŒÍÍMLŽYKL‚ŒÌËŒÎÌMLLÌËËŽÌMLLÌÙKL‚ŒÍŒÎÍŒÌ‹ËŽÍŒÌ™KL‚ŒÍKŒÎMLLÌËËŽMLLÌÙKL‚ŒÍ‹ŒÎÌMÎMLÌÎËŽÌMÎMLÌÎKL‚ŒÍËŒÎŒÌMÍÌMËŽŒÌMÍÌMKL‚ŒÎŒÎÎLMMÎÍËŽÎLMMÎÍKL‚ŒÎKŒÎÌŽMËËŽÌŽMÙKL‚ŒÎMÌÍÍNLÎKËŽMÌÍÍNLÎYKL‚KŒÎŽMŒÍÌÌKËŽŽMŒÍÌÌYKL‚‹ŒÎŒNÎM‹ËŽŒNÎM™KL‚ËŒÎLLÍ‹ËŽLLÍ™KL‚ŒÎLMÍÎLÎMÍËŽLMÍÎLÎMÍKL‚KŒÎLÌÍMŒÌŒŒ‹ËŽLÌÍMŒÌŒŒ™KL‚‹ŒÎMÌMMMËŽMÌMMMKL‚ËŒÎMMŒLLNÍ‹ËŽMMŒLLNÍ™KL‚ŒÎMŒLŽLNLŒÌËŽMŒLŽLNLŒÌKL‚KŒÎMŒLŽLNLŒÌKËŽMŒLŽLNLŒÌYKL‚LŒÎMMŒLLNÌËËŽMMŒLLNÌÙKL‚LKŒÎMÌMMMËŽMÌMMMKL‚L‹ŒÎLÌÍMŒÌŒ‹ËŽLÌÍMŒÌŒ™KL‚LËŒÎLMÍÎLÎMÍKËŽLMÍÎLÎMÍYKL‚MŒÎLLÍ‹ËŽLLÍ™KL‚MKŒÎŒNÎM‹ËŽŒNÎM™KL‚M‹ŒÎŽMŒÍÌÌLKËŽŽMŒÍÌÌLYKL‚MËŒÎMÌÍÍNLÎËËŽMÌÍÍNLÎÙKL‚NŒÎÌŽMËËŽÌŽMÙKL‚NKŒÎÎLMMÎÍËŽÎLMMÎÍKL‚ŒŒÎŒÌMÍÌM‹ËŽŒÌMÍÌM™KL‚ŒKŒÎÌMÎMLÌÎKËŽÌMÎMLÌÎYKL‚Œ‹ŒÎMLLÌËËŽMLLÌÙKL‚ŒËŒÎÍŒÌËŽÍŒÌKL‚ŒÎÌMLLÌ‹ËŽÌMLLÌ™KL‚KŒÎLLÍNŽ‹ËŽLLÍNŽ™KL‚‹ŒÎLLMLLLÌÌËËŽLLMLLLÌÌÙKL‚ËŒÎLMÌÍŒ‹ËŽLMÌÍŒ™KL‚ŽŒÎLŽLÍÍLËËŽLŽLÍÍLÙKL‚ŽKŒÎMŒŒÍÌËŽMŒŒÍÌKL‚ÌŒÎÌŒLŒÌÍMÍ‹ËŽÌŒLŒÌÍMÍ™KL‚ÌKŒÎŒÌÍKËŽŒÌÍYKL‚Ì‹ŒÎLŒŒLÌËËŽLŒŒLÌÙKL‚ÌËŒÎÌÎÍÍËËŽÌÎÍÍÙKL‚ÍŒÎÌÌLÎKËŽÌÌLÎYKL‚ÍKŒÎMÌŒMM‹ËŽMÌŒMM™KL‚Í‹ŒÎLMLLLMLKËŽLMLLLMLYKL‚ÍËŒÎLLÍMŽËŽLLÍMŽKL‚ÎŒÎLNLÍŒKËŽLNLÍŒYKL‚ÎKŒÎLMŒÍÌLÎL‹ËŽLMŒÍÌLÎL™KL‚ŽŒÎLNMÎLÎÍMLËËŽLNMÎLÎÍMLÙKL‚ŽKŒÎLNMÎLÎÍMMKËŽLNMÎLÎÍMMYKL‚Ž‹ŒÎLMŒÍÌLÎLËËŽLMŒÍÌLÎLÙKL‚ŽËŒÎLNLÍŒKËŽLNLÍŒYKL‚ŽŒÎLLÍMŽËŽLLÍMŽKL‚ŽKŒÎLMLLLMMKËŽLMLLLMMYKL‚Ž‹ŒÎMÌŒMMËËŽMÌŒMMÙKL‚ŽËŒÎÌÌLÍÎËŽÌÌLÍÎKL‚ŽŒÎÌÎÍÍÌKËŽÌÎÍÍÌYKL‚ŽKŒÎLŒŒLÌËËŽLŒŒLÌÙKL‚ŽLŒÎŒÌÍËËŽŒÌÍÙKL‚ŽLKŒÎÌŒLŒÌÍMÎËŽÌŒLŒÌÍMÎKL‚ŽL‹ŒÎMŒŒÍÌŒËËŽMŒŒÍÌŒÙKL‚ŽLËŒÎLŽLÍÍLËËŽLŽLÍÍLÙKL‚ŽMŒÎLMÌÍËŽLMÌÍKL‚ŽMKŒÎLLMLLLÌËËŽLLMLLLÌÙKL‚ŽM‹ŒÎLLÍNŽKËŽLLÍNŽYKL‚ŽMËŒÎMÌŒŽL‹ËŽMÌŒŽL™KL‚ŽNŒÎLÌMLŽMÍŒKËŽLÌMLŽMÍŒYKL‚ŽNKŒÎLÍNLMËËŽLÍNLMÙKL‚ŒLŒÎÎMÍMŒÌMLKËŽÎMÍMŒÌMLYKL‚ŒLKŒÎÍMNLNLËËŽÍMNLNLÙKL‚ŒL‹ŒÎÍMMÍŽNKËŽÍMMÍŽNYKL‚ŒLËŒÎMLÍLËËŽMLÍLÙKL‚ŒLŒÎLŽLŒKËŽLŽLŒYKL‚ŒLKŒÎLŒŒLNLMËËŽLŒŒLNLMÙKL‚ŒL‹ŒÎŽÎMMËËŽŽÎMMÙKL‚ŒLËŒÎLŽÍŒÍŒËËŽLŽÍŒÍŒÙKL‚ŒLŒÎLŒŒNÍŽŒKËŽLŒŒNÍŽŒYKL‚ŒLKŒÎMÌÍMLÌŒKËŽMÌÍMLÌŒYKL‚ŒLLŒÎMMMÎLÍMËŽMMMÎLÍMKL‚ŒLLKŒÎMMÌÌÍËËŽMMÌÌÍÙKL‚ŒLL‹ŒÎMÌŒNÌŒŒNËŽMÌŒNÌŒŒNKL‚ŒLLËŒÎMÌŒNÌŒŒMKËŽMÌŒNÌŒŒMYKL‚ŒLMŒÎMMÌÌÎËŽMMÌÌÎKL‚ŒLMKŒÎMMMÎLÍM‹ËŽMMMÎLÍM™KL‚ŒLM‹ŒÎMÌÍMLÌËŽMÌÍMLÌKL‚ŒLMËŒÎLŒŒNÍŽŒ‹ËŽLŒŒNÍŽŒ™KL‚ŒLNŒÎLŽÍŒÍŒKËŽLŽÍŒÍŒYKL‚ŒLNKŒÎŽÎMMËËŽŽÎMMÙKL‚ŒLŒŒÎLŒŒLNLMËËŽLŒŒLNLMÙKL‚ŒLŒKŒÎLŽLŒKËŽLŽLŒYKL‚ŒLŒ‹ŒÎMLÍLËŽMLÍLKL‚ŒLŒËŒÎÍMMÍŽNKËŽÍMMÍŽNYKL‚ŒLŒÎÍMNLNM‹ËŽÍMNLNM™KL‚ŒLKŒÎÎMÍMŒÌMKËŽÎMÍMŒÌMYKL‚ŒL‹ŒÎLÍNLMËŽLÍNLMKL‚ŒLËŒÎLÌMLŽMÍËŽLÌMLŽMÍKL‚ŒLŽŒÎMÌŒŽLNKËŽMÌŒŽLNYKL‚ŒLŽKŒÍÍŒÎÎŽKËÍŒÎÎŽYKL‚ŒLÌŒÍŽNMÎÌKËŽNMÎÌYKL‚ŒLÌKŒÍŽLÌÌŒ‹ËŽLÌÌŒ™KL‚ŒLÌ‹ŒÍŽNNMÍÎËŽNNMÍÎKL‚ŒLÌËŒÍÌMÍNMŽMËÌMÍNMŽMKL‚ŒLÍŒÍÍÌLÌÎLËÍÌLÌÎLKL‚ŒLÍKŒÍÍÍÌÍMÎNKËÍÍÌÍMÎNYKL‚ŒLÍ‹ŒÎNLŒÎML‹ËŽNLŒÎML™KL‚ŒLÍËŒÎMŒŽMËËŽMŒŽMÙKL‚ŒLÎŒÎLLÌLLÍNËËŽLLÌLLÍNÙKL‚ŒLÎKŒÎMŒLÌÍL‹ËŽMŒLÌÍL™KL‚ŒMŒLŽNLÍËŒLŽNLÍÙKL‚ŒMKŒÍMMÎNŒ‹ŒÍMMÎNŒ™KL‚ŒM‹ŒÍMÍÍËŒÍMÍÍÙKL‚ŒMËŒMLÌÍÍŽÎKŒMLÌÍÍŽÎYKL‚ŒMŒLŒMLMÍKŒLŒMLMÍYKL‚ŒMKŒLŒMLMÍKŒLŒMLMÍYKL‚ŒM‹ŒMLÌÍÍŽŒMLÌÍÍŽKL‚ŒMËŒÍMÍÍ‹ŒÍMÍÍ™KL‚ŒMŒÍMMÎNŒKŒÍMMÎNŒYKL‚ŒMKŒLŽNLÍKŒLŽNLÍYKL‚ŒMLŒÎMŒLÌÍLËŽMŒLÌÍLKL‚ŒMLKŒÎLLÌLLÍNËŽLLÌLLÍNKL‚ŒML‹ŒÎMŒŽNKËŽMŒŽNYKL‚ŒMLËŒÎNLŒÎML‹ËŽNLŒÎML™KL‚ŒMMŒÍÍÍÌÍMÎNKËÍÍÌÍMÎNYKL‚ŒMMKŒÍÍÌLÌÎLËÍÌLÌÎLKL‚ŒMM‹ŒÍÌMÍNMŽMKËÌMÍNMŽMYKL‚ŒMMËŒÍŽNNMÍÍÎNKËŽNNMÍÍÎNYKL‚ŒMNŒÍŽLÌÌŒKËŽLÌÌŒYKL‚ŒMNKŒÍŽNMÎÌËËŽNMÎÌÙKL‚ŒMŒŒÍÍŒÎÎ‹ËÍŒÎÎ™KL‚ŒMŒKŒÌÌŽNMMLËŒÌŽNMMLKL‚ŒMŒ‹ŒÌÍMMÌÍÎLŽKËŒÍMMÌÍÎLŽYKL‚ŒMŒËŒÌÎNMŽLŒŒÎËŒÎNMŽLŒŒÎKL‚ŒMŒÍMLŒMMŒMÍ‹ËMLŒMMŒMÍ™KL‚ŒMKŒÍLNLÌÌLLËËLNLÌÌLLÙKL‚ŒM‹ŒÍNLÍŒMŒŒŒ‹ËNLÍŒMŒŒŒ™KL‚ŒMËŒÍÎMÌŒÍÍËËÎMÌŒÍÍÙKL‚ŒMŽŒÍÍÌMMLÍÎM‹ËÍÌMMLÍÎM™KL‚ŒMŽKŒÎŽMŒŒÌŒËŽŽMŒŒÌŒKL‚ŒMÌŒÎMŒÌLNËËŽMŒÌLNÙKL‚ŒMÌKŒNÍŽMNËŒNÍŽMNÙKL‚ŒMÌ‹ŒMŽLMLÌÍËŒMŽLMLÌÍÙKL‚ŒMÌËŒŒNNLŽÎNŒŒNNLŽÎNKL‚ŒMÍŒLLMLLKŒLLMLLYKL‚ŒMÍKŒÌLMŒÎLMËŒÌLMŒÎLMÙKL‚ŒMÍ‹ŒÌŒMLŽËŒÌŒMLŽÙKL‚ŒMÍËŒÌŒMLŽKŒÌŒMLŽYKL‚ŒMÎŒÌLMŒÎLNŒÌLMŒÎLNKL‚ŒMÎKŒLLMLLŒLLMLLKL‚ŒNŒŒNNLŽÎN‹ŒŒNNLŽÎN™KL‚ŒNKŒMŽLMLÌÍËŒMŽLMLÌÍÙKL‚ŒN‹ŒNÍŽMNŒNÍŽMNKL‚ŒNËŒÎMŒÌLNËŽMŒÌLNKL‚ŒNŒÎŽMŒŒÌŒKËŽŽMŒŒÌŒYKL‚ŒNKŒÍÍÌMMLÍÎM‹ËÍÌMMLÍÎM™KL‚ŒN‹ŒÍÎMÌŒÍÍ‹ËÎMÌŒÍÍ™KL‚ŒNËŒÍNLÍŒMŒŒŒŽËNLÍŒMŒŒŒŽKL‚ŒNŒÍLNLÌÌLLËËLNLÌÌLLÙKL‚ŒNKŒÍMLŒMMŒMÍ‹ËMLŒMMŒMÍ™KL‚ŒNLŒÌÎNMŽLŒŒÎËËŒÎNMŽLŒŒÎÙKL‚ŒNLKŒÌÍMMÌÍÎLŽËËŒÍMMÌÍÎLŽÙKL‚ŒNL‹ŒÌÌŽNMMLKËŒÌŽNMMLYKL‚ŒNLËŒŽMŒLÎMLŽNNK‹ŽMŒLÎMLŽNNYKL‚ŒNMŒŽMŽNNM‹‹ŽMŽNNM™KL‚ŒNMKŒÌNMÎLKËŒNMÎLYKL‚ŒNM‹ŒÌMMÌNLÌÎNKËŒMMÌNLÌÎNYKL‚ŒNMËŒÌŒLNLMËËŒŒLNLMÙKL‚ŒNNŒÌÍÍLLŒÎŒKËŒÍÍLLŒÎŒYKL‚ŒNNKŒÍMMÎLÍÌÌÍŽËMMÎLÍÌÌÍŽKL‚ŒŒŒÍÌLÍLNMŒŽKËÌLÍLNMŒŽYKL‚ŒŒKŒÎLLŽLÎËËŽLLŽLÎÙKL‚ŒŒ‹ŒNLÎLŒMMËŒNLÎLŒMMÙKL‚ŒŒËŒŒŒŽMLÍLKŒŒŒŽMLÍLYKL‚ŒŒŒÌÍNLÌŒÍÌÍ‹ŒÌÍNLÌŒÍÌÍ™KL‚ŒŒKŒŽÎLŒÌKŽÎLŒÌYKL‚ŒŒ‹ŒLÌÌŒÎLÌÌŒÎKL‚ŒŒËŒNLLÌÎKNLLÌÎYKL‚ŒŒŒŒNNLMÍËŒNNLMÍÙKL‚ŒŒKŒŒNNLMÍÌËŒNNLMÍÌÙKL‚ŒŒLŒNLLÌÎNLLÌÎKL‚ŒŒLKŒLÌÌŒÎKLÌÌŒÎYKL‚ŒŒL‹ŒŽÎLŒÌŽÎLŒÌKL‚ŒŒLËŒÌÍNLÌŒÍÌÍKŒÌÍNLÌŒÍÌÍYKL‚ŒŒMŒŒŒŽMLÍLŒŒŒŽMLÍLKL‚ŒŒMKŒNLÎLŒMMKŒNLÎLŒMMYKL‚ŒŒM‹ŒÎLLŽLÎËËŽLLŽLÎÙKL‚ŒŒMËŒÍÌLÍLNMŒŽKËÌLÍLNMŒŽYKL‚ŒŒNŒÍMMÎLÍÌÌÍŽKËMMÎLÍÌÌÍŽYKL‚ŒŒNKŒÌÍÍLLŒÎŒKËŒÍÍLLŒÎŒYKL‚ŒŒŒŒÌŒLNLNKËŒŒLNLNYKL‚ŒŒŒKŒÌMMÌNLÌÎNKËŒMMÌNLÌÎNYKL‚ŒŒŒ‹ŒÌNMÎLMËŒNMÎLMKL‚ŒŒŒËŒŽMŽNNŒ‹‹ŽMŽNNŒ™KL‚ŒŒŒŽMŒLÎMLŽŒ‹‹ŽMŒLÎMLŽŒ™KL‚ŒŒKŒŽLÌNMÌŒŒŽ‹ŽLÌNMÌŒŒŽKL‚ŒŒ‹ŒŽLÍLM‹ŽLÍLMKL‚ŒŒËŒÍMŒNLLÌK‹ÍMŒNLLÌYKL‚ŒŒŽŒÍMLŒŒN‹ÍMLŒŒNKL‚ŒŒŽKŒŽÌMNNM‹ŽÌMNNMKL‚ŒŒÌŒÌMLŽLLÍÍËŒMLŽLLÍÍKL‚ŒŒÌKŒÌÍŽMLLÍÎMŽM‹ËŒÍŽMLLÍÎMŽM™KL‚ŒŒÌ‹ŒÍLMÌŽMMLKËLMÌŽMMLYKL‚ŒŒÌËŒÎLŒÌNÍMÍËŽLŒÌNÍMÍKL‚ŒŒÍŒMÍŒŽL‹ŒMÍŒŽL™KL‚ŒŒÍKŒŒLŽKŒLŽYKL‚ŒŒÍ‹ŒŒÍÎMKŒÍÎMYKL‚ŒŒÍËŒÍLLŒMÌÌËÍLLŒMÌÌÙKL‚ŒŒÎŒMLMŒŒMKŽMLMŒŒMYKL‚ŒŒÎKŒMÌÍLŒÌKŽMÌÍLŒÌYKL‚ŒŒLMMÍŽLŒÌKKŒMMÍŽLŒÌYKL‚ŒKŒLMMÍŽLŒÌLKKŒMMÍŽLŒÌLYKL‚Œ‹ŒMÌÍLŒÌ‹ŽMÌÍLŒÌ™KL‚ŒËŒMLMŒŒNKŽMLMŒŒNYKL‚ŒŒÍLLŒMÌÍKÍLLŒMÌÍYKL‚ŒKŒŒÍÎLÎKŒÍÎLÎYKL‚Œ‹ŒŒLÎMËŒLÎMÙKL‚ŒËŒMÍŒŽL‹ŒMÍŒŽL™KL‚ŒŒÎLŒÌNÍMÍ‹ËŽLŒÌNÍMÍ™KL‚ŒKŒÍLMÌŽMMLKËLMÌŽMMLYKL‚ŒLŒÌÍŽMLLÍÎMŽMËËŒÍŽMLLÍÎMŽMÙKL‚ŒLKŒÌMLŽLLÍÍËŒMLŽLLÍÍKL‚ŒL‹ŒŽÌMNNM‹ŽÌMNNMKL‚ŒLËŒÍMLŒŒLK‹ÍMLŒŒLYKL‚ŒMŒÍMŒNLLÌLË‹ÍMŒNLLÌLÙKL‚ŒMKŒŽLÍLMK‹ŽLÍLMYKL‚ŒM‹ŒŽLÌNMÌŒŒË‹ŽLÌNMÌŒŒÙKL‚ŒMËŒMÍÍLŒŒÍ‹KÍÍLŒŒÍ™KL‚ŒNŒNMŒŽŽMÍËKŽMŒŽŽMÍÙKL‚ŒNKŒŒLMLNLL‹‹ŒLMLNLL™KL‚ŒŒŒÌŽÌŽ‹ÌŽÌŽKL‚ŒŒKŒMÎLÎMŒÌ‹‹MÎLÎMŒÌ™KL‚ŒŒ‹ŒŽÌNÎLÍÌŒK‹ŽÌNÎLÍÌŒYKL‚ŒŒËŒÌNMLLŒMŒKËŒNMLLŒMŒYKL‚ŒŒÍŒÌÍÎNNMNKËŒÌÍÎNNMNYKL‚ŒKŒLLÌLŒŽŒLLÌLŒŽKL‚Œ‹ŒÍŒÍŒMŒÍŒÍŒMKL‚ŒËŒŽNLLŒMÍNKŽNLLŒMÍNYKL‚ŒŽŒMMLNNÎM‹ŽMMLNNÎM™KL‚ŒŽKŒLMÎÎLŒLŒM‹KŒMÎÎLŒLŒM™KL‚ŒÌŒLÍMÍÌÍLKKŒÍMÍÌÍLYKL‚ŒÌKŒMŒŒÌNMÍNKKŒŒÌNMÍNYKL‚ŒÌ‹ŒMLNMŽLŒÍKKLNMŽLŒÍYKL‚ŒÌËŒMLNMŽLŒÍKKLNMŽLŒÍYKL‚ŒÍŒMŒŒÌNMÍN‹KŒŒÌNMÍN™KL‚ŒÍKŒLÍMÍÌÍL‹KŒÍMÍÌÍL™KL‚ŒÍ‹ŒLMÎÎLŒLŒMËKŒMÎÎLŒLŒMÙKL‚ŒÍËŒMMLNNÎMKŽMMLNNÎMYKL‚ŒÎŒŽNLLŒMÍMËŽNLLŒMÍMÙKL‚ŒÎKŒÍŒÍŒM‹ŒÍŒÍŒM™KL‚ŒŽŒLLÌLŒŽËŒLLÌLŒŽÙKL‚ŒŽKŒÍŒÌÍÎNNMNKËŒÌÍÎNNMNYKL‚ŒŽ‹ŒÌNMLLŒMŒ‹ËŒNMLLŒMŒ™KL‚ŒŽËŒŽÌNÎLÍÌŒK‹ŽÌNÎLÍÌŒYKL‚ŒŽŒMÎLÎMŒÌŒK‹MÎLÎMŒÌŒYKL‚ŒŽKŒÌŽÌŽK‹ÌŽÌŽYKL‚ŒŽ‹ŒŒLMLNLLË‹ŒLMLNLLÙKL‚ŒŽËŒNMŒŽŽMÍKKŽMŒŽŽMÍYKL‚ŒŽŒMÍÍLŒŒÍËKÍÍLŒŒÍÙKL‚ŒŽKLŒÌÍÍMÌNMŒ‹ŒŽLLŒLNLKŒŽLKLŒNMÎLMÎÎKŒÌŒÎM™KLÂŒŽL‹ŒÎNNNMMMNŒÍŒŒŒMŒŒKLÂŒŽLËŒŒŒÍÎNMLLK‹ŒŒÍÎNMLLYKL‚ŒŽMŒŽNMMÍÍLŽÍË‹ŽNMMÍÍLŽÍÙKL‚ŒŽMKŒÌLMÌLÎMLËËŒLMÌLÎMLÙKL‚ŒŽM‹ŒÍŒNÎLLŒMMËËŒNÎLLŒMMÙKL‚ŒŽMËŒMMMMÌÎMÍËŒMMMMÌÎMÍÙKL‚ŒŽNŒŒÍMLÌN‹ŒÍMLÌN™KL‚ŒŽNKŒLLŒMÌNLKŒLŒMÌNLKL‚ŒÌŒMLLMŒÍL‹KLLMŒÍL™KL‚ŒÌKŒMÌLLMLËKÌLLMLÙKL‚ŒÌ‹ŒNLŒMLŒNLŒŒ‹KŽLŒMLŒNLŒŒ™KL‚ŒÌËŒŒŽMLÌŒÎMË‹ŒŽMLÌŒÎMÙKL‚ŒÌŒŒMÍÎNLMÍ‹ŒMÍÎNLMÍKL‚ŒÌKŒŒMÍÎNLMÍ‹‹ŒMÍÎNLMÍ™KL‚ŒÌ‹ŒŒŽMLÌŒÎM‹ŒŽMLÌŒÎMKL‚ŒÌËŒNLŒMLŒNLŒKŽLŒMLŒNLŒKL‚ŒÌŒMÌLLMLŽKKÌLLMLŽYKL‚ŒÌKŒMLLMŒÍLËKLLMŒÍLÙKL‚ŒÌLŒLLŒMÌNL‹KŒLŒMÌNL™KL‚ŒÌLKŒŒÍMLÌN‹ŒÍMLÌN™KL‚ŒÌL‹ŒMMMMÌÎMÎŒMMMMÌÎMÎKL‚ŒÌLËŒÍŒNÎLLŒMLËËŒNÎLLŒMLÙKL‚ŒÌMŒÌLMÌLÎML‹ËŒLMÌLÎML™KL‚ŒÌMKŒŽNMMÍÍLŽÎ‹ŽNMMÍÍLŽÎKL‚ŒÌM‹ŒŒŒÍÎNMLL‹‹ŒŒÍÎNMLL™KL‚ŒÌMËŒÎNNNMMMÎKŒÍŒŒŒMŒŒŽYKLÂŒÌNLŒNMÎLMÎÎKŒÌŒÎMYKLÂŒÌNKLŒLNLLËŒÌŒLŒÌÍÍMÌNMŒKŒÌŒKLŒÌÍÎNLLŽKŒÌŒ‹LŒLÌÍÌMÍM‹ŒÌŒËLŒMLÍŒÎÌÍLËŒÌLŒŒMŒÍŒLÎKŒÌKLŒLMLLLNŽŽMÍLŒÎKLÂŒÌ‹ŒLŒMMÍN‹LŒMMÍNKL‚ŒÌËŒÌÌÎMMŒLÍÌÌËËŒÌÎMMŒLÍÌÌÙKL‚ŒÌŽŒÍÎLŽNMMÍÌKËÎLŽNMMÍÌYKL‚ŒÌŽKŒÍÍLŽNLKŒÍÍLŽNLYKL‚ŒÌÌŒNLÎMŒLÎŽNLÎMŒLÎKL‚ŒÌÌKŒMLÌLŒŒLMÎKLÌLŒŒLMÎKL‚ŒÌÌ‹ŒNNŒÍÌLLKKŽNŒÍÌLLYKL‚ŒÌÌËŒŒÍLŒLŒLM‹ŒÍLŒLŒLMKL‚ŒÌÍŒŒŒMLŒL‹‹ŒŒMLŒL™KL‚ŒÌÍKŒŽMMŽN‹ŽMMŽNKL‚ŒÌÍ‹ŒŽMÍLMMÌ‹ŽMÍLMMÌKL‚ŒÌÍËŒŽMÍLMMÌ‹ŽMÍLMMÌKL‚ŒÌÎŒŽMMŽN‹ŽMMŽNKL‚ŒÌÎKŒŒŒMLŒLNK‹ŒŒMLŒLNYKL‚ŒÍŒŒÍLŒLŒLLË‹ŒÍLŒLŒLLÙKL‚ŒÍKŒNNŒÍÌLLKKŽNŒÍÌLLYKL‚ŒÍ‹ŒMLÌLŒŒLMÍËKLÌLŒŒLMÍÙKL‚ŒÍËŒNLÎMŒLÍ‹ŽNLÎMŒLÍ™KL‚ŒÍŒÍÍLŽNKŒÍÍLŽNYKL‚ŒÍKŒÍÎLŽNMMÍËËÎLŽNMMÍÙKL‚ŒÍ‹ŒÌÌÎMMŒLÍÌÌ‹ËŒÌÎMMŒLÍÌÌ™KL‚ŒÍËŒLŒMMÍMË‹LŒMMÍMÙKL‚ŒÍLŒLMLLKŽŽMÍLŒÎNKLÂŒÍKLŒŒMŒÍŒLÎLKŒÍLLŒMLÍŒÎÌÍLËŒÍLKLŒLÌÍÌMÍMËŒÍL‹LŒÌÍÎNLLŽKŒÍLËLŒŽNMÍLMMÎMÎKŒÍMLŒNMMMŒŒNNKŒÍMKLŒŒNMŒÍM‹LŒŒLÌMŒÎKŒÍMËLŒŒLŽLLNÍËŒÍNŒLÎMNLM‹KMNLLŽL™KL‚ŒÍNKŒÍŽLLÍLMËËŽLLÍLMÙKL‚ŒÍŒŒŒNNÍÎNNŒŒNNÍÎNNKL‚ŒÍŒKŒÍLÌŒÌÍMÍLÌŒÌÍMKL‚ŒÍŒ‹ŒMLŒŒNLKLŒŒNLKL‚ŒÍŒËŒŒLŒŒÍMŒÌÌMË‹ŒLŒŒÍMŒÌÌMÙKL‚ŒÍŒÍŽŽÍÍK‹ÍŽŽÍÍYKL‚ŒÍKŒÌLMÍŒMLËËŒLMÍŒMLÙKL‚ŒÍ‹ŒÍNNNL‹ËNNNL™KL‚ŒÍËŒÍÌÍÍŒÍMÌ‹ËÌÍÍŒÍMÌ™KL‚ŒÍŽŒÍÎLÍÍÌÍLËËÎLÍÍÌÍLÙKL‚ŒÍŽKŒÍÎLÍÍÌÍMËÎLÍÍÌÍMKL‚ŒÍÌŒÍÌÍÍŒÍMÍËÌÍÍŒÍMÍKL‚ŒÍÌKŒÍNNNL‹ËNNNL™KL‚ŒÍÌ‹ŒÌLMÍŒMLŽKËŒLMÍŒMLŽYKL‚ŒÍÌËŒÍŽŽÍÍK‹ÍŽŽÍÍYKL‚ŒÍÍŒŒLŒŒÍMŒÌÌM‹‹ŒLŒŒÍMŒÌÌM™KL‚ŒÍÍKŒMLŒŒNLKKLŒŒNLYKL‚ŒÍÍ‹ŒÍLÌŒÌÍM‹ÍLÌŒÌÍM™KL‚ŒÍÍËŒŒNNÍÎNMËŒŒNNÍÎNMÙKL‚ŒÍÎŒÍŽLLÍLMŽNËŽLLÍLMŽNKL‚ŒÍÎKŒLÎMNLM‹KMNLLŽLÙKL‚ŒÎLŒŒLŽLLNÍËŒÎKLŒŒLÌMŒÎKŒÎ‹LŒŒNMŒÎËLŒNMMMŒŒNNKŒÎLŒŽNMÍLMMÎMÎKŒÎKLŒLŒMŒNMŒÍËŒÎ‹LŒLŒŽÍŒÍÌŽŒÎËLŒÍMÌŒÍŽMŽL‹ŒÎLŒÍLLŽL‹ŒÎKLŒMŽLMŒŒÍKŒÎLLŒMMŒÎLLÌŽÎK‹ŒŒMLM™KLÂŒÎLKŒÎMÌLNLŽMKËŽMÌLNLŽMYKL‚ŒÎL‹ŒLMLÌLNMŒŽNŽLMLÌLNMŒŽNKL‚ŒÎLËŒLÌNLLÌMŽKKŒÌNLLÌMŽYKL‚ŒÎMŒŒÌNLMÍ‹ŒÌNLMÍKL‚ŒÎMKŒŽŒŒÍÍLK‹ŽŒŒÍÍLYKL‚ŒÎM‹ŒÍÌËÌKL‚ŒÎMËŒLNÍÍŒLÌŒLNÍÍŒLÌKL‚ŒÎNŒNMÌ‹NMÌ™KL‚ŒÎNKŒŽLÎMŒÍËŽLÎMŒÍÙKL‚ŒÌMKŽÌMYKL‚KŒÌMËŽÌMÙKL‚‹ŒŽLÎMŒÍ‹ŽLÎMŒÍ™KL‚ËŒNMŽNKNMŽNYKL‚ŒLNÍÍŒLÌKŒLNÍÍŒLÌYKL‚KŒÍÌKËÌYKL‚‹ŒŽŒŒÍÍK‹ŽŒŒÍÍYKL‚ËŒŒÌNLMÍK‹ŒÌNLMÍYKL‚ŒLÌNLLÌMŽKKŒÌNLLÌMŽYKL‚KŒLMLÌLNMŒŽMKŽLMLÌLNMŒŽMYKL‚LŒÎMÌLNLŽL‹ËŽMÌLNLŽL™KL‚LKLŒMMŒÎLLÌŽ‹ŒŒMLMMKLÂL‹LŒMŽLMŒŒÍKLËLŒÍLLŽL‹MLŒÍMÌŒÍŽMŽL‹MKLŒLŒŽÍŒÍÌŽM‹LŒLŒMŒNMŒÍËMËLŒNLŒMÍM‹NLŒMMÎMŒŽNLŽL‹NKLŒLMÎŒLLÍŒŒMŒLŒÌMÌÍŒLMNKŒKLŒÌNŒŒÌ‹Œ‹LŒÍŽMLMMÌËŒËŒÍMMÍÎŒLÍNKËMMÍÎŒLÍNYKL‚ŒMÍÍMŒKKÍÍMŒYKL‚KŒŒÍÌÍÍMŽMÍŒ‹‹ŒÍÌÍÍMŽMÍŒ™KL‚‹ŒÌNÍÍÍŒŒNK‹ÌNÍÍÍŒŒNYKL‚ËŒÍŒÌNÌÎNLËËŒÌNÌÎNLÙKL‚ŽŒÎNÌŽMŒÎNÌŽMKL‚ŽKŒLLÌÌÍÎMÌÌËKŒLÌÌÍÎMÌÌÙKL‚ÌŒMÌŽMMŒÍŽKÌŽMMŒÍŽKL‚ÌKŒMÍÎMÎMŽKKÍÎMÎMŽYKL‚Ì‹ŒNLÍLMŒÍÎ‹KŽLÍLMŒÍÎ™KL‚ÌËŒNLÍLMŒÍÎKŽLÍLMŒÍÎKL‚ÍŒMÍÎMÎM‹KÍÎMÎM™KL‚ÍKŒMÌŽMMŒÍKÌŽMMŒÍKL‚Í‹ŒLLÌÌÍÎMÌËKŒLÌÌÍÎMÌÙKL‚ÍËŒÎNÌŽMKŒÎNÌŽMYKL‚ÎŒÍŒÌNÌÎNLËËŒÌNÌÎNLÙKL‚ÎKŒÌNÍÍÍŒŒNK‹ÌNÍÍÍŒŒNYKL‚ŒŒÍÌÍÍMŽMÍŒK‹ŒÍÌÍÍMŽMÍŒYKL‚KŒMÍÍMŒKÍÍMŒKL‚‹ŒÍMMÍÎŒLÍŒKËMMÍÎŒLÍŒYKL‚ËLŒÍŽMLMMÌËLŒÌNŒŒÌ‹KLŒÌMÌÍŒLMNK‹LŒLMÎŒLLÍŒŒMËLŒMMÎMŒŽNLŽL‹LŒNLŒMÍM‹KLŒŒÍÍÍÍLLŒŒMÌÌÌŽNLËLKLŒMŒÌÌMLÎMÎLËL‹LŒLÌŒŒÎLÍLËLŒMMLLÎŽNLÌKMLŒLÍLÌNM‹MKŒŒŒNLŽLMŒË‹ŽNÌŒLŒŒKL‚M‹ŒŒMÎLÎ‹ŒMÎLÎKL‚MËŒŽLÍÌML‹‹ŽLÍÌML™KL‚NŒÍÍÌLÌL‹ËÍÌLÌL™KL‚NKŒNNNLÌËNNNLÌÙKL‚ŒŒLÍLŒÎKŒÍLŒÎKL‚ŒKŒLLŽÍËKŒLŽÍÙKLBŒ‹ŒLŒÌŽLNKŒŒÌŽLNKLBŒËŒLMŒNLŽÍÎKKŒMŒNLŽÍÎYKLBŒLLMŒÍÎM‹KŒLMŒÍÎM™KLBKŒLLMŒÍÎMËKŒLMŒÍÎMÙKLB‹ŒLMŒNLŽÍÎKKŒMŒNLŽÍÎYKLBËŒLŒÌŽLNKŒŒÌŽLNKLBŽŒLLŽÍËKŒLŽÍÙKLBŽKŒLÍLŒÎKKŒÍLŒÎYKL‚ÌŒNNNLÍNNNLÍKL‚ÌKŒÍÍÌLÌL‹ËÍÌLÌL™KL‚Ì‹ŒŽLÍÌMK‹ŽLÍÌMYKL‚ÌËŒŒMÎLÎŒK‹ŒMÎLÎŒYKL‚ÍŒŒŒNLŽLMŒË‹ŽNÌŒLŒŒYKL‚ÍKLŒLÍLÌNMKÍ‹LŒMMLLÎŽNLÌKÍËLŒLÌŒŒÎLÍÎLŒMŒÌÌMLÎMÎLËÎKLŒŒMÌÌÌŽNLËLŒŒÍÍÍÍKLŒÌMLÎMK‹LŒÌÍÌÎMÎ‹ËLŒŒŽNŒKLŒLÍLLÌŒLÍKLŒŽMMNN‹‹LŒŒLLMKËŒLŽLLŽK‹ŒÌÌÍMMMLÌŒ™KL‚ŒÌÌMÎŒNLŒKËŒÌMÎŒNLŒYKL‚KŒÍÎMÍMMMÌŽKËÎMÍMMMÌŽYKL‚LŒŒÌŽLLÍÍM‹ŒŒÌŽLLÍÍM™KL‚LKŒLÌŒNMŽÌKKŒÌŒNMŽÌYKL‚L‹ŒLÌMÌLÍÌKKŒÌMÌLÍÌYKLBLËŒLLMÌN‹KŒLMÌN™KLBMŒLMÍMÍÎŽLLKKŒMÍMÍÎŽLLYKLBMKŒLŒMMMNLÍŒKKŒŒMMMNLÍŒYKLBM‹ŒLŒÍŒNNÍŒŽKKŒŒÍŒNNÍŒŽYKLBMËŒLŒÍŒNNÍŒËKŒŒÍŒNNÍŒÙKLBNŒLŒMMMNLÍŒKKŒŒMMMNLÍŒYKLBNKŒLMÍMÍÎŽLLKKŒMÍMÍÎŽLLYKLBLŒLLMÌN‹KŒLMÌN™KLBLKŒLÌMÌLÍÌKKŒÌMÌLÍÌYKLBL‹ŒLÌŒNMŽÌKKŒÌŒNMŽÌYKL‚LËŒŒÌŽLLÍÍM‹ŒŒÌŽLLÍÍM™KL‚LŒÍÎMÍMMMÌËËÎMÍMMMÌÙKL‚LKŒÌÌMÎŒNLNËŒÌMÎŒNLNKL‚L‹ŒLŽLLŽ‹ŒÌÌÍMMMLÌŒ™KL‚LËLŒŒLLMKLLŒŽMMNN‹LKLŒLÍLLÌŒLÍLLLŒŒŽNŒKLLKLŒÌÍÌÎMÎ‹LL‹LŒÌMLÎMKLLËLŒÍNMMLŒKLMLŒÌNLŒÎMËLMKLŒNÍŒÍŒËLM‹LŒMLMMÌ‹LMËLŒLŽMMÍËLNLŒŽŒÌÎLÎ‹LNKLŒŒNÌŽŒNLKKŒLMŒÍÙKL‚LŒŒÎLÍLKËŽLÍLYKL‚LŒKŒNLLLÎMŒNLËNLLLÎMŒNLÙKL‚LŒ‹ŒMLŽLMŒŒ‹ŽMLŽLMŒŒ™KL‚LŒËŒLNMMÍŒÎKKŒNMMÍŒÎYKLBLŒLLŽNLÍÌÌL‹KŒLŽNLÍÌÌL™KLBLKŒLŒNNNLÍ‹KŒŒNNNLÍ™KLBL‹ŒLŽÌÌŒMNLMKŒŽÌÌŒMNLMKLBLËŒLÌÌÍMMŒÍÌËKŒÌÌÍMMŒÍÌÙKLBLŽŒLÍMŽŒÎÍÎ‹KŒÍMŽŒÎÍÎ™KLBLŽKŒLÍMŽŒÎÍÎ‹KŒÍMŽŒÎÍÎ™KLBLÌŒLÌÌÍMMŒÍÌËKŒÌÌÍMMŒÍÌÙKLBLÌKŒLŽÌÌŒMNLMKŒŽÌÌŒMNLMKLBLÌ‹ŒLŒNNNLÍ‹KŒŒNNNLÍ™KLBLÌËŒLLŽNLÍÌÌL‹KŒLŽNLÍÌÌL™KLBLÍŒLNMMÍKŒNMMÍKLBLÍKŒMLŽLMŒŒKŽMLŽLMŒŒYKL‚LÍ‹ŒNLLLÎMŒNL‹NLLLÎMŒNL™KL‚LÍËŒÎLÍL‹ËŽLÍL™KL‚LÎLŒŒNÌŽŒ‹KŒLMŒÍ™KL‚LÎKLŒŽŒÌÎLÎ‹MLŒLŽMMÍËMKLŒMLMMÌ‹M‹LŒNÍŒÍŒËMËLŒÌNLŒÎMËMLŒÍNMMLŒKMKLŒÎMLÍÌŽLMŒMËM‹LŒÍLÍÎŽËMËLŒÍÌMŒMLMLŒNMMMMMËMKLŒNLŒMLMN‹MLLŒÍLLÌÎMËMLKLŒNLŽNLÍŒ‹ŒŒÍÌÍMŒYKLÂML‹ŒŽMMŒŒŽMMŒKL‚MLËŒLŒMŒLMMËKŒŒMŒLMMÙKL‚MMŒMML‹KML™KL‚MMKŒLÌŒMNNKŒÌŒMNNKLBMM‹ŒLŒMÌŒM‹KŒŒMÌŒM™KLBMMËŒLÌNNMÌÌŒMËKŒÌNNMÌÌŒMÙKLBMNŒLÎMÌŒŽÎKŒÎMÌŒŽÎKLBMNKŒMMÍMMKKMÍMMYKLBMŒŒMÍLMŒÍMM‹KÍLMŒÍMM™KLBMŒKŒMÍLMŒÍMMKKÍLMŒÍMMYKLBMŒ‹ŒMMÍMMKKMÍMMYKLBMŒËŒLÎMÌŒŽÎKŒÎMÌŒŽÎKLBMŒLÌNNMÌÌŒM‹KŒÌNNMÌÌŒM™KLBMKŒLŒMÌŒM‹KŒŒMÌŒM™KLBM‹ŒLÌŒMNMËKŒÌŒMNMÙKLBMËŒMMLKKMLYKL‚MŽŒLŒMŒLMMËKŒŒMŒLMMÙKL‚MŽKŒŽMMŒKŒŽMMŒYKL‚MÌLŒNLŽNLÍŒ‹ŒŒÍÌÍMLYKLÂMÌKLŒÍLLÌÎM‹MÌ‹LŒNLŒMLMNËMÌËLŒNMMMMMËMÍLŒÍÌMŒMLMÍKLŒÍLÍÎŽËMÍ‹LŒÎMLÍÌŽLMŒMËMÍËLÍLÍÎMÎLŒÍŒLLNÌ‹MÎKLŒŽLÎMÍÌŒKNLŒNLÌÌÌÍN‹NKLŒLLÎŽKN‹LŒÎLÍÎŒLËNËLŒŒNÍMNKËŽLŒLÎLNL™KLNŒÌMLKËÌLMÌÎN™KL‚NKŒÍMMŒLÍNŽKŽLÌKL‚N‹ŒMNLŒMÍŽLKNLŒMÍŽLKL‚NËŒLLLLNLLLKKŒLLLNLLLYKLBNŒLMŒŽM‹KŒMŒŽM™KLBNKŒLÍŒLŒŽŽKKŒÍŒLŒŽŽYKLBNLŒMŒLÍMKŒLÍMKLBNLKŒMMNÍŒNNKMNÍŒNNKLBNL‹ŒMLŽMKKLŽMYKLBNLËŒMLŽMKKLŽMYKLBNMŒMMNÍŒNNKMNÍŒNNKLBNMKŒMŒLÍMKŒLÍMKLBNM‹ŒLÍŒLŒŽŽKKŒÍŒLŒŽŽYKLBNMËŒLMŒŽM‹KŒMŒŽM™KLBNNŒLLLLNLLLKKŒLLLNLLLYKLBNNKŒMNLŒMÍŽLKNLŒMÍŽLKL‚ŒŒÍMMŒLÍNŽŽLÌYKL‚ŒKŒÌMLËËÌLMÌÎNKL‚Œ‹LŒŒNÍMNKËŽLŒLÎLŒKLŒËLŒÎLÍÎŒLËŒLŒLLÎŽKŒKLŒNLÌÌÌÍN‹Œ‹LŒŽLÎMÍÌŒKŒËLŒÍŒLLNÌ‹ŒLÍLÍÎŒKLŒÍÌLÍNNÌ‹ŒLLŒÌÌŒŒLÌÌMÎMËŒLKLŒŒŽLŽLŒLÌÍKŒL‹LŒMÎLŒŒÌÌÌKŒLËLŒNLÌMLŒÍKŒMLŒÎLŒŒÌMÍKŒMKLŒÌÍÎMÍMKŒM‹ŒÍÌMNMM‹‹ŒÌMÌÍÎ™KL‚ŒMËŒŒNMÍËËNMÎLÍYKL‚ŒNŒÍMLŒLÎNËŽNLÍMŒÌYKL‚ŒNKŒMMMMÌNÌËKMMMÌNÌÙKL‚ŒŒŒLLÍMÍNM‹KŒLÍMÍNM™KLBŒŒKŒLŒMÌÎMÍMKŒŒMÌÎMÍMKLBŒŒ‹ŒLŽÌŒMÍËKŒŽÌŒMÍÙKLBŒŒËŒLÌÌLLÍÎKKŒÌÌLLÍÎYKLBŒŒLÍMÍMMLKŒÍMÍMMLKLBŒKŒLÍMÍMMLKŒÍMÍMMLKLBŒ‹ŒLÌÌLLÍÎKKŒÌÌLLÍÎYKLBŒËŒLŽÌŒMÍËKŒŽÌŒMÍÙKLBŒŽŒLŒMÌÎMÍMKŒŒMÌÎMÍMKLBŒŽKŒLLÍMÍNM‹KŒLÍMÍNM™KLBŒÌŒMMMMÌNÌËKMMMÌNÌÙKL‚ŒÌKŒÍMLŒLÎ‹ËŽNLÍMŒÌ™KL‚ŒÌ‹ŒŒNMÍŽKËNMÎLÍKL‚ŒÌËŒÍÌMNMMŽ‹ŒÌMÌÍÎÙKL‚ŒÍLŒÌÍÎMÍM‹ŒÍKLŒÎLŒŒÌMÍKŒÍ‹LŒNLÌMLŒÍKŒÍËLŒMÎLŒŒÌÌÌKŒÎLŒŒŽLŽLŒLÌÍKŒÎKLŒÌÌŒŒLÌÌMÎMËLŒÍÌLÍNNÌ‹KLŒŽLLMÌŒL‹‹LŒMÌÎNNLŒÌLËËLŒŒMÍŒLÌÍKLŒLÍMŽMŒNMMÌÍ‹KLŒÍŽNLMLÌN‹LŒÌŒLMMÌŒMËLŒŽLŒMLLÌLŒË‹ŒŽLÍLÍÍÙKLÂŒMŒŒÎMMÍKKŒŒÎMÍÎŒ™KL‚KŒŽNMÍLMŒK‹ŽLNŒŒÍÍYKL‚LŒŒÌŽÎËÍMMYKL‚LKŒNŒÎÍŽMÌÌËŽNŒÎÍŽMÌÌÙKL‚L‹ŒLÌLLÌÌLËKŒÌLLÌÌLÙKLBLËŒLNLLNKKŒNLLNYKLBMŒLMLMÌÌŒËKŒMLMÌÌŒÙKLBMKŒLÌMÍÌNMNL‹KŒÌMÍÌNMNL™KLBM‹ŒLÍNÌ‹KŒÍNÌ™KLBMËŒLÍNÌKKŒÍNÌYKLBNŒLÌMÍÌNMNL‹KŒÌMÍÌNMNL™KLBNKŒLMLMÌÌŒ‹KŒMLMÌÌŒ™KLBŒŒLNLLNKKŒNLLNYKLBŒKŒLÌLLÌÌLËKŒÌLLÌÌLÙKLBŒ‹ŒNŒÎÍŽMÌÍŽNŒÎÍŽMÌÍKL‚ŒËŒŒÌŽÎËËÍMMKL‚ŒŽNMÍLMŒË‹ŽLNŒŒÍÍÙKL‚KŒMŒŒÎMMÍKŒŒÎMÍÎŒ™KL‚‹LŒŽLŒMLLÌLK‹ŒŽLÍLÍÌÙKLÂËLŒÌŒLMMÌŒMŽLŒÍŽNLMLÌNŽKLŒLÍMŽMŒNMMÌÍ‹ÌLŒŒMÍŒLÌÍKÌKLŒMÌÎNNLŒÌLËÌ‹LŒŽLLMÌŒL‹ÌËLŒMŒMNNLLŒKÍLŒMLNMÍLŽKÍKLŒLLŒLŽMŒKÍ‹LŒŽMÌMŽKÍËLŒŽLLŽNLŒÌ‹ÎLŒMŒÌÎMLLÍÍ‹‹LŒÌMNKL‚ÎKŒŒÍMLÌŽMMŒŽLÍÍŒLÌ™KL‚ŽŒLMŽMLŒLËKŒLKLBŽKŒMLÍLÎÌ‹KLÍLÎÌ™KLBŽ‹ŒNMÍLŽMËKŽMÍLŽMÙKLBŽËŒŒŽLMM‹‹ŒŽLMM™KLBŽŒŒŽÌÍÍNM‹ŒŽÌÍÍNMKLBŽKŒÍMŒÎNMË‹ÍMŒÎNMÙKLBŽ‹ŒMNÌŒÌNK‹MNÌŒÌNYKLBŽËŒÎŒÌŽNM‹ÎŒÌŽNMKLBŽŒŽÌÌLË‹ŽÌÌLÙKLBŽKŒŽÌÌLË‹ŽÌÌLÙKLBŽLŒÎŒÌŽNM‹ÎŒÌŽNMKLBŽLKŒMNÌŒÌNK‹MNÌŒÌNYKLBŽL‹ŒÍMŒÎNMÌK‹ÍMŒÎNMÌYKLBŽLËŒŒŽÌÍÍNMK‹ŒŽÌÍÍNMYKLBŽMŒŒŽLMM‹‹ŒŽLMM™KLBŽMKŒNMÍLŽMËKŽMÍLŽMÙKLBŽM‹ŒMLÍLÎÌ‹KLÍLÎÌ™KLBŽMËŒLMŽMLŒLËKŒLKLBŽNŒŒÍMLÌŽML‹ŒŽLÍÍŒLÌYKL‚ŽNKLŒMŒÌÎMLLÍÍ‹LŒÌMN™KL‚ÌLŒŽLLŽNLŒÌ‹ÌKLŒŽMÌMŽKÌ‹LŒLLŒLŽMŒKÌËLŒMLNMÍLŽKÌLŒMŒMNNLLŒKÌKLŒŒÍMŒŽMÍM‹ŒÎMNÎÎKL‚Ì‹LŒMÍLNL‹ÍŒMMNNKL‚ÌËLŒÌÎNLÍËKŒMÍŽMMKLBÌŒLÌNÌÍÌËKŽÍÌŒÙKLBÌKŒŒNMŒÍLÌÎK‹ŒNMŒÍLÌÎYKLBÌLŒLLÌŒÌ‹LLÌŒÌKLBÌLKŒMŽÍMMŒM‹MŽÍMMŒMKLBÌL‹ŒÍMŒÍÌŽMK‹ÍMŒÍÌŽMYKLBÌLËŒŒŽNMMŒNK‹ŒŽNMMŒNYKLBÌMŒŒMLNÎMÌŒË‹ŒMLNÎMÌŒÙKLBÌMKŒŒMÍŽLŒŒLK‹ŒMÍŽLŒŒLYKLBÌM‹ŒŒŽNÌK‹ŒŽNÌYKLBÌMËŒNNMMLÌLM‹KŽNMMLÌLM™KLBÌNŒNNÌÍMÌÌÍ‹KŽNÌÍMÌÌÍ™KLBÌNKŒNNMKKŽNMYKLBÌŒŒNNLÎMÌNŒM‹KŽNLÎMÌNŒM™KLBÌŒKŒNNLÎMÌNŒMËKŽNLÎMÌNŒMÙKLBÌŒ‹ŒNNMKKŽNMYKLBÌŒËŒNNÌÍMÌÌÍËKŽNÌÍMÌÌÍÙKLBÌŒNNMMLÌLM‹KŽNMMLÌLM™KLBÌKŒŒŽNÌ‹ŒŽNÌKLBÌ‹ŒŒMÍŽLŒŒLK‹ŒMÍŽLŒŒLYKLBÌËŒŒMLNÎMÌŒË‹ŒMLNÎMÌŒÙKLBÌŽŒŒŽNMMŒ‹‹ŒŽNMMŒ™KLBÌŽKŒÍMŒÍÌŽMK‹ÍMŒÍÌŽMYKLBÌÌŒMŽÍMMŒM‹MŽÍMMŒMKLBÌÌKŒLLÌŒÌ‹LLÌŒÌKLBÌÌ‹ŒŒNMŒÍLÌÎK‹ŒNMŒÍLÌÎYKLBÌÌËŒLÌNÌÍÌËKŽÍÌŒÙKLBÌÍLŒÌÎNLÍKKŒMÍŽMMKLBÌÍKLŒMÍLNL‹ÍŒMMNMÙKL‚ÌÍ‹LŒŒÍMŒŽMÍM‹ŒÎMNÎÎKL‚ÌÍËŒMŽNLŒLÌKKŽNLŒLÌYKLBÌÎŒLÌŒLŽNÌŽKKLMÌŽÌL™KLBÌÎKŒLÍLÌLMËKŒÍŽLÌŒYKLBÍLŒÍMMÍMÌLËKŒLÌLMŽMÌ™KLBÍKLŒŒÌÌLMÎLŒËŒMŒMLLÙKL‚Í‹LŒNÌŽMNÎËŒÍÎMÌÌÌLKL‚ÍËLŒŒMMÌÎŽK‹ÍLMÌNLKLÂÍLŒÍÌŒNMNKÍKLŒLLŒMËÍ‹LŒLŽMMÎMŒMŒÍÍËLŒMLÌŒÍM‹ÍLŒMNÎMÌÎŽKÍKLŒMŽMMNNLMÎÍLLŒMÍÌMNMËÍLKLŒNMÍÎÎNNÍL‹LŒNNMM‹ÍLËLŒNNMM‹ÍMLŒNMÍÎÎNNÍMKLŒMÍÌMNMËÍM‹LŒMŽMMNNLMÎÍMËLŒMNÎMÌÎŽKÍNLŒMLÌŒÍM‹ÍNKLŒLŽMMÎMŒMŒÍÍŒLŒLLŒMËÍŒKLŒÍÌŒNMNÍŒ‹LŒŒMMÌÎŽK‹ÍLMÌNLMYKLÂÍŒËLŒNÌŽMNÎËŒÍÎMÌÌÌLÙKL‚ÍLŒŒÌÌLMÎLŒËŒMŒMLMYKL‚ÍKLŒÍMMÍMÌMKŒLÌLMŽMÌÙKLBÍ‹ŒLÍLÌLMŽKŒÍŽLÌŒYKLBÍËŒLÌŒLŽNÌŽKKLMÌŽÌLÙKLBÍŽŒMŽNLŒLÌKKŽNLŒLÌYKLBÍŽKLŒÌLNLŽMÎ‹ÍÌLŒŽÌLLLŽKÍÌKLŒÌLLÎLNNLÍËÍÌ‹LŒÍLŒÍÍŽMÍŽÍÌËLŒÎMMÍŒLŒKÍÍLÍMŽŒŒMÍÍKLLÍÍLMMŽMNÍÍ‹LMŒNMÌŽÌËÍÍËLŒNMŒŒMMLŽLKÍÎLÌÎLLMLNKÍÎKLÌŒŒÎNMNLÍNKÎLÍŒÌÍLŒŽNÎKLÎMMÍÍÍÍÎÎ‹LŽNLÌŒLÍÎKÎËLŽÍLMMŒÍMÎLŽMÍÍÎMKÎKLŽMÍÍÎMKÎ‹LŽÍLMMŒÍMÎËLŽNLÌŒLÍÎKÎLÎMMÍÍÍÍÎÎKLÍŒÌÍLŒŽNÎLLÌŒŒÎNMNLÍNKÎLKLÌÎLLMLNKÎL‹LŒNMŒŒMMLŽLKÎLËLMŒNMÌŽÌËÎMLLÍÍLMMŽMNÎMKLÍMŽŒŒMÎM‹LŒÎMMÍŒLŒKÎMËLŒÍLŒÍÍŽMÍŽÎNLŒÌLLÎLNNLÍËÎNKLŒŽÌLLLŽKŽLŒÌLNLŽMÎ‹ŽKLŒÍÍŽŒÍLÎKŽ‹LŒÎŽÍLLÍËŽËLŒŽMÌ‹ŽLÍŽLLŒÌÎKŽKLŽNLŽÍÌ‹Ž‹LLÎÍMKŽËLMLŒŒNLÌŒKŽLNMMMLÍËŽKLŒÎLLÎLNMŽLLŽLNŽNMNMKŽLKLKŒŽLÌŒMŽL‹LKŽLMÎLŽÌÎŽLËLKŽNÎLLËŽML‹ŒÌLLMÌNLËŽMKL‹ŒŒLMNMÌËŽM‹L‹ŒÍÎLÍKŽMËL‹ŒÍÎLÍKŽNL‹ŒŒLMNMÌËŽNKL‹ŒÌLLMÌNLËŽŒLKŽNÎLLËŽŒKLKŽLMÎLŽÌÎŽŒ‹LKŒŽLÌŒMŽŒËLŽLNŽNMNMKŽLŒÎLLÎLNMŽKLNMMMLÍËŽ‹LMLŒŒNLÌŒKŽËLLÎÍMKŽŽLŽNLŽÍÌ‹ŽŽKLÍŽLLŒÌÎKŽÌLŒŽMÌ‹ŽÌKLŒÎŽÍLLÍËŽÌ‹LŒÍÍŽŒÍLÎKŽÌËŒÍŒÌŒÍÍMLËËŒÌŒÍÍMLÙKL‚ŽÍŒÍŽÍÌLÍ‹ËŽÍÌLÍ™KL‚ŽÍKŒÍŽMÌÌŒËËŽMÌÌŒÙKL‚ŽÍ‹ŒÍŽNŒÍÌMŒKËŽNŒÍÌMŒYKL‚ŽÍËŒÍÌŒŒŽLÌKËÌŒŒŽLÌYKL‚ŽÎŒÍÍLLLMÌ‹ËÍLLLMÌ™KL‚ŽÎKŒÍÎMMÌMËÎMMÌMKL‚ŽŒÎŽÌLËËŽŽÌLÙKL‚ŽKŒÎÌLLÍMŒKËŽÌLLÍMŒYKL‚Ž‹ŒÎLMÍMÍŒŒÎËŽLMÍMÍŒŒÎKL‚ŽËŒÎMŒMŒÌÎËŽMŒMŒÌÎKL‚ŽŒMLËŒMLÙKL‚ŽKŒLLŒLŽKŒLLŒLŽYKL‚Ž‹ŒÌÍLMÍMKŒÌÍLMÍMYKL‚ŽËŒLMLMÍ‹ŒLMLMÍ™KL‚ŽŒLŒLMÍÌÌËŒLŒLMÍÌÌÙKL‚ŽKŒLŒLMÍÌÌKŒLŒLMÍÌÌYKL‚ŽLŒLMLMÍŒLMLMÍKL‚ŽLKŒÌÍLMÍMËŒÌÍLMÍMÙKL‚ŽL‹ŒLLŒLŽŒLLŒLŽKL‚ŽLËŒMLKŒMLYKL‚ŽMŒÎMŒMŒÌËŽMŒMŒÌKL‚ŽMKŒÎLMÍMÍŒŒÎËËŽLMÍMÍŒŒÎÙKL‚ŽM‹ŒÎÌLLÍMŒKËŽÌLLÍMŒYKL‚ŽMËŒÎŽÌLËËŽŽÌLÙKL‚ŽNŒÍÎMMÌMŒ‹ËÎMMÌMŒ™KL‚ŽNKŒÍÍLLLMŽKËÍLLLMŽYKL‚ŽŒŒÍÌŒŒŽLÌ‹ËÌŒŒŽLÌ™KL‚ŽŒKŒÍŽNŒÍÌM‹ËŽNŒÍÌM™KL‚ŽŒ‹ŒÍŽMÌÌŒÌKËŽMÌÌŒÌYKL‚ŽŒËŒÍŽÍÌLÍ‹ËŽÍÌLÍ™KL‚ŽŒÍŒÌŒÍÍMLÌKËŒÌŒÍÍMLÌYKL‚ŽKŒÎÌMLLÌKËŽÌMLLÌYKL‚Ž‹ŒÎÍŒÌËËŽÍŒÌÙKL‚ŽËŒÎMLLÌËËŽMLLÌÙKL‚ŽŽŒÎÌMÎMLÍËŽÌMÎMLÍKL‚ŽŽKŒÎŒÌMÍÌNËŽŒÌMÍÌNKL‚ŽÌŒÎÎLMMÎÍËŽÎLMMÎÍKL‚ŽÌKŒÎÌŽMËŽÌŽMKL‚ŽÌ‹ŒÎMÌÍÍNLÎ‹ËŽMÌÍÍNLÎ™KL‚ŽÌËŒÎŽMŒÍÌÌNKËŽŽMŒÍÌÌNYKL‚ŽÍŒÎŒNÎM‹ËŽŒNÎM™KL‚ŽÍKŒÎLLÍŒKËŽLLÍŒYKL‚ŽÍ‹ŒÎLMÍÎLÎMÍËŽLMÍÎLÎMÍKL‚ŽÍËŒÎLÌÍMŒÌŒ‹ËŽLÌÍMŒÌŒ™KL‚ŽÎŒÎMÌMMMËËŽMÌMMMÙKL‚ŽÎKŒÎMMŒLLNÍËËŽMMŒLLNÍÙKL‚ŽŒÎMŒLŽLNLŒÌKËŽMŒLŽLNLŒÌYKL‚ŽKŒÎMŒLŽLNLŒÌËŽMŒLŽLNLŒÌKL‚Ž‹ŒÎMMŒLLNÍ‹ËŽMMŒLLNÍ™KL‚ŽËŒÎMÌMMMKËŽMÌMMMYKL‚ŽŒÎLÌÍMŒÌŒŒKËŽLÌÍMŒÌŒŒYKL‚ŽKŒÎLMÍÎLÎMÍËŽLMÍÎLÎMÍKL‚Ž‹ŒÎLLÍŒKËŽLLÍŒYKL‚ŽËŒÎŒNÎMŒKËŽŒNÎMŒYKL‚ŽŒÎŽMŒÍÌÌKËŽŽMŒÍÌÌYKL‚ŽKŒÎMÌÍÍNLÎËËŽMÌÍÍNLÎÙKL‚ŽLŒÎÌŽM‹ËŽÌŽM™KL‚ŽLKŒÎÎLMMÎÌ‹ËŽÎLMMÎÌ™KL‚ŽL‹ŒÎŒÌMÍÌMKËŽŒÌMÍÌMYKL‚ŽLËŒÎÌMÎMLÌÍËËŽÌMÎMLÌÍÙKL‚ŽMŒÎMLLËËŽMLLÙKL‚ŽMKŒÎÍŒÌËËŽÍŒÌÙKL‚ŽM‹ŒÎÌMLLÌKËŽÌMLLÌYKL‚ŽMËŒÎLLÍNŽËËŽLLÍNŽÙKL‚ŽNŒÎLLMLLLÌÌ‹ËŽLLMLLLÌÌ™KL‚ŽNKŒÎLMÌÍŒËËŽLMÌÍŒÙKL‚ŽLŒÎLŽLÍÍLËËŽLŽLÍÍLÙKL‚ŽLKŒÎMŒŒÍÌËËŽMŒŒÍÌÙKL‚ŽL‹ŒÎÌŒLŒÌÍMÍ‹ËŽÌŒLŒÌÍMÍ™KL‚ŽLËŒÎŒÌÍËËŽŒÌÍÙKL‚ŽLŒÎLŒŒLÍËŽLŒŒLÍKL‚ŽLKŒÎÌÎÍÍŽKËŽÌÎÍÍŽYKL‚ŽL‹ŒÎÌÌLÍÎËŽÌÌLÍÎKL‚ŽLËŒÎMÌŒMMËŽMÌŒMMKL‚ŽLŒÎLMLLLMLËËŽLMLLLMLÙKL‚ŽLKŒÎLLÍMŽKËŽLLÍMŽYKL‚ŽLLŒÎLNLÍŒL‹ËŽLNLÍŒL™KL‚ŽLLKŒÎLMŒÍÌLÎMËŽLMŒÍÌLÎMKL‚ŽLL‹ŒÎLNMÎLÎÍMMKËŽLNMÎLÎÍMMYKL‚ŽLLËŒÎLNMÎLÎÍML‹ËŽLNMÎLÎÍML™KL‚ŽLMŒÎLMŒÍÌLÎMKËŽLMŒÍÌLÎMYKL‚ŽLMKŒÎLNLÍŒLKËŽLNLÍŒLYKL‚ŽLM‹ŒÎLLÍMÌKËŽLLÍMÌYKL‚ŽLMËŒÎLMLLLMMËŽLMLLLMMKL‚ŽLNŒÎMÌŒMMKËŽMÌŒMMYKL‚ŽLNKŒÎÌÌLÎËŽÌÌLÎKL‚ŽLŒŒÎÌÎÍÍËËŽÌÎÍÍÙKL‚ŽLŒKŒÎLŒŒLÍKËŽLŒŒLÍYKL‚ŽLŒ‹ŒÎŒÌÍËŽŒÌÍKL‚ŽLŒËŒÎÌŒLŒÌÍMÍKËŽÌŒLŒÌÍMÍYKL‚ŽLŒÎMŒŒÍÌËŽMŒŒÍÌKL‚ŽLKŒÎLŽLÍÍLKËŽLŽLÍÍLYKL‚ŽL‹ŒÎLMÌÍŒ‹ËŽLMÌÍŒ™KL‚ŽLËŒÎLLMLLLÌÌKËŽLLMLLLÌÌYKL‚ŽLŽŒÎLLÍNŽËËŽLLÍNŽÙKL‚ŽLŽKŒÎMÌŒŽLŒ‹ËŽMÌŒŽLŒ™KL‚ŽLÌŒÎLÌMLŽMÍŒËËŽLÌMLŽMÍŒÙKL‚ŽLÌKŒÎLÍNLLËËŽLÍNLLÙKL‚ŽLÌ‹ŒÎÎMÍMŒÌMLKËŽÎMÍMŒÌMLYKL‚ŽLÌËŒÎÍMNLNMKËŽÍMNLNMYKL‚ŽLÍŒÎÍMMÍŽMKËŽÍMMÍŽMYKL‚ŽLÍKŒÎMLÍLKËŽMLÍLYKL‚ŽLÍ‹ŒÎLŽLŒ‹ËŽLŽLŒ™KL‚ŽLÍËŒÎLŒŒLNLMËËŽLŒŒLNLMÙKL‚ŽLÎŒÎŽÎMMËËŽŽÎMMÙKL‚ŽLÎKŒÎLŽÍŒÍŒËËŽLŽÍŒÍŒÙKL‚ŽMŒÎLŒŒNÍŽŒ‹ËŽLŒŒNÍŽŒ™KL‚ŽMKŒÎMÌÍMLÌËŽMÌÍMLÌKL‚ŽM‹ŒÎMMMÎLÍMËËŽMMMÎLÍMÙKL‚ŽMËŒÎMMÌÌÎKËŽMMÌÌÎYKL‚ŽMŒÎMÌŒNÌŒŒNKËŽMÌŒNÌŒŒNYKL‚ŽMKŒÎMÌŒNÌŒŒNKËŽMÌŒNÌŒŒNYKL‚ŽM‹ŒÎMMÌÍKËŽMMÌÍYKL‚ŽMËŒÎMMMÎLÍMËŽMMMÎLÍMKL‚ŽMŒÎMÌÍMLÌŒ‹ËŽMÌÍMLÌŒ™KL‚ŽMKŒÎLŒŒNÍŽ‹ËŽLŒŒNÍŽ™KL‚ŽMLŒÎLŽÍŒÍŒËËŽLŽÍŒÍŒÙKL‚ŽMLKŒÎŽÎMMËËŽŽÎMMÙKL‚ŽML‹ŒÎLŒŒLNLM‹ËŽLŒŒLNLM™KL‚ŽMLËŒÎLŽLŒKËŽLŽLŒYKL‚ŽMMŒÎMLÍLKËŽMLÍLYKL‚ŽMMKŒÎÍMMÍŽM‹ËŽÍMMÍŽM™KL‚ŽMM‹ŒÎÍMNLNMKËŽÍMNLNMYKL‚ŽMMËŒÎÎMÍMŒÌMKËŽÎMÍMŒÌMYKL‚ŽMNŒÎLÍNLMKËŽLÍNLMYKL‚ŽMNKŒÎLÌMLŽMÍKËŽLÌMLŽMÍYKL‚ŽMŒŒÎMÌŒŽLŒKËŽMÌŒŽLŒYKL‚ŽMŒKŒÍÍŒÎÎŽËÍŒÎÎŽKL‚ŽMŒ‹ŒÍŽNMÎÌËËŽNMÎÌÙKL‚ŽMŒËŒÍŽLÌÌŒKËŽLÌÌŒYKL‚ŽMŒÍŽNNMÍÍÎMËËŽNNMÍÍÎMÙKL‚ŽMKŒÍÌMÍNMŽL‹ËÌMÍNMŽL™KL‚ŽM‹ŒÍÍÌLÌÎLKËÍÌLÌÎLYKL‚ŽMËŒÍÍÍÌÍMÎKËÍÍÌÍMÎYKL‚ŽMŽŒÎNLŒÎML‹ËŽNLŒÎML™KL‚ŽMŽKŒÎMŒŽMËËŽMŒŽMÙKL‚ŽMÌŒÎLLÌLLÍNËËŽLLÌLLÍNÙKL‚ŽMÌKŒÎMŒLÌÍLËŽMŒLÌÍLKL‚ŽMÌ‹ŒLŽNLÍLKŒLŽNLÍLYKL‚ŽMÌËŒÍMMÎNŒ‹ŒÍMMÎNŒ™KL‚ŽMÍŒÍMÍÍKŒÍMÍÍYKL‚ŽMÍKŒMLÌÍÍŽŒMLÌÍÍŽKL‚ŽMÍ‹ŒLŒMLMÍ‹ŒLŒMLMÍ™KL‚ŽMÍËŒLŒMLMÍËŒLŒMLMÍÙKL‚ŽMÎŒMLÌÍÍŽÎKŒMLÌÍÍŽÎYKL‚ŽMÎKŒÍMÍÍŒÍMÍÍKL‚ŽNŒÍMMÎNŒ‹ŒÍMMÎNŒ™KL‚ŽNKŒLŽNLÍKŒLŽNLÍYKL‚ŽN‹ŒÎMŒLÌÍLËËŽMŒLÌÍLÙKL‚ŽNËŒÎLLÌLLÍN‹ËŽLLÌLLÍN™KL‚ŽNŒÎMŒŽNËŽMŒŽNKL‚ŽNKŒÎNLŒÎML‹ËŽNLŒÎML™KL‚ŽN‹ŒÍÍÍÌÍMÎNKËÍÍÌÍMÎNYKL‚ŽNËŒÍÍÌLÌÎLËËÍÌLÌÎLÙKL‚ŽNŒÍÌMÍNMŽL‹ËÌMÍNMŽL™KL‚ŽNKŒÍŽNNMÍÍÎMKËŽNNMÍÍÎMYKL‚ŽNLŒÍŽLÌÌŒKËŽLÌÌŒYKL‚ŽNLKŒÍŽNMÎÌËËŽNMÎÌÙKL‚ŽNL‹ŒÍÍŒÎÎŽKËÍŒÎÎŽYKL‚ŽNLËŒÌÌŽNMMLKËŒÌŽNMMLYKL‚ŽNMŒÌÍMMÌÍÎLŽ‹ËŒÍMMÌÍÎLŽ™KL‚ŽNMKŒÌÎNMŽLŒŒÎËŒÎNMŽLŒŒÎKL‚ŽNM‹ŒÍMLŒMMŒMÍ‹ËMLŒMMŒMÍ™KL‚ŽNMËŒÍLNLÌÌLL‹ËLNLÌÌLL™KL‚ŽNNŒÍNLÍŒMŒŒŒ‹ËNLÍŒMŒŒŒ™KL‚ŽNNKŒÍÎMÌŒÍÍËÎMÌŒÍÍKL‚ŒLŒÍÍÌMMLÍÎMËÍÌMMLÍÎMKL‚ŒLKŒÎŽMŒŒÌŒL‹ËŽŽMŒŒÌŒL™KL‚ŒL‹ŒÎMŒÌLNËËŽMŒÌLNÙKL‚ŒLËŒNÍŽMNŒNÍŽMNKL‚ŒLŒMŽLMLÌÎŒMŽLMLÌÎKL‚ŒLKŒŒNNLŽÎNŒŒNNLŽÎNKL‚ŒL‹ŒLLMLLËŒLLMLLÙKL‚ŒLËŒÌLMŒÎLMËŒÌLMŒÎLMÙKL‚ŒLŒÌŒMLŽËŒÌŒMLŽÙKL‚ŒLKŒÌŒMLŽŒÌŒMLŽKL‚ŒLLŒÌLMŒÎLMËŒÌLMŒÎLMÙKL‚ŒLLKŒLLMLL‹ŒLLMLL™KL‚ŒLL‹ŒŒNNLŽÎN‹ŒŒNNLŽÎN™KL‚ŒLLËŒMŽLMLÌÎŒMŽLMLÌÎKL‚ŒLMŒNÍŽMNËŒNÍŽMNÙKL‚ŒLMKŒÎMŒÌLN‹ËŽMŒÌLN™KL‚ŒLM‹ŒÎŽMŒŒÌŒKËŽŽMŒŒÌŒYKL‚ŒLMËŒÍÍÌMMLÍÎMËËÍÌMMLÍÎMÙKL‚ŒLNŒÍÎMÌŒÍÍ‹ËÎMÌŒÍÍ™KL‚ŒLNKŒÍNLÍŒMŒŒŒKËNLÍŒMŒŒŒYKL‚ŒLŒŒÍLNLÌÌLL‹ËLNLÌÌLL™KL‚ŒLŒKŒÍMLŒMMŒMÍËMLŒMMŒMÍKL‚ŒLŒ‹ŒÌÎNMŽLŒŒÎËŒÎNMŽLŒŒÎKL‚ŒLŒËŒÌÍMMÌÍÎLŽËŒÍMMÌÍÎLŽKL‚ŒLŒÌÌŽNMMLËŒÌŽNMMLKL‚ŒLKŒŽMŒLÎMLŽŒË‹ŽMŒLÎMLŽŒÙKL‚ŒL‹ŒŽMŽNNNK‹ŽMŽNNNYKL‚ŒLËŒÌNMÎLËËŒNMÎLÙKL‚ŒLŽŒÌMMÌNLÌÎNËŒMMÌNLÌÎNKL‚ŒLŽKŒÌŒLNLMËËŒŒLNLMÙKL‚ŒLÌŒÌÍÍLLŒÎŒKËŒÍÍLLŒÎŒYKL‚ŒLÌKŒÍMMÎLÍÌÌÍŽKËMMÎLÍÌÌÍŽYKL‚ŒLÌ‹ŒÍÌLÍLNMŒŽKËÌLÍLNMŒŽYKL‚ŒLÌËŒÎLLŽLÎÌ‹ËŽLLŽLÎÌ™KL‚ŒLÍŒNLÎLŒMMËŒNLÎLŒMMÙKL‚ŒLÍKŒŒŒŽMLÍLKŒŒŒŽMLÍLYKL‚ŒLÍ‹ŒÌÍNLÌŒÍÌÍKŒÌÍNLÌŒÍÌÍYKL‚ŒLÍËŒŽÎLŒÌKŽÎLŒÌYKL‚ŒLÎŒLÌÌŒLÌÌŒKL‚ŒLÎKŒNLLÌÎNLLÌÎKL‚ŒLŒŒNNLMÍÌKŒNNLMÍÌYKL‚ŒLKŒŒNNLMÍËŒNNLMÍÙKL‚ŒL‹ŒNLLÌÎNLLÌÎKL‚ŒLËŒLÌÌŒÍËLÌÌŒÍÙKL‚ŒLŒŽÎLŒÌ‹ŽÎLŒÌ™KL‚ŒLKŒÌÍNLÌŒÍÌÍ‹ŒÌÍNLÌŒÍÌÍ™KL‚ŒL‹ŒŒŒŽMLÍL‹ŒŒŒŽMLÍL™KL‚ŒLËŒNLÎLŒMM‹ŒNLÎLŒMM™KL‚ŒLŒÎLLŽLÎÌKËŽLLŽLÎÌYKL‚ŒLKŒÍÌLÍLNMŒŽKËÌLÍLNMŒŽYKL‚ŒLLŒÍMMÎLÍÌÌÍËËMMÎLÍÌÌÍÙKL‚ŒLLKŒÌÍÍLLŒÎŒ‹ËŒÍÍLLŒÎŒ™KL‚ŒLL‹ŒÌŒLNLM‹ËŒŒLNLM™KL‚ŒLLËŒÌMMÌNLÌÎMËËŒMMÌNLÌÎMÙKL‚ŒLMŒÌNMÎLËŒNMÎLKL‚ŒLMKŒŽMŽNNN‹ŽMŽNNNKL‚ŒLM‹ŒŽMŒLÎMLŽ‹‹ŽMŒLÎMLŽ™KL‚ŒLMËŒŽLÌNMÌŒŒŽK‹ŽLÌNMÌŒŒŽYKL‚ŒLNŒŽLÍLLÎK‹ŽLÍLLÎYKL‚ŒLNKŒÍMŒNLLÌK‹ÍMŒNLLÌYKL‚ŒLŒŒÍMLŒŒL‹‹ÍMLŒŒL™KL‚ŒLŒKŒŽÌMNNMŒË‹ŽÌMNNMŒÙKL‚ŒLŒ‹ŒÌMLŽLLÍÍKËŒMLŽLLÍÍYKL‚ŒLŒËŒÌÍŽMLLÍÎMŽNËŒÍŽMLLÍÎMŽNKL‚ŒLŒÍLMÌŽMMMËLMÌŽMMMKL‚ŒLKŒÎLŒÌNÍMÍ‹ËŽLŒÌNÍMÍ™KL‚ŒL‹ŒMÍŒŽKŒMÍŒŽYKL‚ŒLËŒŒLÎNKŒLÎNYKL‚ŒLŽŒŒÍÎMŒÍÎMKL‚ŒLŽKŒÍLLŒMÌÌËÍLLŒMÌÌÙKL‚ŒLÌŒMLMŒŒM‹ŽMLMŒŒM™KL‚ŒLÌKŒMÌÍLŒËŽMÌÍLŒÙKL‚ŒLÌ‹ŒLMMÍŽLŒÌKKŒMMÍŽLŒÌYKL‚ŒLÌËŒLMMÍŽLŒÌLKKŒMMÍŽLŒÌLYKL‚ŒLÍŒMÌÍLŒËŽMÌÍLŒÙKL‚ŒLÍKŒMLMŒŒM‹ŽMLMŒŒM™KL‚ŒLÍ‹ŒÍLLŒMÌÍÍLLŒMÌÍKL‚ŒLÍËŒŒÍÎLÎKŒÍÎLÎYKL‚ŒLÎŒŒLÎMËŒLÎMÙKL‚ŒLÎKŒMÍŒŽLËŒMÍŒŽLÙKL‚ŒLŒÎLŒÌNÍMÍËËŽLŒÌNÍMÍÙKL‚ŒLKŒÍLMÌŽMMLËËLMÌŽMMLÙKL‚ŒL‹ŒÌÍŽMLLÍÎMŽMËËŒÍŽMLLÍÎMŽMÙKL‚ŒLËŒÌMLŽLLÍÍËŒMLŽLLÍÍKL‚ŒLŒŽÌMNNMK‹ŽÌMNNMYKL‚ŒLKŒÍMLŒŒLK‹ÍMLŒŒLYKL‚ŒL‹ŒÍMŒNLLÌK‹ÍMŒNLLÌYKL‚ŒLËŒŽLÍLLÎK‹ŽLÍLLÎYKL‚ŒLŒŽLÌNMÌŒŒÌK‹ŽLÌNMÌŒŒÌYKL‚ŒLKŒMÍÍLŒŒÍ‹KÍÍLŒŒÍ™KL‚ŒLLŒNMŒŽŽMÎKŽMŒŽŽMÎKL‚ŒLLKŒŒLMLNLL‹ŒLMLNLLKL‚ŒLL‹ŒÌŽÌŽK‹ÌŽÌŽYKL‚ŒLLËŒMÎLÎMŒÌ‹‹MÎLÎMŒÌ™KL‚ŒLMŒŽÌNÎLÍÌŒK‹ŽÌNÎLÍÌŒYKL‚ŒLMKŒÌNMLLŒMŒ‹ËŒNMLLŒMŒ™KL‚ŒLM‹ŒÍŒÌÍÎNNMNËŒÌÍÎNNMNKL‚ŒLMËŒLLÌLŒŽ‹ŒLLÌLŒŽ™KL‚ŒLNŒÍŒÍŒM‹ŒÍŒÍŒM™KL‚ŒLNKŒŽNLLŒMÍM‹ŽNLLŒMÍM™KL‚ŒLLŒMMLNNÎLËŽMMLNNÎLÙKL‚ŒLLKŒLMÎÎLŒLŒMKŒMÎÎLŒLŒMKL‚ŒLL‹ŒLÍMÍÌÍLKKŒÍMÍÌÍLYKL‚ŒLLËŒMŒŒÌNMÍNŒ‹KŒŒÌNMÍNŒ™KL‚ŒLLŒMLNMŽLŒÍ‹KLNMŽLŒÍ™KL‚ŒLLKŒMLNMŽLŒÍKKLNMŽLŒÍYKL‚ŒLL‹ŒMŒŒÌNMÍNŽKKŒŒÌNMÍNŽYKL‚ŒLLËŒLÍMÍÌÍL‹KŒÍMÍÌÍL™KL‚ŒLLŒLMÎÎLŒLŒMKŒMÎÎLŒLŒMKL‚ŒLLKŒMMLNNÎM‹ŽMMLNNÎM™KL‚ŒLLLŒŽNLLŒMÍM‹ŽNLLŒMÍM™KL‚ŒLLLKŒÍŒÍŒM‹ŒÍŒÍŒM™KL‚ŒLLL‹ŒLLÌLŒŽËŒLLÌLŒŽÙKL‚ŒLLLËŒÍŒÌÍÎNNMŒKËŒÌÍÎNNMŒYKL‚ŒLLMŒÌNMLLŒMŒ‹ËŒNMLLŒMŒ™KL‚ŒLLMKŒŽÌNÎLÍÌN‹ŽÌNÎLÍÌNKL‚ŒLLM‹ŒMÎLÎMŒÌNK‹MÎLÎMŒÌNYKL‚ŒLLMËŒÌŽÌŽ‹ÌŽÌŽKL‚ŒLLNŒŒLMLNLLK‹ŒLMLNLLYKL‚ŒLLNKŒNMŒŽŽMÍ‹KŽMŒŽŽMÍ™KL‚ŒLLŒŒMÍÍLŒŒÍËKÍÍLŒŒÍÙKL‚ŒLLŒKLŒÌÍÍMÌNMŒKŒLLŒ‹LŒLNLLKŒLLŒËLŒNMÎLMÎÎKKŒÌŒÎMŒYKLÂŒLLŒÎNNNMMMNKŒÍŒŒŒMŒŒKLÂŒLLKŒŒŒÍÎNMLL‹‹ŒŒÍÎNMLL™KL‚ŒLL‹ŒŽNMMÍÍLŽÍ‹‹ŽNMMÍÍLŽÍ™KL‚ŒLLËŒÌLMÌLÎMKËŒLMÌLÎMYKL‚ŒLLŽŒÍŒNÎLLŒMMËŒNÎLLŒMMKL‚ŒLLŽKŒMMMMÌÎMÎŒMMMMÌÎMÎKL‚ŒLLÌŒŒÍMLÌN‹ŒÍMLÌN™KL‚ŒLLÌKŒLLŒMÌNL‹KŒLŒMÌNL™KL‚ŒLLÌ‹ŒMLLMŒÍLKKLLMŒÍLYKL‚ŒLLÌËŒMÌLLMLËKÌLLMLÙKL‚ŒLLÍŒNLŒMLŒNLŒŒËKŽLŒMLŒNLŒŒÙKL‚ŒLLÍKŒŒŽMLÌŒÎMË‹ŒŽMLÌŒÎMÙKL‚ŒLLÍ‹ŒŒMÍÎNLMÍK‹ŒMÍÎNLMÍYKL‚ŒLLÍËŒŒMÍÎNLMÍK‹ŒMÍÎNLMÍYKL‚ŒLLÎŒŒŽMLÌŒÎMLK‹ŒŽMLÌŒÎMLYKL‚ŒLLÎKŒNLŒMLŒNLŒKKŽLŒMLŒNLŒYKL‚ŒLMŒMÌLLML‹KÌLLML™KL‚ŒLMKŒMLLMŒÍL‹KLLMŒÍL™KL‚ŒLM‹ŒLLŒMÌNLKKŒLŒMÌNLYKL‚ŒLMËŒŒÍMLÌN‹ŒÍMLÌN™KL‚ŒLMŒMMMMÌÎMÍ‹ŒMMMMÌÎMÍ™KL‚ŒLMKŒÍŒNÎLLŒMLËËŒNÎLLŒMLÙKL‚ŒLM‹ŒÌLMÌLÎMLËËŒLMÌLÎMLÙKL‚ŒLMËŒŽNMMÍÍLŽÍ‹‹ŽNMMÍÍLŽÍ™KL‚ŒLMŒŒŒÍÎNMLL‹‹ŒŒÍÎNMLL™KL‚ŒLMKŒÎNNNMMMM‹ŒÍŒŒŒMŒŒŒÙKLÂŒLMLLŒNMÎLMÎÎKKŒÌŒÎMŒÙKLÂŒLMLKLŒLNLLËŒLML‹LŒÌÍÍMÌNMŒKŒLMLËLŒÌÍÎNLLŽKŒLMMLŒLÌÍÌMÍM‹ŒLMMKLŒMLÍŒÎÌÍLËŒLMM‹LŒŒMŒÍŒLÎŒLMMËLŒLMLLKŽŽMÍLŒÎYKLÂŒLMNŒLŒMMÍN‹LŒMMÍNKL‚ŒLMNKŒÌÌÎMMŒLÍÌÌ‹ËŒÌÎMMŒLÍÌÌ™KL‚ŒLMŒŒÍÎLŽNMMÍËËÎLŽNMMÍÙKL‚ŒLMŒKŒÍÍLŽNLKŒÍÍLŽNLYKL‚ŒLMŒ‹ŒNLÎMŒLÍKŽNLÎMŒLÍYKL‚ŒLMŒËŒMLÌLŒŒLMÍ‹KLÌLŒŒLMÍ™KL‚ŒLMŒNNŒÍÌLLKKŽNŒÍÌLLYKL‚ŒLMKŒŒÍLŒLŒLL‹‹ŒÍLŒLŒLL™KL‚ŒLM‹ŒŒŒMLŒLŒK‹ŒŒMLŒLŒYKL‚ŒLMËŒŽMMŽN‹ŽMMŽNKL‚ŒLMŽŒŽMÍLMMÌK‹ŽMÍLMMÌYKL‚ŒLMŽKŒŽMÍLMMÌK‹ŽMÍLMMÌYKL‚ŒLMÌŒŽMMŽK‹ŽMMŽYKL‚ŒLMÌKŒŒŒMLŒLŒ‹‹ŒŒMLŒLŒ™KL‚ŒLMÌ‹ŒŒÍLŒLŒLLË‹ŒÍLŒLŒLLÙKL‚ŒLMÌËŒNNŒÍÌLLKKŽNŒÍÌLLYKL‚ŒLMÍŒMLÌLŒŒLMÎKKLÌLŒŒLMÎYKL‚ŒLMÍKŒNLÎMŒMŽNLÎMŒMKL‚ŒLMÍ‹ŒÍÍLŽNKŒÍÍLŽNYKL‚ŒLMÍËŒÍÎLŽNMMÍŽKËÎLŽNMMÍŽYKL‚ŒLMÎŒÌÌÎMMŒLÍÌÌ‹ËŒÌÎMMŒLÍÌÌ™KL‚ŒLMÎKŒLŒMMÍN‹LŒMMÍNKL‚ŒLNLŒLMLLŽŽMÍLŒÎ™KLÂŒLNKLŒŒMŒÍŒLÎËŒLN‹LŒMLÍŒÎÌÍLËŒLNËLŒLÌÍÌMÍMËŒLNLŒÌÍÎNLLŽKŒLNKLŒŽNMÍLMMÎMÎKŒLN‹LŒNMMMŒŒNNKŒLNËLŒŒNMŒLNLŒŒLÌMŒÎKŒLNKLŒŒLŽLLNŒLNLŒLÎMNLMŒKKMNLLŽMKL‚ŒLNLKŒÍŽLLÍLMËËŽLLÍLMÙKL‚ŒLNL‹ŒŒNNÍÎNMËŒŒNNÍÎNMÙKL‚ŒLNLËŒÍLÌŒÌÍM‹ÍLÌŒÌÍM™KL‚ŒLNMŒMLŒŒNLKLŒŒNLKL‚ŒLNMKŒŒLŒŒÍMŒÌÌMË‹ŒLŒŒÍMŒÌÌMÙKL‚ŒLNM‹ŒÍŽŽÍÍ‹‹ÍŽŽÍÍ™KL‚ŒLNMËŒÌLMÍŒMLŽKËŒLMÍŒMLŽYKL‚ŒLNNŒÍNNNLŒKËNNNLŒYKL‚ŒLNNKŒÍÌÍÍŒÍMÌËËÌÍÍŒÍMÌÙKL‚ŒLŒŒÍÎLÍÍÌÍM‹ËÎLÍÍÌÍM™KL‚ŒLŒKŒÍÎLÍÍÌÍMKËÎLÍÍÌÍMYKL‚ŒLŒ‹ŒÍÌÍÍŒÍMÍKËÌÍÍŒÍMÍYKL‚ŒLŒËŒÍNNNLŒKËNNNLŒYKL‚ŒLŒŒÌLMÍŒMLŽKËŒLMÍŒMLŽYKL‚ŒLŒKŒÍŽŽÍÍK‹ÍŽŽÍÍYKL‚ŒLŒ‹ŒŒLŒŒÍMŒÌÌM‹‹ŒLŒŒÍMŒÌÌM™KL‚ŒLŒËŒMLŒŒNLKLŒŒNLKL‚ŒLŒŒÍLÌŒÌÍMÍLÌŒÌÍMKL‚ŒLŒKŒŒNNÍÎNNKŒŒNNÍÎNNYKL‚ŒLŒLŒÍŽLLÍLMÌKËŽLLÍLMÌYKL‚ŒLŒLKŒLÎMNLM‹KMNLLŽMKL‚ŒLŒL‹LŒŒLŽLLNÎKŒLŒLËLŒŒLÌMŒÎKŒLŒMLŒŒNMŒLŒMKLŒNMMMŒŒNNKŒLŒM‹LŒŽNMÍLMMÎMÎKŒLŒMËLŒLŒMŒNMŒÍËŒLŒNLŒLŒŽÍŒÍÌŽŒLŒNKLŒÍMÌŒÍŽMŽL‹ŒLŒŒLŒÍLLŽLËŒLŒŒKLŒMŽLMŒŒÍKŒLŒŒ‹LŒMMŒÎLLÌŽ‹ŒŒMLMLÙKLÂŒLŒŒËŒÎMÌLNLŽMËŽMÌLNLŽMKL‚ŒLŒŒLMLÌLNMŒŽMËŽLMLÌLNMŒŽMÙKL‚ŒLŒKŒLÌNLLÌMŽKKŒÌNLLÌMŽYKL‚ŒLŒ‹ŒŒÌNLMÍ‹‹ŒÌNLMÍ™KL‚ŒLŒËŒŽŒŒÍÍK‹ŽŒŒÍÍYKL‚ŒLŒŽŒÍÌ‹ËÌ™KL‚ŒLŒŽKŒLNÍÍŒLÌËŒLNÍÍŒLÌÙKL‚ŒLŒÌŒNMÌKNMÌYKL‚ŒLŒÌKŒŽLÎMŒÍ‹ŽLÎMŒÍ™KL‚ŒLŒÌ‹ŒÌM‹ŽÌM™KL‚ŒLŒÌËŒÌMŽÌMKL‚ŒLŒÍŒŽLÎMŒÍKŽLÎMŒÍYKL‚ŒLŒÍKŒNMÌËNMÌÙKL‚ŒLŒÍ‹ŒLNÍÍŒLÌ‹ŒLNÍÍŒLÌ™KL‚ŒLŒÍËŒÍÌËËÌÙKL‚ŒLŒÎŒŽŒŒÍÍK‹ŽŒŒÍÍYKL‚ŒLŒÎKŒŒÌNLMÍË‹ŒÌNLMÍÙKL‚ŒLŒLÌNLLÌMŽKKŒÌNLLÌMŽYKL‚ŒLKŒLMLÌLNMŒŽM‹ŽLMLÌLNMŒŽM™KL‚ŒL‹ŒÎMÌLNLŽL‹ËŽMÌLNLŽL™KL‚ŒLËLŒMMŒÎLLÌŽK‹ŒŒMLMMYKLÂŒLLŒMŽLMŒŒÍKŒLKLŒÍLLŽLËŒL‹LŒÍMÌŒÍŽMŽL‹ŒLËLŒLŒŽÍŒÍÌŽŒLLŒLŒMŒNMŒÍËŒLKLŒNLŒMÍM‹ŒLLLŒMMÎMŒŽNLŽL‹ŒLLKLŒLMÎŒLLÍŒŒMŒLL‹LŒÌMÌÍŒLMNKŒLLËLŒÌNŒŒÌ‹ŒLMLŒÍŽMLMMÌËŒLMKŒÍMMÍÎŒLÍNËMMÍÎŒLÍNKL‚ŒLM‹ŒMÍÍMŒKÍÍMŒKL‚ŒLMËŒŒÍÌÍÍMŽMÍ‹‹ŒÍÌÍÍMŽMÍ™KL‚ŒLNŒÌNÍÍÍŒŒNK‹ÌNÍÍÍŒŒNYKL‚ŒLNKŒÍŒÌNÌÎNMËŒÌNÌÎNMKL‚ŒLŒŒÎNÌŽM‹ŒÎNÌŽM™KL‚ŒLŒKŒLLÌÌÍÎMÌÌKKŒLÌÌÍÎMÌÌYKL‚ŒLŒ‹ŒMÌŽMMŒÍ‹KÌŽMMŒÍ™KL‚ŒLŒËŒMÍÎMÎMËKÍÎMÎMÙKL‚ŒLŒNLÍLMŒÍÎNKKŽLÍLMŒÍÎNYKL‚ŒLKŒNLÍLMŒÍÎŒKKŽLÍLMŒÍÎŒYKL‚ŒL‹ŒMÍÎMÎMŽKÍÎMÎMŽKL‚ŒLËŒMÌŽMMŒÍËKÌŽMMŒÍÙKL‚ŒLŽŒLLÌÌÍÎMÌÌ‹KŒLÌÌÍÎMÌÌ™KL‚ŒLŽKŒÎNÌŽMËŒÎNÌŽMÙKL‚ŒLÌŒÍŒÌNÌÎNMËŒÌNÌÎNMKL‚ŒLÌKŒÌNÍÍÍŒŒK‹ÌNÍÍÍŒŒYKL‚ŒLÌ‹ŒŒÍÌÍÍMŽMÍŒË‹ŒÍÌÍÍMŽMÍŒÙKL‚ŒLÌËŒMÍÍMŒËKÍÍMŒÙKL‚ŒLÍŒÍMMÍÎŒLÍNKËMMÍÎŒLÍNYKL‚ŒLÍKLŒÍŽMLMMËŒLÍ‹LŒÌNŒŒÌ‹ŒLÍËLŒÌMÌÍŒLMNKŒLÎLŒLMÎŒLLÍŒŒMŒLÎKLŒMMÎMŒŽNLŽL‹ŒLŽLŒNLŒMÍM‹ŒLŽKLŒŒÍÍÍÍŒLŽ‹LŒŒMÌÌÌŽNLËŒLŽËLŒMŒÌÌMLÎMÎLËŒLŽLŒLÌŒŒÎLÍŒLŽKLŒMMLLÎŽNLÌKŒLŽ‹LŒLÍLÌNMKŒLŽËŒŒŒNLŽLM‹ŽNÌŒLŒŒYKL‚ŒLŽŒŒMÎLÎ‹ŒMÎLÎKL‚ŒLŽKŒŽLÍÌMK‹ŽLÍÌMYKL‚ŒLŽLŒÍÍÌLÌL‹ËÍÌLÌL™KL‚ŒLŽLKŒNNNLÍKNNNLÍYKL‚ŒLŽL‹ŒLÍLŒŽKKŒÍLŒŽYKL‚ŒLŽLËŒLLŽÍËKŒLŽÍÙKLBŒLŽMŒLŒÌŽLNKŒŒÌŽLNKLBŒLŽMKŒLMŒNLŽÍÎKKŒMŒNLŽÍÎYKLBŒLŽM‹ŒLLMŒÍÎMËKŒLMŒÍÎMÙKLBŒLŽMËŒLLMŒÍÎM‹KŒLMŒÍÎM™KLBŒLŽNŒLMŒNLŽÍÎKKŒMŒNLŽÍÎYKLBŒLŽNKŒLŒÌŽLNKŒŒÌŽLNKLBŒLÌŒLLŽÍËKŒLŽÍÙKLBŒLÌKŒLÍLŒÎKŒÍLŒÎKL‚ŒLÌ‹ŒNNNLÍ‹NNNLÍ™KL‚ŒLÌËŒÍÍÌLÌL‹ËÍÌLÌL™KL‚ŒLÌŒŽLÍÌML‹‹ŽLÍÌML™KL‚ŒLÌKŒŒMÎLÎŒË‹ŒMÎLÎŒÙKL‚ŒLÌ‹ŒŒŒNLŽLM‹ŽNÌŒLŒŒKL‚ŒLÌËLŒLÍLÌNMKŒLÌLŒMMLLÎŽNLÌKŒLÌKLŒLÌŒŒÎLÍŒLÌLLŒMŒÌÌMLÎMÎLËŒLÌLKLŒŒMÌÌÌŽNLËŒLÌL‹LŒŒÍÍÍÍŒLÌLËLŒÌMLÎMKŒLÌMLŒÌÍÌÎMÎ‹ŒLÌMKLŒŒŽNŒKŒLÌM‹LŒLÍLLÌŒLÍŒLÌMËLŒŽMMNNËŒLÌNLŒŒLLMKŒLÌNKŒLŽLLŽK‹ŒÌÌÍMMMLÌŒYKL‚ŒLÌŒŒÌÌMÎŒNLŒ‹ËŒÌMÎŒNLŒ™KL‚ŒLÌŒKŒÍÎMÍMMMÌŽËÎMÍMMMÌŽKL‚ŒLÌŒ‹ŒŒÌŽLLÍÍMŒŒÌŽLLÍÍMKL‚ŒLÌŒËŒLÌŒNMŽÌ‹KŒÌŒNMŽÌ™KL‚ŒLÌŒLÌMÌLÍÌKKŒÌMÌLÍÌYKLBŒLÌKŒLLMÌN‹KŒLMÌN™KLBŒLÌ‹ŒLMÍMÍÎŽLLKKŒMÍMÍÎŽLLYKLBŒLÌËŒLŒMMMNLÍŒKKŒŒMMMNLÍŒYKLBŒLÌŽŒLŒÍŒNNÍŒŽKKŒŒÍŒNNÍŒŽYKLBŒLÌŽKŒLŒÍŒNNÍŒËKŒŒÍŒNNÍŒÙKLBŒLÌÌŒLŒMMMNLÍŒKKŒŒMMMNLÍŒYKLBŒLÌÌKŒLMÍMÍÎŽLLKKŒMÍMÍÎŽLLYKLBŒLÌÌ‹ŒLLMÌN‹KŒLMÌN™KLBŒLÌÌËŒLÌMÌLÍÌKKŒÌMÌLÍÌYKLBŒLÌÍŒLÌŒNMŽÍ‹KŒÌŒNMŽÍ™KL‚ŒLÌÍKŒŒÌŽLLÍÍM‹ŒŒÌŽLLÍÍM™KL‚ŒLÌÍ‹ŒÍÎMÍMMMÌŽËÎMÍMMMÌŽKL‚ŒLÌÍËŒÌÌMÎŒNL‹ËŒÌMÎŒNL™KL‚ŒLÌÎŒLŽLLŽ‹‹ŒÌÌÍMMMLÌŒ™KL‚ŒLÌÎKLŒŒLLMKŒLÍLŒŽMMNN‹ŒLÍKLŒLÍLLÌŒLÍŒLÍ‹LŒŒŽNŒKŒLÍËLŒÌÍÌÎMÎ‹ŒLÍLŒÌMLÎMKŒLÍKLŒÍNMMLŒKŒLÍ‹LŒÌNLŒÎMËŒLÍËLŒNÍŒÍŒËŒLÍLŒMLMMÌ‹ŒLÍKLŒLŽMMÍËŒLÍLLŒŽŒÌÎLÎ‹ŒLÍLKLŒŒNÌŽŒNËKŒLMŒÍÙKL‚ŒLÍL‹ŒÎLÍLËŽLÍLKL‚ŒLÍLËŒNLLLÎMŒNLËNLLLÎMŒNLÙKL‚ŒLÍMŒMLŽLMŒŒ‹ŽMLŽLMŒŒ™KL‚ŒLÍMKŒLNMMÍŒÎKKŒNMMÍŒÎYKLBŒLÍM‹ŒLLŽNLÍÌÌL‹KŒLŽNLÍÌÌL™KLBŒLÍMËŒLŒNNNLÍ‹KŒŒNNNLÍ™KLBŒLÍNŒLŽÌÌŒMNLMKŒŽÌÌŒMNLMKLBŒLÍNKŒLÌÌÍMMŒÍÌËKŒÌÌÍMMŒÍÌÙKLBŒLÍŒŒLÍMŽŒÎÍÎ‹KŒÍMŽŒÎÍÎ™KLBŒLÍŒKŒLÍMŽŒÎÍÎ‹KŒÍMŽŒÎÍÎ™KLBŒLÍŒ‹ŒLÌÌÍMMŒÍÌËKŒÌÌÍMMŒÍÌÙKLBŒLÍŒËŒLŽÌÌŒMNLMKŒŽÌÌŒMNLMKLBŒLÍŒLŒNNNLÍ‹KŒŒNNNLÍ™KLBŒLÍKŒLLŽNLÍÌÌL‹KŒLŽNLÍÌÌL™KLBŒLÍ‹ŒLNMMÍŒÎKKŒNMMÍŒÎYKLBŒLÍËŒMLŽLMŒŒ‹ŽMLŽLMŒŒ™KL‚ŒLÍŽŒNLLLÎMŒNLËNLLLÎMŒNLÙKL‚ŒLÍŽKŒÎLÍLKËŽLÍLYKL‚ŒLÍÌLŒŒNÌŽŒMÍKŒLMŒÎKL‚ŒLÍÌKLŒŽŒÌÎLÎ‹ŒLÍÌ‹LŒLŽMMÍËŒLÍÌËLŒMLMMÌ‹ŒLÍÍLŒNÍŒÍŒËŒLÍÍKLŒÌNLŒÎMËŒLÍÍ‹LŒÍNMMLŒKŒLÍÍËLŒÎMLÍÌŽLMŒMËŒLÍÎLŒÍLÍÎŽËŒLÍÎKLŒÍÌMŒMLŒLÎLŒNMMMMMËŒLÎKLŒNLŒMLMNËŒLÎ‹LŒÍLLÌÎM‹ŒLÎËLŒNLŽNLÍŒKŒŒÍÌÍMM™KLÂŒLÎŒŽMMŒŒŽMMŒKL‚ŒLÎKŒLŒMŒLMMËKŒŒMŒLMMÙKL‚ŒLÎ‹ŒMMLKKMLYKL‚ŒLÎËŒLÌŒMNNKŒÌŒMNNKLBŒLÎŒLŒMÌŒM‹KŒŒMÌŒM™KLBŒLÎKŒLÌNNMÌÌŒMËKŒÌNNMÌÌŒMÙKLBŒLÎLŒLÎMÌŒŽÎKŒÎMÌŒŽÎKLBŒLÎLKŒMMÍMMKKMÍMMYKLBŒLÎL‹ŒMÍLMŒÍMMKKÍLMŒÍMMYKLBŒLÎLËŒMÍLMŒÍMMKKÍLMŒÍMMYKLBŒLÎMŒMMÍMMKKMÍMMYKLBŒLÎMKŒLÎMÌŒŽÎKŒÎMÌŒŽÎKLBŒLÎM‹ŒLÌNNMÌÌŒM‹KŒÌNNMÌÌŒM™KLBŒLÎMËŒLŒMÌŒMNKKŒŒMÌŒMNYKLBŒLÎNŒLÌŒMNNKŒÌŒMNNKLBŒLÎNKŒMMLKMLKL‚ŒMŒLŒMŒLMMËKŒŒMŒLMMÙKL‚ŒMKŒŽMMŒKŒŽMMŒYKL‚ŒM‹LŒNLŽNLÍŒKŒŒÍÌÍMŒYKLÂŒMËLŒÍLLÌÎM‹ŒMLŒNLŒMLMNËŒMKLŒNMMMMMËŒM‹LŒÍÌMŒMLŒMËLŒÍLÍÎŽËŒMLŒÎMLÍÌŽLMŒMËŒMKLÍLÍÎŒMLLŒÍŒLLNÌ‹ŒMLKLŒŽLÎMÍÌŒKŒML‹LŒNLÌÌÌÍN‹ŒMLËLŒLLÎŽKŒMMLŒÎLÍÎŒLËŒMMKLŒŒNÍMNKËŽLŒLÎLLŽYKLŒMM‹ŒÌMLËÌLMÌÎN™KL‚ŒMMËŒÍMMŒLÍNŽKŽLÌ™KL‚ŒMNŒMNLŒMÍŽL‹KNLŒMÍŽL™KL‚ŒMNKŒLLLLNLLLKKŒLLLNLLLYKLBŒMŒŒLMŒŽM‹KŒMŒŽM™KLBŒMŒKŒLÍŒLŒŽŽKKŒÍŒLŒŽŽYKLBŒMŒ‹ŒMŒLÍMKŒLÍMKLBŒMŒËŒMMNÍŒNNKMNÍŒNNKLBŒMŒMLŽMKKLŽMYKLBŒMKŒMLŽMKLŽMKLBŒM‹ŒMMNÍŒNNKMNÍŒNNKLBŒMËŒMŒLÍMKŒLÍMKLBŒMŽŒLÍŒLŒŽŽKKŒÍŒLŒŽŽYKLBŒMŽKŒLMŒŽM‹KŒMŒŽM™KLBŒMÌŒLLLLNLLLKKŒLLLNLLLYKLBŒMÌKŒMNLŒMÍŽLKKNLŒMÍŽLYKL‚ŒMÌ‹ŒÍMMŒLÍNŽ‹ŽLÌKL‚ŒMÌËŒÌMLËÌLMÌÎNYKL‚ŒMÍLŒŒNÍMNËËŽLŒLÎL™KLŒMÍKLŒÎLÍÎŒLËŒMÍ‹LŒLLÎŽKŒMÍËLŒNLÌÌÌÍN‹ŒMÎLŒŽLÎMÍÌŒKŒMÎKLŒÍŒLLNÌ‹ŒMLÍLÍÎŒMKLŒÍÌLÍNNÌ‹ŒM‹LŒÌÌŒŒLÌÌMÎMËŒMËLŒŒŽLŽLŒLÌÍKŒMLŒMÎLŒŒÌÌÌKŒMKLŒNLÌMLŒÍKŒM‹LŒÎLŒŒÌMÍKŒMËLŒÌÍÎMÍMŒMŒÍÌMNMM‹‹ŒÌMÌÍÎYKL‚ŒMKŒŒNMÍËËNMÎLÍYKL‚ŒMLŒÍMLŒLÎNËŽNLÍMŒÌYKL‚ŒMLKŒMMMMÌNÍKMMMÌNÍKL‚ŒML‹ŒLLÍMÍNM‹KŒLÍMÍNM™KLBŒMLËŒLŒMÌÎMÍMKŒŒMÌÎMÍMKLBŒMMŒLŽÌŒMÎKŒŽÌŒMÎKLBŒMMKŒLÌÌLLÍÎKKŒÌÌLLÍÎYKLBŒMM‹ŒLÍMÍMMLKŒÍMÍMMLKLBŒMMËŒLÍMÍMMLKŒÍMÍMMLKLBŒMNŒLÌÌLLÍÎKKŒÌÌLLÍÎYKLBŒMNKŒLŽÌŒMÍËKŒŽÌŒMÍÙKLBŒMŒŒLŒMÌÎMÍMKŒŒMÌÎMÍMKLBŒMŒKŒLLÍMÍNM‹KŒLÍMÍNM™KLBŒMŒ‹ŒMMMMÌNÍKMMMÌNÍKL‚ŒMŒËŒÍMLŒLÎ‹ËŽNLÍMŒÌ™KL‚ŒMŒŒNMÍËËNMÎLÍYKL‚ŒMKŒÍÌMNMMŽ‹ŒÌMÌÍÎÙKL‚ŒM‹LŒÌÍÎMÍLËŒMËLŒÎLŒŒÌMÍŒMŽLŒNLÌMLŒÍKŒMŽKLŒMÎLŒŒÌÌÌKŒMÌLŒŒŽLŽLŒLÌÍKŒMÌKLŒÌÌŒŒLÌÌMÎMËŒMÌ‹LŒÍÌLÍNNÌ‹ŒMÌËLŒŽLLMÌŒL‹ŒMÍLŒMÌÎNNLŒÌLËŒMÍKLŒŒMÍŒLÌÍKŒMÍ‹LŒLÍMŽMŒNMMÌÍ‹ŒMÍËLŒÍŽNLMLÌNŒMÎLŒÌŒLMMÌŒMŒMÎKLŒŽLŒMLLÌLK‹ŒŽLÍLÍÌÙKLÂŒMŒMŒŒÎMMÌËKŒŒÎMÍÎŒ™KL‚ŒMKŒŽNMÍLMŒK‹ŽLNŒŒÍÍ™KL‚ŒM‹ŒŒÌŽÎËËÍMMYKL‚ŒMËŒNŒÎÍŽMÌÍŽNŒÎÍŽMÌÍKL‚ŒMŒLÌLLÌÌLËKŒÌLLÌÌLÙKLBŒMKŒLNLLNKKŒNLLNYKLBŒM‹ŒLMLMÌÌŒËKŒMLMÌÌŒÙKLBŒMËŒLÌMÍÌNMNL‹KŒÌMÍÌNMNL™KLBŒMŒLÍNÌ‹KŒÍNÌ™KLBŒMKŒLÍNÌKKŒÍNÌYKLBŒMLŒLÌMÍÌNMNL‹KŒÌMÍÌNMNL™KLBŒMLKŒLMLMÌÌŒËKŒMLMÌÌŒÙKLBŒML‹ŒLNLLNKKŒNLLNYKLBŒMLËŒLÌLLÌÌLËKŒÌLLÌÌLÙKLBŒMMŒNŒÎÍŽMÌÍŽNŒÎÍŽMÌÍKL‚ŒMMKŒŒÌŽÎËËÍMMKL‚ŒMM‹ŒŽNMÍLMŒ‹ŽLNŒŒÍÎKL‚ŒMMËŒMŒŒÎMMÍKŒŒÎMÍÎŒ™KL‚ŒMNLŒŽLŒMLLÌLŒK‹ŒŽLÍLÍÍÙKLÂŒMNKLŒÌŒLMMÌŒMŒMLLŒÍŽNLMLÌNŒMLKLŒLÍMŽMŒNMMÌÍ‹ŒML‹LŒŒMÍŒLÌÍKŒMLËLŒMÌÎNNLŒÌLËŒMLLŒŽLLMÌŒL‹ŒMLKLŒMŒMNNLLŒKŒML‹LŒMLNMÍLŽKŒMLËLŒLLŒLŽMŒKŒMLLŒŽMÌMŽKŒMLKLŒŽLLŽNLŒÌ‹ŒMLLLŒMŒÌÎMLLÍÍ‹LŒÌMNYKL‚ŒMLLKŒŒÍMLÌŽMLËŒŽLÍÍŒLÌ™KL‚ŒMLL‹ŒLMŽMLŒLËKŒLKLBŒMLLËŒMLÍLÎÌ‹KLÍLÎÌ™KLBŒMLMŒNMÍLŽMËKŽMÍLŽMÙKLBŒMLMKŒŒŽLMM‹‹ŒŽLMM™KLBŒMLM‹ŒŒŽÌÍÍNMK‹ŒŽÌÍÍNMYKLBŒMLMËŒÍMŒÎNMÌK‹ÍMŒÎNMÌYKLBŒMLNŒMNÌŒÌNK‹MNÌŒÌNYKLBŒMLNKŒÎŒÌŽNLË‹ÎŒÌŽNLÙKLBŒMLŒŒŽÌÌLË‹ŽÌÌLÙKLBŒMLŒKŒŽÌÌLË‹ŽÌÌLÙKLBŒMLŒ‹ŒÎŒÌŽNLË‹ÎŒÌŽNLÙKLBŒMLŒËŒMNÌŒÌNK‹MNÌŒÌNYKLBŒMLŒÍMŒÎNMÌK‹ÍMŒÎNMÌYKLBŒMLKŒŒŽÌÍÍNMK‹ŒŽÌÍÍNMYKLBŒML‹ŒŒŽLMM‹‹ŒŽLMM™KLBŒMLËŒNMÍLŽMËKŽMÍLŽMÙKLBŒMLŽŒMLÍLÎÌ‹KLÍLÎÌ™KLBŒMLŽKŒLMŽMLŒLËKŒLKLBŒMLÌŒŒÍMLÌŽMKŒŽLÍÍŒLÙKL‚ŒMLÌKLŒMŒÌÎMLLÍÌË‹LŒÌMN™KL‚ŒMLÌ‹LŒŽLLŽNLŒÌ‹ŒMLÌËLŒŽMÌMŽKŒMLÍLŒLLŒLŽMŒKŒMLÍKLŒMLNMÍLŽKŒMLÍ‹LŒMŒMNNLLŒKŒMLÍËLŒŒÍMŒŽMÍM‹ŒÎMNÎÎKL‚ŒMLÎLŒMÍLNL‹ÍŒMMNM™KL‚ŒMLÎKLŒÌÎNLÍËKŒMÍŽMMKLBŒMMŒLÌNÌÍÌËKŽÍÌŒÙKLBŒMMKŒŒNMŒÍLÌÎK‹ŒNMŒÍLÌÎYKLBŒMM‹ŒLLÌŒÌ‹LLÌŒÌKLBŒMMËŒMŽÍMMŒM‹MŽÍMMŒMKLBŒMMŒÍMŒÍÌŽMK‹ÍMŒÍÌŽMYKLBŒMMKŒŒŽNMMŒNK‹ŒŽNMMŒNYKLBŒMM‹ŒŒMLNÎMÌŒË‹ŒMLNÎMÌŒÙKLBŒMMËŒŒMÍŽLŒŒLK‹ŒMÍŽLŒŒLYKLBŒMMŒŒŽNÌK‹ŒŽNÌYKLBŒMMKŒNNMMLÌLM‹KŽNMMLÌLM™KLBŒMMLŒNNÌÍMÌÌÍ‹KŽNÌÍMÌÌÍ™KLBŒMMLKŒNNMKKŽNMYKLBŒMML‹ŒNNLÎMÌNŒM‹KŽNLÎMÌNŒM™KLBŒMMLËŒNNLÎMÌNŒM‹KŽNLÎMÌNŒM™KLBŒMMMŒNNMKKŽNMYKLBŒMMMKŒNNÌÍMÌÌÍËKŽNÌÍMÌÌÍÙKLBŒMMM‹ŒNNMMLÌLM‹KŽNMMLÌLM™KLBŒMMMËŒŒŽNÌK‹ŒŽNÌYKLBŒMMNŒŒMÍŽLŒŒLK‹ŒMÍŽLŒŒLYKLBŒMMNKŒŒMLNÎMÌŒË‹ŒMLNÎMÌŒÙKLBŒMMŒŒŒŽNMMŒ‹‹ŒŽNMMŒ™KLBŒMMŒKŒÍMŒÍÌŽMK‹ÍMŒÍÌŽMYKLBŒMMŒ‹ŒMŽÍMMŒM‹MŽÍMMŒMKLBŒMMŒËŒLLÌŒÌ‹LLÌŒÌKLBŒMMŒŒNMŒÍLÌÎK‹ŒNMŒÍLÌÎYKLBŒMMKŒLÌNÌÍÌËKŽÍÌŒÙKLBŒMM‹LŒÌÎNLÍLKKŒMÍŽMMKLBŒMMËLŒMÍLNL‹ÍŒMMNMKL‚ŒMMŽLŒŒÍMŒŽMÍM‹ŒÎMNÎÎYKL‚ŒMMŽKŒMŽNLŒLÌKKŽNLŒLÌYKLBŒMMÌŒLÌŒLŽNÌŽKKLMÌŽÌL™KLBŒMMÌKŒLÍLÌLMŽKŒÍŽLÌŒYKLBŒMMÌ‹LŒÍMMÍMÌM‹KŒLÌLMŽMÌ™KLBŒMMÌËLŒŒÌÌLMÎLŒKËŒMŒMLLÙKL‚ŒMMÍLŒNÌŽMNÎËŒÍÎMÌÌÌLÙKL‚ŒMMÍKLŒŒMMÌÎŽK‹ÍLMÌNL™KLÂŒMMÍ‹LŒÍÌŒNMNKŒMMÍËLŒLLŒMËŒMMÎLŒLŽMMÎMŒMŒÍŒMMÎKLŒMLÌŒÍM‹ŒMNLŒMNÎMÌÎŽKŒMNKLŒMŽMMNNLMÎŒMN‹LŒMÍÌMNMËŒMNËLŒNMÍÎÎNNŒMNLŒNNMM‹ŒMNKLŒNNMM‹ŒMN‹LŒNMÍÎÎNNŒMNËLŒMÍÌMNMËŒMNLŒMŽMMNNLMÎŒMNKLŒMNÎMÌÎŽKŒMNLLŒMLÌŒÍM‹ŒMNLKLŒLŽMMÎMŒMŒÍŒMNL‹LŒLLŒMËŒMNLËLŒÍÌŒNMNŒMNMLŒŒMMÌÎŽK‹ÍLMÌNLMÙKLÂŒMNMKLŒNÌŽMNÎËŒÍÎMÌÌÌLÙKL‚ŒMNM‹LŒŒÌÌLMÎLŒËŒMŒMLMKL‚ŒMNMËLŒÍMMÍMÌMKŒLÌLMŽMÌ™KLBŒMNNŒLÍLÌLM‹KŒÍŽLÌŒYKLBŒMNNKŒLÌŒLŽNÌŽKKLMÌŽÌL™KLBŒMŒŒMŽNLŒLÌKKŽNLŒLÌYKLBŒMŒKLŒÌLNLŽMÎ‹ŒMŒ‹LŒŽÌLLLŽKŒMŒËLŒÌLLÎLNNLÍËŒMŒLŒÍLŒÍÍŽMÍŽŒMŒKLŒÎMMÍŒLŒKŒMŒ‹LÍMŽŒŒMŒMŒËLLÍÍLMMŽMNŒMŒLMŒNMÌŽÌËŒMŒKLŒNMŒŒMMLŽLKŒMŒLLÌÎLLMLNKŒMŒLKLÌŒŒÎNMNLÍNKŒMŒL‹LÍŒÌÍLŒŽNŒMŒLËLÎMMÍÍÍÍÎŒMŒMLŽNLÌŒLÍÎKŒMŒMKLŽÍLMMŒÍMŒMŒM‹LŽMÍÍÎMKŒMŒMËLŽMÍÍÎMKŒMŒNLŽÍLMMŒÍMŒMŒNKLŽNLÌŒLÍÎKŒMŒŒLÎMMÍÍÍÍÎŒMŒŒKLÍŒÌÍLŒŽNŒMŒŒ‹LÌŒŒÎNMNLÍNKŒMŒŒËLÌÎLLMLNKŒMŒLŒNMŒŒMMLŽLKŒMŒKLMŒNMÌŽÌËŒMŒ‹LLÍÍLMMŽMNŒMŒËLÍMŽŒŒMŒMŒŽLŒÎMMÍŒLŒKŒMŒŽKLŒÍLŒÍÍŽMÍŽŒMŒÌLŒÌLLÎLNNLÍËŒMŒÌKLŒŽÌLLLŽKŒMŒÌ‹LŒÌLNLŽMÎ‹ŒMŒÌËLŒÍÍŽŒÍLÎKŒMŒÍLŒÎŽÍLLÍËŒMŒÍKLŒŽMÌ‹ŒMŒÍ‹LÍŽLLŒÌÎKŒMŒÍËLŽNLŽÍÌ‹ŒMŒÎLLÎÍMKŒMŒÎKLMLŒŒNLÌŒKŒMLNMMMLÍËŒMKLŒÎLLÎLNMŒM‹LŽLNŽNMNMKŒMËLKŒŽLÌŒMŒMLKŽLMÎLŽÌÎŒMKLKŽNÎLLËŒM‹L‹ŒÌLLMÌNLËŒMËL‹ŒŒLMNMÌËŒML‹ŒÍÎLÍKŒMKL‹ŒÍÎLÍKŒMLL‹ŒŒLMNMÌËŒMLKL‹ŒÌLLMÌNLËŒML‹LKŽNÎLLËŒMLËLKŽLMÎLŽÌÎŒMMLKŒŽLÌŒMŒMMKLŽLNŽNMNMKŒMM‹LŒÎLLÎLNMŒMMËLNMMMLÍËŒMNLMLŒŒNLÌŒKŒMNKLLÎÍMKŒMŒLŽNLŽÍÌ‹ŒMŒKLÍŽLLŒÌÎKŒMŒ‹LŒŽMÌ‹ŒMŒËLŒÎŽÍLLÍËŒMLŒÍÍŽŒÍLÎK‚UUÈÕTTŽˆ[˜Ü™X\Ú[™È[YHÝ\HŒMMB‚“UTÕÒS•ÓÓ•“ÓTŽˆY\Ý[™È[YHÝ\ˆHŒÌNÂ‚‚OOOOH™YÚ[›š[™È[YHÝ\ÈˆHOOOOB‚‚”™Y›Ü›Z[™ÈÝY™›™\ÜÈX]š^ˆ™Y›Ü›X][ÛˆÌB‚OOOOH™Y›Ü›Z[™ÈÝY™›™\ÜÈX]š^‚‚SœˆÙˆ\]X][ÛœÈ‹‹‹‹‹‹‹‹‹‹‹‹‹‹‹‹‹‹‹‹‹‹‹‹‹‹ˆˆNLÂ‚SœˆÙˆ›Ûž™\›Ù\È[ˆÝY™›™\ÜÈX]š^‹‹‹‹‹‹ˆˆLMŒŽNLÂˆBˆ›Û›[™X\ˆÛÛ][ÛˆÝ]\Îˆ[YOHB‚\ÝY™›™\ÜÈ\]\ÈH‚\šYÚ[™ÚYH]˜[X][ÛœÈH‚‚\ÝY™›™\ÜÈX]š^™Y›Ü›X][ÛœÈHB‚\Ý\œ›ÛH[™HÙX\˜ÚHKŒ‚XÛÛ™\™Ù[˜ÙH›Ü›\ÈˆS’UPSÕT”‘S•‘TURT‘Q‚H™\ÚYX[KŒŽŒYJÌÈKŒMŽMÍLKLHKŒŽŒYJÌ‚H[™\™ÞH‹ŒÌÍÎLÙJÌHKÍŒÎ™KLH‹ŒÌÍÎLÙKLÈ‚H\ÜXÙ[Y[ŒÎÌLÙJÌHŒÎÌLÙJÌHKÍLÌŒŒYKLˆˆ‚ˆ›Û›[™X\ˆÛÛ][ÛˆÝ]\Îˆ[YOHB‚\ÝY™›™\ÜÈ\]\ÈHB‚\šYÚ[™ÚYH]˜[X][ÛœÈHÂ‚\ÝY™›™\ÜÈX]š^™Y›Ü›X][ÛœÈHB‚\Ý\œ›ÛH[™HÙX\˜ÚHKŒ‚XÛÛ™\™Ù[˜ÙH›Ü›\ÈˆS’UPSÕT”‘S•‘TURT‘Q‚H™\ÚYX[KŒŽŒYJÌÈËŒŒÌ™KLLKŒŽŒYJÌ‚H[™\™ÞH‹ŒÌÍÎLÙJÌH‹ŒÌÌLYKLH‹ŒÌÍÎLÙKLÈ‚H\ÜXÙ[Y[ŒÎÌLÙJÌHËŽNMMKLˆKÍLÎLMÙKLˆ‚˜ÛÛ™\™Ù[˜ÙHÝ[[X\žBˆ[X™\ˆÙˆ]\˜][ÛœÈˆ‚ˆ[X™\ˆÙˆ™Y›Ü›X][ÛœÈˆB‚‹KKKKKKHÛÛ™\™ÙY][YHˆB‚‚‘]H™XÛÜ™ÌBOOOOOOOOOOOOOOOOOOOOOOOOOOOOOOOOOOOOOOOOOOOOOOOOOOOOOOOOOOOOOOOOOOOOOOOOOOB”Ý\HÂ•[YHHB‘]HHÚ\Ùš[˜[ØÛÛÜ™[˜]\ÂŒKNËŽNMŒÎLÌ‹‹ŒÌŽLÍMŒ™KLM‹ËŽŒNMNLÌBŒ‹NËŒLMŒLMËM‹ŒMŽMŒÌÎËŽŒMŒÍÌŒŒŒËNŒÎLÎŒM‹Ì‹ŒNÌÍÎNMÌËËŽŒNÌLÌÂMÎKŽLLÌKËŽÍŽÌNËŽNNLLÌŒÍLÂKMÌËŽLÌMŒLKŒËŒLÌLŒMMŒMËËŽNÍŒLLÍÂ‹MKŽMÌL‹ÍËÍÌÎLŒMŒËËŽMNÌÌÂËMM‹ŒÌŒŒNLLKMLMNMLMËŽMMÍÍŽMŽMKŒÌÌÎMŒÌNKLŒLÍÍËËŽLNNÌMNÂŽKLÌ‹ŽMMÍMMŒ‹LM‹NLÌNMËËŽLÍŒMMÍÎL‚ŒLLNKŒÍÍNMMÌ‹LËLÍLÌÎKËŽMNMM‚ŒLKLNŒ‹LÍËŒNLŽLL‹ËŽÎMNNÌÂŒL‹ŒÌÍMÌMŒŽL‹MKLÍÍLËŽLÍÍÌLÌLÂŒLËÌKŽMMLNMMML‹ÌŒŒÍÎMKËÎNLŒLÌÌL‚ŒMMNMÎLŒÎNMMËŽÍMMMKËÎMÌLMMLNBŒMKÍ‹ŽÍÎNMMŒKŽÎMÍKËÎMMNLŽŒM‹NÌŒÌÎMMÎKMŒŒLÌKËÎMÌŒLÍŒ‚ŒMËKŒÍLÎMMÎYKLMMŽNMNŒKËÎMLŒLŒNLNÌŒÌÎMMÎKMŒŒLÌKËÎMÌŒLÍŒ‚ŒNKLÍ‹ŽÍÎNMMŒKŽÎMÍKËÎMMNLŽŒŒMMNMÎLŒÎNMMËŽÍMMMKËÎMÌLMMLNBŒŒKMÌKŽMMLNMMML‹ÌŒŒÍÎMKËÎNLŒLÌÌL‚ŒŒ‹NŒÌÍMÌMŒŽL‹MKLÍÍLËŽLÍÍÌLÌLÂŒŒËLLNŒ‹LÍËŒNLŽLL‹ËŽÎMNNÌÂŒLLNKŒÍÍNMMÌ‹LËLÍLÌÎKËŽMNMM‚ŒKLLÌ‹ŽMMÍMMŒ‹LM‹NLÌNMËËŽLÍŒMMÍÎL‚Œ‹LMKŒÌÌÎMŒÌNKLŒLÍÍËËŽLNNÌMNÂŒËLMM‹ŒÌŒŒNLLKMLMNMLMËŽMMÍÍŽMŒŽLMKŽMÌL‹ÍËÍÌÎLŒMŒËËŽMNÌÌÂŒŽKLMÌËŽLÌMŒLKŒËŒLÌLŒMMŒMËËŽNÍŒLLÍÂŒÌLMÎKŽLLÌKËŽÍŽÌNËŽNNLLÌŒÍLÂŒÌKLNŒÎLÎŒM‹Ì‹ŒNÌÍÎNMÌËËŽŒNÌLÌÂŒÌ‹LNËŒLMŒLMËM‹ŒMŽMŒÌÎËŽŒMŒÍÌŒŒŒÌËLNËŽNMŒÎLÌ‹‹MŒÌMŒLMÙKLMËŽŒNMNLÌBŒÍLNËŒLMŒLMËLM‹ŒMŽMŒÌÎËŽŒMŒÍÌŒŒŒÍKLNŒÎLÎŒM‹LÌ‹ŒNÌÍÎNMÌËËŽŒNÌLÌÂŒÍ‹LMÎKŽLLÌKMËŽÍŽÌNËŽNNLLÌŒÍLÂŒÍËLMÌËŽLÌMŒLKMŒËŒLÌLŒMMŒMËËŽNÍŒLLÍÂŒÎLMKŽMÌL‹MÍËÍÌÎLŒMŒËËŽMNÌÌÂŒÎKLMM‹ŒÌŒŒNLNLKMLMNMLMËŽMMÍÍŽMLMKŒÌÌÎMŒÌNKLLŒLÍÍËËŽLNNÌMNÂKLLÌ‹ŽMMÍMMŒ‹LLM‹NLÌNMËËŽLÍŒMMÍÎL‚‹LLNKŒÍÍNMMÌ‹LLËLÍLÌÎKËŽMNMM‚ËLLNŒ‹LLÍËŒNLŽLL‹ËŽÎMNNÌÂNŒÌÍMÌMŒŽL‹LMKLÍÍLËŽLÍÍÌLÌLÂKMÌKŽMMLNMMLML‹ÌŒŒÍÎMKËÎNLŒLÌÌL‚‹MMNMÎLŒÎNLMMËŽÍMMMKËÎMÌLMMLNBËLÍ‹ŽÍÎNMLMŒKŽÎMÍKËÎMMNLŽLNÌŒÌÎMMÎKLMŒŒLÌKËÎMÌŒLÍŒ‚KLËŒLMLLLŒÍÙKLMLMŽNMNŒKËÎMLŒLLNÌŒÌÎMMÎKLMŒŒLÌKËÎMÌŒLÍŒ‚LKÍ‹ŽÍÎNMLMŒKŽÎMÍKËÎMMNLŽL‹MNMÎLŒÎNLMMËŽÍMMMKËÎMÌLMMLNBLËÌKŽMMLNMMLML‹ÌŒŒÍÎMKËÎNLŒLÌÌL‚MŒÌÍMÌMŒŽL‹LMKLÍÍLËŽLÍÍÌLÌLÂMKLNŒ‹LLÍËŒNLŽLL‹ËŽÎMNNÌÂM‹LNKŒÍÍNMMÌ‹LLËLÍLÌÎKËŽMNMM‚MËLÌ‹ŽMMÍMMŒ‹LLM‹NLÌNMËËŽLÍŒMMÍÎL‚NMKŒÌÌÎMŒÌNKLLŒLÍÍËËŽLNNÌMNÂNKMM‹ŒÌŒŒNLNLKMLMNMLMËŽMMÍÍŽMŒMKŽMÌL‹MÍËÍÌÎLŒMŒËËŽMNÌÌÂŒKMÌËŽLÌMŒLKMŒËŒLÌLŒMMŒMËËŽNÍŒLLÍÂŒ‹MÎKŽLLÌKMËŽÍŽÌNËŽNNLLÌŒÍLÂŒËNŒÎLÎŒM‹LÌ‹ŒNÌÍÎNMÌËËŽŒNÌLÌÂNËŒLMŒLMËLM‹ŒMŽMŒÌÎËŽŒMŒÍÌŒŒKNËŽNMŒMLÌ‹LËLŽMÍÍMÙKLMKÌ‹ŽNÍÌŒÍN‹NËŒLLNŒM‹M‹ŒMŽNLŒNMÌ‹ŽNLÍÍŒÌÂËNŒÎMMLL‹Ì‹ŒNÌMMÍÌ‹ŽMÎÍÌLBŽMÎKŽLÍÎMKËŽMLÍ‹Ì‹ŽMŽÌMŒŽKMÌËŽMÎLŒL‹ŒËŒLÌŽÌŒŽKÌ‹ŽMLMŽMBÌMKŽÍMÍÍÍËÍŽLMÌÌLÎKÌ‹ŽLÌLLŒMÌKMM‹ŒÌŒŒŒLÎMËLKMÌLM‹Ì‹ŽLÍÍNNNÌ‹MKŒÌÌŒMÌNNKLŒŽMŒNÌ‹ŽMMMŽMÌËLÌ‹ŽMÍÍŒŒKLM‹ŒLLÌ‹ŽLÌŽNNŒ‚ÍLNKŒÍMKLËLÍMÍLÎKÌ‹ŽŒŽMÍÂÍKLMŒŒÍÌÍKLÍËŒNÎÌKÌ‹ÎNMŒŒŒ‚Í‹ŒÌMŒŽMŒMËMKLMÌMKÌ‹ÎMÌMLÎÂÍËÌKŽMLLŽMËML‹ÌÌÍÍËÌ‹ÎMŒMŽBÎMNLLŽLŒKMMËŽLÌŒÍLLËÌ‹ÎLŒLLMŽNBÎKÍ‹ŽMÌMLKMŒKŽÍŒÌM‹Ì‹ÎLLŒMBŽNŽMNMŒKMŒŒLŽMŒÍÌ‹ÎMLÌÎMBŽKKÌMMŒÌYKLMMŽNMŒÎMÍŒËÌ‹ÎLNLŒL‚Ž‹LNŽMNMŒKMŒŒLŽMŒÍÌ‹ÎMLÌÎMBŽËLÍ‹ŽMÌMLKMŒKŽÍŒÌM‹Ì‹ÎLLŒMBŽMMNLLŽLŒKMMËŽLÌŒÍLLËÌ‹ÎLŒLLMŽNBŽKMÌKŽMLLŽMËML‹ÌÌÍÍËÌ‹ÎMŒMŽBŽ‹NŒÌMŒŽMŒMËMKLMÌMKÌ‹ÎMÌMLÎÂŽËLLMŒŒÍÌÍKLÍËŒNÎÌKÌ‹ÎNMŒŒŒ‚ŽLLNKŒÍMKLËLÍMÍLÎKÌ‹ŽŒŽMÍÂŽKLLÌ‹ŽMÍÍŒŒKLM‹ŒLLÌ‹ŽLÌŽNNŒ‚ŽLLMKŒÌÌŒMÌNNKLŒŽMŒNÌ‹ŽMMMŽMŽLKLMM‹ŒÌŒŒŒLÎMËLKMÌLM‹Ì‹ŽLÍÍNNNŽL‹LMKŽÍMÍÍÍËÍŽLMÌÌLÎKÌ‹ŽLÌLLŒMŽLËLMÌËŽMÎLŒL‹ŒËŒLÌŽÌŒŽKÌ‹ŽMLMŽMBŽMLMÎKŽLÍÎMKËŽMLÍ‹Ì‹ŽMŽÌMŒŽMKLNŒÎMMLL‹Ì‹ŒNÌMMÍÌ‹ŽMÎÍÌLBŽM‹LNËŒLLNŒM‹M‹ŒMŽNLŒNMÌ‹ŽNLÍÍŒÌÂŽMËLNËŽNMŒMLÌ‹‹ÌÍMŒÙKLMÌ‹ŽNÍÌŒÍNŽNLNËŒLLNŒM‹LM‹ŒMŽNLŒNMÌ‹ŽNLÍÍŒÌÂŽNKLNŒÎMMLL‹LÌ‹ŒNÌMMÍÌ‹ŽMÎÍÌLBŒLLMÎKŽLÍÎMKMËŽMLÍ‹Ì‹ŽMŽÌMŒŒLKLMÌËŽMÎLŒL‹MŒËŒLÌŽÌŒŽKÌ‹ŽMLMŽMBŒL‹LMKŽÍMÍÍMÍËÍŽLMÌÌLÎKÌ‹ŽLÌLLŒMŒLËLMM‹ŒÌŒŒŒLÎMËNLKMÌLM‹Ì‹ŽLÍÍNNNŒLLMKŒÌÌŒMÌNNKLLŒŽMŒNÌ‹ŽMMMŽMŒLKLLÌ‹ŽMÍÍŒŒKLLM‹ŒLLÌ‹ŽLÌŽNNŒ‚ŒL‹LLNKŒÍMKLLËLÍMÍLÎKÌ‹ŽŒŽMÍÂŒLËLLMŒŒÍÌÍKLLÍËŒNÎÌKÌ‹ÎNMŒŒŒ‚ŒLNŒÌMŒŽMŒMËLMKLMÌMKÌ‹ÎMÌMLÎÂŒLKMÌKŽMLLŽMËLML‹ÌÌÍÍËÌ‹ÎMŒMŽBŒLLMMNLLŽLŒKLMMËŽLÌŒÍLLËÌ‹ÎLŒLLMŽNBŒLLKLÍ‹ŽMÌMLKLMŒKŽÍŒÌM‹Ì‹ÎLLŒMBŒLL‹LNŽMNMŒKLMŒŒLŽMŒÍÌ‹ÎMLÌÎMBŒLLËLËŒNMŒÌŽML™KLMLMŽNMŒÎMÍŒËÌ‹ÎLNLŒL‚ŒLMNŽMNMŒKLMŒŒLŽMŒÍÌ‹ÎMLÌÎMBŒLMKÍ‹ŽMÌMLKLMŒKŽÍŒÌM‹Ì‹ÎLLŒMBŒLM‹MNLLŽLŒKLMMËŽLÌŒÍLLËÌ‹ÎLŒLLMŽNBŒLMËÌKŽMLLŽMËLML‹ÌÌÍÍËÌ‹ÎMŒMŽBŒLNŒÌMŒŽMŒMËLMKLMÌMKÌ‹ÎMÌMLÎÂŒLNKLMŒŒÍÌÍKLLÍËŒNÎÌKÌ‹ÎNMŒŒŒ‚ŒLŒLNKŒÍMKLLËLÍMÍLÎKÌ‹ŽŒŽMÍÂŒLŒKLÌ‹ŽMÍÍŒŒKLLM‹ŒLLÌ‹ŽLÌŽNNŒ‚ŒLŒ‹MKŒÌÌŒMÌNNKLLŒŽMŒNÌ‹ŽMMMŽMŒLŒËMM‹ŒÌŒŒŒLÎMËNLKMÌLM‹Ì‹ŽLÍÍNNNŒLMKŽÍMÍÍMÍËÍŽLMÌÌLÎKÌ‹ŽLÌLLŒMŒLKMÌËŽMÎLŒL‹MŒËŒLÌŽÌŒŽKÌ‹ŽMLMŽMBŒL‹MÎKŽLÍÎMKMËŽMLÍ‹Ì‹ŽMŽÌMŒŒLËNŒÎMMLL‹LÌ‹ŒNÌMMÍÌ‹ŽMÎÍÌLBŒLŽNËŒLLNŒM‹LM‹ŒMŽNLŒNMÌ‹ŽNLÍÍŒÌÂŒLŽKNËŽNMŒŒÌNKMŽNLMÍMŽKLMKMËŽMMÍÍLLŽNBŒLÌNËŒLLÌ‹M‹ŒMÌŒŽMÍKMËŽMMLŒÎMŒLÌKNŒÎÎÌŽMKÌ‹ŒNMŒLÍÌKMËŽMÍÌÎMŽ‚ŒLÌ‹MÎKŽLÌÌLKËŽLÌÍÍ‹MËŽLÍLÍÌÌLNŒLÌËMÌËŽMŽNKŒËŒLÌÌÌŒËMËŽLNÍNÌBŒLÍMKŽÌMNÍËÍËÍŽMÌŽLNKMËŽMÌMŽŒLÍKMM‹ŒÌŒLŽKLKMÍŒLLLLKMËŽÌNLNMÌÂŒLÍ‹MKŒÌÌMLÌÎLKLŒÌMÎLKMËŽÍŽLÌŽBŒLÍËLÌ‹ŽMÌMMÍLM‹ŒLÍÌÌËMËŽLÌŒLŒNŒLÎLNKŒÌÎLLLËLËLÍŒŒÍLÌKMËÎNMNLLMÎBŒLÎKLMMNLMÎKLÍËŒNÌLÌMËÎMLMMBŒMŒÌLÌŽËMKLMÍMËÎLŒÌŽBŒMKÌKŽMLNMLÌŒÎMKML‹ÌÌŽNNLKMËÎLŽNNBŒM‹MMÎMÍŒMMËŽMLMLMKMËÎÌŒMNBŒMËÍ‹ŽLÍMLËMŒKŽMÍËMËÎLŽMLNMÂŒMNŽMLLNKMŒŒLÎNMMËÎŒNÎLÂŒMKKŒMŽNÙKLMMŽNMŒLŽNLËMËÎÎLŽLNLBŒM‹LNŽMLLNKMŒŒLÎNMMËÎŒNÎLÂŒMËLÍ‹ŽLÍMLËMŒKŽMÍËMËÎLŽMLNMÂŒMMMMÎMÍŒMMËŽMLMLMKMËÎÌŒMNBŒMKMÌKŽMLNMLÌŒÎMKML‹ÌÌŽNNLKMËÎLŽNNBŒMLNŒÌLÌŽËMKLMÍMËÎLŒÌŽBŒMLKLLMMNLMÎKLÍËŒNÌLÌMËÎMLMMBŒML‹LLNKŒÌÎLLLËLËLÍŒŒÍLÌKMËÎNMNLLMÎBŒMLËLLÌ‹ŽMÌMMÍLM‹ŒLÍÌÌËMËŽLÌŒLŒNŒMMLMKŒÌÌMLÌÎLKLŒÌMÎLKMËŽÍŽLÌŽBŒMMKLMM‹ŒÌŒLŽKLKMÍŒLLLLKMËŽÌNLNMÌÂŒMM‹LMKŽÌMNÍËÍËÍŽMÌŽLNKMËŽMÌMŽŒMMËLMÌËŽMŽNKŒËŒLÌÌÌŒËMËŽLNÍNÌBŒMNLMÎKŽLÌÌLKËŽLÌÍÍ‹MËŽLÍLÍÌÌLNŒMNKLNŒÎÎÌŽMKÌ‹ŒNMŒLÍÌKMËŽMÍÌÎMŽ‚ŒMŒLNËŒLLÌ‹M‹ŒMÌŒŽMÍKMËŽMMLŒÎMŒMŒKLNËŽNMŒŒÌNK‹ŒÎÌMNŒŽÙKLMMËŽMMÍÍLLŽNBŒMŒ‹LNËŒLLÌ‹LM‹ŒMÌŒŽMÍKMËŽMMLŒÎMŒMŒËLNŒÎÎÌŽMKLÌ‹ŒNMŒLÍÌKMËŽMÍÌÎMŽ‚ŒMLMÎKŽLÌÌLKMËŽLÌÍÍ‹MËŽLÍLÍÌÌLNŒMKLMÌËŽMŽNKMŒËŒLÌÌÌŒËMËŽLNÍNÌBŒM‹LMKŽÌMNÍËMÍËÍŽMÌŽLNKMËŽMÌMŽŒMËLMM‹ŒÌŒLŽKNLKMÍŒLLLLKMËŽÌNLNMÌÂŒMŽLMKŒÌÌMLÌÎLKLLŒÌMÎLKMËŽÍŽLÌŽBŒMŽKLLÌ‹ŽMÌMMÍLLM‹ŒLÍÌÌËMËŽLÌŒLŒNŒMÌLLNKŒÌÎLLLËLLËLÍŒŒÍLÌKMËÎNMNLLMÎBŒMÌKLLMMNLMÎKLLÍËŒNÌLÌMËÎMLMMBŒMÌ‹NŒÌLÌŽËLMKLMÍMËÎLŒÌŽBŒMÌËMÌKŽMLNMLÌŒÎMKLML‹ÌÌŽNNLKMËÎLŽNNBŒMÍMMMÎMÍŒLMMËŽMLMLMKMËÎÌŒMNBŒMÍKLÍ‹ŽLÍMLËLMŒKŽMÍËMËÎLŽMLNMÂŒMÍ‹LNŽMLLNKLMŒŒLÎNMMËÎŒNÎLÂŒMÍËLËŒÍÍŒŒŒLÌYKLMLMŽNMŒLŽNLËMËÎÎLŽLNLBŒMÎNŽMLLNKLMŒŒLÎNMMËÎŒNÎLÂŒMÎKÍ‹ŽLÍMLËLMŒKŽMÍËMËÎLŽMLNMÂŒNMMÎMÍŒLMMËŽMLMLMKMËÎÌŒMNBŒNKÌKŽMLNMLÌŒÎMKLML‹ÌÌŽNNLKMËÎLŽNNBŒN‹ŒÌLÌŽËLMKLMÍMËÎLŒÌŽBŒNËLMMNLMÎKLLÍËŒNÌLÌMËÎMLMMBŒNLNKŒÌÎLLLËLLËLÍŒŒÍLÌKMËÎNMNLLMÎBŒNKLÌ‹ŽMÌMMÍLLM‹ŒLÍÌÌËMËŽLÌŒLŒNŒN‹MKŒÌÌMLÌÎLKLLŒÌMÎLKMËŽÍŽLÌŽBŒNËMM‹ŒÌŒLŽKNLKMÍŒLLLLKMËŽÌNLNMÌÂŒNMKŽÌMNÍËMÍËÍŽMÌŽLNKMËŽMÌMŽŒNKMÌËŽMŽNKMŒËŒLÌÌÌŒËMËŽLNÍNÌBŒNLMÎKŽLÌÌLKMËŽLÌÍÍ‹MËŽLÍLÍÌÌLNŒNLKNŒÎÎÌŽMKLÌ‹ŒNMŒLÍÌKMËŽMÍÌÎMŽ‚ŒNL‹NËŒLLÌ‹LM‹ŒMÌŒŽMÍKMËŽMMLŒÎMŒNLËNËŽNMŒŒMÌ‹MŒLMŽŒÎMKLMK‹ŽLÌNLŽ‚ŒNMNËŒLLLÍŒKM‹ŒMŽNMŒLK‹ŽLŽLMÌL‚ŒNMKNŒÎÎLÌ‹ŒNÌÍÍ‹ŽLŒLÎNLŽŒNM‹MÎKŽLÌÍLÍËŽNMLNË‹ŽLÍŒMÌÂŒNMËMÌËŽMÍÌËŒËŒLÌŽÍÍÍ‹ŽLLŒ‚ŒNNMKŽÍÌŒÌŽKÍËÍŽLŒMLLÍË‹ŽNÎBŒNNKMM‹ŒÌŒLÍÍLL‹LKMÌÌÌÎMK‹ŽÎÌŽNLŒŒMKŒÌÌŒÍŽMËLŒÌŒÎL‹‹ŽÌÌÌÍBŒŒKLÌ‹ŽMÍŽLM‹ŒÌŒÎK‹ÎMÌÍÎMŽÂŒŒ‹LNKŒÍLÌŽKLËLÍMÍÍMŽK‹ÎLÎLÍLL‚ŒŒËLMŒLŒÌŒKLÍËŒNÌMË‹ÎLÌMÍM‚ŒŒŒÌMMLNKMKLNŒŽ‹ÎÌÌÍNBŒŒKÌKŽMLLÌNLËML‹ÌÌLÍ‹‹ÎÎMNŒŒ‹MNMLMÍMMËŽLÎŒ‹‹ÎMMLÍÎŒŒËÍ‹ŽMÌŒMLKMŒKŽMÎK‹ÍÎMŒÍNMŒŒNŽMÍLËMŒŒLÍÍŒMŒK‹ÍÎÍÎNMBŒŒKKŒÍÍÎNMÎMŽKLMMŽNMŒLŒM‹ÍÎÌLÌLÍŒŒLLNŽMÍLËMŒŒLÍÍŒMŒK‹ÍÎÍÎNMBŒŒLKLÍ‹ŽMÌŒMLKMŒKŽMÎK‹ÍÎMŒÍNMŒŒL‹MMNMLMÍMMËŽLÎŒ‹‹ÎMMLÍÎŒŒLËMÌKŽMLLÌNLËML‹ÌÌLÍ‹‹ÎÎMNŒŒMNŒÌMMLNKMKLNŒŽ‹ÎÌÌÍNBŒŒMKLLMŒLŒÌŒKLÍËŒNÌMË‹ÎLÌMÍM‚ŒŒM‹LLNKŒÍLÌŽKLËLÍMÍÍMŽK‹ÎLÎLÍLL‚ŒŒMËLLÌ‹ŽMÍŽLM‹ŒÌŒÎK‹ÎMÌÍÎMŽÂŒŒNLMKŒÌÌŒÍŽMËLŒÌŒÎL‹‹ŽÌÌÌÍBŒŒNKLMM‹ŒÌŒLÍÍLL‹LKMÌÌÌÎMK‹ŽÎÌŽNLŒŒŒLMKŽÍÌŒÌŽKÍËÍŽLŒMLLÍË‹ŽNÎBŒŒŒKLMÌËŽMÍÌËŒËŒLÌŽÍÍÍ‹ŽLLŒ‚ŒŒŒ‹LMÎKŽLÌÍLÍËŽNMLNË‹ŽLÍŒMÌÂŒŒŒËLNŒÎÎLÌ‹ŒNÌÍÍ‹ŽLŒLÎNLŽŒŒLNËŒLLLÍŒKM‹ŒMŽNMŒLK‹ŽLŽLMÌL‚ŒŒKLNËŽNMŒŒMÌ‹‹MNNÌYKLM‹ŽLÌNLŽ‚ŒŒ‹LNËŒLLLÍŒKLM‹ŒMŽNMŒLK‹ŽLŽLMÌL‚ŒŒËLNŒÎÎLLÌ‹ŒNÌÍÍ‹ŽLŒLÎNLŽŒŒŽLMÎKŽLÌÍLÍMËŽNMLNË‹ŽLÍŒMÌÂŒŒŽKLMÌËŽMÍÌËMŒËŒLÌŽÍÍÍ‹ŽLLŒ‚ŒŒÌLMKŽÍÌŒÌŽKMÍËÍŽLŒMLLÍË‹ŽNÎBŒŒÌKLMM‹ŒÌŒLÍÍLL‹NLKMÌÌÌÎMK‹ŽÎÌŽNLŒŒÌ‹LMKŒÌÌŒÍŽMËLLŒÌŒÎL‹‹ŽÌÌÌÍBŒŒÌËLLÌ‹ŽMÍŽLLM‹ŒÌŒÎK‹ÎMÌÍÎMŽÂŒŒÍLLNKŒÍLÌŽKLLËLÍMÍÍMŽK‹ÎLÎLÍLL‚ŒŒÍKLLMŒLŒÌŒKLLÍËŒNÌMË‹ÎLÌMÍM‚ŒŒÍ‹NŒÌMMLNKLMKLNŒŽ‹ÎÌÌÍNBŒŒÍËMÌKŽMLLÌNLËLML‹ÌÌLÍ‹‹ÎÎMNŒŒÎMMNMLMÍLMMËŽLÎŒ‹‹ÎMMLÍÎŒŒÎKLÍ‹ŽMÌŒMLKLMŒKŽMÎK‹ÍÎMŒÍNMŒLNŽMÍLËLMŒŒLÍÍŒMŒK‹ÍÎÍÎNMBŒKLËŒÎMÍÍLŒÍ™KLMLMŽNMŒLŒM‹ÍÎÌLÌLÍŒ‹NŽMÍLËLMŒŒLÍÍŒMŒK‹ÍÎÍÎNMBŒËÍ‹ŽMÌŒMLKLMŒKŽMÎK‹ÍÎMŒÍNMŒMNMLMÍLMMËŽLÎŒ‹‹ÎMMLÍÎŒKÌKŽMLLÌNLËLML‹ÌÌLÍ‹‹ÎÎMNŒ‹ŒÌMMLNKLMKLNŒŽ‹ÎÌÌÍNBŒËLMŒLŒÌŒKLLÍËŒNÌMË‹ÎLÌMÍM‚ŒLNKŒÍLÌŽKLLËLÍMÍÍMŽK‹ÎLÎLÍLL‚ŒKLÌ‹ŽMÍŽLLM‹ŒÌŒÎK‹ÎMÌÍÎMŽÂŒLMKŒÌÌŒÍŽMËLLŒÌŒÎL‹‹ŽÌÌÌÍBŒLKMM‹ŒÌŒLÍÍLL‹NLKMÌÌÌÎMK‹ŽÎÌŽNLŒL‹MKŽÍÌŒÌŽKMÍËÍŽLŒMLLÍË‹ŽNÎBŒLËMÌËŽMÍÌËMŒËŒLÌŽÍÍÍ‹ŽLLŒ‚ŒMMÎKŽLÌÍLÍMËŽNMLNË‹ŽLÍŒMÌÂŒMKNŒÎÎLLÌ‹ŒNÌÍÍ‹ŽLŒLÎNLŽŒM‹NËŒLLLÍŒKLM‹ŒMŽNMŒLK‹ŽLŽLMÌL‚ŒMËNËŽNMŒLŒŽMKŽLMŒŒMLÍŒ™KLMKLËŽLLÌMŒÍNŒNNËŒLLNNÍÎM‹ŒMŽMMÎMÌNLËŽLLMMMÌ‚ŒNKNŒÎLLŒMÌ‹ŒNÍNNLŒNKLËŽLLMMMBŒŒMÎKŽLÎLÍÌÎËŽÎNÍÍKLËŽŒÌ‚ŒŒKMÌËŽLÍŒŒMKŒËŒLÌMŒÍŒ‹LËŽMNMÍBŒŒ‹MKŽMMËÍËÍÍÎÌÌÎËLËŽÎMMŒŒËMM‹ŒÌŒMÍŒÍŽLKMMMŒLMLËLËŽNNBŒMKŒÌÌÍLMLŽNLŒLNLŒLMLËÎMÌÍMLMŒKLÌ‹ŽMLÌÌKLM‹NLÍÌÌNLËÎLÍMŽÌBŒ‹LNKŒÍŒÍŽLËLÍŒL‹LËÎMMÌLBŒËLNMŒŽLÍËŒNMNLLÍËLËÎMNLÌŒŽŒÌÌŒŒÎËMKLÍÌMÍÍLËÎMÎLÎBŒŽKÌKŽMMLMŒËML‹ÌÎNLËÍÎÌÍM‚ŒÌMNMŽÍŒ‹MMËŽMÍLËÍÍMŽÌÎBŒÌKÍ‹ŽŒNMMŒKŽMÌNLÌ‹LËÍÌÌŒŒŒÌ‹NÌMLNLÎMŒŒLÍŒËLËÍÌNÎŒÌËKŒŒÌMŒLÌ™KLMMŽNMŒÍŒËLËÍÌLÍÎMÍŒÍLNÌMLNLÎMŒŒLÍŒËLËÍÌNÎŒÍKLÍ‹ŽŒNMMŒKŽMÌNLÌ‹LËÍÌÌŒŒŒÍ‹MMNMŽÍŒ‹MMËŽMÍLËÍÍMŽÌÎBŒÍËMÌKŽMMLMŒËML‹ÌÎNLËÍÎÌÍM‚ŒÎNŒÌÌŒŒÎËMKLÍÌMÍÍLËÎMÎLÎBŒÎKLLNMŒŽLÍËŒNMNLLÍËLËÎMNLÌŒŽLLNKŒÍŒÍŽLËLÍŒL‹LËÎMMÌLBŒŽKLLÌ‹ŽMLÌÌKLM‹NLÍÌÌNLËÎLÍMŽÌBŒŽ‹LMKŒÌÌÍLMLŽNLŒLNLŒLMLËÎMÌÍMLMŒŽËLMM‹ŒÌŒMÍŒÍŽLKMMMŒLMLËLËŽNNBŒŽLMKŽMMËÍËÍÍÎÌÌÎËLËŽÎMMŒŽKLMÌËŽLÍŒŒMKŒËŒLÌMŒÍŒ‹LËŽMNMÍBŒŽ‹LMÎKŽLÎLÍÌÎËŽÎNÍÍKLËŽŒÌ‚ŒŽËLNŒÎLLŒMÌ‹ŒNÍNNLŒNKLËŽLLMMMBŒŽLNËŒLLNNÍÎM‹ŒMŽMMÎMÌNLËŽLLMMMÌ‚ŒŽKLNËŽNMŒLŒŽ‹ŒÎMŒÌÌKLMLËŽLLÌMŒÍNŒŽLLNËŒLLNNÍÎLM‹ŒMŽMMÎMÌNLËŽLLMMMÌ‚ŒŽLKLNŒÎLLŒMLÌ‹ŒNÍNNLŒNKLËŽLLMMMBŒŽL‹LMÎKŽLÎLÍÌÎMËŽÎNÍÍKLËŽŒÌ‚ŒŽLËLMÌËŽLÍŒŒMKMŒËŒLÌMŒÍŒ‹LËŽMNMÍBŒŽMLMKŽMMËMÍËÍÍÎÌÌÎËLËŽÎMMŒŽMKLMM‹ŒÌŒMÍŒÍŽNLKMMMŒLMLËLËŽNNBŒŽM‹LMKŒÌÌÍLMLŽNLLŒLNLŒLMLËÎMÌÍMLMŒŽMËLLÌ‹ŽMLÌÌKLLM‹NLÍÌÌNLËÎLÍMŽÌBŒŽNLLNKŒÍŒÍŽLLËLÍŒL‹LËÎMMÌLBŒŽNKLLNMŒŽLLÍËŒNMNLLÍËLËÎMNLÌŒÌNŒÌÌŒŒÎËLMKLÍÌMÍÍLËÎMÎLÎBŒÌKMÌKŽMMLMŒËLML‹ÌÎNLËÍÎÌÍM‚ŒÌ‹MMNMŽÍŒ‹LMMËŽMÍLËÍÍMŽÌÎBŒÌËLÍ‹ŽŒNMLMŒKŽMÌNLÌ‹LËÍÌÌŒŒŒÌLNÌMLNLÎLMŒŒLÍŒËLËÍÌNÎŒÌKLËŒÌLLÌÌÌYKLMLMŽNMŒÍŒËLËÍÌLÍÎMÍŒÌ‹NÌMLNLÎLMŒŒLÍŒËLËÍÌNÎŒÌËÍ‹ŽŒNMLMŒKŽMÌNLÌ‹LËÍÌÌŒŒŒÌMNMŽÍŒ‹LMMËŽMÍLËÍÍMŽÌÎBŒÌKÌKŽMMLMŒËLML‹ÌÎNLËÍÎÌÍM‚ŒÌLŒÌÌŒŒÎËLMKLÍÌMÍÍLËÎMÎLÎBŒÌLKLNMŒŽLLÍËŒNMNLLÍËLËÎMNLÌŒÌL‹LNKŒÍŒÍŽLLËLÍŒL‹LËÎMMÌLBŒÌLËLÌ‹ŽMLÌÌKLLM‹NLÍÌÌNLËÎLÍMŽÌBŒÌMMKŒÌÌÍLMLŽNLLŒLNLŒLMLËÎMÌÍMLMŒÌMKMM‹ŒÌŒMÍŒÍŽNLKMMMŒLMLËLËŽNNBŒÌM‹MKŽMMËMÍËÍÍÎÌÌÎËLËŽÎMMŒÌMËMÌËŽLÍŒŒMKMŒËŒLÌMŒÍŒ‹LËŽMNMÍBŒÌNMÎKŽLÎLÍÌÎMËŽÎNÍÍKLËŽŒÌ‚ŒÌNKNŒÎLLŒMLÌ‹ŒNÍNNLŒNKLËŽLLMMMBŒÌŒNËŒLLNNÍÎLM‹ŒMŽMMÎMÌNLËŽLLMMMÌ‚ŒÌŒKNËŽNMŒÍÍMMŒÍŒÌLNÍM™KLMKLÌ‹ŽLLŽNŒÌŒ‹NËŒLMLÍŽKM‹ŒMŽMÎÌNMKLÌ‹ŽLLLÍM‚ŒÌŒËNŒÎMNLÌŽÌ‹ŒNÌÌMËLÌ‹ŽLMMLM‚ŒÌMÎKŽLNLÍMÌKËŽŒÌMLÌ‹ŽÍÎMBŒÌKMÌËŽLMLÌKŒËŒLŽMLÎMMM‹LÌ‹ŽLÍÎŒÂŒÌ‹MKŽŒŽÍËÍMLMMKLÌ‹ŽŒÌÎNBŒÌËMM‹ŒÌŒÎLŒŽKLKLÌÌLÍKLÌ‹ÎNBŒÌŽMKŒÌÍNMÌLL‹LNLLKLÌ‹ÎMÍ‚ŒÌŽKLÌ‹ŽMLMÍMKLM‹MŽMMÌŒÍLÌ‹ÎNŽŒÌÌLNKŒÎLÌLÌÍËLËLÌŒŽLËLÌ‹ÎLMÍLÂŒÌÌKLŒLLŒÌÌ‹LÍËŒMÎMÍLNLŒKLÌ‹ÎMÌŒŒÌÌ‹ŒÍŒLŒÌŒKMKLŒÌML‹LÌ‹ÍÍNLÍLMÂŒÌÌËÌKŽMMÌÎŒÌ‹ML‹ÌLÎŽŽKLÌ‹ÍÌNÍŒÌÍMNÍMMŽLMMËŽŒÍÌLËLÌ‹ÍŽÍÌÍMÂŒÌÍKÍ‹ŽLLMM‹MŒKŽMNMÎ‹LÌ‹ÍMÍŒÎNBŒÌÍ‹NÌLMÍMŒŒLŒ‹LÌ‹ÍLLNBŒÌÍËKŒLŒLNMÎLÙKLMMŽNMNÌŒÍKLÌ‹ÍŒÍMŽNŒÌÎLNÌLMÍMŒŒLŒ‹LÌ‹ÍLLNBŒÌÎKLÍ‹ŽLLMM‹MŒKŽMNMÎ‹LÌ‹ÍMÍŒÎNBŒÍMMNÍMMŽLMMËŽŒÍÌLËLÌ‹ÍŽÍÌÍMÂŒÍKMÌKŽMMÌÎŒÌ‹ML‹ÌLÎŽŽKLÌ‹ÍÌNÍŒÍ‹NŒÍŒLŒÌŒKMKLŒÌML‹LÌ‹ÍÍNLÍLMÂŒÍËLLŒLLŒÌÌ‹LÍËŒMÎMÍLNLŒKLÌ‹ÎMÌŒŒÍLLNKŒÎLÌLÌÍËLËLÌŒŽLËLÌ‹ÎLMÍLÂŒÍKLLÌ‹ŽMLMÍMKLM‹MŽMMÌŒÍLÌ‹ÎNŽŒÍ‹LMKŒÌÍNMÌLL‹LNLLKLÌ‹ÎMÍ‚ŒÍËLMM‹ŒÌŒÎLŒŽKLKLÌÌLÍKLÌ‹ÎNBŒÍLMKŽŒŽÍËÍMLMMKLÌ‹ŽŒÌÎNBŒÍKLMÌËŽLMLÌKŒËŒLŽMLÎMMM‹LÌ‹ŽLÍÎŒÂŒÍLLMÎKŽLNLÍMÌKËŽŒÌMLÌ‹ŽÍÎMBŒÍLKLNŒÎMNLÌŽÌ‹ŒNÌÌMËLÌ‹ŽLMMLM‚ŒÍL‹LNËŒLMLÍŽKM‹ŒMŽMÎÌNMKLÌ‹ŽLLLÍM‚ŒÍLËLNËŽNMŒÍÍM‹ŒŒŒÎLYKLMLÌ‹ŽLLŽNŒÍMLNËŒLMLÍŽKLM‹ŒMŽMÎÌNMKLÌ‹ŽLLLÍM‚ŒÍMKLNŒÎMNLÌŽLÌ‹ŒNÌÌMËLÌ‹ŽLMMLM‚ŒÍM‹LMÎKŽLNLÍMÌKMËŽŒÌMLÌ‹ŽÍÎMBŒÍMËLMÌËŽLMLÌKMŒËŒLŽMLÎMMM‹LÌ‹ŽLÍÎŒÂŒÍNLMKŽŒŽMÍËÍMLMMKLÌ‹ŽŒÌÎNBŒÍNKLMM‹ŒÌŒÎLŒŽKNLKLÌÌLÍKLÌ‹ÎNBŒÍŒLMKŒÌÍNMÌLL‹LLNLLKLÌ‹ÎMÍ‚ŒÍŒKLLÌ‹ŽMLMÍMKLLM‹MŽMMÌŒÍLÌ‹ÎNŽŒÍŒ‹LLNKŒÎLÌLÌÍËLLËLÌŒŽLËLÌ‹ÎLMÍLÂŒÍŒËLLŒLLŒÌÌ‹LLÍËŒMÎMÍLNLŒKLÌ‹ÎMÌŒŒÍNŒÍŒLŒÌŒKLMKLŒÌML‹LÌ‹ÍÍNLÍLMÂŒÍKMÌKŽMMÌÎŒÌ‹LML‹ÌLÎŽŽKLÌ‹ÍÌNÍŒÍ‹MMNÍMMŽLLMMËŽŒÍÌLËLÌ‹ÍŽÍÌÍMÂŒÍËLÍ‹ŽLLMM‹LMŒKŽMNMÎ‹LÌ‹ÍMÍŒÎNBŒÍŽLNÌLMÍLMŒŒLŒ‹LÌ‹ÍLLNBŒÍŽKLËŒŽLÌŒŒL™KLMLMŽNMNÌŒÍKLÌ‹ÍŒÍMŽNŒÍÌNÌLMÍLMŒŒLŒ‹LÌ‹ÍLLNBŒÍÌKÍ‹ŽLLMM‹LMŒKŽMNMÎ‹LÌ‹ÍMÍŒÎNBŒÍÌ‹MNÍMMŽLLMMËŽŒÍÌLËLÌ‹ÍŽÍÌÍMÂŒÍÌËÌKŽMMÌÎŒÌ‹LML‹ÌLÎŽŽKLÌ‹ÍÌNÍŒÍÍŒÍŒLŒÌŒKLMKLŒÌML‹LÌ‹ÍÍNLÍLMÂŒÍÍKLŒLLŒÌÌ‹LLÍËŒMÎMÍLNLŒKLÌ‹ÎMÌŒŒÍÍ‹LNKŒÎLÌLÌÍËLLËLÌŒŽLËLÌ‹ÎLMÍLÂŒÍÍËLÌ‹ŽMLMÍMKLLM‹MŽMMÌŒÍLÌ‹ÎNŽŒÍÎMKŒÌÍNMÌLL‹LLNLLKLÌ‹ÎMÍ‚ŒÍÎKMM‹ŒÌŒÎLŒŽKNLKLÌÌLÍKLÌ‹ÎNBŒÎMKŽŒŽMÍËÍMLMMKLÌ‹ŽŒÌÎNBŒÎKMÌËŽLMLÌKMŒËŒLŽMLÎMMM‹LÌ‹ŽLÍÎŒÂŒÎ‹MÎKŽLNLÍMÌKMËŽŒÌMLÌ‹ŽÍÎMBŒÎËNŒÎMNLÌŽLÌ‹ŒNÌÌMËLÌ‹ŽLMMLM‚ŒÎNËŒLMLÍŽKLM‹ŒMŽMÎÌNMKLÌ‹ŽLLLÍM‚ŒÎKNËŽNMŽÍËMÍŽMMMŒYKLMKMMËŽLLÌŒMÎŒÎ‹NËŒLŒLM‹ŒMŽLŒŒLŒ‹MMËŽLMÌÂŒÎËNŒÎŒÍNMÌNKÌ‹ŒNÍMŽMÌÍËMMËŽLÍÌL‚ŒÎMÎKŽLMÍÌŽËŽÎLÌÌÍËMMËŽÍLBŒÎKMÌËŽLÌŒÍŒÌŒËŒËŒLLÌNËMMËŽŒÍMMBŒÎLMKŽÍLŒNMKÍËÍŒNMÍÎŒLËMMËŽLÍNMÍÂŒÎLKMM‹ŒÌÍÌLLKLKLÍÍLMËMMËÎMÍÍLŒMBŒÎL‹MKŒÌÎMLLLM‹LMNÍÌ‹MMËÎLNÌLÌÂŒÎLËLÌ‹ŽMLŒLNLM‹LÍÎŽNKMMËÎŒÎMŽMÂŒÎMLNKŒŽÍNMŒÍNKLËLŽLMŽLŽM‹MMËÎŽŒÎMKLMLLKLÍËŒMÍÌLMM‹MMËÍÍMŒÌ‚ŒÎM‹ŽËMKLMŒKMMËÍŽLÍLMŽBŒÎMËÌKŽMŒÍÎLLËML‹ŽNMÎKMMËÍÌMÍLBŒÎNMNMÎMKMMËŽÌŒÍMMMËÍŒŒLŒÎNKÍ‹ŽŒŒŒÍM‹MŒKŽŒÍMŒÌNKMMËÍMŽÍÍŽ‚NÌŒMÌÌMŒËMŒŒŽLŽÌËMMËÍMŒNKKŒÍMNMŽLÌÙKLMMŽNMMŒÍMMMËÍMLÍNB‹LNÌŒMÌÌMŒËMŒŒŽLŽÌËMMËÍMŒNËLÍ‹ŽŒŒŒÍM‹MŒKŽŒÍMŒÌNKMMËÍMŽÍÍŽ‚MMNMÎMKMMËŽÌŒÍMMMËÍŒŒLKMÌKŽMŒÍÎLLËML‹ŽNMÎKMMËÍÌMÍLB‹NŽËMKLMŒKMMËÍŽLÍLMŽBËLLMLLKLÍËŒMÍÌLMM‹MMËÍÍMŒÌ‚LLNKŒŽÍNMŒÍNKLËLŽLMŽLŽM‹MMËÎŽKLLÌ‹ŽMLŒLNLM‹LÍÎŽNKMMËÎŒÎMŽMÂLLMKŒÌÎMLLLM‹LMNÍÌ‹MMËÎLNÌLÌÂLKLMM‹ŒÌÍÌLLKLKLÍÍLMËMMËÎMÍÍLŒMBL‹LMKŽÍLŒNMKÍËÍŒNMÍÎŒLËMMËŽLÍNMÍÂLËLMÌËŽLÌŒÍŒÌŒËŒËŒLLÌNËMMËŽŒÍMMBMLMÎKŽLMÍÌŽËŽÎLÌÌÍËMMËŽÍLBMKLNŒÎŒÍNMÌNKÌ‹ŒNÍMŽMÌÍËMMËŽLÍÌL‚M‹LNËŒLŒLM‹ŒMŽLŒŒLŒ‹MMËŽLMÌÂMËLNËŽNMŽÍË‹NŒNL™KLMMMËŽLLÌŒMÎNLNËŒLŒLLM‹ŒMŽLŒŒLŒ‹MMËŽLMÌÂNKLNŒÎŒÍNMÌNKLÌ‹ŒNÍMŽMÌÍËMMËŽLÍÌL‚ŒLMÎKŽLMÍÌŽMËŽÎLÌÌÍËMMËŽÍLBŒKLMÌËŽLÌŒÍŒÌŒËMŒËŒLLÌNËMMËŽŒÍMMBŒ‹LMKŽÍLŒNMKMÍËÍŒNMÍÎŒLËMMËŽLÍNMÍÂŒËLMM‹ŒÌÍÌLLKNLKLÍÍLMËMMËÎMÍÍLŒMBLMKŒÌÎMLLLM‹LLMNÍÌ‹MMËÎLNÌLÌÂKLLÌ‹ŽMLŒLNLLM‹LÍÎŽNKMMËÎŒÎMŽMÂ‹LLNKŒŽÍNMŒÍNKLLËLŽLMŽLŽM‹MMËÎŽËLLMLLKLLÍËŒMÍÌLMM‹MMËÍÍMŒÌ‚ŽNŽËLMKLMŒKMMËÍŽLÍLMŽBŽKMÌKŽMŒÍÎLLËLML‹ŽNMÎKMMËÍÌMÍLBÌMMNMÎMKLMMËŽÌŒÍMMMËÍŒŒLÌKLÍ‹ŽŒŒŒÍM‹LMŒKŽŒÍMŒÌNKMMËÍMŽÍÍŽ‚Ì‹LNÌŒMÌÌMŒËLMŒŒŽLŽÌËMMËÍMŒNÌËLËŒMÌÍMLŒÌM™KLMLMŽNMMŒÍMMMËÍMLÍNBÍNÌŒMÌÌMŒËLMŒŒŽLŽÌËMMËÍMŒNÍKÍ‹ŽŒŒŒÍM‹LMŒKŽŒÍMŒÌNKMMËÍMŽÍÍŽ‚Í‹MNMÎMKLMMËŽÌŒÍMMMËÍŒŒLÍËÌKŽMŒÍÎLLËLML‹ŽNMÎKMMËÍÌMÍLBÎŽËLMKLMŒKMMËÍŽLÍLMŽBÎKLMLLKLLÍËŒMÍÌLMM‹MMËÍÍMŒÌ‚LNKŒŽÍNMŒÍNKLLËLŽLMŽLŽM‹MMËÎŽKLÌ‹ŽMLŒLNLLM‹LÍÎŽNKMMËÎŒÎMŽMÂ‹MKŒÌÎMLLLM‹LLMNÍÌ‹MMËÎLNÌLÌÂËMM‹ŒÌÍÌLLKNLKLÍÍLMËMMËÎMÍÍLŒMBMKŽÍLŒNMKMÍËÍŒNMÍÎŒLËMMËŽLÍNMÍÂKMÌËŽLÌŒÍŒÌŒËMŒËŒLLÌNËMMËŽŒÍMMB‹MÎKŽLMÍÌŽMËŽÎLÌÌÍËMMËŽÍLBËNŒÎŒÍNMÌNKLÌ‹ŒNÍMŽMÌÍËMMËŽLÍÌL‚NËŒLŒLLM‹ŒMŽLŒŒLŒ‹MMËŽLMÌÂKNËŽNMŽNMMÌKL‹MÌNNLÌŒM™KLMKN‹ŽLÌMŽLM‚LNËŒLÎKM‹ŒMŽNMMÍKN‹ŽLÌŒMÌBLKNŒÎÌÍKÌ‹ŒMÎMLÎL‹N‹ŽLLÍŒMÂL‹MÎKŽLÌÍMLÎKËŽMŒMÍÌÌKN‹ŽLÍÌŒ‚LËMÌËŽMMŒLL‹ŒËŒLŒŒÍÎLNM‹N‹ŽMÌŽŽBMMKŽLMMÌLKÍËÍMÌLNMNN‹ŽLÎNLMKMM‹ŒÌÌÎMMËLKÍMLKN‹ÎMŒLŽŽM‹MKŒÍÍLNMŒÍMKN‹ÎNMŽLNLÂMËLÌ‹ŽMMÍLÌML‹LM‹ÌÍNNN‹ÎÌNMBNLNKŒŽLÍÌÎLËLLÌÎMM‹N‹ÍÍŒLNM‚NKLÌLŽL‹LÍËŒMÌÍMLMËN‹ÍŽÍNÍÍŒMÎNMÍKMKLLÍŒLMN‹ÍŒMÎLŽNŒKÌKŽMLŽMÌ‹ML‹ÎNLŒKN‹ÍMMŒMÌ‚Œ‹MNLMÌMNMMËŽNLLÍL‹N‹ÍLLNMM‚ŒËÍ‹ŽLÍÍËMŒKŽŒÍŽLÌKN‹ÍŒŒLBNÌÍÌÌMLËMŒŒMKN‹ÍÍLŒMŽBKKŒÌÎLNÌLYKLMMŽNMLÌLNKN‹ÍŽB‹LNÌÍÌÌMLËMŒŒMKN‹ÍÍLŒMŽBËLÍ‹ŽLÍÍËMŒKŽŒÍŽLÌKN‹ÍŒŒLBŽMMNLMÌMNMMËŽNLLÍL‹N‹ÍLLNMM‚ŽKMÌKŽMLŽMÌ‹ML‹ÎNLŒKN‹ÍMMŒMÌ‚ÌNMÎNMÍKMKLLÍŒLMN‹ÍŒMÎLŽNÌKLLÌLŽL‹LÍËŒMÌÍMLMËN‹ÍŽÍNÍÍÌ‹LLNKŒŽLÍÌÎLËLLÌÎMM‹N‹ÍÍŒLNM‚ÌËLLÌ‹ŽMMÍLÌML‹LM‹ÌÍNNN‹ÎÌNMBÍLMKŒÍÍLNMŒÍMKN‹ÎNMŽLNLÂÍKLMM‹ŒÌÌÎMMËLKÍMLKN‹ÎMŒLŽŽÍ‹LMKŽLMMÌLKÍËÍMÌLNMNN‹ŽLÎNLÍËLMÌËŽMMŒLL‹ŒËŒLŒŒÍÎLNM‹N‹ŽMÌŽŽBÎLMÎKŽLÌÍMLÎKËŽMŒMÍÌÌKN‹ŽLÍÌŒ‚ÎKLNŒÎÌÍKÌ‹ŒMÎMLÎL‹N‹ŽLLÍŒMÂLNËŒLÎKM‹ŒMŽNMMÍKN‹ŽLÌŒMÌBKLNËŽNMŽNMMÌK‹ŒLÎLÍML™KLMN‹ŽLÌMŽLM‚‹LNËŒLÎKLM‹ŒMŽNMMÍKN‹ŽLÌŒMÌBËLNŒÎÌÍKLÌ‹ŒMÎMLÎL‹N‹ŽLLÍŒMÂLMÎKŽLÌÍMLÎKMËŽMŒMÍÌÌKN‹ŽLÍÌŒ‚KLMÌËŽMMŒLL‹MŒËŒLŒŒÍÎLNM‹N‹ŽMÌŽŽB‹LMKŽLMMÌLKMÍËÍMÌLNMNN‹ŽLÎNLËLMM‹ŒÌÌÎMMËNLKÍMLKN‹ÎMŒLŽŽLMKŒÍÍLLNMŒÍMKN‹ÎNMŽLNLÂKLLÌ‹ŽMMÍLÌML‹LLM‹ÌÍNNN‹ÎÌNMBLLLNKŒŽLÍÌÎLLËLLÌÎMM‹N‹ÍÍŒLNM‚LKLLÌLŽL‹LLÍËŒMÌÍMLMËN‹ÍŽÍNÍÍL‹NMÎNMÍKLMKLLÍŒLMN‹ÍŒMÎLŽNLËMÌKŽMLŽMÌ‹LML‹ÎNLŒKN‹ÍMMŒMÌ‚MMMNLMÌMNLMMËŽNLLÍL‹N‹ÍLLNMM‚MKLÍ‹ŽLÍÍËLMŒKŽŒÍŽLÌKN‹ÍŒŒLBM‹LNÌÍÌÌMLËLMŒŒMKN‹ÍÍLŒMŽBMËLËŒÌÎM™KLMLMŽNMLÌLNKN‹ÍŽBNNÌÍÌÌMLËLMŒŒMKN‹ÍÍLŒMŽBNKÍ‹ŽLÍÍËLMŒKŽŒÍŽLÌKN‹ÍŒŒLBLMNLMÌMNLMMËŽNLLÍL‹N‹ÍLLNMM‚LKÌKŽMLŽMÌ‹LML‹ÎNLŒKN‹ÍMMŒMÌ‚L‹MÎNMÍKLMKLLÍŒLMN‹ÍŒMÎLŽNLËLÌLŽL‹LLÍËŒMÌÍMLMËN‹ÍŽÍNÍÍLLNKŒŽLÍÌÎLLËLLÌÎMM‹N‹ÍÍŒLNM‚LKLÌ‹ŽMMÍLÌML‹LLM‹ÌÍNNN‹ÎÌNMBL‹MKŒÍÍLLNMŒÍMKN‹ÎNMŽLNLÂLËMM‹ŒÌÌÎMMËNLKÍMLKN‹ÎMŒLŽŽLMKŽLMMÌLKMÍËÍMÌLNMNN‹ŽLÎNLLKMÌËŽMMŒLL‹MŒËŒLŒŒÍÎLNM‹N‹ŽMÌŽŽBLLMÎKŽLÌÍMLÎKMËŽMŒMÍÌÌKN‹ŽLÍÌŒ‚LLKNŒÎÌÍKLÌ‹ŒMÎMLÎL‹N‹ŽLLÍŒMÂLL‹NËŒLÎKLM‹ŒMŽNMMÍKN‹ŽLÌŒMÌBLLËNËŽNMŽÍŽËMKŒŒMLÌÍMÌÙKLMKŒËŽMÍÍÍ‚LMNËŒLŒÍLLÍM‹ŒMLLMŒL‹ŒËŽMÌMŽLÍLMKNŒÎÎLÌLKÌ‹ŒMÍMMÍKŒËŽMMNLÍBLM‹MÎKŽLLMML‹ËŽÍMÍŒLMËŒËŽLŽŒMÂLMËMÌËŽNŽÌŒËŒLMMÍLÎM‹ŒËŽÎLÍNÂLNMKŽMNMÌM‹ÍËÍLÎÌŒKŒËŽÍBLNKMM‹ŒÌÍŒÌMLËLKŒÍÍMÍMÌ‹ŒËÎMÌŒNBLŒMKŒÍLÎMŒKLÌËŒËÎLÍNBLŒKLÌ‹ŽMÌLÍLM‹ÍMKŒËÎŽLNLŒ‹LNKŒŽMŽMKLËLNLÍÌŽ‹ŒËÍÌLLÌ‚LŒËLÎÍÍNM‹LÍËŒMŽÍNKŒËÍŒNNBLLŽNŒKMKMÍŽNŽLËŒËÍLŽMÌBLKÌKŽMÌMÍLMÎËML‹LMÌÍËŒËÍŒÍÌŽBL‹MNMMÌNMÌËMMËŽMŒËÌÎÍBLËÍ‹ŽLÍMMÌËMŒKŽŒMÌÍMËŒËÌÌŽÍÍM‚LŽNÍLÍNMNMŒNNMÌŒKŒËÌŽMŒÂLŽKKŒŒMNMÍNYKLMMŽNMLŽMKŒËÌŽMLÎLÌLNÍLÍNMNMŒNNMÌŒKŒËÌŽMŒÂLÌKLÍ‹ŽLÍMMÌËMŒKŽŒMÌÍMËŒËÌÌŽÍÍM‚LÌ‹MMNMMÌNMÌËMMËŽMŒËÌÎÍBLÌËMÌKŽMÌMÍLMÎËML‹LMÌÍËŒËÍŒÍÌŽBLÍNLŽNŒKMKMÍŽNŽLËŒËÍLŽMÌBLÍKLLÎÍÍNM‹LÍËŒMŽÍNKŒËÍŒNNBLÍ‹LLNKŒŽMŽMKLËLNLÍÌŽ‹ŒËÍÌLLÌ‚LÍËLLÌ‹ŽMÌLÍLM‹ÍMKŒËÎŽLNLÎLMKŒÍLÎMŒKLÌËŒËÎLÍNBLÎKLMM‹ŒÌÍŒÌMLËLKŒÍÍMÍMÌ‹ŒËÎMÌŒNBMLMKŽMNMÌM‹ÍËÍLÎÌŒKŒËŽÍBMKLMÌËŽNŽÌŒËŒLMMÍLÎM‹ŒËŽÎLÍNÂM‹LMÎKŽLLMML‹ËŽÍMÍŒLMËŒËŽLŽŒMÂMËLNŒÎÎLÌLKÌ‹ŒMÍMMÍKŒËŽMMNLÍBMLNËŒLŒÍLLÍM‹ŒMLLMŒL‹ŒËŽMÌMŽLÍMKLNËŽNMŽÍŽË‹ŒÍÎŒMMŽÙKLMŒËŽMÍÍÍ‚M‹LNËŒLŒÍLLÍLM‹ŒMLLMŒL‹ŒËŽMÌMŽLÍMËLNŒÎÎLÌLKLÌ‹ŒMÍMMÍKŒËŽMMNLÍBMLMÎKŽLLMML‹MËŽÍMÍŒLMËŒËŽLŽŒMÂMKLMÌËŽNŽÌMŒËŒLMMÍLÎM‹ŒËŽÎLÍNÂMLLMKŽMNMÌM‹MÍËÍLÎÌŒKŒËŽÍBMLKLMM‹ŒÌÍŒÌMLËNLKŒÍÍMÍMÌ‹ŒËÎMÌŒNBML‹LMKŒÍLÎMŒKLLÌËŒËÎLÍNBMLËLLÌ‹ŽMÌLÍLLM‹ÍMKŒËÎŽLNMMLLNKŒŽMŽMKLLËLNLÍÌŽ‹ŒËÍÌLLÌ‚MMKLLÎÍÍNM‹LLÍËŒMŽÍNKŒËÍŒNNBMM‹NLŽNŒKLMKMÍŽNŽLËŒËÍLŽMÌBMMËMÌKŽMÌMÍLMÎËLML‹LMÌÍËŒËÍŒÍÌŽBMNMMNMMÌNMÌËLMMËŽMŒËÌÎÍBMNKLÍ‹ŽLÍMMÌËLMŒKŽŒMÌÍMËŒËÌÌŽÍÍM‚MŒLNÍLÍNMNLMŒNNMÌŒKŒËÌŽMŒÂMŒKLËŒMŒŒŒÍŒYKLMLMŽNMLŽMKŒËÌŽMLÎMŒ‹NÍLÍNMNLMŒNNMÌŒKŒËÌŽMŒÂMŒËÍ‹ŽLÍMMÌËLMŒKŽŒMÌÍMËŒËÌÌŽÍÍM‚MMNMMÌNMÌËLMMËŽMŒËÌÎÍBMKÌKŽMÌMÍLMÎËLML‹LMÌÍËŒËÍŒÍÌŽBM‹LŽNŒKLMKMÍŽNŽLËŒËÍLŽMÌBMËLÎÍÍNM‹LLÍËŒMŽÍNKŒËÍŒNNBMŽLNKŒŽMŽMKLLËLNLÍÌŽ‹ŒËÍÌLLÌ‚MŽKLÌ‹ŽMÌLÍLLM‹ÍMKŒËÎŽLNMÌMKŒÍLÎMŒKLLÌËŒËÎLÍNBMÌKMM‹ŒÌÍŒÌMLËNLKŒÍÍMÍMÌ‹ŒËÎMÌŒNBMÌ‹MKŽMNMÌM‹MÍËÍLÎÌŒKŒËŽÍBMÌËMÌËŽNŽÌMŒËŒLMMÍLÎM‹ŒËŽÎLÍNÂMÍMÎKŽLLMML‹MËŽÍMÍŒLMËŒËŽLŽŒMÂMÍKNŒÎÎLÌLKLÌ‹ŒMÍMMÍKŒËŽMMNLÍBMÍ‹NËŒLŒÍLLÍLM‹ŒMLLMŒL‹ŒËŽMÌMŽLÍMÍËNŒŽMÌMKM‹MMLŽLLYKLMKŒÌ‹ŽMLŒÂMÎNËŒMMLŒNMËM‹ŒMŒÍMÌ‹ŒÌ‹ŽÎNBMÎKNŒÎLÌÍNLÎÌ‹ŒMÌŽMÍKŒÌ‹ŽŒŒMNMÎKŽLLŒMMNKËŽŽNLÍÍŒÌ‹ŽNLÍLL‚NKMÌËÌÎNMÌKŒËŒLÍLÍÍÍËŒÌ‹ŽMÍŒLŒÌ‚N‹MKŽŒMMÍNLKÍËÍNLŽŒ‹ŒÌ‹ŽÍLMÎ‚NËMM‹ŒÍÍLMËLKŒŽNMÌÎMËŒÌ‹ÎNLÎLÍŽBNMKŒÍNLŒÌLKLŒÍÍMËŒÌ‹ÎNLÌBNKLÌ‹ŽMÍÌŽN‹LM‹ŒÍŒËŒÌ‹ÍÍÍNÎN‹LNKŒÌÌÎŒKLËLLŒLŽËŒÌ‹ÍNMLÌ‚NËLŒLŒŒKLÍËŒMŒŽÎM‹ŒÌ‹ÍLÎNLÍNNŒŒMMLŒÍLKMKLÌŒNMLKŒÌ‹ÍŒÎMNMÂNKÌKŽMÎMÍNMLŒ‹ML‹ŒNLNMKŒÌ‹ÌÌŒÌLÌÂNLMŒŒŒÍÍŽMÎMMËŽNMLLNKŒÌ‹ÌŒÌMMÎBNLKÍ‹ŽMÌŒLML‹MŒKŽŒÌÍŒÌ‹ÌMŒŒLNBNL‹NÍÍÌMLNMKMŒNNMLÍL‹ŒÌ‹ÌLŒÌ‚NLËKŽÍNLŒÌM™KLMKMŽNMÍŽMNŒÌ‹ÌLLÍMLÂNMLNÍÍÌMLNMKMŒNNMLÍL‹ŒÌ‹ÌLŒÌ‚NMKLÍ‹ŽMÌŒLML‹MŒKŽŒÌÍŒÌ‹ÌMŒŒLNBNM‹MMŒŒŒÍÍŽMÎMMËŽNMLLNKŒÌ‹ÌŒÌMMÎBNMËMÌKŽMÎMÍNMLŒ‹ML‹ŒNLNMKŒÌ‹ÌÌŒÌLÌÂNNNŒŒMMLŒÍLKMKLÌŒNMLKŒÌ‹ÍŒÎMNMÂNNKLLŒLŒŒKLÍËŒMŒŽÎM‹ŒÌ‹ÍLÎNLÍNŒLLNKŒÌÌÎŒKLËLLŒLŽËŒÌ‹ÍNMLÌ‚ŒKLLÌ‹ŽMÍÌŽN‹LM‹ŒÍŒËŒÌ‹ÍÍÍNÎŒ‹LMKŒÍNLŒÌLKLŒÍÍMËŒÌ‹ÎNLÌBŒËLMM‹ŒÍÍLMËLKŒŽNMÌÎMËŒÌ‹ÎNLÎLÍŽBŒLMKŽŒMMÍNLKÍËÍNLŽŒ‹ŒÌ‹ŽÍLMÎ‚ŒKLMÌËÌÎNMÌKŒËŒLÍLÍÍÍËŒÌ‹ŽMÍŒLŒÌ‚Œ‹LMÎKŽLLŒMMNKËŽŽNLÍÍŒÌ‹ŽNLÍLL‚ŒËLNŒÎLÌÍNLÎÌ‹ŒMÌŽMÍKŒÌ‹ŽŒŒMŒLNËŒMMLŒNMËM‹ŒMŒÍMÌ‹ŒÌ‹ŽÎNBŒKLNŒŽMÌMK‹ŒÍNLMÌÌMÍYKLMŒÌ‹ŽMLŒÂŒLLNËŒMMLŒNMËLM‹ŒMŒÍMÌ‹ŒÌ‹ŽÎNBŒLKLNŒÎLÌÍNLÎLÌ‹ŒMÌŽMÍKŒÌ‹ŽŒŒMŒL‹LMÎKŽLLŒMMNKMËŽŽNLÍÍŒÌ‹ŽNLÍLL‚ŒLËLMÌËÌÎNMÌKMŒËŒLÍLÍÍÍËŒÌ‹ŽMÍŒLŒÌ‚ŒMLMKŽŒMMÍNLKMÍËÍNLŽŒ‹ŒÌ‹ŽÍLMÎ‚ŒMKLMM‹ŒÍÍLMËNLKŒŽNMÌÎMËŒÌ‹ÎNLÎLÍŽBŒM‹LMKŒÍNLŒÌLKLLŒÍÍMËŒÌ‹ÎNLÌBŒMËLLÌ‹ŽMÍÌŽN‹LLM‹ŒÍŒËŒÌ‹ÍÍÍNÎŒNLLNKŒÌÌÎŒKLLËLLŒLŽËŒÌ‹ÍNMLÌ‚ŒNKLLŒLŒŒKLLÍËŒMŒŽÎM‹ŒÌ‹ÍLÎNLÍNŒŒNŒŒMMLŒÍLKLMKLÌŒNMLKŒÌ‹ÍŒÎMNMÂŒŒKMÌKŽMÎMÍNMLŒ‹LML‹ŒNLNMKŒÌ‹ÌÌŒÌLÌÂŒŒ‹MMŒŒŒÍÍŽMÎLMMËŽNMLLNKŒÌ‹ÌŒÌMMÎBŒŒËLÍ‹ŽMÌŒLML‹LMŒKŽŒÌÍŒÌ‹ÌMŒŒLNBŒLNÍÍÌMLNMKLMŒNNMLÍL‹ŒÌ‹ÌLŒÌ‚ŒKLËŒMŽMŒŒÙKLMLMŽNMÍŽMNŒÌ‹ÌLLÍMLÂŒ‹NÍÍÌMLNMKLMŒNNMLÍL‹ŒÌ‹ÌLŒÌ‚ŒËÍ‹ŽMÌŒLML‹LMŒKŽŒÌÍŒÌ‹ÌMŒŒLNBŒŽMŒŒŒÍÍŽMÎLMMËŽNMLLNKŒÌ‹ÌŒÌMMÎBŒŽKÌKŽMÎMÍNMLŒ‹LML‹ŒNLNMKŒÌ‹ÌÌŒÌLÌÂŒÌŒŒMMLŒÍLKLMKLÌŒNMLKŒÌ‹ÍŒÎMNMÂŒÌKLŒLŒŒKLLÍËŒMŒŽÎM‹ŒÌ‹ÍLÎNLÍNŒÌ‹LNKŒÌÌÎŒKLLËLLŒLŽËŒÌ‹ÍNMLÌ‚ŒÌËLÌ‹ŽMÍÌŽN‹LLM‹ŒÍŒËŒÌ‹ÍÍÍNÎŒÍMKŒÍNLŒÌLKLLŒÍÍMËŒÌ‹ÎNLÌBŒÍKMM‹ŒÍÍLMËNLKŒŽNMÌÎMËŒÌ‹ÎNLÎLÍŽBŒÍ‹MKŽŒMMÍNLKMÍËÍNLŽŒ‹ŒÌ‹ŽÍLMÎ‚ŒÍËMÌËÌÎNMÌKMŒËŒLÍLÍÍÍËŒÌ‹ŽMÍŒLŒÌ‚ŒÎMÎKŽLLŒMMNKMËŽŽNLÍÍŒÌ‹ŽNLÍLL‚ŒÎKNŒÎLÌÍNLÎLÌ‹ŒMÌŽMÍKŒÌ‹ŽŒŒMNËŒMMLŒNMËLM‹ŒMŒÍMÌ‹ŒÌ‹ŽÎNBKNŒMÍLËMËŽÍLŒÙKLMKMËŽÍŒMÍ‚‹NËŒLLMŒNÍËM‹ŒMŒMÍÎMËŽÍLÌÌLBËNÌNNNKÌ‹ŒMLÌŒNLLËMËŽÌÌMÍŒ‚MÎKŽLŒÍÍÍNKËŽŒLMÎMËŽŽLLÍŒMBKMÌËÌMÎMÌÍËŒËŒMÍÍMMËMËŽŒŽLŒMB‹MKŽŽLNLLÎL‹ÍËÌŽMMÍÎNNMËŽMMLÂËMM‹ŒÍLÎLÌ‹LKŒMŒLMËMËŽÌÌŽÂMKŒÍÌŒÍNLŒŒÌÎLMKMËÎNÌMBKLÌ‹ŽNNLLËLM‹ŒŒÍŒŽNLKMËÍÍLŽLLNKŒÌNLÌMËLËLŽLÌÎL‹MËÍNNLMBLKLLŒLKLÍËŒMMLÌLLËMËÍÍNL‚L‹ÌÍNLÎËMKÌMÌÍKMËÌŽMŒÌLŒÂLËÌKŽNNMLÍML‹MÍŒLÎNKMËÌMŒLMÎMMŒLÌŒÍŒËMMËŽÎLŒLNŽKMËÌNMÌLÂMKÍ‹ÌŽLÍMKMŒKŽNNNKMËŽMÎLÂM‹NŒÌŽŒ‹MŒNNŒŒMKMËŽLLMŽŽNMËKÌMNLÍKLMKMŽNLÍÌÎLKMËŽLÍŒÌÂNLNŒÌŽŒ‹MŒNNŒŒMKMËŽLLMŽŽNNKLÍ‹ÌŽLÍMKMŒKŽNNNKMËŽMÎLÂŒMMŒLÌŒÍŒËMMËŽÎLŒLNŽKMËÌNMÌLÂŒKMÌKŽNNMLÍML‹MÍŒLÎNKMËÌMŒLMÎŒ‹NÌÍNLÎËMKÌMÌÍKMËÌŽMŒÌLŒÂŒËLLLŒLKLÍËŒMMLÌLLËMËÍÍNL‚LLNKŒÌNLÌMËLËLŽLÌÎL‹MËÍNNLMBKLLÌ‹ŽNNLLËLM‹ŒŒÍŒŽNLKMËÍÍLŽ‹LMKŒÍÌŒÍNLŒŒÌÎLMKMËÎNÌMBËLMM‹ŒÍLÎLÌ‹LKŒMŒLMËMËŽÌÌŽÂŽLMKŽŽLNLLÎL‹ÍËÌŽMMÍÎNNMËŽMMLÂŽKLMÌËÌMÎMÌÍËŒËŒMÍÍMMËMËŽŒŽLŒMBÌLMÎKŽLŒÍÍÍNKËŽŒLMÎMËŽŽLLÍŒMBÌKLNÌNNNKÌ‹ŒMLÌŒNLLËMËŽÌÌMÍŒ‚Ì‹LNËŒLLMŒNÍËM‹ŒMŒMÍÎMËŽÍLÌÌLBÌËLNŒMÍLË‹ŒŒÌLŒÌÌÙKLMMËŽÍŒMÍ‚ÍLNËŒLLMŒNÍËLM‹ŒMŒMÍÎMËŽÍLÌÌLBÍKLNÌNNNKLÌ‹ŒMLÌŒNLLËMËŽÌÌMÍŒ‚Í‹LMÎKŽLŒÍÍÍNKMËŽŒLMÎMËŽŽLLÍŒMBÍËLMÌËÌMÎMÌÍËMŒËŒMÍÍMMËMËŽŒŽLŒMBÎLMKŽŽLNLLÎL‹MÍËÌŽMMÍÎNNMËŽMMLÂÎKLMM‹ŒÍLÎLÌ‹NLKŒMŒLMËMËŽÌÌŽÂŽLMKŒÍÌŒÍNLLŒŒÌÎLMKMËÎNÌMBŽKLLÌ‹ŽNNLLËLLM‹ŒŒÍŒŽNLKMËÍÍLŽŽ‹LLNKŒÌNLÌMËLLËLŽLÌÎL‹MËÍNNLMBŽËLLLŒLKLLÍËŒMMLÌLLËMËÍÍNL‚ŽNÌÍNLÎËLMKÌMÌÍKMËÌŽMŒÌLŒÂŽKMÌKŽNNMLÍLML‹MÍŒLÎNKMËÌMŒLMÎŽ‹MMŒLÌŒÍŒËLMMËŽÎLŒLNŽKMËÌNMÌLÂŽËLÍ‹ÌŽLÍMKLMŒKŽNNNKMËŽMÎLÂŽLNŒÌŽŒ‹LMŒNNŒŒMKMËŽLLMŽŽNŽKLËŒŒNNMLLÍLLŽKLMLMŽNLÍÌÎLKMËŽLÍŒÌÂŽLNŒÌŽŒ‹LMŒNNŒŒMKMËŽLLMŽŽNŽLKÍ‹ÌŽLÍMKLMŒKŽNNNKMËŽMÎLÂŽL‹MŒLÌŒÍŒËLMMËŽÎLŒLNŽKMËÌNMÌLÂŽLËÌKŽNNMLÍLML‹MÍŒLÎNKMËÌMŒLMÎŽMÌÍNLÎËLMKÌMÌÍKMËÌŽMŒÌLŒÂŽMKLLŒLKLLÍËŒMMLÌLLËMËÍÍNL‚ŽM‹LNKŒÌNLÌMËLLËLŽLÌÎL‹MËÍNNLMBŽMËLÌ‹ŽNNLLËLLM‹ŒŒÍŒŽNLKMËÍÍLŽŽNMKŒÍÌŒÍNLLŒŒÌÎLMKMËÎNÌMBŽNKMM‹ŒÍLÎLÌ‹NLKŒMŒLMËMËŽÌÌŽÂÌMKŽŽLNLLÎL‹MÍËÌŽMMÍÎNNMËŽMMLÂÌKMÌËÌMÎMÌÍËMŒËŒMÍÍMMËMËŽŒŽLŒMBÌ‹MÎKŽLŒÍÍÍNKMËŽŒLMÎMËŽŽLLÍŒMBÌËNÌNNNKLÌ‹ŒMLÌŒNLLËMËŽÌÌMÍŒ‚ÌNËŒLLMŒNÍËLM‹ŒMŒMÍÎMËŽÍLÌÌLBÌKNŒLŒŒNŒËNÎLÌMŒÌÌNYKLMKŽ‹ŽLŒMMÂÌ‹NËŒMŒ‹M‹ŒMNŽNLÌKŽ‹ŽLLŒÎÌËNŽNNLMŒLËÌ‹ŒMŒÍÍŒLKŽ‹ŽÌM‚ÌMÎKŽMÎLŽ‹ËŽLÌNN‹Ž‹ŽÌÎÌKMÌËÌŒÌMNŒ‹ŒËŒLMÌÌKŽ‹ŽÍMM‚ÌLMKŽMMMM‹ÍËÌMŒŒMÎKŽ‹ŽŒÍNÌÌ‚ÌLKMM‹ŒÍLŽ‹LKŒLÍŽ‹ŽLLBÌL‹MKŒÎÍMÍLŒÍÌÌMŒKŽ‹ÎLNMÍLŽBÌLËLÌËŒŽLŽKLM‹ŒLÍMLËŽ‹ÍÌÌMŒMÌMLNKŒÌÍÍÎNKLËLMMŒŽ‹ÍLÌNLŒ‚ÌMKLLMNMKLÍËŒMNNNMML‹Ž‹ÌÌÌÍLNBÌM‹ŽÍMLÌÍŒ‹MKLNKŽ‹ÌMNLMÂÌMËÌ‹ŒŒNLŽKML‹LMMËŽ‹ŽMŽMMÂÌNMŒŒLÍMËMMËŽÍNNLKŽ‹ŽŒÎNLÂÌNKÍ‹ÌMÎLLÍŒŽKMŒKŽMŽËŽ‹ÌMÌÍMBÌŒNMMËMŒNMŽNNMNLËŽ‹ÎLÂÌŒKŽŽNNMÌÎKLMKMŽNLŽMMËŽ‹ŒŒÍÌMÌŽÌŒ‹LNMMËMŒNMŽNNMNLËŽ‹ÎLÂÌŒËLÍ‹ÌMÎLLÍŒŽKMŒKŽMŽËŽ‹ÌMÌÍMBÌMMŒŒLÍMËMMËŽÍNNLKŽ‹ŽŒÎNLÂÌKMÌ‹ŒŒNLŽKML‹LMMËŽ‹ŽMŽMMÂÌ‹NŽÍMLÌÍŒ‹MKLNKŽ‹ÌMNLMÂÌËLLLMNMKLÍËŒMNNNMML‹Ž‹ÌÌÌÍLNBÌŽLLNKŒÌÍÍÎNKLËLMMŒŽ‹ÍLÌNLŒ‚ÌŽKLLÌËŒŽLŽKLM‹ŒLÍMLËŽ‹ÍÌÌMŒMÌÌLMKŒÎÍMÍLŒÍÌÌMŒKŽ‹ÎLNMÍLŽBÌÌKLMM‹ŒÍLŽ‹LKŒLÍŽ‹ŽLLBÌÌ‹LMKŽMMMM‹ÍËÌMŒŒMÎKŽ‹ŽŒÍNÌÌ‚ÌÌËLMÌËÌŒÌMNŒ‹ŒËŒLMÌÌKŽ‹ŽÍMM‚ÌÍLMÎKŽMÎLŽ‹ËŽLÌNN‹Ž‹ŽÌÎÌÍKLNŽNNLMŒLËÌ‹ŒMŒÍÍŒLKŽ‹ŽÌM‚ÌÍ‹LNËŒMŒ‹M‹ŒMNŽNLÌKŽ‹ŽLLŒÎÌÍËLNŒLŒŒNŒË‹ŒŒŽÌÍL™KLMŽ‹ŽLŒMMÂÌÎLNËŒMŒ‹LM‹ŒMNŽNLÌKŽ‹ŽLLŒÎÌÎKLNŽNNLMŒLËLÌ‹ŒMŒÍÍŒLKŽ‹ŽÌM‚ÍLMÎKŽMÎLŽ‹MËŽLÌNN‹Ž‹ŽÌÎÍKLMÌËÌŒÌMNŒ‹MŒËŒLMÌÌKŽ‹ŽÍMM‚Í‹LMKŽMMMM‹MÍËÌMŒŒMÎKŽ‹ŽŒÍNÌÌ‚ÍËLMM‹ŒÍLŽ‹NLKŒLÍŽ‹ŽLLBÍLMKŒÎÍMÍLLŒÍÌÌMŒKŽ‹ÎLNMÍLŽBÍKLLÌËŒŽLŽKLLM‹ŒLÍMLËŽ‹ÍÌÌMŒMÍ‹LLNKŒÌÍÍÎNKLLËLMMŒŽ‹ÍLÌNLŒ‚ÍËLLLMNMKLLÍËŒMNNNMML‹Ž‹ÌÌÌÍLNBÍNŽÍMLÌÍŒ‹LMKLNKŽ‹ÌMNLMÂÍKMÌ‹ŒŒNLŽKLML‹LMMËŽ‹ŽMŽMMÂÍLMMŒŒLÍMËLMMËŽÍNNLKŽ‹ŽŒÎNLÂÍLKLÍ‹ÌMÎLLÍŒŽKLMŒKŽMŽËŽ‹ÌMÌÍMBÍL‹LNMMËLMŒNMŽNNMNLËŽ‹ÎLÂÍLËLËŒÎMLÍÙKLMLMŽNLŽMMËŽ‹ŒŒÍÌMÌŽÍMNMMËLMŒNMŽNNMNLËŽ‹ÎLÂÍMKÍ‹ÌMÎLLÍŒŽKLMŒKŽMŽËŽ‹ÌMÌÍMBÍM‹MŒŒLÍMËLMMËŽÍNNLKŽ‹ŽŒÎNLÂÍMËÌ‹ŒŒNLŽKLML‹LMMËŽ‹ŽMŽMMÂÍNŽÍMLÌÍŒ‹LMKLNKŽ‹ÌMNLMÂÍNKLLMNMKLLÍËŒMNNNMML‹Ž‹ÌÌÌÍLNBÍŒLNKŒÌÍÍÎNKLLËLMMŒŽ‹ÍLÌNLŒ‚ÍŒKLÌËŒŽLŽKLLM‹ŒLÍMLËŽ‹ÍÌÌMŒMÍŒ‹MKŒÎÍMÍLLŒÍÌÌMŒKŽ‹ÎLNMÍLŽBÍŒËMM‹ŒÍLŽ‹NLKŒLÍŽ‹ŽLLBÍMKŽMMMM‹MÍËÌMŒŒMÎKŽ‹ŽŒÍNÌÌ‚ÍKMÌËÌŒÌMNŒ‹MŒËŒLMÌÌKŽ‹ŽÍMM‚Í‹MÎKŽMÎLŽ‹MËŽLÌNN‹Ž‹ŽÌÎÍËNŽNNLMŒLËLÌ‹ŒMŒÍÍŒLKŽ‹ŽÌM‚ÍŽNËŒMŒ‹LM‹ŒMNŽNLÌKŽ‹ŽLLŒÎÍŽKNŒLMLŽNLËNŽLMÌÌM™KLMKÌËŽÍŽÎ‚ÍÌNËŒNLLNKM‹ŒMMŽNLÌLŽÌËŽÌÌÍŽBÍÌKNŽNÌNÌ‹ŒMMŒÌÌÌLÌKÌËŽŽLŒBÍÌ‹MÎKŽMÌŽMËŽÎŒMÍLËÌËŽŒŒŒÍÂÍÌËMÌËÍŒŒMKŒËŒÌLÍÎLKÌËŽLLLLÍÂÍÍMKŽMNLŽMËÍËŽMNÌŒËÌËŽÍŒÌ‚ÍÍKMM‹ŒÍÎLÍÎMLLKNÍMÌŒM‹ÌËŽMÌÎMÌŒBÍÍ‹MKŒÎNNMŽKLNLNMLÌÍKÌËÎMLMÍÍÍËLÌËŒNLŒÍÍŒËLM‹NML‹ÌËÍÌŒLÂÍÎLNKŒÍLŽMÌMËLËÍÍÎMŒŒÍÌËÍNMÍÎKLLÌÍÍLÍ‹LÍËŒLÍLMËÌËÌNLNMLBÎÌŒLÌMMKÌMÍŒÌËŽMÍŒNÎKÌ‹ŒMMMNMLÍËML‹ŒLMKÌËÌÎNÍBÎ‹MŒÌMÎ‹MMËŽÌNMMMŒÎKÌËMÍŒBÎËÍ‹ÌMÎLÌÍŒÍ‹MŒKŽMŒMNËÌËNLŒBÎNÍLMMÌËMŒNMMÍNÎ‹ÌËŒÌNÌÎÎKËŒMÌÌÍM™KLMKMŽNLŒÎNLÍKÌËŒŽÌNÎ‹LNÍLMMÌËMŒNMMÍNÎ‹ÌËŒÌNÌÎÎËLÍ‹ÌMÎLÌÍŒÍ‹MŒKŽMŒMNËÌËNLŒBÎMMŒÌMÎ‹MMËŽÌNMMMŒÎKÌËMÍŒBÎKMÌ‹ŒMMMNMLÍËML‹ŒLMKÌËÌÎNÍBÎLNÌŒLÌMMKÌMÍŒÌËŽMÍŒNÎLKLLLÌÍÍLÍ‹LÍËŒLÍLMËÌËÌNLNMLBÎL‹LLNKŒÍLŽMÌMËLËÍÍÎMŒŒÍÌËÍNMÎLËLLÌËŒNLŒÍÍŒËLM‹NML‹ÌËÍÌŒLÂÎMLMKŒÎNNMŽKLNLNMLÌÍKÌËÎMLMÍÎMKLMM‹ŒÍÎLÍÎMLLKNÍMÌŒM‹ÌËŽMÌÎMÌŒBÎM‹LMKŽMNLŽMËÍËŽMNÌŒËÌËŽÍŒÌ‚ÎMËLMÌËÍŒŒMKŒËŒÌLÍÎLKÌËŽLLLLÍÂÎNLMÎKŽMÌŽMËŽÎŒMÍLËÌËŽŒŒŒÍÂÎNKLNŽNÌNÌ‹ŒMMŒÌÌÌLÌKÌËŽŽLŒBŽLNËŒNLLNKM‹ŒMMŽNLÌLŽÌËŽÌÌÍŽBŽKLNŒLMLŽNLËKŽLŒŒŽ™KLMÌËŽÍŽÎ‚Ž‹LNËŒNLLNKLM‹ŒMMŽNLÌLŽÌËŽÌÌÍŽBŽËLNŽNÌNLÌ‹ŒMMŒÌÌÌLÌKÌËŽŽLŒBŽLMÎKŽMÌŽMMËŽÎŒMÍLËÌËŽŒŒŒÍÂŽKLMÌËÍŒŒMKMŒËŒÌLÍÎLKÌËŽLLLLÍÂŽ‹LMKŽMNLŽMËMÍËŽMNÌŒËÌËŽÍŒÌ‚ŽËLMM‹ŒÍÎLÍÎMLNLKNÍMÌŒM‹ÌËŽMÌÎMÌŒBŽLMKŒÎNNMŽKLLNLNMLÌÍKÌËÎMLMÍŽKLLÌËŒNLŒÍÍŒËLLM‹NML‹ÌËÍÌŒLÂŽLLLNKŒÍLŽMÌMËLLËÍÍÎMŒŒÍÌËÍNMŽLKLLLÌÍÍLÍ‹LLÍËŒLÍLMËÌËÌNLNMLBŽL‹NÌŒLÌMLMKÌMÍŒÌËŽMÍŒNŽLËMÌ‹ŒMMMNMLÍËLML‹ŒLMKÌËÌÎNÍBŽMMMŒÌMÎ‹LMMËŽÌNMMMŒÎKÌËMÍŒBŽMKLÍ‹ÌMÎLÌÍŒÍ‹LMŒKŽMŒMNËÌËNLŒBŽM‹LNÍLMMÌËLMŒNMMÍNÎ‹ÌËŒÌNÌÎŽMËLËŒŽŒMLÍLÙKLMLMŽNLŒÎNLÍKÌËŒŽÌNŽNNÍLMMÌËLMŒNMMÍNÎ‹ÌËŒÌNÌÎŽNKÍ‹ÌMÎLÌÍŒÍ‹LMŒKŽMŒMNËÌËNLŒBŽŒMŒÌMÎ‹LMMËŽÌNMMMŒÎKÌËMÍŒBŽŒKÌ‹ŒMMMNMLÍËLML‹ŒLMKÌËÌÎNÍBŽŒ‹ÌŒLÌMLMKÌMÍŒÌËŽMÍŒNŽŒËLLÌÍÍLÍ‹LLÍËŒLÍLMËÌËÌNLNMLBŽLNKŒÍLŽMÌMËLLËÍÍÎMŒŒÍÌËÍNMŽKLÌËŒNLŒÍÍŒËLLM‹NML‹ÌËÍÌŒLÂŽ‹MKŒÎNNMŽKLLNLNMLÌÍKÌËÎMLMÍŽËMM‹ŒÍÎLÍÎMLNLKNÍMÌŒM‹ÌËŽMÌÎMÌŒBŽŽMKŽMNLŽMËMÍËŽMNÌŒËÌËŽÍŒÌ‚ŽŽKMÌËÍŒŒMKMŒËŒÌLÍÎLKÌËŽLLLLÍÂŽÌMÎKŽMÌŽMMËŽÎŒMÍLËÌËŽŒŒŒÍÂŽÌKNŽNÌNLÌ‹ŒMMŒÌÌÌLÌKÌËŽŽLŒBŽÌ‹NËŒNLLNKLM‹ŒMMŽNLÌLŽÌËŽÌÌÍŽBŽÌËNŒMŒLÎNËNŒÎMŒNÍÌNYKLMKÌÌ‹ŽLLŒŒMŽÍNËŒÍÎÍ‹M‹ŒMMLNMÎMKÌÌ‹ŽLÌNÌŒNŽÍKNLNMÍÌËÌ‹ŒMLMÎLÍ‹ÌÌ‹ŽMÌÍÍMLBŽÍ‹NŒMÍŒÎLKËŽÍMÎNKÌÌ‹ŽÌÍŒÌBŽÍËMÌËÍÌÌŒÎMËŒËŒMŒŒLÍMLKÌÌ‹ŽÌMMBŽÎMKŽÍÌLMÍKÍËÍNMÌÍŽÌÌ‹ŽLÍŒÌÂŽÎKMM‹ŒÎMÎLNËLKMMÍÌÌNÎËÌÌ‹ŽŽNNBŽMKNLÌLNLMÌŽŒMËÌÌ‹ÎNMMBŽKLÌËŒÎLÌÍŒÍËLM‹MÍLÌÍÌÌ‹ÍÎLLMÂŽ‹LNKŒÍÍLÍŒNKLËŒMŽÍŒKÌÌ‹ÌÍLÌŒÂŽËLMMÍ‹LÍËŒLŒNÌM‹ÌÌ‹ÌŒLÌÌ‚ŽÌŒÍNLÍÍŒ‹MKŒMMMÌ‹ÌÌ‹ÌLŒNL‚ŽKÌ‹ŒÌÍŒLKML‹ŒÎNLÍÎMM‹ÌÌ‹ÌMLÍNBŽ‹MLÌLMŒMMËŽÍLKÌÌ‹ŒNMÌÌLÌŒÂŽËÍ‹ÌÌÍÍÌŽKMŒKŽLNNÍMÎÌÌ‹ŒŒLMŒBŽNLÌŒLŽLËMŒNMÍÍMÎKÌÌ‹NLLMŒŒÌ‚ŽKKŒŒNŽLÌÙKLMMŽNLLŒËÌÌ‹NÍMM‚ŽLLNLÌŒLŽLËMŒNMÍÍMÎKÌÌ‹NLLMŒŒÌ‚ŽLKLÍ‹ÌÌÍÍÌŽKMŒKŽLNNÍMÎÌÌ‹ŒŒLMŒBŽL‹MMLÌLMŒMMËŽÍLKÌÌ‹ŒNMÌÌLÌŒÂŽLËMÌ‹ŒÌÍŒLKML‹ŒÎNLÍÎMM‹ÌÌ‹ÌMLÍNBŽMNÌŒÍNLÍÍŒ‹MKŒMMMÌ‹ÌÌ‹ÌLŒNL‚ŽMKLLMMÍ‹LÍËŒLŒNÌM‹ÌÌ‹ÌŒLÌÌ‚ŽM‹LLNKŒÍÍLÍŒNKLËŒMŽÍŒKÌÌ‹ÌÍLÌŒÂŽMËLLÌËŒÎLÌÍŒÍËLM‹MÍLÌÍÌÌ‹ÍÎLLMÂŽNLMKNLÌLNLMÌŽŒMËÌÌ‹ÎNMMBŽNKLMM‹ŒÎMÎLNËLKMMÍÌÌNÎËÌÌ‹ŽŽNNBŽŒLMKŽÍÌLMÍKÍËÍNMÌÍŽÌÌ‹ŽLÍŒÌÂŽŒKLMÌËÍÌÌŒÎMËŒËŒMŒŒLÍMLKÌÌ‹ŽÌMMBŽŒ‹LNŒMÍŒÎLKËŽÍMÎNKÌÌ‹ŽÌÍŒÌBŽŒËLNLNMÍÌËÌ‹ŒMLMÎLÍ‹ÌÌ‹ŽMÌÍÍMLBŽLNËŒÍÎÍ‹M‹ŒMMLNMÎMKÌÌ‹ŽLÌNÌŒNŽKLNŒMŒLÎNË‹ŒÌMŒNLKLMÌÌ‹ŽLLŒŒMŽ‹LNËŒÍÎÍ‹LM‹ŒMMLNMÎMKÌÌ‹ŽLÌNÌŒNŽËLNLNMÍÌËLÌ‹ŒMLMÎLÍ‹ÌÌ‹ŽMÌÍÍMLBŽŽLNŒMÍŒÎLKMËŽÍMÎNKÌÌ‹ŽÌÍŒÌBŽŽKLMÌËÍÌÌŒÎMËMŒËŒMŒŒLÍMLKÌÌ‹ŽÌMMBŽÌLMKŽÍÌLMÍKMÍËÍNMÌÍŽÌÌ‹ŽLÍŒÌÂŽÌKLMM‹ŒÎMÎLNËNLKMMÍÌÌNÎËÌÌ‹ŽŽNNBŽÌ‹LMKNLÌLNLLMÌŽŒMËÌÌ‹ÎNMMBŽÌËLLÌËŒÎLÌÍŒÍËLLM‹MÍLÌÍÌÌ‹ÍÎLLMÂŽÍLLNKŒÍÍLÍŒNKLLËŒMŽÍŒKÌÌ‹ÌÍLÌŒÂŽÍKLLMMÍ‹LLÍËŒLŒNÌM‹ÌÌ‹ÌŒLÌÌ‚ŽÍ‹NÌŒÍNLÍÍŒ‹LMKŒMMMÌ‹ÌÌ‹ÌLŒNL‚ŽÍËMÌ‹ŒÌÍŒLKLML‹ŒÎNLÍÎMM‹ÌÌ‹ÌMLÍNBŽÎMMLÌLMŒLMMËŽÍLKÌÌ‹ŒNMÌÌLÌŒÂŽÎKLÍ‹ÌÌÍÍÌŽKLMŒKŽLNNÍMÎÌÌ‹ŒŒLMŒBŽLNLÌŒLŽLËLMŒNMÍÍMÎKÌÌ‹NLLMŒŒÌ‚ŽKLËŒÎLÍLYKLMLMŽNLLŒËÌÌ‹NÍMM‚Ž‹NLÌŒLŽLËLMŒNMÍÍMÎKÌÌ‹NLLMŒŒÌ‚ŽËÍ‹ÌÌÍÍÌŽKLMŒKŽLNNÍMÎÌÌ‹ŒŒLMŒBŽMLÌLMŒLMMËŽÍLKÌÌ‹ŒNMÌÌLÌŒÂŽKÌ‹ŒÌÍŒLKLML‹ŒÎNLÍÎMM‹ÌÌ‹ÌMLÍNBŽ‹ÌŒÍNLÍÍŒ‹LMKŒMMMÌ‹ÌÌ‹ÌLŒNL‚ŽËLMMÍ‹LLÍËŒLŒNÌM‹ÌÌ‹ÌŒLÌÌ‚ŽLNKŒÍÍLÍŒNKLLËŒMŽÍŒKÌÌ‹ÌÍLÌŒÂŽKLÌËŒÎLÌÍŒÍËLLM‹MÍLÌÍÌÌ‹ÍÎLLMÂŽLMKNLÌLNLLMÌŽŒMËÌÌ‹ÎNMMBŽLKMM‹ŒÎMÎLNËNLKMMÍÌÌNÎËÌÌ‹ŽŽNNBŽL‹MKŽÍÌLMÍKMÍËÍNMÌÍŽÌÌ‹ŽLÍŒÌÂŽLËMÌËÍÌÌŒÎMËMŒËŒMŒŒLÍMLKÌÌ‹ŽÌMMBŽMNŒMÍŒÎLKMËŽÍMÎNKÌÌ‹ŽÌÍŒÌBŽMKNLNMÍÌËLÌ‹ŒMLMÎLÍ‹ÌÌ‹ŽMÌÍÍMLBŽM‹NËŒÍÎÍ‹LM‹ŒMMLNMÎMKÌÌ‹ŽLÌNÌŒNŽMËNŒŒNLÎLLÎKM‹ŒÍNLÍÙKLMKÍMËŽMLŒŽŽNNËŒÌMÌMŒKM‹ŒMLÌLŒÌÎKÍMËŽMŒÍÍÍÌÂŽNKNMÌÍŒNNMNKÌ‹ŒMNKÍMËŽLÍMMÌBŽLNŒLÎMÎM‹ËŽŒMÌŽNKÍMËŽLŒMÍMÍŒ‚ŽLKMÌËŽŽLŒÎLËŒËŒÌMNNKÍMËŽLMMÍMŽŽL‹MKŽLÍŽLKÍËMÌLŒÌËÍMËŽÍLLÂŽLËMM‹NMÍŽ‹LKLÌŽMÍÌÍKÍMËŽŒMÎLÍBŽLMKLŽM‹LMLÍŒÍMËŽLÍÍÂŽLKLÌËŒŒŽŒŒKLM‹MLŽLMËÍMËÍÌMLÌ‚ŽL‹LNKŒÎNÍÌÌŒKLËÌÍÌMŽÍMËÌŒÍÍÌLBŽLËLMÎÍÌŽLÍËŒLÌMMÎ‹ÍMËŽLNŒÂŽLÍMLÌÍMÍŽMKLÌÎMŽL‹ÍMËNÎŒBŽLKÌ‹ŒLMMMKML‹ŒÎLMŽMÍMËŒNŽŒÂŽLLMŒŒNLL‹MMËŽŒŒÌÍM‹ÍMËMÍÌLÍŒL‚ŽLLKÍ‹ÌÎMŽL‹MŒKŽLMMÍMËMMMLÍÂŽLL‹NNÌMŒÌKMŒNLÎLMMËÍMËMLMÎMŽBŽLLËKŒÍNNŒÎYKLMMŽNNNMLÍMËLÍLMÌMBŽLMLNNÌMŒÌKMŒNLÎLMMËÍMËMLMÎMŽBŽLMKLÍ‹ÌÎMŽL‹MŒKŽLMMÍMËMMMLÍÂŽLM‹MMŒŒNLL‹MMËŽŒŒÌÍM‹ÍMËMÍÌLÍŒL‚ŽLMËMÌ‹ŒLMMMKML‹ŒÎLMŽMÍMËŒNŽŒÂŽLNNÍMLÌÍMÍŽMKLÌÎMŽL‹ÍMËNÎŒBŽLNKLLMÎÍÌŽLÍËŒLÌMMÎ‹ÍMËŽLNŒÂŽLŒLLNKŒÎNÍÌÌŒKLËÌÍÌMŽÍMËÌŒÍÍÌLBŽLŒKLLÌËŒŒŽŒŒKLM‹MLŽLMËÍMËÍÌMLÌ‚ŽLŒ‹LMKLŽM‹LMLÍŒÍMËŽLÍÍÂŽLŒËLMM‹NMÍŽ‹LKLÌŽMÍÌÍKÍMËŽŒMÎLÍBŽLLMKŽLÍŽLKÍËMÌLŒÌËÍMËŽÍLLÂŽLKLMÌËŽŽLŒÎLËŒËŒÌMNNKÍMËŽLMMÍMŽŽL‹LNŒLÎMÎM‹ËŽŒMÌŽNKÍMËŽLŒMÍMÍŒ‚ŽLËLNMÌÍŒNNMNKÌ‹ŒMNKÍMËŽLÍMMÌBŽLŽLNËŒÌMÌMŒKM‹ŒMLÌLŒÌÎKÍMËŽMŒÍÍÍÌÂŽLŽKLNŒŒNLÎLLÎK‹ŒÍMÌÌÍMÎKLMÍMËŽMLŒŽŽLÌLNËŒÌMÌMŒKLM‹ŒMLÌLŒÌÎKÍMËŽMŒÍÍÍÌÂŽLÌKLNMÌÍŒNNMNKLÌ‹ŒMNKÍMËŽLÍMMÌBŽLÌ‹LNŒLÎMÎM‹MËŽŒMÌŽNKÍMËŽLŒMÍMÍŒ‚ŽLÌËLMÌËŽŽLŒÎLËMŒËŒÌMNNKÍMËŽLMMÍMŽŽLÍLMKŽLÍŽLKMÍËMÌLŒÌËÍMËŽÍLLÂŽLÍKLMM‹NMÍŽ‹NLKLÌŽMÍÌÍKÍMËŽŒMÎLÍBŽLÍ‹LMKLŽM‹LLMLÍŒÍMËŽLÍÍÂŽLÍËLLÌËŒŒŽŒŒKLLM‹MLŽLMËÍMËÍÌMLÌ‚ŽLÎLLNKŒÎNÍÌÌŒKLLËÌÍÌMŽÍMËÌŒÍÍÌLBŽLÎKLLMÎÍÌŽLLÍËŒLÌMMÎ‹ÍMËŽLNŒÂŽMNÍMLÌÍMÍŽLMKLÌÎMŽL‹ÍMËNÎŒBŽMKMÌ‹ŒLMMMKLML‹ŒÎLMŽMÍMËŒNŽŒÂŽM‹MMŒŒNLL‹LMMËŽŒŒÌÍM‹ÍMËMÍÌLÍŒL‚ŽMËLÍ‹ÌÎMŽL‹LMŒKŽLMMÍMËMMMLÍÂŽMLNNÌMŒÌKLMŒNLÎLMMËÍMËMLMÎMŽBŽMKLËNLMŒNKLMLMŽNNNMLÍMËLÍLMÌMBŽM‹NNÌMŒÌKLMŒNLÎLMMËÍMËMLMÎMŽBŽMËÍ‹ÌÎMŽL‹LMŒKŽLMMÍMËMMMLÍÂŽMMŒŒNLL‹LMMËŽŒŒÌÍM‹ÍMËMÍÌLÍŒL‚ŽMKÌ‹ŒLMMMKLML‹ŒÎLMŽMÍMËŒNŽŒÂŽMLÍMLÌÍMÍŽLMKLÌÎMŽL‹ÍMËNÎŒBŽMLKLMÎÍÌŽLLÍËŒLÌMMÎ‹ÍMËŽLNŒÂŽML‹LNKŒÎNÍÌÌŒKLLËÌÍÌMŽÍMËÌŒÍÍÌLBŽMLËLÌËŒŒŽŒŒKLLM‹MLŽLMËÍMËÍÌMLÌ‚ŽMMMKLŽM‹LLMLÍŒÍMËŽLÍÍÂŽMMKMM‹NMÍŽ‹NLKLÌŽMÍÌÍKÍMËŽŒMÎLÍBŽMM‹MKŽLÍŽLKMÍËMÌLŒÌËÍMËŽÍLLÂŽMMËMÌËŽŽLŒÎLËMŒËŒÌMNNKÍMËŽLMMÍMŽŽMNNŒLÎMÎM‹MËŽŒMÌŽNKÍMËŽLŒMÍMÍŒ‚ŽMNKNMÌÍŒNNMNKLÌ‹ŒMNKÍMËŽLÍMMÌBŽMŒNËŒÌMÌMŒKLM‹ŒMLÌLŒÌÎKÍMËŽMŒÍÍÍÌÂŽMŒKNŒŽLNŒŒŒ‹MKŒÎMÌMNKLMKÎ‹ŽNMMNBŽMŒ‹NËŒÍÌÌLŒL‹M‹ŒMLMMLKÎ‹ŽNLÍLMŽMŒËNŒŽNŽÍÌ‹ŒMÍMŒ‹Î‹ŽNLÎNLBŽMNŒLÌÌMÌÍËŽLÍÌŒMŽKÎ‹ŽMŒŒŽŒMŒÂŽMKMÌËŽÌLŒŒËŒŒÌÍLNMÍKÎ‹ŽLÍMMÍMÂŽM‹MKŽLÌLNMÍËŒÌMLNMÎ‹ŽLMŽMÌŒ‚ŽMËMM‹ÎÍŒ‹LKLŒMÍLLÎ‹ŽNMLŒÎMÂŽMŽMKMŒÍÍÍKLLMNŒÍÍËÎ‹ŽLŒMÂŽMŽKLÌËŒMÎKLM‹LŽLŽÌ‹Î‹ÍŒLMMŽMÌLNKMŽMKLËŒÌÍÍŒËÎ‹ÌNMÌBŽMÌKLŒÌŒLÍLËLÍËŒLLMLMÎ‹MMŒÎÍÂŽMÌ‹ÍŽMMŽKMKÎLÎLKÎ‹ŒŒŒÎÌ‚ŽMÌËÌ‹ŒÌÍNŒL‹ML‹ŒÎÎŽMŽKÎ‹MŒNNML‚ŽMÍMÍÍÎMLËMMËŽMÍLŒËÎ‹LLŽMŒÂŽMÍKÍ‹ÍNLMŽKMŒKŽNLŽËÎ‹MÌÌMŽŽŽMÍ‹NÍNNLÍKMŒNLLMLMÍNKÎ‹ÍÍÍŽMÍË‹ŽNLNLŒŒLYKLMKMŽNÌLŒLKÎ‹ÍŒNL‚ŽMÎLNÍNNLÍKMŒNLLMLMÍNKÎ‹ÍÍÍŽMÎKLÍ‹ÍNLMŽKMŒKŽNLŽËÎ‹MÌÌMŽŽŽNMMÍÍÎMLËMMËŽMÍLŒËÎ‹LLŽMŒÂŽNKMÌ‹ŒÌÍNŒL‹ML‹ŒÎÎŽMŽKÎ‹MŒNNML‚ŽN‹NÍŽMMŽKMKÎLÎLKÎ‹ŒŒŒÎÌ‚ŽNËLLŒÌŒLÍLËLÍËŒLLMLMÎ‹MMŒÎÍÂŽNLLNKMŽMKLËŒÌÍÍŒËÎ‹ÌNMÌBŽNKLLÌËŒMÎKLM‹LŽLŽÌ‹Î‹ÍŒLMMŽN‹LMKMŒÍÍÍKLLMNŒÍÍËÎ‹ŽLŒMÂŽNËLMM‹ÎÍŒ‹LKLŒMÍLLÎ‹ŽNMLŒÎMÂŽNLMKŽLÌLNMÍËŒÌMLNMÎ‹ŽLMŽMÌŒ‚ŽNKLMÌËŽÌLŒŒËŒŒÌÍLNMÍKÎ‹ŽLÍMMÍMÂŽNLLNŒLÌÌMÌÍËŽLÍÌŒMŽKÎ‹ŽMŒŒŽŒMŒÂŽNLKLNŒŽNŽÍÌ‹ŒMÍMŒ‹Î‹ŽNLÎNLBŽNL‹LNËŒÍÌÌLŒL‹M‹ŒMLMMLKÎ‹ŽNLÍLMŽNLËLNŒŽLNŒŒŒ‹‹ŒÌŒÍŒÍÍNYKLMÎ‹ŽNMMNBŽNMLNËŒÍÌÌLŒL‹LM‹ŒMLMMLKÎ‹ŽNLÍLMŽNMKLNŒŽNŽÍLÌ‹ŒMÍMŒ‹Î‹ŽNLÎNLBŽNM‹LNŒLÌÌMÌÍMËŽLÍÌŒMŽKÎ‹ŽMŒŒŽŒMŒÂŽNMËLMÌËŽÌLŒMŒËŒŒÌÍLNMÍKÎ‹ŽLÍMMÍMÂŽNNLMKŽLÌLNMMÍËŒÌMLNMÎ‹ŽLMŽMÌŒ‚ŽNNKLMM‹ÎÍŒ‹NLKLŒMÍLLÎ‹ŽNMLŒÎMÂŒLLMKMŒÍÍÍKLLLMNŒÍÍËÎ‹ŽLŒMÂŒLKLLÌËŒMÎKLLM‹LŽLŽÌ‹Î‹ÍŒLMMŒL‹LLNKMŽMKLLËŒÌÍÍŒËÎ‹ÌNMÌBŒLËLLŒÌŒLÍLËLLÍËŒLLMLMÎ‹MMŒÎÍÂŒLNÍŽMMŽKLMKÎLÎLKÎ‹ŒŒŒÎÌ‚ŒLKMÌ‹ŒÌÍNŒL‹LML‹ŒÎÎŽMŽKÎ‹MŒNNML‚ŒL‹MMÍÍÎMLËLMMËŽMÍLŒËÎ‹LLŽMŒÂŒLËLÍ‹ÍNLMŽKLMŒKŽNLŽËÎ‹MÌÌMŽŽŒLLNÍNNLÍKLMŒNLLMLMÍNKÎ‹ÍÍÍŒLKLËŒŒÌNLŒŒÎYKLMLMŽNÌLŒLKÎ‹ÍŒNL‚ŒLLNÍNNLÍKLMŒNLLMLMÍNKÎ‹ÍÍÍŒLLKÍ‹ÍNLMŽKLMŒKŽNLŽËÎ‹MÌÌMŽŽŒLL‹MÍÍÎMLËLMMËŽMÍLŒËÎ‹LLŽMŒÂŒLLËÌ‹ŒÌÍNŒL‹LML‹ŒÎÎŽMŽKÎ‹MŒNNML‚ŒLMÍŽMMŽKLMKÎLÎLKÎ‹ŒŒŒÎÌ‚ŒLMKLŒÌŒLÍLËLLÍËŒLLMLMÎ‹MMŒÎÍÂŒLM‹LNKMŽMKLLËŒÌÍÍŒËÎ‹ÌNMÌBŒLMËLÌËŒMÎKLLM‹LŽLŽÌ‹Î‹ÍŒLMMŒLNMKMŒÍÍÍKLLLMNŒÍÍËÎ‹ŽLŒMÂŒLNKMM‹ÎÍŒ‹NLKLŒMÍLLÎ‹ŽNMLŒÎMÂŒLŒMKŽLÌLNMMÍËŒÌMLNMÎ‹ŽLMŽMÌŒ‚ŒLŒKMÌËŽÌLŒMŒËŒŒÌÍLNMÍKÎ‹ŽLÍMMÍMÂŒLŒ‹NŒLÌÌMÌÍMËŽLÍÌŒMŽKÎ‹ŽMŒŒŽŒMŒÂŒLŒËNŒŽNŽÍLÌ‹ŒMÍMŒ‹Î‹ŽNLÎNLBŒLNËŒÍÌÌLŒL‹LM‹ŒMLMMLKÎ‹ŽNLÍLMŒLKNŒÍLÌNLÍMKŽÍŒNL™KLMKŒŒMÍÍŒL‹NËÌŒÌLŽM‹ŒMÍÍÍMŒ‹ŒMNLNBŒLËNŽŽMÌËÌ‹ŒLÌÎŽMMËŒLMŽLBŒLŽNŒMLŒÌËËŽŒLÌÍÍMKŒMMLÍBŒLŽKMÌËŽÎLÎÍ‹ŒËŒMÍÌNÍËËŽMÎMÎMLÂŒLÌMKŽMNMLÎMMKÍËŒMŒŒL‹ËŽLÍLMŽMBŒLÌKMM‹ŽŽLËLKÎÍMËŽMMNNL‚ŒLÌ‹MKLÌNLLM‹LÍLËËŽŒMÍÌÍÍ‚ŒLÌËLÌËŒLMMLÍLM‹LŒÍNMLKËÍMŽLLLBŒLÍLNKLŽL‹LËLLÍËŽLÍLÍMBŒLÍKLŒÌMÎMLÍÎLÍËŒÍŒÌLMËËŒLLBŒLÍ‹ÎMLŒÍÍLKMKLŒÍMLËËMŒÌLÎBŒLÍËÌ‹ŒMNMÍÍMÍML‹ŒÍÌÍŽNËËLÎMÌ‚ŒLÎMŽMMŒŒ‹MMËŽLMÎ‹ËŒNMÍÂŒLÎKÍ‹ÍŒÍÎÌËMŒKŽÍ‹ËÍ‚ŒLNÌLŒÎMŒ‹MŒNMLLNMËËNLÍÍMÍBŒLKKŒÌÍÍLÍ™KLMMŽNÍÎŒŒKËŒÎNNMMÌÂŒL‹LNÌLŒÎMŒ‹MŒNMLLNMËËNLÍÍMÍBŒLËLÍ‹ÍŒÍÎÌËMŒKŽÍ‹ËÍ‚ŒLMMŽMMŒŒ‹MMËŽLMÎ‹ËŒNMÍÂŒLKMÌ‹ŒMNMÍÍMÍML‹ŒÍÌÍŽNËËLÎMÌ‚ŒL‹NÎMLŒÍÍLKMKLŒÍMLËËMŒÌLÎBŒLËLLŒÌMÎMLÍÎLÍËŒÍŒÌLMËËŒLLBŒLLLNKLŽL‹LËLLÍËŽLÍLÍMBŒLKLLÌËŒLMMLÍLM‹LŒÍNMLKËÍMŽLLLBŒLLLMKLÌNLLM‹LÍLËËŽŒMÍÌÍÍ‚ŒLLKLMM‹ŽŽLËLKÎÍMËŽMMNNL‚ŒLL‹LMKŽMNMLÎMMKÍËŒMŒŒL‹ËŽLÍLMŽMBŒLLËLMÌËŽÎLÎÍ‹ŒËŒMÍÌNÍËËŽMÎMÎMLÂŒLMLNŒMLŒÌËËŽŒLÌÍÍM‹ŒMMLÍBŒLMKLNŽŽMÌËÌ‹ŒLÌÎŽMMËŒLMŽLBŒLM‹LNËÌŒÌLŽM‹ŒMÍÍÍMŒ‹ŒMNLNBŒLMËLNŒÍLÌNLÍ‹ŒŽŒŽLŽKLMŒŒMÍÍŒLNLNËÌŒÌLŽLM‹ŒMÍÍÍMŒ‹ŒMNLNBŒLNKLNŽŽMÌËLÌ‹ŒLÌÎŽMMËŒLMŽLBŒLŒLNŒMLŒÌËMËŽŒLÌÍÍMKŒMMLÍBŒLŒKLMÌËŽÎLÎÍ‹MŒËŒMÍÌNÍËËŽMÎMÎMLÂŒLŒ‹LMKŽMNMLÎMMKMÍËŒMŒŒL‹ËŽLÍLMŽMBŒLŒËLMM‹ŽŽLËNLKÎÍMËŽMMNNL‚ŒLLMKLÌNLLM‹LLÍLËËŽŒMÍÌÍÍ‚ŒLKLLÌËŒLMMLÍLLM‹LŒÍNMLKËÍMŽLLLBŒL‹LLNKLŽL‹LLËLLÍËŽLÍLÍMBŒLËLLŒÌMÎMLÍÎLLÍËŒÍŒÌLMËËŒLLBŒLŽNÎMLŒÍÍLKLMKLŒÍMLËËMŒÌLÎBŒLŽKMÌ‹ŒMNMÍÍMÍLML‹ŒÍÌÍŽNËËLÎMÌ‚ŒLÌMMŽMMŒŒ‹LMMËŽLMÎ‹ËŒNMÍÂŒLÌKLÍ‹ÍŒÍÎÌËLMŒKŽÍ‹ËÍ‚ŒLÌ‹LNÌLŒÎMŒ‹LMŒNMLLNMËËNLÍÍMÍBŒLÌËLËŒÍŒÌMLÙKLMLMŽNÍÎŒŒKËŒÎNNMMÌÂŒLÍNÌLŒÎMŒ‹LMŒNMLLNMËËNLÍÍMÍBŒLÍKÍ‹ÍŒÍÎÌËLMŒKŽÍ‹ËÍ‚ŒLÍ‹MŽMMŒŒ‹LMMËŽLMÎ‹ËŒNMÍÂŒLÍËÌ‹ŒMNMÍÍMÍLML‹ŒÍÌÍŽNËËLÎMÌ‚ŒLÎÎMLŒÍÍLKLMKLŒÍMLËËMŒÌLÎBŒLÎKLŒÌMÎMLÍÎLLÍËŒÍŒÌLMËËŒLLBŒLLNKLŽL‹LLËLLÍËŽLÍLÍMBŒLKLÌËŒLMMLÍLLM‹LŒÍNMLKËÍMŽLLLBŒL‹MKLÌNLLM‹LLÍLËËŽŒMÍÌÍÍ‚ŒLËMM‹ŽŽLËNLKÎÍMËŽMMNNL‚ŒLMKŽMNMLÎMMKMÍËŒMŒŒL‹ËŽLÍLMŽMBŒLKMÌËŽÎLÎÍ‹MŒËŒMÍÌNÍËËŽMÎMÎMLÂŒL‹NŒMLŒÌËMËŽŒLÌÍÍMKŒMMLÍBŒLËNŽŽMÌËLÌ‹ŒLÌÎŽMMËŒLMŽLBŒLNËÌŒÌLŽLM‹ŒMÍÍÍMŒ‹ŒMNLNBŒLKNMLÍKLËŒMMMÌŽLÙKLMKÌËŒMÌLŒÎŒLLNËÎLÎL‹M‹ŒMÍÌLŒÌËŒLÍŒMÍÍÍŒLLKNÌLMÍŽMËÌ‹ŒLMŒMŽKÌËŒLMMLÌŒLL‹NŒNÌMÎËÎLLŒÎLŽËÌËŒMMÌMŒ‚ŒLLËMÌËŽLLLŒ‹Œ‹ŽNÎÎLŒ‹ÌËŒÍLMBŒLMMKŽNŒÍŒÍÍNKÍËNLÌÌMMÍÌ‹ŽMÍÌLŒ‚ŒLMKMM‹LÌLÍŽM‹LKLŒNKÌ‹ŽLLMŒBŒLM‹MKLMMNMKLŒMMËÌ‹ŽÌÌÎLŒŒLMËLÌËŒMŒÌÎKLM‹ÎMMŒŒ‹Ì‹ÍLÍŒMBŒLNLNKÎMLÍMKLËŒÎMÌMËÌ‹ŽMMÌŒBŒLNKLNMLŒŽKLÍËŒMÌNLLKÌ‹NL‚ŒLLŽŒLŒNMÌLKMKLŒŒLÍŽKÌ‹LLMŒŽLŒLLKÌ‹ŒLNMÌML‹ŒÍNMNMÌ‹ÌMÂŒLL‹MÌLÎLÌKMMËŽLÌ‹Ì‹ŒÎŒLNŽŒLLËÍ‹ÍÍLÌŽNMÎKMŒKÎNLÍÌMËÌ‹ŒÍÌŽŒLÂŒLLNÍÎLMLÍËMŒNÎŒMÌÍËÌ‹ŒÌMÌLÎŒLLKÌÍÍM™KLMKMŽNŽNLËÌ‹ŒÌÍÌMŒNBŒLL‹LNÍÎLMLÍËMŒNÎŒMÌÍËÌ‹ŒÌMÌLÎŒLLËLÍ‹ÍÍLÌŽNMÎKMŒKÎNLÍÌMËÌ‹ŒÍÌŽŒLÂŒLLMMÌLÎLÌKMMËŽLÌ‹Ì‹ŒÎŒLNŽŒLLKMÌ‹ŒLNMÌML‹ŒÍNMNMÌ‹ÌMÂŒLLLNŽŒLŒNMÌLKMKLŒŒLÍŽKÌ‹LLMŒŽLŒLLLKLLNMLŒŽKLÍËŒMÌNLLKÌ‹NL‚ŒLLL‹LLNKÎMLÍMKLËŒÎMÌMËÌ‹ŽMMÌŒBŒLLLËLLÌËŒMŒÌÎKLM‹ÎMMŒŒ‹Ì‹ÍLÍŒMBŒLLMLMKLMMNMKLŒMMËÌ‹ŽÌÌÎLŒŒLLMKLMM‹LÌLÍŽM‹LKLŒNKÌ‹ŽLLMŒBŒLLM‹LMKŽNŒÍŒÍÍNKÍËNLÌÌMMÍÌ‹ŽMÍÌLŒ‚ŒLLMËLMÌËŽLLLŒ‹Œ‹ŽNÎÎLŒ‹ÌËŒÍLMBŒLLNLNŒNÌMÎËÎLLŒÎLŽËÌËŒMMÌMŒ‚ŒLLNKLNÌLMÍŽMËÌ‹ŒLMŒMŽKÌËŒLMMLÌŒLLŒLNËÎLÎL‹M‹ŒMÍÌLŒÌËŒLÍŒMÍÍÍŒLLŒKLNMLÍK‹LNLŒM™KLMÌËŒMÌLŒÎŒLLŒ‹LNËÎLÎL‹LM‹ŒMÍÌLŒÌËŒLÍŒMÍÍÍŒLLŒËLNÌLMÍŽMËLÌ‹ŒLMŒMŽKÌËŒLMMLÌŒLLLNŒNÌMÎMËÎLLŒÎLŽËÌËŒMMÌMŒ‚ŒLLKLMÌËŽLLLŒ‹MŒ‹ŽNÎÎLŒ‹ÌËŒÍLMBŒLL‹LMKŽNŒÍŒÍÍNKMÍËNLÌÌMMÍÌ‹ŽMÍÌLŒ‚ŒLLËLMM‹LÌLÍŽM‹NLKLŒNKÌ‹ŽLLMŒBŒLLŽLMKLMMNMKLLŒMMËÌ‹ŽÌÌÎLŒŒLLŽKLLÌËŒMŒÌÎKLLM‹ÎMMŒŒ‹Ì‹ÍLÍŒMBŒLLÌLLNKÎMLÍMKLLËŒÎMÌMËÌ‹ŽMMÌŒBŒLLÌKLLNMLŒŽKLLÍËŒMÌNLLKÌ‹NL‚ŒLLÌ‹NŽŒLŒNMÌLKLMKLŒŒLÍŽKÌ‹LLMŒŽLŒLLÌËMÌ‹ŒLNMÌLML‹ŒÍNMNMÌ‹ÌMÂŒLLÍMMÌLÎLÌKLMMËŽLÌ‹Ì‹ŒÎŒLNŽŒLLÍKLÍ‹ÍÍLÌŽNMÎKLMŒKÎNLÍÌMËÌ‹ŒÍÌŽŒLÂŒLLÍ‹LNÍÎLMLÍËLMŒNÎŒMÌÍËÌ‹ŒÌMÌLÎŒLLÍËLËŒŽMMÍMNNYKLMLMŽNŽNLËÌ‹ŒÌÍÌMŒNBŒLLÎNÍÎLMLÍËLMŒNÎŒMÌÍËÌ‹ŒÌMÌLÎŒLLÎKÍ‹ÍÍLÌŽNMÎKLMŒKÎNLÍÌMËÌ‹ŒÍÌŽŒLÂŒLMMÌLÎLÌKLMMËŽLÌ‹Ì‹ŒÎŒLNŽŒLMKÌ‹ŒLNMÌLML‹ŒÍNMNMÌ‹ÌMÂŒLM‹ŽŒLŒNMÌLKLMKLŒŒLÍŽKÌ‹LLMŒŽLŒLMËLNMLŒŽKLLÍËŒMÌNLLKÌ‹NL‚ŒLMLNKÎMLÍMKLLËŒÎMÌMËÌ‹ŽMMÌŒBŒLMKLÌËŒMŒÌÎKLLM‹ÎMMŒŒ‹Ì‹ÍLÍŒMBŒLM‹MKLMMNMKLLŒMMËÌ‹ŽÌÌÎLŒŒLMËMM‹LÌLÍŽM‹NLKLŒNKÌ‹ŽLLMŒBŒLMMKŽNŒÍŒÍÍNKMÍËNLÌÌMMÍÌ‹ŽMÍÌLŒ‚ŒLMKMÌËŽLLLŒ‹MŒ‹ŽNÎÎLŒ‹ÌËŒÍLMBŒLMLNŒNÌMÎMËÎLLŒÎLŽËÌËŒMMÌMŒ‚ŒLMLKNÌLMÍŽMËLÌ‹ŒLMŒMŽKÌËŒLMMLÌŒLML‹NËÎLÎL‹LM‹ŒMÍÌLŒÌËŒLÍŒMÍÍÍŒLMLËNÌÍŒLŒNMŽMMÍŒMÌŽKLMKNŒÌÎŒLMMNËLMLNKM‹ŒMŒÍÍM‹NŒŒÍŒMMŽŒLMMKNÍLMLÍÍÍËÌ‹ŒLNÍMLMM‹NŒŒÌLÍ‚ŒLMM‹NŒŒÍŒM‹ËÍÍÎŒŽMKNŒMŒÌMÎBŒLMMËMÌËŽLÍLŒŽKŒ‹ŽMÌŒLLŒLÌ‹NŒLÌŒÌBŒLMNM‹ŒÍŽLÍËMLLŒŒLÍKNŒŽLÌBŒLMNKMM‹LMÎMÌLËLKŽLÌÎLNMËŽMÍŒNLMÂŒLMŒMKLÎŽLLÍÍÌMNM‹MËŽLLŒ‚ŒLMŒKLÌËŒMÌŽŽÎKLM‹MÌÍLKMËÍLÍÎÂŒLMŒ‹LNKLÌMLËŒÍŒNMLKMËMMMMŒLMŒËLŽMÌMÌËLÍËŒLLMMËMËMÎMÎMBŒLMŽNMMŒÍLÍËMKŒÎNMÎŒLMËLMÍŒŽM‚ŒLMKÌ‹ŒMLNLŒ‹ML‹ŒÍMMŒÌÌKMËŒÍNM‚ŒLM‹MÌÌMLŒÍÍÎMMËŽÎLÍÌ‹MËŒŽMML‚ŒLMËÍ‹ÎÍÍLMÌMŒKÎMŒMÍÌ‹MËŒŽLŒÍŽBŒLMŽNŽLŒMŒNŒÌMKMËŒŒLŒLŽ‚ŒLMŽKKŒŒŒMÎÌŒÍYKLMMŽNMMÌKMËŒNNLLŒŒLMÌLNŽLŒMŒNŒÌMKMËŒŒLŒLŽ‚ŒLMÌKLÍ‹ÎÍÍLMÌMŒKÎMŒMÍÌ‹MËŒŽLŒÍŽBŒLMÌ‹MMÌÌMLŒÍÍÎMMËŽÎLÍÌ‹MËŒŽMML‚ŒLMÌËMÌ‹ŒMLNLŒ‹ML‹ŒÍMMŒÌÌKMËŒÍNM‚ŒLMÍNŽNMMŒÍLÍËMKŒÎNMÎŒLMËLMÍŒŽM‚ŒLMÍKLLŽMÌMÌËLÍËŒLLMMËMËMÎMÎMBŒLMÍ‹LLNKLÌMLËŒÍŒNMLKMËMMMMŒLMÍËLLÌËŒMÌŽŽÎKLM‹MÌÍLKMËÍLÍÎÂŒLMÎLMKLÎŽLLÍÍÌMNM‹MËŽLLŒ‚ŒLMÎKLMM‹LMÎMÌLËLKŽLÌÎLNMËŽMÍŒNLMÂŒLNLM‹ŒÍŽLÍËMLLŒŒLÍKNŒŽLÌBŒLNKLMÌËŽLÍLŒŽKŒ‹ŽMÌŒLLŒLÌ‹NŒLÌŒÌBŒLN‹LNŒŒÍŒM‹ËÍÍÎŒŽMKNŒMŒÌMÎBŒLNËLNÍLMLÍÍÍËÌ‹ŒLNÍMLMM‹NŒŒÌLÍ‚ŒLNLNËLMLNKM‹ŒMŒÍÍM‹NŒŒÍŒMMŽŒLNKLNÌÍŒLŒN‹NMLÌÍL™KLMNŒÌÎŒLN‹LNËLMLNKLM‹ŒMŒÍÍM‹NŒŒÍŒMMŽŒLNËLNÍLMLÍÍÍËLÌ‹ŒLNÍMLMM‹NŒŒÌLÍ‚ŒLNLNŒŒÍŒM‹MËÍÍÎŒŽMKNŒMŒÌMÎBŒLNKLMÌËŽLÍLŒŽKMŒ‹ŽMÌŒLLŒLÌ‹NŒLÌŒÌBŒLNLLM‹ŒÍŽLMÍËMLLŒŒLÍKNŒŽLÌBŒLNLKLMM‹LMÎMÌLËNLKŽLÌÎLNMËŽMÍŒNLMÂŒLNL‹LMKLÎŽLLLÍÍÌMNM‹MËŽLLŒ‚ŒLNLËLLÌËŒMÌŽŽÎKLLM‹MÌÍLKMËÍLÍÎÂŒLNMLLNKLÌMLLËŒÍŒNMLKMËMMMMŒLNMKLLŽMÌMÌËLLÍËŒLLMMËMËMÎMÎMBŒLNM‹NŽNMMŒÍLÍËLMKŒÎNMÎŒLMËLMÍŒŽM‚ŒLNMËMÌ‹ŒMLNLŒ‹LML‹ŒÍMMŒÌÌKMËŒÍNM‚ŒLNNMMÌÌMLŒÍÍÎLMMËŽÎLÍÌ‹MËŒŽMML‚ŒLNNKLÍ‹ÎÍÍLMÌLMŒKÎMŒMÍÌ‹MËŒŽLŒÍŽBŒLŒLNŽLŒLMŒNŒÌMKMËŒŒLŒLŽ‚ŒLŒKL‹ÎMNLNYKLMLMŽNMMÌKMËŒNNLLŒŒLŒ‹NŽLŒLMŒNŒÌMKMËŒŒLŒLŽ‚ŒLŒËÍ‹ÎÍÍLMÌLMŒKÎMŒMÍÌ‹MËŒŽLŒÍŽBŒLŒMÌÌMLŒÍÍÎLMMËŽÎLÍÌ‹MËŒŽMML‚ŒLŒKÌ‹ŒMLNLŒ‹LML‹ŒÍMMŒÌÌKMËŒÍNM‚ŒLŒ‹ŽNMMŒÍLÍËLMKŒÎNMÎŒLMËLMÍŒŽM‚ŒLŒËLŽMÌMÌËLLÍËŒLLMMËMËMÎMÎMBŒLŒLNKLÌMLLËŒÍŒNMLKMËMMMMŒLŒKLÌËŒMÌŽŽÎKLLM‹MÌÍLKMËÍLÍÎÂŒLŒLMKLÎŽLLLÍÍÌMNM‹MËŽLLŒ‚ŒLŒLKMM‹LMÎMÌLËNLKŽLÌÎLNMËŽMÍŒNLMÂŒLŒL‹M‹ŒÍŽLMÍËMLLŒŒLÍKNŒŽLÌBŒLŒLËMÌËŽLÍLŒŽKMŒ‹ŽMÌŒLLŒLÌ‹NŒLÌŒÌBŒLŒMNŒŒÍŒM‹MËÍÍÎŒŽMKNŒMŒÌMÎBŒLŒMKNÍLMLÍÍÍËLÌ‹ŒLNÍMLMM‹NŒŒÌLÍ‚ŒLŒM‹NËLMLNKLM‹ŒMŒÍÍM‹NŒŒÍŒMMŽŒLŒMËNMÌÎÎLËÎŒÎLÌÎLŽKLMKËŒÍÌLMBŒLŒNNËMŒÎNMMM‹ŒLÍLLMMM‹ËŒÍLÌŒŒ‚ŒLŒNKNÍŽLÌŒKÌ‹ŒLÍMLŒNKËŒÌNÌÍMMBŒLŒŒNŒŒÍ‹ËÍMLMLŽËŒŒŒÌLÍMÂŒLŒŒKMÌËŽMLÍNNMÍ‹Œ‹ŽMMÌLŒÎNMKËŒNLÍÎŒLŒŒ‹M‹ŒŒLLŒNÍËMLMMËŒLÍMÌÎLMÂŒLŒŒËMM‹LÌMLŒM‹LKLLÎË‹ŽNLÌŒLŒMKMNMŒLËLŒMNLË‹ŽŽMŽMÂŒLŒKLÌËŒNÎLM‹LM‹ÎMLŽ‹ÍÌŒŒLŒ‹LNKLŽMŒŒLËLËŒÍŽLMMŽK‹ŒNBŒLŒËLÌÍLÍLÍËŒŽŒË‹MMMŒLŒŽŽÍŒMŽML‹MKŒÎNNLŽNLK‹ŒÍÎÌÌÂŒLŒŽKÌ‹ŒMNMÎŒKML‹ŒÍLMÍ‹‹ŒÍLÌL‚ŒLŒÌMÍÌÍKMMËŽÍMLÌŽLŒ‹‹ŒNÎMÌÌL‚ŒLŒÌKÍ‹ÎNÌMÍLËMŒKÎMMÌÌÌ‹‹ŒLŒÌŒÍŒLŒÌ‹NNMMŽMÎKMŒNŒLÌLË‹ŒNMŒLÂŒLŒÌËKŒNŽMŒÎNYKLMMŽNNMŒÎM‹ŒÌŒŽNLÂŒLŒÍLNNMMŽMÎKMŒNŒLÌLË‹ŒNMŒLÂŒLŒÍKLÍ‹ÎNÌMÍLËMŒKÎMMÌÌÌ‹‹ŒLŒÌŒÍŒLŒÍ‹MMÍÌÍKMMËŽÍMLÌŽLŒ‹‹ŒNÎMÌÌL‚ŒLŒÍËMÌ‹ŒMNMÎŒKML‹ŒÍLMÍ‹‹ŒÍLÌL‚ŒLŒÎNŽÍŒMŽML‹MKŒÎNNLŽNLK‹ŒÍÎÌÌÂŒLŒÎKLLÌÍLÍLÍËŒŽŒË‹MMMŒLLLNKLŽMŒŒLËLËŒÍŽLMMŽK‹ŒNBŒLKLLÌËŒNÎLM‹LM‹ÎMLŽ‹ÍÌŒŒL‹LMKMNMŒLËLŒMNLË‹ŽŽMŽMÂŒLËLMM‹LÌMLŒM‹LKLLÎË‹ŽNLÌŒLLM‹ŒŒLLŒNÍËMLMMËŒLÍMÌÎLMÂŒLKLMÌËŽMLÍNNMÍ‹Œ‹ŽMMÌLŒÎNMKËŒNLÍÎŒL‹LNŒŒÍ‹ËÍMLMLŽËŒŒŒÌLÍMÂŒLËLNÍŽLÌŒKÌ‹ŒLÍMLŒNKËŒÌNÌÍMMBŒLLNËMŒÎNMMM‹ŒLÍLLMMM‹ËŒÍLÌŒŒ‚ŒLKLNMÌÎÎ‹ŒÌÎMŒŽNÍYKLMËŒÍÌLMBŒLLLNËMŒÎNMMLM‹ŒLÍLLMMM‹ËŒÍLÌŒŒ‚ŒLLKLNÍŽLÌŒKLÌ‹ŒLÍMLŒNKËŒÌNÌÍMMBŒLL‹LNŒŒÍ‹MËÍMLMLŽËŒŒŒÌLÍMÂŒLLËLMÌËŽMLÍNNMÍ‹MŒ‹ŽMMÌLŒÎNMKËŒNLÍÎŒLMLM‹ŒŒLLŒNMÍËMLMMËŒLÍMÌÎLMÂŒLMKLMM‹LÌMLŒM‹NLKLLÎË‹ŽNLÌŒLM‹LMKMNMŒLËLLŒMNLË‹ŽŽMŽMÂŒLMËLLÌËŒNÎLM‹LLM‹ÎMLŽ‹ÍÌŒŒLNLLNKLŽMŒŒLËLLËŒÍŽLMMŽK‹ŒNBŒLNKLLÌÍLÍLLÍËŒŽŒË‹MMMŒLŒNŽÍŒMŽML‹LMKŒÎNNLŽNLK‹ŒÍÎÌÌÂŒLŒKMÌ‹ŒMNMÎŒKLML‹ŒÍLMÍ‹‹ŒÍLÌL‚ŒLŒ‹MMÍÌÍKLMMËŽÍMLÌŽLŒ‹‹ŒNÎMÌÌL‚ŒLŒËLÍ‹ÎNÌMÍLËLMŒKÎMMÌÌÌ‹‹ŒLŒÌŒÍŒLLNNMMŽMÎKLMŒNŒLÌLË‹ŒNMŒLÂŒLKLËMÌÍÌLMÎMÌMÙKLMLMŽNNMŒÎM‹ŒÌŒŽNLÂŒL‹NNMMŽMÎKLMŒNŒLÌLË‹ŒNMŒLÂŒLËÍ‹ÎNÌMÍLËLMŒKÎMMÌÌÌ‹‹ŒLŒÌŒÍŒLŽMÍÌÍKLMMËŽÍMLÌŽLŒ‹‹ŒNÎMÌÌL‚ŒLŽKÌ‹ŒMNMÎŒKLML‹ŒÍLMÍ‹‹ŒÍLÌL‚ŒLÌŽÍŒMŽML‹LMKŒÎNNLŽNLK‹ŒÍÎÌÌÂŒLÌKLÌÍLÍLLÍËŒŽŒË‹MMMŒLÌ‹LNKLŽMŒŒLËLLËŒÍŽLMMŽK‹ŒNBŒLÌËLÌËŒNÎLM‹LLM‹ÎMLŽ‹ÍÌŒŒLÍMKMNMŒLËLLŒMNLË‹ŽŽMŽMÂŒLÍKMM‹LÌMLŒM‹NLKLLÎË‹ŽNLÌŒLÍ‹M‹ŒŒLLŒNMÍËMLMMËŒLÍMÌÎLMÂŒLÍËMÌËŽMLÍNNMÍ‹MŒ‹ŽMMÌLŒÎNMKËŒNLÍÎŒLÎNŒŒÍ‹MËÍMLMLŽËŒŒŒÌLÍMÂŒLÎKNÍŽLÌŒKLÌ‹ŒLÍMLŒNKËŒÌNÌÍMMBŒLŽNËMŒÎNMMLM‹ŒLÍLLMMM‹ËŒÍLÌŒŒ‚ŒLŽKNŒÍNLÌŒM‹LKÍŒŒÎÌŒÙKLMKLLMMLÍBŒLŽ‹NËÌŽNKM‹ŒLŽNL‹LMŽMÎŒLŽËNÌLŽËÌ‹ŒMÌNMŒŒŒLLNÎŽMÂŒLŽNŒMÍMÍËËÍLLÌÍÍMKLŒÎNÌŽŒLŽKMÌËŽLNNMŽKŒ‹ŽMÍÎLŽN‹LŒŽÍNLÍBŒLŽ‹M‹ŒNÍÍŒÍËLÎÎNÌL‹LŒMÌŒŒŒ‚ŒLŽËMM‹LÎLNLŽKLKMLÌŽ‹LŒÎMÍLNBŒLŽMKMÌNLËLLÍMÌMŽLËLËŽMLLÌLBŒLŽKLÌËŒŒÍÍNLKLM‹ÌÍÍLKLËÍML‚ŒLŽLLNKMMMMNKLËŒÍLMÍÌ‹LËNÎÍL‚ŒLŽLKLÌÍ‹LÍËŒŒŒŒÌ‹LËÍŽLBŒLŽL‹ŽÍNMMKŒÎNMÍÎKLËŒŽMŽMÎBŒLŽLËÌ‹ŒMÌÍLŒLÍKML‹ŒÍÌLLŒNKLËŒMŽÌÌÍ‚ŒLŽMMÍNÌMNL‹MMËŽÍNÌËLËŒŒÎMÍBŒLŽMKÍ‹ŽNLMÌKMŒKÎMÍÌ‹L‹ŽNMNM‚ŒLŽM‹NMÌMŒNLŽMNNKL‹ŽLÍÍMÍBŒLŽMËKŒÌMÍÌŽŒMÍYKLMMŽNLÌL‹L‹ŽLŒŽNŒ‚ŒLŽNLNMÌMŒNLŽMNNKL‹ŽLÍÍMÍBŒLŽNKLÍ‹ŽNLMÌKMŒKÎMÍÌ‹L‹ŽNMNM‚ŒLÌMMÍNÌMNL‹MMËŽÍNÌËLËŒŒÎMÍBŒLÌKMÌ‹ŒMÌÍLŒLÍKML‹ŒÍÌLLŒNKLËŒMŽÌÌÍ‚ŒLÌ‹NŽÍNMMKŒÎNMÍÎKLËŒŽMŽMÎBŒLÌËLLÌÍ‹LÍËŒŒŒŒÌ‹LËÍŽLBŒLÌLLNKMMMMNKLËŒÍLMÍÌ‹LËNÎÍL‚ŒLÌKLLÌËŒŒÍÍNLKLM‹ÌÍÍLKLËÍML‚ŒLÌ‹LMKMÌNLËLLÍMÌMŽLËLËŽMLLÌLBŒLÌËLMM‹LÎLNLŽKLKMLÌŽ‹LŒÎMÍLNBŒLÌLM‹ŒNÍÍŒÍËLÎÎNÌL‹LŒMÌŒŒŒ‚ŒLÌKLMÌËŽLNNMŽKŒ‹ŽMÍÎLŽN‹LŒŽÍNLÍBŒLÌLLNŒMÍMÍËËÍLLÌÍÍMKLŒÎNÌŽŒLÌLKLNÌLŽËÌ‹ŒMÌNMŒŒŒLLNÎŽMÂŒLÌL‹LNËÌŽNKM‹ŒLŽNL‹LMŽMÎŒLÌLËLNŒÍNLÌŒM‹‹ŒŽLÎŒMLMKLMLLMMLÍBŒLÌMLNËÌŽNKLM‹ŒLŽNL‹LMŽMÎŒLÌMKLNÌLŽËLÌ‹ŒMÌNMŒŒŒLLNÎŽMÂŒLÌM‹LNŒMÍMÍËMËÍLLÌÍÍMKLŒÎNÌŽŒLÌMËLMÌËŽLNNMŽKMŒ‹ŽMÍÎLŽN‹LŒŽÍNLÍBŒLÌNLM‹ŒNÍÍŒMÍËLÎÎNÌL‹LŒMÌŒŒŒ‚ŒLÌNKLMM‹LÎLNLŽKNLKMLÌŽ‹LŒÎMÍLNBŒLÌŒLMKMÌNLËLLLÍMÌMŽLËLËŽMLLÌLBŒLÌŒKLLÌËŒŒÍÍNLKLLM‹ÌÍÍLKLËÍML‚ŒLÌŒ‹LLNKMMMMNKLLËŒÍLMÍÌ‹LËNÎÍL‚ŒLÌŒËLLÌÍ‹LLÍËŒŒŒŒÌ‹LËÍŽLBŒLÌNŽÍNMLMKŒÎNMÍÎKLËŒŽMŽMÎBŒLÌKMÌ‹ŒMÌÍLŒLÍKLML‹ŒÍÌLLŒNKLËŒMŽÌÌÍ‚ŒLÌ‹MMÍNÌMNL‹LMMËŽÍNÌËLËŒŒÎMÍBŒLÌËLÍ‹ŽNLMÌKLMŒKÎMÍÌ‹L‹ŽNMNM‚ŒLÌŽLNMÌLMŒNLŽMNNKL‹ŽLÍÍMÍBŒLÌŽKLËÌNÍÌÎŒŒYKLMLMŽNLÌL‹L‹ŽLŒŽNŒ‚ŒLÌÌNMÌLMŒNLŽMNNKL‹ŽLÍÍMÍBŒLÌÌKÍ‹ŽNLMÌKLMŒKÎMÍÌ‹L‹ŽNMNM‚ŒLÌÌ‹MÍNÌMNL‹LMMËŽÍNÌËLËŒŒÎMÍBŒLÌÌËÌ‹ŒMÌÍLŒLÍKLML‹ŒÍÌLLŒNKLËŒMŽÌÌÍ‚ŒLÌÍŽÍNMLMKŒÎNMÍÎKLËŒŽMŽMÎBŒLÌÍKLÌÍ‹LLÍËŒŒŒŒÌ‹LËÍŽLBŒLÌÍ‹LNKMMMMNKLLËŒÍLMÍÌ‹LËNÎÍL‚ŒLÌÍËLÌËŒŒÍÍNLKLLM‹ÌÍÍLKLËÍML‚ŒLÌÎMKMÌNLËLLLÍMÌMŽLËLËŽMLLÌLBŒLÌÎKMM‹LÎLNLŽKNLKMLÌŽ‹LŒÎMÍLNBŒLÍM‹ŒNÍÍŒMÍËLÎÎNÌL‹LŒMÌŒŒŒ‚ŒLÍKMÌËŽLNNMŽKMŒ‹ŽMÍÎLŽN‹LŒŽÍNLÍBŒLÍ‹NŒMÍMÍËMËÍLLÌÍÍMKLŒÎNÌŽŒLÍËNÌLŽËLÌ‹ŒMÌNMŒŒŒLLNÎŽMÂŒLÍNËÌŽNKLM‹ŒLŽNL‹LMŽMÎŒLÍKNŒLŒMLNMMŽÌŽMŽLÌYKLMKLÌËŽÎLÂŒLÍ‹NËŒÌÌLŒLL‹M‹ŒLŒNÍÌNKLÌËŒŽMŒÌBŒLÍËNŒÌNÌ‹ŒÍŒÍLKLÌËŒNLÎNLÂŒLÍNŒLÌLMÌLKËÌÍŽNÌLÍKLÌËLŒÎMÌMBŒLÍKMÌËŽÍNNLLLËŒ‹ŽLÌÌLLLLÌËŒLMNBŒLÍLMKŽNLÎLKÍËLÌÎMÌNMÌËLÌËŒŽLMLŒBŒLÍLKMM‹LŽLLÌÍ‹LKŒLMNŽLÌËŒLLNLŽŒLÍL‹MKMÎLNLMŽMÍ‹LÌ‹ŽLŽŒÍÂŒLÍLËLÌËŒŒŒMÍKLM‹ÍLÌÌŒ‹LÌ‹ÍÌŒÍMBŒLÍMLNKMLNMKLËŒÌÎLMŒŽLÍ‹LÌ‹MMÍÎNL‚ŒLÍMKLÌMÍNLÍËŒŒŒŒMËLÌ‹ŒÍÌLÍLÂŒLÍM‹ŽÌLÍNMLKMKŒÎÍLÍMLNLÌ‹ŒNNLÌŒNŒLÍMËÌ‹ŒMÍLMÌ‹ML‹ŒÍÍMÌÍKLÌ‹ŒŽÍÌBŒLÍNMÍNLNNMM‹MMËŽÌŽÌŒLKLÌKŽLŒŒŽÍÂŒLÍNKÍ‹ŽÌMLLMMNMŒKÎLÍLMÍŒËLÌKŽMÍNMNŒLÍŒNMÌÎLKMŒNŒNLËLÌKÍÌMÎMŽBŒLÍŒKKŒŒLLMÎLÙKLMMŽNŒÌÍŒ‹LÌKÍÌŒÍÌÌŒLÍŒ‹LNMÌÎLKMŒNŒNLËLÌKÍÌMÎMŽBŒLÍŒËLÍ‹ŽÌMLLMMNMŒKÎLÍLMÍŒËLÌKŽMÍNMNŒLÍMMÍNLNNMM‹MMËŽÌŽÌŒLKLÌKŽLŒŒŽÍÂŒLÍKMÌ‹ŒMÍLMÌ‹ML‹ŒÍÍMÌÍKLÌ‹ŒŽÍÌBŒLÍ‹NŽÌLÍNMLKMKŒÎÍLÍMLNLÌ‹ŒNNLÌŒNŒLÍËLLÌMÍNLÍËŒŒŒŒMËLÌ‹ŒÍÌLÍLÂŒLÍŽLLNKMLNMKLËŒÌÎLMŒŽLÍ‹LÌ‹MMÍÎNL‚ŒLÍŽKLLÌËŒŒŒMÍKLM‹ÍLÌÌŒ‹LÌ‹ÍÌŒÍMBŒLÍÌLMKMÎLNLMŽMÍ‹LÌ‹ŽLŽŒÍÂŒLÍÌKLMM‹LŽLLÌÍ‹LKŒLMNŽLÌËŒLLNLŽŒLÍÌ‹LMKŽNLÎLKÍËLÌÎMÌNMÌËLÌËŒŽLMLŒBŒLÍÌËLMÌËŽÍNNLLLËŒ‹ŽLÌÌLLLLÌËŒLMNBŒLÍÍLNŒLÌLMÌLKËÌÍŽNÌLÍKLÌËLŒÎMÌMBŒLÍÍKLNŒÌNÌ‹ŒÍŒÍLKLÌËŒNLÎNLÂŒLÍÍ‹LNËŒÌÌLŒLL‹M‹ŒLŒNÍÌNKLÌËŒŽMŒÌBŒLÍÍËLNŒLŒMLNM‹MÌŒNLMMKLMLÌËŽÎLÂŒLÍÎLNËŒÌÌLŒLL‹LM‹ŒLŒNÍÌNKLÌËŒŽMŒÌBŒLÍÎKLNŒÌNLÌ‹ŒÍŒÍLKLÌËŒNLÎNLÂŒLÎLNŒLÌLMÌLKMËÌÍŽNÌLÍKLÌËLŒÎMÌMBŒLÎKLMÌËŽÍNNLLLËMŒ‹ŽLÌÌLLLLÌËŒLMNBŒLÎ‹LMKŽNLÎLKMÍËLÌÎMÌNMÌËLÌËŒŽLMLŒBŒLÎËLMM‹LŽLLÌÍ‹NLKŒLMNŽLÌËŒLLNLŽŒLÎLMKMÎLNLLMŽMÍ‹LÌ‹ŽLŽŒÍÂŒLÎKLLÌËŒŒŒMÍKLLM‹ÍLÌÌŒ‹LÌ‹ÍÌŒÍMBŒLÎ‹LLNKMLNMKLLËŒÌÎLMŒŽLÍ‹LÌ‹MMÍÎNL‚ŒLÎËLLÌMÍNLLÍËŒŒŒŒMËLÌ‹ŒÍÌLÍLÂŒLÎNŽÌLÍNMLKLMKŒÎÍLÍMLNLÌ‹ŒNNLÌŒNŒLÎKMÌ‹ŒMÍLMÌ‹LML‹ŒÍÍMÌÍKLÌ‹ŒŽÍÌBŒLÎLMMÍNLNNMM‹LMMËŽÌŽÌŒLKLÌKŽLŒŒŽÍÂŒLÎLKLÍ‹ŽÌMLLMMNLMŒKÎLÍLMÍŒËLÌKŽMÍNMNŒLÎL‹LNMÌÎLKLMŒNŒNLËLÌKÍÌMÎMŽBŒLÎLËLËMŒÌLMMYKLMLMŽNŒÌÍŒ‹LÌKÍÌŒÍÌÌŒLÎMNMÌÎLKLMŒNŒNLËLÌKÍÌMÎMŽBŒLÎMKÍ‹ŽÌMLLMMNLMŒKÎLÍLMÍŒËLÌKŽMÍNMNŒLÎM‹MÍNLNNMM‹LMMËŽÌŽÌŒLKLÌKŽLŒŒŽÍÂŒLÎMËÌ‹ŒMÍLMÌ‹LML‹ŒÍÍMÌÍKLÌ‹ŒŽÍÌBŒLÎNŽÌLÍNMLKLMKŒÎÍLÍMLNLÌ‹ŒNNLÌŒNŒLÎNKLÌMÍNLLÍËŒŒŒŒMËLÌ‹ŒÍÌLÍLÂŒMLNKMLNMKLLËŒÌÎLMŒŽLÍ‹LÌ‹MMÍÎNL‚ŒMKLÌËŒŒŒMÍKLLM‹ÍLÌÌŒ‹LÌ‹ÍÌŒÍMBŒM‹MKMÎLNLLMŽMÍ‹LÌ‹ŽLŽŒÍÂŒMËMM‹LŽLLÌÍ‹NLKŒLMNŽLÌËŒLLNLŽŒMMKŽNLÎLKMÍËLÌÎMÌNMÌËLÌËŒŽLMLŒBŒMKMÌËŽÍNNLLLËMŒ‹ŽLÌÌLLLLÌËŒLMNBŒM‹NŒLÌLMÌLKMËÌÍŽNÌLÍKLÌËLŒÎMÌMBŒMËNŒÌNLÌ‹ŒÍŒÍLKLÌËŒNLÎNLÂŒMNËŒÌÌLŒLL‹LM‹ŒLŒNÍÌNKLÌËŒŽMŒÌBŒMKNŒLŒÌŽMŒKNŒMNÍLŒÌ™KLMKMNŽÎNŽMŒBŒMLNËŒNŒÌMŒ‹M‹ŒLMLLÍÍËMNŽNŒLÎŒÂŒMLKNÎMŽKÌ‹ŒÍLÌÍŽMMNÎMLMMŒML‹MÎKŽNNNÎMËÌŽLÍÌML‹MNŽLMŒÌÂŒMLËMÌËÎNLÌÎKŒ‹ŽLÌLLÎËMNMLMMNNŒMMMKŽLÎLÌŒLÌKÍËLÎMLNŽMŒËMNŒÍÎMMÍÎBŒMMKMM‹ÎMMÍÌÎKLKMŒÎLÎLÎMNŒNLÌÌ‚ŒMM‹MKLÌLMMŽNKLMÍŒMÎMKMMËŽMÌÌÎBŒMMËLÌËŒMMŽKLM‹ÎLŽLŒMMËÍNNLÍŒMÂŒMNLNKLLÌŒÌMKLËŒÌÎMËMMËLNÌÌÂŒMNKLŽLLÌÍMKLÍËŒMÌŒËMMËŒŽMÍŒMLÎŒMŒŽLÍNÍŒMKMKŒÍÌŽÍMMËMMËŒLLÍMBŒMŒKÌ‹ŒMLŒŽËML‹ŒÌŽLMLÌÎMËMM‹ŽLÌÌ‚ŒMŒ‹MÌÎÍÍMÍËMMËŽLÍÌÍÌNL‹MM‹ÍMÍŒŒMŒMŒËÍ‹ÎLÌLML‹MŒKÍÌLÎŽLÌKMM‹LÌNŒMNÌŒŒMMMËMŒMŒŒLŒÍMM‹MÍNNŒMKKŒÍNÎMKLMMŽMŒMÌMLMMM‹MLMLÌÂŒM‹LNÌŒŒMMMËMŒMŒŒLŒÍMM‹MÍNNŒMËLÍ‹ÎLÌLML‹MŒKÍÌLÎŽLÌKMM‹LÌNŒMŽMMÌÎÍÍMÍËMMËŽLÍÌÍÌNL‹MM‹ÍMÍŒŒMŒMŽKMÌ‹ŒMLŒŽËML‹ŒÌŽLMLÌÎMËMM‹ŽLÌÌ‚ŒMÌNŽLÍNÍŒMKMKŒÍÌŽÍMMËMMËŒLLÍMBŒMÌKLLŽLLÌÍMKLÍËŒMÌŒËMMËŒŽMÍŒMLÎŒMÌ‹LLNKLLÌŒÌMKLËŒÌÎMËMMËLNÌÌÂŒMÌËLLÌËŒMMŽKLM‹ÎLŽLŒMMËÍNNLÍŒMÂŒMÍLMKLÌLMMŽNKLMÍŒMÎMKMMËŽMÌÌÎBŒMÍKLMM‹ÎMMÍÌÎKLKMŒÎLÎLÎMNŒNLÌÌ‚ŒMÍ‹LMKŽLÎLÌŒLÌKÍËLÎMLNŽMŒËMNŒÍÎMMÍÎBŒMÍËLMÌËÎNLÌÎKŒ‹ŽLÌLLÎËMNMLMMNNŒMÎLMÎKŽNNNÎMËÌŽLÍÌML‹MNŽLMŒÌÂŒMÎKLNÎMŽKÌ‹ŒÍLÌÍŽMMNÎMLMMŒMLNËŒNŒÌMŒ‹M‹ŒLMLLÍÍËMNŽNŒLÎŒÂŒMKLNŒLŒÌŽMŒK‹ŽÎLŒŽMÍYKLMMNŽÎNŽMŒBŒM‹LNËŒNŒÌMŒ‹LM‹ŒLMLLÍÍËMNŽNŒLÎŒÂŒMËLNÎMŽKLÌ‹ŒÍLÌÍŽMMNÎMLMMŒMLMÎKŽNNNÎMMËÌŽLÍÌML‹MNŽLMŒÌÂŒMKLMÌËÎNLÌÎKMŒ‹ŽLÌLLÎËMNMLMMNNŒM‹LMKŽLÎLÌŒLÌKMÍËLÎMLNŽMŒËMNŒÍÎMMÍÎBŒMËLMM‹ÎMMÍÌÎKNLKMŒÎLÎLÎMNŒNLÌÌ‚ŒMLMKLÌLMMŽNKLLMÍŒMÎMKMMËŽMÌÌÎBŒMKLLÌËŒMMŽKLLM‹ÎLŽLŒMMËÍNNLÍŒMÂŒMLLLNKLLÌŒÌMKLLËŒÌÎMËMMËLNÌÌÂŒMLKLLŽLLÌÍMKLLÍËŒMÌŒËMMËŒŽMÍŒMLÎŒML‹NŽLÍNÍŒMKLMKŒÍÌŽÍMMËMMËŒLLÍMBŒMLËMÌ‹ŒMLŒŽËLML‹ŒÌŽLMLÌÎMËMM‹ŽLÌÌ‚ŒMMMMÌÎÍÍMÍËLMMËŽLÍÌÍÌNL‹MM‹ÍMÍŒŒMŒMMKLÍ‹ÎLÌLML‹LMŒKÍÌLÎŽLÌKMM‹LÌNŒMM‹LNÌŒŒMMMËLMŒMŒŒLŒÍMM‹MÍNNŒMMËLËŒMŒÌMNÌYKLMLMŽMŒMÌMLMMM‹MLMLÌÂŒMNNÌŒŒMMMËLMŒMŒŒLŒÍMM‹MÍNNŒMNKÍ‹ÎLÌLML‹LMŒKÍÌLÎŽLÌKMM‹LÌNŒMŒMÌÎÍÍMÍËLMMËŽLÍÌÍÌNL‹MM‹ÍMÍŒŒMŒMŒKÌ‹ŒMLŒŽËLML‹ŒÌŽLMLÌÎMËMM‹ŽLÌÌ‚ŒMŒ‹ŽLÍNÍŒMKLMKŒÍÌŽÍMMËMMËŒLLÍMBŒMŒËLŽLLÌÍMKLLÍËŒMÌŒËMMËŒŽMÍŒMLÎŒMLNKLLÌŒÌMKLLËŒÌÎMËMMËLNÌÌÂŒMKLÌËŒMMŽKLLM‹ÎLŽLŒMMËÍNNLÍŒMÂŒM‹MKLÌLMMŽNKLLMÍŒMÎMKMMËŽMÌÌÎBŒMËMM‹ÎMMÍÌÎKNLKMŒÎLÎLÎMNŒNLÌÌ‚ŒMŽMKŽLÎLÌŒLÌKMÍËLÎMLNŽMŒËMNŒÍÎMMÍÎBŒMŽKMÌËÎNLÌÎKMŒ‹ŽLÌLLÎËMNMLMMNNŒMÌMÎKŽNNNÎMMËÌŽLÍÌML‹MNŽLMŒÌÂŒMÌKNÎMŽKLÌ‹ŒÍLÌÍŽMMNÎMLMMŒMÌ‹NËŒNŒÌMŒ‹LM‹ŒLMLLÍÍËMNŽNŒLÎŒÂŒMÌËNËŽMNMNMËŒÌÎŽLÌMYKLMKNŒLLLÍÌÂŒMÍNËŒNŒËM‹ŒLNLLÍ‹NŒÎLÍŒÎŒMÍKNŒÍÌKÌ‹ŒLLÌMÎ‹NŒÌÍMMBŒMÍ‹MÎKŽLÌMLMKËÍMMKNËŽÎÍŒÌBŒMÍËMÌËÌMŒŽNLŒKŒ‹ŽMŒMŒNËNËÌLÎLLL‚ŒMÎMKŽÍLNMŽÍËMÎLMŒÍNËLŒÌÍLBŒMÎKMM‹ŽLÎMNKLKŒŽMŽMŽLKNËŒÌMŽLŒÍNŒMMKÌÍŽNKLÌÌLLËNËŒMLŽÌNBŒMKLÌËŒLLLNKLM‹ÍÎLMÍÍN‹ÍŒNLNŒBŒM‹LNKMÌÍLŽËLËŒÎÍÌÎMËN‹ÍŒBŒMËLÌÍÍÎM‹LÍËŒŒÍÌMÍLËN‹ŒŒLÍŒMŽLÌŒÎMMKŒLN‹NKŽMLŽLŽÌBŒMKÌ‹ŒLLŒLLŒÍÌ‹ML‹ŒÍÍŒŒM‹NKÍLLMŒBŒM‹MÌMÍLÌŒNKMMËŽMŒŒÌŒ‹NKMŽMÌNMBŒMËÍ‹ÍÌŽMÍŒŒŽKMŒKŽLNMLL‹NKÍMŒÌÍBŒMNÍŽMÎ‹MŒŒLŒÌÌ‹NKŒÍLŽMLÍÂŒMKKŒÌMŽNÌÍKLMMKŒMÍŒNKŒÌLŽŒMLLNÍŽMÎ‹MŒŒLŒÌÌ‹NKŒÍLŽMLÍÂŒMLKLÍ‹ÍÌŽMÍŒŒŽKMŒKŽLNMLL‹NKÍMŒÌÍBŒML‹MMÌMÍLÌŒNKMMËŽMŒŒÌŒ‹NKMŽMÌNMBŒMLËMÌ‹ŒLLŒLLŒÍÌ‹ML‹ŒÍÍŒŒM‹NKÍLLMŒBŒMMNŽLÌŒÎMMKŒLN‹NKŽMLŽLŽÌBŒMMKLLÌÍÍÎM‹LÍËŒŒÍÌMÍLËN‹ŒŒLÍŒMM‹LLNKMÌÍLŽËLËŒÎÍÌÎMËN‹ÍŒBŒMMËLLÌËŒLLLNKLM‹ÍÎLMÍÍN‹ÍŒNLNŒBŒMNLMKÌÍŽNKLÌÌLLËNËŒMLŽÌNBŒMNKLMM‹ŽLÎMNKLKŒŽMŽMŽLKNËŒÌMŽLŒÍNŒMLLMKŽÍLNMŽÍËMÎLMŒÍNËLŒÌÍLBŒMLKLMÌËÌMŒŽNLŒKŒ‹ŽMŒMŒNËNËÌLÎLLL‚ŒML‹LMÎKŽLÌMLMKËÍMMKNËŽÎÍŒÌBŒMLËLNŒÍÌKÌ‹ŒLLÌMÎ‹NŒÌÍMMBŒMLLNËŒNŒËM‹ŒLNLLÍ‹NŒÎLÍŒÎŒMLKLNËŽMNMNËÍÌLMŒ™KLMNŒLLLÍÌÂŒML‹LNËŒNŒËLM‹ŒLNLLÍ‹NŒÎLÍŒÎŒMLËLNŒÍÌKLÌ‹ŒLLÌMÎ‹NŒÌÍMMBŒMLLMÎKŽLÌMLMKMËÍMMKNËŽÎÍŒÌBŒMLKLMÌËÌMŒŽNLŒKMŒ‹ŽMŒMŒNËNËÌLÎLLL‚ŒMLLLMKŽÍLNMŽMÍËMÎLMŒÍNËLŒÌÍLBŒMLLKLMM‹ŽLÎMNKNLKŒŽMŽMŽLKNËŒÌMŽLŒÍNŒMLL‹LMKÌÍŽNKLLÌÌLLËNËŒMLŽÌNBŒMLLËLLÌËŒLLLNKLLM‹ÍÎLMÍÍN‹ÍŒNLNŒBŒMLMLLNKMÌÍLŽËLLËŒÎÍÌÎMËN‹ÍŒBŒMLMKLLÌÍÍÎM‹LLÍËŒŒÍÌMÍLËN‹ŒŒLÍŒMLM‹NŽLÌŒÎMLMKŒLN‹NKŽMLŽLŽÌBŒMLMËMÌ‹ŒLLŒLLŒÍÌ‹LML‹ŒÍÍŒŒM‹NKÍLLMŒBŒMLNMMÌMÍLÌŒNKLMMËŽMŒŒÌŒ‹NKMŽMÌNMBŒMLNKLÍ‹ÍÌŽMÍŒŒŽKLMŒKŽLNMLL‹NKÍMŒÌÍBŒMLŒLNÍŽMÎ‹LMŒŒLŒÌÌ‹NKŒÍLŽMLÍÂŒMLŒKLËŒÍÌÌÍÍYKLMLMKŒMÍŒNKŒÌLŽŒMLŒ‹NÍŽMÎ‹LMŒŒLŒÌÌ‹NKŒÍLŽMLÍÂŒMLŒËÍ‹ÍÌŽMÍŒŒŽKLMŒKŽLNMLL‹NKÍMŒÌÍBŒMLMÌMÍLÌŒNKLMMËŽMŒŒÌŒ‹NKMŽMÌNMBŒMLKÌ‹ŒLLŒLLŒÍÌ‹LML‹ŒÍÍŒŒM‹NKÍLLMŒBŒML‹ŽLÌŒÎMLMKŒLN‹NKŽMLŽLŽÌBŒMLËLÌÍÍÎM‹LLÍËŒŒÍÌMÍLËN‹ŒŒLÍŒMLŽLNKMÌÍLŽËLLËŒÎÍÌÎMËN‹ÍŒBŒMLŽKLÌËŒLLLNKLLM‹ÍÎLMÍÍN‹ÍŒNLNŒBŒMLÌMKÌÍŽNKLLÌÌLLËNËŒMLŽÌNBŒMLÌKMM‹ŽLÎMNKNLKŒŽMŽMŽLKNËŒÌMŽLŒÍNŒMLÌ‹MKŽÍLNMŽMÍËMÎLMŒÍNËLŒÌÍLBŒMLÌËMÌËÌMŒŽNLŒKMŒ‹ŽMŒMŒNËNËÌLÎLLL‚ŒMLÍMÎKŽLÌMLMKMËÍMMKNËŽÎÍŒÌBŒMLÍKNŒÍÌKLÌ‹ŒLLÌMÎ‹NŒÌÍMMBŒMLÍ‹NËŒNŒËLM‹ŒLNLLÍ‹NŒÎLÍŒÎŒMLÍËNŒÍÎLÎËLËŽMÌŽLÍÍMYKLMKŒKŒÍŒŒNMBŒMLÎNËŒLLLŽM‹ŒMLŽÌÌËŒKŒÌLÍŒÌŒÂŒMLÎKNNLŒŒLÍÌ‹ŒMMŒÍŽNËŒKŒŒŒŽNNŒMMMÎKŽMÌŽÎÌ‹ËŽMMÌLÌÍŒKŒÍLŒNBŒMMKMÌËÎMÌŒÎMŒËŒLÍŒLÎËŒŽÍŒMÌŽBŒMM‹MKŽMÍNËÍËÍMŒLLMËŒŒÌNMŒMMËMM‹LÌNMNNLKÌŒNLÎKŒŒÍLÍÍMM‚ŒMMMKLÌÎLLËLÌMŒŒŽML‹ŒŒMMÂŒMMKLÌËŒMÌLMLKLM‹ÍŒLLÎŒËÌŽNMMÎBŒMM‹LNKLÍLËLËŽÍŽNNŒËM‚ŒMMËLŽŒÌÌL‹LÍËŒÎÌMÍLËŒËŒNÌLÌ‚ŒMMŽMLLËMKÍŒŽLÌŽMÍŒ‹ŽMÍMBŒMMKÌ‹ŒLÎLÍMKML‹ÌÌMŒŒLLÍËŒ‹MMMÍŒŒML‚ŒMMLMÌŽLNMÎLKMNŒŒMMŒËŒ‹ŒÍŒÎMŒŒBŒMMLKÍ‹ÎLŽÍÌËMŒ‹ŒNŒÌÍŒŽKŒ‹ŒNLÌLŒMML‹NÍÌ‹MMÎLLÌMÍKŒ‹ŒLÎLNLÎBŒMMLËŒÍÌMÍŽMKLMKMKŒÍÎMMŽŒ‹ŒŒLÍLŒBŒMMMLNÍÌ‹MMÎLLÌMÍKŒ‹ŒLÎLNLÎBŒMMMKLÍ‹ÎLŽÍÌËMŒ‹ŒNŒÌÍŒŽKŒ‹ŒNLÌLŒMMM‹MMÌŽLNMÎLKMNŒŒMMŒËŒ‹ŒÍŒÎMŒŒBŒMMMËMÌ‹ŒLÎLÍMKML‹ÌÌMŒŒLLÍËŒ‹MMMÍŒŒML‚ŒMMNNŽMLLËMKÍŒŽLÌŽMÍŒ‹ŽMÍMBŒMMNKLLŽŒÌÌL‹LÍËŒÎÌMÍLËŒËŒNÌLÌ‚ŒMMŒLLNKLÍLËLËŽÍŽNNŒËM‚ŒMMŒKLLÌËŒMÌLMLKLM‹ÍŒLLÎŒËÌŽNMMÎBŒMMŒ‹LMKLÌÎLLËLÌMŒŒŽML‹ŒŒMMÂŒMMŒËLMM‹LÌNMNNLKÌŒNLÎKŒŒÍLÍÍMM‚ŒMMLMKŽMÍNËÍËÍMŒLLMËŒŒÌNMŒMMKLMÌËÎMÌŒÎMŒËŒLÍŒLÎËŒŽÍŒMÌŽBŒMM‹LMÎKŽMÌŽÎÌ‹ËŽMMÌLÌÍŒKŒÍLŒNBŒMMËLNNLŒŒLÍÌ‹ŒMMŒÍŽNËŒKŒŒŒŽNNŒMMŽLNËŒLLLŽM‹ŒMLŽÌÌËŒKŒÌLÍŒÌŒÂŒMMŽKLNŒÍÎLÎËËLMŒNMNLÍKLMŒKŒÍŒŒNMBŒMMÌLNËŒLLLŽLM‹ŒMLŽÌÌËŒKŒÌLÍŒÌŒÂŒMMÌKLNNLŒŒLÍLÌ‹ŒMMŒÍŽNËŒKŒŒŒŽNNŒMMÌ‹LMÎKŽMÌŽÎÌ‹MËŽMMÌLÌÍŒKŒÍLŒNBŒMMÌËLMÌËÎMÌŒÎMMŒËŒLÍŒLÎËŒŽÍŒMÌŽBŒMMÍLMKŽMÍNËMÍËÍMŒLLMËŒŒÌNMŒMMÍKLMM‹LÌNMNNNLKÌŒNLÎKŒŒÍLÍÍMM‚ŒMMÍ‹LMKLÌÎLLËLLÌMŒŒŽML‹ŒŒMMÂŒMMÍËLLÌËŒMÌLMLKLLM‹ÍŒLLÎŒËÌŽNMMÎBŒMMÎLLNKLÍLËLLËŽÍŽNNŒËM‚ŒMMÎKLLŽŒÌÌL‹LLÍËŒÎÌMÍLËŒËŒNÌLÌ‚ŒMNNŽMLLËLMKÍŒŽLÌŽMÍŒ‹ŽMÍMBŒMNKMÌ‹ŒLÎLÍMKLML‹ÌÌMŒŒLLÍËŒ‹MMMÍŒŒML‚ŒMN‹MMÌŽLNMÎLKLMNŒŒMMŒËŒ‹ŒÍŒÎMŒŒBŒMNËLÍ‹ÎLŽÍÌËLMŒ‹ŒNŒÌÍŒŽKŒ‹ŒNLÌLŒMNLNÍÌ‹LMMÎLLÌMÍKŒ‹ŒLÎLNLÎBŒMNKLËŽMMMŒŽYKLMLMKŒÍÎMMŽŒ‹ŒŒLÍLŒBŒMN‹NÍÌ‹LMMÎLLÌMÍKŒ‹ŒLÎLNLÎBŒMNËÍ‹ÎLŽÍÌËLMŒ‹ŒNŒÌÍŒŽKŒ‹ŒNLÌLŒMNMÌŽLNMÎLKLMNŒŒMMŒËŒ‹ŒÍŒÎMŒŒBŒMNKÌ‹ŒLÎLÍMKLML‹ÌÌMŒŒLLÍËŒ‹MMMÍŒŒML‚ŒMNLŽMLLËLMKÍŒŽLÌŽMÍŒ‹ŽMÍMBŒMNLKLŽŒÌÌL‹LLÍËŒÎÌMÍLËŒËŒNÌLÌ‚ŒMNL‹LNKLÍLËLLËŽÍŽNNŒËM‚ŒMNLËLÌËŒMÌLMLKLLM‹ÍŒLLÎŒËÌŽNMMÎBŒMNMMKLÌÎLLËLLÌMŒŒŽML‹ŒŒMMÂŒMNMKMM‹LÌNMNNNLKÌŒNLÎKŒŒÍLÍÍMM‚ŒMNM‹MKŽMÍNËMÍËÍMŒLLMËŒŒÌNMŒMNMËMÌËÎMÌŒÎMMŒËŒLÍŒLÎËŒŽÍŒMÌŽBŒMNNMÎKŽMÌŽÎÌ‹MËŽMMÌLÌÍŒKŒÍLŒNBŒMNNKNNLŒŒLÍLÌ‹ŒMMŒÍŽNËŒKŒŒŒŽNNŒMŒNËŒLLLŽLM‹ŒMLŽÌÌËŒKŒÌLÍŒÌŒÂŒMŒKNMŽÌLKLKŒÍŒLÌÌÌŒ™KLMKŒÍMÍNMMLÂŒMŒ‹NËLLËM‹ŒNLMÌŽÌMËŒÍLÌMÌNÂŒMŒËNŽMŒNLLMËÌ‹ŒÍMÌMŒ‹ŒÍÍBŒMŒNÌMMÎMŒMŽMNMÍËŒÍŒLLŒLŽBŒMŒKMÍŒŽLLÍÎNKŒËLLÌÍKŒÍŒMNNNLMÂŒMŒ‹M‹ŒÎMŽLÍKÎŒMÍMMLÎMNŒÌËÌŽMLNNBŒMŒËMM‹ŽLLM‹L‹ŒMÍŒLŽŽMKŒÌËMÌÍNŽŒMŒMKŽLLŒÎLÍLKŒÍÍÍÌLLMŽKŒÌËŒMŒŒMŒKLÌËMLÌŒM‹LMËNMNL‹ŒÌ‹ÌŒÎBŒMŒLLNKÎLŒŽŽKLŽÍŒÍNKŒÌ‹ŒŽNÌŒÍÍŒÂŒMŒLKLŽLÌÍÌÍ‹LÎŒŒLMÍLŒ‹ŒÌKŽLÎLLŽBŒMŒL‹KŒÍŒËM‹LŒLÍ‹ŒÌKŒÌMMÂŒMŒLËÌ‹ŒŽMLMŒŒËMLËÌŽMKŒÌKŒÌLMÌLMŽBŒMŒMMŽŒŒŒÍËMNKŒMŒMLM‹ŒÌKŒÌÍMÎŒMŒMKÍ‹ŽŒMLŒMÌÌËMŒËŒMMÌM‹ŒÌŽLMÍŽMÂŒMŒM‹NLŒŒŽLÌMÎKMKMLKŒÌÎŒÍBŒMŒMËKŒÌNNNŒMÙKLMKM‹ŒÍLM‹ŒÌÍÍMMBŒMŒNLNLŒŒŽLÌMÎKMKMLKŒÌÎŒÍBŒMŒNKLÍ‹ŽŒMLŒMÌÌËMŒËŒMMÌM‹ŒÌŽLMÍŽMÂŒMŒŒMMŽŒŒŒÍËMNKŒMŒMLM‹ŒÌKŒÌÍMÎŒMŒŒKMÌ‹ŒŽMLMŒŒËMLËÌŽMKŒÌKŒÌLMÌLMŽBŒMŒŒ‹NKŒÍŒËM‹LŒLÍ‹ŒÌKŒÌMMÂŒMŒŒËLLŽLÌÍÌÍ‹LÎŒŒLMÍLŒ‹ŒÌKŽLÎLLŽBŒMŒLLNKÎLŒŽŽKLŽÍŒÍNKŒÌ‹ŒŽNÌŒÍÍŒÂŒMŒKLLÌËMLÌŒM‹LMËNMNL‹ŒÌ‹ÌŒÎBŒMŒ‹LMKŽLLŒÎLÍLKŒÍÍÍÌLLMŽKŒÌËŒMŒŒMŒËLMM‹ŽLLM‹L‹ŒMÍŒLŽŽMKŒÌËMÌÍNŽŒMŒŽLM‹ŒÎMŽLÍKÎŒMÍMMLÎMNŒÌËÌŽMLNNBŒMŒŽKLMÍŒŽLLÍÎNKŒËLLÌÍKŒÍŒMNNNLMÂŒMŒÌLNÌMMÎMŒMŽMNMÍËŒÍŒLLŒLŽBŒMŒÌKLNŽMŒNLLMËÌ‹ŒÍMÌMŒ‹ŒÍÍBŒMŒÌ‹LNËLLËM‹ŒNLMÌŽÌMËŒÍLÌMÌNÂŒMŒÌËLNMŽÌLKËŒMÎMÍŽKLMŒÍMÍNMMLÂŒMŒÍLNËLLËLM‹ŒNLMÌŽÌMËŒÍLÌMÌNÂŒMŒÍKLNŽMŒNLLMËLÌ‹ŒÍMÌMŒ‹ŒÍÍBŒMŒÍ‹LNÌMMÎMMŒMŽMNMÍËŒÍŒLLŒLŽBŒMŒÍËLMÍŒŽLLÍÎNKMŒËLLÌÍKŒÍŒMNNNLMÂŒMŒÎLM‹ŒÎMŽLÍKMÎŒMÍMMLÎMNŒÌËÌŽMLNNBŒMŒÎKLMM‹ŽLLM‹NL‹ŒMÍŒLŽŽMKŒÌËMÌÍNŽŒMLMKŽLLŒÎLÍLLKŒÍÍÍÌLLMŽKŒÌËŒMŒŒMKLLÌËMLÌŒM‹LLMËNMNL‹ŒÌ‹ÌŒÎBŒM‹LLNKÎLŒŽŽKLLŽÍŒÍNKŒÌ‹ŒŽNÌŒÍÍŒÂŒMËLLŽLÌÍÌÍ‹LLÎŒŒLMÍLŒ‹ŒÌKŽLÎLLŽBŒMNKŒÍŒËLM‹LŒLÍ‹ŒÌKŒÌMMÂŒMKMÌ‹ŒŽMLMŒŒËLMLËÌŽMKŒÌKŒÌLMÌLMŽBŒM‹MMŽŒŒŒÍËLMNKŒMŒMLM‹ŒÌKŒÌÍMÎŒMËLÍ‹ŽŒMLŒMÌÌËLMŒËŒMMÌM‹ŒÌŽLMÍŽMÂŒMLNLŒŒŽLÌMÎKLMKMLKŒÌÎŒÍBŒMKLËÍÎŒÎMŽYKLMLM‹ŒÍLM‹ŒÌÍÍMMBŒMLNLŒŒŽLÌMÎKLMKMLKŒÌÎŒÍBŒMLKÍ‹ŽŒMLŒMÌÌËLMŒËŒMMÌM‹ŒÌŽLMÍŽMÂŒML‹MŽŒŒŒÍËLMNKŒMŒMLM‹ŒÌKŒÌÍMÎŒMLËÌ‹ŒŽMLMŒŒËLMLËÌŽMKŒÌKŒÌLMÌLMŽBŒMMKŒÍŒËLM‹LŒLÍ‹ŒÌKŒÌMMÂŒMMKLŽLÌÍÌÍ‹LLÎŒŒLMÍLŒ‹ŒÌKŽLÎLLŽBŒMM‹LNKÎLŒŽŽKLLŽÍŒÍNKŒÌ‹ŒŽNÌŒÍÍŒÂŒMMËLÌËMLÌŒM‹LLMËNMNL‹ŒÌ‹ÌŒÎBŒMNMKŽLLŒÎLÍLLKŒÍÍÍÌLLMŽKŒÌËŒMŒŒMNKMM‹ŽLLM‹NL‹ŒMÍŒLŽŽMKŒÌËMÌÍNŽŒMŒM‹ŒÎMŽLÍKMÎŒMÍMMLÎMNŒÌËÌŽMLNNBŒMŒKMÍŒŽLLÍÎNKMŒËLLÌÍKŒÍŒMNNNLMÂŒMŒ‹NÌMMÎMMŒMŽMNMÍËŒÍŒLLŒLŽBŒMŒËNŽMŒNLLMËLÌ‹ŒÍMÌMŒ‹ŒÍÍBŒMNËLLËLM‹ŒNLMÌŽÌMËŒÍLÌMÌNÂŒMKNKNÍKNKÍBŒM‹NÍNŒ‹M‹LMLNNMKNKÌÎÍÌBŒMËNKŽMŒŽLMŒKÌ‹ÍMÌNL‹NKNÌLÌŒMŽNKŒÎLNMËÌŒÍÎÎLKNKŒÎŽŒ‚ŒMŽKMÍKŒMMŒLÌLKŒŒÍÎMŽMÍËNKŒLÍMLBŒMÌMËŒŒLLÍÎKŒLÍML‹NÍÍLÌŒNNBŒMÌKMMËŒÍŒMÌKLËŒŒNLMNŒÎMMÍŒMÎŒMÌ‹M‹MLÌLNLML‹MŒNŒËMËŽNŒŽLÎMŒMÌËLÍŒNŒŽLËLNÌÍMÎMKMËMMŒBŒMÍLŒŒÌÌÍËLŽKÍÍNŒÎKMËŒLŽÌŒ‚ŒMÍKLKŒÌŽLMÌMÍŽLÎKNMLLÌKM‹ÌMÌÎŒ‚ŒMÍ‹KŒÍÌLŽÎLÍMŒÌŒNNÎM‹ŒÌÍÍÎBŒMÍËÌ‹MLNNMLNLŒKMMKŒLŒMŽLLM‹ŒLÍNBŒMÎMKŒÍÍŒŽLŽKMŒÍÌŒŽLKMKÌÌŒŒLÍLÎŒMÎKÍ‹ŽNŽNMŽÍLMÍÍ‹MKLŽMLÍ‚ŒMŽNNŽŒËMËŒLÌLËMKLŒŽLBŒMŽKKŒMŒŒÌÍÙKLMMËŽLLML‹MKŒÍŒBŒMŽ‹LNNŽŒËMËŒLÌLËMKLŒŽLBŒMŽËLÍ‹ŽNŽNMŽÍLMÍÍ‹MKLŽMLÍ‚ŒMŽMMKŒÍÍŒŽLŽKMŒÍÌŒŽLKMKÌÌŒŒLÍLÎŒMŽKMÌ‹MLNNMLNLŒKMMKŒLŒMŽLLM‹ŒLÍNBŒMŽ‹NKŒÍÌLŽÎLÍMŒÌŒNNÎM‹ŒÌÍÍÎBŒMŽËLLKŒÌŽLMÌMÍŽLÎKNMLLÌKM‹ÌMÌÎŒ‚ŒMŽLLŒŒÌÌÍËLŽKÍÍNŒÎKMËŒLŽÌŒ‚ŒMŽKLLÍŒNŒŽLËLNÌÍMÎMKMËMMŒBŒMŽLLM‹MLÌLNLML‹MŒNŒËMËŽNŒŽLÎMŒMŽLKLMMËŒÍŒMÌKLËŒŒNLMNŒÎMMÍŒMÎŒMŽL‹LMËŒŒLLÍÎKŒLÍML‹NÍÍLÌŒNNBŒMŽLËLMÍKŒMMŒLÌLKŒŒÍÎMŽMÍËNKŒLÍMLBŒMŽMLNKŒÎLNMËÌŒÍÎÎLKNKŒÎŽŒ‚ŒMŽMKLNKŽMŒŽLMŒKÌ‹ÍMÌNL‹NKNÌLÌŒMŽM‹LNÍNŒ‹M‹LMLNNMKNKÌÎÍÌBŒMŽMËLNKNÍK‹ŒLÎÍMYKLMNKÍBŒMŽNLNÍNŒ‹LM‹LMLNNMKNKÌÎÍÌBŒMŽNKLNKŽMŒŽLMŒKLÌ‹ÍMÌNL‹NKNÌLÌŒMÌLNKŒÎLNMËMÌŒÍÎÎLKNKŒÎŽŒ‚ŒMÌKLMÍKŒMMŒLÌLKMŒŒÍÎMŽMÍËNKŒLÍMLBŒMÌ‹LMËŒŒLLÍMÎKŒLÍML‹NÍÍLÌŒNNBŒMÌËLMMËŒÍŒMÌKNLËŒŒNLMNŒÎMMÍŒMÎŒMÌLM‹MLÌLNLMLL‹MŒNŒËMËŽNŒŽLÎMŒMÌKLLÍŒNŒŽLËLLNÌÍMÎMKMËMMŒBŒMÌ‹LLŒŒÌÌÍËLLŽKÍÍNŒÎKMËŒLŽÌŒ‚ŒMÌËLLKŒÌŽLMÌMÍŽLLÎKNMLLÌKM‹ÌMÌÎŒ‚ŒMÌNKŒÍÌLŽÎLÍLMŒÌŒNNÎM‹ŒÌÍÍÎBŒMÌKMÌ‹MLNNMLNLŒKLMMKŒLŒMŽLLM‹ŒLÍNBŒMÌLMMKŒÍÍŒŽLŽKLMŒÍÌŒŽLKMKÌÌŒŒLÍLÎŒMÌLKLÍ‹ŽNŽNLMŽÍLMÍÍ‹MKLŽMLÍ‚ŒMÌL‹LNNŽŒËLMËŒLÌLËMKLŒŽLBŒMÌLËLËNÌŒYKLMLMËŽLLML‹MKŒÍŒBŒMÌMNNŽŒËLMËŒLÌLËMKLŒŽLBŒMÌMKÍ‹ŽNŽNLMŽÍLMÍÍ‹MKLŽMLÍ‚ŒMÌM‹MKŒÍÍŒŽLŽKLMŒÍÌŒŽLKMKÌÌŒŒLÍLÎŒMÌMËÌ‹MLNNMLNLŒKLMMKŒLŒMŽLLM‹ŒLÍNBŒMÌNKŒÍÌLŽÎLÍLMŒÌŒNNÎM‹ŒÌÍÍÎBŒMÌNKLKŒÌŽLMÌMÍŽLLÎKNMLLÌKM‹ÌMÌÎŒ‚ŒMÌŒLŒŒÌÌÍËLLŽKÍÍNŒÎKMËŒLŽÌŒ‚ŒMÌŒKLÍŒNŒŽLËLLNÌÍMÎMKMËMMŒBŒMÌŒ‹M‹MLÌLNLMLL‹MŒNŒËMËŽNŒŽLÎMŒMÌŒËMMËŒÍŒMÌKNLËŒŒNLMNŒÎMMÍŒMÎŒMÌMËŒŒLLÍMÎKŒLÍML‹NÍÍLÌŒNNBŒMÌKMÍKŒMMŒLÌLKMŒŒÍÎMŽMÍËNKŒLÍMLBŒMÌ‹NKŒÎLNMËMÌŒÍÎÎLKNKŒÎŽŒ‚ŒMÌËNKŽMŒŽLMŒKLÌ‹ÍMÌNL‹NKNÌLÌŒMÌŽNÍNŒ‹LM‹LMLNNMKNKÌÎÍÌB‚‘]H™XÛÜ™Ì‚OOOOOOOOOOOOOOOOOOOOOOOOOOOOOOOOOOOOOOOOOOOOOOOOOOOOOOOOOOOOOOOOOOOOOOOOOOB”Ý\HÂ•[YHHB‘]HHÚ\ØÛÛXÝÙ]BŒKŒÍLMŒMŽNKËLMŒMŽNYKL‚Œ‹ŒÍNLŒŒMÍKËNLŒŒMÍYKL‚ŒËŒÍÌLÌÌNLKËÌLÌÌNLYKL‚ŒÍŽNLŽNËŽNLŽNKL‚KŒÍÌMLMÎLKËÌMLMÎLYKL‚‹ŒÍÍÍLÌNLL‹ËÍÍLÌNLL™KL‚ËŒÍÎÌNËÎÌNKL‚ŽŒÎŒÎMÎMKËŽŒÎMÎMYKL‚ŽKŒÎÌŒÍÌ‹ËŽÌŒÍÌ™KL‚ŒLŒÎLNMŒÍNMMËŽLNMŒÍNMMKL‚ŒLKŒÎMMÌÌNLKËŽMMÌÌNLYKL‚ŒL‹ŒLŒŒNŽKŒLŒŒNŽYKL‚ŒLËŒÌŽMŒËŒÌŽMŒÙKL‚ŒMŒÎŒLLLL‹ŒÎŒLLLL™KL‚ŒMKŒNMMMLNLŒNMMMLNLKL‚ŒM‹ŒLLŽLLËŒLLŽLLÙKL‚ŒMËŒLLŽLLËŒLLŽLLÙKL‚ŒNŒNMMMLNLŒNMMMLNLKL‚ŒNKŒÎŒLLLMŒÎŒLLLMKL‚ŒŒŒÌŽMŒŽKŒÌŽMŒŽYKL‚ŒŒKŒLŒŒNŽ‹ŒLŒŒNŽ™KL‚ŒŒ‹ŒÎMMÌÌNLKËŽMMÌÌNLYKL‚ŒŒËŒÎLNMŒÍNML‹ËŽLNMŒÍNML™KL‚ŒŒÎÌŒÍÌNKËŽÌŒÍÌNYKL‚ŒKŒÎŒÎMÎMKËŽŒÎMÎMYKL‚Œ‹ŒÍÎÌM‹ËÎÌM™KL‚ŒËŒÍÍÍLÌNLLKËÍÍLÌNLLYKL‚ŒŽŒÍÌMLMÎLKËÌMLMÎLYKL‚ŒŽKŒÍŽNLŽNËŽNLŽNKL‚ŒÌŒÍÌLÌÌNLËËÌLÌÌNLÙKL‚ŒÌKŒÍNLŒŒMÌËËNLŒŒMÌÙKL‚ŒÌ‹ŒÍLMŒMŽNKËLMŒMŽNYKL‚ŒÌËŒÎÎŒŽLNLËËŽÎŒŽLNLÙKL‚ŒÍŒÎÍÎÌŽLKËŽÍÎÌŽLYKL‚ŒÍKŒÎÍŒÌLLLŒËËŽÍŒÌLLLŒÙKL‚ŒÍ‹ŒÎÍLŒŒÌŽËËŽÍLŒŒÌŽÙKL‚ŒÍËŒÎÍMLÍŽLŒÍKËŽÍMLÍŽLŒÍYKL‚ŒÎŒÎÎLŒLÍKËŽÎLŒLÍYKL‚ŒÎKŒÎMŒŽLKËŽMŒŽLYKL‚ŒÎMLÍMÎLÍŽLKËŽMLÍMÎLÍŽLYKL‚KŒÎŽLNMLL‹ËŽŽLNMLL™KL‚‹ŒÎMNLLËËŽMNLLÙKL‚ËŒÎLÍŒÍÎKËŽLÍŒÍÎYKL‚ŒÎLŒNLLÎKËŽLŒNLLÎYKL‚KŒÎLÎLÎMŒŒMKËŽLÎLÎMŒŒMYKL‚‹ŒÎMLÍŒÌLLŒŽ‹ËŽMLÍŒÌLLŒŽ™KL‚ËŒÎMŒÎŒŒŒÌMÍKËŽMŒÎŒŒŒÌMÍYKL‚ŒÎMŽLNMMMKËŽMŽLNMMMYKL‚KŒÎMŽLNMMNËŽMŽLNMMNKL‚LŒÎMŒÎŒŒŒÌMÍËËŽMŒÎŒŒŒÌMÍÙKL‚LKŒÎMLÍŒÌLLŒŽKËŽMLÍŒÌLLŒŽYKL‚L‹ŒÎLÎLÎMŒŒMËŽLÎLÎMŒŒMKL‚LËŒÎLŒNLLKËŽLŒNLLYKL‚MŒÎLÍŒÍKËŽLÍŒÍYKL‚MKŒÎMNLLËËŽMNLLÙKL‚M‹ŒÎŽLNMLLKËŽŽLNMLLYKL‚MËŒÎMLÍMÎLÍŽKËŽMLÍMÎLÍŽYKL‚NŒÎMŒŽLKËŽMŒŽLYKL‚NKŒÎÎLŒLÍ‹ËŽÎLŒLÍ™KL‚ŒŒÎÍMLÍŽLŒÎËŽÍMLÍŽLŒÎKL‚ŒKŒÎÍLŒŒÌŽKËŽÍLŒŒÌŽYKL‚Œ‹ŒÎÍŒÌLLL‹ËŽÍŒÌLLL™KL‚ŒËŒÎÍÎÌŽKËŽÍÎÌŽYKL‚ŒÎÎŒŽLNLËËŽÎŒŽLNLÙKL‚KŒÎLÌLÌMKËŽLÌLÌMYKL‚‹ŒÎNŒÌÌN‹ËŽNŒÌÌN™KL‚ËŒÎLLÌŽ‹ËŽLLÌŽ™KL‚ŽŒÎNŒÍÎL‹ËŽNŒÍÎL™KL‚ŽKŒÎÌŽNMŒNMŒËËŽÌŽNMŒNMŒÙKL‚ÌŒÎŒMÌNLLËËŽŒMÌNLLÙKL‚ÌKŒÎŒÎNMÍ‹ËŽŒÎNMÍ™KL‚Ì‹ŒÎŒŽÌŒÍ‹ËŽŒŽÌŒÍ™KL‚ÌËŒÎÌŒMMMÌŒËËŽÌŒMMMÌŒÙKL‚ÍŒÎÍÍŒMLŒ‹ËŽÍÍŒMLŒ™KL‚ÍKŒÎLÌMËŽLÌMKL‚Í‹ŒÎMŽMMÍÎKËŽMŽMMÍÎYKL‚ÍËŒÎLÎLÍŒÍ‹ËŽLÎLÍŒÍ™KL‚ÎŒÎLMÍLLMŒÍKËŽLMÍLLMŒÍYKL‚ÎKŒÎLNLŒÍËËŽLNLŒÍÙKL‚ŽŒÎLŽÌMÍMÍÍKËŽLŽÌMÍMÍÍYKL‚ŽKŒÎLŽÌMÍMÍÍ‹ËŽLŽÌMÍMÍÍ™KL‚Ž‹ŒÎLNLŒÍËËŽLNLŒÍÙKL‚ŽËŒÎLMÍLLMŒÌ‹ËŽLMÍLLMŒÌ™KL‚ŽŒÎLÎLÍŒÍKËŽLÎLÍŒÍYKL‚ŽKŒÎMŽMMÍÎKËŽMŽMMÍÎYKL‚Ž‹ŒÎLÌLKËŽLÌLYKL‚ŽËŒÎÍÍŒML‹ËŽÍÍŒML™KL‚ŽŒÎÌŒMMMÌŒËËŽÌŒMMMÌŒÙKL‚ŽKŒÎŒŽÌŒÍKËŽŒŽÌŒÍYKL‚ŽLŒÎŒÎNMÎËŽŒÎNMÎKL‚ŽLKŒÎŒMÌNLLKËŽŒMÌNLLYKL‚ŽL‹ŒÎÌŽNMŒNMŒËËŽÌŽNMŒNMŒÙKL‚ŽLËŒÎNŒÍÎL‹ËŽNŒÍÎL™KL‚ŽMŒÎLLÌŽËËŽLLÌŽÙKL‚ŽMKŒÎNŒÌÌNËŽNŒÌÌNKL‚ŽM‹ŒÎLÌLÌMËŽLÌLÌMKL‚ŽMËŒÎNMNŒÍÌËËŽNMNŒÍÌÙKL‚ŽNŒÎÍÌLM‹ËŽÍÌLM™KL‚ŽNKŒÎÍMÌLËŽÍMÌLKL‚ŒLŒÎŽLLÍÍMËËŽŽLLÍÍMÙKL‚ŒLKŒÎŒÍLMÌNNËŽŒÍLMÌNNKL‚ŒL‹ŒÎŽŽLLÌŽKËŽŽŽLLÌŽYKL‚ŒLËŒÎÍLÎMŒÎLL‹ËŽÍLÎMŒÎLL™KL‚ŒLŒÎÎMŒŒÍM‹ËŽÎMŒŒÍM™KL‚ŒLKŒÎNŒŒM‹ËŽNŒŒM™KL‚ŒL‹ŒÎLÌLNËŽLÌLNKL‚ŒLËŒÎLÌÎMLNËŽLÌÎMLNKL‚ŒLŒÎLŽLLÌÎM‹ËŽLŽLLÌÎM™KL‚ŒLKŒÎMÌ‹ËŽMÌ™KL‚ŒLLŒÎMLMÍÎNËŽMLMÍÎNKL‚ŒLLKŒÎMÍŽÍËŽMÍŽÍKL‚ŒLL‹ŒÎNŽŒM‹ËŽNŽŒM™KL‚ŒLLËŒÎNŽŒMŽKËŽNŽŒMŽYKL‚ŒLMŒÎMÍŽÌËËŽMÍŽÌÙKL‚ŒLMKŒÎMLMÍÎNÍËËŽMLMÍÎNÍÙKL‚ŒLM‹ŒÎMÌNKËŽMÌNYKL‚ŒLMËŒÎLŽLLÌÎM‹ËŽLŽLLÌÎM™KL‚ŒLNŒÎLÌÎMLMËËŽLÌÎMLMÙKL‚ŒLNKŒÎLÌLNKËŽLÌLNYKL‚ŒLŒŒÎNŒŒM‹ËŽNŒŒM™KL‚ŒLŒKŒÎÎMŒŒÍMŒ‹ËŽÎMŒŒÍMŒ™KL‚ŒLŒ‹ŒÎÍLÎMŒÎLLKËŽÍLÎMŒÎLLYKL‚ŒLŒËŒÎŽŽLLÌŽËËŽŽŽLLÌŽÙKL‚ŒLŒÎŒÍLMÌNNËŽŒÍLMÌNNKL‚ŒLKŒÎŽLLÍÍM‹ËŽŽLLÍÍM™KL‚ŒL‹ŒÎÍMÌLÎKËŽÍMÌLÎYKL‚ŒLËŒÎÍÌLMKËŽÍÌLMYKL‚ŒLŽŒÎNMNŒÍÌËËŽNMNŒÍÌÙKL‚ŒLŽKŒÍMMMLNMÎËMMMLNMÎKL‚ŒLÌŒÍŒLLÌÌMËŒLLÌÌMKL‚ŒLÌKŒÍÌLMLÎNMÌËËÌLMLÎNMÌÙKL‚ŒLÌ‹ŒÍŽLMÎMÌŒËËŽLMÎMÌŒÙKL‚ŒLÌËŒÍÌMÍKËÌMÍYKL‚ŒLÍŒÍÌÌÌŒM‹ËÌÌÌŒM™KL‚ŒLÍKŒÍÍÌLÌÍËÍÌLÌÍKL‚ŒLÍ‹ŒÎMNLÎŒÌÎËŽMNLÎŒÌÎKL‚ŒLÍËŒÎMŽLÎLËŽMŽLÎLKL‚ŒLÎŒÎLMŒLÎMNMÌKËŽLMŒLÎMNMÌYKL‚ŒLÎKŒÎMÌLÍMÍMÌKËŽMÌLÍMÍMÌYKL‚ŒMŒLÎNMŽN‹ŒLÎNMŽN™KL‚ŒMKŒMŒÌMŒŒKŒMŒÌMŒŒYKL‚ŒM‹ŒÌÍÎËŒÌÍÎÙKL‚ŒMËŒLÌÍLÎMŒLÌÍLÎMKL‚ŒMŒLŒNMLŒ‹ŒLŒNMLŒ™KL‚ŒMKŒLŒNMLŒËŒLŒNMLŒÙKL‚ŒM‹ŒLÌÍLÎL‹ŒLÌÍLÎL™KL‚ŒMËŒÌÍÎ‹ŒÌÍÎ™KL‚ŒMŒMŒÌMŒ‹ŒMŒÌMŒ™KL‚ŒMKŒLÎNMŽNŒKŒLÎNMŽNŒYKL‚ŒMLŒÎMÌLÍMÍMŽKËŽMÌLÍMÍMŽYKL‚ŒMLKŒÎLMŒLÎMNMÌËËŽLMŒLÎMNMÌÙKL‚ŒML‹ŒÎMŽLÎLËŽMŽLÎLKL‚ŒMLËŒÎMNLÎŒÌÎKËŽMNLÎŒÌÎYKL‚ŒMMŒÍÍÌLÌÌËËÍÌLÌÌÙKL‚ŒMMKŒÍÌÌÌŒMŒKËÌÌÌŒMŒYKL‚ŒMM‹ŒÍÌMÍKËÌMÍYKL‚ŒMMËŒÍŽLMÎMÌŒ‹ËŽLMÎMÌŒ™KL‚ŒMNŒÍÌLMLÎNMÍKËÌLMLÎNMÍYKL‚ŒMNKŒÍŒLLÌÌM‹ËŒLLÌÌM™KL‚ŒMŒŒÍMMMLNMÎKËMMMLNMÎYKL‚ŒMŒKŒÌŽNMLÍM‹ËŒŽNMLÍM™KL‚ŒMŒ‹ŒÌÌNNMNLKËŒÌNNMNLYKL‚ŒMŒËŒÌÍÌÌÍLÌLKËŒÍÌÌÍLÌLYKL‚ŒMŒÍÌŒLÌÍËËÌŒLÌÍÙKL‚ŒMKŒÍLLLÍŽÎKËLLLÍŽÎYKL‚ŒM‹ŒÍMÎNLÍMMÍLŒËËMÎNLÍMMÍLŒÙKL‚ŒMËŒÍŽLLÎLÍLKËŽLLÎLÍLYKL‚ŒMŽŒÍÍÌNŒŒ‹ËÍÌNŒŒ™KL‚ŒMŽKŒÎŽMŒÍÎËŽŽMŒÍÎKL‚ŒMÌŒÎMÌMŒLLËËŽMÌMŒLLÙKL‚ŒMÌKŒŽÌMŒKŒŽÌMŒYKL‚ŒMÌ‹ŒMLMÎLÌKŒMLMÎLÌYKL‚ŒMÌËŒŒLÌŽ‹ŒŒLÌŽ™KL‚ŒMÍŒŽÍLLÎMLËŒŽÍLLÎMLÙKL‚ŒMÍKŒÌNLŒLŒÍÍËŒÌNLŒLŒÍÍÙKL‚ŒMÍ‹ŒÌÎÍÍÌLKŒÌÎÍÍÌLYKL‚ŒMÍËŒÌÎÍÍÌLŽKŒÌÎÍÍÌLŽYKL‚ŒMÎŒÌNLŒLŒÍÍËŒÌNLŒLŒÍÍÙKL‚ŒMÎKŒŽÍLLÎMLËŒŽÍLLÎMLÙKL‚ŒNŒŒLÌŽŒŒLÌŽKL‚ŒNKŒMLMÎLÌLKŒMLMÎLÌLYKL‚ŒN‹ŒŽÌMŒ‹ŒŽÌMŒ™KL‚ŒNËŒÎMÌMŒLLËËŽMÌMŒLLÙKL‚ŒNŒÎŽMŒÍÎËŽŽMŒÍÎKL‚ŒNKŒÍÍÌNŒŒ‹ËÍÌNŒŒ™KL‚ŒN‹ŒÍŽLLÎLÍLKËŽLLÎLÍLYKL‚ŒNËŒÍMÎNLÍMMÍLŒËËMÎNLÍMMÍLŒÙKL‚ŒNŒÍLLLÍŽÍËËLLLÍŽÍÙKL‚ŒNKŒÍÌŒLÌÍËËÌŒLÌÍÙKL‚ŒNLŒÌÍÌÌÍLÌLKËŒÍÌÌÍLÌLYKL‚ŒNLKŒÌÌNNMNL‹ËŒÌNNMNL™KL‚ŒNL‹ŒÌŽNMLÍMŒ‹ËŒŽNMLÍMŒ™KL‚ŒNLËŒŽMLLŽÌK‹ŽMLLŽÌYKL‚ŒNMŒŽMLŽÎLÎMË‹ŽMLŽÎLÎMÙKL‚ŒNMKŒŽNMÌLË‹ŽNMÌLÙKL‚ŒNM‹ŒÌŽMÍÌŽMËŒŽMÍÌŽMKL‚ŒNMËŒÌNNMLŽLKËŒNNMLŽLYKL‚ŒNNŒÌÍMÍÍÌŽËŒÍMÍÍÌŽKL‚ŒNNKŒÍLŽNNMŽMŽKËLŽNNMŽMŽYKL‚ŒŒŒÍÌLÌNLNN‹ËÌLÌNLNN™KL‚ŒŒKŒÎŒŽKËŽŒŽYKL‚ŒŒ‹ŒMŽLÎÌÎNLKŒMŽLÎÌÎNLYKL‚ŒŒËŒŒMÍLŒŒŽKŒŒMÍLŒŒŽYKL‚ŒŒŒÍLŒÌÍMŒŽKŒÍLŒÌÍMŒŽYKL‚ŒŒKŒÌÌLMLŒËÌÌLMLŒÙKL‚ŒŒ‹ŒMMLLŽNLŒËMMLLŽNLŒÙKL‚ŒŒËŒŒMÍLÌÍLKŒMÍLÌÍLYKL‚ŒŒŒLLÎÎKLLÎÎYKL‚ŒŒKŒLLÎÎKLLÎÎYKL‚ŒŒLŒŒMÍLÌÍL‹ŒMÍLÌÍL™KL‚ŒŒLKŒMMLLŽNLŒÌKMMLLŽNLŒÌYKL‚ŒŒL‹ŒÌÌLMLŒ‹ÌÌLMLŒ™KL‚ŒŒLËŒÍLŒÌÍMŒŽLKŒÍLŒÌÍMŒŽLYKL‚ŒŒMŒŒMÍLŒŒŽKŒŒMÍLŒŒŽYKL‚ŒŒMKŒMŽLÎÌÎNL‹ŒMŽLÎÌÎNL™KL‚ŒŒM‹ŒÎŒŽËŽŒŽKL‚ŒŒMËŒÍÌLÌNLNN‹ËÌLÌNLNN™KL‚ŒŒNŒÍLŽNNMŽMŽKËLŽNNMŽMŽYKL‚ŒŒNKŒÌÍMÍÍÌŽËŒÍMÍÍÌŽKL‚ŒŒŒŒÌNNMLŽLËËŒNNMLŽLÙKL‚ŒŒŒKŒÌŽMÍÌŽM‹ËŒŽMÍÌŽM™KL‚ŒŒŒ‹ŒŽNMÌL‹ŽNMÌLKL‚ŒŒŒËŒŽMLŽÎLK‹ŽMLŽÎLYKL‚ŒŒŒŽMLLŽÌË‹ŽMLLŽÌÙKL‚ŒŒKŒŽMŽMÍMÍË‹ŽMŽMÍMÍÙKL‚ŒŒ‹ŒŽMLŒÍŒÎK‹ŽMLŒÍŒÎYKL‚ŒŒËŒÍLMMÍË‹ÍLMMÍÙKL‚ŒŒŽŒÌÌLŽMK‹ÌÌLŽMYKL‚ŒŒŽKŒŽMLŒLÌK‹ŽMLŒLÌYKL‚ŒŒÌŒÌÍŒÌNLŒL‹ËŒÍŒÌNLŒL™KL‚ŒŒÌKŒÌÍMMÌÍÍKËŒÍMMÌÍÍYKL‚ŒŒÌ‹ŒÍÍŽMMÌËËÍŽMMÌÙKL‚ŒŒÌËŒÎLŽŒMËËŽLŽŒMÙKL‚ŒŒÍŒNÌŒŽLMÍÍËŒNÌŒŽLMÍÍÙKL‚ŒŒÍKŒŒŒLMÍÍŽKŒŒLMÍÍŽYKL‚ŒŒÍ‹ŒŒLNŒMŒLNŒMKL‚ŒŒÍËŒÎLŒMÎÍÎ‹ÎLŒMÎÍÎ™KL‚ŒŒÎŒLNMÍÎÌL‹ŽLNMÍÎÌL™KL‚ŒŒÎKŒLMÌMŒŒNLNKKŒMÌMŒŒNLNYKL‚ŒŒLLŒNL‹KŒLŒNL™KL‚ŒKŒLLŒNLKKŒLŒNLYKL‚Œ‹ŒLMÌMŒŒNLNKŒMÌMŒŒNLNKL‚ŒËŒLNMÍÎÌL‹ŽLNMÍÎÌL™KL‚ŒŒÎLŒMÎÍÎ‹ÎLŒMÎÍÎ™KL‚ŒKŒŒLNŒMKŒLNŒMYKL‚Œ‹ŒŒŒLMÍÍËŒŒLMÍÍÙKL‚ŒËŒNÌŒŽLMÍÍ‹ŒNÌŒŽLMÍÍ™KL‚ŒŒÎLŽŒMËËŽLŽŒMÙKL‚ŒKŒÍÍŽMMÌ‹ËÍŽMMÌ™KL‚ŒLŒÌÍMMÌÍÍKËŒÍMMÌÍÍYKL‚ŒLKŒÌÍŒÌNLŒLKËŒÍŒÌNLŒLYKL‚ŒL‹ŒŽMLŒLË‹ŽMLŒLÙKL‚ŒLËŒÌÌLŽMŒË‹ÌÌLŽMŒÙKL‚ŒMŒÍLMMÍË‹ÍLMMÍÙKL‚ŒMKŒŽMLŒÍŒÎK‹ŽMLŒÍŒÎYKL‚ŒM‹ŒŽMŽMÍMÍŽ‹ŽMŽMÍMÍŽKL‚ŒMËŒLÍNÍLMMÍKŒÍNÍLMMÍKL‚ŒNŒMÌÌÎM‹KÌÌÎM™KL‚ŒNKŒŒLÌLŒLLÎ‹ŒLÌLŒLLÎKL‚ŒŒŒŒÍÌÎÌ‹‹ŒÍÌÎÌ™KL‚ŒŒKŒMMÌLNÎLÍ‹‹MMÌLNÎLÍ™KL‚ŒŒ‹ŒŽMÍŒŒMNNK‹ŽMÍŒŒMNNYKL‚ŒŒËŒÌNMÎLKËŒNMÎLYKL‚ŒŒÍŒMÌÍÌMNKËŒMÌÍÌMNYKL‚ŒKŒLÎÎŒLÎÎKL‚Œ‹ŒÍÎNM‹ŒÍÎNM™KL‚ŒËŒÌŽÌMŽÌŽÌMŽKL‚ŒŽŒNŒŽLŽKŽNŒŽLŽYKL‚ŒŽKŒLŒMÌŽMŒM‹KŒŒMÌŽMŒM™KL‚ŒÌŒLÎÎMÌKŒÎÎMÌKL‚ŒÌKŒMLMÌŒËKLMÌŒÙKL‚ŒÌ‹ŒMMŒÌNŒLËKMŒÌNŒLÙKL‚ŒÌËŒMMŒÌNŒLKMŒÌNŒLKL‚ŒÍŒMLMÌŒ‹KLMÌŒ™KL‚ŒÍKŒLÎÎMÌÎNKKŒÎÎMÌÎNYKL‚ŒÍ‹ŒLŒMÌŽMŒM‹KŒŒMÌŽMŒM™KL‚ŒÍËŒNŒŽLÌ‹ŽNŒŽLÌ™KL‚ŒÎŒÌŽÌMÌKÌŽÌMÌYKL‚ŒÎKŒÍÎNM‹ŒÍÎNM™KL‚ŒŽŒLÎÎKŒLÎÎYKL‚ŒŽKŒÍŒMÌÍÌMŒKËŒMÌÍÌMŒYKL‚ŒŽ‹ŒÌNMÎKËŒNMÎYKL‚ŒŽËŒŽMÍŒŒM‹‹ŽMÍŒŒM™KL‚ŒŽŒMMÌLNÎLÍ‹‹MMÌLNÎLÍ™KL‚ŒŽKŒŒÍÌÎÌŒK‹ŒÍÌÎÌŒYKL‚ŒŽ‹ŒŒLÌLŒLM‹ŒLÌLŒLMKL‚ŒŽËŒMÌÌÎMŒËKÌÌÎMŒÙKL‚ŒŽŒLÍNÍLMMÍKKŒÍNÍLMMÍYKL‚ŒŽKLŒŒNÍÍŽÌËŒŽLLŒŒŒMMÎNMŒMŒŽLKLŒŽMMMÎŽMMKŒŽL‹ŒŽMÌLŒLNLMK‹ŽLMMNÎKLÂŒŽLËŒNMŽLÎMÌËKŽMŽLÎMÌÙKL‚ŒŽMŒŽNMLMK‹ŽNMLMYKL‚ŒŽMKŒÌLÌŒÎNLŒKËŒLÌŒÎNLŒYKL‚ŒŽM‹ŒÍŒÍÍÍÎËŒÍÍÍÎKL‚ŒŽMËŒMMÌÌÌMÍMÎKŒMMÌÌÌMÍMÎYKL‚ŒŽNŒLÌÌÌMLÌÌÌMKL‚ŒŽNKŒLÌMŒÎKŒÌMŒÎKL‚ŒÌŒMLŒŒÍLLMÎKKLŒŒÍLLMÎYKL‚ŒÌKŒMÍŒŽMNKKÍŒŽMNYKL‚ŒÌ‹ŒNMÌÌÌÌMMŽKKŽMÌÌÌÌMMŽYKL‚ŒÌËŒŒLŒÎÌŒ‹‹ŒLŒÎÌŒ™KL‚ŒÌŒŒNNMLÍŒŒÌNK‹ŒNNMLÍŒŒÌNYKL‚ŒÌKŒŒNNMLÍŒŒÌŒ‹‹ŒNNMLÍŒŒÌŒ™KL‚ŒÌ‹ŒŒLŒÎÌ‹ŒLŒÎÌKL‚ŒÌËŒNMÌÌÌÌMMÌ‹KŽMÌÌÌÌMMÌ™KL‚ŒÌŒMÍŒŽM‹KÍŒŽM™KL‚ŒÌKŒMLŒŒÍLLMÍËKLŒŒÍLLMÍÙKL‚ŒÌLŒLÌMKŒÌMKL‚ŒÌLKŒLÌÌÌMKLÌÌÌMYKL‚ŒÌL‹ŒMMÌÌÌMÍMŒMMÌÌÌMÍMKL‚ŒÌLËŒÍŒÍÍÍÎËŒÍÍÍÎKL‚ŒÌMŒÌLÌŒÎNLŒËŒLÌŒÎNLŒKL‚ŒÌMKŒŽNMLMK‹ŽNMLMYKL‚ŒÌM‹ŒNMŽLÎMÌKKŽMŽLÎMÌYKL‚ŒÌMËŒŽMÌLŒLNLK‹ŽLMMNYKLÂŒÌNLŒŽMMMÎŽMM‹ŒÌNKLŒŒŒMMÎNMŒNKŒÌŒLŒŒNÍÍŽÌ‹ŒÌŒKLŒÌÍŒLŽNMŽKŒÌŒ‹LŒÌMÎMKŒÌŒËLŒMÌLÌŒLÍNLŒÌLŒÌMŽLMLŒMŒËŒÌKLŒLNMMLŒ‹ËŽMÌÎYKLÂŒÌ‹ŒŒÎÌÍŒ‹‹ŒÎÌÍŒ™KL‚ŒÌËŒÌÍMÎLŒÍNKËŒÍMÎLŒÍNYKL‚ŒÌŽŒÎŒÍÍÍÍLËËŽŒÍÍÍÍLÙKL‚ŒÌŽKŒŒÍMLËŒÍMLÙKL‚ŒÌÌŒLŒŒŒÎKKŒŒŒŒÎYKL‚ŒÌÌKŒMMÍÍLÌÌMËKMÍÍLÌÌMÙKL‚ŒÌÌ‹ŒŒÍŽLÌLLÍK‹ŒÍŽLÌLLÍYKL‚ŒÌÌËŒNLK‹NLYKL‚ŒÌÍŒŽMÍLŽMK‹ŽMÍLŽMYKL‚ŒÌÍKŒŽÌÌÌMÌË‹ŽÌÌÌMÌÙKL‚ŒÌÍ‹ŒŽMÍLÌŽK‹ŽMÍLÌŽYKL‚ŒÌÍËŒŽMÍLÌŽK‹ŽMÍLÌŽYKL‚ŒÌÎŒŽÌÌÌMÌK‹ŽÌÌÌMÌYKL‚ŒÌÎKŒŽMÍLŽM‹ŽMÍLŽMKL‚ŒÍŒNLLK‹NLLYKL‚ŒÍKŒŒÍŽLÌLLÍË‹ŒÍŽLÌLLÍÙKL‚ŒÍ‹ŒMMÍÍLÌÌMKKMÍÍLÌÌMYKL‚ŒÍËŒLŒŒŒÎKKŒŒŒŒÎYKL‚ŒÍŒŒÍMLËŒÍMLÙKL‚ŒÍKŒÎŒÍÍÍÍLÌKËŽŒÍÍÍÍLÌYKL‚ŒÍ‹ŒÌÍMÎLŒÍ‹ËŒÍMÎLŒÍ™KL‚ŒÍËŒŒÎÌÍŒ‹‹ŒÎÌÍŒ™KL‚ŒÍLŒLNMMLMËËŽMÌÎ™KLÂŒÍKLŒÌMŽLMLŒMŒKŒÍLLŒMÌLÌŒLÍNLŒÍLKLŒÌMÎMKŒÍL‹LŒÌÍŒLŽNMŽKŒÍLËLŒÍÌNMŽMLÍKŒÍMLŒŒŽNÍŒÍ‹ŒÍMKLŒÌÍÍÌÍÍŽŒÍM‹LŒŒÌMÌÌŒÌÌÌÎŒÍMËLŒŽMŒŒNLŒŒÍNŒLŒLÍÍÌÌKMÍŒÎLÌÌÍYKL‚ŒÍNKŒÍÌÌÌNMËËÌÌÌNMÙKL‚ŒÍŒŒÍÍLLÍÎLKŒÍÍLLÍÎLYKL‚ŒÍŒKŒÎMLLMKÎMLLMYKL‚ŒÍŒ‹ŒMLÍŒÍÌÍNKLÍŒÍÌÍNKL‚ŒÍŒËŒŒNMÌÌŒŽK‹ŒNMÌÌŒŽYKL‚ŒÍŒÍNÍNLÎL‹ÍNÍNLÎLKL‚ŒÍKŒÌNLLNŒŒÌÌ‹ËŒNLLNŒŒÌÌ™KL‚ŒÍ‹ŒÍLŽNÎLMŽÌKËLŽNÎLMŽÌYKL‚ŒÍËŒÍÍMÌNLMŒÌËËÍMÌNLMŒÌÙKL‚ŒÍŽŒÎÌMŽNLNMŒKËŽÌMŽNLNMŒYKL‚ŒÍŽKŒÎÌMŽNLNMKËŽÌMŽNLNMYKL‚ŒÍÌŒÍÍMÌNLMŒÌËËÍMÌNLMŒÌÙKL‚ŒÍÌKŒÍLŽNÎLMŽŽKËLŽNÎLMŽŽYKL‚ŒÍÌ‹ŒÌNLLNŒŒÌÌËËŒNLLNŒŒÌÌÙKL‚ŒÍÌËŒÍNÍNLÎLK‹ÍNÍNLÎLYKL‚ŒÍÍŒŒNMÌÌŒŽË‹ŒNMÌÌŒŽÙKL‚ŒÍÍKŒMLÍŒÍÌÍNKKLÍŒÍÌÍNYKL‚ŒÍÍ‹ŒÎMLLM‹ÎMLLM™KL‚ŒÍÍËŒÍÍLLÍÎLLKŒÍÍLLÍÎLLYKL‚ŒÍÎŒÍÌÌÌNMÌËËÌÌÌNMÌÙKL‚ŒÍÎKŒLŒLÍÍÌÌËKMÍŒÎLÌÌÌÙKL‚ŒÎLŒŽMŒŒNLŒKŒÎKLŒŒÌMÌÌŒÌÌÌÎŒÎ‹LŒÌÍÍÌÍÍŽŒÎËLŒŒŽNÍŒÍ‹ŒÎLŒÍÌNMŽMLÍKŒÎKLŒLÌMNMÍMKŒÎ‹LŒLMNMÎÎMËŒÎËLŒÎMNNMÍÍMÎKŒÎLŒŒŽLLNŒÎKLŒNNÌŒÌŽKŒÎLLŒNMNMÎÍLKKŒŒLÍÍÙKLÂŒÎLKŒÎLÍLÎÎNM‹ËŽLÍLÎÎNM™KL‚ŒÎL‹ŒNMMÌMŽNMMÌMKL‚ŒÎLËŒLÎŒŽL‹KŒÎŒŽL™KL‚ŒÎMŒŒMLÍ‹‹ŒMLÍ™KL‚ŒÎMKŒŽLÎLLÍMK‹ŽLÎLLÍMYKL‚ŒÎM‹ŒÍMÌÌNÍMÌKËMÌÌNÍMÌYKL‚ŒÎMËŒLMÍLLŒÌŽŒLMÍLLŒÌŽKL‚ŒÎNŒLŒÍŒÌL‹LŒÍŒÌL™KL‚ŒÎNKŒÍÌLÎMŒNÍÌLÎMŒNKL‚ŒLÌŒŒŽLÍM‹ŽLÌŒŒŽLÍM™KL‚KŒLÌŒŒŽLÍM‹ŽLÌŒŒŽLÍM™KL‚‹ŒÍÌLÎMŒN‹ÍÌLÎMŒN™KL‚ËŒLŒÍŒÌLŒËLŒÍŒÌLŒÙKL‚ŒLMÍLLŒÌŽŒLMÍLLŒÌŽKL‚KŒÍMÌÌNÍMÌ‹ËMÌÌNÍMÌ™KL‚‹ŒŽLÎLLÍMK‹ŽLÎLLÍMYKL‚ËŒŒMLÍŒË‹ŒMLÍŒÙKL‚ŒLÎŒŽL‹KŒÎŒŽL™KL‚KŒNMMÌMŽNMMÌMKL‚LŒÎLÍLÎÎNMKËŽLÍLÎÎNMYKL‚LKLŒNMNMÎÍKKŒŒLÍÍÍÙKLÂL‹LŒNNÌŒÌŽKLËLŒŒŽLLNMLŒÎMNNMÍÍNMKLŒLMNMÎÎMËM‹LŒLÌMNMÍMKMËLŒNÎÍŒŽMŽKNLŒMŒÎLÍŒÌŽNKNKLŒLŒLÍÍÍÌL‹ŒLŒÍMÍÍÍÎKŒKLŒÌÍŒŒÍÍÌM‹Œ‹LŒÍŒLÎMŒNŒËŒÍNLÌMKËLLÎŒÌLYKL‚ŒNÌÍNMMÍÎKŽÌÍNMMÍÎKL‚KŒŒMŽ‹ŒMŽKL‚‹ŒÎMÌLŒNMM‹‹ÎMÌLŒNMM™KL‚ËŒÍŽMLLNMËŽMLLNMKL‚ŽŒNNLÍ‹NNLÍ™KL‚ŽKŒLLŒÌÍLÎMMKŒLŒÌÍLÎMMKL‚ÌŒMNNNNLMM‹KNNNNLMM™KL‚ÌKŒNNÎLLLËKŽNÎLLLÙKL‚Ì‹ŒLMÌŒÎLKKŒMÌŒÎLYKLBÌËŒLMÌŒÎLKKŒMÌŒÎLYKLBÍŒNNÎLLMKŽNÎLLMKL‚ÍKŒMNNNNLMLËKNNNNLMLÙKL‚Í‹ŒLLŒÌÍLÎMLKKŒLŒÌÍLÎMLYKL‚ÍËŒNNLÍNNLÍKL‚ÎŒÍŽMLLNLÎNKËŽMLLNLÎNYKL‚ÎKŒÎMÌLŒNMMË‹ÎMÌLŒNMMÙKL‚ŒŒMŽ‹‹ŒMŽ™KL‚KŒNÌÍNMMÍÎKKŽÌÍNMMÍÎYKL‚‹ŒÍNLÌMLKËLLÎŒÌLYKL‚ËLŒÍŒLÎMŒNLŒÌÍŒŒÍÍÌM‹KLŒÍMÍÍÍÎK‹LŒLŒLÍÍÍÌL‹ËLŒMŒÎLÍŒÌËLŒNÎÍŒŽMŽKKLŒLMÎMÌÎNLŒÍKLLŒŒŒMLÎLN‹LKLŒMŽÍŒÌŽLNL‹LŒLŽNLÎNŒÎLËLËLŒLMŽÍÌMËMLŒMÍŒML‹MKŒLLŒLMÌMŽLÍ‹ŽLŽNÎÙKL‚M‹ŒÌŒLŽNMŽK‹ÌŒLŽNMŽYKL‚MËŒÌÍŽŒLÌËËŒÍŽŒLÌÙKL‚NŒÍMÍÍŒÌNËMÍÍŒÌNKL‚NKŒMMMMNŒËMMMMNŒÙKL‚ŒŒMÎMÌÍKÎMÌÍKL‚ŒKŒLŒŒNNLLKKŒŒŒNNLLYKLBŒ‹ŒLÍNÌŒŒKKŒÍNÌŒŒYKLBŒËŒLLLŽLÌÌËKŒLLŽLÌÌÙKLBŒLLŽÌŒNLKŒLŽÌŒNLKLBKŒLLŽÌŒNLKŒLŽÌŒNLKLB‹ŒLLLŽLÌÌËKŒLLŽLÌÌÙKLBËŒLÍNÌŒŒKKŒÍNÌŒŒYKLBŽŒLŒŒNNLLKKŒŒŒNNLLYKLBŽKŒMÎMÌÍ‹KÎMÌÍ™KL‚ÌŒMMMMNKMMMMNYKL‚ÌKŒÍMÍÍŒÌNKËMÍÍŒÌNYKL‚Ì‹ŒÌÍŽŒLÌ‹ËŒÍŽŒLÌ™KL‚ÌËŒÌŒLŽNMŽ‹ÌŒLŽNMŽKL‚ÍŒLLŒLMÌMŽLÍË‹ŽLŽNÎÙKL‚ÍKLŒMÍŒML‹Í‹LŒLMŽÍÌMÍËLŒLŽNLÎNŒÎLËÎLŒMŽÍŒÌŽLNÎKLŒŒŒMLÎLN‹LŒLMÎMÌÎNLŒÍKKLŒÌLÎNŒMNLË‹LŒÍÎLÌLMÍËLŒŒMLÎLMLÍÌ‹LŒLÎLÍŽLŒŒ‹KLŒÌŒNÍMÍ‹‹LŒŒŒNLÍÍŽMÌ‹ËŒLMLLLÌÍŽNMË‹ŒNLŽNLYKL‚ŒÍÍŒLLMÎKËÍŒLLMÎYKL‚KŒÎLLŒÍÍÌMËËŽLLŒÍÍÌMÙKL‚LŒÌÍÍNŽÌÍ‹ŒÌÍÍNŽÌÍ™KL‚LKŒLÎMLNM‹KŒÎMLNM™KL‚L‹ŒLLÌLÌMMÍ‹KŒLÌLÌMMÍ™KLBLËŒLLŽÌÎLÌML‹KŒLŽÌÎLÌML™KLBMŒLNNMÌŽŽMÍ‹KŒNNMÌŽŽMÍ™KLBMKŒLŒÌLLKKŒŒÌLLYKLBM‹ŒLLŒŒŒ‹KŒLŒŒŒ™KLBMËŒLLŒŒŒ‹KŒLŒŒŒ™KLBNŒLŒÌLLKKŒŒÌLLYKLBNKŒLNNMÌŽŽMÍ‹KŒNNMÌŽŽMÍ™KLBLŒLLŽÌÎLÌML‹KŒLŽÌÎLÌML™KLBLKŒLLÌLÌMMÍ‹KŒLÌLÌMMÍ™KLBL‹ŒLÎMLNMËKŒÎMLNMÙKL‚LËŒÌÍÍNŽÌÍŒÌÍÍNŽÌÍKL‚LŒÎLLŒÍÍÌMËËŽLLŒÍÍÌMÙKL‚LKŒÍÍŒLLMÎKËÍŒLLMÎYKL‚L‹ŒLMLLLÌÍŽNMK‹ŒNLŽNLYKL‚LËLŒŒŒNLÍÍŽMÌ‹LLŒÌŒNÍMÍËLKLŒLÎLÍŽLŒŒ‹LLLŒŒMLÎLMLÍÌ‹LLKLŒÍÎLÌLMÍLL‹LŒÌLÎNŒMNLËLLËLŒÍÎŒMŒMËLMLŒÌÌLŒÌKLMKLŒMLLLÍLMKLM‹LŒMŽÌLÍÎŒ‹LMËLŒÎLÍMLMMKLNLŒŽMÌNMŒÌËLNKLŒÎÍMŽMMMKLLŒLÎÎM™KL‚LŒŒMÍŒMŽNKŒMÍŒMŽNYKL‚LŒKŒÌNMÌŒNNÌNMÌŒNNKL‚LŒ‹ŒLÎLÍËKŒÎLÍÙKL‚LŒËŒLNLMLMËKŒNLMLMÙKLBLŒLLÎÍÍMÍKŒLÎÍÍMÍKLBLKŒLŒÍLÍMŽL‹KŒŒÍLÍMŽL™KLBL‹ŒLÌÍÎMLMMKŒÌÍÎMLMMKLBLËŒLÍLMÌMÍÌMÎKŒÍLMÌMÍÌMÎKLBLŽŒLÍÍÌŒÍÎLËKŒÍÍÌŒÍÎLÙKLBLŽKŒLÍÍÌŒÍÎLËKŒÍÍÌŒÍÎLÙKLBLÌŒLÍLMÌMÍÌMÎKŒÍLMÌMÍÌMÎKLBLÌKŒLÌÍÎMLMMKŒÌÍÎMLMMKLBLÌ‹ŒLŒÍLÍMŽL‹KŒŒÍLÍMŽL™KLBLÌËŒLLÎÍÍMÍKKŒLÎÍÍMÍYKLBLÍŒLNLMLMËKŒNLMLMÙKLBLÍKŒLÎLÍËKŒÎLÍÙKL‚LÍ‹ŒÌNMÌŒNM‹ÌNMÌŒNM™KL‚LÍËŒMÍŒMŽKŒMÍŒMŽYKL‚LÎLŒÎÍMŽMMMÍËKLLŒLÎÎMKL‚LÎKLŒŽMÌNMŒÌËMLŒÎLÍMLMMKMKLŒMŽÌLÍÎŒ‹M‹LŒMLLLÍLMKMËLŒÌÌLŒÌKMLŒÍÎŒMŒMËMKLLNŽNMËM‹LŒÍŒLLŒŽÌL‹MËLŒŽÎNMNMËMLŒNLÌÌŒÍNMKMKLŒLMÌÎLMNLKMLLŒÍŒŒÌÍÍNL‹MLKLŒŒMNMÌLÌÍŒ‹ŽMŒNKLÂML‹ŒMÎÍÍÍŒKŒMÎÍÍÍŒYKL‚MLËŒLÌÍMÎŽËKŒÌÍMÎŽÙKL‚MMŒMÍŒNNLM‹KÍŒNNLM™KL‚MMKŒLMLÎKŒMLÎKLBMM‹ŒLŒŽMNMMMËKŒŒŽMNMMMÙKLBMMËŒLÌÍŒÍMMMKKŒÌÍŒÍMMMYKLBMNŒMMLMN‹KMLMN™KLBMNKŒMÍŽŒÌÌKKÍŽŒÌÌYKLBMŒŒMMÌNNKKMÌNNYKLBMŒKŒMMÌNNKKMÌNNYKLBMŒ‹ŒMÍŽŒÌÌ‹KÍŽŒÌÌ™KLBMŒËŒMMLMNËKMLMNÙKLBMŒLÌÍŒÍMMMKKŒÌÍŒÍMMMYKLBMKŒLŒŽMNMMMËKŒŒŽMNMMMÙKLBM‹ŒLMLÎKŒMLÎKLBMËŒMÍŒNNLMŽKÍŒNNLMŽKL‚MŽŒLÌÍMÎŽKKŒÌÍMÎŽYKL‚MŽKŒMÎÍÍÍŒŒMÎÍÍÍŒKL‚MÌLŒŒMNMÌLÌÍŒ‹ŽMŒMÍKLÂMÌKLŒÍŒŒÌÍÍNL‹MÌ‹LŒLMÌÎLMNLKMÌËLŒNLÌÌŒÍNMKMÍLŒŽÎNMNMËMÍKLŒÍŒLLŒŽÌL‹MÍ‹LLNŽNMËMÍËLLÍLŒMŒKMÎLŒÍŽLLŒKMÎKLŒŽLNMNŽMÍKNLŒNNŽLŽÍMËNKLŒLŽMŽÍŽKN‹LŒŒÍLÌMKNËLŒMÎLËNŒÌÎNÌMÍ‹ËÎLÍŽL™KL‚NKŒŒÍŒÍÌKŒNMŒLMÌÍ™KL‚N‹ŒMÌÎNMŽKÌÎNMŽKL‚NËŒLLNÍMMLÌËKŒLNÍMMLÌÙKLBNŒLMÌŒNLËKŒMÌŒNLÙKLBNKŒLÍÎŒŒŒ‹KŒÍÎŒŒŒ™KLBNLŒMŒÌMŒL‹KŒÌMŒL™KLBNLKŒMLMMŒMÌM‹KLMMŒMÌM™KLBNL‹ŒMMÎMÎLNLÍ‹KMÎMÎLNLÍ™KLBNLËŒMMÎMÎLNLÍ‹KMÎMÎLNLÍ™KLBNMŒMLMMŒMÌM‹KLMMŒMÌM™KLBNMKŒMŒÌMŒL‹KŒÌMŒL™KLBNM‹ŒLÍÎŒŒŒŒKKŒÍÎŒŒŒŒYKLBNMËŒLMÌŒNLËKŒMÌŒNLÙKLBNNŒLLNÍMMLÌËKŒLNÍMMLÌÙKLBNNKŒMÌÎNMËKÌÎNMÙKL‚ŒŒŒÍŒÍÌ‹KŒNMŒLMÌÍ™KL‚ŒKŒÌÎNÌMÍ‹ËÎLÍŽLŒYKL‚Œ‹LŒMÎMŒËLŒŒÍLÌMKŒLŒLŽMŽÍŽKŒKLŒNNŽLŽÍMËŒ‹LŒŽLNMNŽMÍKŒËLŒÍŽLLŒKŒLLÍLŒMŒKŒKLŒÍÎLMŽLKŒLLŒÌÎLÌÎÎMKŒLKLŒŽÌMÍÍŒÍKŒL‹LŒNÌNŒÌLMËŒLËLŒLMMÎLM‹ŒMLŒLŒÎŽLKŒMKLŒÍLLŽKŒM‹ŒÍNNMÎM‹‹ŒÌÍÎNŒLÍŒÙKL‚ŒMËŒŒŒŽMMLŒŒËËŽMÍNLÌŒMKL‚ŒNŒÍŒMŒÍMLKŒÌÌŒÌŒ™KL‚ŒNKŒMMLMMÌÌÎNKMLMMÌÌÎNKL‚ŒŒŒLLLŽMNKKŒLLŽMNYKLBŒŒKŒLŒNLÌ‹KŒŒNLÌ™KLBŒŒ‹ŒLŽMŒLŒÍËKŒŽMŒLŒÍÙKLBŒŒËŒLÍMŽNÌŒKKŒÍMŽNÌŒYKLBŒŒLÍÌŒMMNLËKŒÍÌŒMMNLÙKLBŒKŒLÍÌŒMMNLËKŒÍÌŒMMNLÙKLBŒ‹ŒLÍMŽNÌŒKKŒÍMŽNÌŒYKLBŒËŒLŽMŒLŒÍKŒŽMŒLŒÍKLBŒŽŒLŒNLÌËKŒŒNLÌÙKLBŒŽKŒLLLŽMNKKŒLLŽMNYKLBŒÌŒMMLMMÌÍKMLMMÌÍKL‚ŒÌKŒÍŒMŒÍMLËŒÌÌŒÌŒÙKL‚ŒÌ‹ŒŒŒŽMMLŒËŽMÍNLÌŒMYKL‚ŒÌËŒÍNNMÎM‹‹ŒÌÍÎNŒLÍŒÙKL‚ŒÍLŒÍLLÌKŒÍKLŒLŒÎŽLKŒÍ‹LŒLMMÎLM‹ŒÍËLŒNÌNŒÌLMËŒÎLŒŽÌMÍÍŒÍKŒÎKLŒÌÎLÌÎÎMKLŒÍÎLMŽLKKLŒŽMLÍÎÍL‹LŒŒÍŽLLŒMËLŒŒŒÌÍLMNLŒLÎÍLMÍŽKKLŒÍŒÌÌŒNŒË‹LŒÌLMMNMŽËËLŒÌŒLMÍNM‹KŒMNLÍÙKLÂŒLÍMMMÍM‹KŒNÌŽMÎ™KL‚KŒŽMMMŽNLË‹ÍNLÍMÌÌ™KL‚LŒŽŽLLÎŒNËMŒŒNMLMYKL‚LKŒLÎŒMŽMÎMKŒÎŒMŽMÎMKL‚L‹ŒLÎNÌÎŽKŒÎNÌÎŽKLBLËŒLNMMŒMŒMÌŽKKŒNMMŒMŒMÌŽYKLBMŒLÍŒÍMŒLLËKŒÍŒÍMŒLLÙKLBMKŒLÌÌLŽŒÎKKŒÌÌLŽŒÎYKLBM‹ŒLÍNŒÌNNNKKŒÍNŒÌNNNYKLBMËŒLÍNŒÌNNNKKŒÍNŒÌNNNYKLBNŒLÌÌLŽŒÎKKŒÌÌLŽŒÎYKLBNKŒLÍŒÍMŒLLËKŒÍŒÍMŒLLÙKLBŒŒLNMMŒMŒMÌŽKŒNMMŒMŒMÌŽKLBŒKŒLÎNÌÎŽKŒÎNÌÎŽKLBŒ‹ŒLÎŒMŽMÎMKŒÎŒMŽMÎMKL‚ŒËŒŽŽLLÎŒNËMŒŒNMLMYKL‚ŒŽMMMŽNL‹ÍNLÍMÌÌÙKL‚KŒLÍMMMÍMKKŒNÌŽMÎ™KL‚‹LŒÌŒLMÍ‹KŒMNLÌÙKLÂËLŒÌLMMNMŽËŽLŒÍŒÌÌŒNŒËŽKLŒLÎÍLMÍŽKÌLŒŒŒÌÍLMNÌKLŒŒÍŽLLŒMÌ‹LŒŽMLÍÎÍLÌËLŒMLÌÎMŽNMŒKÍLŒMÎŒMÌLËÍKLŒLÍÌÍŒŒ‹Í‹LŒNLMLÍMËÍËLŒŽNÌÍÎL‹ÎLŒNÌM‹‹ŒÍNLLMKL‚ÎKŒŒÎŒLÍŽMŒÍŒŒMÌNKL‚ŽŒLNNŽMÌ‹KŒŒLÌÌÌL™KLBŽKŒMLMŒÌÎMŒMMËKLMŒÌÎMŒMMÙKLBŽ‹ŒNŒÎLŒNKKŽŒÎLŒNYKLBŽËŒŒLÍŒÎŒ‹‹ŒLÍŒÎŒ™KLBŽŒŒÌLÌLNLM‹‹ŒÌLÌLNLM™KLBŽKŒÍÌMÎ‹ÍÌMÎKLBŽ‹ŒŒMLÎMÍMÌK‹ŒMLÎMÍMÌYKLBŽËŒŽÌLÌNM‹‹ŽÌLÌNM™KLBŽŒÌŽMMÌÌNK‹ÌŽMMÌÌNYKLBŽKŒÌŽMMÌÌNK‹ÌŽMMÌÌNYKLBŽLŒŽÌLÌNM‹‹ŽÌLÌNM™KLBŽLKŒŒMLÎMÍMÌK‹ŒMLÎMÍMÌYKLBŽL‹ŒÍÌMÎ‹ÍÌMÎKLBŽLËŒŒÌLÌLNLM‹‹ŒÌLÌLNLM™KLBŽMŒŒLÍŒÎŒK‹ŒLÍŒÎŒYKLBŽMKŒNŒÎLŒ‹KŽŒÎLŒ™KLBŽM‹ŒMLMŒÌÎMŒMMËKLMŒÌÎMŒMMÙKLBŽMËŒLNNŽMÌ‹KŒŒLÌÌÌL™KLBŽNŒŒÎŒLÍŽM‹ŒÍŒŒMÌM™KL‚ŽNKLŒNÌMLK‹ŒÍNLLL™KL‚ÌLŒŽNÌÍÎL‹ÌKLŒNLMLÍMËÌ‹LŒLÍÌÍŒŒ‹ÌËLŒMÎŒMÌLËÌLŒMLÌÎMŽNMŒKÌKLŒMLŒÌŒÎM‹ŒÍMÎLÍÍ™KL‚Ì‹LŒMŽNLLMŒÌŒÍKŒÍLLL™KL‚ÌËLŒÍÌÍÌMMÌMŒLKKŒMŽNLMLYKLBÌŒLNMLNMÌŒ‹KÍÍŒMMLM™KLBÌKŒŒMŽNÌNLK‹ŒMŽNÌNLYKLBÌLŒLŽLLMÌŽÍK‹LŽLLMÌŽÍYKLBÌLKŒŒLLÌÎ‹ŒLLÌÎKLBÌL‹ŒÎLŒNLM‹‹ÎLŒNLM™KLBÌLËŒŒÌŽÌ‹‹ŒÌŽÌ™KLBÌMŒŒNMŒÍMÍŒK‹ŒNMŒÍMÍŒYKLBÌMKŒŒLMLMŒÌLË‹ŒLMLMŒÌLÙKLBÌM‹ŒŒÍÎË‹ŒÍÎÙKLBÌMËŒŒMŒK‹ŒMŒYKLBÌNŒŒŒÌÌŒŽLM‹‹ŒŒÌÌŒŽLM™KLBÌNKŒŒŽLŽLÍ‹ŒŽLŽLÍKLBÌŒŒŒÌŽŒÌÌŽK‹ŒÌŽŒÌÌŽYKLBÌŒKŒŒÌŽŒÌÌŽK‹ŒÌŽŒÌÌŽYKLBÌŒ‹ŒŒŽLŽLÍ‹ŒŽLŽLÍKLBÌŒËŒŒŒÌÌŒŽLM‹‹ŒŒÌÌŒŽLM™KLBÌŒŒMŒK‹ŒMŒYKLBÌKŒŒÍÎË‹ŒÍÎÙKLBÌ‹ŒŒLMLMŒÌLË‹ŒLMLMŒÌLÙKLBÌËŒŒNMŒÍMÍŒK‹ŒNMŒÍMÍŒYKLBÌŽŒŒÌŽÌ‹‹ŒÌŽÌ™KLBÌŽKŒÎLŒNLMNK‹ÎLŒNLMNYKLBÌÌŒŒLLÌÎ‹ŒLLÌÎKLBÌÌKŒLŽLLMÌŽÍK‹LŽLLMÌŽÍYKLBÌÌ‹ŒŒMŽNÌNLK‹ŒMŽNÌNLYKLBÌÌËŒLNMLNMÌŒ‹KÍÍŒMMLM™KLBÌÍLŒÍÌÍÌMMÌMŒLKKŒMŽNLMLYKLBÌÍKLŒMŽNLLMŒÌŒÍKŒÍLLLYKL‚ÌÍ‹LŒMLŒÌŒÎM‹ŒÍMÎLÍÍÙKL‚ÌÍËŒMŽLÍ‹KŽLÍ™KLBÌÎŒLŽLNNÍÌMŒ‹KLMLŒMŒYKLBÌÎKŒMNNMÌMKKŒÍÍMÌŒÍÎYKLBÍLŒLLÎLMMMÍKŒLMŒ™KLBÍKLŒMŽLÍŽLLNNKËŒLNNMÌNNYKL‚Í‹LŒŽÌŽLMÌËËŒÍNMMŒÙKL‚ÍËLŒŒÍÌNÍLLM‹ŒLŒÌŒ™KLÂÍLŒNLÍŒŒÌMŽMÍKLŒLÎMÌÌÌŒM‹Í‹LŒLŽÍÍÎŽËÍËLŒMŒMŒLÎÍLŒMŒLÍMŒËÍKLŒMÌŒNLMŒMŽËÍLLŒNÍŽNL‹ÍLKLŒNMŒMLÌÍ‹ÍL‹LŒNMŒNLŒÌÍMKÍLËLŒNMŒNLŒÌÍMKÍMLŒNMŒMLÌÍ‹ÍMKLŒNÍŽNL‹ÍM‹LŒMÌŒNLMŒMŽËÍMËLŒMŒLÍMŒËÍNLŒMŒMŒLÎÍNKLŒLŽÍÍÎŽËÍŒLŒLÎMÌÌÌŒM‹ÍŒKLŒNLÍŒŒÌMŽMÍŒ‹LŒŒÍÌNÍLLM‹ŒLŒÌŒYKLÂÍŒËLŒŽÌŽLMÌËËŒÍNMMŒ™KL‚ÍLŒMŽLÍŽLLNNKËŒLNNMÌNNYKL‚ÍKLŒLLÎLMMMÍKKŒLMŒ™KLBÍ‹ŒMNNMÌMKKŒÍÍMÌŒÍÎYKLBÍËŒLŽLNNÍÌMŒ‹KLMLŒMŒYKLBÍŽŒMŽLÍ‹KŽLÍ™KLBÍŽKLŒÍŒLÍŽMÎÍÌLŒŽLLŒÍŽMKÍÌKLŒÌMÌŒMLÌMKÍÌ‹LŒÍMMŒÎMŽÎËÍÌËLŒÍÌÌÌMN‹ÍÍLMLÎÌNÍÍKLLLNÎLŒËÍÍ‹LMÌMÍMŒŽ‹ÍÍËLŒŽÎLŒNLËÍÎLŽÍÌÍLŒNLKÍÎKLÌÌÌLÎMÍLKÎLÍÍMMŒÎMLËÎKLŽMŒŽLMŒ‹Î‹LŽÍLÌÌÍLÍŒ‹ÎËLŽLŒÌÌÎLËÎLŽŒLÎNML‹ÎKLŽŒLÎNML‹Î‹LŽLŒÌÌÎLËÎËLŽÍLÌÌÍLÍŒ‹ÎLŽMŒŽLMŒ‹ÎKLÍÍMMŒÎMLËÎLLÌÌÌLÎMÍKÎLKLŽÍÌÍLŒNLKÎL‹LŒŽÎLŒNLËÎLËLMÌMÍMŒŽ‹ÎMLLLNÎLŒËÎMKLMLÎÌNÎM‹LŒÍÌÌÌMN‹ÎMËLŒÍMMŒÎMŽÎËÎNLŒÌMÌŒMLÌMKÎNKLŒŽLLŒÍŽMKŽLŒÍŒLÍŽMÎŽKLŒÎÌLŒMŒLÌËŽ‹LŒÎLÌLÌÍMËŽËLLÌNLÌŒŽŽLLMLŒŽMMŒKŽKLÍŒÎLŒŒNMËŽ‹LLMNMÍMMŽŽËLMNLMÍŽKŽLŒMŒLŒ‹ŽKLLŒMÎÌLŽLLŽLMÌMMÌMËŽLKLKŒÌÍÌÌMMŽL‹LKŽMLŽÍKŽLËL‹ŒNŽŒÌKŽML‹ŒÌLLLNMKŽMKL‹ŒLŽMÌŽM‹ŽM‹L‹ŒLLÎMŽLËŽMËL‹ŒLLÎMŽLËŽNL‹ŒLŽMÌŽM‹ŽNKL‹ŒÌLLLNMKŽŒL‹ŒNŽŒÌKŽŒKLKŽMLŽÍKŽŒ‹LKŒÌÍÌÌMMŽŒËLŽLMÌMMÌMËŽLLŒMÎÌLŽKLŒMŒLŒ‹Ž‹LMNLMÍŽKŽËLLMNMÍMMŽŽŽLÍŒÎLŒŒNMËŽŽKLLMLŒŽMMŒKŽÌLLÌNLÌŒŽŽÌKLŒÎLÌLÌÍMËŽÌ‹LŒÎÌLŒMŒLÌËŽÌËŒÍLMŒMŽNLKËLMŒMŽNLYKL‚ŽÍŒÍNLŒŒMÍKËNLŒŒMÍYKL‚ŽÍKŒÍÌLÌÌNLKËÌLÌÌNLYKL‚ŽÍ‹ŒÍŽNLŽNËËŽNLŽNÙKL‚ŽÍËŒÍÌMLMÎL‹ËÌMLMÎL™KL‚ŽÎŒÍÍÍLÌNLLKËÍÍLÌNLLYKL‚ŽÎKŒÍÎÌMËËÎÌMÙKL‚ŽŒÎŒÎMÎMLKËŽŒÎMÎMLYKL‚ŽKŒÎÌŒÍÌNKËŽÌŒÍÌNYKL‚Ž‹ŒÎLNMŒÍNMMKËŽLNMŒÍNMMYKL‚ŽËŒÎMMÌÌNLËËŽMMÌÌNLÙKL‚ŽŒLŒŒNŽŒLŒŒNŽKL‚ŽKŒÌŽMŒÌ‹ŒÌŽMŒÌ™KL‚Ž‹ŒÎŒLLLL‹ŒÎŒLLLL™KL‚ŽËŒNMMMLNLŒNMMMLNLKL‚ŽŒLLŽLLŽŒLLŽLLŽKL‚ŽKŒLLŽLLÌKŒLLŽLLÌYKL‚ŽLŒNMMMLNLKŒNMMMLNLYKL‚ŽLKŒÎŒLLLLËŒÎŒLLLLÙKL‚ŽL‹ŒÌŽMŒŽKŒÌŽMŒŽYKL‚ŽLËŒLŒŒNŽKŒLŒŒNŽYKL‚ŽMŒÎMMÌÌNKËŽMMÌÌNYKL‚ŽMKŒÎLNMŒÍNMMËŽLNMŒÍNMMKL‚ŽM‹ŒÎÌŒÍÌNKËŽÌŒÍÌNYKL‚ŽMËŒÎŒÎMÎMKËŽŒÎMÎMYKL‚ŽNŒÍÎÌM‹ËÎÌM™KL‚ŽNKŒÍÍÍLÌNLL‹ËÍÍLÌNLL™KL‚ŽŒŒÍÌMLMÎKËÌMLMÎYKL‚ŽŒKŒÍŽNLŽN‹ËŽNLŽN™KL‚ŽŒ‹ŒÍÌLÌÌNLËËÌLÌÌNLÙKL‚ŽŒËŒÍNLŒŒMÌ‹ËNLŒŒMÌ™KL‚ŽŒÍLMŒMŽNKËLMŒMŽNYKL‚ŽKŒÎÎŒŽLNL‹ËŽÎŒŽLNL™KL‚Ž‹ŒÎÍÎÌŽKËŽÍÎÌŽYKL‚ŽËŒÎÍŒÌLLLËŽÍŒÌLLLKL‚ŽŽŒÎÍLŒŒÌŽËËŽÍLŒŒÌŽÙKL‚ŽŽKŒÎÍMLÍŽLŒÍKËŽÍMLÍŽLŒÍYKL‚ŽÌŒÎÎLŒLÍËËŽÎLŒLÍÙKL‚ŽÌKŒÎMŒŽLKËŽMŒŽLYKL‚ŽÌ‹ŒÎMLÍMÎLÍŽLKËŽMLÍMÎLÍŽLYKL‚ŽÌËŒÎŽLNMLLËŽŽLNMLLKL‚ŽÍŒÎMNLL‹ËŽMNLL™KL‚ŽÍKŒÎLÍŒÍÎKËŽLÍŒÍÎYKL‚ŽÍ‹ŒÎLŒNLLÎKËŽLŒNLLÎYKL‚ŽÍËŒÎLÎLÎMŒŒMËŽLÎLÎMŒŒMKL‚ŽÎŒÎMLÍŒÌLLŒŽËŽMLÍŒÌLLŒŽKL‚ŽÎKŒÎMŒÎŒŒŒÌMÍËŽMŒÎŒŒŒÌMÍKL‚ŽŒÎMŽLNMMM‹ËŽMŽLNMMM™KL‚ŽKŒÎMŽLNMMMËËŽMŽLNMMMÙKL‚Ž‹ŒÎMŒÎŒŒŒÌMÍ‹ËŽMŒÎŒŒŒÌMÍ™KL‚ŽËŒÎMLÍŒÌLLŒÎËŽMLÍŒÌLLŒÎKL‚ŽŒÎLÎLÎMŒŒLËËŽLÎLÎMŒŒLÙKL‚ŽKŒÎLŒNLLKËŽLŒNLLYKL‚Ž‹ŒÎLÍŒÍËŽLÍŒÍKL‚ŽËŒÎMNLL‹ËŽMNLL™KL‚ŽŒÎŽLNMLLËŽŽLNMLLKL‚ŽKŒÎMLÍMÎLÍŽLKËŽMLÍMÎLÍŽLYKL‚ŽLŒÎMŒŽLKËŽMŒŽLYKL‚ŽLKŒÎÎLŒLÍKËŽÎLŒLÍYKL‚ŽL‹ŒÎÍMLÍŽLŒÎKËŽÍMLÍŽLŒÎYKL‚ŽLËŒÎÍLŒŒÌŽËËŽÍLŒŒÌŽÙKL‚ŽMŒÎÍŒÌLLL‹ËŽÍŒÌLLL™KL‚ŽMKŒÎÍÎÌŽLKËŽÍÎÌŽLYKL‚ŽM‹ŒÎÎŒŽLNMËŽÎŒŽLNMKL‚ŽMËŒÎLÌLÌMKËŽLÌLÌMYKL‚ŽNŒÎNŒÌÌNKËŽNŒÌÌNYKL‚ŽNKŒÎLLÌŽËËŽLLÌŽÙKL‚ŽLŒÎNŒÍÎLNKËŽNŒÍÎLNYKL‚ŽLKŒÎÌŽNMŒNMŒËËŽÌŽNMŒNMŒÙKL‚ŽL‹ŒÎŒMÌNLLKËŽŒMÌNLLYKL‚ŽLËŒÎŒÎNMÍ‹ËŽŒÎNMÍ™KL‚ŽLŒÎŒŽÌŒÍKËŽŒŽÌŒÍYKL‚ŽLKŒÎÌŒMMMÌŒ‹ËŽÌŒMMMÌŒ™KL‚ŽL‹ŒÎÍÍŒMLNKËŽÍÍŒMLNYKL‚ŽLËŒÎLÌL‹ËŽLÌL™KL‚ŽLŒÎMŽMMÍÎËŽMŽMMÍÎKL‚ŽLKŒÎLÎLÍŒÍËËŽLÎLÍŒÍÙKL‚ŽLLŒÎLMÍLLMŒÌ‹ËŽLMÍLLMŒÌ™KL‚ŽLLKŒÎLNLŒÍÌKËŽLNLŒÍÌYKL‚ŽLL‹ŒÎLŽÌMÍMÍÍ‹ËŽLŽÌMÍMÍÍ™KL‚ŽLLËŒÎLŽÌMÍMÍÍ‹ËŽLŽÌMÍMÍÍ™KL‚ŽLMŒÎLNLŒÍÌKËŽLNLŒÍÌYKL‚ŽLMKŒÎLMÍLLMŒÌ‹ËŽLMÍLLMŒÌ™KL‚ŽLM‹ŒÎLÎLÍŒÍKËŽLÎLÍŒÍYKL‚ŽLMËŒÎMŽMMÍÎKËŽMŽMMÍÎYKL‚ŽLNŒÎLÌLËËŽLÌLÙKL‚ŽLNKŒÎÍÍŒMLŒKËŽÍÍŒMLŒYKL‚ŽLŒŒÎÌŒMMMÌËŽÌŒMMMÌKL‚ŽLŒKŒÎŒŽÌŒÍËŽŒŽÌŒÍKL‚ŽLŒ‹ŒÎŒÎNMÎKËŽŒÎNMÎYKL‚ŽLŒËŒÎŒMÌNLL‹ËŽŒMÌNLL™KL‚ŽLŒÎÌŽNMŒNMŒËËŽÌŽNMŒNMŒÙKL‚ŽLKŒÎNŒÍÎLNËŽNŒÍÎLNKL‚ŽL‹ŒÎLLÌŽ‹ËŽLLÌŽ™KL‚ŽLËŒÎNŒÌÌN‹ËŽNŒÌÌN™KL‚ŽLŽŒÎLÌLÌMËŽLÌLÌMKL‚ŽLŽKŒÎNMNŒÍÌËËŽNMNŒÍÌÙKL‚ŽLÌŒÎÍÌLM‹ËŽÍÌLM™KL‚ŽLÌKŒÎÍMÌLËŽÍMÌLKL‚ŽLÌ‹ŒÎŽLLÍÍNËŽŽLLÍÍNKL‚ŽLÌËŒÎŒÍLMÌNNËŽŒÍLMÌNNKL‚ŽLÍŒÎŽŽLLÌŽKËŽŽŽLLÌŽYKL‚ŽLÍKŒÎÍLÎMŒÎLLËËŽÍLÎMŒÎLLÙKL‚ŽLÍ‹ŒÎÎMŒŒÍMŒËËŽÎMŒŒÍMŒÙKL‚ŽLÍËŒÎNŒŒMNKËŽNŒŒMNYKL‚ŽLÎŒÎLÌLNËŽLÌLNKL‚ŽLÎKŒÎLÌÎMLM‹ËŽLÌÎMLM™KL‚ŽMŒÎLŽLLÌÎM‹ËŽLŽLLÌÎM™KL‚ŽMKŒÎMÌŒKËŽMÌŒYKL‚ŽM‹ŒÎMLMÍÎNËŽMLMÍÎNKL‚ŽMËŒÎMÍŽÍËŽMÍŽÍKL‚ŽMŒÎNŽŒMŽËŽNŽŒMŽKL‚ŽMKŒÎNŽŒMŽKËŽNŽŒMŽYKL‚ŽM‹ŒÎMÍŽÍËŽMÍŽÍKL‚ŽMËŒÎMLMÍÎNÍ‹ËŽMLMÍÎNÍ™KL‚ŽMŒÎMÌ‹ËŽMÌ™KL‚ŽMKŒÎLŽLLÌÎMKËŽLŽLLÌÎMYKL‚ŽMLŒÎLÌÎMLNËŽLÌÎMLNKL‚ŽMLKŒÎLÌLNKËŽLÌLNYKL‚ŽML‹ŒÎNŒŒMNKËŽNŒŒMNYKL‚ŽMLËŒÎÎMŒŒÍMŒ‹ËŽÎMŒŒÍMŒ™KL‚ŽMMŒÎÍLÎMŒÎLL‹ËŽÍLÎMŒÎLL™KL‚ŽMMKŒÎŽŽLLÌŽKËŽŽŽLLÌŽYKL‚ŽMM‹ŒÎŒÍLMÌNNËŽŒÍLMÌNNKL‚ŽMMËŒÎŽLLÍÍM‹ËŽŽLLÍÍM™KL‚ŽMNŒÎÍMÌLËŽÍMÌLKL‚ŽMNKŒÎÍÌL‹ËŽÍÌL™KL‚ŽMŒŒÎNMNŒÍÌ‹ËŽNMNŒÍÌ™KL‚ŽMŒKŒÍMMMLNMÍËËMMMLNMÍÙKL‚ŽMŒ‹ŒÍŒLLÌÌMËËŒLLÌÌMÙKL‚ŽMŒËŒÍÌLMLÎNMÍËÌLMLÎNMÍKL‚ŽMŒÍŽLMÎMÌŒËËŽLMÎMÌŒÙKL‚ŽMKŒÍÌMÍKËÌMÍYKL‚ŽM‹ŒÍÌÌÌŒMŒKËÌÌÌŒMŒYKL‚ŽMËŒÍÍÌLÌÍËÍÌLÌÍKL‚ŽMŽŒÎMNLÎŒÌÍ‹ËŽMNLÎŒÌÍ™KL‚ŽMŽKŒÎMŽLÎLKËŽMŽLÎLYKL‚ŽMÌŒÎLMŒLÎMNMÌKËŽLMŒLÎMNMÌYKL‚ŽMÌKŒÎMÌLÍMÍMËËŽMÌLÍMÍMÙKL‚ŽMÌ‹ŒLÎNMŽNNŒLÎNMŽNNKL‚ŽMÌËŒMŒÌMŒŒKŒMŒÌMŒŒYKL‚ŽMÍŒÌÍÎ‹ŒÌÍÎ™KL‚ŽMÍKŒLÌÍLÎL‹ŒLÌÍLÎL™KL‚ŽMÍ‹ŒLŒNMLŒËŒLŒNMLŒÙKL‚ŽMÍËŒLŒNMLŒËŒLŒNMLŒÙKL‚ŽMÎŒLÌÍLÎL‹ŒLÌÍLÎL™KL‚ŽMÎKŒÌÍÎŒÌÍÎKL‚ŽNŒMŒÌMŒ‹ŒMŒÌMŒ™KL‚ŽNKŒLÎNMŽNNKŒLÎNMŽNNYKL‚ŽN‹ŒÎMÌLÍMÍMËËŽMÌLÍMÍMÙKL‚ŽNËŒÎLMŒLÎMNMÌKËŽLMŒLÎMNMÌYKL‚ŽNŒÎMŽLÎLŒËËŽMŽLÎLŒÙKL‚ŽNKŒÎMNLÎŒÌÎËŽMNLÎŒÌÎKL‚ŽN‹ŒÍÍÌLÌÌKËÍÌLÌÌYKL‚ŽNËŒÍÌÌÌŒMNKËÌÌÌŒMNYKL‚ŽNŒÍÌMÍËÌMÍKL‚ŽNKŒÍŽLMÎMÌNKËŽLMÎMÌNYKL‚ŽNLŒÍÌLMLÎNMÌËËÌLMLÎNMÌÙKL‚ŽNLKŒÍŒLLÌÌMËŒLLÌÌMKL‚ŽNL‹ŒÍMMMLNMÎËMMMLNMÎKL‚ŽNLËŒÌŽNMLÍMŒKËŒŽNMLÍMŒYKL‚ŽNMŒÌÌNNMNLKËŒÌNNMNLYKL‚ŽNMKŒÌÍÌÌÍLÌL‹ËŒÍÌÌÍLÌL™KL‚ŽNM‹ŒÍÌŒLÌÍËËÌŒLÌÍÙKL‚ŽNMËŒÍLLLÍŽÍËËLLLÍŽÍÙKL‚ŽNNŒÍMÎNLÍMMÍLËMÎNLÍMMÍLKL‚ŽNNKŒÍŽLLÎLÍLKËŽLLÎLÍLYKL‚ŒLŒÍÍÌNŒŒ‹ËÍÌNŒŒ™KL‚ŒLKŒÎŽMŒÍÍÎNKËŽŽMŒÍÍÎNYKL‚ŒL‹ŒÎMÌMŒLLËËŽMÌMŒLLÙKL‚ŒLËŒŽÌMŒ‹ŒŽÌMŒ™KL‚ŒLŒMLMÎLÌKŒMLMÎLÌYKL‚ŒLKŒŒLÌŽŒŒLÌŽKL‚ŒL‹ŒŽÍLLÎMMŒŽÍLLÎMMKL‚ŒLËŒÌNLŒLŒÍÍ‹ŒÌNLŒLŒÍÍ™KL‚ŒLŒÌÎÍÍÌLŽKŒÌÎÍÍÌLŽYKL‚ŒLKŒÌÎÍÍÌLŽKŒÌÎÍÍÌLŽYKL‚ŒLLŒÌNLŒLŒÍÍËŒÌNLŒLŒÍÍÙKL‚ŒLLKŒŽÍLLÎMMŒŽÍLLÎMMKL‚ŒLL‹ŒŒLÌŽKŒŒLÌŽYKL‚ŒLLËŒMLMÎLÌMËŒMLMÎLÌMÙKL‚ŒLMŒŽÌMŒKŒŽÌMŒYKL‚ŒLMKŒÎMÌMŒLL‹ËŽMÌMŒLL™KL‚ŒLM‹ŒÎŽMŒÍÎKËŽŽMŒÍÎYKL‚ŒLMËŒÍÍÌNŒŒ‹ËÍÌNŒŒ™KL‚ŒLNŒÍŽLLÎLÍLKËŽLLÎLÍLYKL‚ŒLNKŒÍMÎNLÍMMÍLŒËËMÎNLÍMMÍLŒÙKL‚ŒLŒŒÍLLLÍŽÎKËLLLÍŽÎYKL‚ŒLŒKŒÍÌŒLÌÎKËÌŒLÌÎYKL‚ŒLŒ‹ŒÌÍÌÌÍLÌLKËŒÍÌÌÍLÌLYKL‚ŒLŒËŒÌÌNNMNKËŒÌNNMNYKL‚ŒLŒÌŽNMLÍMNKËŒŽNMLÍMNYKL‚ŒLKŒŽMLLŽÌ‹ŽMLLŽÌKL‚ŒL‹ŒŽMLŽÎLÎMË‹ŽMLŽÎLÎMÙKL‚ŒLËŒŽNMÌLÎNK‹ŽNMÌLÎNYKL‚ŒLŽŒÌŽMÍÌŽMËËŒŽMÍÌŽMÙKL‚ŒLŽKŒÌNNMLŽLKËŒNNMLŽLYKL‚ŒLÌŒÌÍMÍÍÌŽËŒÍMÍÍÌŽKL‚ŒLÌKŒÍLŽNNMŽMŽKËLŽNNMŽMŽYKL‚ŒLÌ‹ŒÍÌLÌNLNN‹ËÌLÌNLNN™KL‚ŒLÌËŒÎŒŽ‹ËŽŒŽ™KL‚ŒLÍŒMŽLÎÌÎNL‹ŒMŽLÎÌÎNL™KL‚ŒLÍKŒŒMÍLŒŒŽŒŒMÍLŒŒŽKL‚ŒLÍ‹ŒÍLŒÌÍMŒŽLKŒÍLŒÌÍMŒŽLYKL‚ŒLÍËŒÌÌLMLŒ‹ÌÌLMLŒ™KL‚ŒLÎŒMMLLŽNLŒŽKMMLLŽNLŒŽYKL‚ŒLÎKŒŒMÍLÌÍLŒMÍLÌÍLKL‚ŒLŒLLÎÎKLLÎÎYKL‚ŒLKŒLLÎÎKLLÎÎYKL‚ŒL‹ŒŒMÍLÌÍL‹ŒMÍLÌÍL™KL‚ŒLËŒMMLLŽNLŒËMMLLŽNLŒÙKL‚ŒLŒÌÌLMLŒ‹ÌÌLMLŒ™KL‚ŒLKŒÍLŒÌÍMŒŽLKŒÍLŒÌÍMŒŽLYKL‚ŒL‹ŒŒMÍLŒŒŽKŒŒMÍLŒŒŽYKL‚ŒLËŒMŽLÎÌÎNLKŒMŽLÎÌÎNLYKL‚ŒLŒÎŒŽËŽŒŽKL‚ŒLKŒÍÌLÌNLNN‹ËÌLÌNLNN™KL‚ŒLLŒÍLŽNNMŽMŽKËLŽNNMŽMŽYKL‚ŒLLKŒÌÍMÍÍÌŽKËŒÍMÍÍÌŽYKL‚ŒLL‹ŒÌNNMLŽLËŒNNMLŽLKL‚ŒLLËŒÌŽMÍÌŽMËËŒŽMÍÌŽMÙKL‚ŒLMŒŽNMÌL‹ŽNMÌLKL‚ŒLMKŒŽMLŽÎLÎN‹ŽMLŽÎLÎNKL‚ŒLM‹ŒŽMLLŽÌK‹ŽMLLŽÌYKL‚ŒLMËŒŽMŽMÍMÍË‹ŽMŽMÍMÍÙKL‚ŒLNŒŽMLŒÍŒÎ‹ŽMLŒÍŒÎKL‚ŒLNKŒÍLMMÍË‹ÍLMMÍÙKL‚ŒLŒŒÌÌLŽM‹ÌÌLŽMKL‚ŒLŒKŒŽMLŒLÌK‹ŽMLŒLÌYKL‚ŒLŒ‹ŒÌÍŒÌNLŒLKËŒÍŒÌNLŒLYKL‚ŒLŒËŒÌÍMMÌÍÍKËŒÍMMÌÍÍYKL‚ŒLŒÍÍŽMMÌ‹ËÍŽMMÌ™KL‚ŒLKŒÎLŽŒMËŽLŽŒMKL‚ŒL‹ŒNÌŒŽLMÍÍŒNÌŒŽLMÍÍKL‚ŒLËŒŒŒLMÍÍÌKŒŒLMÍÍÌYKL‚ŒLŽŒŒLNŒMKŒLNŒMYKL‚ŒLŽKŒÎLŒMÎÍÎÎLŒMÎÍÎKL‚ŒLÌŒLNMÍÎÌKŽLNMÍÎÌYKL‚ŒLÌKŒLMÌMŒŒNLŒKKŒMÌMŒŒNLŒYKL‚ŒLÌ‹ŒLLŒNLKKŒLŒNLYKL‚ŒLÌËŒLLŒNLKKŒLŒNLYKL‚ŒLÍŒLMÌMŒŒNLNKŒMÌMŒŒNLNKL‚ŒLÍKŒLNMÍÎÌL‹ŽLNMÍÎÌL™KL‚ŒLÍ‹ŒÎLŒMÎÍÎÎLŒMÎÍÎKL‚ŒLÍËŒŒLNŒMŒLNŒMKL‚ŒLÎŒŒŒLMÍÍŽŒŒLMÍÍŽKL‚ŒLÎKŒNÌŒŽLMÍÍËŒNÌŒŽLMÍÍÙKL‚ŒLŒÎLŽŒMËŽLŽŒMKL‚ŒLKŒÍÍŽMMÌ‹ËÍŽMMÌ™KL‚ŒL‹ŒÌÍMMÌÍÍKËŒÍMMÌÍÍYKL‚ŒLËŒÌÍŒÌNLŒLKËŒÍŒÌNLŒLYKL‚ŒLŒŽMLŒLË‹ŽMLŒLÙKL‚ŒLKŒÌÌLŽM‹‹ÌÌLŽM™KL‚ŒL‹ŒÍLMMÍÌK‹ÍLMMÍÌYKL‚ŒLËŒŽMLŒÍŒÎK‹ŽMLŒÍŒÎYKL‚ŒLŒŽMŽMÍMÍ‹‹ŽMŽMÍMÍ™KL‚ŒLKŒLÍNÍLMMÍKŒÍNÍLMMÍKL‚ŒLLŒMÌÌÎMŒKKÌÌÎMŒYKL‚ŒLLKŒŒLÌLŒLMK‹ŒLÌLŒLMYKL‚ŒLL‹ŒŒÍÌÎÌ‹‹ŒÍÌÎÌ™KL‚ŒLLËŒMMÌLNÎLÍŒK‹MMÌLNÎLÍŒYKL‚ŒLMŒŽMÍŒŒMNNK‹ŽMÍŒŒMNNYKL‚ŒLMKŒÌNMÎKËŒNMÎYKL‚ŒLM‹ŒÍŒMÌÍÌMNKËŒMÌÍÌMNYKL‚ŒLMËŒLÎÎŒLÎÎKL‚ŒLNŒÍÎNMKŒÍÎNMYKL‚ŒLNKŒÌŽÌMËÌŽÌMÙKL‚ŒLLŒNŒŽLŽKŽNŒŽLŽYKL‚ŒLLKŒLŒMÌŽMŒMËKŒŒMÌŽMŒMÙKL‚ŒLL‹ŒLÎÎMÌKŒÎÎMÌKL‚ŒLLËŒMLMÌŒ‹KLMÌŒ™KL‚ŒLLŒMMŒÌNŒLKKMŒÌNŒLYKL‚ŒLLKŒMMŒÌNŒLKKMŒÌNŒLYKL‚ŒLL‹ŒMLMÌ‹KLMÌ™KL‚ŒLLËŒLÎÎMÌKŒÎÎMÌKL‚ŒLLŒLŒMÌŽMŒNKŒŒMÌŽMŒNKL‚ŒLLKŒNŒŽLŽŽNŒŽLŽKL‚ŒLLLŒÌŽÌMËÌŽÌMÙKL‚ŒLLLKŒÍÎNMKŒÍÎNMYKL‚ŒLLL‹ŒLÎÎKŒLÎÎYKL‚ŒLLLËŒÍŒMÌÍÌMNKËŒMÌÍÌMNYKL‚ŒLLMŒÌNMÎKËŒNMÎYKL‚ŒLLMKŒŽMÍŒŒM‹‹ŽMÍŒŒM™KL‚ŒLLM‹ŒMMÌLNÎLÍNK‹MMÌLNÎLÍNYKL‚ŒLLMËŒŒÍÌÎÌŒK‹ŒÍÌÎÌŒYKL‚ŒLLNŒŒLÌLŒLLÎK‹ŒLÌLŒLLÎYKL‚ŒLLNKŒMÌÌÎM‹KÌÌÎM™KL‚ŒLLŒŒLÍNÍLMMÍËKŒÍNÍLMMÍÙKL‚ŒLLŒKLŒŒNÍÍŽÌKŒLLŒ‹LŒŒŒMMÎNMŒMËŒLLŒËLŒŽMMMÎŽMMŒLLŒŽMÌLŒLNMK‹ŽLMMNÌÙKLÂŒLLKŒNMŽLÎMÌËKŽMŽLÎMÌÙKL‚ŒLL‹ŒŽNMLMK‹ŽNMLMYKL‚ŒLLËŒÌLÌŒÎNLŒËŒLÌŒÎNLŒKL‚ŒLLŽŒÍŒÍÍÍÍËËŒÍÍÍÍÙKL‚ŒLLŽKŒMMÌÌÌMÍMŒMMÌÌÌMÍMKL‚ŒLLÌŒLÌÌÌM‹LÌÌÌM™KL‚ŒLLÌKŒLÌMŒÎKKŒÌMŒÎYKL‚ŒLLÌ‹ŒMLŒŒÍLLMÎKLŒŒÍLLMÎKL‚ŒLLÌËŒMÍŒŽM‹KÍŒŽM™KL‚ŒLLÍŒNMÌÌÌÌMMÌ‹KŽMÌÌÌÌMMÌ™KL‚ŒLLÍKŒŒLŒÎÌŒ‹‹ŒLŒÎÌŒ™KL‚ŒLLÍ‹ŒŒNNMLÍŒŒÌ‹‹ŒNNMLÍŒŒÌ™KL‚ŒLLÍËŒŒNNMLÍŒŒÌŒ‹‹ŒNNMLÍŒŒÌŒ™KL‚ŒLLÎŒŒLŒÎÌŒË‹ŒLŒÎÌŒÙKL‚ŒLLÎKŒNMÌÌÌÌMMÌ‹KŽMÌÌÌÌMMÌ™KL‚ŒLMŒMÍŒŽM‹KÍŒŽM™KL‚ŒLMKŒMLŒŒÍLLMÍKLŒŒÍLLMÍKL‚ŒLM‹ŒLÌMŒÎKŒÌMŒÎKL‚ŒLMËŒLÌÌÌMKLÌÌÌMYKL‚ŒLMŒMMÌÌÌMÍMŒMMÌÌÌMÍMKL‚ŒLMKŒÍŒÍÍÍÎËŒÍÍÍÎKL‚ŒLM‹ŒÌLÌŒÎNLŒËŒLÌŒÎNLŒKL‚ŒLMËŒŽNMLM‹ŽNMLMKL‚ŒLMŒNMŽLÎMÌ‹KŽMŽLÎMÌ™KL‚ŒLMKŒŽMÌLŒLN‹ŽLMMNÍKLÂŒLMLLŒŽMMMÎŽMMKŒLMLKLŒŒŒMMÎNMŒ‹ŒLML‹LŒŒNÍÍŽÌËŒLMLËLŒÌÍŒLŽNMŽŒLMMLŒÌMÎMKŒLMMKLŒMÌLÌŒLÍNLŒLMM‹LŒÌMŽLMLŒMŒ‹ŒLMMËLŒLNMMLLKËŽMÌÎÙKLÂŒLMNŒŒÎÌÍŒK‹ŒÎÌÍŒYKL‚ŒLMNKŒÌÍMÎLŒÍNKËŒÍMÎLŒÍNYKL‚ŒLMŒŒÎŒÍÍÍÍLÌKËŽŒÍÍÍÍLÌYKL‚ŒLMŒKŒŒÍMMŒÍMMKL‚ŒLMŒ‹ŒLŒŒŒÎLKKŒŒŒŒÎLYKL‚ŒLMŒËŒMMÍÍLÌÌM‹KMÍÍLÌÌM™KL‚ŒLMŒŒÍŽLÌLLÍ‹‹ŒÍŽLÌLLÍ™KL‚ŒLMKŒNLLK‹NLLYKL‚ŒLM‹ŒŽMÍLŽM‹ŽMÍLŽMKL‚ŒLMËŒŽÌÌÌMÌ‹ŽÌÌÌMÌKL‚ŒLMŽŒŽMÍLÌŽK‹ŽMÍLÌŽYKL‚ŒLMŽKŒŽMÍLÌŽ‹ŽMÍLÌŽKL‚ŒLMÌŒŽÌÌÌMÌ‹ŽÌÌÌMÌKL‚ŒLMÌKŒŽMÍLŽMK‹ŽMÍLŽMYKL‚ŒLMÌ‹ŒNLK‹NLYKL‚ŒLMÌËŒŒÍŽLÌLLÍ‹‹ŒÍŽLÌLLÍ™KL‚ŒLMÍŒMMÍÍLÌÌMKKMÍÍLÌÌMYKL‚ŒLMÍKŒLŒŒŒÎL‹KŒŒŒŒÎL™KL‚ŒLMÍ‹ŒŒÍMLËŒÍMLÙKL‚ŒLMÍËŒÎŒÍÍÍÍLÌ‹ËŽŒÍÍÍÍLÌ™KL‚ŒLMÎŒÌÍMÎLŒÍŒKËŒÍMÎLŒÍŒYKL‚ŒLMÎKŒŒÎÌÍŒ‹‹ŒÎÌÍŒ™KL‚ŒLNLŒLNMMLM‹ËŽMÌÎ™KLÂŒLNKLŒÌMŽLMLŒMŒËŒLN‹LŒMÌLÌŒLÍNLŒLNËLŒÌMÎMKŒLNLŒÌÍŒLŽNMŽKŒLNKLŒÍÌNMŽMLÍKŒLN‹LŒŒŽNÍŒÍ‹ŒLNËLŒÌÍÍÌÍÍŽŒLNLŒŒÌMÌÌŒÌÌÌÎŒLNKLŒŽMŒŒNLŒ‹ŒLNLŒLŒLÍÍÌÌKMÍŒÎLÌÌÍKL‚ŒLNLKŒÍÌÌÌNMÌKËÌÌÌNMÌYKL‚ŒLNL‹ŒÍÍLLÍÎLKŒÍÍLLÍÎLYKL‚ŒLNLËŒÎMLLM‹ÎMLLM™KL‚ŒLNMŒMLÍŒÍÌÍNKKLÍŒÍÌÍNYKL‚ŒLNMKŒŒNMÌÌŒŽK‹ŒNMÌÌŒŽYKL‚ŒLNM‹ŒÍNÍNLÎLË‹ÍNÍNLÎLÙKL‚ŒLNMËŒÌNLLNŒŒÌÌ‹ËŒNLLNŒŒÌÌ™KL‚ŒLNNŒÍLŽNÎLMŽŽKËLŽNÎLMŽŽYKL‚ŒLNNKŒÍÍMÌNLMŒÌ‹ËÍMÌNLMŒÌ™KL‚ŒLŒŒÎÌMŽNLNMŒ‹ËŽÌMŽNLNMŒ™KL‚ŒLŒKŒÎÌMŽNLNMŒKËŽÌMŽNLNMŒYKL‚ŒLŒ‹ŒÍÍMÌNLMŒÍËÍMÌNLMŒÍKL‚ŒLŒËŒÍLŽNÎLMŽÌKËLŽNÎLMŽÌYKL‚ŒLŒŒÌNLLNŒŒÌËËŒNLLNŒŒÌÙKL‚ŒLŒKŒÍNÍNLÎLK‹ÍNÍNLÎLYKL‚ŒLŒ‹ŒŒNMÌÌŒŽK‹ŒNMÌÌŒŽYKL‚ŒLŒËŒMLÍŒÍÌÍNKLÍŒÍÌÍNKL‚ŒLŒŒÎMLLM‹ÎMLLM™KL‚ŒLŒKŒÍÍLLÍÎLL‹ŒÍÍLLÍÎLL™KL‚ŒLŒLŒÍÌÌÌNMÌËËÌÌÌNMÌÙKL‚ŒLŒLKŒLŒLÍÍÌÌKKMÍŒÎLÌÌÌÙKL‚ŒLŒL‹LŒŽMŒŒNLŒKŒLŒLËLŒŒÌMÌÌŒÌÌÌÎŒLŒMLŒÌÍÍÌÍÍŽŒLŒMKLŒŒŽNÍŒÍ‹ŒLŒM‹LŒÍÌNMŽMLÍKŒLŒMËLŒLÌMNMÍMKŒLŒNLŒLMNMÎÎMËŒLŒNKLŒÎMNNMÍÍNŒLŒŒLŒŒŽLLNŒLŒŒKLŒNNÌŒÌŽKŒLŒŒ‹LŒNMNMÎÍKKŒŒLÍÍÎYKLÂŒLŒŒËŒÎLÍLÎÎNM‹ËŽLÍLÎÎNM™KL‚ŒLŒŒNMMÌLËŽNMMÌLÙKL‚ŒLŒKŒLÎŒŽLKKŒÎŒŽLYKL‚ŒLŒ‹ŒŒMLÍ‹‹ŒMLÍ™KL‚ŒLŒËŒŽLÎLLÍM‹‹ŽLÎLLÍM™KL‚ŒLŒŽŒÍMÌÌNÍMÌ‹ËMÌÌNÍMÌ™KL‚ŒLŒŽKŒLMÍLLŒÌŽKŒLMÍLLŒÌŽYKL‚ŒLŒÌŒLŒÍŒÌLLŒÍŒÌLKL‚ŒLŒÌKŒÍÌLÎMŒNÍÌLÎMŒNKL‚ŒLŒÌ‹ŒLÌŒŒŽLÍMËŽLÌŒŒŽLÍMÙKL‚ŒLŒÌËŒLÌŒŒŽLÍNŽLÌŒŒŽLÍNKL‚ŒLŒÍŒÍÌLÎMŒNËÍÌLÎMŒNÙKL‚ŒLŒÍKŒLŒÍŒÌLŒËLŒÍŒÌLŒÙKL‚ŒLŒÍ‹ŒLMÍLLŒÌËŒLMÍLLŒÌÙKL‚ŒLŒÍËŒÍMÌÌNÍMÌ‹ËMÌÌNÍMÌ™KL‚ŒLŒÎŒŽLÎLLÍM‹‹ŽLÎLLÍM™KL‚ŒLŒÎKŒŒMLÍŒK‹ŒMLÍŒYKL‚ŒLŒLÎŒŽLKKŒÎŒŽLYKL‚ŒLKŒNMMÌLËŽNMMÌLÙKL‚ŒL‹ŒÎLÍLÎÎNMKËŽLÍLÎÎNMYKL‚ŒLËLŒNMNMÎÍLKKŒŒLÍÍÍKLÂŒLLŒNNÌŒÌŽKŒLKLŒŒŽLLNŒL‹LŒÎMNNMÍÍNŒLËLŒLMNMÎÎMËŒLLŒLÌMNMÍMKŒLKLŒNÎÍŒŽMŽKŒLLLŒMŒÎLÍŒÌËŒLLKLŒLŒLÍÍÍÌL‹ŒLL‹LŒÍMÍÍÍÎKŒLLËLŒÌÍŒŒÍÍÌM‹ŒLMLŒÍŒLÎMŒNŒLMKŒÍNLÌMËLLÎŒÌYKL‚ŒLM‹ŒNÌÍNMMÍÎKKŽÌÍNMMÍÎYKL‚ŒLMËŒŒMŽË‹ŒMŽÙKL‚ŒLNŒÎMÌLŒNMN‹ÎMÌLŒNMNKL‚ŒLNKŒÍŽMLLNMËŽMLLNMKL‚ŒLŒŒNNLÍKNNLÍYKL‚ŒLŒKŒLLŒÌÍLÎMMKŒLŒÌÍLÎMMKL‚ŒLŒ‹ŒMNNNNLMMKNNNNLMMKL‚ŒLŒËŒNNÎLLMKŽNÎLLMKL‚ŒLŒLMÌŒÎLKKŒMÌŒÎLYKLBŒLKŒLMÌŒÎLKŒMÌŒÎLKLBŒL‹ŒNNÎLLMKŽNÎLLMKL‚ŒLËŒMNNNNLMMKKNNNNLMMYKL‚ŒLŽŒLLŒÌÍLÎMMKŒLŒÌÍLÎMMKL‚ŒLŽKŒNNLÍ‹NNLÍ™KL‚ŒLÌŒÍŽMLLNMKËŽMLLNMYKL‚ŒLÌKŒÎMÌLŒNMM‹‹ÎMÌLŒNMM™KL‚ŒLÌ‹ŒŒMŽ‹‹ŒMŽ™KL‚ŒLÌËŒNÌÍNMMÍÎKKŽÌÍNMMÍÎYKL‚ŒLÍŒÍNLÌMLKËLLÎŒÌL™KL‚ŒLÍKLŒÍŒLÎMŒNŒLÍ‹LŒÌÍŒŒÍÍÌM‹ŒLÍËLŒÍMÍÍÍÎKŒLÎLŒLŒLÍÍÍÌL‹ŒLÎKLŒMŒÎLÍŒÌËŒLŽLŒNÎÍŒŽMŽKŒLŽKLŒLMÎMÌÎNLŒÍKŒLŽ‹LŒŒŒMLÎLN‹ŒLŽËLŒMŽÍŒÌŽLNŒLŽLŒLŽNLÎNŒÎLËŒLŽKLŒLMŽÍÌMËŒLŽ‹LŒMÍŒML‹ŒLŽËŒLLŒLMÌMŽLÍË‹ŽLŽNÎÌ™KL‚ŒLŽŒÌŒLŽNMŽK‹ÌŒLŽNMŽYKL‚ŒLŽKŒÌÍŽŒLÌËËŒÍŽŒLÌÙKL‚ŒLŽLŒÍMÍÍŒÌNKËMÍÍŒÌNYKL‚ŒLŽLKŒMMMMNŒËMMMMNŒÙKL‚ŒLŽL‹ŒMÎMÌÍKÎMÌÍKL‚ŒLŽLËŒLŒŒNNLLKKŒŒŒNNLLYKLBŒLŽMŒLÍNÌŒŒKKŒÍNÌŒŒYKLBŒLŽMKŒLLLŽLÌÌËKŒLLŽLÌÌÙKLBŒLŽM‹ŒLLŽÌŒNLKŒLŽÌŒNLKLBŒLŽMËŒLLŽÌŒNLKŒLŽÌŒNLKLBŒLŽNŒLLLŽLÌÌËKŒLLŽLÌÌÙKLBŒLŽNKŒLÍNÌŒŒKKŒÍNÌŒŒYKLBŒLÌŒLŒŒNNLLKKŒŒŒNNLLYKLBŒLÌKŒMÎMÌÍKKÎMÌÍYKL‚ŒLÌ‹ŒMMMMNŒ‹MMMMNŒ™KL‚ŒLÌËŒÍMÍÍŒÌ‹ËMÍÍŒÌ™KL‚ŒLÌŒÌÍŽŒLÌËËŒÍŽŒLÌÙKL‚ŒLÌKŒÌŒLŽNMŽ‹ÌŒLŽNMŽKL‚ŒLÌ‹ŒLLŒLMÌMŽLÍ‹‹ŽLŽNÎÌYKL‚ŒLÌËLŒMÍŒML‹ŒLÌLŒLMŽÍÌMËŒLÌKLŒLŽNLÎNŒÎLËŒLÌLLŒMŽÍŒÌŽLNŒLÌLKLŒŒŒMLÎLN‹ŒLÌL‹LŒLMÎMÌÎNLŒÍKŒLÌLËLŒÌLÎNŒMNLËŒLÌMLŒÍÎLÌLMÍŒLÌMKLŒŒMLÎLMLÍÌ‹ŒLÌM‹LŒLÎLÍŽLŒŒ‹ŒLÌMËLŒÌŒNÍMÍ‹ŒLÌNLŒŒŒNLÍÍŽMÌ‹ŒLÌNKŒLMLLLÌÍŽNN‹ŒNLŽNL™KL‚ŒLÌŒŒÍÍŒLLMÎ‹ËÍŒLLMÎ™KL‚ŒLÌŒKŒÎLLŒÍÍÌMËËŽLLŒÍÍÌMÙKL‚ŒLÌŒ‹ŒÌÍÍNŽÌÍKŒÌÍÍNŽÌÍYKL‚ŒLÌŒËŒLÎMLNMKKŒÎMLNMYKL‚ŒLÌŒLLÌLÌMMÍ‹KŒLÌLÌMMÍ™KLBŒLÌKŒLLŽÌÎLÌML‹KŒLŽÌÎLÌML™KLBŒLÌ‹ŒLNNMÌŽŽMÍ‹KŒNNMÌŽŽMÍ™KLBŒLÌËŒLŒÌLLKKŒŒÌLLYKLBŒLÌŽŒLLŒŒŒKKŒLŒŒŒYKLBŒLÌŽKŒLLŒŒŒ‹KŒLŒŒŒ™KLBŒLÌÌŒLŒÌLLKKŒŒÌLLYKLBŒLÌÌKŒLNNMÌŽŽMÍ‹KŒNNMÌŽŽMÍ™KLBŒLÌÌ‹ŒLLŽÌÎLÌML‹KŒLŽÌÎLÌML™KLBŒLÌÌËŒLLÌLÌMMÍ‹KŒLÌLÌMMÍ™KLBŒLÌÍŒLÎMLNM‹KŒÎMLNM™KL‚ŒLÌÍKŒÌÍÍNŽÌÍ‹ŒÌÍÍNŽÌÍ™KL‚ŒLÌÍ‹ŒÎLLŒÍÍÌMËËŽLLŒÍÍÌMÙKL‚ŒLÌÍËŒÍÍŒLLMÎËÍŒLLMÎKL‚ŒLÌÎŒLMLLLÌÍŽNNK‹ŒNLŽNL™KL‚ŒLÌÎKLŒŒŒNLÍÍŽMÌ‹ŒLÍLŒÌŒNÍMÍ‹ŒLÍKLŒLÎLÍŽLŒŒ‹ŒLÍ‹LŒŒMLÎLMLÍÌ‹ŒLÍËLŒÍÎLÌLMÍŒLÍLŒÌLÎNŒMNLËŒLÍKLŒÍÎŒMŒMËŒLÍ‹LŒÌÌLŒÌKŒLÍËLŒMLLLÍLMKŒLÍLŒMŽÌLÍÎŒ‹ŒLÍKLŒÎLÍMLMMKŒLÍLLŒŽMÌNMŒÌËŒLÍLKLŒÎÍMŽMMMKLLŒLÎÎMKL‚ŒLÍL‹ŒMÍŒMŽKŒMÍŒMŽYKL‚ŒLÍLËŒÌNMÌŒNMKÌNMÌŒNMYKL‚ŒLÍMŒLÎLÍÌKKŒÎLÍÌYKL‚ŒLÍMKŒLNLMLMËKŒNLMLMÙKLBŒLÍM‹ŒLLÎÍÍMÍKŒLÎÍÍMÍKLBŒLÍMËŒLŒÍLÍMŽL‹KŒŒÍLÍMŽL™KLBŒLÍNŒLÌÍÎMLMMKŒÌÍÎMLMMKLBŒLÍNKŒLÍLMÌMÍÌMÎKŒÍLMÌMÍÌMÎKLBŒLÍŒŒLÍÍÌŒÍÎLËKŒÍÍÌŒÍÎLÙKLBŒLÍŒKŒLÍÍÌŒÍÎLËKŒÍÍÌŒÍÎLÙKLBŒLÍŒ‹ŒLÍLMÌMÍÌMÎKŒÍLMÌMÍÌMÎKLBŒLÍŒËŒLÌÍÎMLMMKŒÌÍÎMLMMKLBŒLÍŒLŒÍLÍMŽL‹KŒŒÍLÍMŽL™KLBŒLÍKŒLLÎÍÍMÍKKŒLÎÍÍMÍYKLBŒLÍ‹ŒLNLMLMËKŒNLMLMÙKLBŒLÍËŒLÎLÍËKŒÎLÍÙKL‚ŒLÍŽŒÌNMÌŒNMKÌNMÌŒNMYKL‚ŒLÍŽKŒMÍŒMŽNŒMÍŒMŽNKL‚ŒLÍÌLŒÎÍMŽMMM‹KLLŒLÎÎM™KL‚ŒLÍÌKLŒŽMÌNMŒÌËŒLÍÌ‹LŒÎLÍMLMMKŒLÍÌËLŒMŽÌLÍÎŒ‹ŒLÍÍLŒMLLLÍLMKŒLÍÍKLŒÌÌLŒÌKŒLÍÍ‹LŒÍÎŒMŒMËŒLÍÍËLLNŽNMËŒLÍÎLŒÍŒLLŒŽÌL‹ŒLÍÎKLŒŽÎNMNMËŒLÎLŒNLÌÌŒÍNMKŒLÎKLŒLMÌÎLMNLKŒLÎ‹LŒÍŒŒÌÍÍNL‹ŒLÎËLŒŒMNMÌLÌÍŒ‹ŽMŒMÍ™KLÂŒLÎŒMÎÍÍÍŒŒMÎÍÍÍŒKL‚ŒLÎKŒLÌÍMÎŽKKŒÌÍMÎŽYKL‚ŒLÎ‹ŒMÍŒNNLMKKÍŒNNLMYKL‚ŒLÎËŒLMLÎKŒMLÎKLBŒLÎŒLŒŽMNMMMËKŒŒŽMNMMMÙKLBŒLÎKŒLÌÍŒÍMMMKKŒÌÍŒÍMMMYKLBŒLÎLŒMMLMN‹KMLMN™KLBŒLÎLKŒMÍŽŒÌÌKKÍŽŒÌÌYKLBŒLÎL‹ŒMMÌNNKKMÌNNYKLBŒLÎLËŒMMÌNNKKMÌNNYKLBŒLÎMŒMÍŽŒÌÌ‹KÍŽŒÌÌ™KLBŒLÎMKŒMMLMNËKMLMNÙKLBŒLÎM‹ŒLÌÍŒÍMMMKKŒÌÍŒÍMMMYKLBŒLÎMËŒLŒŽMNMMMËKŒŒŽMNMMMÙKLBŒLÎNŒLMLÎKŒMLÎKLBŒLÎNKŒMÍŒNNLM‹KÍŒNNLM™KL‚ŒMŒLÌÍMÎŽ‹KŒÌÍMÎŽ™KL‚ŒMKŒMÎÍÍÍŒËŒMÎÍÍÍŒÙKL‚ŒM‹LŒŒMNMÌLÌÍŒ‹ŽMŒNKLÂŒMËLŒÍŒŒÌÍÍNL‹ŒMLŒLMÌÎLMNLKŒMKLŒNLÌÌŒÍNMKŒM‹LŒŽÎNMNMËŒMËLŒÍŒLLŒŽÌL‹ŒMLLNŽNMËŒMKLLÍLŒMŒKŒMLLŒÍŽLLŒKŒMLKLŒŽLNMNŽMÍKŒML‹LŒNNŽLŽÍMËŒMLËLŒLŽMŽÍŽKŒMMLŒŒÍLÌMKŒMMKLŒMÎL‹ŒMM‹ŒÌÎNÌMÍËËÎLÍŽL™KL‚ŒMMËŒŒÍŒÍÌ‹KŒNMŒLMÌÍYKL‚ŒMNŒMÌÎNMŽKÌÎNMŽKL‚ŒMNKŒLLNÍMMLÌËKŒLNÍMMLÌÙKLBŒMŒŒLMÌŒNLËKŒMÌŒNLÙKLBŒMŒKŒLÍÎŒŒŒ‹KŒÍÎŒŒŒ™KLBŒMŒ‹ŒMŒÌMŒL‹KŒÌMŒL™KLBŒMŒËŒMLMMŒMÌM‹KLMMŒMÌM™KLBŒMŒMMÎMÎLNLÍ‹KMÎMÎLNLÍ™KLBŒMKŒMMÎMÎLNLÍ‹KMÎMÎLNLÍ™KLBŒM‹ŒMLMMŒMÌM‹KLMMŒMÌM™KLBŒMËŒMŒÌMŒL‹KŒÌMŒL™KLBŒMŽŒLÍÎŒŒŒ‹KŒÍÎŒŒŒ™KLBŒMŽKŒLMÌŒNLËKŒMÌŒNLÙKLBŒMÌŒLLNÍMMLÌËKŒLNÍMMLÌÙKLBŒMÌKŒMÌÎNMŽKÌÎNMŽKL‚ŒMÌ‹ŒŒÍŒÍÌKŒNMŒLMÌÍKL‚ŒMÌËŒÌÎNÌMÍËÎLÍŽL™KL‚ŒMÍLŒMÎMŒMÍKLŒŒÍLÌMKŒMÍ‹LŒLŽMŽÍŽKŒMÍËLŒNNŽLŽÍMËŒMÎLŒŽLNMNŽMÍKŒMÎKLŒÍŽLLŒKŒMLLÍLŒMŒKŒMKLŒÍÎLMŽLKŒM‹LŒÌÎLÌÎÎMKŒMËLŒŽÌMÍÍŒÍKŒMLŒNÌNŒÌLMËŒMKLŒLMMÎLM‹ŒM‹LŒLŒÎŽLKŒMËLŒÍLLÌ‹ŒMŒÍNNMÎM‹‹ŒÌÍÎNŒLÍŒÌYKL‚ŒMKŒŒŒŽMMLŒŒËËŽMÍNLÌŒMKL‚ŒMLŒÍŒMŒÍMLKŒÌÌŒÌŒ™KL‚ŒMLKŒMMLMMÌÌÎM‹KMLMMÌÌÎM™KL‚ŒML‹ŒLLLŽMNKKŒLLŽMNYKLBŒMLËŒLŒNLÌËKŒŒNLÌÙKLBŒMMŒLŽMŒLŒÍKŒŽMŒLŒÍKLBŒMMKŒLÍMŽNÌŒKKŒÍMŽNÌŒYKLBŒMM‹ŒLÍÌŒMMNLËKŒÍÌŒMMNLÙKLBŒMMËŒLÍÌŒMMNLËKŒÍÌŒMMNLÙKLBŒMNŒLÍMŽNÌŒKKŒÍMŽNÌŒYKLBŒMNKŒLŽMŒLŒÍKŒŽMŒLŒÍKLBŒMŒŒLŒNLÌËKŒŒNLÌÙKLBŒMŒKŒLLLŽMNKKŒLLŽMNYKLBŒMŒ‹ŒMMLMMÌÌÎM‹KMLMMÌÌÎM™KL‚ŒMŒËŒÍŒMŒÍMLKŒÌÌŒÌŒ™KL‚ŒMŒŒŒŽMMLŒËŽMÍNLÌŒMYKL‚ŒMKŒÍNNMÎMK‹ŒÌÍÎNŒLÍŒÙKL‚ŒM‹LŒÍLLÌKŒMËLŒLŒÎŽLKŒMŽLŒLMMÎLM‹ŒMŽKLŒNÌNŒÌLMËŒMÌLŒŽÌMÍÍŒÍKŒMÌKLŒÌÎLÌÎÎMKŒMÌ‹LŒÍÎLMŽLKŒMÌËLŒŽMLÍÎÍLŒMÍLŒŒÍŽLLŒMŒMÍKLŒŒŒÌÍLMNŒMÍ‹LŒLÎÍLMÍŽKŒMÍËLŒÍŒÌÌŒNŒËŒMÎLŒÌLMMNMŽËŒMÎKLŒÌŒLMÍNNKKŒMNLÌ™KLÂŒMŒLÍMMMÍM‹KŒNÌŽMÎ™KL‚ŒMKŒŽMMMŽNL‹‹ÍNLÍMÌÌ™KL‚ŒM‹ŒŽŽLLÎŒNËMŒŒNMLMYKL‚ŒMËŒLÎŒMŽMÎMKŒÎŒMŽMÎMKL‚ŒMŒLÎNÌÎŽKŒÎNÌÎŽKLBŒMKŒLNMMŒMŒMÌŽKŒNMMŒMŒMÌŽKLBŒM‹ŒLÍŒÍMŒLLËKŒÍŒÍMŒLLÙKLBŒMËŒLÌÌLŽŒÎKKŒÌÌLŽŒÎYKLBŒMŒLÍNŒÌNNNKKŒÍNŒÌNNNYKLBŒMKŒLÍNŒÌNNNKKŒÍNŒÌNNNYKLBŒMLŒLÌÌLŽŒÎ‹KŒÌÌLŽŒÎ™KLBŒMLKŒLÍŒÍMŒLLËKŒÍŒÍMŒLLÙKLBŒML‹ŒLNMMŒMŒMÌŽKKŒNMMŒMŒMÌŽYKLBŒMLËŒLÎNÌÎŽKŒÎNÌÎŽKLBŒMMŒLÎŒMŽMÎM‹KŒÎŒMŽMÎM™KL‚ŒMMKŒŽŽLLÎŒMËËMŒŒNMLMKL‚ŒMM‹ŒŽMMMŽNLË‹ÍNLÍMÌÌÙKL‚ŒMMËŒLÍMMMÍMKKŒNÌŽMÎ™KL‚ŒMNLŒÌŒLMÍNNKŒMNLÍ™KLÂŒMNKLŒÌLMMNMŽËŒMLLŒÍŒÌÌŒNŒËŒMLKLŒLÎÍLMÍŽKŒML‹LŒŒŒÌÍLMNŒMLËLŒŒÍŽLLŒMŒMLLŒŽMLÍÎÍLŒMLKLŒMLÌÎMŽNMŒKŒML‹LŒMÎŒMÌLËŒMLËLŒLÍÌÍŒŒ‹ŒMLLŒNLMLÍMËŒMLKLŒŽNÌÍÎL‹ŒMLLLŒNÌM‹ŒÍNLLLÙKL‚ŒMLLKŒŒÎŒLÍŽM‹ŒÍŒŒMÌM™KL‚ŒMLL‹ŒLNNŽMÌKKŒŒLÌÌÌL™KLBŒMLLËŒMLMŒÌÎMŒMMËKLMŒÌÎMŒMMÙKLBŒMLMŒNŒÎLŒ‹KŽŒÎLŒ™KLBŒMLMKŒŒLÍŒÎŒ‹‹ŒLÍŒÎŒ™KLBŒMLM‹ŒŒÌLÌLNLMNK‹ŒÌLÌLNLMNYKLBŒMLMËŒÍÌMÎ‹ÍÌMÎKLBŒMLNŒŒMLÎMÍMÌK‹ŒMLÎMÍMÌYKLBŒMLNKŒŽÌLÌNM‹‹ŽÌLÌNM™KLBŒMLŒŒÌŽMMÌÌNK‹ÌŽMMÌÌNYKLBŒMLŒKŒÌŽMMÌÌNK‹ÌŽMMÌÌNYKLBŒMLŒ‹ŒŽÌLÌNM‹‹ŽÌLÌNM™KLBŒMLŒËŒŒMLÎMÍMÌK‹ŒMLÎMÍMÌYKLBŒMLŒÍÌMÎ‹ÍÌMÎKLBŒMLKŒŒÌLÌLNLM‹‹ŒÌLÌLNLM™KLBŒML‹ŒŒLÍŒÎŒ‹‹ŒLÍŒÎŒ™KLBŒMLËŒNŒÎLŒ‹KŽŒÎLŒ™KLBŒMLŽŒMLMŒÌÎMŒMMËKLMŒÌÎMŒMMÙKLBŒMLŽKŒLNNŽMÌKKŒŒLÌÌÌL™KLBŒMLÌŒŒÎŒLÍŽM‹ŒÍŒŒMÌM™KL‚ŒMLÌKLŒNÌMË‹ŒÍNLLMKL‚ŒMLÌ‹LŒŽNÌÍÎL‹ŒMLÌËLŒNLMLÍMËŒMLÍLŒLÍÌÍŒŒ‹ŒMLÍKLŒMÎŒMÌLËŒMLÍ‹LŒMLÌÎMŽNMŒKŒMLÍËLŒMLŒÌŒÎLË‹ŒÍMÎLÍÍ™KL‚ŒMLÎLŒMŽNLLMŒÌŒÍŒÍLLL™KL‚ŒMLÎKLŒÍÌÍÌMMÌMŒLËKŒMŽNLMLYKLBŒMMŒLNMLNMÌŒ‹KÍÍŒMMLM™KLBŒMMKŒŒMŽNÌNLK‹ŒMŽNÌNLYKLBŒMM‹ŒLŽLLMÌŽÍK‹LŽLLMÌŽÍYKLBŒMMËŒŒLLÌÎ‹ŒLLÌÎKLBŒMMŒÎLŒNLMNK‹ÎLŒNLMNYKLBŒMMKŒŒÌŽÌ‹‹ŒÌŽÌ™KLBŒMM‹ŒŒNMŒÍMÍŒK‹ŒNMŒÍMÍŒYKLBŒMMËŒŒLMLMŒÌLË‹ŒLMLMŒÌLÙKLBŒMMŒŒÍÎË‹ŒÍÎÙKLBŒMMKŒŒMŒK‹ŒMŒYKLBŒMMLŒŒŒÌÌŒŽLM‹‹ŒŒÌÌŒŽLM™KLBŒMMLKŒŒŽLŽLÍ‹ŒŽLŽLÍKLBŒMML‹ŒŒÌŽŒÌÌŽK‹ŒÌŽŒÌÌŽYKLBŒMMLËŒŒÌŽŒÌÌŽK‹ŒÌŽŒÌÌŽYKLBŒMMMŒŒŽLŽLÍ‹ŒŽLŽLÍKLBŒMMMKŒŒŒÌÌŒŽLM‹‹ŒŒÌÌŒŽLM™KLBŒMMM‹ŒŒMŒK‹ŒMŒYKLBŒMMMËŒŒÍÎË‹ŒÍÎÙKLBŒMMNŒŒLMLMŒÌL‹‹ŒLMLMŒÌL™KLBŒMMNKŒŒNMŒÍMÍŒK‹ŒNMŒÍMÍŒYKLBŒMMŒŒŒÌŽÌ‹‹ŒÌŽÌ™KLBŒMMŒKŒÎLŒNLM‹‹ÎLŒNLM™KLBŒMMŒ‹ŒŒLLÌÎ‹ŒLLÌÎKLBŒMMŒËŒLŽLLMÌŽÍK‹LŽLLMÌŽÍYKLBŒMMŒŒMŽNÌNLK‹ŒMŽNÌNLYKLBŒMMKŒLNMLNMÌŒ‹KÍÍŒMMLM™KLBŒMM‹LŒÍÌÍÌMMÌMŒLKŒMŽNLMLYKLBŒMMËLŒMŽNLLMŒÌŒÍKŒÍLLL™KL‚ŒMMŽLŒMLŒÌŒÎM‹ŒÍMÎLÍÍ™KL‚ŒMMŽKŒMŽLÍ‹KŽLÍ™KLBŒMMÌŒLŽLNNÍÌMŒ‹KLMLŒMŒYKLBŒMMÌKŒMNNMÌM‹KŒÍÍMÌŒÍÎYKLBŒMMÌ‹LŒLLÎLMMMÍ‹KŒLMŒ™KLBŒMMÌËLŒMŽLÍŽLLNNKËŒLNNMÌNNYKL‚ŒMMÍLŒŽÌŽLMÌËËŒÍNMMŒKL‚ŒMMÍKLŒŒÍÌNÍLLM‹ŒLŒÌŒKLÂŒMMÍ‹LŒNLÍŒŒÌMŽMŒMMÍËLŒLÎMÌÌÌŒM‹ŒMMÎLŒLŽÍÍÎŽËŒMMÎKLŒMŒMŒLÎŒMNLŒMŒLÍMŒËŒMNKLŒMÌŒNLMŒMŽËŒMN‹LŒNÍŽNL‹ŒMNËLŒNMŒMLÌÍ‹ŒMNLŒNMŒNLŒÌÍMKŒMNKLŒNMŒNLŒÌÍMKŒMN‹LŒNMŒMLÌÍ‹ŒMNËLŒNÍŽNL‹ŒMNLŒMÌŒNLMŒMŽËŒMNKLŒMŒLÍMŒËŒMNLLŒMŒMŒLÎŒMNLKLŒLŽÍÍÎŽËŒMNL‹LŒLÎMÌÌÌŒM‹ŒMNLËLŒNLÍŒŒÌMŽMŒMNMLŒŒÍÌNÍLLM‹ŒLŒÌŒŒÙKLÂŒMNMKLŒŽÌŽLMÌËËŒÍNMMŒÙKL‚ŒMNM‹LŒMŽLÍŽLLNNKËŒLNNMÌNNKL‚ŒMNMËLŒLLÎLMMMÍKŒLMŒ™KLBŒMNNŒMNNMÌM‹KŒÍÍMÌŒÍÎYKLBŒMNNKŒLŽLNNÍÌMŒ‹KLMLŒMŒYKLBŒMŒŒMŽLÍ‹KŽLÍ™KLBŒMŒKLŒÍŒLÍŽMÎŒMŒ‹LŒŽLLŒÍŽMKŒMŒËLŒÌMÌŒMLÌMKŒMŒLŒÍMMŒÎMŽÎËŒMŒKLŒÍÌÌÌMN‹ŒMŒ‹LMLÎÌNŒMŒËLLLNÎLŒËŒMŒLMÌMÍMŒŽ‹ŒMŒKLŒŽÎLŒNLËŒMŒLLŽÍÌÍLŒNLKŒMŒLKLÌÌÌLÎMÍLKŒMŒL‹LÍÍMMŒÎMLËŒMŒLËLŽMŒŽLMŒ‹ŒMŒMLŽÍLÌÌÍLÍŒ‹ŒMŒMKLŽLŒÌÌÎLËŒMŒM‹LŽŒLÎNML‹ŒMŒMËLŽŒLÎNML‹ŒMŒNLŽLŒÌÌÎLËŒMŒNKLŽÍLÌÌÍLÍŒ‹ŒMŒŒLŽMŒŽLMŒ‹ŒMŒŒKLÍÍMMŒÎMLËŒMŒŒ‹LÌÌÌLÎMÍLKŒMŒŒËLŽÍÌÍLŒNLKŒMŒLŒŽÎLŒNLËŒMŒKLMÌMÍMŒŽ‹ŒMŒ‹LLLNÎLŒËŒMŒËLMLÎÌNŒMŒŽLŒÍÌÌÌMN‹ŒMŒŽKLŒÍMMŒÎMŽÎËŒMŒÌLŒÌMÌŒMLÌMKŒMŒÌKLŒŽLLŒÍŽMKŒMŒÌ‹LŒÍŒLÍŽMÎŒMŒÌËLŒÎÌLŒMŒLÌËŒMŒÍLŒÎLÌLÌÍMËŒMŒÍKLLÌNLÌŒŽŒMŒÍ‹LLMLŒŽMMŒKŒMŒÍËLÍŒÎLŒŒNMËŒMŒÎLLMNMÍMMŽŒMŒÎKLMNLMÍŽKŒMLŒMŒLŒ‹ŒMKLLŒMÎÌLŒM‹LŽLMÌMMÌMËŒMËLKŒÌÍÌÌMMŒMLKŽMLŽÍKŒMKL‹ŒNŽŒÌKŒM‹L‹ŒÌLLLNMKŒMËL‹ŒLŽMÌŽM‹ŒML‹ŒLLÎMŽLËŒMKL‹ŒLLÎMŽLËŒMLL‹ŒLŽMÌŽM‹ŒMLKL‹ŒÌLLLNMKŒML‹L‹ŒNŽŒÌKŒMLËLKŽMLŽÍKŒMMLKŒÌÍÌÌMMŒMMKLŽLMÌMMÌMËŒMM‹LLŒMÎÌLŒMMËLŒMŒLŒ‹ŒMNLMNLMÍŽKŒMNKLLMNMÍMMŽŒMŒLÍŒÎLŒŒNMËŒMŒKLLMLŒŽMMŒKŒMŒ‹LLÌNLÌŒŽŒMŒËLŒÎLÌLÌÍMËŒMLŒÎÌLŒMŒLÌË‚‚ˆˆÈˆHˆHHˆHHˆHHÈˆHˆˆÈˆHHHÈ‚‚‚S[X™\ˆÙˆ[YHÝ\ÈÛÛ\]Y‹‹‹‹‹‹‹‹‹‹‹‹‹‹‹‹‹‹‹ˆˆÂ‚‚UÝ[[X™\ˆÙˆ\]Z[Xœš][H]\˜][ÛœÈ‹‹‹‹‹‹‹‹‹‹‹ˆˆLŒÂ‚‚P]™\˜YÙH[X™\ˆÙˆ\]Z[Xœš][H]\˜][ÛœÈ‹‹‹‹‹‹‹‹‹ˆˆ‹ŽŒÂ‚‚UÝ[[X™\ˆÙˆšYÚ[™]˜[X][ÛœÈ‹‹‹‹‹‹‹‹‹‹‹ˆˆŒŒÂ‚‚UÝ[[X™\ˆÙˆÝY™›™\ÜÈ™Y›Ü›X][ÛœÈ‹‹‹‹‹‹‹‹‹‹‹ˆˆÂ‚‚ˆHˆHHˆÈÈˆHˆÈHÂ‚‚UÝ[Ø[ÈÈ[™X\ˆÛÛ™\ˆ‹‹‹‹‹‹‹ˆˆLŒÂ‚‚P]™È]\˜][ÛœÈ\ˆÛÛ™H‹‹‹‹‹‹‹‹‹‹‹ˆˆB‚‚U[YH[ˆ[™X\ˆÛÛ™\ŽˆŒŒŒ‚‚‚ˆ[\ÙY[YHˆŒŒÎB‚ˆHHHˆÈHˆˆÈˆHHHÈ‚‚‚R[œ][YH‹‹‹‹‹‹‹‹‹‹‹‹‹‹‹‹‹‹‹‹‹ˆˆŒŒ
ŒLÍŒˆÙXÊB‚‚R[š]X[^˜][Ûˆ[YH‹‹‹‹‹‹‹‹‹‹‹‹ˆˆŒŒ
ŒLÍÍHÙXÊB‚‚TÛÛ™H[YH‹‹‹‹‹‹‹‹‹‹‹‹‹‹‹‹‹‹‹‹‹ˆˆŒŒÎH
ÎKŒÌMˆÙXÊB‚‚HSË][YH
Ý\]JH‹‹‹ˆˆŒŒÈ
ËMÌHÙXÊB‚‚HÙ\šX[^˜][Ûˆ‹‹‹‹‹‹‹‹‹‹‹‹‹‹‹ˆˆŒŒH
ŽLLMNHÙXÊB‚‚H™Y›Ü›Z[™ÈÝY™›™\ÜÈ‹‹‹‹‹‹‹‹‹ˆˆŒŒÈ
ËŒLÍÍÌÈÙXÊB‚‚H]˜[X][™ÈÝY™›™\ÜÈ‹‹‹‹‹‹‹‹ˆˆŒŒH
KŒÎNHÙXÊB‚‚H]˜[X][™È™\ÚYX[‹‹‹‹‹‹‹‹‹ˆˆŒŒˆ
‹ŒÍŒˆÙXÊB‚‚H[Ù[\]H‹‹‹‹‹‹‹‹‹‹‹‹‹‹‹‹ˆˆŒŒÈ
‹ŽNMŒŽHÙXÊB‚‚HSˆ\]\È‹‹‹‹‹‹‹‹‹‹‹‹‹‹‹‹‹‹ˆˆŒŒ
ŒÌMLŽÙXÊB‚‚H[YH[ˆ[™X\ˆÛÛ™\ˆ‹‹‹‹‹‹‹ˆˆŒŒŒˆ
ŒKNHÙXÊB‚‚UÝ[[\ÙY[YH‹‹‹‹‹‹‹‹‹‹‹‹‹ˆˆŒ
ÎKMMˆÙXÊB‚‚ˆˆÈˆHHHˆHHˆHHÈ‚‚