===========================================================================
         ________    _________   _______       __     _________            
        |        |\ |        |\ |       \\    |  |\  /         \\          
        |    ____|| |    ____|| |    __  ||   |__|| |    ___    ||         
        |   |\___\| |   |\___\| |   |\_| ||    \_\| |   //  \   ||         
        |   ||__    |   ||__    |   ||_| ||   |  |\ |  ||    |  ||         
        |       |\  |       |\  |         \\  |  || |  ||    |  ||         
        |    ___||  |    ___||  |    ___   || |  || |  ||    |  ||         
        |   |\__\|  |   |\__\|  |   |\__|  || |  || |  ||    |  ||         
        |   ||      |   ||___   |   ||__|  || |  || |   \\__/   ||         
        |   ||      |        |\ |          || |  || |           ||         
        |___||      |________|| |_________//  |__||  \_________//          
                                                                           
      F I N I T E   E L E M E N T S   F O R   B I O M E C H A N I C S      
                                                                           
  version 4.13.0
  FEBio is a registered trademark.                                         
  copyright (c) 2006-2026 - All rights reserved                            
                                                                           
===========================================================================





 FILES USED
===========================================================================
	Input file : model/garment_fit_torso_expand_060mm_manual.feb
	Plot file  : results/garment_fit_torso_expand_060mm_manual.xplt
	Log file   : results/garment_fit_torso_expand_060mm_manual.log


 MESH INFO
===========================================================================
	Number of materials ............................ : 2
	Number of domains .............................. : 3
	Number of nodes ................................ : 3456
	Number of shell elements ....................... : 3328


 MODULE
===========================================================================
	Module type ....................................... : solid


 CONTROL DATA
===========================================================================
	analysis .......................................... : STATIC (0)
	time_steps ........................................ : 20
	step_size ......................................... : 0.05
	plot_zero_state ................................... : no (0)
	plot_range ........................................ : 0,-1
	plot_level ........................................ : PLOT_MUST_POINTS (3)
	output_level ...................................... : OUTPUT_MAJOR_ITRS (1)
	plot_stride ....................................... : 1
	output_stride ..................................... : 1
	adaptor_re_solve .................................. : yes (1)
	Auto time stepper activated ....................... : yes
	  max_retries ..................................... : 15
	  opt_iter ........................................ : 10
	  dtmin ........................................... : 1e-05
	  dtmax ........................................... : 0.05
	  aggressiveness .................................. : 0
	  cutback ......................................... : 0.5
	  dtforce ......................................... : no (0)
 SOLVER PARAMETERS
===========================================================================
	symmetric_stiffness ............................... : non-symmetric (0)
	equation_scheme ................................... : staggered (0)
	equation_order .................................... : default (0)
	optimize_bw ....................................... : no (0)
	lstol ............................................. : 0.9
	lsmin ............................................. : 0.01
	lsiter ............................................ : 5
	ls_check_jacobians ................................ : no (0)
	max_refs .......................................... : 35
	check_zero_diagonal ............................... : no (0)
	zero_diagonal_tol ................................. : 0
	force_partition ................................... : 0
	reform_each_time_step ............................. : yes (1)
	reform_augment .................................... : no (0)
	diverge_reform .................................... : yes (1)
	min_residual ...................................... : 1e-20
	max_residual ...................................... : 0
	dtol .............................................. : 0.02
	etol .............................................. : 0.0001
	rtol .............................................. : 0.001
	rhoi .............................................. : -2
	alpha ............................................. : 1
	beta .............................................. : 0.25
	gamma ............................................. : 0.5
	logSolve .......................................... : no (0)
	arc_length ........................................ : 0
	arc_length_scale .................................. : 0






 MATERIAL DATA
===========================================================================
  1 - textile_provisional (type: neo-Hookean)
	density ........................................... : 1
	E ................................................. : 0.8
	v ................................................. : 0.3
---------------------------------------------------------------------------
  2 - torso_fixed (type: neo-Hookean)
	density ........................................... : 1
	E ................................................. : 0.8
	v ................................................. : 0.3


 BOUNDARY CONDITION DATA
===========================================================================
  1 -  Type: zero displacement
	x_dof ............................................. : no (0)
	y_dof ............................................. : no (0)
	z_dof ............................................. : yes (1)
---------------------------------------------------------------------------
  2 -  Type: zero displacement
	x_dof ............................................. : no (0)
	y_dof ............................................. : yes (1)
	z_dof ............................................. : no (0)
---------------------------------------------------------------------------
  3 -  Type: zero displacement
	x_dof ............................................. : yes (1)
	y_dof ............................................. : no (0)
	z_dof ............................................. : no (0)
---------------------------------------------------------------------------
  4 -  Type: zero displacement
	x_dof ............................................. : no (0)
	y_dof ............................................. : no (0)
	z_dof ............................................. : yes (1)
---------------------------------------------------------------------------
  5 -  Type: prescribed displacement
	dof ............................................... : 0
	value ............................................. : 0.6
	relative .......................................... : no (0)
---------------------------------------------------------------------------
  6 -  Type: prescribed displacement
	dof ............................................... : 1
	value ............................................. : 0
	relative .......................................... : no (0)
---------------------------------------------------------------------------
  7 -  Type: prescribed displacement
	dof ............................................... : 0
	value ............................................. : 0.597111
	relative .......................................... : no (0)
---------------------------------------------------------------------------
  8 -  Type: prescribed displacement
	dof ............................................... : 1
	value ............................................. : 0.0588103
	relative .......................................... : no (0)
---------------------------------------------------------------------------
  9 -  Type: prescribed displacement
	dof ............................................... : 0
	value ............................................. : 0.588471
	relative .......................................... : no (0)
---------------------------------------------------------------------------
 10 -  Type: prescribed displacement
	dof ............................................... : 1
	value ............................................. : 0.117054
	relative .......................................... : no (0)
---------------------------------------------------------------------------
 11 -  Type: prescribed displacement
	dof ............................................... : 0
	value ............................................. : 0.574164
	relative .......................................... : no (0)
---------------------------------------------------------------------------
 12 -  Type: prescribed displacement
	dof ............................................... : 1
	value ............................................. : 0.174171
	relative .......................................... : no (0)
---------------------------------------------------------------------------
 13 -  Type: prescribed displacement
	dof ............................................... : 0
	value ............................................. : 0.554328
	relative .......................................... : no (0)
---------------------------------------------------------------------------
 14 -  Type: prescribed displacement
	dof ............................................... : 1
	value ............................................. : 0.22961
	relative .......................................... : no (0)
---------------------------------------------------------------------------
 15 -  Type: prescribed displacement
	dof ............................................... : 0
	value ............................................. : 0.529153
	relative .......................................... : no (0)
---------------------------------------------------------------------------
 16 -  Type: prescribed displacement
	dof ............................................... : 1
	value ............................................. : 0.282838
	relative .......................................... : no (0)
---------------------------------------------------------------------------
 17 -  Type: prescribed displacement
	dof ............................................... : 0
	value ............................................. : 0.498882
	relative .......................................... : no (0)
---------------------------------------------------------------------------
 18 -  Type: prescribed displacement
	dof ............................................... : 1
	value ............................................. : 0.333342
	relative .......................................... : no (0)
---------------------------------------------------------------------------
 19 -  Type: prescribed displacement
	dof ............................................... : 0
	value ............................................. : 0.463806
	relative .......................................... : no (0)
---------------------------------------------------------------------------
 20 -  Type: prescribed displacement
	dof ............................................... : 1
	value ............................................. : 0.380636
	relative .......................................... : no (0)
---------------------------------------------------------------------------
 21 -  Type: prescribed displacement
	dof ............................................... : 0
	value ............................................. : 0.424264
	relative .......................................... : no (0)
---------------------------------------------------------------------------
 22 -  Type: prescribed displacement
	dof ............................................... : 1
	value ............................................. : 0.424264
	relative .......................................... : no (0)
---------------------------------------------------------------------------
 23 -  Type: prescribed displacement
	dof ............................................... : 0
	value ............................................. : 0.380636
	relative .......................................... : no (0)
---------------------------------------------------------------------------
 24 -  Type: prescribed displacement
	dof ............................................... : 1
	value ............................................. : 0.463806
	relative .......................................... : no (0)
---------------------------------------------------------------------------
 25 -  Type: prescribed displacement
	dof ............................................... : 0
	value ............................................. : 0.333342
	relative .......................................... : no (0)
---------------------------------------------------------------------------
 26 -  Type: prescribed displacement
	dof ............................................... : 1
	value ............................................. : 0.498882
	relative .......................................... : no (0)
---------------------------------------------------------------------------
 27 -  Type: prescribed displacement
	dof ............................................... : 0
	value ............................................. : 0.282838
	relative .......................................... : no (0)
---------------------------------------------------------------------------
 28 -  Type: prescribed displacement
	dof ............................................... : 1
	value ............................................. : 0.529153
	relative .......................................... : no (0)
---------------------------------------------------------------------------
 29 -  Type: prescribed displacement
	dof ............................................... : 0
	value ............................................. : 0.22961
	relative .......................................... : no (0)
---------------------------------------------------------------------------
 30 -  Type: prescribed displacement
	dof ............................................... : 1
	value ............................................. : 0.554328
	relative .......................................... : no (0)
---------------------------------------------------------------------------
 31 -  Type: prescribed displacement
	dof ............................................... : 0
	value ............................................. : 0.174171
	relative .......................................... : no (0)
---------------------------------------------------------------------------
 32 -  Type: prescribed displacement
	dof ............................................... : 1
	value ............................................. : 0.574164
	relative .......................................... : no (0)
---------------------------------------------------------------------------
 33 -  Type: prescribed displacement
	dof ............................................... : 0
	value ............................................. : 0.117054
	relative .......................................... : no (0)
---------------------------------------------------------------------------
 34 -  Type: prescribed displacement
	dof ............................................... : 1
	value ............................................. : 0.588471
	relative .......................................... : no (0)
---------------------------------------------------------------------------
 35 -  Type: prescribed displacement
	dof ............................................... : 0
	value ............................................. : 0.0588103
	relative .......................................... : no (0)
---------------------------------------------------------------------------
 36 -  Type: prescribed displacement
	dof ............................................... : 1
	value ............................................. : 0.597111
	relative .......................................... : no (0)
---------------------------------------------------------------------------
 37 -  Type: prescribed displacement
	dof ............................................... : 0
	value ............................................. : 3.67394e-17
	relative .......................................... : no (0)
---------------------------------------------------------------------------
 38 -  Type: prescribed displacement
	dof ............................................... : 1
	value ............................................. : 0.6
	relative .......................................... : no (0)
---------------------------------------------------------------------------
 39 -  Type: prescribed displacement
	dof ............................................... : 0
	value ............................................. : -0.0588103
	relative .......................................... : no (0)
---------------------------------------------------------------------------
 40 -  Type: prescribed displacement
	dof ............................................... : 1
	value ............................................. : 0.597111
	relative .......................................... : no (0)
---------------------------------------------------------------------------
 41 -  Type: prescribed displacement
	dof ............................................... : 0
	value ............................................. : -0.117054
	relative .......................................... : no (0)
---------------------------------------------------------------------------
 42 -  Type: prescribed displacement
	dof ............................................... : 1
	value ............................................. : 0.588471
	relative .......................................... : no (0)
---------------------------------------------------------------------------
 43 -  Type: prescribed displacement
	dof ............................................... : 0
	value ............................................. : -0.174171
	relative .......................................... : no (0)
---------------------------------------------------------------------------
 44 -  Type: prescribed displacement
	dof ............................................... : 1
	value ............................................. : 0.574164
	relative .......................................... : no (0)
---------------------------------------------------------------------------
 45 -  Type: prescribed displacement
	dof ............................................... : 0
	value ............................................. : -0.22961
	relative .......................................... : no (0)
---------------------------------------------------------------------------
 46 -  Type: prescribed displacement
	dof ............................................... : 1
	value ............................................. : 0.554328
	relative .......................................... : no (0)
---------------------------------------------------------------------------
 47 -  Type: prescribed displacement
	dof ............................................... : 0
	value ............................................. : -0.282838
	relative .......................................... : no (0)
---------------------------------------------------------------------------
 48 -  Type: prescribed displacement
	dof ............................................... : 1
	value ............................................. : 0.529153
	relative .......................................... : no (0)
---------------------------------------------------------------------------
 49 -  Type: prescribed displacement
	dof ............................................... : 0
	value ............................................. : -0.333342
	relative .......................................... : no (0)
---------------------------------------------------------------------------
 50 -  Type: prescribed displacement
	dof ............................................... : 1
	value ............................................. : 0.498882
	relative .......................................... : no (0)
---------------------------------------------------------------------------
 51 -  Type: prescribed displacement
	dof ............................................... : 0
	value ............................................. : -0.380636
	relative .......................................... : no (0)
---------------------------------------------------------------------------
 52 -  Type: prescribed displacement
	dof ............................................... : 1
	value ............................................. : 0.463806
	relative .......................................... : no (0)
---------------------------------------------------------------------------
 53 -  Type: prescribed displacement
	dof ............................................... : 0
	value ............................................. : -0.424264
	relative .......................................... : no (0)
---------------------------------------------------------------------------
 54 -  Type: prescribed displacement
	dof ............................................... : 1
	value ............................................. : 0.424264
	relative .......................................... : no (0)
---------------------------------------------------------------------------
 55 -  Type: prescribed displacement
	dof ............................................... : 0
	value ............................................. : -0.463806
	relative .......................................... : no (0)
---------------------------------------------------------------------------
 56 -  Type: prescribed displacement
	dof ............................................... : 1
	value ............................................. : 0.380636
	relative .......................................... : no (0)
---------------------------------------------------------------------------
 57 -  Type: prescribed displacement
	dof ............................................... : 0
	value ............................................. : -0.498882
	relative .......................................... : no (0)
---------------------------------------------------------------------------
 58 -  Type: prescribed displacement
	dof ............................................... : 1
	value ............................................. : 0.333342
	relative .......................................... : no (0)
---------------------------------------------------------------------------
 59 -  Type: prescribed displacement
	dof ............................................... : 0
	value ............................................. : -0.529153
	relative .......................................... : no (0)
---------------------------------------------------------------------------
 60 -  Type: prescribed displacement
	dof ............................................... : 1
	value ............................................. : 0.282838
	relative .......................................... : no (0)
---------------------------------------------------------------------------
 61 -  Type: prescribed displacement
	dof ............................................... : 0
	value ............................................. : -0.554328
	relative .......................................... : no (0)
---------------------------------------------------------------------------
 62 -  Type: prescribed displacement
	dof ............................................... : 1
	value ............................................. : 0.22961
	relative .......................................... : no (0)
---------------------------------------------------------------------------
 63 -  Type: prescribed displacement
	dof ............................................... : 0
	value ............................................. : -0.574164
	relative .......................................... : no (0)
---------------------------------------------------------------------------
 64 -  Type: prescribed displacement
	dof ............................................... : 1
	value ............................................. : 0.174171
	relative .......................................... : no (0)
---------------------------------------------------------------------------
 65 -  Type: prescribed displacement
	dof ............................................... : 0
	value ............................................. : -0.588471
	relative .......................................... : no (0)
---------------------------------------------------------------------------
 66 -  Type: prescribed displacement
	dof ............................................... : 1
	value ............................................. : 0.117054
	relative .......................................... : no (0)
---------------------------------------------------------------------------
 67 -  Type: prescribed displacement
	dof ............................................... : 0
	value ............................................. : -0.597111
	relative .......................................... : no (0)
---------------------------------------------------------------------------
 68 -  Type: prescribed displacement
	dof ............................................... : 1
	value ............................................. : 0.0588103
	relative .......................................... : no (0)
---------------------------------------------------------------------------
 69 -  Type: prescribed displacement
	dof ............................................... : 0
	value ............................................. : -0.6
	relative .......................................... : no (0)
---------------------------------------------------------------------------
 70 -  Type: prescribed displacement
	dof ............................................... : 1
	value ............................................. : 7.34788e-17
	relative .......................................... : no (0)
---------------------------------------------------------------------------
 71 -  Type: prescribed displacement
	dof ............................................... : 0
	value ............................................. : -0.597111
	relative .......................................... : no (0)
---------------------------------------------------------------------------
 72 -  Type: prescribed displacement
	dof ............................................... : 1
	value ............................................. : -0.0588103
	relative .......................................... : no (0)
---------------------------------------------------------------------------
 73 -  Type: prescribed displacement
	dof ............................................... : 0
	value ............................................. : -0.588471
	relative .......................................... : no (0)
---------------------------------------------------------------------------
 74 -  Type: prescribed displacement
	dof ............................................... : 1
	value ............................................. : -0.117054
	relative .......................................... : no (0)
---------------------------------------------------------------------------
 75 -  Type: prescribed displacement
	dof ............................................... : 0
	value ............................................. : -0.574164
	relative .......................................... : no (0)
---------------------------------------------------------------------------
 76 -  Type: prescribed displacement
	dof ............................................... : 1
	value ............................................. : -0.174171
	relative .......................................... : no (0)
---------------------------------------------------------------------------
 77 -  Type: prescribed displacement
	dof ............................................... : 0
	value ............................................. : -0.554328
	relative .......................................... : no (0)
---------------------------------------------------------------------------
 78 -  Type: prescribed displacement
	dof ............................................... : 1
	value ............................................. : -0.22961
	relative .......................................... : no (0)
---------------------------------------------------------------------------
 79 -  Type: prescribed displacement
	dof ............................................... : 0
	value ............................................. : -0.529153
	relative .......................................... : no (0)
---------------------------------------------------------------------------
 80 -  Type: prescribed displacement
	dof ............................................... : 1
	value ............................................. : -0.282838
	relative .......................................... : no (0)
---------------------------------------------------------------------------
 81 -  Type: prescribed displacement
	dof ............................................... : 0
	value ............................................. : -0.498882
	relative .......................................... : no (0)
---------------------------------------------------------------------------
 82 -  Type: prescribed displacement
	dof ............................................... : 1
	value ............................................. : -0.333342
	relative .......................................... : no (0)
---------------------------------------------------------------------------
 83 -  Type: prescribed displacement
	dof ............................................... : 0
	value ............................................. : -0.463806
	relative .......................................... : no (0)
---------------------------------------------------------------------------
 84 -  Type: prescribed displacement
	dof ............................................... : 1
	value ............................................. : -0.380636
	relative .......................................... : no (0)
---------------------------------------------------------------------------
 85 -  Type: prescribed displacement
	dof ............................................... : 0
	value ............................................. : -0.424264
	relative .......................................... : no (0)
---------------------------------------------------------------------------
 86 -  Type: prescribed displacement
	dof ............................................... : 1
	value ............................................. : -0.424264
	relative .......................................... : no (0)
---------------------------------------------------------------------------
 87 -  Type: prescribed displacement
	dof ............................................... : 0
	value ............................................. : -0.380636
	relative .......................................... : no (0)
---------------------------------------------------------------------------
 88 -  Type: prescribed displacement
	dof ............................................... : 1
	value ............................................. : -0.463806
	relative .......................................... : no (0)
---------------------------------------------------------------------------
 89 -  Type: prescribed displacement
	dof ............................................... : 0
	value ............................................. : -0.333342
	relative .......................................... : no (0)
---------------------------------------------------------------------------
 90 -  Type: prescribed displacement
	dof ............................................... : 1
	value ............................................. : -0.498882
	relative .......................................... : no (0)
---------------------------------------------------------------------------
 91 -  Type: prescribed displacement
	dof ............................................... : 0
	value ............................................. : -0.282838
	relative .......................................... : no (0)
---------------------------------------------------------------------------
 92 -  Type: prescribed displacement
	dof ............................................... : 1
	value ............................................. : -0.529153
	relative .......................................... : no (0)
---------------------------------------------------------------------------
 93 -  Type: prescribed displacement
	dof ............................................... : 0
	value ............................................. : -0.22961
	relative .......................................... : no (0)
---------------------------------------------------------------------------
 94 -  Type: prescribed displacement
	dof ............................................... : 1
	value ............................................. : -0.554328
	relative .......................................... : no (0)
---------------------------------------------------------------------------
 95 -  Type: prescribed displacement
	dof ............................................... : 0
	value ............................................. : -0.174171
	relative .......................................... : no (0)
---------------------------------------------------------------------------
 96 -  Type: prescribed displacement
	dof ............................................... : 1
	value ............................................. : -0.574164
	relative .......................................... : no (0)
---------------------------------------------------------------------------
 97 -  Type: prescribed displacement
	dof ............................................... : 0
	value ............................................. : -0.117054
	relative .......................................... : no (0)
---------------------------------------------------------------------------
 98 -  Type: prescribed displacement
	dof ............................................... : 1
	value ............................................. : -0.588471
	relative .......................................... : no (0)
---------------------------------------------------------------------------
 99 -  Type: prescribed displacement
	dof ............................................... : 0
	value ............................................. : -0.0588103
	relative .......................................... : no (0)
---------------------------------------------------------------------------
100 -  Type: prescribed displacement
	dof ............................................... : 1
	value ............................................. : -0.597111
	relative .......................................... : no (0)
---------------------------------------------------------------------------
101 -  Type: prescribed displacement
	dof ............................................... : 0
	value ............................................. : -1.10218e-16
	relative .......................................... : no (0)
---------------------------------------------------------------------------
102 -  Type: prescribed displacement
	dof ............................................... : 1
	value ............................................. : -0.6
	relative .......................................... : no (0)
---------------------------------------------------------------------------
103 -  Type: prescribed displacement
	dof ............................................... : 0
	value ............................................. : 0.0588103
	relative .......................................... : no (0)
---------------------------------------------------------------------------
104 -  Type: prescribed displacement
	dof ............................................... : 1
	value ............................................. : -0.597111
	relative .......................................... : no (0)
---------------------------------------------------------------------------
105 -  Type: prescribed displacement
	dof ............................................... : 0
	value ............................................. : 0.117054
	relative .......................................... : no (0)
---------------------------------------------------------------------------
106 -  Type: prescribed displacement
	dof ............................................... : 1
	value ............................................. : -0.588471
	relative .......................................... : no (0)
---------------------------------------------------------------------------
107 -  Type: prescribed displacement
	dof ............................................... : 0
	value ............................................. : 0.174171
	relative .......................................... : no (0)
---------------------------------------------------------------------------
108 -  Type: prescribed displacement
	dof ............................................... : 1
	value ............................................. : -0.574164
	relative .......................................... : no (0)
---------------------------------------------------------------------------
109 -  Type: prescribed displacement
	dof ............................................... : 0
	value ............................................. : 0.22961
	relative .......................................... : no (0)
---------------------------------------------------------------------------
110 -  Type: prescribed displacement
	dof ............................................... : 1
	value ............................................. : -0.554328
	relative .......................................... : no (0)
---------------------------------------------------------------------------
111 -  Type: prescribed displacement
	dof ............................................... : 0
	value ............................................. : 0.282838
	relative .......................................... : no (0)
---------------------------------------------------------------------------
112 -  Type: prescribed displacement
	dof ............................................... : 1
	value ............................................. : -0.529153
	relative .......................................... : no (0)
---------------------------------------------------------------------------
113 -  Type: prescribed displacement
	dof ............................................... : 0
	value ............................................. : 0.333342
	relative .......................................... : no (0)
---------------------------------------------------------------------------
114 -  Type: prescribed displacement
	dof ............................................... : 1
	value ............................................. : -0.498882
	relative .......................................... : no (0)
---------------------------------------------------------------------------
115 -  Type: prescribed displacement
	dof ............................................... : 0
	value ............................................. : 0.380636
	relative .......................................... : no (0)
---------------------------------------------------------------------------
116 -  Type: prescribed displacement
	dof ............................................... : 1
	value ............................................. : -0.463806
	relative .......................................... : no (0)
---------------------------------------------------------------------------
117 -  Type: prescribed displacement
	dof ............................................... : 0
	value ............................................. : 0.424264
	relative .......................................... : no (0)
---------------------------------------------------------------------------
118 -  Type: prescribed displacement
	dof ............................................... : 1
	value ............................................. : -0.424264
	relative .......................................... : no (0)
---------------------------------------------------------------------------
119 -  Type: prescribed displacement
	dof ............................................... : 0
	value ............................................. : 0.463806
	relative .......................................... : no (0)
---------------------------------------------------------------------------
120 -  Type: prescribed displacement
	dof ............................................... : 1
	value ............................................. : -0.380636
	relative .......................................... : no (0)
---------------------------------------------------------------------------
121 -  Type: prescribed displacement
	dof ............................................... : 0
	value ............................................. : 0.498882
	relative .......................................... : no (0)
---------------------------------------------------------------------------
122 -  Type: prescribed displacement
	dof ............................................... : 1
	value ............................................. : -0.333342
	relative .......................................... : no (0)
---------------------------------------------------------------------------
123 -  Type: prescribed displacement
	dof ............................................... : 0
	value ............................................. : 0.529153
	relative .......................................... : no (0)
---------------------------------------------------------------------------
124 -  Type: prescribed displacement
	dof ............................................... : 1
	value ............................................. : -0.282838
	relative .......................................... : no (0)
---------------------------------------------------------------------------
125 -  Type: prescribed displacement
	dof ............................................... : 0
	value ............................................. : 0.554328
	relative .......................................... : no (0)
---------------------------------------------------------------------------
126 -  Type: prescribed displacement
	dof ............................................... : 1
	value ............................................. : -0.22961
	relative .......................................... : no (0)
---------------------------------------------------------------------------
127 -  Type: prescribed displacement
	dof ............................................... : 0
	value ............................................. : 0.574164
	relative .......................................... : no (0)
---------------------------------------------------------------------------
128 -  Type: prescribed displacement
	dof ............................................... : 1
	value ............................................. : -0.174171
	relative .......................................... : no (0)
---------------------------------------------------------------------------
129 -  Type: prescribed displacement
	dof ............................................... : 0
	value ............................................. : 0.588471
	relative .......................................... : no (0)
---------------------------------------------------------------------------
130 -  Type: prescribed displacement
	dof ............................................... : 1
	value ............................................. : -0.117054
	relative .......................................... : no (0)
---------------------------------------------------------------------------
131 -  Type: prescribed displacement
	dof ............................................... : 0
	value ............................................. : 0.597111
	relative .......................................... : no (0)
---------------------------------------------------------------------------
132 -  Type: prescribed displacement
	dof ............................................... : 1
	value ............................................. : -0.0588103
	relative .......................................... : no (0)


 CONTACT INTERFACE DATA
===========================================================================
contact interface 1 - Type: sliding-facet-on-facet
	laugon ............................................ : PENALTY (0)
	penalty ........................................... : 0.001
	auto_penalty ...................................... : no (0)
	update_penalty .................................... : no (0)
	tolerance ......................................... : 0.01
	two_pass .......................................... : no (0)
	gaptol ............................................ : 0
	minaug ............................................ : 0
	maxaug ............................................ : 10
	smooth_aug ........................................ : no (0)
	search_tol ........................................ : 0.1
	search_radius ..................................... : 20
	seg_up ............................................ : 0
	node_reloc ........................................ : no (0)
	knmult ............................................ : 1


 LOAD CONTROLLER DATA
===========================================================================
load controller   1 - lc1 (type: loadcurve)
	interpolate ....................................... : LINEAR (0)
	extend ............................................ : CONSTANT (0)
	points ............................................ : (can't display value)


 OUTPUT DATA
===========================================================================
 LINEAR SOLVER DATA
===========================================================================
	Default linear solver ............................. : pardiso


Data Record #1
===========================================================================
Step = 0
Time = 0
Data = shirt_final_coordinates
1,187.9,0,0
2,186.99521,16.1630264,0
3,184.289554,32.1703941,0
4,179.809089,47.8679433,0
5,173.596964,63.104498,0
6,165.713006,77.7333219,0
7,156.23314,91.6135314,0
8,145.248664,104.611453,0
9,132.865364,116.601908,0
10,119.202498,127.469424,0
11,104.391647,137.109339,0
12,88.5754468,145.428816,0
13,71.9062169,152.347735,0
14,54.5444909,157.799461,0
15,36.6574715,161.731493,0
16,18.4174207,164.105961,0
17,1.15055567e-14,164.9,0
18,-18.4174207,164.105961,0
19,-36.6574715,161.731493,0
20,-54.5444909,157.799461,0
21,-71.9062169,152.347735,0
22,-88.5754468,145.428816,0
23,-104.391647,137.109339,0
24,-119.202498,127.469424,0
25,-132.865364,116.601908,0
26,-145.248664,104.611453,0
27,-156.23314,91.6135314,0
28,-165.713006,77.7333219,0
29,-173.596964,63.104498,0
30,-179.809089,47.8679433,0
31,-184.289554,32.1703941,0
32,-186.99521,16.1630264,0
33,-187.9,2.01944257e-14,0
34,-186.99521,-16.1630264,0
35,-184.289554,-32.1703941,0
36,-179.809089,-47.8679433,0
37,-173.596964,-63.104498,0
38,-165.713006,-77.7333219,0
39,-156.23314,-91.6135314,0
40,-145.248664,-104.611453,0
41,-132.865364,-116.601908,0
42,-119.202498,-127.469424,0
43,-104.391647,-137.109339,0
44,-88.5754468,-145.428816,0
45,-71.9062169,-152.347735,0
46,-54.5444909,-157.799461,0
47,-36.6574715,-161.731493,0
48,-18.4174207,-164.105961,0
49,-3.451667e-14,-164.9,0
50,18.4174207,-164.105961,0
51,36.6574715,-161.731493,0
52,54.5444909,-157.799461,0
53,71.9062169,-152.347735,0
54,88.5754468,-145.428816,0
55,104.391647,-137.109339,0
56,119.202498,-127.469424,0
57,132.865364,-116.601908,0
58,145.248664,-104.611453,0
59,156.23314,-91.6135314,0
60,165.713006,-77.7333219,0
61,173.596964,-63.104498,0
62,179.809089,-47.8679433,0
63,184.289554,-32.1703941,0
64,186.99521,-16.1630264,0
65,187.9,0,25
66,186.99521,16.1630264,25
67,184.289554,32.1703941,25
68,179.809089,47.8679433,25
69,173.596964,63.104498,25
70,165.713006,77.7333219,25
71,156.23314,91.6135314,25
72,145.248664,104.611453,25
73,132.865364,116.601908,25
74,119.202498,127.469424,25
75,104.391647,137.109339,25
76,88.5754468,145.428816,25
77,71.9062169,152.347735,25
78,54.5444909,157.799461,25
79,36.6574715,161.731493,25
80,18.4174207,164.105961,25
81,1.15055567e-14,164.9,25
82,-18.4174207,164.105961,25
83,-36.6574715,161.731493,25
84,-54.5444909,157.799461,25
85,-71.9062169,152.347735,25
86,-88.5754468,145.428816,25
87,-104.391647,137.109339,25
88,-119.202498,127.469424,25
89,-132.865364,116.601908,25
90,-145.248664,104.611453,25
91,-156.23314,91.6135314,25
92,-165.713006,77.7333219,25
93,-173.596964,63.104498,25
94,-179.809089,47.8679433,25
95,-184.289554,32.1703941,25
96,-186.99521,16.1630264,25
97,-187.9,2.01944257e-14,25
98,-186.99521,-16.1630264,25
99,-184.289554,-32.1703941,25
100,-179.809089,-47.8679433,25
101,-173.596964,-63.104498,25
102,-165.713006,-77.7333219,25
103,-156.23314,-91.6135314,25
104,-145.248664,-104.611453,25
105,-132.865364,-116.601908,25
106,-119.202498,-127.469424,25
107,-104.391647,-137.109339,25
108,-88.5754468,-145.428816,25
109,-71.9062169,-152.347735,25
110,-54.5444909,-157.799461,25
111,-36.6574715,-161.731493,25
112,-18.4174207,-164.105961,25
113,-3.451667e-14,-164.9,25
114,18.4174207,-164.105961,25
115,36.6574715,-161.731493,25
116,54.5444909,-157.799461,25
117,71.9062169,-152.347735,25
118,88.5754468,-145.428816,25
119,104.391647,-137.109339,25
120,119.202498,-127.469424,25
121,132.865364,-116.601908,25
122,145.248664,-104.611453,25
123,156.23314,-91.6135314,25
124,165.713006,-77.7333219,25
125,173.596964,-63.104498,25
126,179.809089,-47.8679433,25
127,184.289554,-32.1703941,25
128,186.99521,-16.1630264,25
129,187.9,0,50
130,186.99521,16.1630264,50
131,184.289554,32.1703941,50
132,179.809089,47.8679433,50
133,173.596964,63.104498,50
134,165.713006,77.7333219,50
135,156.23314,91.6135314,50
136,145.248664,104.611453,50
137,132.865364,116.601908,50
138,119.202498,127.469424,50
139,104.391647,137.109339,50
140,88.5754468,145.428816,50
141,71.9062169,152.347735,50
142,54.5444909,157.799461,50
143,36.6574715,161.731493,50
144,18.4174207,164.105961,50
145,1.15055567e-14,164.9,50
146,-18.4174207,164.105961,50
147,-36.6574715,161.731493,50
148,-54.5444909,157.799461,50
149,-71.9062169,152.347735,50
150,-88.5754468,145.428816,50
151,-104.391647,137.109339,50
152,-119.202498,127.469424,50
153,-132.865364,116.601908,50
154,-145.248664,104.611453,50
155,-156.23314,91.6135314,50
156,-165.713006,77.7333219,50
157,-173.596964,63.104498,50
158,-179.809089,47.8679433,50
159,-184.289554,32.1703941,50
160,-186.99521,16.1630264,50
161,-187.9,2.01944257e-14,50
162,-186.99521,-16.1630264,50
163,-184.289554,-32.1703941,50
164,-179.809089,-47.8679433,50
165,-173.596964,-63.104498,50
166,-165.713006,-77.7333219,50
167,-156.23314,-91.6135314,50
168,-145.248664,-104.611453,50
169,-132.865364,-116.601908,50
170,-119.202498,-127.469424,50
171,-104.391647,-137.109339,50
172,-88.5754468,-145.428816,50
173,-71.9062169,-152.347735,50
174,-54.5444909,-157.799461,50
175,-36.6574715,-161.731493,50
176,-18.4174207,-164.105961,50
177,-3.451667e-14,-164.9,50
178,18.4174207,-164.105961,50
179,36.6574715,-161.731493,50
180,54.5444909,-157.799461,50
181,71.9062169,-152.347735,50
182,88.5754468,-145.428816,50
183,104.391647,-137.109339,50
184,119.202498,-127.469424,50
185,132.865364,-116.601908,50
186,145.248664,-104.611453,50
187,156.23314,-91.6135314,50
188,165.713006,-77.7333219,50
189,173.596964,-63.104498,50
190,179.809089,-47.8679433,50
191,184.289554,-32.1703941,50
192,186.99521,-16.1630264,50
193,187.9,0,75
194,186.99521,16.1630264,75
195,184.289554,32.1703941,75
196,179.809089,47.8679433,75
197,173.596964,63.104498,75
198,165.713006,77.7333219,75
199,156.23314,91.6135314,75
200,145.248664,104.611453,75
201,132.865364,116.601908,75
202,119.202498,127.469424,75
203,104.391647,137.109339,75
204,88.5754468,145.428816,75
205,71.9062169,152.347735,75
206,54.5444909,157.799461,75
207,36.6574715,161.731493,75
208,18.4174207,164.105961,75
209,1.15055567e-14,164.9,75
210,-18.4174207,164.105961,75
211,-36.6574715,161.731493,75
212,-54.5444909,157.799461,75
213,-71.9062169,152.347735,75
214,-88.5754468,145.428816,75
215,-104.391647,137.109339,75
216,-119.202498,127.469424,75
217,-132.865364,116.601908,75
218,-145.248664,104.611453,75
219,-156.23314,91.6135314,75
220,-165.713006,77.7333219,75
221,-173.596964,63.104498,75
222,-179.809089,47.8679433,75
223,-184.289554,32.1703941,75
224,-186.99521,16.1630264,75
225,-187.9,2.01944257e-14,75
226,-186.99521,-16.1630264,75
227,-184.289554,-32.1703941,75
228,-179.809089,-47.8679433,75
229,-173.596964,-63.104498,75
230,-165.713006,-77.7333219,75
231,-156.23314,-91.6135314,75
232,-145.248664,-104.611453,75
233,-132.865364,-116.601908,75
234,-119.202498,-127.469424,75
235,-104.391647,-137.109339,75
236,-88.5754468,-145.428816,75
237,-71.9062169,-152.347735,75
238,-54.5444909,-157.799461,75
239,-36.6574715,-161.731493,75
240,-18.4174207,-164.105961,75
241,-3.451667e-14,-164.9,75
242,18.4174207,-164.105961,75
243,36.6574715,-161.731493,75
244,54.5444909,-157.799461,75
245,71.9062169,-152.347735,75
246,88.5754468,-145.428816,75
247,104.391647,-137.109339,75
248,119.202498,-127.469424,75
249,132.865364,-116.601908,75
250,145.248664,-104.611453,75
251,156.23314,-91.6135314,75
252,165.713006,-77.7333219,75
253,173.596964,-63.104498,75
254,179.809089,-47.8679433,75
255,184.289554,-32.1703941,75
256,186.99521,-16.1630264,75
257,187.9,0,100
258,186.99521,16.1630264,100
259,184.289554,32.1703941,100
260,179.809089,47.8679433,100
261,173.596964,63.104498,100
262,165.713006,77.7333219,100
263,156.23314,91.6135314,100
264,145.248664,104.611453,100
265,132.865364,116.601908,100
266,119.202498,127.469424,100
267,104.391647,137.109339,100
268,88.5754468,145.428816,100
269,71.9062169,152.347735,100
270,54.5444909,157.799461,100
271,36.6574715,161.731493,100
272,18.4174207,164.105961,100
273,1.15055567e-14,164.9,100
274,-18.4174207,164.105961,100
275,-36.6574715,161.731493,100
276,-54.5444909,157.799461,100
277,-71.9062169,152.347735,100
278,-88.5754468,145.428816,100
279,-104.391647,137.109339,100
280,-119.202498,127.469424,100
281,-132.865364,116.601908,100
282,-145.248664,104.611453,100
283,-156.23314,91.6135314,100
284,-165.713006,77.7333219,100
285,-173.596964,63.104498,100
286,-179.809089,47.8679433,100
287,-184.289554,32.1703941,100
288,-186.99521,16.1630264,100
289,-187.9,2.01944257e-14,100
290,-186.99521,-16.1630264,100
291,-184.289554,-32.1703941,100
292,-179.809089,-47.8679433,100
293,-173.596964,-63.104498,100
294,-165.713006,-77.7333219,100
295,-156.23314,-91.6135314,100
296,-145.248664,-104.611453,100
297,-132.865364,-116.601908,100
298,-119.202498,-127.469424,100
299,-104.391647,-137.109339,100
300,-88.5754468,-145.428816,100
301,-71.9062169,-152.347735,100
302,-54.5444909,-157.799461,100
303,-36.6574715,-161.731493,100
304,-18.4174207,-164.105961,100
305,-3.451667e-14,-164.9,100
306,18.4174207,-164.105961,100
307,36.6574715,-161.731493,100
308,54.5444909,-157.799461,100
309,71.9062169,-152.347735,100
310,88.5754468,-145.428816,100
311,104.391647,-137.109339,100
312,119.202498,-127.469424,100
313,132.865364,-116.601908,100
314,145.248664,-104.611453,100
315,156.23314,-91.6135314,100
316,165.713006,-77.7333219,100
317,173.596964,-63.104498,100
318,179.809089,-47.8679433,100
319,184.289554,-32.1703941,100
320,186.99521,-16.1630264,100
321,187.9,0,125
322,186.99521,16.1630264,125
323,184.289554,32.1703941,125
324,179.809089,47.8679433,125
325,173.596964,63.104498,125
326,165.713006,77.7333219,125
327,156.23314,91.6135314,125
328,145.248664,104.611453,125
329,132.865364,116.601908,125
330,119.202498,127.469424,125
331,104.391647,137.109339,125
332,88.5754468,145.428816,125
333,71.9062169,152.347735,125
334,54.5444909,157.799461,125
335,36.6574715,161.731493,125
336,18.4174207,164.105961,125
337,1.15055567e-14,164.9,125
338,-18.4174207,164.105961,125
339,-36.6574715,161.731493,125
340,-54.5444909,157.799461,125
341,-71.9062169,152.347735,125
342,-88.5754468,145.428816,125
343,-104.391647,137.109339,125
344,-119.202498,127.469424,125
345,-132.865364,116.601908,125
346,-145.248664,104.611453,125
347,-156.23314,91.6135314,125
348,-165.713006,77.7333219,125
349,-173.596964,63.104498,125
350,-179.809089,47.8679433,125
351,-184.289554,32.1703941,125
352,-186.99521,16.1630264,125
353,-187.9,2.01944257e-14,125
354,-186.99521,-16.1630264,125
355,-184.289554,-32.1703941,125
356,-179.809089,-47.8679433,125
357,-173.596964,-63.104498,125
358,-165.713006,-77.7333219,125
359,-156.23314,-91.6135314,125
360,-145.248664,-104.611453,125
361,-132.865364,-116.601908,125
362,-119.202498,-127.469424,125
363,-104.391647,-137.109339,125
364,-88.5754468,-145.428816,125
365,-71.9062169,-152.347735,125
366,-54.5444909,-157.799461,125
367,-36.6574715,-161.731493,125
368,-18.4174207,-164.105961,125
369,-3.451667e-14,-164.9,125
370,18.4174207,-164.105961,125
371,36.6574715,-161.731493,125
372,54.5444909,-157.799461,125
373,71.9062169,-152.347735,125
374,88.5754468,-145.428816,125
375,104.391647,-137.109339,125
376,119.202498,-127.469424,125
377,132.865364,-116.601908,125
378,145.248664,-104.611453,125
379,156.23314,-91.6135314,125
380,165.713006,-77.7333219,125
381,173.596964,-63.104498,125
382,179.809089,-47.8679433,125
383,184.289554,-32.1703941,125
384,186.99521,-16.1630264,125
385,187.9,0,150
386,186.99521,16.1630264,150
387,184.289554,32.1703941,150
388,179.809089,47.8679433,150
389,173.596964,63.104498,150
390,165.713006,77.7333219,150
391,156.23314,91.6135314,150
392,145.248664,104.611453,150
393,132.865364,116.601908,150
394,119.202498,127.469424,150
395,104.391647,137.109339,150
396,88.5754468,145.428816,150
397,71.9062169,152.347735,150
398,54.5444909,157.799461,150
399,36.6574715,161.731493,150
400,18.4174207,164.105961,150
401,1.15055567e-14,164.9,150
402,-18.4174207,164.105961,150
403,-36.6574715,161.731493,150
404,-54.5444909,157.799461,150
405,-71.9062169,152.347735,150
406,-88.5754468,145.428816,150
407,-104.391647,137.109339,150
408,-119.202498,127.469424,150
409,-132.865364,116.601908,150
410,-145.248664,104.611453,150
411,-156.23314,91.6135314,150
412,-165.713006,77.7333219,150
413,-173.596964,63.104498,150
414,-179.809089,47.8679433,150
415,-184.289554,32.1703941,150
416,-186.99521,16.1630264,150
417,-187.9,2.01944257e-14,150
418,-186.99521,-16.1630264,150
419,-184.289554,-32.1703941,150
420,-179.809089,-47.8679433,150
421,-173.596964,-63.104498,150
422,-165.713006,-77.7333219,150
423,-156.23314,-91.6135314,150
424,-145.248664,-104.611453,150
425,-132.865364,-116.601908,150
426,-119.202498,-127.469424,150
427,-104.391647,-137.109339,150
428,-88.5754468,-145.428816,150
429,-71.9062169,-152.347735,150
430,-54.5444909,-157.799461,150
431,-36.6574715,-161.731493,150
432,-18.4174207,-164.105961,150
433,-3.451667e-14,-164.9,150
434,18.4174207,-164.105961,150
435,36.6574715,-161.731493,150
436,54.5444909,-157.799461,150
437,71.9062169,-152.347735,150
438,88.5754468,-145.428816,150
439,104.391647,-137.109339,150
440,119.202498,-127.469424,150
441,132.865364,-116.601908,150
442,145.248664,-104.611453,150
443,156.23314,-91.6135314,150
444,165.713006,-77.7333219,150
445,173.596964,-63.104498,150
446,179.809089,-47.8679433,150
447,184.289554,-32.1703941,150
448,186.99521,-16.1630264,150
449,187.9,0,175
450,186.99521,16.1630264,175
451,184.289554,32.1703941,175
452,179.809089,47.8679433,175
453,173.596964,63.104498,175
454,165.713006,77.7333219,175
455,156.23314,91.6135314,175
456,145.248664,104.611453,175
457,132.865364,116.601908,175
458,119.202498,127.469424,175
459,104.391647,137.109339,175
460,88.5754468,145.428816,175
461,71.9062169,152.347735,175
462,54.5444909,157.799461,175
463,36.6574715,161.731493,175
464,18.4174207,164.105961,175
465,1.15055567e-14,164.9,175
466,-18.4174207,164.105961,175
467,-36.6574715,161.731493,175
468,-54.5444909,157.799461,175
469,-71.9062169,152.347735,175
470,-88.5754468,145.428816,175
471,-104.391647,137.109339,175
472,-119.202498,127.469424,175
473,-132.865364,116.601908,175
474,-145.248664,104.611453,175
475,-156.23314,91.6135314,175
476,-165.713006,77.7333219,175
477,-173.596964,63.104498,175
478,-179.809089,47.8679433,175
479,-184.289554,32.1703941,175
480,-186.99521,16.1630264,175
481,-187.9,2.01944257e-14,175
482,-186.99521,-16.1630264,175
483,-184.289554,-32.1703941,175
484,-179.809089,-47.8679433,175
485,-173.596964,-63.104498,175
486,-165.713006,-77.7333219,175
487,-156.23314,-91.6135314,175
488,-145.248664,-104.611453,175
489,-132.865364,-116.601908,175
490,-119.202498,-127.469424,175
491,-104.391647,-137.109339,175
492,-88.5754468,-145.428816,175
493,-71.9062169,-152.347735,175
494,-54.5444909,-157.799461,175
495,-36.6574715,-161.731493,175
496,-18.4174207,-164.105961,175
497,-3.451667e-14,-164.9,175
498,18.4174207,-164.105961,175
499,36.6574715,-161.731493,175
500,54.5444909,-157.799461,175
501,71.9062169,-152.347735,175
502,88.5754468,-145.428816,175
503,104.391647,-137.109339,175
504,119.202498,-127.469424,175
505,132.865364,-116.601908,175
506,145.248664,-104.611453,175
507,156.23314,-91.6135314,175
508,165.713006,-77.7333219,175
509,173.596964,-63.104498,175
510,179.809089,-47.8679433,175
511,184.289554,-32.1703941,175
512,186.99521,-16.1630264,175
513,187.9,0,200
514,186.99521,16.1630264,200
515,184.289554,32.1703941,200
516,179.809089,47.8679433,200
517,173.596964,63.104498,200
518,165.713006,77.7333219,200
519,156.23314,91.6135314,200
520,145.248664,104.611453,200
521,132.865364,116.601908,200
522,119.202498,127.469424,200
523,104.391647,137.109339,200
524,88.5754468,145.428816,200
525,71.9062169,152.347735,200
526,54.5444909,157.799461,200
527,36.6574715,161.731493,200
528,18.4174207,164.105961,200
529,1.15055567e-14,164.9,200
530,-18.4174207,164.105961,200
531,-36.6574715,161.731493,200
532,-54.5444909,157.799461,200
533,-71.9062169,152.347735,200
534,-88.5754468,145.428816,200
535,-104.391647,137.109339,200
536,-119.202498,127.469424,200
537,-132.865364,116.601908,200
538,-145.248664,104.611453,200
539,-156.23314,91.6135314,200
540,-165.713006,77.7333219,200
541,-173.596964,63.104498,200
542,-179.809089,47.8679433,200
543,-184.289554,32.1703941,200
544,-186.99521,16.1630264,200
545,-187.9,2.01944257e-14,200
546,-186.99521,-16.1630264,200
547,-184.289554,-32.1703941,200
548,-179.809089,-47.8679433,200
549,-173.596964,-63.104498,200
550,-165.713006,-77.7333219,200
551,-156.23314,-91.6135314,200
552,-145.248664,-104.611453,200
553,-132.865364,-116.601908,200
554,-119.202498,-127.469424,200
555,-104.391647,-137.109339,200
556,-88.5754468,-145.428816,200
557,-71.9062169,-152.347735,200
558,-54.5444909,-157.799461,200
559,-36.6574715,-161.731493,200
560,-18.4174207,-164.105961,200
561,-3.451667e-14,-164.9,200
562,18.4174207,-164.105961,200
563,36.6574715,-161.731493,200
564,54.5444909,-157.799461,200
565,71.9062169,-152.347735,200
566,88.5754468,-145.428816,200
567,104.391647,-137.109339,200
568,119.202498,-127.469424,200
569,132.865364,-116.601908,200
570,145.248664,-104.611453,200
571,156.23314,-91.6135314,200
572,165.713006,-77.7333219,200
573,173.596964,-63.104498,200
574,179.809089,-47.8679433,200
575,184.289554,-32.1703941,200
576,186.99521,-16.1630264,200
577,187.9,0,225
578,186.99521,16.1630264,225
579,184.289554,32.1703941,225
580,179.809089,47.8679433,225
581,173.596964,63.104498,225
582,165.713006,77.7333219,225
583,156.23314,91.6135314,225
584,145.248664,104.611453,225
585,132.865364,116.601908,225
586,119.202498,127.469424,225
587,104.391647,137.109339,225
588,88.5754468,145.428816,225
589,71.9062169,152.347735,225
590,54.5444909,157.799461,225
591,36.6574715,161.731493,225
592,18.4174207,164.105961,225
593,1.15055567e-14,164.9,225
594,-18.4174207,164.105961,225
595,-36.6574715,161.731493,225
596,-54.5444909,157.799461,225
597,-71.9062169,152.347735,225
598,-88.5754468,145.428816,225
599,-104.391647,137.109339,225
600,-119.202498,127.469424,225
601,-132.865364,116.601908,225
602,-145.248664,104.611453,225
603,-156.23314,91.6135314,225
604,-165.713006,77.7333219,225
605,-173.596964,63.104498,225
606,-179.809089,47.8679433,225
607,-184.289554,32.1703941,225
608,-186.99521,16.1630264,225
609,-187.9,2.01944257e-14,225
610,-186.99521,-16.1630264,225
611,-184.289554,-32.1703941,225
612,-179.809089,-47.8679433,225
613,-173.596964,-63.104498,225
614,-165.713006,-77.7333219,225
615,-156.23314,-91.6135314,225
616,-145.248664,-104.611453,225
617,-132.865364,-116.601908,225
618,-119.202498,-127.469424,225
619,-104.391647,-137.109339,225
620,-88.5754468,-145.428816,225
621,-71.9062169,-152.347735,225
622,-54.5444909,-157.799461,225
623,-36.6574715,-161.731493,225
624,-18.4174207,-164.105961,225
625,-3.451667e-14,-164.9,225
626,18.4174207,-164.105961,225
627,36.6574715,-161.731493,225
628,54.5444909,-157.799461,225
629,71.9062169,-152.347735,225
630,88.5754468,-145.428816,225
631,104.391647,-137.109339,225
632,119.202498,-127.469424,225
633,132.865364,-116.601908,225
634,145.248664,-104.611453,225
635,156.23314,-91.6135314,225
636,165.713006,-77.7333219,225
637,173.596964,-63.104498,225
638,179.809089,-47.8679433,225
639,184.289554,-32.1703941,225
640,186.99521,-16.1630264,225
641,187.9,0,250
642,186.99521,16.1630264,250
643,184.289554,32.1703941,250
644,179.809089,47.8679433,250
645,173.596964,63.104498,250
646,165.713006,77.7333219,250
647,156.23314,91.6135314,250
648,145.248664,104.611453,250
649,132.865364,116.601908,250
650,119.202498,127.469424,250
651,104.391647,137.109339,250
652,88.5754468,145.428816,250
653,71.9062169,152.347735,250
654,54.5444909,157.799461,250
655,36.6574715,161.731493,250
656,18.4174207,164.105961,250
657,1.15055567e-14,164.9,250
658,-18.4174207,164.105961,250
659,-36.6574715,161.731493,250
660,-54.5444909,157.799461,250
661,-71.9062169,152.347735,250
662,-88.5754468,145.428816,250
663,-104.391647,137.109339,250
664,-119.202498,127.469424,250
665,-132.865364,116.601908,250
666,-145.248664,104.611453,250
667,-156.23314,91.6135314,250
668,-165.713006,77.7333219,250
669,-173.596964,63.104498,250
670,-179.809089,47.8679433,250
671,-184.289554,32.1703941,250
672,-186.99521,16.1630264,250
673,-187.9,2.01944257e-14,250
674,-186.99521,-16.1630264,250
675,-184.289554,-32.1703941,250
676,-179.809089,-47.8679433,250
677,-173.596964,-63.104498,250
678,-165.713006,-77.7333219,250
679,-156.23314,-91.6135314,250
680,-145.248664,-104.611453,250
681,-132.865364,-116.601908,250
682,-119.202498,-127.469424,250
683,-104.391647,-137.109339,250
684,-88.5754468,-145.428816,250
685,-71.9062169,-152.347735,250
686,-54.5444909,-157.799461,250
687,-36.6574715,-161.731493,250
688,-18.4174207,-164.105961,250
689,-3.451667e-14,-164.9,250
690,18.4174207,-164.105961,250
691,36.6574715,-161.731493,250
692,54.5444909,-157.799461,250
693,71.9062169,-152.347735,250
694,88.5754468,-145.428816,250
695,104.391647,-137.109339,250
696,119.202498,-127.469424,250
697,132.865364,-116.601908,250
698,145.248664,-104.611453,250
699,156.23314,-91.6135314,250
700,165.713006,-77.7333219,250
701,173.596964,-63.104498,250
702,179.809089,-47.8679433,250
703,184.289554,-32.1703941,250
704,186.99521,-16.1630264,250
705,187.9,0,275
706,186.99521,16.1630264,275
707,184.289554,32.1703941,275
708,179.809089,47.8679433,275
709,173.596964,63.104498,275
710,165.713006,77.7333219,275
711,156.23314,91.6135314,275
712,145.248664,104.611453,275
713,132.865364,116.601908,275
714,119.202498,127.469424,275
715,104.391647,137.109339,275
716,88.5754468,145.428816,275
717,71.9062169,152.347735,275
718,54.5444909,157.799461,275
719,36.6574715,161.731493,275
720,18.4174207,164.105961,275
721,1.15055567e-14,164.9,275
722,-18.4174207,164.105961,275
723,-36.6574715,161.731493,275
724,-54.5444909,157.799461,275
725,-71.9062169,152.347735,275
726,-88.5754468,145.428816,275
727,-104.391647,137.109339,275
728,-119.202498,127.469424,275
729,-132.865364,116.601908,275
730,-145.248664,104.611453,275
731,-156.23314,91.6135314,275
732,-165.713006,77.7333219,275
733,-173.596964,63.104498,275
734,-179.809089,47.8679433,275
735,-184.289554,32.1703941,275
736,-186.99521,16.1630264,275
737,-187.9,2.01944257e-14,275
738,-186.99521,-16.1630264,275
739,-184.289554,-32.1703941,275
740,-179.809089,-47.8679433,275
741,-173.596964,-63.104498,275
742,-165.713006,-77.7333219,275
743,-156.23314,-91.6135314,275
744,-145.248664,-104.611453,275
745,-132.865364,-116.601908,275
746,-119.202498,-127.469424,275
747,-104.391647,-137.109339,275
748,-88.5754468,-145.428816,275
749,-71.9062169,-152.347735,275
750,-54.5444909,-157.799461,275
751,-36.6574715,-161.731493,275
752,-18.4174207,-164.105961,275
753,-3.451667e-14,-164.9,275
754,18.4174207,-164.105961,275
755,36.6574715,-161.731493,275
756,54.5444909,-157.799461,275
757,71.9062169,-152.347735,275
758,88.5754468,-145.428816,275
759,104.391647,-137.109339,275
760,119.202498,-127.469424,275
761,132.865364,-116.601908,275
762,145.248664,-104.611453,275
763,156.23314,-91.6135314,275
764,165.713006,-77.7333219,275
765,173.596964,-63.104498,275
766,179.809089,-47.8679433,275
767,184.289554,-32.1703941,275
768,186.99521,-16.1630264,275
769,187.9,0,300
770,186.99521,16.1630264,300
771,184.289554,32.1703941,300
772,179.809089,47.8679433,300
773,173.596964,63.104498,300
774,165.713006,77.7333219,300
775,156.23314,91.6135314,300
776,145.248664,104.611453,300
777,132.865364,116.601908,300
778,119.202498,127.469424,300
779,104.391647,137.109339,300
780,88.5754468,145.428816,300
781,71.9062169,152.347735,300
782,54.5444909,157.799461,300
783,36.6574715,161.731493,300
784,18.4174207,164.105961,300
785,1.15055567e-14,164.9,300
786,-18.4174207,164.105961,300
787,-36.6574715,161.731493,300
788,-54.5444909,157.799461,300
789,-71.9062169,152.347735,300
790,-88.5754468,145.428816,300
791,-104.391647,137.109339,300
792,-119.202498,127.469424,300
793,-132.865364,116.601908,300
794,-145.248664,104.611453,300
795,-156.23314,91.6135314,300
796,-165.713006,77.7333219,300
797,-173.596964,63.104498,300
798,-179.809089,47.8679433,300
799,-184.289554,32.1703941,300
800,-186.99521,16.1630264,300
801,-187.9,2.01944257e-14,300
802,-186.99521,-16.1630264,300
803,-184.289554,-32.1703941,300
804,-179.809089,-47.8679433,300
805,-173.596964,-63.104498,300
806,-165.713006,-77.7333219,300
807,-156.23314,-91.6135314,300
808,-145.248664,-104.611453,300
809,-132.865364,-116.601908,300
810,-119.202498,-127.469424,300
811,-104.391647,-137.109339,300
812,-88.5754468,-145.428816,300
813,-71.9062169,-152.347735,300
814,-54.5444909,-157.799461,300
815,-36.6574715,-161.731493,300
816,-18.4174207,-164.105961,300
817,-3.451667e-14,-164.9,300
818,18.4174207,-164.105961,300
819,36.6574715,-161.731493,300
820,54.5444909,-157.799461,300
821,71.9062169,-152.347735,300
822,88.5754468,-145.428816,300
823,104.391647,-137.109339,300
824,119.202498,-127.469424,300
825,132.865364,-116.601908,300
826,145.248664,-104.611453,300
827,156.23314,-91.6135314,300
828,165.713006,-77.7333219,300
829,173.596964,-63.104498,300
830,179.809089,-47.8679433,300
831,184.289554,-32.1703941,300
832,186.99521,-16.1630264,300
833,187.9,0,325
834,186.99521,16.1630264,325
835,184.289554,32.1703941,325
836,179.809089,47.8679433,325
837,173.596964,63.104498,325
838,165.713006,77.7333219,325
839,156.23314,91.6135314,325
840,145.248664,104.611453,325
841,132.865364,116.601908,325
842,119.202498,127.469424,325
843,104.391647,137.109339,325
844,88.5754468,145.428816,325
845,71.9062169,152.347735,325
846,54.5444909,157.799461,325
847,36.6574715,161.731493,325
848,18.4174207,164.105961,325
849,1.15055567e-14,164.9,325
850,-18.4174207,164.105961,325
851,-36.6574715,161.731493,325
852,-54.5444909,157.799461,325
853,-71.9062169,152.347735,325
854,-88.5754468,145.428816,325
855,-104.391647,137.109339,325
856,-119.202498,127.469424,325
857,-132.865364,116.601908,325
858,-145.248664,104.611453,325
859,-156.23314,91.6135314,325
860,-165.713006,77.7333219,325
861,-173.596964,63.104498,325
862,-179.809089,47.8679433,325
863,-184.289554,32.1703941,325
864,-186.99521,16.1630264,325
865,-187.9,2.01944257e-14,325
866,-186.99521,-16.1630264,325
867,-184.289554,-32.1703941,325
868,-179.809089,-47.8679433,325
869,-173.596964,-63.104498,325
870,-165.713006,-77.7333219,325
871,-156.23314,-91.6135314,325
872,-145.248664,-104.611453,325
873,-132.865364,-116.601908,325
874,-119.202498,-127.469424,325
875,-104.391647,-137.109339,325
876,-88.5754468,-145.428816,325
877,-71.9062169,-152.347735,325
878,-54.5444909,-157.799461,325
879,-36.6574715,-161.731493,325
880,-18.4174207,-164.105961,325
881,-3.451667e-14,-164.9,325
882,18.4174207,-164.105961,325
883,36.6574715,-161.731493,325
884,54.5444909,-157.799461,325
885,71.9062169,-152.347735,325
886,88.5754468,-145.428816,325
887,104.391647,-137.109339,325
888,119.202498,-127.469424,325
889,132.865364,-116.601908,325
890,145.248664,-104.611453,325
891,156.23314,-91.6135314,325
892,165.713006,-77.7333219,325
893,173.596964,-63.104498,325
894,179.809089,-47.8679433,325
895,184.289554,-32.1703941,325
896,186.99521,-16.1630264,325
897,187.9,0,350
898,186.99521,16.1630264,350
899,184.289554,32.1703941,350
900,179.809089,47.8679433,350
901,173.596964,63.104498,350
902,165.713006,77.7333219,350
903,156.23314,91.6135314,350
904,145.248664,104.611453,350
905,132.865364,116.601908,350
906,119.202498,127.469424,350
907,104.391647,137.109339,350
908,88.5754468,145.428816,350
909,71.9062169,152.347735,350
910,54.5444909,157.799461,350
911,36.6574715,161.731493,350
912,18.4174207,164.105961,350
913,1.15055567e-14,164.9,350
914,-18.4174207,164.105961,350
915,-36.6574715,161.731493,350
916,-54.5444909,157.799461,350
917,-71.9062169,152.347735,350
918,-88.5754468,145.428816,350
919,-104.391647,137.109339,350
920,-119.202498,127.469424,350
921,-132.865364,116.601908,350
922,-145.248664,104.611453,350
923,-156.23314,91.6135314,350
924,-165.713006,77.7333219,350
925,-173.596964,63.104498,350
926,-179.809089,47.8679433,350
927,-184.289554,32.1703941,350
928,-186.99521,16.1630264,350
929,-187.9,2.01944257e-14,350
930,-186.99521,-16.1630264,350
931,-184.289554,-32.1703941,350
932,-179.809089,-47.8679433,350
933,-173.596964,-63.104498,350
934,-165.713006,-77.7333219,350
935,-156.23314,-91.6135314,350
936,-145.248664,-104.611453,350
937,-132.865364,-116.601908,350
938,-119.202498,-127.469424,350
939,-104.391647,-137.109339,350
940,-88.5754468,-145.428816,350
941,-71.9062169,-152.347735,350
942,-54.5444909,-157.799461,350
943,-36.6574715,-161.731493,350
944,-18.4174207,-164.105961,350
945,-3.451667e-14,-164.9,350
946,18.4174207,-164.105961,350
947,36.6574715,-161.731493,350
948,54.5444909,-157.799461,350
949,71.9062169,-152.347735,350
950,88.5754468,-145.428816,350
951,104.391647,-137.109339,350
952,119.202498,-127.469424,350
953,132.865364,-116.601908,350
954,145.248664,-104.611453,350
955,156.23314,-91.6135314,350
956,165.713006,-77.7333219,350
957,173.596964,-63.104498,350
958,179.809089,-47.8679433,350
959,184.289554,-32.1703941,350
960,186.99521,-16.1630264,350
961,187.9,0,375
962,186.99521,16.1630264,375
963,184.289554,32.1703941,375
964,179.809089,47.8679433,375
965,173.596964,63.104498,375
966,165.713006,77.7333219,375
967,156.23314,91.6135314,375
968,145.248664,104.611453,375
969,132.865364,116.601908,375
970,119.202498,127.469424,375
971,104.391647,137.109339,375
972,88.5754468,145.428816,375
973,71.9062169,152.347735,375
974,54.5444909,157.799461,375
975,36.6574715,161.731493,375
976,18.4174207,164.105961,375
977,1.15055567e-14,164.9,375
978,-18.4174207,164.105961,375
979,-36.6574715,161.731493,375
980,-54.5444909,157.799461,375
981,-71.9062169,152.347735,375
982,-88.5754468,145.428816,375
983,-104.391647,137.109339,375
984,-119.202498,127.469424,375
985,-132.865364,116.601908,375
986,-145.248664,104.611453,375
987,-156.23314,91.6135314,375
988,-165.713006,77.7333219,375
989,-173.596964,63.104498,375
990,-179.809089,47.8679433,375
991,-184.289554,32.1703941,375
992,-186.99521,16.1630264,375
993,-187.9,2.01944257e-14,375
994,-186.99521,-16.1630264,375
995,-184.289554,-32.1703941,375
996,-179.809089,-47.8679433,375
997,-173.596964,-63.104498,375
998,-165.713006,-77.7333219,375
999,-156.23314,-91.6135314,375
1000,-145.248664,-104.611453,375
1001,-132.865364,-116.601908,375
1002,-119.202498,-127.469424,375
1003,-104.391647,-137.109339,375
1004,-88.5754468,-145.428816,375
1005,-71.9062169,-152.347735,375
1006,-54.5444909,-157.799461,375
1007,-36.6574715,-161.731493,375
1008,-18.4174207,-164.105961,375
1009,-3.451667e-14,-164.9,375
1010,18.4174207,-164.105961,375
1011,36.6574715,-161.731493,375
1012,54.5444909,-157.799461,375
1013,71.9062169,-152.347735,375
1014,88.5754468,-145.428816,375
1015,104.391647,-137.109339,375
1016,119.202498,-127.469424,375
1017,132.865364,-116.601908,375
1018,145.248664,-104.611453,375
1019,156.23314,-91.6135314,375
1020,165.713006,-77.7333219,375
1021,173.596964,-63.104498,375
1022,179.809089,-47.8679433,375
1023,184.289554,-32.1703941,375
1024,186.99521,-16.1630264,375
1025,187.9,0,400
1026,186.99521,16.1630264,400
1027,184.289554,32.1703941,400
1028,179.809089,47.8679433,400
1029,173.596964,63.104498,400
1030,165.713006,77.7333219,400
1031,156.23314,91.6135314,400
1032,145.248664,104.611453,400
1033,132.865364,116.601908,400
1034,119.202498,127.469424,400
1035,104.391647,137.109339,400
1036,88.5754468,145.428816,400
1037,71.9062169,152.347735,400
1038,54.5444909,157.799461,400
1039,36.6574715,161.731493,400
1040,18.4174207,164.105961,400
1041,1.15055567e-14,164.9,400
1042,-18.4174207,164.105961,400
1043,-36.6574715,161.731493,400
1044,-54.5444909,157.799461,400
1045,-71.9062169,152.347735,400
1046,-88.5754468,145.428816,400
1047,-104.391647,137.109339,400
1048,-119.202498,127.469424,400
1049,-132.865364,116.601908,400
1050,-145.248664,104.611453,400
1051,-156.23314,91.6135314,400
1052,-165.713006,77.7333219,400
1053,-173.596964,63.104498,400
1054,-179.809089,47.8679433,400
1055,-184.289554,32.1703941,400
1056,-186.99521,16.1630264,400
1057,-187.9,2.01944257e-14,400
1058,-186.99521,-16.1630264,400
1059,-184.289554,-32.1703941,400
1060,-179.809089,-47.8679433,400
1061,-173.596964,-63.104498,400
1062,-165.713006,-77.7333219,400
1063,-156.23314,-91.6135314,400
1064,-145.248664,-104.611453,400
1065,-132.865364,-116.601908,400
1066,-119.202498,-127.469424,400
1067,-104.391647,-137.109339,400
1068,-88.5754468,-145.428816,400
1069,-71.9062169,-152.347735,400
1070,-54.5444909,-157.799461,400
1071,-36.6574715,-161.731493,400
1072,-18.4174207,-164.105961,400
1073,-3.451667e-14,-164.9,400
1074,18.4174207,-164.105961,400
1075,36.6574715,-161.731493,400
1076,54.5444909,-157.799461,400
1077,71.9062169,-152.347735,400
1078,88.5754468,-145.428816,400
1079,104.391647,-137.109339,400
1080,119.202498,-127.469424,400
1081,132.865364,-116.601908,400
1082,145.248664,-104.611453,400
1083,156.23314,-91.6135314,400
1084,165.713006,-77.7333219,400
1085,173.596964,-63.104498,400
1086,179.809089,-47.8679433,400
1087,184.289554,-32.1703941,400
1088,186.99521,-16.1630264,400
1089,187.9,0,425
1090,186.99521,16.1630264,425
1091,184.289554,32.1703941,425
1092,179.809089,47.8679433,425
1093,173.596964,63.104498,425
1094,165.713006,77.7333219,425
1095,156.23314,91.6135314,425
1096,145.248664,104.611453,425
1097,132.865364,116.601908,425
1098,119.202498,127.469424,425
1099,104.391647,137.109339,425
1100,88.5754468,145.428816,425
1101,71.9062169,152.347735,425
1102,54.5444909,157.799461,425
1103,36.6574715,161.731493,425
1104,18.4174207,164.105961,425
1105,1.15055567e-14,164.9,425
1106,-18.4174207,164.105961,425
1107,-36.6574715,161.731493,425
1108,-54.5444909,157.799461,425
1109,-71.9062169,152.347735,425
1110,-88.5754468,145.428816,425
1111,-104.391647,137.109339,425
1112,-119.202498,127.469424,425
1113,-132.865364,116.601908,425
1114,-145.248664,104.611453,425
1115,-156.23314,91.6135314,425
1116,-165.713006,77.7333219,425
1117,-173.596964,63.104498,425
1118,-179.809089,47.8679433,425
1119,-184.289554,32.1703941,425
1120,-186.99521,16.1630264,425
1121,-187.9,2.01944257e-14,425
1122,-186.99521,-16.1630264,425
1123,-184.289554,-32.1703941,425
1124,-179.809089,-47.8679433,425
1125,-173.596964,-63.104498,425
1126,-165.713006,-77.7333219,425
1127,-156.23314,-91.6135314,425
1128,-145.248664,-104.611453,425
1129,-132.865364,-116.601908,425
1130,-119.202498,-127.469424,425
1131,-104.391647,-137.109339,425
1132,-88.5754468,-145.428816,425
1133,-71.9062169,-152.347735,425
1134,-54.5444909,-157.799461,425
1135,-36.6574715,-161.731493,425
1136,-18.4174207,-164.105961,425
1137,-3.451667e-14,-164.9,425
1138,18.4174207,-164.105961,425
1139,36.6574715,-161.731493,425
1140,54.5444909,-157.799461,425
1141,71.9062169,-152.347735,425
1142,88.5754468,-145.428816,425
1143,104.391647,-137.109339,425
1144,119.202498,-127.469424,425
1145,132.865364,-116.601908,425
1146,145.248664,-104.611453,425
1147,156.23314,-91.6135314,425
1148,165.713006,-77.7333219,425
1149,173.596964,-63.104498,425
1150,179.809089,-47.8679433,425
1151,184.289554,-32.1703941,425
1152,186.99521,-16.1630264,425
1153,187.9,0,450
1154,186.99521,16.1630264,450
1155,184.289554,32.1703941,450
1156,179.809089,47.8679433,450
1157,173.596964,63.104498,450
1158,165.713006,77.7333219,450
1159,156.23314,91.6135314,450
1160,145.248664,104.611453,450
1161,132.865364,116.601908,450
1162,119.202498,127.469424,450
1163,104.391647,137.109339,450
1164,88.5754468,145.428816,450
1165,71.9062169,152.347735,450
1166,54.5444909,157.799461,450
1167,36.6574715,161.731493,450
1168,18.4174207,164.105961,450
1169,1.15055567e-14,164.9,450
1170,-18.4174207,164.105961,450
1171,-36.6574715,161.731493,450
1172,-54.5444909,157.799461,450
1173,-71.9062169,152.347735,450
1174,-88.5754468,145.428816,450
1175,-104.391647,137.109339,450
1176,-119.202498,127.469424,450
1177,-132.865364,116.601908,450
1178,-145.248664,104.611453,450
1179,-156.23314,91.6135314,450
1180,-165.713006,77.7333219,450
1181,-173.596964,63.104498,450
1182,-179.809089,47.8679433,450
1183,-184.289554,32.1703941,450
1184,-186.99521,16.1630264,450
1185,-187.9,2.01944257e-14,450
1186,-186.99521,-16.1630264,450
1187,-184.289554,-32.1703941,450
1188,-179.809089,-47.8679433,450
1189,-173.596964,-63.104498,450
1190,-165.713006,-77.7333219,450
1191,-156.23314,-91.6135314,450
1192,-145.248664,-104.611453,450
1193,-132.865364,-116.601908,450
1194,-119.202498,-127.469424,450
1195,-104.391647,-137.109339,450
1196,-88.5754468,-145.428816,450
1197,-71.9062169,-152.347735,450
1198,-54.5444909,-157.799461,450
1199,-36.6574715,-161.731493,450
1200,-18.4174207,-164.105961,450
1201,-3.451667e-14,-164.9,450
1202,18.4174207,-164.105961,450
1203,36.6574715,-161.731493,450
1204,54.5444909,-157.799461,450
1205,71.9062169,-152.347735,450
1206,88.5754468,-145.428816,450
1207,104.391647,-137.109339,450
1208,119.202498,-127.469424,450
1209,132.865364,-116.601908,450
1210,145.248664,-104.611453,450
1211,156.23314,-91.6135314,450
1212,165.713006,-77.7333219,450
1213,173.596964,-63.104498,450
1214,179.809089,-47.8679433,450
1215,184.289554,-32.1703941,450
1216,186.99521,-16.1630264,450
1217,187.9,0,475
1218,186.99521,16.1630264,475
1219,184.289554,32.1703941,475
1220,179.809089,47.8679433,475
1221,173.596964,63.104498,475
1222,165.713006,77.7333219,475
1223,156.23314,91.6135314,475
1224,145.248664,104.611453,475
1225,132.865364,116.601908,475
1226,119.202498,127.469424,475
1227,104.391647,137.109339,475
1228,88.5754468,145.428816,475
1229,71.9062169,152.347735,475
1230,54.5444909,157.799461,475
1231,36.6574715,161.731493,475
1232,18.4174207,164.105961,475
1233,1.15055567e-14,164.9,475
1234,-18.4174207,164.105961,475
1235,-36.6574715,161.731493,475
1236,-54.5444909,157.799461,475
1237,-71.9062169,152.347735,475
1238,-88.5754468,145.428816,475
1239,-104.391647,137.109339,475
1240,-119.202498,127.469424,475
1241,-132.865364,116.601908,475
1242,-145.248664,104.611453,475
1243,-156.23314,91.6135314,475
1244,-165.713006,77.7333219,475
1245,-173.596964,63.104498,475
1246,-179.809089,47.8679433,475
1247,-184.289554,32.1703941,475
1248,-186.99521,16.1630264,475
1249,-187.9,2.01944257e-14,475
1250,-186.99521,-16.1630264,475
1251,-184.289554,-32.1703941,475
1252,-179.809089,-47.8679433,475
1253,-173.596964,-63.104498,475
1254,-165.713006,-77.7333219,475
1255,-156.23314,-91.6135314,475
1256,-145.248664,-104.611453,475
1257,-132.865364,-116.601908,475
1258,-119.202498,-127.469424,475
1259,-104.391647,-137.109339,475
1260,-88.5754468,-145.428816,475
1261,-71.9062169,-152.347735,475
1262,-54.5444909,-157.799461,475
1263,-36.6574715,-161.731493,475
1264,-18.4174207,-164.105961,475
1265,-3.451667e-14,-164.9,475
1266,18.4174207,-164.105961,475
1267,36.6574715,-161.731493,475
1268,54.5444909,-157.799461,475
1269,71.9062169,-152.347735,475
1270,88.5754468,-145.428816,475
1271,104.391647,-137.109339,475
1272,119.202498,-127.469424,475
1273,132.865364,-116.601908,475
1274,145.248664,-104.611453,475
1275,156.23314,-91.6135314,475
1276,165.713006,-77.7333219,475
1277,173.596964,-63.104498,475
1278,179.809089,-47.8679433,475
1279,184.289554,-32.1703941,475
1280,186.99521,-16.1630264,475
1281,187.9,0,500
1282,186.99521,16.1630264,500
1283,184.289554,32.1703941,500
1284,179.809089,47.8679433,500
1285,173.596964,63.104498,500
1286,165.713006,77.7333219,500
1287,156.23314,91.6135314,500
1288,145.248664,104.611453,500
1289,132.865364,116.601908,500
1290,119.202498,127.469424,500
1291,104.391647,137.109339,500
1292,88.5754468,145.428816,500
1293,71.9062169,152.347735,500
1294,54.5444909,157.799461,500
1295,36.6574715,161.731493,500
1296,18.4174207,164.105961,500
1297,1.15055567e-14,164.9,500
1298,-18.4174207,164.105961,500
1299,-36.6574715,161.731493,500
1300,-54.5444909,157.799461,500
1301,-71.9062169,152.347735,500
1302,-88.5754468,145.428816,500
1303,-104.391647,137.109339,500
1304,-119.202498,127.469424,500
1305,-132.865364,116.601908,500
1306,-145.248664,104.611453,500
1307,-156.23314,91.6135314,500
1308,-165.713006,77.7333219,500
1309,-173.596964,63.104498,500
1310,-179.809089,47.8679433,500
1311,-184.289554,32.1703941,500
1312,-186.99521,16.1630264,500
1313,-187.9,2.01944257e-14,500
1314,-186.99521,-16.1630264,500
1315,-184.289554,-32.1703941,500
1316,-179.809089,-47.8679433,500
1317,-173.596964,-63.104498,500
1318,-165.713006,-77.7333219,500
1319,-156.23314,-91.6135314,500
1320,-145.248664,-104.611453,500
1321,-132.865364,-116.601908,500
1322,-119.202498,-127.469424,500
1323,-104.391647,-137.109339,500
1324,-88.5754468,-145.428816,500
1325,-71.9062169,-152.347735,500
1326,-54.5444909,-157.799461,500
1327,-36.6574715,-161.731493,500
1328,-18.4174207,-164.105961,500
1329,-3.451667e-14,-164.9,500
1330,18.4174207,-164.105961,500
1331,36.6574715,-161.731493,500
1332,54.5444909,-157.799461,500
1333,71.9062169,-152.347735,500
1334,88.5754468,-145.428816,500
1335,104.391647,-137.109339,500
1336,119.202498,-127.469424,500
1337,132.865364,-116.601908,500
1338,145.248664,-104.611453,500
1339,156.23314,-91.6135314,500
1340,165.713006,-77.7333219,500
1341,173.596964,-63.104498,500
1342,179.809089,-47.8679433,500
1343,184.289554,-32.1703941,500
1344,186.99521,-16.1630264,500
1345,187.9,0,525
1346,186.99521,16.1630264,525
1347,184.289554,32.1703941,525
1348,179.809089,47.8679433,525
1349,173.596964,63.104498,525
1350,165.713006,77.7333219,525
1351,156.23314,91.6135314,525
1352,145.248664,104.611453,525
1353,132.865364,116.601908,525
1354,119.202498,127.469424,525
1355,104.391647,137.109339,525
1356,88.5754468,145.428816,525
1357,71.9062169,152.347735,525
1358,54.5444909,157.799461,525
1359,36.6574715,161.731493,525
1360,18.4174207,164.105961,525
1361,1.15055567e-14,164.9,525
1362,-18.4174207,164.105961,525
1363,-36.6574715,161.731493,525
1364,-54.5444909,157.799461,525
1365,-71.9062169,152.347735,525
1366,-88.5754468,145.428816,525
1367,-104.391647,137.109339,525
1368,-119.202498,127.469424,525
1369,-132.865364,116.601908,525
1370,-145.248664,104.611453,525
1371,-156.23314,91.6135314,525
1372,-165.713006,77.7333219,525
1373,-173.596964,63.104498,525
1374,-179.809089,47.8679433,525
1375,-184.289554,32.1703941,525
1376,-186.99521,16.1630264,525
1377,-187.9,2.01944257e-14,525
1378,-186.99521,-16.1630264,525
1379,-184.289554,-32.1703941,525
1380,-179.809089,-47.8679433,525
1381,-173.596964,-63.104498,525
1382,-165.713006,-77.7333219,525
1383,-156.23314,-91.6135314,525
1384,-145.248664,-104.611453,525
1385,-132.865364,-116.601908,525
1386,-119.202498,-127.469424,525
1387,-104.391647,-137.109339,525
1388,-88.5754468,-145.428816,525
1389,-71.9062169,-152.347735,525
1390,-54.5444909,-157.799461,525
1391,-36.6574715,-161.731493,525
1392,-18.4174207,-164.105961,525
1393,-3.451667e-14,-164.9,525
1394,18.4174207,-164.105961,525
1395,36.6574715,-161.731493,525
1396,54.5444909,-157.799461,525
1397,71.9062169,-152.347735,525
1398,88.5754468,-145.428816,525
1399,104.391647,-137.109339,525
1400,119.202498,-127.469424,525
1401,132.865364,-116.601908,525
1402,145.248664,-104.611453,525
1403,156.23314,-91.6135314,525
1404,165.713006,-77.7333219,525
1405,173.596964,-63.104498,525
1406,179.809089,-47.8679433,525
1407,184.289554,-32.1703941,525
1408,186.99521,-16.1630264,525
1409,187.9,0,550
1410,186.99521,16.1630264,550
1411,184.289554,32.1703941,550
1412,179.809089,47.8679433,550
1413,173.596964,63.104498,550
1414,165.713006,77.7333219,550
1415,156.23314,91.6135314,550
1416,145.248664,104.611453,550
1417,132.865364,116.601908,550
1418,119.202498,127.469424,550
1419,104.391647,137.109339,550
1420,88.5754468,145.428816,550
1421,71.9062169,152.347735,550
1422,54.5444909,157.799461,550
1423,36.6574715,161.731493,550
1424,18.4174207,164.105961,550
1425,1.15055567e-14,164.9,550
1426,-18.4174207,164.105961,550
1427,-36.6574715,161.731493,550
1428,-54.5444909,157.799461,550
1429,-71.9062169,152.347735,550
1430,-88.5754468,145.428816,550
1431,-104.391647,137.109339,550
1432,-119.202498,127.469424,550
1433,-132.865364,116.601908,550
1434,-145.248664,104.611453,550
1435,-156.23314,91.6135314,550
1436,-165.713006,77.7333219,550
1437,-173.596964,63.104498,550
1438,-179.809089,47.8679433,550
1439,-184.289554,32.1703941,550
1440,-186.99521,16.1630264,550
1441,-187.9,2.01944257e-14,550
1442,-186.99521,-16.1630264,550
1443,-184.289554,-32.1703941,550
1444,-179.809089,-47.8679433,550
1445,-173.596964,-63.104498,550
1446,-165.713006,-77.7333219,550
1447,-156.23314,-91.6135314,550
1448,-145.248664,-104.611453,550
1449,-132.865364,-116.601908,550
1450,-119.202498,-127.469424,550
1451,-104.391647,-137.109339,550
1452,-88.5754468,-145.428816,550
1453,-71.9062169,-152.347735,550
1454,-54.5444909,-157.799461,550
1455,-36.6574715,-161.731493,550
1456,-18.4174207,-164.105961,550
1457,-3.451667e-14,-164.9,550
1458,18.4174207,-164.105961,550
1459,36.6574715,-161.731493,550
1460,54.5444909,-157.799461,550
1461,71.9062169,-152.347735,550
1462,88.5754468,-145.428816,550
1463,104.391647,-137.109339,550
1464,119.202498,-127.469424,550
1465,132.865364,-116.601908,550
1466,145.248664,-104.611453,550
1467,156.23314,-91.6135314,550
1468,165.713006,-77.7333219,550
1469,173.596964,-63.104498,550
1470,179.809089,-47.8679433,550
1471,184.289554,-32.1703941,550
1472,186.99521,-16.1630264,550
1473,187.9,0,575
1474,186.99521,16.1630264,575
1475,184.289554,32.1703941,575
1476,179.809089,47.8679433,575
1477,173.596964,63.104498,575
1478,165.713006,77.7333219,575
1479,156.23314,91.6135314,575
1480,145.248664,104.611453,575
1481,132.865364,116.601908,575
1482,119.202498,127.469424,575
1483,104.391647,137.109339,575
1484,88.5754468,145.428816,575
1485,71.9062169,152.347735,575
1486,54.5444909,157.799461,575
1487,36.6574715,161.731493,575
1488,18.4174207,164.105961,575
1489,1.15055567e-14,164.9,575
1490,-18.4174207,164.105961,575
1491,-36.6574715,161.731493,575
1492,-54.5444909,157.799461,575
1493,-71.9062169,152.347735,575
1494,-88.5754468,145.428816,575
1495,-104.391647,137.109339,575
1496,-119.202498,127.469424,575
1497,-132.865364,116.601908,575
1498,-145.248664,104.611453,575
1499,-156.23314,91.6135314,575
1500,-165.713006,77.7333219,575
1501,-173.596964,63.104498,575
1502,-179.809089,47.8679433,575
1503,-184.289554,32.1703941,575
1504,-186.99521,16.1630264,575
1505,-187.9,2.01944257e-14,575
1506,-186.99521,-16.1630264,575
1507,-184.289554,-32.1703941,575
1508,-179.809089,-47.8679433,575
1509,-173.596964,-63.104498,575
1510,-165.713006,-77.7333219,575
1511,-156.23314,-91.6135314,575
1512,-145.248664,-104.611453,575
1513,-132.865364,-116.601908,575
1514,-119.202498,-127.469424,575
1515,-104.391647,-137.109339,575
1516,-88.5754468,-145.428816,575
1517,-71.9062169,-152.347735,575
1518,-54.5444909,-157.799461,575
1519,-36.6574715,-161.731493,575
1520,-18.4174207,-164.105961,575
1521,-3.451667e-14,-164.9,575
1522,18.4174207,-164.105961,575
1523,36.6574715,-161.731493,575
1524,54.5444909,-157.799461,575
1525,71.9062169,-152.347735,575
1526,88.5754468,-145.428816,575
1527,104.391647,-137.109339,575
1528,119.202498,-127.469424,575
1529,132.865364,-116.601908,575
1530,145.248664,-104.611453,575
1531,156.23314,-91.6135314,575
1532,165.713006,-77.7333219,575
1533,173.596964,-63.104498,575
1534,179.809089,-47.8679433,575
1535,184.289554,-32.1703941,575
1536,186.99521,-16.1630264,575
1537,187.9,0,600
1538,186.99521,16.1630264,600
1539,184.289554,32.1703941,600
1540,179.809089,47.8679433,600
1541,173.596964,63.104498,600
1542,165.713006,77.7333219,600
1543,156.23314,91.6135314,600
1544,145.248664,104.611453,600
1545,132.865364,116.601908,600
1546,119.202498,127.469424,600
1547,104.391647,137.109339,600
1548,88.5754468,145.428816,600
1549,71.9062169,152.347735,600
1550,54.5444909,157.799461,600
1551,36.6574715,161.731493,600
1552,18.4174207,164.105961,600
1553,1.15055567e-14,164.9,600
1554,-18.4174207,164.105961,600
1555,-36.6574715,161.731493,600
1556,-54.5444909,157.799461,600
1557,-71.9062169,152.347735,600
1558,-88.5754468,145.428816,600
1559,-104.391647,137.109339,600
1560,-119.202498,127.469424,600
1561,-132.865364,116.601908,600
1562,-145.248664,104.611453,600
1563,-156.23314,91.6135314,600
1564,-165.713006,77.7333219,600
1565,-173.596964,63.104498,600
1566,-179.809089,47.8679433,600
1567,-184.289554,32.1703941,600
1568,-186.99521,16.1630264,600
1569,-187.9,2.01944257e-14,600
1570,-186.99521,-16.1630264,600
1571,-184.289554,-32.1703941,600
1572,-179.809089,-47.8679433,600
1573,-173.596964,-63.104498,600
1574,-165.713006,-77.7333219,600
1575,-156.23314,-91.6135314,600
1576,-145.248664,-104.611453,600
1577,-132.865364,-116.601908,600
1578,-119.202498,-127.469424,600
1579,-104.391647,-137.109339,600
1580,-88.5754468,-145.428816,600
1581,-71.9062169,-152.347735,600
1582,-54.5444909,-157.799461,600
1583,-36.6574715,-161.731493,600
1584,-18.4174207,-164.105961,600
1585,-3.451667e-14,-164.9,600
1586,18.4174207,-164.105961,600
1587,36.6574715,-161.731493,600
1588,54.5444909,-157.799461,600
1589,71.9062169,-152.347735,600
1590,88.5754468,-145.428816,600
1591,104.391647,-137.109339,600
1592,119.202498,-127.469424,600
1593,132.865364,-116.601908,600
1594,145.248664,-104.611453,600
1595,156.23314,-91.6135314,600
1596,165.713006,-77.7333219,600
1597,173.596964,-63.104498,600
1598,179.809089,-47.8679433,600
1599,184.289554,-32.1703941,600
1600,186.99521,-16.1630264,600
1601,187.9,0,625
1602,186.99521,16.1630264,625
1603,184.289554,32.1703941,625
1604,179.809089,47.8679433,625
1605,173.596964,63.104498,625
1606,165.713006,77.7333219,625
1607,156.23314,91.6135314,625
1608,145.248664,104.611453,625
1609,132.865364,116.601908,625
1610,119.202498,127.469424,625
1611,104.391647,137.109339,625
1612,88.5754468,145.428816,625
1613,71.9062169,152.347735,625
1614,54.5444909,157.799461,625
1615,36.6574715,161.731493,625
1616,18.4174207,164.105961,625
1617,1.15055567e-14,164.9,625
1618,-18.4174207,164.105961,625
1619,-36.6574715,161.731493,625
1620,-54.5444909,157.799461,625
1621,-71.9062169,152.347735,625
1622,-88.5754468,145.428816,625
1623,-104.391647,137.109339,625
1624,-119.202498,127.469424,625
1625,-132.865364,116.601908,625
1626,-145.248664,104.611453,625
1627,-156.23314,91.6135314,625
1628,-165.713006,77.7333219,625
1629,-173.596964,63.104498,625
1630,-179.809089,47.8679433,625
1631,-184.289554,32.1703941,625
1632,-186.99521,16.1630264,625
1633,-187.9,2.01944257e-14,625
1634,-186.99521,-16.1630264,625
1635,-184.289554,-32.1703941,625
1636,-179.809089,-47.8679433,625
1637,-173.596964,-63.104498,625
1638,-165.713006,-77.7333219,625
1639,-156.23314,-91.6135314,625
1640,-145.248664,-104.611453,625
1641,-132.865364,-116.601908,625
1642,-119.202498,-127.469424,625
1643,-104.391647,-137.109339,625
1644,-88.5754468,-145.428816,625
1645,-71.9062169,-152.347735,625
1646,-54.5444909,-157.799461,625
1647,-36.6574715,-161.731493,625
1648,-18.4174207,-164.105961,625
1649,-3.451667e-14,-164.9,625
1650,18.4174207,-164.105961,625
1651,36.6574715,-161.731493,625
1652,54.5444909,-157.799461,625
1653,71.9062169,-152.347735,625
1654,88.5754468,-145.428816,625
1655,104.391647,-137.109339,625
1656,119.202498,-127.469424,625
1657,132.865364,-116.601908,625
1658,145.248664,-104.611453,625
1659,156.23314,-91.6135314,625
1660,165.713006,-77.7333219,625
1661,173.596964,-63.104498,625
1662,179.809089,-47.8679433,625
1663,184.289554,-32.1703941,625
1664,186.99521,-16.1630264,625
1665,187.9,0,650
1666,186.99521,16.1630264,650
1667,184.289554,32.1703941,650
1668,179.809089,47.8679433,650
1669,173.596964,63.104498,650
1670,165.713006,77.7333219,650
1671,156.23314,91.6135314,650
1672,145.248664,104.611453,650
1673,132.865364,116.601908,650
1674,119.202498,127.469424,650
1675,104.391647,137.109339,650
1676,88.5754468,145.428816,650
1677,71.9062169,152.347735,650
1678,54.5444909,157.799461,650
1679,36.6574715,161.731493,650
1680,18.4174207,164.105961,650
1681,1.15055567e-14,164.9,650
1682,-18.4174207,164.105961,650
1683,-36.6574715,161.731493,650
1684,-54.5444909,157.799461,650
1685,-71.9062169,152.347735,650
1686,-88.5754468,145.428816,650
1687,-104.391647,137.109339,650
1688,-119.202498,127.469424,650
1689,-132.865364,116.601908,650
1690,-145.248664,104.611453,650
1691,-156.23314,91.6135314,650
1692,-165.713006,77.7333219,650
1693,-173.596964,63.104498,650
1694,-179.809089,47.8679433,650
1695,-184.289554,32.1703941,650
1696,-186.99521,16.1630264,650
1697,-187.9,2.01944257e-14,650
1698,-186.99521,-16.1630264,650
1699,-184.289554,-32.1703941,650
1700,-179.809089,-47.8679433,650
1701,-173.596964,-63.104498,650
1702,-165.713006,-77.7333219,650
1703,-156.23314,-91.6135314,650
1704,-145.248664,-104.611453,650
1705,-132.865364,-116.601908,650
1706,-119.202498,-127.469424,650
1707,-104.391647,-137.109339,650
1708,-88.5754468,-145.428816,650
1709,-71.9062169,-152.347735,650
1710,-54.5444909,-157.799461,650
1711,-36.6574715,-161.731493,650
1712,-18.4174207,-164.105961,650
1713,-3.451667e-14,-164.9,650
1714,18.4174207,-164.105961,650
1715,36.6574715,-161.731493,650
1716,54.5444909,-157.799461,650
1717,71.9062169,-152.347735,650
1718,88.5754468,-145.428816,650
1719,104.391647,-137.109339,650
1720,119.202498,-127.469424,650
1721,132.865364,-116.601908,650
1722,145.248664,-104.611453,650
1723,156.23314,-91.6135314,650
1724,165.713006,-77.7333219,650
1725,173.596964,-63.104498,650
1726,179.809089,-47.8679433,650
1727,184.289554,-32.1703941,650
1728,186.99521,-16.1630264,650

Data Record #2
===========================================================================
Step = 0
Time = 0
Data = shirt_contact_data
1,-0.49938581462,0
2,-0.499294922551,0
3,-0.499130489829,0
4,-0.498921969827,0
5,-0.498705304654,0
6,-0.498516550639,0
7,-0.49838538301,0
8,-0.498330222979,0
9,-0.498357122554,0
10,-0.498459149229,0
11,-0.498618096174,0
12,-0.498810596413,0
13,-0.499009019363,0
14,-0.499185954365,0
15,-0.499318093678,0
16,-0.499388508221,0
17,-0.499388508221,0
18,-0.499318093678,0
19,-0.499185954365,0
20,-0.499009019363,0
21,-0.498810596413,0
22,-0.498618096174,0
23,-0.498459149229,0
24,-0.498357122554,0
25,-0.498330222979,0
26,-0.49838538301,0
27,-0.498516550639,0
28,-0.498705304654,0
29,-0.498921969827,0
30,-0.499130489829,0
31,-0.499294922551,0
32,-0.49938581462,0
33,-0.49938581462,0
34,-0.499294922551,0
35,-0.499130489829,0
36,-0.498921969827,0
37,-0.498705304654,0
38,-0.498516550639,0
39,-0.49838538301,0
40,-0.498330222979,0
41,-0.498357122554,0
42,-0.498459149229,0
43,-0.498618096174,0
44,-0.498810596413,0
45,-0.499009019363,0
46,-0.499185954365,0
47,-0.499318093678,0
48,-0.499388508222,0
49,-0.499388508221,0
50,-0.499318093678,0
51,-0.499185954365,0
52,-0.499009019363,0
53,-0.498810596413,0
54,-0.498618096174,0
55,-0.498459149229,0
56,-0.498357122554,0
57,-0.498330222979,0
58,-0.49838538301,0
59,-0.498516550639,0
60,-0.498705304654,0
61,-0.498921969827,0
62,-0.499130489829,0
63,-0.499294922551,0
64,-0.49938581462,0
65,-0.49938581462,0
66,-0.499294922551,0
67,-0.499130489829,0
68,-0.498921969827,0
69,-0.498705304654,0
70,-0.498516550639,0
71,-0.49838538301,0
72,-0.498330222979,0
73,-0.498357122554,0
74,-0.498459149229,0
75,-0.498618096174,0
76,-0.498810596413,0
77,-0.499009019363,0
78,-0.499185954365,0
79,-0.499318093678,0
80,-0.499388508221,0
81,-0.499388508221,0
82,-0.499318093678,0
83,-0.499185954365,0
84,-0.499009019363,0
85,-0.498810596413,0
86,-0.498618096174,0
87,-0.498459149229,0
88,-0.498357122554,0
89,-0.498330222979,0
90,-0.49838538301,0
91,-0.498516550639,0
92,-0.498705304654,0
93,-0.498921969827,0
94,-0.499130489829,0
95,-0.499294922551,0
96,-0.49938581462,0
97,-0.49938581462,0
98,-0.499294922551,0
99,-0.499130489829,0
100,-0.498921969827,0
101,-0.498705304654,0
102,-0.498516550639,0
103,-0.49838538301,0
104,-0.498330222979,0
105,-0.498357122554,0
106,-0.498459149229,0
107,-0.498618096174,0
108,-0.498810596413,0
109,-0.499009019363,0
110,-0.499185954365,0
111,-0.499318093678,0
112,-0.499388508222,0
113,-0.499388508221,0
114,-0.499318093678,0
115,-0.499185954365,0
116,-0.499009019363,0
117,-0.498810596413,0
118,-0.498618096174,0
119,-0.498459149229,0
120,-0.498357122554,0
121,-0.498330222979,0
122,-0.49838538301,0
123,-0.498516550639,0
124,-0.498705304654,0
125,-0.498921969827,0
126,-0.499130489829,0
127,-0.499294922551,0
128,-0.49938581462,0
129,-0.49938581462,0
130,-0.499294922551,0
131,-0.499130489829,0
132,-0.498921969827,0
133,-0.498705304654,0
134,-0.498516550639,0
135,-0.49838538301,0
136,-0.498330222979,0
137,-0.498357122554,0
138,-0.498459149229,0
139,-0.498618096174,0
140,-0.498810596413,0
141,-0.499009019363,0
142,-0.499185954365,0
143,-0.499318093678,0
144,-0.499388508221,0
145,-0.499388508221,0
146,-0.499318093678,0
147,-0.499185954365,0
148,-0.499009019363,0
149,-0.498810596413,0
150,-0.498618096174,0
151,-0.498459149229,0
152,-0.498357122554,0
153,-0.498330222979,0
154,-0.49838538301,0
155,-0.498516550639,0
156,-0.498705304654,0
157,-0.498921969827,0
158,-0.499130489829,0
159,-0.499294922551,0
160,-0.49938581462,0
161,-0.49938581462,0
162,-0.499294922551,0
163,-0.499130489829,0
164,-0.498921969827,0
165,-0.498705304654,0
166,-0.498516550639,0
167,-0.49838538301,0
168,-0.498330222979,0
169,-0.498357122554,0
170,-0.498459149229,0
171,-0.498618096174,0
172,-0.498810596413,0
173,-0.499009019363,0
174,-0.499185954365,0
175,-0.499318093678,0
176,-0.499388508221,0
177,-0.499388508221,0
178,-0.499318093678,0
179,-0.499185954365,0
180,-0.499009019363,0
181,-0.498810596413,0
182,-0.498618096174,0
183,-0.498459149229,0
184,-0.498357122554,0
185,-0.498330222979,0
186,-0.49838538301,0
187,-0.498516550639,0
188,-0.498705304654,0
189,-0.498921969827,0
190,-0.499130489829,0
191,-0.499294922551,0
192,-0.49938581462,0
193,-0.49938581462,0
194,-0.499294922551,0
195,-0.499130489829,0
196,-0.498921969827,0
197,-0.498705304654,0
198,-0.498516550639,0
199,-0.49838538301,0
200,-0.498330222979,0
201,-0.498357122554,0
202,-0.498459149229,0
203,-0.498618096174,0
204,-0.498810596413,0
205,-0.499009019363,0
206,-0.499185954365,0
207,-0.499318093678,0
208,-0.499388508221,0
209,-0.499388508221,0
210,-0.499318093678,0
211,-0.499185954365,0
212,-0.499009019363,0
213,-0.498810596413,0
214,-0.498618096174,0
215,-0.498459149229,0
216,-0.498357122554,0
217,-0.498330222979,0
218,-0.49838538301,0
219,-0.498516550639,0
220,-0.498705304654,0
221,-0.498921969827,0
222,-0.499130489829,0
223,-0.499294922551,0
224,-0.49938581462,0
225,-0.49938581462,0
226,-0.499294922551,0
227,-0.499130489829,0
228,-0.498921969827,0
229,-0.498705304654,0
230,-0.498516550639,0
231,-0.49838538301,0
232,-0.498330222979,0
233,-0.498357122554,0
234,-0.498459149229,0
235,-0.498618096174,0
236,-0.498810596413,0
237,-0.499009019363,0
238,-0.499185954365,0
239,-0.499318093678,0
240,-0.499388508221,0
241,-0.499388508221,0
242,-0.499318093678,0
243,-0.499185954365,0
244,-0.499009019363,0
245,-0.498810596413,0
246,-0.498618096174,0
247,-0.498459149229,0
248,-0.498357122554,0
249,-0.498330222979,0
250,-0.49838538301,0
251,-0.498516550639,0
252,-0.498705304654,0
253,-0.498921969827,0
254,-0.499130489829,0
255,-0.499294922551,0
256,-0.49938581462,0
257,-0.49938581462,0
258,-0.499294922551,0
259,-0.499130489829,0
260,-0.498921969827,0
261,-0.498705304654,0
262,-0.498516550639,0
263,-0.49838538301,0
264,-0.498330222979,0
265,-0.498357122554,0
266,-0.498459149229,0
267,-0.498618096174,0
268,-0.498810596413,0
269,-0.499009019363,0
270,-0.499185954365,0
271,-0.499318093678,0
272,-0.499388508221,0
273,-0.499388508221,0
274,-0.499318093678,0
275,-0.499185954365,0
276,-0.499009019363,0
277,-0.498810596413,0
278,-0.498618096174,0
279,-0.498459149229,0
280,-0.498357122554,0
281,-0.498330222979,0
282,-0.49838538301,0
283,-0.498516550639,0
284,-0.498705304654,0
285,-0.498921969827,0
286,-0.499130489829,0
287,-0.499294922551,0
288,-0.49938581462,0
289,-0.49938581462,0
290,-0.499294922551,0
291,-0.499130489829,0
292,-0.498921969827,0
293,-0.498705304654,0
294,-0.498516550639,0
295,-0.49838538301,0
296,-0.498330222979,0
297,-0.498357122554,0
298,-0.498459149229,0
299,-0.498618096174,0
300,-0.498810596413,0
301,-0.499009019363,0
302,-0.499185954365,0
303,-0.499318093678,0
304,-0.499388508221,0
305,-0.499388508221,0
306,-0.499318093678,0
307,-0.499185954365,0
308,-0.499009019363,0
309,-0.498810596413,0
310,-0.498618096174,0
311,-0.498459149229,0
312,-0.498357122554,0
313,-0.498330222979,0
314,-0.49838538301,0
315,-0.498516550639,0
316,-0.498705304654,0
317,-0.498921969827,0
318,-0.499130489829,0
319,-0.499294922551,0
320,-0.49938581462,0
321,-0.49938581462,0
322,-0.499294922551,0
323,-0.499130489829,0
324,-0.498921969827,0
325,-0.498705304654,0
326,-0.498516550639,0
327,-0.49838538301,0
328,-0.498330222979,0
329,-0.498357122554,0
330,-0.498459149229,0
331,-0.498618096174,0
332,-0.498810596413,0
333,-0.499009019363,0
334,-0.499185954365,0
335,-0.499318093678,0
336,-0.499388508221,0
337,-0.499388508221,0
338,-0.499318093678,0
339,-0.499185954365,0
340,-0.499009019363,0
341,-0.498810596413,0
342,-0.498618096174,0
343,-0.498459149229,0
344,-0.498357122554,0
345,-0.498330222979,0
346,-0.49838538301,0
347,-0.498516550639,0
348,-0.498705304654,0
349,-0.498921969827,0
350,-0.499130489829,0
351,-0.499294922551,0
352,-0.49938581462,0
353,-0.49938581462,0
354,-0.499294922551,0
355,-0.499130489829,0
356,-0.498921969827,0
357,-0.498705304654,0
358,-0.498516550639,0
359,-0.49838538301,0
360,-0.498330222979,0
361,-0.498357122554,0
362,-0.498459149229,0
363,-0.498618096174,0
364,-0.498810596413,0
365,-0.499009019363,0
366,-0.499185954365,0
367,-0.499318093678,0
368,-0.499388508221,0
369,-0.499388508221,0
370,-0.499318093678,0
371,-0.499185954365,0
372,-0.499009019363,0
373,-0.498810596413,0
374,-0.498618096174,0
375,-0.498459149229,0
376,-0.498357122554,0
377,-0.498330222979,0
378,-0.49838538301,0
379,-0.498516550639,0
380,-0.498705304654,0
381,-0.498921969827,0
382,-0.499130489829,0
383,-0.499294922551,0
384,-0.49938581462,0
385,-0.49938581462,0
386,-0.499294922551,0
387,-0.499130489829,0
388,-0.498921969827,0
389,-0.498705304654,0
390,-0.498516550639,0
391,-0.49838538301,0
392,-0.498330222979,0
393,-0.498357122554,0
394,-0.498459149229,0
395,-0.498618096174,0
396,-0.498810596413,0
397,-0.499009019363,0
398,-0.499185954365,0
399,-0.499318093678,0
400,-0.499388508221,0
401,-0.499388508221,0
402,-0.499318093678,0
403,-0.499185954365,0
404,-0.499009019363,0
405,-0.498810596413,0
406,-0.498618096174,0
407,-0.498459149229,0
408,-0.498357122554,0
409,-0.498330222979,0
410,-0.49838538301,0
411,-0.498516550639,0
412,-0.498705304654,0
413,-0.498921969827,0
414,-0.499130489829,0
415,-0.499294922551,0
416,-0.49938581462,0
417,-0.49938581462,0
418,-0.499294922551,0
419,-0.499130489829,0
420,-0.498921969827,0
421,-0.498705304654,0
422,-0.498516550639,0
423,-0.49838538301,0
424,-0.498330222979,0
425,-0.498357122554,0
426,-0.498459149229,0
427,-0.498618096174,0
428,-0.498810596413,0
429,-0.499009019363,0
430,-0.499185954365,0
431,-0.499318093678,0
432,-0.499388508221,0
433,-0.499388508221,0
434,-0.499318093678,0
435,-0.499185954365,0
436,-0.499009019363,0
437,-0.498810596413,0
438,-0.498618096174,0
439,-0.498459149229,0
440,-0.498357122554,0
441,-0.498330222979,0
442,-0.49838538301,0
443,-0.498516550639,0
444,-0.498705304654,0
445,-0.498921969827,0
446,-0.499130489829,0
447,-0.499294922551,0
448,-0.49938581462,0
449,-0.49938581462,0
450,-0.499294922551,0
451,-0.499130489829,0
452,-0.498921969827,0
453,-0.498705304654,0
454,-0.498516550639,0
455,-0.49838538301,0
456,-0.498330222979,0
457,-0.498357122554,0
458,-0.498459149229,0
459,-0.498618096174,0
460,-0.498810596413,0
461,-0.499009019363,0
462,-0.499185954365,0
463,-0.499318093678,0
464,-0.499388508221,0
465,-0.499388508221,0
466,-0.499318093678,0
467,-0.499185954365,0
468,-0.499009019363,0
469,-0.498810596413,0
470,-0.498618096174,0
471,-0.498459149229,0
472,-0.498357122554,0
473,-0.498330222979,0
474,-0.49838538301,0
475,-0.498516550639,0
476,-0.498705304654,0
477,-0.498921969827,0
478,-0.499130489829,0
479,-0.499294922551,0
480,-0.49938581462,0
481,-0.49938581462,0
482,-0.499294922551,0
483,-0.499130489829,0
484,-0.498921969827,0
485,-0.498705304654,0
486,-0.498516550639,0
487,-0.49838538301,0
488,-0.498330222979,0
489,-0.498357122554,0
490,-0.498459149229,0
491,-0.498618096174,0
492,-0.498810596413,0
493,-0.499009019363,0
494,-0.499185954365,0
495,-0.499318093678,0
496,-0.499388508221,0
497,-0.499388508221,0
498,-0.499318093678,0
499,-0.499185954365,0
500,-0.499009019363,0
501,-0.498810596413,0
502,-0.498618096174,0
503,-0.498459149229,0
504,-0.498357122554,0
505,-0.498330222979,0
506,-0.49838538301,0
507,-0.498516550639,0
508,-0.498705304654,0
509,-0.498921969827,0
510,-0.499130489829,0
511,-0.499294922551,0
512,-0.49938581462,0
513,-0.49938581462,0
514,-0.499294922551,0
515,-0.499130489829,0
516,-0.498921969827,0
517,-0.498705304654,0
518,-0.498516550639,0
519,-0.49838538301,0
520,-0.498330222979,0
521,-0.498357122554,0
522,-0.498459149229,0
523,-0.498618096174,0
524,-0.498810596413,0
525,-0.499009019363,0
526,-0.499185954365,0
527,-0.499318093678,0
528,-0.499388508221,0
529,-0.499388508221,0
530,-0.499318093678,0
531,-0.499185954365,0
532,-0.499009019363,0
533,-0.498810596413,0
534,-0.498618096174,0
535,-0.498459149229,0
536,-0.498357122554,0
537,-0.498330222979,0
538,-0.49838538301,0
539,-0.498516550639,0
540,-0.498705304654,0
541,-0.498921969827,0
542,-0.499130489829,0
543,-0.499294922551,0
544,-0.49938581462,0
545,-0.49938581462,0
546,-0.499294922551,0
547,-0.499130489829,0
548,-0.498921969827,0
549,-0.498705304654,0
550,-0.498516550639,0
551,-0.49838538301,0
552,-0.498330222979,0
553,-0.498357122554,0
554,-0.498459149229,0
555,-0.498618096174,0
556,-0.498810596413,0
557,-0.499009019363,0
558,-0.499185954365,0
559,-0.499318093678,0
560,-0.499388508221,0
561,-0.499388508221,0
562,-0.499318093678,0
563,-0.499185954365,0
564,-0.499009019363,0
565,-0.498810596413,0
566,-0.498618096174,0
567,-0.498459149229,0
568,-0.498357122554,0
569,-0.498330222979,0
570,-0.49838538301,0
571,-0.498516550639,0
572,-0.498705304654,0
573,-0.498921969827,0
574,-0.499130489829,0
575,-0.499294922551,0
576,-0.49938581462,0
577,-0.49938581462,0
578,-0.499294922551,0
579,-0.499130489829,0
580,-0.498921969827,0
581,-0.498705304654,0
582,-0.498516550639,0
583,-0.49838538301,0
584,-0.498330222979,0
585,-0.498357122554,0
586,-0.498459149229,0
587,-0.498618096174,0
588,-0.498810596413,0
589,-0.499009019363,0
590,-0.499185954365,0
591,-0.499318093678,0
592,-0.499388508221,0
593,-0.499388508221,0
594,-0.499318093678,0
595,-0.499185954365,0
596,-0.499009019363,0
597,-0.498810596413,0
598,-0.498618096174,0
599,-0.498459149229,0
600,-0.498357122554,0
601,-0.498330222979,0
602,-0.49838538301,0
603,-0.498516550639,0
604,-0.498705304654,0
605,-0.498921969827,0
606,-0.499130489829,0
607,-0.499294922551,0
608,-0.49938581462,0
609,-0.49938581462,0
610,-0.499294922551,0
611,-0.499130489829,0
612,-0.498921969827,0
613,-0.498705304654,0
614,-0.498516550639,0
615,-0.49838538301,0
616,-0.498330222979,0
617,-0.498357122554,0
618,-0.498459149229,0
619,-0.498618096174,0
620,-0.498810596413,0
621,-0.499009019363,0
622,-0.499185954365,0
623,-0.499318093678,0
624,-0.499388508221,0
625,-0.499388508221,0
626,-0.499318093678,0
627,-0.499185954365,0
628,-0.499009019363,0
629,-0.498810596413,0
630,-0.498618096174,0
631,-0.498459149229,0
632,-0.498357122554,0
633,-0.498330222979,0
634,-0.49838538301,0
635,-0.498516550639,0
636,-0.498705304654,0
637,-0.498921969827,0
638,-0.499130489829,0
639,-0.499294922551,0
640,-0.49938581462,0
641,-0.49938581462,0
642,-0.499294922551,0
643,-0.499130489829,0
644,-0.498921969827,0
645,-0.498705304654,0
646,-0.498516550639,0
647,-0.49838538301,0
648,-0.498330222979,0
649,-0.498357122554,0
650,-0.498459149229,0
651,-0.498618096174,0
652,-0.498810596413,0
653,-0.499009019363,0
654,-0.499185954365,0
655,-0.499318093678,0
656,-0.499388508221,0
657,-0.499388508221,0
658,-0.499318093678,0
659,-0.499185954365,0
660,-0.499009019363,0
661,-0.498810596413,0
662,-0.498618096174,0
663,-0.498459149229,0
664,-0.498357122554,0
665,-0.498330222979,0
666,-0.49838538301,0
667,-0.498516550639,0
668,-0.498705304654,0
669,-0.498921969827,0
670,-0.499130489829,0
671,-0.499294922551,0
672,-0.49938581462,0
673,-0.49938581462,0
674,-0.499294922551,0
675,-0.499130489829,0
676,-0.498921969827,0
677,-0.498705304654,0
678,-0.498516550639,0
679,-0.49838538301,0
680,-0.498330222979,0
681,-0.498357122554,0
682,-0.498459149229,0
683,-0.498618096174,0
684,-0.498810596413,0
685,-0.499009019363,0
686,-0.499185954365,0
687,-0.499318093678,0
688,-0.499388508221,0
689,-0.499388508221,0
690,-0.499318093678,0
691,-0.499185954365,0
692,-0.499009019363,0
693,-0.498810596413,0
694,-0.498618096174,0
695,-0.498459149229,0
696,-0.498357122554,0
697,-0.498330222979,0
698,-0.49838538301,0
699,-0.498516550639,0
700,-0.498705304654,0
701,-0.498921969827,0
702,-0.499130489829,0
703,-0.499294922551,0
704,-0.49938581462,0
705,-0.49938581462,0
706,-0.499294922551,0
707,-0.499130489829,0
708,-0.498921969827,0
709,-0.498705304654,0
710,-0.498516550639,0
711,-0.49838538301,0
712,-0.498330222979,0
713,-0.498357122554,0
714,-0.498459149229,0
715,-0.498618096174,0
716,-0.498810596413,0
717,-0.499009019363,0
718,-0.499185954365,0
719,-0.499318093678,0
720,-0.499388508221,0
721,-0.499388508221,0
722,-0.499318093678,0
723,-0.499185954365,0
724,-0.499009019363,0
725,-0.498810596413,0
726,-0.498618096174,0
727,-0.498459149229,0
728,-0.498357122554,0
729,-0.498330222979,0
730,-0.49838538301,0
731,-0.498516550639,0
732,-0.498705304654,0
733,-0.498921969827,0
734,-0.499130489829,0
735,-0.499294922551,0
736,-0.49938581462,0
737,-0.49938581462,0
738,-0.499294922551,0
739,-0.499130489829,0
740,-0.498921969827,0
741,-0.498705304654,0
742,-0.498516550639,0
743,-0.49838538301,0
744,-0.498330222979,0
745,-0.498357122554,0
746,-0.498459149229,0
747,-0.498618096174,0
748,-0.498810596413,0
749,-0.499009019363,0
750,-0.499185954365,0
751,-0.499318093678,0
752,-0.499388508221,0
753,-0.499388508221,0
754,-0.499318093678,0
755,-0.499185954365,0
756,-0.499009019363,0
757,-0.498810596413,0
758,-0.498618096174,0
759,-0.498459149229,0
760,-0.498357122554,0
761,-0.498330222979,0
762,-0.49838538301,0
763,-0.498516550639,0
764,-0.498705304654,0
765,-0.498921969827,0
766,-0.499130489829,0
767,-0.499294922551,0
768,-0.49938581462,0
769,-0.49938581462,0
770,-0.499294922551,0
771,-0.499130489829,0
772,-0.498921969827,0
773,-0.498705304654,0
774,-0.498516550639,0
775,-0.49838538301,0
776,-0.498330222979,0
777,-0.498357122554,0
778,-0.498459149229,0
779,-0.498618096174,0
780,-0.498810596413,0
781,-0.499009019363,0
782,-0.499185954365,0
783,-0.499318093678,0
784,-0.499388508222,0
785,-0.499388508221,0
786,-0.499318093678,0
787,-0.499185954365,0
788,-0.499009019363,0
789,-0.498810596413,0
790,-0.498618096174,0
791,-0.498459149229,0
792,-0.498357122554,0
793,-0.498330222979,0
794,-0.49838538301,0
795,-0.498516550639,0
796,-0.498705304654,0
797,-0.498921969827,0
798,-0.499130489829,0
799,-0.499294922551,0
800,-0.49938581462,0
801,-0.49938581462,0
802,-0.499294922551,0
803,-0.499130489829,0
804,-0.498921969827,0
805,-0.498705304654,0
806,-0.498516550639,0
807,-0.49838538301,0
808,-0.498330222979,0
809,-0.498357122554,0
810,-0.498459149229,0
811,-0.498618096174,0
812,-0.498810596413,0
813,-0.499009019363,0
814,-0.499185954365,0
815,-0.499318093678,0
816,-0.499388508221,0
817,-0.499388508221,0
818,-0.499318093678,0
819,-0.499185954365,0
820,-0.499009019363,0
821,-0.498810596413,0
822,-0.498618096174,0
823,-0.498459149229,0
824,-0.498357122554,0
825,-0.498330222979,0
826,-0.49838538301,0
827,-0.498516550639,0
828,-0.498705304654,0
829,-0.498921969827,0
830,-0.499130489829,0
831,-0.499294922551,0
832,-0.49938581462,0
833,-0.49938581462,0
834,-0.499294922551,0
835,-0.499130489829,0
836,-0.498921969827,0
837,-0.498705304654,0
838,-0.498516550639,0
839,-0.49838538301,0
840,-0.498330222979,0
841,-0.498357122554,0
842,-0.498459149229,0
843,-0.498618096174,0
844,-0.498810596413,0
845,-0.499009019363,0
846,-0.499185954365,0
847,-0.499318093678,0
848,-0.499388508221,0
849,-0.499388508221,0
850,-0.499318093678,0
851,-0.499185954365,0
852,-0.499009019363,0
853,-0.498810596413,0
854,-0.498618096174,0
855,-0.498459149229,0
856,-0.498357122554,0
857,-0.498330222979,0
858,-0.49838538301,0
859,-0.498516550639,0
860,-0.498705304654,0
861,-0.498921969827,0
862,-0.499130489829,0
863,-0.499294922551,0
864,-0.49938581462,0
865,-0.49938581462,0
866,-0.499294922551,0
867,-0.499130489829,0
868,-0.498921969827,0
869,-0.498705304654,0
870,-0.498516550639,0
871,-0.49838538301,0
872,-0.498330222979,0
873,-0.498357122554,0
874,-0.498459149229,0
875,-0.498618096174,0
876,-0.498810596413,0
877,-0.499009019363,0
878,-0.499185954365,0
879,-0.499318093678,0
880,-0.499388508222,0
881,-0.499388508221,0
882,-0.499318093678,0
883,-0.499185954365,0
884,-0.499009019363,0
885,-0.498810596413,0
886,-0.498618096174,0
887,-0.498459149229,0
888,-0.498357122554,0
889,-0.498330222979,0
890,-0.49838538301,0
891,-0.498516550639,0
892,-0.498705304654,0
893,-0.498921969827,0
894,-0.499130489829,0
895,-0.499294922551,0
896,-0.49938581462,0
897,-0.49938581462,0
898,-0.499294922551,0
899,-0.499130489829,0
900,-0.498921969827,0
901,-0.498705304654,0
902,-0.498516550639,0
903,-0.49838538301,0
904,-0.498330222979,0
905,-0.498357122554,0
906,-0.498459149229,0
907,-0.498618096174,0
908,-0.498810596413,0
909,-0.499009019363,0
910,-0.499185954365,0
911,-0.499318093678,0
912,-0.499388508221,0
913,-0.499388508221,0
914,-0.499318093678,0
915,-0.499185954365,0
916,-0.499009019363,0
917,-0.498810596413,0
918,-0.498618096174,0
919,-0.498459149229,0
920,-0.498357122554,0
921,-0.498330222979,0
922,-0.49838538301,0
923,-0.498516550639,0
924,-0.498705304654,0
925,-0.498921969827,0
926,-0.499130489829,0
927,-0.499294922551,0
928,-0.49938581462,0
929,-0.49938581462,0
930,-0.499294922551,0
931,-0.499130489829,0
932,-0.498921969827,0
933,-0.498705304654,0
934,-0.498516550639,0
935,-0.49838538301,0
936,-0.498330222979,0
937,-0.498357122554,0
938,-0.498459149229,0
939,-0.498618096174,0
940,-0.498810596413,0
941,-0.499009019363,0
942,-0.499185954365,0
943,-0.499318093678,0
944,-0.499388508222,0
945,-0.499388508221,0
946,-0.499318093678,0
947,-0.499185954365,0
948,-0.499009019363,0
949,-0.498810596413,0
950,-0.498618096174,0
951,-0.498459149229,0
952,-0.498357122554,0
953,-0.498330222979,0
954,-0.49838538301,0
955,-0.498516550639,0
956,-0.498705304654,0
957,-0.498921969827,0
958,-0.499130489829,0
959,-0.499294922551,0
960,-0.49938581462,0
961,-0.49938581462,0
962,-0.499294922551,0
963,-0.499130489829,0
964,-0.498921969827,0
965,-0.498705304654,0
966,-0.498516550639,0
967,-0.49838538301,0
968,-0.498330222979,0
969,-0.498357122554,0
970,-0.498459149229,0
971,-0.498618096174,0
972,-0.498810596413,0
973,-0.499009019363,0
974,-0.499185954365,0
975,-0.499318093678,0
976,-0.499388508221,0
977,-0.499388508221,0
978,-0.499318093678,0
979,-0.499185954365,0
980,-0.499009019363,0
981,-0.498810596413,0
982,-0.498618096174,0
983,-0.498459149229,0
984,-0.498357122554,0
985,-0.498330222979,0
986,-0.49838538301,0
987,-0.498516550639,0
988,-0.498705304654,0
989,-0.498921969827,0
990,-0.499130489829,0
991,-0.499294922551,0
992,-0.49938581462,0
993,-0.49938581462,0
994,-0.499294922551,0
995,-0.499130489829,0
996,-0.498921969827,0
997,-0.498705304654,0
998,-0.498516550639,0
999,-0.49838538301,0
1000,-0.498330222979,0
1001,-0.498357122554,0
1002,-0.498459149229,0
1003,-0.498618096174,0
1004,-0.498810596413,0
1005,-0.499009019363,0
1006,-0.499185954365,0
1007,-0.499318093678,0
1008,-0.499388508221,0
1009,-0.499388508221,0
1010,-0.499318093678,0
1011,-0.499185954365,0
1012,-0.499009019363,0
1013,-0.498810596413,0
1014,-0.498618096174,0
1015,-0.498459149229,0
1016,-0.498357122554,0
1017,-0.498330222979,0
1018,-0.49838538301,0
1019,-0.498516550639,0
1020,-0.498705304654,0
1021,-0.498921969827,0
1022,-0.499130489829,0
1023,-0.499294922551,0
1024,-0.49938581462,0
1025,-0.49938581462,0
1026,-0.499294922551,0
1027,-0.499130489829,0
1028,-0.498921969827,0
1029,-0.498705304654,0
1030,-0.498516550639,0
1031,-0.49838538301,0
1032,-0.498330222979,0
1033,-0.498357122554,0
1034,-0.498459149229,0
1035,-0.498618096174,0
1036,-0.498810596413,0
1037,-0.499009019363,0
1038,-0.499185954365,0
1039,-0.499318093678,0
1040,-0.499388508221,0
1041,-0.499388508221,0
1042,-0.499318093678,0
1043,-0.499185954365,0
1044,-0.499009019363,0
1045,-0.498810596413,0
1046,-0.498618096174,0
1047,-0.498459149229,0
1048,-0.498357122554,0
1049,-0.498330222979,0
1050,-0.49838538301,0
1051,-0.498516550639,0
1052,-0.498705304654,0
1053,-0.498921969827,0
1054,-0.499130489829,0
1055,-0.499294922551,0
1056,-0.49938581462,0
1057,-0.49938581462,0
1058,-0.499294922551,0
1059,-0.499130489829,0
1060,-0.498921969827,0
1061,-0.498705304654,0
1062,-0.498516550639,0
1063,-0.49838538301,0
1064,-0.498330222979,0
1065,-0.498357122554,0
1066,-0.498459149229,0
1067,-0.498618096174,0
1068,-0.498810596413,0
1069,-0.499009019363,0
1070,-0.499185954365,0
1071,-0.499318093678,0
1072,-0.499388508221,0
1073,-0.499388508221,0
1074,-0.499318093678,0
1075,-0.499185954365,0
1076,-0.499009019363,0
1077,-0.498810596413,0
1078,-0.498618096174,0
1079,-0.498459149229,0
1080,-0.498357122554,0
1081,-0.498330222979,0
1082,-0.49838538301,0
1083,-0.498516550639,0
1084,-0.498705304654,0
1085,-0.498921969827,0
1086,-0.499130489829,0
1087,-0.499294922551,0
1088,-0.49938581462,0
1089,-0.49938581462,0
1090,-0.499294922551,0
1091,-0.499130489829,0
1092,-0.498921969827,0
1093,-0.498705304654,0
1094,-0.498516550639,0
1095,-0.49838538301,0
1096,-0.498330222979,0
1097,-0.498357122554,0
1098,-0.498459149229,0
1099,-0.498618096174,0
1100,-0.498810596413,0
1101,-0.499009019363,0
1102,-0.499185954365,0
1103,-0.499318093678,0
1104,-0.499388508221,0
1105,-0.499388508221,0
1106,-0.499318093678,0
1107,-0.499185954365,0
1108,-0.499009019363,0
1109,-0.498810596413,0
1110,-0.498618096174,0
1111,-0.498459149229,0
1112,-0.498357122554,0
1113,-0.498330222979,0
1114,-0.49838538301,0
1115,-0.498516550639,0
1116,-0.498705304654,0
1117,-0.498921969827,0
1118,-0.499130489829,0
1119,-0.499294922551,0
1120,-0.49938581462,0
1121,-0.49938581462,0
1122,-0.499294922551,0
1123,-0.499130489829,0
1124,-0.498921969827,0
1125,-0.498705304654,0
1126,-0.498516550639,0
1127,-0.49838538301,0
1128,-0.498330222979,0
1129,-0.498357122554,0
1130,-0.498459149229,0
1131,-0.498618096174,0
1132,-0.498810596413,0
1133,-0.499009019363,0
1134,-0.499185954365,0
1135,-0.499318093678,0
1136,-0.499388508221,0
1137,-0.499388508221,0
1138,-0.499318093678,0
1139,-0.499185954365,0
1140,-0.499009019363,0
1141,-0.498810596413,0
1142,-0.498618096174,0
1143,-0.498459149229,0
1144,-0.498357122554,0
1145,-0.498330222979,0
1146,-0.49838538301,0
1147,-0.498516550639,0
1148,-0.498705304654,0
1149,-0.498921969827,0
1150,-0.499130489829,0
1151,-0.499294922551,0
1152,-0.49938581462,0
1153,-0.49938581462,0
1154,-0.499294922551,0
1155,-0.499130489829,0
1156,-0.498921969827,0
1157,-0.498705304654,0
1158,-0.498516550639,0
1159,-0.49838538301,0
1160,-0.498330222979,0
1161,-0.498357122554,0
1162,-0.498459149229,0
1163,-0.498618096174,0
1164,-0.498810596413,0
1165,-0.499009019363,0
1166,-0.499185954365,0
1167,-0.499318093678,0
1168,-0.499388508221,0
1169,-0.499388508221,0
1170,-0.499318093678,0
1171,-0.499185954365,0
1172,-0.499009019363,0
1173,-0.498810596413,0
1174,-0.498618096174,0
1175,-0.498459149229,0
1176,-0.498357122554,0
1177,-0.498330222979,0
1178,-0.49838538301,0
1179,-0.498516550639,0
1180,-0.498705304654,0
1181,-0.498921969827,0
1182,-0.499130489829,0
1183,-0.499294922551,0
1184,-0.49938581462,0
1185,-0.49938581462,0
1186,-0.499294922551,0
1187,-0.499130489829,0
1188,-0.498921969827,0
1189,-0.498705304654,0
1190,-0.498516550639,0
1191,-0.49838538301,0
1192,-0.498330222979,0
1193,-0.498357122554,0
1194,-0.498459149229,0
1195,-0.498618096174,0
1196,-0.498810596413,0
1197,-0.499009019363,0
1198,-0.499185954365,0
1199,-0.499318093678,0
1200,-0.499388508221,0
1201,-0.499388508221,0
1202,-0.499318093678,0
1203,-0.499185954365,0
1204,-0.499009019363,0
1205,-0.498810596413,0
1206,-0.498618096174,0
1207,-0.498459149229,0
1208,-0.498357122554,0
1209,-0.498330222979,0
1210,-0.49838538301,0
1211,-0.498516550639,0
1212,-0.498705304654,0
1213,-0.498921969827,0
1214,-0.499130489829,0
1215,-0.499294922551,0
1216,-0.49938581462,0
1217,-0.49938581462,0
1218,-0.499294922551,0
1219,-0.499130489829,0
1220,-0.498921969827,0
1221,-0.498705304654,0
1222,-0.498516550639,0
1223,-0.49838538301,0
1224,-0.498330222979,0
1225,-0.498357122554,0
1226,-0.498459149229,0
1227,-0.498618096174,0
1228,-0.498810596413,0
1229,-0.499009019363,0
1230,-0.499185954365,0
1231,-0.499318093678,0
1232,-0.499388508221,0
1233,-0.499388508221,0
1234,-0.499318093678,0
1235,-0.499185954365,0
1236,-0.499009019363,0
1237,-0.498810596413,0
1238,-0.498618096174,0
1239,-0.498459149229,0
1240,-0.498357122554,0
1241,-0.498330222979,0
1242,-0.49838538301,0
1243,-0.498516550639,0
1244,-0.498705304654,0
1245,-0.498921969827,0
1246,-0.499130489829,0
1247,-0.499294922551,0
1248,-0.49938581462,0
1249,-0.49938581462,0
1250,-0.499294922551,0
1251,-0.499130489829,0
1252,-0.498921969827,0
1253,-0.498705304654,0
1254,-0.498516550639,0
1255,-0.49838538301,0
1256,-0.498330222979,0
1257,-0.498357122554,0
1258,-0.498459149229,0
1259,-0.498618096174,0
1260,-0.498810596413,0
1261,-0.499009019363,0
1262,-0.499185954365,0
1263,-0.499318093678,0
1264,-0.499388508221,0
1265,-0.499388508221,0
1266,-0.499318093678,0
1267,-0.499185954365,0
1268,-0.499009019363,0
1269,-0.498810596413,0
1270,-0.498618096174,0
1271,-0.498459149229,0
1272,-0.498357122554,0
1273,-0.498330222979,0
1274,-0.49838538301,0
1275,-0.498516550639,0
1276,-0.498705304654,0
1277,-0.498921969827,0
1278,-0.499130489829,0
1279,-0.499294922551,0
1280,-0.49938581462,0
1281,-0.49938581462,0
1282,-0.499294922551,0
1283,-0.499130489829,0
1284,-0.498921969827,0
1285,-0.498705304654,0
1286,-0.498516550639,0
1287,-0.49838538301,0
1288,-0.498330222979,0
1289,-0.498357122554,0
1290,-0.498459149229,0
1291,-0.498618096174,0
1292,-0.498810596413,0
1293,-0.499009019363,0
1294,-0.499185954365,0
1295,-0.499318093678,0
1296,-0.499388508221,0
1297,-0.499388508221,0
1298,-0.499318093678,0
1299,-0.499185954365,0
1300,-0.499009019363,0
1301,-0.498810596413,0
1302,-0.498618096174,0
1303,-0.498459149229,0
1304,-0.498357122554,0
1305,-0.498330222979,0
1306,-0.49838538301,0
1307,-0.498516550639,0
1308,-0.498705304654,0
1309,-0.498921969827,0
1310,-0.499130489829,0
1311,-0.499294922551,0
1312,-0.49938581462,0
1313,-0.49938581462,0
1314,-0.499294922551,0
1315,-0.499130489829,0
1316,-0.498921969827,0
1317,-0.498705304654,0
1318,-0.498516550639,0
1319,-0.49838538301,0
1320,-0.498330222979,0
1321,-0.498357122554,0
1322,-0.498459149229,0
1323,-0.498618096174,0
1324,-0.498810596413,0
1325,-0.499009019363,0
1326,-0.499185954365,0
1327,-0.499318093678,0
1328,-0.499388508221,0
1329,-0.499388508221,0
1330,-0.499318093678,0
1331,-0.499185954365,0
1332,-0.499009019363,0
1333,-0.498810596413,0
1334,-0.498618096174,0
1335,-0.498459149229,0
1336,-0.498357122554,0
1337,-0.498330222979,0
1338,-0.49838538301,0
1339,-0.498516550639,0
1340,-0.498705304654,0
1341,-0.498921969827,0
1342,-0.499130489829,0
1343,-0.499294922551,0
1344,-0.49938581462,0
1345,-0.49938581462,0
1346,-0.499294922551,0
1347,-0.499130489829,0
1348,-0.498921969827,0
1349,-0.498705304654,0
1350,-0.498516550639,0
1351,-0.49838538301,0
1352,-0.498330222979,0
1353,-0.498357122554,0
1354,-0.498459149229,0
1355,-0.498618096174,0
1356,-0.498810596413,0
1357,-0.499009019363,0
1358,-0.499185954365,0
1359,-0.499318093678,0
1360,-0.499388508221,0
1361,-0.499388508221,0
1362,-0.499318093678,0
1363,-0.499185954365,0
1364,-0.499009019363,0
1365,-0.498810596413,0
1366,-0.498618096174,0
1367,-0.498459149229,0
1368,-0.498357122554,0
1369,-0.498330222979,0
1370,-0.49838538301,0
1371,-0.498516550639,0
1372,-0.498705304654,0
1373,-0.498921969827,0
1374,-0.499130489829,0
1375,-0.499294922551,0
1376,-0.49938581462,0
1377,-0.49938581462,0
1378,-0.499294922551,0
1379,-0.499130489829,0
1380,-0.498921969827,0
1381,-0.498705304654,0
1382,-0.498516550639,0
1383,-0.49838538301,0
1384,-0.498330222979,0
1385,-0.498357122554,0
1386,-0.498459149229,0
1387,-0.498618096174,0
1388,-0.498810596413,0
1389,-0.499009019363,0
1390,-0.499185954365,0
1391,-0.499318093678,0
1392,-0.499388508221,0
1393,-0.499388508221,0
1394,-0.499318093678,0
1395,-0.499185954365,0
1396,-0.499009019363,0
1397,-0.498810596413,0
1398,-0.498618096174,0
1399,-0.498459149229,0
1400,-0.498357122554,0
1401,-0.498330222979,0
1402,-0.49838538301,0
1403,-0.498516550639,0
1404,-0.498705304654,0
1405,-0.498921969827,0
1406,-0.499130489829,0
1407,-0.499294922551,0
1408,-0.49938581462,0
1409,-0.49938581462,0
1410,-0.499294922551,0
1411,-0.499130489829,0
1412,-0.498921969827,0
1413,-0.498705304654,0
1414,-0.498516550639,0
1415,-0.49838538301,0
1416,-0.498330222979,0
1417,-0.498357122554,0
1418,-0.498459149229,0
1419,-0.498618096174,0
1420,-0.498810596413,0
1421,-0.499009019363,0
1422,-0.499185954365,0
1423,-0.499318093678,0
1424,-0.499388508221,0
1425,-0.499388508221,0
1426,-0.499318093678,0
1427,-0.499185954365,0
1428,-0.499009019363,0
1429,-0.498810596413,0
1430,-0.498618096174,0
1431,-0.498459149229,0
1432,-0.498357122554,0
1433,-0.498330222979,0
1434,-0.49838538301,0
1435,-0.498516550639,0
1436,-0.498705304654,0
1437,-0.498921969827,0
1438,-0.499130489829,0
1439,-0.499294922551,0
1440,-0.49938581462,0
1441,-0.49938581462,0
1442,-0.499294922551,0
1443,-0.499130489829,0
1444,-0.498921969827,0
1445,-0.498705304654,0
1446,-0.498516550639,0
1447,-0.49838538301,0
1448,-0.498330222979,0
1449,-0.498357122554,0
1450,-0.498459149229,0
1451,-0.498618096174,0
1452,-0.498810596413,0
1453,-0.499009019363,0
1454,-0.499185954365,0
1455,-0.499318093678,0
1456,-0.499388508221,0
1457,-0.499388508221,0
1458,-0.499318093678,0
1459,-0.499185954365,0
1460,-0.499009019363,0
1461,-0.498810596413,0
1462,-0.498618096174,0
1463,-0.498459149229,0
1464,-0.498357122554,0
1465,-0.498330222979,0
1466,-0.49838538301,0
1467,-0.498516550639,0
1468,-0.498705304654,0
1469,-0.498921969827,0
1470,-0.499130489829,0
1471,-0.499294922551,0
1472,-0.49938581462,0
1473,-0.49938581462,0
1474,-0.499294922551,0
1475,-0.499130489829,0
1476,-0.498921969827,0
1477,-0.498705304654,0
1478,-0.498516550639,0
1479,-0.49838538301,0
1480,-0.498330222979,0
1481,-0.498357122554,0
1482,-0.498459149229,0
1483,-0.498618096174,0
1484,-0.498810596413,0
1485,-0.499009019363,0
1486,-0.499185954365,0
1487,-0.499318093678,0
1488,-0.499388508221,0
1489,-0.499388508221,0
1490,-0.499318093678,0
1491,-0.499185954365,0
1492,-0.499009019363,0
1493,-0.498810596413,0
1494,-0.498618096174,0
1495,-0.498459149229,0
1496,-0.498357122554,0
1497,-0.498330222979,0
1498,-0.49838538301,0
1499,-0.498516550639,0
1500,-0.498705304654,0
1501,-0.498921969827,0
1502,-0.499130489829,0
1503,-0.499294922551,0
1504,-0.49938581462,0
1505,-0.49938581462,0
1506,-0.499294922551,0
1507,-0.499130489829,0
1508,-0.498921969827,0
1509,-0.498705304654,0
1510,-0.498516550639,0
1511,-0.49838538301,0
1512,-0.498330222979,0
1513,-0.498357122554,0
1514,-0.498459149229,0
1515,-0.498618096174,0
1516,-0.498810596413,0
1517,-0.499009019363,0
1518,-0.499185954365,0
1519,-0.499318093678,0
1520,-0.499388508221,0
1521,-0.499388508221,0
1522,-0.499318093678,0
1523,-0.499185954365,0
1524,-0.499009019363,0
1525,-0.498810596413,0
1526,-0.498618096174,0
1527,-0.498459149229,0
1528,-0.498357122554,0
1529,-0.498330222979,0
1530,-0.49838538301,0
1531,-0.498516550639,0
1532,-0.498705304654,0
1533,-0.498921969827,0
1534,-0.499130489829,0
1535,-0.499294922551,0
1536,-0.49938581462,0
1537,-0.49938581462,0
1538,-0.499294922551,0
1539,-0.499130489829,0
1540,-0.498921969827,0
1541,-0.498705304654,0
1542,-0.498516550639,0
1543,-0.49838538301,0
1544,-0.498330222979,0
1545,-0.498357122554,0
1546,-0.498459149229,0
1547,-0.498618096174,0
1548,-0.498810596413,0
1549,-0.499009019363,0
1550,-0.499185954365,0
1551,-0.499318093678,0
1552,-0.499388508221,0
1553,-0.499388508221,0
1554,-0.499318093678,0
1555,-0.499185954365,0
1556,-0.499009019363,0
1557,-0.498810596413,0
1558,-0.498618096174,0
1559,-0.498459149229,0
1560,-0.498357122554,0
1561,-0.498330222979,0
1562,-0.49838538301,0
1563,-0.498516550639,0
1564,-0.498705304654,0
1565,-0.498921969827,0
1566,-0.499130489829,0
1567,-0.499294922551,0
1568,-0.49938581462,0
1569,-0.49938581462,0
1570,-0.499294922551,0
1571,-0.499130489829,0
1572,-0.498921969827,0
1573,-0.498705304654,0
1574,-0.498516550639,0
1575,-0.49838538301,0
1576,-0.498330222979,0
1577,-0.498357122554,0
1578,-0.498459149229,0
1579,-0.498618096174,0
1580,-0.498810596413,0
1581,-0.499009019363,0
1582,-0.499185954365,0
1583,-0.499318093678,0
1584,-0.499388508221,0
1585,-0.499388508221,0
1586,-0.499318093678,0
1587,-0.499185954365,0
1588,-0.499009019363,0
1589,-0.498810596413,0
1590,-0.498618096174,0
1591,-0.498459149229,0
1592,-0.498357122554,0
1593,-0.498330222979,0
1594,-0.49838538301,0
1595,-0.498516550639,0
1596,-0.498705304654,0
1597,-0.498921969827,0
1598,-0.499130489829,0
1599,-0.499294922551,0
1600,-0.49938581462,0
1601,-0.49938581462,0
1602,-0.499294922551,0
1603,-0.499130489829,0
1604,-0.498921969827,0
1605,-0.498705304654,0
1606,-0.498516550639,0
1607,-0.49838538301,0
1608,-0.498330222979,0
1609,-0.498357122554,0
1610,-0.498459149229,0
1611,-0.498618096174,0
1612,-0.498810596413,0
1613,-0.499009019363,0
1614,-0.499185954365,0
1615,-0.499318093678,0
1616,-0.499388508222,0
1617,-0.499388508221,0
1618,-0.499318093678,0
1619,-0.499185954365,0
1620,-0.499009019363,0
1621,-0.498810596413,0
1622,-0.498618096174,0
1623,-0.498459149229,0
1624,-0.498357122554,0
1625,-0.498330222979,0
1626,-0.49838538301,0
1627,-0.498516550639,0
1628,-0.498705304654,0
1629,-0.498921969827,0
1630,-0.499130489829,0
1631,-0.499294922551,0
1632,-0.49938581462,0
1633,-0.49938581462,0
1634,-0.499294922551,0
1635,-0.499130489829,0
1636,-0.498921969827,0
1637,-0.498705304654,0
1638,-0.498516550639,0
1639,-0.49838538301,0
1640,-0.498330222979,0
1641,-0.498357122554,0
1642,-0.498459149229,0
1643,-0.498618096174,0
1644,-0.498810596413,0
1645,-0.499009019363,0
1646,-0.499185954365,0
1647,-0.499318093678,0
1648,-0.499388508221,0
1649,-0.499388508221,0
1650,-0.499318093678,0
1651,-0.499185954365,0
1652,-0.499009019363,0
1653,-0.498810596413,0
1654,-0.498618096174,0
1655,-0.498459149229,0
1656,-0.498357122554,0
1657,-0.498330222979,0
1658,-0.49838538301,0
1659,-0.498516550639,0
1660,-0.498705304654,0
1661,-0.498921969827,0
1662,-0.499130489829,0
1663,-0.499294922551,0
1664,-0.49938581462,0

 *************************************************************************
 * Selecting linear solver pardiso                                       *
 *************************************************************************

===== beginning time step 1 : 0.05 =====


Reforming stiffness matrix: reformation #1

===== reforming stiffness matrix:
	Nr of equations ........................... : 18942
	Nr of nonzeroes in stiffness matrix ....... : 1101134
 1
 Nonlinear solution status: time= 0.05
	stiffness updates             = 0
	right hand side evaluations   = 2
	stiffness matrix reformations = 1
	step from line search         = 1.000000
	convergence norms :     INITIAL         CURRENT         REQUIRED
	   residual            3.163258e+05    1.170388e-08    3.163258e+02 
	   energy              6.955496e+02    1.325879e-04    6.955496e-02 
	   displacement        1.562715e+00    1.562715e+00    6.250861e-04 
 2
 Nonlinear solution status: time= 0.05
	stiffness updates             = 1
	right hand side evaluations   = 3
	stiffness matrix reformations = 1
	step from line search         = 1.000000
	convergence norms :     INITIAL         CURRENT         REQUIRED
	   residual            3.163258e+05    4.325596e-17    3.163258e+02 
	   energy              6.955496e+02    1.517363e-15    6.955496e-02 
	   displacement        1.562715e+00    6.449805e-14    6.250858e-04 

convergence summary
    number of iterations   : 2
    number of reformations : 1

------- converged at time : 0.05


Data Record #1
===========================================================================
Step = 1
Time = 0.05
Data = shirt_final_coordinates
1,187.9,-1.73523383018e-15,-3.81855432144e-15
2,186.99521,16.1630264,-3.26340307791e-15
3,184.289554,32.1703941,-1.95070488416e-15
4,179.809089,47.8679433,-2.7355842155e-15
5,173.596964,63.104498,-5.46573844463e-16
6,165.713006,77.7333219,-4.56304046899e-15
7,156.23314,91.6135314,-4.2507520252e-15
8,145.248664,104.611453,-1.23726292881e-15
9,132.865364,116.601908,-2.24908506515e-15
10,119.202498,127.469424,7.76440388173e-16
11,104.391647,137.109339,-3.70869613534e-15
12,88.5754468,145.428816,-4.73344004909e-15
13,71.9062169,152.347735,-5.92986212766e-15
14,54.5444909,157.799461,-7.03428704048e-15
15,36.6574715,161.731493,-6.75421031425e-15
16,18.4174207,164.105961,-3.68933249266e-15
17,1.28829331353e-14,164.9,-3.80288480544e-15
18,-18.4174207,164.105961,-2.13463821042e-15
19,-36.6574715,161.731493,-2.24382590353e-15
20,-54.5444909,157.799461,-2.78572430897e-15
21,-71.9062169,152.347735,-1.82674712375e-15
22,-88.5754468,145.428816,-2.33424567797e-15
23,-104.391647,137.109339,2.04499378242e-15
24,-119.202498,127.469424,2.59392752315e-16
25,-132.865364,116.601908,-2.76893348659e-15
26,-145.248664,104.611453,-2.86563227374e-15
27,-156.23314,91.6135314,-5.40018240467e-15
28,-165.713006,77.7333219,-5.14460882762e-15
29,-173.596964,63.104498,6.96805320793e-16
30,-179.809089,47.8679433,-1.44535009214e-16
31,-184.289554,32.1703941,-9.38017988357e-17
32,-186.99521,16.1630264,-4.24073025014e-15
33,-187.9,2.51692430712e-14,-6.32414092522e-15
34,-186.99521,-16.1630264,-5.58136307663e-15
35,-184.289554,-32.1703941,-3.48083355525e-15
36,-179.809089,-47.8679433,-2.03300541996e-15
37,-173.596964,-63.104498,1.54866240298e-15
38,-165.713006,-77.7333219,-4.97197948405e-15
39,-156.23314,-91.6135314,-1.73857942766e-15
40,-145.248664,-104.611453,-5.77143440442e-16
41,-132.865364,-116.601908,2.55860943196e-16
42,-119.202498,-127.469424,2.60038601265e-15
43,-104.391647,-137.109339,-2.46493521698e-15
44,-88.5754468,-145.428816,-8.53766101827e-15
45,-71.9062169,-152.347735,-7.93401618975e-15
46,-54.5444909,-157.799461,-8.2517177492e-15
47,-36.6574715,-161.731493,-8.78356799413e-15
48,-18.4174207,-164.105961,-4.74133267688e-15
49,-2.33253818842e-14,-164.9,-4.21901253387e-15
50,18.4174207,-164.105961,-3.0673731375e-15
51,36.6574715,-161.731493,-7.57240632705e-15
52,54.5444909,-157.799461,-7.23963266776e-15
53,71.9062169,-152.347735,-5.32184629932e-15
54,88.5754468,-145.428816,-5.62819201905e-15
55,104.391647,-137.109339,-3.28407630153e-15
56,119.202498,-127.469424,-1.66883825261e-15
57,132.865364,-116.601908,3.60089835444e-15
58,145.248664,-104.611453,2.62222585324e-15
59,156.23314,-91.6135314,6.42190635211e-16
60,165.713006,-77.7333219,-1.93136815643e-15
61,173.596964,-63.104498,2.13234717019e-15
62,179.809089,-47.8679433,3.39632356714e-15
63,184.289554,-32.1703941,-1.42903677925e-16
64,186.99521,-16.1630264,-3.26298313419e-15
65,187.9,-2.42451998267e-15,25
66,186.99521,16.1630264,25
67,184.289554,32.1703941,25
68,179.809089,47.8679433,25
69,173.596964,63.104498,25
70,165.713006,77.7333219,25
71,156.23314,91.6135314,25
72,145.248664,104.611453,25
73,132.865364,116.601908,25
74,119.202498,127.469424,25
75,104.391647,137.109339,25
76,88.5754468,145.428816,25
77,71.9062169,152.347735,25
78,54.5444909,157.799461,25
79,36.6574715,161.731493,25
80,18.4174207,164.105961,25
81,1.24292199296e-14,164.9,25
82,-18.4174207,164.105961,25
83,-36.6574715,161.731493,25
84,-54.5444909,157.799461,25
85,-71.9062169,152.347735,25
86,-88.5754468,145.428816,25
87,-104.391647,137.109339,25
88,-119.202498,127.469424,25
89,-132.865364,116.601908,25
90,-145.248664,104.611453,25
91,-156.23314,91.6135314,25
92,-165.713006,77.7333219,25
93,-173.596964,63.104498,25
94,-179.809089,47.8679433,25
95,-184.289554,32.1703941,25
96,-186.99521,16.1630264,25
97,-187.9,2.52828711784e-14,25
98,-186.99521,-16.1630264,25
99,-184.289554,-32.1703941,25
100,-179.809089,-47.8679433,25
101,-173.596964,-63.104498,25
102,-165.713006,-77.7333219,25
103,-156.23314,-91.6135314,25
104,-145.248664,-104.611453,25
105,-132.865364,-116.601908,25
106,-119.202498,-127.469424,25
107,-104.391647,-137.109339,25
108,-88.5754468,-145.428816,25
109,-71.9062169,-152.347735,25
110,-54.5444909,-157.799461,25
111,-36.6574715,-161.731493,25
112,-18.4174207,-164.105961,25
113,-2.45812211299e-14,-164.9,25
114,18.4174207,-164.105961,25
115,36.6574715,-161.731493,25
116,54.5444909,-157.799461,25
117,71.9062169,-152.347735,25
118,88.5754468,-145.428816,25
119,104.391647,-137.109339,25
120,119.202498,-127.469424,25
121,132.865364,-116.601908,25
122,145.248664,-104.611453,25
123,156.23314,-91.6135314,25
124,165.713006,-77.7333219,25
125,173.596964,-63.104498,25
126,179.809089,-47.8679433,25
127,184.289554,-32.1703941,25
128,186.99521,-16.1630264,25
129,187.9,-1.12138419175e-15,50
130,186.99521,16.1630264,50
131,184.289554,32.1703941,50
132,179.809089,47.8679433,50
133,173.596964,63.104498,50
134,165.713006,77.7333219,50
135,156.23314,91.6135314,50
136,145.248664,104.611453,50
137,132.865364,116.601908,50
138,119.202498,127.469424,50
139,104.391647,137.109339,50
140,88.5754468,145.428816,50
141,71.9062169,152.347735,50
142,54.5444909,157.799461,50
143,36.6574715,161.731493,50
144,18.4174207,164.105961,50
145,1.46215027291e-14,164.9,50
146,-18.4174207,164.105961,50
147,-36.6574715,161.731493,50
148,-54.5444909,157.799461,50
149,-71.9062169,152.347735,50
150,-88.5754468,145.428816,50
151,-104.391647,137.109339,50
152,-119.202498,127.469424,50
153,-132.865364,116.601908,50
154,-145.248664,104.611453,50
155,-156.23314,91.6135314,50
156,-165.713006,77.7333219,50
157,-173.596964,63.104498,50
158,-179.809089,47.8679433,50
159,-184.289554,32.1703941,50
160,-186.99521,16.1630264,50
161,-187.9,2.43868629839e-14,50
162,-186.99521,-16.1630264,50
163,-184.289554,-32.1703941,50
164,-179.809089,-47.8679433,50
165,-173.596964,-63.104498,50
166,-165.713006,-77.7333219,50
167,-156.23314,-91.6135314,50
168,-145.248664,-104.611453,50
169,-132.865364,-116.601908,50
170,-119.202498,-127.469424,50
171,-104.391647,-137.109339,50
172,-88.5754468,-145.428816,50
173,-71.9062169,-152.347735,50
174,-54.5444909,-157.799461,50
175,-36.6574715,-161.731493,50
176,-18.4174207,-164.105961,50
177,-2.46280517131e-14,-164.9,50
178,18.4174207,-164.105961,50
179,36.6574715,-161.731493,50
180,54.5444909,-157.799461,50
181,71.9062169,-152.347735,50
182,88.5754468,-145.428816,50
183,104.391647,-137.109339,50
184,119.202498,-127.469424,50
185,132.865364,-116.601908,50
186,145.248664,-104.611453,50
187,156.23314,-91.6135314,50
188,165.713006,-77.7333219,50
189,173.596964,-63.104498,50
190,179.809089,-47.8679433,50
191,184.289554,-32.1703941,50
192,186.99521,-16.1630264,50
193,187.9,5.16952978546e-16,75
194,186.99521,16.1630264,75
195,184.289554,32.1703941,75
196,179.809089,47.8679433,75
197,173.596964,63.104498,75
198,165.713006,77.7333219,75
199,156.23314,91.6135314,75
200,145.248664,104.611453,75
201,132.865364,116.601908,75
202,119.202498,127.469424,75
203,104.391647,137.109339,75
204,88.5754468,145.428816,75
205,71.9062169,152.347735,75
206,54.5444909,157.799461,75
207,36.6574715,161.731493,75
208,18.4174207,164.105961,75
209,1.37318426342e-14,164.9,75
210,-18.4174207,164.105961,75
211,-36.6574715,161.731493,75
212,-54.5444909,157.799461,75
213,-71.9062169,152.347735,75
214,-88.5754468,145.428816,75
215,-104.391647,137.109339,75
216,-119.202498,127.469424,75
217,-132.865364,116.601908,75
218,-145.248664,104.611453,75
219,-156.23314,91.6135314,75
220,-165.713006,77.7333219,75
221,-173.596964,63.104498,75
222,-179.809089,47.8679433,75
223,-184.289554,32.1703941,75
224,-186.99521,16.1630264,75
225,-187.9,2.53751451364e-14,75
226,-186.99521,-16.1630264,75
227,-184.289554,-32.1703941,75
228,-179.809089,-47.8679433,75
229,-173.596964,-63.104498,75
230,-165.713006,-77.7333219,75
231,-156.23314,-91.6135314,75
232,-145.248664,-104.611453,75
233,-132.865364,-116.601908,75
234,-119.202498,-127.469424,75
235,-104.391647,-137.109339,75
236,-88.5754468,-145.428816,75
237,-71.9062169,-152.347735,75
238,-54.5444909,-157.799461,75
239,-36.6574715,-161.731493,75
240,-18.4174207,-164.105961,75
241,-2.56867668213e-14,-164.9,75
242,18.4174207,-164.105961,75
243,36.6574715,-161.731493,75
244,54.5444909,-157.799461,75
245,71.9062169,-152.347735,75
246,88.5754468,-145.428816,75
247,104.391647,-137.109339,75
248,119.202498,-127.469424,75
249,132.865364,-116.601908,75
250,145.248664,-104.611453,75
251,156.23314,-91.6135314,75
252,165.713006,-77.7333219,75
253,173.596964,-63.104498,75
254,179.809089,-47.8679433,75
255,184.289554,-32.1703941,75
256,186.99521,-16.1630264,75
257,187.9,8.38133333361e-16,100
258,186.99521,16.1630264,100
259,184.289554,32.1703941,100
260,179.809089,47.8679433,100
261,173.596964,63.104498,100
262,165.713006,77.7333219,100
263,156.23314,91.6135314,100
264,145.248664,104.611453,100
265,132.865364,116.601908,100
266,119.202498,127.469424,100
267,104.391647,137.109339,100
268,88.5754468,145.428816,100
269,71.9062169,152.347735,100
270,54.5444909,157.799461,100
271,36.6574715,161.731493,100
272,18.4174207,164.105961,100
273,1.41726235418e-14,164.9,100
274,-18.4174207,164.105961,100
275,-36.6574715,161.731493,100
276,-54.5444909,157.799461,100
277,-71.9062169,152.347735,100
278,-88.5754468,145.428816,100
279,-104.391647,137.109339,100
280,-119.202498,127.469424,100
281,-132.865364,116.601908,100
282,-145.248664,104.611453,100
283,-156.23314,91.6135314,100
284,-165.713006,77.7333219,100
285,-173.596964,63.104498,100
286,-179.809089,47.8679433,100
287,-184.289554,32.1703941,100
288,-186.99521,16.1630264,100
289,-187.9,2.7210374891e-14,100
290,-186.99521,-16.1630264,100
291,-184.289554,-32.1703941,100
292,-179.809089,-47.8679433,100
293,-173.596964,-63.104498,100
294,-165.713006,-77.7333219,100
295,-156.23314,-91.6135314,100
296,-145.248664,-104.611453,100
297,-132.865364,-116.601908,100
298,-119.202498,-127.469424,100
299,-104.391647,-137.109339,100
300,-88.5754468,-145.428816,100
301,-71.9062169,-152.347735,100
302,-54.5444909,-157.799461,100
303,-36.6574715,-161.731493,100
304,-18.4174207,-164.105961,100
305,-2.70368421862e-14,-164.9,100
306,18.4174207,-164.105961,100
307,36.6574715,-161.731493,100
308,54.5444909,-157.799461,100
309,71.9062169,-152.347735,100
310,88.5754468,-145.428816,100
311,104.391647,-137.109339,100
312,119.202498,-127.469424,100
313,132.865364,-116.601908,100
314,145.248664,-104.611453,100
315,156.23314,-91.6135314,100
316,165.713006,-77.7333219,100
317,173.596964,-63.104498,100
318,179.809089,-47.8679433,100
319,184.289554,-32.1703941,100
320,186.99521,-16.1630264,100
321,187.9,4.9784128216e-16,125
322,186.99521,16.1630264,125
323,184.289554,32.1703941,125
324,179.809089,47.8679433,125
325,173.596964,63.104498,125
326,165.713006,77.7333219,125
327,156.23314,91.6135314,125
328,145.248664,104.611453,125
329,132.865364,116.601908,125
330,119.202498,127.469424,125
331,104.391647,137.109339,125
332,88.5754468,145.428816,125
333,71.9062169,152.347735,125
334,54.5444909,157.799461,125
335,36.6574715,161.731493,125
336,18.4174207,164.105961,125
337,1.44662048055e-14,164.9,125
338,-18.4174207,164.105961,125
339,-36.6574715,161.731493,125
340,-54.5444909,157.799461,125
341,-71.9062169,152.347735,125
342,-88.5754468,145.428816,125
343,-104.391647,137.109339,125
344,-119.202498,127.469424,125
345,-132.865364,116.601908,125
346,-145.248664,104.611453,125
347,-156.23314,91.6135314,125
348,-165.713006,77.7333219,125
349,-173.596964,63.104498,125
350,-179.809089,47.8679433,125
351,-184.289554,32.1703941,125
352,-186.99521,16.1630264,125
353,-187.9,2.69286244145e-14,125
354,-186.99521,-16.1630264,125
355,-184.289554,-32.1703941,125
356,-179.809089,-47.8679433,125
357,-173.596964,-63.104498,125
358,-165.713006,-77.7333219,125
359,-156.23314,-91.6135314,125
360,-145.248664,-104.611453,125
361,-132.865364,-116.601908,125
362,-119.202498,-127.469424,125
363,-104.391647,-137.109339,125
364,-88.5754468,-145.428816,125
365,-71.9062169,-152.347735,125
366,-54.5444909,-157.799461,125
367,-36.6574715,-161.731493,125
368,-18.4174207,-164.105961,125
369,-2.69249658161e-14,-164.9,125
370,18.4174207,-164.105961,125
371,36.6574715,-161.731493,125
372,54.5444909,-157.799461,125
373,71.9062169,-152.347735,125
374,88.5754468,-145.428816,125
375,104.391647,-137.109339,125
376,119.202498,-127.469424,125
377,132.865364,-116.601908,125
378,145.248664,-104.611453,125
379,156.23314,-91.6135314,125
380,165.713006,-77.7333219,125
381,173.596964,-63.104498,125
382,179.809089,-47.8679433,125
383,184.289554,-32.1703941,125
384,186.99521,-16.1630264,125
385,187.9,2.04995832942e-15,150
386,186.99521,16.1630264,150
387,184.289554,32.1703941,150
388,179.809089,47.8679433,150
389,173.596964,63.104498,150
390,165.713006,77.7333219,150
391,156.23314,91.6135314,150
392,145.248664,104.611453,150
393,132.865364,116.601908,150
394,119.202498,127.469424,150
395,104.391647,137.109339,150
396,88.5754468,145.428816,150
397,71.9062169,152.347735,150
398,54.5444909,157.799461,150
399,36.6574715,161.731493,150
400,18.4174207,164.105961,150
401,1.61139678023e-14,164.9,150
402,-18.4174207,164.105961,150
403,-36.6574715,161.731493,150
404,-54.5444909,157.799461,150
405,-71.9062169,152.347735,150
406,-88.5754468,145.428816,150
407,-104.391647,137.109339,150
408,-119.202498,127.469424,150
409,-132.865364,116.601908,150
410,-145.248664,104.611453,150
411,-156.23314,91.6135314,150
412,-165.713006,77.7333219,150
413,-173.596964,63.104498,150
414,-179.809089,47.8679433,150
415,-184.289554,32.1703941,150
416,-186.99521,16.1630264,150
417,-187.9,2.59960277799e-14,150
418,-186.99521,-16.1630264,150
419,-184.289554,-32.1703941,150
420,-179.809089,-47.8679433,150
421,-173.596964,-63.104498,150
422,-165.713006,-77.7333219,150
423,-156.23314,-91.6135314,150
424,-145.248664,-104.611453,150
425,-132.865364,-116.601908,150
426,-119.202498,-127.469424,150
427,-104.391647,-137.109339,150
428,-88.5754468,-145.428816,150
429,-71.9062169,-152.347735,150
430,-54.5444909,-157.799461,150
431,-36.6574715,-161.731493,150
432,-18.4174207,-164.105961,150
433,-2.71778913955e-14,-164.9,150
434,18.4174207,-164.105961,150
435,36.6574715,-161.731493,150
436,54.5444909,-157.799461,150
437,71.9062169,-152.347735,150
438,88.5754468,-145.428816,150
439,104.391647,-137.109339,150
440,119.202498,-127.469424,150
441,132.865364,-116.601908,150
442,145.248664,-104.611453,150
443,156.23314,-91.6135314,150
444,165.713006,-77.7333219,150
445,173.596964,-63.104498,150
446,179.809089,-47.8679433,150
447,184.289554,-32.1703941,150
448,186.99521,-16.1630264,150
449,187.9,1.75532925968e-15,175
450,186.99521,16.1630264,175
451,184.289554,32.1703941,175
452,179.809089,47.8679433,175
453,173.596964,63.104498,175
454,165.713006,77.7333219,175
455,156.23314,91.6135314,175
456,145.248664,104.611453,175
457,132.865364,116.601908,175
458,119.202498,127.469424,175
459,104.391647,137.109339,175
460,88.5754468,145.428816,175
461,71.9062169,152.347735,175
462,54.5444909,157.799461,175
463,36.6574715,161.731493,175
464,18.4174207,164.105961,175
465,1.61245224742e-14,164.9,175
466,-18.4174207,164.105961,175
467,-36.6574715,161.731493,175
468,-54.5444909,157.799461,175
469,-71.9062169,152.347735,175
470,-88.5754468,145.428816,175
471,-104.391647,137.109339,175
472,-119.202498,127.469424,175
473,-132.865364,116.601908,175
474,-145.248664,104.611453,175
475,-156.23314,91.6135314,175
476,-165.713006,77.7333219,175
477,-173.596964,63.104498,175
478,-179.809089,47.8679433,175
479,-184.289554,32.1703941,175
480,-186.99521,16.1630264,175
481,-187.9,2.62930653642e-14,175
482,-186.99521,-16.1630264,175
483,-184.289554,-32.1703941,175
484,-179.809089,-47.8679433,175
485,-173.596964,-63.104498,175
486,-165.713006,-77.7333219,175
487,-156.23314,-91.6135314,175
488,-145.248664,-104.611453,175
489,-132.865364,-116.601908,175
490,-119.202498,-127.469424,175
491,-104.391647,-137.109339,175
492,-88.5754468,-145.428816,175
493,-71.9062169,-152.347735,175
494,-54.5444909,-157.799461,175
495,-36.6574715,-161.731493,175
496,-18.4174207,-164.105961,175
497,-2.7457742407e-14,-164.9,175
498,18.4174207,-164.105961,175
499,36.6574715,-161.731493,175
500,54.5444909,-157.799461,175
501,71.9062169,-152.347735,175
502,88.5754468,-145.428816,175
503,104.391647,-137.109339,175
504,119.202498,-127.469424,175
505,132.865364,-116.601908,175
506,145.248664,-104.611453,175
507,156.23314,-91.6135314,175
508,165.713006,-77.7333219,175
509,173.596964,-63.104498,175
510,179.809089,-47.8679433,175
511,184.289554,-32.1703941,175
512,186.99521,-16.1630264,175
513,187.9,7.8426102672e-16,200
514,186.99521,16.1630264,200
515,184.289554,32.1703941,200
516,179.809089,47.8679433,200
517,173.596964,63.104498,200
518,165.713006,77.7333219,200
519,156.23314,91.6135314,200
520,145.248664,104.611453,200
521,132.865364,116.601908,200
522,119.202498,127.469424,200
523,104.391647,137.109339,200
524,88.5754468,145.428816,200
525,71.9062169,152.347735,200
526,54.5444909,157.799461,200
527,36.6574715,161.731493,200
528,18.4174207,164.105961,200
529,1.54058100057e-14,164.9,200
530,-18.4174207,164.105961,200
531,-36.6574715,161.731493,200
532,-54.5444909,157.799461,200
533,-71.9062169,152.347735,200
534,-88.5754468,145.428816,200
535,-104.391647,137.109339,200
536,-119.202498,127.469424,200
537,-132.865364,116.601908,200
538,-145.248664,104.611453,200
539,-156.23314,91.6135314,200
540,-165.713006,77.7333219,200
541,-173.596964,63.104498,200
542,-179.809089,47.8679433,200
543,-184.289554,32.1703941,200
544,-186.99521,16.1630264,200
545,-187.9,2.86123549081e-14,200
546,-186.99521,-16.1630264,200
547,-184.289554,-32.1703941,200
548,-179.809089,-47.8679433,200
549,-173.596964,-63.104498,200
550,-165.713006,-77.7333219,200
551,-156.23314,-91.6135314,200
552,-145.248664,-104.611453,200
553,-132.865364,-116.601908,200
554,-119.202498,-127.469424,200
555,-104.391647,-137.109339,200
556,-88.5754468,-145.428816,200
557,-71.9062169,-152.347735,200
558,-54.5444909,-157.799461,200
559,-36.6574715,-161.731493,200
560,-18.4174207,-164.105961,200
561,-2.79175238278e-14,-164.9,200
562,18.4174207,-164.105961,200
563,36.6574715,-161.731493,200
564,54.5444909,-157.799461,200
565,71.9062169,-152.347735,200
566,88.5754468,-145.428816,200
567,104.391647,-137.109339,200
568,119.202498,-127.469424,200
569,132.865364,-116.601908,200
570,145.248664,-104.611453,200
571,156.23314,-91.6135314,200
572,165.713006,-77.7333219,200
573,173.596964,-63.104498,200
574,179.809089,-47.8679433,200
575,184.289554,-32.1703941,200
576,186.99521,-16.1630264,200
577,187.9,1.6249242363e-15,225
578,186.99521,16.1630264,225
579,184.289554,32.1703941,225
580,179.809089,47.8679433,225
581,173.596964,63.104498,225
582,165.713006,77.7333219,225
583,156.23314,91.6135314,225
584,145.248664,104.611453,225
585,132.865364,116.601908,225
586,119.202498,127.469424,225
587,104.391647,137.109339,225
588,88.5754468,145.428816,225
589,71.9062169,152.347735,225
590,54.5444909,157.799461,225
591,36.6574715,161.731493,225
592,18.4174207,164.105961,225
593,1.60445885372e-14,164.9,225
594,-18.4174207,164.105961,225
595,-36.6574715,161.731493,225
596,-54.5444909,157.799461,225
597,-71.9062169,152.347735,225
598,-88.5754468,145.428816,225
599,-104.391647,137.109339,225
600,-119.202498,127.469424,225
601,-132.865364,116.601908,225
602,-145.248664,104.611453,225
603,-156.23314,91.6135314,225
604,-165.713006,77.7333219,225
605,-173.596964,63.104498,225
606,-179.809089,47.8679433,225
607,-184.289554,32.1703941,225
608,-186.99521,16.1630264,225
609,-187.9,2.81846627476e-14,225
610,-186.99521,-16.1630264,225
611,-184.289554,-32.1703941,225
612,-179.809089,-47.8679433,225
613,-173.596964,-63.104498,225
614,-165.713006,-77.7333219,225
615,-156.23314,-91.6135314,225
616,-145.248664,-104.611453,225
617,-132.865364,-116.601908,225
618,-119.202498,-127.469424,225
619,-104.391647,-137.109339,225
620,-88.5754468,-145.428816,225
621,-71.9062169,-152.347735,225
622,-54.5444909,-157.799461,225
623,-36.6574715,-161.731493,225
624,-18.4174207,-164.105961,225
625,-2.8570943788e-14,-164.9,225
626,18.4174207,-164.105961,225
627,36.6574715,-161.731493,225
628,54.5444909,-157.799461,225
629,71.9062169,-152.347735,225
630,88.5754468,-145.428816,225
631,104.391647,-137.109339,225
632,119.202498,-127.469424,225
633,132.865364,-116.601908,225
634,145.248664,-104.611453,225
635,156.23314,-91.6135314,225
636,165.713006,-77.7333219,225
637,173.596964,-63.104498,225
638,179.809089,-47.8679433,225
639,184.289554,-32.1703941,225
640,186.99521,-16.1630264,225
641,187.9,1.4997004587e-15,250
642,186.99521,16.1630264,250
643,184.289554,32.1703941,250
644,179.809089,47.8679433,250
645,173.596964,63.104498,250
646,165.713006,77.7333219,250
647,156.23314,91.6135314,250
648,145.248664,104.611453,250
649,132.865364,116.601908,250
650,119.202498,127.469424,250
651,104.391647,137.109339,250
652,88.5754468,145.428816,250
653,71.9062169,152.347735,250
654,54.5444909,157.799461,250
655,36.6574715,161.731493,250
656,18.4174207,164.105961,250
657,1.62200753701e-14,164.9,250
658,-18.4174207,164.105961,250
659,-36.6574715,161.731493,250
660,-54.5444909,157.799461,250
661,-71.9062169,152.347735,250
662,-88.5754468,145.428816,250
663,-104.391647,137.109339,250
664,-119.202498,127.469424,250
665,-132.865364,116.601908,250
666,-145.248664,104.611453,250
667,-156.23314,91.6135314,250
668,-165.713006,77.7333219,250
669,-173.596964,63.104498,250
670,-179.809089,47.8679433,250
671,-184.289554,32.1703941,250
672,-186.99521,16.1630264,250
673,-187.9,2.78746770695e-14,250
674,-186.99521,-16.1630264,250
675,-184.289554,-32.1703941,250
676,-179.809089,-47.8679433,250
677,-173.596964,-63.104498,250
678,-165.713006,-77.7333219,250
679,-156.23314,-91.6135314,250
680,-145.248664,-104.611453,250
681,-132.865364,-116.601908,250
682,-119.202498,-127.469424,250
683,-104.391647,-137.109339,250
684,-88.5754468,-145.428816,250
685,-71.9062169,-152.347735,250
686,-54.5444909,-157.799461,250
687,-36.6574715,-161.731493,250
688,-18.4174207,-164.105961,250
689,-2.93466022556e-14,-164.9,250
690,18.4174207,-164.105961,250
691,36.6574715,-161.731493,250
692,54.5444909,-157.799461,250
693,71.9062169,-152.347735,250
694,88.5754468,-145.428816,250
695,104.391647,-137.109339,250
696,119.202498,-127.469424,250
697,132.865364,-116.601908,250
698,145.248664,-104.611453,250
699,156.23314,-91.6135314,250
700,165.713006,-77.7333219,250
701,173.596964,-63.104498,250
702,179.809089,-47.8679433,250
703,184.289554,-32.1703941,250
704,186.99521,-16.1630264,250
705,187.9,2.07262559104e-15,275
706,186.99521,16.1630264,275
707,184.289554,32.1703941,275
708,179.809089,47.8679433,275
709,173.596964,63.104498,275
710,165.713006,77.7333219,275
711,156.23314,91.6135314,275
712,145.248664,104.611453,275
713,132.865364,116.601908,275
714,119.202498,127.469424,275
715,104.391647,137.109339,275
716,88.5754468,145.428816,275
717,71.9062169,152.347735,275
718,54.5444909,157.799461,275
719,36.6574715,161.731493,275
720,18.4174207,164.105961,275
721,1.61471884658e-14,164.9,275
722,-18.4174207,164.105961,275
723,-36.6574715,161.731493,275
724,-54.5444909,157.799461,275
725,-71.9062169,152.347735,275
726,-88.5754468,145.428816,275
727,-104.391647,137.109339,275
728,-119.202498,127.469424,275
729,-132.865364,116.601908,275
730,-145.248664,104.611453,275
731,-156.23314,91.6135314,275
732,-165.713006,77.7333219,275
733,-173.596964,63.104498,275
734,-179.809089,47.8679433,275
735,-184.289554,32.1703941,275
736,-186.99521,16.1630264,275
737,-187.9,2.68369229856e-14,275
738,-186.99521,-16.1630264,275
739,-184.289554,-32.1703941,275
740,-179.809089,-47.8679433,275
741,-173.596964,-63.104498,275
742,-165.713006,-77.7333219,275
743,-156.23314,-91.6135314,275
744,-145.248664,-104.611453,275
745,-132.865364,-116.601908,275
746,-119.202498,-127.469424,275
747,-104.391647,-137.109339,275
748,-88.5754468,-145.428816,275
749,-71.9062169,-152.347735,275
750,-54.5444909,-157.799461,275
751,-36.6574715,-161.731493,275
752,-18.4174207,-164.105961,275
753,-2.98283219875e-14,-164.9,275
754,18.4174207,-164.105961,275
755,36.6574715,-161.731493,275
756,54.5444909,-157.799461,275
757,71.9062169,-152.347735,275
758,88.5754468,-145.428816,275
759,104.391647,-137.109339,275
760,119.202498,-127.469424,275
761,132.865364,-116.601908,275
762,145.248664,-104.611453,275
763,156.23314,-91.6135314,275
764,165.713006,-77.7333219,275
765,173.596964,-63.104498,275
766,179.809089,-47.8679433,275
767,184.289554,-32.1703941,275
768,186.99521,-16.1630264,275
769,187.9,2.15765451225e-15,300
770,186.99521,16.1630264,300
771,184.289554,32.1703941,300
772,179.809089,47.8679433,300
773,173.596964,63.104498,300
774,165.713006,77.7333219,300
775,156.23314,91.6135314,300
776,145.248664,104.611453,300
777,132.865364,116.601908,300
778,119.202498,127.469424,300
779,104.391647,137.109339,300
780,88.5754468,145.428816,300
781,71.9062169,152.347735,300
782,54.5444909,157.799461,300
783,36.6574715,161.731493,300
784,18.4174207,164.105961,300
785,1.48833793327e-14,164.9,300
786,-18.4174207,164.105961,300
787,-36.6574715,161.731493,300
788,-54.5444909,157.799461,300
789,-71.9062169,152.347735,300
790,-88.5754468,145.428816,300
791,-104.391647,137.109339,300
792,-119.202498,127.469424,300
793,-132.865364,116.601908,300
794,-145.248664,104.611453,300
795,-156.23314,91.6135314,300
796,-165.713006,77.7333219,300
797,-173.596964,63.104498,300
798,-179.809089,47.8679433,300
799,-184.289554,32.1703941,300
800,-186.99521,16.1630264,300
801,-187.9,2.69054794649e-14,300
802,-186.99521,-16.1630264,300
803,-184.289554,-32.1703941,300
804,-179.809089,-47.8679433,300
805,-173.596964,-63.104498,300
806,-165.713006,-77.7333219,300
807,-156.23314,-91.6135314,300
808,-145.248664,-104.611453,300
809,-132.865364,-116.601908,300
810,-119.202498,-127.469424,300
811,-104.391647,-137.109339,300
812,-88.5754468,-145.428816,300
813,-71.9062169,-152.347735,300
814,-54.5444909,-157.799461,300
815,-36.6574715,-161.731493,300
816,-18.4174207,-164.105961,300
817,-3.02775971452e-14,-164.9,300
818,18.4174207,-164.105961,300
819,36.6574715,-161.731493,300
820,54.5444909,-157.799461,300
821,71.9062169,-152.347735,300
822,88.5754468,-145.428816,300
823,104.391647,-137.109339,300
824,119.202498,-127.469424,300
825,132.865364,-116.601908,300
826,145.248664,-104.611453,300
827,156.23314,-91.6135314,300
828,165.713006,-77.7333219,300
829,173.596964,-63.104498,300
830,179.809089,-47.8679433,300
831,184.289554,-32.1703941,300
832,186.99521,-16.1630264,300
833,187.9,2.52002363394e-15,325
834,186.99521,16.1630264,325
835,184.289554,32.1703941,325
836,179.809089,47.8679433,325
837,173.596964,63.104498,325
838,165.713006,77.7333219,325
839,156.23314,91.6135314,325
840,145.248664,104.611453,325
841,132.865364,116.601908,325
842,119.202498,127.469424,325
843,104.391647,137.109339,325
844,88.5754468,145.428816,325
845,71.9062169,152.347735,325
846,54.5444909,157.799461,325
847,36.6574715,161.731493,325
848,18.4174207,164.105961,325
849,1.55026616971e-14,164.9,325
850,-18.4174207,164.105961,325
851,-36.6574715,161.731493,325
852,-54.5444909,157.799461,325
853,-71.9062169,152.347735,325
854,-88.5754468,145.428816,325
855,-104.391647,137.109339,325
856,-119.202498,127.469424,325
857,-132.865364,116.601908,325
858,-145.248664,104.611453,325
859,-156.23314,91.6135314,325
860,-165.713006,77.7333219,325
861,-173.596964,63.104498,325
862,-179.809089,47.8679433,325
863,-184.289554,32.1703941,325
864,-186.99521,16.1630264,325
865,-187.9,2.69759238783e-14,325
866,-186.99521,-16.1630264,325
867,-184.289554,-32.1703941,325
868,-179.809089,-47.8679433,325
869,-173.596964,-63.104498,325
870,-165.713006,-77.7333219,325
871,-156.23314,-91.6135314,325
872,-145.248664,-104.611453,325
873,-132.865364,-116.601908,325
874,-119.202498,-127.469424,325
875,-104.391647,-137.109339,325
876,-88.5754468,-145.428816,325
877,-71.9062169,-152.347735,325
878,-54.5444909,-157.799461,325
879,-36.6574715,-161.731493,325
880,-18.4174207,-164.105961,325
881,-2.94877167575e-14,-164.9,325
882,18.4174207,-164.105961,325
883,36.6574715,-161.731493,325
884,54.5444909,-157.799461,325
885,71.9062169,-152.347735,325
886,88.5754468,-145.428816,325
887,104.391647,-137.109339,325
888,119.202498,-127.469424,325
889,132.865364,-116.601908,325
890,145.248664,-104.611453,325
891,156.23314,-91.6135314,325
892,165.713006,-77.7333219,325
893,173.596964,-63.104498,325
894,179.809089,-47.8679433,325
895,184.289554,-32.1703941,325
896,186.99521,-16.1630264,325
897,187.9,2.11905027453e-15,350
898,186.99521,16.1630264,350
899,184.289554,32.1703941,350
900,179.809089,47.8679433,350
901,173.596964,63.104498,350
902,165.713006,77.7333219,350
903,156.23314,91.6135314,350
904,145.248664,104.611453,350
905,132.865364,116.601908,350
906,119.202498,127.469424,350
907,104.391647,137.109339,350
908,88.5754468,145.428816,350
909,71.9062169,152.347735,350
910,54.5444909,157.799461,350
911,36.6574715,161.731493,350
912,18.4174207,164.105961,350
913,1.53736073938e-14,164.9,350
914,-18.4174207,164.105961,350
915,-36.6574715,161.731493,350
916,-54.5444909,157.799461,350
917,-71.9062169,152.347735,350
918,-88.5754468,145.428816,350
919,-104.391647,137.109339,350
920,-119.202498,127.469424,350
921,-132.865364,116.601908,350
922,-145.248664,104.611453,350
923,-156.23314,91.6135314,350
924,-165.713006,77.7333219,350
925,-173.596964,63.104498,350
926,-179.809089,47.8679433,350
927,-184.289554,32.1703941,350
928,-186.99521,16.1630264,350
929,-187.9,2.79605340505e-14,350
930,-186.99521,-16.1630264,350
931,-184.289554,-32.1703941,350
932,-179.809089,-47.8679433,350
933,-173.596964,-63.104498,350
934,-165.713006,-77.7333219,350
935,-156.23314,-91.6135314,350
936,-145.248664,-104.611453,350
937,-132.865364,-116.601908,350
938,-119.202498,-127.469424,350
939,-104.391647,-137.109339,350
940,-88.5754468,-145.428816,350
941,-71.9062169,-152.347735,350
942,-54.5444909,-157.799461,350
943,-36.6574715,-161.731493,350
944,-18.4174207,-164.105961,350
945,-3.17071936598e-14,-164.9,350
946,18.4174207,-164.105961,350
947,36.6574715,-161.731493,350
948,54.5444909,-157.799461,350
949,71.9062169,-152.347735,350
950,88.5754468,-145.428816,350
951,104.391647,-137.109339,350
952,119.202498,-127.469424,350
953,132.865364,-116.601908,350
954,145.248664,-104.611453,350
955,156.23314,-91.6135314,350
956,165.713006,-77.7333219,350
957,173.596964,-63.104498,350
958,179.809089,-47.8679433,350
959,184.289554,-32.1703941,350
960,186.99521,-16.1630264,350
961,187.9,2.68294997123e-15,375
962,186.99521,16.1630264,375
963,184.289554,32.1703941,375
964,179.809089,47.8679433,375
965,173.596964,63.104498,375
966,165.713006,77.7333219,375
967,156.23314,91.6135314,375
968,145.248664,104.611453,375
969,132.865364,116.601908,375
970,119.202498,127.469424,375
971,104.391647,137.109339,375
972,88.5754468,145.428816,375
973,71.9062169,152.347735,375
974,54.5444909,157.799461,375
975,36.6574715,161.731493,375
976,18.4174207,164.105961,375
977,1.69303133482e-14,164.9,375
978,-18.4174207,164.105961,375
979,-36.6574715,161.731493,375
980,-54.5444909,157.799461,375
981,-71.9062169,152.347735,375
982,-88.5754468,145.428816,375
983,-104.391647,137.109339,375
984,-119.202498,127.469424,375
985,-132.865364,116.601908,375
986,-145.248664,104.611453,375
987,-156.23314,91.6135314,375
988,-165.713006,77.7333219,375
989,-173.596964,63.104498,375
990,-179.809089,47.8679433,375
991,-184.289554,32.1703941,375
992,-186.99521,16.1630264,375
993,-187.9,2.71983505899e-14,375
994,-186.99521,-16.1630264,375
995,-184.289554,-32.1703941,375
996,-179.809089,-47.8679433,375
997,-173.596964,-63.104498,375
998,-165.713006,-77.7333219,375
999,-156.23314,-91.6135314,375
1000,-145.248664,-104.611453,375
1001,-132.865364,-116.601908,375
1002,-119.202498,-127.469424,375
1003,-104.391647,-137.109339,375
1004,-88.5754468,-145.428816,375
1005,-71.9062169,-152.347735,375
1006,-54.5444909,-157.799461,375
1007,-36.6574715,-161.731493,375
1008,-18.4174207,-164.105961,375
1009,-3.22167867815e-14,-164.9,375
1010,18.4174207,-164.105961,375
1011,36.6574715,-161.731493,375
1012,54.5444909,-157.799461,375
1013,71.9062169,-152.347735,375
1014,88.5754468,-145.428816,375
1015,104.391647,-137.109339,375
1016,119.202498,-127.469424,375
1017,132.865364,-116.601908,375
1018,145.248664,-104.611453,375
1019,156.23314,-91.6135314,375
1020,165.713006,-77.7333219,375
1021,173.596964,-63.104498,375
1022,179.809089,-47.8679433,375
1023,184.289554,-32.1703941,375
1024,186.99521,-16.1630264,375
1025,187.9,1.87918771619e-15,400
1026,186.99521,16.1630264,400
1027,184.289554,32.1703941,400
1028,179.809089,47.8679433,400
1029,173.596964,63.104498,400
1030,165.713006,77.7333219,400
1031,156.23314,91.6135314,400
1032,145.248664,104.611453,400
1033,132.865364,116.601908,400
1034,119.202498,127.469424,400
1035,104.391647,137.109339,400
1036,88.5754468,145.428816,400
1037,71.9062169,152.347735,400
1038,54.5444909,157.799461,400
1039,36.6574715,161.731493,400
1040,18.4174207,164.105961,400
1041,1.56420065473e-14,164.9,400
1042,-18.4174207,164.105961,400
1043,-36.6574715,161.731493,400
1044,-54.5444909,157.799461,400
1045,-71.9062169,152.347735,400
1046,-88.5754468,145.428816,400
1047,-104.391647,137.109339,400
1048,-119.202498,127.469424,400
1049,-132.865364,116.601908,400
1050,-145.248664,104.611453,400
1051,-156.23314,91.6135314,400
1052,-165.713006,77.7333219,400
1053,-173.596964,63.104498,400
1054,-179.809089,47.8679433,400
1055,-184.289554,32.1703941,400
1056,-186.99521,16.1630264,400
1057,-187.9,2.8104401928e-14,400
1058,-186.99521,-16.1630264,400
1059,-184.289554,-32.1703941,400
1060,-179.809089,-47.8679433,400
1061,-173.596964,-63.104498,400
1062,-165.713006,-77.7333219,400
1063,-156.23314,-91.6135314,400
1064,-145.248664,-104.611453,400
1065,-132.865364,-116.601908,400
1066,-119.202498,-127.469424,400
1067,-104.391647,-137.109339,400
1068,-88.5754468,-145.428816,400
1069,-71.9062169,-152.347735,400
1070,-54.5444909,-157.799461,400
1071,-36.6574715,-161.731493,400
1072,-18.4174207,-164.105961,400
1073,-3.10422951225e-14,-164.9,400
1074,18.4174207,-164.105961,400
1075,36.6574715,-161.731493,400
1076,54.5444909,-157.799461,400
1077,71.9062169,-152.347735,400
1078,88.5754468,-145.428816,400
1079,104.391647,-137.109339,400
1080,119.202498,-127.469424,400
1081,132.865364,-116.601908,400
1082,145.248664,-104.611453,400
1083,156.23314,-91.6135314,400
1084,165.713006,-77.7333219,400
1085,173.596964,-63.104498,400
1086,179.809089,-47.8679433,400
1087,184.289554,-32.1703941,400
1088,186.99521,-16.1630264,400
1089,187.9,1.81431898269e-15,425
1090,186.99521,16.1630264,425
1091,184.289554,32.1703941,425
1092,179.809089,47.8679433,425
1093,173.596964,63.104498,425
1094,165.713006,77.7333219,425
1095,156.23314,91.6135314,425
1096,145.248664,104.611453,425
1097,132.865364,116.601908,425
1098,119.202498,127.469424,425
1099,104.391647,137.109339,425
1100,88.5754468,145.428816,425
1101,71.9062169,152.347735,425
1102,54.5444909,157.799461,425
1103,36.6574715,161.731493,425
1104,18.4174207,164.105961,425
1105,1.53917969135e-14,164.9,425
1106,-18.4174207,164.105961,425
1107,-36.6574715,161.731493,425
1108,-54.5444909,157.799461,425
1109,-71.9062169,152.347735,425
1110,-88.5754468,145.428816,425
1111,-104.391647,137.109339,425
1112,-119.202498,127.469424,425
1113,-132.865364,116.601908,425
1114,-145.248664,104.611453,425
1115,-156.23314,91.6135314,425
1116,-165.713006,77.7333219,425
1117,-173.596964,63.104498,425
1118,-179.809089,47.8679433,425
1119,-184.289554,32.1703941,425
1120,-186.99521,16.1630264,425
1121,-187.9,3.09295932295e-14,425
1122,-186.99521,-16.1630264,425
1123,-184.289554,-32.1703941,425
1124,-179.809089,-47.8679433,425
1125,-173.596964,-63.104498,425
1126,-165.713006,-77.7333219,425
1127,-156.23314,-91.6135314,425
1128,-145.248664,-104.611453,425
1129,-132.865364,-116.601908,425
1130,-119.202498,-127.469424,425
1131,-104.391647,-137.109339,425
1132,-88.5754468,-145.428816,425
1133,-71.9062169,-152.347735,425
1134,-54.5444909,-157.799461,425
1135,-36.6574715,-161.731493,425
1136,-18.4174207,-164.105961,425
1137,-3.19072506806e-14,-164.9,425
1138,18.4174207,-164.105961,425
1139,36.6574715,-161.731493,425
1140,54.5444909,-157.799461,425
1141,71.9062169,-152.347735,425
1142,88.5754468,-145.428816,425
1143,104.391647,-137.109339,425
1144,119.202498,-127.469424,425
1145,132.865364,-116.601908,425
1146,145.248664,-104.611453,425
1147,156.23314,-91.6135314,425
1148,165.713006,-77.7333219,425
1149,173.596964,-63.104498,425
1150,179.809089,-47.8679433,425
1151,184.289554,-32.1703941,425
1152,186.99521,-16.1630264,425
1153,187.9,1.73873992856e-16,450
1154,186.99521,16.1630264,450
1155,184.289554,32.1703941,450
1156,179.809089,47.8679433,450
1157,173.596964,63.104498,450
1158,165.713006,77.7333219,450
1159,156.23314,91.6135314,450
1160,145.248664,104.611453,450
1161,132.865364,116.601908,450
1162,119.202498,127.469424,450
1163,104.391647,137.109339,450
1164,88.5754468,145.428816,450
1165,71.9062169,152.347735,450
1166,54.5444909,157.799461,450
1167,36.6574715,161.731493,450
1168,18.4174207,164.105961,450
1169,1.52596757921e-14,164.9,450
1170,-18.4174207,164.105961,450
1171,-36.6574715,161.731493,450
1172,-54.5444909,157.799461,450
1173,-71.9062169,152.347735,450
1174,-88.5754468,145.428816,450
1175,-104.391647,137.109339,450
1176,-119.202498,127.469424,450
1177,-132.865364,116.601908,450
1178,-145.248664,104.611453,450
1179,-156.23314,91.6135314,450
1180,-165.713006,77.7333219,450
1181,-173.596964,63.104498,450
1182,-179.809089,47.8679433,450
1183,-184.289554,32.1703941,450
1184,-186.99521,16.1630264,450
1185,-187.9,3.07333769807e-14,450
1186,-186.99521,-16.1630264,450
1187,-184.289554,-32.1703941,450
1188,-179.809089,-47.8679433,450
1189,-173.596964,-63.104498,450
1190,-165.713006,-77.7333219,450
1191,-156.23314,-91.6135314,450
1192,-145.248664,-104.611453,450
1193,-132.865364,-116.601908,450
1194,-119.202498,-127.469424,450
1195,-104.391647,-137.109339,450
1196,-88.5754468,-145.428816,450
1197,-71.9062169,-152.347735,450
1198,-54.5444909,-157.799461,450
1199,-36.6574715,-161.731493,450
1200,-18.4174207,-164.105961,450
1201,-3.2542655576e-14,-164.9,450
1202,18.4174207,-164.105961,450
1203,36.6574715,-161.731493,450
1204,54.5444909,-157.799461,450
1205,71.9062169,-152.347735,450
1206,88.5754468,-145.428816,450
1207,104.391647,-137.109339,450
1208,119.202498,-127.469424,450
1209,132.865364,-116.601908,450
1210,145.248664,-104.611453,450
1211,156.23314,-91.6135314,450
1212,165.713006,-77.7333219,450
1213,173.596964,-63.104498,450
1214,179.809089,-47.8679433,450
1215,184.289554,-32.1703941,450
1216,186.99521,-16.1630264,450
1217,187.9,1.19430038894e-15,475
1218,186.99521,16.1630264,475
1219,184.289554,32.1703941,475
1220,179.809089,47.8679433,475
1221,173.596964,63.104498,475
1222,165.713006,77.7333219,475
1223,156.23314,91.6135314,475
1224,145.248664,104.611453,475
1225,132.865364,116.601908,475
1226,119.202498,127.469424,475
1227,104.391647,137.109339,475
1228,88.5754468,145.428816,475
1229,71.9062169,152.347735,475
1230,54.5444909,157.799461,475
1231,36.6574715,161.731493,475
1232,18.4174207,164.105961,475
1233,1.53809867866e-14,164.9,475
1234,-18.4174207,164.105961,475
1235,-36.6574715,161.731493,475
1236,-54.5444909,157.799461,475
1237,-71.9062169,152.347735,475
1238,-88.5754468,145.428816,475
1239,-104.391647,137.109339,475
1240,-119.202498,127.469424,475
1241,-132.865364,116.601908,475
1242,-145.248664,104.611453,475
1243,-156.23314,91.6135314,475
1244,-165.713006,77.7333219,475
1245,-173.596964,63.104498,475
1246,-179.809089,47.8679433,475
1247,-184.289554,32.1703941,475
1248,-186.99521,16.1630264,475
1249,-187.9,3.24722846337e-14,475
1250,-186.99521,-16.1630264,475
1251,-184.289554,-32.1703941,475
1252,-179.809089,-47.8679433,475
1253,-173.596964,-63.104498,475
1254,-165.713006,-77.7333219,475
1255,-156.23314,-91.6135314,475
1256,-145.248664,-104.611453,475
1257,-132.865364,-116.601908,475
1258,-119.202498,-127.469424,475
1259,-104.391647,-137.109339,475
1260,-88.5754468,-145.428816,475
1261,-71.9062169,-152.347735,475
1262,-54.5444909,-157.799461,475
1263,-36.6574715,-161.731493,475
1264,-18.4174207,-164.105961,475
1265,-3.34987532617e-14,-164.9,475
1266,18.4174207,-164.105961,475
1267,36.6574715,-161.731493,475
1268,54.5444909,-157.799461,475
1269,71.9062169,-152.347735,475
1270,88.5754468,-145.428816,475
1271,104.391647,-137.109339,475
1272,119.202498,-127.469424,475
1273,132.865364,-116.601908,475
1274,145.248664,-104.611453,475
1275,156.23314,-91.6135314,475
1276,165.713006,-77.7333219,475
1277,173.596964,-63.104498,475
1278,179.809089,-47.8679433,475
1279,184.289554,-32.1703941,475
1280,186.99521,-16.1630264,475
1281,187.9,-2.67265791745e-17,500
1282,186.99521,16.1630264,500
1283,184.289554,32.1703941,500
1284,179.809089,47.8679433,500
1285,173.596964,63.104498,500
1286,165.713006,77.7333219,500
1287,156.23314,91.6135314,500
1288,145.248664,104.611453,500
1289,132.865364,116.601908,500
1290,119.202498,127.469424,500
1291,104.391647,137.109339,500
1292,88.5754468,145.428816,500
1293,71.9062169,152.347735,500
1294,54.5444909,157.799461,500
1295,36.6574715,161.731493,500
1296,18.4174207,164.105961,500
1297,1.50757490648e-14,164.9,500
1298,-18.4174207,164.105961,500
1299,-36.6574715,161.731493,500
1300,-54.5444909,157.799461,500
1301,-71.9062169,152.347735,500
1302,-88.5754468,145.428816,500
1303,-104.391647,137.109339,500
1304,-119.202498,127.469424,500
1305,-132.865364,116.601908,500
1306,-145.248664,104.611453,500
1307,-156.23314,91.6135314,500
1308,-165.713006,77.7333219,500
1309,-173.596964,63.104498,500
1310,-179.809089,47.8679433,500
1311,-184.289554,32.1703941,500
1312,-186.99521,16.1630264,500
1313,-187.9,3.19383779245e-14,500
1314,-186.99521,-16.1630264,500
1315,-184.289554,-32.1703941,500
1316,-179.809089,-47.8679433,500
1317,-173.596964,-63.104498,500
1318,-165.713006,-77.7333219,500
1319,-156.23314,-91.6135314,500
1320,-145.248664,-104.611453,500
1321,-132.865364,-116.601908,500
1322,-119.202498,-127.469424,500
1323,-104.391647,-137.109339,500
1324,-88.5754468,-145.428816,500
1325,-71.9062169,-152.347735,500
1326,-54.5444909,-157.799461,500
1327,-36.6574715,-161.731493,500
1328,-18.4174207,-164.105961,500
1329,-3.45607720598e-14,-164.9,500
1330,18.4174207,-164.105961,500
1331,36.6574715,-161.731493,500
1332,54.5444909,-157.799461,500
1333,71.9062169,-152.347735,500
1334,88.5754468,-145.428816,500
1335,104.391647,-137.109339,500
1336,119.202498,-127.469424,500
1337,132.865364,-116.601908,500
1338,145.248664,-104.611453,500
1339,156.23314,-91.6135314,500
1340,165.713006,-77.7333219,500
1341,173.596964,-63.104498,500
1342,179.809089,-47.8679433,500
1343,184.289554,-32.1703941,500
1344,186.99521,-16.1630264,500
1345,187.9,1.04883436071e-15,525
1346,186.99521,16.1630264,525
1347,184.289554,32.1703941,525
1348,179.809089,47.8679433,525
1349,173.596964,63.104498,525
1350,165.713006,77.7333219,525
1351,156.23314,91.6135314,525
1352,145.248664,104.611453,525
1353,132.865364,116.601908,525
1354,119.202498,127.469424,525
1355,104.391647,137.109339,525
1356,88.5754468,145.428816,525
1357,71.9062169,152.347735,525
1358,54.5444909,157.799461,525
1359,36.6574715,161.731493,525
1360,18.4174207,164.105961,525
1361,1.33217918852e-14,164.9,525
1362,-18.4174207,164.105961,525
1363,-36.6574715,161.731493,525
1364,-54.5444909,157.799461,525
1365,-71.9062169,152.347735,525
1366,-88.5754468,145.428816,525
1367,-104.391647,137.109339,525
1368,-119.202498,127.469424,525
1369,-132.865364,116.601908,525
1370,-145.248664,104.611453,525
1371,-156.23314,91.6135314,525
1372,-165.713006,77.7333219,525
1373,-173.596964,63.104498,525
1374,-179.809089,47.8679433,525
1375,-184.289554,32.1703941,525
1376,-186.99521,16.1630264,525
1377,-187.9,3.33942772053e-14,525
1378,-186.99521,-16.1630264,525
1379,-184.289554,-32.1703941,525
1380,-179.809089,-47.8679433,525
1381,-173.596964,-63.104498,525
1382,-165.713006,-77.7333219,525
1383,-156.23314,-91.6135314,525
1384,-145.248664,-104.611453,525
1385,-132.865364,-116.601908,525
1386,-119.202498,-127.469424,525
1387,-104.391647,-137.109339,525
1388,-88.5754468,-145.428816,525
1389,-71.9062169,-152.347735,525
1390,-54.5444909,-157.799461,525
1391,-36.6574715,-161.731493,525
1392,-18.4174207,-164.105961,525
1393,-3.429735546e-14,-164.9,525
1394,18.4174207,-164.105961,525
1395,36.6574715,-161.731493,525
1396,54.5444909,-157.799461,525
1397,71.9062169,-152.347735,525
1398,88.5754468,-145.428816,525
1399,104.391647,-137.109339,525
1400,119.202498,-127.469424,525
1401,132.865364,-116.601908,525
1402,145.248664,-104.611453,525
1403,156.23314,-91.6135314,525
1404,165.713006,-77.7333219,525
1405,173.596964,-63.104498,525
1406,179.809089,-47.8679433,525
1407,184.289554,-32.1703941,525
1408,186.99521,-16.1630264,525
1409,187.9,6.90580221902e-16,550
1410,186.99521,16.1630264,550
1411,184.289554,32.1703941,550
1412,179.809089,47.8679433,550
1413,173.596964,63.104498,550
1414,165.713006,77.7333219,550
1415,156.23314,91.6135314,550
1416,145.248664,104.611453,550
1417,132.865364,116.601908,550
1418,119.202498,127.469424,550
1419,104.391647,137.109339,550
1420,88.5754468,145.428816,550
1421,71.9062169,152.347735,550
1422,54.5444909,157.799461,550
1423,36.6574715,161.731493,550
1424,18.4174207,164.105961,550
1425,1.27283359123e-14,164.9,550
1426,-18.4174207,164.105961,550
1427,-36.6574715,161.731493,550
1428,-54.5444909,157.799461,550
1429,-71.9062169,152.347735,550
1430,-88.5754468,145.428816,550
1431,-104.391647,137.109339,550
1432,-119.202498,127.469424,550
1433,-132.865364,116.601908,550
1434,-145.248664,104.611453,550
1435,-156.23314,91.6135314,550
1436,-165.713006,77.7333219,550
1437,-173.596964,63.104498,550
1438,-179.809089,47.8679433,550
1439,-184.289554,32.1703941,550
1440,-186.99521,16.1630264,550
1441,-187.9,3.3989058656e-14,550
1442,-186.99521,-16.1630264,550
1443,-184.289554,-32.1703941,550
1444,-179.809089,-47.8679433,550
1445,-173.596964,-63.104498,550
1446,-165.713006,-77.7333219,550
1447,-156.23314,-91.6135314,550
1448,-145.248664,-104.611453,550
1449,-132.865364,-116.601908,550
1450,-119.202498,-127.469424,550
1451,-104.391647,-137.109339,550
1452,-88.5754468,-145.428816,550
1453,-71.9062169,-152.347735,550
1454,-54.5444909,-157.799461,550
1455,-36.6574715,-161.731493,550
1456,-18.4174207,-164.105961,550
1457,-3.39373318976e-14,-164.9,550
1458,18.4174207,-164.105961,550
1459,36.6574715,-161.731493,550
1460,54.5444909,-157.799461,550
1461,71.9062169,-152.347735,550
1462,88.5754468,-145.428816,550
1463,104.391647,-137.109339,550
1464,119.202498,-127.469424,550
1465,132.865364,-116.601908,550
1466,145.248664,-104.611453,550
1467,156.23314,-91.6135314,550
1468,165.713006,-77.7333219,550
1469,173.596964,-63.104498,550
1470,179.809089,-47.8679433,550
1471,184.289554,-32.1703941,550
1472,186.99521,-16.1630264,550
1473,187.9,2.69599964611e-16,575
1474,186.99521,16.1630264,575
1475,184.289554,32.1703941,575
1476,179.809089,47.8679433,575
1477,173.596964,63.104498,575
1478,165.713006,77.7333219,575
1479,156.23314,91.6135314,575
1480,145.248664,104.611453,575
1481,132.865364,116.601908,575
1482,119.202498,127.469424,575
1483,104.391647,137.109339,575
1484,88.5754468,145.428816,575
1485,71.9062169,152.347735,575
1486,54.5444909,157.799461,575
1487,36.6574715,161.731493,575
1488,18.4174207,164.105961,575
1489,1.25522437866e-14,164.9,575
1490,-18.4174207,164.105961,575
1491,-36.6574715,161.731493,575
1492,-54.5444909,157.799461,575
1493,-71.9062169,152.347735,575
1494,-88.5754468,145.428816,575
1495,-104.391647,137.109339,575
1496,-119.202498,127.469424,575
1497,-132.865364,116.601908,575
1498,-145.248664,104.611453,575
1499,-156.23314,91.6135314,575
1500,-165.713006,77.7333219,575
1501,-173.596964,63.104498,575
1502,-179.809089,47.8679433,575
1503,-184.289554,32.1703941,575
1504,-186.99521,16.1630264,575
1505,-187.9,3.33465694214e-14,575
1506,-186.99521,-16.1630264,575
1507,-184.289554,-32.1703941,575
1508,-179.809089,-47.8679433,575
1509,-173.596964,-63.104498,575
1510,-165.713006,-77.7333219,575
1511,-156.23314,-91.6135314,575
1512,-145.248664,-104.611453,575
1513,-132.865364,-116.601908,575
1514,-119.202498,-127.469424,575
1515,-104.391647,-137.109339,575
1516,-88.5754468,-145.428816,575
1517,-71.9062169,-152.347735,575
1518,-54.5444909,-157.799461,575
1519,-36.6574715,-161.731493,575
1520,-18.4174207,-164.105961,575
1521,-3.54031190223e-14,-164.9,575
1522,18.4174207,-164.105961,575
1523,36.6574715,-161.731493,575
1524,54.5444909,-157.799461,575
1525,71.9062169,-152.347735,575
1526,88.5754468,-145.428816,575
1527,104.391647,-137.109339,575
1528,119.202498,-127.469424,575
1529,132.865364,-116.601908,575
1530,145.248664,-104.611453,575
1531,156.23314,-91.6135314,575
1532,165.713006,-77.7333219,575
1533,173.596964,-63.104498,575
1534,179.809089,-47.8679433,575
1535,184.289554,-32.1703941,575
1536,186.99521,-16.1630264,575
1537,187.9,2.83807810718e-16,600
1538,186.99521,16.1630264,600
1539,184.289554,32.1703941,600
1540,179.809089,47.8679433,600
1541,173.596964,63.104498,600
1542,165.713006,77.7333219,600
1543,156.23314,91.6135314,600
1544,145.248664,104.611453,600
1545,132.865364,116.601908,600
1546,119.202498,127.469424,600
1547,104.391647,137.109339,600
1548,88.5754468,145.428816,600
1549,71.9062169,152.347735,600
1550,54.5444909,157.799461,600
1551,36.6574715,161.731493,600
1552,18.4174207,164.105961,600
1553,1.25941334406e-14,164.9,600
1554,-18.4174207,164.105961,600
1555,-36.6574715,161.731493,600
1556,-54.5444909,157.799461,600
1557,-71.9062169,152.347735,600
1558,-88.5754468,145.428816,600
1559,-104.391647,137.109339,600
1560,-119.202498,127.469424,600
1561,-132.865364,116.601908,600
1562,-145.248664,104.611453,600
1563,-156.23314,91.6135314,600
1564,-165.713006,77.7333219,600
1565,-173.596964,63.104498,600
1566,-179.809089,47.8679433,600
1567,-184.289554,32.1703941,600
1568,-186.99521,16.1630264,600
1569,-187.9,3.49857476465e-14,600
1570,-186.99521,-16.1630264,600
1571,-184.289554,-32.1703941,600
1572,-179.809089,-47.8679433,600
1573,-173.596964,-63.104498,600
1574,-165.713006,-77.7333219,600
1575,-156.23314,-91.6135314,600
1576,-145.248664,-104.611453,600
1577,-132.865364,-116.601908,600
1578,-119.202498,-127.469424,600
1579,-104.391647,-137.109339,600
1580,-88.5754468,-145.428816,600
1581,-71.9062169,-152.347735,600
1582,-54.5444909,-157.799461,600
1583,-36.6574715,-161.731493,600
1584,-18.4174207,-164.105961,600
1585,-3.60255879348e-14,-164.9,600
1586,18.4174207,-164.105961,600
1587,36.6574715,-161.731493,600
1588,54.5444909,-157.799461,600
1589,71.9062169,-152.347735,600
1590,88.5754468,-145.428816,600
1591,104.391647,-137.109339,600
1592,119.202498,-127.469424,600
1593,132.865364,-116.601908,600
1594,145.248664,-104.611453,600
1595,156.23314,-91.6135314,600
1596,165.713006,-77.7333219,600
1597,173.596964,-63.104498,600
1598,179.809089,-47.8679433,600
1599,184.289554,-32.1703941,600
1600,186.99521,-16.1630264,600
1601,187.9,-6.38383100802e-16,625
1602,186.99521,16.1630264,625
1603,184.289554,32.1703941,625
1604,179.809089,47.8679433,625
1605,173.596964,63.104498,625
1606,165.713006,77.7333219,625
1607,156.23314,91.6135314,625
1608,145.248664,104.611453,625
1609,132.865364,116.601908,625
1610,119.202498,127.469424,625
1611,104.391647,137.109339,625
1612,88.5754468,145.428816,625
1613,71.9062169,152.347735,625
1614,54.5444909,157.799461,625
1615,36.6574715,161.731493,625
1616,18.4174207,164.105961,625
1617,1.17404264527e-14,164.9,625
1618,-18.4174207,164.105961,625
1619,-36.6574715,161.731493,625
1620,-54.5444909,157.799461,625
1621,-71.9062169,152.347735,625
1622,-88.5754468,145.428816,625
1623,-104.391647,137.109339,625
1624,-119.202498,127.469424,625
1625,-132.865364,116.601908,625
1626,-145.248664,104.611453,625
1627,-156.23314,91.6135314,625
1628,-165.713006,77.7333219,625
1629,-173.596964,63.104498,625
1630,-179.809089,47.8679433,625
1631,-184.289554,32.1703941,625
1632,-186.99521,16.1630264,625
1633,-187.9,3.61413231428e-14,625
1634,-186.99521,-16.1630264,625
1635,-184.289554,-32.1703941,625
1636,-179.809089,-47.8679433,625
1637,-173.596964,-63.104498,625
1638,-165.713006,-77.7333219,625
1639,-156.23314,-91.6135314,625
1640,-145.248664,-104.611453,625
1641,-132.865364,-116.601908,625
1642,-119.202498,-127.469424,625
1643,-104.391647,-137.109339,625
1644,-88.5754468,-145.428816,625
1645,-71.9062169,-152.347735,625
1646,-54.5444909,-157.799461,625
1647,-36.6574715,-161.731493,625
1648,-18.4174207,-164.105961,625
1649,-3.6763092023e-14,-164.9,625
1650,18.4174207,-164.105961,625
1651,36.6574715,-161.731493,625
1652,54.5444909,-157.799461,625
1653,71.9062169,-152.347735,625
1654,88.5754468,-145.428816,625
1655,104.391647,-137.109339,625
1656,119.202498,-127.469424,625
1657,132.865364,-116.601908,625
1658,145.248664,-104.611453,625
1659,156.23314,-91.6135314,625
1660,165.713006,-77.7333219,625
1661,173.596964,-63.104498,625
1662,179.809089,-47.8679433,625
1663,184.289554,-32.1703941,625
1664,186.99521,-16.1630264,625
1665,187.9,0,650
1666,186.99521,16.1630264,650
1667,184.289554,32.1703941,650
1668,179.809089,47.8679433,650
1669,173.596964,63.104498,650
1670,165.713006,77.7333219,650
1671,156.23314,91.6135314,650
1672,145.248664,104.611453,650
1673,132.865364,116.601908,650
1674,119.202498,127.469424,650
1675,104.391647,137.109339,650
1676,88.5754468,145.428816,650
1677,71.9062169,152.347735,650
1678,54.5444909,157.799461,650
1679,36.6574715,161.731493,650
1680,18.4174207,164.105961,650
1681,1.15055567e-14,164.9,650
1682,-18.4174207,164.105961,650
1683,-36.6574715,161.731493,650
1684,-54.5444909,157.799461,650
1685,-71.9062169,152.347735,650
1686,-88.5754468,145.428816,650
1687,-104.391647,137.109339,650
1688,-119.202498,127.469424,650
1689,-132.865364,116.601908,650
1690,-145.248664,104.611453,650
1691,-156.23314,91.6135314,650
1692,-165.713006,77.7333219,650
1693,-173.596964,63.104498,650
1694,-179.809089,47.8679433,650
1695,-184.289554,32.1703941,650
1696,-186.99521,16.1630264,650
1697,-187.9,3.58210957788e-14,650
1698,-186.99521,-16.1630264,650
1699,-184.289554,-32.1703941,650
1700,-179.809089,-47.8679433,650
1701,-173.596964,-63.104498,650
1702,-165.713006,-77.7333219,650
1703,-156.23314,-91.6135314,650
1704,-145.248664,-104.611453,650
1705,-132.865364,-116.601908,650
1706,-119.202498,-127.469424,650
1707,-104.391647,-137.109339,650
1708,-88.5754468,-145.428816,650
1709,-71.9062169,-152.347735,650
1710,-54.5444909,-157.799461,650
1711,-36.6574715,-161.731493,650
1712,-18.4174207,-164.105961,650
1713,-3.77892962201e-14,-164.9,650
1714,18.4174207,-164.105961,650
1715,36.6574715,-161.731493,650
1716,54.5444909,-157.799461,650
1717,71.9062169,-152.347735,650
1718,88.5754468,-145.428816,650
1719,104.391647,-137.109339,650
1720,119.202498,-127.469424,650
1721,132.865364,-116.601908,650
1722,145.248664,-104.611453,650
1723,156.23314,-91.6135314,650
1724,165.713006,-77.7333219,650
1725,173.596964,-63.104498,650
1726,179.809089,-47.8679433,650
1727,184.289554,-32.1703941,650
1728,186.99521,-16.1630264,650

Data Record #2
===========================================================================
Step = 1
Time = 0.05
Data = shirt_contact_data
1,-0.469422658763,0
2,-0.46933723233,0
3,-0.469182728659,0
4,-0.468986814385,0
5,-0.468783233651,0
6,-0.468605862523,0
7,-0.468482595703,0
8,-0.468430739239,0
9,-0.46845601043,0
10,-0.468551897848,0
11,-0.468701237987,0
12,-0.46888212895,0
13,-0.469068598976,0
14,-0.469234867549,0
15,-0.469359032238,0
16,-0.469425189597,0
17,-0.469425189597,0
18,-0.469359032238,0
19,-0.469234867549,0
20,-0.469068598976,0
21,-0.46888212895,0
22,-0.468701237987,0
23,-0.468551897849,0
24,-0.46845601043,0
25,-0.468430739239,0
26,-0.468482595703,0
27,-0.468605862523,0
28,-0.468783233651,0
29,-0.468986814385,0
30,-0.469182728659,0
31,-0.46933723233,0
32,-0.469422658763,0
33,-0.469422658763,0
34,-0.46933723233,0
35,-0.469182728659,0
36,-0.468986814385,0
37,-0.468783233651,0
38,-0.468605862523,0
39,-0.468482595703,0
40,-0.468430739239,0
41,-0.46845601043,0
42,-0.468551897848,0
43,-0.468701237987,0
44,-0.46888212895,0
45,-0.469068598976,0
46,-0.469234867549,0
47,-0.469359032238,0
48,-0.469425189597,0
49,-0.469425189597,0
50,-0.469359032238,0
51,-0.469234867549,0
52,-0.469068598976,0
53,-0.46888212895,0
54,-0.468701237987,0
55,-0.468551897849,0
56,-0.46845601043,0
57,-0.468430739239,0
58,-0.468482595703,0
59,-0.468605862523,0
60,-0.468783233651,0
61,-0.468986814385,0
62,-0.469182728659,0
63,-0.46933723233,0
64,-0.469422658763,0
65,-0.469422658763,0
66,-0.46933723233,0
67,-0.469182728659,0
68,-0.468986814385,0
69,-0.468783233651,0
70,-0.468605862523,0
71,-0.468482595703,0
72,-0.468430739239,0
73,-0.46845601043,0
74,-0.468551897848,0
75,-0.468701237987,0
76,-0.46888212895,0
77,-0.469068598976,0
78,-0.469234867549,0
79,-0.469359032238,0
80,-0.469425189597,0
81,-0.469425189597,0
82,-0.469359032238,0
83,-0.469234867549,0
84,-0.469068598976,0
85,-0.46888212895,0
86,-0.468701237987,0
87,-0.468551897848,0
88,-0.46845601043,0
89,-0.468430739239,0
90,-0.468482595703,0
91,-0.468605862523,0
92,-0.468783233651,0
93,-0.468986814385,0
94,-0.469182728659,0
95,-0.46933723233,0
96,-0.469422658763,0
97,-0.469422658763,0
98,-0.46933723233,0
99,-0.469182728659,0
100,-0.468986814386,0
101,-0.468783233651,0
102,-0.468605862523,0
103,-0.468482595703,0
104,-0.468430739239,0
105,-0.46845601043,0
106,-0.468551897848,0
107,-0.468701237987,0
108,-0.46888212895,0
109,-0.469068598976,0
110,-0.469234867549,0
111,-0.469359032238,0
112,-0.469425189597,0
113,-0.469425189597,0
114,-0.469359032238,0
115,-0.469234867549,0
116,-0.469068598976,0
117,-0.46888212895,0
118,-0.468701237987,0
119,-0.468551897848,0
120,-0.46845601043,0
121,-0.468430739239,0
122,-0.468482595703,0
123,-0.468605862523,0
124,-0.468783233651,0
125,-0.468986814385,0
126,-0.469182728659,0
127,-0.46933723233,0
128,-0.469422658763,0
129,-0.469422658763,0
130,-0.46933723233,0
131,-0.469182728659,0
132,-0.468986814386,0
133,-0.468783233651,0
134,-0.468605862523,0
135,-0.468482595703,0
136,-0.468430739239,0
137,-0.46845601043,0
138,-0.468551897848,0
139,-0.468701237987,0
140,-0.46888212895,0
141,-0.469068598976,0
142,-0.469234867549,0
143,-0.469359032238,0
144,-0.469425189597,0
145,-0.469425189597,0
146,-0.469359032238,0
147,-0.469234867549,0
148,-0.469068598976,0
149,-0.46888212895,0
150,-0.468701237987,0
151,-0.468551897848,0
152,-0.46845601043,0
153,-0.468430739239,0
154,-0.468482595703,0
155,-0.468605862523,0
156,-0.468783233651,0
157,-0.468986814385,0
158,-0.469182728659,0
159,-0.46933723233,0
160,-0.469422658763,0
161,-0.469422658763,0
162,-0.46933723233,0
163,-0.469182728659,0
164,-0.468986814386,0
165,-0.468783233651,0
166,-0.468605862523,0
167,-0.468482595703,0
168,-0.468430739239,0
169,-0.46845601043,0
170,-0.468551897848,0
171,-0.468701237987,0
172,-0.46888212895,0
173,-0.469068598976,0
174,-0.469234867549,0
175,-0.469359032238,0
176,-0.469425189597,0
177,-0.469425189597,0
178,-0.469359032238,0
179,-0.469234867549,0
180,-0.469068598976,0
181,-0.46888212895,0
182,-0.468701237987,0
183,-0.468551897848,0
184,-0.46845601043,0
185,-0.468430739239,0
186,-0.468482595703,0
187,-0.468605862523,0
188,-0.468783233651,0
189,-0.468986814385,0
190,-0.469182728659,0
191,-0.46933723233,0
192,-0.469422658763,0
193,-0.469422658763,0
194,-0.46933723233,0
195,-0.469182728659,0
196,-0.468986814386,0
197,-0.468783233651,0
198,-0.468605862523,0
199,-0.468482595703,0
200,-0.468430739239,0
201,-0.46845601043,0
202,-0.468551897849,0
203,-0.468701237987,0
204,-0.46888212895,0
205,-0.469068598976,0
206,-0.469234867549,0
207,-0.469359032238,0
208,-0.469425189597,0
209,-0.469425189597,0
210,-0.469359032238,0
211,-0.469234867549,0
212,-0.469068598976,0
213,-0.46888212895,0
214,-0.468701237987,0
215,-0.468551897849,0
216,-0.46845601043,0
217,-0.468430739239,0
218,-0.468482595703,0
219,-0.468605862523,0
220,-0.468783233651,0
221,-0.468986814385,0
222,-0.469182728659,0
223,-0.46933723233,0
224,-0.469422658763,0
225,-0.469422658763,0
226,-0.46933723233,0
227,-0.469182728659,0
228,-0.468986814386,0
229,-0.468783233651,0
230,-0.468605862523,0
231,-0.468482595703,0
232,-0.468430739239,0
233,-0.46845601043,0
234,-0.468551897849,0
235,-0.468701237987,0
236,-0.46888212895,0
237,-0.469068598976,0
238,-0.469234867549,0
239,-0.469359032238,0
240,-0.469425189597,0
241,-0.469425189597,0
242,-0.469359032238,0
243,-0.469234867549,0
244,-0.469068598976,0
245,-0.46888212895,0
246,-0.468701237987,0
247,-0.468551897849,0
248,-0.46845601043,0
249,-0.468430739239,0
250,-0.468482595703,0
251,-0.468605862523,0
252,-0.468783233651,0
253,-0.468986814385,0
254,-0.469182728659,0
255,-0.46933723233,0
256,-0.469422658763,0
257,-0.469422658763,0
258,-0.46933723233,0
259,-0.469182728659,0
260,-0.468986814385,0
261,-0.468783233651,0
262,-0.468605862523,0
263,-0.468482595703,0
264,-0.468430739239,0
265,-0.46845601043,0
266,-0.468551897848,0
267,-0.468701237987,0
268,-0.46888212895,0
269,-0.469068598976,0
270,-0.469234867549,0
271,-0.469359032238,0
272,-0.469425189597,0
273,-0.469425189597,0
274,-0.469359032238,0
275,-0.469234867549,0
276,-0.469068598976,0
277,-0.46888212895,0
278,-0.468701237987,0
279,-0.468551897849,0
280,-0.46845601043,0
281,-0.468430739239,0
282,-0.468482595703,0
283,-0.468605862523,0
284,-0.468783233651,0
285,-0.468986814385,0
286,-0.469182728659,0
287,-0.46933723233,0
288,-0.469422658763,0
289,-0.469422658763,0
290,-0.46933723233,0
291,-0.469182728659,0
292,-0.468986814385,0
293,-0.468783233651,0
294,-0.468605862523,0
295,-0.468482595703,0
296,-0.468430739239,0
297,-0.46845601043,0
298,-0.468551897849,0
299,-0.468701237987,0
300,-0.46888212895,0
301,-0.469068598976,0
302,-0.469234867549,0
303,-0.469359032238,0
304,-0.469425189597,0
305,-0.469425189597,0
306,-0.469359032238,0
307,-0.469234867549,0
308,-0.469068598976,0
309,-0.46888212895,0
310,-0.468701237987,0
311,-0.468551897849,0
312,-0.46845601043,0
313,-0.468430739239,0
314,-0.468482595703,0
315,-0.468605862523,0
316,-0.468783233651,0
317,-0.468986814385,0
318,-0.469182728659,0
319,-0.46933723233,0
320,-0.469422658763,0
321,-0.469422658763,0
322,-0.46933723233,0
323,-0.469182728659,0
324,-0.468986814385,0
325,-0.468783233651,0
326,-0.468605862523,0
327,-0.468482595703,0
328,-0.468430739239,0
329,-0.46845601043,0
330,-0.468551897849,0
331,-0.468701237987,0
332,-0.46888212895,0
333,-0.469068598976,0
334,-0.469234867549,0
335,-0.469359032238,0
336,-0.469425189597,0
337,-0.469425189597,0
338,-0.469359032238,0
339,-0.469234867549,0
340,-0.469068598976,0
341,-0.46888212895,0
342,-0.468701237987,0
343,-0.468551897849,0
344,-0.46845601043,0
345,-0.468430739239,0
346,-0.468482595703,0
347,-0.468605862523,0
348,-0.468783233651,0
349,-0.468986814385,0
350,-0.469182728659,0
351,-0.46933723233,0
352,-0.469422658763,0
353,-0.469422658763,0
354,-0.46933723233,0
355,-0.469182728659,0
356,-0.468986814385,0
357,-0.468783233651,0
358,-0.468605862523,0
359,-0.468482595703,0
360,-0.468430739239,0
361,-0.46845601043,0
362,-0.468551897848,0
363,-0.468701237987,0
364,-0.46888212895,0
365,-0.469068598976,0
366,-0.469234867549,0
367,-0.469359032238,0
368,-0.469425189597,0
369,-0.469425189597,0
370,-0.469359032238,0
371,-0.469234867549,0
372,-0.469068598976,0
373,-0.46888212895,0
374,-0.468701237987,0
375,-0.468551897848,0
376,-0.46845601043,0
377,-0.468430739239,0
378,-0.468482595703,0
379,-0.468605862523,0
380,-0.468783233651,0
381,-0.468986814385,0
382,-0.469182728659,0
383,-0.46933723233,0
384,-0.469422658763,0
385,-0.469422658763,0
386,-0.46933723233,0
387,-0.469182728659,0
388,-0.468986814385,0
389,-0.468783233651,0
390,-0.468605862523,0
391,-0.468482595703,0
392,-0.468430739239,0
393,-0.46845601043,0
394,-0.468551897849,0
395,-0.468701237987,0
396,-0.46888212895,0
397,-0.469068598976,0
398,-0.469234867549,0
399,-0.469359032238,0
400,-0.469425189597,0
401,-0.469425189597,0
402,-0.469359032238,0
403,-0.469234867549,0
404,-0.469068598976,0
405,-0.46888212895,0
406,-0.468701237987,0
407,-0.468551897848,0
408,-0.46845601043,0
409,-0.468430739239,0
410,-0.468482595703,0
411,-0.468605862523,0
412,-0.468783233651,0
413,-0.468986814385,0
414,-0.469182728659,0
415,-0.46933723233,0
416,-0.469422658763,0
417,-0.469422658763,0
418,-0.46933723233,0
419,-0.469182728659,0
420,-0.468986814385,0
421,-0.468783233651,0
422,-0.468605862523,0
423,-0.468482595703,0
424,-0.468430739239,0
425,-0.46845601043,0
426,-0.468551897849,0
427,-0.468701237987,0
428,-0.46888212895,0
429,-0.469068598976,0
430,-0.469234867549,0
431,-0.469359032238,0
432,-0.469425189597,0
433,-0.469425189597,0
434,-0.469359032238,0
435,-0.469234867549,0
436,-0.469068598976,0
437,-0.46888212895,0
438,-0.468701237987,0
439,-0.468551897848,0
440,-0.46845601043,0
441,-0.468430739239,0
442,-0.468482595703,0
443,-0.468605862523,0
444,-0.468783233651,0
445,-0.468986814385,0
446,-0.469182728659,0
447,-0.46933723233,0
448,-0.469422658763,0
449,-0.469422658763,0
450,-0.46933723233,0
451,-0.469182728659,0
452,-0.468986814385,0
453,-0.468783233651,0
454,-0.468605862523,0
455,-0.468482595703,0
456,-0.468430739239,0
457,-0.46845601043,0
458,-0.468551897849,0
459,-0.468701237987,0
460,-0.46888212895,0
461,-0.469068598976,0
462,-0.469234867549,0
463,-0.469359032238,0
464,-0.469425189597,0
465,-0.469425189597,0
466,-0.469359032238,0
467,-0.469234867549,0
468,-0.469068598976,0
469,-0.46888212895,0
470,-0.468701237987,0
471,-0.468551897848,0
472,-0.46845601043,0
473,-0.468430739239,0
474,-0.468482595703,0
475,-0.468605862523,0
476,-0.468783233651,0
477,-0.468986814385,0
478,-0.469182728659,0
479,-0.46933723233,0
480,-0.469422658763,0
481,-0.469422658763,0
482,-0.46933723233,0
483,-0.469182728659,0
484,-0.468986814385,0
485,-0.468783233651,0
486,-0.468605862523,0
487,-0.468482595703,0
488,-0.468430739239,0
489,-0.46845601043,0
490,-0.468551897848,0
491,-0.468701237987,0
492,-0.46888212895,0
493,-0.469068598976,0
494,-0.469234867549,0
495,-0.469359032238,0
496,-0.469425189597,0
497,-0.469425189597,0
498,-0.469359032238,0
499,-0.469234867549,0
500,-0.469068598976,0
501,-0.46888212895,0
502,-0.468701237987,0
503,-0.468551897848,0
504,-0.46845601043,0
505,-0.468430739239,0
506,-0.468482595703,0
507,-0.468605862523,0
508,-0.468783233651,0
509,-0.468986814385,0
510,-0.469182728659,0
511,-0.46933723233,0
512,-0.469422658763,0
513,-0.469422658763,0
514,-0.46933723233,0
515,-0.469182728659,0
516,-0.468986814385,0
517,-0.468783233651,0
518,-0.468605862523,0
519,-0.468482595703,0
520,-0.468430739239,0
521,-0.46845601043,0
522,-0.468551897849,0
523,-0.468701237987,0
524,-0.46888212895,0
525,-0.469068598976,0
526,-0.469234867549,0
527,-0.469359032238,0
528,-0.469425189597,0
529,-0.469425189597,0
530,-0.469359032238,0
531,-0.469234867549,0
532,-0.469068598976,0
533,-0.46888212895,0
534,-0.468701237987,0
535,-0.468551897848,0
536,-0.46845601043,0
537,-0.468430739239,0
538,-0.468482595703,0
539,-0.468605862523,0
540,-0.468783233651,0
541,-0.468986814385,0
542,-0.469182728659,0
543,-0.46933723233,0
544,-0.469422658763,0
545,-0.469422658763,0
546,-0.46933723233,0
547,-0.469182728659,0
548,-0.468986814385,0
549,-0.468783233651,0
550,-0.468605862523,0
551,-0.468482595703,0
552,-0.468430739239,0
553,-0.46845601043,0
554,-0.468551897849,0
555,-0.468701237987,0
556,-0.46888212895,0
557,-0.469068598976,0
558,-0.469234867549,0
559,-0.469359032238,0
560,-0.469425189597,0
561,-0.469425189597,0
562,-0.469359032238,0
563,-0.469234867549,0
564,-0.469068598976,0
565,-0.46888212895,0
566,-0.468701237987,0
567,-0.468551897848,0
568,-0.46845601043,0
569,-0.468430739239,0
570,-0.468482595703,0
571,-0.468605862523,0
572,-0.468783233651,0
573,-0.468986814385,0
574,-0.469182728659,0
575,-0.46933723233,0
576,-0.469422658763,0
577,-0.469422658763,0
578,-0.46933723233,0
579,-0.469182728659,0
580,-0.468986814385,0
581,-0.468783233651,0
582,-0.468605862523,0
583,-0.468482595703,0
584,-0.468430739239,0
585,-0.46845601043,0
586,-0.468551897849,0
587,-0.468701237987,0
588,-0.46888212895,0
589,-0.469068598976,0
590,-0.469234867549,0
591,-0.469359032238,0
592,-0.469425189597,0
593,-0.469425189597,0
594,-0.469359032238,0
595,-0.469234867549,0
596,-0.469068598976,0
597,-0.46888212895,0
598,-0.468701237987,0
599,-0.468551897848,0
600,-0.46845601043,0
601,-0.468430739239,0
602,-0.468482595703,0
603,-0.468605862523,0
604,-0.468783233651,0
605,-0.468986814385,0
606,-0.469182728659,0
607,-0.46933723233,0
608,-0.469422658763,0
609,-0.469422658763,0
610,-0.46933723233,0
611,-0.469182728659,0
612,-0.468986814385,0
613,-0.468783233651,0
614,-0.468605862523,0
615,-0.468482595703,0
616,-0.468430739239,0
617,-0.46845601043,0
618,-0.468551897849,0
619,-0.468701237987,0
620,-0.46888212895,0
621,-0.469068598976,0
622,-0.469234867549,0
623,-0.469359032238,0
624,-0.469425189597,0
625,-0.469425189597,0
626,-0.469359032238,0
627,-0.469234867549,0
628,-0.469068598976,0
629,-0.46888212895,0
630,-0.468701237987,0
631,-0.468551897848,0
632,-0.46845601043,0
633,-0.468430739239,0
634,-0.468482595703,0
635,-0.468605862523,0
636,-0.468783233651,0
637,-0.468986814385,0
638,-0.469182728659,0
639,-0.46933723233,0
640,-0.469422658763,0
641,-0.469422658763,0
642,-0.46933723233,0
643,-0.469182728659,0
644,-0.468986814385,0
645,-0.468783233651,0
646,-0.468605862523,0
647,-0.468482595703,0
648,-0.468430739239,0
649,-0.46845601043,0
650,-0.468551897849,0
651,-0.468701237987,0
652,-0.46888212895,0
653,-0.469068598976,0
654,-0.469234867549,0
655,-0.469359032238,0
656,-0.469425189597,0
657,-0.469425189597,0
658,-0.469359032238,0
659,-0.469234867549,0
660,-0.469068598976,0
661,-0.46888212895,0
662,-0.468701237987,0
663,-0.468551897848,0
664,-0.46845601043,0
665,-0.468430739239,0
666,-0.468482595703,0
667,-0.468605862523,0
668,-0.468783233651,0
669,-0.468986814385,0
670,-0.469182728659,0
671,-0.46933723233,0
672,-0.469422658763,0
673,-0.469422658763,0
674,-0.46933723233,0
675,-0.469182728659,0
676,-0.468986814385,0
677,-0.468783233651,0
678,-0.468605862523,0
679,-0.468482595703,0
680,-0.468430739239,0
681,-0.46845601043,0
682,-0.468551897848,0
683,-0.468701237987,0
684,-0.46888212895,0
685,-0.469068598976,0
686,-0.469234867549,0
687,-0.469359032238,0
688,-0.469425189597,0
689,-0.469425189597,0
690,-0.469359032238,0
691,-0.469234867549,0
692,-0.469068598976,0
693,-0.46888212895,0
694,-0.468701237987,0
695,-0.468551897849,0
696,-0.46845601043,0
697,-0.468430739239,0
698,-0.468482595703,0
699,-0.468605862523,0
700,-0.468783233651,0
701,-0.468986814385,0
702,-0.469182728659,0
703,-0.46933723233,0
704,-0.469422658763,0
705,-0.469422658763,0
706,-0.46933723233,0
707,-0.469182728659,0
708,-0.468986814385,0
709,-0.468783233651,0
710,-0.468605862523,0
711,-0.468482595703,0
712,-0.468430739239,0
713,-0.46845601043,0
714,-0.468551897849,0
715,-0.468701237987,0
716,-0.46888212895,0
717,-0.469068598976,0
718,-0.469234867549,0
719,-0.469359032238,0
720,-0.469425189597,0
721,-0.469425189597,0
722,-0.469359032238,0
723,-0.469234867549,0
724,-0.469068598976,0
725,-0.46888212895,0
726,-0.468701237987,0
727,-0.468551897849,0
728,-0.46845601043,0
729,-0.468430739239,0
730,-0.468482595703,0
731,-0.468605862523,0
732,-0.468783233651,0
733,-0.468986814385,0
734,-0.469182728659,0
735,-0.46933723233,0
736,-0.469422658763,0
737,-0.469422658763,0
738,-0.46933723233,0
739,-0.469182728659,0
740,-0.468986814385,0
741,-0.468783233651,0
742,-0.468605862523,0
743,-0.468482595703,0
744,-0.468430739239,0
745,-0.46845601043,0
746,-0.468551897848,0
747,-0.468701237987,0
748,-0.46888212895,0
749,-0.469068598976,0
750,-0.469234867549,0
751,-0.469359032238,0
752,-0.469425189597,0
753,-0.469425189597,0
754,-0.469359032238,0
755,-0.469234867549,0
756,-0.469068598976,0
757,-0.46888212895,0
758,-0.468701237987,0
759,-0.468551897848,0
760,-0.46845601043,0
761,-0.468430739239,0
762,-0.468482595703,0
763,-0.468605862523,0
764,-0.468783233651,0
765,-0.468986814385,0
766,-0.469182728659,0
767,-0.46933723233,0
768,-0.469422658763,0
769,-0.469422658763,0
770,-0.46933723233,0
771,-0.469182728659,0
772,-0.468986814385,0
773,-0.468783233651,0
774,-0.468605862523,0
775,-0.468482595703,0
776,-0.468430739239,0
777,-0.46845601043,0
778,-0.468551897848,0
779,-0.468701237987,0
780,-0.46888212895,0
781,-0.469068598976,0
782,-0.469234867549,0
783,-0.469359032238,0
784,-0.469425189597,0
785,-0.469425189597,0
786,-0.469359032238,0
787,-0.469234867549,0
788,-0.469068598976,0
789,-0.46888212895,0
790,-0.468701237987,0
791,-0.468551897849,0
792,-0.46845601043,0
793,-0.468430739239,0
794,-0.468482595703,0
795,-0.468605862523,0
796,-0.468783233651,0
797,-0.468986814385,0
798,-0.469182728659,0
799,-0.46933723233,0
800,-0.469422658763,0
801,-0.469422658763,0
802,-0.46933723233,0
803,-0.469182728659,0
804,-0.468986814385,0
805,-0.468783233651,0
806,-0.468605862523,0
807,-0.468482595703,0
808,-0.468430739239,0
809,-0.46845601043,0
810,-0.468551897848,0
811,-0.468701237987,0
812,-0.46888212895,0
813,-0.469068598976,0
814,-0.469234867549,0
815,-0.469359032238,0
816,-0.469425189597,0
817,-0.469425189597,0
818,-0.469359032238,0
819,-0.469234867549,0
820,-0.469068598976,0
821,-0.46888212895,0
822,-0.468701237987,0
823,-0.468551897849,0
824,-0.46845601043,0
825,-0.468430739239,0
826,-0.468482595703,0
827,-0.468605862523,0
828,-0.468783233651,0
829,-0.468986814385,0
830,-0.469182728659,0
831,-0.46933723233,0
832,-0.469422658763,0
833,-0.469422658763,0
834,-0.46933723233,0
835,-0.469182728659,0
836,-0.468986814385,0
837,-0.468783233651,0
838,-0.468605862522,0
839,-0.468482595703,0
840,-0.468430739239,0
841,-0.46845601043,0
842,-0.468551897849,0
843,-0.468701237987,0
844,-0.46888212895,0
845,-0.469068598976,0
846,-0.469234867549,0
847,-0.469359032238,0
848,-0.469425189597,0
849,-0.469425189597,0
850,-0.469359032238,0
851,-0.469234867549,0
852,-0.469068598976,0
853,-0.46888212895,0
854,-0.468701237987,0
855,-0.468551897848,0
856,-0.46845601043,0
857,-0.468430739239,0
858,-0.468482595703,0
859,-0.468605862523,0
860,-0.468783233651,0
861,-0.468986814386,0
862,-0.469182728659,0
863,-0.46933723233,0
864,-0.469422658763,0
865,-0.469422658763,0
866,-0.46933723233,0
867,-0.469182728659,0
868,-0.468986814385,0
869,-0.468783233651,0
870,-0.468605862522,0
871,-0.468482595703,0
872,-0.468430739239,0
873,-0.46845601043,0
874,-0.468551897848,0
875,-0.468701237987,0
876,-0.46888212895,0
877,-0.469068598976,0
878,-0.469234867549,0
879,-0.469359032238,0
880,-0.469425189597,0
881,-0.469425189597,0
882,-0.469359032238,0
883,-0.469234867549,0
884,-0.469068598976,0
885,-0.46888212895,0
886,-0.468701237987,0
887,-0.468551897848,0
888,-0.46845601043,0
889,-0.468430739239,0
890,-0.468482595703,0
891,-0.468605862523,0
892,-0.468783233651,0
893,-0.468986814386,0
894,-0.469182728659,0
895,-0.46933723233,0
896,-0.469422658763,0
897,-0.469422658763,0
898,-0.46933723233,0
899,-0.469182728659,0
900,-0.468986814385,0
901,-0.468783233651,0
902,-0.468605862523,0
903,-0.468482595703,0
904,-0.468430739239,0
905,-0.46845601043,0
906,-0.468551897848,0
907,-0.468701237987,0
908,-0.46888212895,0
909,-0.469068598976,0
910,-0.469234867549,0
911,-0.469359032238,0
912,-0.469425189597,0
913,-0.469425189597,0
914,-0.469359032238,0
915,-0.469234867549,0
916,-0.469068598976,0
917,-0.46888212895,0
918,-0.468701237987,0
919,-0.468551897848,0
920,-0.46845601043,0
921,-0.468430739239,0
922,-0.468482595703,0
923,-0.468605862523,0
924,-0.468783233651,0
925,-0.468986814385,0
926,-0.469182728659,0
927,-0.46933723233,0
928,-0.469422658763,0
929,-0.469422658763,0
930,-0.46933723233,0
931,-0.469182728659,0
932,-0.468986814385,0
933,-0.468783233651,0
934,-0.468605862523,0
935,-0.468482595703,0
936,-0.468430739239,0
937,-0.46845601043,0
938,-0.468551897848,0
939,-0.468701237987,0
940,-0.46888212895,0
941,-0.469068598976,0
942,-0.469234867549,0
943,-0.469359032238,0
944,-0.469425189597,0
945,-0.469425189597,0
946,-0.469359032238,0
947,-0.469234867549,0
948,-0.469068598976,0
949,-0.46888212895,0
950,-0.468701237987,0
951,-0.468551897848,0
952,-0.46845601043,0
953,-0.468430739239,0
954,-0.468482595703,0
955,-0.468605862523,0
956,-0.468783233651,0
957,-0.468986814385,0
958,-0.469182728659,0
959,-0.46933723233,0
960,-0.469422658763,0
961,-0.469422658763,0
962,-0.46933723233,0
963,-0.469182728659,0
964,-0.468986814385,0
965,-0.468783233651,0
966,-0.468605862523,0
967,-0.468482595703,0
968,-0.468430739239,0
969,-0.46845601043,0
970,-0.468551897848,0
971,-0.468701237987,0
972,-0.46888212895,0
973,-0.469068598976,0
974,-0.469234867549,0
975,-0.469359032238,0
976,-0.469425189597,0
977,-0.469425189597,0
978,-0.469359032238,0
979,-0.469234867549,0
980,-0.469068598976,0
981,-0.46888212895,0
982,-0.468701237987,0
983,-0.468551897848,0
984,-0.46845601043,0
985,-0.468430739239,0
986,-0.468482595703,0
987,-0.468605862523,0
988,-0.468783233651,0
989,-0.468986814385,0
990,-0.469182728659,0
991,-0.46933723233,0
992,-0.469422658763,0
993,-0.469422658763,0
994,-0.46933723233,0
995,-0.469182728659,0
996,-0.468986814385,0
997,-0.468783233651,0
998,-0.468605862523,0
999,-0.468482595703,0
1000,-0.468430739239,0
1001,-0.46845601043,0
1002,-0.468551897848,0
1003,-0.468701237987,0
1004,-0.46888212895,0
1005,-0.469068598976,0
1006,-0.469234867549,0
1007,-0.469359032238,0
1008,-0.469425189597,0
1009,-0.469425189597,0
1010,-0.469359032238,0
1011,-0.469234867549,0
1012,-0.469068598976,0
1013,-0.46888212895,0
1014,-0.468701237987,0
1015,-0.468551897848,0
1016,-0.46845601043,0
1017,-0.468430739239,0
1018,-0.468482595703,0
1019,-0.468605862523,0
1020,-0.468783233651,0
1021,-0.468986814386,0
1022,-0.469182728659,0
1023,-0.46933723233,0
1024,-0.469422658763,0
1025,-0.469422658763,0
1026,-0.46933723233,0
1027,-0.469182728659,0
1028,-0.468986814385,0
1029,-0.468783233651,0
1030,-0.468605862523,0
1031,-0.468482595703,0
1032,-0.468430739239,0
1033,-0.46845601043,0
1034,-0.468551897848,0
1035,-0.468701237987,0
1036,-0.46888212895,0
1037,-0.469068598976,0
1038,-0.469234867549,0
1039,-0.469359032238,0
1040,-0.469425189597,0
1041,-0.469425189597,0
1042,-0.469359032238,0
1043,-0.469234867549,0
1044,-0.469068598976,0
1045,-0.46888212895,0
1046,-0.468701237987,0
1047,-0.468551897848,0
1048,-0.46845601043,0
1049,-0.468430739239,0
1050,-0.468482595703,0
1051,-0.468605862523,0
1052,-0.468783233651,0
1053,-0.468986814386,0
1054,-0.469182728659,0
1055,-0.46933723233,0
1056,-0.469422658763,0
1057,-0.469422658763,0
1058,-0.46933723233,0
1059,-0.469182728659,0
1060,-0.468986814385,0
1061,-0.468783233651,0
1062,-0.468605862523,0
1063,-0.468482595703,0
1064,-0.468430739239,0
1065,-0.46845601043,0
1066,-0.468551897848,0
1067,-0.468701237987,0
1068,-0.46888212895,0
1069,-0.469068598976,0
1070,-0.469234867549,0
1071,-0.469359032238,0
1072,-0.469425189597,0
1073,-0.469425189597,0
1074,-0.469359032238,0
1075,-0.469234867549,0
1076,-0.469068598976,0
1077,-0.46888212895,0
1078,-0.468701237987,0
1079,-0.468551897848,0
1080,-0.46845601043,0
1081,-0.468430739239,0
1082,-0.468482595703,0
1083,-0.468605862523,0
1084,-0.468783233651,0
1085,-0.468986814385,0
1086,-0.469182728659,0
1087,-0.46933723233,0
1088,-0.469422658763,0
1089,-0.469422658763,0
1090,-0.46933723233,0
1091,-0.469182728659,0
1092,-0.468986814385,0
1093,-0.468783233651,0
1094,-0.468605862523,0
1095,-0.468482595703,0
1096,-0.468430739239,0
1097,-0.46845601043,0
1098,-0.468551897848,0
1099,-0.468701237987,0
1100,-0.46888212895,0
1101,-0.469068598976,0
1102,-0.469234867549,0
1103,-0.469359032238,0
1104,-0.469425189597,0
1105,-0.469425189597,0
1106,-0.469359032238,0
1107,-0.469234867549,0
1108,-0.469068598976,0
1109,-0.46888212895,0
1110,-0.468701237987,0
1111,-0.468551897848,0
1112,-0.46845601043,0
1113,-0.468430739239,0
1114,-0.468482595703,0
1115,-0.468605862523,0
1116,-0.468783233651,0
1117,-0.468986814385,0
1118,-0.469182728659,0
1119,-0.46933723233,0
1120,-0.469422658763,0
1121,-0.469422658763,0
1122,-0.46933723233,0
1123,-0.469182728659,0
1124,-0.468986814385,0
1125,-0.468783233651,0
1126,-0.468605862523,0
1127,-0.468482595703,0
1128,-0.468430739239,0
1129,-0.46845601043,0
1130,-0.468551897848,0
1131,-0.468701237987,0
1132,-0.46888212895,0
1133,-0.469068598976,0
1134,-0.469234867549,0
1135,-0.469359032238,0
1136,-0.469425189597,0
1137,-0.469425189597,0
1138,-0.469359032238,0
1139,-0.469234867549,0
1140,-0.469068598976,0
1141,-0.46888212895,0
1142,-0.468701237987,0
1143,-0.468551897848,0
1144,-0.46845601043,0
1145,-0.468430739239,0
1146,-0.468482595703,0
1147,-0.468605862523,0
1148,-0.468783233651,0
1149,-0.468986814385,0
1150,-0.469182728659,0
1151,-0.46933723233,0
1152,-0.469422658763,0
1153,-0.469422658763,0
1154,-0.46933723233,0
1155,-0.469182728659,0
1156,-0.468986814385,0
1157,-0.468783233651,0
1158,-0.468605862523,0
1159,-0.468482595703,0
1160,-0.468430739239,0
1161,-0.46845601043,0
1162,-0.468551897848,0
1163,-0.468701237987,0
1164,-0.46888212895,0
1165,-0.469068598976,0
1166,-0.469234867549,0
1167,-0.469359032238,0
1168,-0.469425189597,0
1169,-0.469425189597,0
1170,-0.469359032238,0
1171,-0.469234867549,0
1172,-0.469068598976,0
1173,-0.46888212895,0
1174,-0.468701237987,0
1175,-0.468551897848,0
1176,-0.46845601043,0
1177,-0.468430739239,0
1178,-0.468482595703,0
1179,-0.468605862523,0
1180,-0.468783233651,0
1181,-0.468986814385,0
1182,-0.469182728659,0
1183,-0.46933723233,0
1184,-0.469422658763,0
1185,-0.469422658763,0
1186,-0.46933723233,0
1187,-0.469182728659,0
1188,-0.468986814385,0
1189,-0.468783233651,0
1190,-0.468605862523,0
1191,-0.468482595703,0
1192,-0.468430739239,0
1193,-0.46845601043,0
1194,-0.468551897848,0
1195,-0.468701237987,0
1196,-0.46888212895,0
1197,-0.469068598976,0
1198,-0.469234867549,0
1199,-0.469359032238,0
1200,-0.469425189597,0
1201,-0.469425189597,0
1202,-0.469359032238,0
1203,-0.469234867549,0
1204,-0.469068598976,0
1205,-0.46888212895,0
1206,-0.468701237987,0
1207,-0.468551897848,0
1208,-0.46845601043,0
1209,-0.468430739239,0
1210,-0.468482595703,0
1211,-0.468605862523,0
1212,-0.468783233651,0
1213,-0.468986814385,0
1214,-0.469182728659,0
1215,-0.46933723233,0
1216,-0.469422658763,0
1217,-0.469422658763,0
1218,-0.46933723233,0
1219,-0.469182728659,0
1220,-0.468986814385,0
1221,-0.468783233651,0
1222,-0.468605862523,0
1223,-0.468482595703,0
1224,-0.468430739239,0
1225,-0.46845601043,0
1226,-0.468551897848,0
1227,-0.468701237987,0
1228,-0.46888212895,0
1229,-0.469068598976,0
1230,-0.469234867549,0
1231,-0.469359032238,0
1232,-0.469425189597,0
1233,-0.469425189597,0
1234,-0.469359032238,0
1235,-0.469234867549,0
1236,-0.469068598976,0
1237,-0.46888212895,0
1238,-0.468701237987,0
1239,-0.468551897848,0
1240,-0.46845601043,0
1241,-0.468430739239,0
1242,-0.468482595703,0
1243,-0.468605862523,0
1244,-0.468783233651,0
1245,-0.468986814385,0
1246,-0.469182728659,0
1247,-0.46933723233,0
1248,-0.469422658763,0
1249,-0.469422658763,0
1250,-0.46933723233,0
1251,-0.469182728659,0
1252,-0.468986814385,0
1253,-0.468783233651,0
1254,-0.468605862523,0
1255,-0.468482595703,0
1256,-0.468430739239,0
1257,-0.46845601043,0
1258,-0.468551897848,0
1259,-0.468701237987,0
1260,-0.46888212895,0
1261,-0.469068598976,0
1262,-0.469234867549,0
1263,-0.469359032238,0
1264,-0.469425189597,0
1265,-0.469425189597,0
1266,-0.469359032238,0
1267,-0.469234867549,0
1268,-0.469068598976,0
1269,-0.46888212895,0
1270,-0.468701237987,0
1271,-0.468551897848,0
1272,-0.46845601043,0
1273,-0.468430739239,0
1274,-0.468482595703,0
1275,-0.468605862523,0
1276,-0.468783233651,0
1277,-0.468986814385,0
1278,-0.469182728659,0
1279,-0.46933723233,0
1280,-0.469422658763,0
1281,-0.469422658763,0
1282,-0.46933723233,0
1283,-0.469182728659,0
1284,-0.468986814385,0
1285,-0.468783233651,0
1286,-0.468605862523,0
1287,-0.468482595703,0
1288,-0.468430739239,0
1289,-0.46845601043,0
1290,-0.468551897848,0
1291,-0.468701237987,0
1292,-0.46888212895,0
1293,-0.469068598976,0
1294,-0.469234867549,0
1295,-0.469359032238,0
1296,-0.469425189597,0
1297,-0.469425189597,0
1298,-0.469359032238,0
1299,-0.469234867549,0
1300,-0.469068598976,0
1301,-0.46888212895,0
1302,-0.468701237987,0
1303,-0.468551897848,0
1304,-0.46845601043,0
1305,-0.468430739239,0
1306,-0.468482595703,0
1307,-0.468605862523,0
1308,-0.468783233651,0
1309,-0.468986814385,0
1310,-0.469182728659,0
1311,-0.46933723233,0
1312,-0.469422658763,0
1313,-0.469422658763,0
1314,-0.46933723233,0
1315,-0.469182728659,0
1316,-0.468986814385,0
1317,-0.468783233651,0
1318,-0.468605862523,0
1319,-0.468482595703,0
1320,-0.468430739239,0
1321,-0.46845601043,0
1322,-0.468551897848,0
1323,-0.468701237987,0
1324,-0.46888212895,0
1325,-0.469068598976,0
1326,-0.469234867549,0
1327,-0.469359032238,0
1328,-0.469425189597,0
1329,-0.469425189597,0
1330,-0.469359032238,0
1331,-0.469234867549,0
1332,-0.469068598976,0
1333,-0.46888212895,0
1334,-0.468701237987,0
1335,-0.468551897848,0
1336,-0.46845601043,0
1337,-0.468430739239,0
1338,-0.468482595703,0
1339,-0.468605862523,0
1340,-0.468783233651,0
1341,-0.468986814385,0
1342,-0.469182728659,0
1343,-0.46933723233,0
1344,-0.469422658763,0
1345,-0.469422658763,0
1346,-0.46933723233,0
1347,-0.469182728659,0
1348,-0.468986814385,0
1349,-0.468783233651,0
1350,-0.468605862522,0
1351,-0.468482595703,0
1352,-0.468430739239,0
1353,-0.46845601043,0
1354,-0.468551897848,0
1355,-0.468701237987,0
1356,-0.46888212895,0
1357,-0.469068598976,0
1358,-0.469234867549,0
1359,-0.469359032238,0
1360,-0.469425189597,0
1361,-0.469425189597,0
1362,-0.469359032238,0
1363,-0.469234867549,0
1364,-0.469068598976,0
1365,-0.46888212895,0
1366,-0.468701237987,0
1367,-0.468551897848,0
1368,-0.46845601043,0
1369,-0.468430739239,0
1370,-0.468482595703,0
1371,-0.468605862523,0
1372,-0.468783233651,0
1373,-0.468986814385,0
1374,-0.469182728659,0
1375,-0.46933723233,0
1376,-0.469422658763,0
1377,-0.469422658763,0
1378,-0.46933723233,0
1379,-0.469182728659,0
1380,-0.468986814385,0
1381,-0.468783233651,0
1382,-0.468605862523,0
1383,-0.468482595703,0
1384,-0.468430739239,0
1385,-0.46845601043,0
1386,-0.468551897848,0
1387,-0.468701237987,0
1388,-0.46888212895,0
1389,-0.469068598976,0
1390,-0.469234867549,0
1391,-0.469359032238,0
1392,-0.469425189597,0
1393,-0.469425189597,0
1394,-0.469359032238,0
1395,-0.469234867549,0
1396,-0.469068598976,0
1397,-0.46888212895,0
1398,-0.468701237987,0
1399,-0.468551897848,0
1400,-0.46845601043,0
1401,-0.468430739239,0
1402,-0.468482595703,0
1403,-0.468605862523,0
1404,-0.468783233651,0
1405,-0.468986814385,0
1406,-0.469182728659,0
1407,-0.46933723233,0
1408,-0.469422658763,0
1409,-0.469422658763,0
1410,-0.46933723233,0
1411,-0.469182728659,0
1412,-0.468986814385,0
1413,-0.468783233651,0
1414,-0.468605862523,0
1415,-0.468482595703,0
1416,-0.468430739239,0
1417,-0.46845601043,0
1418,-0.468551897848,0
1419,-0.468701237987,0
1420,-0.46888212895,0
1421,-0.469068598976,0
1422,-0.469234867549,0
1423,-0.469359032238,0
1424,-0.469425189597,0
1425,-0.469425189597,0
1426,-0.469359032238,0
1427,-0.469234867549,0
1428,-0.469068598976,0
1429,-0.46888212895,0
1430,-0.468701237987,0
1431,-0.468551897848,0
1432,-0.46845601043,0
1433,-0.468430739239,0
1434,-0.468482595703,0
1435,-0.468605862523,0
1436,-0.468783233651,0
1437,-0.468986814385,0
1438,-0.469182728659,0
1439,-0.46933723233,0
1440,-0.469422658763,0
1441,-0.469422658763,0
1442,-0.46933723233,0
1443,-0.469182728659,0
1444,-0.468986814385,0
1445,-0.468783233651,0
1446,-0.468605862522,0
1447,-0.468482595703,0
1448,-0.468430739239,0
1449,-0.46845601043,0
1450,-0.468551897848,0
1451,-0.468701237987,0
1452,-0.46888212895,0
1453,-0.469068598976,0
1454,-0.469234867549,0
1455,-0.469359032238,0
1456,-0.469425189597,0
1457,-0.469425189597,0
1458,-0.469359032238,0
1459,-0.469234867549,0
1460,-0.469068598976,0
1461,-0.46888212895,0
1462,-0.468701237987,0
1463,-0.468551897848,0
1464,-0.46845601043,0
1465,-0.468430739239,0
1466,-0.468482595703,0
1467,-0.468605862523,0
1468,-0.468783233651,0
1469,-0.468986814385,0
1470,-0.469182728659,0
1471,-0.46933723233,0
1472,-0.469422658763,0
1473,-0.469422658763,0
1474,-0.46933723233,0
1475,-0.469182728659,0
1476,-0.468986814385,0
1477,-0.468783233651,0
1478,-0.468605862523,0
1479,-0.468482595703,0
1480,-0.468430739239,0
1481,-0.46845601043,0
1482,-0.468551897848,0
1483,-0.468701237987,0
1484,-0.46888212895,0
1485,-0.469068598976,0
1486,-0.469234867549,0
1487,-0.469359032238,0
1488,-0.469425189597,0
1489,-0.469425189597,0
1490,-0.469359032238,0
1491,-0.469234867549,0
1492,-0.469068598976,0
1493,-0.46888212895,0
1494,-0.468701237987,0
1495,-0.468551897848,0
1496,-0.46845601043,0
1497,-0.468430739239,0
1498,-0.468482595703,0
1499,-0.468605862523,0
1500,-0.468783233651,0
1501,-0.468986814385,0
1502,-0.469182728659,0
1503,-0.46933723233,0
1504,-0.469422658763,0
1505,-0.469422658763,0
1506,-0.46933723233,0
1507,-0.469182728659,0
1508,-0.468986814385,0
1509,-0.468783233651,0
1510,-0.468605862523,0
1511,-0.468482595703,0
1512,-0.468430739239,0
1513,-0.46845601043,0
1514,-0.468551897848,0
1515,-0.468701237987,0
1516,-0.46888212895,0
1517,-0.469068598976,0
1518,-0.469234867549,0
1519,-0.469359032238,0
1520,-0.469425189597,0
1521,-0.469425189597,0
1522,-0.469359032238,0
1523,-0.469234867549,0
1524,-0.469068598976,0
1525,-0.46888212895,0
1526,-0.468701237987,0
1527,-0.468551897848,0
1528,-0.46845601043,0
1529,-0.468430739239,0
1530,-0.468482595703,0
1531,-0.468605862523,0
1532,-0.468783233651,0
1533,-0.468986814385,0
1534,-0.469182728659,0
1535,-0.46933723233,0
1536,-0.469422658763,0
1537,-0.469422658763,0
1538,-0.46933723233,0
1539,-0.469182728659,0
1540,-0.468986814385,0
1541,-0.468783233651,0
1542,-0.468605862523,0
1543,-0.468482595703,0
1544,-0.468430739239,0
1545,-0.46845601043,0
1546,-0.468551897848,0
1547,-0.468701237987,0
1548,-0.46888212895,0
1549,-0.469068598976,0
1550,-0.469234867549,0
1551,-0.469359032238,0
1552,-0.469425189597,0
1553,-0.469425189597,0
1554,-0.469359032238,0
1555,-0.469234867549,0
1556,-0.469068598976,0
1557,-0.46888212895,0
1558,-0.468701237987,0
1559,-0.468551897848,0
1560,-0.46845601043,0
1561,-0.468430739239,0
1562,-0.468482595703,0
1563,-0.468605862523,0
1564,-0.468783233651,0
1565,-0.468986814385,0
1566,-0.469182728659,0
1567,-0.46933723233,0
1568,-0.469422658763,0
1569,-0.469422658763,0
1570,-0.46933723233,0
1571,-0.469182728659,0
1572,-0.468986814385,0
1573,-0.468783233651,0
1574,-0.468605862523,0
1575,-0.468482595703,0
1576,-0.468430739239,0
1577,-0.46845601043,0
1578,-0.468551897848,0
1579,-0.468701237987,0
1580,-0.46888212895,0
1581,-0.469068598976,0
1582,-0.469234867549,0
1583,-0.469359032238,0
1584,-0.469425189597,0
1585,-0.469425189597,0
1586,-0.469359032238,0
1587,-0.469234867549,0
1588,-0.469068598976,0
1589,-0.46888212895,0
1590,-0.468701237987,0
1591,-0.468551897848,0
1592,-0.46845601043,0
1593,-0.468430739239,0
1594,-0.468482595703,0
1595,-0.468605862523,0
1596,-0.468783233651,0
1597,-0.468986814385,0
1598,-0.469182728659,0
1599,-0.46933723233,0
1600,-0.469422658763,0
1601,-0.469422658763,0
1602,-0.46933723233,0
1603,-0.469182728659,0
1604,-0.468986814385,0
1605,-0.468783233651,0
1606,-0.468605862522,0
1607,-0.468482595703,0
1608,-0.468430739239,0
1609,-0.46845601043,0
1610,-0.468551897848,0
1611,-0.468701237987,0
1612,-0.46888212895,0
1613,-0.469068598976,0
1614,-0.469234867549,0
1615,-0.469359032238,0
1616,-0.469425189597,0
1617,-0.469425189597,0
1618,-0.469359032238,0
1619,-0.469234867549,0
1620,-0.469068598976,0
1621,-0.46888212895,0
1622,-0.468701237987,0
1623,-0.468551897848,0
1624,-0.46845601043,0
1625,-0.468430739239,0
1626,-0.468482595703,0
1627,-0.468605862523,0
1628,-0.468783233651,0
1629,-0.468986814385,0
1630,-0.469182728659,0
1631,-0.46933723233,0
1632,-0.469422658763,0
1633,-0.469422658763,0
1634,-0.46933723233,0
1635,-0.469182728659,0
1636,-0.468986814385,0
1637,-0.468783233651,0
1638,-0.468605862523,0
1639,-0.468482595703,0
1640,-0.468430739239,0
1641,-0.46845601043,0
1642,-0.468551897848,0
1643,-0.468701237987,0
1644,-0.46888212895,0
1645,-0.469068598976,0
1646,-0.469234867549,0
1647,-0.469359032238,0
1648,-0.469425189597,0
1649,-0.469425189597,0
1650,-0.469359032238,0
1651,-0.469234867549,0
1652,-0.469068598976,0
1653,-0.46888212895,0
1654,-0.468701237987,0
1655,-0.468551897848,0
1656,-0.46845601043,0
1657,-0.468430739239,0
1658,-0.468482595703,0
1659,-0.468605862523,0
1660,-0.468783233651,0
1661,-0.468986814385,0
1662,-0.469182728659,0
1663,-0.46933723233,0
1664,-0.469422658763,0

===== beginning time step 2 : 0.1 =====


Reforming stiffness matrix: reformation #1

===== reforming stiffness matrix:
	Nr of equations ........................... : 18942
	Nr of nonzeroes in stiffness matrix ....... : 1101134
 1
 Nonlinear solution status: time= 0.1
	stiffness updates             = 0
	right hand side evaluations   = 2
	stiffness matrix reformations = 1
	step from line search         = 1.000000
	convergence norms :     INITIAL         CURRENT         REQUIRED
	   residual            3.163651e+05    1.169830e-08    3.163651e+02 
	   energy              6.955927e+02    1.325569e-04    6.955927e-02 
	   displacement        1.562714e+00    1.562714e+00    6.250856e-04 
 2
 Nonlinear solution status: time= 0.1
	stiffness updates             = 1
	right hand side evaluations   = 3
	stiffness matrix reformations = 1
	step from line search         = 1.000000
	convergence norms :     INITIAL         CURRENT         REQUIRED
	   residual            3.163651e+05    4.323977e-17    3.163651e+02 
	   energy              6.955927e+02    1.516688e-15    6.955927e-02 
	   displacement        1.562714e+00    6.445626e-14    6.250854e-04 

convergence summary
    number of iterations   : 2
    number of reformations : 1

------- converged at time : 0.1


Data Record #1
===========================================================================
Step = 2
Time = 0.1
Data = shirt_final_coordinates
1,187.9,-1.66479353661e-14,5.00330629229e-16
2,186.99521,16.1630264,7.31913938166e-16
3,184.289554,32.1703941,1.2752052653e-16
4,179.809089,47.8679433,2.80147898427e-17
5,173.596964,63.104498,3.22357508258e-15
6,165.713006,77.7333219,1.85159838002e-15
7,156.23314,91.6135314,6.91826248138e-16
8,145.248664,104.611453,7.63915930633e-15
9,132.865364,116.601908,9.45830520591e-15
10,119.202498,127.469424,7.24190036923e-15
11,104.391647,137.109339,1.08180067184e-14
12,88.5754468,145.428816,9.48309044689e-15
13,71.9062169,152.347735,1.06737268134e-14
14,54.5444909,157.799461,1.2726595887e-14
15,36.6574715,161.731493,1.55404600181e-14
16,18.4174207,164.105961,1.64845040224e-14
17,-9.73039925582e-16,164.9,1.84241420659e-14
18,-18.4174207,164.105961,1.85189549146e-14
19,-36.6574715,161.731493,1.54045184238e-14
20,-54.5444909,157.799461,1.69008905579e-14
21,-71.9062169,152.347735,1.65099437731e-14
22,-88.5754468,145.428816,1.57948794371e-14
23,-104.391647,137.109339,2.47502873646e-14
24,-119.202498,127.469424,2.14230070719e-14
25,-132.865364,116.601908,2.22489508005e-14
26,-145.248664,104.611453,2.43421921292e-14
27,-156.23314,91.6135314,1.85662612645e-14
28,-165.713006,77.7333219,1.44601911776e-14
29,-173.596964,63.104498,1.70465751141e-14
30,-179.809089,47.8679433,1.62080255114e-14
31,-184.289554,32.1703941,1.26108066268e-14
32,-186.99521,16.1630264,7.70547075164e-15
33,-187.9,-5.44985358892e-14,2.43787081571e-15
34,-186.99521,-16.1630264,1.01478348366e-15
35,-184.289554,-32.1703941,2.88303453159e-15
36,-179.809089,-47.8679433,2.10748775096e-15
37,-173.596964,-63.104498,5.86427348654e-15
38,-165.713006,-77.7333219,4.5438193188e-15
39,-156.23314,-91.6135314,8.93754904215e-15
40,-145.248664,-104.611453,1.1276638698e-14
41,-132.865364,-116.601908,1.57600452955e-14
42,-119.202498,-127.469424,1.84628462127e-14
43,-104.391647,-137.109339,1.60273032993e-14
44,-88.5754468,-145.428816,1.47181762716e-14
45,-71.9062169,-152.347735,1.57220205172e-14
46,-54.5444909,-157.799461,1.96008053958e-14
47,-36.6574715,-161.731493,2.14825063926e-14
48,-18.4174207,-164.105961,2.39504621216e-14
49,8.95837961996e-14,-164.9,2.45056657216e-14
50,18.4174207,-164.105961,2.5470471414e-14
51,36.6574715,-161.731493,2.2875334979e-14
52,54.5444909,-157.799461,2.09793254107e-14
53,71.9062169,-152.347735,1.80205841566e-14
54,88.5754468,-145.428816,1.65992615486e-14
55,104.391647,-137.109339,2.30837812419e-14
56,119.202498,-127.469424,2.00792834429e-14
57,132.865364,-116.601908,1.70541976244e-14
58,145.248664,-104.611453,1.4745352188e-14
59,156.23314,-91.6135314,1.19233876625e-14
60,165.713006,-77.7333219,4.83429046082e-15
61,173.596964,-63.104498,1.17012797721e-14
62,179.809089,-47.8679433,1.2065908254e-14
63,184.289554,-32.1703941,1.07977814043e-14
64,186.99521,-16.1630264,6.5182095339e-15
65,187.9,-1.3641305672e-14,25
66,186.99521,16.1630264,25
67,184.289554,32.1703941,25
68,179.809089,47.8679433,25
69,173.596964,63.104498,25
70,165.713006,77.7333219,25
71,156.23314,91.6135314,25
72,145.248664,104.611453,25
73,132.865364,116.601908,25
74,119.202498,127.469424,25
75,104.391647,137.109339,25
76,88.5754468,145.428816,25
77,71.9062169,152.347735,25
78,54.5444909,157.799461,25
79,36.6574715,161.731493,25
80,18.4174207,164.105961,25
81,1.00504245606e-15,164.9,25
82,-18.4174207,164.105961,25
83,-36.6574715,161.731493,25
84,-54.5444909,157.799461,25
85,-71.9062169,152.347735,25
86,-88.5754468,145.428816,25
87,-104.391647,137.109339,25
88,-119.202498,127.469424,25
89,-132.865364,116.601908,25
90,-145.248664,104.611453,25
91,-156.23314,91.6135314,25
92,-165.713006,77.7333219,25
93,-173.596964,63.104498,25
94,-179.809089,47.8679433,25
95,-184.289554,32.1703941,25
96,-186.99521,16.1630264,25
97,-187.9,-5.73159402977e-14,25
98,-186.99521,-16.1630264,25
99,-184.289554,-32.1703941,25
100,-179.809089,-47.8679433,25
101,-173.596964,-63.104498,25
102,-165.713006,-77.7333219,25
103,-156.23314,-91.6135314,25
104,-145.248664,-104.611453,25
105,-132.865364,-116.601908,25
106,-119.202498,-127.469424,25
107,-104.391647,-137.109339,25
108,-88.5754468,-145.428816,25
109,-71.9062169,-152.347735,25
110,-54.5444909,-157.799461,25
111,-36.6574715,-161.731493,25
112,-18.4174207,-164.105961,25
113,8.85023526026e-14,-164.9,25
114,18.4174207,-164.105961,25
115,36.6574715,-161.731493,25
116,54.5444909,-157.799461,25
117,71.9062169,-152.347735,25
118,88.5754468,-145.428816,25
119,104.391647,-137.109339,25
120,119.202498,-127.469424,25
121,132.865364,-116.601908,25
122,145.248664,-104.611453,25
123,156.23314,-91.6135314,25
124,165.713006,-77.7333219,25
125,173.596964,-63.104498,25
126,179.809089,-47.8679433,25
127,184.289554,-32.1703941,25
128,186.99521,-16.1630264,25
129,187.9,-1.02030627643e-14,50
130,186.99521,16.1630264,50
131,184.289554,32.1703941,50
132,179.809089,47.8679433,50
133,173.596964,63.104498,50
134,165.713006,77.7333219,50
135,156.23314,91.6135314,50
136,145.248664,104.611453,50
137,132.865364,116.601908,50
138,119.202498,127.469424,50
139,104.391647,137.109339,50
140,88.5754468,145.428816,50
141,71.9062169,152.347735,50
142,54.5444909,157.799461,50
143,36.6574715,161.731493,50
144,18.4174207,164.105961,50
145,7.14829932348e-16,164.9,50
146,-18.4174207,164.105961,50
147,-36.6574715,161.731493,50
148,-54.5444909,157.799461,50
149,-71.9062169,152.347735,50
150,-88.5754468,145.428816,50
151,-104.391647,137.109339,50
152,-119.202498,127.469424,50
153,-132.865364,116.601908,50
154,-145.248664,104.611453,50
155,-156.23314,91.6135314,50
156,-165.713006,77.7333219,50
157,-173.596964,63.104498,50
158,-179.809089,47.8679433,50
159,-184.289554,32.1703941,50
160,-186.99521,16.1630264,50
161,-187.9,-6.21437526999e-14,50
162,-186.99521,-16.1630264,50
163,-184.289554,-32.1703941,50
164,-179.809089,-47.8679433,50
165,-173.596964,-63.104498,50
166,-165.713006,-77.7333219,50
167,-156.23314,-91.6135314,50
168,-145.248664,-104.611453,50
169,-132.865364,-116.601908,50
170,-119.202498,-127.469424,50
171,-104.391647,-137.109339,50
172,-88.5754468,-145.428816,50
173,-71.9062169,-152.347735,50
174,-54.5444909,-157.799461,50
175,-36.6574715,-161.731493,50
176,-18.4174207,-164.105961,50
177,8.6966916041e-14,-164.9,50
178,18.4174207,-164.105961,50
179,36.6574715,-161.731493,50
180,54.5444909,-157.799461,50
181,71.9062169,-152.347735,50
182,88.5754468,-145.428816,50
183,104.391647,-137.109339,50
184,119.202498,-127.469424,50
185,132.865364,-116.601908,50
186,145.248664,-104.611453,50
187,156.23314,-91.6135314,50
188,165.713006,-77.7333219,50
189,173.596964,-63.104498,50
190,179.809089,-47.8679433,50
191,184.289554,-32.1703941,50
192,186.99521,-16.1630264,50
193,187.9,-8.36412805733e-15,75
194,186.99521,16.1630264,75
195,184.289554,32.1703941,75
196,179.809089,47.8679433,75
197,173.596964,63.104498,75
198,165.713006,77.7333219,75
199,156.23314,91.6135314,75
200,145.248664,104.611453,75
201,132.865364,116.601908,75
202,119.202498,127.469424,75
203,104.391647,137.109339,75
204,88.5754468,145.428816,75
205,71.9062169,152.347735,75
206,54.5444909,157.799461,75
207,36.6574715,161.731493,75
208,18.4174207,164.105961,75
209,1.4289468062e-15,164.9,75
210,-18.4174207,164.105961,75
211,-36.6574715,161.731493,75
212,-54.5444909,157.799461,75
213,-71.9062169,152.347735,75
214,-88.5754468,145.428816,75
215,-104.391647,137.109339,75
216,-119.202498,127.469424,75
217,-132.865364,116.601908,75
218,-145.248664,104.611453,75
219,-156.23314,91.6135314,75
220,-165.713006,77.7333219,75
221,-173.596964,63.104498,75
222,-179.809089,47.8679433,75
223,-184.289554,32.1703941,75
224,-186.99521,16.1630264,75
225,-187.9,-6.24392952063e-14,75
226,-186.99521,-16.1630264,75
227,-184.289554,-32.1703941,75
228,-179.809089,-47.8679433,75
229,-173.596964,-63.104498,75
230,-165.713006,-77.7333219,75
231,-156.23314,-91.6135314,75
232,-145.248664,-104.611453,75
233,-132.865364,-116.601908,75
234,-119.202498,-127.469424,75
235,-104.391647,-137.109339,75
236,-88.5754468,-145.428816,75
237,-71.9062169,-152.347735,75
238,-54.5444909,-157.799461,75
239,-36.6574715,-161.731493,75
240,-18.4174207,-164.105961,75
241,8.66973591414e-14,-164.9,75
242,18.4174207,-164.105961,75
243,36.6574715,-161.731493,75
244,54.5444909,-157.799461,75
245,71.9062169,-152.347735,75
246,88.5754468,-145.428816,75
247,104.391647,-137.109339,75
248,119.202498,-127.469424,75
249,132.865364,-116.601908,75
250,145.248664,-104.611453,75
251,156.23314,-91.6135314,75
252,165.713006,-77.7333219,75
253,173.596964,-63.104498,75
254,179.809089,-47.8679433,75
255,184.289554,-32.1703941,75
256,186.99521,-16.1630264,75
257,187.9,-5.7839636644e-15,100
258,186.99521,16.1630264,100
259,184.289554,32.1703941,100
260,179.809089,47.8679433,100
261,173.596964,63.104498,100
262,165.713006,77.7333219,100
263,156.23314,91.6135314,100
264,145.248664,104.611453,100
265,132.865364,116.601908,100
266,119.202498,127.469424,100
267,104.391647,137.109339,100
268,88.5754468,145.428816,100
269,71.9062169,152.347735,100
270,54.5444909,157.799461,100
271,36.6574715,161.731493,100
272,18.4174207,164.105961,100
273,3.87802100715e-15,164.9,100
274,-18.4174207,164.105961,100
275,-36.6574715,161.731493,100
276,-54.5444909,157.799461,100
277,-71.9062169,152.347735,100
278,-88.5754468,145.428816,100
279,-104.391647,137.109339,100
280,-119.202498,127.469424,100
281,-132.865364,116.601908,100
282,-145.248664,104.611453,100
283,-156.23314,91.6135314,100
284,-165.713006,77.7333219,100
285,-173.596964,63.104498,100
286,-179.809089,47.8679433,100
287,-184.289554,32.1703941,100
288,-186.99521,16.1630264,100
289,-187.9,-6.52350505268e-14,100
290,-186.99521,-16.1630264,100
291,-184.289554,-32.1703941,100
292,-179.809089,-47.8679433,100
293,-173.596964,-63.104498,100
294,-165.713006,-77.7333219,100
295,-156.23314,-91.6135314,100
296,-145.248664,-104.611453,100
297,-132.865364,-116.601908,100
298,-119.202498,-127.469424,100
299,-104.391647,-137.109339,100
300,-88.5754468,-145.428816,100
301,-71.9062169,-152.347735,100
302,-54.5444909,-157.799461,100
303,-36.6574715,-161.731493,100
304,-18.4174207,-164.105961,100
305,8.4627376936e-14,-164.9,100
306,18.4174207,-164.105961,100
307,36.6574715,-161.731493,100
308,54.5444909,-157.799461,100
309,71.9062169,-152.347735,100
310,88.5754468,-145.428816,100
311,104.391647,-137.109339,100
312,119.202498,-127.469424,100
313,132.865364,-116.601908,100
314,145.248664,-104.611453,100
315,156.23314,-91.6135314,100
316,165.713006,-77.7333219,100
317,173.596964,-63.104498,100
318,179.809089,-47.8679433,100
319,184.289554,-32.1703941,100
320,186.99521,-16.1630264,100
321,187.9,-3.66864863777e-15,125
322,186.99521,16.1630264,125
323,184.289554,32.1703941,125
324,179.809089,47.8679433,125
325,173.596964,63.104498,125
326,165.713006,77.7333219,125
327,156.23314,91.6135314,125
328,145.248664,104.611453,125
329,132.865364,116.601908,125
330,119.202498,127.469424,125
331,104.391647,137.109339,125
332,88.5754468,145.428816,125
333,71.9062169,152.347735,125
334,54.5444909,157.799461,125
335,36.6574715,161.731493,125
336,18.4174207,164.105961,125
337,6.06613265925e-15,164.9,125
338,-18.4174207,164.105961,125
339,-36.6574715,161.731493,125
340,-54.5444909,157.799461,125
341,-71.9062169,152.347735,125
342,-88.5754468,145.428816,125
343,-104.391647,137.109339,125
344,-119.202498,127.469424,125
345,-132.865364,116.601908,125
346,-145.248664,104.611453,125
347,-156.23314,91.6135314,125
348,-165.713006,77.7333219,125
349,-173.596964,63.104498,125
350,-179.809089,47.8679433,125
351,-184.289554,32.1703941,125
352,-186.99521,16.1630264,125
353,-187.9,-6.54492538653e-14,125
354,-186.99521,-16.1630264,125
355,-184.289554,-32.1703941,125
356,-179.809089,-47.8679433,125
357,-173.596964,-63.104498,125
358,-165.713006,-77.7333219,125
359,-156.23314,-91.6135314,125
360,-145.248664,-104.611453,125
361,-132.865364,-116.601908,125
362,-119.202498,-127.469424,125
363,-104.391647,-137.109339,125
364,-88.5754468,-145.428816,125
365,-71.9062169,-152.347735,125
366,-54.5444909,-157.799461,125
367,-36.6574715,-161.731493,125
368,-18.4174207,-164.105961,125
369,8.43675282528e-14,-164.9,125
370,18.4174207,-164.105961,125
371,36.6574715,-161.731493,125
372,54.5444909,-157.799461,125
373,71.9062169,-152.347735,125
374,88.5754468,-145.428816,125
375,104.391647,-137.109339,125
376,119.202498,-127.469424,125
377,132.865364,-116.601908,125
378,145.248664,-104.611453,125
379,156.23314,-91.6135314,125
380,165.713006,-77.7333219,125
381,173.596964,-63.104498,125
382,179.809089,-47.8679433,125
383,184.289554,-32.1703941,125
384,186.99521,-16.1630264,125
385,187.9,-2.0012425749e-15,150
386,186.99521,16.1630264,150
387,184.289554,32.1703941,150
388,179.809089,47.8679433,150
389,173.596964,63.104498,150
390,165.713006,77.7333219,150
391,156.23314,91.6135314,150
392,145.248664,104.611453,150
393,132.865364,116.601908,150
394,119.202498,127.469424,150
395,104.391647,137.109339,150
396,88.5754468,145.428816,150
397,71.9062169,152.347735,150
398,54.5444909,157.799461,150
399,36.6574715,161.731493,150
400,18.4174207,164.105961,150
401,7.92311749922e-15,164.9,150
402,-18.4174207,164.105961,150
403,-36.6574715,161.731493,150
404,-54.5444909,157.799461,150
405,-71.9062169,152.347735,150
406,-88.5754468,145.428816,150
407,-104.391647,137.109339,150
408,-119.202498,127.469424,150
409,-132.865364,116.601908,150
410,-145.248664,104.611453,150
411,-156.23314,91.6135314,150
412,-165.713006,77.7333219,150
413,-173.596964,63.104498,150
414,-179.809089,47.8679433,150
415,-184.289554,32.1703941,150
416,-186.99521,16.1630264,150
417,-187.9,-6.68648428524e-14,150
418,-186.99521,-16.1630264,150
419,-184.289554,-32.1703941,150
420,-179.809089,-47.8679433,150
421,-173.596964,-63.104498,150
422,-165.713006,-77.7333219,150
423,-156.23314,-91.6135314,150
424,-145.248664,-104.611453,150
425,-132.865364,-116.601908,150
426,-119.202498,-127.469424,150
427,-104.391647,-137.109339,150
428,-88.5754468,-145.428816,150
429,-71.9062169,-152.347735,150
430,-54.5444909,-157.799461,150
431,-36.6574715,-161.731493,150
432,-18.4174207,-164.105961,150
433,8.31415840874e-14,-164.9,150
434,18.4174207,-164.105961,150
435,36.6574715,-161.731493,150
436,54.5444909,-157.799461,150
437,71.9062169,-152.347735,150
438,88.5754468,-145.428816,150
439,104.391647,-137.109339,150
440,119.202498,-127.469424,150
441,132.865364,-116.601908,150
442,145.248664,-104.611453,150
443,156.23314,-91.6135314,150
444,165.713006,-77.7333219,150
445,173.596964,-63.104498,150
446,179.809089,-47.8679433,150
447,184.289554,-32.1703941,150
448,186.99521,-16.1630264,150
449,187.9,-2.62140117184e-15,175
450,186.99521,16.1630264,175
451,184.289554,32.1703941,175
452,179.809089,47.8679433,175
453,173.596964,63.104498,175
454,165.713006,77.7333219,175
455,156.23314,91.6135314,175
456,145.248664,104.611453,175
457,132.865364,116.601908,175
458,119.202498,127.469424,175
459,104.391647,137.109339,175
460,88.5754468,145.428816,175
461,71.9062169,152.347735,175
462,54.5444909,157.799461,175
463,36.6574715,161.731493,175
464,18.4174207,164.105961,175
465,9.80126922744e-15,164.9,175
466,-18.4174207,164.105961,175
467,-36.6574715,161.731493,175
468,-54.5444909,157.799461,175
469,-71.9062169,152.347735,175
470,-88.5754468,145.428816,175
471,-104.391647,137.109339,175
472,-119.202498,127.469424,175
473,-132.865364,116.601908,175
474,-145.248664,104.611453,175
475,-156.23314,91.6135314,175
476,-165.713006,77.7333219,175
477,-173.596964,63.104498,175
478,-179.809089,47.8679433,175
479,-184.289554,32.1703941,175
480,-186.99521,16.1630264,175
481,-187.9,-6.91055734983e-14,175
482,-186.99521,-16.1630264,175
483,-184.289554,-32.1703941,175
484,-179.809089,-47.8679433,175
485,-173.596964,-63.104498,175
486,-165.713006,-77.7333219,175
487,-156.23314,-91.6135314,175
488,-145.248664,-104.611453,175
489,-132.865364,-116.601908,175
490,-119.202498,-127.469424,175
491,-104.391647,-137.109339,175
492,-88.5754468,-145.428816,175
493,-71.9062169,-152.347735,175
494,-54.5444909,-157.799461,175
495,-36.6574715,-161.731493,175
496,-18.4174207,-164.105961,175
497,8.33738240069e-14,-164.9,175
498,18.4174207,-164.105961,175
499,36.6574715,-161.731493,175
500,54.5444909,-157.799461,175
501,71.9062169,-152.347735,175
502,88.5754468,-145.428816,175
503,104.391647,-137.109339,175
504,119.202498,-127.469424,175
505,132.865364,-116.601908,175
506,145.248664,-104.611453,175
507,156.23314,-91.6135314,175
508,165.713006,-77.7333219,175
509,173.596964,-63.104498,175
510,179.809089,-47.8679433,175
511,184.289554,-32.1703941,175
512,186.99521,-16.1630264,175
513,187.9,-2.8260744781e-15,200
514,186.99521,16.1630264,200
515,184.289554,32.1703941,200
516,179.809089,47.8679433,200
517,173.596964,63.104498,200
518,165.713006,77.7333219,200
519,156.23314,91.6135314,200
520,145.248664,104.611453,200
521,132.865364,116.601908,200
522,119.202498,127.469424,200
523,104.391647,137.109339,200
524,88.5754468,145.428816,200
525,71.9062169,152.347735,200
526,54.5444909,157.799461,200
527,36.6574715,161.731493,200
528,18.4174207,164.105961,200
529,1.03655352606e-14,164.9,200
530,-18.4174207,164.105961,200
531,-36.6574715,161.731493,200
532,-54.5444909,157.799461,200
533,-71.9062169,152.347735,200
534,-88.5754468,145.428816,200
535,-104.391647,137.109339,200
536,-119.202498,127.469424,200
537,-132.865364,116.601908,200
538,-145.248664,104.611453,200
539,-156.23314,91.6135314,200
540,-165.713006,77.7333219,200
541,-173.596964,63.104498,200
542,-179.809089,47.8679433,200
543,-184.289554,32.1703941,200
544,-186.99521,16.1630264,200
545,-187.9,-6.66681241181e-14,200
546,-186.99521,-16.1630264,200
547,-184.289554,-32.1703941,200
548,-179.809089,-47.8679433,200
549,-173.596964,-63.104498,200
550,-165.713006,-77.7333219,200
551,-156.23314,-91.6135314,200
552,-145.248664,-104.611453,200
553,-132.865364,-116.601908,200
554,-119.202498,-127.469424,200
555,-104.391647,-137.109339,200
556,-88.5754468,-145.428816,200
557,-71.9062169,-152.347735,200
558,-54.5444909,-157.799461,200
559,-36.6574715,-161.731493,200
560,-18.4174207,-164.105961,200
561,8.28573599092e-14,-164.9,200
562,18.4174207,-164.105961,200
563,36.6574715,-161.731493,200
564,54.5444909,-157.799461,200
565,71.9062169,-152.347735,200
566,88.5754468,-145.428816,200
567,104.391647,-137.109339,200
568,119.202498,-127.469424,200
569,132.865364,-116.601908,200
570,145.248664,-104.611453,200
571,156.23314,-91.6135314,200
572,165.713006,-77.7333219,200
573,173.596964,-63.104498,200
574,179.809089,-47.8679433,200
575,184.289554,-32.1703941,200
576,186.99521,-16.1630264,200
577,187.9,-3.20741391284e-15,225
578,186.99521,16.1630264,225
579,184.289554,32.1703941,225
580,179.809089,47.8679433,225
581,173.596964,63.104498,225
582,165.713006,77.7333219,225
583,156.23314,91.6135314,225
584,145.248664,104.611453,225
585,132.865364,116.601908,225
586,119.202498,127.469424,225
587,104.391647,137.109339,225
588,88.5754468,145.428816,225
589,71.9062169,152.347735,225
590,54.5444909,157.799461,225
591,36.6574715,161.731493,225
592,18.4174207,164.105961,225
593,1.19681274144e-14,164.9,225
594,-18.4174207,164.105961,225
595,-36.6574715,161.731493,225
596,-54.5444909,157.799461,225
597,-71.9062169,152.347735,225
598,-88.5754468,145.428816,225
599,-104.391647,137.109339,225
600,-119.202498,127.469424,225
601,-132.865364,116.601908,225
602,-145.248664,104.611453,225
603,-156.23314,91.6135314,225
604,-165.713006,77.7333219,225
605,-173.596964,63.104498,225
606,-179.809089,47.8679433,225
607,-184.289554,32.1703941,225
608,-186.99521,16.1630264,225
609,-187.9,-6.53460239128e-14,225
610,-186.99521,-16.1630264,225
611,-184.289554,-32.1703941,225
612,-179.809089,-47.8679433,225
613,-173.596964,-63.104498,225
614,-165.713006,-77.7333219,225
615,-156.23314,-91.6135314,225
616,-145.248664,-104.611453,225
617,-132.865364,-116.601908,225
618,-119.202498,-127.469424,225
619,-104.391647,-137.109339,225
620,-88.5754468,-145.428816,225
621,-71.9062169,-152.347735,225
622,-54.5444909,-157.799461,225
623,-36.6574715,-161.731493,225
624,-18.4174207,-164.105961,225
625,8.07774643977e-14,-164.9,225
626,18.4174207,-164.105961,225
627,36.6574715,-161.731493,225
628,54.5444909,-157.799461,225
629,71.9062169,-152.347735,225
630,88.5754468,-145.428816,225
631,104.391647,-137.109339,225
632,119.202498,-127.469424,225
633,132.865364,-116.601908,225
634,145.248664,-104.611453,225
635,156.23314,-91.6135314,225
636,165.713006,-77.7333219,225
637,173.596964,-63.104498,225
638,179.809089,-47.8679433,225
639,184.289554,-32.1703941,225
640,186.99521,-16.1630264,225
641,187.9,-2.5096129113e-15,250
642,186.99521,16.1630264,250
643,184.289554,32.1703941,250
644,179.809089,47.8679433,250
645,173.596964,63.104498,250
646,165.713006,77.7333219,250
647,156.23314,91.6135314,250
648,145.248664,104.611453,250
649,132.865364,116.601908,250
650,119.202498,127.469424,250
651,104.391647,137.109339,250
652,88.5754468,145.428816,250
653,71.9062169,152.347735,250
654,54.5444909,157.799461,250
655,36.6574715,161.731493,250
656,18.4174207,164.105961,250
657,1.00078296603e-14,164.9,250
658,-18.4174207,164.105961,250
659,-36.6574715,161.731493,250
660,-54.5444909,157.799461,250
661,-71.9062169,152.347735,250
662,-88.5754468,145.428816,250
663,-104.391647,137.109339,250
664,-119.202498,127.469424,250
665,-132.865364,116.601908,250
666,-145.248664,104.611453,250
667,-156.23314,91.6135314,250
668,-165.713006,77.7333219,250
669,-173.596964,63.104498,250
670,-179.809089,47.8679433,250
671,-184.289554,32.1703941,250
672,-186.99521,16.1630264,250
673,-187.9,-6.50432494889e-14,250
674,-186.99521,-16.1630264,250
675,-184.289554,-32.1703941,250
676,-179.809089,-47.8679433,250
677,-173.596964,-63.104498,250
678,-165.713006,-77.7333219,250
679,-156.23314,-91.6135314,250
680,-145.248664,-104.611453,250
681,-132.865364,-116.601908,250
682,-119.202498,-127.469424,250
683,-104.391647,-137.109339,250
684,-88.5754468,-145.428816,250
685,-71.9062169,-152.347735,250
686,-54.5444909,-157.799461,250
687,-36.6574715,-161.731493,250
688,-18.4174207,-164.105961,250
689,8.20844941711e-14,-164.9,250
690,18.4174207,-164.105961,250
691,36.6574715,-161.731493,250
692,54.5444909,-157.799461,250
693,71.9062169,-152.347735,250
694,88.5754468,-145.428816,250
695,104.391647,-137.109339,250
696,119.202498,-127.469424,250
697,132.865364,-116.601908,250
698,145.248664,-104.611453,250
699,156.23314,-91.6135314,250
700,165.713006,-77.7333219,250
701,173.596964,-63.104498,250
702,179.809089,-47.8679433,250
703,184.289554,-32.1703941,250
704,186.99521,-16.1630264,250
705,187.9,-2.04969983156e-15,275
706,186.99521,16.1630264,275
707,184.289554,32.1703941,275
708,179.809089,47.8679433,275
709,173.596964,63.104498,275
710,165.713006,77.7333219,275
711,156.23314,91.6135314,275
712,145.248664,104.611453,275
713,132.865364,116.601908,275
714,119.202498,127.469424,275
715,104.391647,137.109339,275
716,88.5754468,145.428816,275
717,71.9062169,152.347735,275
718,54.5444909,157.799461,275
719,36.6574715,161.731493,275
720,18.4174207,164.105961,275
721,9.36399864131e-15,164.9,275
722,-18.4174207,164.105961,275
723,-36.6574715,161.731493,275
724,-54.5444909,157.799461,275
725,-71.9062169,152.347735,275
726,-88.5754468,145.428816,275
727,-104.391647,137.109339,275
728,-119.202498,127.469424,275
729,-132.865364,116.601908,275
730,-145.248664,104.611453,275
731,-156.23314,91.6135314,275
732,-165.713006,77.7333219,275
733,-173.596964,63.104498,275
734,-179.809089,47.8679433,275
735,-184.289554,32.1703941,275
736,-186.99521,16.1630264,275
737,-187.9,-6.3129723433e-14,275
738,-186.99521,-16.1630264,275
739,-184.289554,-32.1703941,275
740,-179.809089,-47.8679433,275
741,-173.596964,-63.104498,275
742,-165.713006,-77.7333219,275
743,-156.23314,-91.6135314,275
744,-145.248664,-104.611453,275
745,-132.865364,-116.601908,275
746,-119.202498,-127.469424,275
747,-104.391647,-137.109339,275
748,-88.5754468,-145.428816,275
749,-71.9062169,-152.347735,275
750,-54.5444909,-157.799461,275
751,-36.6574715,-161.731493,275
752,-18.4174207,-164.105961,275
753,8.18669527951e-14,-164.9,275
754,18.4174207,-164.105961,275
755,36.6574715,-161.731493,275
756,54.5444909,-157.799461,275
757,71.9062169,-152.347735,275
758,88.5754468,-145.428816,275
759,104.391647,-137.109339,275
760,119.202498,-127.469424,275
761,132.865364,-116.601908,275
762,145.248664,-104.611453,275
763,156.23314,-91.6135314,275
764,165.713006,-77.7333219,275
765,173.596964,-63.104498,275
766,179.809089,-47.8679433,275
767,184.289554,-32.1703941,275
768,186.99521,-16.1630264,275
769,187.9,-1.18216417439e-15,300
770,186.99521,16.1630264,300
771,184.289554,32.1703941,300
772,179.809089,47.8679433,300
773,173.596964,63.104498,300
774,165.713006,77.7333219,300
775,156.23314,91.6135314,300
776,145.248664,104.611453,300
777,132.865364,116.601908,300
778,119.202498,127.469424,300
779,104.391647,137.109339,300
780,88.5754468,145.428816,300
781,71.9062169,152.347735,300
782,54.5444909,157.799461,300
783,36.6574715,161.731493,300
784,18.4174207,164.105961,300
785,8.47508062158e-15,164.9,300
786,-18.4174207,164.105961,300
787,-36.6574715,161.731493,300
788,-54.5444909,157.799461,300
789,-71.9062169,152.347735,300
790,-88.5754468,145.428816,300
791,-104.391647,137.109339,300
792,-119.202498,127.469424,300
793,-132.865364,116.601908,300
794,-145.248664,104.611453,300
795,-156.23314,91.6135314,300
796,-165.713006,77.7333219,300
797,-173.596964,63.104498,300
798,-179.809089,47.8679433,300
799,-184.289554,32.1703941,300
800,-186.99521,16.1630264,300
801,-187.9,-6.01004429406e-14,300
802,-186.99521,-16.1630264,300
803,-184.289554,-32.1703941,300
804,-179.809089,-47.8679433,300
805,-173.596964,-63.104498,300
806,-165.713006,-77.7333219,300
807,-156.23314,-91.6135314,300
808,-145.248664,-104.611453,300
809,-132.865364,-116.601908,300
810,-119.202498,-127.469424,300
811,-104.391647,-137.109339,300
812,-88.5754468,-145.428816,300
813,-71.9062169,-152.347735,300
814,-54.5444909,-157.799461,300
815,-36.6574715,-161.731493,300
816,-18.4174207,-164.105961,300
817,7.96401741067e-14,-164.9,300
818,18.4174207,-164.105961,300
819,36.6574715,-161.731493,300
820,54.5444909,-157.799461,300
821,71.9062169,-152.347735,300
822,88.5754468,-145.428816,300
823,104.391647,-137.109339,300
824,119.202498,-127.469424,300
825,132.865364,-116.601908,300
826,145.248664,-104.611453,300
827,156.23314,-91.6135314,300
828,165.713006,-77.7333219,300
829,173.596964,-63.104498,300
830,179.809089,-47.8679433,300
831,184.289554,-32.1703941,300
832,186.99521,-16.1630264,300
833,187.9,-8.43933490266e-16,325
834,186.99521,16.1630264,325
835,184.289554,32.1703941,325
836,179.809089,47.8679433,325
837,173.596964,63.104498,325
838,165.713006,77.7333219,325
839,156.23314,91.6135314,325
840,145.248664,104.611453,325
841,132.865364,116.601908,325
842,119.202498,127.469424,325
843,104.391647,137.109339,325
844,88.5754468,145.428816,325
845,71.9062169,152.347735,325
846,54.5444909,157.799461,325
847,36.6574715,161.731493,325
848,18.4174207,164.105961,325
849,7.55682588533e-15,164.9,325
850,-18.4174207,164.105961,325
851,-36.6574715,161.731493,325
852,-54.5444909,157.799461,325
853,-71.9062169,152.347735,325
854,-88.5754468,145.428816,325
855,-104.391647,137.109339,325
856,-119.202498,127.469424,325
857,-132.865364,116.601908,325
858,-145.248664,104.611453,325
859,-156.23314,91.6135314,325
860,-165.713006,77.7333219,325
861,-173.596964,63.104498,325
862,-179.809089,47.8679433,325
863,-184.289554,32.1703941,325
864,-186.99521,16.1630264,325
865,-187.9,-6.04462154879e-14,325
866,-186.99521,-16.1630264,325
867,-184.289554,-32.1703941,325
868,-179.809089,-47.8679433,325
869,-173.596964,-63.104498,325
870,-165.713006,-77.7333219,325
871,-156.23314,-91.6135314,325
872,-145.248664,-104.611453,325
873,-132.865364,-116.601908,325
874,-119.202498,-127.469424,325
875,-104.391647,-137.109339,325
876,-88.5754468,-145.428816,325
877,-71.9062169,-152.347735,325
878,-54.5444909,-157.799461,325
879,-36.6574715,-161.731493,325
880,-18.4174207,-164.105961,325
881,7.92941712157e-14,-164.9,325
882,18.4174207,-164.105961,325
883,36.6574715,-161.731493,325
884,54.5444909,-157.799461,325
885,71.9062169,-152.347735,325
886,88.5754468,-145.428816,325
887,104.391647,-137.109339,325
888,119.202498,-127.469424,325
889,132.865364,-116.601908,325
890,145.248664,-104.611453,325
891,156.23314,-91.6135314,325
892,165.713006,-77.7333219,325
893,173.596964,-63.104498,325
894,179.809089,-47.8679433,325
895,184.289554,-32.1703941,325
896,186.99521,-16.1630264,325
897,187.9,-5.01317379623e-16,350
898,186.99521,16.1630264,350
899,184.289554,32.1703941,350
900,179.809089,47.8679433,350
901,173.596964,63.104498,350
902,165.713006,77.7333219,350
903,156.23314,91.6135314,350
904,145.248664,104.611453,350
905,132.865364,116.601908,350
906,119.202498,127.469424,350
907,104.391647,137.109339,350
908,88.5754468,145.428816,350
909,71.9062169,152.347735,350
910,54.5444909,157.799461,350
911,36.6574715,161.731493,350
912,18.4174207,164.105961,350
913,7.41540575739e-15,164.9,350
914,-18.4174207,164.105961,350
915,-36.6574715,161.731493,350
916,-54.5444909,157.799461,350
917,-71.9062169,152.347735,350
918,-88.5754468,145.428816,350
919,-104.391647,137.109339,350
920,-119.202498,127.469424,350
921,-132.865364,116.601908,350
922,-145.248664,104.611453,350
923,-156.23314,91.6135314,350
924,-165.713006,77.7333219,350
925,-173.596964,63.104498,350
926,-179.809089,47.8679433,350
927,-184.289554,32.1703941,350
928,-186.99521,16.1630264,350
929,-187.9,-6.14060049081e-14,350
930,-186.99521,-16.1630264,350
931,-184.289554,-32.1703941,350
932,-179.809089,-47.8679433,350
933,-173.596964,-63.104498,350
934,-165.713006,-77.7333219,350
935,-156.23314,-91.6135314,350
936,-145.248664,-104.611453,350
937,-132.865364,-116.601908,350
938,-119.202498,-127.469424,350
939,-104.391647,-137.109339,350
940,-88.5754468,-145.428816,350
941,-71.9062169,-152.347735,350
942,-54.5444909,-157.799461,350
943,-36.6574715,-161.731493,350
944,-18.4174207,-164.105961,350
945,7.84746323483e-14,-164.9,350
946,18.4174207,-164.105961,350
947,36.6574715,-161.731493,350
948,54.5444909,-157.799461,350
949,71.9062169,-152.347735,350
950,88.5754468,-145.428816,350
951,104.391647,-137.109339,350
952,119.202498,-127.469424,350
953,132.865364,-116.601908,350
954,145.248664,-104.611453,350
955,156.23314,-91.6135314,350
956,165.713006,-77.7333219,350
957,173.596964,-63.104498,350
958,179.809089,-47.8679433,350
959,184.289554,-32.1703941,350
960,186.99521,-16.1630264,350
961,187.9,-1.8662015675e-16,375
962,186.99521,16.1630264,375
963,184.289554,32.1703941,375
964,179.809089,47.8679433,375
965,173.596964,63.104498,375
966,165.713006,77.7333219,375
967,156.23314,91.6135314,375
968,145.248664,104.611453,375
969,132.865364,116.601908,375
970,119.202498,127.469424,375
971,104.391647,137.109339,375
972,88.5754468,145.428816,375
973,71.9062169,152.347735,375
974,54.5444909,157.799461,375
975,36.6574715,161.731493,375
976,18.4174207,164.105961,375
977,8.31997490291e-15,164.9,375
978,-18.4174207,164.105961,375
979,-36.6574715,161.731493,375
980,-54.5444909,157.799461,375
981,-71.9062169,152.347735,375
982,-88.5754468,145.428816,375
983,-104.391647,137.109339,375
984,-119.202498,127.469424,375
985,-132.865364,116.601908,375
986,-145.248664,104.611453,375
987,-156.23314,91.6135314,375
988,-165.713006,77.7333219,375
989,-173.596964,63.104498,375
990,-179.809089,47.8679433,375
991,-184.289554,32.1703941,375
992,-186.99521,16.1630264,375
993,-187.9,-6.12942911545e-14,375
994,-186.99521,-16.1630264,375
995,-184.289554,-32.1703941,375
996,-179.809089,-47.8679433,375
997,-173.596964,-63.104498,375
998,-165.713006,-77.7333219,375
999,-156.23314,-91.6135314,375
1000,-145.248664,-104.611453,375
1001,-132.865364,-116.601908,375
1002,-119.202498,-127.469424,375
1003,-104.391647,-137.109339,375
1004,-88.5754468,-145.428816,375
1005,-71.9062169,-152.347735,375
1006,-54.5444909,-157.799461,375
1007,-36.6574715,-161.731493,375
1008,-18.4174207,-164.105961,375
1009,7.86593010172e-14,-164.9,375
1010,18.4174207,-164.105961,375
1011,36.6574715,-161.731493,375
1012,54.5444909,-157.799461,375
1013,71.9062169,-152.347735,375
1014,88.5754468,-145.428816,375
1015,104.391647,-137.109339,375
1016,119.202498,-127.469424,375
1017,132.865364,-116.601908,375
1018,145.248664,-104.611453,375
1019,156.23314,-91.6135314,375
1020,165.713006,-77.7333219,375
1021,173.596964,-63.104498,375
1022,179.809089,-47.8679433,375
1023,184.289554,-32.1703941,375
1024,186.99521,-16.1630264,375
1025,187.9,1.69564918547e-16,400
1026,186.99521,16.1630264,400
1027,184.289554,32.1703941,400
1028,179.809089,47.8679433,400
1029,173.596964,63.104498,400
1030,165.713006,77.7333219,400
1031,156.23314,91.6135314,400
1032,145.248664,104.611453,400
1033,132.865364,116.601908,400
1034,119.202498,127.469424,400
1035,104.391647,137.109339,400
1036,88.5754468,145.428816,400
1037,71.9062169,152.347735,400
1038,54.5444909,157.799461,400
1039,36.6574715,161.731493,400
1040,18.4174207,164.105961,400
1041,9.39272456862e-15,164.9,400
1042,-18.4174207,164.105961,400
1043,-36.6574715,161.731493,400
1044,-54.5444909,157.799461,400
1045,-71.9062169,152.347735,400
1046,-88.5754468,145.428816,400
1047,-104.391647,137.109339,400
1048,-119.202498,127.469424,400
1049,-132.865364,116.601908,400
1050,-145.248664,104.611453,400
1051,-156.23314,91.6135314,400
1052,-165.713006,77.7333219,400
1053,-173.596964,63.104498,400
1054,-179.809089,47.8679433,400
1055,-184.289554,32.1703941,400
1056,-186.99521,16.1630264,400
1057,-187.9,-6.06700918774e-14,400
1058,-186.99521,-16.1630264,400
1059,-184.289554,-32.1703941,400
1060,-179.809089,-47.8679433,400
1061,-173.596964,-63.104498,400
1062,-165.713006,-77.7333219,400
1063,-156.23314,-91.6135314,400
1064,-145.248664,-104.611453,400
1065,-132.865364,-116.601908,400
1066,-119.202498,-127.469424,400
1067,-104.391647,-137.109339,400
1068,-88.5754468,-145.428816,400
1069,-71.9062169,-152.347735,400
1070,-54.5444909,-157.799461,400
1071,-36.6574715,-161.731493,400
1072,-18.4174207,-164.105961,400
1073,7.86410177993e-14,-164.9,400
1074,18.4174207,-164.105961,400
1075,36.6574715,-161.731493,400
1076,54.5444909,-157.799461,400
1077,71.9062169,-152.347735,400
1078,88.5754468,-145.428816,400
1079,104.391647,-137.109339,400
1080,119.202498,-127.469424,400
1081,132.865364,-116.601908,400
1082,145.248664,-104.611453,400
1083,156.23314,-91.6135314,400
1084,165.713006,-77.7333219,400
1085,173.596964,-63.104498,400
1086,179.809089,-47.8679433,400
1087,184.289554,-32.1703941,400
1088,186.99521,-16.1630264,400
1089,187.9,-1.12024988498e-15,425
1090,186.99521,16.1630264,425
1091,184.289554,32.1703941,425
1092,179.809089,47.8679433,425
1093,173.596964,63.104498,425
1094,165.713006,77.7333219,425
1095,156.23314,91.6135314,425
1096,145.248664,104.611453,425
1097,132.865364,116.601908,425
1098,119.202498,127.469424,425
1099,104.391647,137.109339,425
1100,88.5754468,145.428816,425
1101,71.9062169,152.347735,425
1102,54.5444909,157.799461,425
1103,36.6574715,161.731493,425
1104,18.4174207,164.105961,425
1105,1.01034985089e-14,164.9,425
1106,-18.4174207,164.105961,425
1107,-36.6574715,161.731493,425
1108,-54.5444909,157.799461,425
1109,-71.9062169,152.347735,425
1110,-88.5754468,145.428816,425
1111,-104.391647,137.109339,425
1112,-119.202498,127.469424,425
1113,-132.865364,116.601908,425
1114,-145.248664,104.611453,425
1115,-156.23314,91.6135314,425
1116,-165.713006,77.7333219,425
1117,-173.596964,63.104498,425
1118,-179.809089,47.8679433,425
1119,-184.289554,32.1703941,425
1120,-186.99521,16.1630264,425
1121,-187.9,-5.91806274544e-14,425
1122,-186.99521,-16.1630264,425
1123,-184.289554,-32.1703941,425
1124,-179.809089,-47.8679433,425
1125,-173.596964,-63.104498,425
1126,-165.713006,-77.7333219,425
1127,-156.23314,-91.6135314,425
1128,-145.248664,-104.611453,425
1129,-132.865364,-116.601908,425
1130,-119.202498,-127.469424,425
1131,-104.391647,-137.109339,425
1132,-88.5754468,-145.428816,425
1133,-71.9062169,-152.347735,425
1134,-54.5444909,-157.799461,425
1135,-36.6574715,-161.731493,425
1136,-18.4174207,-164.105961,425
1137,8.02505603706e-14,-164.9,425
1138,18.4174207,-164.105961,425
1139,36.6574715,-161.731493,425
1140,54.5444909,-157.799461,425
1141,71.9062169,-152.347735,425
1142,88.5754468,-145.428816,425
1143,104.391647,-137.109339,425
1144,119.202498,-127.469424,425
1145,132.865364,-116.601908,425
1146,145.248664,-104.611453,425
1147,156.23314,-91.6135314,425
1148,165.713006,-77.7333219,425
1149,173.596964,-63.104498,425
1150,179.809089,-47.8679433,425
1151,184.289554,-32.1703941,425
1152,186.99521,-16.1630264,425
1153,187.9,-1.33299689412e-15,450
1154,186.99521,16.1630264,450
1155,184.289554,32.1703941,450
1156,179.809089,47.8679433,450
1157,173.596964,63.104498,450
1158,165.713006,77.7333219,450
1159,156.23314,91.6135314,450
1160,145.248664,104.611453,450
1161,132.865364,116.601908,450
1162,119.202498,127.469424,450
1163,104.391647,137.109339,450
1164,88.5754468,145.428816,450
1165,71.9062169,152.347735,450
1166,54.5444909,157.799461,450
1167,36.6574715,161.731493,450
1168,18.4174207,164.105961,450
1169,9.79965841363e-15,164.9,450
1170,-18.4174207,164.105961,450
1171,-36.6574715,161.731493,450
1172,-54.5444909,157.799461,450
1173,-71.9062169,152.347735,450
1174,-88.5754468,145.428816,450
1175,-104.391647,137.109339,450
1176,-119.202498,127.469424,450
1177,-132.865364,116.601908,450
1178,-145.248664,104.611453,450
1179,-156.23314,91.6135314,450
1180,-165.713006,77.7333219,450
1181,-173.596964,63.104498,450
1182,-179.809089,47.8679433,450
1183,-184.289554,32.1703941,450
1184,-186.99521,16.1630264,450
1185,-187.9,-5.86742557436e-14,450
1186,-186.99521,-16.1630264,450
1187,-184.289554,-32.1703941,450
1188,-179.809089,-47.8679433,450
1189,-173.596964,-63.104498,450
1190,-165.713006,-77.7333219,450
1191,-156.23314,-91.6135314,450
1192,-145.248664,-104.611453,450
1193,-132.865364,-116.601908,450
1194,-119.202498,-127.469424,450
1195,-104.391647,-137.109339,450
1196,-88.5754468,-145.428816,450
1197,-71.9062169,-152.347735,450
1198,-54.5444909,-157.799461,450
1199,-36.6574715,-161.731493,450
1200,-18.4174207,-164.105961,450
1201,7.87916235595e-14,-164.9,450
1202,18.4174207,-164.105961,450
1203,36.6574715,-161.731493,450
1204,54.5444909,-157.799461,450
1205,71.9062169,-152.347735,450
1206,88.5754468,-145.428816,450
1207,104.391647,-137.109339,450
1208,119.202498,-127.469424,450
1209,132.865364,-116.601908,450
1210,145.248664,-104.611453,450
1211,156.23314,-91.6135314,450
1212,165.713006,-77.7333219,450
1213,173.596964,-63.104498,450
1214,179.809089,-47.8679433,450
1215,184.289554,-32.1703941,450
1216,186.99521,-16.1630264,450
1217,187.9,-5.71785804095e-16,475
1218,186.99521,16.1630264,475
1219,184.289554,32.1703941,475
1220,179.809089,47.8679433,475
1221,173.596964,63.104498,475
1222,165.713006,77.7333219,475
1223,156.23314,91.6135314,475
1224,145.248664,104.611453,475
1225,132.865364,116.601908,475
1226,119.202498,127.469424,475
1227,104.391647,137.109339,475
1228,88.5754468,145.428816,475
1229,71.9062169,152.347735,475
1230,54.5444909,157.799461,475
1231,36.6574715,161.731493,475
1232,18.4174207,164.105961,475
1233,9.63475846076e-15,164.9,475
1234,-18.4174207,164.105961,475
1235,-36.6574715,161.731493,475
1236,-54.5444909,157.799461,475
1237,-71.9062169,152.347735,475
1238,-88.5754468,145.428816,475
1239,-104.391647,137.109339,475
1240,-119.202498,127.469424,475
1241,-132.865364,116.601908,475
1242,-145.248664,104.611453,475
1243,-156.23314,91.6135314,475
1244,-165.713006,77.7333219,475
1245,-173.596964,63.104498,475
1246,-179.809089,47.8679433,475
1247,-184.289554,32.1703941,475
1248,-186.99521,16.1630264,475
1249,-187.9,-5.79142492324e-14,475
1250,-186.99521,-16.1630264,475
1251,-184.289554,-32.1703941,475
1252,-179.809089,-47.8679433,475
1253,-173.596964,-63.104498,475
1254,-165.713006,-77.7333219,475
1255,-156.23314,-91.6135314,475
1256,-145.248664,-104.611453,475
1257,-132.865364,-116.601908,475
1258,-119.202498,-127.469424,475
1259,-104.391647,-137.109339,475
1260,-88.5754468,-145.428816,475
1261,-71.9062169,-152.347735,475
1262,-54.5444909,-157.799461,475
1263,-36.6574715,-161.731493,475
1264,-18.4174207,-164.105961,475
1265,7.96140453227e-14,-164.9,475
1266,18.4174207,-164.105961,475
1267,36.6574715,-161.731493,475
1268,54.5444909,-157.799461,475
1269,71.9062169,-152.347735,475
1270,88.5754468,-145.428816,475
1271,104.391647,-137.109339,475
1272,119.202498,-127.469424,475
1273,132.865364,-116.601908,475
1274,145.248664,-104.611453,475
1275,156.23314,-91.6135314,475
1276,165.713006,-77.7333219,475
1277,173.596964,-63.104498,475
1278,179.809089,-47.8679433,475
1279,184.289554,-32.1703941,475
1280,186.99521,-16.1630264,475
1281,187.9,-1.11690860581e-15,500
1282,186.99521,16.1630264,500
1283,184.289554,32.1703941,500
1284,179.809089,47.8679433,500
1285,173.596964,63.104498,500
1286,165.713006,77.7333219,500
1287,156.23314,91.6135314,500
1288,145.248664,104.611453,500
1289,132.865364,116.601908,500
1290,119.202498,127.469424,500
1291,104.391647,137.109339,500
1292,88.5754468,145.428816,500
1293,71.9062169,152.347735,500
1294,54.5444909,157.799461,500
1295,36.6574715,161.731493,500
1296,18.4174207,164.105961,500
1297,9.15238620857e-15,164.9,500
1298,-18.4174207,164.105961,500
1299,-36.6574715,161.731493,500
1300,-54.5444909,157.799461,500
1301,-71.9062169,152.347735,500
1302,-88.5754468,145.428816,500
1303,-104.391647,137.109339,500
1304,-119.202498,127.469424,500
1305,-132.865364,116.601908,500
1306,-145.248664,104.611453,500
1307,-156.23314,91.6135314,500
1308,-165.713006,77.7333219,500
1309,-173.596964,63.104498,500
1310,-179.809089,47.8679433,500
1311,-184.289554,32.1703941,500
1312,-186.99521,16.1630264,500
1313,-187.9,-5.95925580665e-14,500
1314,-186.99521,-16.1630264,500
1315,-184.289554,-32.1703941,500
1316,-179.809089,-47.8679433,500
1317,-173.596964,-63.104498,500
1318,-165.713006,-77.7333219,500
1319,-156.23314,-91.6135314,500
1320,-145.248664,-104.611453,500
1321,-132.865364,-116.601908,500
1322,-119.202498,-127.469424,500
1323,-104.391647,-137.109339,500
1324,-88.5754468,-145.428816,500
1325,-71.9062169,-152.347735,500
1326,-54.5444909,-157.799461,500
1327,-36.6574715,-161.731493,500
1328,-18.4174207,-164.105961,500
1329,7.75083090362e-14,-164.9,500
1330,18.4174207,-164.105961,500
1331,36.6574715,-161.731493,500
1332,54.5444909,-157.799461,500
1333,71.9062169,-152.347735,500
1334,88.5754468,-145.428816,500
1335,104.391647,-137.109339,500
1336,119.202498,-127.469424,500
1337,132.865364,-116.601908,500
1338,145.248664,-104.611453,500
1339,156.23314,-91.6135314,500
1340,165.713006,-77.7333219,500
1341,173.596964,-63.104498,500
1342,179.809089,-47.8679433,500
1343,184.289554,-32.1703941,500
1344,186.99521,-16.1630264,500
1345,187.9,-3.26828971106e-16,525
1346,186.99521,16.1630264,525
1347,184.289554,32.1703941,525
1348,179.809089,47.8679433,525
1349,173.596964,63.104498,525
1350,165.713006,77.7333219,525
1351,156.23314,91.6135314,525
1352,145.248664,104.611453,525
1353,132.865364,116.601908,525
1354,119.202498,127.469424,525
1355,104.391647,137.109339,525
1356,88.5754468,145.428816,525
1357,71.9062169,152.347735,525
1358,54.5444909,157.799461,525
1359,36.6574715,161.731493,525
1360,18.4174207,164.105961,525
1361,9.75960535221e-15,164.9,525
1362,-18.4174207,164.105961,525
1363,-36.6574715,161.731493,525
1364,-54.5444909,157.799461,525
1365,-71.9062169,152.347735,525
1366,-88.5754468,145.428816,525
1367,-104.391647,137.109339,525
1368,-119.202498,127.469424,525
1369,-132.865364,116.601908,525
1370,-145.248664,104.611453,525
1371,-156.23314,91.6135314,525
1372,-165.713006,77.7333219,525
1373,-173.596964,63.104498,525
1374,-179.809089,47.8679433,525
1375,-184.289554,32.1703941,525
1376,-186.99521,16.1630264,525
1377,-187.9,-6.00055491016e-14,525
1378,-186.99521,-16.1630264,525
1379,-184.289554,-32.1703941,525
1380,-179.809089,-47.8679433,525
1381,-173.596964,-63.104498,525
1382,-165.713006,-77.7333219,525
1383,-156.23314,-91.6135314,525
1384,-145.248664,-104.611453,525
1385,-132.865364,-116.601908,525
1386,-119.202498,-127.469424,525
1387,-104.391647,-137.109339,525
1388,-88.5754468,-145.428816,525
1389,-71.9062169,-152.347735,525
1390,-54.5444909,-157.799461,525
1391,-36.6574715,-161.731493,525
1392,-18.4174207,-164.105961,525
1393,7.86993118933e-14,-164.9,525
1394,18.4174207,-164.105961,525
1395,36.6574715,-161.731493,525
1396,54.5444909,-157.799461,525
1397,71.9062169,-152.347735,525
1398,88.5754468,-145.428816,525
1399,104.391647,-137.109339,525
1400,119.202498,-127.469424,525
1401,132.865364,-116.601908,525
1402,145.248664,-104.611453,525
1403,156.23314,-91.6135314,525
1404,165.713006,-77.7333219,525
1405,173.596964,-63.104498,525
1406,179.809089,-47.8679433,525
1407,184.289554,-32.1703941,525
1408,186.99521,-16.1630264,525
1409,187.9,-1.56447014329e-16,550
1410,186.99521,16.1630264,550
1411,184.289554,32.1703941,550
1412,179.809089,47.8679433,550
1413,173.596964,63.104498,550
1414,165.713006,77.7333219,550
1415,156.23314,91.6135314,550
1416,145.248664,104.611453,550
1417,132.865364,116.601908,550
1418,119.202498,127.469424,550
1419,104.391647,137.109339,550
1420,88.5754468,145.428816,550
1421,71.9062169,152.347735,550
1422,54.5444909,157.799461,550
1423,36.6574715,161.731493,550
1424,18.4174207,164.105961,550
1425,1.00347844804e-14,164.9,550
1426,-18.4174207,164.105961,550
1427,-36.6574715,161.731493,550
1428,-54.5444909,157.799461,550
1429,-71.9062169,152.347735,550
1430,-88.5754468,145.428816,550
1431,-104.391647,137.109339,550
1432,-119.202498,127.469424,550
1433,-132.865364,116.601908,550
1434,-145.248664,104.611453,550
1435,-156.23314,91.6135314,550
1436,-165.713006,77.7333219,550
1437,-173.596964,63.104498,550
1438,-179.809089,47.8679433,550
1439,-184.289554,32.1703941,550
1440,-186.99521,16.1630264,550
1441,-187.9,-5.96554351179e-14,550
1442,-186.99521,-16.1630264,550
1443,-184.289554,-32.1703941,550
1444,-179.809089,-47.8679433,550
1445,-173.596964,-63.104498,550
1446,-165.713006,-77.7333219,550
1447,-156.23314,-91.6135314,550
1448,-145.248664,-104.611453,550
1449,-132.865364,-116.601908,550
1450,-119.202498,-127.469424,550
1451,-104.391647,-137.109339,550
1452,-88.5754468,-145.428816,550
1453,-71.9062169,-152.347735,550
1454,-54.5444909,-157.799461,550
1455,-36.6574715,-161.731493,550
1456,-18.4174207,-164.105961,550
1457,7.7852744021e-14,-164.9,550
1458,18.4174207,-164.105961,550
1459,36.6574715,-161.731493,550
1460,54.5444909,-157.799461,550
1461,71.9062169,-152.347735,550
1462,88.5754468,-145.428816,550
1463,104.391647,-137.109339,550
1464,119.202498,-127.469424,550
1465,132.865364,-116.601908,550
1466,145.248664,-104.611453,550
1467,156.23314,-91.6135314,550
1468,165.713006,-77.7333219,550
1469,173.596964,-63.104498,550
1470,179.809089,-47.8679433,550
1471,184.289554,-32.1703941,550
1472,186.99521,-16.1630264,550
1473,187.9,-6.49455222248e-16,575
1474,186.99521,16.1630264,575
1475,184.289554,32.1703941,575
1476,179.809089,47.8679433,575
1477,173.596964,63.104498,575
1478,165.713006,77.7333219,575
1479,156.23314,91.6135314,575
1480,145.248664,104.611453,575
1481,132.865364,116.601908,575
1482,119.202498,127.469424,575
1483,104.391647,137.109339,575
1484,88.5754468,145.428816,575
1485,71.9062169,152.347735,575
1486,54.5444909,157.799461,575
1487,36.6574715,161.731493,575
1488,18.4174207,164.105961,575
1489,1.07213583143e-14,164.9,575
1490,-18.4174207,164.105961,575
1491,-36.6574715,161.731493,575
1492,-54.5444909,157.799461,575
1493,-71.9062169,152.347735,575
1494,-88.5754468,145.428816,575
1495,-104.391647,137.109339,575
1496,-119.202498,127.469424,575
1497,-132.865364,116.601908,575
1498,-145.248664,104.611453,575
1499,-156.23314,91.6135314,575
1500,-165.713006,77.7333219,575
1501,-173.596964,63.104498,575
1502,-179.809089,47.8679433,575
1503,-184.289554,32.1703941,575
1504,-186.99521,16.1630264,575
1505,-187.9,-5.95301525945e-14,575
1506,-186.99521,-16.1630264,575
1507,-184.289554,-32.1703941,575
1508,-179.809089,-47.8679433,575
1509,-173.596964,-63.104498,575
1510,-165.713006,-77.7333219,575
1511,-156.23314,-91.6135314,575
1512,-145.248664,-104.611453,575
1513,-132.865364,-116.601908,575
1514,-119.202498,-127.469424,575
1515,-104.391647,-137.109339,575
1516,-88.5754468,-145.428816,575
1517,-71.9062169,-152.347735,575
1518,-54.5444909,-157.799461,575
1519,-36.6574715,-161.731493,575
1520,-18.4174207,-164.105961,575
1521,7.888780346e-14,-164.9,575
1522,18.4174207,-164.105961,575
1523,36.6574715,-161.731493,575
1524,54.5444909,-157.799461,575
1525,71.9062169,-152.347735,575
1526,88.5754468,-145.428816,575
1527,104.391647,-137.109339,575
1528,119.202498,-127.469424,575
1529,132.865364,-116.601908,575
1530,145.248664,-104.611453,575
1531,156.23314,-91.6135314,575
1532,165.713006,-77.7333219,575
1533,173.596964,-63.104498,575
1534,179.809089,-47.8679433,575
1535,184.289554,-32.1703941,575
1536,186.99521,-16.1630264,575
1537,187.9,-7.05544496311e-16,600
1538,186.99521,16.1630264,600
1539,184.289554,32.1703941,600
1540,179.809089,47.8679433,600
1541,173.596964,63.104498,600
1542,165.713006,77.7333219,600
1543,156.23314,91.6135314,600
1544,145.248664,104.611453,600
1545,132.865364,116.601908,600
1546,119.202498,127.469424,600
1547,104.391647,137.109339,600
1548,88.5754468,145.428816,600
1549,71.9062169,152.347735,600
1550,54.5444909,157.799461,600
1551,36.6574715,161.731493,600
1552,18.4174207,164.105961,600
1553,1.01769814499e-14,164.9,600
1554,-18.4174207,164.105961,600
1555,-36.6574715,161.731493,600
1556,-54.5444909,157.799461,600
1557,-71.9062169,152.347735,600
1558,-88.5754468,145.428816,600
1559,-104.391647,137.109339,600
1560,-119.202498,127.469424,600
1561,-132.865364,116.601908,600
1562,-145.248664,104.611453,600
1563,-156.23314,91.6135314,600
1564,-165.713006,77.7333219,600
1565,-173.596964,63.104498,600
1566,-179.809089,47.8679433,600
1567,-184.289554,32.1703941,600
1568,-186.99521,16.1630264,600
1569,-187.9,-5.95518898639e-14,600
1570,-186.99521,-16.1630264,600
1571,-184.289554,-32.1703941,600
1572,-179.809089,-47.8679433,600
1573,-173.596964,-63.104498,600
1574,-165.713006,-77.7333219,600
1575,-156.23314,-91.6135314,600
1576,-145.248664,-104.611453,600
1577,-132.865364,-116.601908,600
1578,-119.202498,-127.469424,600
1579,-104.391647,-137.109339,600
1580,-88.5754468,-145.428816,600
1581,-71.9062169,-152.347735,600
1582,-54.5444909,-157.799461,600
1583,-36.6574715,-161.731493,600
1584,-18.4174207,-164.105961,600
1585,7.93828789835e-14,-164.9,600
1586,18.4174207,-164.105961,600
1587,36.6574715,-161.731493,600
1588,54.5444909,-157.799461,600
1589,71.9062169,-152.347735,600
1590,88.5754468,-145.428816,600
1591,104.391647,-137.109339,600
1592,119.202498,-127.469424,600
1593,132.865364,-116.601908,600
1594,145.248664,-104.611453,600
1595,156.23314,-91.6135314,600
1596,165.713006,-77.7333219,600
1597,173.596964,-63.104498,600
1598,179.809089,-47.8679433,600
1599,184.289554,-32.1703941,600
1600,186.99521,-16.1630264,600
1601,187.9,-2.11611476249e-16,625
1602,186.99521,16.1630264,625
1603,184.289554,32.1703941,625
1604,179.809089,47.8679433,625
1605,173.596964,63.104498,625
1606,165.713006,77.7333219,625
1607,156.23314,91.6135314,625
1608,145.248664,104.611453,625
1609,132.865364,116.601908,625
1610,119.202498,127.469424,625
1611,104.391647,137.109339,625
1612,88.5754468,145.428816,625
1613,71.9062169,152.347735,625
1614,54.5444909,157.799461,625
1615,36.6574715,161.731493,625
1616,18.4174207,164.105961,625
1617,9.76599126828e-15,164.9,625
1618,-18.4174207,164.105961,625
1619,-36.6574715,161.731493,625
1620,-54.5444909,157.799461,625
1621,-71.9062169,152.347735,625
1622,-88.5754468,145.428816,625
1623,-104.391647,137.109339,625
1624,-119.202498,127.469424,625
1625,-132.865364,116.601908,625
1626,-145.248664,104.611453,625
1627,-156.23314,91.6135314,625
1628,-165.713006,77.7333219,625
1629,-173.596964,63.104498,625
1630,-179.809089,47.8679433,625
1631,-184.289554,32.1703941,625
1632,-186.99521,16.1630264,625
1633,-187.9,-5.90929917048e-14,625
1634,-186.99521,-16.1630264,625
1635,-184.289554,-32.1703941,625
1636,-179.809089,-47.8679433,625
1637,-173.596964,-63.104498,625
1638,-165.713006,-77.7333219,625
1639,-156.23314,-91.6135314,625
1640,-145.248664,-104.611453,625
1641,-132.865364,-116.601908,625
1642,-119.202498,-127.469424,625
1643,-104.391647,-137.109339,625
1644,-88.5754468,-145.428816,625
1645,-71.9062169,-152.347735,625
1646,-54.5444909,-157.799461,625
1647,-36.6574715,-161.731493,625
1648,-18.4174207,-164.105961,625
1649,7.90662875767e-14,-164.9,625
1650,18.4174207,-164.105961,625
1651,36.6574715,-161.731493,625
1652,54.5444909,-157.799461,625
1653,71.9062169,-152.347735,625
1654,88.5754468,-145.428816,625
1655,104.391647,-137.109339,625
1656,119.202498,-127.469424,625
1657,132.865364,-116.601908,625
1658,145.248664,-104.611453,625
1659,156.23314,-91.6135314,625
1660,165.713006,-77.7333219,625
1661,173.596964,-63.104498,625
1662,179.809089,-47.8679433,625
1663,184.289554,-32.1703941,625
1664,186.99521,-16.1630264,625
1665,187.9,0,650
1666,186.99521,16.1630264,650
1667,184.289554,32.1703941,650
1668,179.809089,47.8679433,650
1669,173.596964,63.104498,650
1670,165.713006,77.7333219,650
1671,156.23314,91.6135314,650
1672,145.248664,104.611453,650
1673,132.865364,116.601908,650
1674,119.202498,127.469424,650
1675,104.391647,137.109339,650
1676,88.5754468,145.428816,650
1677,71.9062169,152.347735,650
1678,54.5444909,157.799461,650
1679,36.6574715,161.731493,650
1680,18.4174207,164.105961,650
1681,1.15055567e-14,164.9,650
1682,-18.4174207,164.105961,650
1683,-36.6574715,161.731493,650
1684,-54.5444909,157.799461,650
1685,-71.9062169,152.347735,650
1686,-88.5754468,145.428816,650
1687,-104.391647,137.109339,650
1688,-119.202498,127.469424,650
1689,-132.865364,116.601908,650
1690,-145.248664,104.611453,650
1691,-156.23314,91.6135314,650
1692,-165.713006,77.7333219,650
1693,-173.596964,63.104498,650
1694,-179.809089,47.8679433,650
1695,-184.289554,32.1703941,650
1696,-186.99521,16.1630264,650
1697,-187.9,-5.83053313415e-14,650
1698,-186.99521,-16.1630264,650
1699,-184.289554,-32.1703941,650
1700,-179.809089,-47.8679433,650
1701,-173.596964,-63.104498,650
1702,-165.713006,-77.7333219,650
1703,-156.23314,-91.6135314,650
1704,-145.248664,-104.611453,650
1705,-132.865364,-116.601908,650
1706,-119.202498,-127.469424,650
1707,-104.391647,-137.109339,650
1708,-88.5754468,-145.428816,650
1709,-71.9062169,-152.347735,650
1710,-54.5444909,-157.799461,650
1711,-36.6574715,-161.731493,650
1712,-18.4174207,-164.105961,650
1713,7.86056152063e-14,-164.9,650
1714,18.4174207,-164.105961,650
1715,36.6574715,-161.731493,650
1716,54.5444909,-157.799461,650
1717,71.9062169,-152.347735,650
1718,88.5754468,-145.428816,650
1719,104.391647,-137.109339,650
1720,119.202498,-127.469424,650
1721,132.865364,-116.601908,650
1722,145.248664,-104.611453,650
1723,156.23314,-91.6135314,650
1724,165.713006,-77.7333219,650
1725,173.596964,-63.104498,650
1726,179.809089,-47.8679433,650
1727,184.289554,-32.1703941,650
1728,186.99521,-16.1630264,650

Data Record #2
===========================================================================
Step = 2
Time = 0.1
Data = shirt_contact_data
1,-0.439459502392,0
2,-0.439379537626,0
3,-0.439234955863,0
4,-0.439051638385,0
5,-0.438861133021,0
6,-0.438695137146,0
7,-0.438579766132,0
8,-0.438531211518,0
9,-0.43855485598,0
10,-0.438644608741,0
11,-0.43878434882,0
12,-0.438953638384,0
13,-0.439128163409,0
14,-0.439283772511,0
15,-0.439399967721,0
16,-0.439461870625,0
17,-0.439461870624,0
18,-0.439399967721,0
19,-0.439283772511,0
20,-0.439128163409,0
21,-0.438953638384,0
22,-0.43878434882,0
23,-0.438644608741,0
24,-0.438554855981,0
25,-0.438531211518,0
26,-0.438579766132,0
27,-0.438695137146,0
28,-0.438861133021,0
29,-0.439051638385,0
30,-0.439234955863,0
31,-0.439379537626,0
32,-0.439459502392,0
33,-0.439459502392,0
34,-0.439379537626,0
35,-0.439234955863,0
36,-0.439051638385,0
37,-0.438861133021,0
38,-0.438695137146,0
39,-0.438579766132,0
40,-0.438531211518,0
41,-0.438554855981,0
42,-0.438644608741,0
43,-0.43878434882,0
44,-0.438953638384,0
45,-0.439128163409,0
46,-0.439283772511,0
47,-0.439399967721,0
48,-0.439461870625,0
49,-0.439461870625,0
50,-0.439399967721,0
51,-0.439283772511,0
52,-0.439128163409,0
53,-0.438953638384,0
54,-0.43878434882,0
55,-0.438644608741,0
56,-0.43855485598,0
57,-0.438531211518,0
58,-0.438579766132,0
59,-0.438695137146,0
60,-0.438861133021,0
61,-0.439051638385,0
62,-0.439234955863,0
63,-0.439379537626,0
64,-0.439459502392,0
65,-0.439459502392,0
66,-0.439379537626,0
67,-0.439234955863,0
68,-0.439051638385,0
69,-0.438861133021,0
70,-0.438695137146,0
71,-0.438579766132,0
72,-0.438531211518,0
73,-0.438554855981,0
74,-0.438644608741,0
75,-0.43878434882,0
76,-0.438953638384,0
77,-0.439128163409,0
78,-0.439283772511,0
79,-0.439399967721,0
80,-0.439461870625,0
81,-0.439461870625,0
82,-0.439399967721,0
83,-0.439283772511,0
84,-0.439128163409,0
85,-0.438953638383,0
86,-0.43878434882,0
87,-0.438644608741,0
88,-0.43855485598,0
89,-0.438531211518,0
90,-0.438579766132,0
91,-0.438695137146,0
92,-0.438861133021,0
93,-0.439051638385,0
94,-0.439234955863,0
95,-0.439379537626,0
96,-0.439459502392,0
97,-0.439459502392,0
98,-0.439379537626,0
99,-0.439234955863,0
100,-0.439051638385,0
101,-0.438861133021,0
102,-0.438695137146,0
103,-0.438579766132,0
104,-0.438531211518,0
105,-0.438554855981,0
106,-0.438644608741,0
107,-0.43878434882,0
108,-0.438953638384,0
109,-0.439128163409,0
110,-0.439283772511,0
111,-0.439399967721,0
112,-0.439461870625,0
113,-0.439461870624,0
114,-0.439399967721,0
115,-0.439283772511,0
116,-0.439128163409,0
117,-0.438953638383,0
118,-0.43878434882,0
119,-0.438644608741,0
120,-0.43855485598,0
121,-0.438531211518,0
122,-0.438579766132,0
123,-0.438695137146,0
124,-0.438861133021,0
125,-0.439051638385,0
126,-0.439234955863,0
127,-0.439379537626,0
128,-0.439459502392,0
129,-0.439459502392,0
130,-0.439379537626,0
131,-0.439234955863,0
132,-0.439051638385,0
133,-0.438861133021,0
134,-0.438695137146,0
135,-0.438579766132,0
136,-0.438531211518,0
137,-0.438554855981,0
138,-0.438644608741,0
139,-0.43878434882,0
140,-0.438953638384,0
141,-0.439128163409,0
142,-0.439283772511,0
143,-0.439399967721,0
144,-0.439461870625,0
145,-0.439461870624,0
146,-0.439399967721,0
147,-0.439283772511,0
148,-0.439128163409,0
149,-0.438953638383,0
150,-0.43878434882,0
151,-0.438644608741,0
152,-0.43855485598,0
153,-0.438531211518,0
154,-0.438579766132,0
155,-0.438695137146,0
156,-0.438861133021,0
157,-0.439051638385,0
158,-0.439234955863,0
159,-0.439379537626,0
160,-0.439459502392,0
161,-0.439459502392,0
162,-0.439379537626,0
163,-0.439234955863,0
164,-0.439051638385,0
165,-0.438861133021,0
166,-0.438695137146,0
167,-0.438579766132,0
168,-0.438531211518,0
169,-0.438554855981,0
170,-0.438644608741,0
171,-0.43878434882,0
172,-0.438953638384,0
173,-0.439128163409,0
174,-0.439283772511,0
175,-0.439399967721,0
176,-0.439461870624,0
177,-0.439461870625,0
178,-0.439399967721,0
179,-0.439283772511,0
180,-0.439128163409,0
181,-0.438953638383,0
182,-0.43878434882,0
183,-0.438644608741,0
184,-0.43855485598,0
185,-0.438531211518,0
186,-0.438579766132,0
187,-0.438695137146,0
188,-0.438861133021,0
189,-0.439051638385,0
190,-0.439234955863,0
191,-0.439379537626,0
192,-0.439459502392,0
193,-0.439459502392,0
194,-0.439379537626,0
195,-0.439234955863,0
196,-0.439051638385,0
197,-0.438861133021,0
198,-0.438695137146,0
199,-0.438579766132,0
200,-0.438531211518,0
201,-0.438554855981,0
202,-0.438644608741,0
203,-0.43878434882,0
204,-0.438953638384,0
205,-0.439128163409,0
206,-0.439283772511,0
207,-0.439399967721,0
208,-0.439461870625,0
209,-0.439461870625,0
210,-0.439399967721,0
211,-0.439283772511,0
212,-0.439128163409,0
213,-0.438953638383,0
214,-0.43878434882,0
215,-0.438644608741,0
216,-0.43855485598,0
217,-0.438531211518,0
218,-0.438579766132,0
219,-0.438695137146,0
220,-0.438861133021,0
221,-0.439051638385,0
222,-0.439234955863,0
223,-0.439379537626,0
224,-0.439459502392,0
225,-0.439459502392,0
226,-0.439379537626,0
227,-0.439234955863,0
228,-0.439051638385,0
229,-0.438861133021,0
230,-0.438695137146,0
231,-0.438579766132,0
232,-0.438531211518,0
233,-0.438554855981,0
234,-0.438644608741,0
235,-0.43878434882,0
236,-0.438953638384,0
237,-0.439128163409,0
238,-0.439283772511,0
239,-0.439399967721,0
240,-0.439461870625,0
241,-0.439461870624,0
242,-0.439399967721,0
243,-0.439283772511,0
244,-0.439128163409,0
245,-0.438953638383,0
246,-0.43878434882,0
247,-0.438644608741,0
248,-0.43855485598,0
249,-0.438531211518,0
250,-0.438579766132,0
251,-0.438695137146,0
252,-0.438861133021,0
253,-0.439051638385,0
254,-0.439234955863,0
255,-0.439379537626,0
256,-0.439459502392,0
257,-0.439459502392,0
258,-0.439379537626,0
259,-0.439234955863,0
260,-0.439051638385,0
261,-0.438861133021,0
262,-0.438695137146,0
263,-0.438579766132,0
264,-0.438531211518,0
265,-0.438554855981,0
266,-0.438644608741,0
267,-0.43878434882,0
268,-0.438953638384,0
269,-0.439128163409,0
270,-0.439283772511,0
271,-0.439399967721,0
272,-0.439461870625,0
273,-0.439461870624,0
274,-0.439399967721,0
275,-0.439283772511,0
276,-0.439128163409,0
277,-0.438953638383,0
278,-0.43878434882,0
279,-0.438644608741,0
280,-0.43855485598,0
281,-0.438531211518,0
282,-0.438579766132,0
283,-0.438695137146,0
284,-0.438861133021,0
285,-0.439051638385,0
286,-0.439234955863,0
287,-0.439379537626,0
288,-0.439459502392,0
289,-0.439459502392,0
290,-0.439379537626,0
291,-0.439234955864,0
292,-0.439051638385,0
293,-0.438861133021,0
294,-0.438695137146,0
295,-0.438579766132,0
296,-0.438531211518,0
297,-0.438554855981,0
298,-0.438644608741,0
299,-0.43878434882,0
300,-0.438953638384,0
301,-0.439128163409,0
302,-0.439283772511,0
303,-0.439399967721,0
304,-0.439461870625,0
305,-0.439461870624,0
306,-0.439399967721,0
307,-0.439283772511,0
308,-0.439128163409,0
309,-0.438953638383,0
310,-0.43878434882,0
311,-0.438644608741,0
312,-0.43855485598,0
313,-0.438531211518,0
314,-0.438579766132,0
315,-0.438695137146,0
316,-0.438861133021,0
317,-0.439051638385,0
318,-0.439234955863,0
319,-0.439379537626,0
320,-0.439459502392,0
321,-0.439459502392,0
322,-0.439379537626,0
323,-0.439234955863,0
324,-0.439051638385,0
325,-0.438861133021,0
326,-0.438695137146,0
327,-0.438579766132,0
328,-0.438531211518,0
329,-0.438554855981,0
330,-0.438644608741,0
331,-0.43878434882,0
332,-0.438953638384,0
333,-0.439128163409,0
334,-0.439283772511,0
335,-0.439399967721,0
336,-0.439461870624,0
337,-0.439461870624,0
338,-0.439399967721,0
339,-0.439283772511,0
340,-0.439128163409,0
341,-0.438953638383,0
342,-0.43878434882,0
343,-0.438644608741,0
344,-0.43855485598,0
345,-0.438531211518,0
346,-0.438579766132,0
347,-0.438695137146,0
348,-0.438861133021,0
349,-0.439051638385,0
350,-0.439234955863,0
351,-0.439379537626,0
352,-0.439459502392,0
353,-0.439459502392,0
354,-0.439379537626,0
355,-0.439234955863,0
356,-0.439051638385,0
357,-0.438861133021,0
358,-0.438695137146,0
359,-0.438579766132,0
360,-0.438531211518,0
361,-0.438554855981,0
362,-0.438644608741,0
363,-0.43878434882,0
364,-0.438953638384,0
365,-0.439128163409,0
366,-0.439283772511,0
367,-0.439399967721,0
368,-0.439461870624,0
369,-0.439461870624,0
370,-0.439399967721,0
371,-0.439283772511,0
372,-0.439128163409,0
373,-0.438953638383,0
374,-0.43878434882,0
375,-0.438644608741,0
376,-0.43855485598,0
377,-0.438531211518,0
378,-0.438579766132,0
379,-0.438695137146,0
380,-0.438861133021,0
381,-0.439051638385,0
382,-0.439234955863,0
383,-0.439379537626,0
384,-0.439459502392,0
385,-0.439459502392,0
386,-0.439379537626,0
387,-0.439234955864,0
388,-0.439051638385,0
389,-0.438861133021,0
390,-0.438695137146,0
391,-0.438579766132,0
392,-0.438531211518,0
393,-0.438554855981,0
394,-0.438644608741,0
395,-0.43878434882,0
396,-0.438953638384,0
397,-0.439128163409,0
398,-0.439283772511,0
399,-0.439399967721,0
400,-0.439461870624,0
401,-0.439461870624,0
402,-0.439399967721,0
403,-0.439283772511,0
404,-0.439128163409,0
405,-0.438953638383,0
406,-0.43878434882,0
407,-0.438644608741,0
408,-0.43855485598,0
409,-0.438531211518,0
410,-0.438579766132,0
411,-0.438695137146,0
412,-0.438861133021,0
413,-0.439051638385,0
414,-0.439234955863,0
415,-0.439379537626,0
416,-0.439459502392,0
417,-0.439459502392,0
418,-0.439379537626,0
419,-0.439234955864,0
420,-0.439051638385,0
421,-0.438861133021,0
422,-0.438695137146,0
423,-0.438579766132,0
424,-0.438531211518,0
425,-0.438554855981,0
426,-0.438644608741,0
427,-0.43878434882,0
428,-0.438953638384,0
429,-0.439128163409,0
430,-0.439283772511,0
431,-0.439399967721,0
432,-0.439461870624,0
433,-0.439461870624,0
434,-0.439399967721,0
435,-0.439283772511,0
436,-0.439128163409,0
437,-0.438953638383,0
438,-0.43878434882,0
439,-0.438644608741,0
440,-0.43855485598,0
441,-0.438531211518,0
442,-0.438579766132,0
443,-0.438695137146,0
444,-0.438861133021,0
445,-0.439051638385,0
446,-0.439234955863,0
447,-0.439379537626,0
448,-0.439459502392,0
449,-0.439459502392,0
450,-0.439379537626,0
451,-0.439234955863,0
452,-0.439051638385,0
453,-0.438861133021,0
454,-0.438695137146,0
455,-0.438579766132,0
456,-0.438531211518,0
457,-0.438554855981,0
458,-0.438644608741,0
459,-0.43878434882,0
460,-0.438953638384,0
461,-0.439128163409,0
462,-0.439283772511,0
463,-0.439399967721,0
464,-0.439461870624,0
465,-0.439461870624,0
466,-0.439399967721,0
467,-0.439283772511,0
468,-0.439128163409,0
469,-0.438953638383,0
470,-0.43878434882,0
471,-0.438644608741,0
472,-0.43855485598,0
473,-0.438531211518,0
474,-0.438579766132,0
475,-0.438695137146,0
476,-0.438861133021,0
477,-0.439051638385,0
478,-0.439234955863,0
479,-0.439379537626,0
480,-0.439459502392,0
481,-0.439459502392,0
482,-0.439379537626,0
483,-0.439234955863,0
484,-0.439051638385,0
485,-0.438861133021,0
486,-0.438695137146,0
487,-0.438579766132,0
488,-0.438531211518,0
489,-0.438554855981,0
490,-0.438644608741,0
491,-0.43878434882,0
492,-0.438953638383,0
493,-0.439128163409,0
494,-0.439283772511,0
495,-0.439399967721,0
496,-0.439461870624,0
497,-0.439461870624,0
498,-0.439399967721,0
499,-0.439283772511,0
500,-0.439128163409,0
501,-0.438953638383,0
502,-0.43878434882,0
503,-0.438644608741,0
504,-0.43855485598,0
505,-0.438531211518,0
506,-0.438579766132,0
507,-0.438695137146,0
508,-0.438861133021,0
509,-0.439051638385,0
510,-0.439234955863,0
511,-0.439379537626,0
512,-0.439459502392,0
513,-0.439459502392,0
514,-0.439379537626,0
515,-0.439234955863,0
516,-0.439051638385,0
517,-0.438861133021,0
518,-0.438695137146,0
519,-0.438579766132,0
520,-0.438531211518,0
521,-0.438554855981,0
522,-0.438644608741,0
523,-0.43878434882,0
524,-0.438953638384,0
525,-0.439128163409,0
526,-0.439283772511,0
527,-0.439399967721,0
528,-0.439461870624,0
529,-0.439461870624,0
530,-0.439399967721,0
531,-0.439283772511,0
532,-0.439128163409,0
533,-0.438953638383,0
534,-0.43878434882,0
535,-0.438644608741,0
536,-0.43855485598,0
537,-0.438531211518,0
538,-0.438579766132,0
539,-0.438695137146,0
540,-0.438861133021,0
541,-0.439051638385,0
542,-0.439234955863,0
543,-0.439379537626,0
544,-0.439459502392,0
545,-0.439459502392,0
546,-0.439379537626,0
547,-0.439234955864,0
548,-0.439051638385,0
549,-0.438861133021,0
550,-0.438695137146,0
551,-0.438579766132,0
552,-0.438531211518,0
553,-0.438554855981,0
554,-0.438644608741,0
555,-0.43878434882,0
556,-0.438953638384,0
557,-0.439128163409,0
558,-0.439283772511,0
559,-0.439399967721,0
560,-0.439461870624,0
561,-0.439461870624,0
562,-0.439399967721,0
563,-0.439283772511,0
564,-0.439128163409,0
565,-0.438953638383,0
566,-0.43878434882,0
567,-0.438644608741,0
568,-0.43855485598,0
569,-0.438531211518,0
570,-0.438579766132,0
571,-0.438695137146,0
572,-0.438861133021,0
573,-0.439051638385,0
574,-0.439234955863,0
575,-0.439379537626,0
576,-0.439459502392,0
577,-0.439459502392,0
578,-0.439379537626,0
579,-0.439234955864,0
580,-0.439051638385,0
581,-0.438861133021,0
582,-0.438695137146,0
583,-0.438579766132,0
584,-0.438531211518,0
585,-0.438554855981,0
586,-0.438644608741,0
587,-0.43878434882,0
588,-0.438953638384,0
589,-0.439128163409,0
590,-0.439283772511,0
591,-0.439399967721,0
592,-0.439461870624,0
593,-0.439461870624,0
594,-0.439399967721,0
595,-0.439283772511,0
596,-0.439128163409,0
597,-0.438953638383,0
598,-0.43878434882,0
599,-0.438644608741,0
600,-0.43855485598,0
601,-0.438531211518,0
602,-0.438579766132,0
603,-0.438695137146,0
604,-0.438861133021,0
605,-0.439051638385,0
606,-0.439234955863,0
607,-0.439379537626,0
608,-0.439459502392,0
609,-0.439459502392,0
610,-0.439379537626,0
611,-0.439234955864,0
612,-0.439051638385,0
613,-0.438861133021,0
614,-0.438695137146,0
615,-0.438579766132,0
616,-0.438531211518,0
617,-0.438554855981,0
618,-0.438644608741,0
619,-0.43878434882,0
620,-0.438953638383,0
621,-0.439128163409,0
622,-0.439283772511,0
623,-0.439399967721,0
624,-0.439461870624,0
625,-0.439461870624,0
626,-0.439399967721,0
627,-0.439283772511,0
628,-0.439128163409,0
629,-0.438953638383,0
630,-0.43878434882,0
631,-0.438644608741,0
632,-0.43855485598,0
633,-0.438531211518,0
634,-0.438579766132,0
635,-0.438695137146,0
636,-0.438861133021,0
637,-0.439051638385,0
638,-0.439234955863,0
639,-0.439379537626,0
640,-0.439459502392,0
641,-0.439459502392,0
642,-0.439379537626,0
643,-0.439234955864,0
644,-0.439051638385,0
645,-0.438861133021,0
646,-0.438695137146,0
647,-0.438579766132,0
648,-0.438531211518,0
649,-0.438554855981,0
650,-0.438644608741,0
651,-0.43878434882,0
652,-0.438953638384,0
653,-0.439128163409,0
654,-0.439283772511,0
655,-0.439399967721,0
656,-0.439461870624,0
657,-0.439461870624,0
658,-0.439399967721,0
659,-0.439283772511,0
660,-0.439128163409,0
661,-0.438953638383,0
662,-0.43878434882,0
663,-0.438644608741,0
664,-0.43855485598,0
665,-0.438531211518,0
666,-0.438579766132,0
667,-0.438695137146,0
668,-0.438861133021,0
669,-0.439051638385,0
670,-0.439234955863,0
671,-0.439379537626,0
672,-0.439459502392,0
673,-0.439459502392,0
674,-0.439379537626,0
675,-0.439234955864,0
676,-0.439051638385,0
677,-0.438861133021,0
678,-0.438695137146,0
679,-0.438579766132,0
680,-0.438531211518,0
681,-0.438554855981,0
682,-0.438644608741,0
683,-0.43878434882,0
684,-0.438953638384,0
685,-0.439128163409,0
686,-0.439283772511,0
687,-0.439399967721,0
688,-0.439461870624,0
689,-0.439461870624,0
690,-0.439399967721,0
691,-0.439283772511,0
692,-0.439128163409,0
693,-0.438953638383,0
694,-0.43878434882,0
695,-0.438644608741,0
696,-0.43855485598,0
697,-0.438531211518,0
698,-0.438579766132,0
699,-0.438695137146,0
700,-0.438861133021,0
701,-0.439051638385,0
702,-0.439234955863,0
703,-0.439379537626,0
704,-0.439459502392,0
705,-0.439459502392,0
706,-0.439379537626,0
707,-0.439234955864,0
708,-0.439051638385,0
709,-0.438861133021,0
710,-0.438695137146,0
711,-0.438579766132,0
712,-0.438531211518,0
713,-0.438554855981,0
714,-0.438644608741,0
715,-0.43878434882,0
716,-0.438953638383,0
717,-0.439128163409,0
718,-0.439283772511,0
719,-0.439399967721,0
720,-0.439461870624,0
721,-0.439461870624,0
722,-0.439399967721,0
723,-0.439283772511,0
724,-0.439128163409,0
725,-0.438953638383,0
726,-0.43878434882,0
727,-0.438644608741,0
728,-0.43855485598,0
729,-0.438531211518,0
730,-0.438579766132,0
731,-0.438695137146,0
732,-0.438861133021,0
733,-0.439051638385,0
734,-0.439234955863,0
735,-0.439379537626,0
736,-0.439459502392,0
737,-0.439459502392,0
738,-0.439379537626,0
739,-0.439234955864,0
740,-0.439051638385,0
741,-0.438861133021,0
742,-0.438695137146,0
743,-0.438579766132,0
744,-0.438531211518,0
745,-0.438554855981,0
746,-0.438644608741,0
747,-0.43878434882,0
748,-0.438953638384,0
749,-0.439128163409,0
750,-0.439283772511,0
751,-0.439399967721,0
752,-0.439461870624,0
753,-0.439461870624,0
754,-0.439399967721,0
755,-0.439283772511,0
756,-0.439128163409,0
757,-0.438953638383,0
758,-0.43878434882,0
759,-0.438644608741,0
760,-0.43855485598,0
761,-0.438531211518,0
762,-0.438579766132,0
763,-0.438695137146,0
764,-0.438861133021,0
765,-0.439051638385,0
766,-0.439234955863,0
767,-0.439379537626,0
768,-0.439459502392,0
769,-0.439459502392,0
770,-0.439379537626,0
771,-0.439234955864,0
772,-0.439051638385,0
773,-0.438861133021,0
774,-0.438695137146,0
775,-0.438579766132,0
776,-0.438531211518,0
777,-0.438554855981,0
778,-0.438644608741,0
779,-0.43878434882,0
780,-0.438953638384,0
781,-0.439128163409,0
782,-0.439283772511,0
783,-0.439399967721,0
784,-0.439461870624,0
785,-0.439461870624,0
786,-0.439399967721,0
787,-0.439283772511,0
788,-0.439128163409,0
789,-0.438953638383,0
790,-0.43878434882,0
791,-0.438644608741,0
792,-0.43855485598,0
793,-0.438531211518,0
794,-0.438579766132,0
795,-0.438695137146,0
796,-0.438861133021,0
797,-0.439051638385,0
798,-0.439234955863,0
799,-0.439379537626,0
800,-0.439459502392,0
801,-0.439459502392,0
802,-0.439379537626,0
803,-0.439234955864,0
804,-0.439051638385,0
805,-0.438861133021,0
806,-0.438695137146,0
807,-0.438579766132,0
808,-0.438531211518,0
809,-0.438554855981,0
810,-0.438644608741,0
811,-0.43878434882,0
812,-0.438953638384,0
813,-0.439128163409,0
814,-0.439283772511,0
815,-0.439399967721,0
816,-0.439461870624,0
817,-0.439461870624,0
818,-0.439399967721,0
819,-0.439283772511,0
820,-0.439128163409,0
821,-0.438953638383,0
822,-0.43878434882,0
823,-0.438644608741,0
824,-0.43855485598,0
825,-0.438531211518,0
826,-0.438579766132,0
827,-0.438695137146,0
828,-0.438861133021,0
829,-0.439051638385,0
830,-0.439234955863,0
831,-0.439379537626,0
832,-0.439459502392,0
833,-0.439459502392,0
834,-0.439379537626,0
835,-0.439234955863,0
836,-0.439051638385,0
837,-0.438861133021,0
838,-0.438695137146,0
839,-0.438579766132,0
840,-0.438531211518,0
841,-0.438554855981,0
842,-0.438644608741,0
843,-0.43878434882,0
844,-0.438953638384,0
845,-0.439128163409,0
846,-0.439283772512,0
847,-0.439399967721,0
848,-0.439461870625,0
849,-0.439461870625,0
850,-0.439399967721,0
851,-0.439283772512,0
852,-0.439128163409,0
853,-0.438953638384,0
854,-0.43878434882,0
855,-0.438644608741,0
856,-0.438554855981,0
857,-0.438531211518,0
858,-0.438579766132,0
859,-0.438695137146,0
860,-0.438861133021,0
861,-0.439051638385,0
862,-0.439234955864,0
863,-0.439379537626,0
864,-0.439459502392,0
865,-0.439459502392,0
866,-0.439379537626,0
867,-0.439234955863,0
868,-0.439051638385,0
869,-0.438861133021,0
870,-0.438695137146,0
871,-0.438579766132,0
872,-0.438531211518,0
873,-0.438554855981,0
874,-0.438644608741,0
875,-0.43878434882,0
876,-0.438953638384,0
877,-0.439128163409,0
878,-0.439283772511,0
879,-0.439399967721,0
880,-0.439461870625,0
881,-0.439461870625,0
882,-0.439399967721,0
883,-0.439283772512,0
884,-0.439128163409,0
885,-0.438953638384,0
886,-0.43878434882,0
887,-0.438644608741,0
888,-0.438554855981,0
889,-0.438531211518,0
890,-0.438579766132,0
891,-0.438695137146,0
892,-0.438861133021,0
893,-0.439051638385,0
894,-0.439234955864,0
895,-0.439379537626,0
896,-0.439459502392,0
897,-0.439459502392,0
898,-0.439379537626,0
899,-0.439234955863,0
900,-0.439051638385,0
901,-0.438861133021,0
902,-0.438695137146,0
903,-0.438579766132,0
904,-0.438531211518,0
905,-0.438554855981,0
906,-0.438644608741,0
907,-0.43878434882,0
908,-0.438953638384,0
909,-0.439128163409,0
910,-0.439283772512,0
911,-0.439399967721,0
912,-0.439461870625,0
913,-0.439461870625,0
914,-0.439399967721,0
915,-0.439283772512,0
916,-0.439128163409,0
917,-0.438953638384,0
918,-0.43878434882,0
919,-0.438644608741,0
920,-0.438554855981,0
921,-0.438531211518,0
922,-0.438579766132,0
923,-0.438695137146,0
924,-0.438861133021,0
925,-0.439051638385,0
926,-0.439234955864,0
927,-0.439379537626,0
928,-0.439459502392,0
929,-0.439459502392,0
930,-0.439379537626,0
931,-0.439234955863,0
932,-0.439051638385,0
933,-0.438861133021,0
934,-0.438695137146,0
935,-0.438579766132,0
936,-0.438531211518,0
937,-0.438554855981,0
938,-0.438644608741,0
939,-0.43878434882,0
940,-0.438953638384,0
941,-0.439128163409,0
942,-0.439283772511,0
943,-0.439399967721,0
944,-0.439461870625,0
945,-0.439461870625,0
946,-0.439399967721,0
947,-0.439283772512,0
948,-0.439128163409,0
949,-0.438953638384,0
950,-0.43878434882,0
951,-0.438644608741,0
952,-0.438554855981,0
953,-0.438531211518,0
954,-0.438579766132,0
955,-0.438695137146,0
956,-0.438861133021,0
957,-0.439051638385,0
958,-0.439234955864,0
959,-0.439379537626,0
960,-0.439459502392,0
961,-0.439459502392,0
962,-0.439379537626,0
963,-0.439234955863,0
964,-0.439051638385,0
965,-0.438861133021,0
966,-0.438695137146,0
967,-0.438579766132,0
968,-0.438531211518,0
969,-0.438554855981,0
970,-0.438644608741,0
971,-0.43878434882,0
972,-0.438953638384,0
973,-0.439128163409,0
974,-0.439283772511,0
975,-0.439399967721,0
976,-0.439461870625,0
977,-0.439461870625,0
978,-0.439399967721,0
979,-0.439283772512,0
980,-0.439128163409,0
981,-0.438953638384,0
982,-0.43878434882,0
983,-0.438644608741,0
984,-0.438554855981,0
985,-0.438531211518,0
986,-0.438579766132,0
987,-0.438695137146,0
988,-0.438861133021,0
989,-0.439051638385,0
990,-0.439234955864,0
991,-0.439379537626,0
992,-0.439459502392,0
993,-0.439459502392,0
994,-0.439379537626,0
995,-0.439234955863,0
996,-0.439051638385,0
997,-0.438861133021,0
998,-0.438695137146,0
999,-0.438579766132,0
1000,-0.438531211518,0
1001,-0.438554855981,0
1002,-0.438644608741,0
1003,-0.43878434882,0
1004,-0.438953638384,0
1005,-0.439128163409,0
1006,-0.439283772511,0
1007,-0.439399967721,0
1008,-0.439461870625,0
1009,-0.439461870625,0
1010,-0.439399967721,0
1011,-0.439283772512,0
1012,-0.439128163409,0
1013,-0.438953638384,0
1014,-0.43878434882,0
1015,-0.438644608741,0
1016,-0.438554855981,0
1017,-0.438531211518,0
1018,-0.438579766132,0
1019,-0.438695137146,0
1020,-0.438861133021,0
1021,-0.439051638385,0
1022,-0.439234955864,0
1023,-0.439379537626,0
1024,-0.439459502392,0
1025,-0.439459502392,0
1026,-0.439379537626,0
1027,-0.439234955863,0
1028,-0.439051638385,0
1029,-0.438861133021,0
1030,-0.438695137146,0
1031,-0.438579766132,0
1032,-0.438531211518,0
1033,-0.438554855981,0
1034,-0.438644608741,0
1035,-0.43878434882,0
1036,-0.438953638384,0
1037,-0.439128163409,0
1038,-0.439283772511,0
1039,-0.439399967721,0
1040,-0.439461870625,0
1041,-0.439461870625,0
1042,-0.439399967721,0
1043,-0.439283772512,0
1044,-0.439128163409,0
1045,-0.438953638384,0
1046,-0.43878434882,0
1047,-0.438644608741,0
1048,-0.438554855981,0
1049,-0.438531211518,0
1050,-0.438579766132,0
1051,-0.438695137146,0
1052,-0.438861133021,0
1053,-0.439051638385,0
1054,-0.439234955864,0
1055,-0.439379537626,0
1056,-0.439459502392,0
1057,-0.439459502392,0
1058,-0.439379537626,0
1059,-0.439234955863,0
1060,-0.439051638385,0
1061,-0.438861133021,0
1062,-0.438695137146,0
1063,-0.438579766132,0
1064,-0.438531211518,0
1065,-0.438554855981,0
1066,-0.438644608741,0
1067,-0.43878434882,0
1068,-0.438953638384,0
1069,-0.439128163409,0
1070,-0.439283772511,0
1071,-0.439399967721,0
1072,-0.439461870625,0
1073,-0.439461870625,0
1074,-0.439399967721,0
1075,-0.439283772511,0
1076,-0.439128163409,0
1077,-0.438953638384,0
1078,-0.43878434882,0
1079,-0.438644608741,0
1080,-0.438554855981,0
1081,-0.438531211518,0
1082,-0.438579766132,0
1083,-0.438695137146,0
1084,-0.438861133021,0
1085,-0.439051638385,0
1086,-0.439234955864,0
1087,-0.439379537626,0
1088,-0.439459502392,0
1089,-0.439459502392,0
1090,-0.439379537626,0
1091,-0.439234955863,0
1092,-0.439051638385,0
1093,-0.438861133021,0
1094,-0.438695137146,0
1095,-0.438579766132,0
1096,-0.438531211518,0
1097,-0.438554855981,0
1098,-0.438644608741,0
1099,-0.43878434882,0
1100,-0.438953638384,0
1101,-0.439128163409,0
1102,-0.439283772511,0
1103,-0.439399967721,0
1104,-0.439461870625,0
1105,-0.439461870625,0
1106,-0.439399967721,0
1107,-0.439283772511,0
1108,-0.439128163409,0
1109,-0.438953638384,0
1110,-0.43878434882,0
1111,-0.438644608741,0
1112,-0.438554855981,0
1113,-0.438531211518,0
1114,-0.438579766132,0
1115,-0.438695137146,0
1116,-0.438861133021,0
1117,-0.439051638385,0
1118,-0.439234955864,0
1119,-0.439379537626,0
1120,-0.439459502392,0
1121,-0.439459502392,0
1122,-0.439379537626,0
1123,-0.439234955863,0
1124,-0.439051638385,0
1125,-0.438861133021,0
1126,-0.438695137146,0
1127,-0.438579766132,0
1128,-0.438531211518,0
1129,-0.438554855981,0
1130,-0.438644608741,0
1131,-0.43878434882,0
1132,-0.438953638384,0
1133,-0.439128163409,0
1134,-0.439283772511,0
1135,-0.439399967721,0
1136,-0.439461870625,0
1137,-0.439461870625,0
1138,-0.439399967721,0
1139,-0.439283772511,0
1140,-0.439128163409,0
1141,-0.438953638384,0
1142,-0.43878434882,0
1143,-0.438644608741,0
1144,-0.438554855981,0
1145,-0.438531211518,0
1146,-0.438579766132,0
1147,-0.438695137146,0
1148,-0.438861133021,0
1149,-0.439051638385,0
1150,-0.439234955864,0
1151,-0.439379537626,0
1152,-0.439459502392,0
1153,-0.439459502392,0
1154,-0.439379537626,0
1155,-0.439234955863,0
1156,-0.439051638385,0
1157,-0.438861133021,0
1158,-0.438695137146,0
1159,-0.438579766132,0
1160,-0.438531211518,0
1161,-0.438554855981,0
1162,-0.438644608741,0
1163,-0.43878434882,0
1164,-0.438953638384,0
1165,-0.439128163409,0
1166,-0.439283772511,0
1167,-0.439399967721,0
1168,-0.439461870625,0
1169,-0.439461870625,0
1170,-0.439399967721,0
1171,-0.439283772512,0
1172,-0.439128163409,0
1173,-0.438953638384,0
1174,-0.43878434882,0
1175,-0.438644608741,0
1176,-0.438554855981,0
1177,-0.438531211518,0
1178,-0.438579766132,0
1179,-0.438695137146,0
1180,-0.438861133021,0
1181,-0.439051638385,0
1182,-0.439234955864,0
1183,-0.439379537626,0
1184,-0.439459502392,0
1185,-0.439459502392,0
1186,-0.439379537626,0
1187,-0.439234955863,0
1188,-0.439051638385,0
1189,-0.438861133021,0
1190,-0.438695137146,0
1191,-0.438579766132,0
1192,-0.438531211518,0
1193,-0.438554855981,0
1194,-0.438644608741,0
1195,-0.43878434882,0
1196,-0.438953638384,0
1197,-0.439128163409,0
1198,-0.439283772511,0
1199,-0.439399967721,0
1200,-0.439461870625,0
1201,-0.439461870625,0
1202,-0.439399967721,0
1203,-0.439283772511,0
1204,-0.439128163409,0
1205,-0.438953638384,0
1206,-0.43878434882,0
1207,-0.438644608741,0
1208,-0.438554855981,0
1209,-0.438531211518,0
1210,-0.438579766132,0
1211,-0.438695137146,0
1212,-0.438861133021,0
1213,-0.439051638385,0
1214,-0.439234955864,0
1215,-0.439379537626,0
1216,-0.439459502392,0
1217,-0.439459502392,0
1218,-0.439379537626,0
1219,-0.439234955863,0
1220,-0.439051638385,0
1221,-0.438861133021,0
1222,-0.438695137146,0
1223,-0.438579766132,0
1224,-0.438531211518,0
1225,-0.438554855981,0
1226,-0.438644608741,0
1227,-0.43878434882,0
1228,-0.438953638384,0
1229,-0.439128163409,0
1230,-0.439283772511,0
1231,-0.439399967721,0
1232,-0.439461870625,0
1233,-0.439461870625,0
1234,-0.439399967721,0
1235,-0.439283772511,0
1236,-0.439128163409,0
1237,-0.438953638384,0
1238,-0.43878434882,0
1239,-0.438644608741,0
1240,-0.438554855981,0
1241,-0.438531211518,0
1242,-0.438579766132,0
1243,-0.438695137146,0
1244,-0.438861133021,0
1245,-0.439051638385,0
1246,-0.439234955864,0
1247,-0.439379537626,0
1248,-0.439459502392,0
1249,-0.439459502392,0
1250,-0.439379537626,0
1251,-0.439234955863,0
1252,-0.439051638385,0
1253,-0.438861133021,0
1254,-0.438695137146,0
1255,-0.438579766132,0
1256,-0.438531211518,0
1257,-0.438554855981,0
1258,-0.438644608741,0
1259,-0.43878434882,0
1260,-0.438953638384,0
1261,-0.439128163409,0
1262,-0.439283772511,0
1263,-0.439399967721,0
1264,-0.439461870625,0
1265,-0.439461870625,0
1266,-0.439399967721,0
1267,-0.439283772511,0
1268,-0.439128163409,0
1269,-0.438953638384,0
1270,-0.43878434882,0
1271,-0.438644608741,0
1272,-0.438554855981,0
1273,-0.438531211518,0
1274,-0.438579766132,0
1275,-0.438695137146,0
1276,-0.438861133021,0
1277,-0.439051638385,0
1278,-0.439234955864,0
1279,-0.439379537626,0
1280,-0.439459502392,0
1281,-0.439459502392,0
1282,-0.439379537626,0
1283,-0.439234955863,0
1284,-0.439051638385,0
1285,-0.438861133021,0
1286,-0.438695137146,0
1287,-0.438579766132,0
1288,-0.438531211518,0
1289,-0.438554855981,0
1290,-0.438644608741,0
1291,-0.43878434882,0
1292,-0.438953638384,0
1293,-0.439128163409,0
1294,-0.439283772511,0
1295,-0.439399967721,0
1296,-0.439461870625,0
1297,-0.439461870625,0
1298,-0.439399967721,0
1299,-0.439283772511,0
1300,-0.439128163409,0
1301,-0.438953638384,0
1302,-0.43878434882,0
1303,-0.438644608741,0
1304,-0.438554855981,0
1305,-0.438531211518,0
1306,-0.438579766132,0
1307,-0.438695137146,0
1308,-0.438861133021,0
1309,-0.439051638385,0
1310,-0.439234955864,0
1311,-0.439379537626,0
1312,-0.439459502392,0
1313,-0.439459502392,0
1314,-0.439379537626,0
1315,-0.439234955863,0
1316,-0.439051638385,0
1317,-0.438861133021,0
1318,-0.438695137146,0
1319,-0.438579766132,0
1320,-0.438531211518,0
1321,-0.438554855981,0
1322,-0.438644608741,0
1323,-0.43878434882,0
1324,-0.438953638384,0
1325,-0.439128163409,0
1326,-0.439283772511,0
1327,-0.439399967721,0
1328,-0.439461870625,0
1329,-0.439461870625,0
1330,-0.439399967721,0
1331,-0.439283772511,0
1332,-0.439128163409,0
1333,-0.438953638384,0
1334,-0.43878434882,0
1335,-0.438644608741,0
1336,-0.438554855981,0
1337,-0.438531211518,0
1338,-0.438579766132,0
1339,-0.438695137146,0
1340,-0.438861133021,0
1341,-0.439051638385,0
1342,-0.439234955864,0
1343,-0.439379537626,0
1344,-0.439459502392,0
1345,-0.439459502392,0
1346,-0.439379537626,0
1347,-0.439234955863,0
1348,-0.439051638385,0
1349,-0.438861133021,0
1350,-0.438695137146,0
1351,-0.438579766132,0
1352,-0.438531211518,0
1353,-0.438554855981,0
1354,-0.438644608741,0
1355,-0.43878434882,0
1356,-0.438953638384,0
1357,-0.439128163409,0
1358,-0.439283772511,0
1359,-0.439399967721,0
1360,-0.439461870625,0
1361,-0.439461870625,0
1362,-0.439399967721,0
1363,-0.439283772511,0
1364,-0.439128163409,0
1365,-0.438953638384,0
1366,-0.43878434882,0
1367,-0.438644608741,0
1368,-0.438554855981,0
1369,-0.438531211518,0
1370,-0.438579766132,0
1371,-0.438695137146,0
1372,-0.438861133021,0
1373,-0.439051638386,0
1374,-0.439234955864,0
1375,-0.439379537626,0
1376,-0.439459502392,0
1377,-0.439459502392,0
1378,-0.439379537626,0
1379,-0.439234955863,0
1380,-0.439051638385,0
1381,-0.438861133021,0
1382,-0.438695137146,0
1383,-0.438579766132,0
1384,-0.438531211518,0
1385,-0.438554855981,0
1386,-0.438644608741,0
1387,-0.43878434882,0
1388,-0.438953638384,0
1389,-0.439128163409,0
1390,-0.439283772511,0
1391,-0.439399967721,0
1392,-0.439461870625,0
1393,-0.439461870625,0
1394,-0.439399967721,0
1395,-0.439283772511,0
1396,-0.439128163409,0
1397,-0.438953638384,0
1398,-0.43878434882,0
1399,-0.438644608741,0
1400,-0.438554855981,0
1401,-0.438531211518,0
1402,-0.438579766132,0
1403,-0.438695137146,0
1404,-0.438861133021,0
1405,-0.439051638385,0
1406,-0.439234955864,0
1407,-0.439379537626,0
1408,-0.439459502392,0
1409,-0.439459502392,0
1410,-0.439379537626,0
1411,-0.439234955863,0
1412,-0.439051638385,0
1413,-0.438861133021,0
1414,-0.438695137146,0
1415,-0.438579766132,0
1416,-0.438531211518,0
1417,-0.438554855981,0
1418,-0.438644608741,0
1419,-0.43878434882,0
1420,-0.438953638384,0
1421,-0.439128163409,0
1422,-0.439283772511,0
1423,-0.439399967721,0
1424,-0.439461870625,0
1425,-0.439461870625,0
1426,-0.439399967721,0
1427,-0.439283772511,0
1428,-0.439128163409,0
1429,-0.438953638384,0
1430,-0.43878434882,0
1431,-0.438644608741,0
1432,-0.438554855981,0
1433,-0.438531211518,0
1434,-0.438579766132,0
1435,-0.438695137146,0
1436,-0.438861133021,0
1437,-0.439051638386,0
1438,-0.439234955864,0
1439,-0.439379537626,0
1440,-0.439459502392,0
1441,-0.439459502392,0
1442,-0.439379537626,0
1443,-0.439234955863,0
1444,-0.439051638385,0
1445,-0.438861133021,0
1446,-0.438695137146,0
1447,-0.438579766132,0
1448,-0.438531211518,0
1449,-0.438554855981,0
1450,-0.438644608741,0
1451,-0.43878434882,0
1452,-0.438953638384,0
1453,-0.439128163409,0
1454,-0.439283772511,0
1455,-0.439399967721,0
1456,-0.439461870625,0
1457,-0.439461870625,0
1458,-0.439399967721,0
1459,-0.439283772511,0
1460,-0.439128163409,0
1461,-0.438953638384,0
1462,-0.43878434882,0
1463,-0.438644608741,0
1464,-0.438554855981,0
1465,-0.438531211518,0
1466,-0.438579766132,0
1467,-0.438695137146,0
1468,-0.438861133021,0
1469,-0.439051638386,0
1470,-0.439234955864,0
1471,-0.439379537626,0
1472,-0.439459502392,0
1473,-0.439459502392,0
1474,-0.439379537626,0
1475,-0.439234955863,0
1476,-0.439051638385,0
1477,-0.438861133021,0
1478,-0.438695137146,0
1479,-0.438579766132,0
1480,-0.438531211518,0
1481,-0.438554855981,0
1482,-0.438644608741,0
1483,-0.43878434882,0
1484,-0.438953638384,0
1485,-0.439128163409,0
1486,-0.439283772511,0
1487,-0.439399967721,0
1488,-0.439461870625,0
1489,-0.439461870625,0
1490,-0.439399967721,0
1491,-0.439283772511,0
1492,-0.439128163409,0
1493,-0.438953638384,0
1494,-0.43878434882,0
1495,-0.438644608741,0
1496,-0.438554855981,0
1497,-0.438531211518,0
1498,-0.438579766132,0
1499,-0.438695137146,0
1500,-0.438861133021,0
1501,-0.439051638386,0
1502,-0.439234955864,0
1503,-0.439379537626,0
1504,-0.439459502392,0
1505,-0.439459502392,0
1506,-0.439379537626,0
1507,-0.439234955863,0
1508,-0.439051638385,0
1509,-0.438861133021,0
1510,-0.438695137146,0
1511,-0.438579766132,0
1512,-0.438531211518,0
1513,-0.438554855981,0
1514,-0.438644608741,0
1515,-0.43878434882,0
1516,-0.438953638384,0
1517,-0.439128163409,0
1518,-0.439283772511,0
1519,-0.439399967721,0
1520,-0.439461870625,0
1521,-0.439461870625,0
1522,-0.439399967721,0
1523,-0.439283772511,0
1524,-0.439128163409,0
1525,-0.438953638384,0
1526,-0.43878434882,0
1527,-0.438644608741,0
1528,-0.438554855981,0
1529,-0.438531211518,0
1530,-0.438579766132,0
1531,-0.438695137146,0
1532,-0.438861133021,0
1533,-0.439051638385,0
1534,-0.439234955864,0
1535,-0.439379537626,0
1536,-0.439459502392,0
1537,-0.439459502392,0
1538,-0.439379537626,0
1539,-0.439234955863,0
1540,-0.439051638385,0
1541,-0.438861133021,0
1542,-0.438695137146,0
1543,-0.438579766132,0
1544,-0.438531211518,0
1545,-0.438554855981,0
1546,-0.438644608741,0
1547,-0.43878434882,0
1548,-0.438953638384,0
1549,-0.439128163409,0
1550,-0.439283772511,0
1551,-0.439399967721,0
1552,-0.439461870625,0
1553,-0.439461870625,0
1554,-0.439399967721,0
1555,-0.439283772511,0
1556,-0.439128163409,0
1557,-0.438953638384,0
1558,-0.43878434882,0
1559,-0.438644608741,0
1560,-0.438554855981,0
1561,-0.438531211518,0
1562,-0.438579766132,0
1563,-0.438695137146,0
1564,-0.438861133021,0
1565,-0.439051638386,0
1566,-0.439234955864,0
1567,-0.439379537626,0
1568,-0.439459502392,0
1569,-0.439459502392,0
1570,-0.439379537626,0
1571,-0.439234955863,0
1572,-0.439051638385,0
1573,-0.438861133021,0
1574,-0.438695137146,0
1575,-0.438579766132,0
1576,-0.438531211518,0
1577,-0.438554855981,0
1578,-0.438644608741,0
1579,-0.43878434882,0
1580,-0.438953638384,0
1581,-0.439128163409,0
1582,-0.439283772511,0
1583,-0.439399967721,0
1584,-0.439461870625,0
1585,-0.439461870625,0
1586,-0.439399967721,0
1587,-0.439283772511,0
1588,-0.439128163409,0
1589,-0.438953638384,0
1590,-0.43878434882,0
1591,-0.438644608741,0
1592,-0.438554855981,0
1593,-0.438531211518,0
1594,-0.438579766132,0
1595,-0.438695137146,0
1596,-0.438861133021,0
1597,-0.439051638386,0
1598,-0.439234955864,0
1599,-0.439379537626,0
1600,-0.439459502392,0
1601,-0.439459502392,0
1602,-0.439379537626,0
1603,-0.439234955863,0
1604,-0.439051638385,0
1605,-0.438861133021,0
1606,-0.438695137146,0
1607,-0.438579766132,0
1608,-0.438531211518,0
1609,-0.438554855981,0
1610,-0.438644608741,0
1611,-0.43878434882,0
1612,-0.438953638384,0
1613,-0.439128163409,0
1614,-0.439283772511,0
1615,-0.439399967721,0
1616,-0.439461870625,0
1617,-0.439461870625,0
1618,-0.439399967721,0
1619,-0.439283772511,0
1620,-0.439128163409,0
1621,-0.438953638384,0
1622,-0.43878434882,0
1623,-0.438644608741,0
1624,-0.438554855981,0
1625,-0.438531211518,0
1626,-0.438579766132,0
1627,-0.438695137146,0
1628,-0.438861133021,0
1629,-0.439051638386,0
1630,-0.439234955864,0
1631,-0.439379537626,0
1632,-0.439459502392,0
1633,-0.439459502392,0
1634,-0.439379537626,0
1635,-0.439234955863,0
1636,-0.439051638385,0
1637,-0.438861133021,0
1638,-0.438695137146,0
1639,-0.438579766132,0
1640,-0.438531211518,0
1641,-0.438554855981,0
1642,-0.438644608741,0
1643,-0.43878434882,0
1644,-0.438953638384,0
1645,-0.439128163409,0
1646,-0.439283772511,0
1647,-0.439399967721,0
1648,-0.439461870625,0
1649,-0.439461870625,0
1650,-0.439399967721,0
1651,-0.439283772511,0
1652,-0.439128163409,0
1653,-0.438953638384,0
1654,-0.43878434882,0
1655,-0.438644608741,0
1656,-0.438554855981,0
1657,-0.438531211518,0
1658,-0.438579766132,0
1659,-0.438695137146,0
1660,-0.438861133021,0
1661,-0.439051638386,0
1662,-0.439234955864,0
1663,-0.439379537626,0
1664,-0.439459502392,0

===== beginning time step 3 : 0.15 =====


Reforming stiffness matrix: reformation #1

===== reforming stiffness matrix:
	Nr of equations ........................... : 18942
	Nr of nonzeroes in stiffness matrix ....... : 1101134
 1
 Nonlinear solution status: time= 0.15
	stiffness updates             = 0
	right hand side evaluations   = 2
	stiffness matrix reformations = 1
	step from line search         = 1.000000
	convergence norms :     INITIAL         CURRENT         REQUIRED
	   residual            3.164043e+05    1.169272e-08    3.164043e+02 
	   energy              6.956359e+02    1.325260e-04    6.956359e-02 
	   displacement        1.562713e+00    1.562713e+00    6.250851e-04 
 2
 Nonlinear solution status: time= 0.15
	stiffness updates             = 1
	right hand side evaluations   = 3
	stiffness matrix reformations = 1
	step from line search         = 1.000000
	convergence norms :     INITIAL         CURRENT         REQUIRED
	   residual            3.164043e+05    4.322111e-17    3.164043e+02 
	   energy              6.956359e+02    1.515923e-15    6.956359e-02 
	   displacement        1.562713e+00    6.441450e-14    6.250849e-04 

convergence summary
    number of iterations   : 2
    number of reformations : 1

------- converged at time : 0.15


Data Record #1
===========================================================================
Step = 3
Time = 0.15
Data = shirt_final_coordinates
1,187.9,-5.07646635442e-16,2.589785949e-14
2,186.99521,16.1630264,2.40049945789e-14
3,184.289554,32.1703941,2.65397712236e-14
4,179.809089,47.8679433,2.866161129e-14
5,173.596964,63.104498,3.32121974642e-14
6,165.713006,77.7333219,2.7390090824e-14
7,156.23314,91.6135314,3.02229634259e-14
8,145.248664,104.611453,3.29806642412e-14
9,132.865364,116.601908,3.35858602306e-14
10,119.202498,127.469424,3.24680736176e-14
11,104.391647,137.109339,2.9406223561e-14
12,88.5754468,145.428816,2.52888841871e-14
13,71.9062169,152.347735,2.37389750581e-14
14,54.5444909,157.799461,2.26979279228e-14
15,36.6574715,161.731493,2.11175506444e-14
16,18.4174207,164.105961,2.36525796111e-14
17,1.49685243803e-14,164.9,2.28147890272e-14
18,-18.4174207,164.105961,2.23707703619e-14
19,-36.6574715,161.731493,1.71506526559e-14
20,-54.5444909,157.799461,1.87540870667e-14
21,-71.9062169,152.347735,2.05682388918e-14
22,-88.5754468,145.428816,1.69094528969e-14
23,-104.391647,137.109339,2.10847233483e-14
24,-119.202498,127.469424,1.63936165985e-14
25,-132.865364,116.601908,2.02659650675e-14
26,-145.248664,104.611453,1.91507766657e-14
27,-156.23314,91.6135314,1.2891085255e-14
28,-165.713006,77.7333219,1.27291441489e-14
29,-173.596964,63.104498,1.86567419782e-14
30,-179.809089,47.8679433,1.80526691764e-14
31,-184.289554,32.1703941,1.23412138848e-14
32,-186.99521,16.1630264,9.48246869655e-15
33,-187.9,2.96081476386e-14,7.38358901723e-15
34,-186.99521,-16.1630264,7.72614800984e-15
35,-184.289554,-32.1703941,9.48383714669e-15
36,-179.809089,-47.8679433,1.08920944827e-14
37,-173.596964,-63.104498,1.38988099366e-14
38,-165.713006,-77.7333219,1.17459231669e-14
39,-156.23314,-91.6135314,1.1641251537e-14
40,-145.248664,-104.611453,1.28433784122e-14
41,-132.865364,-116.601908,1.46729043322e-14
42,-119.202498,-127.469424,1.40384199329e-14
43,-104.391647,-137.109339,8.71170748426e-15
44,-88.5754468,-145.428816,3.67115297487e-15
45,-71.9062169,-152.347735,-8.08078520709e-16
46,-54.5444909,-157.799461,8.9199502451e-16
47,-36.6574715,-161.731493,2.80355182568e-15
48,-18.4174207,-164.105961,3.18983642661e-15
49,-3.94411309401e-15,-164.9,3.98828927979e-15
50,18.4174207,-164.105961,5.0379446204e-15
51,36.6574715,-161.731493,5.03401223655e-15
52,54.5444909,-157.799461,5.98327362483e-15
53,71.9062169,-152.347735,7.77387393393e-15
54,88.5754468,-145.428816,1.30947759732e-14
55,104.391647,-137.109339,1.95223707538e-14
56,119.202498,-127.469424,2.14184341278e-14
57,132.865364,-116.601908,2.70400054305e-14
58,145.248664,-104.611453,3.05722601941e-14
59,156.23314,-91.6135314,2.83586897129e-14
60,165.713006,-77.7333219,2.64800571919e-14
61,173.596964,-63.104498,3.38858439825e-14
62,179.809089,-47.8679433,3.29711897604e-14
63,184.289554,-32.1703941,3.18091184494e-14
64,186.99521,-16.1630264,2.82175226244e-14
65,187.9,1.62190234407e-15,25
66,186.99521,16.1630264,25
67,184.289554,32.1703941,25
68,179.809089,47.8679433,25
69,173.596964,63.104498,25
70,165.713006,77.7333219,25
71,156.23314,91.6135314,25
72,145.248664,104.611453,25
73,132.865364,116.601908,25
74,119.202498,127.469424,25
75,104.391647,137.109339,25
76,88.5754468,145.428816,25
77,71.9062169,152.347735,25
78,54.5444909,157.799461,25
79,36.6574715,161.731493,25
80,18.4174207,164.105961,25
81,1.44642380939e-14,164.9,25
82,-18.4174207,164.105961,25
83,-36.6574715,161.731493,25
84,-54.5444909,157.799461,25
85,-71.9062169,152.347735,25
86,-88.5754468,145.428816,25
87,-104.391647,137.109339,25
88,-119.202498,127.469424,25
89,-132.865364,116.601908,25
90,-145.248664,104.611453,25
91,-156.23314,91.6135314,25
92,-165.713006,77.7333219,25
93,-173.596964,63.104498,25
94,-179.809089,47.8679433,25
95,-184.289554,32.1703941,25
96,-186.99521,16.1630264,25
97,-187.9,2.97110686558e-14,25
98,-186.99521,-16.1630264,25
99,-184.289554,-32.1703941,25
100,-179.809089,-47.8679433,25
101,-173.596964,-63.104498,25
102,-165.713006,-77.7333219,25
103,-156.23314,-91.6135314,25
104,-145.248664,-104.611453,25
105,-132.865364,-116.601908,25
106,-119.202498,-127.469424,25
107,-104.391647,-137.109339,25
108,-88.5754468,-145.428816,25
109,-71.9062169,-152.347735,25
110,-54.5444909,-157.799461,25
111,-36.6574715,-161.731493,25
112,-18.4174207,-164.105961,25
113,-5.23099331605e-15,-164.9,25
114,18.4174207,-164.105961,25
115,36.6574715,-161.731493,25
116,54.5444909,-157.799461,25
117,71.9062169,-152.347735,25
118,88.5754468,-145.428816,25
119,104.391647,-137.109339,25
120,119.202498,-127.469424,25
121,132.865364,-116.601908,25
122,145.248664,-104.611453,25
123,156.23314,-91.6135314,25
124,165.713006,-77.7333219,25
125,173.596964,-63.104498,25
126,179.809089,-47.8679433,25
127,184.289554,-32.1703941,25
128,186.99521,-16.1630264,25
129,187.9,1.91780728424e-15,50
130,186.99521,16.1630264,50
131,184.289554,32.1703941,50
132,179.809089,47.8679433,50
133,173.596964,63.104498,50
134,165.713006,77.7333219,50
135,156.23314,91.6135314,50
136,145.248664,104.611453,50
137,132.865364,116.601908,50
138,119.202498,127.469424,50
139,104.391647,137.109339,50
140,88.5754468,145.428816,50
141,71.9062169,152.347735,50
142,54.5444909,157.799461,50
143,36.6574715,161.731493,50
144,18.4174207,164.105961,50
145,1.27232440975e-14,164.9,50
146,-18.4174207,164.105961,50
147,-36.6574715,161.731493,50
148,-54.5444909,157.799461,50
149,-71.9062169,152.347735,50
150,-88.5754468,145.428816,50
151,-104.391647,137.109339,50
152,-119.202498,127.469424,50
153,-132.865364,116.601908,50
154,-145.248664,104.611453,50
155,-156.23314,91.6135314,50
156,-165.713006,77.7333219,50
157,-173.596964,63.104498,50
158,-179.809089,47.8679433,50
159,-184.289554,32.1703941,50
160,-186.99521,16.1630264,50
161,-187.9,2.9658447544e-14,50
162,-186.99521,-16.1630264,50
163,-184.289554,-32.1703941,50
164,-179.809089,-47.8679433,50
165,-173.596964,-63.104498,50
166,-165.713006,-77.7333219,50
167,-156.23314,-91.6135314,50
168,-145.248664,-104.611453,50
169,-132.865364,-116.601908,50
170,-119.202498,-127.469424,50
171,-104.391647,-137.109339,50
172,-88.5754468,-145.428816,50
173,-71.9062169,-152.347735,50
174,-54.5444909,-157.799461,50
175,-36.6574715,-161.731493,50
176,-18.4174207,-164.105961,50
177,-7.2508009533e-15,-164.9,50
178,18.4174207,-164.105961,50
179,36.6574715,-161.731493,50
180,54.5444909,-157.799461,50
181,71.9062169,-152.347735,50
182,88.5754468,-145.428816,50
183,104.391647,-137.109339,50
184,119.202498,-127.469424,50
185,132.865364,-116.601908,50
186,145.248664,-104.611453,50
187,156.23314,-91.6135314,50
188,165.713006,-77.7333219,50
189,173.596964,-63.104498,50
190,179.809089,-47.8679433,50
191,184.289554,-32.1703941,50
192,186.99521,-16.1630264,50
193,187.9,1.04121789322e-15,75
194,186.99521,16.1630264,75
195,184.289554,32.1703941,75
196,179.809089,47.8679433,75
197,173.596964,63.104498,75
198,165.713006,77.7333219,75
199,156.23314,91.6135314,75
200,145.248664,104.611453,75
201,132.865364,116.601908,75
202,119.202498,127.469424,75
203,104.391647,137.109339,75
204,88.5754468,145.428816,75
205,71.9062169,152.347735,75
206,54.5444909,157.799461,75
207,36.6574715,161.731493,75
208,18.4174207,164.105961,75
209,1.34227752924e-14,164.9,75
210,-18.4174207,164.105961,75
211,-36.6574715,161.731493,75
212,-54.5444909,157.799461,75
213,-71.9062169,152.347735,75
214,-88.5754468,145.428816,75
215,-104.391647,137.109339,75
216,-119.202498,127.469424,75
217,-132.865364,116.601908,75
218,-145.248664,104.611453,75
219,-156.23314,91.6135314,75
220,-165.713006,77.7333219,75
221,-173.596964,63.104498,75
222,-179.809089,47.8679433,75
223,-184.289554,32.1703941,75
224,-186.99521,16.1630264,75
225,-187.9,2.84403754491e-14,75
226,-186.99521,-16.1630264,75
227,-184.289554,-32.1703941,75
228,-179.809089,-47.8679433,75
229,-173.596964,-63.104498,75
230,-165.713006,-77.7333219,75
231,-156.23314,-91.6135314,75
232,-145.248664,-104.611453,75
233,-132.865364,-116.601908,75
234,-119.202498,-127.469424,75
235,-104.391647,-137.109339,75
236,-88.5754468,-145.428816,75
237,-71.9062169,-152.347735,75
238,-54.5444909,-157.799461,75
239,-36.6574715,-161.731493,75
240,-18.4174207,-164.105961,75
241,-9.18481745023e-15,-164.9,75
242,18.4174207,-164.105961,75
243,36.6574715,-161.731493,75
244,54.5444909,-157.799461,75
245,71.9062169,-152.347735,75
246,88.5754468,-145.428816,75
247,104.391647,-137.109339,75
248,119.202498,-127.469424,75
249,132.865364,-116.601908,75
250,145.248664,-104.611453,75
251,156.23314,-91.6135314,75
252,165.713006,-77.7333219,75
253,173.596964,-63.104498,75
254,179.809089,-47.8679433,75
255,184.289554,-32.1703941,75
256,186.99521,-16.1630264,75
257,187.9,4.64277544022e-16,100
258,186.99521,16.1630264,100
259,184.289554,32.1703941,100
260,179.809089,47.8679433,100
261,173.596964,63.104498,100
262,165.713006,77.7333219,100
263,156.23314,91.6135314,100
264,145.248664,104.611453,100
265,132.865364,116.601908,100
266,119.202498,127.469424,100
267,104.391647,137.109339,100
268,88.5754468,145.428816,100
269,71.9062169,152.347735,100
270,54.5444909,157.799461,100
271,36.6574715,161.731493,100
272,18.4174207,164.105961,100
273,1.19842730512e-14,164.9,100
274,-18.4174207,164.105961,100
275,-36.6574715,161.731493,100
276,-54.5444909,157.799461,100
277,-71.9062169,152.347735,100
278,-88.5754468,145.428816,100
279,-104.391647,137.109339,100
280,-119.202498,127.469424,100
281,-132.865364,116.601908,100
282,-145.248664,104.611453,100
283,-156.23314,91.6135314,100
284,-165.713006,77.7333219,100
285,-173.596964,63.104498,100
286,-179.809089,47.8679433,100
287,-184.289554,32.1703941,100
288,-186.99521,16.1630264,100
289,-187.9,2.81027441255e-14,100
290,-186.99521,-16.1630264,100
291,-184.289554,-32.1703941,100
292,-179.809089,-47.8679433,100
293,-173.596964,-63.104498,100
294,-165.713006,-77.7333219,100
295,-156.23314,-91.6135314,100
296,-145.248664,-104.611453,100
297,-132.865364,-116.601908,100
298,-119.202498,-127.469424,100
299,-104.391647,-137.109339,100
300,-88.5754468,-145.428816,100
301,-71.9062169,-152.347735,100
302,-54.5444909,-157.799461,100
303,-36.6574715,-161.731493,100
304,-18.4174207,-164.105961,100
305,-1.02173627522e-14,-164.9,100
306,18.4174207,-164.105961,100
307,36.6574715,-161.731493,100
308,54.5444909,-157.799461,100
309,71.9062169,-152.347735,100
310,88.5754468,-145.428816,100
311,104.391647,-137.109339,100
312,119.202498,-127.469424,100
313,132.865364,-116.601908,100
314,145.248664,-104.611453,100
315,156.23314,-91.6135314,100
316,165.713006,-77.7333219,100
317,173.596964,-63.104498,100
318,179.809089,-47.8679433,100
319,184.289554,-32.1703941,100
320,186.99521,-16.1630264,100
321,187.9,1.41519399318e-15,125
322,186.99521,16.1630264,125
323,184.289554,32.1703941,125
324,179.809089,47.8679433,125
325,173.596964,63.104498,125
326,165.713006,77.7333219,125
327,156.23314,91.6135314,125
328,145.248664,104.611453,125
329,132.865364,116.601908,125
330,119.202498,127.469424,125
331,104.391647,137.109339,125
332,88.5754468,145.428816,125
333,71.9062169,152.347735,125
334,54.5444909,157.799461,125
335,36.6574715,161.731493,125
336,18.4174207,164.105961,125
337,1.15556872755e-14,164.9,125
338,-18.4174207,164.105961,125
339,-36.6574715,161.731493,125
340,-54.5444909,157.799461,125
341,-71.9062169,152.347735,125
342,-88.5754468,145.428816,125
343,-104.391647,137.109339,125
344,-119.202498,127.469424,125
345,-132.865364,116.601908,125
346,-145.248664,104.611453,125
347,-156.23314,91.6135314,125
348,-165.713006,77.7333219,125
349,-173.596964,63.104498,125
350,-179.809089,47.8679433,125
351,-184.289554,32.1703941,125
352,-186.99521,16.1630264,125
353,-187.9,2.66319110884e-14,125
354,-186.99521,-16.1630264,125
355,-184.289554,-32.1703941,125
356,-179.809089,-47.8679433,125
357,-173.596964,-63.104498,125
358,-165.713006,-77.7333219,125
359,-156.23314,-91.6135314,125
360,-145.248664,-104.611453,125
361,-132.865364,-116.601908,125
362,-119.202498,-127.469424,125
363,-104.391647,-137.109339,125
364,-88.5754468,-145.428816,125
365,-71.9062169,-152.347735,125
366,-54.5444909,-157.799461,125
367,-36.6574715,-161.731493,125
368,-18.4174207,-164.105961,125
369,-1.28261020845e-14,-164.9,125
370,18.4174207,-164.105961,125
371,36.6574715,-161.731493,125
372,54.5444909,-157.799461,125
373,71.9062169,-152.347735,125
374,88.5754468,-145.428816,125
375,104.391647,-137.109339,125
376,119.202498,-127.469424,125
377,132.865364,-116.601908,125
378,145.248664,-104.611453,125
379,156.23314,-91.6135314,125
380,165.713006,-77.7333219,125
381,173.596964,-63.104498,125
382,179.809089,-47.8679433,125
383,184.289554,-32.1703941,125
384,186.99521,-16.1630264,125
385,187.9,-9.04482731477e-16,150
386,186.99521,16.1630264,150
387,184.289554,32.1703941,150
388,179.809089,47.8679433,150
389,173.596964,63.104498,150
390,165.713006,77.7333219,150
391,156.23314,91.6135314,150
392,145.248664,104.611453,150
393,132.865364,116.601908,150
394,119.202498,127.469424,150
395,104.391647,137.109339,150
396,88.5754468,145.428816,150
397,71.9062169,152.347735,150
398,54.5444909,157.799461,150
399,36.6574715,161.731493,150
400,18.4174207,164.105961,150
401,1.03992691826e-14,164.9,150
402,-18.4174207,164.105961,150
403,-36.6574715,161.731493,150
404,-54.5444909,157.799461,150
405,-71.9062169,152.347735,150
406,-88.5754468,145.428816,150
407,-104.391647,137.109339,150
408,-119.202498,127.469424,150
409,-132.865364,116.601908,150
410,-145.248664,104.611453,150
411,-156.23314,91.6135314,150
412,-165.713006,77.7333219,150
413,-173.596964,63.104498,150
414,-179.809089,47.8679433,150
415,-184.289554,32.1703941,150
416,-186.99521,16.1630264,150
417,-187.9,2.41139333435e-14,150
418,-186.99521,-16.1630264,150
419,-184.289554,-32.1703941,150
420,-179.809089,-47.8679433,150
421,-173.596964,-63.104498,150
422,-165.713006,-77.7333219,150
423,-156.23314,-91.6135314,150
424,-145.248664,-104.611453,150
425,-132.865364,-116.601908,150
426,-119.202498,-127.469424,150
427,-104.391647,-137.109339,150
428,-88.5754468,-145.428816,150
429,-71.9062169,-152.347735,150
430,-54.5444909,-157.799461,150
431,-36.6574715,-161.731493,150
432,-18.4174207,-164.105961,150
433,-1.27200686196e-14,-164.9,150
434,18.4174207,-164.105961,150
435,36.6574715,-161.731493,150
436,54.5444909,-157.799461,150
437,71.9062169,-152.347735,150
438,88.5754468,-145.428816,150
439,104.391647,-137.109339,150
440,119.202498,-127.469424,150
441,132.865364,-116.601908,150
442,145.248664,-104.611453,150
443,156.23314,-91.6135314,150
444,165.713006,-77.7333219,150
445,173.596964,-63.104498,150
446,179.809089,-47.8679433,150
447,184.289554,-32.1703941,150
448,186.99521,-16.1630264,150
449,187.9,1.2427366337e-15,175
450,186.99521,16.1630264,175
451,184.289554,32.1703941,175
452,179.809089,47.8679433,175
453,173.596964,63.104498,175
454,165.713006,77.7333219,175
455,156.23314,91.6135314,175
456,145.248664,104.611453,175
457,132.865364,116.601908,175
458,119.202498,127.469424,175
459,104.391647,137.109339,175
460,88.5754468,145.428816,175
461,71.9062169,152.347735,175
462,54.5444909,157.799461,175
463,36.6574715,161.731493,175
464,18.4174207,164.105961,175
465,9.10517555227e-15,164.9,175
466,-18.4174207,164.105961,175
467,-36.6574715,161.731493,175
468,-54.5444909,157.799461,175
469,-71.9062169,152.347735,175
470,-88.5754468,145.428816,175
471,-104.391647,137.109339,175
472,-119.202498,127.469424,175
473,-132.865364,116.601908,175
474,-145.248664,104.611453,175
475,-156.23314,91.6135314,175
476,-165.713006,77.7333219,175
477,-173.596964,63.104498,175
478,-179.809089,47.8679433,175
479,-184.289554,32.1703941,175
480,-186.99521,16.1630264,175
481,-187.9,2.43597864603e-14,175
482,-186.99521,-16.1630264,175
483,-184.289554,-32.1703941,175
484,-179.809089,-47.8679433,175
485,-173.596964,-63.104498,175
486,-165.713006,-77.7333219,175
487,-156.23314,-91.6135314,175
488,-145.248664,-104.611453,175
489,-132.865364,-116.601908,175
490,-119.202498,-127.469424,175
491,-104.391647,-137.109339,175
492,-88.5754468,-145.428816,175
493,-71.9062169,-152.347735,175
494,-54.5444909,-157.799461,175
495,-36.6574715,-161.731493,175
496,-18.4174207,-164.105961,175
497,-1.23233655418e-14,-164.9,175
498,18.4174207,-164.105961,175
499,36.6574715,-161.731493,175
500,54.5444909,-157.799461,175
501,71.9062169,-152.347735,175
502,88.5754468,-145.428816,175
503,104.391647,-137.109339,175
504,119.202498,-127.469424,175
505,132.865364,-116.601908,175
506,145.248664,-104.611453,175
507,156.23314,-91.6135314,175
508,165.713006,-77.7333219,175
509,173.596964,-63.104498,175
510,179.809089,-47.8679433,175
511,184.289554,-32.1703941,175
512,186.99521,-16.1630264,175
513,187.9,3.62553751085e-15,200
514,186.99521,16.1630264,200
515,184.289554,32.1703941,200
516,179.809089,47.8679433,200
517,173.596964,63.104498,200
518,165.713006,77.7333219,200
519,156.23314,91.6135314,200
520,145.248664,104.611453,200
521,132.865364,116.601908,200
522,119.202498,127.469424,200
523,104.391647,137.109339,200
524,88.5754468,145.428816,200
525,71.9062169,152.347735,200
526,54.5444909,157.799461,200
527,36.6574715,161.731493,200
528,18.4174207,164.105961,200
529,8.6347579852e-15,164.9,200
530,-18.4174207,164.105961,200
531,-36.6574715,161.731493,200
532,-54.5444909,157.799461,200
533,-71.9062169,152.347735,200
534,-88.5754468,145.428816,200
535,-104.391647,137.109339,200
536,-119.202498,127.469424,200
537,-132.865364,116.601908,200
538,-145.248664,104.611453,200
539,-156.23314,91.6135314,200
540,-165.713006,77.7333219,200
541,-173.596964,63.104498,200
542,-179.809089,47.8679433,200
543,-184.289554,32.1703941,200
544,-186.99521,16.1630264,200
545,-187.9,2.81109326882e-14,200
546,-186.99521,-16.1630264,200
547,-184.289554,-32.1703941,200
548,-179.809089,-47.8679433,200
549,-173.596964,-63.104498,200
550,-165.713006,-77.7333219,200
551,-156.23314,-91.6135314,200
552,-145.248664,-104.611453,200
553,-132.865364,-116.601908,200
554,-119.202498,-127.469424,200
555,-104.391647,-137.109339,200
556,-88.5754468,-145.428816,200
557,-71.9062169,-152.347735,200
558,-54.5444909,-157.799461,200
559,-36.6574715,-161.731493,200
560,-18.4174207,-164.105961,200
561,-1.25621223961e-14,-164.9,200
562,18.4174207,-164.105961,200
563,36.6574715,-161.731493,200
564,54.5444909,-157.799461,200
565,71.9062169,-152.347735,200
566,88.5754468,-145.428816,200
567,104.391647,-137.109339,200
568,119.202498,-127.469424,200
569,132.865364,-116.601908,200
570,145.248664,-104.611453,200
571,156.23314,-91.6135314,200
572,165.713006,-77.7333219,200
573,173.596964,-63.104498,200
574,179.809089,-47.8679433,200
575,184.289554,-32.1703941,200
576,186.99521,-16.1630264,200
577,187.9,3.18012114032e-15,225
578,186.99521,16.1630264,225
579,184.289554,32.1703941,225
580,179.809089,47.8679433,225
581,173.596964,63.104498,225
582,165.713006,77.7333219,225
583,156.23314,91.6135314,225
584,145.248664,104.611453,225
585,132.865364,116.601908,225
586,119.202498,127.469424,225
587,104.391647,137.109339,225
588,88.5754468,145.428816,225
589,71.9062169,152.347735,225
590,54.5444909,157.799461,225
591,36.6574715,161.731493,225
592,18.4174207,164.105961,225
593,8.11966616314e-15,164.9,225
594,-18.4174207,164.105961,225
595,-36.6574715,161.731493,225
596,-54.5444909,157.799461,225
597,-71.9062169,152.347735,225
598,-88.5754468,145.428816,225
599,-104.391647,137.109339,225
600,-119.202498,127.469424,225
601,-132.865364,116.601908,225
602,-145.248664,104.611453,225
603,-156.23314,91.6135314,225
604,-165.713006,77.7333219,225
605,-173.596964,63.104498,225
606,-179.809089,47.8679433,225
607,-184.289554,32.1703941,225
608,-186.99521,16.1630264,225
609,-187.9,2.89472782442e-14,225
610,-186.99521,-16.1630264,225
611,-184.289554,-32.1703941,225
612,-179.809089,-47.8679433,225
613,-173.596964,-63.104498,225
614,-165.713006,-77.7333219,225
615,-156.23314,-91.6135314,225
616,-145.248664,-104.611453,225
617,-132.865364,-116.601908,225
618,-119.202498,-127.469424,225
619,-104.391647,-137.109339,225
620,-88.5754468,-145.428816,225
621,-71.9062169,-152.347735,225
622,-54.5444909,-157.799461,225
623,-36.6574715,-161.731493,225
624,-18.4174207,-164.105961,225
625,-1.22775054827e-14,-164.9,225
626,18.4174207,-164.105961,225
627,36.6574715,-161.731493,225
628,54.5444909,-157.799461,225
629,71.9062169,-152.347735,225
630,88.5754468,-145.428816,225
631,104.391647,-137.109339,225
632,119.202498,-127.469424,225
633,132.865364,-116.601908,225
634,145.248664,-104.611453,225
635,156.23314,-91.6135314,225
636,165.713006,-77.7333219,225
637,173.596964,-63.104498,225
638,179.809089,-47.8679433,225
639,184.289554,-32.1703941,225
640,186.99521,-16.1630264,225
641,187.9,5.08910569644e-15,250
642,186.99521,16.1630264,250
643,184.289554,32.1703941,250
644,179.809089,47.8679433,250
645,173.596964,63.104498,250
646,165.713006,77.7333219,250
647,156.23314,91.6135314,250
648,145.248664,104.611453,250
649,132.865364,116.601908,250
650,119.202498,127.469424,250
651,104.391647,137.109339,250
652,88.5754468,145.428816,250
653,71.9062169,152.347735,250
654,54.5444909,157.799461,250
655,36.6574715,161.731493,250
656,18.4174207,164.105961,250
657,7.57715142926e-15,164.9,250
658,-18.4174207,164.105961,250
659,-36.6574715,161.731493,250
660,-54.5444909,157.799461,250
661,-71.9062169,152.347735,250
662,-88.5754468,145.428816,250
663,-104.391647,137.109339,250
664,-119.202498,127.469424,250
665,-132.865364,116.601908,250
666,-145.248664,104.611453,250
667,-156.23314,91.6135314,250
668,-165.713006,77.7333219,250
669,-173.596964,63.104498,250
670,-179.809089,47.8679433,250
671,-184.289554,32.1703941,250
672,-186.99521,16.1630264,250
673,-187.9,2.99476814386e-14,250
674,-186.99521,-16.1630264,250
675,-184.289554,-32.1703941,250
676,-179.809089,-47.8679433,250
677,-173.596964,-63.104498,250
678,-165.713006,-77.7333219,250
679,-156.23314,-91.6135314,250
680,-145.248664,-104.611453,250
681,-132.865364,-116.601908,250
682,-119.202498,-127.469424,250
683,-104.391647,-137.109339,250
684,-88.5754468,-145.428816,250
685,-71.9062169,-152.347735,250
686,-54.5444909,-157.799461,250
687,-36.6574715,-161.731493,250
688,-18.4174207,-164.105961,250
689,-1.32102178179e-14,-164.9,250
690,18.4174207,-164.105961,250
691,36.6574715,-161.731493,250
692,54.5444909,-157.799461,250
693,71.9062169,-152.347735,250
694,88.5754468,-145.428816,250
695,104.391647,-137.109339,250
696,119.202498,-127.469424,250
697,132.865364,-116.601908,250
698,145.248664,-104.611453,250
699,156.23314,-91.6135314,250
700,165.713006,-77.7333219,250
701,173.596964,-63.104498,250
702,179.809089,-47.8679433,250
703,184.289554,-32.1703941,250
704,186.99521,-16.1630264,250
705,187.9,8.07344983488e-15,275
706,186.99521,16.1630264,275
707,184.289554,32.1703941,275
708,179.809089,47.8679433,275
709,173.596964,63.104498,275
710,165.713006,77.7333219,275
711,156.23314,91.6135314,275
712,145.248664,104.611453,275
713,132.865364,116.601908,275
714,119.202498,127.469424,275
715,104.391647,137.109339,275
716,88.5754468,145.428816,275
717,71.9062169,152.347735,275
718,54.5444909,157.799461,275
719,36.6574715,161.731493,275
720,18.4174207,164.105961,275
721,4.17630367038e-15,164.9,275
722,-18.4174207,164.105961,275
723,-36.6574715,161.731493,275
724,-54.5444909,157.799461,275
725,-71.9062169,152.347735,275
726,-88.5754468,145.428816,275
727,-104.391647,137.109339,275
728,-119.202498,127.469424,275
729,-132.865364,116.601908,275
730,-145.248664,104.611453,275
731,-156.23314,91.6135314,275
732,-165.713006,77.7333219,275
733,-173.596964,63.104498,275
734,-179.809089,47.8679433,275
735,-184.289554,32.1703941,275
736,-186.99521,16.1630264,275
737,-187.9,3.10551264613e-14,275
738,-186.99521,-16.1630264,275
739,-184.289554,-32.1703941,275
740,-179.809089,-47.8679433,275
741,-173.596964,-63.104498,275
742,-165.713006,-77.7333219,275
743,-156.23314,-91.6135314,275
744,-145.248664,-104.611453,275
745,-132.865364,-116.601908,275
746,-119.202498,-127.469424,275
747,-104.391647,-137.109339,275
748,-88.5754468,-145.428816,275
749,-71.9062169,-152.347735,275
750,-54.5444909,-157.799461,275
751,-36.6574715,-161.731493,275
752,-18.4174207,-164.105961,275
753,-1.3875362168e-14,-164.9,275
754,18.4174207,-164.105961,275
755,36.6574715,-161.731493,275
756,54.5444909,-157.799461,275
757,71.9062169,-152.347735,275
758,88.5754468,-145.428816,275
759,104.391647,-137.109339,275
760,119.202498,-127.469424,275
761,132.865364,-116.601908,275
762,145.248664,-104.611453,275
763,156.23314,-91.6135314,275
764,165.713006,-77.7333219,275
765,173.596964,-63.104498,275
766,179.809089,-47.8679433,275
767,184.289554,-32.1703941,275
768,186.99521,-16.1630264,275
769,187.9,6.57254990235e-15,300
770,186.99521,16.1630264,300
771,184.289554,32.1703941,300
772,179.809089,47.8679433,300
773,173.596964,63.104498,300
774,165.713006,77.7333219,300
775,156.23314,91.6135314,300
776,145.248664,104.611453,300
777,132.865364,116.601908,300
778,119.202498,127.469424,300
779,104.391647,137.109339,300
780,88.5754468,145.428816,300
781,71.9062169,152.347735,300
782,54.5444909,157.799461,300
783,36.6574715,161.731493,300
784,18.4174207,164.105961,300
785,3.71414730217e-15,164.9,300
786,-18.4174207,164.105961,300
787,-36.6574715,161.731493,300
788,-54.5444909,157.799461,300
789,-71.9062169,152.347735,300
790,-88.5754468,145.428816,300
791,-104.391647,137.109339,300
792,-119.202498,127.469424,300
793,-132.865364,116.601908,300
794,-145.248664,104.611453,300
795,-156.23314,91.6135314,300
796,-165.713006,77.7333219,300
797,-173.596964,63.104498,300
798,-179.809089,47.8679433,300
799,-184.289554,32.1703941,300
800,-186.99521,16.1630264,300
801,-187.9,3.15368376604e-14,300
802,-186.99521,-16.1630264,300
803,-184.289554,-32.1703941,300
804,-179.809089,-47.8679433,300
805,-173.596964,-63.104498,300
806,-165.713006,-77.7333219,300
807,-156.23314,-91.6135314,300
808,-145.248664,-104.611453,300
809,-132.865364,-116.601908,300
810,-119.202498,-127.469424,300
811,-104.391647,-137.109339,300
812,-88.5754468,-145.428816,300
813,-71.9062169,-152.347735,300
814,-54.5444909,-157.799461,300
815,-36.6574715,-161.731493,300
816,-18.4174207,-164.105961,300
817,-1.60216510157e-14,-164.9,300
818,18.4174207,-164.105961,300
819,36.6574715,-161.731493,300
820,54.5444909,-157.799461,300
821,71.9062169,-152.347735,300
822,88.5754468,-145.428816,300
823,104.391647,-137.109339,300
824,119.202498,-127.469424,300
825,132.865364,-116.601908,300
826,145.248664,-104.611453,300
827,156.23314,-91.6135314,300
828,165.713006,-77.7333219,300
829,173.596964,-63.104498,300
830,179.809089,-47.8679433,300
831,184.289554,-32.1703941,300
832,186.99521,-16.1630264,300
833,187.9,6.20805786851e-15,325
834,186.99521,16.1630264,325
835,184.289554,32.1703941,325
836,179.809089,47.8679433,325
837,173.596964,63.104498,325
838,165.713006,77.7333219,325
839,156.23314,91.6135314,325
840,145.248664,104.611453,325
841,132.865364,116.601908,325
842,119.202498,127.469424,325
843,104.391647,137.109339,325
844,88.5754468,145.428816,325
845,71.9062169,152.347735,325
846,54.5444909,157.799461,325
847,36.6574715,161.731493,325
848,18.4174207,164.105961,325
849,7.03087471219e-15,164.9,325
850,-18.4174207,164.105961,325
851,-36.6574715,161.731493,325
852,-54.5444909,157.799461,325
853,-71.9062169,152.347735,325
854,-88.5754468,145.428816,325
855,-104.391647,137.109339,325
856,-119.202498,127.469424,325
857,-132.865364,116.601908,325
858,-145.248664,104.611453,325
859,-156.23314,91.6135314,325
860,-165.713006,77.7333219,325
861,-173.596964,63.104498,325
862,-179.809089,47.8679433,325
863,-184.289554,32.1703941,325
864,-186.99521,16.1630264,325
865,-187.9,3.22197903306e-14,325
866,-186.99521,-16.1630264,325
867,-184.289554,-32.1703941,325
868,-179.809089,-47.8679433,325
869,-173.596964,-63.104498,325
870,-165.713006,-77.7333219,325
871,-156.23314,-91.6135314,325
872,-145.248664,-104.611453,325
873,-132.865364,-116.601908,325
874,-119.202498,-127.469424,325
875,-104.391647,-137.109339,325
876,-88.5754468,-145.428816,325
877,-71.9062169,-152.347735,325
878,-54.5444909,-157.799461,325
879,-36.6574715,-161.731493,325
880,-18.4174207,-164.105961,325
881,-1.58158080679e-14,-164.9,325
882,18.4174207,-164.105961,325
883,36.6574715,-161.731493,325
884,54.5444909,-157.799461,325
885,71.9062169,-152.347735,325
886,88.5754468,-145.428816,325
887,104.391647,-137.109339,325
888,119.202498,-127.469424,325
889,132.865364,-116.601908,325
890,145.248664,-104.611453,325
891,156.23314,-91.6135314,325
892,165.713006,-77.7333219,325
893,173.596964,-63.104498,325
894,179.809089,-47.8679433,325
895,184.289554,-32.1703941,325
896,186.99521,-16.1630264,325
897,187.9,6.74609550123e-15,350
898,186.99521,16.1630264,350
899,184.289554,32.1703941,350
900,179.809089,47.8679433,350
901,173.596964,63.104498,350
902,165.713006,77.7333219,350
903,156.23314,91.6135314,350
904,145.248664,104.611453,350
905,132.865364,116.601908,350
906,119.202498,127.469424,350
907,104.391647,137.109339,350
908,88.5754468,145.428816,350
909,71.9062169,152.347735,350
910,54.5444909,157.799461,350
911,36.6574715,161.731493,350
912,18.4174207,164.105961,350
913,1.22654709917e-14,164.9,350
914,-18.4174207,164.105961,350
915,-36.6574715,161.731493,350
916,-54.5444909,157.799461,350
917,-71.9062169,152.347735,350
918,-88.5754468,145.428816,350
919,-104.391647,137.109339,350
920,-119.202498,127.469424,350
921,-132.865364,116.601908,350
922,-145.248664,104.611453,350
923,-156.23314,91.6135314,350
924,-165.713006,77.7333219,350
925,-173.596964,63.104498,350
926,-179.809089,47.8679433,350
927,-184.289554,32.1703941,350
928,-186.99521,16.1630264,350
929,-187.9,3.0904642402e-14,350
930,-186.99521,-16.1630264,350
931,-184.289554,-32.1703941,350
932,-179.809089,-47.8679433,350
933,-173.596964,-63.104498,350
934,-165.713006,-77.7333219,350
935,-156.23314,-91.6135314,350
936,-145.248664,-104.611453,350
937,-132.865364,-116.601908,350
938,-119.202498,-127.469424,350
939,-104.391647,-137.109339,350
940,-88.5754468,-145.428816,350
941,-71.9062169,-152.347735,350
942,-54.5444909,-157.799461,350
943,-36.6574715,-161.731493,350
944,-18.4174207,-164.105961,350
945,-1.65404248074e-14,-164.9,350
946,18.4174207,-164.105961,350
947,36.6574715,-161.731493,350
948,54.5444909,-157.799461,350
949,71.9062169,-152.347735,350
950,88.5754468,-145.428816,350
951,104.391647,-137.109339,350
952,119.202498,-127.469424,350
953,132.865364,-116.601908,350
954,145.248664,-104.611453,350
955,156.23314,-91.6135314,350
956,165.713006,-77.7333219,350
957,173.596964,-63.104498,350
958,179.809089,-47.8679433,350
959,184.289554,-32.1703941,350
960,186.99521,-16.1630264,350
961,187.9,6.13194841358e-15,375
962,186.99521,16.1630264,375
963,184.289554,32.1703941,375
964,179.809089,47.8679433,375
965,173.596964,63.104498,375
966,165.713006,77.7333219,375
967,156.23314,91.6135314,375
968,145.248664,104.611453,375
969,132.865364,116.601908,375
970,119.202498,127.469424,375
971,104.391647,137.109339,375
972,88.5754468,145.428816,375
973,71.9062169,152.347735,375
974,54.5444909,157.799461,375
975,36.6574715,161.731493,375
976,18.4174207,164.105961,375
977,1.34042805676e-14,164.9,375
978,-18.4174207,164.105961,375
979,-36.6574715,161.731493,375
980,-54.5444909,157.799461,375
981,-71.9062169,152.347735,375
982,-88.5754468,145.428816,375
983,-104.391647,137.109339,375
984,-119.202498,127.469424,375
985,-132.865364,116.601908,375
986,-145.248664,104.611453,375
987,-156.23314,91.6135314,375
988,-165.713006,77.7333219,375
989,-173.596964,63.104498,375
990,-179.809089,47.8679433,375
991,-184.289554,32.1703941,375
992,-186.99521,16.1630264,375
993,-187.9,3.0310596456e-14,375
994,-186.99521,-16.1630264,375
995,-184.289554,-32.1703941,375
996,-179.809089,-47.8679433,375
997,-173.596964,-63.104498,375
998,-165.713006,-77.7333219,375
999,-156.23314,-91.6135314,375
1000,-145.248664,-104.611453,375
1001,-132.865364,-116.601908,375
1002,-119.202498,-127.469424,375
1003,-104.391647,-137.109339,375
1004,-88.5754468,-145.428816,375
1005,-71.9062169,-152.347735,375
1006,-54.5444909,-157.799461,375
1007,-36.6574715,-161.731493,375
1008,-18.4174207,-164.105961,375
1009,-1.68505598831e-14,-164.9,375
1010,18.4174207,-164.105961,375
1011,36.6574715,-161.731493,375
1012,54.5444909,-157.799461,375
1013,71.9062169,-152.347735,375
1014,88.5754468,-145.428816,375
1015,104.391647,-137.109339,375
1016,119.202498,-127.469424,375
1017,132.865364,-116.601908,375
1018,145.248664,-104.611453,375
1019,156.23314,-91.6135314,375
1020,165.713006,-77.7333219,375
1021,173.596964,-63.104498,375
1022,179.809089,-47.8679433,375
1023,184.289554,-32.1703941,375
1024,186.99521,-16.1630264,375
1025,187.9,5.54731203181e-15,400
1026,186.99521,16.1630264,400
1027,184.289554,32.1703941,400
1028,179.809089,47.8679433,400
1029,173.596964,63.104498,400
1030,165.713006,77.7333219,400
1031,156.23314,91.6135314,400
1032,145.248664,104.611453,400
1033,132.865364,116.601908,400
1034,119.202498,127.469424,400
1035,104.391647,137.109339,400
1036,88.5754468,145.428816,400
1037,71.9062169,152.347735,400
1038,54.5444909,157.799461,400
1039,36.6574715,161.731493,400
1040,18.4174207,164.105961,400
1041,1.34979352054e-14,164.9,400
1042,-18.4174207,164.105961,400
1043,-36.6574715,161.731493,400
1044,-54.5444909,157.799461,400
1045,-71.9062169,152.347735,400
1046,-88.5754468,145.428816,400
1047,-104.391647,137.109339,400
1048,-119.202498,127.469424,400
1049,-132.865364,116.601908,400
1050,-145.248664,104.611453,400
1051,-156.23314,91.6135314,400
1052,-165.713006,77.7333219,400
1053,-173.596964,63.104498,400
1054,-179.809089,47.8679433,400
1055,-184.289554,32.1703941,400
1056,-186.99521,16.1630264,400
1057,-187.9,2.86791483953e-14,400
1058,-186.99521,-16.1630264,400
1059,-184.289554,-32.1703941,400
1060,-179.809089,-47.8679433,400
1061,-173.596964,-63.104498,400
1062,-165.713006,-77.7333219,400
1063,-156.23314,-91.6135314,400
1064,-145.248664,-104.611453,400
1065,-132.865364,-116.601908,400
1066,-119.202498,-127.469424,400
1067,-104.391647,-137.109339,400
1068,-88.5754468,-145.428816,400
1069,-71.9062169,-152.347735,400
1070,-54.5444909,-157.799461,400
1071,-36.6574715,-161.731493,400
1072,-18.4174207,-164.105961,400
1073,-1.44299106612e-14,-164.9,400
1074,18.4174207,-164.105961,400
1075,36.6574715,-161.731493,400
1076,54.5444909,-157.799461,400
1077,71.9062169,-152.347735,400
1078,88.5754468,-145.428816,400
1079,104.391647,-137.109339,400
1080,119.202498,-127.469424,400
1081,132.865364,-116.601908,400
1082,145.248664,-104.611453,400
1083,156.23314,-91.6135314,400
1084,165.713006,-77.7333219,400
1085,173.596964,-63.104498,400
1086,179.809089,-47.8679433,400
1087,184.289554,-32.1703941,400
1088,186.99521,-16.1630264,400
1089,187.9,5.4369324731e-15,425
1090,186.99521,16.1630264,425
1091,184.289554,32.1703941,425
1092,179.809089,47.8679433,425
1093,173.596964,63.104498,425
1094,165.713006,77.7333219,425
1095,156.23314,91.6135314,425
1096,145.248664,104.611453,425
1097,132.865364,116.601908,425
1098,119.202498,127.469424,425
1099,104.391647,137.109339,425
1100,88.5754468,145.428816,425
1101,71.9062169,152.347735,425
1102,54.5444909,157.799461,425
1103,36.6574715,161.731493,425
1104,18.4174207,164.105961,425
1105,1.48625096392e-14,164.9,425
1106,-18.4174207,164.105961,425
1107,-36.6574715,161.731493,425
1108,-54.5444909,157.799461,425
1109,-71.9062169,152.347735,425
1110,-88.5754468,145.428816,425
1111,-104.391647,137.109339,425
1112,-119.202498,127.469424,425
1113,-132.865364,116.601908,425
1114,-145.248664,104.611453,425
1115,-156.23314,91.6135314,425
1116,-165.713006,77.7333219,425
1117,-173.596964,63.104498,425
1118,-179.809089,47.8679433,425
1119,-184.289554,32.1703941,425
1120,-186.99521,16.1630264,425
1121,-187.9,3.00891733391e-14,425
1122,-186.99521,-16.1630264,425
1123,-184.289554,-32.1703941,425
1124,-179.809089,-47.8679433,425
1125,-173.596964,-63.104498,425
1126,-165.713006,-77.7333219,425
1127,-156.23314,-91.6135314,425
1128,-145.248664,-104.611453,425
1129,-132.865364,-116.601908,425
1130,-119.202498,-127.469424,425
1131,-104.391647,-137.109339,425
1132,-88.5754468,-145.428816,425
1133,-71.9062169,-152.347735,425
1134,-54.5444909,-157.799461,425
1135,-36.6574715,-161.731493,425
1136,-18.4174207,-164.105961,425
1137,-1.63229811255e-14,-164.9,425
1138,18.4174207,-164.105961,425
1139,36.6574715,-161.731493,425
1140,54.5444909,-157.799461,425
1141,71.9062169,-152.347735,425
1142,88.5754468,-145.428816,425
1143,104.391647,-137.109339,425
1144,119.202498,-127.469424,425
1145,132.865364,-116.601908,425
1146,145.248664,-104.611453,425
1147,156.23314,-91.6135314,425
1148,165.713006,-77.7333219,425
1149,173.596964,-63.104498,425
1150,179.809089,-47.8679433,425
1151,184.289554,-32.1703941,425
1152,186.99521,-16.1630264,425
1153,187.9,3.89298678734e-15,450
1154,186.99521,16.1630264,450
1155,184.289554,32.1703941,450
1156,179.809089,47.8679433,450
1157,173.596964,63.104498,450
1158,165.713006,77.7333219,450
1159,156.23314,91.6135314,450
1160,145.248664,104.611453,450
1161,132.865364,116.601908,450
1162,119.202498,127.469424,450
1163,104.391647,137.109339,450
1164,88.5754468,145.428816,450
1165,71.9062169,152.347735,450
1166,54.5444909,157.799461,450
1167,36.6574715,161.731493,450
1168,18.4174207,164.105961,450
1169,1.01404425939e-14,164.9,450
1170,-18.4174207,164.105961,450
1171,-36.6574715,161.731493,450
1172,-54.5444909,157.799461,450
1173,-71.9062169,152.347735,450
1174,-88.5754468,145.428816,450
1175,-104.391647,137.109339,450
1176,-119.202498,127.469424,450
1177,-132.865364,116.601908,450
1178,-145.248664,104.611453,450
1179,-156.23314,91.6135314,450
1180,-165.713006,77.7333219,450
1181,-173.596964,63.104498,450
1182,-179.809089,47.8679433,450
1183,-184.289554,32.1703941,450
1184,-186.99521,16.1630264,450
1185,-187.9,2.91621324968e-14,450
1186,-186.99521,-16.1630264,450
1187,-184.289554,-32.1703941,450
1188,-179.809089,-47.8679433,450
1189,-173.596964,-63.104498,450
1190,-165.713006,-77.7333219,450
1191,-156.23314,-91.6135314,450
1192,-145.248664,-104.611453,450
1193,-132.865364,-116.601908,450
1194,-119.202498,-127.469424,450
1195,-104.391647,-137.109339,450
1196,-88.5754468,-145.428816,450
1197,-71.9062169,-152.347735,450
1198,-54.5444909,-157.799461,450
1199,-36.6574715,-161.731493,450
1200,-18.4174207,-164.105961,450
1201,-1.54186784269e-14,-164.9,450
1202,18.4174207,-164.105961,450
1203,36.6574715,-161.731493,450
1204,54.5444909,-157.799461,450
1205,71.9062169,-152.347735,450
1206,88.5754468,-145.428816,450
1207,104.391647,-137.109339,450
1208,119.202498,-127.469424,450
1209,132.865364,-116.601908,450
1210,145.248664,-104.611453,450
1211,156.23314,-91.6135314,450
1212,165.713006,-77.7333219,450
1213,173.596964,-63.104498,450
1214,179.809089,-47.8679433,450
1215,184.289554,-32.1703941,450
1216,186.99521,-16.1630264,450
1217,187.9,3.99293738503e-15,475
1218,186.99521,16.1630264,475
1219,184.289554,32.1703941,475
1220,179.809089,47.8679433,475
1221,173.596964,63.104498,475
1222,165.713006,77.7333219,475
1223,156.23314,91.6135314,475
1224,145.248664,104.611453,475
1225,132.865364,116.601908,475
1226,119.202498,127.469424,475
1227,104.391647,137.109339,475
1228,88.5754468,145.428816,475
1229,71.9062169,152.347735,475
1230,54.5444909,157.799461,475
1231,36.6574715,161.731493,475
1232,18.4174207,164.105961,475
1233,9.65209425447e-15,164.9,475
1234,-18.4174207,164.105961,475
1235,-36.6574715,161.731493,475
1236,-54.5444909,157.799461,475
1237,-71.9062169,152.347735,475
1238,-88.5754468,145.428816,475
1239,-104.391647,137.109339,475
1240,-119.202498,127.469424,475
1241,-132.865364,116.601908,475
1242,-145.248664,104.611453,475
1243,-156.23314,91.6135314,475
1244,-165.713006,77.7333219,475
1245,-173.596964,63.104498,475
1246,-179.809089,47.8679433,475
1247,-184.289554,32.1703941,475
1248,-186.99521,16.1630264,475
1249,-187.9,2.96096791144e-14,475
1250,-186.99521,-16.1630264,475
1251,-184.289554,-32.1703941,475
1252,-179.809089,-47.8679433,475
1253,-173.596964,-63.104498,475
1254,-165.713006,-77.7333219,475
1255,-156.23314,-91.6135314,475
1256,-145.248664,-104.611453,475
1257,-132.865364,-116.601908,475
1258,-119.202498,-127.469424,475
1259,-104.391647,-137.109339,475
1260,-88.5754468,-145.428816,475
1261,-71.9062169,-152.347735,475
1262,-54.5444909,-157.799461,475
1263,-36.6574715,-161.731493,475
1264,-18.4174207,-164.105961,475
1265,-1.50994178733e-14,-164.9,475
1266,18.4174207,-164.105961,475
1267,36.6574715,-161.731493,475
1268,54.5444909,-157.799461,475
1269,71.9062169,-152.347735,475
1270,88.5754468,-145.428816,475
1271,104.391647,-137.109339,475
1272,119.202498,-127.469424,475
1273,132.865364,-116.601908,475
1274,145.248664,-104.611453,475
1275,156.23314,-91.6135314,475
1276,165.713006,-77.7333219,475
1277,173.596964,-63.104498,475
1278,179.809089,-47.8679433,475
1279,184.289554,-32.1703941,475
1280,186.99521,-16.1630264,475
1281,187.9,2.8534966284e-15,500
1282,186.99521,16.1630264,500
1283,184.289554,32.1703941,500
1284,179.809089,47.8679433,500
1285,173.596964,63.104498,500
1286,165.713006,77.7333219,500
1287,156.23314,91.6135314,500
1288,145.248664,104.611453,500
1289,132.865364,116.601908,500
1290,119.202498,127.469424,500
1291,104.391647,137.109339,500
1292,88.5754468,145.428816,500
1293,71.9062169,152.347735,500
1294,54.5444909,157.799461,500
1295,36.6574715,161.731493,500
1296,18.4174207,164.105961,500
1297,1.11453560172e-14,164.9,500
1298,-18.4174207,164.105961,500
1299,-36.6574715,161.731493,500
1300,-54.5444909,157.799461,500
1301,-71.9062169,152.347735,500
1302,-88.5754468,145.428816,500
1303,-104.391647,137.109339,500
1304,-119.202498,127.469424,500
1305,-132.865364,116.601908,500
1306,-145.248664,104.611453,500
1307,-156.23314,91.6135314,500
1308,-165.713006,77.7333219,500
1309,-173.596964,63.104498,500
1310,-179.809089,47.8679433,500
1311,-184.289554,32.1703941,500
1312,-186.99521,16.1630264,500
1313,-187.9,2.92599700276e-14,500
1314,-186.99521,-16.1630264,500
1315,-184.289554,-32.1703941,500
1316,-179.809089,-47.8679433,500
1317,-173.596964,-63.104498,500
1318,-165.713006,-77.7333219,500
1319,-156.23314,-91.6135314,500
1320,-145.248664,-104.611453,500
1321,-132.865364,-116.601908,500
1322,-119.202498,-127.469424,500
1323,-104.391647,-137.109339,500
1324,-88.5754468,-145.428816,500
1325,-71.9062169,-152.347735,500
1326,-54.5444909,-157.799461,500
1327,-36.6574715,-161.731493,500
1328,-18.4174207,-164.105961,500
1329,-1.60137043627e-14,-164.9,500
1330,18.4174207,-164.105961,500
1331,36.6574715,-161.731493,500
1332,54.5444909,-157.799461,500
1333,71.9062169,-152.347735,500
1334,88.5754468,-145.428816,500
1335,104.391647,-137.109339,500
1336,119.202498,-127.469424,500
1337,132.865364,-116.601908,500
1338,145.248664,-104.611453,500
1339,156.23314,-91.6135314,500
1340,165.713006,-77.7333219,500
1341,173.596964,-63.104498,500
1342,179.809089,-47.8679433,500
1343,184.289554,-32.1703941,500
1344,186.99521,-16.1630264,500
1345,187.9,3.42538142743e-15,525
1346,186.99521,16.1630264,525
1347,184.289554,32.1703941,525
1348,179.809089,47.8679433,525
1349,173.596964,63.104498,525
1350,165.713006,77.7333219,525
1351,156.23314,91.6135314,525
1352,145.248664,104.611453,525
1353,132.865364,116.601908,525
1354,119.202498,127.469424,525
1355,104.391647,137.109339,525
1356,88.5754468,145.428816,525
1357,71.9062169,152.347735,525
1358,54.5444909,157.799461,525
1359,36.6574715,161.731493,525
1360,18.4174207,164.105961,525
1361,1.09470401642e-14,164.9,525
1362,-18.4174207,164.105961,525
1363,-36.6574715,161.731493,525
1364,-54.5444909,157.799461,525
1365,-71.9062169,152.347735,525
1366,-88.5754468,145.428816,525
1367,-104.391647,137.109339,525
1368,-119.202498,127.469424,525
1369,-132.865364,116.601908,525
1370,-145.248664,104.611453,525
1371,-156.23314,91.6135314,525
1372,-165.713006,77.7333219,525
1373,-173.596964,63.104498,525
1374,-179.809089,47.8679433,525
1375,-184.289554,32.1703941,525
1376,-186.99521,16.1630264,525
1377,-187.9,2.96096836849e-14,525
1378,-186.99521,-16.1630264,525
1379,-184.289554,-32.1703941,525
1380,-179.809089,-47.8679433,525
1381,-173.596964,-63.104498,525
1382,-165.713006,-77.7333219,525
1383,-156.23314,-91.6135314,525
1384,-145.248664,-104.611453,525
1385,-132.865364,-116.601908,525
1386,-119.202498,-127.469424,525
1387,-104.391647,-137.109339,525
1388,-88.5754468,-145.428816,525
1389,-71.9062169,-152.347735,525
1390,-54.5444909,-157.799461,525
1391,-36.6574715,-161.731493,525
1392,-18.4174207,-164.105961,525
1393,-1.55185255485e-14,-164.9,525
1394,18.4174207,-164.105961,525
1395,36.6574715,-161.731493,525
1396,54.5444909,-157.799461,525
1397,71.9062169,-152.347735,525
1398,88.5754468,-145.428816,525
1399,104.391647,-137.109339,525
1400,119.202498,-127.469424,525
1401,132.865364,-116.601908,525
1402,145.248664,-104.611453,525
1403,156.23314,-91.6135314,525
1404,165.713006,-77.7333219,525
1405,173.596964,-63.104498,525
1406,179.809089,-47.8679433,525
1407,184.289554,-32.1703941,525
1408,186.99521,-16.1630264,525
1409,187.9,2.8311231683e-15,550
1410,186.99521,16.1630264,550
1411,184.289554,32.1703941,550
1412,179.809089,47.8679433,550
1413,173.596964,63.104498,550
1414,165.713006,77.7333219,550
1415,156.23314,91.6135314,550
1416,145.248664,104.611453,550
1417,132.865364,116.601908,550
1418,119.202498,127.469424,550
1419,104.391647,137.109339,550
1420,88.5754468,145.428816,550
1421,71.9062169,152.347735,550
1422,54.5444909,157.799461,550
1423,36.6574715,161.731493,550
1424,18.4174207,164.105961,550
1425,1.16936477283e-14,164.9,550
1426,-18.4174207,164.105961,550
1427,-36.6574715,161.731493,550
1428,-54.5444909,157.799461,550
1429,-71.9062169,152.347735,550
1430,-88.5754468,145.428816,550
1431,-104.391647,137.109339,550
1432,-119.202498,127.469424,550
1433,-132.865364,116.601908,550
1434,-145.248664,104.611453,550
1435,-156.23314,91.6135314,550
1436,-165.713006,77.7333219,550
1437,-173.596964,63.104498,550
1438,-179.809089,47.8679433,550
1439,-184.289554,32.1703941,550
1440,-186.99521,16.1630264,550
1441,-187.9,2.83246671058e-14,550
1442,-186.99521,-16.1630264,550
1443,-184.289554,-32.1703941,550
1444,-179.809089,-47.8679433,550
1445,-173.596964,-63.104498,550
1446,-165.713006,-77.7333219,550
1447,-156.23314,-91.6135314,550
1448,-145.248664,-104.611453,550
1449,-132.865364,-116.601908,550
1450,-119.202498,-127.469424,550
1451,-104.391647,-137.109339,550
1452,-88.5754468,-145.428816,550
1453,-71.9062169,-152.347735,550
1454,-54.5444909,-157.799461,550
1455,-36.6574715,-161.731493,550
1456,-18.4174207,-164.105961,550
1457,-1.66346014013e-14,-164.9,550
1458,18.4174207,-164.105961,550
1459,36.6574715,-161.731493,550
1460,54.5444909,-157.799461,550
1461,71.9062169,-152.347735,550
1462,88.5754468,-145.428816,550
1463,104.391647,-137.109339,550
1464,119.202498,-127.469424,550
1465,132.865364,-116.601908,550
1466,145.248664,-104.611453,550
1467,156.23314,-91.6135314,550
1468,165.713006,-77.7333219,550
1469,173.596964,-63.104498,550
1470,179.809089,-47.8679433,550
1471,184.289554,-32.1703941,550
1472,186.99521,-16.1630264,550
1473,187.9,3.43167155905e-15,575
1474,186.99521,16.1630264,575
1475,184.289554,32.1703941,575
1476,179.809089,47.8679433,575
1477,173.596964,63.104498,575
1478,165.713006,77.7333219,575
1479,156.23314,91.6135314,575
1480,145.248664,104.611453,575
1481,132.865364,116.601908,575
1482,119.202498,127.469424,575
1483,104.391647,137.109339,575
1484,88.5754468,145.428816,575
1485,71.9062169,152.347735,575
1486,54.5444909,157.799461,575
1487,36.6574715,161.731493,575
1488,18.4174207,164.105961,575
1489,1.14636302615e-14,164.9,575
1490,-18.4174207,164.105961,575
1491,-36.6574715,161.731493,575
1492,-54.5444909,157.799461,575
1493,-71.9062169,152.347735,575
1494,-88.5754468,145.428816,575
1495,-104.391647,137.109339,575
1496,-119.202498,127.469424,575
1497,-132.865364,116.601908,575
1498,-145.248664,104.611453,575
1499,-156.23314,91.6135314,575
1500,-165.713006,77.7333219,575
1501,-173.596964,63.104498,575
1502,-179.809089,47.8679433,575
1503,-184.289554,32.1703941,575
1504,-186.99521,16.1630264,575
1505,-187.9,3.04813049175e-14,575
1506,-186.99521,-16.1630264,575
1507,-184.289554,-32.1703941,575
1508,-179.809089,-47.8679433,575
1509,-173.596964,-63.104498,575
1510,-165.713006,-77.7333219,575
1511,-156.23314,-91.6135314,575
1512,-145.248664,-104.611453,575
1513,-132.865364,-116.601908,575
1514,-119.202498,-127.469424,575
1515,-104.391647,-137.109339,575
1516,-88.5754468,-145.428816,575
1517,-71.9062169,-152.347735,575
1518,-54.5444909,-157.799461,575
1519,-36.6574715,-161.731493,575
1520,-18.4174207,-164.105961,575
1521,-1.47958033882e-14,-164.9,575
1522,18.4174207,-164.105961,575
1523,36.6574715,-161.731493,575
1524,54.5444909,-157.799461,575
1525,71.9062169,-152.347735,575
1526,88.5754468,-145.428816,575
1527,104.391647,-137.109339,575
1528,119.202498,-127.469424,575
1529,132.865364,-116.601908,575
1530,145.248664,-104.611453,575
1531,156.23314,-91.6135314,575
1532,165.713006,-77.7333219,575
1533,173.596964,-63.104498,575
1534,179.809089,-47.8679433,575
1535,184.289554,-32.1703941,575
1536,186.99521,-16.1630264,575
1537,187.9,1.52330344127e-15,600
1538,186.99521,16.1630264,600
1539,184.289554,32.1703941,600
1540,179.809089,47.8679433,600
1541,173.596964,63.104498,600
1542,165.713006,77.7333219,600
1543,156.23314,91.6135314,600
1544,145.248664,104.611453,600
1545,132.865364,116.601908,600
1546,119.202498,127.469424,600
1547,104.391647,137.109339,600
1548,88.5754468,145.428816,600
1549,71.9062169,152.347735,600
1550,54.5444909,157.799461,600
1551,36.6574715,161.731493,600
1552,18.4174207,164.105961,600
1553,1.17701842921e-14,164.9,600
1554,-18.4174207,164.105961,600
1555,-36.6574715,161.731493,600
1556,-54.5444909,157.799461,600
1557,-71.9062169,152.347735,600
1558,-88.5754468,145.428816,600
1559,-104.391647,137.109339,600
1560,-119.202498,127.469424,600
1561,-132.865364,116.601908,600
1562,-145.248664,104.611453,600
1563,-156.23314,91.6135314,600
1564,-165.713006,77.7333219,600
1565,-173.596964,63.104498,600
1566,-179.809089,47.8679433,600
1567,-184.289554,32.1703941,600
1568,-186.99521,16.1630264,600
1569,-187.9,2.9136172968e-14,600
1570,-186.99521,-16.1630264,600
1571,-184.289554,-32.1703941,600
1572,-179.809089,-47.8679433,600
1573,-173.596964,-63.104498,600
1574,-165.713006,-77.7333219,600
1575,-156.23314,-91.6135314,600
1576,-145.248664,-104.611453,600
1577,-132.865364,-116.601908,600
1578,-119.202498,-127.469424,600
1579,-104.391647,-137.109339,600
1580,-88.5754468,-145.428816,600
1581,-71.9062169,-152.347735,600
1582,-54.5444909,-157.799461,600
1583,-36.6574715,-161.731493,600
1584,-18.4174207,-164.105961,600
1585,-1.5901607934e-14,-164.9,600
1586,18.4174207,-164.105961,600
1587,36.6574715,-161.731493,600
1588,54.5444909,-157.799461,600
1589,71.9062169,-152.347735,600
1590,88.5754468,-145.428816,600
1591,104.391647,-137.109339,600
1592,119.202498,-127.469424,600
1593,132.865364,-116.601908,600
1594,145.248664,-104.611453,600
1595,156.23314,-91.6135314,600
1596,165.713006,-77.7333219,600
1597,173.596964,-63.104498,600
1598,179.809089,-47.8679433,600
1599,184.289554,-32.1703941,600
1600,186.99521,-16.1630264,600
1601,187.9,-3.091629018e-17,625
1602,186.99521,16.1630264,625
1603,184.289554,32.1703941,625
1604,179.809089,47.8679433,625
1605,173.596964,63.104498,625
1606,165.713006,77.7333219,625
1607,156.23314,91.6135314,625
1608,145.248664,104.611453,625
1609,132.865364,116.601908,625
1610,119.202498,127.469424,625
1611,104.391647,137.109339,625
1612,88.5754468,145.428816,625
1613,71.9062169,152.347735,625
1614,54.5444909,157.799461,625
1615,36.6574715,161.731493,625
1616,18.4174207,164.105961,625
1617,1.18720047487e-14,164.9,625
1618,-18.4174207,164.105961,625
1619,-36.6574715,161.731493,625
1620,-54.5444909,157.799461,625
1621,-71.9062169,152.347735,625
1622,-88.5754468,145.428816,625
1623,-104.391647,137.109339,625
1624,-119.202498,127.469424,625
1625,-132.865364,116.601908,625
1626,-145.248664,104.611453,625
1627,-156.23314,91.6135314,625
1628,-165.713006,77.7333219,625
1629,-173.596964,63.104498,625
1630,-179.809089,47.8679433,625
1631,-184.289554,32.1703941,625
1632,-186.99521,16.1630264,625
1633,-187.9,2.9885512318e-14,625
1634,-186.99521,-16.1630264,625
1635,-184.289554,-32.1703941,625
1636,-179.809089,-47.8679433,625
1637,-173.596964,-63.104498,625
1638,-165.713006,-77.7333219,625
1639,-156.23314,-91.6135314,625
1640,-145.248664,-104.611453,625
1641,-132.865364,-116.601908,625
1642,-119.202498,-127.469424,625
1643,-104.391647,-137.109339,625
1644,-88.5754468,-145.428816,625
1645,-71.9062169,-152.347735,625
1646,-54.5444909,-157.799461,625
1647,-36.6574715,-161.731493,625
1648,-18.4174207,-164.105961,625
1649,-1.40769121125e-14,-164.9,625
1650,18.4174207,-164.105961,625
1651,36.6574715,-161.731493,625
1652,54.5444909,-157.799461,625
1653,71.9062169,-152.347735,625
1654,88.5754468,-145.428816,625
1655,104.391647,-137.109339,625
1656,119.202498,-127.469424,625
1657,132.865364,-116.601908,625
1658,145.248664,-104.611453,625
1659,156.23314,-91.6135314,625
1660,165.713006,-77.7333219,625
1661,173.596964,-63.104498,625
1662,179.809089,-47.8679433,625
1663,184.289554,-32.1703941,625
1664,186.99521,-16.1630264,625
1665,187.9,0,650
1666,186.99521,16.1630264,650
1667,184.289554,32.1703941,650
1668,179.809089,47.8679433,650
1669,173.596964,63.104498,650
1670,165.713006,77.7333219,650
1671,156.23314,91.6135314,650
1672,145.248664,104.611453,650
1673,132.865364,116.601908,650
1674,119.202498,127.469424,650
1675,104.391647,137.109339,650
1676,88.5754468,145.428816,650
1677,71.9062169,152.347735,650
1678,54.5444909,157.799461,650
1679,36.6574715,161.731493,650
1680,18.4174207,164.105961,650
1681,1.15055567e-14,164.9,650
1682,-18.4174207,164.105961,650
1683,-36.6574715,161.731493,650
1684,-54.5444909,157.799461,650
1685,-71.9062169,152.347735,650
1686,-88.5754468,145.428816,650
1687,-104.391647,137.109339,650
1688,-119.202498,127.469424,650
1689,-132.865364,116.601908,650
1690,-145.248664,104.611453,650
1691,-156.23314,91.6135314,650
1692,-165.713006,77.7333219,650
1693,-173.596964,63.104498,650
1694,-179.809089,47.8679433,650
1695,-184.289554,32.1703941,650
1696,-186.99521,16.1630264,650
1697,-187.9,3.06078294227e-14,650
1698,-186.99521,-16.1630264,650
1699,-184.289554,-32.1703941,650
1700,-179.809089,-47.8679433,650
1701,-173.596964,-63.104498,650
1702,-165.713006,-77.7333219,650
1703,-156.23314,-91.6135314,650
1704,-145.248664,-104.611453,650
1705,-132.865364,-116.601908,650
1706,-119.202498,-127.469424,650
1707,-104.391647,-137.109339,650
1708,-88.5754468,-145.428816,650
1709,-71.9062169,-152.347735,650
1710,-54.5444909,-157.799461,650
1711,-36.6574715,-161.731493,650
1712,-18.4174207,-164.105961,650
1713,-1.40029306312e-14,-164.9,650
1714,18.4174207,-164.105961,650
1715,36.6574715,-161.731493,650
1716,54.5444909,-157.799461,650
1717,71.9062169,-152.347735,650
1718,88.5754468,-145.428816,650
1719,104.391647,-137.109339,650
1720,119.202498,-127.469424,650
1721,132.865364,-116.601908,650
1722,145.248664,-104.611453,650
1723,156.23314,-91.6135314,650
1724,165.713006,-77.7333219,650
1725,173.596964,-63.104498,650
1726,179.809089,-47.8679433,650
1727,184.289554,-32.1703941,650
1728,186.99521,-16.1630264,650

Data Record #2
===========================================================================
Step = 3
Time = 0.15
Data = shirt_contact_data
1,-0.409496345505,0
2,-0.409421838444,0
3,-0.409287171452,0
4,-0.409116441844,0
5,-0.408939002788,0
6,-0.408784374538,0
7,-0.40867689433,0
8,-0.408631639851,0
9,-0.408653659236,0
10,-0.408737281935,0
11,-0.408867428695,0
12,-0.409025124729,0
13,-0.409187712674,0
14,-0.409332669258,0
15,-0.409440900129,0
16,-0.409498551304,0
17,-0.409498551304,0
18,-0.409440900129,0
19,-0.409332669258,0
20,-0.409187712674,0
21,-0.409025124729,0
22,-0.408867428695,0
23,-0.408737281935,0
24,-0.408653659236,0
25,-0.408631639851,0
26,-0.40867689433,0
27,-0.408784374538,0
28,-0.408939002788,0
29,-0.409116441844,0
30,-0.409287171452,0
31,-0.409421838444,0
32,-0.409496345505,0
33,-0.409496345505,0
34,-0.409421838444,0
35,-0.409287171452,0
36,-0.409116441844,0
37,-0.408939002788,0
38,-0.408784374538,0
39,-0.408676894329,0
40,-0.408631639851,0
41,-0.408653659236,0
42,-0.408737281935,0
43,-0.408867428695,0
44,-0.409025124729,0
45,-0.409187712674,0
46,-0.409332669258,0
47,-0.409440900129,0
48,-0.409498551304,0
49,-0.409498551303,0
50,-0.409440900129,0
51,-0.409332669258,0
52,-0.409187712674,0
53,-0.409025124729,0
54,-0.408867428695,0
55,-0.408737281935,0
56,-0.408653659236,0
57,-0.408631639851,0
58,-0.40867689433,0
59,-0.408784374538,0
60,-0.408939002788,0
61,-0.409116441844,0
62,-0.409287171452,0
63,-0.409421838444,0
64,-0.409496345505,0
65,-0.409496345505,0
66,-0.409421838444,0
67,-0.409287171452,0
68,-0.409116441844,0
69,-0.408939002788,0
70,-0.408784374538,0
71,-0.40867689433,0
72,-0.408631639851,0
73,-0.408653659236,0
74,-0.408737281935,0
75,-0.408867428695,0
76,-0.409025124729,0
77,-0.409187712674,0
78,-0.409332669258,0
79,-0.409440900129,0
80,-0.409498551304,0
81,-0.409498551304,0
82,-0.409440900129,0
83,-0.409332669258,0
84,-0.409187712674,0
85,-0.409025124729,0
86,-0.408867428695,0
87,-0.408737281935,0
88,-0.408653659236,0
89,-0.408631639851,0
90,-0.40867689433,0
91,-0.408784374538,0
92,-0.408939002788,0
93,-0.409116441844,0
94,-0.409287171452,0
95,-0.409421838444,0
96,-0.409496345505,0
97,-0.409496345505,0
98,-0.409421838444,0
99,-0.409287171452,0
100,-0.409116441844,0
101,-0.408939002788,0
102,-0.408784374538,0
103,-0.408676894329,0
104,-0.408631639851,0
105,-0.408653659236,0
106,-0.408737281935,0
107,-0.408867428695,0
108,-0.409025124729,0
109,-0.409187712674,0
110,-0.409332669258,0
111,-0.409440900129,0
112,-0.409498551304,0
113,-0.409498551303,0
114,-0.409440900129,0
115,-0.409332669258,0
116,-0.409187712674,0
117,-0.409025124729,0
118,-0.408867428695,0
119,-0.408737281935,0
120,-0.408653659236,0
121,-0.408631639851,0
122,-0.40867689433,0
123,-0.408784374538,0
124,-0.408939002788,0
125,-0.409116441844,0
126,-0.409287171452,0
127,-0.409421838444,0
128,-0.409496345505,0
129,-0.409496345505,0
130,-0.409421838444,0
131,-0.409287171452,0
132,-0.409116441844,0
133,-0.408939002788,0
134,-0.408784374538,0
135,-0.408676894329,0
136,-0.408631639851,0
137,-0.408653659236,0
138,-0.408737281935,0
139,-0.408867428695,0
140,-0.409025124729,0
141,-0.409187712674,0
142,-0.409332669258,0
143,-0.409440900129,0
144,-0.409498551304,0
145,-0.409498551303,0
146,-0.409440900129,0
147,-0.409332669258,0
148,-0.409187712674,0
149,-0.409025124729,0
150,-0.408867428695,0
151,-0.408737281935,0
152,-0.408653659236,0
153,-0.408631639851,0
154,-0.408676894329,0
155,-0.408784374538,0
156,-0.408939002788,0
157,-0.409116441844,0
158,-0.409287171452,0
159,-0.409421838444,0
160,-0.409496345505,0
161,-0.409496345505,0
162,-0.409421838444,0
163,-0.409287171452,0
164,-0.409116441844,0
165,-0.408939002788,0
166,-0.408784374538,0
167,-0.408676894329,0
168,-0.408631639851,0
169,-0.408653659236,0
170,-0.408737281935,0
171,-0.408867428695,0
172,-0.409025124729,0
173,-0.409187712674,0
174,-0.409332669258,0
175,-0.409440900129,0
176,-0.409498551304,0
177,-0.409498551303,0
178,-0.409440900129,0
179,-0.409332669258,0
180,-0.409187712674,0
181,-0.409025124729,0
182,-0.408867428695,0
183,-0.408737281935,0
184,-0.408653659236,0
185,-0.408631639851,0
186,-0.40867689433,0
187,-0.408784374538,0
188,-0.408939002788,0
189,-0.409116441844,0
190,-0.409287171452,0
191,-0.409421838444,0
192,-0.409496345505,0
193,-0.409496345505,0
194,-0.409421838444,0
195,-0.409287171452,0
196,-0.409116441844,0
197,-0.408939002788,0
198,-0.408784374538,0
199,-0.40867689433,0
200,-0.408631639851,0
201,-0.408653659236,0
202,-0.408737281935,0
203,-0.408867428695,0
204,-0.409025124729,0
205,-0.409187712674,0
206,-0.409332669258,0
207,-0.409440900129,0
208,-0.409498551304,0
209,-0.409498551303,0
210,-0.409440900129,0
211,-0.409332669258,0
212,-0.409187712674,0
213,-0.409025124729,0
214,-0.408867428695,0
215,-0.408737281935,0
216,-0.408653659236,0
217,-0.408631639851,0
218,-0.408676894329,0
219,-0.408784374538,0
220,-0.408939002788,0
221,-0.409116441844,0
222,-0.409287171452,0
223,-0.409421838444,0
224,-0.409496345505,0
225,-0.409496345505,0
226,-0.409421838444,0
227,-0.409287171452,0
228,-0.409116441844,0
229,-0.408939002788,0
230,-0.408784374538,0
231,-0.408676894329,0
232,-0.408631639851,0
233,-0.408653659236,0
234,-0.408737281935,0
235,-0.408867428695,0
236,-0.409025124729,0
237,-0.409187712674,0
238,-0.409332669258,0
239,-0.409440900129,0
240,-0.409498551304,0
241,-0.409498551303,0
242,-0.409440900129,0
243,-0.409332669258,0
244,-0.409187712674,0
245,-0.409025124729,0
246,-0.408867428695,0
247,-0.408737281935,0
248,-0.408653659236,0
249,-0.408631639851,0
250,-0.408676894329,0
251,-0.408784374538,0
252,-0.408939002788,0
253,-0.409116441844,0
254,-0.409287171452,0
255,-0.409421838444,0
256,-0.409496345505,0
257,-0.409496345505,0
258,-0.409421838444,0
259,-0.409287171452,0
260,-0.409116441844,0
261,-0.408939002788,0
262,-0.408784374538,0
263,-0.40867689433,0
264,-0.408631639851,0
265,-0.408653659236,0
266,-0.408737281935,0
267,-0.408867428695,0
268,-0.409025124729,0
269,-0.409187712674,0
270,-0.409332669258,0
271,-0.409440900129,0
272,-0.409498551303,0
273,-0.409498551303,0
274,-0.409440900129,0
275,-0.409332669258,0
276,-0.409187712674,0
277,-0.409025124729,0
278,-0.408867428695,0
279,-0.408737281935,0
280,-0.408653659236,0
281,-0.408631639851,0
282,-0.408676894329,0
283,-0.408784374538,0
284,-0.408939002788,0
285,-0.409116441844,0
286,-0.409287171452,0
287,-0.409421838444,0
288,-0.409496345505,0
289,-0.409496345505,0
290,-0.409421838444,0
291,-0.409287171452,0
292,-0.409116441844,0
293,-0.408939002788,0
294,-0.408784374538,0
295,-0.408676894329,0
296,-0.408631639851,0
297,-0.408653659236,0
298,-0.408737281935,0
299,-0.408867428695,0
300,-0.409025124729,0
301,-0.409187712674,0
302,-0.409332669258,0
303,-0.409440900129,0
304,-0.409498551303,0
305,-0.409498551304,0
306,-0.409440900129,0
307,-0.409332669258,0
308,-0.409187712674,0
309,-0.409025124729,0
310,-0.408867428695,0
311,-0.408737281935,0
312,-0.408653659236,0
313,-0.408631639851,0
314,-0.408676894329,0
315,-0.408784374538,0
316,-0.408939002788,0
317,-0.409116441844,0
318,-0.409287171452,0
319,-0.409421838444,0
320,-0.409496345505,0
321,-0.409496345505,0
322,-0.409421838444,0
323,-0.409287171452,0
324,-0.409116441844,0
325,-0.408939002788,0
326,-0.408784374538,0
327,-0.40867689433,0
328,-0.408631639851,0
329,-0.408653659236,0
330,-0.408737281935,0
331,-0.408867428695,0
332,-0.409025124729,0
333,-0.409187712674,0
334,-0.409332669258,0
335,-0.409440900129,0
336,-0.409498551304,0
337,-0.409498551304,0
338,-0.409440900129,0
339,-0.409332669258,0
340,-0.409187712674,0
341,-0.409025124729,0
342,-0.408867428695,0
343,-0.408737281935,0
344,-0.408653659236,0
345,-0.408631639851,0
346,-0.40867689433,0
347,-0.408784374538,0
348,-0.408939002788,0
349,-0.409116441844,0
350,-0.409287171452,0
351,-0.409421838444,0
352,-0.409496345505,0
353,-0.409496345505,0
354,-0.409421838444,0
355,-0.409287171452,0
356,-0.409116441844,0
357,-0.408939002788,0
358,-0.408784374538,0
359,-0.408676894329,0
360,-0.408631639851,0
361,-0.408653659236,0
362,-0.408737281935,0
363,-0.408867428695,0
364,-0.409025124729,0
365,-0.409187712674,0
366,-0.409332669258,0
367,-0.409440900129,0
368,-0.409498551303,0
369,-0.409498551304,0
370,-0.409440900129,0
371,-0.409332669258,0
372,-0.409187712674,0
373,-0.409025124729,0
374,-0.408867428695,0
375,-0.408737281935,0
376,-0.408653659236,0
377,-0.408631639851,0
378,-0.40867689433,0
379,-0.408784374538,0
380,-0.408939002788,0
381,-0.409116441844,0
382,-0.409287171452,0
383,-0.409421838444,0
384,-0.409496345505,0
385,-0.409496345505,0
386,-0.409421838444,0
387,-0.409287171452,0
388,-0.409116441844,0
389,-0.408939002788,0
390,-0.408784374538,0
391,-0.408676894329,0
392,-0.408631639851,0
393,-0.408653659236,0
394,-0.408737281935,0
395,-0.408867428695,0
396,-0.409025124729,0
397,-0.409187712674,0
398,-0.409332669258,0
399,-0.409440900129,0
400,-0.409498551303,0
401,-0.409498551304,0
402,-0.409440900129,0
403,-0.409332669258,0
404,-0.409187712674,0
405,-0.409025124729,0
406,-0.408867428695,0
407,-0.408737281935,0
408,-0.408653659236,0
409,-0.408631639851,0
410,-0.40867689433,0
411,-0.408784374538,0
412,-0.408939002788,0
413,-0.409116441844,0
414,-0.409287171452,0
415,-0.409421838444,0
416,-0.409496345505,0
417,-0.409496345505,0
418,-0.409421838444,0
419,-0.409287171452,0
420,-0.409116441844,0
421,-0.408939002788,0
422,-0.408784374538,0
423,-0.40867689433,0
424,-0.408631639851,0
425,-0.408653659236,0
426,-0.408737281935,0
427,-0.408867428695,0
428,-0.409025124729,0
429,-0.409187712674,0
430,-0.409332669258,0
431,-0.409440900129,0
432,-0.409498551304,0
433,-0.409498551303,0
434,-0.409440900129,0
435,-0.409332669258,0
436,-0.409187712674,0
437,-0.409025124729,0
438,-0.408867428695,0
439,-0.408737281935,0
440,-0.408653659236,0
441,-0.408631639851,0
442,-0.40867689433,0
443,-0.408784374538,0
444,-0.408939002788,0
445,-0.409116441844,0
446,-0.409287171452,0
447,-0.409421838444,0
448,-0.409496345505,0
449,-0.409496345505,0
450,-0.409421838444,0
451,-0.409287171452,0
452,-0.409116441844,0
453,-0.408939002788,0
454,-0.408784374538,0
455,-0.40867689433,0
456,-0.408631639851,0
457,-0.408653659236,0
458,-0.408737281935,0
459,-0.408867428695,0
460,-0.409025124729,0
461,-0.409187712674,0
462,-0.409332669258,0
463,-0.409440900129,0
464,-0.409498551304,0
465,-0.409498551303,0
466,-0.409440900129,0
467,-0.409332669258,0
468,-0.409187712674,0
469,-0.409025124729,0
470,-0.408867428695,0
471,-0.408737281935,0
472,-0.408653659236,0
473,-0.408631639851,0
474,-0.408676894329,0
475,-0.408784374538,0
476,-0.408939002788,0
477,-0.409116441844,0
478,-0.409287171452,0
479,-0.409421838444,0
480,-0.409496345505,0
481,-0.409496345505,0
482,-0.409421838444,0
483,-0.409287171452,0
484,-0.409116441844,0
485,-0.408939002788,0
486,-0.408784374538,0
487,-0.408676894329,0
488,-0.408631639851,0
489,-0.408653659236,0
490,-0.408737281935,0
491,-0.408867428695,0
492,-0.409025124729,0
493,-0.409187712674,0
494,-0.409332669258,0
495,-0.409440900129,0
496,-0.409498551304,0
497,-0.409498551304,0
498,-0.409440900129,0
499,-0.409332669258,0
500,-0.409187712674,0
501,-0.409025124729,0
502,-0.408867428695,0
503,-0.408737281935,0
504,-0.408653659236,0
505,-0.408631639851,0
506,-0.408676894329,0
507,-0.408784374538,0
508,-0.408939002788,0
509,-0.409116441844,0
510,-0.409287171452,0
511,-0.409421838444,0
512,-0.409496345505,0
513,-0.409496345505,0
514,-0.409421838444,0
515,-0.409287171452,0
516,-0.409116441844,0
517,-0.408939002788,0
518,-0.408784374538,0
519,-0.40867689433,0
520,-0.408631639851,0
521,-0.408653659236,0
522,-0.408737281935,0
523,-0.408867428695,0
524,-0.409025124729,0
525,-0.409187712674,0
526,-0.409332669258,0
527,-0.409440900129,0
528,-0.409498551304,0
529,-0.409498551304,0
530,-0.409440900129,0
531,-0.409332669258,0
532,-0.409187712674,0
533,-0.409025124729,0
534,-0.408867428695,0
535,-0.408737281935,0
536,-0.408653659236,0
537,-0.408631639851,0
538,-0.40867689433,0
539,-0.408784374538,0
540,-0.408939002788,0
541,-0.409116441844,0
542,-0.409287171452,0
543,-0.409421838444,0
544,-0.409496345505,0
545,-0.409496345505,0
546,-0.409421838444,0
547,-0.409287171452,0
548,-0.409116441844,0
549,-0.408939002788,0
550,-0.408784374538,0
551,-0.40867689433,0
552,-0.408631639851,0
553,-0.408653659236,0
554,-0.408737281935,0
555,-0.408867428695,0
556,-0.409025124729,0
557,-0.409187712674,0
558,-0.409332669258,0
559,-0.409440900129,0
560,-0.409498551303,0
561,-0.409498551303,0
562,-0.409440900129,0
563,-0.409332669258,0
564,-0.409187712674,0
565,-0.409025124729,0
566,-0.408867428695,0
567,-0.408737281935,0
568,-0.408653659236,0
569,-0.408631639851,0
570,-0.408676894329,0
571,-0.408784374538,0
572,-0.408939002788,0
573,-0.409116441844,0
574,-0.409287171452,0
575,-0.409421838444,0
576,-0.409496345505,0
577,-0.409496345505,0
578,-0.409421838444,0
579,-0.409287171452,0
580,-0.409116441844,0
581,-0.408939002788,0
582,-0.408784374538,0
583,-0.408676894329,0
584,-0.408631639851,0
585,-0.408653659236,0
586,-0.408737281935,0
587,-0.408867428695,0
588,-0.409025124729,0
589,-0.409187712674,0
590,-0.409332669258,0
591,-0.409440900129,0
592,-0.409498551303,0
593,-0.409498551303,0
594,-0.409440900129,0
595,-0.409332669258,0
596,-0.409187712674,0
597,-0.409025124729,0
598,-0.408867428695,0
599,-0.408737281935,0
600,-0.408653659236,0
601,-0.408631639851,0
602,-0.408676894329,0
603,-0.408784374538,0
604,-0.408939002788,0
605,-0.409116441844,0
606,-0.409287171452,0
607,-0.409421838444,0
608,-0.409496345505,0
609,-0.409496345505,0
610,-0.409421838444,0
611,-0.409287171452,0
612,-0.409116441844,0
613,-0.408939002788,0
614,-0.408784374538,0
615,-0.408676894329,ÛÍ5ÓÝ›Ê×¬¢h­µçLÌŒLLÎÂŒLÌMMMŒLÌMLMMËŽŽMÌËŒÌŒLLMÎŒLÌKLÍ‹ÌŒLLÍÍËLMŒKŽLÌËŒÌŒLLŽŒLÌ‹LNÍMÍÎLMŒMÍNMÍŒËŒÌŒLM‚ŒLÌË‹ŒMŒLLÌLŽMÙKLËLMŽMÌLŒNLËŒÌŒLLŒ‚ŒLÍNÍNLMÌ‹LMŒMÍNM‹ŒÌŒLMÂŒLÍKÍ‹ÌŒLÍÍÌÍ‹LMŒKŽÌNKŒÌŒLLÂŒLÍ‹MMŒLÌMÎLKLMMËŽŽMÌŒLÌËŒÌŒLLŒŒBŒLÍËÌKŽLÍÍMLËLML‹LLŒ‹ŒÌŒLMŒLÎŒLÌLLMKLÌMŒÍKŒÌŒLMŒNBŒLÎKLÌLMÌKLLÍËŒMÌLNLËŒÌŒLNBŒLLNKŒÍKLLËLŒÍÍLŒÌŒLŒŒ‚ŒLKLÌ‹ŽLMÌLÎMLLM‹LÍÌŒËŒÌŒLŒÍŒL‹MKŒÌMKLLMMŽMËŒÌŒL‚ŒLËMM‹ŒŽLÍÌNLKLNMLËŒÌŒLŒÌ‚ŒLMKÍÍMÌŒÍŽMÍËÍNMÍŒÌŒLÍ‚ŒLKMÌËŒŒLŽMLËMŒËŒLŽNLMÍÌL‹ŒÌŒLŽŒ‚ŒL‹MÎKŽÍŒÍLLÌL‹MËŽÌLÎMMKŒÌŒLŽLM‚ŒLËNŒÍNŒÍ‹LÌ‹ŒNÌŒLÍÍLMKŒÌŒLŽLÂŒLNËŒŽLŒËLM‹ŒMŽMÍLËŒÌŒLŽMŒLKNËŽMŽMÍMMÌKNNÌLŒÌLŒŒÌÙKLËKŒÌNLMLÂŒLLNËŒŽLÍŒKM‹ŒMŽMŽMÌËKŒÌNLLÎLÂŒLLKNŒÍNŒÍËÌ‹ŒNÌŒLŒÌÍKŒÌNLLŒŽBŒLL‹MÎKŽÍŒÍLMÍKËŽÌLŒNËKŒÌNLLÍ‚ŒLLËMÌËŒŒLÍMKŒËŒLŽNLMÎMËKŒÌNLNBŒLMMKÍÍMÌŽMKÍËÍMÎNL‹KŒÌNLNŒLMKMM‹ŒŽLÍÍNLKLNÍKKŒÌNLÌBŒLM‹MKŒÌLMM‹LMMŽÍLKKŒÌNL‚ŒLMËLÌ‹ŽLMÌMËLM‹LÍÍËKŒÌNMÎL‚ŒLNLNKŒÍLŽLËLŒÍÍŽKŒÌNMLŽŒLNKLÌLMKLÍËŒMÌLNÌÌKKŒÌNLÎBŒLLŒLÌMMM‹MKLÌMNKŒÌNLMŒLLKÌKŽLÍÌMKML‹LLŒLÍKKŒÌNŒBŒLL‹MMŒLÌLMËMMËŽŽMÌŒŒÍKKŒÌNÌBŒLLËÍ‹ÌŒLŒNKMŒKŽM‹KŒÌNŒ‚ŒLLNÍMÍÎMŒMÍNMŽKŒÌNMM‚ŒLLKLKŒÎMÎŒMÍÙKL‹MŽMÌLŒNKŒÌNMŒÂŒLL‹LNÍŒNLLËMŒMÍNMKKŒÌNŒÂŒLLËLÍ‹ÌŒMLÌŽL‹MŒKŽÎMKKŒÌNÍÂŒLLMMMŒLÌÍŽKMMËŽŽMÌML‹KŒÌNLM‚ŒLLKMÌKŽLÍMÌÌLKML‹LLLNMKKŒÌNLLÂŒLLLNŒLÌÍL‹MKLÌMKŒÌNLÎBŒLLLKLLÌLLŒËLÍËŒMÌLMŽM‹KŒÌNMNŒLLL‹LLNKŒÍÌËLËLŒÍÌÌËKŒÌNNML‚ŒLLLËLLÌ‹ŽLMÌMLLKLM‹LÍŽ‹KŒÌNLMBŒLLMLMKŒÌLLKLMMÍÎKŒÌNLMNŒLLMKLMM‹ŒŽLÎLŽKLKLNŒMKKŒÌNLLBŒLLM‹LMKÍÍMÌMŽËÍËÍMMMMKKŒÌNLLLŽBŒLLMËLMÌËŒŒMŒËŒËŒLŽNLMMMKŒÌNLLÎBŒLLNLMÎKŽÍŒÍLŒLËËŽÌLMMŒKKŒÌNLMŒMBŒLLNKLNŒÍNŒL‹Ì‹ŒNÌŒNŽKKŒÌNLNMBŒLLŒLNËŒŽLLŒKM‹ŒMŽMËKŒÌNLNN‚ŒLLŒKLNËŽMŽMÍMNLËLËŒÌÌÎÍÍÌÌYKL‹KŒÌNLŒLMŒLLŒ‹LNËŒŽLÌÍËLM‹ŒMŽMLLKŒÌNLŒŒŒLLŒËLNŒÍNŒÍLLÌ‹ŒNÌŒMŒLMKŒÌNLŒŒLLLMÎKŽÍŒÍLMKMËŽÌLLŽLËKŒÌNLŒŽBŒLLKLMÌËŒŒLNNËMŒËŒLŽNLNNÌ‹KŒÌNLŒM‚ŒLL‹LMKÍÍMÌŒMŒ‹MÍËÍŒ‹KŒÌNLŒNL‚ŒLLËLMM‹ŒŽLÍMÎNLKLNLLÍLÌKKŒÌNLŒÂŒLLŽLMKŒÌÌ‹LLMMÌML‹KŒÌNLNM‚ŒLLŽKLLÌ‹ŽLMÌLŒ‹LLM‹LÍKŒÌNLMÍÌBŒLLÌLLNKŒÌÌÌKLLËLŒÍÍŒKKŒÌNLMMÌÂŒLLÌKLLÌLM‹LLÍËŒMÌLNLÍKKŒÌNLLÍŒBŒLLÌ‹NŒLÌÍÍLÌKLMKLÌŒŽ‹KŒÌNLLMBŒLLÌËMÌKŽLÍŒÌŒ‹LML‹LLNKKŒÌNLMMŒLLÍMMMŒLÌMÍËLMMËŽŽMÌLKŒÌNLÎLBŒLLÍKLÍ‹ÌŒLŒMËLMŒKŽMËKŒÌNLÍŒLLÍ‹LNÍMÎÍÌËLMŒMÍNMÎMKKŒÌNLŒL‚ŒLLÍËŽMŒÍŽÌŒÍŒÙKLËLMŽMÌLŒNMNKŒÌNLŒŒLLÎNÍNÌŽKLMŒMÍNMŽKKŒÌNLÂŒLLÎKÍ‹ÌŒLÍŒÎKLMŒKŽÍKKŒÌNLÌÂŒLMMMŒLÌMŒ‹LMMËŽŽMÌŒNËKŒÌNL‚ŒLMKÌKŽLÍÌÍŒÍKLML‹LLŒM‹KŒÌNLMÌÂŒLM‹ŒLÌMŒ‹LMKLÌMÌËKŒÌNLLLL‚ŒLMËLÌLLŽËLLÍËŒMÌLNŒÍKKŒÌNLLBŒLMLNKŒÍÍKLLËLŒÍÍLMËKŒÌNLLÍÎBŒLMKLÌ‹ŽLMÌLÍÎLLM‹LÍÌMŒKKŒÌNLMMBŒLM‹MKŒÌKLLMMŽMŒÍKŒÌNLMNLÂŒLMËMM‹ŒŽLÍŽM‹NLKLNNMKŒÌNLMÂŒLMMKÍÍMÌŒÍMÍKMÍËÍNLÌÍËKŒÌNLMÌŒBŒLMKMÌËŒŒLŽŒ‹MŒËŒLŽNLMÎLLËKŒÌNLMÍBŒLMLMÎKŽÍŒÍLLKMËŽÌLMNM‹KŒÌNLMÌÎŒLMLKNŒÍNŒÎNËLÌ‹ŒNÌŒLÎMÌLKKŒÌNLMÂŒLML‹NËŒŽLMÎLM‹ŒMŽMŽMKKŒÌNLMŒÂŒLMLËNËŽMŽMÍMMËLKŒLÍÎLLÎ™KL‹LŒMÌÌÂŒLMMNËŒŽLÎM‹ŒMŽMÌLŒMÌLÂŒLMMKNŒÍNŒÌ‹ŒNÌŒLŒÌÌ‹LŒMŽNMŒÂŒLMM‹MÎKŽÍŒÍLNÍ‹ËŽÌLŒÍKLŒMŽMÎ‚ŒLMMËMÌËŒŒLÍŒŒËŒLŽNLMŒŒÍËLŒMŽMNBŒLMNMKÍÍMÌÌKÍËÍMÍNLKLŒMŽLÍÍÂŒLMNKMM‹ŒŽLÍÎMLKLNLÌLŒMŽLM‚ŒLMŒMKŒÌLÌ‹LMMŽMŒËLŒMŽMŒLMŒKLÌ‹ŽLMÌMKLM‹LÍŒÌMKLŒMŽÌ‚ŒLMŒ‹LNKŒÍLŒËLËLŒÍÍMKLŒMŽLBŒLMŒËLÌLNM‹LÍËŒMÌLNŒŒËLŒMŽÌLBŒLMŒLÌLLKMKLÌMKLŒMŽLÍBŒLMKÌKŽLÍÌÌŽKML‹LLŒÎKLŒMÎNÂŒLM‹MMŒLÌLLLNMMËŽŽMÌŒ‹LŒMÎÍŒLMËÍ‹ÌŒLKMŒKŽÎM‹LŒMÎŒLMŽNÍMÍMKMŒMÍNMÍËLŒMÍÍÌBŒLMŽKLKNŒÍÎ™KL‹MŽMÌLŒNLËLŒMÍÎÂŒLMÌLNÍŒÍL‹MŒMÍNMÌËLŒMÎBŒLMÌKLÍ‹ÌŒMMNKMŒKŽÎLLŒMÎMMBŒLMÌ‹MMMŒLÌÎLMKMMËŽŽMÌMËLŒMŽLBŒLMÌËMÌKŽLÍNLÍËML‹LLLLKLŒMŽŽ‚ŒLMÍNŒLÌÍÍKMKLÌŽMLŒMŽL‚ŒLMÍKLLÌLLŒ‹LÍËŒMÌLMÎËLŒMŽÌŒLMÍ‹LLNKŒÍÍL‹LËLŒÍÌŽ‹LŒMŽMÂŒLMÍËLLÌ‹ŽLMÌMÍÍLM‹LÍLŒMŽLŒBŒLMÎLMKŒÌLLNKLMMMKLŒMŽM‚ŒLMÎKLMM‹ŒŽLÎMLKLKLNŒŽŽKLŒMŽMÌÍBŒLNLMKÍÍMÌNMËÍËÍMLNËLŒMŽNMÎBŒLNKLMÌËŒŒMËŒËŒLŽNLLÍÌLËLŒMÌŒBŒLN‹LMÎKŽÍŒÍLÍKËŽÌLÍÌÎMLŒMÌBŒLNËLNŒÍNŒLNÌ‹ŒNÌŒLÎLMLŒMÌŒŒBŒLNLNËŒŽLLL‹M‹ŒMŽMLŒKLŒMÌÎMBŒLNKLNËŽMŽMÍMNËLËÎLLÍMŽŒYKL‹LŒMÌMÂŒLN‹LNËŒŽLŽLM‹ŒMŽMLMLNLŒMÌLÍBŒLNËLNŒÍNŒÌÎM‹LÌ‹ŒNÌŒMÌM‹LŒMÌLMÎŒLNLMÎKŽÍŒÍLÎKMËŽÌLLÌŽMËLŒMÌLLÂŒLNKLMÌËŒŒLMÎLKMŒËŒLŽNLŒNNLŒMÌLŽNŒLNLLMKÍÍMÌŒŒÌÌKMÍËÍŒLŒMLŒMÌLÌLBŒLNLKLMM‹ŒŽLÍMLÌKNLKLNLMŽMŒËLŒMÌLŽBŒLNL‹LMKŒÌŽMÍKLLMMÌLLŒMÌLŒÍŒLNLËLLÌ‹ŽLMÌLŒÍ‹LLM‹LÍLMLŒMÌLM‚ŒLNMLLNKŒÌÌŽKLLËLŒÍÍŒLŒMÌLM‚ŒLNMKLLÌLÎMKLLÍËŒMÌLNMËLŒMÌ‚ŒLNM‹NŒLÌÍŒLKLMKLÌŒÍKLŒMÌÌÂŒLNMËMÌKŽLÍŒŒNMËLML‹LLLKLŒMÌMMŒLNNMMMŒLÌMŽKLMMËŽŽMÌMÍËLŒMÌBŒLNNKLÍ‹ÌŒLMÎKLMŒKŽËLŒMÌÌÍŒLŒLNÍMÎNLËLMŒMÍNNLËLŒMÌŽL‚ŒLŒKËŒÌÍÍÌYKLËLMŽMÌLŒNNLŒMÌŽMBŒLŒ‹NÍNMKLMŒMÍNMÌ‹LŒMÌÌÍBŒLŒËÍ‹ÌŒLÌÌÍLMŒKŽËLŒMÌÎNBŒLŒMMŒLÌLŽLŒKLMMËŽŽMÌŒŽ‹LŒMÌÍŒLŒKÌKŽLÍÌÌŒKLML‹LLŒŽL‹LŒMÌMÂŒLŒ‹ŒLÌLNMËLMKLÌNLŒMÌŒLBŒLŒËLÌLMŒËLLÍËŒMÌLN‹LŒMÌŒBŒLŒLNKŒÍMÍKLLËLŒÍÍLÍÎLŒMÌŽMÂŒLŒKLÌ‹ŽLMÌLÍLMKLLM‹LÍÌÎLŒMÌÌNBŒLŒLMKŒÌMËLLMMŽNÌ‹LŒMÌÌ‚ŒLŒLKMM‹ŒŽLÍŽMËNLKLNLŒÌËLŒMÌÌMÂŒLŒL‹MKÍÍMÌŒÍLKMÍËÍNLÌŒËLŒMÌŽL‚ŒLŒLËMÌËŒŒLÌÌ‹MŒËŒLŽNLNMKLŒMÌBŒLŒMMÎKŽÍŒÍLLMMËŽÌLNMËLŒMÌN‚ŒLŒMKNŒÍNŒÎLŒ‹LÌ‹ŒNÌŒMŒÍKLŒMÌL‚ŒLŒM‹NËŒŽLMLM‹ŒMŽMLÍKLŒMÌÎNŒLŒMËNËŽMŽMÍMM‹LKŒÎNMLŽNMYKL‹ÍKŒŒLMLÂŒLŒNNËŒŽLL‹M‹ŒMŽMKÍKŒŒLMÍŒLŒNKNŒÍNŒL‹Ì‹ŒNÌŒLNŒ‹ÍKŒŒLMÌŒLŒŒMÎKŽÍŒÍLNLLËËŽÌLŒLŽËÍKŒŒLMLÍBŒLŒŒKMÌËŒŒLÍÌŒËŒLŽNLMŒMŒËÍKŒŒLMÍMÂŒLŒŒ‹MKÍÍMÌMLKÍËÍMÌÎKÍKŒŒLMMÍŒLŒŒËMM‹ŒŽLÍÎMKLKLNÍÍKÍKŒŒLMÎNBŒLŒMKŒÌMÌËLMMŽKÍKŒŒLMÎÂŒLŒKLÌ‹ŽLMÌMÎNLM‹LÍŒMÍ‹ÍKŒŒLMÍŒŽBŒLŒ‹LNKŒÍLÍNKLËLŒÍÍËÍKŒŒLMÍ‚ŒLŒËLÌLNMŒKLÍËŒMÌLNLÌKÍKŒŒLMÌÌ‚ŒLŒŽŒLÌLKMKLÌMÌKÍKŒŒLMÌMÂŒLŒŽKÌKŽLÍÌÎÌ‹ML‹LLŒÌ‹ÍKŒŒLMÌNBŒLŒÌMMŒLÌLNM‹MMËŽŽMÌŒMÌKÍKŒŒLMŽMÎŒLŒÌKÍ‹ÌŒLÌLÍËMŒKŽÍÎKÍKŒŒLMŽLÂŒLŒÌ‹NÍMÍŒMŒMÍNMËÍKŒŒLMŽLNŒLŒÌËLKÍMŽN™KL‹MŽMÌLŒNÍKŒŒLMŽM‚ŒLŒÍLNÍŒÍLËMŒMÍNMMËÍKŒŒLMÌÂŒLŒÍKLÍ‹ÌŒMMMŽ‹MŒKŽÎÎKÍKŒŒLMÌNŒLŒÍ‹MMMŒLÌÎNMÎKMMËŽŽMÌMŒKÍKŒŒLMÌŒBŒLŒÍËMÌKŽLÍŒLMMKML‹LLLÍÍKŒŒLMÌÍÎŒLŒÎNŒLÌÎÎNMKLÌNËÍKŒŒLMÍMLÂŒLŒÎKLLÌLLKLÍËŒMÌLMÍKŒŒLMÍÍÂŒLLLNKŒÍÍÍ‹LËLŒÍÌÌÍKŒŒLMÎMLÂŒLKLLÌ‹ŽLMÌMÌMLM‹LÍŒŒKÍKŒŒLMMÂŒL‹LMKŒÌLMMKLMMŒŒŽÍKŒŒLMÎBŒLËLMM‹ŒŽLÎMÍLKLNNMÌÍÍKŒŒLMŒŒLLMKÍÍMÌŒNKÍËÍMÍLKÍKŒŒLM‚ŒLKLMÌËŒŒMNŒËŒLŽNLLÌÌLÍKŒŒLMLÂŒL‹LMÎKŽÍŒÍLŽËËŽÌLÌÌÎÍKŒŒLMLŒÌÂŒLËLNŒÍNŒLLL‹Ì‹ŒNÌŒLÍKŒŒLMMÂŒLLNËŒŽLLMKM‹ŒMŽMÍLLŽKÍKŒŒLMMŒL‚ŒLKLNËŽMŽMÍMMÍMŒÌMŽLÍYKL‹ÍKŒŒLMMÎ‚ŒLLLNËŒŽLŒKLM‹ŒMŽMLŒÌÌ‹ÍKŒŒLMNMBŒLLKLNŒÍNŒÌMKLÌ‹ŒNÌŒMÌËÍKŒŒLMLLBŒLL‹LMÎKŽÍŒÍLNMËŽÌLLLŽMLËÍKŒŒLMLŒÎBŒLLËLMÌËŒŒLMLM‹MŒËŒLŽNLŒNËÍKŒŒLMLÍŒBŒLMLMKÍÍMÌŒNNNMÍËÍŒMÍL‹ÍKŒŒLMLŒÂŒLMKLMM‹ŒŽLÍLMKNLKLNLŒŒÍÍKŒŒLMLLÍÂŒLM‹LMKŒÌMLËLLMMÌMŽNÍKŒŒLMLMÍÂŒLMËLLÌ‹ŽLMÌLNLLKLLM‹LÍM‹ÍKŒŒLMLNŒLNLLNKŒÌÍLLËLŒÍÍŒ‹ÍKŒŒLMLLÎŒLNKLLÌLÍŒ‹LLÍËŒMÌLNMÍÌKÍKŒŒLMLMŒLŒNŒLÌÌÌNLMKLÌL‹ÍKŒŒLMLÍ‚ŒLŒKMÌKŽLÍNNŒËLML‹LLŒLËÍKŒŒLMLŒŽBŒLŒ‹MMMŒLÌLMMËŽŽMÌŒÎKÍKŒŒLMLLÌ‚ŒLŒËLÍ‹ÌŒL‹LMŒKŽÍÍËÍKŒŒLML‚ŒLLNÍNLMLKLMŒMÍNMŒKÍKŒŒLMLÎŒLK‹ŒÌÌMÌLKLLMŽMÌLŒNŒ‹ÍKŒŒLMLŒL‹NÍNÌŒËLMŒMÍNMÍKÍKŒŒLMLÍÂŒLËÍ‹ÌŒLŽLMŒKŽMNÍKŒŒLMLL‚ŒLŽMMŒLÌÎLKLMMËŽŽMÌM‹ÍKŒŒLMLMBŒLŽKÌKŽLÍMKLML‹LLÎÍKŒŒLMLMBŒLÌŒLÌÎNLKLMKLÌŒLŒËÍKŒŒLMLLŒBŒLÌKLÌLŽLLÍËŒMÌLNLLËÍKŒŒLMLÌ‚ŒLÌ‹LNKŒÌÍÌËLLËLŒÍÍMŽKÍKŒŒLMLBŒLÌËLÌ‹ŽLMÌLÌLŒKLLM‹LÍÍÌLËÍKŒŒLMNLÂŒLÍMKŒÌÎÍËLLMMÌŒËÍKŒŒLMN‚ŒLÍKMM‹ŒŽLÍKNLKLNLÎMÍKŒŒLMMÍLBŒLÍ‹MKÍÍMÌŒÌNMKMÍËÍNMLMKÍKŒŒLMMMŒLÍËMÌËŒŒLMËMŒËŒLŽNLNKÍKŒŒLMMMBŒLÎMÎKŽÍŒÍLLKMËŽÌLÌËÍKŒŒLMMÍBŒLÎKNŒÍNŒÎLÌ‹ŒNÌŒMLÌLKÍKŒŒLMLÌBŒLŽNËŒŽLLËLM‹ŒMŽMLŒŒKÍKŒŒLMLMÍBŒLŽKNËŽMŽMÍMMM‹LKŽNMŒŽNÙKL‹LŒNLÍÍÎŒLŽ‹NËŒŽLÎM‹ŒMŽMŒNM‹LŒNLÍŒLÂŒLŽËNŒÍNŒLÌ‹ŒNÌŒLMNMËLŒNLÍŒLŽMÎKŽÍŒÍLNNËËŽÌLNLŒKLŒNLÌŽÂŒLŽKMÌËŒŒLÍÎNKŒËŒLŽNLMNÎKLŒNLÌLŒBŒLŽ‹MKÍÍMÌMËÍËÍMÌŒN‹LŒNLŽMŒ‚ŒLŽËMM‹ŒŽLÎËLKLNNMKLŒNLŽŒLŽMKŒÌMNNKLMMŽŽKLŒNLNBŒLŽKLÌ‹ŽLMÌMLŽKLM‹LÍŒŒ‹LŒNLLNŒLŽLLNKŒÍMKLËLŒÍÍÌÍKLŒNLŒÎÂŒLŽLKLÌLLËLÍËŒMÌLNM‹LŒNLŒŽŒLŽL‹ŒLÌLÍMNMKLÌLÍÍLŒNLŒMÂŒLŽLËÌKŽLÍÍM‹ML‹LLNNL‹LŒNLŒÂŒLŽMMMŒLÌLŽNKMMËŽŽMÌŒM‹LŒNLŒÌ‚ŒLŽMKÍ‹ÌŒLÍŒMËMŒKŽÍKLŒNLŒBŒLŽM‹NÍMÍÍ‹MŒMÍNM‹LŒNLŒÂŒLŽMËLKLÎMÙKL‹MŽMÌLŒMÎNLŒNLŒÎBŒLŽNLNÍŒÎN‹MŒMÍNM‹LŒNLŒBŒLŽNKLÍ‹ÌŒMMMMKMŒKŽÎM‹LŒNLŒN‚ŒLÌMMMŒLÍLMÎMMËŽŽMÌLÎ‹LŒNLŒŽM‚ŒLÌKMÌKŽLÍŒLKML‹LLMÌ‹LŒNLŒLÌ‹NŒLÌMKMKLÌMËLŒNLMŽBŒLÌËLLÌLLŽKLÍËŒMÌLMLŒ‹LŒNLÌŽŒLÌLLNKŒÍÎMLËLËLŒÍÌMKLŒNLŽNŒLÌKLLÌ‹ŽLMÌMÌŒÌËLM‹LÍ‹LŒNLÌÍ‚ŒLÌ‹LMKŒÌLMÌMLMMNNLŒNLÌNBŒLÌËLMM‹ŒŽLÎNMŒKLKLNMŽÌ‹LŒNLÍ‚ŒLÌLMKÍÍMÌŒŽMËÍËÍMMÌKLŒNLÍŒÍ‚ŒLÌKLMÌËŒŒMLMMŒËŒLŽNLLŽLLKLŒNLÎ‚ŒLÌLLMÎKŽÍŒÍLÌŽKËŽÌLŽÌËLŒNLŽMÂŒLÌLKLNŒÍNŒLŒLKÌ‹ŒNÌŒÍŒKLŒNLŽŒBŒLÌL‹LNËŒŽLLNM‹M‹ŒMŽMŽMÍKLŒNLŽ‚ŒLÌLËLNËŽMŽMÍMMNKMŽLŽMNMLÙKL‹LŒNLŽNMÂŒLÌMLNËŒŽLLMËLM‹ŒMŽMLÌ‹LŒNLŽÎMBŒLÌMKLNŒÍNŒÌKLÌ‹ŒNÌŒMÎLÍÌËLŒNLŽNMBŒLÌM‹LMÎKŽÍŒÍNLNMËŽÌLLNNMÌKLŒNLŽLNNBŒLÌMËLMÌËŒŒLLML‹MŒËŒLŽNLŒMLÎKLŒNLŽMBŒLÌNLMKÍÍMÌŒMLÍKMÍËÍŒÌËLŒNLŽMŒBŒLÌNKLMM‹ŒŽLÍŒNLKLNLŽLMM‹LŒNLŽNBŒLÌŒLMKŒÌNML‹LLMMÌŒÍÍ‹LŒNLŽNM‚ŒLÌŒKLLÌ‹ŽLMÌLLËLLM‹LÍMÌËLŒNLÌŒLÌŒ‹LLNKŒÌNNKLLËLŒÍÍÌËLŒNLÌM‚ŒLÌŒËLLÌLÌMKLLÍËŒMÌLŒNKLŒNLÌMÂŒLÌNŒLÌŽLKLMKLÌŽLÍËLŒNLÌLBŒLÌKMÌKŽLÍMMÍLML‹LLÌÌ‹LŒNLÌLÂŒLÌ‹MMMŒLÌMKLMMËŽŽMÌNMŽKLŒNLŽNLŽŒLÌËLÍ‹ÌŒLLÍKLMŒKŽÍKLŒNLŽNÍÂŒLÌŽLNÍNÌŒL‹LMŒMÍNLMËLŒNLŽN‚ŒLÌŽKLËŽLÍÌÌÌÙKLËLMŽMÌLŒNLŒNLŽNLBŒLÌÌNÍMÍÌŒËLMŒMÍNNNLŒNLŽNLÌÂŒLÌÌKÍ‹ÌŒLŒMÌËLMŒKŽÌÎLŒNLŽNMŒLÌÌ‹MMŒLŽNNLMMËŽŽMÌŒL‹LŒNLŽNLBŒLÌÌËÌKŽLÍMŽNLML‹LLÍ‹LŒNLŽMÎŒLÌÍŒLÌÌŒNNKLMKLÌLËLŒNLŽMŒÎŒLÌÍKLÌLÍÍM‹LLÍËŒMÌLNMLMLŒNLŽMŒ‚ŒLÌÍ‹LNKŒÌÌNLLËLŒÍÍŒLKLŒNLŽLÌ‚ŒLÌÍËLÌ‹ŽLMÌLNLËLLM‹LÍMËLŒNLŽLBŒLÌÎMKŒÌÍLLMMÌŒŽKLŒNLŽLÂŒLÌÎKMM‹ŒŽLÍŒ‹NLKLNLKLŒNLŽÌÎŒLÍMKÍÍMÌŒŽLÍ‹MÍËÍŒKLŒNLŽMÍBŒLÍKMÌËŒŒLŒÍÍËMŒËŒLŽNLNÌËLŒNLŽMÂŒLÍ‹MÎKŽÍŒÍLMMËŽÌLLŽ‹LŒNLŽ‚ŒLÍËNŒÍNŒÍÍŒËLÌ‹ŒNÌŒMÎKLŒNLŽL‚ŒLÍNËŒŽLLM‹ŒMŽMMLM‹LŒNLÎMBŒLÍKNËŽMŽMÍMMLËLKŽLMLŒŽLŒNÙKL‹LKŒMLLLÂŒLÍ‹NËŒŽLŒ‹M‹ŒMŽMNMÎNKLKŒMLLŒÌÌÂŒLÍËNŒÍNŒMÌ‹ŒNÌŒLMËLKŒMLLŒMÂŒLÍMÎKŽÍŒÍLŒËËŽÌLMÍLÌ‹LKŒMLLŒM‚ŒLÍKMÌËŒŒLÎÌËŒËŒLŽNLMMÎMËLKŒMLLNÌÂŒLÍLMKÍÍMÌÍ‹ÍËÍMÌÌKLKŒMLLMÍŒLÍLKMM‹ŒŽLÎMŒ‹LKLNÎMËLKŒMLLMŒMBŒLÍL‹MKŒÌMÌ‹LMMŽMKLKŒMLLMNBŒLÍLËLÌ‹ŽLMÌMLÍ‹LM‹LÍNMÌ‹LKŒMLLLÎL‚ŒLÍMLNKŒÍMŒKLËLŒÍÍNLKŒMLLLŽMŒLÍMKLÌLLNM‹LÍËŒMÌLMÎNLËLKŒMLLLŒ‚ŒLÍM‹ŒLÌMNKMKLÌLÌKLKŒMLLLLÌÂŒLÍMËÌKŽLÍÍMÌÍ‹ML‹LLNMM‹LKŒMLLLÎŒLÍNMMŒLÌLÍLKMMËŽŽMÌŒLŒ‹LKŒMLLLŒLÍNKÍ‹ÌŒLŽML‹MŒKŽÍL‹LKŒMLLLÍBŒLÍŒNÍMÍLKMŒMÍNMLËLKŒMLLLBŒLÍŒKLKŒNNMLÙKL‹MŽMÌLŒMÎL‹LKŒMLLLBŒLÍŒ‹LNÍŒŽKMŒMÍNLÎMËLKŒMLLLMLBŒLÍŒËLÍ‹ÌŒMMÌML‹MŒKŽÎLKŒMLLLŒÂŒLÍMMMŒLÍŒKMMËŽŽMÌLÍLKLKŒMLLLÌŒÂŒLÍKMÌKŽLÍŒÎMML‹LLLŒËLKŒMLLMŽBŒLÍ‹NŒLÌNM‹MKLÌŒËLKŒMLLMMBŒLÍËLLÌLLŽLÍËŒMÌLMNLKŒMLLMÌBŒLÍŽLLNKŒÎLÌËLËLŒÍÌ‹LKŒMLLN‚ŒLÍŽKLLÌ‹ŽLMÌMÍLM‹LÍÎËLKŒMLLNMŒLÍÌLMKŒÌLNLLKLMMMÍLKŒMLLŒNŒLÍÌKLMM‹ŒŽLŽMM‹LKLNMMMËLKŒMLLŒMŒLÍÌ‹LMKÍÍMÌKÍËÍMMÎ‹LKŒMLLM‚ŒLÍÌËLMÌËŒŒMLÌ‹ŒËŒLŽNLLMLMËLKŒMLLNBŒLÍÍLMÎKŽÍŒÍLÌMËËŽÌLÎ‹LKŒMLLÍŒBŒLÍÍKLNŒÍNŒLÌKÌ‹ŒNÌŒÎMM‹LKŒMLLŽMBŒLÍÍ‹LNËŒŽLL‹M‹ŒMŽMMKLKŒMLLÌMŒLÍÍËLNËŽMŽMÍMLÎMKLÌMMÌŽLÌÙKL‹LKŒMLLÌÍŒLÍÎLNËŒŽLL‹LM‹ŒMŽMLÍL‹LKŒMLLÍMÌ‚ŒLÍÎKLNŒÍNŒŽÎKLÌ‹ŒNÌŒNÌŒ‹LKŒMLLÎMBŒLÎLMÎKŽÍŒÍMNM‹MËŽÌLLŽ‹LKŒMLLŒLÎKLMÌËŒŒLŽMKMŒËŒLŽNLŒKLKŒMLLÍÂŒLÎ‹LMKÍÍMÌŒLNMÍËÍŒÌÎMNLKŒMLLŽBŒLÎËLMM‹ŒŽLÌÎËNLKLNLÎLLKŒMLLLŒÂŒLÎLMKŒÌLÍLLMMÌÌÌËLKŒMLLLÍÂŒLÎKLLÌ‹ŽLMÌLÌNKLLM‹LÍLKLKŒMLLMÌ‚ŒLÎ‹LLNKŒÌLL‹LLËLŒÍÍÍÍLKŒMLLNNBŒLÎËLLÌLNÍLLÍËŒMÌLŒÍ‹LKŒMLLLŒLÎNŒLÌŒËLMKLÌÌÍÍËLKŒMLLL‚ŒLÎKMÌKŽLÍLÍÌLML‹LM‹LKŒMLLNMBŒLÎLMMMŒLÌÍŒNLMMËŽŽMÍL‹LKŒMLLMÍÎŒLÎLKLÍ‹ÌŒLÌM‹LMŒKŽLMKLKŒMLLMŽÂŒLÎL‹LNÍNMŒLMŒMÍLMNMËLKŒMLLMÍŒLÎLËLKŒLŽNLŒÌÍMÎYKL‹LMŽMÌLŒÌŒMLKŒMLLNLÂŒLÎMNÍMÌLMLMŒMÍLL‹LKŒMLLNMÎŒLÎMKÍ‹ÌŒLMLMŒKŽMLKŒMLLNLBŒLÎM‹MMŒLŽÍŒKLMMËŽŽMÌŽÍËLKŒMLLMÌŒ‚ŒLÎMËÌKŽLÍLŒËLML‹LLÌŽL‹LKŒMLLMNBŒLÎNŒLÌŒLŒKLMKLÌÌLKŒMLLLLÂŒLÎNKLÌLÍMËLLÍËŒMÌLŒÌKLKŒMLLÍÌÂŒMLNKŒÌŒŽLLËLŒÍÍKLKŒMLLÎBŒMKLÌ‹ŽLMÌLNLŽLLM‹LÍÍËLKŒMLLMŒM‹MKŒÌŽ‹LLMMÌLLÍ‹LKŒMLLÎÍBŒMËMM‹ŒŽLÍMŽËNLKLNLLÌÎKLKŒMLLÍŒÎBŒMMKÍÍMÌŒ‹MÍËÍŒÌKLKŒMLLÍBŒMKMÌËŒŒLŒMËMŒËŒLŽNLNLŒNLKŒMLLÌŒÂŒM‹MÎKŽÍŒÍLÍM‹MËŽÌLMMŒËLKŒMLLÌÎBŒMËNŒÍNŒÍŽLÌ‹ŒNÌŒMLMNËLKŒMLLŽMÂŒMNËŒŽLKLM‹ŒMŽMMÎLKLKŒMLLÎŒMKNËŽMŽMÍMÌ‹L‹ŒLÌMLLÙKL‹MLŒLŒLNM‚ŒMLNËŒŽLM‹ŒMŽMNL‹MLŒLŒLBŒMLKNŒÍNŒLÌ‹ŒNÌŒLLMKMLŒLŒŽŒML‹MÎKŽÍŒÍLŒKËŽÌLMŒ‹MLŒLŒÌÂŒMLËMÌËŒŒLÎŽŒËŒLŽNLMMMMÍ‹MLŒLŒŒLBŒMMMKÍÍMÌÍMÍËÍMŽMÌKMLŒLŒLŒMMKMM‹ŒŽLÎNLKLKLNÎMÌËMLŒLŒMÂŒMM‹MKŒÌMÍLMMŽŒ‹MLŒLŒÌÍŒMMËLÌ‹ŽLMÌMLNLM‹LÍNÍ‹MLŒLŒNBŒMNLNKŒÍMÍKLËLŒÍÍMÌ‹MLŒLŒNLBŒMNKLÌLLŽLÍËŒMÌLMÎLMËMLŒLŒLÂŒMŒŒLÌMMÌKMKLÌLŒ‹MLŒLŒŒMŒKÌKŽLÍÍŒËML‹LLNL‹MLŒLŒÂŒMŒ‹MMŒLÌM‹MMËŽŽMÌŒMLŒLŒBŒMŒËÍ‹ÌŒLŽKMŒKŽÌŒËMLŒLŒŽBŒMNÍMÍMLLËMŒMÍNMŒÌËMLŒLŒM‚ŒMKLKÌÍŒŒM™KL‹MŽMÌLŒMÍÍËMLŒLŒLÂŒM‹LNÍŒŽMŒMÍNLÎKMLŒLŒM‚ŒMËLÍ‹ÌŒMMÌÎKMŒKŽÎNMLŒLŒŒÎBŒMŽMMMŒLÍMKMMËŽŽMÌLÌNMLŒLŒÌM‚ŒMŽKMÌKŽLÍLÎKML‹LLËMLŒLŒÎNŒMÌNŒLÌŽLŒ‹MKLŽNMËMLŒLŒŒMÌKLLÌLLŽMNKLÍËŒMÌLMŒÌL‹MLŒLŒMÍÂŒMÌ‹LLNKŒÎŒËLËLŒÍÌŒ‹MLŒLŒÍÂŒMÌËLLÌ‹ŽLMÌMÍMŒ‹LM‹LÍÍMLŒLŒÎBŒMÍLMKŒÌLŒKLMMMM‹MLŒLŒLBŒMÍKLMM‹ŒŽLŽŽLKLNLMÌËMLŒLŒLŒMÍ‹LMKÍÍMÌ‹ÍËÍLÎNNKMLŒLŒLMM‚ŒMÍËLMÌËŒŒMMM‹ŒËŒLŽNLLŒMÎKMLŒLŒLŽNŒMÎLMÎKŽÍŒÍLÌŒÌKËŽÌLŒÌËMLŒLŒMLBŒMÎKLNŒÍNŒLÌÌKÌ‹ŒNÌŒÍÍËMLŒLŒMŒNBŒMLNËŒŽLLŒKM‹ŒMŽMNLËMLŒLŒNŒMKLNËŽMŽMÍMÍ‹M‹ŒMÍÍŒÍÍ™KL‹MLŒLŒŒLBŒM‹LNËŒŽNŒËLM‹ŒMŽMMLNL‹MLŒLŒŒBŒMËLNŒÍNŒMÎLÌ‹ŒNÌŒNMLÎMLŒLŒLLÂŒMLMÎKŽÍŒÍLMMËMËŽÌLLÍÌLKMLŒLŒŽŒ‚ŒMKLMÌËŒŒLMKMŒËŒLŽNLŒÍŒ‹MLŒLŒÌNŒM‹LMKÍÍMÌŒLMÍËÍLMLŒLŒÍNMBŒMËLMM‹ŒŽLÌÍ‹NLKLNMLLMLŒLŒÎBŒMLMKŒÌÍÎKLLMMÍKMLŒLŒ‚ŒMKLLÌ‹ŽLMÌÎLËLLM‹LÍLMŽKMLŒLŒLŽŒMLLLNKŒŽML‹LLËLŒÍÎLM‹MLŒLŒNMÂŒMLKLLÌLÍ‹LLÍËŒMÌLŒMÎMLŒLŒLMM‚ŒML‹NŒLÌÌÍÍ‹LMKLÌÌLLKMLŒLŒLÌÍ‚ŒMLËMÌKŽLÍLL‹LML‹LMLÍËMLŒLŒLBŒMMMMMŒLÌMŒMŒKLMMËŽŽNLMMLŒLŒLÍŒMMKLÍ‹ÌŒMŒŒLMŒKŽNMLËMLŒLŒLMŒMM‹LNÍNNÎLKLMŒMÍLÍÍÌ‹MLŒLŒLNBŒMMËLKŽMLLÌÌÎKL‹LMŽMÌLMKMLŒLŒLÎ‚ŒMNNÍMLŒLNLMŒMÍNLL‹MLŒLŒLÌ‚ŒMNKÍ‹ÌŒLLÍŽLMŒKŽLÍ‹MLŒLŒL‚ŒMŒMMŒLŽLKLMMËŽŽMÌÍÎLKMLŒLŒMŽLÂŒMŒKÌKŽLÍŒÎÌÌ‹LML‹LLÎNKMLŒLŒLLBŒMŒ‹ŒLÌÌ‹LMKLÌÍMŽKMLŒLŒNŒMŒËLÌLML‹LLÍËŒMÌLŒŽMLŒLŒÎBŒMLNKŒÌLKLLËLŒÍÍÌŽKMLŒLŒÍMÂŒMKLÌ‹ŽLMÌLLLŒËLLM‹LÍLŒËMLŒLŒÌŒ‚ŒM‹MKŒÌŒLLMMÌM‹MLŒLŒŽLBŒMËMM‹ŒŽLÍLŒM‹NLKLNLMÌÍÍ‹MLŒLŒL‚ŒMŽMKÍÍMÌŒŒŽKMÍËÍŒÌKMLŒLŒŒMÌBŒMŽKMÌËŒŒLNLMŒËŒLŽNLNMMŒÍËMLŒLŒNMMÂŒMÌMÎKŽÍŒÍLMŒ‹MËŽÌLMÌLMMLŒLŒMÍMÂŒMÌKNŒÍNŒÍLÍËLÌ‹ŒNÌŒMMLMËMLŒLŒMMBŒMÌ‹NËŒŽLÌNLM‹ŒMŽMLMKMLŒLŒLÍÎŒMÌËNËŽMŽMÍMÍLKL‹ŒŒÎLMÎLÙKL‹MÍKŒLŒÎBŒMÍNËŒŽLŽKM‹ŒMŽMMÌÍ‹MÍKŒLŒÍÌBŒMÍKNŒÍNŒLKÌ‹ŒNÌŒLLNNKMÍKŒLŒÍL‚ŒMÍ‹MÎKŽÍŒÍLNMËËŽÌLMMLÍËMÍKŒLŒÍL‚ŒMÍËMÌËŒŒLÎKŒËŒLŽNLMMŽKMÍKŒLŒÌÌŽBŒMÎMKÍÍMÌÌNÍËÍMŽLÍ‹MÍKŒLŒÌBŒMÎKMM‹ŒŽLÎMÎLKLNÎMÍKŒLŒÌŒLÂŒMMKŒÌMÍNLMMÎMÌ‹MÍKŒLŒÌM‚ŒMKLÌ‹ŽLMÌMLLÌKLM‹LÍMÎ‹MÍKŒLŒÌLŒÂŒM‹LNKŒÍMÌŽLËLŒÍÍ‹MÍKŒLŒÌÂŒMËLÌLLÍKLÍËŒMÌLMÎÎKMÍKŒLŒÌÂŒMŒLÌMŒÌNMKLÌLNLËMÍKŒLŒÌMBŒMKÌKŽLÍÍÍML‹ML‹LLNMÍKŒLŒŽNLBŒM‹MMŒLÌMLŒ‹MMËŽŽMÌŒÎMÍKŒLŒŽNŒMËÍ‹ÌŒLŽMÌÌ‹MŒKŽŽMÍKŒLŒŽNL‚ŒMNÍMÍŒÌÌ‹MŒMÍNMŒMÍKŒLŒÌŽBŒMKLKŒÍÎÍŽLNMÎLÙKL‹MŽMÌLŒMÍNMÍKŒLŒÌ‚ŒMLLNÍŒÎMŒMÍNLÍËMÍKŒLŒÌMMŒMLKLÍ‹ÌŒMMÌMMKMŒKŽÍÎNKMÍKŒLŒÌŒ‚ŒML‹MMMŒLÍMM‹MMËŽŽMÌLŽMÍKŒLŒÌÎŒMLËMÌKŽLÍŒKML‹LLKMÍKŒLŒÌÌÌBŒMMNŒLÌÍŒKMKLŽNÎKMÍKŒLŒÌÎŒMMKLLÌLLÌÍLÍËŒMÌLMŒŒMËMÍKŒLŒÍÂŒMM‹LLNKŒÎÍL‹LËLŒÍÌŒLÎMÍKŒLŒÍLŒMMËLLÌ‹ŽLMÌMÍNKLM‹LÍÍNMÍKŒLŒÍNŒMNLMKŒÌLŒMËLMMLÌÍ‹MÍKŒLŒÍNBŒMNKLMM‹ŒŽLŽÍÍËLKLNMÎMÍKŒLŒÍÍ‚ŒMLLMKÍÍMÌÌ‹ÍËÍLÍMMÍKŒLŒÎ‚ŒMLKLMÌËŒŒMMŒËŒLŽNLLNÌÍKMÍKŒLŒÎMBŒML‹LMÎKŽÍŒÍLÌ‹ËŽÌLMŒ‹MÍKŒLÌBŒMLËLNŒÍNŒLÌKÌ‹ŒNÌŒŽNLMÍKŒLŒBŒMLLNËŒŽLLLËM‹ŒMŽMLÌÌËMÍKŒLÍŽBŒMLKLNËŽMŽMÍMŽKM‹ÍŒÍÎÎMLKL‹MÍKŒLMMBŒML‹LNËŒŽMNL‹LM‹ŒMŽMMLKMÍKŒLÍÍŒMLËLNŒÍNŒŒŒÍ‹LÌ‹ŒNÌŒŒŽLKMÍKŒLLÍBŒMLLMÎKŽÍŒÍMËŽÌLMŒŒÍKMÍKŒLLÍLBŒMLKLMÌËŒŒMKMŒËŒLŽNLMKMÍKŒLMÌÍBŒMLLLMKÍÍMÌNLŒ‹MÍËÍMŽÎKMÍKŒLŒŒÂŒMLLKLMM‹ŒŽLÌMLÌËNLKLNMŒÎMMÍKŒLÎŒMLL‹LMKŒÌNÍ‹LLMMÍNMËMÍKŒLÍLŒÂŒMLLËLLÌ‹ŽLMÌŒMNKLLM‹LÍLŽNMKMÍKŒLŽBŒMLMLLNKŒŽM‹LLËLŒÎLNKMÍKŒLŽMŽLBŒMLMKLLÌLÎËLLÍËŒMÌLMŒÍKMÍKŒLÌÎMBŒMLM‹NŒLŽNMKLMKLÍŒLËMÍKŒLÌMNŒMLMËMÌKŽLÍŒÍŒMÌKLML‹LÌÌËMÍKŒLÌŒÍ‚ŒMLNMMMŒLML‹LMMËŽŽMNLÌÍKMÍKŒLÌÌBŒMLNKLÍ‹ÌŒLKLMŒKŽÌÌÍNKMÍKŒLÌÍŽM‚ŒMLŒLNÍNŒÎLMŒMÍMMÎKMÍKŒLÌÌMÂŒMLŒKLËÌŒÎMLKL‹LMŽMÌLMÌLËMÍKŒLÌŒNBŒMLŒ‹NÍLÌKLMŒMÍLLÎNKMÍKŒLÌMBŒMLŒËÍ‹ÌŒŒ‹LMŒKŽLŒÍL‹MÍKŒLÌÌŽBŒMLMMŒLŒÍÍL‹LMMËŽŽMÍŒMÍKŒLŽMMŒMLKÌKŽLÍŒÍNMÍËLML‹LMMÍMÍKŒLŽÌÍÂŒML‹ŒLŽNLMKLÍËMÍKŒLÌÍÌ‚ŒMLËLÌLÎMËLLÍËŒMÌLŒMM‹MÍKŒLBŒMLŽLNKŒÌLËLLËLŒÍÍÎMÌ‹MÍKŒLŒBŒMLŽKLÌ‹ŽLMÌLLLM‹LÍNKMÍKŒLMŒMLÌMKŒÌMŒM‹LLMMÌŒMMÍKŒLLŽBŒMLÌKMM‹ŒŽLÍÍNLKLNLŒMMMËMÍKŒLL‚ŒMLÌ‹MKÍÍMÌŒNLÍËMÍËÍŒLŒŽMÍKŒLÍÌÂŒMLÌËMÌËŒŒLMËMŒËŒLŽNLNNŒŒËMÍKŒLMÍŒMLÍMÎKŽÍŒÍLÍNMËŽÌLNLÎKMÍKŒLÎLBŒMLÍKNŒÍNŒÌÍÍKLÌ‹ŒNÌŒMMMŒÌËMÍKŒLŒBŒMLÍ‹NËŒŽLN‹LM‹ŒMŽMLLMÍKŒLBŒMLÍËNËŽMŽMÍMMËL‹ŒLNÎMMÌMYKL‹ŒŒŒŒÎNBŒMLÎNËŒŽLLŽKM‹ŒMŽMNÍL‹ŒŒŒŒŒŒMLÎKNŒÍNŒMÍ‹Ì‹ŒNÌŒLMÍKŒŒŒŒMŒMMMÎKŽÍŒÍLM‹ËŽÌLNÍ‹ŒŒŒŒÎBŒMMKMÌËŒŒMŒËŒËŒLŽNLMMÍL‹ŒŒŒŒMŒMM‹MKÍÍMÌLLLËÍËÍMÌMŒŒŒ‚ŒMMËMM‹ŒŽLÎLNLKLNLMŒ‹ŒŒŒNNLBŒMMMKŒÌLËLMMŽNËŒŒŒNNÂŒMMKLÌ‹ŽLMÌMLÍÍ‹LM‹LÍNMÌËŒŒŒNMÍŒMM‹LNKŒÍNLÎLËLŒÍÍKŒŒŒNMŒMMËLÌLLLÍKLÍËŒMÌLMÎMÎŒŒŒNMLÂŒMMŒLÌNMKLÌLÌKŒŒŒNMŒMMKÌKŽLÍÎLNML‹LLNMËŒŒŒNLŽŒMMLMMŒLÌMŽŽKMMËŽŽMÌŒLŒŒŒNLNŒMMLKÍ‹ÌŒLÌLÍÌKMŒKŽÍÍŒŒŒNLŒBŒMML‹NÍMÍÍÍËMŒMÍNMŽMŒŒŒNM‚ŒMMLËLKŒLNMÍÍYKL‹MŽMÌLŒNËŒŒŒŒBŒMMMLNÍŒŽMŒMÍNML‹ŒŒŒŒLŒBŒMMMKLÍ‹ÌŒMMMŒKŽÎMËŒŒŒŒMÎŒMMM‹MMMŒLÍŒÍKMMËŽŽMÌM‹ŒŒŒŒ‚ŒMMMËMÌKŽLÍLŒŽKML‹LLMËŒŒŒŒŒMÂŒMMNNŒLÌMKLÌËŒŒŒŒŒÍBŒMMNKLLÌLLÌNNLÍËŒMÌLMŒÍŒŒŒŒNŒMMŒLLNKŒÎMÎKLËLŒÍÌŒŽŒŒŒŒŽBŒMMŒKLLÌ‹ŽLMÌMÎML‹LM‹LÍÍŒŒKŒŒŒŒÌMÂŒMMŒ‹LMKŒÌLLËLMMM‹ŒŒŒŒÍMŒMMŒËLMM‹ŒŽLŽKLKLNMÌÎKŒŒŒŒÎNŒMMLMKÍÍMÌÌMËÍËÍLÍNM‹ŒŒŒBŒMMKLMÌËŒŒMŒMËŒËŒLŽNLLMÎNKŒŒŒLLBŒMM‹LMÎKŽÍŒÍLÎ‹ËŽÌLMËŒŒŒNÂŒMMËLNŒÍNŒNLŒËÌ‹ŒNÌŒÍŒŒŒÎBŒMMŽLNËŒŽLMÍM‹ŒMŽMMÎLËŒŒŒÎLÂŒMMŽKLNËŽMŽMÍMMKMËŒMÍÍÍÍMKL‹ŒŒŒŽLÍŒMMÌLNËŒŽLŽKLM‹ŒMŽMMMLËŒŒŒÌLŒMMÌKLNŒÍNŒMÍKLÌ‹ŒNÌŒŒLLÌ‹ŒŒŒÌÌBŒMMÌ‹LMÎKŽÍŒÍMËŽÌLMMŒNKŒŒŒÍNMBŒMMÌËLMÌËŒŒLŒKMŒËŒLŽNLMŒÍ‹ŒŒŒÎLÎŒMMÍLMKÍÍMÌNÌËMÍËÍÌMËŒŒŒÎŒMMÍKLMM‹ŒŽLÌMÌKNLKLNNÌ‹ŒŒŒMLBŒMMÍ‹LMKŒÌKLLMMÍÎMÍŒŒŒMŽBŒMMÍËLLÌ‹ŽLMÌÍLÎLLM‹LÍMLMKŒŒŒŽMBŒMMÎLLNKŒŒNMÎLLËLŒÎŒÍ‹ŒŒŒÌÍÂŒMMÎKLLÌMÌLLÍËŒMÌLŽŽŒŒŒLLŒMNNŒLŽLÎNMKLMKLMŒŒŒLÎMÎBŒMNKMÌKŽLÍŒMÍMÍ‹LML‹LLŒ‹ŒŒŒMLÍ‚ŒMN‹MMMŒLÍŒŒM‹LMMËŽŽLMÍKŒŒŒMM‚ŒMNËLÍ‹ÌŒÌÎLMŒKŽÍÍM‹ŒŒŒMŒLBŒMNLNÍNLLÎMKLMŒMÍŒŒŒËŒŒŒMNMBŒMNKLKŒŒŒMÍŒYKLKLMŽMÌLÍMÌËŒŒŒMMBŒMN‹NÍLËLMŒMÍLŒŒŒLÎMBŒMNËÍ‹ÌŒÎNLŒKLMŒKŽLÌLNŒŒŒLÂŒMNMMŒLNKLMMËŽŽMÍM‹ŒŒŒŒ‚ŒMNKÌKŽLÍŒÌÍMËLML‹LMLLMKŒŒŒNBŒMNLŒLŽMŒÍÌŒKLMKLÍMKŒŒŒMŒÂŒMNLKLÌL‹LLÍËŒMÌLŒŒÍŽKŒŒŒBŒMNL‹LNKŒŽLLKLLËLŒÍÎÎŒŒŒÍBŒMNLËLÌ‹ŽLMÌMMKLLM‹LÍLŒMKŒŒŒÎLÌ‚ŒMNMMKŒÌLÌÌKLLMMÌŽMËŒŒŒÍŒNŒMNMKMM‹ŒŽLÍŽMKNLKLNLÍNKŒŒŒÌÍÍŒMNM‹MKÍÍMÌŒŒMÍËÍŒMÌMŒŒŒÌNBŒMNMËMÌËŒŒLNMMMŒËŒLŽNLŒŒÍŒŒŒÌ‚ŒMNNMÎKŽÍŒÍLÎL‹MËŽÌLLMŒMËŒŒŒŽMŒMNNKNŒÍNŒÎLÌ‹ŒNÌŒMMŽMLËŒŒŒÍŒÂŒMŒNËŒŽLÍLM‹ŒMŽMLMÌËŒŒŒNBŒMŒKNËŽMŽMÍMŒMMKLKŽMÍNNMŒŒYKL‹ŒKŒÌŒNBŒMŒ‹NËŒŽLL‹M‹ŒMŽMŽŒKŒÌŒÍ‚ŒMŒËNŒÍNŒLÌ‹ŒNÌŒLNNËŒKŒÌŒÍBŒMŒMÎKŽÍŒÍLÍŒËËŽÌLŒÍÌKŒKŒÌŒÍ‚ŒMŒKMÌËŒŒMLMŒËŒLŽNLMŒŽLMKŒKŒÌŒÎLBŒMŒ‹MKÍÍMÌNMËÍËÍMÍŽNKŒKŒÌŒMBŒMŒËMM‹ŒŽLÎLLÍKLKLNŒNKŒKŒÌŒÍÂŒMŒMKŒÌLMKLMMŽLKŒKŒÌŒM‚ŒMŒKLÌ‹ŽLMÌMMÍÍ‹LM‹LÍŒÎMËŒKŒÌŒÌÂŒMŒLLNKŒÍŒMLËLŒÍÍŒŒËŒKŒÌŒ‚ŒMŒLKLÌLLÎËLÍËŒMÌLNÌKŒKŒÌŒM‚ŒMŒL‹ŒLÌŒLËMKLÌMNËŒKŒÌŒLBŒMŒLËÌKŽLÍLLKML‹LLŒMÎKŒKŒÌŒLBŒMŒMMMŒLÌNLKMMËŽŽMÌŒÌŒKŒÌŒMBŒMŒMKÍ‹ÌŒLÌÎKMŒKŽMŒKŒÌŒ‚ŒMŒM‹NÍNÍKMŒMÍNNÌËŒKŒÌŒÌ‚ŒMŒMËLKŒÍLÌLÌYKL‹MŽMÌLŒŒKŒKŒÌŒNLÂŒMŒNLNÍŒÌŒËMŒMÍNMŒNŒKŒÌŒLLMŒMŒNKLÍ‹ÌŒMMMMŒKŽNŒKŒÌŒLL‚ŒMŒŒMMMŒLÍNMNMMËŽŽMÌMŒŒKŒÌŒL‚ŒMŒŒKMÌKŽLÍMÌÌËML‹LLLŒKŒKŒÌŒLÍ‚ŒMŒŒ‹NŒLÌNÍMKLÌŽM‹ŒKŒÌŒLŽBŒMŒŒËLLÌLLÍ‹LÍËŒMÌLMËŒKŒÌŒLŒMŒLLNKŒÎNLËLŒÍÌŒŒ‹ŒKŒÌŒLŒBŒMŒKLLÌ‹ŽLMÌNÍÎKLM‹LÍÎNNKŒKŒÌŒLNBŒMŒ‹LMKŒÌLÌM‹LMMNÌ‹ŒKŒÌŒLNŒMŒËLMM‹ŒŽLŽMËLKLNLÍMMËŒKŒÌŒL‚ŒMŒŽLMKÍÍMÌÎN‹ÍËÍLÎMŒKŒÌŒLÂŒMŒŽKLMÌËŒŒMŽMŽKŒËŒLŽNLLŒÍÍŒKŒÌŒLBŒMŒÌLMÎKŽÍŒÍMLLKËŽÌLMŒËŒKŒÌŒLLBŒMŒÌKLNŒÍNŒLLÎÌ‹ŒNÌŒÎNKŒKŒÌŒLM‚ŒMŒÌ‹LNËŒŽLŽLÍ‹M‹ŒMŽMŽŒKŒÌŒLNM‚ŒMŒÌËLNËŽMŽMÍMŒÍKMËNŒLNMNKL‹ŒKŒÌŒLÂŒMŒÍLNËŒŽLLMŽKLM‹ŒMŽMMNNÌ‹ŒKŒÌŒLÍÂŒMŒÍKLNŒÍNŒÍLÌKLÌ‹ŒNÌŒŒNŒKŒÌŒMBŒMŒÍ‹LMÎKŽÍŒÍMML‹MËŽÌLMMMÎŒKŒÌŒMÂŒMŒÍËLMÌËŒŒMÌËMŒËŒLŽNLÍÌ‹ŒKŒÌŒNÂŒMŒÎLMKÍÍMÌNLKMÍËÍŽÍMŒKŒÌŒŒMÂŒMŒÎKLMM‹ŒŽLŽNMNKNLKLNNMÌÍËŒKŒÌŒMMBŒMLMKŒÌÎNMLÌKLLMMÎNMÍ‹ŒKŒÌŒÌLÂŒMKLLÌ‹ŽLMÌŽLLM‹LÍNŒŽKŒKŒÌŒÍŽÂŒM‹LLNKŒNÍŒËLLËLŒÎMM‹ŒKŒÌÍÌBŒMËLLÌŒÍ‹LLÍËŒMÌLŒÌËŒKŒÌÍŒBŒMNŒLÌLMÍÍKLMKLÌŒÌËŒKŒÌÌNNBŒMKMÌKŽLÍŒŒÌÌŒÍ‹LML‹LŽMÎÎKŒKŒÌÍNMNBŒM‹MMMŒLÍÍŽLËLMMËŽÌMMÌÌ‹ŒKŒÌŽMÌ‚ŒMËLÍ‹ÌŒÌËLMŒKŽLÍŒŽŒKŒÌŒÎBŒMLNÎLÌÍ‹LMŒMÍŒNLÍM‹ŒKŒÌŽLŽBŒMKLËŒŽMŒŒNÎNKLKLMŽMÌMNLËŒKŒÌÍŒBŒMLNÌŽÍÌKLMŒMÍÎŒKŒÌÌLM‚ŒMLKÍ‹ÌŒŽLŒŒËLMŒKŽLKŒKŒÌÌŽM‚ŒML‹MMŒLMNL‹LMMËŽŽMÍMLËŒKŒÌÌBŒMLËÌKŽLÍŒÌMËLML‹LMÍÍŽŒKŒÌŒÍÍŒMMŒLŽMÎÎLMKLÍLŒËŒKŒÌŒÌ‚ŒMMKLÌLLÌM‹LLÍËŒMÌLŒÌÎKŒKŒÌŒNBŒMM‹LNKŒŽÍËLLËLŒÍÎMMÎŒKŒÌŒŒŒ‚ŒMMËLÌ‹ŽLMÌMLËLLM‹LÍLMÍŒKŒÌŒNMMBŒMNMKŒÌMÍKLLMMÌÍŒÍKŒKŒÌŒMÍM‚ŒMNKMM‹ŒŽLÍLMËNLKLNLÍŽËŒKŒÌŒMŒBŒMŒMKÍÍMÌŒŽKMÍËÍŒŒÌŒ‹ŒKŒÌŒMÎŒMŒKMÌËŒŒLÍMËMŒËŒLŽNLŒÍŽKŒKŒÌŒLÎBŒMŒ‹MÎKŽÍŒÍLMÍŒËMËŽÌLLÍLËŒKŒÌŒLÌNŒMŒËNŒÍNŒNKLÌ‹ŒNÌŒMMÌLLËŒKŒÌŒLÍ‚ŒMNËŒŽLNMKLM‹ŒMŽMNLMËŒKŒÌŒLŒÂŒMKNËŽMŽMÍLMLŒM‹NËŒŽŽLKM‹ŒMŽMMKLŒMËNŒÍNŒNËÌ‹ŒNÌŒLLMLŒMŽMÎKŽÍŒÍKËŽÌLLLNKLŒMŽKMÌËŒŒLLŽKŒËŒLŽNLMNL‹LŒMÌMKÍÍMÌŒŒÍËÍËÍMMMŽMKLŒMÌKMM‹ŒŽLÍŒÍËLKLNŒKLŒMÌ‹MKŒÌŽËLMMLMKLŒMÌËLÌ‹ŽLMÌMKLM‹LÍÎKLŒMÍLNKŒÍMÍËLËLŒÍÌÎM‹LŒMÍKLÌLN‹LÍËŒMÌLMŽËLŒMÍ‹ŒLÌMMËMKLÌMÎLŒMÍËÌKŽLÍÍÌÍML‹LLMÌ‹LŒMÎMMŒLÌMÌKMMËŽŽMÌLŽMLŒMÎKÍ‹ÌŒLÌÎÎMŒKŽÍËLŒMŽNÍNÎMŒMÍNLÎKLŒMŽKKŒMLMMMÙKLMMŽMÌLŒLŒŒKLŒMŽ‹LNÍNMNLËMŒMÍNLNLŒMŽËLÍ‹ÌŒMLŒKMŒKŽÌŒKLŒMŽMMMŒLÌÎÌMMMËŽŽMÌŒ‹LŒMŽKMÌKŽLÍŒLÌÍML‹LLLŒMŽ‹NŒLÌÎMKMKLŽLMËLŒMŽËLLÌLLLL‹LÍËŒMÌLMLÌ‹LŒMŽLLNKŒÍÍŒÌËLËLŒÍÌ‹LŒMŽKLLÌ‹ŽLMÌMÍLM‹LÍNNL‹LŒMŽLLMKŒÌLÌKLMMŒÍŽKLŒMŽLKLMM‹ŒŽLÎÎLKLNÌML‹LŒMŽL‹LMKÍÍMÌMM‹ÍËÍLMÎLŒMŽLËLMÌËŒŒLŽLŒËŒËŒLŽNLLMÍLŒMŽMLMÎKŽÍŒÍLÌËŽÌNNNMKLŒMŽMKLNŒÍNŒŒMËÌ‹ŒNÌŒMMŽ‹LŒMŽM‹LNËŒŽÍMÎM‹ŒMŽMMLKLŒMŽMËLNËŽMŽMÍLMÌ‹MËÌMMŒÌNKL‹LŒMŽNLNËŒŽNKLM‹ŒMŽMMMLŒËLŒMŽNKLNŒÍNŒ‹LÌ‹ŒNÌŒŒÍKLŒMÌLMÎKŽÍŒÍLÌ‹MËŽÌLMLNMŽLŒMÌKLMÌËŒŒMŒLËMŒËŒLŽNLLMNMKLŒMÌ‹LMKÍÍMÌMLMÍËÍŒËLŒMÌËLMM‹ŒŽLKNLKLNMÍÌLŒMÌLMKŒÌÎMÌÍLLMMÎÌMLŒMÌKLLÌ‹ŽLMÌNMKLLM‹LÍNNLŒMÌ‹LLNKŒMÎNKLLËLŒÎÍ‹LŒMÌËLLÌNMNKLLÍËŒMÌLÎLNLŒMÌNŒLŒÌŒMÌŒËLMKLLLLNLŒMÌKMÌKŽLÍŒLMÍ‹LML‹LÎLÍKLŒMÌLMMMŒÍÍNN‹LMMËŽÎLLÌLÍËLŒMÌLKLÍ‹ÌŒÌÌÌKLMŒKŽLÌL‹LŒMÌL‹LNLÌ‹LMŒMÍÍLNLŒMÌLËL‹ŽÎMLÎLÙKLKLMŽMÌLLMKLŒMÌMNÌLÌŒÌ‹LMŒMÍMÍËLŒMÌMKÍ‹ÌŒŒLMËLMŒKŽŒLMLŒMÌM‹MMŒLLÍÍ‹LMMËŽŽMÎMMÌËLŒMÌMËÌKŽLÍŒÌŽMKLML‹LŒLŒMÌNŒLŽLÍLÌKLMKLÍMÍLËLŒMÌNKLÌNNÍËLLÍËŒMÌLŒMŒÍKLŒMÌŒLNKŒŽMËLLËLŒÍÎLŒMÌŒKLÌ‹ŽLMÌÍŒÍ‹LLM‹LÍMÌMKLŒMÌŒ‹MKŒÌÌMËLLMMÌMÌLKLŒMÌŒËMM‹ŒŽLÌŒŒKNLKLNLMÌËLŒMÌMKÍÍMÌNLŒÍËMÍËÍŒÎLŒMÌKMÌËŒŒÌKMŒËŒLŽNLNÍLMKLŒMÌ‹MÎKŽÍŒÍÌL‹MËŽÌLÌŒMLŒMÌËNŒÍNŒÎMKLÌ‹ŒNÌŒML‹LŒMÌŽNËŒŽÌËLM‹ŒMŽMNMKL‚‘]H™XÛÜ™Ì‚OOOOOOOOOOOOOOOOOOOOOOOOOOOOOOOOOOOOOOOOOOOOOOOOOOOOOOOOOOOOOOOOOOOOOOOOOOB”Ý\HŒ‚•[YHHŽMMMLNNB‘]HHÚ\ØÛÛXÝÙ]BŒKŒÍLÌŒLÍKËLÌŒLÍYKL‚Œ‹ŒÍLÍNNLËLÍNNLKL‚ŒËŒÍNŽŒMŒËËNŽŒMŒÙKL‚ŒÌÍNŒÌŒÎLNËŒÍNŒÌŒÎLNKL‚KŒÌŽMNKËŒŽMNYKL‚‹ŒÌMNMÎÎMÍÍ‹ËŒMNMÎÎMÍÍ™KL‚ËŒÌMÌMÎ‹ËŒMÌMÎ™KL‚ŽŒŽLÌŒLŒÌÍÍË‹ŽLÌŒLŒÌÍÍÙKL‚ŽKŒŽŒÌMMLË‹ŽŒÌMMLÙKL‚ŒLŒÌŒŒŒMÎÎ‹ÌŒŒŒMÎÎKL‚ŒLKŒŒÌÌNÎK‹ŒÌÌNÎYKL‚ŒL‹ŒMMÌŒÌÍÎK‹MMÌŒÌÍÎYKL‚ŒLËŒMLÍÎMK‹MLÍÎMYKL‚ŒMŒÍLŒÌŒŽK‹ÍLŒÌŒŽYKL‚ŒMKŒMNMNLÌK‹MNMNLÌYKL‚ŒM‹ŒNLÎLNŒK‹NLÎLNŒYKL‚ŒMËŒNLÍŒÍNK‹NLÍŒÍNYKL‚ŒNŒMNMLMÌLK‹MNMLMÌLYKL‚ŒNKŒÍLLMLË‹ÍLLMLÙKL‚ŒŒŒMLÍNLÌŒÎ‹MLÍNLÌŒÎKL‚ŒŒKŒMMÌŒÌÌŒË‹MMÌŒÌÌŒÙKL‚ŒŒ‹ŒŒÌÌMLŒLN‹ŒÌÌMLŒLNKL‚ŒŒËŒÌŒŒŒÎŒ‹ÌŒŒŒÎŒKL‚ŒŒŽŒÌLLÍLŒK‹ŽŒÌLLÍLŒYKL‚ŒKŒŽLÌŒÎŒLŒË‹ŽLÌŒÎŒLŒÙKL‚Œ‹ŒÌMÌLŒMŒ‹ËŒMÌLŒMŒ™KL‚ŒËŒÌMNMÍÎMËŒMNMÍÎMKL‚ŒŽŒÌŽÎLNŽKËŒŽÎLNŽYKL‚ŒŽKŒÌÍNMÍÌMŽKËŒÍNMÍÌMŽYKL‚ŒÌŒÍNŒŒŒ‹ËNŒŒŒ™KL‚ŒÌKŒÍLÌÍMMMËLÌÍMMMKL‚ŒÌ‹ŒÍLÌŒÎNËLÌŒÎNKL‚ŒÌËŒÍLÌLÌŒÍMMËËLÌLÌŒÍMMÙKL‚ŒÍŒÍLNLLNLKËLNLLNLYKL‚ŒÍKŒÍNLÎNŽNKËNLÎNŽNYKL‚ŒÍ‹ŒÌÍLÎMŒÎM‹ËŒÍLÎMŒÎM™KL‚ŒÍËŒÌÍLŒLKËŒÍLŒLYKL‚ŒÎŒÌMNÍLMŒÌËËŒMNÍLMŒÌÙKL‚ŒÎKŒÌŒÌÍMMËËŒŒÌÍMMÙKL‚ŒŽLÌLNÍNK‹ŽLÌLNÍNYKL‚KŒŽŒNMN‹‹ŽŒNMN™KL‚‹ŒÌŒLÌMÍM‹‹ÌŒLÌMÍM™KL‚ËŒŒÌNLLÌÍÌK‹ŒÌNLLÌÍÌYKL‚ŒMMMLÌMŽMÍK‹MMMLÌMŽMÍYKL‚KŒLÌÍÍŽLË‹LÌÍÍŽLÙKL‚‹ŒŒÌÍMÍÍË‹ŒÌÍMÍÍÙKL‚ËŒMÍÌNMÎK‹MÍÌNMÎYKL‚ŒŒÎNLMM‹ŒÎNLMMKL‚KŒŒÎNLÎMÍMË‹ŒÎNLÎMÍMÙKL‚LŒMÍÌLLMM‹‹MÍÌLLMM™KL‚LKŒŒÌŒŒLLK‹ŒÌŒŒLLYKL‚L‹ŒLÌÍMÌÌK‹LÌÍMÌÌYKL‚LËŒMMMLŽMÍË‹MMMLŽMÍÙKL‚MŒŒÌNLLNM‹‹ŒÌNLLNM™KL‚MKŒÌŒLÌÍÌ‹‹ÌŒLÌÍÌ™KL‚M‹ŒŽŒNŒŒÌM‹‹ŽŒNŒŒÌM™KL‚MËŒŽLÌÎMŒÌ‹‹ŽLÌÎMŒÌ™KL‚NŒÌŒŽLŒMÎKËŒŒŽLŒMÎYKL‚NKŒÌMNÍŽMËŒMNÍŽMKL‚ŒŒÌÍLLNNLKËŒÍLLNNLYKL‚ŒKŒÌÍLÍLÌL‹ËŒÍLÍLÌL™KL‚Œ‹ŒÍNLLËNLLKL‚ŒËŒÍLNNLËËLNNLÙKL‚ŒÍLÌLÌÌNËLÌLÌÌNKL‚KŒÍLÌÌÎŽËËLÌÌÎŽÙKL‚‹ŒÍLÌŽÍNËLÌŽÍNKL‚ËŒÍŒLÌMMÍKËŒLÌMMÍYKL‚ŽŒÌÍNNNMÍKËŒÍNNNMÍYKL‚ŽKŒÌŽÍMÎML‹ËŒŽÍMÎML™KL‚ÌŒÌMNMÎMÍMŒNËŒMNMÎMÍMŒNKL‚ÌKŒÌLML‹ËŒLML™KL‚Ì‹ŒŽLÌLÎLM‹ŽLÌLÎLMKL‚ÌËŒŽŒŒMÎLNN‹ŽŒŒMÎLNNKL‚ÍŒÌŒLÍÌÍŒNL‹‹ÌŒLÍÌÍŒNL™KL‚ÍKŒŒÌŒMŒŽLÌŽ‹ŒÌŒMŒŽLÌŽKL‚Í‹ŒMMMÌNLLÍK‹MMMÌNLLÍYKL‚ÍËŒLÍŒNLK‹LÍŒNLYKL‚ÎŒŒÎMMÌ‹‹ŒÎMMÌ™KL‚ÎKŒMÎLŒM‹MÎLŒMKL‚ŽŒŒÎNLMÌNM‹‹ŒÎNLMÌNM™KL‚ŽKŒŒÎNLMŽŒN‹ŒÎNLMŽŒNKL‚Ž‹ŒMÎÎLÌ‹‹MÎÎLÌ™KL‚ŽËŒŒÎMM‹‹ŒÎMM™KL‚ŽŒLÍMŽ‹LÍMŽKL‚ŽKŒMMMŽNLÌÌ‹‹MMMŽNLÌÌ™KL‚Ž‹ŒŒÌŒLÎMÎÍŽK‹ŒÌŒLÎMÎÍŽYKL‚ŽËŒÌŒLÍÌNMŒ‹‹ÌŒLÍÌNMŒ™KL‚ŽŒŽŒŒMMMŒŽK‹ŽŒŒMMMŒŽYKL‚ŽKŒŽLÌLÎŽLŒK‹ŽLÌLÎŽLŒYKL‚ŽLŒÌLŒÍÌÍÍÎËŒLŒÍÌÍÍÎKL‚ŽLKŒÌMNMÍLÌMKËŒMNMÍLÌMYKL‚ŽL‹ŒÌŽÍMŽÍŽKËŒŽÍMŽÍŽYKL‚ŽLËŒÌÍNMLÎKËŒÍNMLÎYKL‚ŽMŒÍŒŽLŽKËŒŽLŽYKL‚ŽMKŒÍLÌŒÍÌŒËËLÌŒÍÌŒÙKL‚ŽM‹ŒÍLÌŽÎNÍKËLÌŽÎNÍYKL‚ŽMËŒÍLÌŽMÍMŒ‹ËLÌŽMÍMŒ™KL‚ŽNŒÍLÍŒM‹ËLÍŒM™KL‚ŽNKŒÍMMÍÎLÍËMMÍÎLÍKL‚ŒLŒÌÍŒŽÎNKËŒÍŒŽÎNYKL‚ŒLKŒÌŽÍMÌŒÌMËŒŽÍMÌŒÌMKL‚ŒL‹ŒÌMNMÍMÌLÌ‹ËŒMNMÍMÌLÌ™KL‚ŒLËŒÌMMŒÍLËËŒMMŒÍLÙKL‚ŒLŒŽLÌMMÍŒÌÎK‹ŽLÌMMÍŒÌÎYKL‚ŒLKŒŽŒŒÍŽMÍË‹ŽŒŒÍŽMÍÙKL‚ŒL‹ŒÌŒMÎNMÎ‹ÌŒMÎNMÎKL‚ŒLËŒŒÌŒMŽM‹‹ŒÌŒMŽM™KL‚ŒLŒMMMŽLMÍÎLË‹MMMŽLMÍÎLÙKL‚ŒLKŒLÍÌÌNK‹LÍÌÌNYKL‚ŒLLŒŒÍMÌNK‹ŒÍMÌNYKL‚ŒLLKŒMÍÌLÌN‹MÍÌLÌNKL‚ŒLL‹ŒŒÎNNŽNK‹ŒÎNNŽNYKL‚ŒLLËŒŒÎNNŒŒLË‹ŒÎNNŒŒLÙKL‚ŒLMŒMÍÌŒÌË‹MÍÌŒÌÙKL‚ŒLMKŒŒÍÌMMK‹ŒÍÌMMYKL‚ŒLM‹ŒLÍŽLLÌË‹LÍŽLLÌÙKL‚ŒLMËŒMMMŽMÍL‹‹MMMŽMÍL™KL‚ŒLNŒŒÌŒMLÎ‹ŒÌŒMLÎKL‚ŒLNKŒÌŒMÍLMË‹ÌŒMÍLMÙKL‚ŒLŒŒŽŒŒÍLÍLK‹ŽŒŒÍLÍLYKL‚ŒLŒKŒŽLÌMMÎ‹ŽLÌMMÎKL‚ŒLŒ‹ŒÌMLŒŒÍŽËŒMLŒŒÍŽKL‚ŒLŒËŒÌMNMÍLËŒMNMÍLKL‚ŒLŒÌŽÌMŽ‹ËŒŽÌMŽ™KL‚ŒLKŒÌÍŒŒÌŒLËŒÍŒŒÌŒLKL‚ŒL‹ŒÍLLŒKËLLŒYKL‚ŒLËŒÍLÍMÌÌ‹ËLÍMÌÌ™KL‚ŒLŽŒÍLÌŽÍLMM‹ËLÌŽÍLMM™KL‚ŒLŽKŒÍLÌŽMMMŒKËLÌŽMMMŒYKL‚ŒLÌŒÍLÍLÌŒŽ‹ËLÍLÌŒŽ™KL‚ŒLÌKŒÍLNNËLNNKL‚ŒLÌ‹ŒÌÍŒÌNLMÍËËŒÍŒÌNLMÍÙKL‚ŒLÌËŒÌŽÌLNMÌÍ‹ËŒŽÌLNMÌÍ™KL‚ŒLÍŒÌMNMÍÍŒÌLÍ‹ËŒMNMÍÍŒÌLÍ™KL‚ŒLÍKŒÌMMLÎMÎËŒMMLÎMÎKL‚ŒLÍ‹ŒŽLÌMLNLÌË‹ŽLÌMLNLÌÙKL‚ŒLÍËŒŽŒŒÌMÍÍŽLË‹ŽŒŒÌMÍÍŽLÙKL‚ŒLÎŒÌŒLÍÍMÍË‹ÌŒLÍÍMÍÙKL‚ŒLÎKŒŒÌŒMŽLK‹ŒÌŒMŽLYKL‚ŒMŒMMMNMNMË‹MMMNMNMÙKL‚ŒMKŒLÌÌNNMÌÌK‹LÌÌNNMÌÌYKL‚ŒM‹ŒŒŒŒÎNK‹ŒŒŒÎNYKL‚ŒMËŒMÌÍMMË‹MÌÍMMÙKL‚ŒMŒŒÎNLLMLË‹ŒÎNLLMLÙKL‚ŒMKŒŒÎNLMM‹‹ŒÎNLMM™KL‚ŒM‹ŒMŒÍL‹‹MŒÍL™KL‚ŒMËŒŒŒNLÌNLMË‹ŒŒNLÌNLMÙKL‚ŒMŒLÌÌNÌŒŒÌË‹LÌÌNÌŒŒÌÙKL‚ŒMKŒMMMNLŒÌÍÍK‹MMMNLŒÌÍÍYKL‚ŒMLŒŒÌŒÌLÍ‹‹ŒÌŒÌLÍ™KL‚ŒMLKŒÌŒLÍÌLÎLË‹ÌŒLÍÌLÎLÙKL‚ŒML‹ŒŽŒŒÌŒŒÌK‹ŽŒŒÌŒŒÌYKL‚ŒMLËŒŽLÌMLŒNNNLË‹ŽLÌMLŒNNNLÙKL‚ŒMMŒÌMLLÎMÎKËŒMLLÎMÎYKL‚ŒMMKŒÌMNMÍŒŽMMM‹ËŒMNMÍŒŽMMM™KL‚ŒMM‹ŒÌŽÌŽMŒM‹ËŒŽÌŽMŒM™KL‚ŒMMËŒÌÍŒÌLÎMM‹ËŒÍŒÌLÎMM™KL‚ŒMNŒÍLLŽŒ‹ËLLŽŒ™KL‚ŒMNKŒÍLÍLÌLŽLKËLÍLÌLŽLYKL‚ŒMŒŒÍLÌŽMLLÍÌÌKËLÌŽMLLÍÌÌYKL‚ŒMŒKŒÍLÌÌŒÌLËËLÌÌŒÌLÙKL‚ŒMŒ‹ŒÍLÍMÍÍÍËËLÍMÍÍÍÙKL‚ŒMŒËŒÍMNNNNLKËMNNNNLYKL‚ŒMŒÌÍŒÍMMÌMËŒÍŒÍMMÌMKL‚ŒMKŒÌŽÍMÍÍLKËŒŽÍMÍÍLYKL‚ŒM‹ŒÌMNMÎLLL‹ËŒMNMÎLLL™KL‚ŒMËŒÌMÍ‹ËŒMÍ™KL‚ŒMŽŒŽLÌMLŒÍŒ‹‹ŽLÌMLŒÍŒ™KL‚ŒMŽKŒŽŒŒÌMÎMŒŽ‹ŽŒŒÌMÎMŒŽKL‚ŒMÌŒÌŒLÍLÌLÍË‹ÌŒLÍLÌLÍÙKL‚ŒMÌKŒŒÌŒLŒÎLÌK‹ŒÌŒLŒÎLÌYKL‚ŒMÌ‹ŒMMMMLLŽMMÌK‹MMMMLLŽMMÌYKL‚ŒMÌËŒLÌŽŒ‹‹LÌŽŒ™KL‚ŒMÍŒŒMŒÎLŒË‹ŒMŒÎLŒÙKL‚ŒMÍKŒMNMK‹MNMYKL‚ŒMÍ‹ŒŒÎNÎŒÍ‹ŒÎNÎŒÍKL‚ŒMÍËŒŒÎNÎŒÍK‹ŒÎNÎŒÍYKL‚ŒMÎŒMMÎMÍMÍ‹‹MMÎMÍMÍ™KL‚ŒMÎKŒŒMŒLŒK‹ŒMŒLŒYKL‚ŒNŒLÌÌÍÌK‹LÌÌÍÌYKL‚ŒNKŒMMMMLŽLË‹MMMMLŽLÙKL‚ŒN‹ŒŒÌŒMŒŽK‹ŒÌŒMŒŽYKL‚ŒNËŒÌŒLÍMÎM‹ÌŒLÍMÎMKL‚ŒNŒŽŒŒÌLLÌMË‹ŽŒŒÌLLÌMÙKL‚ŒNKŒŽLÌMLŒŒMMM‹‹ŽLÌMLŒŒMMM™KL‚ŒN‹ŒÌMŒŒMŽËŒMŒŒMŽKL‚ŒNËŒÌMNMÎÎMKËŒMNMÎÎMYKL‚ŒNŒÌŽÌÍŒŽLÌKËŒŽÌÍŒŽLÌYKL‚ŒNKŒÌÍŒÍNMÌÍÌËËŒÍŒÍNMÌÍÌÙKL‚ŒNLŒÍMMÌMËMMÌMKL‚ŒNLKŒÍLÍMÌMMN‹ËLÍMÌMMN™KL‚ŒNL‹ŒÍLÌŽNMŒŒMMÍËLÌŽNMŒŒMMÍKL‚ŒNLËŒÍLÌÌÌŒNMKËLÌÌÌŒNMYKL‚ŒNMŒÍLÍŒÌÎMËËLÍŒÌÎMÙKL‚ŒNMKŒÍNMÍ‹ËNMÍ™KL‚ŒNM‹ŒÌÍŒÎÌÌÍËŒÍŒÎÌÌÍKL‚ŒNMËŒÌŽÍÌMËËŒŽÍÌMÙKL‚ŒNNŒÌMNNLMLMMKËŒMNNLMLMMYKL‚ŒNNKŒÌMMNMMËËŒMMNMMÙKL‚ŒŒŒŽLÌMMLŒ‹ŽLÌMMLŒKL‚ŒŒKŒŽŒŒÌŒÍÍLNK‹ŽŒŒÌŒÍÍLNYKL‚ŒŒ‹ŒÌŒLÍMMLÍ‹‹ÌŒLÍMMLÍ™KL‚ŒŒËŒŒÌŒLŽLÎK‹ŒÌŒLŽLÎYKL‚ŒŒŒMMMMÎMÌŽ‹MMMMÎMÌŽKL‚ŒŒKŒLÌMMLK‹LÌMMLYKL‚ŒŒ‹ŒŒMŽŒK‹ŒMŽŒYKL‚ŒŒËŒMMŒŒŽŽ‹MMŒŒŽŽKL‚ŒŒŒŒÎNÍŽLŽMË‹ŒÎNÍŽLŽMÙKL‚ŒŒKŒŒÎNÍÍÍË‹ŒÎNÍÍÍÙKL‚ŒŒLŒMMŒMNË‹MMŒMNÙKL‚ŒŒLKŒŒMMLÍË‹ŒMMLÍÙKL‚ŒŒL‹ŒLÌMÌŒË‹LÌMÌŒÙKL‚ŒŒLËŒMMMMMMLÌÍË‹MMMMMMLÌÍÙKL‚ŒŒMŒŒÌŒÌÌMÍK‹ŒÌŒÌÌMÍYKL‚ŒŒMKŒÌŒLÍLŽLŽÍK‹ÌŒLÍLŽLŽÍYKL‚ŒŒM‹ŒŽŒŒÌNMŒË‹ŽŒŒÌNMŒÙKL‚ŒŒMËŒŽLÌMLÍNL‹ŽLÌMLÍNLKL‚ŒŒNŒÌMÍNËËŒMÍNÙKL‚ŒŒNKŒÌMNNNMŽËŒMNNNMŽKL‚ŒŒŒŒÌŽÍŒLNNMËŒŽÍŒLNNMKL‚ŒŒŒKŒÌÍŒÍÍŽLMÍ‹ËŒÍŒÍÍŽLMÍ™KL‚ŒŒŒ‹ŒÍNŒNKËNŒNYKL‚ŒŒŒËŒÍLÍŒMLÍ‹ËLÍŒMLÍ™KL‚ŒŒŒÍLÌÌLÌŽMËËLÌÌLÌŽMÙKL‚ŒŒKŒÍLÌÌÌŒMLËËLÌÌÌŒMLÙKL‚ŒŒ‹ŒÍLÍŒÌKËLÍŒÌYKL‚ŒŒËŒÍNLLMLËNLLMLKL‚ŒŒŽŒÌÍŒÎÌLMN‹ËŒÍŒÎÌLMN™KL‚ŒŒŽKŒÌŽÍÌMÍÎLKËŒŽÍÌMÍÎLYKL‚ŒŒÌŒÌMNNNÌÎMËËŒMNNNÌÎMÙKL‚ŒŒÌKŒÌMLŽ‹ËŒMLŽ™KL‚ŒŒÌ‹ŒŽLÌMMMÌÍ‹‹ŽLÌMMMÌÍ™KL‚ŒŒÌËŒŽŒŒÌÌÍ‹‹ŽŒŒÌÌÍ™KL‚ŒŒÍŒÌŒLÍŒN‹ÌŒLÍŒNKL‚ŒŒÍKŒŒÌŒMLLÍLŽK‹ŒÌŒMLLÍLŽYKL‚ŒŒÍ‹ŒMMMMÌÍLN‹MMMMÌÍLNKL‚ŒŒÍËŒLÌNÌŒË‹LÌNÌŒÙKL‚ŒŒÎŒŒMÌŒŒÌL‹‹ŒMÌŒŒÌL™KL‚ŒŒÎKŒMMŒMÍMÌ‹‹MMŒMÍMÌ™KL‚ŒŒŒÎNÍMMÎK‹ŒÎNÍMMÎYKL‚ŒKŒŒÎNÍLLMÍ‹ŒÎNÍLLMÍKL‚Œ‹ŒMMŒÌK‹MMŒÌYKL‚ŒËŒŒMMÍŽ‹ŒMMÍŽKL‚ŒŒLÌMŒMLK‹LÌMŒMLYKL‚ŒKŒMMMMŒMK‹MMMMŒMYKL‚Œ‹ŒŒÌŒLNÌMË‹ŒÌŒLNÌMÙKL‚ŒËŒÌŒLÍNÍMŽM‹ÌŒLÍNÍMŽMKL‚ŒŒŽŒŒÌŒÍÌÍŒ‹‹ŽŒŒÌŒÍÌÍŒ™KL‚ŒKŒŽLÌMMŽLŽLMK‹ŽLÌMMŽLŽLMYKL‚ŒLŒÌMÌLÍËŒMÌLÍKL‚ŒLKŒÌMNNLMÌÍMMËŒMNNLMÌÍMMKL‚ŒL‹ŒÌŽÍMÍŒÎMKËŒŽÍMÍŒÎMYKL‚ŒLËŒÌÍŒÍÎNŒŒKËŒÍŒÍÎNŒŒYKL‚ŒMŒÍNÍMÌÌ‹ËNÍMÌÌ™KL‚ŒMKŒÍLÍŒLMÌËËLÍŒLMÌÙKL‚ŒM‹ŒÍLÌÌÍMMËLÌÌÍMMKL‚ŒMËŒÍLÌÌMLŽÍKËLÌÌMLŽÍYKL‚ŒNŒÍLÍNLÌNËLÍNLÌNKL‚ŒNKŒÍMÍÎËËMÍÎÙKL‚ŒŒŒÌÍŒÍÍŽËËŒÍŒÍÍŽÙKL‚ŒŒKŒÌŽÍMÌÍËŒŽÍMÌÍKL‚ŒŒ‹ŒÌMNNMŒÍŒËËŒMNNMŒÍŒÙKL‚ŒŒËŒÌMLÌÌÌÍKËŒMLÌÌÌÍYKL‚ŒŒŽLÌMMLÍÎNK‹ŽLÌMMLÍÎNYKL‚ŒKŒŽŒŒÌÍNLNË‹ŽŒŒÌÍNLNÙKL‚Œ‹ŒÌŒLÍŽMMNK‹ÌŒLÍŽMMNYKL‚ŒËŒŒÌŒŒÌLŽM‹‹ŒÌŒŒÌLŽM™KL‚ŒŽŒMMMMMNMÍMK‹MMMMMNMÍMYKL‚ŒŽKŒLÌÌÎM‹LÌÌÎMKL‚ŒÌŒŒMMNŽ‹ŒMMNŽKL‚ŒÌKŒMMÌLÎM‹‹MMÌLÎM™KL‚ŒÌ‹ŒŒÎNÍÍÎÌË‹ŒÎNÍÍÎÌÙKL‚ŒÌËŒŒÎNÍÍŽË‹ŒÎNÍÍŽÙKL‚ŒÍŒMMŽNNLNK‹MMŽNNLNYKL‚ŒÍKŒŒMMÌÌ‹‹ŒMMÌÌ™KL‚ŒÍ‹ŒLÌLMLÍË‹LÌLMLÍÙKL‚ŒÍËŒMMMMLÌÍ‹‹MMMMLÌÍ™KL‚ŒÎŒŒÌŒNMLŒË‹ŒÌŒNMLŒÙKL‚ŒÎKŒÌŒLÍLLÍŒÍË‹ÌŒLÍLLÍŒÍÙKL‚ŒŽŒŽŒŒÌÌLÌLÍË‹ŽŒŒÌÌLÌLÍÙKL‚ŒŽKŒŽLÌMMLÎ‹ŽLÌMMLÎKL‚ŒŽ‹ŒÌMŒÌÌÎKËŒMŒÌÌÎYKL‚ŒŽËŒÌMNNÍMŒŽ‹ËŒMNNÍMŒŽ™KL‚ŒŽŒÌŽÍNMÌKËŒŽÍNMÌYKL‚ŒŽKŒÌÍŒÍŽNNLÌËËŒÍŒÍŽNNLÌÙKL‚ŒŽ‹ŒÍMŽLNLÌÍ‹ËMŽLNLÌÍ™KL‚ŒŽËŒÍLÍNÍÌÌŒ‹ËLÍNÍÌÌŒ™KL‚ŒŽŒÍLÌÌŒLŽKËLÌÌŒLŽYKL‚ŒŽKŒÍLÌŽNLŒÌŒKËLÌŽNLŒÌŒYKL‚ŒŽLŒÍLÍMÌLMËËLÍMÌLMÙKL‚ŒŽLKŒÍMNÍËËMNÍÙKL‚ŒŽL‹ŒÌÍŒÍŒLÍÌÌKËŒÍŒÍŒLÍÌÌYKL‚ŒŽLËŒÌŽÍMÍNËŒŽÍMÍNKL‚ŒŽMŒÌMNNÍŒÎËŒMNNÍŒÎKL‚ŒŽMKŒÌMLŒÎMËŒMLŒÎMKL‚ŒŽM‹ŒŽLÌMMLŒMMË‹ŽLÌMMLŒMMÙKL‚ŒŽMËŒŽŒŒÍLNÍK‹ŽŒŒÍLNÍYKL‚ŒŽNŒÌŒLÍÍÍLŒ‹‹ÌŒLÍÍÍLŒ™KL‚ŒŽNKŒŒÌŒÌÍŽMK‹ŒÌŒÌÍŽMYKL‚ŒÌŒMMMMŽLÌK‹MMMMŽLÌYKL‚ŒÌKŒLÌŽLÍŒÍMK‹LÌŽLÍŒÍMYKL‚ŒÌ‹ŒŒMÌMÍÍÌË‹ŒMÌMÍÍÌÙKL‚ŒÌËŒMNLÍMÍ‹MNLÍMÍKL‚ŒÌŒŒÎNÎLL‹ŒÎNÎLLKL‚ŒÌKŒŒÎNÎLÌNM‹ŒÎNÎLÌNMKL‚ŒÌ‹ŒMNMLMLLK‹MNMLMLLYKL‚ŒÌËŒŒMŽMÌMK‹ŒMŽMÌMYKL‚ŒÌŒLÌÎMN‹LÌÎMNKL‚ŒÌKŒMMMMLÍŒLŒK‹MMMMLÍŒLŒYKL‚ŒÌLŒŒÌŒŽMÎLK‹ŒÌŒŽMÎLYKL‚ŒÌLKŒÌŒLÍÌŽML‹‹ÌŒLÍÌŽML™KL‚ŒÌL‹ŒŽŒŒÌÍMMK‹ŽŒŒÌÍMMYKL‚ŒÌLËŒŽLÌMMNÌNLË‹ŽLÌMMNÌNLÙKL‚ŒÌMŒÌMŽMLÍËËŒMŽMLÍÙKL‚ŒÌMKŒÌMNMÎNMÌNËËŒMNMÎNMÌNÙKL‚ŒÌM‹ŒÌŽÍMÌM‹ËŒŽÍMÌM™KL‚ŒÌMËŒÌÍŒÍLŒËŒÍŒÍLŒKL‚ŒÌNŒÍMLŒNKËMLŒNYKL‚ŒÌNKŒÍLÍMŒŒŽÍKËLÍMŒŒŽÍYKL‚ŒÌŒŒÍLÌŽNLÍNMKËLÌŽNLÍNMYKL‚ŒÌŒKŒÍLÌŽMÌLËLÌŽMÌLKL‚ŒÌŒ‹ŒÍLÍMÍÍLÌKËLÍMÍÍLÌYKL‚ŒÌŒËŒÍLÎÌMLMËËLÎÌMLMÙKL‚ŒÌŒÌÍŒÍÎKËŒÍŒÍÎYKL‚ŒÌKŒÌŽÍMMLNKËŒŽÍMMLNYKL‚ŒÌ‹ŒÌMNMÎNMLŽKËŒMNMÎNMLŽYKL‚ŒÌËŒÌMNMMËŒMNMMKL‚ŒÌŽŒŽLÌMMLÌMLMM‹‹ŽLÌMMLÌMLMM™KL‚ŒÌŽKŒŽŒŒÍŒL‹ŽŒŒÍŒLKL‚ŒÌÌŒÌŒLÎŒŒMŽK‹ÌŒLÎŒŒMŽYKL‚ŒÌÌKŒŒÌŒMMÍK‹ŒÌŒMMÍYKL‚ŒÌÌ‹ŒMMMNŽÍ‹MMMNŽÍKL‚ŒÌÌËŒLÌŽMÍ‹‹LÌŽMÍ™KL‚ŒÌÍŒŒNLMŒŒMË‹ŒNLMŒŒMÙKL‚ŒÌÍKŒMŒLNÎË‹MŒLNÎÙKL‚ŒÌÍ‹ŒŒÎNMÍMÎM‹‹ŒÎNMÍMÎM™KL‚ŒÌÍËŒŒÎNLÎNK‹ŒÎNLÎNYKL‚ŒÌÎŒMŒLŒŒË‹MŒLŒŒÙKL‚ŒÌÎKŒŒNÌÍLM‹‹ŒNÌÍLM™KL‚ŒÍŒLÌŽML‹‹LÌŽML™KL‚ŒÍKŒMMMMÎMŽ‹MMMMÎMŽKL‚ŒÍ‹ŒŒÌŒLÌŒÎ‹ŒÌŒLÌŒÎKL‚ŒÍËŒÌŒLÎLNŽL‹‹ÌŒLÎLNŽL™KL‚ŒÍŒŽŒŒÍÍÍK‹ŽŒŒÍÍÍYKL‚ŒÍKŒŽLÌMMŒŽMË‹ŽLÌMMŒŽMÙKL‚ŒÍ‹ŒÌMÎÎËŒMÎÎKL‚ŒÍËŒÌMNMÎLÍMËŒMNMÎLÍMKL‚ŒÍŒÌŽÌÌNMŒMËŒŽÌÌNMŒMKL‚ŒÍKŒÌÍŒÌÌÎÌÎKËŒÍŒÌÌÎÌÎYKL‚ŒÍLŒÍLŽMÍL‹ËLŽMÍL™KL‚ŒÍLKŒÍLÍLÍMÍÍMMËLÍLÍMÍÍMMKL‚ŒÍL‹ŒÍLÌŽMMÌŒŒÎKËLÌŽMMÌŒŒÎYKL‚ŒÍLËŒÍLÌŽMÌMMËLÌŽMÌMMKL‚ŒÍMŒÍLÍLLÌŽMKËLÍLLÌŽMYKL‚ŒÍMKŒÍLNÎ‹ËLNÎ™KL‚ŒÍM‹ŒÌÍŒÌŽŽLÍKËŒÍŒÌŽŽLÍYKL‚ŒÍMËŒÌŽÌŽLŽMÌKËŒŽÌŽLŽMÌYKL‚ŒÍNŒÌMNMÎLMMÍËËŒMNMÎLMMÍÙKL‚ŒÍNKŒÌMÌMÎLKËŒMÌMÎLYKL‚ŒÍŒŒŽLÌMMMLLË‹ŽLÌMMMLLÙKL‚ŒÍŒKŒŽŒŒÍLLÍNK‹ŽŒŒÍLLÍNYKL‚ŒÍŒ‹ŒÌŒLÎMNNLÌK‹ÌŒLÎMNNLÌYKL‚ŒÍŒËŒŒÌŒMÍMÌNK‹ŒÌŒMÍMÌNYKL‚ŒÍŒMMMNMÍLMK‹MMMNMÍLMYKL‚ŒÍKŒLÌÌMÍLK‹LÌÌMÍLYKL‚ŒÍ‹ŒŒŒÍMNNN‹ŒŒÍMNNNKL‚ŒÍËŒMŒŒ‹MŒŒKL‚ŒÍŽŒŒÎNŽMÌLÌË‹ŒÎNŽMÌLÌÙKL‚ŒÍŽKŒŒÎNŽLÍÌË‹ŒÎNŽLÍÌÙKL‚ŒÍÌŒMŒŒÍLÍMË‹MŒŒÍLÍMÙKL‚ŒÍÌKŒŒŒMŽLË‹ŒŒMŽLÙKL‚ŒÍÌ‹ŒLÌÌLNÍLK‹LÌÌLNÍLYKL‚ŒÍÌËŒMMMNMÌŒË‹MMMNMÌŒÙKL‚ŒÍÍŒŒÌŒLÌLÌML‹‹ŒÌŒLÌLÌML™KL‚ŒÍÍKŒÌŒLÎMÌÍŽK‹ÌŒLÎMÌÍŽYKL‚ŒÍÍ‹ŒŽŒŒÍLN‹ŽŒŒÍLNKL‚ŒÍÍËŒŽLÌMMÎL‹‹ŽLÌMMÎL™KL‚ŒÍÎŒÌMÍÌÎMËËŒMÍÌÎMÙKL‚ŒÍÎKŒÌMNMÎŒÎMËŒMNMÎŒÎMKL‚ŒÎŒÌŽÌNŒÌËËŒŽÌNŒÌÙKL‚ŒÎKŒÌÍŒÌMŒMN‹ËŒÍŒÌMŒMN™KL‚ŒÎ‹ŒÍLMŽLÌKËLMŽLÌYKL‚ŒÎËŒÍLÍLLMŒMÎM‹ËLÍLLMŒMÎM™KL‚ŒÎŒÍLÌŽLŽÍMÍËËLÌŽLŽÍMÍÙKL‚ŒÎKŒÍLÌŽLŒMÍMÍËËLÌŽLŒMÍMÍÙKL‚ŒÎ‹ŒÍLÍLLÍËËLÍLLÍÙKL‚ŒÎËŒÍLÎ‹ËLÎ™KL‚ŒÎŒÌÍŒÌLÍNLÌËËŒÍŒÌLÍNLÌÙKL‚ŒÎKŒÌŽÌNNKËŒŽÌNNYKL‚ŒÎLŒÌMNMÎÌLŒKËŒMNMÎÌLŒYKL‚ŒÎLKŒÌMÎMÍŒËËŒMÎMÍŒÙKL‚ŒÎL‹ŒŽLÌMMMMMŒK‹ŽLÌMMMMMŒYKL‚ŒÎLËŒŽŒŒÍMŒŒK‹ŽŒŒÍMŒŒYKL‚ŒÎMŒÌŒMÍŒŽM‹‹ÌŒMÍŒŽM™KL‚ŒÎMKŒŒÌŒLLNMŒ‹‹ŒÌŒLLNMŒ™KL‚ŒÎM‹ŒMMMŒLNLŒK‹MMMŒLNLŒYKL‚ŒÎMËŒLÌÌÌMŒ‹‹LÌÌÌMŒ™KL‚ŒÎNŒŒŒMMMŒ‹‹ŒŒMMMŒ™KL‚ŒÎNKŒMÍŒÌL‹‹MÍŒÌL™KL‚ŒŒÎNLŒLŒË‹ŒÎNLŒLŒÙKL‚KŒŒÎNNK‹ŒÎNNYKL‚‹ŒMLÍÍ‹‹MLÍÍ™KL‚ËŒŒŒŒÍŒM‹ŒŒŒÍŒMKL‚ŒLÌÌŽNŒMË‹LÌÌŽNŒMÙKL‚KŒMMMŒÌMK‹MMMŒÌMYKL‚‹ŒŒÌŒLÎLŒË‹ŒÌŒLÎLŒÙKL‚ËŒÌŒLÎNMMK‹ÌŒLÎNMMYKL‚ŒŽŒŒÍMÎMŽN‹ŽŒŒÍMÎMŽNKL‚KŒŽLÌMMÎN‹‹ŽLÌMMÎN™KL‚LŒÌMÌMNLNKËŒMÌMNLNYKL‚LKŒÌMNMÍÍNMËËŒMNMÍÍNMÙKL‚L‹ŒÌŽÌŽMLKËŒŽÌŽMLYKL‚LËŒÌÍŒÌŒÌNKËŒÍŒÌŒÌNYKL‚MŒÍŒŒLKËŒŒLYKL‚MKŒÍLÍNÍËLÍNÍKL‚M‹ŒÍLÌŽLLŒMËLÌŽLLŒMKL‚MËŒÍLÌŽLÎNLÍËËLÌŽLÎNLÍÙKL‚NŒÍLÍLŒKËLÍLŒYKL‚NKŒÍŒÌNNKËŒÌNNYKL‚ŒŒÌÍŒÌMŒËŒÍŒÌMŒKL‚ŒKŒÌŽÌMÌŒMÌ‹ËŒŽÌMÌŒMÌ™KL‚Œ‹ŒÌMNMÍÎMMÍÍ‹ËŒMNMÍÎMMÍÍ™KL‚ŒËŒÌMÎÍÍÌKËŒMÎÍÍÌYKL‚ŒŽLÌMMMÌÌN‹‹ŽLÌMMMÌÌN™KL‚KŒŽŒŒÍŒMLMÌK‹ŽŒŒÍŒMLMÌYKL‚‹ŒÌŒMLŒÌŒÍ‹ÌŒMLŒÌŒÍKL‚ËŒŒÌŒLŒÍMŒË‹ŒÌŒLŒÍMŒÙKL‚ŽŒMMMŒLÌŒK‹MMMŒLÌŒYKL‚ŽKŒLÌÍŒŽNNK‹LÌÍŒŽNNYKL‚ÌŒŒŒÍŽLLË‹ŒŒÍŽLLÙKL‚ÌKŒMŒMM‹MŒMMKL‚Ì‹ŒŒÎNÍMÍË‹ŒÎNÍMÍÙKL‚ÌËŒŒÎNÌŒNMË‹ŒÎNÌŒNMÙKL‚ÍŒMŒLÌŒK‹MŒLÌŒYKL‚ÍKŒŒŒL‹‹ŒŒL™KL‚Í‹ŒLÌÍÍÍMÌ‹‹LÌÍÍÍMÌ™KL‚ÍËŒMMMŒŒŒÌÍ‹MMMŒŒŒÌÍKL‚ÎŒŒÌŒLMŒMMÎK‹ŒÌŒLMŒMMÎYKL‚ÎKŒÌŒMŽË‹ÌŒMŽÙKL‚ŒŽŒŒÍMLÌ‹‹ŽŒŒÍMLÌ™KL‚KŒŽLÌMMNMK‹ŽLÌMMNMYKL‚‹ŒÌMŽNLÍŽKËŒMŽNLÍŽYKL‚ËŒÌMNMÍŽLLLÌMKËŒMNMÍŽLLLÌMYKL‚ŒÌŽŽMÍÍNLL‹ËŒŽŽMÍÍNLL™KL‚KŒÌÍŒŽÎMÌ‹ËŒÍŒŽÎMÌ™KL‚‹ŒÍÌNÍ‹ËÌNÍ™KL‚ËŒÍLÍÌMÍMNKËLÍÌMÍMNYKL‚ŒÍLÌŽLLËËLÌŽLLÙKL‚KŒÍLÌŽLËLÌŽLKL‚LŒÍLÍÍŒŒKËLÍÍŒŒYKL‚LKŒÍÍLÌÌMKËÍLÌÌMYKL‚L‹ŒÌÍŒŽLŽŒNKËŒÍŒŽLŽŒNYKL‚LËŒÌŽÌÍÎËŒŽÌÍÎKL‚MŒÌMNMÍÍŒÍÍÍËŒMNMÍÍŒÍÍÍKL‚MKŒÌMÎÍLËŒMÎÍLKL‚M‹ŒŽLÌMMNNLNK‹ŽLÌMMNNLNYKL‚MËŒŽŒŒÍŽMÍLŒK‹ŽŒŒÍŽMÍLŒYKL‚NŒÌŒMŒMLK‹ÌŒMŒMLYKL‚NKŒŒÌŒLÌLLK‹ŒÌŒLÌLLYKL‚ŒŒMMMŒÍÎÍK‹MMMŒÍÎÍYKL‚ŒKŒLÌÍŒMÍK‹LÌÍŒMÍYKL‚Œ‹ŒŒMÎÍMÎ‹ŒMÎÍMÎKL‚ŒËŒMÍÎMÌË‹MÍÎMÌÙKL‚ŒŒÎNNMLK‹ŒÎNNMLYKL‚KŒŒÎNLN‹ŒÎNLNKL‚‹ŒMÍŽMLÎ‹MÍŽMLÎKL‚ËŒŒMŒÍÌŒË‹ŒMŒÍÌŒÙKL‚ŽŒLÌÍNÌÌK‹LÌÍNÌÌYKL‚ŽKŒMMMŒÍNLN‹MMMŒÍNLNKL‚ÌŒŒÌŒLÌMÌÌË‹ŒÌŒLÌMÌÌÙKL‚ÌKŒÌŒMMMMLŒŽ‹ÌŒMMMMLŒŽKL‚Ì‹ŒŽŒŒÍŒLÌLÍË‹ŽŒŒÍŒLÌLÍÙKL‚ÌËŒŽLÌMMLÌL‹‹ŽLÌMMLÌL™KL‚ÍŒÌMÌLMKËŒMÌLMYKL‚ÍKŒÌMNMÍŒKËŒMNMÍŒYKL‚Í‹ŒÌŽŽLMŒŒÎKËŒŽŽLMŒŒÎYKL‚ÍËŒÌÍŒÎNLKËŒÍŒÎNLYKL‚ÎŒÍNLNMNL‹ËNLNMNL™KL‚ÎKŒÍLÍMÍÍÌËLÍMÍÍÌKL‚ŒÍLÌŽŽMŽMËLÌŽŽMŽMKL‚KŒÍLÌŽLŒËËLÌŽLŒÙKL‚‹ŒÍLÍÍŽÍ‹ËLÍÍŽÍ™KL‚ËŒÍÎNŒŒKËÎNŒŒYKL‚ŒÌÍŒŽÌMŒËËŒÍŒŽÌMŒÙKL‚KŒÌŽŽNMÌÍÌËËŒŽŽNMÌÍÌÙKL‚‹ŒÌMNMÍÍMMÍËËŒMNMÍÍMMÍÙKL‚ËŒÌMÎLNLMM‹ËŒMÎLNLMM™KL‚ŒŽLÌMMŒÌMŒË‹ŽLÌMMŒÌMŒÙKL‚KŒŽŒŒÍÌLÍÌLK‹ŽŒŒÍÌLÍÌLYKL‚LŒÌŒMÎN‹‹ÌŒMÎN™KL‚LKŒŒÌŒMNMÌË‹ŒÌŒMNMÌÙKL‚L‹ŒMMMLÌŒÎN‹MMMLÌŒÎNKL‚LËŒLÌÍÌÌÍÎMMK‹LÌÍÌÌÍÎMMYKL‚MŒŒÌNK‹ŒÌNYKL‚MKŒMŽLŒŒMK‹MŽLŒŒMYKL‚M‹ŒŒÎNNMŒÎMK‹ŒÎNNMŒÎMYKL‚MËŒŒÎNNMÌÍ‹ŒÎNNMÌÍKL‚NŒMŽLŒÍË‹MŽLŒÍÙKL‚NKŒŒÌŒK‹ŒÌŒYKL‚LŒLÌÍÌNMË‹LÌÍÌNMÙKL‚LKŒMMMÌNMË‹MMMÌNMÙKL‚L‹ŒŒÌŒLÍÎÌLK‹ŒÌŒLÍÎÌLYKL‚LËŒÌŒMÍÌK‹ÌŒMÍÌYKL‚LŒŽŒŒÍŽLÍŒË‹ŽŒŒÍŽLÍŒÙKL‚LKŒŽLÌMMMÍMMÌË‹ŽLÌMMMÍMMÌÙKL‚L‹ŒÌMÌŒMŒMËŒMÌŒMŒMKL‚LËŒÌMNMÍMÍÍ‹ËŒMNMÍMÍÍ™KL‚LŒÌŽŽÍËËŒŽŽÍÙKL‚LKŒÌÍŒÌÎÌMËŒÍŒÌÎÌMKL‚LLŒÍLŒLKËLŒLYKL‚LLKŒÍLÍÌÌŒÍ‹ËLÍÌÌŒÍ™KL‚LL‹ŒÍLÌŽNLMLËLÌŽNLMLKL‚LLËŒÍLÌŽÍNLÍÎKËLÌŽÍNLÍÎYKL‚LMŒÍLÍŒÌŽMŒKËLÍŒÌŽMŒYKL‚LMKŒÍLÍ‹ËLÍ™KL‚LM‹ŒÌÍŒŽÎLÎKËŒÍŒŽÎLÎYKL‚LMËŒÌŽŽNÍÍÎMËËŒŽŽNÍÍÎMÙKL‚LNŒÌMNMÍÍÍÍŽKËŒMNMÍÍÍÍŽYKL‚LNKŒÌMLMÍËËŒMLMÍÙKL‚LŒŒŽLÌMMŽLMK‹ŽLÌMMŽLMYKL‚LŒKŒŽŒŒÍÎN‹‹ŽŒŒÍÎN™KL‚LŒ‹ŒÌŒMÍLNLLÌË‹ÌŒMÍLNLLÌÙKL‚LŒËŒŒÌŒMMÍŽ‹ŒÌŒMMÍŽKL‚LŒMMMNMŒMK‹MMMNMŒMYKL‚LKŒLÌÎLM‹‹LÌÎLM™KL‚L‹ŒŒŽÍNN‹ŒŽÍNNKL‚LËŒMÌMÎLÌ‹‹MÌMÎLÌ™KL‚LŽŒŒÎNLLÌŒNLÍË‹ŒÎNLLÌŒNLÍÙKL‚LŽKŒŒÎNLLÌM‹ŒÎNLLÌMKL‚LÌŒMÌMMÎM‹‹MÌMMÎM™KL‚LÌKŒŒŽÎNL‹‹ŒŽÎNL™KL‚LÌ‹ŒLÌÎÍMMK‹LÌÎÍMMYKL‚LÌËŒMMMNŽ‹MMMNŽKL‚LÍŒŒÌŒMÍÌ‹‹ŒÌŒMÍÌ™KL‚LÍKŒÌŒMÌÍŒ‹ÌŒMÌÍŒKL‚LÍ‹ŒŽŒŒÍÍNÎË‹ŽŒŒÍÍNÎÙKL‚LÍËŒŽLÌMMŒÍŒMÍM‹‹ŽLÌMMŒÍŒMÍM™KL‚LÎŒÌMÍLŒNLËËŒMÍLŒNLÙKL‚LÎKŒÌMNMÍŽÍMKËŒMNMÍŽÍMYKL‚MŒÌŽŽNŒKËŒŽŽNŒYKL‚MKŒÌÍŒÌÌLŽMÌËËŒÍŒÌÌLŽMÌÙKL‚M‹ŒÍMÎMLKËMÎMLYKL‚MËŒÍLÍLMŒËLÍLMŒKL‚MŒÍLÌŽMÍÌ‹ËLÌŽMÍÌ™KL‚MKŒÍLÌŽÍŽLLLMËËLÌŽÍŽLLLMÙKL‚M‹ŒÍLÍŒÌÌÌËËLÍŒÌÌÌÙKL‚MËŒÍÌÍM‹ËÌÍM™KL‚MŒÌÍŒŽŽNËŒÍŒŽŽNKL‚MKŒÌŽŽNMÍŒLKËŒŽŽNMÍŒLYKL‚MLŒÌMNMÍÍÍÍËËŒMNMÍÍÍÍÙKL‚MLKŒÌMŒLŒŽKËŒMŒLŒŽYKL‚ML‹ŒŽLÌMMÌLMÎM‹‹ŽLÌMMÌLMÎM™KL‚MLËŒŽŒŒÎÍMMK‹ŽŒŒÎÍMMYKL‚MMŒÌŒMŒÍLNK‹ÌŒMŒÍLNYKL‚MMKŒŒÌŒMMÍMŒM‹ŒÌŒMMÍMŒMKL‚MM‹ŒMMMŽŽLL‹‹MMMŽŽLL™KL‚MMËŒLÌÎMLLÍÍË‹LÌÎMLLÍÍÙKL‚MNŒŒŽMMŒ‹‹ŒŽMMŒ™KL‚MNKŒMÌMÍLLK‹MÌMÍLLYKL‚MŒŒŒÎNLLÍÍMË‹ŒÎNLLÍÍMÙKL‚MŒKŒŒÎNLLÎMLK‹ŒÎNLLÎMLYKL‚MŒ‹ŒMÌMÎLL‹‹MÌMÎLL™KL‚MŒËŒŒŽMŒŒM‹‹ŒŽMŒŒM™KL‚MŒLÌÎMŒMÎ‹LÌÎMŒMÎKL‚MKŒMMMŽNNMN‹MMMŽNNMNKL‚M‹ŒŒÌŒMNÌÍ‹ŒÌŒMNÌÍKL‚MËŒÌŒMÌÌÎLK‹ÌŒMÌÌÎLYKL‚MŽŒŽŒŒÎŒŒË‹ŽŒŒÎŒŒÙKL‚MŽKŒŽLÌMMÌMŒŒË‹ŽLÌMMÌMŒŒÙKL‚MÌŒÌMÍÌ‹ËŒMÍÌ™KL‚MÌKŒÌMNMÍÍ‹ËŒMNMÍÍ™KL‚MÌ‹ŒÌŽŽMLŽLËŒŽŽMLŽLKL‚MÌËŒÌÍŒÍÍNNËŒÍŒÍÍNNKL‚MÍŒÍLÍMKËLÍMYKL‚MÍKŒÍLÍLMKËLÍLMYKL‚MÍ‹ŒÍLÌŽMŒŽNKËLÌŽMŒŽNYKL‚MÍËŒÍLÌŽNMMÎKËLÌŽNMMÎYKL‚MÎŒÍLÍÍNNL‹ËLÍÍNNL™KL‚MÎKŒÍÎNKËÎNYKL‚NŒÌÍŒŽÎMNLËËŒÍŒŽÎMNLÙKL‚NKŒÌŽÌLŒNËŒŽÌLŒNKL‚N‹ŒÌMNMÎMÌËËŒMNMÎMÌÙKL‚NËŒÌMÎLMŒKËŒMÎLMŒYKL‚NŒŽLÌMMÍMLÍL‹‹ŽLÌMMÍMLÍL™KL‚NKŒŽŒŒÎÌË‹ŽŒŒÎÌÙKL‚N‹ŒÌŒMLŽMÍ‹ÌŒMLŽMÍKL‚NËŒŒÌŒMŒMÌÌ‹‹ŒÌŒMŒMÌÌ™KL‚NŒMMMÍŽNNMË‹MMMÍŽNNMÙKL‚NKŒLÍÎMÍÌË‹LÍÎMÍÌÙKL‚NLŒŒÌNLŒÍK‹ŒÌNLŒÍYKL‚NLKŒMÌÍŒÍ‹‹MÌÍŒÍ™KL‚NL‹ŒŒÎNLÍNŒŒ‹ŒÎNLÍNŒŒKL‚NLËŒŒÎNLÍŒŒŽNK‹ŒÎNLÍŒŒŽNYKL‚NMŒMÌŽÍNNNK‹MÌŽÍNNNYKL‚NMKŒŒÌŽMÍŽM‹ŒÌŽMÍŽMKL‚NM‹ŒLÍŽŒË‹LÍŽŒÙKL‚NMËŒMMMŽŽÍË‹MMMŽŽÍÙKL‚NNŒŒÌŒMŽLÍMŽK‹ŒÌŒMŽLÍMŽYKL‚NNKŒÌŒMLÍÍŒK‹ÌŒMLÍÍŒYKL‚ŒŒŽŒŒÎMŽM‹‹ŽŒŒÎMŽM™KL‚ŒKŒŽLÌMNL‹ŽLÌMNLKL‚Œ‹ŒÌMLŽML‹ËŒMLŽML™KL‚ŒËŒÌMNMÎÍÌÎKËŒMNMÎÍÌÎYKL‚ŒŒÌŽÌŒLÌËËŒŽÌŒLÌÙKL‚ŒKŒÌÍŒŽŽÌMKËŒÍŒŽŽÌMYKL‚Œ‹ŒÍŒÌL‹ËŒÌL™KL‚ŒËŒÍLÍNŒNËLÍNŒNKL‚ŒŒÍLÌŽŽŒMŒ‹ËLÌŽŽŒMŒ™KL‚ŒKŒÍLÌŽŽMLŽËËLÌŽŽMLŽÙKL‚ŒLŒÍLÍÌN‹ËLÍÌN™KL‚ŒLKŒÍŽNMÎMŽËŽNMÎMŽKL‚ŒL‹ŒÌÍŒŽLÌÌÎKËŒÍŒŽLÌÌÎYKL‚ŒLËŒÌŽÌÍÌNËËŒŽÌÍÌNÙKL‚ŒMŒÌMNMÎŒÎLKËŒMNMÎŒÎLYKL‚ŒMKŒÌMMŒÍËËŒMMŒÍÙKL‚ŒM‹ŒŽLÌMMÍÌNMË‹ŽLÌMMÍÌNMÙKL‚ŒMËŒŽŒŒÎLLNÍ‹ŽŒŒÎLLNÍKL‚ŒNŒÌŒMLMMÍÌK‹ÌŒMLMMÍÌYKL‚ŒNKŒŒÌŒMŽLLÍNK‹ŒÌŒMŽLLÍNYKL‚ŒŒŒMMMŽŒÌŒË‹MMMŽŒÌŒÙKL‚ŒŒKŒLÍLNN‹LÍLNNKL‚ŒŒ‹ŒŒÌLŒÍÍŒË‹ŒÌLŒÍÍŒÙKL‚ŒŒËŒMÌÍMŒ‹MÌÍMŒKL‚ŒŒŒÎNMÍÌL‹‹ŒÎNMÍÌL™KL‚ŒKŒŒÎNMLLŽK‹ŒÎNMLLŽYKL‚Œ‹ŒMÌÍÎŒÌMË‹MÌÍÎŒÌMÙKL‚ŒËŒŒÌMŒNMÌ‹‹ŒÌMŒNMÌ™KL‚ŒŽŒLÍMŒLM‹‹LÍMŒLM™KL‚ŒŽKŒMMMŽNŽŒK‹MMMŽNŽŒYKL‚ŒÌŒŒÌŒMÎÎÍ‹ŒÌŒMÎÎÍKL‚ŒÌKŒÌŒMŒMM‹‹ÌŒMŒMM™KL‚ŒÌ‹ŒŽŒÌÍÍŒMK‹ŽŒÌÍÍŒMYKL‚ŒÌËŒŽLÌMNNMLLË‹ŽLÌMNNMLLÙKL‚ŒÍŒÌMLMÎLL‹ËŒMLMÎLL™KL‚ŒÍKŒÌMNMÎLŽLÌKËŒMNMÎLŽLÌYKL‚ŒÍ‹ŒÌŽÌMŒŽKËŒŽÌMŒŽYKL‚ŒÍËŒÌÍŒŽMÍLÍNKËŒÍŒŽMÍLÍNYKL‚ŒÎŒÍÍN‹ËÍN™KL‚ŒÎKŒÍLÍÌLŒMËËLÍÌLŒMÙKL‚ŒÍLÌŽMŽKËLÌŽMŽYKL‚KŒÍLÌŽNMML‹ËLÌŽNMML™KL‚‹ŒÍLÍÌMÎËLÍÌMÎKL‚ËŒÍŽLMÍ‹ËŽLMÍ™KL‚ŒÌÍŒŽÌLŽËŒÍŒŽÌLŽKL‚KŒÌŽÌŒÍŒŽKËŒŽÌŒÍŒŽYKL‚‹ŒÌMNMÍÍÍÌMÌËËŒMNMÍÍÍÌMÌÙKL‚ËŒÌMŒKËŒMŒYKL‚ŒŽLÌMMÍLLM‹‹ŽLÌMMÍLLM™KL‚KŒŽŒŒÎNLÎK‹ŽŒŒÎNLÎYKL‚LŒÌŒMLMM‹ÌŒMLMMKL‚LKŒŒÌŒMÌŽM‹‹ŒÌŒMÌŽM™KL‚L‹ŒMMMŽMÌÌK‹MMMŽMÌÌYKL‚LËŒLÍMÍÍ‹LÍMÍÍKL‚MŒŒÌMÌŒÎ‹ŒÌMÌŒÎKL‚MKŒMÍLÍÍÎK‹MÍLÍÍÎYKL‚M‹ŒŒÎNMLÍ‹ŒÎNMLÍKL‚MËŒŒÎNMLŒLMÌÎK‹ŒÎNMLŒLMÌÎYKL‚NŒMÍLŒÎLMK‹MÍLŒÎLMYKL‚NKŒŒÌŒÍÌŽK‹ŒÌŒÍÌŽYKL‚ŒŒLÍŒÍÍN‹LÍŒÍÍNKL‚ŒKŒMMMŽMÍNNNK‹MMMŽMÍNNNYKL‚Œ‹ŒŒÌŒNŒLÍÌMK‹ŒÌŒNŒLÍÌMYKL‚ŒËŒÌŒMÌLŒÌŒK‹ÌŒMÌLŒÌŒYKL‚ŒŽŒLMMË‹ŽŒLMMÙKL‚KŒŽLÌMNMÍLNMÎ‹ŽLÌMNMÍLNMÎKL‚‹ŒÌMLMLŒŒŒ‹ËŒMLMLŒŒŒ™KL‚ËŒÌMNNLLŽKËŒMNNLLŽYKL‚ŽŒÌŽÌŒÌMLLKËŒŽÌŒÌMLLYKL‚ŽKŒÌÍŒÌÎNLÌ‹ËŒÍŒÌÎNLÌ™KL‚ÌŒÍÌNKËÌNYKL‚ÌKŒÍLÍŒMLËËLÍŒMLÙKL‚Ì‹ŒÍLÌŽNMŽÍ‹ËLÌŽNMŽÍ™KL‚ÌËŒÍLÌŽLÌLŒËLÌŽLÌLŒKL‚ÍŒÍLÍLLNLŽKËLÍLLNLŽYKL‚ÍKŒÍLÍLNMËLÍLNMKL‚Í‹ŒÌÍŒÌMŒÌŒLÍËŒÍŒÌMŒÌŒLÍKL‚ÍËŒÌŽÌLMÍÎKËŒŽÌLMÍÎYKL‚ÎŒÌMNMÎNÌMËËŒMNMÎNÌMÙKL‚ÎKŒÌMLÍNLÍËËŒMLÍNLÍÙKL‚ŽŒŽLÌMNLMÌK‹ŽLÌMNLMÌYKL‚ŽKŒŽŒÌNÌ‹ŽŒÌNÌKL‚Ž‹ŒÌŒMŒÌŒŒË‹ÌŒMŒÌŒŒÙKL‚ŽËŒŒÌŒNLŒÌK‹ŒÌŒNLŒÌYKL‚ŽŒMMMŽMLMÍM‹MMMŽMLMÍMKL‚ŽKŒLÍLŒMLË‹LÍLŒMLÙKL‚Ž‹ŒŒÌÍÍÎLK‹ŒÌÍÍÎLYKL‚ŽËŒMÍLŒMÌMK‹MÍLŒMÌMYKL‚ŽŒŒÎNMŒMÍLK‹ŒÎNMŒMÍLYKL‚ŽKŒŒÎNMŒÌÎMÌŽK‹ŒÎNMŒÌÎMÌŽYKL‚ŽLŒMÍMÌMLMÍË‹MÍMÌMLMÍÙKL‚ŽLKŒŒÌÍŽLÍLK‹ŒÌÍŽLÍLYKL‚ŽL‹ŒLÍÎM‹‹LÍÎM™KL‚ŽLËŒMMMÌMÍÌÌ‹‹MMMÌMÍÌÌ™KL‚ŽMŒŒÌŒŒMŒMŽM‹ŒÌŒŒMŒMŽMKL‚ŽMKŒÌŒMLŒLŒË‹ÌŒMLŒLŒÙKL‚ŽM‹ŒŽŒÍMMMLÌK‹ŽŒÍMMMLÌYKL‚ŽMËŒŽLÌMŒLNÌÌK‹ŽLÌMŒLNÌÌYKL‚ŽNŒÌMMÌLKËŒMMÌLYKL‚ŽNKŒÌMNNÍŒŽMLÌ‹ËŒMNNÍŒŽMLÌ™KL‚ÌŒÌŽÍŒÌLKËŒŽÍŒÌLYKL‚ÌKŒÌÍŒÍLŒMËŒÍŒÍLŒMKL‚Ì‹ŒÍLÍŽMŒKËLÍŽMŒYKL‚ÌËŒÍLÍMLÌÌMKËLÍMLÌÌMYKL‚ÌŒÍLÌŽMŒÍŒKËLÌŽMŒÍŒYKL‚ÌKŒÍLÌÌÌMNL‹ËLÌÌÌMNL™KL‚Ì‹ŒÍLÍŒŽNËLÍŒŽNKL‚ÌËŒÍNMÌËËNMÌÙKL‚ÌŒÌÍŒÎLLMÌŒÎËŒÍŒÎLLMÌŒÎKL‚ÌKŒÌŽÎLMM‹ËŒŽÎLMM™KL‚ÌLŒÌMNNMŒKËŒMNNMŒYKL‚ÌLKŒÌMMLÎÌ‹ËŒMMLÎÌ™KL‚ÌL‹ŒŽLÌMŒÌNLŒŽK‹ŽLÌMŒÌNLŒŽYKL‚ÌLËŒŽŒÎÎŒ‹‹ŽŒÎÎŒ™KL‚ÌMŒÌŒMLÌMLN‹ÌŒMLÌMLNKL‚ÌMKŒŒÌŒŒŒŒÍM‹‹ŒÌŒŒŒŒÍM™KL‚ÌM‹ŒMMMÌMŒMÍ‹MMMÌMŒMÍKL‚ÌMËŒLÍÍMÍ‹LÍÍMÍKL‚ÌNŒŒÍŒŒLË‹ŒÍŒŒLÙKL‚ÌNKŒMÍÌLK‹MÍÌLYKL‚ÌŒŒŒÎNNMN‹‹ŒÎNNMN™KL‚ÌŒKŒŒÎNNŽLË‹ŒÎNNŽLÙKL‚ÌŒ‹ŒMÍÍŒMÍK‹MÍÍŒMÍYKL‚ÌŒËŒŒÍNMÍMŒ‹‹ŒÍNMÍMŒ™KL‚ÌŒLÍŒLLÍŽ‹LÍŒLLÍŽKL‚ÌKŒMMMÍŒÍLLK‹MMMÍŒÍLLYKL‚Ì‹ŒŒÌŒÎNL‹‹ŒÌŒÎNL™KL‚ÌËŒÌŒMLÍNLË‹ÌŒMLÍNLÙKL‚ÌŽŒŽŒÍÌÍÍË‹ŽŒÍÌÍÍÙKL‚ÌŽKŒŽLÌMŽŒÌ‹ŽLÌMŽŒÌKL‚ÌÌŒÌMŒŒ‹ËŒMŒŒ™KL‚ÌÌKŒÌMNNLLMLÍŒKËŒMNNLLMLÍŒYKL‚ÌÌ‹ŒÌŽÌLŽKËŒŽÌLŽYKL‚ÌÌËŒÌÍŽŽÌËËŒÍŽŽÌÙKL‚ÌÍŒÍLLÍÎKËLLÍÎYKL‚ÌÍKŒÍLÍMÌŽMKËLÍMÌŽMYKL‚ÌÍ‹ŒÍLÌÌL‹ËLÌÌL™KL‚ÌÍËŒÍLÌÎLLŽËLÌÎLLŽKL‚ÌÎŒÍLÌÍŒËLÌÍŒKL‚ÌÎKŒÍŒÍMŒÎMËŒÍMŒÎMKL‚ÍŒÌÍŒMÌŒÍ‹ËŒÍŒMÌŒÍ™KL‚ÍKŒÌŽNŒLLLKËŒŽNŒLLLYKL‚Í‹ŒÌMNMŽMŒÍËŒMNMŽMŒÍKL‚ÍËŒÌLÎLNËŒLÎLNKL‚ÍŒŽLÌMLLNNNK‹ŽLÌMLLNNNYKL‚ÍKŒŽŒŒÌŒLŒŒË‹ŽŒŒÌŒLŒŒÙKL‚Í‹ŒÌŒLÎLÍÍLÍK‹ÌŒLÎLÍÍLÍYKL‚ÍËŒŒÌŒLŒŽMÍŒË‹ŒÌŒLŒŽMÍŒÙKL‚ÍŒMMMŽLÍL‹‹MMMŽLÍL™KL‚ÍKŒLÌÎLLŒÍNK‹LÌÎLLŒÍNYKL‚ÍLŒŒŽMŒLŒ‹‹ŒŽMŒLŒ™KL‚ÍLKŒMÌÎÌLK‹MÌÎÌLYKL‚ÍL‹ŒŒÎNMÎÌNK‹ŒÎNMÎÌNYKL‚ÍLËŒŒÎNMLNMÎ‹‹ŒÎNMLNMÎ™KL‚ÍMŒMÍÎM‹‹MÍÎM™KL‚ÍMKŒŒÌNÎMÎK‹ŒÌNÎMÎYKL‚ÍM‹ŒLÍŒÎMŒK‹LÍŒÎMŒYKL‚ÍMËŒMMMŽLÍŒ‹‹MMMŽLÍŒ™KL‚ÍNŒŒÌŒMÍLŒLŽL‹‹ŒÌŒMÍLŒLŽL™KL‚ÍNKŒÌŒMLM‹ÌŒMLMKL‚ÍŒŒŽŒŒÎÎMŒ‹ŽŒŒÎÎMŒKL‚ÍŒKŒŽLÌMMŒM‹‹ŽLÌMMŒM™KL‚ÍŒ‹ŒÌMÍÌËËŒMÍÌÙKL‚ÍŒËŒÌMNMÍLNÌNKËŒMNMÍLNÌNYKL‚ÍŒÌŽŽMNNËŒŽŽMNNKL‚ÍKŒÌÍŒLLMŽKËŒÍŒLLMŽYKL‚Í‹ŒÍÍNËÍNKL‚ÍËŒÍLÍÌMŒŽËLÍÌMŒŽKL‚ÍŽŒÍLÌŽÌNMKËLÌŽÌNMYKL‚ÍŽKŒÍLÌNÌÍËLÌNÌÍKL‚ÍÌŒÍLÍÌŒËËLÍÌŒÙKL‚ÍÌKŒÍMÌÍÍÎKËMÌÍÍÎYKL‚ÍÌ‹ŒÌÍLÍLÍMËŒÍLÍLÍMKL‚ÍÌËŒÌÎLLŽMËŒÎLLŽMKL‚ÍÍŒÌMNLŒÌMŒ‹ËŒMNLŒÌMŒ™KL‚ÍÍKŒÌŽÍLÌ‹ËŒŽÍLÌ™KL‚ÍÍ‹ŒŽLÌLLLLŽK‹ŽLÌLLLLŽYKL‚ÍÍËŒŽŒNLLÍÌLK‹ŽŒNLLÍÌLYKL‚ÍÎŒÌŒLLÌŒŒ‹‹ÌŒLLÌŒŒ™KL‚ÍÎKŒŒÌNÎMLLK‹ŒÌNÎMLLYKL‚ÎŒMMMLMLÎK‹MMMLMLÎYKL‚ÎKŒLÌNÍÎMÌK‹LÌNÍÎMÌYKL‚Î‹ŒŒLŒML‹‹ŒLŒML™KL‚ÎËŒMMŽLŒÎMÌK‹MMŽLŒÎMÌYKL‚ÎŒŒÎNL‹ŒÎNLKL‚ÎKŒŒÎNÌN‹ŒÎNÌNKL‚Î‹ŒMŒŽÎ‹MŒŽÎKL‚ÎËŒŒNNNN‹‹ŒNNNN™KL‚ÎŒLÌLMÍŒ‹LÌLMÍŒKL‚ÎKŒMMMÎLNMË‹MMMÎLNMÙKL‚ÎLŒŒÌNLLŒŒ‹‹ŒÌNLLŒŒ™KL‚ÎLKŒÌŒLLÌÎLK‹ÌŒLLÌÎLYKL‚ÎL‹ŒŽŒNNLÌNÌK‹ŽŒNNLÌNÌYKL‚ÎLËŒŽLÌLNMŒK‹ŽLÌLNMŒYKL‚ÎMŒÌLŽLKËŒLŽLYKL‚ÎMKŒÌMNLLÌMÍÎËŒMNLLÌMÍÎKL‚ÎM‹ŒÌÎMÌŽLÎŒËËŒÎMÌŽLÎŒÙKL‚ÎMËŒÌÍMLMMËŒÍMLMMKL‚ÎNŒÍMŒMÌÎNËËMŒMÌÎNÙKL‚ÎNKŒÍLNLÍÍËËLNLÍÍÙKL‚ŽŒÍLÌŒÍLKËLÌŒÍLYKL‚ŽKŒÍLÍLÎL‹ËLÍLÎL™KL‚Ž‹ŒÍLŒLM‹ËLŒLM™KL‚ŽËŒÍÌÎNMŒÌŒKËÌÎNMŒÌŒYKL‚ŽŒÌÍÌMMŒL‹ËŒÍÌMMŒL™KL‚ŽKŒÌŽMLLŒËËŒŽMLLŒÙKL‚Ž‹ŒÌMŒLLÌÌŒËŒMŒLLÌÌŒKL‚ŽËŒÌŒLÌMÌÌËËŒŒLÌMÌÌÙKL‚ŽŒŽLÌŒLÌM‹‹ŽLÌŒLÌM™KL‚ŽKŒŽŒŽÌŽ‹ŽŒŽÌŽKL‚ŽLŒÌŒNNÌÎ‹ÌŒNNÌÎKL‚ŽLKŒŒÌNLLÍŒË‹ŒÌNLLÍŒÙKL‚ŽL‹ŒMMNMLLNLK‹MMNMLLNLYKL‚ŽLËŒLÍŒŒŽM‹‹LÍŒŒŽM™KL‚ŽMŒÌÍNÎK‹ÌÍNÎYKL‚ŽMKŒMLMK‹MLMYKL‚ŽM‹ŒŒÎNLLŽLMK‹ŒÎNLLŽLMYKL‚ŽMËŒŒÎNLMMMNM‹ŒÎNLMMMNMKL‚ŽNŒMMŽLŽK‹MMŽLŽYKL‚ŽNKŒNLMÌË‹NLMÌÙKL‚ŽŒŒLÍÌNNN‹‹LÍÌNNN™KL‚ŽŒKŒMMŒŽLL‹‹MMŒŽLL™KL‚ŽŒ‹ŒŒÌMÌMÌŒK‹ŒÌMÌMÌŒYKL‚ŽŒËŒÌŒNLŒÍÍÍÎË‹ÌŒNLŒÍÍÍÎÙKL‚ŽŒŽŒŽMÎLMË‹ŽŒŽMÎLMÙKL‚ŽKŒŽLÌŒŒNMÎŒŒË‹ŽLÌŒŒNMÎŒŒÙKL‚Ž‹ŒÌŒŒŽËŒŒŒŽKL‚ŽËŒÌMŒŒŒMMËËŒMŒŒŒMMÙKL‚ŽŽŒÌŽMŒÎËŒŽMŒÎKL‚ŽŽKŒÌÍÌÌŒÌ‹ËŒÍÌÌŒÌ™KL‚ŽÌŒÍÍNLMÌMËËÍNLMÌMÙKL‚ŽÌKŒÍLŒÎKËLŒÎYKL‚ŽÌ‹ŒÍLÍLÌLËLÍLÌLKL‚ŽÌËŒÍLÌŒÌŽNKËLÌŒÌŽNYKL‚ŽÍŒÍLÌÌÍMNKËLÌÌÍMNYKL‚ŽÍKŒÍNNLÍËNNLÍKL‚ŽÍ‹ŒÌÍNLÌLMNKËŒÍNLÌLMNYKL‚ŽÍËŒÌŽÌÍNËŒŽÌÍNKL‚ŽÎŒÌMNMÍÌŒMKËŒMNMÍÌŒMYKL‚ŽÎKŒÌMÌMŽLNKËŒMÌMŽLNYKL‚ŽŒŽLÌNNNMNK‹ŽLÌNNNMNYKL‚ŽKŒŽŒÌÍŒL‹ŽŒÌÍŒLKL‚Ž‹ŒÌŒŒŒŽLMMÍÍ‹ÌŒŒŒŽLMMÍÍKL‚ŽËŒŒÌÌLMLË‹ŒÌÌLMLÙKL‚ŽŒMMÌLÍM‹MMÌLÍMKL‚ŽKŒMLLMN‹MLLMNKL‚Ž‹ŒÍNM‹ÍNMKL‚ŽËŒMNMLÍM‹‹MNMLÍM™KL‚ŽŒNNMMŒK‹NNMMŒYKL‚ŽKŒNŒMMK‹NŒMMYKL‚ŽLŒMNMLÎÍM‹‹MNMLÎÍM™KL‚ŽLKŒÍLLÌMNK‹ÍLLÌMNYKL‚ŽL‹ŒMLMLLË‹MLMLLÙKL‚ŽLËŒMMÌLLMÌÍ‹MMÌLLMÌÍKL‚ŽMŒŒÌÌŒMÎLÎ‹ŒÌÌŒMÎLÎKL‚ŽMKŒÌŒŒŒÌÎÌÍ‹ÌŒŒŒÌÎÌÍKL‚ŽM‹ŒŽŒÌLNLŽ‹ŽŒÌLNLŽKL‚ŽMËŒŽLÌŒMMLÍË‹ŽLÌŒMMLÍÙKL‚ŽNŒÌMÌËŒMÌKL‚ŽNKŒÌMNMÍÍLŒMËËŒMNMÍÍLŒMÙKL‚ŽŒŒÌŽÍŽŒMËŒŽÍŽŒMKL‚ŽŒKŒÌÍNMŽNŽKËŒÍNMŽNŽYKL‚ŽŒ‹ŒÍNŒÍNNLKËNŒÍNNLYKL‚ŽŒËŒÍLÌÎMMËËLÌÎMMÙKL‚ŽŒÍLÌŒÎÌKËLÌŒÎÌYKL‚ŽKŒÍLÌLLÍŽLËËLÌLLÍŽLÙKL‚Ž‹ŒÍLNMŽMŒÍ‹ËLNMŽMŒÍ™KL‚ŽËŒÍNLMKËNLMYKL‚ŽŽŒÌÍLŽMŽLËËŒÍLŽMŽLÙKL‚ŽŽKŒÌÍMLNMMËŒÍMLNMMKL‚ŽÌŒÌMNÌÎNLŒNËËŒMNÌÎNLŒNÙKL‚ŽÌKŒÌŒŒLMËŒŒŒLMKL‚ŽÌ‹ŒŽLÌÎLMÎÎ‹ŽLÌÎLMÎÎKL‚ŽÌËŒŽŒNLÍMK‹ŽŒNLÍMYKL‚ŽÍŒÌŒLMÌMNN‹ÌŒLMÌMNNKL‚ŽÍKŒŒÌNLÌM‹ŒÌNLÌMKL‚ŽÍ‹ŒMMMLNÍ‹MMMLNÍKL‚ŽÍËŒLÌÌÌŒNMK‹LÌÌÌŒNMYKL‚ŽÎŒŒŽMNM‹ŒŽMNMKL‚ŽÎKŒMÍNMLLK‹MÍNMLLYKL‚ŽŒŒÎNNMN‹ŒÎNNMNKL‚ŽKŒŒÎNNMŽ‹ŒÎNNMŽKL‚Ž‹ŒMÍNMÍK‹MÍNMÍYKL‚ŽËŒŒŽMLÌŒLK‹ŒŽMLÌŒLYKL‚ŽŒLÌÌÌLNMÎ‹LÌÌÌLNMÎKL‚ŽKŒMMMLNMŒMNM‹MMMLNMŒMNMKL‚Ž‹ŒŒÌNLMN‹ŒÌNLMNKL‚ŽËŒÌŒLNNMÎMË‹ÌŒLNNMÎMÙKL‚ŽŒŽŒNMLÍŒNK‹ŽŒNMLÍŒNYKL‚ŽKŒŽLÌLÌÍÍ‹‹ŽLÌLÌÍÍ™KL‚ŽLŒÌŒŒÍÌMŽËŒŒŒÍÌMŽKL‚ŽLKŒÌMNÍŽLMKËŒMNÍŽLMYKL‚ŽL‹ŒÌÍNKËŒÍNYKL‚ŽLËŒÌÍLÌÍMMLËŒÍLÌÍMMLKL‚ŽMŒÍNMLMÍ‹ËNMLMÍ™KL‚ŽMKŒÍLNLLÌLŽL‹ËLNLLÌLŽL™KL‚ŽM‹ŒÍLÌLÌMŒŽKËLÌLÌMŒŽYKL‚ŽMËŒÍLÌŽLL‹ËLÌŽLL™KL‚ŽNŒÍLÌŒLÍLKËLÌŒLÍLYKL‚ŽNKŒÍŒ‹ËŒ™KL‚ŽLŒÌÍNNMLËËŒÍNNMLÙKL‚ŽLKŒÌŽÍÌŒLÌKËŒŽÍÌŒLÌYKL‚ŽL‹ŒÌMNMÍÍŒKËŒMNMÍÍŒYKL‚ŽLËŒÌLŒŽÌMÎËŒLŒŽÌMÎKL‚ŽLŒŽLÌLÍÌÌÎMLŽK‹ŽLÌLÍÌÌÎMLŽYKL‚ŽLKŒŽŒŒNM‹‹ŽŒŒNM™KL‚ŽL‹ŒÌŒLÍŒLŒ‹‹ÌŒLÍŒLŒ™KL‚ŽLËŒŒÌŒLŽÎLË‹ŒÌŒLŽÎLÙKL‚ŽLŒMMMŽÌMË‹MMMŽÌMÙKL‚ŽLKŒLÍLÌÍ‹LÍLÌÍKL‚ŽLLŒŒÎÍÍÍ‹ŒÎÍÍÍKL‚ŽLLKŒMŒNÌN‹MŒNÌNKL‚ŽLL‹ŒŒÎNLÌÌÌ‹‹ŒÎNLÌÌÌ™KL‚ŽLLËŒŒÎNLMÌL‹ŒÎNLMÌLKL‚ŽLMŒM‹MKL‚ŽLMKŒŒÎÎMLK‹ŒÎÎMLYKL‚ŽLM‹ŒLÍLÍÌÎ‹‹LÍLÍÌÎ™KL‚ŽLMËŒMMMŽLÌLÍK‹MMMŽLÌLÍYKL‚ŽLNŒŒÌŒLÌNLÍË‹ŒÌŒLÌNLÍÙKL‚ŽLNKŒÌŒLÍŒMÌMMÌË‹ÌŒLÍŒMÌMMÌÙKL‚ŽLŒŒŽŒŒL‹‹ŽŒŒL™KL‚ŽLŒKŒŽLÌLÍÍMÌLÎLË‹ŽLÌLÍÍMÌLÎLÙKL‚ŽLŒ‹ŒÌLŒÌMNMMKËŒLŒÌMNMMYKL‚ŽLŒËŒÌMNMÌLÌÎËŒMNMÌLÌÎKL‚ŽLŒÌŽÍÎÎNËŒŽÍÎÎNKL‚ŽLKŒÌÍNLÍÎKËŒÍNLÍÎYKL‚ŽL‹ŒÍŒÍÌMŽËŒÍÌMŽKL‚ŽLËŒÍLÌNMÎÍËËLÌNMÎÍÙKL‚ŽLŽŒÍLÌÌŽÎ‹ËLÌÌŽÎ™KL‚ŽLŽKŒÍLÌŽÍMŒÌÎKËLÌŽÍMŒÌÎYKL‚ŽLÌŒÍLÍMŽLNNËLÍMŽLNNKL‚ŽLÌKŒÍŒÎLLËËŒÎLLÙKL‚ŽLÌ‹ŒÌÍŒMÌÍŽL‹ËŒÍŒMÌÍŽL™KL‚ŽLÌËŒÌŽŒÎMMËŒŽŒÎMMKL‚ŽLÍŒÌMNMÌÍŒMMËËŒMNMÌÍŒMMÙKL‚ŽLÍKŒÌMŽNKËŒMŽNYKL‚ŽLÍ‹ŒŽLÌMLÌÍŒÎÍ‹ŽLÌMLÌÍŒÎÍKL‚ŽLÍËŒŽŒŒÍMLÍK‹ŽŒŒÍMLÍYKL‚ŽLÎŒÌŒMŒÍÌÌŽK‹ÌŒMŒÍÌÌŽYKL‚ŽLÎKŒŒÌŒMLŒÍŒM‹ŒÌŒMLŒÍŒMKL‚ŽMŒMMMÍÌŽMÎK‹MMMÍÌŽMÎYKL‚ŽMKŒLÍMŒÌLÎMK‹LÍMŒÌLÎMYKL‚ŽM‹ŒŒÌÌÌ‹‹ŒÌÌÌ™KL‚ŽMËŒMÍMŽMÌÌ‹MÍMŽMÌÌKL‚ŽMŒŒÎNMŽÎNK‹ŒÎNMŽÎNYKL‚ŽMKŒŒÎNMŽLÎ‹ŒÎNMŽLÎKL‚ŽM‹ŒMÍMÌÌŒÌ‹‹MÍMÌÌŒÌ™KL‚ŽMËŒŒÌÎÌ‹‹ŒÌÎÌ™KL‚ŽMŒLÍMÌL‹‹LÍMÌL™KL‚ŽMKŒMMMÎÎŒ‹‹MMMÎÎŒ™KL‚ŽMLŒŒÌŒMLÍÍMMK‹ŒÌŒMLÍÍMMYKL‚ŽMLKŒÌŒMMÌÌL‹‹ÌŒMMÌÌL™KL‚ŽML‹ŒŽŒŒÍMŒŒLË‹ŽŒŒÍMŒŒLÙKL‚ŽMLËŒŽLÌMLÍŒLÍMŽ‹ŽLÌMLÍŒLÍMŽKL‚ŽMMŒÌMMÍÍMŒ‹ËŒMMÍÍMŒ™KL‚ŽMMKŒÌMNMÌÎMLMKËŒMNMÌÎMLMYKL‚ŽMM‹ŒÌŽÍNMŒËËŒŽÍNMŒÙKL‚ŽMMËŒÌÍŒŒMLM‹ËŒÍŒŒMLM™KL‚ŽMNŒÍLLŒÌKËLLŒÌYKL‚ŽMNKŒÍLÍNMLMŽL‹ËLÍNMLMŽL™KL‚ŽMŒŒÍLÌŽÌŒ‹ËLÌŽÌŒ™KL‚ŽMŒKŒÍLÌŽMLLÍŽËLÌŽMLLÍŽKL‚ŽMŒ‹ŒÍLÍLMŒÌKËLÍLMŒÌYKL‚ŽMŒËŒÍLÎMŒKËLÎMŒYKL‚ŽMŒÌÍŒÌÌ‹ËŒÍŒÌÌ™KL‚ŽMKŒÌŽŽNLLMËËŒŽŽNLLMÙKL‚ŽM‹ŒÌMNMÍLÍMËŒMNMÍLÍMKL‚ŽMËŒÌMŽL‹ËŒMŽL™KL‚ŽMŽŒŽLÌMLLŒÎ‹ŽLÌMLLŒÎKL‚ŽMŽKŒŽŒŒÌNLÍÌK‹ŽŒŒÌNLÍÌYKL‚ŽMÌŒÌŒLÍNLÎMLË‹ÌŒLÍNLÎMLÙKL‚ŽMÌKŒŒÌŒŽMMÎMÎ‹ŒÌŒŽMMÎMÎKL‚ŽMÌ‹ŒMMMMÎÍN‹MMMMÎÍNKL‚ŽMÌËŒLÌÌLŒ‹‹LÌÌLŒ™KL‚ŽMÍŒŒŒÌÍML‹‹ŒŒÌÍML™KL‚ŽMÍKŒMŒÍMMM‹MŒÍMMMKL‚ŽMÍ‹ŒŒÎNÍNL‹ŒÎNÍNLKL‚ŽMÍËŒŒÎNÍŒLÎ‹ŒÎNÍŒLÎKL‚ŽMÎŒMŒÎLMMË‹MŒÎLMMÙKL‚ŽMÎKŒŒŒLÍNL‹‹ŒŒLÍNL™KL‚ŽNŒLÌÌLMN‹LÌÌLMNKL‚ŽNKŒMMMMÎMMLË‹MMMMÎMMLÙKL‚ŽN‹ŒŒÌŒÌLLŒ‹ŒÌŒÌLLŒKL‚ŽNËŒÌŒLÍŒLŽLË‹ÌŒLÍŒLŽLÙKL‚ŽNŒŽŒŒÌLŒŒÌÌM‹ŽŒŒÌLŒŒÌÌMKL‚ŽNKŒŽLÌMLLÌMMMÌË‹ŽLÌMLLÌMMMÌÙKL‚ŽN‹ŒÌMÍMLÎËŒMÍMLÎKL‚ŽNËŒÌMNMÍMÌLÌMËŒMNMÍMÌLÌMKL‚ŽNŒÌŽÌŽMMMËËŒŽÌŽMMMÙKL‚ŽNKŒÌÍŒÌLMÍÍŒKËŒÍŒÌLMÍÍŒYKL‚ŽNLŒÍLLŽŒLKËLLŽŒLYKL‚ŽNLKŒÍLÍLŽLÍŒËLÍLŽLÍŒKL‚ŽNL‹ŒÍLÌŽMMMM‹ËLÌŽMMMM™KL‚ŽNLËŒÍLÌŽNMLMLËËLÌŽNMLMLÙKL‚ŽNMŒÍLÍMŽŒLÎMËËLÍMŽŒLÎMÙKL‚ŽNMKŒÍMŒLM‹ËMŒLM™KL‚ŽNM‹ŒÌÍŒÍŒÍÎKËŒÍŒÍŒÍÎYKL‚ŽNMËŒÌŽÌŽLLNËŒŽÌŽLLNKL‚ŽNNŒÌMNMÍÌŽÌMLKËŒMNMÍÌŽÌMLYKL‚ŽNNKŒÌMNLÍ‹ËŒMNLÍ™KL‚ŒLŒŽLÌMLLË‹ŽLÌMLLÙKL‚ŒLKŒŽŒŒŽMŽÌŒË‹ŽŒŒŽMŽÌŒÙKL‚ŒL‹ŒÌŒLÌÍÍÌË‹ÌŒLÌÍÍÌÙKL‚ŒLËŒŒÌŒÍLLÌK‹ŒÌŒÍLLÌYKL‚ŒLŒMMMLÌÌÌM‹‹MMMLÌÌÌM™KL‚ŒLKŒLÌLÍÌMÍË‹LÌLÍÌMÍÙKL‚ŒL‹ŒŒMMMŽ‹ŒMMMŽKL‚ŒLËŒMMŒŽÎNË‹MMŒŽÎNÙKL‚ŒLŒŒÎNÍŽMM‹ŒÎNÍŽMMKL‚ŒLKŒŒÎNÍŽLÌMK‹ŒÎNÍŽLÌMYKL‚ŒLLŒMMŒÌÍÌNK‹MMŒÌÍÌNYKL‚ŒLLKŒŒMLŒÍŒŽK‹ŒMLŒÍŒŽYKL‚ŒLL‹ŒLÌLLÍMÍÎ‹LÌLLÍMÍÎKL‚ŒLLËŒMMMLÍÎMLŽ‹MMMLÍÎMLŽKL‚ŒLMŒŒÌŒÍNNM‹ŒÌŒÍNNMKL‚ŒLMKŒÌŒLÌÍŽMLŒK‹ÌŒLÌÍŽMLŒYKL‚ŒLM‹ŒŽŒŒŽNMŒL‹‹ŽŒŒŽNMŒL™KL‚ŒLMËŒŽLÌMLLNÌŽ‹ŽLÌMLLNÌŽKL‚ŒLNŒÌMLÍLÎKËŒMLÍLÎYKL‚ŒLNKŒÌMNMÍÍŽMLNKËŒMNMÍÍŽMLNYKL‚ŒLŒŒÌŽÌÌMÌËËŒŽÌÌMÌÙKL‚ŒLŒKŒÌÍŒÍÍMLËŒÍŒÍÍMLKL‚ŒLŒ‹ŒÍMLÎÌMÍ‹ËMLÎÌMÍ™KL‚ŒLŒËŒÍLÍMÌÎNÎLKËLÍMÌÎNÎLYKL‚ŒLŒÍLÌÌLŽM‹ËLÌÌLŽM™KL‚ŒLKŒÍLÌÌŒÎLÍÌ‹ËLÌÌŒÎLÍÌ™KL‚ŒL‹ŒÍLÍNMM‹ËLÍNMM™KL‚ŒLËŒÍMÍMMËËMÍMMÙKL‚ŒLŽŒÌÍŒÍÎMŒM‹ËŒÍŒÍÎMŒM™KL‚ŒLŽKŒÌŽÍLMMLKËŒŽÍLMMLYKL‚ŒLÌŒÌMNMÎLŽMÌÍŒËËŒMNMÎLŽMÌÍŒÙKL‚ŒLÌKŒÌMNNKËŒMNNYKL‚ŒLÌ‹ŒŽLÌMLŒLÍ‹‹ŽLÌMLŒLÍ™KL‚ŒLÌËŒŽŒŒÌÌLLË‹ŽŒŒÌÌLLÙKL‚ŒLÍŒÌŒLÌÍMŒË‹ÌŒLÌÍMŒÙKL‚ŒLÍKŒŒÌŒŽLŒÌK‹ŒÌŒŽLŒÌYKL‚ŒLÍ‹ŒMMMLŒŽLÎ‹MMMLŒŽLÎKL‚ŒLÍËŒLÌŒÍMŒ‹LÌŒÍMŒKL‚ŒLÎŒŒLŒMÌNM‹ŒLŒMÌNMKL‚ŒLÎKŒMMNLŽLË‹MMNLŽLÙKL‚ŒLŒŒÎNÍŽLÍ‹‹ŒÎNÍŽLÍ™KL‚ŒLKŒŒÎNÍŽÌK‹ŒÎNÍŽÌYKL‚ŒL‹ŒMMŒÍÍŽK‹MMŒÍÍŽYKL‚ŒLËŒŒLŽLÎMÌK‹ŒLŽLÎMÌYKL‚ŒLŒLÌŒÍÎË‹LÌŒÍÎÙKL‚ŒLKŒMMMLMÌ‹‹MMMLMÌ™KL‚ŒL‹ŒŒÌŒÌLMÌË‹ŒÌŒÌLMÌÙKL‚ŒLËŒÌŒLÌÍÎŒÍ‹ÌŒLÌÍÎŒÍKL‚ŒLŒŽŒŒÌNMMÍM‹‹ŽŒŒÌNMMÍM™KL‚ŒLKŒŽLÌMLŒÍÍL‹‹ŽLÌMLŒÍÍL™KL‚ŒLLŒÌMÌÌMÍ‹ËŒMÌÌMÍ™KL‚ŒLLKŒÌMNMÎMÍLŒ‹ËŒMNMÎMÍLŒ™KL‚ŒLL‹ŒÌŽÍMML‹ËŒŽÍMML™KL‚ŒLLËŒÌÍŒÍÌÍÌŽM‹ËŒÍŒÍÌÍÌŽM™KL‚ŒLMŒÍNNŒŒËËNNŒŒÙKL‚ŒLMKŒÍLÍŒÌLÌËËLÍŒÌLÌÙKL‚ŒLM‹ŒÍLÌÌÌÌMÍËËLÌÌÌÌMÍÙKL‚ŒLMËŒÍLÌÌŒÌŒ‹ËLÌÌŒÌŒ™KL‚ŒLNŒÍLÍNMMŒKËLÍNMMŒYKL‚ŒLNKŒÍMÍMŽËËMÍMŽÙKL‚ŒLŒŒÌÍŒÍŽLN‹ËŒÍŒÍŽLN™KL‚ŒLŒKŒÌŽÍLŒËËŒŽÍLŒÙKL‚ŒLŒ‹ŒÌMNMÎMKËŒMNMÎMYKL‚ŒLŒËŒÌMÌLËËŒMÌLÙKL‚ŒLŒŽLÌMLÎÌË‹ŽLÌMLÎÌÙKL‚ŒLKŒŽŒŒÌLM‹‹ŽŒŒÌLM™KL‚ŒL‹ŒÌŒLÌÎLLL‹ÌŒLÌÎLLLKL‚ŒLËŒŒÌŒÌLÍÎ‹ŒÌŒÌLÍÎKL‚ŒLŽŒMMMLŒÌŽM‹MMMLŒÌŽMKL‚ŒLŽKŒLÌŒÌÎLLÍ‹‹LÌŒÌÎLLÍ™KL‚ŒLÌŒŒLŒÌMÍŒK‹ŒLŒÌMÍŒYKL‚ŒLÌKŒMLÍÎN‹MLÍÎNKL‚ŒLÌ‹ŒŒÎNÍŒMÎLË‹ŒÎNÍŒMÎLÙKL‚ŒLÌËŒŒÎNÍŒÌNË‹ŒÎNÍŒÌNÙKL‚ŒLÍŒMLÎLÍË‹MLÎLÍÙKL‚ŒLÍKŒŒLŒÎNLË‹ŒLŒÎNLÙKL‚ŒLÍ‹ŒLÌŒÍLŒMMNK‹LÌŒÍLŒMMNYKL‚ŒLÍËŒMMMLÌ‹‹MMMLÌ™KL‚ŒLÎŒŒÌŒÌÎÍË‹ŒÌŒÌÎÍÙKL‚ŒLÎKŒÌŒLÍMŒMK‹ÌŒLÍMŒMYKL‚ŒLŒŽŒŒÌLLŒNLK‹ŽŒŒÌLLŒNLYKL‚ŒLKŒŽLÌMLŽLLÎK‹ŽLÌMLŽLLÎYKL‚ŒL‹ŒÌMÍŒ‹ËŒMÍŒ™KL‚ŒLËŒÌMNNNLÌÎËËŒMNNNLÌÎÙKL‚ŒLŒÌŽÍNÍÍ‹ËŒŽÍNÍÍ™KL‚ŒLKŒÌÍŒÍÍNLMÌKËŒÍŒÍÍNLMÌYKL‚ŒL‹ŒÍNŽLNNËNŽLNNKL‚ŒLËŒÍLÍŒÌŒÍÍŒKËLÍŒÌŒÍÍŒYKL‚ŒLŒÍLÌÌÌLÍÍÌ‹ËLÌÌÌLÍÍÌ™KL‚ŒLKŒÍLÌÌMLÌ‹ËLÌÌMLÌ™KL‚ŒLLŒÍLÍMÍÎLLKËLÍMÍÎLLYKL‚ŒLLKŒÍMNMŽNKËMNMŽNYKL‚ŒLL‹ŒÌÍŒÍMMÌÍNL‹ËŒÍŒÍMMÌÍNL™KL‚ŒLLËŒÌŽÍŒMÎËËŒŽÍŒMÎÙKL‚ŒLMŒÌMNMÎLNÍËËŒMNMÎLNÍÙKL‚ŒLMKŒÌMNÍËËŒMNÍÙKL‚ŒLM‹ŒŽLÌMLŒŽÌ‹‹ŽLÌMLŒŽÌ™KL‚ŒLMËŒŽŒŒÌÌÍŒÎMK‹ŽŒŒÌÌÍŒÎMYKL‚ŒLNŒÌŒLÍLMË‹ÌŒLÍLMÙKL‚ŒLNKŒŒÌŒÍMÎK‹ŒÌŒÍMÎYKL‚ŒLLŒMMMLÌŒMË‹MMMLÌŒMÙKL‚ŒLLKŒLÌŒÎŒK‹LÌŒÎŒYKL‚ŒLL‹ŒŒLŽLÎ‹ŒLŽLÎKL‚ŒLLËŒMMŽLMMK‹MMŽLMMYKL‚ŒLLŒŒÎNÍÌŒLLNK‹ŒÎNÍÌŒLLNYKL‚ŒLLKŒŒÎNÍÍMN‹‹ŒÎNÍÍMN™KL‚ŒLL‹ŒMMÍLÎLLK‹MMÍLÎLLYKL‚ŒLLËŒŒLŽLLŒ‹‹ŒLŽLLŒ™KL‚ŒLLŒLÌÍ‹‹LÌÍ™KL‚ŒLLKŒMMMLŽLMÎÍK‹MMMLŽLMÎÍYKL‚ŒLLLŒŒÌŒÍŽMNL‹‹ŒÌŒÍŽMNL™KL‚ŒLLLKŒÌŒLÍÎMŒË‹ÌŒLÍÎMŒÙKL‚ŒLLL‹ŒŽŒŒÌLMMŒL‹‹ŽŒŒÌLMMŒL™KL‚ŒLLLËŒŽLÌMLÎNLŒ‹‹ŽLÌMLÎNLŒ™KL‚ŒLLMŒÌMÌMŒÍNKËŒMÌMŒÍNYKL‚ŒLLMKŒÌMNMÎMMÍÍŒLËËŒMNMÎMMÍÍŒLÙKL‚ŒLLM‹ŒÌŽÍMLLMŒKËŒŽÍMLLMŒYKL‚ŒLLMËŒÌÍŒÍŒÍÌÍ‹ËŒÍŒÍŒÍÌÍ™KL‚ŒLLNŒÍMŽŒLÍKËMŽŒLÍYKL‚ŒLLNKŒÍLÍNÍÌÌÍËËLÍNÍÌÌÍÙKL‚ŒLLŒŒÍLÌÌLÌÌËLÌÌLÌÌKL‚ŒLLŒKŒÍLÌŽMÎMMÎKËLÌŽMÎMMÎYKL‚ŒLLŒ‹ŒÍLÍMLÍLÍLKËLÍMLÍLÍLYKL‚ŒLLŒËŒÍLÍÌÎŒ‹ËLÍÌÎŒ™KL‚ŒLLŒÌÍŒÌÍNKËŒÍŒÌÍNYKL‚ŒLLKŒÌŽÌMNKËŒŽÌMNYKL‚ŒLL‹ŒÌMNMÍÍÍMÍËËŒMNMÍÍÍMÍÙKL‚ŒLLËŒÌMNŒMÎKËŒMNŒMÎYKL‚ŒLLŽŒŽLÌMLNLMŽL‹‹ŽLÌMLNLMŽL™KL‚ŒLLŽKŒŽŒŒÌÌ‹‹ŽŒŒÌÌ™KL‚ŒLLÌŒÌŒLÍÌŒÌÍK‹ÌŒLÍÌŒÌÍYKL‚ŒLLÌKŒŒÌŒÎLÍL‹ŒÌŒÎLÍLKL‚ŒLLÌ‹ŒMMMLÍŒÌ‹‹MMMLÍŒÌ™KL‚ŒLLÌËŒLÌÌÍÌŒ‹‹LÌÌÍÌŒ™KL‚ŒLLÍŒŒLÍÎLK‹ŒLÍÎLYKL‚ŒLLÍKŒMMLÌÍML‹‹MMLÌÍML™KL‚ŒLLÍ‹ŒŒÎNÍNÎK‹ŒÎNÍNÎYKL‚ŒLLÍËŒŒÎNÍNNLM‹ŒÎNÍNNLMKL‚ŒLLÎŒMMMLÌ‹‹MMMLÌ™KL‚ŒLLÎKŒŒLÎLMÍ‹ŒLÎLMÍKL‚ŒLMŒLÌLÌŽLŽ‹LÌLÌŽLŽKL‚ŒLMKŒMMMLÍŽLNLK‹MMMLÍŽLNLYKL‚ŒLM‹ŒŒÌŒÍÍÍK‹ŒÌŒÍÍÍYKL‚ŒLMËŒÌŒLÍÍMMÌÌË‹ÌŒLÍÍMMÌÌÙKL‚ŒLMŒŽŒŒÌLŒÌŒLË‹ŽŒŒÌLŒÌŒLÙKL‚ŒLMKŒŽLÌMLLNM‹ŽLÌMLLNMKL‚ŒLM‹ŒÌMLÌÌŽKËŒMLÌÌŽYKL‚ŒLMËŒÌMNMÎMMNKËŒMNMÎMMNYKL‚ŒLMŒÌŽÌÍLÎLÌÍKËŒŽÌÍLÎLÌÍYKL‚ŒLMKŒÌÍŒÍŒÌÌ‹ËŒÍŒÍŒÌÌ™KL‚ŒLMLŒÍMÍMLMËMÍMLMKL‚ŒLMLKŒÍLÍMŽM‹ËLÍMŽM™KL‚ŒLML‹ŒÍLÌŽNMÌŽMËËLÌŽNMÌŽMÙKL‚ŒLMLËŒÍLÌŽMLNKËLÌŽMLNYKL‚ŒLMMŒÍLÍLÌLLKËLÍLÌLLYKL‚ŒLMMKŒÍLLŽLL‹ËLLŽLL™KL‚ŒLMM‹ŒÌÍŒÌMÌKËŒÍŒÌMÌYKL‚ŒLMMËŒÌŽÌŒŒKËŒŽÌŒŒYKL‚ŒLMNŒÌMNMÍŒÍÍKËŒMNMÍŒÍÍYKL‚ŒLMNKŒÌMÍNMËŒMÍNMKL‚ŒLMŒŒŽLÌMLLÎMÍK‹ŽLÌMLLÎMÍYKL‚ŒLMŒKŒŽŒŒÌN‹ŽŒŒÌNKL‚ŒLMŒ‹ŒÌŒLÍMLÍMK‹ÌŒLÍMLÍMYKL‚ŒLMŒËŒŒÌŒŽLMK‹ŒÌŒŽLMYKL‚ŒLMŒMMMMŒMÌ‹‹MMMMŒMÌ™KL‚ŒLMKŒLÌMÌŽLÎ‹LÌMÌŽLÎKL‚ŒLM‹ŒŒMLŒÌMK‹ŒMLŒÌMYKL‚ŒLMËŒMMMÍÎM‹‹MMMÍÎM™KL‚ŒLMŽŒŒÎNÍÌMLŽMK‹ŒÎNÍÌMLŽMYKL‚ŒLMŽKŒŒÎNÍÌLÌ‹ŒÎNÍÌLÌKL‚ŒLMÌŒMMÍNLK‹MMÍNLYKL‚ŒLMÌKŒŒMLLŽK‹ŒMLLŽYKL‚ŒLMÌ‹ŒLÌNMÎLÎ‹LÌNMÎLÎKL‚ŒLMÌËŒMMMMMMŽË‹MMMMMMŽÙKL‚ŒLMÍŒŒÌŒLMML‹‹ŒÌŒLMML™KL‚ŒLMÍKŒÌŒLÍLLÍ‹‹ÌŒLÍLLÍ™KL‚ŒLMÍ‹ŒŽŒŒÌLÎ‹‹ŽŒŒÌLÎ™KL‚ŒLMÍËŒŽLÌMLŒMM‹‹ŽLÌMLŒMM™KL‚ŒLMÎŒÌMMÍŽL‹ËŒMMÍŽL™KL‚ŒLMÎKŒÌMNMÍÌÍÍLÌÌKËŒMNMÍÌÍÍLÌÌYKL‚ŒLNŒÌŽÌNMMÍŒ‹ËŒŽÌNMMÍŒ™KL‚ŒLNKŒÌÍŒÌNÌËËŒÍŒÌNÌÙKL‚ŒLN‹ŒÍLLMÍMŒËËLLMÍMŒÙKL‚ŒLNËŒÍLÍLÎMŽLÌŒËËLÍLÎMŽLÌŒÙKL‚ŒLNŒÍLÌŽMLÎKËLÌŽMLÎYKL‚ŒLNKŒÍLÌŽLLNŒ‹ËLÌŽLLNŒ™KL‚ŒLN‹ŒÍLÍLLKËLÍLLYKL‚ŒLNËŒÍMÎËMÎKL‚ŒLNŒÌÍŒŽLÌLÍÌKËŒÍŒŽLÌLÍÌYKL‚ŒLNKŒÌŽŽLMMKËŒŽŽLMMYKL‚ŒLNLŒÌMNMÍLLÍNKËŒMNMÍLLÍNYKL‚ŒLNLKŒÌMÎMNMÎKËŒMÎMNMÎYKL‚ŒLNL‹ŒŽLÌMLÌÍŒLK‹ŽLÌMLÌÍŒLYKL‚ŒLNLËŒŽŒŒÌÌŒNMK‹ŽŒŒÌÌŒNMYKL‚ŒLNMŒÌŒLÍMLË‹ÌŒLÍMLÙKL‚ŒLNMKŒŒÌŒÎMÍ‹ŒÌŒÎMÍKL‚ŒLNM‹ŒMMMMLŽLLË‹MMMMLŽLLÙKL‚ŒLNMËŒLÌN‹LÌNKL‚ŒLNNŒŒMŒŒŽK‹ŒMŒŒŽYKL‚ŒLNNKŒMMÍÍÌLK‹MMÍÍÌLYKL‚ŒLŒŒŒÎNÎÍK‹ŒÎNÎÍYKL‚ŒLŒKŒŒÎNÎÎNË‹ŒÎNÎÎNÙKL‚ŒLŒ‹ŒMMÎMÍLË‹MMÎMÍLÙKL‚ŒLŒËŒŒMŒŒŒÎM‹‹ŒMŒŒŒÎM™KL‚ŒLŒŒLÌŽMÌLLË‹LÌŽMÌLLÙKL‚ŒLŒKŒMMMMLÍMÍ‹‹MMMMLÍMÍ™KL‚ŒLŒ‹ŒŒÌŒMŽLÎ‹‹ŒÌŒMŽLÎ™KL‚ŒLŒËŒÌŒLÍLÍÍLK‹ÌŒLÍLÍÍLYKL‚ŒLŒŒŽŒŒÌLNLLK‹ŽŒŒÌLNLLYKL‚ŒLŒKŒŽLÌMLMÍMM‹ŽLÌMLMÍMMKL‚ŒLŒLŒÌMMMŽLLËËŒMMMŽLLÙKL‚ŒLŒLKŒÌMNMÍŒMÌMŽKËŒMNMÍŒMÌMŽYKL‚ŒLŒL‹ŒÌŽÌÍÍÎËËŒŽÌÍÍÎÙKL‚ŒLŒLËŒÌÍŒÌÍKËŒÍŒÌÍYKL‚ŒLŒMŒÍLÌÌÍMM‹ËLÌÌÍMM™KL‚ŒLŒMKŒÍLÍLMŒÍÌ‹ËLÍLMŒÍÌ™KL‚ŒLŒM‹ŒÍLÌŽMŒÍMËLÌŽMŒÍMKL‚ŒLŒMËŒÍLÌŽLŒLŒËËLÌŽLŒLŒÙKL‚ŒLŒNŒÍLÍÍŽMÌMLËËLÍÍŽMÌMLÙKL‚ŒLŒNKŒÍMŒNKËMŒNYKL‚ŒLŒŒŒÌÍŒÌŒÌŒ‹ËŒÍŒÌŒÌŒ™KL‚ŒLŒŒKŒÌŽÌŒMÍ‹ËŒŽÌŒMÍ™KL‚ŒLŒŒ‹ŒÌMNMÌÍÍÍNKËŒMNMÌÍÍÍNYKL‚ŒLŒŒËŒÌMŽMŽKËŒMŽMŽYKL‚ŒLŒŒŽLÌMNMÎLŒË‹ŽLÌMNMÎLŒÙKL‚ŒLŒKŒŽŒŒŽNLŒŽNK‹ŽŒŒŽNLŒŽNYKL‚ŒLŒ‹ŒÌŒLÍNMLK‹ÌŒLÍNMLYKL‚ŒLŒËŒŒÌŒLLMMŒË‹ŒÌŒLLMMŒÙKL‚ŒLŒŽŒMMMMLÎŽK‹MMMMLÎŽYKL‚ŒLŒŽKŒLÌÌÌÌË‹LÌÌÌÌÙKL‚ŒLŒÌŒŒMŽML‹‹ŒMŽML™KL‚ŒLŒÌKŒMNÌÎLÎK‹MNÌÎLÎYKL‚ŒLŒÌ‹ŒŒÎNÎLÎLŽ‹‹ŒÎNÎLÎLŽ™KL‚ŒLŒÌËŒŒÎNÎMÌŽ‹ŒÎNÎMÌŽKL‚ŒLŒÍŒMNLÍŒŒ‹‹MNLÍŒŒ™KL‚ŒLŒÍKŒŒMÌMÍŽK‹ŒMÌMÍŽYKL‚ŒLŒÍ‹ŒLÌÍÎMMŒK‹LÌÍÎMMŒYKL‚ŒLŒÍËŒMMMMŒÌŽLK‹MMMMŒÌŽLYKL‚ŒLŒÎŒŒÌŒNLNK‹ŒÌŒNLNYKL‚ŒLŒÎKŒÌŒLÍMML‹ÌŒLÍMMLKL‚ŒLŒŽŒŒÌLÍŒŽ‹ŽŒŒÌLÍŒŽKL‚ŒLKŒŽLÌMLLÌMMK‹ŽLÌMLLÌMMYKL‚ŒL‹ŒÌMMÍÎNËŒMMÍÎNKL‚ŒLËŒÌMNMÍLMËŒMNMÍLMKL‚ŒLŒÌŽŽLŽMNNËŒŽŽLŽMNNKL‚ŒLKŒÌÍŒŽLŽMKËŒÍŒŽLŽMYKL‚ŒL‹ŒÍÍMËËÍMÙKL‚ŒLËŒÍLÍMNLKËLÍMNLYKL‚ŒLŒÍLÌŽLNŒŒŽLËËLÌŽLNŒŒŽLÙKL‚ŒLKŒÍLÌŽÎNMÎËËLÌŽÎNMÎÙKL‚ŒLLŒÍLÍMŒM‹ËLÍMŒM™KL‚ŒLLKŒÍLÎLMËLÎLMKL‚ŒLL‹ŒÌÍŒLÍMŽKËŒÍŒLÍMŽYKL‚ŒLLËŒÌŽMMŒ‹ËŒŽMMŒ™KL‚ŒLMŒÌMNMÌŒLKËŒMNMÌŒLYKL‚ŒLMKŒÌMMMÍÌËËŒMMMÍÌÙKL‚ŒLM‹ŒŽLÌMLLNÌK‹ŽLÌMLLNÌYKL‚ŒLMËŒŽŒŒŽLÍLÌŽK‹ŽŒŒŽLÍLÌŽYKL‚ŒLNŒÌŒLÍÌMË‹ÌŒLÍÌMÙKL‚ŒLNKŒŒÌŒLNNNK‹ŒÌŒLNNNYKL‚ŒLŒŒMMMMMNMŒLË‹MMMMMNMŒLÙKL‚ŒLŒKŒLÌÍÌMŒNK‹LÌÍÌMŒNYKL‚ŒLŒ‹ŒŒMÌÎÎK‹ŒMÌÎÎYKL‚ŒLŒËŒMNLÍÍNM‹MNLÍÍNMKL‚ŒLŒŒÎNLLŒK‹ŒÎNLLŒYKL‚ŒLKŒŒÎNŒÍMK‹ŒÎNŒÍMYKL‚ŒL‹ŒMNMÍÍMŒË‹MNMÍÍMŒÙKL‚ŒLËŒŒMÎLË‹ŒMÎLÙKL‚ŒLŽŒLÌŽÍÎLË‹LÌŽÍÎLÙKL‚ŒLŽKŒMMMMMŒLË‹MMMMMŒLÙKL‚ŒLÌŒŒÌŒŒNË‹ŒÌŒŒNÙKL‚ŒLÌKŒÌŒLÍMŒÌLÌŽ‹ÌŒLÍMŒÌLÌŽKL‚ŒLÌ‹ŒŽŒŒÌLLÍÎK‹ŽŒŒÌLLÍÎYKL‚ŒLÌËŒŽLÌMLMLN‹ŽLÌMLMLNKL‚ŒLÍŒÌMÍLŒ‹ËŒMÍLŒ™KL‚ŒLÍKŒÌMNMÍMŽMËËŒMNMÍMŽMÙKL‚ŒLÍ‹ŒÌŽÍÌMKËŒŽÍÌMYKL‚ŒLÍËŒÌÍŒÍMÍÍËŒÍŒÍMÍÍKL‚ŒLÎŒÍÌNMÌKËÌNMÌYKL‚ŒLÎKŒÍLÍÍÌMLŽ‹ËLÍÍÌMLŽ™KL‚ŒLŽŒÍLÌŽLÍËËLÌŽLÍÙKL‚ŒLŽKŒÍLÌŽŒÌÌÍNËLÌŽŒÌÌÍNKL‚ŒLŽ‹ŒÍLÍÎLNNKËLÍÎLNNYKL‚ŒLŽËŒÍŽÌÍKËŽÌÍYKL‚ŒLŽŒÌÍŒŒÍÌËËŒÍŒŒÍÌÙKL‚ŒLŽKŒÌŽÌÌMËËŒŽÌÌMÙKL‚ŒLŽ‹ŒÌMNMÌŒLÎËŒMNMÌŒLÎKL‚ŒLŽËŒÌMÎÌKËŒMÎÌYKL‚ŒLŽŒŽLÌMMMŒ‹‹ŽLÌMMMŒ™KL‚ŒLŽKŒŽŒŒŽNÎŒK‹ŽŒŒŽNÎŒYKL‚ŒLŽLŒÌŒLÌÍÍÌ‹‹ÌŒLÌÍÍÌ™KL‚ŒLŽLKŒŒÌŒÍÌMŒK‹ŒÌŒÍÌMŒYKL‚ŒLŽL‹ŒMMMMMLLÌÌK‹MMMMMLLÌÌYKL‚ŒLŽLËŒLÌÎMÌK‹LÌÎMÌYKL‚ŒLŽMŒŒMÍŽŽŒK‹ŒMÍŽŽŒYKL‚ŒLŽMKŒMNMÎÍŒK‹MNMÎÍŒYKL‚ŒLŽM‹ŒŒÎNMMM‹‹ŒÎNMMM™KL‚ŒLŽMËŒŒÎNÌË‹ŒÎNÌÙKL‚ŒLŽNŒMŒŒMLLK‹MŒŒMLLYKL‚ŒLŽNKŒŒNNMŒÍK‹ŒNNMŒÍYKL‚ŒLÌŒLÌŽŽMK‹LÌŽŽMYKL‚ŒLÌKŒMMMMŽ‹MMMMŽKL‚ŒLÌ‹ŒŒÌŒŒÌMÍMK‹ŒÌŒŒÌMÍMYKL‚ŒLÌËŒÌŒLÍMŒÍŒÌK‹ÌŒLÍMŒÍŒÌYKL‚ŒLÌŒŽŒŒÌÍLÎMË‹ŽŒŒÌÍLÎMÙKL‚ŒLÌKŒŽLÌMLMMŒŒ‹‹ŽLÌMLMMŒŒ™KL‚ŒLÌ‹ŒÌMŽMŒÍ‹ËŒMŽMŒÍ™KL‚ŒLÌËŒÌMNMÌÌÍŒLÌKËŒMNMÌÌÍŒLÌYKL‚ŒLÌŒÌŽÍÍÌLKËŒŽÍÍÌLYKL‚ŒLÌKŒÌÍŒÎMŒËËŒÍŒÎMŒÙKL‚ŒLÌLŒÍMMMMËMMMMKL‚ŒLÌLKŒÍLÍŒÍŒÎNËLÍŒÍŒÎNKL‚ŒLÌL‹ŒÍLÌŽŒNLÍËËLÌŽŒNLÍÙKL‚ŒLÌLËŒÍLÌŽLMŒÍMÎËLÌŽLMŒÍMÎKL‚ŒLÌMŒÍLÍÌLÌKËLÍÌLÌYKL‚ŒLÌMKŒÍMMMÍMÎKËMMMÍMÎYKL‚ŒLÌM‹ŒÌÍŒŒÌŒKËŒÍŒŒÌŒYKL‚ŒLÌMËŒÌŽŒÍMËËŒŽŒÍMÙKL‚ŒLÌNŒÌMNMŽMŽKËŒMNMŽMŽYKL‚ŒLÌNKŒÌLÎLŒÎËŒLÎLŒÎKL‚ŒLÌŒŒŽLÌMÌLÌ‹‹ŽLÌMÌLÌ™KL‚ŒLÌŒKŒŽŒŒÍŒÌÍÍË‹ŽŒŒÍŒÌÍÍÙKL‚ŒLÌŒ‹ŒÌŒLÌŽŒMŒË‹ÌŒLÌŽŒMŒÙKL‚ŒLÌŒËŒŒÌŒÎNK‹ŒÌŒÎNYKL‚ŒLÌŒMMMMMMŒŒK‹MMMMMMŒŒYKL‚ŒLÌKŒLÌÍŒÌŽË‹LÌÍŒÌŽÙKL‚ŒLÌ‹ŒŒMÍÍLÎK‹ŒMÍÍLÎYKL‚ŒLÌËŒMNNMŒÎK‹MNNMŒÎYKL‚ŒLÌŽŒŒÎNŒNLË‹ŒÎNŒNLÙKL‚ŒLÌŽKŒŒÎNMŽN‹ŒÎNMŽNKL‚ŒLÌÌŒMNNLÎMLË‹MNNLÎMLÙKL‚ŒLÌÌKŒŒNMMLŒË‹ŒNMMLŒÙKL‚ŒLÌÌ‹ŒLÌŽŽÎK‹LÌŽŽÎYKL‚ŒLÌÌËŒMMMMÌË‹MMMMÌÙKL‚ŒLÌÍŒŒÌŒŒŽL‹ŒÌŒŒŽLKL‚ŒLÌÍKŒÌŒLÍMMŽLÎK‹ÌŒLÍMMŽLÎYKL‚ŒLÌÍ‹ŒŽŒŒÌLLL‹ŽŒŒÌLLLKL‚ŒLÌÍËŒŽLÌMLÍÌMË‹ŽLÌMLÍÌMÙKL‚ŒLÌÎŒÌMÎÍ‹ËŒMÎÍ™KL‚ŒLÌÎKŒÌMNMÌŽLÌŒŒËËŒMNMÌŽLÌŒŒÙKL‚ŒLÍŒÌŽŒŒLÍËŒŽŒŒLÍKL‚ŒLÍKŒÌÍŒMÍÎLÍËŒÍŒMÍÎLÍKL‚ŒLÍ‹ŒÍMMŒÌËËMMŒÌÙKL‚ŒLÍËŒÍLÍMÌŒN‹ËLÍMÌŒN™KL‚ŒLÍŒÍLÌŽÍŽMŒ‹ËLÌŽÍŽMŒ™KL‚ŒLÍKŒÍLÌŽMÎÌÍKËLÌŽMÎÌÍYKL‚ŒLÍ‹ŒÍLÍNMMLKËLÍNMMLYKL‚ŒLÍËŒÍÍŽMÎ‹ËÍŽMÎ™KL‚ŒLÍŒÌÍŒŒMMLLÌ‹ËŒÍŒŒMMLLÌ™KL‚ŒLÍKŒÌŽŒMÎML‹ËŒŽŒMÎML™KL‚ŒLÍLŒÌMNMŽÍMŒËËŒMNMŽÍMŒÙKL‚ŒLÍLKŒÌLÍÎNNŽKËŒLÍÎNNŽYKL‚ŒLÍL‹ŒŽLÌMNNÌÍK‹ŽLÌMNNÌÍYKL‚ŒLÍLËŒŽŒŒÎMŽ‹ŽŒŒÎMŽKL‚ŒLÍMŒÌŒLÌNŒÌM‹ÌŒLÌNŒÌMKL‚ŒLÍMKŒŒÌŒÍNLL‹‹ŒÌŒÍNLL™KL‚ŒLÍM‹ŒMMMLÌÎLMK‹MMMLÌÎLMYKL‚ŒLÍMËŒLÌMMN‹LÌMMNKL‚ŒLÍNŒŒMMLË‹ŒMMLÙKL‚ŒLÍNKŒMMÍÍÍÌMM‹‹MMÍÍÍÌMM™KL‚ŒLÍŒŒŒÎNÎ‹‹ŒÎNÎ™KL‚ŒLÍŒKŒŒÎNÎLÍMË‹ŒÎNÎLÍMÙKL‚ŒLÍŒ‹ŒMNLÌÌÌË‹MNLÌÌÌÙKL‚ŒLÍŒËŒŒMÎÍMË‹ŒMÎÍMÙKL‚ŒLÍŒLÌŽŽŒK‹LÌŽŽŒYKL‚ŒLÍKŒMMMMNMË‹MMMMNMÙKL‚ŒLÍ‹ŒŒÌŒŒLÍŽË‹ŒÌŒŒLÍŽÙKL‚ŒLÍËŒÌŒLÍMMŽK‹ÌŒLÍMMŽYKL‚ŒLÍŽŒŽŒŒÌÌMÍMK‹ŽŒŒÌÌMÍMYKL‚ŒLÍŽKŒŽLÌMLÌÌ‹ŽLÌMLÌÌKL‚ŒLÍÌŒÌMÌŒMÍ‹ËŒMÌŒMÍ™KL‚ŒLÍÌKŒÌMNMÌŽLMŒKËŒMNMÌŽLMŒYKL‚ŒLÍÌ‹ŒÌŽŒLÌMËËŒŽŒLÌMÙKL‚ŒLÍÌËŒÌÍŒMLÌLÌ‹ËŒÍŒMLÌLÌ™KL‚ŒLÍÍŒÍÍNËÍNKL‚ŒLÍÍKŒÍLÍLÎÎKËLÍLÎÎYKL‚ŒLÍÍ‹ŒÍLÌŽÌŒËËLÌŽÌŒÙKL‚ŒLÍÍËŒÍLÌŽÌŽNKËLÌŽÌŽNYKL‚ŒLÍÎŒÍLÍŒMŒŒÍKËLÍŒMŒŒÍYKL‚ŒLÍÎKŒÍŽMMÌËŽMMÌKL‚ŒLÎŒÌÍŒŒLÎNŽKËŒÍŒŒLÎNŽYKL‚ŒLÎKŒÌŽŒLÌÎLKËŒŽŒLÌÎLYKL‚ŒLÎ‹ŒÌMNMÍŽMMLKËŒMNMÍŽMMLYKL‚ŒLÎËŒÌLÍÌLKËŒLÍÌLYKL‚ŒLÎŒŽLÌMÎŽK‹ŽLÌMÎŽYKL‚ŒLÎKŒŽŒŒŒÍMŒNK‹ŽŒŒŒÍMŒNYKL‚ŒLÎ‹ŒÌŒLÌŒLŽK‹ÌŒLÌŒLŽYKL‚ŒLÎËŒŒÌŒMLNK‹ŒÌŒMLNYKL‚ŒLÎŒMMMLLMLÌ‹‹MMMLLMLÌ™KL‚ŒLÎKŒLÌŒLNË‹LÌŒLNÙKL‚ŒLÎLŒŒLÌLMÍ‹ŒLÌLMÍKL‚ŒLÎLKŒMLMÌŒŽ‹‹MLMÌŒŽ™KL‚ŒLÎL‹ŒŒÎNÍŽMŒNK‹ŒÎNÍŽMŒNYKL‚ŒLÎLËŒŒÎNÍÍMLM‹ŒÎNÍÍMLMKL‚ŒLÎMŒMNŒÌMË‹MNŒÌMÙKL‚ŒLÎMKŒŒMÌMŒK‹ŒMÌMŒYKL‚ŒLÎM‹ŒLÌÍŒNK‹LÌÍŒNYKL‚ŒLÎMËŒMMMMNLÍÍ‹‹MMMMNLÍÍ™KL‚ŒLÎNŒŒÌŒŒMNMÌÎ‹ŒÌŒŒMNMÌÎKL‚ŒLÎNKŒÌŒLÍNMŽÎK‹ÌŒLÍNMŽÎYKL‚ŒMŒŽŒŒÌLÍÌŽ‹‹ŽŒŒÌLÍÌŽ™KL‚ŒMKŒŽLÌMLL‹ŽLÌMLLKL‚ŒM‹ŒÌMÌŽLŽKËŒMÌŽLŽYKL‚ŒMËŒÌMNMÌÍŒÌËËŒMNMÌÍŒÌÙKL‚ŒMŒÌŽNLLŽKËŒŽNLLŽYKL‚ŒMKŒÌÍŒNLMÍNMKËŒÍŒNLMÍNMYKL‚ŒM‹ŒÍŒLKËŒLYKL‚ŒMËŒÍLÍLMŒÌŽËLÍLMŒÌŽKL‚ŒMŒÍLÌŽÌÌÌÍN‹ËLÌŽÌÌÌÍN™KL‚ŒMKŒÍLÌŽMÍL‹ËLÌŽMÍL™KL‚ŒMLŒÍLÍŽNLNËLÍŽNLNKL‚ŒMLKŒÍMMÍÍŽKËMMÍÍŽYKL‚ŒML‹ŒÌÍŒŒNMLËŒÍŒŒNMLKL‚ŒMLËŒÌŽŒMMMLNNKËŒŽŒMMMLNNYKL‚ŒMMŒÌMNMÍÌLNKËŒMNMÍÌLNYKL‚ŒMMKŒÌLÍŽLÎKËŒLÍŽLÎYKL‚ŒMM‹ŒŽLÌMÍLŒLÍ‹ŽLÌMÍLŒLÍKL‚ŒMMËŒŽŒŒŒŒŽLK‹ŽŒŒŒŒŽLYKL‚ŒMNŒÌŒLNMÍÍË‹ÌŒLNMÍÍÙKL‚ŒMNKŒŒÌNNÌŽ‹ŒÌNNÌŽKL‚ŒMŒŒMMMLLŒÎ‹‹MMMLLŒÎ™KL‚ŒMŒKŒLÌÌMÍ‹‹LÌÌMÍ™KL‚ŒMŒ‹ŒŒMÍMŽÌ‹ŒMÍMŽÌKL‚ŒMŒËŒMŒMK‹MŒMYKL‚ŒMŒŒÎNMNLN‹ŒÎNMNLNKL‚ŒMKŒŒÎNÎMLÍŒÍ‹ŒÎNÎMLÍŒÍKL‚ŒM‹ŒMMŒMMLË‹MMŒMMLÙKL‚ŒMËŒŒLÍLMÎ‹‹ŒLÍLMÎ™KL‚ŒMŽŒLÌNLLÌŽK‹LÌNLLÌŽYKL‚ŒMŽKŒMMMMŒNM‹‹MMMMŒNM™KL‚ŒMÌŒŒÌŒMMÍÌ‹‹ŒÌŒMMÍÌ™KL‚ŒMÌKŒÌŒLÍŒÍLÍ‹ÌŒLÍŒÍLÍKL‚ŒMÌ‹ŒŽŒŒÌŒLÌÎ‹ŽŒŒÌŒLÌÎKL‚ŒMÌËŒŽLÌMLŒMŒML‹‹ŽLÌMLŒMŒML™KL‚ŒMÍŒÌMNŽÌËËŒMNŽÌÙKL‚ŒMÍKŒÌMNMÍÍLŒËËŒMNMÍÍLŒÙKL‚ŒMÍ‹ŒÌŽÍÍÎMŽLKËŒŽÍÍÎMŽLYKL‚ŒMÍËŒÌÍŒŽNMŒŽËŒÍŒŽNMŒŽKL‚ŒMÎŒÍMMÍ‹ËMMÍ™KL‚ŒMÎKŒÍLÍŒNÌKËLÍŒNÌYKL‚ŒMŒÍLÌŽÎMMMŒÍËLÌŽÎMMMŒÍKL‚ŒMKŒÍLÌŽÌÌÍŒŽËËLÌŽÌÌÍŒŽÙKL‚ŒM‹ŒÍLÍNNNL‹ËLÍNNNL™KL‚ŒMËŒÍÌÌŒMÍËÌÌŒMÍKL‚ŒMŒÌÍŒŒÍŒÌÍ‹ËŒÍŒŒÍŒÌÍ™KL‚ŒMKŒÌŽŒŽNÍÎLËËŒŽŒŽNÍÎLÙKL‚ŒM‹ŒÌMNMÎMMŒŒŒ‹ËŒMNMÎMMŒŒŒ™KL‚ŒMËŒÌLÍNMŒŒÌKËŒLÍNMŒŒÌYKL‚ŒMŒŽLÌMÌLŒÌÎMË‹ŽLÌMÌLŒÌÎMÙKL‚ŒMKŒŽŒŒŒŒÍÍ‹ŽŒŒŒŒÍÍKL‚ŒMLŒÌŒLŒŒÍÍŽ‹ÌŒLŒŒÍÍŽKL‚ŒMLKŒŒÌNMLÍÍ‹‹ŒÌNMLÍÍ™KL‚ŒML‹ŒMMMLŽMË‹MMMLŽMÙKL‚ŒMLËŒLÍLŽK‹LÍLŽYKL‚ŒMMŒNMNLÍË‹NMNLÍÙKL‚ŒMMKŒMLLÌŽLK‹MLLÌŽLYKL‚ŒMM‹ŒŒÎNLÌMÎMK‹ŒÎNLÌMÎMYKL‚ŒMMËŒŒÎNÎNMË‹ŒÎNÎNMÙKL‚ŒMNŒMË‹MÙKL‚ŒMNKŒŒLÌÍNMÎK‹ŒLÌÍNMÎYKL‚ŒMŒŒLÌŽLK‹LÌŽLYKL‚ŒMŒKŒMMMMŒÍÍ‹‹MMMMŒÍÍ™KL‚ŒMŒ‹ŒŒÌŒŽLÌË‹ŒÌŒŽLÌÙKL‚ŒMŒËŒÌŒLÍÍŒNLË‹ÌŒLÍÍŒNLÙKL‚ŒMŒŽŒŒÍMÌÍ‹‹ŽŒŒÍMÌÍ™KL‚ŒMKŒŽLÌMMŽLÌL‹ŽLÌMMŽLÌLKL‚ŒM‹ŒÌMŒMŽLNKËŒMŒMŽLNYKL‚ŒMËŒÌMNMÍÍËËŒMNMÍÍÙKL‚ŒMŽŒÌŽŽMŒŒÎKËŒŽŽMŒŒÎYKL‚ŒMŽKŒÌÍŒŽMÌËËŒÍŒŽMÌÙKL‚ŒMÌŒÍÌŽLËËÌŽLÙKL‚ŒMÌKŒÍLÍŽMÍLËËLÍŽMÍLÙKL‚ŒMÌ‹ŒÍLÌŽLŽÌËËLÌŽLŽÌÙKL‚ŒMÌËŒÍLÌŽMÌÎKËLÌŽMÌÎYKL‚ŒMÍŒÍLÍÌMÍËLÍÌMÍKL‚ŒMÍKŒÍNNNNKËNNNNYKL‚ŒMÍ‹ŒÌÍŒLÌÌÎNËŒÍŒLÌÌÎNKL‚ŒMÍËŒÌŽŒŒÎLŽËŒŽŒŒÎLŽKL‚ŒMÎŒÌMNMÌLLÌÍ‹ËŒMNMÌLLÌÍ™KL‚ŒMÎKŒÌLÍLÎLNMËËŒLÍLÎLNMÙKL‚ŒMŒŽLÌLÎMÍMŒN‹ŽLÌLÎMÍMŒNKL‚ŒMKŒŽŒŒŒŒÌÍÍNMK‹ŽŒŒŒŒÌÍÍNMYKL‚ŒM‹ŒÌŒLÌÍŒŒŒLË‹ÌŒLÌÍŒŒŒLÙKL‚ŒMËŒŒÌNLMMË‹ŒÌNLMMÙKL‚ŒMŒMMLLLLÎÍ‹MMLLLLÎÍKL‚ŒMKŒLŒÌÌË‹LŒÌÌÙKL‚ŒM‹ŒMLÍŒN‹MLÍŒNKL‚ŒMËŒLÎMMLLÌÌL‹‹LÎMMLLÌÌL™KL‚ŒMŒŒÎNMÌLMŒÍË‹ŒÎNMÌLMŒÍÙKL‚ŒMKŒŒÎNÎMŒË‹ŒÎNÎMŒÙKL‚ŒMLŒMLMÎ‹MLMÎKL‚ŒMLKŒŒŒŒLLK‹ŒŒŒLLYKL‚ŒML‹ŒLÌÍÌÎL‹‹LÌÍÌÎL™KL‚ŒMLËŒMMMLÎMŽLK‹MMMLÎMŽLYKL‚ŒMMŒŒÌŒŒMÌÍË‹ŒÌŒŒMÌÍÙKL‚ŒMMKŒÌŒMLÎŽË‹ÌŒMLÎŽÙKL‚ŒMM‹ŒŽŒŒÍÍÍŒLLË‹ŽŒŒÍÍÍŒLLÙKL‚ŒMMËŒŽLÌMMÍLMLM‹ŽLÌMMÍLMLMKL‚ŒMNŒÌMMŒÌLLKËŒMMŒÌLLYKL‚ŒMNKŒÌMNMÎLÌÍŒÎKËŒMNMÎLÌÍŒÎYKL‚ŒMLŒÌŽÌMÌÌÍÍËËŒŽÌMÌÌÍÍÙKL‚ŒMLKŒÌÍŒÌŒMÍÌÎKËŒÍŒÌŒMÍÌÎYKL‚ŒML‹ŒÍÍŽKËÍŽYKL‚ŒMLËŒÍLÍÎLÌNËLÍÎLÌNKL‚ŒMLŒÍLÌŽLMŒLËËLÌŽLMŒLÙKL‚ŒMLKŒÍLÌŽMŒMMŽ‹ËLÌŽMŒMMŽ™KL‚ŒML‹ŒÍLÍMŽMLKËLÍMŽMLYKL‚ŒMLËŒÍLÎÎÍKËLÎÎÍYKL‚ŒMLŒÌÍŒÍLÌÌËŒÍŒÍLÌÌKL‚ŒMLKŒÌŽÍÍMŽMKËŒŽÍÍMŽMYKL‚ŒMLLŒÌMNNÎMMÌKËŒMNNÎMMÌYKL‚ŒMLLKŒÌMÌÌLŽL‹ËŒMÌÌLŽL™KL‚ŒMLL‹ŒŽLÌMLLÍÌÌ‹‹ŽLÌMLLÍÌÌ™KL‚ŒMLLËŒŽŒŒLŒÌ‹ŽŒŒLŒÌKL‚ŒMLMŒÌŒLÌLÌMMÍK‹ÌŒLÌLÌMMÍYKL‚ŒMLMKŒŒÌŒŒLÌMŒ‹‹ŒÌŒŒLÌMŒ™KL‚ŒMLM‹ŒMMÍŽŒÍ‹‹MMÍŽŒÍ™KL‚ŒMLMËŒNMNÍŒLË‹NMNÍŒLÙKL‚ŒMLNŒÍMLÍNK‹ÍMLÍNYKL‚ŒMLNKŒÍLLÌNL‹‹ÍLLÌNL™KL‚ŒMLŒŒŒÎMLÎLŽLLË‹ŒÎMLÎLŽLLÙKL‚ŒMLŒKŒŒÎNÌŒŒÎÌ‹‹ŒÎNÌŒŒÎÌ™KL‚ŒMLŒ‹ŒMMÌLÍÌ‹MMÌLÍÌKL‚ŒMLŒËŒŒŒLŽMLÍŒ‹‹ŒŒLŽMLÍŒ™KL‚ŒMLŒLÌNÌ‹LÌNÌKL‚ŒMLKŒMMMNŒŒÎLŒ‹‹MMMNŒŒÎLŒ™KL‚ŒML‹ŒŒÌŒMÎLNN‹‹ŒÌŒMÎLNN™KL‚ŒMLËŒÌŒMLŒÌLË‹ÌŒMLŒÌLÙKL‚ŒMLŽŒŽŒMŒË‹ŽŒMŒÙKL‚ŒMLŽKŒŽLÌMÍÌLM‹ŽLÌMÍÌLMKL‚ŒMLÌŒÌMMLMLËËŒMMLMLÙKL‚ŒMLÌKŒÌMNNMÍŽÌ‹ËŒMNNMÍŽÌ™KL‚ŒMLÌ‹ŒÌŽÍÍÌLŒKËŒŽÍÍÌLŒYKL‚ŒMLÌËŒÌÍŒÍMÍÍKËŒÍŒÍMÍÍYKL‚ŒMLÍŒÍLÌŒ‹ËLÌŒ™KL‚ŒMLÍKŒÍLÍLÍŒÍŒKËLÍLÍŒÍŒYKL‚ŒMLÍ‹ŒÍLÌŽLÍÌÎMËLÌŽLÍÌÎMKL‚ŒMLÍËŒÍLÌÌLMNËLÌÌLMNKL‚ŒMLÎŒÍLÍŽŒLL‹ËLÍŽŒLL™KL‚ŒMLÎKŒÍŽŒLNËŽŒLNKL‚ŒMMŒÌÍNŒKËŒÍNŒYKL‚ŒMMKŒÌŽLNLMŽËËŒŽLNLMŽÙKL‚ŒMM‹ŒÌMNNMMÎLMËËŒMNNMMÎLMÙKL‚ŒMMËŒÌMŽNŒKËŒMŽNŒYKL‚ŒMMŒŽLÌMÎLLÍ‹‹ŽLÌMÎLLÍ™KL‚ŒMMKŒŽŒŒŒÌŒLŒN‹ŽŒŒŒÌŒLŒNKL‚ŒMM‹ŒÌŒÍÍNLK‹ÌŒÍÍNLYKL‚ŒMMËŒŒÌLŒMÍŽNM‹‹ŒÌLŒMÍŽNM™KL‚ŒMMŒMMMŽMÍÌÎK‹MMMŽMÍÌÎYKL‚ŒMMKŒMNLÌŽL‹‹MNLÌŽL™KL‚ŒMMLŒŽÌÍMŒ‹ŽÌÍMŒKL‚ŒMMLKŒMÌMÍŒN‹MÌMÍŒNKL‚ŒMML‹ŒMLÍLŽN‹MLÍLŽNKL‚ŒMMLËŒŒÎNNLMŒÌK‹ŒÎNNLMŒÌYKL‚ŒMMMŒLÎMÍK‹LÎMÍYKL‚ŒMMMKŒLÎŒ‹LÎŒKL‚ŒMMM‹ŒLÌŽNK‹LÌŽNYKL‚ŒMMMËŒMMNLLÎLK‹MMNLLÎLYKL‚ŒMMNŒŒÌŒÍŒMMÌŒ‹‹ŒÌŒÍŒMMÌŒ™KL‚ŒMMNKŒÌŒMNMŒMŒK‹ÌŒMNMŒMŒYKL‚ŒMMŒŒŽŒMMNLÍÎË‹ŽŒMMNLÍÎÙKL‚ŒMMŒKŒŽLÌMÍŒMÌNK‹ŽLÌMÍŒMÌNYKL‚ŒMMŒ‹ŒÌMÎMMÌ‹ËŒMÎMMÌ™KL‚ŒMMŒËŒÌMNNMÌLMMËËŒMNNMÌLMMÙKL‚ŒMMŒÌŽMŒÍNËŒŽMŒÍNKL‚ŒMMKŒÌÍŽŒŽMÍËŒÍŽŒŽMÍKL‚ŒMM‹ŒÍŒÎMŒÎËŒÎMŒÎKL‚ŒMMËŒÍLÍŒÌNÎ‹ËLÍŒÌNÎ™KL‚ŒMMŽŒÍLÌÌÎ‹ËLÌÌÎ™KL‚ŒMMŽKŒÍLÌŽLMNÍ‹ËLÌŽLMNÍ™KL‚ŒMMÌŒÍLÍLMÎNËLÍLMÎNKL‚ŒMMÌKŒÍLÌŽLËËLÌŽLÙKL‚ŒMMÌ‹ŒÌÍŒÎMŽNL‹ËŒÍŒÎMŽNL™KL‚ŒMMÌËŒÌŽŽLÍËŒŽŽLÍKL‚ŒMMÍŒÌMNNLLLNËŒMNNLLLNKL‚ŒMMÍKŒÌMŽLNKËŒMŽLNYKL‚ŒMMÍ‹ŒŽLÌŒÍŽL‹ŽLÌŒÍŽLKL‚ŒMMÍËŒŽŒŽÍŒŽK‹ŽŒŽÍŒŽYKL‚ŒMMÎŒÌŒŒŽÌ‹‹ÌŒŒŽÌ™KL‚ŒMMÎKŒŒŽŒÌŒ‹‹ŒŽŒÌŒ™KL‚ŒMNŒMNÍÎLMË‹MNÍÎLMÙKL‚ŒMNKŒLŒŽMŒÎŽ‹LŒŽMŒÎŽKL‚ŒMN‹ŒLLÍNLK‹LLÍNLYKL‚ŒMNËŒŽNNLÍŒÌË‹ŽNNLÍŒÌÙKL‚ŒMNŒŽÌÌMMK‹ŽÌÌMMYKL‚ŒMNKŒNLNMÍM‹‹NLNMÍM™KL‚ŒMN‹ŒLLLLNNMK‹LLLLNNMYKL‚ŒMNËŒLŒNLÍK‹LŒNLÍYKL‚ŒMNŒLÎMLŒÍÍÎË‹LÎMLŒÍÍÎÙKL‚ŒMNKŒMMŒMMÌË‹MMŒMMÌÙKL‚ŒMNLŒŒÌŒÎŽK‹ŒÌŒÎŽYKL‚ŒMNLKŒÌŒMŒŒÎM‹‹ÌŒMŒŒÎM™KL‚ŒMNL‹ŒŽŒMŒLÌË‹ŽŒMŒLÌÙKL‚ŒMNLËŒŽLÌMÌŒLÌÍŒÌK‹ŽLÌMÌŒLÌÍŒÌYKL‚ŒMNMŒÌMNNLMŒËËŒMNNLMŒÙKL‚ŒMNMKŒÌMNNNÍÌNKËŒMNNNÍÌNYKL‚ŒMNM‹ŒÌŽÍLMÌMËŒŽÍLMÌMKL‚ŒMNMËŒÌÍŒÌŒŒMŒ‹ËŒÍŒÌŒŒMŒ™KL‚ŒMNNŒÍMŽLÍMËMŽLÍMKL‚ŒMNNKŒÍLÍNLÌÌŽMËËLÍNLÌÌŽMÙKL‚ŒMŒŒÍLÌŽLÍMËËLÌŽLÍMÙKL‚ŒMŒKŒÍLÌŒÍÌMÌKËLÌŒÍÌMÌYKL‚ŒMŒ‹ŒÍLÎÎNNKËLÎÎNNYKL‚ŒMŒËŒÍMÍÌËMÍÌKL‚ŒMŒŒÌÍMÌMMLŽKËŒÍMÌMMLŽYKL‚ŒMŒKŒÌŽŽLLMÌÎMËËŒŽŽLLMÌÎMÙKL‚ŒMŒ‹ŒÌMNMMMÌËËŒMNMMMÌÙKL‚ŒMŒËŒÌLŽŽMÌKËŒLŽŽMÌYKL‚ŒMŒŒŽLÌLŽLMLŒÎ‹ŽLÌLŽLMLŒÎKL‚ŒMŒKŒŽŒÎÌÌŒÍK‹ŽŒÎÌÌŒÍYKL‚ŒMŒLŒÌÌÍNË‹ÌÌÍNÙKL‚ŒMŒLKŒŒÍNMMMŽMÎ‹ŒÍNMMMŽMÎKL‚ŒMŒL‹ŒMLMÍÌMŒË‹MLMÍÌMŒÙKL‚ŒMŒLËŒÍŒMŒÌŒMŒ‹‹ÍŒMŒÌŒMŒ™KL‚ŒMŒMŒŒŽLŽLŒK‹ŒŽLŽLŒYKL‚ŒMŒMKŒŒÎLMMLÌ‹‹ŒÎLMMLÌ™KL‚ŒMŒM‹ŒŒÎMÌÍK‹ŒÎMÌÍYKL‚ŒMŒMËŒŒÎMÌMÌÍ‹ŒÎMÌMÌÍKL‚ŒMŒNŒNNLLL‹NNLLLKL‚ŒMŒNKŒLÍŒŒÌ‹LÍŒŒÌKL‚ŒMŒŒŒLÎLÍMLÎ‹LÎLÍMLÎKL‚ŒMŒŒKŒMMMŒŒMNK‹MMMŒŒMNYKL‚ŒMŒŒ‹ŒŒÌŒMMÎK‹ŒÌŒMMÎYKL‚ŒMŒŒËŒÌŒMLLNMÍ‹ÌŒMLLNMÍKL‚ŒMŒŒŽŒŒÌLŽ‹ŽŒŒÌLŽKL‚ŒMŒKŒŽLÌLÍŒMN‹‹ŽLÌLÍŒMN™KL‚ŒMŒ‹ŒÌLLŒÎÌŒËËŒLLŒÎÌŒÙKL‚ŒMŒËŒÌMNLŽMŒMÎKËŒMNLŽMŒMÎYKL‚ŒMŒŽŒÌŽLNÍKËŒŽLNÍYKL‚ŒMŒŽKŒÌÍMNMNNKËŒÍMNMNNYKL‚ŒMŒÌŒÍMÍÎŽL‹ËMÍÎŽL™KL‚ŒMŒÌKŒÍLŒŒÌÍLÌËËLŒŒÌÍLÌÙKL‚ŒMŒÌ‹ŒÍLÌNMŒŽËËLÌNMŒŽÙKL‚ŒMŒÌËŒÍLÍMŒÌËLÍMŒÌKL‚ŒMŒÍŒÍLÍLÌKËLÍLÌYKL‚ŒMŒÍKŒÍÍÌÌNÌLŽKËÍÌÌNÌLŽYKL‚ŒMŒÍ‹ŒÌÍÍLÍMMÌKËŒÍÍLÍMMÌYKL‚ŒMŒÍËŒÌÌLŒŒÍÍMËŒÌLŒŒÍÍMKL‚ŒMŒÎŒÌMŒLŒÍMËËŒMŒLŒÍMÙKL‚ŒMŒÎKŒÌŒNLÍÍËËŒŒNLÍÍÙKL‚ŒMŒŽLÌLLMÌMÍ‹ŽLÌLLMÌMÍKL‚ŒMKŒŽŒMLŒŽÌŒ‹‹ŽŒMLŒŽÌŒ™KL‚ŒM‹ŒÌÌÌLLK‹ÌÌÌLLYKL‚ŒMËŒŽŽMMNL‹‹ŽŽMMNL™KL‚ŒMŒLÍÌŽÍMÌLMK‹LÍÌŽÍMÌLMYKL‚ŒMKŒŒMÍŽLMMK‹ŒMÍŽLMMYKL‚ŒM‹ŒMÌÍMÍNÌMÎKKÌÍMÍNÌMÎYKL‚ŒMËŒMŽNLŒÎNKKŽNLŒÎNYKL‚ŒMŒŒÍLŽŒK‹ŒÍLŽŒYKL‚ŒMKŒŒÍÎMÍŒN‹ŒÍÎMÍŒNKL‚ŒMLŒLLÎNŒK‹LLÎNŒYKL‚ŒMLKŒMÌÎMÍÍË‹MÌÎMÍÍÙKL‚ŒML‹ŒLŒÌÌÌMK‹LŒÌÌÌMYKL‚ŒMLËŒMMŒÌLN‹MMŒÌLNKL‚ŒMMŒŒÌŽMŒLŒK‹ŒÌŽMŒLŒYKL‚ŒMMKŒÌŒÍŽK‹ÌŒÍŽYKL‚ŒMM‹ŒŽŒÌŽNLŽ‹‹ŽŒÌŽNLŽ™KL‚ŒMMËŒŽLÌÍM‹ŽLÌÍMKL‚ŒMNŒÌMLŒKËŒMLŒYKL‚ŒMNKŒÌMŒÎŽLLÎËËŒMŒÎŽLLÎÙKL‚ŒMŒŒÌŽMÎL‹ËŒŽMÎL™KL‚ŒMŒKŒÌÍÍŒÌLŽËŒÍÍŒÌLŽKL‚ŒMŒ‹ŒÍÍÌMNLLŒKËÍÌMNLLŒYKL‚ŒMŒËŒÍLÌÌKËLÌÌYKL‚ŒMŒÍLÍÌÌŒ‹ËLÍÌÌŒ™KL‚‚UUÈÕTTŽˆ[˜Ü™X\Ú[™È[YHÝ\HŒÍN‚‚OOOOH™YÚ[›š[™È[YHÝ\ŒÈˆŽNLLÌNHOOOOB‚‚”™Y›Ü›Z[™ÈÝY™›™\ÜÈX]š^ˆ™Y›Ü›X][ÛˆÌB‚OOOOH™Y›Ü›Z[™ÈÝY™›™\ÜÈX]š^‚‚SœˆÙˆ\]X][ÛœÈ‹‹‹‹‹‹‹‹‹‹‹‹‹‹‹‹‹‹‹‹‹‹‹‹‹‹ˆˆNM‚‚SœˆÙˆ›Ûž™\›Ù\È[ˆÝY™›™\ÜÈX]š^‹‹‹‹‹‹ˆˆLLLLÍˆBˆ›Û›[™X\ˆÛÛ][ÛˆÝ]\Îˆ[YOHŽNLLÌNB‚\ÝY™›™\ÜÈ\]\ÈH‚\šYÚ[™ÚYH]˜[X][ÛœÈH‚‚\ÝY™›™\ÜÈX]š^™Y›Ü›X][ÛœÈHB‚\Ý\œ›ÛH[™HÙX\˜ÚHKŒ‚XÛÛ™\™Ù[˜ÙH›Ü›\ÈˆS’UPSÕT”‘S•‘TURT‘Q‚H™\ÚYX[KŒMNLYJÌHKÌMMÎYKLHKŒMNLYJÌˆ‚H[™\™ÞHËMÌÌÍYJÌˆÌÍLÌÎKLHËMÌÌÍYKLˆ‚H\ÜXÙ[Y[‹ŽNMŒ™JÌ‹ŽNMŒ™JÌKŒMNMÍŽYKLÈˆ‚ˆ›Û›[™X\ˆÛÛ][ÛˆÝ]\Îˆ[YOHŽNLLÌNB‚\ÝY™›™\ÜÈ\]\ÈHB‚\šYÚ[™ÚYH]˜[X][ÛœÈHÂ‚\ÝY™›™\ÜÈX]š^™Y›Ü›X][ÛœÈHB‚\Ý\œ›ÛH[™HÙX\˜ÚHKŒ‚XÛÛ™\™Ù[˜ÙH›Ü›\ÈˆS’UPSÕT”‘S•‘TURT‘Q‚H™\ÚYX[KŒMNLYJÌHKŒŒŒLM™KLMÈKŒMNLYJÌˆ‚H[™\™ÞHËMÌÌÍYJÌˆ‹ŒÌÌŒŒM™KLMˆËMÌÌÍYKLˆ‚H\ÜXÙ[Y[‹ŽNMŒ™JÌ‹ŒLNLÌ™KLHKŒMNMÍKLÈ‚˜ÛÛ™\™Ù[˜ÙHÝ[[X\žBˆ[X™\ˆÙˆ]\˜][ÛœÈˆ‚ˆ[X™\ˆÙˆ™Y›Ü›X][ÛœÈˆB‚‹KKKKKKHÛÛ™\™ÙY][YHˆŽNLLÌNB‚‚‘]H™XÛÜ™ÌBOOOOOOOOOOOOOOOOOOOOOOOOOOOOOOOOOOOOOOOOOOOOOOOOOOOOOOOOOOOOOOOOOOOOOOOOOOB”Ý\HŒÂ•[YHHŽNLLÌNL‚‘]HHÚ\Ùš[˜[ØÛÛÜ™[˜]\ÂŒKNËŽNLNLŒÍLKËÌŒŒÌÌŒYKLL‹ŒLMNNLÎLÍÍL‚Œ‹NËŒLLÍ‹M‹ŒMÌLÌMLÍKŒLMNNÎŽLŒËNŒÍÎÌLÌ‹ŒNŽMŒNÌKŒLMNMMÌMBMÎKŽMŒŒŒŒÌKËŽLÌLŒŒÌÍËŒLMNLŒÎNM‚KMÌËŽLÎÎŒËŒLÍÌÍLLNËŒLMNŒÎÌŽ‹MKÎMLÍMÍËÍÍÌ‹ŒLMMÍŒMBËMM‹ŒÌLLÌLL‹LKŒNMNMŽKŒLMMŽL‚ŽMKŒÌŒÍLÌŒÍLÌNÍÌNKŒLMMNMMLÌBŽKLÌ‹ŽLÌMÍÌŒÌLËLM‹LMÍKŒLMMMŽLŒ‚ŒLLNKŒŒÍLÌ‹LËLÎÎMËŒLMMŒLLÌ‚ŒLKLMMŒKLÍËŒNÍÌŽ‹ŒLMLÌŒLLMBŒL‹ŒŒLÌLMÎMKLLŽÌ‹ŒLMLŽMÌÌ‚ŒLËÌKŽMŽNÍLKML‹ÌMŒÍ‹ŒLMLMÍŒBŒMMMÌLŒŒ‹MMËŽÍÎËŒLMLLŒNŽBŒMKÍ‹ÍŒÌÌŒŒÌËMŒKŽŒLŒMÌÎKŒLMLNNÍM‚ŒM‹NŽLLMÍLKMŒNMÌM‹ŒLMLMÍŒÌ‚ŒMËLËÍÌŽÌÌÍYKLL‹MŽNLMŽNL‹ŒLMLLÎLM‚ŒNLNŽLLMÍLKMŒNMÌM‹ŒLMLMÍŒÌ‚ŒNKLÍ‹ÍŒÌÌŒŒÌËMŒKŽŒLŒMÌÎKŒLMLNNÍM‚ŒŒMMMÌLŒŒ‹MMËŽÍÎËŒLMLLŒNŽBŒŒKMÌKŽMŽNÍLKML‹ÌMŒÍ‹ŒLMLMÍŒBŒŒ‹NŒŒLÌLMÎMKLLŽÌ‹ŒLMLŽMÌÌ‚ŒŒËLLMMŒKLÍËŒNÍÌŽ‹ŒLMLÌŒLLMBŒLLNKŒŒÍLÌ‹LËLÎÎMËŒLMMŒLLÌ‚ŒKLLÌ‹ŽLÌMÍÌŒÌLËLM‹LMÍKŒLMMMŽLŒÂŒ‹LMKŒÌŒÍLÌŒÍLÌNÍÌNKŒLMMNMMLÌBŒËLMM‹ŒÌLLÌLL‹LKŒNMNMŽKŒLMMŽLÂŒŽLMKÎMLÍMÍËÍÍÌ‹ŒLMMÍŒMBŒŽKLMÌËŽLÎÎŒËŒLÍÌÍLLN‹ŒLMNŒÎÌŽBŒÌLMÎKŽMŒŒŒŒÌKËŽLÌLŒŒÌÍËŒLMNLŒÎNM‚ŒÌKLNŒÍÎÌLÌ‹ŒNŽMŒNÌKŒLMNMMÌMBŒÌ‹LNËŒLLÍ‹M‹ŒMÌLÌMLÍKŒLMNNÎŽLŒÌËLNËŽNLNLŒÍLKLËÍMMNN™KLL‹ŒLMNNLÎLÍÍL‚ŒÍLNËŒLLÍ‹LM‹ŒMÌLÌMLÍKŒLMNNÎŽLŒÍKLNŒÍÎÌLLÌ‹ŒNŽMŒNÌKŒLMNMMÌMBŒÍ‹LMÎKŽMŒŒŒŒÌKMËŽLÌLŒŒÌÍËŒLMNLŒÎNM‚ŒÍËLMÌËŽLÎÎMŒËŒLÍÌÍLLNËŒLMNŒÎÌŽBŒÎLMKÎMLÍMMÍËÍÍÌ‹ŒLMMÍŒMBŒÎKLMM‹ŒÌLLÌLL‹NLKŒNMNMŽKŒLMMŽLÂLMKŒÌŒÍLÌŒÍLLÌNÍÌNKŒLMMNMMLÌBKLLÌ‹ŽLÌMÍÌŒÌLËLLM‹LMÍKŒLMMMŽLŒÂ‹LLNKŒŒÍLÌ‹LLËLÎÎMËŒLMMŒLLÌ‚ËLLMMŒKLLÍËŒNÍÌŽ‹ŒLMLÌŒLLMBNŒŒLÌLMÎLMKLLŽÌ‹ŒLMLŽMÌÌ‚KMÌKŽMŽNÍLKLML‹ÌMŒÍ‹ŒLMLMÍŒB‹MMMÌLŒŒ‹LMMËŽÍÎËŒLMLLŒNŽBËLÍ‹ÍŒÌÌŒŒÌËLMŒKŽŒLŒMÌÎKŒLMLNNÍM‚LNŽLLMÍLKLMŒNMÌM‹ŒLMLMÍŒÌ‚KËŒÌLŽMLM™KLL‹LMŽNLMŽNL‹ŒLMLLÎLM‚LNŽLLMÍLKLMŒNMÌM‹ŒLMLMÍŒÌ‚LKÍ‹ÍŒÌÌŒŒÌËLMŒKŽŒLŒMÌÎKŒLMLNNÍM‚L‹MMÌLŒŒ‹LMMËŽÍÎËŒLMLLŒNŽBLËÌKŽMŽNÍLKLML‹ÌMŒÍ‹ŒLMLMÍŒBMŒŒLÌLMÎLMKLLŽÌ‹ŒLMLŽMÌÌ‚MKLMMŒKLLÍËŒNÍÌŽ‹ŒLMLÌŒLLMBM‹LNKŒŒÍLÌ‹LLËLÎÎMËŒLMMŒLLÌ‚MËLÌ‹ŽLÌMÍÌŒÌLËLLM‹LMÍKŒLMMMŽLŒ‚NMKŒÌŒÍLÌŒÍLLÌNÍÌNKŒLMMNMMLÌBNKMM‹ŒÌLLÌLL‹NLKŒNMNMŽKŒLMMŽL‚ŒMKÎMLÍMMÍËÍÍÌ‹ŒLMMÍŒMBŒKMÌËŽLÎÎMŒËŒLÍÌÍLLN‹ŒLMNŒÎÌŽŒ‹MÎKŽMŒŒŒŒÌKMËŽLÌLŒŒÌÍËŒLMNLŒÎNM‚ŒËNŒÍÎÌLLÌ‹ŒNŽMŒNÌKŒLMNMMÌMBNËŒLLÍ‹LM‹ŒMÌLÌMLÍKŒLMNNÎŽLKNËŽNLNMLM‹ËÌNŽÍYKLL‹KŒMÍŽŒÎL‚‹NËŒLLËM‹ŒMÌLÌŽÍËKŒMÍŽÌÍLÂËNŒÍÎÌÎLÎÌ‹ŒNŽMÌMÍKKŒMÍŽÎMŽMÎKŽMŒŒÎMKËŽLÌNMÎKKŒMÍŽŒŒL‚ŽKMÌËŽLÎM‹ŒËŒLÍÌÍŒMŽÌ‹KŒMÍÍLŒBÌMKÎMLNNËÍËÍÍMŽLËKŒMÍŽÍÌMBÌKMM‹ŒÌLLÎLŽLKŒNMŒÍÌÍËKŒMÍŒÌBÌ‹MKŒÌŒÍŽKLÌNNLLËKŒMÍLÍŒÍÌËLÌ‹ŽLÌMÍÌÌKLM‹LÍMŒËKŒMÍMNBÍLNKŒŒÌÍËLËLÎÌŽKKŒMÍŒÍŒÍM‚ÍKLLLÍËŒNLKŒMÍŒŽŒÌ‚Í‹ŒŒLNMËMKLLÍŒ‹KŒMÍŒŒMŒÍBÍËÌKŽMŽMÎLŒKML‹ÌMÌMLMËKŒMÍŒMMLNÎMMÌÍŽÍÌ‹MMËŽÍLŒÍËKŒMÍŒLMÍÎKÍ‹ÍŒÌŽLMMKMŒKŽŒLŒŒLMÎKŒMÍŒŽLÍ‚ŽNŽLLMÎNMŒNMÌMÍÎLËKŒMÍŒŽLÎŽKLËÍMMÌNLLÙKLL‹MŽNLMÌL‹KŒMÍŒÎMMBŽ‹LNŽLLMÎNMŒNMÌMÍÎLËKŒMÍŒŽLÎŽËLÍ‹ÍŒÌŽLMMKMŒKŽŒLŒŒLMÎKŒMÍŒŽLÍ‚ŽMMMÌÍŽÍÌ‹MMËŽÍLŒÍËKŒMÍŒLMÍŽKMÌKŽMŽMÎLŒKML‹ÌMÌMLMËKŒMÍŒMMLNŽ‹NŒŒLNMËMKLLÍŒ‹KŒMÍŒŒMŒÍBŽËLLLLÍËŒNLKŒMÍŒŽŒÌ‚ŽLLNKŒŒÌÍËLËLÎÌŽKKŒMÍŒÍŒÍM‚ŽKLLÌ‹ŽLÌMÍÌÌKLM‹LÍMŒËKŒMÍMNBŽLLMKŒÌŒÍŽKLÌNNLLËKŒMÍLÍŒÍŽLKLMM‹ŒÌLLÎLŽLKŒNMŒÍÌÍËKŒMÍŒÌBŽL‹LMKÎMLNNËÍËÍÍMŽLËKŒMÍŽÍÌMBŽLËLMÌËŽLÎM‹ŒËŒLÍÌÍŒMŽÌ‹KŒMÍÍLŒBŽMLMÎKŽMŒŒÎMKËŽLÌNMÎKKŒMÍŽŒŒL‚ŽMKLNŒÍÎÌÎLÎÌ‹ŒNŽMÌMÍKKŒMÍŽÎMŽM‹LNËŒLLËM‹ŒMÌLÌŽÍËKŒMÍŽÌÍLÂŽMËLNËŽNLNMLM‹LËÍNMŒNMŽ™KLL‹KŒMÍŽŒÎL‚ŽNLNËŒLLËLM‹ŒMÌLÌŽÍËKŒMÍŽÌÍLÂŽNKLNŒÍÎÌÎLÎLÌ‹ŒNŽMÌMÍKKŒMÍŽÎMŒLLMÎKŽMŒŒÎMKMËŽLÌNMÎKKŒMÍŽŒŒL‚ŒLKLMÌËŽLÎM‹MŒËŒLÍÌÍŒMŽÌ‹KŒMÍÍLŒBŒL‹LMKÎMLNNËMÍËÍÍMŽLËKŒMÍŽÍÌMBŒLËLMM‹ŒÌLLÎLŽNLKŒNMŒÍÌÍËKŒMÍŒÌBŒLLMKŒÌŒÍŽKLLÌNNLLËKŒMÍLÍŒÍŒLKLLÌ‹ŽLÌMÍÌÌKLLM‹LÍMŒËKŒMÍMNBŒL‹LLNKŒŒÌÍËLLËLÎÌŽKKŒMÍŒÍŒÍM‚ŒLËLLLLLÍËŒNLKŒMÍŒŽŒÌ‚ŒLNŒŒLNMËLMKLLÍŒ‹KŒMÍŒŒMŒÍBŒLKMÌKŽMŽMÎLŒKLML‹ÌMÌMLMËKŒMÍŒMMLNŒLLMMMÌÍŽÍÌ‹LMMËŽÍLŒÍËKŒMÍŒLMÍŒLLKLÍ‹ÍŒÌŽLMMKLMŒKŽŒLŒŒLMÎKŒMÍŒŽLÍ‚ŒLL‹LNŽLLMÎNLMŒNMÌMÍÎLËKŒMÍŒŽLÎŒLLËËŒÎMNLMYKLL‹LMŽNLMÌL‹KŒMÍŒÎMMBŒLMNŽLLMÎNLMŒNMÌMÍÎLËKŒMÍŒŽLÎŒLMKÍ‹ÍŒÌŽLMMKLMŒKŽŒLŒŒLMÎKŒMÍŒŽLÍ‚ŒLM‹MMÌÍŽÍÌ‹LMMËŽÍLŒÍËKŒMÍŒLMÍŒLMËÌKŽMŽMÎLŒKLML‹ÌMÌMLMËKŒMÍŒMMLNŒLNŒŒLNMËLMKLLÍŒ‹KŒMÍŒŒMŒÍBŒLNKLLLLÍËŒNLKŒMÍŒŽŒÌ‚ŒLŒLNKŒŒÌÍËLLËLÎÌŽKKŒMÍŒÍŒÍM‚ŒLŒKLÌ‹ŽLÌMÍÌÌKLLM‹LÍMŒËKŒMÍMNBŒLŒ‹MKŒÌŒÍŽKLLÌNNLLËKŒMÍLÍŒÍŒLŒËMM‹ŒÌLLÎLŽNLKŒNMŒÍÌÍËKŒMÍŒÌBŒLMKÎMLNNËMÍËÍÍMŽLËKŒMÍŽÍÌMBŒLKMÌËŽLÎM‹MŒËŒLÍÌÍŒMŽÌ‹KŒMÍÍLŒBŒL‹MÎKŽMŒŒÎMKMËŽLÌNMÎKKŒMÍŽŒŒL‚ŒLËNŒÍÎÌÎLÎLÌ‹ŒNŽMÌMÍKKŒMÍŽÎMŒLŽNËŒLLËLM‹ŒMÌLÌŽÍËKŒMÍŽÌÍLÂŒLŽKNËŽNLNMMMKËÌLÍLNNM™KLL‹LŒLÍÍÍŒÍLBŒLÌNËŒLLÍËM‹ŒMÌLÌŽMLŒLÍÍÍMŒLBŒLÌKNŒÍÎÌMNKÌ‹ŒNŽMŽLÌNLKLŒLÍÍÌÍL‚ŒLÌ‹MÎKŽMŒŒLML‹ËŽLÌŒŽMÍKLŒLÍÍŽNM‚ŒLÌËMÌËŽLÎŽŒËŒLÍÌÍLŒ‹LŒLÍÍLMMBŒLÍMKÎMLŒÌËÍËÍÍNÍLËLŒLÍÍNMMLÂŒLÍKMM‹ŒÌLLŒÍËLKŒNMLŒLÍÍLÌLLŒÂŒLÍ‹MKŒÌŒÍÍÎLÌŒŒLŒËLŒLÍÍŒMNBŒLÍËLÌ‹ŽLÌMÍŒMLËLM‹LÎLMKLŒLÍÌÎNLBŒLÎLNKŒŒLŒKLËLÎŽKLŒLÍÌÌNNNŒLÎKLÎN‹LÍËŒNÍŒ‹LŒLÍÌLNŒMŒŒLŒLËMKLLÍLMËLŒLÍÌNLLÂŒMKÌKŽMŽMÌÎÍMËML‹ÌMÌÍKLŒLÍÌLÍMBŒM‹MMÌÌÍMMMËŽÍLÌËLŒLÍÌLÎŒMËÍ‹ÍŒÌÎ‹MŒKŽŒLŒŒMKLŒLÍÌMÍŒÍŒMNŽLML‹MŒNMÌMÍÍ‹LŒLÍÌÍÍNM‚ŒMKLËÌÎÎNNLÌÙKLL‹MŽNLMÌŒKLŒLÍÌÌBŒM‹LNŽLMLËMŒNMÌMÍÍ‹LŒLÍÌÍÍNM‚ŒMËLÍ‹ÍŒÌÎ‹MŒKŽŒLŒŒMKLŒLÍÌMÍŒÍŒMMMMÌÌÍMMMËŽÍLÌËLŒLÍÌLÎŒMKMÌKŽMŽMÌÎÍMËML‹ÌMÌÍKLŒLÍÌLÍMBŒMLNŒŒLŒLËMKLLÍLMËLŒLÍÌNLLÂŒMLKLLÎN‹LÍËŒNÍŒ‹LŒLÍÌLNŒML‹LLNKŒŒLŒKLËLÎŽKLŒLÍÌÌNNNŒMLËLLÌ‹ŽLÌMÍŒMLËLM‹LÎLMKLŒLÍÌÎNLBŒMMLMKŒÌŒÍÍÎLÌŒŒLŒËLŒLÍÍŒMNBŒMMKLMM‹ŒÌLLŒÍËLKŒNMLŒLÍÍLÌLLŒÂŒMM‹LMKÎMLŒÌËÍËÍÍNÍLËLŒLÍÍNMMLÂŒMMËLMÌËŽLÎŽŒËŒLÍÌÍLŒ‹LŒLÍÍLMMBŒMNLMÎKŽMŒŒLML‹ËŽLÌŒŽMÍKLŒLÍÍŽNM‚ŒMNKLNŒÍÎÌMNKÌ‹ŒNŽMŽLÌNLKLŒLÍÍÌÍL‚ŒMŒLNËŒLLÍËM‹ŒMÌLÌŽMLŒLÍÍÍMŒLBŒMŒKLNËŽNLNMMMKLËÍLNMÎLNŽKLL‹LŒLÍÍÍŒÍLBŒMŒ‹LNËŒLLÍËLM‹ŒMÌLÌŽMLŒLÍÍÍMŒLBŒMŒËLNŒÍÎÌMNKLÌ‹ŒNŽMŽLÌNLKLŒLÍÍÌÍL‚ŒMLMÎKŽMŒŒLML‹MËŽLÌŒŽMÍKLŒLÍÍŽNM‚ŒMKLMÌËŽLÎŽMŒËŒLÍÌÍLŒ‹LŒLÍÍLMMBŒM‹LMKÎMLŒÌËMÍËÍÍNÍLËLŒLÍÍNMMLÂŒMËLMM‹ŒÌLLŒÍËNLKŒNMLŒLÍÍLÌLLŒÂŒMŽLMKŒÌŒÍÍÎLLÌŒŒLŒËLŒLÍÍŒMNBŒMŽKLLÌ‹ŽLÌMÍŒMLËLLM‹LÎLMKLŒLÍÌÎNLBŒMÌLLNKŒŒLŒKLLËLÎŽKLŒLÍÌÌNNNŒMÌKLLÎN‹LLÍËŒNÍŒ‹LŒLÍÌLNŒMÌ‹NŒŒLŒLËLMKLLÍLMËLŒLÍÌNLLÂŒMÌËMÌKŽMŽMÌÎÍMËLML‹ÌMÌÍKLŒLÍÌLÍMBŒMÍMMMÌÌÍMLMMËŽÍLÌËLŒLÍÌLÎŒMÍKLÍ‹ÍŒÌÎ‹LMŒKŽŒLŒŒMKLŒLÍÌMÍŒÍŒMÍ‹LNŽLML‹LMŒNMÌMÍÍ‹LŒLÍÌÍÍNM‚ŒMÍËËŒÍLŽLNL™KLL‹LMŽNLMÌŒKLŒLÍÌÌBŒMÎNŽLMLËLMŒNMÌMÍÍ‹LŒLÍÌÍÍNM‚ŒMÎKÍ‹ÍŒÌÎ‹LMŒKŽŒLŒŒMKLŒLÍÌMÍŒÍŒNMMÌÌÍMLMMËŽÍLÌËLŒLÍÌLÎŒNKÌKŽMŽMÌÎÍMËLML‹ÌMÌÍKLŒLÍÌLÍMBŒN‹ŒŒLŒLËLMKLLÍLMËLŒLÍÌNLLÂŒNËLÎN‹LLÍËŒNÍŒ‹LŒLÍÌLNŒNLNKŒŒLŒKLLËLÎŽKLŒLÍÌÌNNNŒNKLÌ‹ŽLÌMÍŒMLËLLM‹LÎLMKLŒLÍÌÎNLBŒN‹MKŒÌŒÍÍÎLLÌŒŒLŒËLŒLÍÍŒMNBŒNËMM‹ŒÌLLŒÍËNLKŒNMLŒLÍÍLÌLLŒÂŒNMKÎMLŒÌËMÍËÍÍNÍLËLŒLÍÍNMMLÂŒNKMÌËŽLÎŽMŒËŒLÍÌÍLŒ‹LŒLÍÍLMMBŒNLMÎKŽMŒŒLML‹MËŽLÌŒŽMÍKLŒLÍÍŽNM‚ŒNLKNŒÍÎÌMNKLÌ‹ŒNŽMŽLÌNLKLŒLÍÍÌÍL‚ŒNL‹NËŒLLÍËLM‹ŒMÌLÌŽMLŒLÍÍÍMŒLBŒNLËNËŽNLNLÍLÎKËŽMMŒÍMÎLYKLL‹ÍKŒNMÂŒNMNËŒLLÌ‹M‹ŒMÌLÌŽNMŽËÍKŒNMLÂŒNMKNŒÍÎÌÍŒKÌ‹ŒNŽMÌL‹ÍKŒNŒŒÌÍ‚ŒNM‹MÎKŽMŒNMÍKËŽLÌŒËÍKŒNNLÍÎLBŒNMËMÌËŽLÎŽÍËŒËŒLÍÌÍÌMLÎKÍKŒNMMM‚ŒNNMKÎMNNMKÍËÍÍLNÍËÍKŒNLÌÌ‚ŒNNKMM‹ŒÌLLŒL‹LKŒNMÍLÌËÍKŒNLÌM‚ŒŒMKŒÌŒÍM‹LÌŒÍËÍKŒNÎMŽLÂŒŒKLÌ‹ŽLÌMÍNLËLM‹ML‹ÍKŒNÌÌÌNÂŒŒ‹LNKŒŒŒNŒKLËLÎÌMÍKŒNÌŒMMÂŒŒËLLLÍËŒNLL‹ÍKŒNŒLÍMŽBŒŒŒŒLMÌLËMKLLÍÍŽKÍKŒNMNMÍ‚ŒŒKÌKŽMŽMÌLÍŒMKML‹ÌMÌÍMKÍKŒNLLLÂŒŒ‹MMÌÌMM‹MMËŽÍLÍLKÍKŒNÌÎLBŒŒËÍ‹ÍŒÌLÍŽMŒKŽŒLŒŒMŒ‹ÍKŒNLNŒŒNŽLŒÍKMŒNMÌMÍÍËÍKŒNÍŒÍŒŒKLËÌMŒNLLKLL‹MŽNLMÌŒŒÌ‹ÍKŒNŒMŽÂŒŒLLNŽLŒÍKMŒNMÌMÍÍËÍKŒNÍŒÍŒŒLKLÍ‹ÍŒÌLÍŽMŒKŽŒLŒŒMŒ‹ÍKŒNLNŒŒL‹MMMÌÌMM‹MMËŽÍLÍLKÍKŒNÌÎLBŒŒLËMÌKŽMŽMÌLÍŒMKML‹ÌMÌÍMKÍKŒNLLLÂŒŒMNŒŒLMÌLËMKLLÍÍŽKÍKŒNMNMÍ‚ŒŒMKLLLLÍËŒNLL‹ÍKŒNŒLÍMŽBŒŒM‹LLNKŒŒŒNŒ‹LËLÎÌMÍKŒNÌŒMMÂŒŒMËLLÌ‹ŽLÌMÍNLËLM‹ML‹ÍKŒNÌÌÌNÂŒŒNLMKŒÌŒÍM‹LÌŒÍËÍKŒNÎMŽLÂŒŒNKLMM‹ŒÌLLŒL‹LKŒNMÍLÌËÍKŒNLÌM‚ŒŒŒLMKÎMNNMKÍËÍÍLNÍËÍKŒNLÌÌ‚ŒŒŒKLMÌËŽLÎŽÍËŒËŒLÍÌÍÌMLÎKÍKŒNMMM‚ŒŒŒ‹LMÎKŽMŒNMÍKËŽLÌŒËÍKŒNNLÍÎLBŒŒŒËLNŒÍÎÌÍŒKÌ‹ŒNŽMÌL‹ÍKŒNŒŒÌÍ‚ŒŒLNËŒLLÌ‹M‹ŒMÌLÌŽNMŽËÍKŒNMLÂŒŒKLNËŽNLNLÍLÎKLËÌÌÍNŽMŒÍKLL‹ÍKŒNMÂŒŒ‹LNËŒLLÌ‹LM‹ŒMÌLÌŽNMŽËÍKŒNMLÂŒŒËLNŒÍÎÌÍŒKLÌ‹ŒNŽMÌL‹ÍKŒNŒŒÌÍ‚ŒŒŽLMÎKŽMŒNMÍKMËŽLÌŒËÍKŒNNLÍÎLBŒŒŽKLMÌËŽLÎŽÍËMŒËŒLÍÌÍÌMLÎKÍKŒNMMM‚ŒŒÌLMKÎMNNMKMÍËÍÍLNÍËÍKŒNLÌÌ‚ŒŒÌKLMM‹ŒÌLLŒL‹NLKŒNMÍLÌËÍKŒNLÌM‚ŒŒÌ‹LMKŒÌŒÍM‹LLÌŒÍËÍKŒNÎMŽLÂŒŒÌËLLÌ‹ŽLÌMÍNLËLLM‹ML‹ÍKŒNÌÌÌNÂŒŒÍLLNKŒŒŒNŒKLLËLÎÌMÍKŒNÌŒMMÂŒŒÍKLLLLLÍËŒNLL‹ÍKŒNŒLÍMŽBŒŒÍ‹NŒŒLMÌLËLMKLLÍÍŽKÍKŒNMNMÍ‚ŒŒÍËMÌKŽMŽMÌLÍŒMKLML‹ÌMÌÍMKÍKŒNLLLÂŒŒÎMMMÌÌMM‹LMMËŽÍLÍLKÍKŒNÌÎLBŒŒÎKLÍ‹ÍŒÌLÍŽLMŒKŽŒLŒŒMŒ‹ÍKŒNLNŒLNŽLŒÍKLMŒNMÌMÍÍËÍKŒNÍŒÍŒKËŒŽÎNÙKLL‹LMŽNLMÌŒŒÌ‹ÍKŒNŒMŽÂŒ‹NŽLŒÍKLMŒNMÌMÍÍËÍKŒNÍŒÍŒËÍ‹ÍŒÌLÍŽLMŒKŽŒLŒŒMŒ‹ÍKŒNLNŒMMÌÌMM‹LMMËŽÍLÍLKÍKŒNÌÎLBŒKÌKŽMŽMÌLÍŒMKLML‹ÌMÌÍMKÍKŒNLLLÂŒ‹ŒŒLMÌLËLMKLLÍÍŽKÍKŒNMNMÍ‚ŒËLLLLÍËŒNLL‹ÍKŒNŒLÍMŽBŒLNKŒŒŒNŒ‹LLËLÎÌMÍKŒNÌŒMMÂŒKLÌ‹ŽLÌMÍNLËLLM‹ML‹ÍKŒNÌÌÌNÂŒLMKŒÌŒÍM‹LLÌŒÍËÍKŒNÎMŽLÂŒLKMM‹ŒÌLLŒL‹NLKŒNMÍLÌËÍKŒNLÌM‚ŒL‹MKÎMNNMKMÍËÍÍLNÍËÍKŒNLÌÌ‚ŒLËMÌËŽLÎŽÍËMŒËŒLÍÌÍÌMLÎKÍKŒNMMM‚ŒMMÎKŽMŒNMÍKMËŽLÌŒËÍKŒNNLÍÎLBŒMKNŒÍÎÌÍŒKLÌ‹ŒNŽMÌL‹ÍKŒNŒŒÌÍ‚ŒM‹NËŒLLÌ‹LM‹ŒMÌLÌŽNMŽËÍKŒNMLÂŒMËNËŽNLNLÍLËËŽLMÌNKLL‹LŒNMLÍMÂŒNNËŒLLLMËM‹ŒMÌLÌÌŒ‹LŒNMLÌÎBŒNKNŒÍÎÌLNÌ‹ŒNŽMÌMÍKLŒNMLMŒŒÂŒŒMÎKŽMŒNLŽLËËŽLÌLNLŒNMLLBŒŒKMÌËŽLÎŒÌMKŒËŒLÍÌÍŽMÍLËLŒNMŒ‚ŒŒ‹MKÎMNLLŽKÍËÍÍLŒMNMËLŒNMŒLŒ‚ŒŒËMM‹ŒÌLLNNMKLKŒNMŽLÍLŒNLÍÍŒŒ‚ŒMKŒÌŒÌÎMÌ‹LÌŒMKLŒNLÌÌMŒKLÌ‹ŽLÌMÍMÌ‹LM‹MLŒNLÍNBŒ‹LNKŒŒŒÎMLËLÎMKLŒNLŒÌ‚ŒËLÎMËLÍËŒNLLKLŒNLMÍNBŒŽŒŒLMNNKMKLLÎËLŒNLLŽŒBŒŽKÌKŽMŽMÌLLNML‹ÌMÍN‹LŒNLŒ‚ŒÌMMÌÌÍKMMËŽÍLÎMLŒNLMBŒÌKÍ‹ÍŒÌL‹MŒKŽŒLŒŒNLŽLŒNLÌŽBŒÌ‹NŽLÎNLKMŒNMÌMŽKLŒNLML‚ŒÌËLËŽLÌLMYKLL‹MŽNLMÌÎKLŒNLNLBŒÍLNŽLÎNLKMŒNMÌMŽKLŒNLML‚ŒÍKLÍ‹ÍŒÌL‹MŒKŽŒLŒŒNLŽLŒNLÌŽBŒÍ‹MMMÌÌÍKMMËŽÍLÎMLŒNLMBŒÍËMÌKŽMŽMÌLLNML‹ÌMÍN‹LŒNLŒ‚ŒÎNŒŒLMNNKMKLLÎËLŒNLLŽŒBŒÎKLLÎMËLÍËŒNLLKLŒNLMÍNBŒŽLLNKŒŒŒÎMLËLÎMKLŒNLŒÌ‚ŒŽKLLÌ‹ŽLÌMÍMÌ‹LM‹MLŒNLÍNBŒŽ‹LMKŒÌŒÌÎMÌ‹LÌŒMKLŒNLÌÌMŒŽËLMM‹ŒÌLLNNMKLKŒNMŽLÍLŒNLÍÍŒŒ‚ŒŽLMKÎMNLLŽKÍËÍÍLŒMNMËLŒNMŒLŒ‚ŒŽKLMÌËŽLÎŒÌMKŒËŒLÍÌÍŽMÍLËLŒNMŒ‚ŒŽ‹LMÎKŽMŒNLŽLËËŽLÌLNLŒNMLLBŒŽËLNŒÍÎÌLNÌ‹ŒNŽMÌMÍKLŒNMLMŒŒÂŒŽLNËŒLLLMËM‹ŒMÌLÌÌŒ‹LŒNMLÌÎBŒŽKLNËŽNLNLÍLËLËÌLÎLŒKLL‹LŒNMLÍMÂŒŽLLNËŒLLLMËLM‹ŒMÌLÌÌŒ‹LŒNMLÌÎBŒŽLKLNŒÍÎÌLNLÌ‹ŒNŽMÌMÍKLŒNMLMŒŒÂŒŽL‹LMÎKŽMŒNLŽLËMËŽLÌLNLŒNMLLBŒŽLËLMÌËŽLÎŒÌMKMŒËŒLÍÌÍŽMÍLËLŒNMŒ‚ŒŽMLMKÎMNLLŽKMÍËÍÍLŒMNMËLŒNMŒLŒ‚ŒŽMKLMM‹ŒÌLLNNMKNLKŒNMŽLÍLŒNLÍÍŒŒ‚ŒŽM‹LMKŒÌŒÌÎMÌ‹LLÌŒMKLŒNLÌÌMŒŽMËLLÌ‹ŽLÌMÍMÌ‹LLM‹MLŒNLÍNBŒŽNLLNKŒŒŒÎMLLËLÎMKLŒNLŒÌ‚ŒŽNKLLÎMËLLÍËŒNLLKLŒNLMÍNBŒÌNŒŒLMNNKLMKLLÎËLŒNLLŽŒBŒÌKMÌKŽMŽMÌLLNLML‹ÌMÍN‹LŒNLŒ‚ŒÌ‹MMMÌÌÍKLMMËŽÍLÎMLŒNLMBŒÌËLÍ‹ÍŒÌL‹LMŒKŽŒLŒŒNLŽLŒNLÌŽBŒÌLNŽLÎNLKLMŒNMÌMŽKLŒNLML‚ŒÌKËŒŒÍYKLL‹LMŽNLMÌÎKLŒNLNLBŒÌ‹NŽLÎNLKLMŒNMÌMŽKLŒNLML‚ŒÌËÍ‹ÍŒÌL‹LMŒKŽŒLŒŒNLŽLŒNLÌŽBŒÌMMÌÌÍKLMMËŽÍLÎMLŒNLMBŒÌKÌKŽMŽMÌLLNLML‹ÌMÍN‹LŒNLŒ‚ŒÌLŒŒLMNNKLMKLLÎËLŒNLLŽŒBŒÌLKLÎMËLLÍËŒNLLKLŒNLMÍNBŒÌL‹LNKŒŒŒÎMLLËLÎMKLŒNLŒÌ‚ŒÌLËLÌ‹ŽLÌMÍMÌ‹LLM‹MLŒNLÍNBŒÌMMKŒÌŒÌÎMÌ‹LLÌŒMKLŒNLÌÌMŒÌMKMM‹ŒÌLLNNMKNLKŒNMŽLÍLŒNLÍÍŒŒ‚ŒÌM‹MKÎMNLLŽKMÍËÍÍLŒMNMËLŒNMŒLŒ‚ŒÌMËMÌËŽLÎŒÌMKMŒËŒLÍÌÍŽMÍLËLŒNMŒ‚ŒÌNMÎKŽMŒNLŽLËMËŽLÌLNLŒNMLLBŒÌNKNŒÍÎÌLNLÌ‹ŒNŽMÌMÍKLŒNMLMŒŒÂŒÌŒNËŒLLLMËLM‹ŒMÌLÌÌŒ‹LŒNMLÌÎBŒÌŒKNËŽNLNLÌÍM‹ËŒÍMŒLYKLL‹LKŒŒÌLÎŒÌŒ‹NËŒLLLKM‹ŒMÌLÌÌÍKLKŒŒÌÎBŒÌŒËNŒÍÎÌËÌ‹ŒNŽMÌLMLËLKŒŒMMM‚ŒÌMÎKŽMŒNLMŒKËŽLÌLÌMËLKŒŒÎMŒBŒÌKMÌËŽLÎŒLŽŒËŒLÍÌÍŽMMLKŒŒÍÌBŒÌ‹MKÎMNÌËÍËÍÍLMKLKŒŒÌÍÎMŒÌËMM‹ŒÌLLNMŒLËLKŒNMŽÍ‹LKŒŒÌMŒÌŽMKŒÌŒÌÎLÌM‹LÌŒŒLËLKŒŒŒÎBŒÌŽKLÌ‹ŽLÌMÍMŒËLM‹MŽMËLKŒŒŒMÎ‚ŒÌÌLNKŒŒNNŒËLËLÎNMKLKŒŒMÍ‚ŒÌÌKLÎLMLÍËŒNLLMKLKŒŒLÌÌ‚ŒÌÌ‹ŒŒLMLÌŒKMKLLÎÌËLKŒŒML‚ŒÌÌËÌKŽMŽMŽMŒLKML‹ÌMÍŽKLKŒŒŒŒÌÍMMÌÌNËMMËŽÍMNKLKŒŒÌŒ‚ŒÌÍKÍ‹ÍŒÌÍMŒKŽŒLŒŒŒKLKŒŒLLÂŒÌÍ‹NŽLÍÌËMŒNMÌMŽM‹LKŒNNNNÌBŒÌÍËLËNLÎNMLÙKLL‹MŽNLMÌMLKŒNNNLÎLÂŒÌÎLNŽLÍÌËMŒNMÌMŽM‹LKŒNNNNÌBŒÌÎKLÍ‹ÍŒÌÍMŒKŽŒLŒŒŒKLKŒŒLLÂŒÍMMMÌÌNËMMËŽÍMNKLKŒŒÌŒ‚ŒÍKMÌKŽMŽMŽMŒLKML‹ÌMÍŽKLKŒŒŒŒÍ‹NŒŒLMLÌŒKMKLLÎÌËLKŒŒML‚ŒÍËLLÎLMLÍËŒNLLMKLKŒŒLÌÌ‚ŒÍLLNKŒŒNNŒËLËLÎNMKLKŒŒMÍ‚ŒÍKLLÌ‹ŽLÌMÍMŒËLM‹MŽMËLKŒŒŒMÎ‚ŒÍ‹LMKŒÌŒÌÎLÌM‹LÌŒŒLËLKŒŒŒÎBŒÍËLMM‹ŒÌLLNMŒLËLKŒNMŽÍ‹LKŒŒÌMŒÍLMKÎMNÌËÍËÍÍLMKLKŒŒÌÍÎMŒÍKLMÌËŽLÎŒLŽŒËŒLÍÌÍŽMMLKŒŒÍÌBŒÍLLMÎKŽMŒNLMŒKËŽLÌLÌM‹LKŒŒÎMŒBŒÍLKLNŒÍÎÌËÌ‹ŒNŽMÌLMLËLKŒŒMMM‚ŒÍL‹LNËŒLLLKM‹ŒMÌLÌÌÍLKŒŒÌÎBŒÍLËLNËŽNLNLÌÍM‹LËŽÎLŒŽM™KLL‹LKŒŒÌLÎŒÍMLNËŒLLLKLM‹ŒMÌLÌÌÍKLKŒŒÌÎBŒÍMKLNŒÍÎÌËLÌ‹ŒNŽMÌLMLËLKŒŒMMM‚ŒÍM‹LMÎKŽMŒNLMŒKMËŽLÌLÌMËLKŒŒÎMŒBŒÍMËLMÌËŽLÎŒLŽMŒËŒLÍÌÍŽMMLKŒŒÍÌBŒÍNLMKÎMNÌËMÍËÍÍLMKLKŒŒÌÍÎMŒÍNKLMM‹ŒÌLLNMŒLËNLKŒNMŽÍ‹LKŒŒÌMŒÍŒLMKŒÌŒÌÎLÌM‹LLÌŒŒLËLKŒŒŒÎBŒÍŒKLLÌ‹ŽLÌMÍMŒËLLM‹MŽMËLKŒŒŒMÎ‚ŒÍŒ‹LLNKŒŒNNŒËLLËLÎNMKLKŒŒMÍ‚ŒÍŒËLLÎLMLLÍËŒNLLMKLKŒŒLÌÌ‚ŒÍNŒŒLMLÌŒKLMKLLÎÌËLKŒŒML‚ŒÍKMÌKŽMŽMŽMŒLKLML‹ÌMÍŽKLKŒŒŒŒÍ‹MMMÌÌNËLMMËŽÍMNKLKŒŒÌŒ‚ŒÍËLÍ‹ÍŒÌÍLMŒKŽŒLŒŒŒKLKŒŒLLÂŒÍŽLNŽLÍÌËLMŒNMÌMŽM‹LKŒNNNNÌBŒÍŽKËNMLMNNLÙKLL‹LMŽNLMÌMLKŒNNNLÎLÂŒÍÌNŽLÍÌËLMŒNMÌMŽM‹LKŒNNNNÌBŒÍÌKÍ‹ÍŒÌÍLMŒKŽŒLŒŒŒKLKŒŒLLÂŒÍÌ‹MMÌÌNËLMMËŽÍMNKLKŒŒÌŒ‚ŒÍÌËÌKŽMŽMŽMŒLKLML‹ÌMÍŽKLKŒŒŒŒÍÍŒŒLMLÌŒKLMKLLÎÌËLKŒŒML‚ŒÍÍKLÎLMLLÍËŒNLLMKLKŒŒLÌÌ‚ŒÍÍ‹LNKŒŒNNŒËLLËLÎNMKLKŒŒMÍ‚ŒÍÍËLÌ‹ŽLÌMÍMŒËLLM‹MŽMËLKŒŒŒMÎ‚ŒÍÎMKŒÌŒÌÎLÌM‹LLÌŒŒLËLKŒŒŒÎBŒÍÎKMM‹ŒÌLLNMŒLËNLKŒNMŽÍ‹LKŒŒÌMŒÎMKÎMNÌËMÍËÍÍLMKLKŒŒÌÍÎMŒÎKMÌËŽLÎŒLŽMŒËŒLÍÌÍŽMMLKŒŒÍÌBŒÎ‹MÎKŽMŒNLMŒKMËŽLÌLÌMËLKŒŒÎMŒBŒÎËNŒÍÎÌËLÌ‹ŒNŽMÌLMLËLKŒŒMMM‚ŒÎNËŒLLLKLM‹ŒMÌLÌÌÍLKŒŒÌÎBŒÎKNËŽNLNLÌŽMËNMMLŽÍ™KLL‹MLŒÎLÌÌÍNŒÎ‹NËŒLNMM‹ŒMÌLÌÌÌŽMLŒÎLÌÌÍ‚ŒÎËNŒÍÎÌŒÎNËÌ‹ŒNŽMÌLÌKMLŒÎLÌŒÎBŒÎMÎKŽMŒNLLÍKËŽLÌLŒLÍKMLŒÎLÌLMBŒÎKMÌËŽLÎŒL‹ŒËŒLÍÌÍŽÎMKMLŒÎLŽÎL‚ŒÎLMKÎMNKÍËÍÍLMLŒÎLMÍÍ‚ŒÎLKMM‹ŒÌLLNMŒËLKŒNMŽÍŒÍËMLŒÎLŒÍMBŒÎL‹MKŒÌŒÌÎLÌÍLÌŒŒLKMLŒÎLNMÌÂŒÎLËLÌ‹ŽLÌMÍMŒMËLM‹MŽLMKMLŒÎLMNLÌ‚ŒÎMLNKŒŒNN‹LËLÎNL‹MLŒÎLLŒÎBŒÎMKLÎMKLÍËŒNLLÍMLŒÎLLÌÂŒÎM‹ŒŒLMLŽMMKLLÎËMLŒÎLMÌMÂŒÎMËÌKŽMŽMŽMMŽMKML‹ÌMÍLLKMLŒÎLŽÌ‚ŒÎNMMÌŽNMÍŽMMËŽÍMŒÍMLŒÎLLNŒÎNKÍ‹ÍŒÌÌLŽMŒKŽŒLŒŒŒMKMLŒÎNÍNBNŽLÍŽËMŒNMÌMŽN‹MLŒÎMÍÌ‚KLËŒŒLÍLŒM™KLL‹MŽNLMÌŒËMLŒÎMÌÌ‹LNŽLÍŽËMŒNMÌMŽN‹MLŒÎMÍÌ‚ËLÍ‹ÍŒÌÌLŽMŒKŽŒLŒŒŒMKMLŒÎNÍNBMMMÌŽNMÍŽMMËŽÍMŒÍMLŒÎLLNKMÌKŽMŽMŽMMŽMKML‹ÌMÍLLKMLŒÎLŽÌ‚‹NŒŒLMLŽMMKLLÎËMLŒÎLMÌMÂËLLÎMKLÍËŒNLLÍMLŒÎLLÌÂLLNKŒŒNN‹LËLÎNL‹MLŒÎLLŒÎBKLLÌ‹ŽLÌMÍMŒMËLM‹MŽLMKMLŒÎLMNLÌ‚LLMKŒÌŒÌÎLÌÍLÌŒŒLKMLŒÎLNMÌÂLKLMM‹ŒÌLLNMŒËLKŒNMŽÍŒÍËMLŒÎLŒÍMBL‹LMKÎMNKÍËÍÍLMLŒÎLMÍÍ‚LËLMÌËŽLÎŒL‹ŒËŒLÍÌÍŽÎMKMLŒÎLŽÎL‚MLMÎKŽMŒNLLÍKËŽLÌLŒLÍKMLŒÎLÌLMBMKLNŒÍÎÌŒÎNËÌ‹ŒNŽMÌLÌKMLŒÎLÌŒÎBM‹LNËŒLNMM‹ŒMÌLÌÌÌŽMLŒÎLÌÌÍ‚MËLNËŽNLNLÌŽMLËŒLŽMÍMÙKLL‹MLŒÎLÌÌÍNNLNËŒLNMLM‹ŒMÌLÌÌÌŽMLŒÎLÌÌÍ‚NKLNŒÍÎÌŒÎNËLÌ‹ŒNŽMÌLÌKMLŒÎLÌŒÎBŒLMÎKŽMŒNLLÍKMËŽLÌLŒLÍKMLŒÎLÌLMBŒKLMÌËŽLÎŒL‹MŒËŒLÍÌÍŽÎMKMLŒÎLŽÎL‚Œ‹LMKÎMNKMÍËÍÍLMLŒÎLMÍÍ‚ŒËLMM‹ŒÌLLNMŒËNLKŒNMŽÍŒÍËMLŒÎLŒÍMBLMKŒÌŒÌÎLÌÍLLÌŒŒLKMLŒÎLNMÌÂKLLÌ‹ŽLÌMÍMŒMËLLM‹MŽLMKMLŒÎLMNLÌ‚‹LLNKŒŒNN‹LLËLÎNL‹MLŒÎLLŒÎBËLLÎMKLLÍËŒNLLÍMLŒÎLLÌÂŽNŒŒLMLŽMLMKLLÎËMLŒÎLMÌMÂŽKMÌKŽMŽMŽMMŽMKLML‹ÌMÍLLKMLŒÎLŽÌ‚ÌMMMÌŽNMÍŽLMMËŽÍMŒÍMLŒÎLLNÌKLÍ‹ÍŒÌÌLŽLMŒKŽŒLŒŒŒMKMLŒÎNÍNBÌ‹LNŽLÍŽËLMŒNMÌMŽN‹MLŒÎMÍÌ‚ÌËËMLLÍÎLÎMKLL‹LMŽNLMÌŒËMLŒÎMÌÌÍNŽLÍŽËLMŒNMÌMŽN‹MLŒÎMÍÌ‚ÍKÍ‹ÍŒÌÌLŽLMŒKŽŒLŒŒŒMKMLŒÎNÍNBÍ‹MMÌŽNMÍŽLMMËŽÍMŒÍMLŒÎLLNÍËÌKŽMŽMŽMMŽMKLML‹ÌMÍLLKMLŒÎLŽÌ‚ÎŒŒLMLŽMLMKLLÎËMLŒÎLMÌMÂÎKLÎMKLLÍËŒNLLÍMLŒÎLLÌÂLNKŒŒNN‹LLËLÎNL‹MLŒÎLLŒÎBKLÌ‹ŽLÌMÍMŒMËLLM‹MŽLMKMLŒÎLMNLÌ‚‹MKŒÌŒÌÎLÌÍLLÌŒŒLKMLŒÎLNMÌÂËMM‹ŒÌLLNMŒËNLKŒNMŽÍŒÍËMLŒÎLŒÍMBMKÎMNKMÍËÍÍLMLŒÎLMÍÍ‚KMÌËŽLÎŒL‹MŒËŒLÍÌÍŽÎMKMLŒÎLŽÎL‚‹MÎKŽMŒNLLÍKMËŽLÌLŒLÍKMLŒÎLÌLMBËNŒÍÎÌŒÎNËLÌ‹ŒNŽMÌLÌKMLŒÎLÌŒÎBNËŒLNMLM‹ŒMÌLÌÌÌŽMLŒÎLÌÌÍ‚KNËŽNLNLÌÍ‹ËMLÍÍÎMŒŽKLL‹MÍKŒÍŒNM‚LNËŒLNËM‹ŒMÌLÌÌŒËMÍKŒÍŒŒÎLÍ‚LKNŒÍÎÌ‹Ì‹ŒNŽMÌÍ‹MÍKŒÍŒŒÌMBL‹MÎKŽMŒNLŒKËŽLÌMLÌKMÍKŒÍŒŒNLLËMÌËŽLÎŒËŒËŒLÍÌÍŽËMÍKŒÍŒŒNBMMKÎMNLËÍËÍÍLŒLËMÍKŒÍŒNÌ‚MKMM‹ŒÌLLNNŽKLKŒNMŽŒÍ‹MÍKŒÍŒMMŒ‚M‹MKŒÌŒÌÎMŒMKLÌŒMÌËMÍKŒÍŒLŽLMÂMËLÌ‹ŽLÌMÍMŽLLM‹MŒÌKMÍKŒÍŒL‚NLNKŒŒŒMÍKLËLÎMMËMÍKŒÍŒÌMMÂNKLÎLNNKLÍËŒNLÍLKMÍKŒÍŒÌŒ‚ŒŒŒLMMMÌËMKLLÎÌÎMÍKŒÍŒMÍŒKÌKŽMŽMŽNŽKML‹ÌMÍËMÍKŒÍNNLÌBŒ‹MMÌÌMŒÌKMMËŽÍMNLËMÍKŒÍNMÌÍÎBŒËÍ‹ÍŒÌMŒKŽŒLŒŒŒLÍMÍKŒÍNMNLŒBNŽLÍÍLËMŒNMÌMŽNL‹MÍKŒÍNMLNBKLËMÍŽŒMÌÙKLL‹MŽNLMÌŒ‹MÍKŒÍNMÌLÂ‹LNŽLÍÍLËMŒNMÌMŽNL‹MÍKŒÍNMLNBËLÍ‹ÍŒÌMŒKŽŒLŒŒŒLÍMÍKŒÍNMNLŒBŽMMMÌÌMŒÌKMMËŽÍMNL‹MÍKŒÍNMÌÍÎBŽKMÌKŽMŽMŽNŽKML‹ÌMÍËMÍKŒÍNNLÌBÌNŒŒLMMMÌËMKLLÎÌÎMÍKŒÍŒMÍÌKLLÎLNNKLÍËŒNLÍLKMÍKŒÍŒÌŒ‚Ì‹LLNKŒŒŒMÍKLËLÎMMËMÍKŒÍŒÌMMÂÌËLLÌ‹ŽLÌMÍMŽLLM‹MŒÌKMÍKŒÍŒL‚ÍLMKŒÌŒÌÎMŒMKLÌŒMÌËMÍKŒÍŒLŽLMÂÍKLMM‹ŒÌLLNNŽKLKŒNMŽŒÍ‹MÍKŒÍŒMMŒ‚Í‹LMKÎMNLËÍËÍÍLŒLËMÍKŒÍŒNÌ‚ÍËLMÌËŽLÎŒËŒËŒLÍÌÍŽËMÍKŒÍŒŒNBÎLMÎKŽMŒNLŒKËŽLÌMLÌKMÍKŒÍŒŒNLÎKLNŒÍÎÌ‹Ì‹ŒNŽMÌÍ‹MÍKŒÍŒŒÌMBLNËŒLNËM‹ŒMÌLÌÌŒËMÍKŒÍŒŒÎLÍ‚KLNËŽNLNLÌÍ‹LËŒÌLLÍÎYKLL‹MÍKŒÍŒNM‚‹LNËŒLNËLM‹ŒMÌLÌÌŒËMÍKŒÍŒŒÎLÍ‚ËLNŒÍÎÌ‹LÌ‹ŒNŽMÌÍ‹MÍKŒÍŒŒÌMBLMÎKŽMŒNLŒKMËŽLÌMLÌKMÍKŒÍŒŒNLKLMÌËŽLÎŒËMŒËŒLÍÌÍŽËMÍKŒÍŒŒNB‹LMKÎMNLËMÍËÍÍLŒLËMÍKŒÍŒNÌ‚ËLMM‹ŒÌLLNNŽKNLKŒNMŽŒÍ‹MÍKŒÍŒMMŒ‚LMKŒÌŒÌÎMŒMKLLÌŒMÌËMÍKŒÍŒLŽLMÂKLLÌ‹ŽLÌMÍMŽLLLM‹MŒÌKMÍKŒÍŒL‚LLLNKŒŒŒMÍKLLËLÎMMËMÍKŒÍŒÌMMÂLKLLÎLNNKLLÍËŒNLÍLKMÍKŒÍŒÌŒ‚L‹NŒŒLMMMÌËLMKLLÎÌÎMÍKŒÍŒMÍLËMÌKŽMŽMŽNŽKLML‹ÌMÍËMÍKŒÍNNLÌBMMMMÌÌMŒÌKLMMËŽÍMNLËMÍKŒÍNMÌÍÎBMKLÍ‹ÍŒÌLMŒKŽŒLŒŒŒLÍMÍKŒÍNMNLŒBM‹LNŽLÍÍLËLMŒNMÌMŽNL‹MÍKŒÍNMLNBMËËLMÌŽÍLÌMŒ™KLL‹LMŽNLMÌŒ‹MÍKŒÍNMÌLÂNNŽLÍÍLËLMŒNMÌMŽNL‹MÍKŒÍNMLNBNKÍ‹ÍŒÌLMŒKŽŒLŒŒŒLÍMÍKŒÍNMNLŒBLMMÌÌMŒÌKLMMËŽÍMNL‹MÍKŒÍNMÌÍÎBLKÌKŽMŽMŽNŽKLML‹ÌMÍËMÍKŒÍNNLÌBL‹ŒŒLMMMÌËLMKLLÎÌÎMÍKŒÍŒMÍLËLÎLNNKLLÍËŒNLÍLKMÍKŒÍŒÌŒ‚LLNKŒŒŒMÍKLLËLÎMMËMÍKŒÍŒÌMMÂLKLÌ‹ŽLÌMÍMŽLLLM‹MŒÌKMÍKŒÍŒL‚L‹MKŒÌŒÌÎMŒMKLLÌŒMÌËMÍKŒÍŒLŽLMÂLËMM‹ŒÌLLNNŽKNLKŒNMŽŒÍ‹MÍKŒÍŒMMŒ‚LMKÎMNLËMÍËÍÍLŒLËMÍKŒÍŒNÌ‚LKMÌËŽLÎŒËMŒËŒLÍÌÍŽËMÍKŒÍŒŒNBLLMÎKŽMŒNLŒKMËŽLÌMLÌKMÍKŒÍŒŒNLLLKNŒÍÎÌ‹LÌ‹ŒNŽMÌÍ‹MÍKŒÍŒŒÌMBLL‹NËŒLNËLM‹ŒMÌLÌÌŒËMÍKŒÍŒŒÎLÍ‚LLËNËŽNLNLÌŽKËLŒNMMŒÙKLL‹ŒŒÌÌMMNLBLMNËŒLLMM‹ŒMÌLÌÌKŒŒÌÌMLÎÂLMKNŒÍÎÌÌËÌ‹ŒNŽMÌŒŒÌÌMÍLM‹MÎKŽMŒNLÌÌKËŽLÌŒMÌKŒŒÌÌLÍÍLBLMËMÌËŽLÎËŒËŒLÍÌÍÍÍMKŒŒÌÌLŒÍÌBLNMKÎMNLÍKÍËÍÍLMNËŒŒÌÌLBLNKMM‹ŒÌLLŒŒŒ‹LKŒNMÍMŒLKŒŒÌÌŽ‚LŒMKŒÌŒÍÌKLÌŒLŽŒŒÌÌNBLŒKLÌ‹ŽLÌMÍMÌÎLM‹MŒŒŒËŒŒÌÌN‚LŒ‹LNKŒŒŒMKLËLÎLÌ‹ŒŒÌÌNŒÂLŒËLÎMÌËLÍËŒNLŽŒŒÌŽNMLMLŒŒLMNNL‹MKLLÎL‹ŒŒÌŽMÌÍLBLKÌKŽMŽMÌNLML‹ÌMÍŽ‹ŒŒÌŽMMÂL‹MMÌÌÌMKMMËŽÍMLËŒŒÌŽLÎÍLËÍ‹ÍŒÌMMËMŒKŽŒLŒŒŒMŒŒÌŽLŒÎLŽNŽLÎNM‹MŒNMÌMŽNKŒŒÌŽLNM‚LŽKLËLÌNÍÌÍKLL‹MŽNLMÌŒNŒŒÌŽLMBLÌLNŽLÎNM‹MŒNMÌMŽNKŒŒÌŽLNM‚LÌKLÍ‹ÍŒÌMMËMŒKŽŒLŒŒŒMŒŒÌŽLŒÎLÌ‹MMMÌÌÌMKMMËŽÍMLËŒŒÌŽLÎÍLÌËMÌKŽMŽMÌNLML‹ÌMÍŽ‹ŒŒÌŽMMÂLÍNŒŒLMNNL‹MKLLÎL‹ŒŒÌŽMÌÍLBLÍKLLÎMÌËLÍËŒNLŽŒŒÌŽNMLMLÍ‹LLNKŒŒŒMKLËLÎLÌ‹ŒŒÌÌNŒÂLÍËLLÌ‹ŽLÌMÍMÌÎLM‹MŒŒŒËŒŒÌÌN‚LÎLMKŒÌŒÍÌKLÌŒLŽŒŒÌÌNBLÎKLMM‹ŒÌLLŒŒŒ‹LKŒNMÍMŒLKŒŒÌÌŽ‚MLMKÎMNLÍKÍËÍÍLMNËŒŒÌÌLBMKLMÌËŽLÎËŒËŒLÍÌÍÍÍMKŒŒÌÌLŒÍÌBM‹LMÎKŽMŒNLÌÌKËŽLÌŒMÌKŒŒÌÌLÍÍLBMËLNŒÍÎÌÌËÌ‹ŒNŽMÌŒŒÌÌMÍMLNËŒLLMM‹ŒMÌLÌÌKŒŒÌÌMLÎÂMKLNËŽNLNLÌŽKLËNLŒŒLYKLL‹ŒŒÌÌMMNLBM‹LNËŒLLMLM‹ŒMÌLÌÌKŒŒÌÌMLÎÂMËLNŒÍÎÌÌËLÌ‹ŒNŽMÌŒŒÌÌMÍMLMÎKŽMŒNLÌÌKMËŽLÌŒMÌKŒŒÌÌLÍÍLBMKLMÌËŽLÎËMŒËŒLÍÌÍÍÍMKŒŒÌÌLŒÍÌBMLLMKÎMNLÍKMÍËÍÍLMNËŒŒÌÌLBMLKLMM‹ŒÌLLŒŒŒ‹NLKŒNMÍMŒLKŒŒÌÌŽ‚ML‹LMKŒÌŒÍÌKLLÌŒLŽŒŒÌÌNBMLËLLÌ‹ŽLÌMÍMÌÎLLM‹MŒŒŒËŒŒÌÌN‚MMLLNKŒŒŒMKLLËLÎLÌ‹ŒŒÌÌNŒÂMMKLLÎMÌËLLÍËŒNLŽŒŒÌŽNMLMMM‹NŒŒLMNNL‹LMKLLÎL‹ŒŒÌŽMÌÍLBMMËMÌKŽMŽMÌNLLML‹ÌMÍŽ‹ŒŒÌŽMMÂMNMMMÌÌÌMKLMMËŽÍMLËŒŒÌŽLÎÍMNKLÍ‹ÍŒÌMMËLMŒKŽŒLŒŒŒMŒŒÌŽLŒÎMŒLNŽLÎNM‹LMŒNMÌMŽNKŒŒÌŽLNM‚MŒKËÌMÌMŒKLL‹LMŽNLMÌŒNŒŒÌŽLMBMŒ‹NŽLÎNM‹LMŒNMÌMŽNKŒŒÌŽLNM‚MŒËÍ‹ÍŒÌMMËLMŒKŽŒLŒŒŒMŒŒÌŽLŒÎMMMÌÌÌMKLMMËŽÍMLËŒŒÌŽLÎÍMKÌKŽMŽMÌNLLML‹ÌMÍŽ‹ŒŒÌŽMMÂM‹ŒŒLMNNL‹LMKLLÎL‹ŒŒÌŽMÌÍLBMËLÎMÌËLLÍËŒNLŽŒŒÌŽNMLMMŽLNKŒŒŒMKLLËLÎLÌ‹ŒŒÌÌNŒÂMŽKLÌ‹ŽLÌMÍMÌÎLLM‹MŒŒŒËŒŒÌÌN‚MÌMKŒÌŒÍÌKLLÌŒLŽŒŒÌÌNBMÌKMM‹ŒÌLLŒŒŒ‹NLKŒNMÍMŒLKŒŒÌÌŽ‚MÌ‹MKÎMNLÍKMÍËÍÍLMNËŒŒÌÌLBMÌËMÌËŽLÎËMŒËŒLÍÌÍÍÍMKŒŒÌÌLŒÍÌBMÍMÎKŽMŒNLÌÌKMËŽLÌŒMÌKŒŒÌÌLÍÍLBMÍKNŒÍÎÌÌËLÌ‹ŒNŽMÌŒŒÌÌMÍMÍ‹NËŒLLMLM‹ŒMÌLÌÌKŒŒÌÌMLÎÂMÍËNËŽNLNLÌÌMËËÌŽŽÍÍÍ™KLL‹ŒKŒÍÍ‚MÎNËŒLLMKM‹ŒMÌLÌŽNMLMËŒKŒÌÌBMÎKNŒÍÎÌMMKÌ‹ŒNŽMÌÎLKŒKŒŽMNMÎKŽMŒNMÍËËŽLÌNŒKŒŒÂNKMÌËŽLÎÌKŒËŒLÍÌÍÌŒÍÍ‹ŒKŒMÂN‹MKÎMNMMKÍËÍÍLLMÌLËŒKŒÍLŽNËMM‹ŒÌLLŒŒMKLKŒNMÌMŒKŒKŒNLÎNMKŒÌŒÍMKLÌŒÎKŒKŒMÎNKLÌ‹ŽLÌMÍMÎKLM‹MMÍŽŒKŒŒÎNÌBN‹LNKŒŒŒLNNLËLÎLKŒKŒŒÎMÂNËLŒMLÍËŒNMÍËŒKŒŒÎMLÍNŒŒLMMÍMKLLÎÎŒKŒŒÎLÎBNKÌKŽMŽMÌŒÎL‹ML‹ÌMÍLL‹ŒKŒŒÎLLŒŒBNLMMÌÌÌLKMMËŽÍMŒKŒŒÎNLŒÂNLKÍ‹ÍŒÌLÍKMŒKŽŒLŒŒŒÎŒKŒŒÎMBNL‹NŽLÎNL‹MŒNMÌMŽMNŒKŒŒÎÍ‚NLËLËÍNMŽMÍMÙKLL‹MŽNLMÌŒ‹ŒKŒŒÎMBNMLNŽLÎNL‹MŒNMÌMŽMNŒKŒŒÎÍ‚NMKLÍ‹ÍŒÌLÍKMŒKŽŒLŒŒŒÎŒKŒŒÎMBNM‹MMMÌÌÌLKMMËŽÍMŒKŒŒÎNLŒÂNMËMÌKŽMŽMÌŒÎL‹ML‹ÌMÍLL‹ŒKŒŒÎLLŒŒBNNNŒŒLMMÍMKLLÎÎŒKŒŒÎLÎBNNKLLŒMLÍËŒNMÍËŒKŒŒÎMLÍŒLLNKŒŒŒLNNLËLÎLKŒKŒŒÎMÂŒKLLÌ‹ŽLÌMÍMÎKLM‹MMÍŽŒKŒŒÎNÌBŒ‹LMKŒÌŒÍMKLÌŒÎKŒKŒMÎŒËLMM‹ŒÌLLŒŒMKLKŒNMÌMŒKŒKŒNLÎŒLMKÎMNMMKÍËÍÍLLMÌLËŒKŒÍLŽŒKLMÌËŽLÎÌKŒËŒLÍÌÍÌŒÍÍ‹ŒKŒMÂŒ‹LMÎKŽMŒNMÍËËŽLÌNŒKŒŒÂŒËLNŒÍÎÌMMKÌ‹ŒNŽMÌÎLKŒKŒŽMŒLNËŒLLMKM‹ŒMÌLÌŽNMLMËŒKŒÌÌBŒKLNËŽNLNLÌÌMËLËMÎLNÎMÙKLL‹ŒKŒÍÍ‚ŒLLNËŒLLMKLM‹ŒMÌLÌŽNMLMËŒKŒÌÌBŒLKLNŒÍÎÌMMKLÌ‹ŒNŽMÌÎLKŒKŒŽMŒL‹LMÎKŽMŒNMÍËMËŽLÌNŒKŒŒÂŒLËLMÌËŽLÎÌKMŒËŒLÍÌÍÌŒÍÍ‹ŒKŒMÂŒMLMKÎMNMMKMÍËÍÍLLMÌLËŒKŒÍLŽŒMKLMM‹ŒÌLLŒŒMKNLKŒNMÌMŒKŒKŒNLÎŒM‹LMKŒÌŒÍMKLLÌŒÎKŒKŒMÎŒMËLLÌ‹ŽLÌMÍMÎKLLM‹MMÍŽŒKŒŒÎNÌBŒNLLNKŒŒŒLNNLLËLÎLKŒKŒŒÎMÂŒNKLLŒMLLÍËŒNMÍËŒKŒŒÎMLÍŒŒNŒŒLMMÍLMKLLÎÎŒKŒŒÎLÎBŒŒKMÌKŽMŽMÌŒÎL‹LML‹ÌMÍLL‹ŒKŒŒÎLLŒŒBŒŒ‹MMMÌÌÌLKLMMËŽÍMŒKŒŒÎNLŒÂŒŒËLÍ‹ÍŒÌLÍKLMŒKŽŒLŒŒŒÎŒKŒŒÎMBŒLNŽLÎNL‹LMŒNMÌMŽMNŒKŒŒÎÍ‚ŒKËMÍMÎMÍŒ™KLL‹LMŽNLMÌŒ‹ŒKŒŒÎMBŒ‹NŽLÎNL‹LMŒNMÌMŽMNŒKŒŒÎÍ‚ŒËÍ‹ÍŒÌLÍKLMŒKŽŒLŒŒŒÎŒKŒŒÎMBŒŽMMÌÌÌLKLMMËŽÍMŒKŒŒÎNLŒÂŒŽKÌKŽMŽMÌŒÎL‹LML‹ÌMÍLL‹ŒKŒŒÎLLŒŒBŒÌŒŒLMMÍLMKLLÎÎŒKŒŒÎLÎBŒÌKLŒMLLÍËŒNMÍËŒKŒŒÎMLÍŒÌ‹LNKŒŒŒLNNLLËLÎLKŒKŒŒÎMÂŒÌËLÌ‹ŽLÌMÍMÎKLLM‹MMÍŽŒKŒŒÎNÌBŒÍMKŒÌŒÍMKLLÌŒÎKŒKŒMÎŒÍKMM‹ŒÌLLŒŒMKNLKŒNMÌMŒKŒKŒNLÎŒÍ‹MKÎMNMMKMÍËÍÍLLMÌLËŒKŒÍLŽŒÍËMÌËŽLÎÌKMŒËŒLÍÌÍÌŒÍÍ‹ŒKŒMÂŒÎMÎKŽMŒNMÍËMËŽLÌNŒKŒŒÂŒÎKNŒÍÎÌMMKLÌ‹ŒNŽMÌÎLKŒKŒŽMNËŒLLMKLM‹ŒMÌLÌŽNMLMËŒKŒÌÌBKNËŽNLNLÌÍËŒÍNNŒLNMKLL‹LŒŒNMÎ‹NËŒLLKM‹ŒMÌLÌŽNŒÌ‹LŒŒNMÂËNŒÍÎÌÌ‹ŒNŽMÌMKLŒŒNLL‚MÎKŽMŒNMŒËŽLÌŒÎLÎLŒŒNŒBKMÌËŽLÎŽM‹ŒËŒLÍÌÍŽL‹LŒŒMÍÌŒ‚‹MKÎMNNMÍËÍÍLŽLŽKLŒŒMŒŽËMM‹ŒÌLLŒL‹LKŒNMMMÍ‹LŒŒMLÍMBMKŒÌŒÍMNKLÌŒÌKLŒŒLÎMBKLÌ‹ŽLÌMÍNMËLM‹MLÌMLŒŒL‚LLNKŒŒŒMÍLËLÎLKLŒŒLLMLKLÍ‹LÍËŒNMLËLŒŒMLBL‹ŒŒLMÌLMKLLÎŒËLŒŒÎNNLËÌKŽMŽMÌLLÍËML‹ÌMÌÎLÌ‹LŒŒÌÎBMMMÌÌLNN‹MMËŽÍLÎ‹LŒŒMŽLBMKÍ‹ÍŒÌLML‹MŒKŽŒLŒŒNMÍ‹LŒŒLM‹NŽLLŒ‹MŒNMÌMŽLŽKLŒŒM‚MËLËLÌÍÎMÌÍYKLL‹MŽNLMÌNLŒŒBNLNŽLLŒ‹MŒNMÌMŽLŽKLŒŒM‚NKLÍ‹ÍŒÌLML‹MŒKŽŒLŒŒNMÍ‹LŒŒLŒMMMÌÌLNN‹MMËŽÍLÎ‹LŒŒMŽLBŒKMÌKŽMŽMÌLLÍËML‹ÌMÌÎLÌ‹LŒŒÌÎBŒ‹NŒŒLMÌLMKLLÎŒËLŒŒÎNNŒËLLÍ‹LÍËŒNMLËLŒŒMLBLLNKŒŒŒMÍLËLÎLKLŒŒLLMKLLÌ‹ŽLÌMÍNMËLM‹MLÌMLŒŒL‚‹LMKŒÌŒÍMNKLÌŒÌKLŒŒLÎMBËLMM‹ŒÌLLŒL‹LKŒNMMMÍ‹LŒŒMLÍMBŽLMKÎMNNMÍËÍÍLŽLŽKLŒŒMŒŽŽKLMÌËŽLÎŽM‹ŒËŒLÍÌÍŽL‹LŒŒMÍÌŒ‚ÌLMÎKŽMŒNMŒËŽLÌŒÎLÎLŒŒNŒBÌKLNŒÍÎÌÌ‹ŒNŽMÌMKLŒŒNLL‚Ì‹LNËŒLLKM‹ŒMÌLÌŽNŒÌ‹LŒŒNMÂÌËLNËŽNLNLÌÍLËLMŽÌŒÎYKLL‹LŒŒNMÎÍLNËŒLLKLM‹ŒMÌLÌŽNŒÌ‹LŒŒNMÂÍKLNŒÍÎÌLÌ‹ŒNŽMÌMKLŒŒNLL‚Í‹LMÎKŽMŒNMŒMËŽLÌŒÎLÎLŒŒNŒBÍËLMÌËŽLÎŽM‹MŒËŒLÍÌÍŽL‹LŒŒMÍÌŒ‚ÎLMKÎMNNMMÍËÍÍLŽLŽKLŒŒMŒŽÎKLMM‹ŒÌLLŒL‹NLKŒNMMMÍ‹LŒŒMLÍMBŽLMKŒÌŒÍMNKLLÌŒÌKLŒŒLÎMBŽKLLÌ‹ŽLÌMÍNMËLLM‹MLÌMLŒŒL‚Ž‹LLNKŒŒŒMÍLLËLÎLKLŒŒLLMŽËLLÍ‹LLÍËŒNMLËLŒŒMLBŽNŒŒLMÌLLMKLLÎŒËLŒŒÎNNŽKMÌKŽMŽMÌLLÍËLML‹ÌMÌÎLÌ‹LŒŒÌÎBŽ‹MMMÌÌLNN‹LMMËŽÍLÎ‹LŒŒMŽLBŽËLÍ‹ÍŒÌLML‹LMŒKŽŒLŒŒNMÍ‹LŒŒLŽLNŽLLŒ‹LMŒNMÌMŽLŽKLŒŒM‚ŽKËŒÍŒÎÍNLYKLL‹LMŽNLMÌNLŒŒBŽLNŽLLŒ‹LMŒNMÌMŽLŽKLŒŒM‚ŽLKÍ‹ÍŒÌLML‹LMŒKŽŒLŒŒNMÍ‹LŒŒLŽL‹MMÌÌLNN‹LMMËŽÍLÎ‹LŒŒMŽLBŽLËÌKŽMŽMÌLLÍËLML‹ÌMÌÎLÌ‹LŒŒÌÎBŽMŒŒLMÌLLMKLLÎŒËLŒŒÎNNŽMKLÍ‹LLÍËŒNMLËLŒŒMLBŽM‹LNKŒŒŒMÍLLËLÎLKLŒŒLLMŽMËLÌ‹ŽLÌMÍNMËLLM‹MLÌMLŒŒL‚ŽNMKŒÌŒÍMNKLLÌŒÌKLŒŒLÎMBŽNKMM‹ŒÌLLŒL‹NLKŒNMMMÍ‹LŒŒMLÍMBÌMKÎMNNMMÍËÍÍLŽLŽKLŒŒMŒŽÌKMÌËŽLÎŽM‹MŒËŒLÍÌÍŽL‹LŒŒMÍÌŒ‚Ì‹MÎKŽMŒNMŒMËŽLÌŒÎLÎLŒŒNŒBÌËNŒÍÎÌLÌ‹ŒNŽMÌMKLŒŒNLL‚ÌNËŒLLKLM‹ŒMÌLÌŽNŒÌ‹LŒŒNMÂÌKNËŽNLNLÌÎËŒŽŽMÍŽNYKLL‹ÍKŒNNLÎBÌ‹NËŒLLMKM‹ŒMÌLÌŽMÌ‹ÍKŒNNLŒÌÍÌËNŒÍÎÌÌŒKÌ‹ŒNŽMŽNLLŒ‹ÍKŒNNLŒ‚ÌMÎKŽMŒNMÍŒËËŽLÌŒÍNËÍKŒNNLMLBÌKMÌËŽLÎÌL‹ŒËŒLÍÌÍL‹ÍKŒNNL‚ÌLMKÎMLLËÍËÍÍLKÍKŒNNNLÌBÌLKMM‹ŒÌLLŒLÍÌËLKŒNMŒLÎÍKŒNNLMÂÌL‹MKŒÌŒÍLÎMLÌŒÎÍKŒNNÍÎL‚ÌLËLÌ‹ŽLÌMÍNLËLM‹MÍKŒNNNMÌMLNKŒŒŒŒNLËLÎLÍÍKŒNNLÍÂÌMKLLÍKLÍËŒNLLKÍKŒNNM‚ÌM‹ŒŒLMÍNNMKLLÍÍÎKÍKŒNNÌÍÌMËÌKŽMŽMÌMLML‹ÌMÌÍÍ‹ÍKŒNNŒBÌNMMÌÌMMËMMËŽÍLÍÍÍ‹ÍKŒNNLNÂÌNKÍ‹ÍŒÌMLKMŒKŽŒLŒŒNLMÍKŒNNMLBÌŒNŽL‹MŒNMÌMŽNÍKŒNNMNBÌŒKLËŒÍÌLÌLÌMÙKLL‹MŽNLMÌMŽKÍKŒNN‚ÌŒ‹LNŽL‹MŒNMÌMŽNÍKŒNNMNBÌŒËLÍ‹ÍŒÌMLKMŒKŽŒLŒŒNLMÍKŒNNMLBÌMMMÌÌMMËMMËŽÍLÍÍÍ‹ÍKŒNNLNÂÌKMÌKŽMŽMÌMLML‹ÌMÌÍÍ‹ÍKŒNNŒBÌ‹NŒŒLMÍNNMKLLÍÍÎKÍKŒNNÌÍÌËLLLÍKLÍËŒNLLKÍKŒNNM‚ÌŽLLNKŒŒŒŒNLËLÎLÍÍKŒNNLÍÂÌŽKLLÌ‹ŽLÌMÍNLËLM‹MÍKŒNNNMÌÌLMKŒÌŒÍLÎMLÌŒÎÍKŒNNÍÎL‚ÌÌKLMM‹ŒÌLLŒLÍÌËLKŒNMŒLÍËÍKŒNNLMÂÌÌ‹LMKÎMLLËÍËÍÍLKÍKŒNNNLÌBÌÌËLMÌËŽLÎÌL‹ŒËŒLÍÌÍL‹ÍKŒNNL‚ÌÍLMÎKŽMŒNMÍŒËËŽLÌŒÍNËÍKŒNNLMLBÌÍKLNŒÍÎÌÌŒKÌ‹ŒNŽMŽNLLŒ‹ÍKŒNNLŒ‚ÌÍ‹LNËŒLLMKM‹ŒMÌLÌŽMÌ‹ÍKŒNNLŒÌÍÌÍËLNËŽNLNLÌÎLËLMÌŒÌŒKLL‹ÍKŒNNLÎBÌÎLNËŒLLMKLM‹ŒMÌLÌŽMÌ‹ÍKŒNNLŒÌÍÌÎKLNŒÍÎÌÌŒKLÌ‹ŒNŽMŽNLLŒ‹ÍKŒNNLŒ‚ÍLMÎKŽMŒNMÍŒËMËŽLÌŒÍNËÍKŒNNLMLBÍKLMÌËŽLÎÌL‹MŒËŒLÍÌÍL‹ÍKŒNNL‚Í‹LMKÎMLLËMÍËÍÍLKÍKŒNNNLÌBÍËLMM‹ŒÌLLŒLÍÌËNLKŒNMŒLÎÍKŒNNLMÂÍLMKŒÌŒÍLÎMLLÌŒÎÍKŒNNÍÎL‚ÍKLLÌ‹ŽLÌMÍNLËLLM‹MÍKŒNNNMÍ‹LLNKŒŒŒŒNLLËLÎLÍÍKŒNNLÍÂÍËLLLÍKLLÍËŒNLLKÍKŒNNM‚ÍNŒŒLMÍNNLMKLLÍÍÎKÍKŒNNÌÍÍKMÌKŽMŽMÌMLLML‹ÌMÌÍÍ‹ÍKŒNNŒBÍLMMMÌÌMMËLMMËŽÍLÍÍÍ‹ÍKŒNNLNÂÍLKLÍ‹ÍŒÌMLKLMŒKŽŒLŒŒNLMÍKŒNNMLBÍL‹LNŽL‹LMŒNMÌMŽNÍKŒNNMNBÍLËËŒŽNMÌMMÌÍKLL‹LMŽNLMÌMŽKÍKŒNN‚ÍMNŽL‹LMŒNMÌMŽNÍKŒNNMNBÍMKÍ‹ÍŒÌMLKLMŒKŽŒLŒŒNLMÍKŒNNMLBÍM‹MMÌÌMMËLMMËŽÍLÍÍÍ‹ÍKŒNNLNÂÍMËÌKŽMŽMÌMLLML‹ÌMÌÍÍ‹ÍKŒNNŒBÍNŒŒLMÍNNLMKLLÍÍÎKÍKŒNNÌÍÍNKLLÍKLLÍËŒNLLKÍKŒNNM‚ÍŒLNKŒŒŒŒNLLËLÎLÍÍKŒNNLÍÂÍŒKLÌ‹ŽLÌMÍNLËLLM‹MÍKŒNNNMÍŒ‹MKŒÌŒÍLÎMLLÌŒÎÍKŒNNÍÎL‚ÍŒËMM‹ŒÌLLŒLÍÌËNLKŒNMŒLÍËÍKŒNNLMÂÍMKÎMLLËMÍËÍÍLKÍKŒNNNLÌBÍKMÌËŽLÎÌL‹MŒËŒLÍÌÍL‹ÍKŒNNL‚Í‹MÎKŽMŒNMÍŒËMËŽLÌŒÍNËÍKŒNNLMLBÍËNŒÍÎÌÌŒKLÌ‹ŒNŽMŽNLLŒ‹ÍKŒNNLŒ‚ÍŽNËŒLLMKLM‹ŒMÌLÌŽMÌ‹ÍKŒNNLŒÌÍÍŽKNËŽNLNLÍLKËŒNMÌÌNLÌ™KLL‹ÌŒMŽLÎMBÍÌNËŒLLNËM‹ŒMÌLÌŽMNNLKÌŒMŽLÌLBÍÌKNŒÍÎÌÎMËÌ‹ŒNŽMŽMÌËÌŒMŽLŒÂÍÌ‹MÎKŽMŒNNKËŽLÌŒÌŽMNÌŒMŽMBÍÌËMÌËŽLÎÌŽM‹ŒËŒLÍÌÍŒNKÌŒMŽNÍÍMKÎMLLMÍËÍÍNNLNÌŒMŽÍ‚ÍÍKMM‹ŒÌLLŒMÌËLKŒNMMÎÌŒMŽŒBÍÍ‹MKŒÌŒÍMÎKLÌŒÍÍÌŒMŽMÌÂÍÍËLÌ‹ŽLÌMÍNLÍKLM‹MLÌŒMŽÍMBÍÎLNKŒŒŒÌŒ‹LËLÎÍÎMKÌŒMÎMÎBÍÎKLMÍKLÍËŒNNÌŒMÎŒ‚ÎŒŒLMÎMMKMKLLÍÍMŒKÌŒMÍÎLNBÎKÌKŽMŽMÌNLMŒKML‹ÌMÌÍŒ‹ÌŒMÍÌLMÎ‹MMÌÌNKMMËŽÍLÍÍÌŒMÍ‚ÎËÍ‹ÍŒÌMŒÌÍËMŒKŽŒLŒŒNMËÌŒMÍNLÍÂÎNŽLÍŒÎMŒNMÌMŽŽKÌŒMÍMŒŒÂÎKLËŒŒMÍÎLÎMYKLL‹MŽNLMÌMKÌŒMÍMLMÂÎ‹LNŽLÍŒÎKMŒNMÌMŽŽKÌŒMÍMŒŒÂÎËLÍ‹ÍŒÌMŒÌÍËMŒKŽŒLŒŒNMËÌŒMÍNLÍÂÎMMMÌÌNKMMËŽÍLÍÍÌŒMÍ‚ÎKMÌKŽMŽMÌNLMŒKML‹ÌMÌÍŒ‹ÌŒMÍÌLMÎLNŒŒLMÎMM‹MKLLÍÍMŒKÌŒMÍÎLNBÎLKLLMÍKLÍËŒNNÌŒMÎŒ‚ÎL‹LLNKŒŒŒÌŒ‹LËLÎÍÎMKÌŒMÎMÎBÎLËLLÌ‹ŽLÌMÍNLÍKLM‹MLÌŒMŽÍMBÎMLMKŒÌŒÍMÎKLÌŒÍÍÌŒMŽMÌÂÎMKLMM‹ŒÌLLŒMÌËLKŒNMMÎÌŒMŽŒBÎM‹LMKÎMLLMÍËÍÍNNLNÌŒMŽÍ‚ÎMËLMÌËŽLÎÌŽM‹ŒËŒLÍÌÍŒNKÌŒMŽNÎNLMÎKŽMŒNNKËŽLÌŒÌŽMNÌŒMŽMBÎNKLNŒÍÎÌÎMËÌ‹ŒNŽMŽMÌËÌŒMŽLŒÂŽLNËŒLLNËM‹ŒMÌLÌŽMNNLKÌŒMŽLÌLBŽKLNËŽNLNLÍLKLËŒÎMÌLÍMÌÙKLL‹ÌŒMŽLÎMBŽ‹LNËŒLLNËLM‹ŒMÌLÌŽMNNLKÌŒMŽLÌLBŽËLNŒÍÎÌÎMËLÌ‹ŒNŽMŽMÌËÌŒMŽLŒÂŽLMÎKŽMŒNNKMËŽLÌŒÌŽMNÌŒMŽMBŽKLMÌËŽLÎÌŽM‹MŒËŒLÍÌÍŒNKÌŒMŽNŽ‹LMKÎMLLMMÍËÍÍNNLNÌŒMŽÍ‚ŽËLMM‹ŒÌLLŒMÌËNLKŒNMMÎÌŒMŽŒBŽLMKŒÌŒÍMÎKLLÌŒÍÍÌŒMŽMÌÂŽKLLÌ‹ŽLÌMÍNLÍKLLM‹MLÌŒMŽÍMBŽLLLNKŒŒŒÌŒ‹LLËLÎÍÎMKÌŒMÎMÎBŽLKLLMÍKLLÍËŒNNÌŒMÎŒ‚ŽL‹NŒŒLMÎMMKLMKLLÍÍMŒKÌŒMÍÎLNBŽLËMÌKŽMŽMÌNLMŒKLML‹ÌMÌÍŒ‹ÌŒMÍÌLMŽMMMMÌÌNKLMMËŽÍLÍÍÌŒMÍ‚ŽMKLÍ‹ÍŒÌMŒÌÍËLMŒKŽŒLŒŒNMËÌŒMÍNLÍÂŽM‹LNŽLÍŒÎLMŒNMÌMŽŽKÌŒMÍMŒŒÂŽMËËŒŒÌÎNMÌMNMÙKLL‹LMŽNLMÌMKÌŒMÍMLMÂŽNNŽLÍŒÎKLMŒNMÌMŽŽKÌŒMÍMŒŒÂŽNKÍ‹ÍŒÌMŒÌÍËLMŒKŽŒLŒŒNMËÌŒMÍNLÍÂŽŒMMÌÌNKLMMËŽÍLÍÍÌŒMÍ‚ŽŒKÌKŽMŽMÌNLMŒKLML‹ÌMÌÍŒ‹ÌŒMÍÌLMŽŒ‹ŒŒLMÎMM‹LMKLLÍÍMŒKÌŒMÍÎLNBŽŒËLMÍKLLÍËŒNNÌŒMÎŒ‚ŽLNKŒŒŒÌŒ‹LLËLÎÍÎMKÌŒMÎMÎBŽKLÌ‹ŽLÌMÍNLÍKLLM‹MLÌŒMŽÍMBŽ‹MKŒÌŒÍMÎKLLÌŒÍÍÌŒMŽMÌÂŽËMM‹ŒÌLLŒMÌËNLKŒNMMÎÌŒMŽŒBŽŽMKÎMLLMMÍËÍÍNNLNÌŒMŽÍ‚ŽŽKMÌËŽLÎÌŽM‹MŒËŒLÍÌÍŒNKÌŒMŽNŽÌMÎKŽMŒNNKMËŽLÌŒÌŽMNÌŒMŽMBŽÌKNŒÍÎÌÎMËLÌ‹ŒNŽMŽMÌËÌŒMŽLŒÂŽÌ‹NËŒLLNËLM‹ŒMÌLÌŽMNNLKÌŒMŽLÌLBŽÌËNËŽNLNLÍÎKËŒMÎŽMÌLÙKLL‹ÌKŒLÍÎNM‚ŽÍNËŒLLŒKM‹ŒMÌLÌŽMLÍÌKŒLÍÎLÂŽÍKNŒÍÎÌŒËÌ‹ŒNŽMŽMLÌLKÌKŒLÍÎÌÍŽÍ‹MÎKŽMŒ‹ËŽLÌŒÌÌKŒLÍÎL‚ŽÍËMÌËŽLÎÍŒËŒËŒLÍÌÍMÍL‹ÌKŒLÍÍÍMÌ‚ŽÎMKÎMLÍ‹ÍËÍÍNMLNÌKŒLÍÍÌBŽÎKMM‹ŒÌLLŒNNL‹LKŒNMLÌML‹ÌKŒLÍÍŒÎBŽMKŒÌŒÍŒLŽLÌŒÌÍKÌKŒLÍÍMŽBŽKLÌ‹ŽLÌMÍNMÌKLM‹MMŽÌKŒLÍÍLŽŽ‹LNKŒŒŒÌLŽKLËLÎÍMËÌKŒLÍÍMMBŽËLŒMLKLÍËŒNMËÌKŒLÍÌÌÎMBŽŒŒLNÌËMKLLÍÌÍËÌKŒLÍÌÎBŽKÌKŽMŽMÌŒŒKML‹ÌMÌÍŒËÌKŒLÍÌŒŽ‹MMÌÌŒMÍMMËŽÍLÍNËÌKŒLÍÌML‚ŽËÍ‹ÍŒÌNÌMŒKŽŒLŒŒNKÌKŒLÍÌLLBŽNŽLMKMŒNMÌMŽ‹ÌKŒLÍÌM‚ŽKLËŒNNŒÍÍÙKLL‹MŽNLMÌLÌKÌKŒLÍÌÍÌBŽLLNŽLMKMŒNMÌMŽ‹ÌKŒLÍÌM‚ŽLKLÍ‹ÍŒÌNÌMŒKŽŒLŒŒNKÌKŒLÍÌLLBŽL‹MMMÌÌŒMÍKMMËŽÍLÍNËÌKŒLÍÌML‚ŽLËMÌKŽMŽMÌŒŒKML‹ÌMÌÍŒËÌKŒLÍÌŒŽMNŒŒLNÌËMKLLÍÌÍËÌKŒLÍÌÎBŽMKLLŒMLKLÍËŒNMËÌKŒLÍÌÌÎMBŽM‹LLNKŒŒŒÌLŽKLËLÎÍMËÌKŒLÍÍMMBŽMËLLÌ‹ŽLÌMÍNMÌKLM‹MMŽÌKŒLÍÍLŽŽNLMKŒÌŒÍŒLŽLÌŒÌÍKÌKŒLÍÍMŽBŽNKLMM‹ŒÌLLŒNNL‹LKŒNMLÌML‹ÌKŒLÍÍŒÎBŽŒLMKÎMLÍ‹ÍËÍÍNMLNÌKŒLÍÍÌBŽŒKLMÌËŽLÎÍŒËŒËŒLÍÌÍMÍL‹ÌKŒLÍÍÍMÌ‚ŽŒ‹LMÎKŽMŒ‹ËŽLÌŒÌÌKŒLÍÎL‚ŽŒËLNŒÍÎÌŒËÌ‹ŒNŽMŽMLÌLKÌKŒLÍÎÌÍŽLNËŒLLŒKM‹ŒMÌLÌŽMLÍÌKŒLÍÎLÂŽKLNËŽNLNLÍÎKLËŒÍLLLŽLÍKLL‹ÌKŒLÍÎNM‚Ž‹LNËŒLLŒKLM‹ŒMÌLÌŽMLÍÌKŒLÍÎLÂŽËLNŒÍÎÌŒËLÌ‹ŒNŽMŽMLÌLKÌKŒLÍÎÌÍŽŽLMÎKŽMŒ‹MËŽLÌŒÌÌKŒLÍÎL‚ŽŽKLMÌËŽLÎÍŒËMŒËŒLÍÌÍMÍL‹ÌKŒLÍÍÍMÌ‚ŽÌLMKÎMLÍ‹MÍËÍÍNMLNÌKŒLÍÍÌBŽÌKLMM‹ŒÌLLŒNNL‹NLKŒNMLÌML‹ÌKŒLÍÍŒÎBŽÌ‹LMKŒÌŒÍŒLŽLLÌŒÌÍKÌKŒLÍÍMŽBŽÌËLLÌ‹ŽLÌMÍNMÌKLLM‹MMŽÌKŒLÍÍLŽŽÍLLNKŒŒŒÌLŽKLLËLÎÍMËÌKŒLÍÍMMBŽÍKLLŒMLKLLÍËŒNMËÌKŒLÍÌÌÎMBŽÍ‹NŒŒLNÌËLMKLLÍÌÍËÌKŒLÍÌÎBŽÍËMÌKŽMŽMÌŒŒKLML‹ÌMÌÍŒËÌKŒLÍÌŒŽÎMMMÌÌŒMÍLMMËŽÍLÍNËÌKŒLÍÌML‚ŽÎKLÍ‹ÍŒÌNÌLMŒKŽŒLŒŒNKÌKŒLÍÌLLBŽLNŽLMKLMŒNMÌMŽ‹ÌKŒLÍÌM‚ŽKËŒMÍNMMNYKLL‹LMŽNLMÌLÌKÌKŒLÍÌÍÌBŽ‹NŽLMKLMŒNMÌMŽ‹ÌKŒLÍÌM‚ŽËÍ‹ÍŒÌNÌLMŒKŽŒLŒŒNKÌKŒLÍÌLLBŽMMÌÌŒMÍKLMMËŽÍLÍNËÌKŒLÍÌML‚ŽKÌKŽMŽMÌŒŒKLML‹ÌMÌÍŒËÌKŒLÍÌŒŽ‹ŒŒLNÌËLMKLLÍÌÍËÌKŒLÍÌÎBŽËLŒMLKLLÍËŒNMËÌKŒLÍÌÌÎMBŽLNKŒŒŒÌLŽKLLËLÎÍMËÌKŒLÍÍMMBŽKLÌ‹ŽLÌMÍNMÌKLLM‹MMŽÌKŒLÍÍLŽŽLMKŒÌŒÍŒLŽLLÌŒÌÍKÌKŒLÍÍMŽBŽLKMM‹ŒÌLLŒNNL‹NLKŒNMLÌML‹ÌKŒLÍÍŒÎBŽL‹MKÎMLÍ‹MÍËÍÍNMLNÌKŒLÍÍÌBŽLËMÌËŽLÎÍŒËMŒËŒLÍÌÍMÍL‹ÌKŒLÍÍÍMÌ‚ŽMMÎKŽMŒ‹MËŽLÌŒÌÌKŒLÍÎL‚ŽMKNŒÍÎÌŒËLÌ‹ŒNŽMŽMLÌLKÌKŒLÍÎÌÍŽM‹NËŒLLŒKLM‹ŒMÌLÌŽMLÍÌKŒLÍÎLÂŽMËNËŽNLNLÍKËŒLŒLNL™KLL‹ÍLŒŽÌNNNBŽNNËŒLLNKM‹ŒMÌLÌŽMŽL‹ÍLŒŽÌNMÂŽNKNŒÍÎÌLŒKÌ‹ŒNŽMŽLÍÎNKÍLŒŽÌMÎLÂŽLMÎKŽMŒŒM‹ËŽLÌŒŽÌÍLŒŽÌMLÎBŽLKMÌËŽLÎÍŒ‹ŒËŒLÍÌÍMÌKÍLŒŽÌLNLÂŽL‹MKÎMLLÍËÍËÍÍNLŒLKÍLŒŽÌÍŒÂŽLËMM‹ŒÌLLŒŒLKŒNMLKÍLŒŽÌŒ‚ŽLMKŒÌŒÍŒ‹LÌŒÍŽÍLŒŽŽMÌBŽLKLÌ‹ŽLÌMÍŒMKLM‹LÎNÍLŒŽŽLLBŽL‹LNKŒŒŒÍÎKLËLÎÌ‹ÍLŒŽŽLBŽLËLL‹LÍËŒNÍM‹ÍLŒŽÎL‚ŽLŒŒLNŒÎKMKLLÍÌ‹ÍLŒŽÌÌÍ‚ŽLKÌKŽMŽMÌMMŽML‹ÌMÌÌÍ‹ÍLŒŽŽÌBŽLLMMÌÌŒÎMMËŽÍLÍLKÍLŒŽBŽLLKÍ‹ÍŒÌNNNNKMŒKŽŒLŒŒMÍ‹ÍLŒŽŒLÂŽLL‹NŽLMLËMŒNMÌMŽNÍLŒŽNM‚ŽLLËLËŒMÍÎNLMÍŽKLL‹MŽNLMÌLMÍLŒŽNŽBŽLMLNŽLMLÌKMŒNMÌMŽNÍLŒŽNM‚ŽLMKLÍ‹ÍŒÌNNNNKMŒKŽŒLŒŒMÍ‹ÍLŒŽŒLÂŽLM‹MMMÌÌŒÎMMËŽÍLÍLKÍLŒŽBŽLMËMÌKŽMŽMÌMMŽML‹ÌMÌÌÍ‹ÍLŒŽŽÌBŽLNNŒŒLNŒÎKMKLLÍÌ‹ÍLŒŽÌÌÍ‚ŽLNKLLL‹LÍËŒNÍM‹ÍLŒŽÎL‚ŽLŒLLNKŒŒŒÍÎKLËLÎÌ‹ÍLŒŽŽLBŽLŒKLLÌ‹ŽLÌMÍŒMKLM‹LÎNÍLŒŽŽLLBŽLŒ‹LMKŒÌŒÍŒ‹LÌŒÍŽÍLŒŽŽMÌBŽLŒËLMM‹ŒÌLLŒŒLKŒNMLKÍLŒŽÌŒ‚ŽLLMKÎMLLÍËÍËÍÍNLŒLKÍLŒŽÌÍŒÂŽLKLMÌËŽLÎÍŒ‹ŒËŒLÍÌÍMÌKÍLŒŽÌLNLÂŽL‹LMÎKŽMŒŒM‹ËŽLÌŒŽÌËÍLŒŽÌMLÎBŽLËLNŒÍÎÌLŒKÌ‹ŒNŽMŽLÍÎNKÍLŒŽÌMÎLÂŽLŽLNËŒLLNKM‹ŒMÌLÌŽMŽL‹ÍLŒŽÌNMÂŽLŽKLNËŽNLNLÍKLËŒŽLÍÌŒÍYKLL‹ÍLŒŽÌNNNBŽLÌLNËŒLLNKLM‹ŒMÌLÌŽMŽL‹ÍLŒŽÌNMÂŽLÌKLNŒÍÎÌLŒKLÌ‹ŒNŽMŽLÍÎNKÍLŒŽÌMÎLÂŽLÌ‹LMÎKŽMŒŒM‹MËŽLÌŒŽÌÍLŒŽÌMLÎBŽLÌËLMÌËŽLÎÍŒ‹MŒËŒLÍÌÍMÌKÍLŒŽÌLNLÂŽLÍLMKÎMLLÍËMÍËÍÍNLŒLKÍLŒŽÌÍŒÂŽLÍKLMM‹ŒÌLLŒŒNLKŒNMLKÍLŒŽÌŒ‚ŽLÍ‹LMKŒÌŒÍŒ‹LLÌŒÍŽÍLŒŽŽMÌBŽLÍËLLÌ‹ŽLÌMÍŒMKLLM‹LÎNÍLŒŽŽLLBŽLÎLLNKŒŒŒÍÎKLLËLÎÌ‹ÍLŒŽŽLBŽLÎKLLL‹LLÍËŒNÍM‹ÍLŒŽÎL‚ŽMNŒŒLNŒÎKLMKLLÍÌ‹ÍLŒŽÌÌÍ‚ŽMKMÌKŽMŽMÌMMŽLML‹ÌMÌÌÍ‹ÍLŒŽŽÌBŽM‹MMMÌÌŒÎLMMËŽÍLÍLKÍLŒŽBŽMËLÍ‹ÍŒÌNNNNKLMŒKŽŒLŒŒMÍ‹ÍLŒŽŒLÂŽMLNŽLMLËLMŒNMÌMŽNÍLŒŽNM‚ŽMKËŒLNLÌNLÎKLL‹LMŽNLMÌLMÍLŒŽNŽBŽM‹NŽLMLÌKLMŒNMÌMŽNÍLŒŽNM‚ŽMËÍ‹ÍŒÌNNNNKLMŒKŽŒLŒŒMÍ‹ÍLŒŽŒLÂŽMMMÌÌŒÎLMMËŽÍLÍLKÍLŒŽBŽMKÌKŽMŽMÌMMŽLML‹ÌMÌÌÍ‹ÍLŒŽŽÌBŽMLŒŒLNŒÎKLMKLLÍÌ‹ÍLŒŽÌÌÍ‚ŽMLKLL‹LLÍËŒNÍM‹ÍLŒŽÎL‚ŽML‹LNKŒŒŒÍÎKLLËLÎÌ‹ÍLŒŽŽLBŽMLËLÌ‹ŽLÌMÍŒMKLLM‹LÎNÍLŒŽŽLLBŽMMMKŒÌŒÍŒ‹LLÌŒÍŽÍLŒŽŽMÌBŽMMKMM‹ŒÌLLŒŒNLKŒNMLKÍLŒŽÌŒ‚ŽMM‹MKÎMLLÍËMÍËÍÍNLŒLKÍLŒŽÌÍŒÂŽMMËMÌËŽLÎÍŒ‹MŒËŒLÍÌÍMÌKÍLŒŽÌLNLÂŽMNMÎKŽMŒŒM‹MËŽLÌŒŽÌËÍLŒŽÌMLÎBŽMNKNŒÍÎÌLŒKLÌ‹ŒNŽMŽLÍÎNKÍLŒŽÌMÎLÂŽMŒNËŒLLNKLM‹ŒMÌLÌŽMŽL‹ÍLŒŽÌNMÂŽMŒKNËŽNLNLÍ‹‹ŽLMÍŒÎLÌÙKLL‹ÍÍKŒŽMMMBŽMŒ‹NËŒLLŽM‹ŒMÌLÌŽLÍŒÍ‹ÍÍKŒŽMMLBŽMŒËNŒÍÎÌMËÌ‹ŒNŽMŽLLÌKÍÍKŒŽMMŽMMÎKŽMŒŒMÍ‹ËŽLÌŒLKÍÍKŒŽMLŒ‚ŽMKMÌËŽLÎÍÌËŒËŒLÍÌÍLNKÍÍKŒŽMLÍŽM‹MKÎMLLL‹ÍËÍÍNMŒMKÍÍKŒŽMNNŽMËMM‹ŒÌLLŒKLKŒNMÍÎKÍÍKŒŽMŒBŽMŽMKŒÌŒÍËLÌŒLKÍÍKŒŽMŒÍÍŽŽMŽKLÌ‹ŽLÌMÍŒÌÌËLM‹LÎMŒÍËÍÍKŒŽMŒÌÌ‚ŽMÌLNKŒŒŒÍÍÍLËLÎÌ‹ÍÍKŒŽMŒŽBŽMÌKLÎNKLÍËŒNMÍ‹ÍÍKŒŽMŒŒÍMŽMÌ‹ŒŒLNMŒKMKLLÍÌNKÍÍKŒŽMŒNLBŽMÌËÌKŽMŽMÌŽÍML‹ÌMÌÌÍÍKŒŽMŒMLLÂŽMÍMMÌÌNÍMMËŽÍLÍÎÍÍKŒŽMŒLN‚ŽMÍKÍ‹ÍŒÌŒMÌËMŒKŽŒLŒŒMÌŒKÍÍKŒŽMŒLÌÂŽMÍ‹NŽLŒÌKMŒNMÌMÎNNÍÍKŒŽMŒÍÎŽMÍËLËŒLŽLLNÍÎYKLL‹MŽNLMÌKÍÍKŒŽMŒÌBŽMÎLNŽLŒÌ‹MŒNMÌMÎNNÍÍKŒŽMŒÍÎŽMÎKLÍ‹ÍŒÌŒMÌËMŒKŽŒLŒŒMÌŒKÍÍKŒŽMŒLÌÂŽNMMMÌÌNÍMMËŽÍLÍÎÍÍKŒŽMŒLN‚ŽNKMÌKŽMŽMÌŽÍML‹ÌMÌÌÍÍKŒŽMŒMLLÂŽN‹NŒŒLNMŒKMKLLÍÌNKÍÍKŒŽMŒNLBŽNËLLÎNKLÍËŒNMÍ‹ÍÍKŒŽMŒŒÍMŽNLLNKŒŒŒÍÍÍLËLÎÌ‹ÍÍKŒŽMŒŽBŽNKLLÌ‹ŽLÌMÍŒÌÌËLM‹LÎMŒÍËÍÍKŒŽMŒÌÌ‚ŽN‹LMKŒÌŒÍËLÌŒLKÍÍKŒŽMŒÍÍŽŽNËLMM‹ŒÌLLŒKLKŒNMÍÎKÍÍKŒŽMŒBŽNLMKÎMLLL‹ÍËÍÍNMŒMKÍÍKŒŽMNNŽNKLMÌËŽLÎÍÌËŒËŒLÍÌÍLNKÍÍKŒŽMLÍŽNLLMÎKŽMŒŒMÍ‹ËŽLÌŒLKÍÍKŒŽMLŒ‚ŽNLKLNŒÍÎÌMËÌ‹ŒNŽMŽLLÌKÍÍKŒŽMMŽNL‹LNËŒLLŽM‹ŒMÌLÌŽLÍŒÍ‹ÍÍKŒŽMMLBŽNLËLNËŽNLNLÍ‹LËŒŒŽMLMÙKLL‹ÍÍKŒŽMMMBŽNMLNËŒLLŽLM‹ŒMÌLÌŽLÍŒÍ‹ÍÍKŒŽMMLBŽNMKLNŒÍÎÌMËLÌ‹ŒNŽMŽLLÌKÍÍKŒŽMMŽNM‹LMÎKŽMŒŒMÍ‹MËŽLÌŒLKÍÍKŒŽMLŒ‚ŽNMËLMÌËŽLÎÍÌËMŒËŒLÍÌÍLNKÍÍKŒŽMLÍŽNNLMKÎMLLL‹MÍËÍÍNMŒMKÍÍKŒŽMNNŽNNKLMM‹ŒÌLLŒKNLKŒNMÍÎKÍÍKŒŽMŒBŒLLMKŒÌŒÍËLLÌŒLKÍÍKŒŽMŒÍÍŽŒLKLLÌ‹ŽLÌMÍŒÌÌËLLM‹LÎMŒÍËÍÍKŒŽMŒÌÌ‚ŒL‹LLNKŒŒŒÍÍÍLLËLÎÌ‹ÍÍKŒŽMŒŽBŒLËLLÎNKLLÍËŒNMÍ‹ÍÍKŒŽMŒŒÍMŒLNŒŒLNMŒKLMKLLÍÌNKÍÍKŒŽMŒNLBŒLKMÌKŽMŽMÌŽÍLML‹ÌMÌÌÍÍKŒŽMŒMLLÂŒL‹MMMÌÌNÍLMMËŽÍLÍÎÍÍKŒŽMŒLN‚ŒLËLÍ‹ÍŒÌŒMÌËLMŒKŽŒLŒŒMÌŒKÍÍKŒŽMŒLÌÂŒLLNŽLŒÌKLMŒNMÌMÎNNÍÍKŒŽMŒÍÎŒLKËŒNMNŒYKLL‹LMŽNLMÌKÍÍKŒŽMŒÌBŒLLNŽLŒÌ‹LMŒNMÌMÎNNÍÍKŒŽMŒÍÎŒLLKÍ‹ÍŒÌŒMÌËLMŒKŽŒLŒŒMÌŒKÍÍKŒŽMŒLÌÂŒLL‹MMÌÌNÍLMMËŽÍLÍÎÍÍKŒŽMŒLN‚ŒLLËÌKŽMŽMÌŽÍLML‹ÌMÌÌÍÍKŒŽMŒMLLÂŒLMŒŒLNMŒKLMKLLÍÌNKÍÍKŒŽMŒNLBŒLMKLÎNKLLÍËŒNMÍ‹ÍÍKŒŽMŒŒÍMŒLM‹LNKŒŒŒÍÍÍLLËLÎÌ‹ÍÍKŒŽMŒŽBŒLMËLÌ‹ŽLÌMÍŒÌÌËLLM‹LÎMŒÍËÍÍKŒŽMŒÌÌ‚ŒLNMKŒÌŒÍËLLÌŒLKÍÍKŒŽMŒÍÍŽŒLNKMM‹ŒÌLLŒKNLKŒNMÍÎKÍÍKŒŽMŒBŒLŒMKÎMLLL‹MÍËÍÍNMŒMKÍÍKŒŽMNNŒLŒKMÌËŽLÎÍÌËMŒËŒLÍÌÍLNKÍÍKŒŽMLÍŒLŒ‹MÎKŽMŒŒMÍ‹MËŽLÌŒLKÍÍKŒŽMLŒ‚ŒLŒËNŒÍÎÌMËLÌ‹ŒNŽMŽLLÌKÍÍKŒŽMMŒLNËŒLLŽLM‹ŒMÌLÌŽLÍŒÍ‹ÍÍKŒŽMMLBŒLKNËŽNLNLÍLK‹ÎMŽMÎNÍKLL‹ŒÎLNLŒÂŒL‹NËŒLLÌL‹M‹ŒMÌLÌŽLÌLËŒÎLNLŒÌ‚ŒLËNŒÍÎÌŒL‹Ì‹ŒNŽMŽLMÎKŒÎLNLLÎŒLŽMÎKŽMŒŒËŽLÌŒLNKŒÎLNNŒLŽKMÌËŽLÎÎŽŒËŒLÍÌÍL‹ŒÎLNÍÌÂŒLÌMKÎMLLÍËÍÍNÍMLËŒÎLNLLBŒLÌKMM‹ŒÌLLŒŒŒËLKŒNMLÌ‹ŒÎLNŒBŒLÌ‹MKŒÌŒÍŽÍ‹LÌŒŒŽMŒÎLMÎBŒLÌËLÌ‹ŽLÌMÍŒMLM‹LÎMÍ‹ŒÎLMÍL‚ŒLÍLNKŒŒNKLËLÎŽËŒÎLMÌLÂŒLÍKLÌËLÍËŒNKŒÎLMÍŒÂŒLÍ‹ŒŒLNLNLKMKLLÍŽMKŒÎLMM‚ŒLÍËÌKŽMŽMÌÌMŒKML‹ÌMÌÌMMKŒÎLMŒLÂŒLÎMMÌÌÍMŽKMMËŽÍLÌÎËŒÎLMNŒLÎKÍ‹ÍŒÌŒŒŽMŒKŽŒLŒŒMŽKŒÎLMMMŒLNŽLŽKMŒNMÌMÎNŒÎLMMLÌÂŒLKL‹ŽLŒŽLMMYKLL‹MŽNLMÌŒÎLMML‚ŒL‹LNŽLŽKMŒNMÌMÎNŒÎLMMLÌÂŒLËLÍ‹ÍŒÌŒŒŽMŒKŽŒLŒŒMŽKŒÎLMMMŒLMMMÌÌÍMŽKMMËŽÍLÌÎËŒÎLMNŒLKMÌKŽMŽMÌÌMŒKML‹ÌMÌÌMMKŒÎLMŒLÂŒL‹NŒŒLNLNLKMKLLÍŽMKŒÎLMM‚ŒLËLLÌËLÍËŒNKŒÎLMÍŒÂŒLLLNKŒŒNKLËLÎŽËŒÎLMÌLÂŒLKLLÌ‹ŽLÌMÍŒMLM‹LÎMÍ‹ŒÎLMÍL‚ŒLLLMKŒÌŒÍŽÍ‹LÌŒŒŽMŒÎLMÎBŒLLKLMM‹ŒÌLLŒŒŒËLKŒNMLÌ‹ŒÎLNŒBŒLL‹LMKÎMLLÍËÍÍNÍMLËŒÎLNLLBŒLLËLMÌËŽLÎÎŽŒËŒLÍÌÍL‹ŒÎLNÍÌÂŒLMLMÎKŽMŒŒËŽLÌŒLNKŒÎLNNŒLMKLNŒÍÎÌŒL‹Ì‹ŒNŽMŽLMÎKŒÎLNLLÎŒLM‹LNËŒLLÌL‹M‹ŒMÌLÌŽLÌL‹ŒÎLNLŒÌ‚ŒLMËLNËŽNLNLÍLKLËŒMŽNÍÙKLL‹ŒÎLNLŒÂŒLNLNËŒLLÌL‹LM‹ŒMÌLÌŽLÌLËŒÎLNLŒÌ‚ŒLNKLNŒÍÎÌŒL‹LÌ‹ŒNŽMŽLMÎKŒÎLNLLÎŒLŒLMÎKŽMŒŒMËŽLÌŒLNKŒÎLNNŒLŒKLMÌËŽLÎÎŽMŒËŒLÍÌÍL‹ŒÎLNÍÌÂŒLŒ‹LMKÎMLLMÍËÍÍNÍMLËŒÎLNLLBŒLŒËLMM‹ŒÌLLŒŒŒËNLKŒNMLÌ‹ŒÎLNŒBŒLLMKŒÌŒÍŽÍ‹LLÌŒŒŽMŒÎLMÎBŒLKLLÌ‹ŽLÌMÍŒMLLM‹LÎMÍ‹ŒÎLMÍL‚ŒL‹LLNKŒŒNKLLËLÎŽËŒÎLMÌLÂŒLËLLÌËLLÍËŒNKŒÎLMÍŒÂŒLŽNŒŒLNLNLKLMKLLÍŽMKŒÎLMM‚ŒLŽKMÌKŽMŽMÌÌMŒKLML‹ÌMÌÌMMKŒÎLMŒLÂŒLÌMMMÌÌÍMŽKLMMËŽÍLÌÎËŒÎLMNŒLÌKLÍ‹ÍŒÌŒŒŽLMŒKŽŒLŒŒMŽKŒÎLMMMŒLÌ‹LNŽLŽKLMŒNMÌMÎNŒÎLMMLÌÂŒLÌË‹ŽMÎMMŽL™KLL‹LMŽNLMÌŒÎLMML‚ŒLÍNŽLŽKLMŒNMÌMÎNŒÎLMMLÌÂŒLÍKÍ‹ÍŒÌŒŒŽLMŒKŽŒLŒŒMŽKŒÎLMMMŒLÍ‹MMÌÌÍMŽKLMMËŽÍLÌÎËŒÎLMNŒLÍËÌKŽMŽMÌÌMŒKLML‹ÌMÌÌMMKŒÎLMŒLÂŒLÎŒŒLNLNLKLMKLLÍŽMKŒÎLMM‚ŒLÎKLÌËLLÍËŒNKŒÎLMÍŒÂŒLLNKŒŒNKLLËLÎŽËŒÎLMÌLÂŒLKLÌ‹ŽLÌMÍŒMLLM‹LÎMÍ‹ŒÎLMÍL‚ŒL‹MKŒÌŒÍŽÍ‹LLÌŒŒŽMŒÎLMÎBŒLËMM‹ŒÌLLŒŒŒËNLKŒNMLÌ‹ŒÎLNŒBŒLMKÎMLLMÍËÍÍNÍMLËŒÎLNLLBŒLKMÌËŽLÎÎŽMŒËŒLÍÌÍL‹ŒÎLNÍÌÂŒL‹MÎKŽMŒŒMËŽLÌŒLNKŒÎLNNŒLËNŒÍÎÌŒL‹LÌ‹ŒNŽMŽLMÎKŒÎLNLLÎŒLNËŒLLÌL‹LM‹ŒMÌLÌŽLÌL‹ŒÎLNLŒÌ‚ŒLKNËŽNLNLÍL‹‹ŽÍÌLŽMÙKLL‹KŒÍLMLÌÂŒLLNËŒLLÌÌ‹M‹ŒMÌLÌŽLËKŒÍLMLÌÂŒLLKNŒÍÎÌ‹Ì‹ŒNŽMŽLŒNKŒÍLMLŽMÂŒLL‹MÎKŽMŒŒËËŽLÌŒŒÍÎNKŒÍLMLŽLBŒLLËMÌËŽLÎÎLLKŒËŒLÍÌÍLÌŒËKŒÍLMLŽBŒLMMKÎMLLÍL‹ÍËÍÍNNŒ‹KŒÍLMLÂŒLMKMM‹ŒÌLLŒÍKLKŒNMÍMKŒÍLMLŒLBŒLM‹MKŒÌŒÍÌ‹LÌŒŒLNKŒÍLMLNNŒLMËLÌ‹ŽLÌMÍŒÍMLM‹LÎLËKŒÍLMLMÌŒLNLNKŒŒŒŒKLËLÎËKŒÍLMLM‚ŒLNKLÌKLÍËŒNÎL‹KŒÍLMLLLÍÂŒLLŒŒLNLÍÍMKLLÍŽKŒÍLMLŽBŒLLKÌKŽMŽMÌÌNÎKML‹ÌMÌÌKŒÍLMLŒŽBŒLL‹MMÌÌŽMKMMËŽÍLÌÌÍ‹KŒÍLMLŽBŒLLËÍ‹ÍŒÌŒÍŒL‹MŒKŽŒLŒŒMŒ‹KŒÍLMLÎŒLLNŽLÌÎNMŒNMÌMÎM‹KŒÍLMLNBŒLLKL‹ÎMŒŒŒÙKLL‹MŽNLMÌÍËKŒÍLMLMLÂŒLL‹LNŽLÌÎNMŒNMÌMÎM‹KŒÍLMLNBŒLLËLÍ‹ÍŒÌŒÍŒL‹MŒKŽŒLŒŒMŒ‹KŒÍLMLÎŒLLMMMÌÌŽMKMMËŽÍLÌÌÍ‹KŒÍLMLŽBŒLLKMÌKŽMŽMÌÌNÎKML‹ÌMÌÌKŒÍLMLŒŽBŒLLLNŒŒLNLÍÍMKLLÍŽKŒÍLMLŽBŒLLLKLLÌKLÍËŒNÎL‹KŒÍLMLLLÍÂŒLLL‹LLNKŒŒŒŒKLËLÎËKŒÍLMLM‚ŒLLLËLLÌ‹ŽLÌMÍŒÍMLM‹LÎLËKŒÍLMLMÌŒLLMLMKŒÌŒÍÌ‹LÌŒŒLNKŒÍLMLNNŒLLMKLMM‹ŒÌLLŒÍKLKŒNMÍMKŒÍLMLŒLBŒLLM‹LMKÎMLLÍL‹ÍËÍÍNNŒ‹KŒÍLMLÂŒLLMËLMÌËŽLÎÎLLKŒËŒLÍÌÍLÌŒËKŒÍLMLŽBŒLLNLMÎKŽMŒŒËËŽLÌŒŒÍÎNKŒÍLMLŽLBŒLLNKLNŒÍÎÌ‹Ì‹ŒNŽMŽLŒNKŒÍLMLŽMÂŒLLŒLNËŒLLÌÌ‹M‹ŒMÌLÌŽLËKŒÍLMLÌÂŒLLŒKLNËŽNLNLÍL‹LËŒLÍMŒÍÌÌÙKLL‹KŒÍLMLÌÂŒLLŒ‹LNËŒLLÌÌ‹LM‹ŒMÌLÌŽLËKŒÍLMLÌÂŒLLŒËLNŒÍÎÌ‹LÌ‹ŒNŽMŽLŒNKŒÍLMLŽMÂŒLLLMÎKŽMŒŒËMËŽLÌŒŒÍÎNKŒÍLMLŽLBŒLLKLMÌËŽLÎÎLLKMŒËŒLÍÌÍLÌŒËKŒÍLMLŽBŒLL‹LMKÎMLLÍL‹MÍËÍÍNNŒ‹KŒÍLMLÂŒLLËLMM‹ŒÌLLŒÍKNLKŒNMÍMKŒÍLMLŒLBŒLLŽLMKŒÌŒÍÌ‹LLÌŒŒLNKŒÍLMLNNŒLLŽKLLÌ‹ŽLÌMÍŒÍMLLM‹LÎLËKŒÍLMLMÌŒLLÌLLNKŒŒŒŒKLLËLÎËKŒÍLMLM‚ŒLLÌKLLÌKLLÍËŒNÎL‹KŒÍLMLLLÍÂŒLLÌ‹NŒŒLNLÍÍLMKLLÍŽKŒÍLMLŽBŒLLÌËMÌKŽMŽMÌÌNÎKLML‹ÌMÌÌKŒÍLMLŒŽBŒLLÍMMMÌÌŽMKLMMËŽÍLÌÌÍ‹KŒÍLMLŽBŒLLÍKLÍ‹ÍŒÌŒÍŒL‹LMŒKŽŒLŒŒMŒ‹KŒÍLMLÎŒLLÍ‹LNŽLÌÎNLMŒNMÌMÎM‹KŒÍLMLNBŒLLÍË‹ŽÌŽMÌŽŒYKLL‹LMŽNLMÌÍËKŒÍLMLMLÂŒLLÎNŽLÌÎNLMŒNMÌMÎM‹KŒÍLMLNBŒLLÎKÍ‹ÍŒÌŒÍŒL‹LMŒKŽŒLŒŒMŒ‹KŒÍLMLÎŒLMMMÌÌŽMKLMMËŽÍLÌÌÍ‹KŒÍLMLŽBŒLMKÌKŽMŽMÌÌNÎKLML‹ÌMÌÌKŒÍLMLŒŽBŒLM‹ŒŒLNLÍÍLMKLLÍŽKŒÍLMLŽBŒLMËLÌKLLÍËŒNÎL‹KŒÍLMLLLÍÂŒLMLNKŒŒŒŒKLLËLÎËKŒÍLMLM‚ŒLMKLÌ‹ŽLÌMÍŒÍMLLM‹LÎLËKŒÍLMLMÌŒLM‹MKŒÌŒÍÌ‹LLÌŒŒLNKŒÍLMLNNŒLMËMM‹ŒÌLLŒÍKNLKŒNMÍMKŒÍLMLŒLBŒLMMKÎMLLÍL‹MÍËÍÍNNŒ‹KŒÍLMLÂŒLMKMÌËŽLÎÎLLKMŒËŒLÍÌÍLÌŒËKŒÍLMLŽBŒLMLMÎKŽMŒŒËMËŽLÌŒŒÍÎNKŒÍLMLŽLBŒLMLKNŒÍÎÌ‹LÌ‹ŒNŽMŽLŒNKŒÍLMLŽMÂŒLML‹NËŒLLÌÌ‹LM‹ŒMÌLÌŽLËKŒÍLMLÌÂŒLMLËNËŽNLNLÍLÌ‹‹MÍMÍŒLÙKLL‹LŒÌLŽMMŒLMMNËŒLLÍM‹ŒMÌLÌŽLŒŽKLŒÌLŽLÍ‚ŒLMMKNŒÍÎÌÌ‹Ì‹ŒNŽMŽNLNLŒÌLŽBŒLMM‹MÎKŽMŒŒÍËŽLÌŒŒŽKLŒÌLÎLBŒLMMËMÌËŽLÎÎMÍËŒËŒLÍÌÍLKLŒÌLÂŒLMNMKÎMLMËÍËÍÍN‹LŒÌLLLÂŒLMNKMM‹ŒÌLLŒŽKLKŒNMŒËLŒÌLŒÌÌÂŒLMŒMKŒÌŒÍÌNËLÌŒNMÍLŒÌLŒLÌÂŒLMŒKLÌ‹ŽLÌMÍŒLLM‹LÎLLÍKLŒÌLNL‚ŒLMŒ‹LNKŒŒÎKLËLÎMÎKLŒÌLMÂŒLMŒËLÍMKLÍËŒNÎKLŒÌLMÂŒLMŒŒLNMLÌMËMKLLÍÍLŒÌLLÎBŒLMKÌKŽMŽMÌÌÌÍËML‹ÌMÌÌËLŒÌLLMBŒLM‹MMÌÌÌLKMMËŽÍLÌŽNLŒÌLM‚ŒLMËÍ‹ÍŒÌMMŒKŽŒLŒŒMLŒÌLÂŒLMŽNŽLÎLËMŒNMÌMÎMLËLŒÌLÍMBŒLMŽKL‹ÍÎNŒLNYKLL‹MŽNLMÌŽLŒÌLÌÌBŒLMÌLNŽLÎLËMŒNMÌMÎMLËLŒÌLÍMBŒLMÌKLÍ‹ÍŒÌMMŒKŽŒLŒŒMLŒÌLÂŒLMÌ‹MMMÌÌÌLKMMËŽÍLÌŽNLŒÌLM‚ŒLMÌËMÌKŽMŽMÌÌÌÍËML‹ÌMÌÌËLŒÌLLMBŒLMÍNŒŒLNMLÌMËMKLLÍÍLŒÌLLÎBŒLMÍKLLÍMKLÍËŒNÎKLŒÌLMÂŒLMÍ‹LLNKŒŒÎKLËLÎMÎKLŒÌLMÂŒLMÍËLLÌ‹ŽLÌMÍŒLLM‹LÎLLÍKLŒÌLNL‚ŒLMÎLMKŒÌŒÍÌNËLÌŒNMÍLŒÌLŒLÌÂŒLMÎKLMM‹ŒÌLLŒŽKLKŒNMŒËLŒÌLŒÌÌÂŒLNLMKÎMLMËÍËÍÍN‹LŒÌLLLÂŒLNKLMÌËŽLÎÎMÍËŒËŒLÍÌÍLKLŒÌLÂŒLN‹LMÎKŽMŒŒÍËŽLÌŒŒŽKLŒÌLÎLBŒLNËLNŒÍÎÌÌ‹Ì‹ŒNŽMŽNLNLŒÌLŽBŒLNLNËŒLLÍM‹ŒMÌLÌŽLŒŽKLŒÌLŽLÍ‚ŒLNKLNËŽNLNLÍLÌ‹LËŒÍLŽLŒMKLL‹LŒÌLŽMMŒLN‹LNËŒLLÍLM‹ŒMÌLÌŽLŒŽKLŒÌLŽLÍ‚ŒLNËLNŒÍÎÌÌ‹LÌ‹ŒNŽMŽNLNLŒÌLŽBŒLNLMÎKŽMŒŒÍMËŽLÌŒŒŽKLŒÌLÎLBŒLNKLMÌËŽLÎÎMÍËMŒËŒLÍÌÍLKLŒÌLÂŒLNLLMKÎMLMËMÍËÍÍN‹LŒÌLLLÂŒLNLKLMM‹ŒÌLLŒŽKNLKŒNMŒËLŒÌLŒÌÌÂŒLNL‹LMKŒÌŒÍÌNËLLÌŒNMÍLŒÌLŒLÌÂŒLNLËLLÌ‹ŽLÌMÍŒLLLM‹LÎLLÍKLŒÌLNL‚ŒLNMLLNKŒŒÎKLLËLÎMÎKLŒÌLMÂŒLNMKLLÍMKLLÍËŒNÎKLŒÌLMÂŒLNM‹NŒŒLNMLÌMËLMKLLÍÍLŒÌLLÎBŒLNMËMÌKŽMŽMÌÌÌÍËLML‹ÌMÌÌËLŒÌLLMBŒLNNMMMÌÌÌLKLMMËŽÍLÌŽNLŒÌLM‚ŒLNNKLÍ‹ÍŒÌMLMŒKŽŒLŒŒMLŒÌLÂŒLŒLNŽLÎLËLMŒNMÌMÎMLËLŒÌLÍMBŒLŒK‹ÎÍLŽMŒÙKLL‹LMŽNLMÌŽLŒÌLÌÌBŒLŒ‹NŽLÎLËLMŒNMÌMÎMLËLŒÌLÍMBŒLŒËÍ‹ÍŒÌMLMŒKŽŒLŒŒMLŒÌLÂŒLŒMMÌÌÌLKLMMËŽÍLÌŽNLŒÌLM‚ŒLŒKÌKŽMŽMÌÌÌÍËLML‹ÌMÌÌËLŒÌLLMBŒLŒ‹ŒŒLNMLÌMËLMKLLÍÍLŒÌLLÎBŒLŒËLÍMKLLÍËŒNÎKLŒÌLMÂŒLŒLNKŒŒÎKLLËLÎMÎKLŒÌLMÂŒLŒKLÌ‹ŽLÌMÍŒLLLM‹LÎLLÍKLŒÌLNL‚ŒLŒLMKŒÌŒÍÌNËLLÌŒNMÍLŒÌLŒLÌÂŒLŒLKMM‹ŒÌLLŒŽKNLKŒNMŒËLŒÌLŒÌÌÂŒLŒL‹MKÎMLMËMÍËÍÍN‹LŒÌLLLÂŒLŒLËMÌËŽLÎÎMÍËMŒËŒLÍÌÍLKLŒÌLÂŒLŒMMÎKŽMŒŒÍMËŽLÌŒŒŽKLŒÌLÎLBŒLŒMKNŒÍÎÌÌ‹LÌ‹ŒNŽMŽNLNLŒÌLŽBŒLŒM‹NËŒLLÍLM‹ŒMÌLÌŽLŒŽKLŒÌLŽLÍ‚ŒLŒMËNËŽNLNLÍMK‹LÌÍÎÎMÌ™KLL‹ÍKŒÌÍLÂŒLŒNNËŒLLÍ‹M‹ŒMÌLÌŽLNNMKÍKŒÌÍLÂŒLŒNKNŒÍÎÌŽMÌ‹ŒNŽMŽLÍM‹ÍKŒÌÍLÂŒLŒŒMÎKŽMŒŒÎËŽLÌŒŒŒÍKŒÌÍÎBŒLŒŒKMÌËŽLÎËŒËŒLÍÌÍÌLNKÍKŒÌÍŽLÂŒLŒŒ‹MKÎMLMLMËÍËÍÍNÌÎKÍKŒÌÍMÎBŒLŒŒËMM‹ŒÌLLŒŽMÍLKŒNMËÍKŒÌÍBŒLŒMKŒÌŒÍÌŽLËLÌŒNNKÍKŒÌÍŽMBŒLŒKLÌ‹ŽLÌMÍŒLÌ‹LM‹LÎL‹ÍKŒÌÍLÍBŒLŒ‹LNKŒŒLMËLËLÎ‹ÍKŒÌÌÎNMÌBŒLŒËLÍMLÍËŒNÍÌNKÍKŒÌÌÎNŒLŒŽŒŒLNMNKMKLLÍËÍKŒÌÌÎMMBŒLŒŽKÌKŽMŽMÌÍKML‹ÌMÌŽNÍKŒÌÌÎMLMÂŒLŒÌMMÌÌÌLNMMËŽÍLÌŽÍKŒÌÌÎM‚ŒLŒÌKÍ‹ÍŒÌLŒKMŒKŽŒLŒŒMŒŒKÍKŒÌÌÎLÌMBŒLŒÌ‹NŽLMMŒNMÌMÎMËÍKŒÌÌÎLŒBŒLŒÌËL‹MMMÍŽMÍ™KLL‹MŽNLMÌŒKÍKŒÌÌÎL‚ŒLŒÍLNŽLMMŒNMÌMÎMËÍKŒÌÌÎLŒBŒLŒÍKLÍ‹ÍŒÌLŒKMŒKŽŒLŒŒMŒŒKÍKŒÌÌÎLÌMBŒLŒÍ‹MMMÌÌÌLNMMËŽÍLÌŽÍKŒÌÌÎM‚ŒLŒÍËMÌKŽMŽMÌÍKML‹ÌMÌŽNÍKŒÌÌÎMLMÂŒLŒÎNŒŒLNMNKMKLLÍËÍKŒÌÌÎMMBŒLŒÎKLLÍMLÍËŒNÍÌNKÍKŒÌÌÎNŒLLLNKŒŒLMËLËLÎ‹ÍKŒÌÌÎNMÌBŒLKLLÌ‹ŽLÌMÍŒLÌ‹LM‹LÎL‹ÍKŒÌÍLÍBŒL‹LMKŒÌŒÍÌŽLËLÌŒNNKÍKŒÌÍŽMBŒLËLMM‹ŒÌLLŒŽMÍLKŒNMËÍKŒÌÍBŒLLMKÎMLMLMËÍËÍÍNÌÎKÍKŒÌÍMÎBŒLKLMÌËŽLÎËŒËŒLÍÌÍÌLNKÍKŒÌÍŽLÂŒL‹LMÎKŽMŒŒÎËŽLÌŒŒŒÍKŒÌÍÎBŒLËLNŒÍÎÌŽMÌ‹ŒNŽMŽLÍM‹ÍKŒÌÍLÂŒLLNËŒLLÍ‹M‹ŒMÌLÌŽLNNMKÍKŒÌÍLÂŒLKLNËŽNLNLÍMKL‹ŽMŒŒMÌŒŒŽÙKLL‹ÍKŒÌÍLÂŒLLLNËŒLLÍ‹LM‹ŒMÌLÌŽLNNMKÍKŒÌÍLÂŒLLKLNŒÍÎÌŽMLÌ‹ŒNŽMŽLÍM‹ÍKŒÌÍLÂŒLL‹LMÎKŽMŒŒÎMËŽLÌŒŒŒÍKŒÌÍÎBŒLLËLMÌËŽLÎËMŒËŒLÍÌÍÌLNKÍKŒÌÍŽLÂŒLMLMKÎMLMLMËMÍËÍÍNÌÎKÍKŒÌÍMÎBŒLMKLMM‹ŒÌLLŒŽMÍNLKŒNMËÍKŒÌÍBŒLM‹LMKŒÌŒÍÌŽLËLLÌŒNNKÍKŒÌÍŽMBŒLMËLLÌ‹ŽLÌMÍŒLÌ‹LLM‹LÎL‹ÍKŒÌÍLÍBŒLNLLNKŒŒLMËLLËLÎ‹ÍKŒÌÌÎNMÌBŒLNKLLÍMLLÍËŒNÍÌNKÍKŒÌÌÎNŒLŒNŒŒLNMNKLMKLLÍËÍKŒÌÌÎMMBŒLŒKMÌKŽMŽMÌÍKLML‹ÌMÌŽNÍKŒÌÌÎMLMÂŒLŒ‹MMMÌÌÌLNLMMËŽÍLÌŽÍKŒÌÌÎM‚ŒLŒËLÍ‹ÍŒÌLŒKLMŒKŽŒLŒŒMŒŒKÍKŒÌÌÎLÌMBŒLLNŽLMLMŒNMÌMÎMËÍKŒÌÌÎLŒBŒLK‹ŽMLLMÌ™KLL‹LMŽNLMÌŒKÍKŒÌÌÎL‚ŒL‹NŽLMLMŒNMÌMÎMËÍKŒÌÌÎLŒBŒLËÍ‹ÍŒÌLŒKLMŒKŽŒLŒŒMŒŒKÍKŒÌÌÎLÌMBŒLŽMMÌÌÌLNLMMËŽÍLÌŽÍKŒÌÌÎM‚ŒLŽKÌKŽMŽMÌÍKLML‹ÌMÌŽNÍKŒÌÌÎMLMÂŒLÌŒŒLNMNKLMKLLÍËÍKŒÌÌÎMMBŒLÌKLÍMLLÍËŒNÍÌNKÍKŒÌÌÎNŒLÌ‹LNKŒŒLMËLLËLÎ‹ÍKŒÌÌÎNMÌBŒLÌËLÌ‹ŽLÌMÍŒLÌ‹LLM‹LÎL‹ÍKŒÌÍLÍBŒLÍMKŒÌŒÍÌŽLËLLÌŒNNKÍKŒÌÍŽMBŒLÍKMM‹ŒÌLLŒŽMÍNLKŒNMËÍKŒÌÍBŒLÍ‹MKÎMLMLMËMÍËÍÍNÌÎKÍKŒÌÍMÎBŒLÍËMÌËŽLÎËMŒËŒLÍÌÍÌLNKÍKŒÌÍŽLÂŒLÎMÎKŽMŒŒÎMËŽLÌŒŒŒÍKŒÌÍÎBŒLÎKNŒÍÎÌŽMLÌ‹ŒNŽMŽLÍM‹ÍKŒÌÍLÂŒLŽNËŒLLÍ‹LM‹ŒMÌLÌŽLNNMKÍKŒÌÍLÂŒLŽKNËŽNLNLÍMNK‹ŒÌŒLLÎMMKLL‹LŒŒÍÍLBŒLŽ‹NËŒLLÎM‹ŒMÌLÌŽLMÍÍKLŒŒÍÍBŒLŽËNŒÍÎÌÌŒKÌ‹ŒNŽMŽLËLŒŒÍÍÌBŒLŽMÎKŽMŒŒMËËŽLÌŒŒMËLŒŒÍÍŒÂŒLŽKMÌËŽLÎKŒËŒLÍÌÍŒÍÌËLŒŒÍÍÍMÂŒLŽ‹MKÎMLMN‹ÍËÍÍNLÎKLŒŒÍÍÍBŒLŽËMM‹ŒÌLLŒÌLËLKŒNMŒÎNNM‹LŒŒÍÍMÎŒLŽMKŒÌŒÍÌÎ‹LÌŒMÍËLŒŒÍÍÂŒLŽKLÌ‹ŽLÌMÍŒLLÍLM‹LÎMËLŒŒÍÍÍMŒLŽLLNKŒŒŒ‹LËLÎLŒŒÍÍŒÍBŒLŽLKLÍMËLÍËŒNÍMËLŒŒÍÍLMÂŒLŽL‹ŒŒLNMÍŒLËMKLLÍL‹LŒŒÍÍBŒLŽLËÌKŽMŽMÌÍLÌMËML‹ÌMÌŽMKLŒŒÍÌÎLŒLŽMMMÌÌÌMÍNKMMËŽÍLÌKLŒŒÍÌÎ‚ŒLŽMKÍ‹ÍŒÌMNËMŒKŽŒLŒŒMŒKLŒŒÍÌÍÍM‚ŒLŽM‹NŽLMËMŒNMÌMÎLÍËLŒŒÍÌÍÌM‚ŒLŽMËL‹MÍŽLÍNLYKLL‹MŽNLMÌMËLŒŒÍÌÍÌÂŒLŽNLNŽLNMŒNMÌMÎLÍËLŒŒÍÌÍÌM‚ŒLŽNKLÍ‹ÍŒÌMNËMŒKŽŒLŒŒMŒKLŒŒÍÌÍÍM‚ŒLÌMMMÌÌÌMÍNKMMËŽÍLÌKLŒŒÍÌÎ‚ŒLÌKMÌKŽMŽMÌÍLÌNML‹ÌMÌŽMKLŒŒÍÌÎLŒLÌ‹NŒŒLNMÍŒLËMKLLÍL‹LŒŒÍÍBŒLÌËLLÍMËLÍËŒNÍMËLŒŒÍÍLMÂŒLÌLLNKŒŒŒ‹LËLÎLŒŒÍÍŒÍBŒLÌKLLÌ‹ŽLÌMÍŒLLÍLM‹LÎMËLŒŒÍÍÍMŒLÌ‹LMKŒÌŒÍÌÎ‹LÌŒMÍËLŒŒÍÍÂŒLÌËLMM‹ŒÌLLŒÌLËLKŒNMŒÎNNM‹LŒŒÍÍMÎŒLÌLMKÎMLMN‹ÍËÍÍNLÎKLŒŒÍÍÍBŒLÌKLMÌËŽLÎKŒËŒLÍÌÍŒÍÌËLŒŒÍÍÍMÂŒLÌLLMÎKŽMŒŒMËËŽLÌŒŒMËLŒŒÍÍŒÂŒLÌLKLNŒÍÎÌÌŒKÌ‹ŒNŽMŽLËLŒŒÍÍÌBŒLÌL‹LNËŒLLÎM‹ŒMÌLÌŽLMÍÍKLŒŒÍÍBŒLÌLËLNËŽNLNLÍMNKL‹ŽLÌÍÍLMMKLL‹LŒŒÍÍLBŒLÌMLNËŒLLÎLM‹ŒMÌLÌŽLMÍÍKLŒŒÍÍBŒLÌMKLNŒÍÎÌÌŒKLÌ‹ŒNŽMŽLËLŒŒÍÍÌBŒLÌM‹LMÎKŽMŒŒMËMËŽLÌŒŒMËLŒŒÍÍŒÂŒLÌMËLMÌËŽLÎKMŒËŒLÍÌÍŒÍÌËLŒŒÍÍÍMÂŒLÌNLMKÎMLMN‹MÍËÍÍNLÎKLŒŒÍÍÍBŒLÌNKLMM‹ŒÌLLŒÌLËNLKŒNMŒÎNNM‹LŒŒÍÍMÎŒLÌŒLMKŒÌŒÍÌÎ‹LLÌŒMÍËLŒŒÍÍÂŒLÌŒKLLÌ‹ŽLÌMÍŒLLÍLLM‹LÎMËLŒŒÍÍÍMŒLÌŒ‹LLNKŒŒŒ‹LLËLÎLŒŒÍÍŒÍBŒLÌŒËLLÍMËLLÍËŒNÍMËLŒŒÍÍLMÂŒLÌNŒŒLNMÍŒLËLMKLLÍL‹LŒŒÍÍBŒLÌKMÌKŽMŽMÌÍLÌMËLML‹ÌMÌŽMKLŒŒÍÌÎLŒLÌ‹MMMÌÌÌMÍNKLMMËŽÍLÌKLŒŒÍÌÎ‚ŒLÌËLÍ‹ÍŒÌMNËLMŒKŽŒLŒŒMŒKLŒŒÍÌÍÍM‚ŒLÌŽLNŽLMËLMŒNMÌMÎLÍËLŒŒÍÌÍÌM‚ŒLÌŽK‹NLMMÌYKLL‹LMŽNLMÌMËLŒŒÍÌÍÌÂŒLÌÌNŽLNLMŒNMÌMÎLÍËLŒŒÍÌÍÌM‚ŒLÌÌKÍ‹ÍŒÌMNËLMŒKŽŒLŒŒMŒKLŒŒÍÌÍÍM‚ŒLÌÌ‹MMÌÌÌMÍNKLMMËŽÍLÌKLŒŒÍÌÎ‚ŒLÌÌËÌKŽMŽMÌÍLÌMËLML‹ÌMÌŽMKLŒŒÍÌÎLŒLÌÍŒŒLNMÍŒLËLMKLLÍL‹LŒŒÍÍBŒLÌÍKLÍMËLLÍËŒNÍMËLŒŒÍÍLMÂŒLÌÍ‹LNKŒŒŒ‹LLËLÎLŒŒÍÍŒÍBŒLÌÍËLÌ‹ŽLÌMÍŒLLÍLLM‹LÎMËLŒŒÍÍÍMŒLÌÎMKŒÌŒÍÌÎ‹LLÌŒMÍËLŒŒÍÍÂŒLÌÎKMM‹ŒÌLLŒÌLËNLKŒNMŒÎNNM‹LŒŒÍÍMÎŒLÍMKÎMLMN‹MÍËÍÍNLÎKLŒŒÍÍÍBŒLÍKMÌËŽLÎKMŒËŒLÍÌÍŒÍÌËLŒŒÍÍÍMÂŒLÍ‹MÎKŽMŒŒMËMËŽLÌŒŒMËLŒŒÍÍŒÂŒLÍËNŒÍÎÌÌŒKLÌ‹ŒNŽMŽLËLŒŒÍÍÌBŒLÍNËŒLLÎLM‹ŒMÌLÌŽLMÍÍKLŒŒÍÍBŒLÍKNËŽNLNLÍMÎ‹ŒNMMMNÌ™KLL‹LKŒNMLŽML‚ŒLÍ‹NËŒLMKM‹ŒMÌLÌŽLMŒLKŒNMLŽMBŒLÍËNŒÍÎÌÍ‹Ì‹ŒNŽMŽŒ‹LKŒNMLŽL‚ŒLÍMÎKŽMŒŒKËŽLÌŒŒMKLKŒNMLŽMŒLÍKMÌËŽLÎLŒËŒLÍÌÍNLKŒNMLŽBŒLÍLMKÎMLMŒÍ‹ÍËÍÍNNLKLKŒNMLŽÎMBŒLÍLKMM‹ŒÌLLŒÌLNLKŒNMŒÎLÌKLKŒNMLŽÌÂŒLÍL‹MKŒÌŒÍÍŒKLÌŒMÌ‹LKŒNMLŽMÂŒLÍLËLÌ‹ŽLÌMÍŒLŒMËLM‹LÎÎLKŒNMLŽMÍÂŒLÍMLNKŒŒÌL‹LËLÎŒÍKLKŒNMLŽMBŒLÍMKLÍÍLÍËŒNÍŒLKŒNMLŽLÂŒLÍM‹ŒŒLNNÍ‹MKLLÍŒMLKŒNMLŽÌÍBŒLÍMËÌKŽMŽMÌÍŒËML‹ÌMÌŽLNLKŒNMLŽBŒLÍNMMÌÌÌŒÍLKMMËŽÍLÌŒËLKŒNMLŽŒ‚ŒLÍNKÍ‹ÍŒÌŒKMŒKŽŒLŒŒMNNKLKŒNMLŽMŒBŒLÍŒNŽLŒÌËMŒNMÌMÎLÌ‹LKŒNMLŽLÌÂŒLÍŒKL‹ŒMÍŒÌÍYKLL‹MŽNLMÌMLKŒNMLŽLŒLÍŒ‹LNŽLŒÌËMŒNMÌMÎLÌ‹LKŒNMLŽLÌÂŒLÍŒËLÍ‹ÍŒÌŒKMŒKŽŒLŒŒMNNKLKŒNMLŽMŒBŒLÍMMMÌÌÌŒÍLKMMËŽÍLÌŒËLKŒNMLŽŒ‚ŒLÍKMÌKŽMŽMÌÍŒËML‹ÌMÌŽLNLKŒNMLŽBŒLÍ‹NŒŒLNNÍ‹MKLLÍŒMLKŒNMLŽÌÍBŒLÍËLLÍÍLÍËŒNÍŒLKŒNMLŽLÂŒLÍŽLLNKŒŒÌL‹LËLÎŒÍKLKŒNMLŽMBŒLÍŽKLLÌ‹ŽLÌMÍŒLŒMËLM‹LÎÎLKŒNMLŽMÍÂŒLÍÌLMKŒÌŒÍÍŒKLÌŒMÌ‹LKŒNMLŽMÂŒLÍÌKLMM‹ŒÌLLŒÌLNLKŒNMŒÎLÌKLKŒNMLŽÌÂŒLÍÌ‹LMKÎMLMŒÍ‹ÍËÍÍNNKLKŒNMLŽÎMBŒLÍÌËLMÌËŽLÎLŒËŒLÍÌÍNLKŒNMLŽBŒLÍÍLMÎKŽMŒŒKËŽLÌŒŒMKLKŒNMLŽMŒLÍÍKLNŒÍÎÌÍ‹Ì‹ŒNŽMŽŒ‹LKŒNMLŽL‚ŒLÍÍ‹LNËŒLMKM‹ŒMÌLÌŽLMŒLKŒNMLŽMBŒLÍÍËLNËŽNLNLÍMÎL‹ŽMLÍNŽL™KLL‹LKŒNMLŽML‚ŒLÍÎLNËŒLMKLM‹ŒMÌLÌŽLMŒLKŒNMLŽMBŒLÍÎKLNŒÍÎÌÍ‹LÌ‹ŒNŽMŽŒ‹LKŒNMLŽL‚ŒLÎLMÎKŽMŒŒKMËŽLÌŒŒMKLKŒNMLŽMŒLÎKLMÌËŽLÎLMŒËŒLÍÌÍNLKŒNMLŽBŒLÎ‹LMKÎMLMŒÍ‹MÍËÍÍNNLKLKŒNMLŽÎMBŒLÎËLMM‹ŒÌLLŒÌLNNLKŒNMŒÎLÌKLKŒNMLŽÌÂŒLÎLMKŒÌŒÍÍŒKLLÌŒMÌ‹LKŒNMLŽMÂŒLÎKLLÌ‹ŽLÌMÍŒLŒMËLLM‹LÎÎLKŒNMLŽMÍÂŒLÎ‹LLNKŒŒÌL‹LLËLÎŒÍKLKŒNMLŽMBŒLÎËLLÍÍLLÍËŒNÍŒLKŒNMLŽLÂŒLÎNŒŒLNNÍ‹LMKLLÍŒMLKŒNMLŽÌÍBŒLÎKMÌKŽMŽMÌÍŒËLML‹ÌMÌŽLNLKŒNMLŽBŒLÎLMMMÌÌÌŒÍLKLMMËŽÍLÌŒËLKŒNMLŽŒ‚ŒLÎLKLÍ‹ÍŒÌŒKLMŒKŽŒLŒŒMNNKLKŒNMLŽMŒBŒLÎL‹LNŽLŒÌËLMŒNMÌMÎLÌ‹LKŒNMLŽLÌÂŒLÎLË‹LMÎMNÎŒŒÙKLL‹LMŽNLMÌMLKŒNMLŽLŒLÎMNŽLŒÌËLMŒNMÌMÎLÌ‹LKŒNMLŽLÌÂŒLÎMKÍ‹ÍŒÌŒKLMŒKŽŒLŒŒMNNKLKŒNMLŽMŒBŒLÎM‹MMÌÌÌŒÍLKLMMËŽÍLÌŒËLKŒNMLŽŒ‚ŒLÎMËÌKŽMŽMÌÍŒËLML‹ÌMÌŽLNLKŒNMLŽBŒLÎNŒŒLNNÍ‹LMKLLÍŒMLKŒNMLŽÌÍBŒLÎNKLÍÍLLÍËŒNÍŒLKŒNMLŽLÂŒMLNKŒŒÌL‹LLËLÎŒÍKLKŒNMLŽMBŒMKLÌ‹ŽLÌMÍŒLŒMËLLM‹LÎÎLKŒNMLŽMÍÂŒM‹MKŒÌŒÍÍŒKLLÌŒMÌ‹LKŒNMLŽMÂŒMËMM‹ŒÌLLŒÌLNNLKŒNMŒÎLÌKLKŒNMLŽÌÂŒMMKÎMLMŒÍ‹MÍËÍÍNNKLKŒNMLŽÎMBŒMKMÌËŽLÎLMŒËŒLÍÌÍNLKŒNMLŽBŒM‹MÎKŽMŒŒKMËŽLÌŒŒMKLKŒNMLŽMŒMËNŒÍÎÌÍ‹LÌ‹ŒNŽMŽŒ‹LKŒNMLŽL‚ŒMNËŒLMKLM‹ŒMÌLÌŽLMŒLKŒNMLŽMBŒMKNËŽNLNLÍN‹ŒŽLÍMLÎLYKLL‹MLŒMMŒŒÌŽŒMLNËŒLLÌM‹ŒMÌLÌŽLLÍŽKMLŒMMŒŒÌBŒMLKNŒÍÎÌÎÌ‹ŒNŽMŽMKMLŒMMŒŒÌMŒML‹MÎKŽMŒŒÎMKËŽLÌŒŒŽKMLŒMMŒŒŽNMBŒMLËMÌËŽLÎËŒËŒLÍÌÍLËMLŒMMŒŒŽMÂŒMMMKÎMLMŒNÍËÍÍNNMËMLŒMMŒŒŽLÎŒMMKMM‹ŒÌLLŒÌL‹LKŒNMŒÎÍÌËMLŒMMŒŒŽNBŒMM‹MKŒÌŒÍÍKLÌŒMŒKMLŒMMŒŒŽMBŒMMËLÌ‹ŽLÌMÍŒLL‹LM‹LÎÎKMLŒMMŒŒŽ‚ŒMNLNKŒŒÍNKLËLÎŒÌKMLŒMMŒŒÍMBŒMNKLÍÎM‹LÍËŒNÍMMLŒMMŒŒÌÂŒMŒŒŒLNNMÎKMKLLÍMNMLŒMMŒŒLÂŒMŒKÌKŽMŽMÌÍMMML‹ÌMÌŽÍMLŒMMŒŒŒŒMŒ‹MMÌÌÌÍÍ‹MMËŽÍLÌNMMLŒMMŒŒMŽBŒMŒËÍ‹ÍŒÌŒÌËMŒKŽŒLŒŒMMÍMLŒMMŒŒMŒMNŽLÎLËMŒNMÌMÎLLËMLŒMMŒŒLŒ‚ŒMKL‹ŒLÌŒÍŒÌÍÎKLL‹MŽNLMÌÍ‹MLŒMMŒŒLMBŒM‹LNŽLÎLËMŒNMÌMÎLLËMLŒMMŒŒLŒ‚ŒMËLÍ‹ÍŒÌŒÌËMŒKŽŒLŒŒMMÍMLŒMMŒŒMŒMŽMMMÌÌÌÍÍ‹MMËŽÍLÌNMMLŒMMŒŒMŽBŒMŽKMÌKŽMŽMÌÍMMML‹ÌMÌŽÍMLŒMMŒŒŒŒMÌNŒŒLNNMÎKMKLLÍMNMLŒMMŒŒLÂŒMÌKLLÍÎM‹LÍËŒNÍMMLŒMMŒŒÌÂŒMÌ‹LLNKŒŒÍNKLËLÎŒÌKMLŒMMŒŒÍMBŒMÌËLLÌ‹ŽLÌMÍŒLL‹LM‹LÎÎKMLŒMMŒŒŽ‚ŒMÍLMKŒÌŒÍÍKLÌŒMŒKMLŒMMŒŒŽMBŒMÍKLMM‹ŒÌLLŒÌL‹LKŒNMŒÎÍÌËMLŒMMŒŒŽNBŒMÍ‹LMKÎMLMŒNÍËÍÍNNMËMLŒMMŒŒŽLÎŒMÍËLMÌËŽLÎËŒËŒLÍÌÍLËMLŒMMŒŒŽMÂŒMÎLMÎKŽMŒŒÎMKËŽLÌŒŒŽKMLŒMMŒŒŽNMBŒMÎKLNŒÍÎÌÎÌ‹ŒNŽMŽMKMLŒMMŒŒÌMŒMLNËŒLLÌM‹ŒMÌLÌŽLLÍŽKMLŒMMŒŒÌBŒMKLNËŽNLNLÍNL‹ÌÌNLŒLŽ™KLL‹MLŒMMŒŒÌŽŒM‹LNËŒLLÌLM‹ŒMÌLÌŽLLÍŽKMLŒMMŒŒÌBŒMËLNŒÍÎÌÎLÌ‹ŒNŽMŽMKMLŒMMŒŒÌMŒMLMÎKŽMŒŒÎMKMËŽLÌŒŒŽKMLŒMMŒŒŽNMBŒMKLMÌËŽLÎËMŒËŒLÍÌÍLËMLŒMMŒŒŽMÂŒM‹LMKÎMLMŒNMÍËÍÍNNMËMLŒMMŒŒŽLÎŒMËLMM‹ŒÌLLŒÌL‹NLKŒNMŒÎÍÌËMLŒMMŒŒŽNBŒMLMKŒÌŒÍÍKLLÌŒMŒKMLŒMMŒŒŽMBŒMKLLÌ‹ŽLÌMÍŒLL‹LLM‹LÎÎKMLŒMMŒŒŽ‚ŒMLLLNKŒŒÍNKLLËLÎŒÌKMLŒMMŒŒÍMBŒMLKLLÍÎM‹LLÍËŒNÍMMLŒMMŒŒÌÂŒML‹NŒŒLNNMÎKLMKLLÍMNMLŒMMŒŒLÂŒMLËMÌKŽMŽMÌÍMMLML‹ÌMÌŽÍMLŒMMŒŒŒŒMMMMMÌÌÌÍÍ‹LMMËŽÍLÌNMMLŒMMŒŒMŽBŒMMKLÍ‹ÍŒÌŒÌËLMŒKŽŒLŒŒMMÍMLŒMMŒŒMŒMM‹LNŽLÎLËLMŒNMÌMÎLLËMLŒMMŒŒLŒ‚ŒMMË‹MŽLMÌŽYKLL‹LMŽNLMÌÍ‹MLŒMMŒŒLMBŒMNNŽLÎLËLMŒNMÌMÎLLËMLŒMMŒŒLŒ‚ŒMNKÍ‹ÍŒÌŒÌËLMŒKŽŒLŒŒMMÍMLŒMMŒŒMŒMŒMMÌÌÌÍÍ‹LMMËŽÍLÌNMMLŒMMŒŒMŽBŒMŒKÌKŽMŽMÌÍMMLML‹ÌMÌŽÍMLŒMMŒŒŒŒMŒ‹ŒŒLNNMÎKLMKLLÍMNMLŒMMŒŒLÂŒMŒËLÍÎM‹LLÍËŒNÍMMLŒMMŒŒÌÂŒMLNKŒŒÍNKLLËLÎŒÌKMLŒMMŒŒÍMBŒMKLÌ‹ŽLÌMÍŒLL‹LLM‹LÎÎKMLŒMMŒŒŽ‚ŒM‹MKŒÌŒÍÍKLLÌŒMŒKMLŒMMŒŒŽMBŒMËMM‹ŒÌLLŒÌL‹NLKŒNMŒÎÍÌËMLŒMMŒŒŽNBŒMŽMKÎMLMŒNMÍËÍÍNNMËMLŒMMŒŒŽLÎŒMŽKMÌËŽLÎËMŒËŒLÍÌÍLËMLŒMMŒŒŽMÂŒMÌMÎKŽMŒŒÎMKMËŽLÌŒŒŽKMLŒMMŒŒŽNMBŒMÌKNŒÍÎÌÎLÌ‹ŒNŽMŽMKMLŒMMŒŒÌMŒMÌ‹NËŒLLÌLM‹ŒMÌLÌŽLLÍŽKMLŒMMŒŒÌBŒMÌËNËŽNLNLÌÍŒ‹KŽÍŽNMMŒŽKLL‹MÍKŒLMÌMÌLM‚ŒMÍNËŒLLNL‹M‹ŒMÌLÌŽLLÎKMÍKŒLMÌMÌLMBŒMÍKNŒÍÎÌMNÌ‹ŒNŽMŽÍNKMÍKŒLMÌMÌLL‚ŒMÍ‹MÎKŽMŒŒŽMËŽLÌŒNMLLËMÍKŒLMÌMÌL‚ŒMÍËMÌËŽLÎŒËŒLÍÌÍMÍKŒLMÌMÌNŒMÎMKÎMLMMŒËÍËÍÍMÎNMŒKMÍKŒLMÌMÌÂŒMÎKMM‹ŒÌLLŒÌKLKŒNMŒÍÌÌËMÍKŒLMÌMÌÌ‚ŒMMKŒÌŒÍÍÌËLÌŒMLMÍKŒLMÌMÌLÂŒMKLÌ‹ŽLÌMÍŒLŒËLM‹LÎŽLËMÍKŒLMÌMÌÌ‚ŒM‹LNKŒŒÎLËLÎŒNMÍKŒLMÌMÌŒMËLÎÌKLÍËŒNÍKMÍKŒLMÌMŽN‚ŒMŒŒLNNLÍËMKLLÍMKMÍKŒLMÌMŽMMÂŒMKÌKŽMŽMÌÍŽLÌ‹ML‹ÌMÌŽMÍKŒLMÌMŽLÌÂŒM‹MMÌÌÌÌLKMMËŽÍLÌMMKMÍKŒLMÌMŽLL‚ŒMËÍ‹ÍŒÌMMŒKŽŒLŒŒMMËMÍKŒLMÌMŽMÂŒMNŽLLNMŒNMÌMÎËMÍKŒLMÌMŽ‚ŒMKLKŽLÎÌÍÎLÍYKLL‹MŽNLMÌLËMÍKŒLMÌMŽÂŒMLLNŽLLNMŒNMÌMÎËMÍKŒLMÌMŽ‚ŒMLKLÍ‹ÍŒÌMMŒKŽŒLŒŒMMËMÍKŒLMÌMŽMÂŒML‹MMMÌÌÌÌL‹MMËŽÍLÌMMKMÍKŒLMÌMŽLL‚ŒMLËMÌKŽMŽMÌÍŽLÌ‹ML‹ÌMÌŽMÍKŒLMÌMŽLÌÂŒMMNŒŒLNNLÍËMKLLÍMKMÍKŒLMÌMŽMMÂŒMMKLLÎÌKLÍËŒNÍKMÍKŒLMÌMŽN‚ŒMM‹LLNKŒŒÎLËLÎŒNMÍKŒLMÌMÌŒMMËLLÌ‹ŽLÌMÍŒLŒËLM‹LÎŽLËMÍKŒLMÌMÌÌ‚ŒMNLMKŒÌŒÍÍÌËLÌŒMLMÍKŒLMÌMÌLÂŒMNKLMM‹ŒÌLLŒÌKLKŒNMŒÍÌÌËMÍKŒLMÌMÌÌ‚ŒMLLMKÎMLMMŒËÍËÍÍMÎNMŒKMÍKŒLMÌMÌÂŒMLKLMÌËŽLÎŒËŒLÍÌÍMÍKŒLMÌMÌNŒML‹LMÎKŽMŒŒŽMËŽLÌŒNMLLËMÍKŒLMÌMÌL‚ŒMLËLNŒÍÎÌMNÌ‹ŒNŽMŽÍNKMÍKŒLMÌMÌLL‚ŒMLLNËŒLLNL‹M‹ŒMÌLÌŽLLÎKMÍKŒLMÌMÌLMBŒMLKLNËŽNLNLÌÍŒ‹L‹MMM™KLL‹MÍKŒLMÌMÌLM‚ŒML‹LNËŒLLNL‹LM‹ŒMÌLÌŽLLÎKMÍKŒLMÌMÌLMBŒMLËLNŒÍÎÌMNLÌ‹ŒNŽMŽÍNKMÍKŒLMÌMÌLL‚ŒMLLMÎKŽMŒŒŽMMËŽLÌŒNMLLËMÍKŒLMÌMÌL‚ŒMLKLMÌËŽLÎMŒËŒLÍÌÍMÍKŒLMÌMÌNŒMLLLMKÎMLMMŒËMÍËÍÍMÎNMŒKMÍKŒLMÌMÌÂŒMLLKLMM‹ŒÌLLŒÌKNLKŒNMŒÍÌÌËMÍKŒLMÌMÌÌ‚ŒMLL‹LMKŒÌŒÍÍÌËLLÌŒMLMÍKŒLMÌMÌLÂŒMLLËLLÌ‹ŽLÌMÍŒLŒËLLM‹LÎŽLËMÍKŒLMÌMÌÌ‚ŒMLMLLNKŒŒÎLLËLÎŒNMÍKŒLMÌMÌŒMLMKLLÎÌKLLÍËŒNÍKMÍKŒLMÌMŽN‚ŒMLM‹NŒŒLNNLÍËLMKLLÍMKMÍKŒLMÌMŽMMÂŒMLMËMÌKŽMŽMÌÍŽLÌ‹LML‹ÌMÌŽMÍKŒLMÌMŽLÌÂŒMLNMMMÌÌÌÌLKLMMËŽÍLÌMMKMÍKŒLMÌMŽLL‚ŒMLNKLÍ‹ÍŒÌMLMŒKŽŒLŒŒMMËMÍKŒLMÌMŽMÂŒMLŒLNŽLLNLMŒNMÌMÎËMÍKŒLMÌMŽ‚ŒMLŒK‹ŒÍÌÍÎMMÌMKLL‹LMŽNLMÌLËMÍKŒLMÌMŽÂŒMLŒ‹NŽLLNLMŒNMÌMÎËMÍKŒLMÌMŽ‚ŒMLŒËÍ‹ÍŒÌMLMŒKŽŒLŒŒMMËMÍKŒLMÌMŽMÂŒMLMMÌÌÌÌLKLMMËŽÍLÌMMKMÍKŒLMÌMŽLL‚ŒMLKÌKŽMŽMÌÍŽLÌ‹LML‹ÌMÌŽMÍKŒLMÌMŽLÌÂŒML‹ŒŒLNNLÍËLMKLLÍMKMÍKŒLMÌMŽMMÂŒMLËLÎÌKLLÍËŒNÍKMÍKŒLMÌMŽN‚ŒMLŽLNKŒŒÎLLËLÎŒNMÍKŒLMÌMÌŒMLŽKLÌ‹ŽLÌMÍŒLŒËLLM‹LÎŽLËMÍKŒLMÌMÌÌ‚ŒMLÌMKŒÌŒÍÍÌËLLÌŒMLMÍKŒLMÌMÌLÂŒMLÌKMM‹ŒÌLLŒÌKNLKŒNMŒÍÌÌËMÍKŒLMÌMÌÌ‚ŒMLÌ‹MKÎMLMMŒËMÍËÍÍMÎNMŒKMÍKŒLMÌMÌÂŒMLÌËMÌËŽLÎMŒËŒLÍÌÍMÍKŒLMÌMÌNŒMLÍMÎKŽMŒŒŽMMËŽLÌŒNMLLËMÍKŒLMÌMÌL‚ŒMLÍKNŒÍÎÌMNLÌ‹ŒNŽMŽÍNKMÍKŒLMÌMÌLL‚ŒMLÍ‹NËŒLLNL‹LM‹ŒMÌLÌŽLLÎKMÍKŒLMÌMÌLMBŒMLÍËNËŽNLNMMŒ‹KŒÌŒŒÙKLL‹ŒŒÎLLMMBŒMLÎNËŒLNMÎKM‹ŒMÌLÌŽLNŒ‹ŒŒÎLLMNŒMLÎKNŒÍÎÌLÌËÌ‹ŒNŽMŽLKŒŒÎLLMŒMMMÎKŽMŒŒNKËŽLÌŒŒMLËŒŒÎLLMÍŒMMKMÌËŽLÎŒ‹ŒËŒLÍÌÍŒŒÎLLN‚ŒMM‹MKÎMLŒL‹ÍËÍÍNN‹ŒŒÎLLNNBŒMMËMM‹ŒÌLLŒÍM‹LKŒNMLËŒŒÎLLŒLBŒMMMKŒÌŒÍÎLKLÌŒMÍÌKŒŒÎLLŒŒ‚ŒMMKLÌ‹ŽLÌMÍŒMMŽKLM‹LÎMKŒŒÎLLŒÂŒMM‹LNKŒŒLËLËLÎMKŒŒÎLLŒÍŒMMËL‹LÍËŒNÍÌËŒŒÎLLŒÍ‚ŒMMŒŒLŒÎMKMKLLÍŽŒŒÎLLŒÍ‚ŒMMKÌKŽMŽMÌÍÎN‹ML‹ÌMÌŽNËŒŒÎLLŒÍŒMMLMMÌÌÌÎÍKMMËŽÍLÌËŒŒÎLLŒÌBŒMMLKÍ‹ÍŒÌÌMŒKŽŒLŒŒMÍŒŒÎLLŒŽŒMML‹NŽLLM‹MŒNMÌMŽKŒŒÎLLŒ‚ŒMMLËLKMÌLLÎKLL‹MŽNLMÌLÌ‹ŒŒÎLLŒ‚ŒMMMLNŽLLM‹MŒNMÌMŽKŒŒÎLLŒ‚ŒMMMKLÍ‹ÍŒÌÌMŒKŽŒLŒŒMÍŒŒÎLLŒŽŒMMM‹MMMÌÌÌÎÍKMMËŽÍLÌËŒŒÎLLŒÌBŒMMMËMÌKŽMŽMÌÍÎN‹ML‹ÌMÌŽNËŒŒÎLLŒÍŒMMNNŒŒLŒÎMKMKLLÍŽŒŒÎLLŒÍ‚ŒMMNKLL‹LÍËŒNÍÌËŒŒÎLLŒÍ‚ŒMMŒLLNKŒŒLËLËLÎMKŒŒÎLLŒÍŒMMŒKLLÌ‹ŽLÌMÍŒMMŽKLM‹LÎMKŒŒÎLLŒÂŒMMŒ‹LMKŒÌŒÍÎLKLÌŒMÍÌKŒŒÎLLŒŒ‚ŒMMŒËLMM‹ŒÌLLŒÍM‹LKŒNMLËŒŒÎLLŒLBŒMMLMKÎMLŒL‹ÍËÍÍNN‹ŒŒÎLLNNBŒMMKLMÌËŽLÎŒ‹ŒËŒLÍÌÍŒŒÎLLN‚ŒMM‹LMÎKŽMŒŒNKËŽLÌŒŒML‹ŒŒÎLLMÍŒMMËLNŒÍÎÌLÌËÌ‹ŒNŽMŽLKŒŒÎLLMŒMMŽLNËŒLNMÎKM‹ŒMÌLÌŽLNŒ‹ŒŒÎLLMNŒMMŽKLNËŽNLNMMŒ‹L‹NLLŽN™KLL‹ŒŒÎLLMMBŒMMÌLNËŒLNMÎKLM‹ŒMÌLÌŽLNŒ‹ŒŒÎLLMNŒMMÌKLNŒÍÎÌLÌËLÌ‹ŒNŽMŽLKŒŒÎLLMŒMMÌ‹LMÎKŽMŒŒNKMËŽLÌŒŒMLËŒŒÎLLMÍŒMMÌËLMÌËŽLÎŒ‹MŒËŒLÍÌÍŒŒÎLLN‚ŒMMÍLMKÎMLŒL‹MÍËÍÍNN‹ŒŒÎLLNNBŒMMÍKLMM‹ŒÌLLŒÍM‹NLKŒNMLËŒŒÎLLŒLBŒMMÍ‹LMKŒÌŒÍÎLKLLÌŒMÍÌKŒŒÎLLŒŒ‚ŒMMÍËLLÌ‹ŽLÌMÍŒMMŽKLLM‹LÎMKŒŒÎLLŒÂŒMMÎLLNKŒŒLËLLËLÎMKŒŒÎLLŒÍŒMMÎKLL‹LLÍËŒNÍÌËŒŒÎLLŒÍ‚ŒMNNŒŒLŒÎMKLMKLLÍŽŒŒÎLLŒÍ‚ŒMNKMÌKŽMŽMÌÍÎN‹LML‹ÌMÌŽNËŒŒÎLLŒÍŒMN‹MMMÌÌÌÎÍKLMMËŽÍLÌËŒŒÎLLŒÌBŒMNËLÍ‹ÍŒÌÌLMŒKŽŒLŒŒMÍŒŒÎLLŒŽŒMNLNŽLLM‹LMŒNMÌMŽKŒŒÎLLŒ‚ŒMNKKLNNMLÌNMKLL‹LMŽNLMÌLÌ‹ŒŒÎLLŒ‚ŒMN‹NŽLLM‹LMŒNMÌMŽKŒŒÎLLŒ‚ŒMNËÍ‹ÍŒÌÌLMŒKŽŒLŒŒMÍŒŒÎLLŒŽŒMNMMÌÌÌÎÍKLMMËŽÍLÌËŒŒÎLLŒÌBŒMNKÌKŽMŽMÌÍÎN‹LML‹ÌMÌŽNËŒŒÎLLŒÍŒMNLŒŒLŒÎMKLMKLLÍŽŒŒÎLLŒÍ‚ŒMNLKL‹LLÍËŒNÍÌËŒŒÎLLŒÍ‚ŒMNL‹LNKŒŒLËLLËLÎMKŒŒÎLLŒÍŒMNLËLÌ‹ŽLÌMÍŒMMŽKLLM‹LÎMKŒŒÎLLŒÂŒMNMMKŒÌŒÍÎLKLLÌŒMÍÌKŒŒÎLLŒŒ‚ŒMNMKMM‹ŒÌLLŒÍM‹NLKŒNMLËŒŒÎLLŒLBŒMNM‹MKÎMLŒL‹MÍËÍÍNN‹ŒŒÎLLNNBŒMNMËMÌËŽLÎŒ‹MŒËŒLÍÌÍŒŒÎLLN‚ŒMNNMÎKŽMŒŒNKMËŽLÌŒŒML‹ŒŒÎLLMÍŒMNNKNŒÍÎÌLÌËLÌ‹ŒNŽMŽLKŒŒÎLLMŒMŒNËŒLNMÎKLM‹ŒMÌLÌŽLNŒ‹ŒŒÎLLMNŒMŒKNËŽNLNMMÍŒ‹KŒÍŒŽLÎMÍÎKLL‹ŒKŒÎLLÍÂŒMŒ‹NËŒLLMMM‹ŒMÌLÌŽLÍM‹ŒKŒÎLLŽ‚ŒMŒËNŒÍÎÌÎKÌ‹ŒNŽMŽLŒÌËŒKŒÎLLŽM‚ŒMŒMÎKŽMŒŒŒÌÍKËŽLÌŒŒŒKŒÎLLÌNŒMŒKMÌËŽLÎNLËŒËŒLÍÌÍLNMŒKŒÎLLÍ‚ŒMŒ‹MKÎMLÌLLKÍËÍÍNMÌËŒKŒÎLLÍÎŒMŒËMM‹ŒÌLLÍÎKLKŒNMŒLŽŒKŒÎLMBŒMŒMKŒÌŒÍLNLÌŒŒÍKŒKŒÎLM‚ŒMŒKLÌ‹ŽLÌMÍŒŒLM‹LÎMKŒKŒÎLMÌ‚ŒMŒLLNKŒŒMŒKLËLÎŽLNŒKŒÎLMNŒMŒLKLÌLKLÍËŒNLNŒKŒÎLML‚ŒMŒL‹ŒŒLŒŽMKLLÍÌËŒKŒÎLMLÍÂŒMŒLËÌKŽMŽMÌÎMÌKML‹ÌMÌÌÌŒKŒKŒÎLMMLBŒMŒMMMÌÌÍÎL‹MMËŽÍLÍNLKŒKŒÎLMMŒBŒMŒMKÍ‹ÍŒÌÍNMŒKŽŒLŒŒNLÌ‹ŒKŒÎLMMÂŒMŒM‹NŽLML‹MŒNMÌMŽŒKŒÎLMMÌBŒMŒMËLKŒÍNM™KLL‹MŽNLMÌÍŒËŒKŒÎLMMÌ‚ŒMŒNLNŽLML‹MŒNMÌMŽŒKŒÎLMMÌBŒMŒNKLÍ‹ÍŒÌÍNMŒKŽŒLŒŒNLÌ‹ŒKŒÎLMMÂŒMŒŒMMMÌÌÍÎL‹MMËŽÍLÍNLKŒKŒÎLMMŒBŒMŒŒKMÌKŽMŽMÌÎMÌKML‹ÌMÌÌÌŒKŒKŒÎLMMLBŒMŒŒ‹NŒŒLŒŽMKLLÍÌËŒKŒÎLMLÍÂŒMŒŒËLLÌLKLÍËŒNLNŒKŒÎLML‚ŒMŒLLNKŒŒMŒKLËLÎŽLNŒKŒÎLMNŒMŒKLLÌ‹ŽLÌMÍŒŒLM‹LÎMKŒKŒÎLMÌ‚ŒMŒ‹LMKŒÌŒÍLNLÌŒŒÍKŒKŒÎLM‚ŒMŒËLMM‹ŒÌLLÍÎKLKŒNMŒLŽŒKŒÎLMBŒMŒŽLMKÎMLÌLLKÍËÍÍNMÌËŒKŒÎLLÍÎŒMŒŽKLMÌËŽLÎNLËŒËŒLÍÌÍLNMŒKŒÎLLÍ‚ŒMŒÌLMÎKŽMŒŒŒÌÍKËŽLÌŒŒŒKŒÎLLÌNŒMŒÌKLNŒÍÎÌÎKÌ‹ŒNŽMŽLŒÌËŒKŒÎLLŽM‚ŒMŒÌ‹LNËŒLLMMM‹ŒMÌLÌŽLÍM‹ŒKŒÎLLŽ‚ŒMŒÌËLNËŽNLNMMÍŒ‹L‹MNMÍŒLLÙKLL‹ŒKŒÎLLÍÂŒMŒÍLNËŒLLMMLM‹ŒMÌLÌŽLÍM‹ŒKŒÎLLŽ‚ŒMŒÍKLNŒÍÎÌÎKLÌ‹ŒNŽMŽLŒÌËŒKŒÎLLŽM‚ŒMŒÍ‹LMÎKŽMŒŒŒÌÍKMËŽLÌŒŒŒKŒÎLLÌNŒMŒÍËLMÌËŽLÎNLËMŒËŒLÍÌÍLNMŒKŒÎLLÍ‚ŒMŒÎLMKÎMLÌLLKMÍËÍÍNMÌËŒKŒÎLLÍÎŒMŒÎKLMM‹ŒÌLLÍÎKNLKŒNMŒLŽŒKŒÎLMBŒMLMKŒÌŒÍLNLLÌŒŒÍKŒKŒÎLM‚ŒMKLLÌ‹ŽLÌMÍŒŒLLM‹LÎMKŒKŒÎLMÌ‚ŒM‹LLNKŒŒMŒKLLËLÎŽLNŒKŒÎLMNŒMËLLÌLKLLÍËŒNLNŒKŒÎLML‚ŒMNŒŒLŒŽËLMKLLÍÌËŒKŒÎLMLÍÂŒMKMÌKŽMŽMÌÎMÌKLML‹ÌMÌÌÌŒKŒKŒÎLMMLBŒM‹MMMÌÌÍÎL‹LMMËŽÍLÍNLKŒKŒÎLMMŒBŒMËLÍ‹ÍŒÌÍNLMŒKŽŒLŒŒNLÌËŒKŒÎLMMÂŒMLNŽLML‹LMŒNMÌMŽŒKŒÎLMMÌBŒMKKŽLŽLÌÎLÍMMYKLL‹LMŽNLMÌÍŒËŒKŒÎLMMÌ‚ŒMLNŽLML‹LMŒNMÌMŽŒKŒÎLMMÌBŒMLKÍ‹ÍŒÌÍNLMŒKŽŒLŒŒNLÌ‹ŒKŒÎLMMÂŒML‹MMÌÌÍÎL‹LMMËŽÍLÍNLKŒKŒÎLMMŒBŒMLËÌKŽMŽMÌÎMÌKLML‹ÌMÌÌÌŒKŒKŒÎLMMLBŒMMŒŒLŒŽLMKLLÍÌËŒKŒÎLMLÍÂŒMMKLÌLKLLÍËŒNLNŒKŒÎLML‚ŒMM‹LNKŒŒMŒKLLËLÎŽLNŒKŒÎLMNŒMMËLÌ‹ŽLÌMÍŒŒLLM‹LÎMKŒKŒÎLMÌ‚ŒMNMKŒÌŒÍLNLLÌŒŒÍKŒKŒÎLM‚ŒMNKMM‹ŒÌLLÍÎKNLKŒNMŒLŽŒKŒÎLMBŒMŒMKÎMLÌLLKMÍËÍÍNMÌËŒKŒÎLLÍÎŒMŒKMÌËŽLÎNLËMŒËŒLÍÌÍLNMŒKŒÎLLÍ‚ŒMŒ‹MÎKŽMŒŒŒÌÍKMËŽLÌŒŒŒKŒÎLLÌNŒMŒËNŒÍÎÌÎKLÌ‹ŒNŽMŽLŒÌËŒKŒÎLLŽM‚ŒMNËŒLLMMLM‹ŒMÌLÌŽLÍM‹ŒKŒÎLLŽ‚ŒMKNËŽNLNMËLŒM‹NËŒLKM‹ŒMÌLÌŽMNKLŒMËNŒÍÎÌŒMKÌ‹ŒNŽMÍÌ‹LŒMŽMÎKŽMŒMŒŒÍ‹ËŽLÌŒËLŒMŽKMÌËŽLÎLKŒËŒLÍÌÍŒKLŒMÌMKÎMNMNÍËÍÍMŒNKLŒMÌKMM‹ŒÌLLŒ‹LKŒNMŒMÌÍ‹LŒMÌ‹MKŒÌŒÍMMKLÌNNMMKLŒMÌËLÌ‹ŽLÌMÍNNKLM‹LÍŽMLŒMÍLNKŒŒŒÍÌËLËLÎLKLŒMÍKLÌMKLÍËŒNNNËLŒMÍ‹ŒŒLNMËMKLLÍLŒKLŒMÍËÌKŽMŽMÌÌÎÌ‹ML‹ÌMÌMÌ‹LŒMÎMMÌÌÌLÌËMMËŽÍLŒŒ‹LŒMÎKÍ‹ÍŒÌMNKMŒKŽŒLŒŒÌL‹LŒMŽNŽLLMMŒNMÌMÌLËLŒMŽKKŒMLMMMÙKLMMŽNLMÌMŽLŒMŽ‹LNŽLLMMŒNMÌMÌLËLŒMŽËLÍ‹ÍŒÌMNKMŒKŽŒLŒŒÌL‹LŒMŽMMMÌÌÌLÌËMMËŽÍLŒŒ‹LŒMŽKMÌKŽMŽMÌÌÎÌ‹ML‹ÌMÌMÌ‹LŒMŽ‹NŒŒLNMËMKLLÍLŒKLŒMŽËLLÌMKLÍËŒNNNËLŒMŽLLNKŒŒŒÍÌËLËLÎLKLŒMŽKLLÌ‹ŽLÌMÍNNKLM‹LÍŽMLŒMŽLLMKŒÌŒÍMMKLÌNNMMKLŒMŽLKLMM‹ŒÌLLŒ‹LKŒNMŒMÌÍ‹LŒMŽL‹LMKÎMNMNÍËÍÍMŒNKLŒMŽLËLMÌËŽLÎLKŒËŒLÍÌÍŒKLŒMŽMLMÎKŽMŒMŒŒÍ‹ËŽLÌŒËLŒMŽMKLNŒÍÎÌŒMKÌ‹ŒNŽMÍÌ‹LŒMŽM‹LNËŒLKM‹ŒMÌLÌŽMNKLŒMŽMËLNËŽNLNMËL‹LÍŒMLŽÙKLL‹LŒMŽNLNËŒLKLM‹ŒMÌLÌŽMNKLŒMŽNKLNŒÍÎÌŒMKLÌ‹ŒNŽMÍÌ‹LŒMÌLMÎKŽMŒMŒŒÍ‹MËŽLÌŒËLŒMÌKLMÌËŽLÎLKMŒËŒLÍÌÍŒKLŒMÌ‹LMKÎMNMNMÍËÍÍMŒNKLŒMÌËLMM‹ŒÌLLŒ‹NLKŒNMŒMÌÍ‹LŒMÌLMKŒÌŒÍMMKLLÌNNMMKLŒMÌKLLÌ‹ŽLÌMÍNNKLLM‹LÍŽMLŒMÌ‹LLNKŒŒŒÍÌËLLËLÎLKLŒMÌËLLÌMKLLÍËŒNNNËLŒMÌNŒŒLNMËLMKLLÍLŒKLŒMÌKMÌKŽMŽMÌÌÎÌ‹LML‹ÌMÌMÌ‹LŒMÌLMMMÌÌÌLÌËLMMËŽÍLŒŒ‹LŒMÌLKLÍ‹ÍŒÌMNKLMŒKŽŒLŒŒÌL‹LŒMÌL‹LNŽLLMLMŒNMÌMÌLËLŒMÌLËKŽMŒMNMÍL™KLL‹LMŽNLMÌMŽLŒMÌMNŽLLMLMŒNMÌMÌLËLŒMÌMKÍ‹ÍŒÌMNKLMŒKŽŒLŒŒÌL‹LŒMÌM‹MMÌÌÌLÌËLMMËŽÍLŒŒ‹LŒMÌMËÌKŽMŽMÌÌÎÌ‹LML‹ÌMÌMÌ‹LŒMÌNŒŒLNMËLMKLLÍLŒKLŒMÌNKLÌMKLLÍËŒNNNËLŒMÌŒLNKŒŒŒÍÌËLLËLÎLKLŒMÌŒKLÌ‹ŽLÌMÍNNKLLM‹LÍŽMLŒMÌŒ‹MKŒÌŒÍMMKLLÌNNMMKLŒMÌŒËMM‹ŒÌLLŒ‹NLKŒNMŒMÌÍ‹LŒMÌMKÎMNMNMÍËÍÍMŒNKLŒMÌKMÌËŽLÎLKMŒËŒLÍÌÍŒKLŒMÌ‹MÎKŽMŒMŒŒÍ‹MËŽLÌŒËLŒMÌËNŒÍÎÌŒMKLÌ‹ŒNŽMÍÌ‹LŒMÌŽNËŒLKLM‹ŒMÌLÌŽMNKL‚‘]H™XÛÜ™Ì‚OOOOOOOOOOOOOOOOOOOOOOOOOOOOOOOOOOOOOOOOOOOOOOOOOOOOOOOOOOOOOOOOOOOOOOOOOOB”Ý\HŒÂ•[YHHŽNLLÌNL‚‘]HHÚ\ØÛÛXÝÙ]BŒKŒMLMÍÍL‹MLMÍÍL™KL‚Œ‹ŒLŽLLÌKLŽLLÌYKL‚ŒËŒMLNÎMLNÎKL‚ŒÍLMŒÍÎMŽŒÍLMŒÍÎMŽKL‚KŒŒMÍLŒŽÍŒKŒŒMÍLŒŽÍŒYKL‚‹ŒLŒŒMÌL‹ŒLŒŒMÌL™KL‚ËŒÎLÍÍÍÍMMËËŽLÍÍÍÍMMÙKL‚ŽŒÍÎLÍMLÌLÎMËÎLÍMLÌLÎMKL‚ŽKŒÍNLÍŽKËNLÍŽYKL‚ŒLŒÍLNMLLÌ‹ËLNMLLÌ™KL‚ŒLKŒÍÌÌËÌÌKL‚ŒL‹ŒÌÌMNNM‹ËŒÌMNNM™KL‚ŒLËŒÌŒLŒÍMŒËËŒŒLŒÍMŒÙKL‚ŒMŒÌMMMËŒMMMKL‚ŒMKŒÌLŒÍNNL‹ËŒLŒÍNNL™KL‚ŒM‹ŒÌLÌÍKËŒLÌÍYKL‚ŒMËŒÌLÌÍKËŒLÌÍYKL‚ŒNŒÌLŒÍNNKËŒLŒÍNNYKL‚ŒNKŒÌMMMKËŒMMMYKL‚ŒŒŒÌŒLŒÍMŒKËŒŒLŒÍMŒYKL‚ŒŒKŒÌÌMNNMŒËËŒÌMNNMŒÙKL‚ŒŒ‹ŒÍÌÌ‹ËÌÌ™KL‚ŒŒËŒÍLNMLLŽKËLNMLLŽYKL‚ŒŒÍNLÍŽËNLÍŽKL‚ŒKŒÍÎLÍMLÌLÎLKËÎLÍMLÌLÎLYKL‚Œ‹ŒÎLÍÍÍÍMLÎËŽLÍÍÍÍMLÎKL‚ŒËŒLŒŒMÌKŒLŒŒMÌYKL‚ŒŽŒŒMÍLŒŽÍMËŒŒMÍLŒŽÍMÙKL‚ŒŽKŒÍLMŒÍÎMŒÍLMŒÍÎMKL‚ŒÌŒMLNÍÍKMLNÍÍYKL‚ŒÌKŒLŽLLÌKLŽLLÌYKL‚ŒÌ‹ŒMLMÍÍLKMLMÍÍLYKL‚ŒÌËŒMMÌLÍŽMËMMÌLÍŽMÙKL‚ŒÍŒLÍMÍNMKLÍMÍNMYKL‚ŒÍKŒLÎMLL‹LÎMLL™KL‚ŒÍ‹ŒÍLLL‹ŒÍLLL™KL‚ŒÍËŒŒÎMŒÎKŒŒÎMŒÎYKL‚ŒÎŒÎÌÎM‹ŒÎÌÎM™KL‚ŒÎKŒÎLÍŒÍÎLMÌÍËŽLÍŒÍÎLMÌÍKL‚ŒÍÎLÌÎLŽ‹ËÎLÌÎLŽ™KL‚KŒÍÍLLMKËÍLLMYKL‚‹ŒÍLNLŽNLËLNLŽNLKL‚ËŒÍÎNÌMÌ‹ËÎNÌMÌ™KL‚ŒÌÌMÍŽKËŒÌMÍŽYKL‚KŒÌŒŒÍŽNŽMËËŒŒŒÍŽNŽMÙKL‚‹ŒÌMŒŽÎMNLLKËŒMŒŽÎMNLLYKL‚ËŒÌLŒŒLMÎLL‹ËŒLŒŒLMÎLL™KL‚ŒÌLMÌLMÍKËŒLMÌLMÍYKL‚KŒÌLMÌLMÍKËŒLMÌLMÍYKL‚LŒÌLŒŒLMÎLMËŒLŒŒLMÎLMKL‚LKŒÌMŒŽÎMNLNËŒMŒŽÎMNLNKL‚L‹ŒÌŒŒÍŽNŽMËŒŒŒÍŽNŽMKL‚LËŒÌÌMÍŽËËŒÌMÍŽÙKL‚MŒÍÎNÌMŽKËÎNÌMŽYKL‚MKŒÍLNLŽNLŒKËLNLŽNLŒYKL‚M‹ŒÍÍLLL‹ËÍLLL™KL‚MËŒÍÎLÌÎLÍËËÎLÌÎLÍÙKL‚NŒÎLÍŒÍÎLMÌÌKËŽLÍŒÍÎLMÌÌYKL‚NKŒÎÌÎM‹ŒÎÌÎM™KL‚ŒŒŒÎMŒÎŒŒÎMŒÎKL‚ŒKŒÍLLKŒÍLLYKL‚Œ‹ŒLÎMLL‹LÎMLL™KL‚ŒËŒLÍMÍNM‹LÍMÍNM™KL‚ŒMMÌLÍŽM‹MMÌLÍŽM™KL‚KŒMŽMÌŒL‹MŽMÌŒL™KL‚‹ŒLŽNÍLŽLŽNÍLŽKL‚ËŒMLMŒŒËMLMŒŒÙKL‚ŽŒÍLMŽÎLÌ‹ŒÍLMŽÎLÌ™KL‚ŽKŒŒMNÌÌKŒŒMNÌÌYKL‚ÌŒŽMÎÍNŒŽMÎÍNKL‚ÌKŒÎLÍÌMMÌNËŽLÍÌMMÌNKL‚Ì‹ŒÍÎNMŒMN‹ËÎNMŒMN™KL‚ÌËŒÍÌMMKËÌMMYKL‚ÍŒÍLNLŒMÎ‹ËLNLŒMÎ™KL‚ÍKŒÍÌLÎM‹ËÌLÎM™KL‚Í‹ŒÌÌÍMŒÌÌŒKËŒÌÍMŒÌÌŒYKL‚ÍËŒÌŒŒÎÎLMKËŒŒŒÎÎLMYKL‚ÎŒÌMŒŽNMŒMÍKËŒMŒŽNMŒMÍYKL‚ÎKŒÌLŒŒNLŒÍÌMËŒLŒŒNLŒÍÌMKL‚ŽŒÌLMÍÌÍŒŒMKËŒLMÍÌÍŒŒMYKL‚ŽKŒÌLMÍÌÍŒŒM‹ËŒLMÍÌÍŒŒM™KL‚Ž‹ŒÌLŒŒNLŒÍÌMKËŒLŒŒNLŒÍÌMYKL‚ŽËŒÌMŒŽNMŒMÌËËŒMŒŽNMŒMÌÙKL‚ŽŒÌŒŒÎÎLMËËŒŒŒÎÎLMÙKL‚ŽKŒÌÌÍMŒÌÌNËŒÌÍMŒÌÌNKL‚Ž‹ŒÍÌLÎMŒËËÌLÎMŒÙKL‚ŽËŒÍLNLŒMÎ‹ËLNLŒMÎ™KL‚ŽŒÍÌMMËËÌMMÙKL‚ŽKŒÍÎNMŒMNM‹ËÎNMŒMNM™KL‚ŽLŒÎLÍÌMMÌMKËŽLÍÌMMÌMYKL‚ŽLKŒŽMÎÍMKŒŽMÎÍMYKL‚ŽL‹ŒŒMNÌÌ‹ŒŒMNÌÌ™KL‚ŽLËŒÍLMŽÎLÌËŒÍLMŽÎLÌÙKL‚ŽMŒMLMŒŒËMLMŒŒÙKL‚ŽMKŒLŽNÍLŽKLŽNÍLŽYKL‚ŽM‹ŒMŽMÌŒLŒKMŽMÌŒLŒYKL‚ŽMËŒMÍMLMÍNMÍMLMÍNKL‚ŽNŒLŽMNMLMŒLËLŽMNMLMŒLÙKL‚ŽNKŒMMÍÎMÌ‹MMÍÎMÌ™KL‚ŒLŒÍLŒMNLLLŽŒÍLŒMNLLLŽKL‚ŒLKŒŒNNNNNLLÍËŒŒNNNNNLLÍÙKL‚ŒL‹ŒLMÍÍÍÌÌKŒLMÍÍÍÌÌYKL‚ŒLËŒÎLÍÍMŒNÍËËŽLÍÍMŒNÍÙKL‚ŒLŒÍÎLMMŽLL‹ËÎLMMŽLL™KL‚ŒLKŒÍLLÍÌÌŒŒ‹ËLLÍÌÌŒŒ™KL‚ŒL‹ŒÍLNŒŒÍÎËLNŒŒÍÎKL‚ŒLËŒÍÌLLLŽKËÌLLLŽYKL‚ŒLŒÌÌŒÍLÎËŒÌŒÍLÎKL‚ŒLKŒÌŒŒÎLÎÌËËŒŒŒÎLÎÌÙKL‚ŒLLŒÌMŒŽLŒŒMM‹ËŒMŒŽLŒŒMM™KL‚ŒLLKŒÌLŒŒLÌŒ‹ËŒLŒŒLÌŒ™KL‚ŒLL‹ŒÌLMÍŒÍŒKËŒLMÍŒÍŒYKL‚ŒLLËŒÌLMÍŒÍŒ‹ËŒLMÍŒÍŒ™KL‚ŒLMŒÌLŒŒLÌ‹ËŒLŒŒLÌ™KL‚ŒLMKŒÌMŒŽLŒŒMMËŒMŒŽLŒŒMMKL‚ŒLM‹ŒÌŒŒÎLÎÌKËŒŒŒÎLÎÌYKL‚ŒLMËŒÌÌŒÍLÎËËŒÌŒÍLÎÙKL‚ŒLNŒÍÌLLLŽKËÌLLLŽYKL‚ŒLNKŒÍLNŒŒÍÍ‹ËLNŒŒÍÍ™KL‚ŒLŒŒÍLLÍÌÌŒŒKËLLÍÌÌŒŒYKL‚ŒLŒKŒÍÎLMMŽLËÎLMMŽLKL‚ŒLŒ‹ŒÎLÍÍMŒNÍËŽLÍÍMŒNÍKL‚ŒLŒËŒLMÍÍÍÌËŒLMÍÍÍÌÙKL‚ŒLŒŒNNNNNLLÍKŒŒNNNNNLLÍYKL‚ŒLKŒÍLŒMNLLLËŒÍLŒMNLLLÙKL‚ŒL‹ŒMMÍÎMŽKMMÍÎMŽYKL‚ŒLËŒLŽMNMLMŒLKLŽMNMLMŒLYKL‚ŒLŽŒMÍMLMÍNKMÍMLMÍNYKL‚ŒLŽKŒMÍÌŒLÌ‹MÍÌŒLÌ™KL‚ŒLÌŒLŽMMNLÎNKLŽMMNLÎNYKL‚ŒLÌKŒMNNNLÍŽMNNNLÍŽKL‚ŒLÌ‹ŒÍLŒŒŒÎLŒLËŒÍLŒŒŒÎLŒLÙKL‚ŒLÌËŒŒŒŒMÎM‹ŒŒŒŒMÎM™KL‚ŒLÍŒLŒÌŽ‹ŒLŒÌŽ™KL‚ŒLÍKŒÎLÍÍÎMLNËËŽLÍÍÎMLNÙKL‚ŒLÍ‹ŒÍÎLLLŒÍKËÎLLLŒÍYKL‚ŒLÍËŒÍMMÍŒÍM‹ËMMÍŒÍM™KL‚ŒLÎŒÍLNLŒLŒ‹ËLNLŒLŒ™KL‚ŒLÎKŒÍÌNLN‹ËÌNLN™KL‚ŒMŒÌÌLÍMLËËŒÌLÍMLÙKL‚ŒMKŒÌŒŒÍMÌMLKËŒŒŒÍMÌMLYKL‚ŒM‹ŒÌMŒÍŒŽNËŒMŒÍŒŽNKL‚ŒMËŒÌLŒNLÍMËŒLŒNLÍMKL‚ŒMŒÌLMLLMŽMËŒLMLLMŽMKL‚ŒMKŒÌLMLLMŽMËŒLMLLMŽMKL‚ŒM‹ŒÌLŒNLÍMËŒLŒNLÍMKL‚ŒMËŒÌMŒÍŒŽM‹ËŒMŒÍŒŽM™KL‚ŒMŒÌŒŒÍMÌMLMËËŒŒŒÍMÌMLMÙKL‚ŒMKŒÌÌLÍMKËŒÌLÍMYKL‚ŒMLŒÍÌNLNKËÌNLNYKL‚ŒMLKŒÍLNLŒLNKËLNLŒLNYKL‚ŒML‹ŒÍMMÍŒÍMËMMÍŒÍMKL‚ŒMLËŒÍÎLLLŒÍËËÎLLLŒÍÙKL‚ŒMMŒÎLÍÍÎMLNKËŽLÍÍÎMLNYKL‚ŒMMKŒLŒÌÍËŒLŒÌÍÙKL‚ŒMM‹ŒŒŒŒMÎLËŒŒŒŒMÎLÙKL‚ŒMMËŒÍLŒŒŒÎLŒLKŒÍLŒŒŒÎLŒLYKL‚ŒMNŒMNNNLÍÍËMNNNLÍÍÙKL‚ŒMNKŒLŽMMNLÎNKLŽMMNLÎNYKL‚ŒMŒŒMÍÌŒLÍMÍÌŒLÍKL‚ŒMŒKŒMÍÌÌNMKMÍÌÌNMYKL‚ŒMŒ‹ŒLŽMŒÍLMLËLŽMŒÍLMLÙKL‚ŒMŒËŒMNLLÌLÍÍ‹MNLLÌLÍÍ™KL‚ŒMŒÍLŒÌÌŽLŒ‹ŒÍLŒÌÌŽLŒ™KL‚ŒMKŒŒŒÍNÌËŒŒŒÍNÌÙKL‚ŒM‹ŒLŒÌLÎKŒLŒÌLÎYKL‚ŒMËŒÎLÍÍLŽMLÌ‹ËŽLÍÍLŽMLÌ™KL‚ŒMŽŒÍÎLLŽNM‹ËÎLLŽNM™KL‚ŒMŽKŒÍMŒÌ‹ËMŒÌ™KL‚ŒMÌŒÍLNLŒMLLKËLNLŒMLLYKL‚ŒMÌKŒÍŽMÍNLÍËËŽMÍNLÍÙKL‚ŒMÌ‹ŒÌÌÎMLÌKËŒÌÎMLÌYKL‚ŒMÌËŒÌŒŒÍNLMÎMŒ‹ËŒŒŒÍNLMÎMŒ™KL‚ŒMÍŒÌMŒŽŒŒËŒMŒŽŒŒKL‚ŒMÍKŒÌLŒNML‹ËŒLŒNML™KL‚ŒMÍ‹ŒÌLMNNMNMMËŒLMNNMNMMKL‚ŒMÍËŒÌLMNNMNMMËŒLMNNMNMMKL‚ŒMÎŒÌLŒNMLËŒLŒNMLKL‚ŒMÎKŒÌMŒŽŒŒËŒMŒŽŒŒKL‚ŒNŒÌŒŒÍNLMÎMŒ‹ËŒŒŒÍNLMÎMŒ™KL‚ŒNKŒÌÌÎMLËËŒÌÎMLÙKL‚ŒN‹ŒÍŽMÍNLËËŽMÍNLÙKL‚ŒNËŒÍLNLŒML‹ËLNLŒML™KL‚ŒNŒÍMŒËËMŒÙKL‚ŒNKŒÍÎLLŽNMKËÎLLŽNMYKL‚ŒN‹ŒÎLÍÍLŽMLËËŽLÍÍLŽMLÙKL‚ŒNËŒLŒÌLÎŒLŒÌLÎKL‚ŒNŒŒŒÍNÌËŒŒŒÍNÌÙKL‚ŒNKŒÍLŒÌÌŽLM‹ŒÍLŒÌÌŽLM™KL‚ŒNLŒMNLLÌLÍÌKMNLLÌLÍÌYKL‚ŒNLKŒLŽMŒÍLML‹LŽMŒÍLML™KL‚ŒNL‹ŒMÍÌÌNMKMÍÌÌNMYKL‚ŒNLËŒMÍÍLÍÍËMÍÍLÍÍÙKL‚ŒNMŒLŽMKLŽMYKL‚ŒNMKŒMNMLÌŒKMNMLÌŒYKL‚ŒNM‹ŒÍLŒÌNLŒKŒÍLŒÌNLŒYKL‚ŒNMËŒŒŒLMLMËŒŒŒLMLMÙKL‚ŒNNŒLMŽNMŒ‹ŒLMŽNMŒ™KL‚ŒNNKŒÎLÍÍÍMNNËŽLÍÍÍMNNKL‚ŒŒŒÍÎLML‹ËÎLML™KL‚ŒŒKŒÍMLNM‹ËMLNM™KL‚ŒŒ‹ŒÍLNM‹ËLNM™KL‚ŒŒËŒÍŽMÌÍNKËŽMÌÍNYKL‚ŒŒŒÌÌŽMNL‹ËŒÌŽMNL™KL‚ŒŒKŒÌŒŒÍMÌŒLÌLKËŒŒŒÍMÌŒLÌLYKL‚ŒŒ‹ŒÌMŒŒŽMKËŒMŒŒŽMYKL‚ŒŒËŒÌLŒNŽLMLÍ‹ËŒLŒNŽLMLÍ™KL‚ŒŒŒÌLLÎLŽMÍÍŒ‹ËŒLLÎLŽMÍÍŒ™KL‚ŒŒKŒÌLLÎLŽMÍÍŒËËŒLLÎLŽMÍÍŒÙKL‚ŒŒLŒÌLŒNŽLMLÎËŒLŒNŽLMLÎKL‚ŒŒLKŒÌMŒŒŽMKËŒMŒŒŽMYKL‚ŒŒL‹ŒÌŒŒÍMÌŒLÌKËŒŒŒÍMÌŒLÌYKL‚ŒŒLËŒÌÌŽMNËËŒÌŽMNÙKL‚ŒŒMŒÍŽMÌÍMKËŽMÌÍMYKL‚ŒŒMKŒÍLNMËËLNMÙKL‚ŒŒM‹ŒÍMLNMŒ‹ËMLNMŒ™KL‚ŒŒMËŒÍÎLMLNËÎLMLNKL‚ŒŒNŒÎLÍÍÍMNM‹ËŽLÍÍÍMNM™KL‚ŒŒNKŒLMŽNMŒLMŽNMKL‚ŒŒŒŒŒŒLMLM‹ŒŒŒLMLM™KL‚ŒŒŒKŒÍLŒÌNLNKŒÍLŒÌNLNYKL‚ŒŒŒ‹ŒMNMLÌŒNKMNMLÌŒNYKL‚ŒŒŒËŒLŽMLŽMKL‚ŒŒŒMÍÍLÍÍËMÍÍLÍÍÙKL‚ŒŒKŒMÍÍÎLMMÍÍÎLMKL‚ŒŒ‹ŒLŽMÌLLŽMÌLKL‚ŒŒËŒMNMLNKMNMLNYKL‚ŒŒŽŒÍLŒÌÍÍÌÌKŒÍLŒÌÍÍÌÌYKL‚ŒŒŽKŒŒŒLNNNL‹ŒŒŒLNNNL™KL‚ŒŒÌŒLŒLMÍKŒLŒLMÍYKL‚ŒŒÌKŒÎLÍÍŽŽKËŽLÍÍŽŽYKL‚ŒŒÌ‹ŒÍÎLMÍËÎLMÍKL‚ŒŒÌËŒÍMNLŒÍ‹ËMNLŒÍ™KL‚ŒŒÍŒÍLNLŒÍKËLNLŒÍYKL‚ŒŒÍKŒÍŽMÍMŒÍ‹ËŽMÍMŒÍ™KL‚ŒŒÍ‹ŒÌÌÌÌLÌKËŒÌÌÌLÌYKL‚ŒŒÍËŒÌŒŒÍMÌŒMÍNËŒŒŒÍMÌŒMÍNKL‚ŒŒÎŒÌMŒŽNNL‹ËŒMŒŽNNL™KL‚ŒŒÎKŒÌLŒNŒŽÍËŒLŒNŒŽÍKL‚ŒŒÌLLÎMMNKËŒLLÎMMNYKL‚ŒKŒÌLLÎMMŒ‹ËŒLLÎMMŒ™KL‚Œ‹ŒÌLŒNŒŽÍKËŒLŒNŒŽÍYKL‚ŒËŒÌMŒŽNNLKËŒMŒŽNNLYKL‚ŒŒÌŒŒÍMÌŒMÍM‹ËŒŒŒÍMÌŒMÍM™KL‚ŒKŒÌÌÌÌLËËŒÌÌÌLÙKL‚Œ‹ŒÍŽMÍMŒÍ‹ËŽMÍMŒÍ™KL‚ŒËŒÍLNLŒÍËLNLŒÍKL‚ŒŒÍMNLŒÌËËMNLŒÌÙKL‚ŒKŒÍÎLMÍËËÎLMÍÙKL‚ŒLŒÎLÍÍŽ‹ËŽLÍÍŽ™KL‚ŒLKŒLŒLMÌKŒLŒLMÌYKL‚ŒL‹ŒŒŒLNNNKŒŒŒLNNNYKL‚ŒLËŒÍLŒÌÍÍÌËŒÍLŒÌÍÍÌÙKL‚ŒMŒMNMLNKMNMLNYKL‚ŒMKŒLŽMÌLKLŽMÌLYKL‚ŒM‹ŒMÍÍÎLLÎKMÍÍÎLLÎYKL‚ŒMËŒMÍÌŒÌÌ‹MÍÌŒÌÌ™KL‚ŒNŒLŽMŒŒŽÍKLŽMŒŒŽÍYKL‚ŒNKŒMNLÌLÌŒLËMNLÌLÌŒLÙKL‚ŒŒŒÍLŒŽLŒMNKŒÍLŒŽLŒMNYKL‚ŒŒKŒŒŒLŒÎLŒŒŒLŒÎLKL‚ŒŒ‹ŒLMMÌÎËŒLMMÌÎÙKL‚ŒŒËŒÎLÍÍÌËËŽLÍÍÌÙKL‚ŒŒÍÎLMLŽÍL‹ËÎLMLŽÍL™KL‚ŒKŒÍMŒÍŒÌŽËMŒÍŒÌŽKL‚Œ‹ŒÍLNLÌMNËLNLÌMNKL‚ŒËŒÍŽNN‹ËŽNN™KL‚ŒŽŒÌÌÎLÎMKËŒÌÎLÎMYKL‚ŒŽKŒÌŒŒÍNLÍLÌNKËŒŒŒÍNLÍLÌNYKL‚ŒÌŒÌMŒÍMËËŒMŒÍMÙKL‚ŒÌKŒÌLŒNÍNNL‹ËŒLŒNÍNNL™KL‚ŒÌ‹ŒÌLLÎNMÌMKËŒLLÎNMÌMYKL‚ŒÌËŒÌLLÎNMÌMËŒLLÎNMÌMKL‚ŒÍŒÌLŒNÍNNL‹ËŒLŒNÍNNL™KL‚ŒÍKŒÌMŒÍMKËŒMŒÍMYKL‚ŒÍ‹ŒÌŒŒÍNLÍLÌNKËŒŒŒÍNLÍLÌNYKL‚ŒÍËŒÌÌÎLÎMKËŒÌÎLÎMYKL‚ŒÎŒÍŽNNŒ‹ËŽNNŒ™KL‚ŒÎKŒÍLNLÌMNËLNLÌMNKL‚ŒŽŒÍMŒÍŒÌ‹ËMŒÍŒÌ™KL‚ŒŽKŒÍÎLMLŽÍKËÎLMLŽÍYKL‚ŒŽ‹ŒÎLÍÍÌ‹ËŽLÍÍÌ™KL‚ŒŽËŒLMMÌÎËŒLMMÌÎÙKL‚ŒŽŒŒŒLŒÎKŒŒŒLŒÎYKL‚ŒŽKŒÍLŒŽLŒMN‹ŒÍLŒŽLŒMN™KL‚ŒŽ‹ŒMNLÌLÌŒKMNLÌLÌŒYKL‚ŒŽËŒLŽMŒŒŽÍŒ‹LŽMŒŒŽÍŒ™KL‚ŒŽŒMÍÌŒÌÌ‹MÍÌŒÌÌ™KL‚ŒŽKŒMÍŽMMÍŽMKL‚ŒŽLŒLŽMNLŒŽLÎKLŽMNLŒŽLÎYKL‚ŒŽLKŒMNLŒÎMNLŒÎKL‚ŒŽL‹ŒÍLŒŽLŽŒKŒÍLŒŽLŽŒYKL‚ŒŽLËŒŒŒLLNLKŒŒŒLLNLYKL‚ŒŽMŒLNNÌËŒLNNÌÙKL‚ŒŽMKŒÎLÍÍÌÍŒ‹ËŽLÍÍÌÍŒ™KL‚ŒŽM‹ŒÍÎLMÎÍNMËÎLMÎÍNMKL‚ŒŽMËŒÍMŒLŒKËMŒLŒYKL‚ŒŽNŒÍLNLMŽËLNLMŽKL‚ŒŽNKŒÍŽNLMNËŽNLMNKL‚ŒÌŒÌÌLŒLÎËŒÌLŒLÎKL‚ŒÌKŒÌŒŒÍNMÌÍËŒŒŒÍNMÌÍKL‚ŒÌ‹ŒÌMŒŽLŒŽËŒMŒŽLŒŽKL‚ŒÌËŒÌLŒNLÌLLNËŒLŒNLÌLLNKL‚ŒÌŒÌLMMŽÍËËŒLMMŽÍÙKL‚ŒÌKŒÌLMMŽÍËËŒLMMŽÍÙKL‚ŒÌ‹ŒÌLŒNLÌLLNËŒLŒNLÌLLNKL‚ŒÌËŒÌMŒŽLŒKËŒMŒŽLŒYKL‚ŒÌŒÌŒŒÍNMÌËËŒŒŒÍNMÌÙKL‚ŒÌKŒÌÌLŒLÍËËŒÌLŒLÍÙKL‚ŒÌLŒÍŽNLMMKËŽNLMMYKL‚ŒÌLKŒÍLNLM‹ËLNLM™KL‚ŒÌL‹ŒÍMŒLŒËMŒLŒKL‚ŒÌLËŒÍÎLMÎÍNKËÎLMÎÍNYKL‚ŒÌMŒÎLÍÍÌÍŒKËŽLÍÍÌÍŒYKL‚ŒÌMKŒLNNÌ‹ŒLNNÌ™KL‚ŒÌM‹ŒŒŒLLNLKŒŒŒLLNLYKL‚ŒÌMËŒÍLŒŽLŽMËŒÍLŒŽLŽMÙKL‚ŒÌNŒMNLŒÍËMNLŒÍÙKL‚ŒÌNKŒLŽMNLŒŽLÍËLŽMNLŒŽLÍÙKL‚ŒÌŒŒMÍŽMŒËMÍŽMŒÙKL‚ŒÌŒKŒMÍLÍŒLNMÍLÍŒLNKL‚ŒÌŒ‹ŒLŽMMNLMM‹LŽMMNLMM™KL‚ŒÌŒËŒMNÍMŒL‹MNÍMŒL™KL‚ŒÌŒÍLŒÍÎNMŒËŒÍLŒÍÎNMŒÙKL‚ŒÌKŒŒŒÌÍÍÍËŒŒŒÌÍÍÍÙKL‚ŒÌ‹ŒLŒÍÌKŒLŒÍÌYKL‚ŒÌËŒÎLÍÍLLÌŒNËŽLÍÍLLÌŒNKL‚ŒÌŽŒÍÎLMLÎÌ‹ËÎLMLÎÌ™KL‚ŒÌŽKŒÍMŽLLKËMŽLLYKL‚ŒÌÌŒÍLNLŒMŽMKËLNLŒMŽMYKL‚ŒÌÌKŒÍÌMÌ‹ËÌMÌ™KL‚ŒÌÌ‹ŒÌÌLÌNLŒLËËŒÌLÌNLŒLÙKL‚ŒÌÌËŒÌŒŒÍŒMMÎKËŒŒŒÍŒMMÎYKL‚ŒÌÍŒÌMŒÌLŒNËŒMŒÌLŒNKL‚ŒÌÍKŒÌLŒNÌÎMMËËŒLŒNÌÎMMÙKL‚ŒÌÍ‹ŒÌLMÎMMŒ‹ËŒLMÎMMŒ™KL‚ŒÌÍËŒÌLMÎMMKËŒLMÎMMYKL‚ŒÌÎŒÌLŒNÌÎMMËŒLŒNÌÎMMKL‚ŒÌÎKŒÌMŒÌLŒMKËŒMŒÌLŒMYKL‚ŒÍŒÌŒŒÍŒMMÎËŒŒŒÍŒMMÎKL‚ŒÍKŒÌÌLÌNLŒKËŒÌLÌNLŒYKL‚ŒÍ‹ŒÍÌMÌŒKËÌMÌŒYKL‚ŒÍËŒÍLNLŒMŽL‹ËLNLŒMŽL™KL‚ŒÍŒÍMŽLLËMŽLLKL‚ŒÍKŒÍÎLMLÎŽËÎLMLÎŽKL‚ŒÍ‹ŒÎLÍÍLLÌŒMKËŽLÍÍLLÌŒMYKL‚ŒÍËŒLŒÍÌÎŒLŒÍÌÎKL‚ŒÍŒŒŒÌÍÍÍKŒŒŒÌÍÍÍYKL‚ŒÍKŒÍLŒÍÎNM‹ŒÍLŒÍÎNM™KL‚ŒÍLŒMNÍMŒL‹MNÍMŒL™KL‚ŒÍLKŒLŽMMNLMMËLŽMMNLMMÙKL‚ŒÍL‹ŒMÍLÍŒLNËMÍLÍŒLNÙKL‚ŒÍLËŒMÍŒNLLÌÌËMÍŒNLLÌÌÙKL‚ŒÍMŒLŽMLŒÍÍKLŽMLŒÍÍYKL‚ŒÍMKŒMNÌLNKMNÌLNYKL‚ŒÍM‹ŒÍLŒŒNNNMŽKŒÍLŒŒNNNMŽYKL‚ŒÍMËŒŒŒLÌM‹ŒŒŒLÌM™KL‚ŒÍNŒLŒLŽLMLÌKŒLŒLŽLMLÌYKL‚ŒÍNKŒÎLÍÍMŒŒMŒKËŽLÍÍMŒŒMŒYKL‚ŒÍŒŒÍÎLMŒŒÍÌKËÎLMŒŒÍÌYKL‚ŒÍŒKŒÍMÌLŒLÌ‹ËMÌLŒLÌ™KL‚ŒÍŒ‹ŒÍLNLŽÎMËËLNLŽÎMÙKL‚ŒÍŒËŒÍÌMMLMMKËÌMMLMMYKL‚ŒÍŒÌÌLŒŒMŒËŒÌLŒŒMŒKL‚ŒÍKŒÌŒŒÍŒÌŒŽ‹ËŒŒŒÍŒÌŒŽ™KL‚ŒÍ‹ŒÌMŒÌÌNKËŒMŒÌÌNYKL‚ŒÍËŒÌLŒNMMLÍ‹ËŒLŒNMMLÍ™KL‚ŒÍŽŒÌLMŒÌKËŒLMŒÌYKL‚ŒÍŽKŒÌLMŒÌL‹ËŒLMŒÌL™KL‚ŒÍÌŒÌLŒNMMLÍ‹ËŒLŒNMMLÍ™KL‚ŒÍÌKŒÌMŒÌÌNËŒMŒÌÌNKL‚ŒÍÌ‹ŒÌŒŒÍŒÌŒŽËŒŒŒÍŒÌŒŽKL‚ŒÍÌËŒÌÌLŒŒMŒKËŒÌLŒŒMŒYKL‚ŒÍÍŒÍÌMMLMLËËÌMMLMLÙKL‚ŒÍÍKŒÍLNLŽÎM‹ËLNLŽÎM™KL‚ŒÍÍ‹ŒÍMÌLŒLÌKËMÌLŒLÌYKL‚ŒÍÍËŒÍÎLMŒŒÍËËÎLMŒŒÍÙKL‚ŒÍÎŒÎLÍÍMŒŒMNËŽLÍÍMŒŒMNKL‚ŒÍÎKŒLŒLŽLMLŽKŒLŒLŽLMLŽYKL‚ŒÎŒŒŒLÌMŒKŒŒŒLÌMŒYKL‚ŒÎKŒÍLŒŒNNNM‹ŒÍLŒŒNNNM™KL‚ŒÎ‹ŒMNÌLNKMNÌLNYKL‚ŒÎËŒLŽMLŒÍÌ‹LŽMLŒÍÌ™KL‚ŒÎŒMÍŒNLLÌÌËMÍŒNLLÌÌÙKL‚ŒÎKŒMÍNŽLÌŒÍKMÍNŽLÌŒÍYKL‚ŒÎ‹ŒLŽMMMLMLŽMMMLMKL‚ŒÎËŒMNMŒÌMŒÍ‹MNMŒÌMŒÍ™KL‚ŒÎŒÍLŒNMÎKŒÍLŒNMÎYKL‚ŒÎKŒŒŒÌNÎŒŒŒÌNÎKL‚ŒÎLŒLNNÌŽL‹ŒLNNÌŽL™KL‚ŒÎLKŒÎLÍÍÍÍKËŽLÍÍÍÍYKL‚ŒÎL‹ŒÍÎLLÎMMËÎLLÎMMKL‚ŒÎLËŒÍMÌÌŽL‹ËMÌÌŽL™KL‚ŒÎMŒÍLNLÍLÍLMKËLNLÍLÍLMYKL‚ŒÎMKŒÍÌŒŽLKËÌŒŽLYKL‚ŒÎM‹ŒÌÌLÍŒÍÌLNKËŒÌLÍŒÍÌLNYKL‚ŒÎMËŒÌŒŒÍLMNËŒŒŒÍLMNKL‚ŒÎNŒÌMŒÍLÌKËŒMŒÍLÌYKL‚ŒÎNKŒÌLŒNLMNÌÌ‹ËŒLŒNLMNÌÌ™KL‚ŒÌLMMŽÍKËŒLMMŽÍYKL‚KŒÌLMMŽÌ‹ËŒLMMŽÌ™KL‚‹ŒÌLŒNLMNÌËËŒLŒNLMNÌÙKL‚ËŒÌMŒÍLÌKËŒMŒÍLÌYKL‚ŒÌŒŒÍLMM‹ËŒŒŒÍLMM™KL‚KŒÌÌLÍŒÍÌLMËËŒÌLÍŒÍÌLMÙKL‚‹ŒÍÌŒŽLŒ‹ËÌŒŽLŒ™KL‚ËŒÍLNLÍLÍLMKËLNLÍLÍLMYKL‚ŒÍMÌÌŽKËMÌÌŽYKL‚KŒÍÎLLÎMMŒ‹ËÎLLÎMMŒ™KL‚LŒÎLÍÍÍÍMËËŽLÍÍÍÍMÙKL‚LKŒLNNÌŽLËŒLNNÌŽLÙKL‚L‹ŒŒŒÌNÍËŒŒŒÌNÍÙKL‚LËŒÍLŒNMÎŒÍLŒNMÎKL‚MŒMNMŒÌMŒÍ‹MNMŒÌMŒÍ™KL‚MKŒLŽMMMLMLŽMMMLMKL‚M‹ŒMÍNŽLÌŒÍ‹MÍNŽLÌŒÍ™KL‚MËŒMÍMNÎLËMÍMNÎLÙKL‚NŒLŽMÎLŽLŽMÎLŽKL‚NKŒMMÎLLLÌ‹MMÎLLLÌ™KL‚ŒŒÍLŒMÌŒÌMÌŒ‹ŒÍLŒMÌŒÌMÌŒ™KL‚ŒKŒŒŒLÌÌÌ‹ŒŒŒLÌÌÌ™KL‚Œ‹ŒLNMÎÌKŒLNMÎÌYKL‚ŒËŒÎLÍÍÎMŒËËŽLÍÍÎMŒÙKL‚ŒÍÎLLÍMŽNNËÎLLÍMŽNNKL‚KŒÍMÍÌL‹ËMÍÌL™KL‚‹ŒÍLNMLLKËLNMLLYKL‚ËŒÍÌÍMÍNLËËÌÍMÍNLÙKL‚ŽŒÌÌMLLMËŒÌMLLMKL‚ŽKŒÌŒŒÍÌÎNËŒŒŒÍÌÎNKL‚ÌŒÌMŒÍŒMÍÍ‹ËŒMŒÍŒMÍÍ™KL‚ÌKŒÌLŒNLÍLMM‹ËŒLŒNLÍLMM™KL‚Ì‹ŒÌLMLÍÍL‹ËŒLMLÍÍL™KL‚ÌËŒÌLMLÍÍL‹ËŒLMLÍÍL™KL‚ÍŒÌLŒNLÍLMMŒËËŒLŒNLÍLMMŒÙKL‚ÍKŒÌMŒÍŒMÍÎKËŒMŒÍŒMÍÎYKL‚Í‹ŒÌŒŒÍÌÎMÎKËŒŒŒÍÌÎMÎYKL‚ÍËŒÌÌMLLMËŒÌMLLMKL‚ÎŒÍÌÍMÍNLŽKËÌÍMÍNLŽYKL‚ÎKŒÍLNMLLËLNMLLKL‚ŒÍMÍÌKËMÍÌYKL‚KŒÍÎLLÍMŽNM‹ËÎLLÍMŽNM™KL‚‹ŒÎLÍÍÎMŒKËŽLÍÍÎMŒYKL‚ËŒLNMÎÌËŒLNMÎÌÙKL‚ŒŒŒLÌÌÌKŒŒŒLÌÌÌYKL‚KŒÍLŒMÌŒÌMÌŒ‹ŒÍLŒMÌŒÌMÌŒ™KL‚‹ŒMMÎLLLÌ‹MMÎLLLÌ™KL‚ËŒLŽMÎLËLŽMÎLÙKL‚ŒMÍMNÎLŽMÍMNÎLŽKL‚KŒMÍLÌŽMKMÍLÌŽMYKL‚LŒLŽMÍÍNL‹LŽMÍÍNL™KL‚LKŒMMÍŽLLMMÍŽLLKL‚L‹ŒÍLŒMLÌÍŒÍLŒMLÌÍKL‚LËŒŒNNMÎÍ‹ŒŒNNMÎÍ™KL‚MŒLMÍÍKŒLMÍÍYKL‚MKŒÎLÍÍÌŒŒŒMËŽLÍÍÌŒŒŒMKL‚M‹ŒÍÎLLÌÍNMKËÎLLÌÍNMYKL‚MËŒÍMÍMMŽMKËMÍMMŽMYKL‚NŒÍLNMNMNLËLNMNMNLKL‚NKŒÍÌŒÎËËÌŒÎÙKL‚ŒŒÌÌMŒŒŽNKËŒÌMŒŒŽNYKL‚ŒKŒÌŒŒÍÍÎŒËËŒŒŒÍÍÎŒÙKL‚Œ‹ŒÌMŒÎNÍÎKËŒMŒÎNÍÎYKL‚ŒËŒÌLŒNMLMLKËŒLŒNMLMLYKL‚ŒÌLMLMÎŒŽKËŒLMLMÎŒŽYKL‚KŒÌLMLMÎŒŽËËŒLMLMÎŒŽÙKL‚‹ŒÌLŒNMLMLËŒLŒNMLMLKL‚ËŒÌMŒÎNÍÎËŒMŒÎNÍÎKL‚ŽŒÌŒŒÍÍÎŒËŒŒŒÍÍÎŒKL‚ŽKŒÌÌMŒŒŽN‹ËŒÌMŒŒŽN™KL‚ÌŒÍÌŒÎ‹ËÌŒÎ™KL‚ÌKŒÍLNMNMNL‹ËLNMNMNL™KL‚Ì‹ŒÍMÍMMŽMËMÍMMŽMKL‚ÌËŒÍÎLLÌÍNL‹ËÎLLÌÍNL™KL‚ÍŒÎLÍÍÌŒŒŒKËŽLÍÍÌŒŒŒYKL‚ÍKŒLMÍÍËŒLMÍÍÙKL‚Í‹ŒŒNNMÎÍŒŒNNMÎÍKL‚ÍËŒÍLŒMLÌÌÎŒÍLŒMLÌÌÎKL‚ÎŒMMÍŽLLMMÍŽLLKL‚ÎKŒLŽMÍÍNLLŽMÍÍNLKL‚ŒMÍLÌŽMKMÍLÌŽMYKL‚KŒMÍLLLNŒ‹MÍLLLNŒ™KL‚‹ŒLŽMŒÌMLŽMŒÌMKL‚ËŒMMÍLNÌKMMÍLNÌYKL‚ŒÍLŒLÍŽMÌËŒÍLŒLÍŽMÌÙKL‚KŒŒNNLMKŒŒNNLMYKL‚‹ŒLMÍŽŒLMÍŽKL‚ËŒÎLÍÍNMŒŒ‹ËŽLÍÍNMŒŒ™KL‚ŒÍÎLLÌLNMÌKËÎLLÌLNMÌYKL‚KŒÍMÍNM‹ËMÍNM™KL‚LŒÍLNMLKËLNMLYKL‚LKŒÍÌLLMÎLËËÌLLMÎLÙKL‚L‹ŒÌÌMŽMÍŒŽKËŒÌMŽMÍŒŽYKL‚LËŒÌŒŒÍŽLÎLÎKËŒŒŒÍŽLÎLÎYKL‚MŒÌMŒÎMNMŒ‹ËŒMŒÎMNMŒ™KL‚MKŒÌLŒNMLLŽNËŒLŒNMLLŽNKL‚M‹ŒÌLMLÌLLNMËŒLMLÌLLNMKL‚MËŒÌLMLÌLLNMKËŒLMLÌLLNMYKL‚NŒÌLŒNMLLŽNKËŒLŒNMLLŽNYKL‚NKŒÌMŒÎMNMŒËŒMŒÎMNMŒKL‚LŒÌŒŒÍŽLÎLÍËËŒŒŒÍŽLÎLÍÙKL‚LKŒÌÌMŽMÍŒËËŒÌMŽMÍŒÙKL‚L‹ŒÍÌLLMÎKËÌLLMÎYKL‚LËŒÍLNMLËLNMLKL‚LŒÍMÍNMËMÍNMKL‚LKŒÍÎLLÌLNMËËÎLLÌLNMÙKL‚L‹ŒÎLÍÍNMŒNM‹ËŽLÍÍNMŒNM™KL‚LËŒLMÍŽKŒLMÍŽYKL‚LŒŒNNLMŒŒNNLMKL‚LKŒÍLŒLÍŽMŽKŒÍLŒLÍŽMŽYKL‚LLŒMMÍLNÌMMÍLNÌKL‚LLKŒLŽMŒÌMËLŽMŒÌMÙKL‚LL‹ŒMÍLLLNŒŽMÍLLLNŒŽKL‚LLËŒMÍLŽLÍLËMÍLŽLÍLÙKL‚LMŒLŽMMNŽLŽMMNŽKL‚LMKŒMMÌÍŒÌÎKMMÌÍŒÌÎYKL‚LM‹ŒÍLŒLŒŽMÌMŒÍLŒLŒŽMÌMKL‚LMËŒŒNMÌÌŒŒÎŒŒNMÌÌŒŒÎKL‚LNŒLMMŒÌŒNKŒLMMŒÌŒNYKL‚LNKŒÎLÍÍŒŒLŒKËŽLÍÍŒŒLŒYKL‚LŒŒÍÎLLÎÍL‹ËÎLLÎÍL™KL‚LŒKŒÍMÍÌLŒMLËËMÍÌLŒMLÙKL‚LŒ‹ŒÍLNMLÍLMMKËLNMLÍLMMYKL‚LŒËŒÍÌMŽMMMLKËÌMŽMMMLYKL‚LŒÌÌMÍÍÎÌŒKËŒÌMÍÍÎÌŒYKL‚LKŒÌŒŒÍŽNLMLÍMËËŒŒŒÍŽNLMLÍMÙKL‚L‹ŒÌMŒŽŒMMËŒMŒŽŒMMKL‚LËŒÌLŒNMÍÌLLÎKËŒLŒNMÍÌLLÎYKL‚LŽŒÌLMMMŒËËŒLMMMŒÙKL‚LŽKŒÌLMMMŒËËŒLMMMŒÙKL‚LÌŒÌLŒNMÍÌLLÎËŒLŒNMÍÌLLÎKL‚LÌKŒÌMŒŽŒMMKËŒMŒŽŒMMYKL‚LÌ‹ŒÌŒŒÍŽNLMLÍMËËŒŒŒÍŽNLMLÍMÙKL‚LÌËŒÌÌMÍÍÎÌŒKËŒÌMÍÍÎÌŒYKL‚LÍŒÍÌMŽMMMKËÌMŽMMMYKL‚LÍKŒÍLNMLÍLMMËËLNMLÍLMMÙKL‚LÍ‹ŒÍMÍÌLŒML‹ËMÍÌLŒML™KL‚LÍËŒÍÎLLÎÍL‹ËÎLLÎÍL™KL‚LÎŒÎLÍÍŒŒL‹ËŽLÍÍŒŒL™KL‚LÎKŒLMMŒÌŒŒ‹ŒLMMŒÌŒŒ™KL‚MŒŒNMÌÌŒŒÎKŒŒNMÌÌŒŒÎYKL‚MKŒÍLŒLŒŽMÌLÎŒÍLŒLŒŽMÌLÎKL‚M‹ŒMMÌÍŒÌÍ‹MMÌÍŒÌÍ™KL‚MËŒLŽMMNŽKLŽMMNŽYKL‚MŒMÍLŽLÍLËMÍLŽLÍLÙKL‚MKŒMÍÎÌNLŽMÍÎÌNLŽKL‚M‹ŒLŽLÎLMNMLÎLŽLÎLMNMLÎKL‚MËŒMMÌŒMÎ‹MMÌŒMÎ™KL‚MŒÍLŒLLNNŒ‹ŒÍLŒLLNNŒ™KL‚MKŒŒNMŒÍÎKŒŒNMŒÍÎYKL‚MLŒLMMÎN‹ŒLMMÎN™KL‚MLKŒÎLÍÍMŒŒKËŽLÍÍMŒŒYKL‚ML‹ŒÍÎLLŒNLKËÎLLŒNLYKL‚MLËŒÍMÍÎNŒ‹ËMÍÎNŒ™KL‚MMŒÍLNMMMLLKËLNMMMLLYKL‚MMKŒÍÌŒŒŒKËÌŒŒŒYKL‚MM‹ŒÌÌNŒŽKËŒÌNŒŽYKL‚MMËŒÌŒŒÍÌÍËËŒŒŒÍÌÍÙKL‚MNŒÌMŒŽMMÎ‹ËŒMŒŽMMÎ™KL‚MNKŒÌLŒNNÌŒNMËËŒLŒNNÌŒNMÙKL‚MŒŒÌLMMMMLKËŒLMMMMLYKL‚MŒKŒÌLMMMMLKËŒLMMMMLYKL‚MŒ‹ŒÌLŒNNÌŒNM‹ËŒLŒNNÌŒNM™KL‚MŒËŒÌMŒŽMMÎ‹ËŒMŒŽMMÎ™KL‚MŒÌŒŒÍÌÍËËŒŒŒÍÌÍÙKL‚MKŒÌÌNŒËËŒÌNŒÙKL‚M‹ŒÍÌŒŒŒKËÌŒŒŒYKL‚MËŒÍLNMMMLKËLNMMMLYKL‚MŽŒÍMÍÎNŒËËMÍÎNŒÙKL‚MŽKŒÍÎLLŒNKËÎLLŒNYKL‚MÌŒÎLÍÍMŒŒKËŽLÍÍMŒŒYKL‚MÌKŒLMMÎMÎKŒLMMÎMÎYKL‚MÌ‹ŒŒNMŒÍÎKŒŒNMŒÍÎYKL‚MÌËŒÍLŒLLNN‹ŒÍLŒLLNN™KL‚MÍŒMMÌŒMÎKMMÌŒMÎYKL‚MÍKŒLŽLÎLMNMM‹LŽLÎLMNMM™KL‚MÍ‹ŒMÍÎÌNLËMÍÎÌNLÙKL‚MÍËŒMÍŽLMMÍŽLMKL‚MÎŒLŽLÎŽLŽLÎŽKL‚MÎKŒMMÌLMŽM‹MMÌLMŽM™KL‚NŒÍLŒLÌŽŒÎKŒÍLŒLÌŽŒÎYKL‚NKŒŒNMMÌŽLËŒŒNMMÌŽLÙKL‚N‹ŒLMÍLÎKŒLMÍLÎYKL‚NËŒÎLÍÍLÌÍL‹ËŽLÍÍLÌÍL™KL‚NŒÍÎLLLÎKËÎLLLÎYKL‚NKŒÍMÎÍLËËMÎÍLÙKL‚N‹ŒÍLNMNLŒMKËLNMNLŒMYKL‚NËŒÍÌŒÌÌMLKËÌŒÌÌMLYKL‚NŒÌÌNLÌÍMMËŒÌNLÌÍMMKL‚NKŒÌŒŒÍÌMÌMMŒ‹ËŒŒŒÍÌMÌMMŒ™KL‚NLŒÌMŒŽŒÌŒMKËŒMŒŽŒÌŒMYKL‚NLKŒÌLŒNNMMŒMMÎKËŒLŒNNMMŒMMÎYKL‚NL‹ŒÌLMMLL‹ËŒLMMLL™KL‚NLËŒÌLMMLL‹ËŒLMMLL™KL‚NMŒÌLŒNNMMŒMNKËŒLŒNNMMŒMNYKL‚NMKŒÌMŒŽŒÌŒMKËŒMŒŽŒÌŒMYKL‚NM‹ŒÌŒŒÍÌMÌMMŒKËŒŒŒÍÌMÌMMŒYKL‚NMËŒÌÌNLÌÍML‹ËŒÌNLÌÍML™KL‚NNŒÍÌŒÌÌMKËÌŒÌÌMYKL‚NNKŒÍLNMNLŒMŒ‹ËLNMNLŒMŒ™KL‚ŒŒÍMÎÍLËËMÎÍLÙKL‚ŒKŒÍÎLLLÎKËÎLLLÎYKL‚Œ‹ŒÎLÍÍLÌÍLŒ‹ËŽLÍÍLÌÍLŒ™KL‚ŒËŒLMÍLÎKŒLMÍLÎYKL‚ŒŒŒNMMÌŽL‹ŒŒNMMÌŽL™KL‚ŒKŒÍLŒLÌŽŒÍLŒLÌŽKL‚Œ‹ŒMMÌLMŽMMMÌLMŽMKL‚ŒËŒLŽLÎŽKLŽLÎŽYKL‚ŒŒMÍŽLMKMÍŽLMYKL‚ŒKŒMÍLÌMËMÍLÌMÙKL‚ŒLŒLŽLÍŽMÎLMKLŽLÍŽMÎLMYKL‚ŒLKŒMMŽNÍNLKMMŽNÍNLYKL‚ŒL‹ŒÍLŒLNMLŒKŒÍLŒLNMLŒYKL‚ŒLËŒŒNMÍŒÍ‹ŒŒNMÍŒÍ™KL‚ŒMŒLLÍŒMÎŒLLÍŒMÎKL‚ŒMKŒÎLÍÍÍLMËËŽLÍÍÍLMÙKL‚ŒM‹ŒÍÎLLŒMÍMŽKËÎLLŒMÍMŽYKL‚ŒMËŒÍMÍÌNËËMÍÌNÙKL‚ŒNŒÍLNMNMMŒKËLNMNMMŒYKL‚ŒNKŒÍÌŽŒÌËËÌŽŒÌÙKL‚ŒŒŒÌÌNLÍMÌ‹ËŒÌNLÍMÌ™KL‚ŒŒKŒÌŒŒÍÌNŒM‹ËŒŒŒÍÌNŒM™KL‚ŒŒ‹ŒÌMŒŽŽMLNKËŒMŒŽŽMLNYKL‚ŒŒËŒÌLŒŒMËËŒLŒŒMÙKL‚ŒŒÌLMMÌNËËŒLMMÌNÙKL‚ŒKŒÌLMMÌNËËŒLMMÌNÙKL‚Œ‹ŒÌLŒŒMKËŒLŒŒMYKL‚ŒËŒÌMŒŽŽML‹ËŒMŒŽŽML™KL‚ŒŽŒÌŒŒÍÌNŒMËŒŒŒÍÌNŒMKL‚ŒŽKŒÌÌNLÍMŽKËŒÌNLÍMŽYKL‚ŒÌŒÍÌŽŒŽËÌŽŒŽKL‚ŒÌKŒÍLNMNMMŒKËLNMNMMŒYKL‚ŒÌ‹ŒÍMÍÌNËËMÍÌNÙKL‚ŒÌËŒÍÎLLŒMÍMŽËÎLLŒMÍMŽKL‚ŒÍŒÎLÍÍÍLMËŽLÍÍÍLMKL‚ŒÍKŒLLÍŒMÍÎŒLLÍŒMÍÎKL‚ŒÍ‹ŒŒNMÍŒÍŽKŒŒNMÍŒÍŽYKL‚ŒÍËŒÍLŒLNMLŒËŒÍLŒLNMLŒÙKL‚ŒÎŒMMŽNÍNLËMMŽNÍNLÙKL‚ŒÎKŒLŽLÍŽMÎLMLŽLÍŽMÎLMKL‚ŒMÍLÌMKMÍLÌMYKL‚KŒMÍÌÎLNLÍËMÍÌÎLNLÍÙKL‚‹ŒLŽLÍLKLŽLÍLYKL‚ËŒMMŽMÌŒ‹MMŽMÌŒ™KL‚ŒÍLŒÍMŒÎKŒÍLŒÍMŒÎYKL‚KŒŒNLÍŒMÌŒŒNLÍŒMÌKL‚‹ŒLLMÍKŒLLMÍYKL‚ËŒÎLÍÌÎNÍL‹ËŽLÍÌÎNÍL™KL‚ŒÍÎLLMÍËÎLLMÍKL‚KŒÍMÌŽLŒËËMÌŽLŒÙKL‚LŒÍLNMMÌŒÌËLNMMÌŒÌKL‚LKŒÍÌÍŒÍMKËÌÍŒÍMYKL‚L‹ŒÌÌNMŒÍŒKËŒÌNMŒÍŒYKL‚LËŒÌŒŒÍÌŒLLÌËËŒŒŒÍÌŒLLÌÙKL‚MŒÌMŒŽÌNL‹ËŒMŒŽÌNL™KL‚MKŒÌLŒŒMLLÍLKËŒLŒŒMLLÍLYKL‚M‹ŒÌLMMÍMËŒLMMÍMKL‚MËŒÌLMMÍMÎKËŒLMMÍMÎYKL‚NŒÌLŒŒMLLÍKËŒLŒŒMLLÍYKL‚NKŒÌMŒŽÌNL‹ËŒMŒŽÌNL™KL‚ŒŒÌŒŒÍÌŒLLŽNKËŒŒŒÍÌŒLLŽNYKL‚ŒKŒÌÌNMŒÍNKËŒÌNMŒÍNYKL‚Œ‹ŒÍÌÍŒÍMËÌÍŒÍMKL‚ŒËŒÍLNMMÌŒÌËLNMMÌŒÌKL‚ŒÍMÌŽLËMÌŽLKL‚KŒÍÎLLMÌKËÎLLMÌYKL‚‹ŒÎLÍÌÎNÍL‹ËŽLÍÌÎNÍL™KL‚ËŒLLMÍ‹ŒLLMÍ™KL‚ŽŒŒNLÍŒMÌËŒŒNLÍŒMÌÙKL‚ŽKŒÍLŒÍMËŒÍLŒÍMÙKL‚ÌŒMMŽMÌŒ‹MMŽMÌŒ™KL‚ÌKŒLŽLÍLŽLÍKL‚Ì‹ŒMÍÌÎLNLÌKMÍÌÎLNLÌYKL‚ÌËŒMÍŒNMÍŒNKL‚ÍŒLŽLÍÎÍŒM‹LŽLÍÎÍŒM™KL‚ÍKŒMMÌLMMKMMÌLMMYKL‚Í‹ŒÍLŒLÍŒŒÍKŒÍLŒLÍŒŒÍYKL‚ÍËŒŒNMNMMLËŒŒNMNMMLÙKL‚ÎŒLMLÌÌËŒLMLÌÌÙKL‚ÎKŒÎLÍÍŒMŽËŽLÍÍŒMŽKL‚ŽŒÍÎLLÍÌÎKËÎLLÍÌÎYKL‚ŽKŒÍNLÌNL‹ËNLÌNL™KL‚Ž‹ŒÍLNMÌÌŒÌKËLNMÌÌŒÌYKL‚ŽËŒÍÌŒMÍLŽËÌŒMÍLŽKL‚ŽŒÌÌŒÎMMMMËËŒÌŒÎMMMMÙKL‚ŽKŒÌŒŒÍÌÌÍ‹ËŒŒŒÍÌÌÍ™KL‚Ž‹ŒÌMŒŽÍ‹ËŒMŒŽÍ™KL‚ŽËŒÌLŒŒMŒŒ‹ËŒLŒŒMŒŒ™KL‚ŽŒÌLMNMLÍKËŒLMNMLÍYKL‚ŽKŒÌLMNMLÍ‹ËŒLMNMLÍ™KL‚ŽLŒÌLŒŒMŒŒKËŒLŒŒMŒŒYKL‚ŽLKŒÌMŒŽÍKËŒMŒŽÍYKL‚ŽL‹ŒÌŒŒÍÌÌÍËËŒŒŒÍÌÌÍÙKL‚ŽLËŒÌÌŒÎMMMMËËŒÌŒÎMMMMÙKL‚ŽMŒÍÌŒMÍLËËÌŒMÍLÙKL‚ŽMKŒÍLNMÌÌŒÌKËLNMÌÌŒÌYKL‚ŽM‹ŒÍNLÌNLKËNLÌNLYKL‚ŽMËŒÍÎLLÍÌÎKËÎLLÍÌÎYKL‚ŽNŒÎLÍÍŒMŽËŽLÍÍŒMŽKL‚ŽNKŒLMLÌÍ‹ŒLMLÌÍ™KL‚ÌŒŒNMNMMMËŒŒNMNMMMÙKL‚ÌKŒÍLŒLÍŒŒÍŒÍLŒLÍŒŒÍKL‚Ì‹ŒMMÌLMLKMMÌLMLYKL‚ÌËŒLŽLÍÎÍŒLËLŽLÍÎÍŒLÙKL‚ÌŒMÍŒMËMÍŒMÙKL‚ÌKŒMÍMÌLÍÌËMÍMÌLÍÌÙKL‚Ì‹ŒLŽMŽNMŒ‹LŽMŽNMŒ™KL‚ÌËŒMNNLÍL‹MNNLÍL™KL‚ÌŒÍLŒNMLÌÎMŒÍLŒNMLÌÎMKL‚ÌKŒŒŒMLÌKŒŒŒMLÌYKL‚ÌLŒLŒMÍM‹ŒLŒMÍM™KL‚ÌLKŒÎLÍÍÌÎKËŽLÍÍÌÎYKL‚ÌL‹ŒÍÎLNLŽÌÌMKËÎLNLŽÌÌMYKL‚ÌLËŒÍLÍNMLËËLÍNMLÙKL‚ÌMŒÍLNŒMŒNMKËLNŒMŒNMYKL‚ÌMKŒÍÌLNLMÎËËÌLNLMÎÙKL‚ÌM‹ŒÌÌŒÎMLÍËËŒÌŒÎMLÍÙKL‚ÌMËŒÌŒŒÍÍŒÌÌŒËŒŒŒÍÍŒÌÌŒKL‚ÌNŒÌMŒŽÍŒÍÍËŒMŒŽÍŒÍÍKL‚ÌNKŒÌLŒŒÎÌŒNKËŒLŒŒÎÌŒNYKL‚ÌŒŒÌLMŒLMNKËŒLMŒLMNYKL‚ÌŒKŒÌLMŒLMM‹ËŒLMŒLMM™KL‚ÌŒ‹ŒÌLŒŒÎÌŒM‹ËŒLŒŒÎÌŒM™KL‚ÌŒËŒÌMŒŽÍŒÍÌKËŒMŒŽÍŒÍÌYKL‚ÌŒÌŒŒÍÍŒÌÌŒKËŒŒŒÍÍŒÌÌŒYKL‚ÌKŒÌÌŒÎMLËŒÌŒÎMLKL‚Ì‹ŒÍÌLNLMÎËËÌLNLMÎÙKL‚ÌËŒÍLNŒMŒNM‹ËLNŒMŒNM™KL‚ÌŽŒÍLÍNMMËLÍNMMKL‚ÌŽKŒÍÎLNLŽÌÌNËÎLNLŽÌÌNKL‚ÌÌŒÎLÍÍÌÎKËŽLÍÍÌÎYKL‚ÌÌKŒLŒMÍL‹ŒLŒMÍL™KL‚ÌÌ‹ŒŒŒMLÌËŒŒŒMLÌÙKL‚ÌÌËŒÍLŒNMLÌÎKŒÍLŒNMLÌÎYKL‚ÌÍŒMNNLÍ‹MNNLÍ™KL‚ÌÍKŒLŽMŽNMNKLŽMŽNMNYKL‚ÌÍ‹ŒMÍMÌLÍÌÌËMÍMÌLÍÌÌÙKL‚ÌÍËŒMÌLÍÌNKMÌLÍÌNYKL‚ÌÎŒLŽLMŒMŒÍLŽLMŒMŒÍKL‚ÌÎKŒMMLLÎNMMLLÎNKL‚ÍŒÍLNLLKŒÍLNLLYKL‚ÍKŒŒMÎÌNMKŒŒMÎÌNMYKL‚Í‹ŒNLMLŒŒKŒNLMLŒŒYKL‚ÍËŒÎLÍÌŽÍLLMËËŽLÍÌŽÍLLMÙKL‚ÍŒÍÎLMNŽËÎLMNŽKL‚ÍKŒÍLLÌKËLLÌYKL‚Í‹ŒÍLNLLNLKËLNLLNLYKL‚ÍËŒÍÌMMÌÎËÌMMÌÎKL‚ÍŒÌÌMMLLMŒËËŒÌMMLLMŒÙKL‚ÍKŒÌŒŒÍŽNMÍÌËŒŒŒÍŽNMÍÌKL‚ÍLŒÌMŒŽÎMÌÌËËŒMŒŽÎMÌÌÙKL‚ÍLKŒÌLŒNNŒŽNLKËŒLŒNNŒŽNLYKL‚ÍL‹ŒÌLMMMÎÌÍŒ‹ËŒLMMMÎÌÍŒ™KL‚ÍLËŒÌLMMMÎÌÍŒËËŒLMMMÎÌÍŒÙKL‚ÍMŒÌLŒNNŒŽNLL‹ËŒLŒNNŒŽNLL™KL‚ÍMKŒÌMŒŽÎMÌÍËŒMŒŽÎMÌÍKL‚ÍM‹ŒÌŒŒÍŽNMÍÌËËŒŒŒÍŽNMÍÌÙKL‚ÍMËŒÌÌMMLLMËËŒÌMMLLMÙKL‚ÍNŒÍÌMMÌKËÌMMÌYKL‚ÍNKŒÍLNLLNLKËLNLLNLYKL‚ÍŒŒÍLLÌKËLLÌYKL‚ÍŒKŒÍÎLMNŽËËÎLMNŽÙKL‚ÍŒ‹ŒÎLÍÌŽÍLLŒ‹ËŽLÍÌŽÍLLŒ™KL‚ÍŒËŒNLMLŒŒNLMLŒKL‚ÍŒŒMÎÌNMËŒŒMÎÌNMÙKL‚ÍKŒÍLNLLKŒÍLNLLYKL‚Í‹ŒMMLLÎMÎMMLLÎMÎKL‚ÍËŒLŽLMŒMŒÍKLŽLMŒMŒÍYKL‚ÍŽŒMÌLÍÌ‹MÌLÍÌ™KL‚ÍŽKŒMŒLŽŒ‹MŒLŽŒ™KL‚ÍÌŒLÎNNMMMLËLÎNNMMMLÙKL‚ÍÌKŒMÎMÎMÌÌKMÎMÎMÌÌYKL‚ÍÌ‹ŒÍLÌÌŽKŒÍLÌÌŽYKL‚ÍÌËŒŒMŒÍÌÎŒŒMŒÍÌÎKL‚ÍÍŒMŒLŒÌ‹ŒMŒLŒÌ™KL‚ÍÍKŒÎLÍMMŒÌÎËŽLÍMMŒÌÎKL‚ÍÍ‹ŒÍÎLÎLŒÍËËÎLÎLŒÍÙKL‚ÍÍËŒÍÍŒŒŒÍMÎKËÍŒŒŒÍMÎYKL‚ÍÎŒÍLN‹ËLN™KL‚ÍÎKŒÍÍÎLŽLKËÍÎLŽLYKL‚ÎŒÌÌÎMŒÍËŒÌÎMŒÍKL‚ÎKŒÌŒŒÍÍŒŽMKËŒŒŒÍÍŒŽMYKL‚Î‹ŒÌMŒNLNLLÍM‹ËŒMŒNLNLLÍM™KL‚ÎËŒÌLŒMÎMMŒÌMŒËËŒLŒMÎMMŒÌMŒÙKL‚ÎŒÌLLÍÎNŒKËŒLLÍÎNŒYKL‚ÎKŒÌLLÍÎNŒËËŒLLÍÎNŒÙKL‚Î‹ŒÌLŒMÎMMŒÌMÌKËŒLŒMÎMMŒÌMÌYKL‚ÎËŒÌMŒNLNLLÍŒ‹ËŒMŒNLNLLÍŒ™KL‚ÎŒÌŒŒÍÍŒÌ‹ËŒŒŒÍÍŒÌ™KL‚ÎKŒÌÌÎMŒÍËŒÌÎMŒÍKL‚ÎLŒÍÍÎLŽLËËÍÎLŽLÙKL‚ÎLKŒÍLNËËLNÙKL‚ÎL‹ŒÍÍŒŒŒÍNËËÍŒŒŒÍNÙKL‚ÎLËŒÍÎLÎLŒÍËÎLÎLŒÍKL‚ÎMŒÎLÍMMŒÍKËŽLÍMMŒÍYKL‚ÎMKŒMŒLŒÌ‹ŒMŒLŒÌ™KL‚ÎM‹ŒŒMŒÍÌÌ‹ŒŒMŒÍÌÌ™KL‚ÎMËŒÍLÌÌŒ‹ŒÍLÌÌŒ™KL‚ÎNŒMÎMÎMÌKMÎMÎMÌYKL‚ÎNKŒLÎNNMMMLËLÎNNMMMLÙKL‚ŽŒMŒLŽŒËMŒLŽŒÙKL‚ŽKŒMŽÍÎLŒÌÌËMŽÍÎLŒÌÌÙKL‚Ž‹ŒLÌÌNLÍŽKLÌÌNLÍŽYKL‚ŽËŒMŽNNÍËMŽNNÍÙKL‚ŽŒÍLÌŽMNŒÍLÌŽMNKL‚ŽKŒŒÌŒÌNLKŒŒÌŒÌNLYKL‚Ž‹ŒŒLŒŒNŒŒLŒŒNKL‚ŽËŒÎLÎÍMLŒ‹ËŽLÎÍMLŒ™KL‚ŽŒÍÎLÌÍMN‹ËÎLÌÍMN™KL‚ŽKŒÍMŒŒÍMÍËËMŒŒÍMÍÙKL‚ŽLŒÍLNLLLÍ‹ËLNLLLÍ™KL‚ŽLKŒÍÍLŽËÍLŽKL‚ŽL‹ŒÌÌNLÌŽNKËŒÌNLÌŽNYKL‚ŽLËŒÌŒŒŒŒŒ‹ËŒŒŒŒŒŒ™KL‚ŽMŒÌMŒÌLMLKËŒMŒÌLMLYKL‚ŽMKŒÌLŒŒNMŒLËŒLŒŒNMŒLKL‚ŽM‹ŒÌLNLÌŒMÍËŒLNLÌŒMÍKL‚ŽMËŒÌLNLÌŒMÍLKËŒLNLÌŒMÍLYKL‚ŽNŒÌLŒŒNMŒLMËŒLŒŒNMŒLMKL‚ŽNKŒÌMŒÌLMLŒËËŒMŒÌLMLŒÙKL‚ŽŒŒÌŒŒŒŒÌËËŒŒŒŒŒÌÙKL‚ŽŒKŒÌÌNLÌŽLËËŒÌNLÌŽLÙKL‚ŽŒ‹ŒÍÍLŽŽËÍLŽŽKL‚ŽŒËŒÍLNLLLÍ‹ËLNLLLÍ™KL‚ŽŒÍMŒŒÍMÎËMŒŒÍMÎKL‚ŽKŒÍÎLÌÍMNMËÎLÌÍMNMKL‚Ž‹ŒÎLÎÍMLŽKËŽLÎÍMLŽYKL‚ŽËŒŒLŒŒMËŒŒLŒŒMÙKL‚ŽŽŒŒÌŒÌNKŒŒÌŒÌNYKL‚ŽŽKŒÍLÌŽMNLËŒÍLÌŽMNLÙKL‚ŽÌŒMŽNNKMŽNNYKL‚ŽÌKŒLÌÌNLÍLÌÌNLÍKL‚ŽÌ‹ŒMŽÍÎLŒÌÍËMŽÍÎLŒÌÍÙKL‚ŽÌËŒMLMÍÍLKMLMÍÍLYKL‚ŽÍŒLŽLLÌKLŽLLÌYKL‚ŽÍKŒMLNÎKMLNÎYKL‚ŽÍ‹ŒÍLMŒÍÎMŽŒÍLMŒÍÎMŽKL‚ŽÍËŒŒMÍLŒŽÍŒKŒŒMÍLŒŽÍŒYKL‚ŽÎŒLŒŒMÌŒLŒŒMÌKL‚ŽÎKŒÎLÍÍÍÍMM‹ËŽLÍÍÍÍMM™KL‚ŽŒÍÎLÍMLÌLÎLËËÎLÍMLÌLÎLÙKL‚ŽKŒÍNLÍŽKËNLÍŽYKL‚Ž‹ŒÍLNMLLÌËËLNMLLÌÙKL‚ŽËŒÍÌÌ‹ËÌÌ™KL‚ŽŒÌÌMNNMËËŒÌMNNMÙKL‚ŽKŒÌŒLŒÍMËŒŒLŒÍMKL‚Ž‹ŒÌMMMKËŒMMMYKL‚ŽËŒÌLŒÍNNLKËŒLŒÍNNLYKL‚ŽŒÌLÌÍËŒLÌÍKL‚ŽKŒÌLÌÍËŒLÌÍKL‚ŽLŒÌLŒÍNNLKËŒLŒÍNNLYKL‚ŽLKŒÌMMMËŒMMMKL‚ŽL‹ŒÌŒLŒÍMNKËŒŒLŒÍMNYKL‚ŽLËŒÌÌMNNMŒËËŒÌMNNMŒÙKL‚ŽMŒÍÌÌ‹ËÌÌ™KL‚ŽMKŒÍLNMLLÌKËLNMLLÌYKL‚ŽM‹ŒÍNLÍŽKËNLÍŽYKL‚ŽMËŒÍÎLÍMLÌLÎLKËÎLÍMLÌLÎLYKL‚ŽNŒÎLÍÍÍÍMLÎKËŽLÍÍÍÍMLÎYKL‚ŽNKŒLŒŒMÌËŒLŒŒMÌÙKL‚ŽŒŒŒMÍLŒŽÍNŒŒMÍLŒŽÍNKL‚ŽŒKŒÍLMŒÍÎM‹ŒÍLMŒÍÎM™KL‚ŽŒ‹ŒMLNÍÎKMLNÍÎYKL‚ŽŒËŒLŽLLÌKLŽLLÌYKL‚ŽŒMLMÍÍLKMLMÍÍLYKL‚ŽKŒMMÌLÍŽMËMMÌLÍŽMÙKL‚Ž‹ŒLÍMÍNM‹LÍMÍNM™KL‚ŽËŒLÎMLLŒKLÎMLLŒYKL‚ŽŽŒÍLLLKŒÍLLLYKL‚ŽŽKŒŒÎMŒÎKŒŒÎMŒÎYKL‚ŽÌŒÎÌÎM‹ŒÎÌÎM™KL‚ŽÌKŒÎLÍŒÍÎLMÌÍËŽLÍŒÍÎLMÌÍKL‚ŽÌ‹ŒÍÎLÌÎLÎKËÎLÌÎLÎYKL‚ŽÌËŒÍÍLLM‹ËÍLLM™KL‚ŽÍŒÍLNLŽNLŒ‹ËLNLŽNLŒ™KL‚ŽÍKŒÍÎNÌMÌËËÎNÌMÌÙKL‚ŽÍ‹ŒÌÌMÍŽ‹ËŒÌMÍŽ™KL‚ŽÍËŒÌŒŒÍŽNŽM‹ËŒŒŒÍŽNŽM™KL‚ŽÎŒÌMŒŽÎMNLNKËŒMŒŽÎMNLNYKL‚ŽÎKŒÌLŒŒLMÎLMËŒLŒŒLMÎLMKL‚ŽŒÌLMÌLMÍKËŒLMÌLMÍYKL‚ŽKŒÌLMÌLMÌËËŒLMÌLMÌÙKL‚Ž‹ŒÌLŒŒLMÎLMËŒLŒŒLMÎLMKL‚ŽËŒÌMŒŽÎMNLNKËŒMŒŽÎMNLNYKL‚ŽŒÌŒŒÍŽNŽMËŒŒŒÍŽNŽMKL‚ŽKŒÌÌMÍŽËŒÌMÍŽKL‚Ž‹ŒÍÎNÌMËËÎNÌMÙKL‚ŽËŒÍLNLŽNL‹ËLNLŽNL™KL‚ŽŒÍÍLLL‹ËÍLLL™KL‚ŽKŒÍÎLÌÎLÍËËÎLÌÎLÍÙKL‚ŽLŒÎLÍŒÍÎLMÌÌ‹ËŽLÍŒÍÎLMÌÌ™KL‚ŽLKŒÎÌÎMËŒÎÌÎMÙKL‚ŽL‹ŒŒÎMŒÎŒŒÎMŒÎKL‚ŽLËŒÍLLŒÍLLKL‚ŽMŒLÎMLLŒ‹LÎMLLŒ™KL‚ŽMKŒLÍMÍNMKLÍMÍNMYKL‚ŽM‹ŒMMÌLÍŽM‹MMÌLÍŽM™KL‚ŽMËŒMŽMÌŒLŒ‹MŽMÌŒLŒ™KL‚ŽNŒLŽNÍLËLŽNÍLÙKL‚ŽNKŒMLMŒŒ‹MLMŒŒ™KL‚ŽLŒÍLMŽÎLÌKŒÍLMŽÎLÌYKL‚ŽLKŒŒMNÌÌKŒŒMNÌÌYKL‚ŽL‹ŒŽMÎÍNKŒŽMÎÍNYKL‚ŽLËŒÎLÍÌMMÌNËŽLÍÌMMÌNKL‚ŽLŒÍÎNMŒMNNKËÎNMŒMNNYKL‚ŽLKŒÍÌMMKËÌMMYKL‚ŽL‹ŒÍLNLŒMÎËËLNLŒMÎÙKL‚ŽLËŒÍÌLÎMKËÌLÎMYKL‚ŽLŒÌÌÍMŒÌÌŒKËŒÌÍMŒÌÌŒYKL‚ŽLKŒÌŒŒÎÎLMËŒŒŒÎÎLMKL‚ŽLLŒÌMŒŽNMŒMÍKËŒMŒŽNMŒMÍYKL‚ŽLLKŒÌLŒŒNLŒÍÌLËËŒLŒŒNLŒÍÌLÙKL‚ŽLL‹ŒÌLMÍÌÍŒŒMKËŒLMÍÌÍŒŒMYKL‚ŽLLËŒÌLMÍÌÍŒŒLËËŒLMÍÌÍŒŒLÙKL‚ŽLMŒÌLŒŒNLŒÍÌMËŒLŒŒNLŒÍÌMKL‚ŽLMKŒÌMŒŽNMŒMËËŒMŒŽNMŒMÙKL‚ŽLM‹ŒÌŒŒÎÎLMKËŒŒŒÎÎLMYKL‚ŽLMËŒÌÌÍMŒÌÌNËŒÌÍMŒÌÌNKL‚ŽLNŒÍÌLÎMŒËËÌLÎMŒÙKL‚ŽLNKŒÍLNLŒMÎKËLNLŒMÎYKL‚ŽLŒŒÍÌMMËÌMMKL‚ŽLŒKŒÍÎNMŒMNMËËÎNMŒMNMÙKL‚ŽLŒ‹ŒÎLÍÌMMÌMKËŽLÍÌMMÌMYKL‚ŽLŒËŒŽMÎÍMKŒŽMÎÍMYKL‚ŽLŒŒMNÌÌKŒŒMNÌÌYKL‚ŽLKŒÍLMŽÎLÌKŒÍLMŽÎLÌYKL‚ŽL‹ŒMLMŒŒ‹MLMŒŒ™KL‚ŽLËŒLŽNÍLŽLŽNÍLŽKL‚ŽLŽŒMŽMÌŒLŒKMŽMÌŒLŒYKL‚ŽLŽKŒMÍMLMÍNËMÍMLMÍNÙKL‚ŽLÌŒLŽMNMLMŒMLŽMNMLMŒMKL‚ŽLÌKŒMMÍÎMÌKMMÍÎMÌYKL‚ŽLÌ‹ŒÍLŒMNLLLËŒÍLŒMNLLLÙKL‚ŽLÌËŒŒNNNNNLLÎŒŒNNNNNLLÎKL‚ŽLÍŒLMÍÍÍÌÌKŒLMÍÍÍÌÌYKL‚ŽLÍKŒÎLÍÍMŒNÍËËŽLÍÍMŒNÍÙKL‚ŽLÍ‹ŒÍÎLMMŽLLËËÎLMMŽLLÙKL‚ŽLÍËŒÍLLÍÌÌŒŒKËLLÍÌÌŒŒYKL‚ŽLÎŒÍLNŒŒÍÍ‹ËLNŒŒÍÍ™KL‚ŽLÎKŒÍÌLLLŽKËÌLLLŽYKL‚ŽMŒÌÌŒÍLÎËËŒÌŒÍLÎÙKL‚ŽMKŒÌŒŒÎLÎÍËŒŒŒÎLÎÍKL‚ŽM‹ŒÌMŒŽLŒŒMM‹ËŒMŒŽLŒŒMM™KL‚ŽMËŒÌLŒŒLÌŒ‹ËŒLŒŒLÌŒ™KL‚ŽMŒÌLMÍŒÍŒ‹ËŒLMÍŒÍŒ™KL‚ŽMKŒÌLMÍŒÍ‹ËŒLMÍŒÍ™KL‚ŽM‹ŒÌLŒŒLÌŒ‹ËŒLŒŒLÌŒ™KL‚ŽMËŒÌMŒŽLŒŒMM‹ËŒMŒŽLŒŒMM™KL‚ŽMŒÌŒŒÎLÎËËŒŒŒÎLÎÙKL‚ŽMKŒÌÌŒÍLÎKËŒÌŒÍLÎYKL‚ŽMLŒÍÌLLLŽËÌLLLŽKL‚ŽMLKŒÍLNŒŒÍÌËËLNŒŒÍÌÙKL‚ŽML‹ŒÍLLÍÌÌŒNKËLLÍÌÌŒNYKL‚ŽMLËŒÍÎLMMŽLKËÎLMMŽLYKL‚ŽMMŒÎLÍÍMŒNÍËŽLÍÍMŒNÍKL‚ŽMMKŒLMÍÍÍÌËŒLMÍÍÍÌÙKL‚ŽMM‹ŒŒNNNNNLLÍ‹ŒŒNNNNNLLÍ™KL‚ŽMMËŒÍLŒMNLLL‹ŒÍLŒMNLLL™KL‚ŽMNŒMMÍÎMËMMÍÎMÙKL‚ŽMNKŒLŽMNMLMŒMLŽMNMLMŒMKL‚ŽMŒŒMÍMLMÍNKMÍMLMÍNYKL‚ŽMŒKŒMÍÌŒLÍ‹MÍÌŒLÍ™KL‚ŽMŒ‹ŒLŽMMNMLŽMMNMKL‚ŽMŒËŒMNNNLÍÎKMNNNLÍÎYKL‚ŽMŒÍLŒŒŒÎLŒL‹ŒÍLŒŒŒÎLŒL™KL‚ŽMKŒŒŒŒMÎM‹ŒŒŒŒMÎM™KL‚ŽM‹ŒLŒÌŽKŒLŒÌŽYKL‚ŽMËŒÎLÍÍÎMLNËŽLÍÍÎMLNKL‚ŽMŽŒÍÎLLLŒÍKËÎLLLŒÍYKL‚ŽMŽKŒÍMMÍŒÍMËËMMÍŒÍMÙKL‚ŽMÌŒÍLNLŒLŒKËLNLŒLŒYKL‚ŽMÌKŒÍÌNLN‹ËÌNLN™KL‚ŽMÌ‹ŒÌÌLÍML‹ËŒÌLÍML™KL‚ŽMÌËŒÌŒŒÍMÌMLKËŒŒŒÍMÌMLYKL‚ŽMÍŒÌMŒÍŒŽM‹ËŒMŒÍŒŽM™KL‚ŽMÍKŒÌLŒNLÍMËŒLŒNLÍMKL‚ŽMÍ‹ŒÌLMLLMŽL‹ËŒLMLLMŽL™KL‚ŽMÍËŒÌLMLLMŽMKËŒLMLLMŽMYKL‚ŽMÎŒÌLŒNLÍMËŒLŒNLÍMKL‚ŽMÎKŒÌMŒÍŒŽNËŒMŒÍŒŽNKL‚ŽNŒÌŒŒÍMÌMLM‹ËŒŒŒÍMÌMLM™KL‚ŽNKŒÌÌLÍMKËŒÌLÍMYKL‚ŽN‹ŒÍÌNLNKËÌNLNYKL‚ŽNËŒÍLNLŒLNËLNLŒLNKL‚ŽNŒÍMMÍŒÍLËËMMÍŒÍLÙKL‚ŽNKŒÍÎLLLŒÍ‹ËÎLLLŒÍ™KL‚ŽN‹ŒÎLÍÍÎMLNÎKËŽLÍÍÎMLNÎYKL‚ŽNËŒLŒÌÎKŒLŒÌÎYKL‚ŽNŒŒŒŒMÎLËŒŒŒŒMÎLÙKL‚ŽNKŒÍLŒŒŒÎLŒLŒÍLŒŒŒÎLŒLKL‚ŽNLŒMNNNLÍÍ‹MNNNLÍÍ™KL‚ŽNLKŒLŽMMNLÎNKLŽMMNLÎNYKL‚ŽNL‹ŒMÍÌŒLÌ‹MÍÌŒLÌ™KL‚ŽNLËŒMÍÌÌNLËMÍÌÌNLÙKL‚ŽNMŒLŽMŒÍLMLKLŽMŒÍLMLYKL‚ŽNMKŒMNLLÌLÍÌËMNLLÌLÍÌÙKL‚ŽNM‹ŒÍLŒÌÌŽLŒ‹ŒÍLŒÌÌŽLŒ™KL‚ŽNMËŒŒŒÍNÌÌKŒŒŒÍNÌÌYKL‚ŽNNŒLŒÌLÎŒLŒÌLÎKL‚ŽNNKŒÎLÍÍLŽMLÌ‹ËŽLÍÍLŽMLÌ™KL‚ŒLŒÍÎLLŽNMKËÎLLŽNMYKL‚ŒLKŒÍMŒÍËMŒÍKL‚ŒL‹ŒÍLNLŒMLKËLNLŒMLYKL‚ŒLËŒÍŽMÍNLÍ‹ËŽMÍNLÍ™KL‚ŒLŒÌÌÎMLÌKËŒÌÎMLÌYKL‚ŒLKŒÌŒŒÍNLMÎMŒKËŒŒŒÍNLMÎMŒYKL‚ŒL‹ŒÌMŒŽŒŒËŒMŒŽŒŒKL‚ŒLËŒÌLŒNMLËŒLŒNMLKL‚ŒLŒÌLMNNMNMLËËŒLMNNMNMLÙKL‚ŒLKŒÌLMNNMNMLKËŒLMNNMNMLYKL‚ŒLLŒÌLŒNMLËŒLŒNMLKL‚ŒLLKŒÌMŒŽŒŒËËŒMŒŽŒŒÙKL‚ŒLL‹ŒÌŒŒÍNLMÎMNKËŒŒŒÍNLMÎMNYKL‚ŒLLËŒÌÌÎMLËËŒÌÎMLÙKL‚ŒLMŒÍŽMÍNLÌ‹ËŽMÍNLÌ™KL‚ŒLMKŒÍLNLŒML‹ËLNLŒML™KL‚ŒLM‹ŒÍMŒŽKËMŒŽYKL‚ŒLMËŒÍÎLLŽNLÎKËÎLLŽNLÎYKL‚ŒLNŒÎLÍÍLŽMLËËŽLÍÍLŽMLÙKL‚ŒLNKŒLŒÌLÎŒLŒÌLÎKL‚ŒLŒŒŒŒÍNÌËŒŒŒÍNÌÙKL‚ŒLŒKŒÍLŒÌÌŽL‹ŒÍLŒÌÌŽL™KL‚ŒLŒ‹ŒMNLLÌLÍÍKMNLLÌLÍÍYKL‚ŒLŒËŒLŽMŒÍLMLKLŽMŒÍLMLYKL‚ŒLŒMÍÌÌNMKMÍÌÌNMYKL‚ŒLKŒMÍÍLÍÎMÍÍLÍÎKL‚ŒL‹ŒLŽMŒËLŽMŒÙKL‚ŒLËŒMNMLÌŒL‹MNMLÌŒL™KL‚ŒLŽŒÍLŒÌNLŒÍLŒÌNLKL‚ŒLŽKŒŒŒLMLM‹ŒŒŒLMLM™KL‚ŒLÌŒLMŽNMŒKŒLMŽNMŒYKL‚ŒLÌKŒÎLÍÍÍMNNËŽLÍÍÍMNNKL‚ŒLÌ‹ŒÍÎLML‹ËÎLML™KL‚ŒLÌËŒÍMLNMKËMLNMYKL‚ŒLÍŒÍLNM‹ËLNM™KL‚ŒLÍKŒÍŽMÌÍ‹ËŽMÌÍ™KL‚ŒLÍ‹ŒÌÌŽMNKËŒÌŽMNYKL‚ŒLÍËŒÌŒŒÍMÌŒLÌKËŒŒŒÍMÌŒLÌYKL‚ŒLÎŒÌMŒŒŽMKËŒMŒŒŽMYKL‚ŒLÎKŒÌLŒNŽLMLÍ‹ËŒLŒNŽLMLÍ™KL‚ŒLŒÌLLÎLŽMÍÍŒËËŒLLÎLŽMÍÍŒÙKL‚ŒLKŒÌLLÎLŽMÍÍŒËËŒLLÎLŽMÍÍŒÙKL‚ŒL‹ŒÌLŒNŽLMLÍ‹ËŒLŒNŽLMLÍ™KL‚ŒLËŒÌMŒŒŽMËŒMŒŒŽMKL‚ŒLŒÌŒŒÍMÌŒLÌËŒŒŒÍMÌŒLÌKL‚ŒLKŒÌÌŽMNËËŒÌŽMNÙKL‚ŒL‹ŒÍŽMÌÍMKËŽMÌÍMYKL‚ŒLËŒÍLNMËLNMKL‚ŒLŒÍMLNMŒ‹ËMLNMŒ™KL‚ŒLKŒÍÎLMLM‹ËÎLMLM™KL‚ŒLLŒÎLÍÍÍMNMKËŽLÍÍÍMNMYKL‚ŒLLKŒLMŽNMŒËŒLMŽNMŒÙKL‚ŒLL‹ŒŒŒLMLMKŒŒŒLMLMYKL‚ŒLLËŒÍLŒÌNL‹ŒÍLŒÌNL™KL‚ŒLMŒMNMLÌŒLKMNMLÌŒLYKL‚ŒLMKŒLŽMLŽMKL‚ŒLM‹ŒMÍÍLÍÍËMÍÍLÍÍÙKL‚ŒLMËŒMÍÍÎLLÎKMÍÍÎLLÎYKL‚ŒLNŒLŽMÌLŒËLŽMÌLŒÙKL‚ŒLNKŒMNMLNKMNMLNYKL‚ŒLŒŒÍLŒÌÍÍÌÌËŒÍLŒÌÍÍÌÌÙKL‚ŒLŒKŒŒŒLNNNLËŒŒŒLNNNLÙKL‚ŒLŒ‹ŒLŒLMÍŒLŒLMÍKL‚ŒLŒËŒÎLÍÍŽŽKËŽLÍÍŽŽYKL‚ŒLŒÍÎLMÍËÎLMÍKL‚ŒLKŒÍMNLŒÍ‹ËMNLŒÍ™KL‚ŒL‹ŒÍLNLŒÍKËLNLŒÍYKL‚ŒLËŒÍŽMÍMŒÍKËŽMÍMŒÍYKL‚ŒLŽŒÌÌÌÌLËËŒÌÌÌLÙKL‚ŒLŽKŒÌŒŒÍMÌŒMÍM‹ËŒŒŒÍMÌŒMÍM™KL‚ŒLÌŒÌMŒŽNNLËËŒMŒŽNNLÙKL‚ŒLÌKŒÌLŒNŒŽÍLKËŒLŒNŒŽÍLYKL‚ŒLÌ‹ŒÌLLÎMM‹ËŒLLÎMM™KL‚ŒLÌËŒÌLLÎMMNKËŒLLÎMMNYKL‚ŒLÍŒÌLŒNŒŽÍKËŒLŒNŒŽÍYKL‚ŒLÍKŒÌMŒŽNNL‹ËŒMŒŽNNL™KL‚ŒLÍ‹ŒÌŒŒÍMÌŒMÍMKËŒŒŒÍMÌŒMÍMYKL‚ŒLÍËŒÌÌÌÌLÌKËŒÌÌÌLÌYKL‚ŒLÎŒÍŽMÍMŒÍKËŽMÍMŒÍYKL‚ŒLÎKŒÍLNLŒÍKËLNLŒÍYKL‚ŒLŒÍMNLŒÌËËMNLŒÌÙKL‚ŒLKŒÍÎLMÍËËÎLMÍÙKL‚ŒL‹ŒÎLÍÍŽËËŽLÍÍŽÙKL‚ŒLËŒLŒLMÌ‹ŒLŒLMÌ™KL‚ŒLŒŒŒLNNNLKŒŒŒLNNNLYKL‚ŒLKŒÍLŒÌÍÍÌÌKŒÍLŒÌÍÍÌÌYKL‚ŒL‹ŒMNMLNËMNMLNÙKL‚ŒLËŒLŽMÌLLŽMÌLKL‚ŒLŒMÍÍÎLLÎMÍÍÎLLÎKL‚ŒLKŒMÍÌŒÌÌKMÍÌŒÌÌYKL‚ŒLLŒLŽMŒŒŽÍËLŽMŒŒŽÍÙKL‚ŒLLKŒMNLÌLÌŒL‹MNLÌLÌŒL™KL‚ŒLL‹ŒÍLŒŽLŒMNKŒÍLŒŽLŒMNYKL‚ŒLLËŒŒŒLŒÎLŒŒŒLŒÎLKL‚ŒLMŒLMMÌÎŒLMMÌÎKL‚ŒLMKŒÎLÍÍÌŽËŽLÍÍÌŽKL‚ŒLM‹ŒÍÎLMLŽÍLKËÎLMLŽÍLYKL‚ŒLMËŒÍMŒÍŒÌŽKËMŒÍŒÌŽYKL‚ŒLNŒÍLNLÌMNËLNLÌMNKL‚ŒLNKŒÍŽNNKËŽNNYKL‚ŒLLŒÌÌÎLÎM‹ËŒÌÎLÎM™KL‚ŒLLKŒÌŒŒÍNLÍLÌNËŒŒŒÍNLÍLÌNKL‚ŒLL‹ŒÌMŒÍMËËŒMŒÍMÙKL‚ŒLLËŒÌLŒNÍNNLËËŒLŒNÍNNLÙKL‚ŒLLŒÌLLÎNMÌKËŒLLÎNMÌYKL‚ŒLLKŒÌLLÎNMÌLKËŒLLÎNMÌLYKL‚ŒLL‹ŒÌLŒNÍNNLËËŒLŒNÍNNLÙKL‚ŒLLËŒÌMŒÍMËËŒMŒÍMÙKL‚ŒLLŒÌŒŒÍNLÍLÌNKËŒŒŒÍNLÍLÌNYKL‚ŒLLKŒÌÌÎLÎMKËŒÌÎLÎMYKL‚ŒLLLŒÍŽNNŒ‹ËŽNNŒ™KL‚ŒLLLKŒÍLNLÌMMKËLNLÌMMYKL‚ŒLLL‹ŒÍMŒÍŒÌËMŒÍŒÌKL‚ŒLLLËŒÍÎLMLŽÍKËÎLMLŽÍYKL‚ŒLLMŒÎLÍÍÌKËŽLÍÍÌYKL‚ŒLLMKŒLMMÌÎ‹ŒLMMÌÎ™KL‚ŒLLM‹ŒŒŒLŒÎLËŒŒŒLŒÎLÙKL‚ŒLLMËŒÍLŒŽLŒMNËŒÍLŒŽLŒMNÙKL‚ŒLLNŒMNLÌLÌŒLËMNLÌLÌŒLÙKL‚ŒLLNKŒLŽMŒŒŽÍ‹LŽMŒŒŽÍ™KL‚ŒLLŒŒMÍÌŒÌÌKMÍÌŒÌÌYKL‚ŒLLŒKŒMÍŽMKMÍŽMYKL‚ŒLLŒ‹ŒLŽMNLŒŽLLŽMNLŒŽLKL‚ŒLLŒËŒMNLMNLKL‚ŒLLŒÍLŒŽLŽNŒÍLŒŽLŽNKL‚ŒLLKŒŒŒLLNL‹ŒŒŒLLNL™KL‚ŒLL‹ŒLNNÍKŒLNNÍYKL‚ŒLLËŒÎLÍÍÌÍŒ‹ËŽLÍÍÌÍŒ™KL‚ŒLLŽŒÍÎLMÎÍNLËËÎLMÎÍNLÙKL‚ŒLLŽKŒÍMŒLŒKËMŒLŒYKL‚ŒLLÌŒÍLNLMŽKËLNLMŽYKL‚ŒLLÌKŒÍŽNLMNËŽNLMNKL‚ŒLLÌ‹ŒÌÌLŒLÍËËŒÌLŒLÍÙKL‚ŒLLÌËŒÌŒŒÍNMÌËËŒŒŒÍNMÌÙKL‚ŒLLÍŒÌMŒŽLŒ‹ËŒMŒŽLŒ™KL‚ŒLLÍKŒÌLŒNLÌLLN‹ËŒLŒNLÌLLN™KL‚ŒLLÍ‹ŒÌLMMŽÍ‹ËŒLMMŽÍ™KL‚ŒLLÍËŒÌLMMŽÍ‹ËŒLMMŽÍ™KL‚ŒLLÎŒÌLŒNLÌLLNËËŒLŒNLÌLLNÙKL‚ŒLLÎKŒÌMŒŽLŒ‹ËŒMŒŽLŒ™KL‚ŒLMŒÌŒŒÍNMÌËËŒŒŒÍNMÌÙKL‚ŒLMKŒÌÌLŒLÍ‹ËŒÌLŒLÍ™KL‚ŒLM‹ŒÍŽNLMLËËŽNLMLÙKL‚ŒLMËŒÍLNLM‹ËLNLM™KL‚ŒLMŒÍMŒLŒKËMŒLŒYKL‚ŒLMKŒÍÎLMÎÍNLKËÎLMÎÍNLYKL‚ŒLM‹ŒÎLÍÍÌÍŒKËŽLÍÍÌÍŒYKL‚ŒLMËŒLNNÌKŒLNNÌYKL‚ŒLMŒŒŒLLNLKŒŒŒLLNLYKL‚ŒLMKŒÍLŒŽLŽMËŒÍLŒŽLŽMÙKL‚ŒLMLŒMNLŒÎMNLŒÎKL‚ŒLMLKŒLŽMNLŒŽLKLŽMNLŒŽLYKL‚ŒLML‹ŒMÍŽMŒËMÍŽMŒÙKL‚ŒLMLËŒMÍLÍŒLN‹MÍLÍŒLN™KL‚ŒLMMŒLŽMMNLMM‹LŽMMNLMM™KL‚ŒLMMKŒMNÍMŒLËMNÍMŒLÙKL‚ŒLMM‹ŒÍLŒÍÎNMŒËŒÍLŒÍÎNMŒÙKL‚ŒLMMËŒŒŒÌÍÍÍŽŒŒŒÌÍÍÍŽKL‚ŒLMNŒLŒÍÌKŒLŒÍÌYKL‚ŒLMNKŒÎLÍÍLLÌŒMËËŽLÍÍLLÌŒMÙKL‚ŒLMŒŒÍÎLMLÎËËÎLMLÎÙKL‚ŒLMŒKŒÍMŽLLËMŽLLKL‚ŒLMŒ‹ŒÍLNLŒMŽLËËLNLŒMŽLÙKL‚ŒLMŒËŒÍÌMÌŒKËÌMÌŒYKL‚ŒLMŒÌÌLÌNLŒKËŒÌLÌNLŒYKL‚ŒLMKŒÌŒŒÍŒMMÎËŒŒŒÍŒMMÎKL‚ŒLM‹ŒÌMŒÌLŒNËŒMŒÌLŒNKL‚ŒLMËŒÌLŒNÌÎMMËËŒLŒNÌÎMMÙKL‚ŒLMŽŒÌLMÎMMŒKËŒLMÎMMŒYKL‚ŒLMŽKŒÌLMÎMMKËŒLMÎMMYKL‚ŒLMÌŒÌLŒNÌÎMMËŒLŒNÌÎMMKL‚ŒLMÌKŒÌMŒÌLŒM‹ËŒMŒÌLŒM™KL‚ŒLMÌ‹ŒÌŒŒÍŒMMÍÎKËŒŒŒÍŒMMÍÎYKL‚ŒLMÌËŒÌÌLÌNLŒLKËŒÌLÌNLŒLYKL‚ŒLMÍŒÍÌMÌŒKËÌMÌŒYKL‚ŒLMÍKŒÍLNLŒMŽLËËLNLŒMŽLÙKL‚ŒLMÍ‹ŒÍMŽLLŒ‹ËMŽLLŒ™KL‚ŒLMÍËŒÍÎLMLÎŽKËÎLMLÎŽYKL‚ŒLMÎŒÎLÍÍLLÌŒMËŽLÍÍLLÌŒMKL‚ŒLMÎKŒLŒÍÌÎKŒLŒÍÌÎYKL‚ŒLNŒŒŒÌÍÍÍŽŒŒŒÌÍÍÍŽKL‚ŒLNKŒÍLŒÍÎNMNKŒÍLŒÍÎNMNYKL‚ŒLN‹ŒMNÍMŒKMNÍMŒYKL‚ŒLNËŒLŽMMNLMMËLŽMMNLMMÙKL‚ŒLNŒMÍLÍŒLN‹MÍLÍŒLN™KL‚ŒLNKŒMÍŒNLLÌÌËMÍŒNLLÌÌÙKL‚ŒLN‹ŒLŽMLŒÍÍLŽMLŒÍÍKL‚ŒLNËŒMNÌLNËMNÌLNÙKL‚ŒLNŒÍLŒŒNNNMËŒÍLŒŒNNNMÙKL‚ŒLNKŒŒŒLÌM‹ŒŒŒLÌM™KL‚ŒLNLŒLŒLŽLMLÌ‹ŒLŒLŽLMLÌ™KL‚ŒLNLKŒÎLÍÍMŒŒMŒKËŽLÍÍMŒŒMŒYKL‚ŒLNL‹ŒÍÎLMŒŒÍÌ‹ËÎLMŒŒÍÌ™KL‚ŒLNLËŒÍMÌLŒLÌ‹ËMÌLŒLÌ™KL‚ŒLNMŒÍLNLŽÎM‹ËLNLŽÎM™KL‚ŒLNMKŒÍÌMMLMMËÌMMLMMKL‚ŒLNM‹ŒÌÌLŒŒMŒËŒÌLŒŒMŒKL‚ŒLNMËŒÌŒŒÍŒÌŒŽËŒŒŒÍŒÌŒŽKL‚ŒLNNŒÌMŒÌÌKËŒMŒÌÌYKL‚ŒLNNKŒÌLŒNMMLÍ‹ËŒLŒNMMLÍ™KL‚ŒLŒŒÌLMŒÌKËŒLMŒÌYKL‚ŒLŒKŒÌLMŒÌMËËŒLMŒÌMÙKL‚ŒLŒ‹ŒÌLŒNMMLÍ‹ËŒLŒNMMLÍ™KL‚ŒLŒËŒÌMŒÌÌNËŒMŒÌÌNKL‚ŒLŒŒÌŒŒÍŒÌŒŽKËŒŒŒÍŒÌŒŽYKL‚ŒLŒKŒÌÌLŒŒM‹ËŒÌLŒŒM™KL‚ŒLŒ‹ŒÍÌMMLMLKËÌMMLMLYKL‚ŒLŒËŒÍLNLŽÎMKËLNLŽÎMYKL‚ŒLŒŒÍMÌLŒLÌ‹ËMÌLŒLÌ™KL‚ŒLŒKŒÍÎLMŒŒÍŽKËÎLMŒŒÍŽYKL‚ŒLŒLŒÎLÍÍMŒŒMNËŽLÍÍMŒŒMNKL‚ŒLŒLKŒLŒLŽLMLŽKŒLŒLŽLMLŽYKL‚ŒLŒL‹ŒŒŒLÌMŒËŒŒŒLÌMŒÙKL‚ŒLŒLËŒÍLŒŒNNNM‹ŒÍLŒŒNNNM™KL‚ŒLŒMŒMNÌLN‹MNÌLN™KL‚ŒLŒMKŒLŽMLŒÍÌËLŽMLŒÍÌÙKL‚ŒLŒM‹ŒMÍŒNLLÌÌÌKMÍŒNLLÌÌÌYKL‚ŒLŒMËŒMÍNŽLÌŒÍKMÍNŽLÌŒÍYKL‚ŒLŒNŒLŽMMMLMLŽMMMLMKL‚ŒLŒNKŒMNMŒÌMŒÍËMNMŒÌMŒÍÙKL‚ŒLŒŒŒÍLŒNMÎKŒÍLŒNMÎYKL‚ŒLŒŒKŒŒŒÌNKŒŒŒÌNYKL‚ŒLŒŒ‹ŒLNNÌŽMKŒLNNÌŽMYKL‚ŒLŒŒËŒÎLÍÍÍÍNËŽLÍÍÍÍNKL‚ŒLŒŒÍÎLLÎMMKËÎLLÎMMYKL‚ŒLŒKŒÍMÌÌŽL‹ËMÌÌŽL™KL‚ŒLŒ‹ŒÍLNLÍLÍLMKËLNLÍLÍLMYKL‚ŒLŒËŒÍÌŒŽLKËÌŒŽLYKL‚ŒLŒŽŒÌÌLÍŒÍÌLM‹ËŒÌLÍŒÍÌLM™KL‚ŒLŒŽKŒÌŒŒÍLMM‹ËŒŒŒÍLMM™KL‚ŒLŒÌŒÌMŒÍLÌKËŒMŒÍLÌYKL‚ŒLŒÌKŒÌLŒNLMNÌËËŒLŒNLMNÌÙKL‚ŒLŒÌ‹ŒÌLMMŽÌKËŒLMMŽÌYKL‚ŒLŒÌËŒÌLMMŽÌKËŒLMMŽÌYKL‚ŒLŒÍŒÌLŒNLMNÌËËŒLŒNLMNÌÙKL‚ŒLŒÍKŒÌMŒÍLÌKËŒMŒÍLÌYKL‚ŒLŒÍ‹ŒÌŒŒÍLMMKËŒŒŒÍLMMYKL‚ŒLŒÍËŒÌÌLÍŒÍÌLNËŒÌLÍŒÍÌLNKL‚ŒLŒÎŒÍÌŒŽLŒËËÌŒŽLŒÙKL‚ŒLŒÎKŒÍLNLÍLÍLMËLNLÍLÍLMKL‚ŒLŒÍMÌÌŽKËMÌÌŽYKL‚ŒLKŒÍÎLLÎMMËÎLLÎMMKL‚ŒL‹ŒÎLÍÍÍÍMËËŽLÍÍÍÍMÙKL‚ŒLËŒLNNÌŽL‹ŒLNNÌŽL™KL‚ŒLŒŒŒÌNÍËŒŒŒÌNÍÙKL‚ŒLKŒÍLŒNMÎËŒÍLŒNMÎÙKL‚ŒL‹ŒMNMŒÌMŒÍKMNMŒÌMŒÍYKL‚ŒLËŒLŽMMMLMLŽMMMLMKL‚ŒLŒMÍNŽLÌŒÍ‹MÍNŽLÌŒÍ™KL‚ŒLKŒMÍMNÎLŽMÍMNÎLŽKL‚ŒLLŒLŽMÎLŽLŽMÎLŽKL‚ŒLLKŒMMÎLLLÌ‹MMÎLLLÌ™KL‚ŒLL‹ŒÍLŒMÌŒÌMÌ‹ŒÍLŒMÌŒÌMÌ™KL‚ŒLLËŒŒŒLÌÌÌËŒŒŒLÌÌÌÙKL‚ŒLMŒLNMÎÌ‹ŒLNMÎÌ™KL‚ŒLMKŒÎLÍÍÎMŒËËŽLÍÍÎMŒÙKL‚ŒLM‹ŒÍÎLLÍMŽNNËÎLLÍMŽNNKL‚ŒLMËŒÍMÍÌLKËMÍÌLYKL‚ŒLNŒÍLNMLLKËLNMLLYKL‚ŒLNKŒÍÌÍMÍNLÌKËÌÍMÍNLÌYKL‚ŒLŒŒÌÌMLLMËŒÌMLLMKL‚ŒLŒKŒÌŒŒÍÌÎMÍ‹ËŒŒŒÍÌÎMÍ™KL‚ŒLŒ‹ŒÌMŒÍŒMÍÍ‹ËŒMŒÍŒMÍÍ™KL‚ŒLŒËŒÌLŒNLÍLMM‹ËŒLŒNLÍLMM™KL‚ŒLŒÌLMLÍÍLËŒLMLÍÍLKL‚ŒLKŒÌLMLÍÍLËŒLMLÍÍLKL‚ŒL‹ŒÌLŒNLÍLMMËŒLŒNLÍLMMKL‚ŒLËŒÌMŒÍŒMÍÍËËŒMŒÍŒMÍÍÙKL‚ŒLŽŒÌŒŒÍÌÎMÍKËŒŒŒÍÌÎMÍYKL‚ŒLŽKŒÌÌMLLLËËŒÌMLLLÙKL‚ŒLÌŒÍÌÍMÍNLÌKËÌÍMÍNLÌYKL‚ŒLÌKŒÍLNMLLËLNMLLKL‚ŒLÌ‹ŒÍMÍÌKËMÍÌYKL‚ŒLÌËŒÍÎLLÍMŽNM‹ËÎLLÍMŽNM™KL‚ŒLÍŒÎLÍÍÎMŒ‹ËŽLÍÍÎMŒ™KL‚ŒLÍKŒLNMÎÌ‹ŒLNMÎÌ™KL‚ŒLÍ‹ŒŒŒLÌÌÌŒŒŒLÌÌÌKL‚ŒLÍËŒÍLŒMÌŒÌMÌŒKŒÍLŒMÌŒÌMÌŒYKL‚ŒLÎŒMMÎLLLÌËMMÎLLLÌÙKL‚ŒLÎKŒLŽMÎL‹LŽMÎL™KL‚ŒLŽŒMÍMNÎLŽKMÍMNÎLŽYKL‚ŒLŽKŒMÍLÌŽMKMÍLÌŽMYKL‚ŒLŽ‹ŒLŽMÍÍNLLŽMÍÍNLKL‚ŒLŽËŒMMÍŽLLMMÍŽLLKL‚ŒLŽŒÍLŒMLÌÌÎŒÍLŒMLÌÌÎKL‚ŒLŽKŒŒNNMÎÍKŒŒNNMÎÍYKL‚ŒLŽ‹ŒLMÍÍKŒLMÍÍYKL‚ŒLŽËŒÎLÍÍÌŒŒŒLËËŽLÍÍÌŒŒŒLÙKL‚ŒLŽŒÍÎLLÌÍNMËÎLLÌÍNMKL‚ŒLŽKŒÍMÍMMŽMKËMÍMMŽMYKL‚ŒLŽLŒÍLNMNMNLËLNMNMNLKL‚ŒLŽLKŒÍÌŒÎËÌŒÎKL‚ŒLŽL‹ŒÌÌMŒŒŽNËËŒÌMŒŒŽNÙKL‚ŒLŽLËŒÌŒŒÍÍÎŒ‹ËŒŒŒÍÍÎŒ™KL‚ŒLŽMŒÌMŒÎNÍÎËŒMŒÎNÍÎKL‚ŒLŽMKŒÌLŒNMLMLËŒLŒNMLMLKL‚ŒLŽM‹ŒÌLMLMÎŒŽKËŒLMLMÎŒŽYKL‚ŒLŽMËŒÌLMLMÎŒŽL‹ËŒLMLMÎŒŽL™KL‚ŒLŽNŒÌLŒNMLMLËŒLŒNMLMLKL‚ŒLŽNKŒÌMŒÎNÍÎËŒMŒÎNÍÎKL‚ŒLÌŒÌŒŒÍÍÎŒËŒŒŒÍÍÎŒKL‚ŒLÌKŒÌÌMŒŒŽNKËŒÌMŒŒŽNYKL‚ŒLÌ‹ŒÍÌŒÎËËÌŒÎÙKL‚ŒLÌËŒÍLNMNMNLËËLNMNMNLÙKL‚ŒLÌŒÍMÍMMŽL‹ËMÍMMŽL™KL‚ŒLÌKŒÍÎLLÌÍNMËÎLLÌÍNMKL‚ŒLÌ‹ŒÎLÍÍÌŒŒŒL‹ËŽLÍÍÌŒŒŒL™KL‚ŒLÌËŒLMÍÍËŒLMÍÍÙKL‚ŒLÌŒŒNNMÎÌÎŒŒNNMÎÌÎKL‚ŒLÌKŒÍLŒMLÌÌÍËŒÍLŒMLÌÌÍÙKL‚ŒLÌLŒMMÍŽLLËMMÍŽLLÙKL‚ŒLÌLKŒLŽMÍÍNLKLŽMÍÍNLYKL‚ŒLÌL‹ŒMÍLÌŽMMÍLÌŽMKL‚ŒLÌLËŒMÍLLLNŒŽMÍLLLNŒŽKL‚ŒLÌMŒLŽMŒÌM‹LŽMŒÌM™KL‚ŒLÌMKŒMMÍLNÌËMMÍLNÌÙKL‚ŒLÌM‹ŒÍLŒLÍŽMËŒÍLŒLÍŽMÙKL‚ŒLÌMËŒŒNNLM‹ŒŒNNLM™KL‚ŒLÌNŒLMÍŽŒLMÍŽKL‚ŒLÌNKŒÎLÍÍNMŒ‹ËŽLÍÍNMŒ™KL‚ŒLÌŒŒÍÎLLÌLNMËËÎLLÌLNMÙKL‚ŒLÌŒKŒÍMÍNMËËMÍNMÙKL‚ŒLÌŒ‹ŒÍLNMLËLNMLKL‚ŒLÌŒËŒÍÌLLMÎL‹ËÌLLMÎL™KL‚ŒLÌŒÌÌMŽMÍŒŽKËŒÌMŽMÍŒŽYKL‚ŒLÌKŒÌŒŒÍŽLÎLËŒŒŒÍŽLÎLKL‚ŒLÌ‹ŒÌMŒÎMNMŒËËŒMŒÎMNMŒÙKL‚ŒLÌËŒÌLŒNMLLŽNËËŒLŒNMLLŽNÙKL‚ŒLÌŽŒÌLMLÌLLNMËËŒLMLÌLLNMÙKL‚ŒLÌŽKŒÌLMLÌLLNNKËŒLMLÌLLNNYKL‚ŒLÌÌŒÌLŒNMLLŽNKËŒLŒNMLLŽNYKL‚ŒLÌÌKŒÌMŒÎMNMŒKËŒMŒÎMNMŒYKL‚ŒLÌÌ‹ŒÌŒŒÍŽLÎLÍËËŒŒŒÍŽLÎLÍÙKL‚ŒLÌÌËŒÌÌMŽMÍŒŽËŒÌMŽMÍŒŽKL‚ŒLÌÍŒÍÌLLMÎKËÌLLMÎYKL‚ŒLÌÍKŒÍLNMLŒÍËËLNMLŒÍÙKL‚ŒLÌÍ‹ŒÍMÍNLËËMÍNLÙKL‚ŒLÌÍËŒÍÎLLÌLNMËËÎLLÌLNMÙKL‚ŒLÌÎŒÎLÍÍNMŒNNKËŽLÍÍNMŒNNYKL‚ŒLÌÎKŒLMÍŽŒLMÍŽKL‚ŒLÍŒŒNNLMŒËŒŒNNLMŒÙKL‚ŒLÍKŒÍLŒLÍŽMÌKŒÍLŒLÍŽMÌYKL‚ŒLÍ‹ŒMMÍLNÌKMMÍLNÌYKL‚ŒLÍËŒLŽMŒÌMLŽMŒÌMKL‚ŒLÍŒMÍLLLNŒKMÍLLLNŒYKL‚ŒLÍKŒMÍLŽLÍMMÍLŽLÍMKL‚ŒLÍ‹ŒLŽMMNËLŽMMNÙKL‚ŒLÍËŒMMÌÍŒÌÎMMÌÍŒÌÎKL‚ŒLÍŒÍLŒLŒŽMÌLÎKŒÍLŒLŒŽMÌLÎYKL‚ŒLÍKŒŒNMÌÌŒŒÎŒŒNMÌÌŒŒÎKL‚ŒLÍLŒLMMŒÌŒŒKŒLMMŒÌŒŒYKL‚ŒLÍLKŒÎLÍÍŒŒLŒËËŽLÍÍŒŒLŒÙKL‚ŒLÍL‹ŒÍÎLLÎÍLËËÎLLÎÍLÙKL‚ŒLÍLËŒÍMÍÌLŒMMKËMÍÌLŒMMYKL‚ŒLÍMŒÍLNMLÍLMMKËLNMLÍLMMYKL‚ŒLÍMKŒÍÌMŽMMMLKËÌMŽMMMLYKL‚ŒLÍM‹ŒÌÌMÍÍÎÌŒËËŒÌMÍÍÎÌŒÙKL‚ŒLÍMËŒÌŒŒÍŽNLMLÍNËŒŒŒÍŽNLMLÍNKL‚ŒLÍNŒÌMŒŽŒMLËËŒMŒŽŒMLÙKL‚ŒLÍNKŒÌLŒNMÍÌLLÍËËŒLŒNMÍÌLLÍÙKL‚ŒLÍŒŒÌLMMMŒKËŒLMMMŒYKL‚ŒLÍŒKŒÌLMMMŒËËŒLMMMŒÙKL‚ŒLÍŒ‹ŒÌLŒNMÍÌLLÍËËŒLŒNMÍÌLLÍÙKL‚ŒLÍŒËŒÌMŒŽŒML‹ËŒMŒŽŒML™KL‚ŒLÍŒÌŒŒÍŽNLMLÍMKËŒŒŒÍŽNLMLÍMYKL‚ŒLÍKŒÌÌMÍÍÎÌ‹ËŒÌMÍÍÎÌ™KL‚ŒLÍ‹ŒÍÌMŽMMMËËÌMŽMMMÙKL‚ŒLÍËŒÍLNMLÍLMMËËLNMLÍLMMÙKL‚ŒLÍŽŒÍMÍÌLŒML‹ËMÍÌLŒML™KL‚ŒLÍŽKŒÍÎLLÎÍLKËÎLLÎÍLYKL‚ŒLÍÌŒÎLÍÍŒŒL‹ËŽLÍÍŒŒL™KL‚ŒLÍÌKŒLMMŒÌŒ‹ŒLMMŒÌŒ™KL‚ŒLÍÌ‹ŒŒNMÌÌŒŒÍ‹ŒŒNMÌÌŒŒÍ™KL‚ŒLÍÌËŒÍLŒLŒŽMÌLÎŒÍLŒLŒŽMÌLÎKL‚ŒLÍÍŒMMÌÍŒÌÍËMMÌÍŒÌÍÙKL‚ŒLÍÍKŒLŽMMNŽLŽMMNŽKL‚ŒLÍÍ‹ŒMÍLŽLÍMMÍLŽLÍMKL‚ŒLÍÍËŒMÍÎÌNLËMÍÎÌNLÙKL‚ŒLÍÎŒLŽLÎLMNMMLŽLÎLMNMMKL‚ŒLÍÎKŒMMÌŒMÎ‹MMÌŒMÎ™KL‚ŒLÎŒÍLŒLLNNŒ‹ŒÍLŒLLNNŒ™KL‚ŒLÎKŒŒNMŒÍÎKŒŒNMŒÍÎYKL‚ŒLÎ‹ŒLMMÎNŒLMMÎNKL‚ŒLÎËŒÎLÍÍMŒŒLËËŽLÍÍMŒŒLÙKL‚ŒLÎŒÍÎLLŒNLKËÎLLŒNLYKL‚ŒLÎKŒÍMÍÎNŒ‹ËMÍÎNŒ™KL‚ŒLÎ‹ŒÍLNMMMLNKËLNMMMLNYKL‚ŒLÎËŒÍÌŒŒŒNKËÌŒŒŒNYKL‚ŒLÎŒÌÌNŒŽKËŒÌNŒŽYKL‚ŒLÎKŒÌŒŒÍÌÍŽKËŒŒŒÍÌÍŽYKL‚ŒLÎLŒÌMŒŽMMÎËËŒMŒŽMMÎÙKL‚ŒLÎLKŒÌLŒNNÌŒNM‹ËŒLŒNNÌŒNM™KL‚ŒLÎL‹ŒÌLMMMMLËŒLMMMMLKL‚ŒLÎLËŒÌLMMMMLKËŒLMMMMLYKL‚ŒLÎMŒÌLŒNNÌŒNLËËŒLŒNNÌŒNLÙKL‚ŒLÎMKŒÌMŒŽMMÎËËŒMŒŽMMÎÙKL‚ŒLÎM‹ŒÌŒŒÍÌÍŽËŒŒŒÍÌÍŽKL‚ŒLÎMËŒÌÌNŒŽËŒÌNŒŽKL‚ŒLÎNŒÍÌŒŒŒKËÌŒŒŒYKL‚ŒLÎNKŒÍLNMMMLNKËLNMMMLNYKL‚ŒMŒÍMÍÎNŒ‹ËMÍÎNŒ™KL‚ŒMKŒÍÎLLŒNNNKËÎLLŒNNNYKL‚ŒM‹ŒÎLÍÍMŒŒKËŽLÍÍMŒŒYKL‚ŒMËŒLMMÎMÎŒLMMÎMÎKL‚ŒMŒŒNMŒÍÎKŒŒNMŒÍÎYKL‚ŒMKŒÍLŒLLNN‹ŒÍLŒLLNN™KL‚ŒM‹ŒMMÌŒMÎMMÌŒMÎKL‚ŒMËŒLŽLÎLMNMLÎLŽLÎLMNMLÎKL‚ŒMŒMÍÎÌNL‹MÍÎÌNL™KL‚ŒMKŒMÍŽLMKMÍŽLMYKL‚ŒMLŒLŽLÎŽLKLŽLÎŽLYKL‚ŒMLKŒMMÌLMŽMKMMÌLMŽMYKL‚ŒML‹ŒÍLŒLÌŽËŒÍLŒLÌŽÙKL‚ŒMLËŒŒNMMÌŽM‹ŒŒNMMÌŽM™KL‚ŒMMŒLMÍMËŒLMÍMÙKL‚ŒMMKŒÎLÍÍLÌÍLŒ‹ËŽLÍÍLÌÍLŒ™KL‚ŒMM‹ŒÍÎLLL‹ËÎLLL™KL‚ŒMMËŒÍMÎÍMKËMÎÍMYKL‚ŒMNŒÍLNMNLŒMŒËËLNMNLŒMŒÙKL‚ŒMNKŒÍÌŒÌÌMËÌŒÌÌMKL‚ŒMŒŒÌÌNLÌÍMKËŒÌNLÌÍMYKL‚ŒMŒKŒÌŒŒÍÌMÌMMNKËŒŒŒÍÌMÌMMNYKL‚ŒMŒ‹ŒÌMŒŽŒÌŒNKËŒMŒŽŒÌŒNYKL‚ŒMŒËŒÌLŒNNMMŒMNKËŒLŒNNMMŒMNYKL‚ŒMŒÌLMMLLLËËŒLMMLLLÙKL‚ŒMKŒÌLMMLLL‹ËŒLMMLLL™KL‚ŒM‹ŒÌLŒNNMMŒMMÍËŒLŒNNMMŒMMÍKL‚ŒMËŒÌMŒŽŒÌŒLËËŒMŒŽŒÌŒLÙKL‚ŒMŽŒÌŒŒÍÌMÌMMŒËËŒŒŒÍÌMÌMMŒÙKL‚ŒMŽKŒÌÌNLÌÍMLËËŒÌNLÌÍMLÙKL‚ŒMÌŒÍÌŒÌÌMKËÌŒÌÌMYKL‚ŒMÌKŒÍLNMNLŒMŒKËLNMNLŒMŒYKL‚ŒMÌ‹ŒÍMÎÍLËËMÎÍLÙKL‚ŒMÌËŒÍÎLLLÎKËÎLLLÎYKL‚ŒMÍŒÎLÍÍLÌÍLNKËŽLÍÍLÌÍLNYKL‚ŒMÍKŒLMÍLÍËŒLMÍLÍÙKL‚ŒMÍ‹ŒŒNMMÌŽKŒŒNMMÌŽYKL‚ŒMÍËŒÍLŒLÌŽŒÎKŒÍLŒLÌŽŒÎYKL‚ŒMÎŒMMÌLMŽMËMMÌLMŽMÙKL‚ŒMÎKŒLŽLÎŽLŽLÎŽKL‚ŒMŒMÍŽLMMÍŽLMKL‚ŒMKŒMÍLÌM‹MÍLÌM™KL‚ŒM‹ŒLŽLÍŽMÎLMËLŽLÍŽMÎLMÙKL‚ŒMËŒMMŽNÍNKMMŽNÍNYKL‚ŒMŒÍLŒLNMLKŒÍLŒLNMLYKL‚ŒMKŒŒNMÍŒÍÌËŒŒNMÍŒÍÌÙKL‚ŒM‹ŒLLÍŒMÎŒLLÍŒMÎKL‚ŒMËŒÎLÍÍÍLMŽËŽLÍÍÍLMŽKL‚ŒMŒÍÎLLŒMÍMŽKËÎLLŒMÍMŽYKL‚ŒMKŒÍMÍÌN‹ËMÍÌN™KL‚ŒMLŒÍLNMNMMKËLNMNMMYKL‚ŒMLKŒÍÌŽŒËËÌŽŒÙKL‚ŒML‹ŒÌÌNLÍMŒ‹ËŒÌNLÍMŒ™KL‚ŒMLËŒÌŒŒÍÌNŒML‹ËŒŒŒÍÌNŒML™KL‚ŒMMŒÌMŒŽŽMLËËŒMŒŽŽMLÙKL‚ŒMMKŒÌLŒŒMÌ‹ËŒLŒŒMÌ™KL‚ŒMM‹ŒÌLMMÌNNKËŒLMMÌNNYKL‚ŒMMËŒÌLMMÌN‹ËŒLMMÌN™KL‚ŒMNŒÌLŒŒMËŒLŒŒMKL‚ŒMNKŒÌMŒŽŽMLŒ‹ËŒMŒŽŽMLŒ™KL‚ŒMŒŒÌŒŒÍÌNŒMËŒŒŒÍÌNŒMKL‚ŒMŒKŒÌÌNLÍMËËŒÌNLÍMÙKL‚ŒMŒ‹ŒÍÌŽŒ‹ËÌŽŒ™KL‚ŒMŒËŒÍLNMNMM‹ËLNMNMM™KL‚ŒMŒÍMÍÌN‹ËMÍÌN™KL‚ŒMKŒÍÎLLŒMÍMËËÎLLŒMÍMÙKL‚ŒM‹ŒÎLÍÍÍLMŒËËŽLÍÍÍLMŒÙKL‚ŒMËŒLLÍŒMÍÎŒLLÍŒMÍÎKL‚ŒMŽŒŒNMÍŒÍ‹ŒŒNMÍŒÍ™KL‚ŒMŽKŒÍLŒLNML‹ŒÍLŒLNML™KL‚ŒMÌŒMMŽNÍNKMMŽNÍNYKL‚ŒMÌKŒLŽLÍŽMÎLLËLŽLÍŽMÎLLÙKL‚ŒMÌ‹ŒMÍLÌMËMÍLÌMÙKL‚ŒMÌËŒMÍÌÎLNLÌËMÍÌÎLNLÌÙKL‚ŒMÍŒLŽLÍMKLŽLÍMYKL‚ŒMÍKŒMMŽMÌŒŒËMMŽMÌŒŒÙKL‚ŒMÍ‹ŒÍLŒÍMŒÍLŒÍMKL‚ŒMÍËŒŒNLÍŒMÌËŒŒNLÍŒMÌÙKL‚ŒMÎŒLLMŽËŒLLMŽÙKL‚ŒMÎKŒÎLÍÌÎNÍLŒ‹ËŽLÍÌÎNÍLŒ™KL‚ŒMŒÍÎLLMŽËÎLLMŽKL‚ŒMKŒÍMÌŽLKËMÌŽLYKL‚ŒM‹ŒÍLNMMÌŒÌKËLNMMÌŒÌYKL‚ŒMËŒÍÌÍŒÎKËÌÍŒÎYKL‚ŒMŒÌÌNMŒÎL‹ËŒÌNMŒÎL™KL‚ŒMKŒÌŒŒÍÌŒLLŽNKËŒŒŒÍÌŒLLŽNYKL‚ŒM‹ŒÌMŒŽÌNÍ‹ËŒMŒŽÌNÍ™KL‚ŒMËŒÌLŒŒMLLÌ‹ËŒLŒŒMLLÌ™KL‚ŒMŒÌLMMÍMÎKËŒLMMÍMÎYKL‚ŒMKŒÌLMMÍMLKËŒLMMÍMLYKL‚ŒMLŒÌLŒŒMLLÍÌËËŒLŒŒMLLÍÌÙKL‚ŒMLKŒÌMŒŽÌN‹ËŒMŒŽÌN™KL‚ŒML‹ŒÌŒŒÍÌŒLLŽ‹ËŒŒŒÍÌŒLLŽ™KL‚ŒMLËŒÌÌNMŒÍLËËŒÌNMŒÍLÙKL‚ŒMMŒÍÌÍŒÍMËËÌÍŒÍMÙKL‚ŒMMKŒÍLNMMÌŒÌKËLNMMÌŒÌYKL‚ŒMM‹ŒÍMÌŽLŒËËMÌŽLŒÙKL‚ŒMMËŒÍÎLLMËËÎLLMÙKL‚ŒMNŒÎLÍÌÎNÍLNM‹ËŽLÍÌÎNÍLNM™KL‚ŒMNKŒLLMÌ‹ŒLLMÌ™KL‚ŒMLŒŒNLÍŒMÌËŒŒNLÍŒMÌÙKL‚ŒMLKŒÍLŒÍMŒÎKŒÍLŒÍMŒÎYKL‚ŒML‹ŒMMŽMÌŒ‹MMŽMÌŒ™KL‚ŒMLËŒLŽLÍMLŽLÍMKL‚ŒMLŒMÍÌÎLNLÌËMÍÌÎLNLÌÙKL‚ŒMLKŒMÍŒLËMÍŒLÙKL‚ŒML‹ŒLŽLÍÎÍŒMËLŽLÍÎÍŒMÙKL‚ŒMLËŒMMÌLMNKMMÌLMNYKL‚ŒMLŒÍLŒLÍŒŒÍKŒÍLŒLÍŒŒÍYKL‚ŒMLKŒŒNMNMMLËŒŒNMNMMLÙKL‚ŒMLLŒLMLÌÍŒLMLÌÍKL‚ŒMLLKŒÎLÍÍŒMŽM‹ËŽLÍÍŒMŽM™KL‚ŒMLL‹ŒÍÎLLÍÌËËÎLLÍÌÙKL‚ŒMLLËŒÍNLÌNËËNLÌNÙKL‚ŒMLMŒÍLNMÌÌŒËËLNMÌÌŒÙKL‚ŒMLMKŒÍÌŒMÍLKËÌŒMÍLYKL‚ŒMLM‹ŒÌÌŒÎMMŒKËŒÌŒÎMMŒYKL‚ŒMLMËŒÌŒŒÍÌÌÍÌKËŒŒŒÍÌÌÍÌYKL‚ŒMLNŒÌMŒŽÍÎKËŒMŒŽÍÎYKL‚ŒMLNKŒÌLŒŒMŒKËŒLŒŒMŒYKL‚ŒMLŒŒÌLMNMLËŒLMNMLKL‚ŒMLŒKŒÌLMNMLÎ‹ËŒLMNMLÎ™KL‚ŒMLŒ‹ŒÌLŒŒMŒNNËŒLŒŒMŒNNKL‚ŒMLŒËŒÌMŒŽÍŒKËŒMŒŽÍŒYKL‚ŒMLŒÌŒŒÍÌÌÍKËŒŒŒÍÌÌÍYKL‚ŒMLKŒÌÌŒÎMMMŽËŒÌŒÎMMMŽKL‚ŒML‹ŒÍÌŒMÍLÎËÌŒMÍLÎKL‚ŒMLËŒÍLNMÌÌŒÌ‹ËLNMÌÌŒÌ™KL‚ŒMLŽŒÍNLÌNKËNLÌNYKL‚ŒMLŽKŒÍÎLLÍÌÎ‹ËÎLLÍÌÎ™KL‚ŒMLÌŒÎLÍÍŒMŽËŽLÍÍŒMŽKL‚ŒMLÌKŒLMLÌŽŒLMLÌŽKL‚ŒMLÌ‹ŒŒNMNMMLKŒŒNMNMMLYKL‚ŒMLÌËŒÍLŒLÍŒŒÍËŒÍLŒLÍŒŒÍÙKL‚ŒMLÍŒMMÌLMMMMÌLMMKL‚ŒMLÍKŒLŽLÍÎÍŒM‹LŽLÍÎÍŒM™KL‚ŒMLÍ‹ŒMÍŒNMÍŒNKL‚ŒMLÍËŒMÍMÌLÍÌÍMÍMÌLÍÌÍKL‚ŒMLÎŒLŽMŽNMŽKLŽMŽNMŽYKL‚ŒMLÎKŒMNNLÍNKMNNLÍNYKL‚ŒMMŒÍLŒNMLÍŒÍLŒNMLÍKL‚ŒMMKŒŒŒMLŽKŒŒŒMLŽYKL‚ŒMM‹ŒLŒMÍÎKŒLŒMÍÎYKL‚ŒMMËŒÎLÍÍÌÎÍ‹ËŽLÍÍÌÎÍ™KL‚ŒMMŒÍÎLNLŽÌÍMËËÎLNLŽÌÍMÙKL‚ŒMMKŒÍLÍŒKËLÍŒYKL‚ŒMM‹ŒÍLNŒMŒNMÌËËLNŒMŒNMÌÙKL‚ŒMMËŒÍÌLNLMËÌLNLMKL‚ŒMMŒÌÌŒÎMLŒÎKËŒÌŒÎMLŒÎYKL‚ŒMMKŒÌŒŒÍÍŒÌÌŒLËËŒŒŒÍÍŒÌÌŒLÙKL‚ŒMMLŒÌMŒŽÍŒÍÍËËŒMŒŽÍŒÍÍÙKL‚ŒMMLKŒÌLŒŒÎÍËŒLŒŒÎÍKL‚ŒMML‹ŒÌLMŒLMM‹ËŒLMŒLMM™KL‚ŒMMLËŒÌLMŒLLŒNKËŒLMŒLLŒNYKL‚ŒMMMŒÌLŒŒÎÌKËŒLŒŒÎÌYKL‚ŒMMMKŒÌMŒŽÍŒÍKËŒMŒŽÍŒÍYKL‚ŒMMM‹ŒÌŒŒÍÍŒÌÌŽL‹ËŒŒŒÍÍŒÌÌŽL™KL‚ŒMMMËŒÌÌŒÎMLÌKËŒÌŒÎMLÌYKL‚ŒMMNŒÍÌLNLMÍÌKËÌLNLMÍÌYKL‚ŒMMNKŒÍLNŒMŒNLÎËËLNŒMŒNLÎÙKL‚ŒMMŒŒÍLÍNMMKËLÍNMMYKL‚ŒMMŒKŒÍÎLNLŽÌÌ‹ËÎLNLŽÌÌ™KL‚ŒMMŒ‹ŒÎLÍÍÌÎKËŽLÍÍÌÎYKL‚ŒMMŒËŒLŒMÍKŒLŒMÍYKL‚ŒMMŒŒŒML‹ŒŒŒML™KL‚ŒMMKŒÍLŒNMLÌÎKŒÍLŒNMLÌÎYKL‚ŒMM‹ŒMNNLÍL‹MNNLÍL™KL‚ŒMMËŒLŽMŽNM‹LŽMŽNM™KL‚ŒMMŽŒMÍMÌLÍÌŽMÍMÌLÍÌŽKL‚ŒMMŽKŒMÌLÍÌŽMÌLÍÌŽKL‚ŒMMÌŒLŽLMŒMŒÍ‹LŽLMŒMŒÍ™KL‚ŒMMÌKŒMMLLÎNËMMLLÎNÙKL‚ŒMMÌ‹ŒÍLNLLLËŒÍLNLLLÙKL‚ŒMMÌËŒŒMÎÌNMKŒŒMÎÌNMYKL‚ŒMMÍŒNLMLŒËŒNLMLŒÙKL‚ŒMMÍKŒÎLÍÌŽÍLËŽLÍÌŽÍLKL‚ŒMMÍ‹ŒÍÎLMNŽLKËÎLMNŽLYKL‚ŒMMÍËŒÍLLÌM‹ËLLÌM™KL‚ŒMMÎŒÍLNLLNMËËLNLLNMÙKL‚ŒMMÎKŒÍÌMMŽMKËÌMMŽMYKL‚ŒMNŒÌÌMMLÌLKËŒÌMMLÌLYKL‚ŒMNKŒÌŒŒÍŽNMÌÍŽKËŒŒŒÍŽNMÌÍŽYKL‚ŒMN‹ŒÌMŒŽÎMÍËŒMŒŽÎMÍKL‚ŒMNËŒÌLŒNNŒŽNLËËŒLŒNNŒŽNLÙKL‚ŒMNŒÌLMMMÎÌL‹ËŒLMMMÎÌL™KL‚ŒMNKŒÌLMMMÎŽLMËËŒLMMMÎŽLMÙKL‚ŒMN‹ŒÌLŒNNŒŽMÎ‹ËŒLŒNNŒŽMÎ™KL‚ŒMNËŒÌMŒŽÎNÌKËŒMŒŽÎNÌYKL‚ŒMNŒÌŒŒÍŽNMÎ‹ËŒŒŒÍŽNMÎ™KL‚ŒMNKŒÌÌMMLLMŽKËŒÌMMLLMŽYKL‚ŒMNLŒÍÌMMÌKËÌMMÌYKL‚ŒMNLKŒÍLNLLNNËLNLLNNKL‚ŒMNL‹ŒÍLLÌMËËLLÌMÙKL‚ŒMNLËŒÍÎLMNŽKËÎLMNŽYKL‚ŒMNMŒÎLÍÌŽÍLLMËŽLÍÌŽÍLLMKL‚ŒMNMKŒNLMLŒKŒNLMLŒYKL‚ŒMNM‹ŒŒMÎÌNLÌËŒŒMÎÌNLÌÙKL‚ŒMNMËŒÍLNLLÎNNŒÍLNLLÎNNKL‚ŒMNNŒMMLLÎNKMMLLÎNYKL‚ŒMNNKŒLŽLMŒMŒÍ‹LŽLMŒMŒÍ™KL‚ŒMŒŒMÌLÍÌŒ‹MÌLÍÌŒ™KL‚ŒMŒKŒMŒLŽŒŽMŒLŽŒŽKL‚ŒMŒ‹ŒLÎNNMMMLLÎNNMMMLKL‚ŒMŒËŒMÎMÎMÌ‹MÎMÎMÌ™KL‚ŒMŒŒÍLÌÌNKŒÍLÌÌNYKL‚ŒMŒKŒŒMŒÍÌÎŒŒMŒÍÌÎKL‚ŒMŒ‹ŒMŒLÌ‹ŒMŒLÌ™KL‚ŒMŒËŒÎLÍMMŒÍÍKËŽLÍMMŒÍÍYKL‚ŒMŒŒÍÎLÎLŒÌÌËËÎLÎLŒÌÌÙKL‚ŒMŒKŒÍÍŒŒŒÌÌMËËÍŒŒŒÌÌMÙKL‚ŒMŒLŒÍLNŒÌNËLNŒÌNKL‚ŒMŒLKŒÍÍÎMÍŒ‹ËÍÎMÍŒ™KL‚ŒMŒL‹ŒÌÌÎMNKËŒÌÎMNYKL‚ŒMŒLËŒÌŒŒÍÍŒÎNMËŒŒŒÍÍŒÎNMKL‚ŒMŒMŒÌMŒNLNNÌKËŒMŒNLNNÌYKL‚ŒMŒMKŒÌLŒMÎMMŒMÌKËŒLŒMÎMMŒMÌYKL‚ŒMŒM‹ŒÌLLÍÎNMÍLKËŒLLÍÎNMÍLYKL‚ŒMŒMËŒÌLLÍÎNËŒLLÍÎNKL‚ŒMŒNŒÌLŒMÎMMŒÍŒŒËËŒLŒMÎMMŒÍŒŒÙKL‚ŒMŒNKŒÌMŒNLNLLÌ‹ËŒMŒNLNLLÌ™KL‚ŒMŒŒŒÌŒŒÍÍŒ‹ËŒŒŒÍÍŒ™KL‚ŒMŒŒKŒÌÌÎMŒÌÍKËŒÌÎMŒÌÍYKL‚ŒMŒŒ‹ŒÍÍÎLÌŒ‹ËÍÎLÌŒ™KL‚ŒMŒŒËŒÍLNÌËËLNÌÙKL‚ŒMŒŒÍÍŒŒŒÍNKËÍŒŒŒÍNYKL‚ŒMŒKŒÍÎLÎLŒÍKËÎLÎLŒÍYKL‚ŒMŒ‹ŒÎLÍMMŒÌÎËŽLÍMMŒÌÎKL‚ŒMŒËŒMŒLŒKŒMŒLŒYKL‚ŒMŒŽŒŒMŒÍÌNKŒŒMŒÍÌNYKL‚ŒMŒŽKŒÍLÌÌL‹ŒÍLÌÌL™KL‚ŒMŒÌŒMÎMÎMÌŒKMÎMÎMÌŒYKL‚ŒMŒÌKŒLÎNNMMMNLÎNNMMMNKL‚ŒMŒÌ‹ŒMŒLŽŒNKMŒLŽŒNYKL‚ŒMŒÌËŒMŽÍÎLŒÌÍËMŽÍÎLŒÌÍÙKL‚ŒMŒÍŒLÌÌNLÍËLÌÌNLÍÙKL‚ŒMŒÍKŒMŽNNMËMŽNNMÙKL‚ŒMŒÍ‹ŒÍLÌŽMNŒËŒÍLÌŽMNŒÙKL‚ŒMŒÍËŒŒÌŒÌNKŒŒÌŒÌNYKL‚ŒMŒÎŒŒLŒÍËŒŒLŒÍÙKL‚ŒMŒÎKŒÎLÎÍMÍNËŽLÎÍMÍNKL‚ŒMŒÍÎLÌÍLÍËÎLÌÍLÍKL‚ŒMKŒÍMŒŒÍËMŒŒÍKL‚ŒM‹ŒÍLNLLÍKËLNLLÍYKL‚ŒMËŒÍÍLŽMŽKËÍLŽMŽYKL‚ŒMŒÌÌNLÍŽLLKËŒÌNLÍŽLLYKL‚ŒMKŒÌŒŒÍÍKËŒŒŒÍÍYKL‚ŒM‹ŒÌMŒÌLMMÌÍÌ‹ËŒMŒÌLMMÌÍÌ™KL‚ŒMËŒÌLŒŒNLËŒLŒŒNLKL‚ŒMŒÌLNLÌŒÌŒÍKËŒLNLÌŒÌŒÍYKL‚ŒMKŒÌLNLÌMÌËËŒLNLÌMÌÙKL‚ŒMLŒÌLŒŒNMÍÍËËŒLŒŒNMÍÍÙKL‚ŒMLKŒÌMŒÌLMNNËËŒMŒÌLMNNÙKL‚ŒML‹ŒÌŒŒLKËŒŒŒLYKL‚ŒMLËŒÌÌNLÌÌKËŒÌNLÌÌYKL‚ŒMMŒÍÍLŽŒÎËÍLŽŒÎKL‚ŒMMKŒÍLNLLMÎKËLNLLMÎYKL‚ŒMM‹ŒÍMŒŒÍMKËMŒŒÍMYKL‚ŒMMËŒÍÎLÌÍMMKËÎLÌÍMMYKL‚ŒMNŒÎLÎÍMLNËŽLÎÍMLNKL‚ŒMNKŒŒLŒŒMKŒŒLŒŒMYKL‚ŒMŒŒŒÌŒÌMÍ‹ŒŒÌŒÌMÍ™KL‚ŒMŒKŒÍLÌŽMNËŒÍLÌŽMNÙKL‚ŒMŒ‹ŒMŽNNNMŽNNNKL‚ŒMŒËŒLÌÌNLÍMKLÌÌNLÍMYKL‚ŒMŒMŽÍÎLŒÌŽKMŽÍÎLŒÌŽYKL‚‚UUÈÕTTŽˆ[˜Ü™X\Ú[™È[YHÝ\HŒÎ‚‚“UTÕÒS•ÓÓ•“ÓTŽˆY\Ý[™È[YHÝ\ˆHŒŽLÂ‚‚OOOOH™YÚ[›š[™È[YHÝ\ˆHOOOOB‚‚”™Y›Ü›Z[™ÈÝY™›™\ÜÈX]š^ˆ™Y›Ü›X][ÛˆÌB‚OOOOH™Y›Ü›Z[™ÈÝY™›™\ÜÈX]š^‚‚SœˆÙˆ\]X][ÛœÈ‹‹‹‹‹‹‹‹‹‹‹‹‹‹‹‹‹‹‹‹‹‹‹‹‹‹ˆˆNM‚‚SœˆÙˆ›Ûž™\›Ù\È[ˆÝY™›™\ÜÈX]š^‹‹‹‹‹‹ˆˆLLLLÍˆBˆ›Û›[™X\ˆÛÛ][ÛˆÝ]\Îˆ[YOHB‚\ÝY™›™\ÜÈ\]\ÈH‚\šYÚ[™ÚYH]˜[X][ÛœÈH‚‚\ÝY™›™\ÜÈX]š^™Y›Ü›X][ÛœÈHB‚\Ý\œ›ÛH[™HÙX\˜ÚHKŒ‚XÛÛ™\™Ù[˜ÙH›Ü›\ÈˆS’UPSÕT”‘S•‘TURT‘Q‚H™\ÚYX[KMNŒÙJÌÈËŒÍŒÎLÙKLLHKMNŒÙJÌ‚H[™\™ÞH‹ŒLLÍYJÌH‹ÍNNM™KLÈ‹ŒLLÍYKLÈ‚H\ÜXÙ[Y[KÌNKLHKÌNKLH‹ŽNNMLKLHˆ‚ˆ›Û›[™X\ˆÛÛ][ÛˆÝ]\Îˆ[YOHB‚\ÝY™›™\ÜÈ\]\ÈHB‚\šYÚ[™ÚYH]˜[X][ÛœÈHÂ‚\ÝY™›™\ÜÈX]š^™Y›Ü›X][ÛœÈHB‚\Ý\œ›ÛH[™HÙX\˜ÚHKŒ‚XÛÛ™\™Ù[˜ÙH›Ü›\ÈˆS’UPSÕT”‘S•‘TURT‘Q‚H™\ÚYX[KMNŒÙJÌÈ‹MÙKLŒHKMNŒÙJÌ‚H[™\™ÞH‹ŒLLÍYJÌHKŒMLM™KLNH‹ŒLLÍYKLÈ‚H\ÜXÙ[Y[KÌNKLHËŒÌÎ™KLLˆ‹ŽNNLMKLH‚˜ÛÛ™\™Ù[˜ÙHÝ[[X\žBˆ[X™\ˆÙˆ]\˜][ÛœÈˆ‚ˆ[X™\ˆÙˆ™Y›Ü›X][ÛœÈˆB‚‹KKKKKKHÛÛ™\™ÙY][YHˆB‚‚‘]H™XÛÜ™ÌBOOOOOOOOOOOOOOOOOOOOOOOOOOOOOOOOOOOOOOOOOOOOOOOOOOOOOOOOOOOOOOOOOOOOOOOOOOB”Ý\H•[YHHB‘]HHÚ\Ùš[˜[ØÛÛÜ™[˜]\ÂŒKNËŽNMLMÌŒ‹MËŒÌÎLMMÙKLMKŒLÌNLÍLÂŒ‹NËŒNNLMËM‹ŒMÌMÎMMŒKŒLÌMÎMŽÌŒ‚ŒËNŒÎÌŒÍÌKÌ‹ŒNÎÌŒMKŒLÌMÍŒÌŒÍÍMÎKŽLLÌ‹ËŽMÌÌËŒLÌMÌLŒÍLÂKMÌËŽŒŽËŒËŒLÎLMMÎŒLÌMMŒLÂ‹MKÎNMŒÎMÍËÍËÍÍŒÌMÍÎKŒLÌMMÍÌÎËMM‹ŒÌMÍŒMMËLKŒLÍLL‹ŒLÌMÍNLŽMKŒÌÌMŒ‹LÌLNŒLÌLÍÎŒLBŽKLÌ‹ŽLÍMŒLÌÌKLM‹ÎMKŒLÌLŽÍMÎŒLLNKŒMÍÌŒLËMŒNŒÌ‹ŒLÌLNLŽBŒLKLÌÎNMM‹LÍËŒNMNŒËŒLÌLMÌŽÂŒL‹ŒŒÌÍMKMKLLŽLM‹ŒLÌLLŽŽLBŒLËÌKŽMLÍÍM‹ML‹ÍŒÍÎLKŒLÌMŒŒŽ‚ŒMMMÍNLŒÎMMËŽLMML‹ŒLÌLŽMÎBŒMKÍ‹ÍÌÍŽMŒÎMŒKŽŒMÍN‹ŒLÌŽNLBŒM‹NÍÌÌLKMŒŒŒMÍNL‹ŒLÌMÌLBŒMË‹ŒŽLÍLÍÎ™KLMMŽNMÌÍÎLÍŒLÌNBŒNLNÍÌÌLKMŒŒŒMÍNL‹ŒLÌMÌLBŒNKLÍ‹ÍÌÍŽMŒÎMŒKŽŒMÍN‹ŒLÌŽNLBŒŒMMMÍNLŒÎMMËŽLMML‹ŒLÌLŽMÎBŒŒKMÌKŽMLÍÍM‹ML‹ÍŒÍÎLKŒLÌMŒŒŽ‚ŒŒ‹NŒŒÌÍMKMKLLŽLM‹ŒLÌLLŽŽLBŒŒËLLÌÎNMM‹LÍËŒNMNŒËŒLÌLMÌŽÂŒLLNKŒMÍÌŒLËMŒNŒÌ‹ŒLÌLNLŽBŒKLLÌ‹ŽLÍMŒLÌÌKLM‹ÎMKŒLÌLŽÍMÎŒ‹LMKŒÌÌMŒ‹LÌLNŒLÌLÍÎŒLBŒËLMM‹ŒÌMÍŒMMËLKŒLÍLL‹ŒLÌMÍNLŒŽLMKÎNMŒÎMÍËÍËÍÍŒÌMÍÎKŒLÌMMÍÌÎŒŽKLMÌËŽŒŽËŒËŒLÎLMMÎŒLÌMMŒLÂŒÌLMÎKŽLLÌ‹ËŽMÌÌËŒLÌMÌLŒÍLÂŒÌKLNŒÎÌŒÍÌKÌ‹ŒNÎÌŒMKŒLÌMÍŒÌŒÍÍŒÌ‹LNËŒNNLMËM‹ŒMÌMÎMMŒKŒLÌMÎMŽÌŒ‚ŒÌËLNËŽNMLMÌŒ‹ËÍMŽMÍMLÎÙKLMŒLÌNLÍLÂŒÍLNËŒNNLMËLM‹ŒMÌMÎMMŒKŒLÌMÎMŽÌŒ‚ŒÍKLNŒÎÌŒÍÌKLÌ‹ŒNÎÌŒMKŒLÌMÍŒÌŒÍÍŒÍ‹LMÎKŽLLÌ‹MËŽMÌÌËŒLÌMÌLŒÍLÂŒÍËLMÌËŽŒŽËMŒËŒLÎLMMÎŒLÌMMŒLÂŒÎLMKÎNMŒÎMÍËMÍËÍÍŒÌMÍÎKŒLÌMMÍÌÎŒÎKLMM‹ŒÌMÍŒMMËNLKŒLÍLL‹ŒLÌMÍNLLMKŒÌÌMŒ‹LLÌLNŒLÌLÍÎŒLBKLLÌ‹ŽLÍMŒLÌÌKLLM‹ÎMKŒLÌLŽÍMÎ‹LLNKŒMÍÌŒLLËMŒNŒÌ‹ŒLÌLNLŽBËLLÌÎNMM‹LLÍËŒNMNŒËŒLÌLMÌŽÂNŒŒÌÍMKLMKLLŽLM‹ŒLÌLLŽŽLBKMÌKŽMLÍÍM‹LML‹ÍŒÍÎLKŒLÌMŒŒŽ‚‹MMMÍNLŒÎLMMËŽLMML‹ŒLÌLŽMÎBËLÍ‹ÍÌÍŽMŒÎLMŒKŽŒMÍN‹ŒLÌŽNLBLNÍÌÌLKLMŒŒŒMÍNL‹ŒLÌMÌLBKMŒÍÌÌMÌÍÙKLMLMŽNMÌÍÎLÍŒLÌNBLNÍÌÌLKLMŒŒŒMÍNL‹ŒLÌMÌLBLKÍ‹ÍÌÍŽMŒÎLMŒKŽŒMÍN‹ŒLÌŽNLBL‹MMÍNLŒÎLMMËŽLMML‹ŒLÌLŽMÎBLËÌKŽMLÍÍM‹LML‹ÍŒÍÎLKŒLÌMŒŒŽ‚MŒŒÌÍMKLMKLLŽLM‹ŒLÌLLŽŽLBMKLÌÎNMM‹LLÍËŒNMNŒËŒLÌLMÌŽÂM‹LNKŒMÍÌŒLLËMŒNŒÌ‹ŒLÌLNLŽBMËLÌ‹ŽLÍMŒLÌÌKLLM‹ÎMKŒLÌLŽÍMÎNMKŒÌÌMŒ‹LLÌLNŒLÌLÍÎŒLBNKMM‹ŒÌMÍŒMMËNLKŒLÍLL‹ŒLÌMÍNLŒMKÎNMŒÎMÍËMÍËÍÍŒÌMÍÎKŒLÌMMÍÌÎŒKMÌËŽŒŽËMŒËŒLÎLMMÎŒLÌMMŒLÂŒ‹MÎKŽLLÌ‹MËŽMÌÌËŒLÌMÌLŒÍLÂŒËNŒÎÌŒÍÌKLÌ‹ŒNÎÌŒMKŒLÌMÍŒÌŒÍÍNËŒNNLMËLM‹ŒMÌMÎMMŒKŒLÌMÎMŽÌŒ‚KNËŽNMLMLÌM‹NKŒMMLŒLYKLMKKŒLÌMLŽ‚‹NËŒNNLLÍ‹M‹ŒMÌMÎLŒ‹KŒLÌLÍŒ‚ËNŒÎÌŒNMKÌ‹ŒNÎÍÎLÎËKŒLÌLÍŽMÎKŽLÌLKËŽMLŒÌÎKKŒLÌLBŽKMÌËŽŒÌM‹ŒËŒLÎLMÍLŒLËKŒLÌŒŽBÌMKÎNMŒŒÌËÍËÍÍŒÌÍLÌKKŒLÌÌÍMŒŒ‚ÌKMM‹ŒÌMÍNÌËLKŒŒMLKŒLÌMŒÌ‹MKŒÌÌMŒM‹LÌŒLŒ‹KŒLÌMÌLL‚ÌËLÌ‹ŽLÍMMMLM‹ÎMÍÌÍ‹KŒLÌÍÂÍLNKŒMÍMÌLËLËMŒNLÍNËKŒLŽNNMÍÌBÍKLÌÎLŽ‹LÍËŒNMLKKŒLŽNLMŒŒÍ‹ŒŒÌNMLÌ‹MKLLŽLMLKŒLŽNŒBÍËÌKŽMNNÍML‹ÍŒŽÍÍKŒLŽMÍÍÎÎÎMMÍMLËMMËŽLMMÍKKŒLŽMÌMŽMÂÎKÍ‹ÍÌÍLÍMŒKŽŒMLMNKŒLŽMŽÌŒNŽNÍÌMŒÍ‹MŒŒŒMÎMÌKKŒLŽMŒÍBŽK‹ŒÍNLYKLMMŽNMÍLÎKKŒLŽMMMÌÂŽ‹LNÍÌMŒÍ‹MŒŒŒMÎMÌKKŒLŽMŒÍBŽËLÍ‹ÍÌÍLÍMŒKŽŒMLMNKŒLŽMŽÌŒNŽMMMÍMLËMMËŽLMMÍKKŒLŽMÌMŽMÂŽKMÌKŽMNNÍML‹ÍŒŽÍÍKŒLŽMÍÍÎÎŽ‹NŒŒÌNMLÌ‹MKLLŽLMLKŒLŽNŒBŽËLLÌÎLŽ‹LÍËŒNMLKKŒLŽNLMŒŒŽLLNKŒMÍMÌLËLËMŒNLÍNËKŒLŽNNMÍÌBŽKLLÌ‹ŽLÍMMMLM‹ÎMÍÌÍ‹KŒLÌÍÂŽLLMKŒÌÌMŒM‹LÌŒLŒ‹KŒLÌMÌLL‚ŽLKLMM‹ŒÌMÍNÌËLKŒŒMLKŒLÌMŒŽL‹LMKÎNMŒŒÌËÍËÍÍŒÌÍLÌKKŒLÌÌÍMŒŒ‚ŽLËLMÌËŽŒÌM‹ŒËŒLÎLMÍLŒLËKŒLÌŒŽBŽMLMÎKŽLÌLKËŽMLŒÌÎKKŒLÌLBŽMKLNŒÎÌŒNMKÌ‹ŒNÎÍÎLÎËKŒLÌLÍŽM‹LNËŒNNLLÍ‹M‹ŒMÌMÎLŒ‹KŒLÌLÍŒ‚ŽMËLNËŽNMLMLÌM‹ËNMNMNMŒMKLMKŒLÌMLŽ‚ŽNLNËŒNNLLÍ‹LM‹ŒMÌMÎLŒ‹KŒLÌLÍŒ‚ŽNKLNŒÎÌŒNMKLÌ‹ŒNÎÍÎLÎËKŒLÌLÍŒLLMÎKŽLÌLKMËŽMLŒÌÎKKŒLÌLBŒLKLMÌËŽŒÌM‹MŒËŒLÎLMÍLŒLËKŒLÌŒŽBŒL‹LMKÎNMŒŒÌËMÍËÍÍŒÌÍLÌKKŒLÌÌÍMŒŒ‚ŒLËLMM‹ŒÌMÍNÌËNLKŒŒMLKŒLÌMŒŒLLMKŒÌÌMŒM‹LLÌŒLŒ‹KŒLÌMÌLL‚ŒLKLLÌ‹ŽLÍMMMLLM‹ÎMÍÌÍ‹KŒLÌÍÂŒL‹LLNKŒMÍMÌLËLLËMŒNLÍNËKŒLŽNNMÍÌBŒLËLLÌÎLŽ‹LLÍËŒNMLKKŒLŽNLMŒŒŒLNŒŒÌNMLÌ‹LMKLLŽLMLKŒLŽNŒBŒLKMÌKŽMNNÍLML‹ÍŒŽÍÍKŒLŽMÍÍÎÎŒLLMMMÍMLËLMMËŽLMMÍKKŒLŽMÌMŽMÂŒLLKLÍ‹ÍÌÍLÍLMŒKŽŒMLMNKŒLŽMŽÌŒNŒLL‹LNÍÌMŒÍ‹LMŒŒŒMÎMÌKKŒLŽMŒÍBŒLLËMŽLŽLNÍMÙKLMLMŽNMÍLÎKKŒLŽMMMÌÂŒLMNÍÌMŒÍ‹LMŒŒŒMÎMÌKKŒLŽMŒÍBŒLMKÍ‹ÍÌÍLÍLMŒKŽŒMLMNKŒLŽMŽÌŒNŒLM‹MMÍMLËLMMËŽLMMÍKKŒLŽMÌMŽMÂŒLMËÌKŽMNNÍLML‹ÍŒŽÍÍKŒLŽMÍÍÎÎŒLNŒŒÌNMLÌ‹LMKLLŽLMLKŒLŽNŒBŒLNKLÌÎLŽ‹LLÍËŒNMLKKŒLŽNLMŒŒŒLŒLNKŒMÍMÌLËLLËMŒNLÍNËKŒLŽNNMÍÌBŒLŒKLÌ‹ŽLÍMMMLLM‹ÎMÍÌÍ‹KŒLÌÍÂŒLŒ‹MKŒÌÌMŒM‹LLÌŒLŒ‹KŒLÌMÌLL‚ŒLŒËMM‹ŒÌMÍNÌËNLKŒŒMLKŒLÌMŒŒLMKÎNMŒŒÌËMÍËÍÍŒÌÍLÌKKŒLÌÌÍMŒŒ‚ŒLKMÌËŽŒÌM‹MŒËŒLÎLMÍLŒLËKŒLÌŒŽBŒL‹MÎKŽLÌLKMËŽMLŒÌÎKKŒLÌLBŒLËNŒÎÌŒNMKLÌ‹ŒNÎÍÎLÎËKŒLÌLÍŒLŽNËŒNNLLÍ‹LM‹ŒMÌMÎLŒ‹KŒLÌLÍŒ‚ŒLŽKNËŽNMLMLËLKŒMNŽLNÙKLMLŒNLÍÌÍÂŒLÌNËŒNNŽMŒ‹M‹ŒMÌMÎMLÍLŒNLŽMNBŒLÌKNŒÎÌŒÍÌ‹Ì‹ŒNÎLLÎLŒNLŽLÂŒLÌ‹MÎKŽLMŒ‹ËŽMÌMËLŒNLŒNLLBŒLÌËMÌËŽŒŒÍËŒËŒLÎLMÌLÍÌKLŒNLMŒÎBŒLÍMKÎNMNM‹ÍËÍÍŒÌÎMLÍLŒNLLÌÎŒLÍKMM‹ŒÌMÍLÍLÌ‹LKŒNÌŒ‹LŒNLÌŒBŒLÍ‹MKŒÌÌÌÍËLÌMNLŒNMNNBŒLÍËLÌ‹ŽLÍMNŽLM‹ÎNŒŒ‹LŒNÌLMÂŒLÎLNKŒMÍNNNLKLËMŒNMŽLÎKLŒNÎMŽŒLÎKLÌÎÌÌ‹LÍËŒNMLÌKLŒNÌÍŒÌÂŒMŒŒŽNMÎMMKLLŽLMÌKLŒNÌŽLÂŒMKÌKŽMNLÍNN‹ML‹ÍŒŽNLKLŒNŒLÍŒBŒM‹MMÍLLŽMËMMËŽLMMMNKLŒNMÌŽŒMËÍ‹ÍÌÍŒŽMMŒKŽŒMLNLŒNLÌMÎBŒMNÍÌÌNKMŒŒŒMÎLÍÍËLŒNLLMÍŒMK‹ŒŽLÍÌN™KLMMŽNMÍLLŒËLŒNLÌ‚ŒM‹LNÍÌÌNKMŒŒŒMÎLÍÍËLŒNLLMÍŒMËLÍ‹ÍÌÍŒŽMMŒKŽŒMLNLŒNLÌMÎBŒMMMMÍLLŽMËMMËŽLMMMNKLŒNMÌŽŒMKMÌKŽMNLÍNN‹ML‹ÍŒŽNLKLŒNŒLÍŒBŒMLNŒŒŽNMÎMMKLLŽLMÌKLŒNÌŽLÂŒMLKLLÌÎÌÌ‹LÍËŒNMLÌKLŒNÌÍŒÌÂŒML‹LLNKŒMÍNNNLKLËMŒNMŽLÎKLŒNÎMŽŒMLËLLÌ‹ŽLÍMNŽLM‹ÎNŒŒ‹LŒNÌLMÂŒMMLMKŒÌÌÌÍËLÌMNLŒNMNNBŒMMKLMM‹ŒÌMÍLÍLÌ‹LKŒNÌŒ‹LŒNLÌŒBŒMM‹LMKÎNMNM‹ÍËÍÍŒÌÎMLÍLŒNLLÌÎŒMMËLMÌËŽŒŒÍËŒËŒLÎLMÌLÍÌKLŒNLMŒÎBŒMNLMÎKŽLMŒ‹ËŽMÌMËLŒNLŒNLLBŒMNKLNŒÎÌŒÍÌ‹Ì‹ŒNÎLLÎLŒNLŽLÂŒMŒLNËŒNNŽMŒ‹M‹ŒMÌMÎMLÍLŒNLŽMNBŒMŒKLNËŽNMLMLËËÍÌLŽMŒÌKLMLŒNLÍÌÍÂŒMŒ‹LNËŒNNŽMŒ‹LM‹ŒMÌMÎMLÍLŒNLŽMNBŒMŒËLNŒÎÌŒÍÌ‹LÌ‹ŒNÎLLÎLŒNLŽLÂŒMLMÎKŽLMŒ‹MËŽMÌMËLŒNLŒNLLBŒMKLMÌËŽŒŒÍËMŒËŒLÎLMÌLÍÌKLŒNLMŒÎBŒM‹LMKÎNMNM‹MÍËÍÍŒÌÎMLÍLŒNLLÌÎŒMËLMM‹ŒÌMÍLÍLÌ‹NLKŒNÌŒ‹LŒNLÌŒBŒMŽLMKŒÌÌÌÍËLLÌMNLŒNMNNBŒMŽKLLÌ‹ŽLÍMNŽLLM‹ÎNŒŒ‹LŒNÌLMÂŒMÌLLNKŒMÍNNNLKLLËMŒNMŽLÎKLŒNÎMŽŒMÌKLLÌÎÌÌ‹LLÍËŒNMLÌKLŒNÌÍŒÌÂŒMÌ‹NŒŒŽNMÎMLMKLLŽLMÌKLŒNÌŽLÂŒMÌËMÌKŽMNLÍNN‹LML‹ÍŒŽNLKLŒNŒLÍŒBŒMÍMMMÍLLŽMËLMMËŽLMMMNKLŒNMÌŽŒMÍKLÍ‹ÍÌÍŒŽMLMŒKŽŒMLNLŒNLÌMÎBŒMÍ‹LNÍÌÌNKLMŒŒŒMÎLÍÍËLŒNLLMÍŒMÍËMÌLÍŒÎM™KLMLMŽNMÍLLŒËLŒNLÌ‚ŒMÎNÍÌÌNKLMŒŒŒMÎLÍÍËLŒNLLMÍŒMÎKÍ‹ÍÌÍŒŽMLMŒKŽŒMLNLŒNLÌMÎBŒNMMÍLLŽMËLMMËŽLMMMNKLŒNMÌŽŒNKÌKŽMNLÍNN‹LML‹ÍŒŽNLKLŒNŒLÍŒBŒN‹ŒŒŽNMÎMLMKLLŽLMÌKLŒNÌŽLÂŒNËLÌÎÌÌ‹LLÍËŒNMLÌKLŒNÌÍŒÌÂŒNLNKŒMÍNNNLKLLËMŒNMŽLÎKLŒNÎMŽŒNKLÌ‹ŽLÍMNŽLLM‹ÎNŒŒ‹LŒNÌLMÂŒN‹MKŒÌÌÌÍËLLÌMNLŒNMNNBŒNËMM‹ŒÌMÍLÍLÌ‹NLKŒNÌŒ‹LŒNLÌŒBŒNMKÎNMNM‹MÍËÍÍŒÌÎMLÍLŒNLLÌÎŒNKMÌËŽŒŒÍËMŒËŒLÎLMÌLÍÌKLŒNLMŒÎBŒNLMÎKŽLMŒ‹MËŽMÌMËLŒNLŒNLLBŒNLKNŒÎÌŒÍÌ‹LÌ‹ŒNÎLLÎLŒNLŽLÂŒNL‹NËŒNNŽMŒ‹LM‹ŒMÌMÎMLÍLŒNLŽMNBŒNLËNËŽNMLMMMÍLKŒŽŒÌÍLMŒÙKLMÍKŒMLMÌLÂŒNMNËŒNNNÌ‹M‹ŒMÌMÎŒ‹ÍKŒMLÍÂŒNMKNŒÎÌŒŒMÍKÌ‹ŒNÎL‹ÍKŒMÎNMBŒNM‹MÎKŽLÎŒËËŽMNLÍ‹ÍKŒMÎMMŒ‚ŒNMËMÌËŽŒŒMNMŒËŒLÎLMÌÌŽLËÍKŒMÎLMBŒNNMKÎNMMNLÍËÍÍŒÍMÍÍKŒMÎÍMŒNNKMM‹ŒÌMÍLLL‹LKŒŽŒŒŽÍKŒMÎÍMŒŒMKŒÌÌMKLÌÎ‹ÍKŒMÍÍMMŒŒKLÌ‹ŽLÍMŒËLM‹ÎNŽÍKÍKŒMÍŽLBŒŒ‹LNKŒMÍMÌŒKLËMŒNN‹ÍKŒMÍŒMŒÂŒŒËLÌÎKLÍËŒNMMÌLKÍKŒMÍMMÎBŒŒŒŒŽNLÍÍÌÍËMKLLŽLNŒKÍKŒMÍMÎLŒŒKÌKŽMNLMLKML‹ÍŒŽNNKÍKŒMÍMMÂŒŒ‹MMÍLÌËMMËŽLMMLŽÍKŒMÍÍ‚ŒŒËÍ‹ÍÌÍŒLÍLM‹MŒKŽŒMLŒËÍKŒMÌÍÍÌMÂŒŒNÍŽMMMMŒŒŒMÎMËÍKŒMÌÍNMŽBŒŒK‹ŒMÎLMÍM™KLMMŽNMÍLKÍKŒMÌÍLŒŽL‚ŒŒLLNÍŽMMMMŒŒŒMÎMËÍKŒMÌÍNMŽBŒŒLKLÍ‹ÍÌÍŒLÍLM‹MŒKŽŒMLŒËÍKŒMÌÍÍÌMÂŒŒL‹MMMÍLÌËMMËŽLMMLŽÍKŒMÍÍ‚ŒŒLËMÌKŽMNLMLKML‹ÍŒŽNNKÍKŒMÍMMÂŒŒMNŒŒŽNLÍÍÌÍËMKLLŽLNŒKÍKŒMÍMÎLŒŒMKLLÌÎKLÍËŒNMMÌLKÍKŒMÍMMÎBŒŒM‹LLNKŒMÍMÌŒKLËMŒNN‹ÍKŒMÍŒMŒÂŒŒMËLLÌ‹ŽLÍMŒËLM‹ÎNŽÍKÍKŒMÍŽLBŒŒNLMKŒÌÌMKLÌÎ‹ÍKŒMÍÍMMŒŒNKLMM‹ŒÌMÍLLL‹LKŒŽŒŒŽÍKŒMÎÍMŒŒŒLMKÎNMMNLÍËÍÍŒÍMÍÍKŒMÎÍMŒŒŒKLMÌËŽŒŒMNMŒËŒLÎLMÌÌŽLËÍKŒMÎLMBŒŒŒ‹LMÎKŽLÎŒËËŽMNLÍ‹ÍKŒMÎMMŒ‚ŒŒŒËLNŒÎÌŒŒMÍKÌ‹ŒNÎL‹ÍKŒMÎNMBŒŒLNËŒNNNÌ‹M‹ŒMÌMÎŒ‹ÍKŒMLÍÂŒŒKLNËŽNMLMMMÍËŒÌMŒMMYKLMÍKŒMLMÌLÂŒŒ‹LNËŒNNNÌ‹LM‹ŒMÌMÎŒ‹ÍKŒMLÍÂŒŒËLNŒÎÌŒŒMÍKLÌ‹ŒNÎL‹ÍKŒMÎNMBŒŒŽLMÎKŽLÎŒËMËŽMNLÍ‹ÍKŒMÎMMŒ‚ŒŒŽKLMÌËŽŒŒMNMMŒËŒLÎLMÌÌŽLËÍKŒMÎLMBŒŒÌLMKÎNMMNLMÍËÍÍŒÍMÍÍKŒMÎÍMŒŒÌKLMM‹ŒÌMÍLLL‹NLKŒŽŒŒŽÍKŒMÎÍMŒŒÌ‹LMKŒÌÌMKLLÌÎ‹ÍKŒMÍÍMMŒŒÌËLLÌ‹ŽLÍMŒËLLM‹ÎNŽÍKÍKŒMÍŽLBŒŒÍLLNKŒMÍMÌŒKLLËMŒNN‹ÍKŒMÍŒMŒÂŒŒÍKLLÌÎKLLÍËŒNMMÌLKÍKŒMÍMMÎBŒŒÍ‹NŒŒŽNLÍÍÌÍËLMKLLŽLNŒKÍKŒMÍMÎLŒŒÍËMÌKŽMNLMLKLML‹ÍŒŽNNKÍKŒMÍMMÂŒŒÎMMMÍLÌËLMMËŽLMMLŽÍKŒMÍÍ‚ŒŒÎKLÍ‹ÍÌÍŒLÍLM‹LMŒKŽŒMLŒËÍKŒMÌÍÍÌMÂŒLNÍŽMMMLMŒŒŒMÎMËÍKŒMÌÍNMŽBŒKMMŒÎMM™KLMLMŽNMÍLKÍKŒMÌÍLŒŽL‚Œ‹NÍŽMMMLMŒŒŒMÎMËÍKŒMÌÍNMŽBŒËÍ‹ÍÌÍŒLÍLM‹LMŒKŽŒMLŒËÍKŒMÌÍÍÌMÂŒMMÍLÌËLMMËŽLMMLŽÍKŒMÍÍ‚ŒKÌKŽMNLMLKLML‹ÍŒŽNNKÍKŒMÍMMÂŒ‹ŒŒŽNLÍÍÌÍËLMKLLŽLNŒKÍKŒMÍMÎLŒËLÌÎKLLÍËŒNMMÌLKÍKŒMÍMMÎBŒLNKŒMÍMÌŒKLLËMŒNN‹ÍKŒMÍŒMŒÂŒKLÌ‹ŽLÍMŒËLLM‹ÎNŽÍKÍKŒMÍŽLBŒLMKŒÌÌMKLLÌÎ‹ÍKŒMÍÍMMŒLKMM‹ŒÌMÍLLL‹NLKŒŽŒŒŽÍKŒMÎÍMŒL‹MKÎNMMNLMÍËÍÍŒÍMÍÍKŒMÎÍMŒLËMÌËŽŒŒMNMMŒËŒLÎLMÌÌŽLËÍKŒMÎLMBŒMMÎKŽLÎŒËMËŽMNLÍ‹ÍKŒMÎMMŒ‚ŒMKNŒÎÌŒŒMÍKLÌ‹ŒNÎL‹ÍKŒMÎNMBŒM‹NËŒNNNÌ‹LM‹ŒMÌMÎŒ‹ÍKŒMLÍÂŒMËNËŽNMLMM‹LKŒÌMLŽLÍMÌ™KLMLŒLÍLŒÍÂŒNNËŒNNMŽM‹ŒMÌMÎML‹LŒLÍÌNŒNKNŒÎÌŒNLNKÌ‹ŒNÎNŒËLŒLÌÌNBŒŒMÎKŽLÎ‹ËŽMÎMÍ‹LŒLÌÎŒŒKMÌËŽŒŒLKŒËŒLÎLMÍÍŽKLŒLÌŽM‚ŒŒ‹MKÎNMMLM‹ÍËÍÍŒÍÌM‹LŒLŒÌMMBŒŒËMM‹ŒÌMÍNËLKŒŽMMLKLŒLNÂŒMKŒÌÌM‹LÌŽLMÎLŒLLÌŒŽŒKLÌ‹ŽLÍMLŒ‹LM‹ÎNMKLŒLÎMBŒ‹LNKŒMÍMLŒMLËMŒŒKLŒLŒÍÎŒËLÌÎLLKLÍËŒNMMLÍMLŒLŒÍÌLÂŒŽŒŒŽNLŒÌLKMKLLŽLNLLŒLŒÌŒÎŒŽKÌKŽMNMŒŒËML‹ÍŒŽ‹LŒLŒŽMŒÌMMÍÎMKMMËŽLMMLMMËLŒLŒLBŒÌKÍ‹ÍÌÍŒNKMŒKŽŒMLŒÍÌKLŒLŒŒNLBŒÌ‹NÍŽLMN‹MŒŒŒMÎMMLŒLŒŒŽMŒÌË‹ŒLNLMMÙKLMMŽNMÍLÌËLŒLŒNMÍLBŒÍLNÍŽLMN‹MŒŒŒMÎMMLŒLŒŒŽMŒÍKLÍ‹ÍÌÍŒNKMŒKŽŒMLŒÍÌKLŒLŒŒNLBŒÍ‹MMMÍÎMKMMËŽLMMLMMËLŒLŒLBŒÍËMÌKŽMNMŒŒËML‹ÍŒŽ‹LŒLŒŽMŒÎNŒŒŽNLŒÌLKMKLLŽLNLLŒLŒÌŒÎŒÎKLLÌÎLLKLÍËŒNMMLÍMLŒLŒÍÌLÂŒŽLLNKŒMÍMLŒMLËMŒŒKLŒLŒÍÎŒŽKLLÌ‹ŽLÍMLŒ‹LM‹ÎNMKLŒLÎMBŒŽ‹LMKŒÌÌM‹LÌŽLMÎLŒLLÌŒŽŒŽËLMM‹ŒÌMÍNËLKŒŽMMLKLŒLNÂŒŽLMKÎNMMLM‹ÍËÍÍŒÍÌM‹LŒLŒÌMMBŒŽKLMÌËŽŒŒLKŒËŒLÎLMÍÍŽKLŒLÌŽM‚ŒŽ‹LMÎKŽLÎ‹ËŽMÎMÍ‹LŒLÌÎŒŽËLNŒÎÌŒNLNKÌ‹ŒNÎNŒËLŒLÌÌNBŒŽLNËŒNNMŽM‹ŒMÌMÎML‹LŒLÍÌNŒŽKLNËŽNMLMM‹ËNMMÎNŽYKLMLŒLÍLŒÍÂŒŽLLNËŒNNMŽLM‹ŒMÌMÎML‹LŒLÍÌNŒŽLKLNŒÎÌŒNLNKLÌ‹ŒNÎNŒËLŒLÌÌNBŒŽL‹LMÎKŽLÎ‹MËŽMÎMÍ‹LŒLÌÎŒŽLËLMÌËŽŒŒLKMŒËŒLÎLMÍÍŽKLŒLÌŽM‚ŒŽMLMKÎNMMLM‹MÍËÍÍŒÍÌM‹LŒLŒÌMMBŒŽMKLMM‹ŒÌMÍNËNLKŒŽMMLKLŒLNÂŒŽM‹LMKŒÌÌM‹LLÌŽLMÎLŒLLÌŒŽŒŽMËLLÌ‹ŽLÍMLŒ‹LLM‹ÎNMKLŒLÎMBŒŽNLLNKŒMÍMLŒMLLËMŒŒKLŒLŒÍÎŒŽNKLLÌÎLLKLLÍËŒNMMLÍMLŒLŒÍÌLÂŒÌNŒŒŽNLŒÌLKLMKLLŽLNLLŒLŒÌŒÎŒÌKMÌKŽMNMŒŒËLML‹ÍŒŽ‹LŒLŒŽMŒÌ‹MMMÍÎMKLMMËŽLMMLMMËLŒLŒLBŒÌËLÍ‹ÍÌÍŒNKLMŒKŽŒMLŒÍÌKLŒLŒŒNLBŒÌLNÍŽLMN‹LMŒŒŒMÎMMLŒLŒŒŽMŒÌKMMMLŒLŒÍÍ™KLMLMŽNMÍLÌËLŒLŒNMÍLBŒÌ‹NÍŽLMN‹LMŒŒŒMÎMMLŒLŒŒŽMŒÌËÍ‹ÍÌÍŒNKLMŒKŽŒMLŒÍÌKLŒLŒŒNLBŒÌMMÍÎMKLMMËŽLMMLMMËLŒLŒLBŒÌKÌKŽMNMŒŒËLML‹ÍŒŽ‹LŒLŒŽMŒÌLŒŒŽNLŒÌLKLMKLLŽLNLLŒLŒÌŒÎŒÌLKLÌÎLLKLLÍËŒNMMLÍMLŒLŒÍÌLÂŒÌL‹LNKŒMÍMLŒMLLËMŒŒKLŒLŒÍÎŒÌLËLÌ‹ŽLÍMLŒ‹LLM‹ÎNMKLŒLÎMBŒÌMMKŒÌÌM‹LLÌŽLMÎLŒLLÌŒŽŒÌMKMM‹ŒÌMÍNËNLKŒŽMMLKLŒLNÂŒÌM‹MKÎNMMLM‹MÍËÍÍŒÍÌM‹LŒLŒÌMMBŒÌMËMÌËŽŒŒLKMŒËŒLÎLMÍÍŽKLŒLÌŽM‚ŒÌNMÎKŽLÎ‹MËŽMÎMÍ‹LŒLÌÎŒÌNKNŒÎÌŒNLNKLÌ‹ŒNÎNŒËLŒLÌÌNBŒÌŒNËŒNNMŽLM‹ŒMÌMÎML‹LŒLÍÌNŒÌŒKNËŽNMLMLÎ‹LKŒŒÌMÙKLMLKŒMNNLÂŒÌŒ‹NËŒNNMNNKM‹ŒMÌMÎM‹LKŒMMMÌ‚ŒÌŒËNŒÎÌŒNŒËÌ‹ŒNÎŒÍËLKŒMÌŒÂŒÌMÎKŽLÎŒKËŽMÌNKLKŒMŒŽBŒÌKMÌËŽŒŒËŒËŒLÎLMÍÌNKLKŒMÍLŒÌ‹MKÎNMM‹ÍËÍÍŒÍÍMKLKŒMLÌ‚ŒÌËMM‹ŒÌMÍMLÌ‹LKŒÌKLKŒLÍŒŒÂŒÌŽMKŒÌŽNMÌÍLÌŽMŒKLKŒLÌNMBŒÌŽKLÌ‹ŽLÍMÍMËLM‹ÎNŒËLKŒLÍM‚ŒÌÌLNKŒMÍMMLËMŒŒMMLKŒLŒŽLŒ‚ŒÌÌKLÌÎNLLÍËŒNMMMÎ‹LKŒLNL‚ŒÌÌ‹ŒŒŽNLMÌŒÌKMKLLŽLNMMLKŒLMŒÌÌËÌKŽMNLMÍML‹ÍŒŽÎKLKŒLLŒÌÍMMÍÍML‹MMËŽLMMLÎMLKŒLÎÍŒÌÍKÍ‹ÍÌÍŒÌËMŒKŽŒMLMLËLKŒLMNBŒÌÍ‹NÍŽNLÎKMŒŒŒMÎMÎNKLKŒLŽL‚ŒÌÍË‹ŒLLLNLÌŒLNKLMMŽNMÍMÎKLKŒLÎÂŒÌÎLNÍŽNLÎKMŒŒŒMÎMÎNKLKŒLŽL‚ŒÌÎKLÍ‹ÍÌÍŒÌËMŒKŽŒMLMLËLKŒLMNBŒÍMMMÍÍML‹MMËŽLMMLÎMLKŒLÎÍŒÍKMÌKŽMNLMÍML‹ÍŒŽÎKLKŒLLŒÍ‹NŒŒŽNLMÌŒÌKMKLLŽLNMMLKŒLMŒÍËLLÌÎNLLÍËŒNMMMÎ‹LKŒLNL‚ŒÍLLNKŒMÍMMLËMŒŒMMLKŒLŒŽLŒ‚ŒÍKLLÌ‹ŽLÍMÍMËLM‹ÎNŒËLKŒLÍM‚ŒÍ‹LMKŒÌŽNMÌÍLÌŽMŒKLKŒLÌNMBŒÍËLMM‹ŒÌMÍMLÌ‹LKŒÌKLKŒLÍŒŒÂŒÍLMKÎNMM‹ÍËÍÍŒÍÍMKLKŒMLÌ‚ŒÍKLMÌËŽŒŒËŒËŒLÎLMÍÌNKLKŒMÍLŒÍLLMÎKŽLÎŒKËŽMÌNKLKŒMŒŽBŒÍLKLNŒÎÌŒNŒËÌ‹ŒNÎŒÍËLKŒMÌŒÂŒÍL‹LNËŒNNMNNKM‹ŒMÌMÎM‹LKŒMMMÌ‚ŒÍLËLNËŽNMLMLÎ‹ËMŽÍŒÍLÙKLMLKŒMNNLÂŒÍMLNËŒNNMNNKLM‹ŒMÌMÎM‹LKŒMMMÌ‚ŒÍMKLNŒÎÌŒNŒËLÌ‹ŒNÎŒÍËLKŒMÌŒÂŒÍM‹LMÎKŽLÎŒKMËŽMÌNKLKŒMŒŽBŒÍMËLMÌËŽŒŒËMŒËŒLÎLMÍÌNKLKŒMÍLŒÍNLMKÎNMM‹MÍËÍÍŒÍÍMKLKŒMLÌ‚ŒÍNKLMM‹ŒÌMÍMLÌ‹NLKŒÌKLKŒLÍŒŒÂŒÍŒLMKŒÌŽNMÌÍLLÌŽMŒKLKŒLÌNMBŒÍŒKLLÌ‹ŽLÍMÍMËLLM‹ÎNŒËLKŒLÍM‚ŒÍŒ‹LLNKŒMÍMMLLËMŒŒMMLKŒLŒŽLŒ‚ŒÍŒËLLÌÎNLLLÍËŒNMMMÎ‹LKŒLNL‚ŒÍNŒŒŽNLMÌŒÌKLMKLLŽLNMMLKŒLMŒÍKMÌKŽMNLMÍLML‹ÍŒŽÎKLKŒLLŒÍ‹MMMÍÍML‹LMMËŽLMMLÎMLKŒLÎÍŒÍËLÍ‹ÍÌÍŒÌËLMŒKŽŒMLMLËLKŒLMNBŒÍŽLNÍŽNLÎKLMŒŒŒMÎMÎNKLKŒLŽL‚ŒÍŽKMÌŒMÌÌÍÎYKLMLMŽNMÍMÎKLKŒLÎÂŒÍÌNÍŽNLÎKLMŒŒŒMÎMÎNKLKŒLŽL‚ŒÍÌKÍ‹ÍÌÍŒÌËLMŒKŽŒMLMLËLKŒLMNBŒÍÌ‹MMÍÍML‹LMMËŽLMMLÎMLKŒLÎÍŒÍÌËÌKŽMNLMÍLML‹ÍŒŽÎKLKŒLLŒÍÍŒŒŽNLMÌŒÌKLMKLLŽLNMMLKŒLMŒÍÍKLÌÎNLLLÍËŒNMMMÎ‹LKŒLNL‚ŒÍÍ‹LNKŒMÍMMLLËMŒŒMMLKŒLŒŽLŒ‚ŒÍÍËLÌ‹ŽLÍMÍMËLLM‹ÎNŒËLKŒLÍM‚ŒÍÎMKŒÌŽNMÌÍLLÌŽMŒKLKŒLÌNMBŒÍÎKMM‹ŒÌMÍMLÌ‹NLKŒÌKLKŒLÍŒŒÂŒÎMKÎNMM‹MÍËÍÍŒÍÍMKLKŒMLÌ‚ŒÎKMÌËŽŒŒËMŒËŒLÎLMÍÌNKLKŒMÍLŒÎ‹MÎKŽLÎŒKMËŽMÌNKLKŒMŒŽBŒÎËNŒÎÌŒNŒËLÌ‹ŒNÎŒÍËLKŒMÌŒÂŒÎNËŒNNMNNKLM‹ŒMÌMÎM‹LKŒMMMÌ‚ŒÎKNËŽNMLMLÌM‹LKÍÌÌŽLKLMMLŒMÍÂŒÎ‹NËŒNNMLÎM‹ŒMÌMÎŒMMLŒLMÂŒÎËNŒÎÌŒMÍÍ‹Ì‹ŒNÎNMŒKMLŒÂŒÎMÎKŽLÎÌËËŽMŽMŒMLŒŒÍ‚ŒÎKMÌËŽŒŒÎMKŒËŒLÎLMÍNNMMLŒŒNM‚ŒÎLMKÎNMMÍÍËÍÍŒÍÌÌKMLŒMÍÍBŒÎLKMM‹ŒÌMÍMMLKLKŒŽNLŒŒ‹MLŒMÂŒÎL‹MKŒÌŽNMÍLËLÌŽMŒ‹MLŒLÍ‚ŒÎLËLÌ‹ŽLÍMÍŽLM‹ÎN‹MLŒÌÂŒÎMLNKŒMÍMLKLËMŒŒMLKMLŒÌÌBŒÎMKLÌÎNLLÍËŒNMMN‹MLŒŒÎNMŒ‚ŒÎM‹ŒŒŽNLMŽKMKLLŽLNMKMLŒŒÎMŒŽŒÎMËÌKŽMNLMKML‹ÍŒŽŽÍMLŒŒÎLÌBŒÎNMMÍÌÍÌMMMËŽLMMLKMLŒŒÎLÎBŒÎNKÍ‹ÍÌÍŒŒÍÌËMŒKŽŒML‹MLŒŒÎLBNÍŽMÍ‹MŒŒŒMÎNKMLŒŒÎÍÍÎK‹ŒŽMŽMŒNÍÙKLMMŽNMÍMKMLŒŒÎÌÎB‹LNÍŽMÍ‹MŒŒŒMÎNKMLŒŒÎÍÍÎËLÍ‹ÍÌÍŒŒÍÌËMŒKŽŒML‹MLŒŒÎLBMMMÍÌÍÌMMMËŽLMMLKMLŒŒÎLÎBKMÌKŽMNLMKML‹ÍŒŽŽÍMLŒŒÎLÌB‹NŒŒŽNLMŽKMKLLŽLNMKMLŒŒÎMŒŽËLLÌÎNLLÍËŒNMMN‹MLŒŒÎNMŒ‚LLNKŒMÍMLKLËMŒŒMLKMLŒÌÌBKLLÌ‹ŽLÍMÍŽLM‹ÎN‹MLŒÌÂLLMKŒÌŽNMÍLËLÌŽMŒ‹MLŒLÍ‚LKLMM‹ŒÌMÍMMLKLKŒŽNLŒŒ‹MLŒMÂL‹LMKÎNMMÍÍËÍÍŒÍÌÌKMLŒMÍÍBLËLMÌËŽŒŒÎMKŒËŒLÎLMÍNNMMLŒŒNM‚MLMÎKŽLÎÌËËŽMŽMŒMLŒŒÍ‚MKLNŒÎÌŒMÍÍ‹Ì‹ŒNÎNMŒKMLŒÂM‹LNËŒNNMLÎM‹ŒMÌMÎŒMMLŒLMÂMËLNËŽNMLMLÌM‹ËMÌŽLÎNYKLMMLŒMÍÂNLNËŒNNMLÎLM‹ŒMÌMÎŒMMLŒLMÂNKLNŒÎÌŒMÍÍ‹LÌ‹ŒNÎNMŒKMLŒÂŒLMÎKŽLÎÌËMËŽMŽMŒMLŒŒÍ‚ŒKLMÌËŽŒŒÎMKMŒËŒLÎLMÍNNMMLŒŒNM‚Œ‹LMKÎNMMÍMÍËÍÍŒÍÌÌKMLŒMÍÍBŒËLMM‹ŒÌMÍMMLKNLKŒŽNLŒŒ‹MLŒMÂLMKŒÌŽNMÍLËLLÌŽMŒ‹MLŒLÍ‚KLLÌ‹ŽLÍMÍŽLLM‹ÎN‹MLŒÌÂ‹LLNKŒMÍMLKLLËMŒŒMLKMLŒÌÌBËLLÌÎNLLLÍËŒNMMN‹MLŒŒÎNMŒ‚ŽNŒŒŽNLMŽKLMKLLŽLNMKMLŒŒÎMŒŽŽKMÌKŽMNLMKLML‹ÍŒŽŽÍMLŒŒÎLÌBÌMMMÍÌÍÌMLMMËŽLMMLKMLŒŒÎLÎBÌKLÍ‹ÍÌÍŒŒÍÌËLMŒKŽŒML‹MLŒŒÎLBÌ‹LNÍŽMÍ‹LMŒŒŒMÎNKMLŒŒÎÍÍÎÌËMLÎLÍÌŽÎNYKLMLMŽNMÍMKMLŒŒÎÌÎBÍNÍŽMÍ‹LMŒŒŒMÎNKMLŒŒÎÍÍÎÍKÍ‹ÍÌÍŒŒÍÌËLMŒKŽŒML‹MLŒŒÎLBÍ‹MMÍÌÍÌMLMMËŽLMMLKMLŒŒÎLÎBÍËÌKŽMNLMKLML‹ÍŒŽŽÍMLŒŒÎLÌBÎŒŒŽNLMŽKLMKLLŽLNMKMLŒŒÎMŒŽÎKLÌÎNLLLÍËŒNMMN‹MLŒŒÎNMŒ‚LNKŒMÍMLKLLËMŒŒMLKMLŒÌÌBKLÌ‹ŽLÍMÍŽLLM‹ÎN‹MLŒÌÂ‹MKŒÌŽNMÍLËLLÌŽMŒ‹MLŒLÍ‚ËMM‹ŒÌMÍMMLKNLKŒŽNLŒŒ‹MLŒMÂMKÎNMMÍMÍËÍÍŒÍÌÌKMLŒMÍÍBKMÌËŽŒŒÎMKMŒËŒLÎLMÍNNMMLŒŒNM‚‹MÎKŽLÎÌËMËŽMŽMŒMLŒŒÍ‚ËNŒÎÌŒMÍÍ‹LÌ‹ŒNÎNMŒKMLŒÂNËŒNNMLÎLM‹ŒMÌMÎŒMMLŒLMÂKNËŽNMLMLŽMËLKLŒŒÍŒÙKLMMÍKŒÎÌMLÌÂLNËŒNNMLÌKM‹ŒMÌMÎMÎKMÍKŒÎÌLNBLKNŒÎÌŒNKÌ‹ŒNÎMÍMÍKŒÎÌBL‹MÎKŽLÎLËËŽMŽŒKMÍKŒÎŽNLLMLËMÌËŽŒŒLŽKŒËŒLÎLMÍÌËMÍKŒÎŽMÌÌMMKÎNMMLËÍËÍÍŒÍŽMÌËMÍKŒÎŽMLÂMKMM‹ŒÌMÍNËLKŒŽMMŒÌËMÍKŒÎŽLÂM‹MKŒÌÌKLÌŽLMÍKŒÎŽMŒÂMËLÌ‹ŽLÍMLLKLM‹ÎNËMÍKŒÎŽŒMBNLNKŒMÍMNËLËMŒŒÌËMÍKŒÎŽÍMLBNKLÌÎŒŒKLÍËŒNMMMŒKMÍKŒÎŽMŒBŒŒŒŽNLNNNMKLLŽLNLÍLËMÍKŒÎÍÍÍ‚ŒKÌKŽMNLÌ‹ML‹ÍŒŽÍMÍKŒÎÍLŽÂŒ‹MMÍÍMŽMMËŽLMMLÎNMÍKŒÎÌÌŒÌÂŒËÍ‹ÍÌÍŒÍÌŒËMŒKŽŒMLNMÍKŒÎÌMŽMBNÍŽLŽMŒŒŒMÎNL‹MÍKŒÎÌÍÂK‹ŒLLMÎNKLMMŽNMÍMNMÍKŒÎÌ‚‹LNÍŽLŽMŒŒŒMÎNL‹MÍKŒÎÌÍÂËLÍ‹ÍÌÍŒÍÌŒËMŒKŽŒMLNMÍKŒÎÌMŽMBŽMMMÍÍMŽMMËŽLMMLÎNMÍKŒÎÌÌŒÌÂŽKMÌKŽMNLÌ‹ML‹ÍŒŽÍMÍKŒÎÍLŽÂÌNŒŒŽNLNNNMKLLŽLNLÍLËMÍKŒÎÍÍÍ‚ÌKLLÌÎŒŒKLÍËŒNMMMŒKMÍKŒÎŽMŒBÌ‹LLNKŒMÍMNËLËMŒŒÌËMÍKŒÎŽÍMLBÌËLLÌ‹ŽLÍMLLKLM‹ÎNËMÍKŒÎŽŒMBÍLMKŒÌÌKLÌŽLMÍKŒÎŽMŒÂÍKLMM‹ŒÌMÍNËLKŒŽMMŒÌËMÍKŒÎŽLÂÍ‹LMKÎNMMLËÍËÍÍŒÍŽMÌËMÍKŒÎŽMLÂÍËLMÌËŽŒŒLŽKŒËŒLÎLMÍÌËMÍKŒÎŽMÌÌÎLMÎKŽLÎLËËŽMŽŒKMÍKŒÎŽNLLMÎKLNŒÎÌŒNKÌ‹ŒNÎMÍMÍKŒÎÌBLNËŒNNMLÌKM‹ŒMÌMÎMÎKMÍKŒÎÌLNBKLNËŽNMLMLŽMËËÎMLMNMÎLYKLMMÍKŒÎÌMLÌÂ‹LNËŒNNMLÌKLM‹ŒMÌMÎMÎKMÍKŒÎÌLNBËLNŒÎÌŒNKLÌ‹ŒNÎMÍMÍKŒÎÌBLMÎKŽLÎLËMËŽMŽŒKMÍKŒÎŽNLLMKLMÌËŽŒŒLŽKMŒËŒLÎLMÍÌËMÍKŒÎŽMÌÌ‹LMKÎNMMLËMÍËÍÍŒÍŽMÌËMÍKŒÎŽMLÂËLMM‹ŒÌMÍNËNLKŒŽMMŒÌËMÍKŒÎŽLÂLMKŒÌÌKLLÌŽLMÍKŒÎŽMŒÂKLLÌ‹ŽLÍMLLKLLM‹ÎNËMÍKŒÎŽŒMBLLLNKŒMÍMNËLLËMŒŒÌËMÍKŒÎŽÍMLBLKLLÌÎŒŒKLLÍËŒNMMMŒKMÍKŒÎŽMŒBL‹NŒŒŽNLNNNLMKLLŽLNLÍLËMÍKŒÎÍÍÍ‚LËMÌKŽMNLÌ‹LML‹ÍŒŽÍMÍKŒÎÍLŽÂMMMMÍÍMŽLMMËŽLMMLÎNMÍKŒÎÌÌŒÌÂMKLÍ‹ÍÌÍŒÍÌŒËLMŒKŽŒMLNMÍKŒÎÌMŽMBM‹LNÍŽLŽLMŒŒŒMÎNL‹MÍKŒÎÌÍÂMËMŒÍMÎŒKLMLMŽNMÍMNMÍKŒÎÌ‚NNÍŽLŽLMŒŒŒMÎNL‹MÍKŒÎÌÍÂNKÍ‹ÍÌÍŒÍÌŒËLMŒKŽŒMLNMÍKŒÎÌMŽMBLMMÍÍMŽLMMËŽLMMLÎNMÍKŒÎÌÌŒÌÂLKÌKŽMNLÌ‹LML‹ÍŒŽÍMÍKŒÎÍLŽÂL‹ŒŒŽNLNNNLMKLLŽLNLÍLËMÍKŒÎÍÍÍ‚LËLÌÎŒŒKLLÍËŒNMMMŒKMÍKŒÎŽMŒBLLNKŒMÍMNËLLËMŒŒÌËMÍKŒÎŽÍMLBLKLÌ‹ŽLÍMLLKLLM‹ÎNËMÍKŒÎŽŒMBL‹MKŒÌÌKLLÌŽLMÍKŒÎŽMŒÂLËMM‹ŒÌMÍNËNLKŒŽMMŒÌËMÍKŒÎŽLÂLMKÎNMMLËMÍËÍÍŒÍŽMÌËMÍKŒÎŽMLÂLKMÌËŽŒŒLŽKMŒËŒLÎLMÍÌËMÍKŒÎŽMÌÌLLMÎKŽLÎLËMËŽMŽŒKMÍKŒÎŽNLLMLLKNŒÎÌŒNKLÌ‹ŒNÎMÍMÍKŒÎÌBLL‹NËŒNNMLÌKLM‹ŒMÌMÎMÎKMÍKŒÎÌLNBLLËNËŽNMLMLÌL‹LKLLMÎŒYKLMŒŒÍMÎŒMÂLMNËŒNNMM‹M‹ŒMÌMÎŒÍŒŒÍMÍÎNNLMKNŒÎÌŒNÌKÌ‹ŒNÎMLL‹ŒŒÍMÍÌÍLM‹MÎKŽLÎËŽMŒÌÌMŒŒÍMÍŒÍBLMËMÌËŽŒŒLMŒËŒLÎLMÌÎËŒŒÍMÍNBLNMKÎNMMLÌŒËÍËÍÍŒÍÌKŒŒÍMÌÌNBLNKMM‹ŒÌMÍLMÍKLKŒŽLÍL‹ŒŒÍMÌLÂLŒMKŒÌÌLÌŽÎLËŒŒÍMŽŒŒ‚LŒKLÌ‹ŽLÍMMMÍ‹LM‹ÎNÎËŒŒÍMŒMÍÂLŒ‹LNKŒMÍMMKLËMŒNNNLÌËŒŒÍMŒÍŽÂLŒËLÌÎÌ‹LÍËŒNMMLÌLKŒŒÍMŒLLBLŒŒŽNLKMKLLŽLNLLŽKŒŒÍMNMŽBLKÌKŽMNMÌLMML‹ÍŒŽNM‹ŒŒÍMMŽMBL‹MMÍÎLÍMMËŽLMMLÌŒŒÍMMLMÂLËÍ‹ÍÌÍŒNNKMŒKŽŒMLM‹ŒŒÍMLÎNMLŽNÍŽLMNLKMŒŒŒMÎNŒŒÍMLÌŒL‚LŽKKŽNMŽÍLKLMMŽNMÍMM‹ŒŒÍMLŽMÂLÌLNÍŽLMNLKMŒŒŒMÎNŒŒÍMLÌŒL‚LÌKLÍ‹ÍÌÍŒNNKMŒKŽŒMLM‹ŒŒÍMLÎNMLÌ‹MMMÍÎLÍMMËŽLMMLÌŒŒÍMMLMÂLÌËMÌKŽMNMÌLMML‹ÍŒŽNM‹ŒŒÍMMŽMBLÍNŒŒŽNLKMKLLŽLNLLŽKŒŒÍMNMŽBLÍKLLÌÎÌ‹LÍËŒNMMLÌLKŒŒÍMŒLLBLÍ‹LLNKŒMÍMMKLËMŒNNNLÌËŒŒÍMŒÍŽÂLÍËLLÌ‹ŽLÍMMMÍ‹LM‹ÎNÎËŒŒÍMŒMÍÂLÎLMKŒÌÌLÌŽÎLËŒŒÍMŽŒŒ‚LÎKLMM‹ŒÌMÍLMÍKLKŒŽLÍL‹ŒŒÍMÌLÂMLMKÎNMMLÌŒËÍËÍÍŒÍÌKŒŒÍMÌÌNBMKLMÌËŽŒŒLMŒËŒLÎLMÌÎËŒŒÍMÍNBM‹LMÎKŽLÎËŽMŒÌÌMŒŒÍMÍŒÍBMËLNŒÎÌŒNÌKÌ‹ŒNÎMLL‹ŒŒÍMÍÌÍMLNËŒNNMM‹M‹ŒMÌMÎŒÍŒŒÍMÍÎNNMKLNËŽNMLMLÌL‹ËŒÎLÌÎLÌM™KLMŒŒÍMÎŒMÂM‹LNËŒNNMM‹LM‹ŒMÌMÎŒÍŒŒÍMÍÎNNMËLNŒÎÌŒNÌKLÌ‹ŒNÎMLL‹ŒŒÍMÍÌÍMLMÎKŽLÎMËŽMŒÌÌMŒŒÍMÍŒÍBMKLMÌËŽŒŒLMMŒËŒLÎLMÌÎËŒŒÍMÍNBMLLMKÎNMMLÌŒËMÍËÍÍŒÍÌKŒŒÍMÌÌNBMLKLMM‹ŒÌMÍLMÍKNLKŒŽLÍL‹ŒŒÍMÌLÂML‹LMKŒÌÌLLÌŽÎLËŒŒÍMŽŒŒ‚MLËLLÌ‹ŽLÍMMMÍ‹LLM‹ÎNÎËŒŒÍMŒMÍÂMMLLNKŒMÍMMKLLËMŒNNNLÌËŒŒÍMŒÍŽÂMMKLLÌÎÌ‹LLÍËŒNMMLÌLKŒŒÍMŒLLBMM‹NŒŒŽNLKLMKLLŽLNLLŽKŒŒÍMNMŽBMMËMÌKŽMNMÌLMLML‹ÍŒŽNM‹ŒŒÍMMŽMBMNMMMÍÎLÍLMMËŽLMMLÌŒŒÍMMLMÂMNKLÍ‹ÍÌÍŒNNKLMŒKŽŒMLM‹ŒŒÍMLÎNMMŒLNÍŽLMNLKLMŒŒŒMÎNŒŒÍMLÌŒL‚MŒKMMMNLÌYKLMLMŽNMÍMM‹ŒŒÍMLŽMÂMŒ‹NÍŽLMNLKLMŒŒŒMÎNŒŒÍMLÌŒL‚MŒËÍ‹ÍÌÍŒNNKLMŒKŽŒMLM‹ŒŒÍMLÎNMMMMÍÎLÍLMMËŽLMMLÌŒŒÍMMLMÂMKÌKŽMNMÌLMLML‹ÍŒŽNM‹ŒŒÍMMŽMBM‹ŒŒŽNLKLMKLLŽLNLLŽKŒŒÍMNMŽBMËLÌÎÌ‹LLÍËŒNMMLÌLKŒŒÍMŒLLBMŽLNKŒMÍMMKLLËMŒNNNLÌËŒŒÍMŒÍŽÂMŽKLÌ‹ŽLÍMMMÍ‹LLM‹ÎNÎËŒŒÍMŒMÍÂMÌMKŒÌÌLLÌŽÎLËŒŒÍMŽŒŒ‚MÌKMM‹ŒÌMÍLMÍKNLKŒŽLÍL‹ŒŒÍMÌLÂMÌ‹MKÎNMMLÌŒËMÍËÍÍŒÍÌKŒŒÍMÌÌNBMÌËMÌËŽŒŒLMMŒËŒLÎLMÌÎËŒŒÍMÍNBMÍMÎKŽLÎMËŽMŒÌÌMŒŒÍMÍŒÍBMÍKNŒÎÌŒNÌKLÌ‹ŒNÎMLL‹ŒŒÍMÍÌÍMÍ‹NËŒNNMM‹LM‹ŒMÌMÎŒÍŒŒÍMÍÎNNMÍËNËŽNMLMLÍLKÍŒÍM™KLMŒKŒÌMMNMÎNËŒNNMŒËM‹ŒMÌMÎŒŒËŒKŒÌML‚MÎKNŒÎÌŒNMNÌ‹ŒNÎLËŒKŒÌMÌNBNMÎKŽLÎÎMËŽMNMLKŒKŒÌLÎŒÂNKMÌËŽŒŒLÍÍËŒËŒLÎLMÌÌÍÎ‹ŒKŒÌLŽM‚N‹MKÎNMMMLKÍËÍÍŒÍNMNKŒKŒÌLLL‚NËMM‹ŒÌMÍLNKLKŒŽMŒËŒKŒÌMMÌÂNMKŒÌÌMÎLÌŽÌ‹ŒKŒÌÍÌM‚NKLÌ‹ŽLÍMŒLŒKLM‹ÎNÌÎKŒKŒÌMÍBN‹LNKŒMÍMŒŒ‹LËMŒNNMLMŒKŒÌÍÌÌÂNËLÌÎÌŽM‹LÍËŒNMMMŽŒKŒÌMÍŒBNŒŒŽNLŽNMKLLŽLNËŒKŒÌÎNLLBNKÌKŽMNLNŽKML‹ÍŒŽLËŒKŒÌÎNLMMÍÌŽKMMËŽLMMLNMKŒKŒÌÍŽMBNLKÍ‹ÍÌÍŒMŒKŽŒMLËŒKŒÌÍNÂNL‹NÍŽLŽMNKMŒŒŒMÎNM‹ŒKŒÌÍLŒÂNLË‹ŒŒÌMÌŽMŒÌÙKLMMŽNMÍMŒKŒÌÍLMNMLNÍŽLŽMNKMŒŒŒMÎNM‹ŒKŒÌÍLŒÂNMKLÍ‹ÍÌÍŒMŒKŽŒMLËŒKŒÌÍNÂNM‹MMMÍÌŽKMMËŽLMMLNMKŒKŒÌÍŽMBNMËMÌKŽMNLNŽKML‹ÍŒŽLËŒKŒÌÎNNNŒŒŽNLŽNMKLLŽLNËŒKŒÌÎNLLBNNKLLÌÎÌŽM‹LÍËŒNMMMŽŒKŒÌMÍŒBŒLLNKŒMÍMŒŒ‹LËMŒNNMLMŒKŒÌÍÌÌÂŒKLLÌ‹ŽLÍMŒLŒKLM‹ÎNÌÎKŒKŒÌMÍBŒ‹LMKŒÌÌMÎLÌŽÌ‹ŒKŒÌÍÌM‚ŒËLMM‹ŒÌMÍLNKLKŒŽMŒËŒKŒÌMMÌÂŒLMKÎNMMMLKÍËÍÍŒÍNMNKŒKŒÌLLL‚ŒKLMÌËŽŒŒLÍÍËŒËŒLÎLMÌÌÍÎ‹ŒKŒÌLŽM‚Œ‹LMÎKŽLÎÎMËŽMNMLKŒKŒÌLÎŒÂŒËLNŒÎÌŒNMNÌ‹ŒNÎLËŒKŒÌMÌNBŒLNËŒNNMŒËM‹ŒMÌMÎŒŒËŒKŒÌML‚ŒKLNËŽNMLMLÍËLLÌÌŽLNLMÙKLMŒKŒÌMMNŒLLNËŒNNMŒËLM‹ŒMÌMÎŒŒËŒKŒÌML‚ŒLKLNŒÎÌŒNMNLÌ‹ŒNÎLËŒKŒÌMÌNBŒL‹LMÎKŽLÎÎMMËŽMNMLKŒKŒÌLÎŒÂŒLËLMÌËŽŒŒLÍÍËMŒËŒLÎLMÌÌÍÎ‹ŒKŒÌLŽM‚ŒMLMKÎNMMMLKMÍËÍÍŒÍNMNKŒKŒÌLLL‚ŒMKLMM‹ŒÌMÍLNKNLKŒŽMŒËŒKŒÌMMÌÂŒM‹LMKŒÌÌMÎLLÌŽÌ‹ŒKŒÌÍÌM‚ŒMËLLÌ‹ŽLÍMŒLŒKLLM‹ÎNÌÎKŒKŒÌMÍBŒNLLNKŒMÍMŒŒ‹LLËMŒNNMLMŒKŒÌÍÌÌÂŒNKLLÌÎÌŽM‹LLÍËŒNMMMŽŒKŒÌMÍŒBŒŒNŒŒŽNLŽNLMKLLŽLNËŒKŒÌÎNLLBŒŒKMÌKŽMNLNŽKLML‹ÍŒŽLËŒKŒÌÎŒŒ‹MMMÍÌŽKLMMËŽLMMLNMKŒKŒÌÍŽMBŒŒËLÍ‹ÍÌÍŒLMŒKŽŒMLËŒKŒÌÍNÂŒLNÍŽLŽMNKLMŒŒŒMÎNM‹ŒKŒÌÍLŒÂŒKMMÌNL™KLMLMŽNMÍMŒKŒÌÍLMŒ‹NÍŽLŽMNKLMŒŒŒMÎNM‹ŒKŒÌÍLŒÂŒËÍ‹ÍÌÍŒLMŒKŽŒMLËŒKŒÌÍNÂŒŽMMÍÌŽKLMMËŽLMMLNMKŒKŒÌÍŽMBŒŽKÌKŽMNLNŽKLML‹ÍŒŽLËŒKŒÌÎŒÌŒŒŽNLŽNLMKLLŽLNËŒKŒÌÎNLLBŒÌKLÌÎÌŽM‹LLÍËŒNMMMŽŒKŒÌMÍŒBŒÌ‹LNKŒMÍMŒŒ‹LLËMŒNNMLMŒKŒÌÍÌÌÂŒÌËLÌ‹ŽLÍMŒLŒKLLM‹ÎNÌÎKŒKŒÌMÍBŒÍMKŒÌÌMÎLLÌŽÌ‹ŒKŒÌÍÌM‚ŒÍKMM‹ŒÌMÍLNKNLKŒŽMŒËŒKŒÌMMÌÂŒÍ‹MKÎNMMMLKMÍËÍÍŒÍNMNKŒKŒÌLLL‚ŒÍËMÌËŽŒŒLÍÍËMŒËŒLÎLMÌÌÍÎ‹ŒKŒÌLŽM‚ŒÎMÎKŽLÎÎMMËŽMNMLKŒKŒÌLÎŒÂŒÎKNŒÎÌŒNMNLÌ‹ŒNÎLËŒKŒÌMÌNBNËŒNNMŒËLM‹ŒMÌMÎŒŒËŒKŒÌML‚KNËŽNMLMLÍÌËLKMŒMÌÌLÍYKLMLŒNLÌÌŒB‹NËŒNNMKM‹ŒMÌMÎŒLKLŒNLÌŽLŒBËNŒÎÌŒŒËÌ‹ŒNÎNL‹LŒNLÌLMÎKŽLÎMKËŽMMNËLŒNLÌNŒBKMÌËŽŒŒMŒLËŒËŒLÎLMÌŽLKLŒNLÌB‹MKÎNMMNMÍËÍËÍÍŒÍMLÍËLŒNLŽMÌÍBËMM‹ŒÌMÍLLËLKŒŽMŒËLŒNLŽÎL‚MKŒÌÌMËLÌÍÍM‹LŒNLŽLÂKLÌ‹ŽLÍMËLM‹ÎNŽLKLŒNLLÌŒ‚LLNKŒMÍMŒÎLËMŒNNLLËLŒNLŒÍÌBLKLÌÎÎÌ‹LÍËŒNMMŒ‹LŒNLŒŒLNL‹ŒŒŽNLÍLÎKMKLLŽLNNNKLŒNLŒŒŽLËÌKŽMNLŒKML‹ÍŒŽŒŒŒËLŒNLNLŽNBMMMÍŒ‹MMËŽLMMLÍKLŒNLNNLÂMKÍ‹ÍÌÍŒLLÍËMŒKŽŒMLŒ‹LŒNLMÌÍŒÂM‹NÍŽMÍŒKMŒŒŒMÎMÎKLŒNLMŽÂMË‹ŒLŒÌÌŽÎMÙKLMMŽNMÍMKLŒNLMÌÂNLNÍŽMÍŒKMŒŒŒMÎMÎKLŒNLMŽÂNKLÍ‹ÍÌÍŒLLÍËMŒKŽŒMLŒ‹LŒNLMÌÍŒÂŒMMMÍŒ‹MMËŽLMMLÍKLŒNLNNLÂŒKMÌKŽMNLŒKML‹ÍŒŽŒŒŒËLŒNLNLŽNBŒ‹NŒŒŽNLÍLÎKMKLLŽLNNNKLŒNLŒŒŽŒËLLÌÎÎÌ‹LÍËŒNMMŒ‹LŒNLŒŒLNLLNKŒMÍMŒÎLËMŒNNLLËLŒNLŒÍÌBKLLÌ‹ŽLÍMËLM‹ÎNŽLKLŒNLLÌŒ‚‹LMKŒÌÌMËLÌÍÍM‹LŒNLŽLÂËLMM‹ŒÌMÍLLËLKŒŽMŒËLŒNLŽÎL‚ŽLMKÎNMMNMÍËÍËÍÍŒÍMLÍËLŒNLŽMÌÍBŽKLMÌËŽŒŒMŒLËŒËŒLÎLMÌŽLKLŒNLÌBÌLMÎKŽLÎMKËŽMMNËLŒNLÌNŒBÌKLNŒÎÌŒŒËÌ‹ŒNÎNL‹LŒNLÌLÌ‹LNËŒNNMKM‹ŒMÌMÎŒLKLŒNLÌŽLŒBÌËLNËŽNMLMLÍÌËËLLÌLYKLMLŒNLÌÌŒBÍLNËŒNNMKLM‹ŒMÌMÎŒLKLŒNLÌŽLŒBÍKLNŒÎÌŒŒËLÌ‹ŒNÎNL‹LŒNLÌLÍ‹LMÎKŽLÎMKMËŽMMNËLŒNLÌNŒBÍËLMÌËŽŒŒMŒLËMŒËŒLÎLMÌŽLKLŒNLÌBÎLMKÎNMMNMÍËMÍËÍÍŒÍMLÍËLŒNLŽMÌÍBÎKLMM‹ŒÌMÍLLËNLKŒŽMŒËLŒNLŽÎL‚ŽLMKŒÌÌMËLLÌÍÍM‹LŒNLŽLÂŽKLLÌ‹ŽLÍMËLLM‹ÎNŽLKLŒNLLÌŒ‚Ž‹LLNKŒMÍMŒÎLLËMŒNNLLËLŒNLŒÍÌBŽËLLÌÎÎÌ‹LLÍËŒNMMŒ‹LŒNLŒŒLNŽNŒŒŽNLÍLÎKLMKLLŽLNNNKLŒNLŒŒŽŽKMÌKŽMNLŒKLML‹ÍŒŽŒŒŒËLŒNLNLŽNBŽ‹MMMÍŒ‹LMMËŽLMMLÍKLŒNLNNLÂŽËLÍ‹ÍÌÍŒLLÍËLMŒKŽŒMLŒ‹LŒNLMÌÍŒÂŽLNÍŽMÍŒKLMŒŒŒMÎMÎKLŒNLMŽÂŽKMŒŒÍLŒNM™KLMLMŽNMÍMKLŒNLMÌÂŽLNÍŽMÍŒKLMŒŒŒMÎMÎKLŒNLMŽÂŽLKÍ‹ÍÌÍŒLLÍËLMŒKŽŒMLŒ‹LŒNLMÌÍŒÂŽL‹MMÍŒ‹LMMËŽLMMLÍKLŒNLNNLÂŽLËÌKŽMNLŒKLML‹ÍŒŽŒŒŒËLŒNLNLŽNBŽMŒŒŽNLÍLÎKLMKLLŽLNNNKLŒNLŒŒŽŽMKLÌÎÎÌ‹LLÍËŒNMMŒ‹LŒNLŒŒLNŽM‹LNKŒMÍMŒÎLLËMŒNNLLËLŒNLŒÍÌBŽMËLÌ‹ŽLÍMËLLM‹ÎNŽLKLŒNLLÌŒ‚ŽNMKŒÌÌMËLLÌÍÍM‹LŒNLŽLÂŽNKMM‹ŒÌMÍLLËNLKŒŽMŒËLŒNLŽÎL‚ÌMKÎNMMNMÍËMÍËÍÍŒÍMLÍËLŒNLŽMÌÍBÌKMÌËŽŒŒMŒLËMŒËŒLÎLMÌŽLKLŒNLÌBÌ‹MÎKŽLÎMKMËŽMMNËLŒNLÌNŒBÌËNŒÎÌŒŒËLÌ‹ŒNÎNL‹LŒNLÌLÌNËŒNNMKLM‹ŒMÌMÎŒLKLŒNLÌŽLŒBÌKNËŽNMLMMËLKÌNLŒŒMŒÙKLMÍKŒŒNLLÎBÌ‹NËŒNNMŽNM‹ŒMÌMÎNM‹ÍKŒŒNLMŽÌËNŒÎÌŒŒLÍÌ‹ŒNÎÌÎMËÍKŒŒNLŒÍ‚ÌMÎKŽLÎŽM‹ËŽMLM‹ÍKŒŒNLLÂÌKMÌËŽŒŒNÍ‹ŒËŒLÎLMÌLÍKŒŒNLÍL‚ÌLMKÎNMMŒŽ‹ÍËÍÍŒÍNL‹ÍKŒŒNÌ‚ÌLKMM‹ŒÌMÍLLÎKLKŒÍLŽÍKŒŒNÌÍŒ‚ÌL‹MKŒÌÌNL‹LÌÌÍÍKŒŒNŒMÍBÌLËLÌ‹ŽLÍMÌNLM‹ÎNŒKÍKŒŒNLLBÌMLNKŒMÍMÌNKLËMŒNNŽM‹ÍKŒŒNÍŒNBÌMKLÌÎM‹LÍËŒNMMŽLKÍKŒŒNŒÍBÌM‹ŒŒŽNMŒ‹MKLLŽLNÍÍKŒŒNLMMÌMËÌKŽMNLLLMÍML‹ÍŒŽŒKÍKŒŒNBÌNMMÍLŽMMËŽLMMLÍNÍKŒŒMÎNLŒBÌNKÍ‹ÍÌÍŒLÎMM‹MŒKŽŒMLŒÍMËÍKŒŒMÎNLÍÌŒNÍŽMMŽMËMŒŒŒMÎMÍLËÍKŒŒMÎNL‚ÌŒK‹ÎŽLÍLŽYKLMMŽNMÍMÍKŒŒMÎMÎMÎBÌŒ‹LNÍŽMMŽMËMŒŒŒMÎMÍLËÍKŒŒMÎNL‚ÌŒËLÍ‹ÍÌÍŒLÎMM‹MŒKŽŒMLŒÍMËÍKŒŒMÎNLÍÌMMMÍLŽMMËŽLMMLÍNÍKŒŒMÎNLŒBÌKMÌKŽMNLLLMÍML‹ÍŒŽŒKÍKŒŒNBÌ‹NŒŒŽNMŒ‹MKLLŽLNÍÍKŒŒNLMMÌËLLÌÎM‹LÍËŒNMMŽLKÍKŒŒNŒÍBÌŽLLNKŒMÍMÌNKLËMŒNNŽM‹ÍKŒŒNÍŒNBÌŽKLLÌ‹ŽLÍMÌNLM‹ÎNŒKÍKŒŒNLLBÌÌLMKŒÌÌNL‹LÌÌÍÍKŒŒNŒMÍBÌÌKLMM‹ŒÌMÍLLÎKLKŒÍLŽÍKŒŒNÌÍŒ‚ÌÌ‹LMKÎNMMŒŽ‹ÍËÍÍŒÍNL‹ÍKŒŒNÌ‚ÌÌËLMÌËŽŒŒNÍ‹ŒËŒLÎLMÌLÍKŒŒNLÍL‚ÌÍLMÎKŽLÎŽM‹ËŽMLM‹ÍKŒŒNLLÂÌÍKLNŒÎÌŒŒLÍÌ‹ŒNÎÌÎMËÍKŒŒNLŒÍ‚ÌÍ‹LNËŒNNMŽNM‹ŒMÌMÎNM‹ÍKŒŒNLMŽÌÍËLNËŽNMLMMËËŒÍMÎKLMÍKŒŒNLLÎBÌÎLNËŒNNMŽNLM‹ŒMÌMÎNM‹ÍKŒŒNLMŽÌÎKLNŒÎÌŒŒLÍLÌ‹ŒNÎÌÎMËÍKŒŒNLŒÍ‚ÍLMÎKŽLÎŽM‹MËŽMLM‹ÍKŒŒNLLÂÍKLMÌËŽŒŒNÍ‹MŒËŒLÎLMÌLÍKŒŒNLÍL‚Í‹LMKÎNMMŒŽ‹MÍËÍÍŒÍNL‹ÍKŒŒNÌ‚ÍËLMM‹ŒÌMÍLLÎKNLKŒÍLŽÍKŒŒNÌÍŒ‚ÍLMKŒÌÌNL‹LLÌÌÍÍKŒŒNŒMÍBÍKLLÌ‹ŽLÍMÌNLLM‹ÎNŒKÍKŒŒNLLBÍ‹LLNKŒMÍMÌNKLLËMŒNNŽM‹ÍKŒŒNÍŒNBÍËLLÌÎM‹LLÍËŒNMMŽLKÍKŒŒNŒÍBÍNŒŒŽNMŒ‹LMKLLŽLNÍÍKŒŒNLMMÍKMÌKŽMNLLLMÍLML‹ÍŒŽŒKÍKŒŒNBÍLMMMÍLŽLMMËŽLMMLÍNÍKŒŒMÎNLŒBÍLKLÍ‹ÍÌÍŒLÎMM‹LMŒKŽŒMLŒÍMËÍKŒŒMÎNLÍÍL‹LNÍŽMMŽMËLMŒŒŒMÎMÍLËÍKŒŒMÎNL‚ÍLËMŒŒÎÌŒÍÌMYKLMLMŽNMÍMÍKŒŒMÎMÎMÎBÍMNÍŽMMŽMËLMŒŒŒMÎMÍLËÍKŒŒMÎNL‚ÍMKÍ‹ÍÌÍŒLÎMM‹LMŒKŽŒMLŒÍMËÍKŒŒMÎNLÍÍM‹MMÍLŽLMMËŽLMMLÍNÍKŒŒMÎNLŒBÍMËÌKŽMNLLLMÍLML‹ÍŒŽŒKÍKŒŒNBÍNŒŒŽNMŒ‹LMKLLŽLNÍÍKŒŒNLMMÍNKLÌÎM‹LLÍËŒNMMŽLKÍKŒŒNŒÍBÍŒLNKŒMÍMÌNKLLËMŒNNŽM‹ÍKŒŒNÍŒNBÍŒKLÌ‹ŽLÍMÌNLLM‹ÎNŒKÍKŒŒNLLBÍŒ‹MKŒÌÌNL‹LLÌÌÍÍKŒŒNŒMÍBÍŒËMM‹ŒÌMÍLLÎKNLKŒÍLŽÍKŒŒNÌÍŒ‚ÍMKÎNMMŒŽ‹MÍËÍÍŒÍNL‹ÍKŒŒNÌ‚ÍKMÌËŽŒŒNÍ‹MŒËŒLÎLMÌLÍKŒŒNLÍL‚Í‹MÎKŽLÎŽM‹MËŽMLM‹ÍKŒŒNLLÂÍËNŒÎÌŒŒLÍLÌ‹ŒNÎÌÎMËÍKŒŒNLŒÍ‚ÍŽNËŒNNMŽNLM‹ŒMÌMÎNM‹ÍKŒŒNLMŽÍŽKNËŽNMLMMLKÍMLÍŒLNNKLMÌŒMÍŽMBÍÌNËŒNNMÍ‹M‹ŒMÌMÎNM‹ÌŒMÍŽLÌŒ‚ÍÌKNŒÎÌŒŒŒLËÌ‹ŒNÎL‹ÌŒMÍŽL‚ÍÌ‹MÎKŽLÎŽKËŽMLÍÌKÌŒMÍŽŒŽBÍÌËMÌËŽŒŒŒÍ‹ŒËŒLÎLMÌŒLÍËÌŒMÍŽBÍÍMKÎNMMMMËÍËÍÍŒÍMŒKÌŒMÍŽÌÌL‚ÍÍKMM‹ŒÌMÍLMÌÎLKŒÌKÌŒMÍŽŒ‚ÍÍ‹MKŒÌÌŒÌÎKLÌŽÌŒMÍŽMLNBÍÍËLÌ‹ŽLÍMÍ‹LM‹ÎNŒM‹ÌŒMÍŽLMÍÎLNKŒMÍMÍÌKLËMŒNNÌÎÌŒMÍŽÍBÍÎKLÌÎLLÍËŒNMLÎNL‹ÌŒMÍŽÍÎŒŒŽNMLMKLLŽLNLLKÌŒMÍŽMLŒBÎKÌKŽMNLMLÌËML‹ÍŒŽNÍKÌŒMÍŽÌBÎ‹MMÍLÍŒËMMËŽLMMLLKÌŒMÍÎNMŒ‚ÎËÍ‹ÍÌÍŒMŒÌLKMŒKŽŒMLŒŽM‹ÌŒMÍÎMŽBÎNÍŽMŽLLËMŒŒŒMÎMÌŒ‹ÌŒMÍÎLNÎK‹ŒÎMŒMÎ™KLMMŽNMÍMŒËÌŒMÍÎN‚Î‹LNÍŽMŽLLËMŒŒŒMÎMÌŒ‹ÌŒMÍÎLNÎËLÍ‹ÍÌÍŒMŒÌLKMŒKŽŒMLŒŽM‹ÌŒMÍÎMŽBÎMMMÍLÍŒËMMËŽLMMLLKÌŒMÍÎNMŒ‚ÎKMÌKŽMNLMLÌËML‹ÍŒŽNÍKÌŒMÍŽÌBÎLNŒŒŽNMLMKLLŽLNLLKÌŒMÍŽMLŒBÎLKLLÌÎLLÍËŒNMLÎNL‹ÌŒMÍŽÍÎL‹LLNKŒMÍMÍÌKLËMŒNNÌÎÌŒMÍŽÍBÎLËLLÌ‹ŽLÍMÍ‹LM‹ÎNŒM‹ÌŒMÍŽLMÎMLMKŒÌÌŒÌÎKLÌŽÌŒMÍŽMLNBÎMKLMM‹ŒÌMÍLMÌÎLKŒÌKÌŒMÍŽŒ‚ÎM‹LMKÎNMMMMËÍËÍÍŒÍMŒKÌŒMÍŽÌÌL‚ÎMËLMÌËŽŒŒŒÍ‹ŒËŒLÎLMÌŒLÍËÌŒMÍŽBÎNLMÎKŽLÎŽKËŽMLÍÌKÌŒMÍŽŒŽBÎNKLNŒÎÌŒŒŒLËÌ‹ŒNÎL‹ÌŒMÍŽL‚ŽLNËŒNNMÍ‹M‹ŒMÌMÎNM‹ÌŒMÍŽLÌŒ‚ŽKLNËŽNMLMMËŒÌÎLMŒŒYKLMÌŒMÍŽMBŽ‹LNËŒNNMÍ‹LM‹ŒMÌMÎNM‹ÌŒMÍŽLÌŒ‚ŽËLNŒÎÌŒŒŒLËLÌ‹ŒNÎL‹ÌŒMÍŽL‚ŽLMÎKŽLÎŽKMËŽMLÍÌKÌŒMÍŽŒŽBŽKLMÌËŽŒŒŒÍ‹MŒËŒLÎLMÌŒLÍËÌŒMÍŽBŽ‹LMKÎNMMMMËMÍËÍÍŒÍMŒKÌŒMÍŽÌÌL‚ŽËLMM‹ŒÌMÍLMÌÎNLKŒÌKÌŒMÍŽŒ‚ŽLMKŒÌÌŒÌÎKLLÌŽÌŒMÍŽMLNBŽKLLÌ‹ŽLÍMÍ‹LLM‹ÎNŒM‹ÌŒMÍŽLMŽLLLNKŒMÍMÍÌKLLËMŒNNÌÎÌŒMÍŽÍBŽLKLLÌÎLLLÍËŒNMLÎNL‹ÌŒMÍŽÍŽL‹NŒŒŽNMLLMKLLŽLNLLKÌŒMÍŽMLŒBŽLËMÌKŽMNLMLÌËLML‹ÍŒŽNÍKÌŒMÍŽÌBŽMMMMÍLÍŒËLMMËŽLMMLLKÌŒMÍÎNMŒ‚ŽMKLÍ‹ÍÌÍŒMŒÌLKLMŒKŽŒMLŒŽM‹ÌŒMÍÎMŽBŽM‹LNÍŽMŽLLËLMŒŒŒMÎMÌŒ‹ÌŒMÍÎLNŽMËMMŽLÌÍÍ™KLMLMŽNMÍMŒËÌŒMÍÎN‚ŽNNÍŽMŽLLËLMŒŒŒMÎMÌŒ‹ÌŒMÍÎLNŽNKÍ‹ÍÌÍŒMŒÌLKLMŒKŽŒMLŒŽM‹ÌŒMÍÎMŽBŽŒMMÍLÍŒËLMMËŽLMMLLKÌŒMÍÎNMŒ‚ŽŒKÌKŽMNLMLÌËLML‹ÍŒŽNÍKÌŒMÍŽÌBŽŒ‹ŒŒŽNMLLMKLLŽLNLLKÌŒMÍŽMLŒBŽŒËLÌÎLLLÍËŒNMLÎNL‹ÌŒMÍŽÍŽLNKŒMÍMÍÌKLLËMŒNNÌÎÌŒMÍŽÍBŽKLÌ‹ŽLÍMÍ‹LLM‹ÎNŒM‹ÌŒMÍŽLMŽ‹MKŒÌÌŒÌÎKLLÌŽÌŒMÍŽMLNBŽËMM‹ŒÌMÍLMÌÎNLKŒÌKÌŒMÍŽŒ‚ŽŽMKÎNMMMMËMÍËÍÍŒÍMŒKÌŒMÍŽÌÌL‚ŽŽKMÌËŽŒŒŒÍ‹MŒËŒLÎLMÌŒLÍËÌŒMÍŽBŽÌMÎKŽLÎŽKMËŽMLÍÌKÌŒMÍŽŒŽBŽÌKNŒÎÌŒŒŒLËLÌ‹ŒNÎL‹ÌŒMÍŽL‚ŽÌ‹NËŒNNMÍ‹LM‹ŒMÌMÎNM‹ÌŒMÍŽLÌŒ‚ŽÌËNËŽNMLMMŽKLKÌŽÍLÍMLNKLMÌKŒLÍMŽBŽÍNËŒNNMÎËM‹ŒMÌMÎMÍMÎÌKŒLÍMÎLÌBŽÍKNŒÎÌŒŒŽËÌ‹ŒNÎÌÍÍKÌKŒLÍMÍÌŽÍ‹MÎKŽLÎM‹ËŽMÌŒËÌKŒLÍMÌÎŽÍËMÌËŽŒŒŒŒL‹ŒËŒLÎLMÌNKÌKŒLÍMŽLNBŽÎMKÎNMMÎNÍËÍÍŒÍŒKÌKŒLÍMŒÍÂŽÎKMM‹ŒÌMÍLŒËLKŒÌL‹ÌKŒLÍMMÌBŽMKŒÌÌÌKLÌŒ‹ÌKŒLÍMLŽKLÌ‹ŽLÍMËLM‹ÎNMÌKÌKŒLÍMLŽBŽ‹LNKŒMÍNLKLËMŒNNÌKŒLÍMŒÌÌMŽËLÌÎLÍLÍËŒNMLÍÌËÌKŒLÍMŒLL‚ŽŒŒŽNMLN‹MKLLŽLMÎLËÌKŒLÍMŒMÍM‚ŽKÌKŽMNLNLÎML‹ÍŒŽMÌËÌKŒLÍMŒLBŽ‹MMÍMMÎMMËŽLMMLMMKÌKŒLÍMŒLNŽËÍ‹ÍÌÍŒNÎËMŒKŽŒMLŒKÌKŒLÍMŒMBŽNÍŽMÎNKMŒŒŒMÎMŽLËÌKŒLÍMNNÌ‚ŽK‹ŽLMMNNL™KLMMŽNMÍMÌKŒLÍMNMÍÂŽLLNÍŽMÎNKMŒŒŒMÎMŽLËÌKŒLÍMNNÌ‚ŽLKLÍ‹ÍÌÍŒNÎËMŒKŽŒMLŒKÌKŒLÍMŒMBŽL‹MMMÍMMÎMMËŽLMMLMMKÌKŒLÍMŒLNŽLËMÌKŽMNLNLÎML‹ÍŒŽMÌËÌKŒLÍMŒLBŽMNŒŒŽNMLN‹MKLLŽLMÎLËÌKŒLÍMŒMÍM‚ŽMKLLÌÎLÍLÍËŒNMLÍÌËÌKŒLÍMŒLL‚ŽM‹LLNKŒMÍNLKLËMŒNNÌKŒLÍMŒÌÌMŽMËLLÌ‹ŽLÍMËLM‹ÎNMÌKÌKŒLÍMLŽBŽNLMKŒÌÌÌKLÌŒ‹ÌKŒLÍMLŽNKLMM‹ŒÌMÍLŒËLKŒÌL‹ÌKŒLÍMMÌBŽŒLMKÎNMMÎNÍËÍÍŒÍŒKÌKŒLÍMŒÍÂŽŒKLMÌËŽŒŒŒŒL‹ŒËŒLÎLMÌNKÌKŒLÍMŽLNBŽŒ‹LMÎKŽLÎM‹ËŽMÌŒËÌKŒLÍMÌÎŽŒËLNŒÎÌŒŒŽËÌ‹ŒNÎÌÍÍKÌKŒLÍMÍÌŽLNËŒNNMÎËM‹ŒMÌMÎMÍMÎÌKŒLÍMÎLÌBŽKLNËŽNMLMMŽKËLLŒMMÌÌYKLMÌKŒLÍMŽBŽ‹LNËŒNNMÎËLM‹ŒMÌMÎMÍMÎÌKŒLÍMÎLÌBŽËLNŒÎÌŒŒŽËLÌ‹ŒNÎÌÍÍKÌKŒLÍMÍÌŽŽLMÎKŽLÎM‹MËŽMÌŒËÌKŒLÍMÌÎŽŽKLMÌËŽŒŒŒŒL‹MŒËŒLÎLMÌNKÌKŒLÍMŽLNBŽÌLMKÎNMMÎNMÍËÍÍŒÍŒKÌKŒLÍMŒÍÂŽÌKLMM‹ŒÌMÍLŒËNLKŒÌL‹ÌKŒLÍMMÌBŽÌ‹LMKŒÌÌÌKLLÌŒ‹ÌKŒLÍMLŽÌËLLÌ‹ŽLÍMËLLM‹ÎNMÌKÌKŒLÍMLŽBŽÍLLNKŒMÍNLKLLËMŒNNÌKŒLÍMŒÌÌMŽÍKLLÌÎLÍLLÍËŒNMLÍÌËÌKŒLÍMŒLL‚ŽÍ‹NŒŒŽNMLN‹LMKLLŽLMÎLËÌKŒLÍMŒMÍM‚ŽÍËMÌKŽMNLNLÎLML‹ÍŒŽMÌËÌKŒLÍMŒLBŽÎMMMÍMMÎLMMËŽLMMLMMKÌKŒLÍMŒLNŽÎKLÍ‹ÍÌÍŒNÎËLMŒKŽŒMLŒKÌKŒLÍMŒMBŽLNÍŽMÎNKLMŒŒŒMÎMŽLËÌKŒLÍMNNÌ‚ŽKMŒMÌLMNÍŽLYKLMLMŽNMÍMÌKŒLÍMNMÍÂŽ‹NÍŽMÎNKLMŒŒŒMÎMŽLËÌKŒLÍMNNÌ‚ŽËÍ‹ÍÌÍŒNÎËLMŒKŽŒMLŒKÌKŒLÍMŒMBŽMMÍMMÎLMMËŽLMMLMMKÌKŒLÍMŒLNŽKÌKŽMNLNLÎLML‹ÍŒŽMÌËÌKŒLÍMŒLBŽ‹ŒŒŽNMLN‹LMKLLŽLMÎLËÌKŒLÍMŒMÍM‚ŽËLÌÎLÍLLÍËŒNMLÍÌËÌKŒLÍMŒLL‚ŽLNKŒMÍNLKLLËMŒNNÌKŒLÍMŒÌÌMŽKLÌ‹ŽLÍMËLLM‹ÎNMÌKÌKŒLÍMLŽBŽLMKŒÌÌÌKLLÌŒ‹ÌKŒLÍMLŽLKMM‹ŒÌMÍLŒËNLKŒÌL‹ÌKŒLÍMMÌBŽL‹MKÎNMMÎNMÍËÍÍŒÍŒKÌKŒLÍMŒÍÂŽLËMÌËŽŒŒŒŒL‹MŒËŒLÎLMÌNKÌKŒLÍMŽLNBŽMMÎKŽLÎM‹MËŽMÌŒËÌKŒLÍMÌÎŽMKNŒÎÌŒŒŽËLÌ‹ŒNÎÌÍÍKÌKŒLÍMÍÌŽM‹NËŒNNMÎËLM‹ŒMÌMÎMÍMÎÌKŒLÍMÎLÌBŽMËNËŽNMLMMM‹LKÎMŽLLÍLYKLMÍLŒMŽÂŽNNËŒNNNNM‹ŒMÌMÎMÍLËÍLŒMÍBŽNKNŒÎÌŒŒÍÌ‹ŒNÎMÎKÍLŒMN‚ŽLMÎKŽLÎLËËŽMÍLŒMŒÌNŽLKMÌËŽŒŒŒÍŒËŒËŒLÎLMÌMLÌLËÍLŒMNMLÂŽL‹MKÎNMMÌÍËÍÍŒÌÎNKÍLŒMMNBŽLËMM‹ŒÌMÍLŒÌKLKŒŒÍÍÎÍLŒMMÂŽLMKŒÌÌÌLKLÌŒLÎÍLŒMÎ‚ŽLKLÌ‹ŽLÍMÎMKLM‹ÎNLÎNÍLŒMÍÍMBŽL‹LNKŒMÍNËLËMŒNMÍÍMKÍLŒMÌLL‚ŽLËLÌÎMÌLKLÍËŒNMLÍLÍLŒMÎBŽLŒŒŽNMLÌËMKLLŽLMÍÌËÍLŒMNÂŽLKÌKŽMNLŒŒKML‹ÍŒŽM‹ÍLŒMLÍBŽLLMMÍNLLM‹MMËŽLMMLÌ‹ÍLŒMLBŽLLKÍ‹ÍÌÍŒŒMÍKMŒKŽŒMLŒNMÍLŒMMÂŽLL‹NÍŽNLKMŒŒŒMÎMŽÍLŒMÍŒ‚ŽLLË‹ÌLLŒÍYKLMMŽNMÍLÎËÍLŒMŽL‚ŽLMLNÍŽNLKMŒŒŒMÎMŽÍLŒMÍŒ‚ŽLMKLÍ‹ÍÌÍŒŒMÍKMŒKŽŒMLŒNMÍLŒMMÂŽLM‹MMMÍNLLM‹MMËŽLMMLÌ‹ÍLŒMLBŽLMËMÌKŽMNLŒŒKML‹ÍŒŽM‹ÍLŒMLÍBŽLNNŒŒŽNMLÌËMKLLŽLMÍÌËÍLŒMNÂŽLNKLLÌÎMÌLKLÍËŒNMLÍLÍLŒMÎBŽLŒLLNKŒMÍNËLËMŒNMÍÍMKÍLŒMÌLL‚ŽLŒKLLÌ‹ŽLÍMÎMKLM‹ÎNLÎNÍLŒMÍÍMBŽLŒ‹LMKŒÌÌÌLKLÌŒLÎÍLŒMÎ‚ŽLŒËLMM‹ŒÌMÍLŒÌKLKŒŒÍÍÎÍLŒMMÂŽLLMKÎNMMÌÍËÍÍŒÌÎNKÍLŒMMNBŽLKLMÌËŽŒŒŒÍŒËŒËŒLÎLMÌMLÌLËÍLŒMNMLÂŽL‹LMÎKŽLÎLËËŽMÍLŒMŒÌNŽLËLNŒÎÌŒŒÍÌ‹ŒNÎMÎKÍLŒMN‚ŽLŽLNËŒNNNNM‹ŒMÌMÎMÍLËÍLŒMÍBŽLŽKLNËŽNMLMMM‹ËŽNNLNN™KLMÍLŒMŽÂŽLÌLNËŒNNNNLM‹ŒMÌMÎMÍLËÍLŒMÍBŽLÌKLNŒÎÌŒŒÍLÌ‹ŒNÎMÎKÍLŒMN‚ŽLÌ‹LMÎKŽLÎLËMËŽMÍLŒMŒÌNŽLÌËLMÌËŽŒŒŒÍŒËMŒËŒLÎLMÌMLÌLËÍLŒMNMLÂŽLÍLMKÎNMMÌMÍËÍÍŒÌÎNKÍLŒMMNBŽLÍKLMM‹ŒÌMÍLŒÌKNLKŒŒÍÍÎÍLŒMMÂŽLÍ‹LMKŒÌÌÌLKLLÌŒLÎÍLŒMÎ‚ŽLÍËLLÌ‹ŽLÍMÎMKLLM‹ÎNLÎNÍLŒMÍÍMBŽLÎLLNKŒMÍNËLLËMŒNMÍÍMKÍLŒMÌLL‚ŽLÎKLLÌÎMÌLKLLÍËŒNMLÍLÍLŒMÎBŽMNŒŒŽNMLÌËLMKLLŽLMÍÌËÍLŒMNÂŽMKMÌKŽMNLŒŒKLML‹ÍŒŽM‹ÍLŒMLÍBŽM‹MMMÍNLLM‹LMMËŽLMMLÌ‹ÍLŒMLBŽMËLÍ‹ÍÌÍŒŒMÍKLMŒKŽŒMLŒNMÍLŒMMÂŽMLNÍŽNLKLMŒŒŒMÎMŽÍLŒMÍŒ‚ŽMKMŒÍÎMLLŽŒÌYKLMLMŽNMÍLÎËÍLŒMŽL‚ŽM‹NÍŽNLKLMŒŒŒMÎMŽÍLŒMÍŒ‚ŽMËÍ‹ÍÌÍŒŒMÍKLMŒKŽŒMLŒNMÍLŒMMÂŽMMMÍNLLM‹LMMËŽLMMLÌ‹ÍLŒMLBŽMKÌKŽMNLŒŒKLML‹ÍŒŽM‹ÍLŒMLÍBŽMLŒŒŽNMLÌËLMKLLŽLMÍÌËÍLŒMNÂŽMLKLÌÎMÌLKLLÍËŒNMLÍLÍLŒMÎBŽML‹LNKŒMÍNËLLËMŒNMÍÍMKÍLŒMÌLL‚ŽMLËLÌ‹ŽLÍMÎMKLLM‹ÎNLÎNÍLŒMÍÍMBŽMMMKŒÌÌÌLKLLÌŒLÎÍLŒMÎ‚ŽMMKMM‹ŒÌMÍLŒÌKNLKŒŒÍÍÎÍLŒMMÂŽMM‹MKÎNMMÌMÍËÍÍŒÌÎNKÍLŒMMNBŽMMËMÌËŽŒŒŒÍŒËMŒËŒLÎLMÌMLÌLËÍLŒMNMLÂŽMNMÎKŽLÎLËMËŽMÍLŒMŒÌNŽMNKNŒÎÌŒŒÍLÌ‹ŒNÎMÎKÍLŒMN‚ŽMŒNËŒNNNNLM‹ŒMÌMÎMÍLËÍLŒMÍBŽMŒKNËŽNMLMMLNKL‹ŒMÍÎMMKLMÍÍKŒLÌMÍÎBŽMŒ‹NËŒNNNM‹ŒMÌMÎMŒŒKÍÍKŒLÌMÌÍ‚ŽMŒËNŒÎÌŒŒÎM‹Ì‹ŒNÎ‹ÍÍKŒLÌMŒŽMMÎKŽLÎLLÌ‹ËŽMMËÍÍKŒLÌLÎNBŽMKMÌËŽŒŒLKŒËŒLÎLMÌLŽMÎKÍÍKŒLÌLLLÂŽM‹MKÎNMMÌMÎÍËÍÍŒÌÎMŒ‹ÍÍKŒLÌÍMÂŽMËMM‹ŒÌMÍLLKLKŒŒLŒËÍÍKŒLÌÍÂŽMŽMKŒÌÌÌÌËLÌNKÍÍKŒLÌŒÎ‚ŽMŽKLÌ‹ŽLÍMŽLM‹ÎNLMKÍÍKŒLÌŒÌÎBŽMÌLNKŒMÍNÎKLËMŒNMÍLËÍÍKŒLÌŒŽ‚ŽMÌKLÌÎŒLÍËŒNMLÌÌMÍÍKŒLÌŒŒÎBŽMÌ‹ŒŒŽNMMMŽMKLLŽLMÍNKÍÍKŒLÌŒNLŒBŽMÌËÌKŽMNLÌKML‹ÍŒŽML‹ÍÍKŒLÌŒML‚ŽMÍMMÍLLŒ‹MMËŽLMML‹ÍÍKŒLÌŒLMLÂŽMÍKÍ‹ÍÌÍŒŒMŽMŒKŽŒMLŒMLËÍÍKŒLÌŒBŽMÍ‹NÍŽNMŽL‹MŒŒŒMÎMËÍÍKŒLÌŒÌ‚ŽMÍË‹ŒÍMÌ™KLMMŽNMÍLÍÌ‹ÍÍKŒLÌŒÌBŽMÎLNÍŽNMŽL‹MŒŒŒMÎMËÍÍKŒLÌŒÌ‚ŽMÎKLÍ‹ÍÌÍŒŒMŽMŒKŽŒMLŒMLËÍÍKŒLÌŒBŽNMMMÍLLŒ‹MMËŽLMML‹ÍÍKŒLÌŒLMLÂŽNKMÌKŽMNLÌKML‹ÍŒŽML‹ÍÍKŒLÌŒML‚ŽN‹NŒŒŽNMMMŽMKLLŽLMÍNKÍÍKŒLÌŒNLŒBŽNËLLÌÎŒLÍËŒNMLÌÌMÍÍKŒLÌŒŒÎBŽNLLNKŒMÍNÎKLËMŒNMÍLËÍÍKŒLÌŒŽ‚ŽNKLLÌ‹ŽLÍMŽLM‹ÎNLMKÍÍKŒLÌŒÌÎBŽN‹LMKŒÌÌÌÌËLÌNKÍÍKŒLÌŒÎ‚ŽNËLMM‹ŒÌMÍLLKLKŒŒLŒËÍÍKŒLÌÍÂŽNLMKÎNMMÌMÎÍËÍÍŒÌÎMŒ‹ÍÍKŒLÌÍMÂŽNKLMÌËŽŒŒLKŒËŒLÎLMÌLŽMÎKÍÍKŒLÌLLLÂŽNLLMÎKŽLÎLLÌ‹ËŽMMËÍÍKŒLÌLÎNBŽNLKLNŒÎÌŒŒÎM‹Ì‹ŒNÎ‹ÍÍKŒLÌMŒŽNL‹LNËŒNNNM‹ŒMÌMÎMŒŒKÍÍKŒLÌMÌÍ‚ŽNLËLNËŽNMLMMLNKËŒÍÌÌYKLMÍÍKŒLÌMÍÎBŽNMLNËŒNNNLM‹ŒMÌMÎMŒŒKÍÍKŒLÌMÌÍ‚ŽNMKLNŒÎÌŒŒÎM‹LÌ‹ŒNÎ‹ÍÍKŒLÌMŒŽNM‹LMÎKŽLÎLLÌ‹MËŽMMËÍÍKŒLÌLÎNBŽNMËLMÌËŽŒŒLKMŒËŒLÎLMÌLŽMÎKÍÍKŒLÌLLLÂŽNNLMKÎNMMÌMÎMÍËÍÍŒÌÎMŒ‹ÍÍKŒLÌÍMÂŽNNKLMM‹ŒÌMÍLLKNLKŒŒLŒËÍÍKŒLÌÍÂŒLLMKŒÌÌÌÌËLLÌNKÍÍKŒLÌŒÎ‚ŒLKLLÌ‹ŽLÍMŽLLM‹ÎNLMKÍÍKŒLÌŒÌÎBŒL‹LLNKŒMÍNÎKLLËMŒNMÍLËÍÍKŒLÌŒŽ‚ŒLËLLÌÎŒLLÍËŒNMLÌÌMÍÍKŒLÌŒŒÎBŒLNŒŒŽNMMMŽLMKLLŽLMÍNKÍÍKŒLÌŒNLŒBŒLKMÌKŽMNLÌKLML‹ÍŒŽML‹ÍÍKŒLÌŒML‚ŒL‹MMMÍLLŒ‹LMMËŽLMML‹ÍÍKŒLÌŒLMLÂŒLËLÍ‹ÍÌÍŒŒMŽLMŒKŽŒMLŒMLËÍÍKŒLÌŒBŒLLNÍŽNMŽL‹LMŒŒŒMÎMËÍÍKŒLÌŒÌ‚ŒLKMŒŒÍÎLŒ™KLMLMŽNMÍLÍÌ‹ÍÍKŒLÌŒÌBŒLLNÍŽNMŽL‹LMŒŒŒMÎMËÍÍKŒLÌŒÌ‚ŒLLKÍ‹ÍÌÍŒŒMŽLMŒKŽŒMLŒMLËÍÍKŒLÌŒBŒLL‹MMÍLLŒ‹LMMËŽLMML‹ÍÍKŒLÌŒLMLÂŒLLËÌKŽMNLÌKLML‹ÍŒŽML‹ÍÍKŒLÌŒML‚ŒLMŒŒŽNMMMŽLMKLLŽLMÍNKÍÍKŒLÌŒNLŒBŒLMKLÌÎŒLLÍËŒNMLÌÌMÍÍKŒLÌŒŒÎBŒLM‹LNKŒMÍNÎKLLËMŒNMÍLËÍÍKŒLÌŒŽ‚ŒLMËLÌ‹ŽLÍMŽLLM‹ÎNLMKÍÍKŒLÌŒÌÎBŒLNMKŒÌÌÌÌËLLÌNKÍÍKŒLÌŒÎ‚ŒLNKMM‹ŒÌMÍLLKNLKŒŒLŒËÍÍKŒLÌÍÂŒLŒMKÎNMMÌMÎMÍËÍÍŒÌÎMŒ‹ÍÍKŒLÌÍMÂŒLŒKMÌËŽŒŒLKMŒËŒLÎLMÌLŽMÎKÍÍKŒLÌLLLÂŒLŒ‹MÎKŽLÎLLÌ‹MËŽMMËÍÍKŒLÌLÎNBŒLŒËNŒÎÌŒŒÎM‹LÌ‹ŒNÎ‹ÍÍKŒLÌMŒŒLNËŒNNNLM‹ŒMÌMÎMŒŒKÍÍKŒLÌMÌÍ‚ŒLKNËŽNMLMMLÎL‹ŒLÍŒÍŒŒYKLMŒLŒLÂŒL‹NËŒNNNÍM‹ŒMÌMÎMMËŒLŒ‚ŒLËNŒÎÌŒÌ‹ŒNÎÎNLÌÌ‹ŒLŒÍ‚ŒLŽMÎKŽLÎLŒËŽMNMŒLŒNNŒLŽKMÌËŽŒŒNMËŒËŒLÎLMÌLLŒLŒÍÍBŒLÌMKÎNMMÌÌŒËÍËÍÍŒÌÎMKŒLŒNBŒLÌKMM‹ŒÌMÍLÌKLKŒNÌÍ‹ŒLŒÍÍÍ‚ŒLÌ‹MKŒÌÌÍLKLÌMŒÎŒLŒÍMÂŒLÌËLÌ‹ŽLÍMLÌ‹LM‹ÎNLŽŒLŒÌÍŒLÍLNKŒMÍNLLËMŒNMÌÌÎŒLŒBŒLÍKLÌÎŒŽKLÍËŒNMLÌMMKŒLŒŒMŒLÍ‹ŒŒŽNMNMMKLLŽLMÍMËŒLŒNŒLÍËÌKŽMNLŽLL‹ML‹ÍŒŽMËŒLŒMMŒ‚ŒLÎMMÍLÌLKMMËŽLMMNMËŒLŒLŽBŒLÎKÍ‹ÍÌÍŒŒŽMKMŒKŽŒMLŒLNKŒLŒLÂŒLNÍÌÍMŒŒŒMÎMŒŽŒLŒMM‚ŒLK‹ŽÌÎLÎÎYKLMMŽNMÍLÍNKŒLŒLL‚ŒL‹LNÍÌÍMŒŒŒMÎMŒŽŒLŒMM‚ŒLËLÍ‹ÍÌÍŒŒŽMKMŒKŽŒMLŒLNKŒLŒLÂŒLMMMÍLÌLKMMËŽLMMNMËŒLŒLŽBŒLKMÌKŽMNLŽLL‹ML‹ÍŒŽMËŒLŒMMŒ‚ŒL‹NŒŒŽNMNMMKLLŽLMÍMËŒLŒNŒLËLLÌÎŒŽKLÍËŒNMLÌMMKŒLŒŒMŒLLLNKŒMÍNLLËMŒNMÌÌÎŒLŒBŒLKLLÌ‹ŽLÍMLÌ‹LM‹ÎNLŽŒLŒÌÍŒLLLMKŒÌÌÍLKLÌMŒÎŒLŒÍMÂŒLLKLMM‹ŒÌMÍLÌKLKŒNÌÍ‹ŒLŒÍÍÍ‚ŒLL‹LMKÎNMMÌÌŒËÍËÍÍŒÌÎMKŒLŒNBŒLLËLMÌËŽŒŒNMËŒËŒLÎLMÌLLŒLŒÍÍBŒLMLMÎKŽLÎLŒËŽMNMŒLŒNNŒLMKLNŒÎÌŒÌ‹ŒNÎÎNLÌÌ‹ŒLŒÍ‚ŒLM‹LNËŒNNNÍM‹ŒMÌMÎMMËŒLŒ‚ŒLMËLNËŽNMLMMLÎËÍMNMŒLYKLMŒLŒLÂŒLNLNËŒNNNÍLM‹ŒMÌMÎMMËŒLŒ‚ŒLNKLNŒÎÌŒLÌ‹ŒNÎÎNLÌÌ‹ŒLŒÍ‚ŒLŒLMÎKŽLÎLŒMËŽMNMŒLŒNNŒLŒKLMÌËŽŒŒNMËMŒËŒLÎLMÌLLŒLŒÍÍBŒLŒ‹LMKÎNMMÌÌŒËMÍËÍÍŒÌÎMKŒLŒNBŒLŒËLMM‹ŒÌMÍLÌKNLKŒNÌÍ‹ŒLŒÍÍÍ‚ŒLLMKŒÌÌÍLKLLÌMŒÎŒLŒÍMÂŒLKLLÌ‹ŽLÍMLÌ‹LLM‹ÎNLŽŒLŒÌÍŒL‹LLNKŒMÍNLLLËMŒNMÌÌÎŒLŒBŒLËLLÌÎŒŽKLLÍËŒNMLÌMMKŒLŒŒMŒLŽNŒŒŽNMNMLMKLLŽLMÍMËŒLŒNŒLŽKMÌKŽMNLŽLL‹LML‹ÍŒŽMËŒLŒMMŒ‚ŒLÌMMMÍLÌLKLMMËŽLMMNMËŒLŒLŽBŒLÌKLÍ‹ÍÌÍŒŒŽMKLMŒKŽŒMLŒLNKŒLŒLÂŒLÌ‹LNÍÌÍLMŒŒŒMÎMŒŽŒLŒMM‚ŒLÌËMŒMÍÍMÎÌYKLMLMŽNMÍLÍNKŒLŒLL‚ŒLÍNÍÌÍLMŒŒŒMÎMŒŽŒLŒMM‚ŒLÍKÍ‹ÍÌÍŒŒŽMKLMŒKŽŒMLŒLNKŒLŒLÂŒLÍ‹MMÍLÌLKLMMËŽLMMNMËŒLŒLŽBŒLÍËÌKŽMNLŽLL‹LML‹ÍŒŽMËŒLŒMMŒ‚ŒLÎŒŒŽNMNMLMKLLŽLMÍMËŒLŒNŒLÎKLÌÎŒŽKLLÍËŒNMLÌMMKŒLŒŒMŒLLNKŒMÍNLLLËMŒNMÌÌÎŒLŒBŒLKLÌ‹ŽLÍMLÌ‹LLM‹ÎNLŽŒLŒÌÍŒL‹MKŒÌÌÍLKLLÌMŒÎŒLŒÍMÂŒLËMM‹ŒÌMÍLÌKNLKŒNÌÍ‹ŒLŒÍÍÍ‚ŒLMKÎNMMÌÌŒËMÍËÍÍŒÌÎMKŒLŒNBŒLKMÌËŽŒŒNMËMŒËŒLÎLMÌLLŒLŒÍÍBŒL‹MÎKŽLÎLŒMËŽMNMŒLŒNNŒLËNŒÎÌŒLÌ‹ŒNÎÎNLÌÌ‹ŒLŒÍ‚ŒLNËŒNNNÍLM‹ŒMÌMÎMMËŒLŒ‚ŒLKNËŽNMLMMMMKNKÍÍÍNMLÌÍÌÙKLMKKŒÍÌLNBŒLLNËŒNNNM‹M‹ŒMÌMÎMLMËKŒÍÌLÂŒLLKNŒÎÌŒÍ‹Ì‹ŒNÎÎNKŒÍÌMÂŒLL‹MÎKŽLÎLŒ‹ËŽMÎMÌKKŒÍÌÎLBŒLLËMÌËŽŒŒŽŒËŒLÎLMÌMNKŒÍÌÍÌ‚ŒLMMKÎNMMÍ‹ÍËÍÍŒÌÎLŒÌ‹KŒÍÌÍL‚ŒLMKMM‹ŒÌMÍLŽNKLKŒMŽ‹KŒÍÌÌMÂŒLM‹MKŒÌÌÍŽKLÌML‹KŒÍÌŽNŒLMËLÌ‹ŽLÍMLLÌ‹LM‹ÎNÍMKŒÍÌŽBŒLNLNKŒMÍNLLËLËMŒNMÌN‹KŒÍÌŒÎBŒLNKLÌÎKLÍËŒNMLÌKKŒÍÌŒBŒLLŒŒŽNMŒŒMKLLŽLMÌÍMKŒÍÌMÎNBŒLLKÌKŽMNLŽÌKML‹ÍŒŽLÌŽKŒÍÌMM‚ŒLL‹MMÍLLMMËŽLMMNMKŒÍÌLÌÍBŒLLËÍ‹ÍÌÍŒŒÎNKMŒKŽŒMLŒKKŒÍÌLMÍ‚ŒLLNÍÌKMŒŒŒMÎMŒLËKŒÍÌLÍÂŒLLK‹ŒMÌÍŽKLMMŽNMÍLÍKŒÍÌLÂŒLL‹LNÍÌKMŒŒŒMÎMŒLËKŒÍÌLÍÂŒLLËLÍ‹ÍÌÍŒŒÎNKMŒKŽŒMLŒKKŒÍÌLMÍ‚ŒLLMMMÍLLMMËŽLMMNMKŒÍÌLÌÍBŒLLKMÌKŽMNLŽÌKML‹ÍŒŽLÌŽKŒÍÌMM‚ŒLLLNŒŒŽNMŒŒMKLLŽLMÌÍMKŒÍÌMÎNBŒLLLKLLÌÎKLÍËŒNMLÌKKŒÍÌŒBŒLLL‹LLNKŒMÍNLLËLËMŒNMÌN‹KŒÍÌŒÎBŒLLLËLLÌ‹ŽLÍMLLÌ‹LM‹ÎNÍMKŒÍÌŽBŒLLMLMKŒÌÌÍŽKLÌML‹KŒÍÌŽNŒLLMKLMM‹ŒÌMÍLŽNKLKŒMŽ‹KŒÍÌÌMÂŒLLM‹LMKÎNMMÍ‹ÍËÍÍŒÌÎLŒÌ‹KŒÍÌÍL‚ŒLLMËLMÌËŽŒŒŽŒËŒLÎLMÌMNKŒÍÌÍÌ‚ŒLLNLMÎKŽLÎLŒ‹ËŽMÎMÌKKŒÍÌÎLBŒLLNKLNŒÎÌŒÍ‹Ì‹ŒNÎÎNKŒÍÌMÂŒLLŒLNËŒNNNM‹M‹ŒMÌMÎMLMËKŒÍÌLÂŒLLŒKLNËŽNMLMMMMKËŒŒÌÍMMŒLŽMÙKLMKŒÍÌLNBŒLLŒ‹LNËŒNNNM‹LM‹ŒMÌMÎMLMËKŒÍÌLÂŒLLŒËLNŒÎÌŒÍ‹LÌ‹ŒNÎÎNKŒÍÌMÂŒLLLMÎKŽLÎLŒ‹MËŽMÎMÌKKŒÍÌÎLBŒLLKLMÌËŽŒŒŽMŒËŒLÎLMÌMNKŒÍÌÍÌ‚ŒLL‹LMKÎNMMÍ‹MÍËÍÍŒÌÎLŒÌ‹KŒÍÌÍL‚ŒLLËLMM‹ŒÌMÍLŽNKNLKŒMŽ‹KŒÍÌÌMÂŒLLŽLMKŒÌÌÍŽKLLÌML‹KŒÍÌŽNŒLLŽKLLÌ‹ŽLÍMLLÌ‹LLM‹ÎNÍMKŒÍÌŽBŒLLÌLLNKŒMÍNLLËLLËMŒNMÌN‹KŒÍÌŒÎBŒLLÌKLLÌÎKLLÍËŒNMLÌKKŒÍÌŒBŒLLÌ‹NŒŒŽNMŒŒLMKLLŽLMÌÍMKŒÍÌMÎNBŒLLÌËMÌKŽMNLŽÌKLML‹ÍŒŽLÌŽKŒÍÌMM‚ŒLLÍMMMÍLLLMMËŽLMMNMKŒÍÌLÌÍBŒLLÍKLÍ‹ÍÌÍŒŒÎNKLMŒKŽŒMLŒKKŒÍÌLMÍ‚ŒLLÍ‹LNÍÌKLMŒŒŒMÎMŒLËKŒÍÌLÍÂŒLLÍËMLLLMŒŒMŽKLMLMŽNMÍLÍKŒÍÌLÂŒLLÎNÍÌKLMŒŒŒMÎMŒLËKŒÍÌLÍÂŒLLÎKÍ‹ÍÌÍŒŒÎNKLMŒKŽŒMLŒKKŒÍÌLMÍ‚ŒLMMMÍLLLMMËŽLMMNMKŒÍÌLÌÍBŒLMKÌKŽMNLŽÌKLML‹ÍŒŽLÌŽKŒÍÌMM‚ŒLM‹ŒŒŽNMŒŒLMKLLŽLMÌÍMKŒÍÌMÎNBŒLMËLÌÎKLLÍËŒNMLÌKKŒÍÌŒBŒLMLNKŒMÍNLLËLLËMŒNMÌN‹KŒÍÌŒÎBŒLMKLÌ‹ŽLÍMLLÌ‹LLM‹ÎNÍMKŒÍÌŽBŒLM‹MKŒÌÌÍŽKLLÌML‹KŒÍÌŽNŒLMËMM‹ŒÌMÍLŽNKNLKŒMŽ‹KŒÍÌÌMÂŒLMMKÎNMMÍ‹MÍËÍÍŒÌÎLŒÌ‹KŒÍÌÍL‚ŒLMKMÌËŽŒŒŽMŒËŒLÎLMÌMNKŒÍÌÍÌ‚ŒLMLMÎKŽLÎLŒ‹MËŽMÎMÌKKŒÍÌÎLBŒLMLKNŒÎÌŒÍ‹LÌ‹ŒNÎÎNKŒÍÌMÂŒLML‹NËŒNNNM‹LM‹ŒMÌMÎMLMËKŒÍÌLÂŒLMLËNËŽNMLMMMËLKŒLNMLNLMKLMLŒÌŽMŒÍÌÂŒLMMNËŒNNNLL‹M‹ŒMÌMÎMŒÍ‹LŒÌŽMŒÍLÂŒLMMKNŒÎÌŒLÌ‹ŒNÎÎMÍŽKLŒÌŽMŒÌÍMBŒLMM‹MÎKŽLÎLÌKËŽMÎNLŒÌŽMŒÌ‚ŒLMMËMÌËŽŒŒÍMŒËŒLÎLMÌMŽKLŒÌŽMŒÌLŽBŒLMNMKÎNMMÍLÎÍËÍÍŒÌÎLMLŒÌŽMŒŽMÂŒLMNKMM‹ŒÌMÍLŽNKLKŒMLÌÌËLŒÌŽMŒÍÍÂŒLMŒMKŒÌÌÎMLÌLËLŒÌŽMŒM‚ŒLMŒKLÌ‹ŽLÍMLŽMKLM‹ÎNŒLKLŒÌŽMŒŒÍBŒLMŒ‹LNKŒMÍNM‹LËMŒNMÌMKLŒÌŽMŒŒLBŒLMŒËLÌÎÍLÍËŒNMLŽLNLŒÌŽMŒNŒLMŒŒŽNMŒNMKLLŽLMÌÌKLŒÌŽMŒMŒLMKÌKŽMNLÌ‹ML‹ÍŒŽLŽLŒÌŽMŒMÌBŒLM‹MMÍLMÌŒËMMËŽLMMNMLŒÌŽMŒLÌBŒLMËÍ‹ÍÌÍŒÍKMŒKŽŒMLŒËLŒÌŽMŒLNÂŒLMŽNÍÌLÌNMŒŒŒMÎM‹LŒÌŽMŒLLL‚ŒLMŽK‹ŒLÌŒLMNKLMMŽNMÍLÌÎLŒÌŽMŒL‚ŒLMÌLNÍÌLÌNMŒŒŒMÎM‹LŒÌŽMŒLLL‚ŒLMÌKLÍ‹ÍÌÍŒÍKMŒKŽŒMLŒËLŒÌŽMŒLNÂŒLMÌ‹MMMÍLMÌŒËMMËŽLMMNMLŒÌŽMŒLÌBŒLMÌËMÌKŽMNLÌ‹ML‹ÍŒŽLŽLŒÌŽMŒMÌBŒLMÍNŒŒŽNMŒNMKLLŽLMÌÌKLŒÌŽMŒMŒLMÍKLLÌÎÍLÍËŒNMLŽLNLŒÌŽMŒNŒLMÍ‹LLNKŒMÍNM‹LËMŒNMÌMKLŒÌŽMŒŒLBŒLMÍËLLÌ‹ŽLÍMLŽMKLM‹ÎNŒLKLŒÌŽMŒŒÍBŒLMÎLMKŒÌÌÎMLÌLËLŒÌŽMŒM‚ŒLMÎKLMM‹ŒÌMÍLŽNKLKŒMLÌÌËLŒÌŽMŒÍÍÂŒLNLMKÎNMMÍLÎÍËÍÍŒÌÎLMLŒÌŽMŒŽMÂŒLNKLMÌËŽŒŒÍMŒËŒLÎLMÌMŽKLŒÌŽMŒÌLŽBŒLN‹LMÎKŽLÎLÌKËŽMÎNLŒÌŽMŒÌ‚ŒLNËLNŒÎÌŒLÌ‹ŒNÎÎMÍŽKLŒÌŽMŒÌÍMBŒLNLNËŒNNNLL‹M‹ŒMÌMÎMŒÍ‹LŒÌŽMŒÍLÂŒLNKLNËŽNMLMMMËËŽÌÍMÍLYKLMLŒÌŽMŒÍÌÂŒLN‹LNËŒNNNLL‹LM‹ŒMÌMÎMŒÍ‹LŒÌŽMŒÍLÂŒLNËLNŒÎÌŒLLÌ‹ŒNÎÎMÍŽKLŒÌŽMŒÌÍMBŒLNLMÎKŽLÎLÌKMËŽMÎNLŒÌŽMŒÌ‚ŒLNKLMÌËŽŒŒÍMMŒËŒLÎLMÌMŽKLŒÌŽMŒÌLŽBŒLNLLMKÎNMMÍLÎMÍËÍÍŒÌÎLMLŒÌŽMŒŽMÂŒLNLKLMM‹ŒÌMÍLŽNKNLKŒMLÌÌËLŒÌŽMŒÍÍÂŒLNL‹LMKŒÌÌÎMLLÌLËLŒÌŽMŒM‚ŒLNLËLLÌ‹ŽLÍMLŽMKLLM‹ÎNŒLKLŒÌŽMŒŒÍBŒLNMLLNKŒMÍNM‹LLËMŒNMÌMKLŒÌŽMŒŒLBŒLNMKLLÌÎÍLLÍËŒNMLŽLNLŒÌŽMŒNŒLNM‹NŒŒŽNMŒNLMKLLŽLMÌÌKLŒÌŽMŒMŒLNMËMÌKŽMNLÌ‹LML‹ÍŒŽLŽLŒÌŽMŒMÌBŒLNNMMMÍLMÌŒËLMMËŽLMMNMLŒÌŽMŒLÌBŒLNNKLÍ‹ÍÌÍŒÍKLMŒKŽŒMLŒËLŒÌŽMŒLNÂŒLŒLNÍÌLÌNLMŒŒŒMÎM‹LŒÌŽMŒLLL‚ŒLŒKMŒÍŽÍKLMLMŽNMÍLÌÎLŒÌŽMŒL‚ŒLŒ‹NÍÌLÌNLMŒŒŒMÎM‹LŒÌŽMŒLLL‚ŒLŒËÍ‹ÍÌÍŒÍKLMŒKŽŒMLŒËLŒÌŽMŒLNÂŒLŒMMÍLMÌŒËLMMËŽLMMNMLŒÌŽMŒLÌBŒLŒKÌKŽMNLÌ‹LML‹ÍŒŽLŽLŒÌŽMŒMÌBŒLŒ‹ŒŒŽNMŒNLMKLLŽLMÌÌKLŒÌŽMŒMŒLŒËLÌÎÍLLÍËŒNMLŽLNLŒÌŽMŒNŒLŒLNKŒMÍNM‹LLËMŒNMÌMKLŒÌŽMŒŒLBŒLŒKLÌ‹ŽLÍMLŽMKLLM‹ÎNŒLKLŒÌŽMŒŒÍBŒLŒLMKŒÌÌÎMLLÌLËLŒÌŽMŒM‚ŒLŒLKMM‹ŒÌMÍLŽNKNLKŒMLÌÌËLŒÌŽMŒÍÍÂŒLŒL‹MKÎNMMÍLÎMÍËÍÍŒÌÎLMLŒÌŽMŒŽMÂŒLŒLËMÌËŽŒŒÍMMŒËŒLÎLMÌMŽKLŒÌŽMŒÌLŽBŒLŒMMÎKŽLÎLÌKMËŽMÎNLŒÌŽMŒÌ‚ŒLŒMKNŒÎÌŒLLÌ‹ŒNÎÎMÍŽKLŒÌŽMŒÌÍMBŒLŒM‹NËŒNNNLL‹LM‹ŒMÌMÎMŒÍ‹LŒÌŽMŒÍLÂŒLŒMËNËŽNMLMMMÍËM‹ŽMNLŒÌŒMM™KLMKÍKŒŽŽM‚ŒLŒNNËŒNNNLKM‹ŒMÌMÎMÌŽKÍKŒŽŽBŒLŒNKNŒÎÌŒLËÌ‹ŒNÎÎMÌL‹ÍKŒŽÍNŒLŒŒMÎKŽLÎLÍËËŽMÍÎM‹ÍKŒŽŽÂŒLŒŒKMÌËŽŒŒŽLKŒËŒLÎLMÌÌLÌ‹ÍKŒŽNBŒLŒŒ‹MKÎNMMÍŒMKÍËÍÍŒÌÎMŽËÍKŒŽŽBŒLŒŒËMM‹ŒÌMÍLÌÎKLKŒMLKÍKŒŽŒÌŽŒLŒMKŒÌÌÎLÌKLÌLMÎÍKŒŽŒMÂŒLŒKLÌ‹ŽLÍMM‹LM‹ÎNM‹ÍKŒŽŒBŒLŒ‹LNKŒMÍNMM‹LËMŒNMŽMLËÍKŒŽNŽŒLŒËLÌÎŽMKLÍËŒNMLŽÌ‹ÍKŒŽMM‚ŒLŒŽŒŒŽNMŒÌŒ‹MKLLŽLMÌŒËÍKŒŽMMŒLŒŽKÌKŽMNLÌLÎKML‹ÍŒŽLŒNÍKŒŽLÍBŒLŒÌMMÍLŽLKMMËŽLMMNŒ‹ÍKŒŽLŒÂŒLŒÌKÍ‹ÍÌÍŒMLNMŒKŽŒMLŒÍKŒŽLLÍBŒLŒÌ‹NÍÌMÌKMŒŒŒMÎMNKÍKŒŽLÎŒLŒÌËKŽMNÍÎYKLMMŽNMÍLÌÌKÍKŒŽLNBŒLŒÍLNÍÌMÌKMŒŒŒMÎMNKÍKŒŽLÎŒLŒÍKLÍ‹ÍÌÍŒMLNMŒKŽŒMLŒÍKŒŽLLÍBŒLŒÍ‹MMMÍLŽLKMMËŽLMMNŒ‹ÍKŒŽLŒÂŒLŒÍËMÌKŽMNLÌLÎKML‹ÍŒŽLŒNÍKŒŽLÍBŒLŒÎNŒŒŽNMŒÌŒ‹MKLLŽLMÌŒËÍKŒŽMMŒLŒÎKLLÌÎŽMKLÍËŒNMLŽÌ‹ÍKŒŽMM‚ŒLLLNKŒMÍNMM‹LËMŒNMŽMLËÍKŒŽNŽŒLKLLÌ‹ŽLÍMM‹LM‹ÎNM‹ÍKŒŽŒBŒL‹LMKŒÌÌÎLÌKLÌLMÎÍKŒŽŒMÂŒLËLMM‹ŒÌMÍLÌÎKLKŒMLKÍKŒŽŒÌŽŒLLMKÎNMMÍŒMKÍËÍÍŒÌÎMŽËÍKŒŽŽBŒLKLMÌËŽŒŒŽLKŒËŒLÎLMÌÌLÌ‹ÍKŒŽNBŒL‹LMÎKŽLÎLÍËËŽMÍÎM‹ÍKŒŽŽÂŒLËLNŒÎÌŒLËÌ‹ŒNÎÎMÌL‹ÍKŒŽÍNŒLLNËŒNNNLKM‹ŒMÌMÎMÌŽKÍKŒŽŽBŒLKLNËŽNMLMMMÍËËÍÌMŒLÍYKLMÍKŒŽŽM‚ŒLLLNËŒNNNLKLM‹ŒMÌMÎMÌŽKÍKŒŽŽBŒLLKLNŒÎÌŒLËLÌ‹ŒNÎÎMÌL‹ÍKŒŽÍNŒLL‹LMÎKŽLÎLÍËMËŽMÍÎM‹ÍKŒŽŽÂŒLLËLMÌËŽŒŒŽLKMŒËŒLÎLMÌÌLÌ‹ÍKŒŽNBŒLMLMKÎNMMÍŒMKMÍËÍÍŒÌÎMŽËÍKŒŽŽBŒLMKLMM‹ŒÌMÍLÌÎKNLKŒMLKÍKŒŽŒÌŽŒLM‹LMKŒÌÌÎLÌKLLÌLMÎÍKŒŽŒMÂŒLMËLLÌ‹ŽLÍMM‹LLM‹ÎNM‹ÍKŒŽŒBŒLNLLNKŒMÍNMM‹LLËMŒNMŽMLËÍKŒŽNŽŒLNKLLÌÎŽMKLLÍËŒNMLŽÌ‹ÍKŒŽMM‚ŒLŒNŒŒŽNMŒÌŒ‹LMKLLŽLMÌŒËÍKŒŽMMŒLŒKMÌKŽMNLÌLÎKLML‹ÍŒŽLŒNÍKŒŽLÍBŒLŒ‹MMMÍLŽLKLMMËŽLMMNŒ‹ÍKŒŽLŒÂŒLŒËLÍ‹ÍÌÍŒMLNLMŒKŽŒMLŒÍKŒŽLLÍBŒLLNÍÌMÌKLMŒŒŒMÎMNKÍKŒŽLÎŒLKLËŒÌLÌŒNLMKLMLMŽNMÍLÌÌKÍKŒŽLNBŒL‹NÍÌMÌKLMŒŒŒMÎMNKÍKŒŽLÎŒLËÍ‹ÍÌÍŒMLNLMŒKŽŒMLŒÍKŒŽLLÍBŒLŽMMÍLŽLKLMMËŽLMMNŒ‹ÍKŒŽLŒÂŒLŽKÌKŽMNLÌLÎKLML‹ÍŒŽLŒNÍKŒŽLÍBŒLÌŒŒŽNMŒÌŒ‹LMKLLŽLMÌŒËÍKŒŽMMŒLÌKLÌÎŽMKLLÍËŒNMLŽÌ‹ÍKŒŽMM‚ŒLÌ‹LNKŒMÍNMM‹LLËMŒNMŽMLËÍKŒŽNŽŒLÌËLÌ‹ŽLÍMM‹LLM‹ÎNM‹ÍKŒŽŒBŒLÍMKŒÌÌÎLÌKLLÌLMÎÍKŒŽŒMÂŒLÍKMM‹ŒÌMÍLÌÎKNLKŒMLKÍKŒŽŒÌŽŒLÍ‹MKÎNMMÍŒMKMÍËÍÍŒÌÎMŽËÍKŒŽŽBŒLÍËMÌËŽŒŒŽLKMŒËŒLÎLMÌÌLÌ‹ÍKŒŽNBŒLÎMÎKŽLÎLÍËMËŽMÍÎM‹ÍKŒŽŽÂŒLÎKNŒÎÌŒLËLÌ‹ŒNÎÎMÌL‹ÍKŒŽÍNŒLŽNËŒNNNLKLM‹ŒMÌMÎMÌŽKÍKŒŽŽBŒLŽKNËŽNMLMMNM‹LKŒMÌLŒMÎYKLMLŒÌŒŒL‚ŒLŽ‹NËŒNNNM‹M‹ŒMÌMÎMMËLŒÌŒŒBŒLŽËNŒÎÌŒMMKÌ‹ŒNÎÎM‹LŒÌŒŒŒLBŒLŽMÎKŽLÎLÎ‹ËŽMÍÌMÎLŒÌŒŒM‚ŒLŽKMÌËŽŒŒŽŒËŒLÎLMÌŒÍKLŒÌŒŒBŒLŽ‹MKÎNMMÍŽÍËÍÍŒÌÎÎNKLŒÌŒŒÂŒLŽËMM‹ŒÌMÍLÌMŒËLKŒLÌMŽKLŒÌŒNL‚ŒLŽMKŒÌÌŽLÌLKLŒÌŒMÎŒLŽKLÌ‹ŽLÍMMLÍLM‹ÎNLŒÌŒM‚ŒLŽLLNKŒMÍNMŽLËMŒNMŽÍKLŒÌŒMMŒLŽLKLÌÎŽLŽKLÍËŒNMLÍËLŒÌŒMMBŒLŽL‹ŒŒŽNMŽËMKLLŽLMÌML‹LŒÌŒLŽM‚ŒLŽLËÌKŽMNLÌŒÍLËML‹ÍŒŽLNKLŒÌŒLNBŒLŽMMMÍLÍÌËMMËŽLMMMÎNLŒÌŒLLBŒLŽMKÍ‹ÍÌÍŒŒŽKMŒKŽŒMLŒÍLŒÌŒLÍŒLŽM‹NÍÌNMM‹MŒŒŒMÎMNËLŒÌŒNL‚ŒLŽMËKÍÌLYKLMMŽNMÍLÌ‹LŒÌŒMÎŒLŽNLNÍÌNMM‹MŒŒŒMÎMNËLŒÌŒNL‚ŒLŽNKLÍ‹ÍÌÍŒŒŽKMŒKŽŒMLŒÍLŒÌŒLÍŒLÌMMMÍLÍÌËMMËŽLMMMÎNLŒÌŒLLBŒLÌKMÌKŽMNLÌŒÍLËML‹ÍŒŽLNKLŒÌŒLNBŒLÌ‹NŒŒŽNMŽËMKLLŽLMÌML‹LŒÌŒLŽM‚ŒLÌËLLÌÎŽLŽKLÍËŒNMLÍËLŒÌŒMMBŒLÌLLNKŒMÍNMŽLËMŒNMŽÍKLŒÌŒMMŒLÌKLLÌ‹ŽLÍMMLÍLM‹ÎNLŒÌŒM‚ŒLÌ‹LMKŒÌÌŽLÌLKLŒÌŒMÎŒLÌËLMM‹ŒÌMÍLÌMŒËLKŒLÌMŽKLŒÌŒNL‚ŒLÌLMKÎNMMÍŽÍËÍÍŒÌÎÎNKLŒÌŒŒÂŒLÌKLMÌËŽŒŒŽŒËŒLÎLMÌŒÍKLŒÌŒŒBŒLÌLLMÎKŽLÎLÎ‹ËŽMÍÌMÎLŒÌŒŒM‚ŒLÌLKLNŒÎÌŒMMKÌ‹ŒNÎÎM‹LŒÌŒŒŒLBŒLÌL‹LNËŒNNNM‹M‹ŒMÌMÎMMËLŒÌŒŒBŒLÌLËLNËŽNMLMMNM‹ËŒMLLÎNLMÍÌYKLMLŒÌŒŒL‚ŒLÌMLNËŒNNNM‹LM‹ŒMÌMÎMMËLŒÌŒŒBŒLÌMKLNŒÎÌŒMMKLÌ‹ŒNÎÎM‹LŒÌŒŒŒLBŒLÌM‹LMÎKŽLÎLÎ‹MËŽMÍÌMÎLŒÌŒŒM‚ŒLÌMËLMÌËŽŒŒŽMŒËŒLÎLMÌŒÍKLŒÌŒŒBŒLÌNLMKÎNMMÍŽMÍËÍÍŒÌÎÎNKLŒÌŒŒÂŒLÌNKLMM‹ŒÌMÍLÌMŒËNLKŒLÌMŽKLŒÌŒNL‚ŒLÌŒLMKŒÌÌŽLLÌLKLŒÌŒMÎŒLÌŒKLLÌ‹ŽLÍMMLÍLLM‹ÎNLŒÌŒM‚ŒLÌŒ‹LLNKŒMÍNMŽLLËMŒNMŽÍKLŒÌŒMMŒLÌŒËLLÌÎŽLŽKLLÍËŒNMLÍËLŒÌŒMMBŒLÌNŒŒŽNMŽËLMKLLŽLMÌML‹LŒÌŒLŽM‚ŒLÌKMÌKŽMNLÌŒÍLËLML‹ÍŒŽLNKLŒÌŒLNBŒLÌ‹MMMÍLÍÌËLMMËŽLMMMÎNLŒÌŒLLBŒLÌËLÍ‹ÍÌÍŒŒŽKLMŒKŽŒMLŒÍLŒÌŒLÍŒLÌŽLNÍÌNMM‹LMŒŒŒMÎMNËLŒÌŒNL‚ŒLÌŽKMŒLÍŒÍLN™KLMLMŽNMÍLÌ‹LŒÌŒMÎŒLÌÌNÍÌNMM‹LMŒŒŒMÎMNËLŒÌŒNL‚ŒLÌÌKÍ‹ÍÌÍŒŒŽKLMŒKŽŒMLŒÍLŒÌŒLÍŒLÌÌ‹MMÍLÍÌËLMMËŽLMMMÎNLŒÌŒLLBŒLÌÌËÌKŽMNLÌŒÍLËLML‹ÍŒŽLNKLŒÌŒLNBŒLÌÍŒŒŽNMŽËLMKLLŽLMÌML‹LŒÌŒLŽM‚ŒLÌÍKLÌÎŽLŽKLLÍËŒNMLÍËLŒÌŒMMBŒLÌÍ‹LNKŒMÍNMŽLLËMŒNMŽÍKLŒÌŒMMŒLÌÍËLÌ‹ŽLÍMMLÍLLM‹ÎNLŒÌŒM‚ŒLÌÎMKŒÌÌŽLLÌLKLŒÌŒMÎŒLÌÎKMM‹ŒÌMÍLÌMŒËNLKŒLÌMŽKLŒÌŒNL‚ŒLÍMKÎNMMÍŽMÍËÍÍŒÌÎÎNKLŒÌŒŒÂŒLÍKMÌËŽŒŒŽMŒËŒLÎLMÌŒÍKLŒÌŒŒBŒLÍ‹MÎKŽLÎLÎ‹MËŽMÍÌMÎLŒÌŒŒM‚ŒLÍËNŒÎÌŒMMKLÌ‹ŒNÎÎM‹LŒÌŒŒŒLBŒLÍNËŒNNNM‹LM‹ŒMÌMÎMMËLŒÌŒŒBŒLÍKNËŽNMLMMŒM‹LKŒÍMÍLYKLMLKŒŒŒMÌŽBŒLÍ‹NËŒNNNMŽM‹ŒMÌMÎLÎL‹LKŒŒŒMÌŒ‚ŒLÍËNŒÎÌŒN‹Ì‹ŒNÎÎMŒËLKŒŒŒMÌ‚ŒLÍMÎKŽLÎMŒKËŽMÍŽKLKŒŒŒMŽŒLÍKMÌËŽŒŒŽLKŒËŒLÎLMÌMÍKLKŒŒŒMŒŒ‚ŒLÍLMKÎNMMÍÍKÍËÍÍŒÌÎLMLKŒŒŒMMŒÂŒLÍLKMM‹ŒÌMÍLÌŒÌ‹LKŒLLKŒŒŒMMBŒLÍL‹MKŒÌÌLLÌLLËLKŒŒŒMMÂŒLÍLËLÌ‹ŽLÍMMŒŒKLM‹ÎNÍLKŒŒŒLÌÍŒLÍMLNKŒMÍNMÍÌKLËMŒNMŽMLKŒŒŒLÂŒLÍMKLÌÎÌŒKLÍËŒNMLÌMKLKŒŒŒLMŒBŒLÍM‹ŒŒŽNMLMM‹MKLLŽLMÌLLKLKŒŒŒLÎŒLÍMËÌKŽMNLÌÌLŒËML‹ÍŒŽLML‹LKŒŒŒLŒLÍNMMÍLNMMËŽLMMMÍÎKLKŒŒŒM‚ŒLÍNKÍ‹ÍÌÍŒLKMŒKŽŒMLŒLKŒŒŒMŒLÍŒNÍÌŒNMŒŒŒMÎMMÍËLKŒŒŒBŒLÍŒK‹ŒŽLÍÍLŽNYKLMMŽNMÍLÌŒËLKŒŒŒMBŒLÍŒ‹LNÍÌŒNMŒŒŒMÎMMÍËLKŒŒŒBŒLÍŒËLÍ‹ÍÌÍŒLKMŒKŽŒMLŒLKŒŒŒMŒLÍMMMÍLNMMËŽLMMMÍÎKLKŒŒŒM‚ŒLÍKMÌKŽMNLÌÌLŒËML‹ÍŒŽLML‹LKŒŒŒLŒLÍ‹NŒŒŽNMLMM‹MKLLŽLMÌLLKLKŒŒŒLÎŒLÍËLLÌÎÌŒKLÍËŒNMLÌMKLKŒŒŒLMŒBŒLÍŽLLNKŒMÍNMÍÌKLËMŒNMŽMLKŒŒŒLÂŒLÍŽKLLÌ‹ŽLÍMMŒŒKLM‹ÎNÍLKŒŒŒLÌÍŒLÍÌLMKŒÌÌLLÌLLËLKŒŒŒMMÂŒLÍÌKLMM‹ŒÌMÍLÌŒÌ‹LKŒLLKŒŒŒMMBŒLÍÌ‹LMKÎNMMÍÍKÍËÍÍŒÌÎLMLKŒŒŒMMŒÂŒLÍÌËLMÌËŽŒŒŽLKŒËŒLÎLMÌMÍKLKŒŒŒMŒŒ‚ŒLÍÍLMÎKŽLÎMŒKËŽMÍŽKLKŒŒŒMŽŒLÍÍKLNŒÎÌŒN‹Ì‹ŒNÎÎMŒËLKŒŒŒMÌ‚ŒLÍÍ‹LNËŒNNNMŽM‹ŒMÌMÎLÎL‹LKŒŒŒMÌŒ‚ŒLÍÍËLNËŽNMLMMŒM‹ËŒMŽÌÍMKLMLKŒŒŒMÌŽBŒLÍÎLNËŒNNNMŽLM‹ŒMÌMÎLÎL‹LKŒŒŒMÌŒ‚ŒLÍÎKLNŒÎÌŒN‹LÌ‹ŒNÎÎMŒËLKŒŒŒMÌ‚ŒLÎLMÎKŽLÎMŒKMËŽMÍŽKLKŒŒŒMŽŒLÎKLMÌËŽŒŒŽLKMŒËŒLÎLMÌMÍKLKŒŒŒMŒŒ‚ŒLÎ‹LMKÎNMMÍÍKMÍËÍÍŒÌÎLMLKŒŒŒMMŒÂŒLÎËLMM‹ŒÌMÍLÌŒÌ‹NLKŒLLKŒŒŒMMBŒLÎLMKŒÌÌLLLÌLLËLKŒŒŒMMÂŒLÎKLLÌ‹ŽLÍMMŒŒKLLM‹ÎNÍLKŒŒŒLÌÍŒLÎ‹LLNKŒMÍNMÍÌKLLËMŒNMŽMLKŒŒŒLÂŒLÎËLLÌÎÌŒKLLÍËŒNMLÌMKLKŒŒŒLMŒBŒLÎNŒŒŽNMLMM‹LMKLLŽLMÌLLKLKŒŒŒLÎŒLÎKMÌKŽMNLÌÌLŒËLML‹ÍŒŽLML‹LKŒŒŒLŒLÎLMMMÍLNLMMËŽLMMMÍÎKLKŒŒŒM‚ŒLÎLKLÍ‹ÍÌÍŒLKLMŒKŽŒMLŒLKŒŒŒMŒLÎL‹LNÍÌŒNLMŒŒŒMÎMMÍËLKŒŒŒBŒLÎLËMMÌÎLŽMMÍ™KLMLMŽNMÍLÌŒËLKŒŒŒMBŒLÎMNÍÌŒNLMŒŒŒMÎMMÍËLKŒŒŒBŒLÎMKÍ‹ÍÌÍŒLKLMŒKŽŒMLŒLKŒŒŒMŒLÎM‹MMÍLNLMMËŽLMMMÍÎKLKŒŒŒM‚ŒLÎMËÌKŽMNLÌÌLŒËLML‹ÍŒŽLML‹LKŒŒŒLŒLÎNŒŒŽNMLMM‹LMKLLŽLMÌLLKLKŒŒŒLÎŒLÎNKLÌÎÌŒKLLÍËŒNMLÌMKLKŒŒŒLMŒBŒMLNKŒMÍNMÍÌKLLËMŒNMŽMLKŒŒŒLÂŒMKLÌ‹ŽLÍMMŒŒKLLM‹ÎNÍLKŒŒŒLÌÍŒM‹MKŒÌÌLLLÌLLËLKŒŒŒMMÂŒMËMM‹ŒÌMÍLÌŒÌ‹NLKŒLLKŒŒŒMMBŒMMKÎNMMÍÍKMÍËÍÍŒÌÎLMLKŒŒŒMMŒÂŒMKMÌËŽŒŒŽLKMŒËŒLÎLMÌMÍKLKŒŒŒMŒŒ‚ŒM‹MÎKŽLÎMŒKMËŽMÍŽKLKŒŒŒMŽŒMËNŒÎÌŒN‹LÌ‹ŒNÎÎMŒËLKŒŒŒMÌ‚ŒMNËŒNNNMŽLM‹ŒMÌMÎLÎL‹LKŒŒŒMÌŒ‚ŒMKNËŽNMLMMLÌKLKŒÍÌÍLMÍŽMYKLMMLŒMLÂŒMLNËŒNNN‹M‹ŒMÌMÎLÍŽMLŒMLŒÎBŒMLKNŒÎÌŒLKÌ‹ŒNÎÎMNLËMLŒMLŒÂŒML‹MÎKŽLÎLÍŒËËŽMÍŒËMLŒMLŒŒMLËMÌËŽŒŒŽËŒËŒLÎLMÌNKMLŒMLNBŒMMMKÎNMMÍÌŒ‹ÍËÍÍŒÌÎÌMÌ‹MLŒMLMÂŒMMKMM‹ŒÌMÍLÌŒÌËLKŒLMM‹MLŒMLL‚ŒMM‹MKŒÌÌLŽLÌLMKMLŒMLNBŒMMËLÌ‹ŽLÍMMNLM‹ÎNMLŒMLŒMNLNKŒMÍNN‹LËMŒNMÌËMLŒMMMŒMNKLÌÎÌÍËLÍËŒNMLËMLŒMNBŒMŒŒŒŽNMMÌŽMKLLŽLMÌL‹MLŒMÂŒMŒKÌKŽMNLÌÍNML‹ÍŒŽLL‹MLŒMÎNBŒMŒ‹MMÍLM‹MMËŽLMMMÍMLŒMÍNŒMŒËÍ‹ÍÌÍŒŽÌ‹MŒKŽŒMLNNNMLŒMÌÂŒMNÍÌŒÍLËMŒŒŒMÎMMMËMLŒMÌŒMKKÎŒLŒÍÎ™KLMMŽNMÍLÌMLŒMÌBŒM‹LNÍÌŒÍLËMŒŒŒMÎMMMËMLŒMÌŒMËLÍ‹ÍÌÍŒŽÌ‹MŒKŽŒMLNNNMLŒMÌÂŒMŽMMMÍLM‹MMËŽLMMMÍMLŒMÍNŒMŽKMÌKŽMNLÌÍNML‹ÍŒŽLL‹MLŒMÎNBŒMÌNŒŒŽNMMÌŽMKLLŽLMÌL‹MLŒMÂŒMÌKLLÌÎÌÍËLÍËŒNMLËMLŒMNBŒMÌ‹LLNKŒMÍNN‹LËMŒNMÌËMLŒMMMŒMÌËLLÌ‹ŽLÍMMNLM‹ÎNMLŒMLŒMÍLMKŒÌÌLŽLÌLMKMLŒMLNBŒMÍKLMM‹ŒÌMÍLÌŒÌËLKŒLMM‹MLŒMLL‚ŒMÍ‹LMKÎNMMÍÌŒ‹ÍËÍÍŒÌÎÌMÌ‹MLŒMLMÂŒMÍËLMÌËŽŒŒŽËŒËŒLÎLMÌNKMLŒMLNBŒMÎLMÎKŽLÎLÍŒËËŽMÍŒËMLŒMLŒŒMÎKLNŒÎÌŒLKÌ‹ŒNÎÎMNLËMLŒMLŒÂŒMLNËŒNNN‹M‹ŒMÌMÎLÍŽMLŒMLŒÎBŒMKLNËŽNMLMMLÌK‹ŒŒLLLÍ™KLMMLŒMLÂŒM‹LNËŒNNN‹LM‹ŒMÌMÎLÍŽMLŒMLŒÎBŒMËLNŒÎÌŒLKLÌ‹ŒNÎÎMNLËMLŒMLŒÂŒMLMÎKŽLÎLÍŒËMËŽMÍŒËMLŒMLŒŒMKLMÌËŽŒŒŽËMŒËŒLÎLMÌNKMLŒMLNBŒM‹LMKÎNMMÍÌŒ‹MÍËÍÍŒÌÎÌMÌ‹MLŒMLMÂŒMËLMM‹ŒÌMÍLÌŒÌËNLKŒLMM‹MLŒMLL‚ŒMLMKŒÌÌLŽLLÌLMKMLŒMLNBŒMKLLÌ‹ŽLÍMMNLLM‹ÎNMLŒMLŒMLLLNKŒMÍNN‹LLËMŒNMÌËMLŒMMMŒMLKLLÌÎÌÍËLLÍËŒNMLËMLŒMNBŒML‹NŒŒŽNMMÌŽLMKLLŽLMÌL‹MLŒMÂŒMLËMÌKŽMNLÌÍNLML‹ÍŒŽLL‹MLŒMÎNBŒMMMMMÍLM‹LMMËŽLMMMÍMLŒMÍNŒMMKLÍ‹ÍÌÍŒŽÌ‹LMŒKŽŒMLNNNMLŒMÌÂŒMM‹LNÍÌŒÍLËLMŒŒŒMÎMMMËMLŒMÌŒMMËMŒŒLÌÎNÙKLMLMŽNMÍLÌMLŒMÌBŒMNNÍÌŒÍLËLMŒŒŒMÎMMMËMLŒMÌŒMNKÍ‹ÍÌÍŒŽÌ‹LMŒKŽŒMLNNNMLŒMÌÂŒMŒMMÍLM‹LMMËŽLMMMÍMLŒMÍNŒMŒKÌKŽMNLÌÍNLML‹ÍŒŽLL‹MLŒMÎNBŒMŒ‹ŒŒŽNMMÌŽLMKLLŽLMÌL‹MLŒMÂŒMŒËLÌÎÌÍËLLÍËŒNMLËMLŒMNBŒMLNKŒMÍNN‹LLËMŒNMÌËMLŒMMMŒMKLÌ‹ŽLÍMMNLLM‹ÎNMLŒMLŒM‹MKŒÌÌLŽLLÌLMKMLŒMLNBŒMËMM‹ŒÌMÍLÌŒÌËNLKŒLMM‹MLŒMLL‚ŒMŽMKÎNMMÍÌŒ‹MÍËÍÍŒÌÎÌMÌ‹MLŒMLMÂŒMŽKMÌËŽŒŒŽËMŒËŒLÎLMÌNKMLŒMLNBŒMÌMÎKŽLÎLÍŒËMËŽMÍŒËMLŒMLŒŒMÌKNŒÎÌŒLKLÌ‹ŒNÎÎMNLËMLŒMLŒÂŒMÌ‹NËŒNNN‹LM‹ŒMÌMÎLÍŽMLŒMLŒÎBŒMÌËNËŽNMLMLÎËLKŒÌNŒÍLÙKLMMÍKŒLŒÍŒÍŽŒMÍNËŒNNMÍËM‹ŒMÌMÎLÌÍŒ‹MÍKŒLŒÍŒÍÂŒMÍKNŒÎÌŒŒÎËÌ‹ŒNÎÎMLŒËMÍKŒLŒÍŒÍŒMÍ‹MÎKŽLÎLM‹ËŽMÍLNMÍKŒLŒÍŒÍNŒMÍËMÌËŽŒŒÎËŒËŒLÎLMÌÎLKMÍKŒLŒÍŒÍBŒMÎMKÎNMMÍKÍËÍÍŒÌÎŒÎMÍKŒLŒÍŒÌÍÂŒMÎKMM‹ŒÌMÍLÌŒ‹LKŒLÌËMÍKŒLŒÍŒÌŒ‚ŒMMKŒÌÌLŒKLÌMÍKŒLŒÍŒÌ‚ŒMKLÌ‹ŽLÍMMÌKLM‹ÎNMMÍKŒLŒÍŒÎBŒM‹LNKŒMÍNNËLËMŒNMŒÎMÍKŒLŒÍŒMŒMËLÌÎÌLLËLÍËŒNMLMMÍKŒLŒÍŒŒÂŒMŒŒŽNMŒLÎMKLLŽLMŽNËMÍKŒLŒÍŒ‚ŒMKÌKŽMNLÍMËML‹ÍŒŽLLËMÍKŒLŒÍŒMÍBŒM‹MMÍLKMMËŽLMMMÌËMÍKŒLŒÍŒMLÂŒMËÍ‹ÍÌÍŒÌËMŒKŽŒMLNM‹MÍKŒLŒÍŒLÍÂŒMNÍÌKMŒŒŒMÎMLËMÍKŒLŒÍŒL‚ŒMKKŽNMÎKLMMŽNMÍLŽMÍKŒLŒÍŒLŒ‚ŒMLLNÍÌKMŒŒŒMÎMLËMÍKŒLŒÍŒL‚ŒMLKLÍ‹ÍÌÍŒÌËMŒKŽŒMLNM‹MÍKŒLŒÍŒLÍÂŒML‹MMMÍLKMMËŽLMMMÌËMÍKŒLŒÍŒMLÂŒMLËMÌKŽMNLÍMËML‹ÍŒŽLLËMÍKŒLŒÍŒMÍBŒMMNŒŒŽNMŒLÎMKLLŽLMŽNËMÍKŒLŒÍŒ‚ŒMMKLLÌÎÌLLËLÍËŒNMLMMÍKŒLŒÍŒŒÂŒMM‹LLNKŒMÍNNËLËMŒNMŒÎMÍKŒLŒÍŒMŒMMËLLÌ‹ŽLÍMMÌKLM‹ÎNMMÍKŒLŒÍŒÎBŒMNLMKŒÌÌLŒKLÌMÍKŒLŒÍŒÌ‚ŒMNKLMM‹ŒÌMÍLÌŒ‹LKŒLÌËMÍKŒLŒÍŒÌŒ‚ŒMLLMKÎNMMÍKÍËÍÍŒÌÎŒÎMÍKŒLŒÍŒÌÍÂŒMLKLMÌËŽŒŒÎËŒËŒLÎLMÌÎLKMÍKŒLŒÍŒÍBŒML‹LMÎKŽLÎLM‹ËŽMÍLNMÍKŒLŒÍŒÍNŒMLËLNŒÎÌŒŒÎËÌ‹ŒNÎÎMLŒËMÍKŒLŒÍŒÍŒMLLNËŒNNMÍËM‹ŒMÌMÎLÌÍŒ‹MÍKŒLŒÍŒÍÂŒMLKLNËŽNMLMLÎËËŒNMMÍÍÍÌLYKLMMÍKŒLŒÍŒÍŽŒML‹LNËŒNNMÍËLM‹ŒMÌMÎLÌÍŒ‹MÍKŒLŒÍŒÍÂŒMLËLNŒÎÌŒŒÎËLÌ‹ŒNÎÎMLŒËMÍKŒLŒÍŒÍŒMLLMÎKŽLÎLM‹MËŽMÍLNMÍKŒLŒÍŒÍNŒMLKLMÌËŽŒŒÎËMŒËŒLÎLMÌÎLKMÍKŒLŒÍŒÍBŒMLLLMKÎNMMÍKMÍËÍÍŒÌÎŒÎMÍKŒLŒÍŒÌÍÂŒMLLKLMM‹ŒÌMÍLÌŒ‹NLKŒLÌËMÍKŒLŒÍŒÌŒ‚ŒMLL‹LMKŒÌÌLŒKLLÌMÍKŒLŒÍŒÌ‚ŒMLLËLLÌ‹ŽLÍMMÌKLLM‹ÎNMMÍKŒLŒÍŒÎBŒMLMLLNKŒMÍNNËLLËMŒNMŒÎMÍKŒLŒÍŒMŒMLMKLLÌÎÌLLËLLÍËŒNMLMMÍKŒLŒÍŒŒÂŒMLM‹NŒŒŽNMŒLÎLMKLLŽLMŽNËMÍKŒLŒÍŒ‚ŒMLMËMÌKŽMNLÍMËLML‹ÍŒŽLLËMÍKŒLŒÍŒMÍBŒMLNMMMÍLKLMMËŽLMMMÌËMÍKŒLŒÍŒMLÂŒMLNKLÍ‹ÍÌÍŒÌËLMŒKŽŒMLNM‹MÍKŒLŒÍŒLÍÂŒMLŒLNÍÌKLMŒŒŒMÎMLËMÍKŒLŒÍŒL‚ŒMLŒKMŒÎLÍÍLKLMLMŽNMÍLŽMÍKŒLŒÍŒLŒ‚ŒMLŒ‹NÍÌKLMŒŒŒMÎMLËMÍKŒLŒÍŒL‚ŒMLŒËÍ‹ÍÌÍŒÌËLMŒKŽŒMLNM‹MÍKŒLŒÍŒLÍÂŒMLMMÍLKLMMËŽLMMMÌËMÍKŒLŒÍŒMLÂŒMLKÌKŽMNLÍMËLML‹ÍŒŽLLËMÍKŒLŒÍŒMÍBŒML‹ŒŒŽNMŒLÎLMKLLŽLMŽNËMÍKŒLŒÍŒ‚ŒMLËLÌÎÌLLËLLÍËŒNMLMMÍKŒLŒÍŒŒÂŒMLŽLNKŒMÍNNËLLËMŒNMŒÎMÍKŒLŒÍŒMŒMLŽKLÌ‹ŽLÍMMÌKLLM‹ÎNMMÍKŒLŒÍŒÎBŒMLÌMKŒÌÌLŒKLLÌMÍKŒLŒÍŒÌ‚ŒMLÌKMM‹ŒÌMÍLÌŒ‹NLKŒLÌËMÍKŒLŒÍŒÌŒ‚ŒMLÌ‹MKÎNMMÍKMÍËÍÍŒÌÎŒÎMÍKŒLŒÍŒÌÍÂŒMLÌËMÌËŽŒŒÎËMŒËŒLÎLMÌÎLKMÍKŒLŒÍŒÍBŒMLÍMÎKŽLÎLM‹MËŽMÍLNMÍKŒLŒÍŒÍNŒMLÍKNŒÎÌŒŒÎËLÌ‹ŒNÎÎMLŒËMÍKŒLŒÍŒÍŒMLÍ‹NËŒNNMÍËLM‹ŒMÌMÎLÌÍŒ‹MÍKŒLŒÍŒÍÂŒMLÍËNËŽNMLMLŒÌ‹LKŒŒÎMÌÌLMÍÍKLMŒŒÂŒMLÎNËŒNNMÎM‹ŒMÌMÎMM‹ŒŒBŒMLÎKNŒÎÌŒÌMÍÌ‹ŒNÎÎMÌ‹ŒŒL‚ŒMMMÎKŽLÎNNKËŽMÍÌÌ‹ŒŒŒ‚ŒMMKMÌËŽŒŒÍÎKŒËŒLÎLMÌKŒŒÍBŒMM‹MKÎNMNŒÌ‹ÍËÍÍŒÌÎŒŒŽBŒMMËMM‹ŒÌMÍLÍŽËLKŒLÌN‹ŒŒÌ‚ŒMMMKŒÌÌLNKLÌLKŒŒÌLÂŒMMKLÌ‹ŽLÍMNNLËLM‹ÎNKŒŒÌŒBŒMM‹LNKŒMÍŒLËLËMŒNMŽ‹ŒŒÌ‚ŒMMËLÌÎÌÌL‹LÍËŒNMLÎËŒŒÌŽŒMMŒŒŽNMÍKMKLLŽLMÌNKŒŒÌŽŒMMKÌKŽMNLÍLMKML‹ÍŒŽLŒKŒŒÌ‚ŒMMLMMÍLMMMËŽLMMNM‹ŒŒÌŒÂŒMMLKÍ‹ÍÌÍŒÍMÌ‹MŒKŽŒMLŒLŒŒÌ‚ŒMML‹NÍÌÌŒKMŒŒŒMÎMNKŒŒÌNŒMMLËKÌNMŒÌÍYKLMMŽNMÍM‹ŒŒÌMÂŒMMMLNÍÌÌŒKMŒŒŒMÎMNKŒŒÌNŒMMMKLÍ‹ÍÌÍŒÍMÌ‹MŒKŽŒMLŒLŒŒÌ‚ŒMMM‹MMMÍLMMMËŽLMMNM‹ŒŒÌŒÂŒMMMËMÌKŽMNLÍLMKML‹ÍŒŽLŒKŒŒÌ‚ŒMMNNŒŒŽNMÍKMKLLŽLMÌNKŒŒÌŽŒMMNKLLÌÎÌÌL‹LÍËŒNMLÎËŒŒÌŽŒMMŒLLNKŒMÍŒLËLËMŒNMŽ‹ŒŒÌ‚ŒMMŒKLLÌ‹ŽLÍMNNLËLM‹ÎNKŒŒÌŒBŒMMŒ‹LMKŒÌÌLNKLÌLKŒŒÌLÂŒMMŒËLMM‹ŒÌMÍLÍŽËLKŒLÌN‹ŒŒÌ‚ŒMMLMKÎNMNŒÌ‹ÍËÍÍŒÌÎŒŒŽBŒMMKLMÌËŽŒŒÍÎKŒËŒLÎLMÌKŒŒÍBŒMM‹LMÎKŽLÎNNKËŽMÍÌÌ‹ŒŒŒ‚ŒMMËLNŒÎÌŒÌMÍÌ‹ŒNÎÎMÌ‹ŒŒL‚ŒMMŽLNËŒNNMÎM‹ŒMÌMÎMM‹ŒŒBŒMMŽKLNËŽNMLMLŒÌ‹ËŒŒMLÌKLMŒŒÂŒMMÌLNËŒNNMÎLM‹ŒMÌMÎMM‹ŒŒBŒMMÌKLNŒÎÌŒÌMÍLÌ‹ŒNÎÎMÌ‹ŒŒL‚ŒMMÌ‹LMÎKŽLÎNNKMËŽMÍÌÌ‹ŒŒŒ‚ŒMMÌËLMÌËŽŒŒÍÎKMŒËŒLÎLMÌKŒŒÍBŒMMÍLMKÎNMNŒÌ‹MÍËÍÍŒÌÎŒŒŽBŒMMÍKLMM‹ŒÌMÍLÍŽËNLKŒLÌN‹ŒŒÌ‚ŒMMÍ‹LMKŒÌÌLNKLLÌLKŒŒÌLÂŒMMÍËLLÌ‹ŽLÍMNNLËLLM‹ÎNKŒŒÌŒBŒMMÎLLNKŒMÍŒLËLLËMŒNMŽ‹ŒŒÌ‚ŒMMÎKLLÌÎÌÌL‹LLÍËŒNMLÎËŒŒÌŽŒMNNŒŒŽNMÍKLMKLLŽLMÌNKŒŒÌŽŒMNKMÌKŽMNLÍLMKLML‹ÍŒŽLŒKŒŒÌ‚ŒMN‹MMMÍLMLMMËŽLMMNM‹ŒŒÌŒÂŒMNËLÍ‹ÍÌÍŒÍMÌ‹LMŒKŽŒMLŒLŒŒÌ‚ŒMNLNÍÌÌŒKLMŒŒŒMÎMNKŒŒÌNŒMNKMŒMLÍŒŒYKLMLMŽNMÍM‹ŒŒÌMÂŒMN‹NÍÌÌŒKLMŒŒŒMÎMNKŒŒÌNŒMNËÍ‹ÍÌÍŒÍMÌ‹LMŒKŽŒMLŒLŒŒÌ‚ŒMNMMÍLMLMMËŽLMMNM‹ŒŒÌŒÂŒMNKÌKŽMNLÍLMKLML‹ÍŒŽLŒKŒŒÌ‚ŒMNLŒŒŽNMÍKLMKLLŽLMÌNKŒŒÌŽŒMNLKLÌÎÌÌL‹LLÍËŒNMLÎËŒŒÌŽŒMNL‹LNKŒMÍŒLËLLËMŒNMŽ‹ŒŒÌ‚ŒMNLËLÌ‹ŽLÍMNNLËLLM‹ÎNKŒŒÌŒBŒMNMMKŒÌÌLNKLLÌLKŒŒÌLÂŒMNMKMM‹ŒÌMÍLÍŽËNLKŒLÌN‹ŒŒÌ‚ŒMNM‹MKÎNMNŒÌ‹MÍËÍÍŒÌÎŒŒŽBŒMNMËMÌËŽŒŒÍÎKMŒËŒLÎLMÌKŒŒÍBŒMNNMÎKŽLÎNNKMËŽMÍÌÌ‹ŒŒŒ‚ŒMNNKNŒÎÌŒÌMÍLÌ‹ŒNÎÎMÌ‹ŒŒL‚ŒMŒNËŒNNMÎLM‹ŒMÌMÎMM‹ŒŒBŒMŒKNËŽNMLMLNLNKLKŒÍLÌLÍNL™KLMŒKŒLNNŒMŒ‹NËŒNNŒÌËM‹ŒMÌMÎMNN‹ŒKŒLNNBŒMŒËNŒÎÌŒÌÎÌ‹ŒNÎŒŽŒKŒLNNŒMŒMÎKŽLMKËŽMŒL‹ŒKŒLNNŒMŒKMÌËŽŒŽL‹ŒËŒLÎLMÌLŒŒNŒKŒLNNÍÂŒMŒ‹MKÎNMNLŽNÍËÍÍŒÌÎMLMŒKŒLNNLBŒMŒËMM‹ŒÌMÍMMŒKLKŒNMŒÍ‹ŒKŒLNNMBŒMŒMKŒÌÌLŒŒ‹LÌMÌL‹ŒKŒLNNMÎBŒMŒKLÌ‹ŽLÍMLMKLM‹ÎNNM‹ŒKŒLŒBŒMŒLLNKŒMÍŒLNKLËMŒNMÍLËŒKŒLŒÍÂŒMŒLKLÌÎÍŒNKLÍËŒNMLÌLËŒKŒLŒ‚ŒMŒL‹ŒŒŽNMŽNMKLLŽLMÍNKŒKŒLŒÎBŒMŒLËÌKŽMNLÍŽLËML‹ÍŒŽMMÎŒKŒLŒLÂŒMŒMMMÍLLÌËMMËŽLMMLMŒ‹ŒKŒLŒLÂŒMŒMKÍ‹ÍÌÍŒŽMÎKMŒKŽŒMLŒÍÍ‹ŒKŒLŒLLBŒMŒM‹NÍÌÌKMŒŒŒMÎNLKŒKŒLŒLMBŒMŒMËKŒÎLNMÍŒKLMMŽNMÍMKŒKŒLŒLM‚ŒMŒNLNÍÌÌKMŒŒŒMÎNLKŒKŒLŒLMBŒMŒNKLÍ‹ÍÌÍŒŽMÎKMŒKŽŒMLŒÍÍ‹ŒKŒLŒLLBŒMŒŒMMMÍLLÌËMMËŽLMMLMŒ‹ŒKŒLŒLÂŒMŒŒKMÌKŽMNLÍŽLËML‹ÍŒŽMMÎŒKŒLŒLÂŒMŒŒ‹NŒŒŽNMŽNMKLLŽLMÍNKŒKŒLŒÎBŒMŒŒËLLÌÎÍŒNKLÍËŒNMLÌLËŒKŒLŒ‚ŒMŒLLNKŒMÍŒLNKLËMŒNMÍLËŒKŒLŒÍÂŒMŒKLLÌ‹ŽLÍMLMKLM‹ÎNNM‹ŒKŒLŒBŒMŒ‹LMKŒÌÌLŒŒ‹LÌMÌL‹ŒKŒLNNMÎBŒMŒËLMM‹ŒÌMÍMMŒKLKŒNMŒÍ‹ŒKŒLNNMBŒMŒŽLMKÎNMNLŽNÍËÍÍŒÌÎMLMŒKŒLNNLBŒMŒŽKLMÌËŽŒŽL‹ŒËŒLÎLMÌLŒŒNŒKŒLNNÍÂŒMŒÌLMÎKŽLMKËŽMŒL‹ŒKŒLNNŒMŒÌKLNŒÎÌŒÌÎÌ‹ŒNÎŒŽŒKŒLNNŒMŒÌ‹LNËŒNNŒÌËM‹ŒMÌMÎMNN‹ŒKŒLNNBŒMŒÌËLNËŽNMLMLNLNK‹ŽMMMŽMM™KLMŒKŒLNNŒMŒÍLNËŒNNŒÌËLM‹ŒMÌMÎMNN‹ŒKŒLNNBŒMŒÍKLNŒÎÌŒÌÎLÌ‹ŒNÎŒŽŒKŒLNNŒMŒÍ‹LMÎKŽLMKMËŽMŒL‹ŒKŒLNNŒMŒÍËLMÌËŽŒŽL‹MŒËŒLÎLMÌLŒŒNŒKŒLNNÍÂŒMŒÎLMKÎNMNLŽNMÍËÍÍŒÌÎMLMŒKŒLNNLBŒMŒÎKLMM‹ŒÌMÍMMŒKNLKŒNMŒÍ‹ŒKŒLNNMBŒMLMKŒÌÌLŒŒ‹LLÌMÌL‹ŒKŒLNNMÎBŒMKLLÌ‹ŽLÍMLMKLLM‹ÎNNM‹ŒKŒLŒBŒM‹LLNKŒMÍŒLNKLLËMŒNMÍLËŒKŒLŒÍÂŒMËLLÌÎÍŒNKLLÍËŒNMLÌLËŒKŒLŒ‚ŒMNŒŒŽNMŽNLMKLLŽLMÍNKŒKŒLŒÎBŒMKMÌKŽMNLÍŽLËLML‹ÍŒŽMMÎŒKŒLŒLÂŒM‹MMMÍLLÌËLMMËŽLMMLMŒ‹ŒKŒLŒLÂŒMËLÍ‹ÍÌÍŒŽMÎKLMŒKŽŒMLŒÍÍ‹ŒKŒLŒLLBŒMLNÍÌÌKLMŒŒŒMÎNLKŒKŒLŒLMBŒMKMŒŒÍŽŽNKLMLMŽNMÍMKŒKŒLŒLM‚ŒMLNÍÌÌKLMŒŒŒMÎNLKŒKŒLŒLMBŒMLKÍ‹ÍÌÍŒŽMÎKLMŒKŽŒMLŒÍÍ‹ŒKŒLŒLLBŒML‹MMÍLLÌËLMMËŽLMMLMŒ‹ŒKŒLŒLÂŒMLËÌKŽMNLÍŽLËLML‹ÍŒŽMMÎŒKŒLŒLÂŒMMŒŒŽNMŽNLMKLLŽLMÍNKŒKŒLŒÎBŒMMKLÌÎÍŒNKLLÍËŒNMLÌLËŒKŒLŒ‚ŒMM‹LNKŒMÍŒLNKLLËMŒNMÍLËŒKŒLŒÍÂŒMMËLÌ‹ŽLÍMLMKLLM‹ÎNNM‹ŒKŒLŒBŒMNMKŒÌÌLŒŒ‹LLÌMÌL‹ŒKŒLNNMÎBŒMNKMM‹ŒÌMÍMMŒKNLKŒNMŒÍ‹ŒKŒLNNMBŒMŒMKÎNMNLŽNMÍËÍÍŒÌÎMLMŒKŒLNNLBŒMŒKMÌËŽŒŽL‹MŒËŒLÎLMÌLŒŒNŒKŒLNNÍÂŒMŒ‹MÎKŽLMKMËŽMŒL‹ŒKŒLNNŒMŒËNŒÎÌŒÌÎLÌ‹ŒNÎŒŽŒKŒLNNŒMNËŒNNŒÌËLM‹ŒMÌMÎMNN‹ŒKŒLNNBŒMKNËŽNMLMÌLŒM‹NËŒNNÍŒKM‹ŒMÌMÎÍMŒËLŒMËNŒÎÌNMÍÍKÌ‹ŒNÎÎM‹LŒMŽMÎKŽLÍMÍKËŽMNMÍKLŒMŽKMÌËŽŒNLÍKŒËŒLÎLMŽLÌKLŒMÌMKÎNMMMKÍËÍÍŒÌÍMËLŒMÌKMM‹ŒÌMÍLŒNKLKŒŒŽLÌËLŒMÌ‹MKŒÌÌŒL‹LÌŒÍ‹LŒMÌËLÌ‹ŽLÍMLÍ‹LM‹ÎMÎŒLŒMÍLNKŒMÍNÌÌ‹LËMŒNMÌËLŒMÍKLÌÎŒÌÍËLÍËŒNMLLKLŒMÍ‹ŒŒŽNMŒNL‹MKLLŽLMMŒËLŒMÍËÌKŽMNLÌËML‹ÍŒŽÎKLŒMÎMMÍLŽNNMMËŽLMMÌËLŒMÎKÍ‹ÍÌÍŒŒÍ‹MŒKŽŒMLLKLŒMŽNÍÌŒNKMŒŒŒMÎÌÌKLŒMŽKKŒMLMMMÙKLMMŽNMÍLËLŒMŽ‹LNÍÌŒNKMŒŒŒMÎÌÌKLŒMŽËLÍ‹ÍÌÍŒŒÍ‹MŒKŽŒMLLKLŒMŽMMMÍLŽNMËMMËŽLMMÌËLŒMŽKMÌKŽMNLÌËML‹ÍŒŽÎKLŒMŽ‹NŒŒŽNMŒNL‹MKLLŽLMMŒËLŒMŽËLLÌÎŒÌÍËLÍËŒNMLLKLŒMŽLLNKŒMÍNÌÌ‹LËMŒNMÌËLŒMŽKLLÌ‹ŽLÍMLÍ‹LM‹ÎMÎŒLŒMŽLLMKŒÌÌŒL‹LÌŒÍ‹LŒMŽLKLMM‹ŒÌMÍLŒNKLKŒŒŽLÌËLŒMŽL‹LMKÎNMMMKÍËÍÍŒÌÍMËLŒMŽLËLMÌËŽŒNLÍKŒËŒLÎLMŽLÌKLŒMŽMLMÎKŽLÍMÍKËŽMNMÍKLŒMŽMKLNŒÎÌNMÍÍKÌ‹ŒNÎÎM‹LŒMŽM‹LNËŒNNÍŒKM‹ŒMÌMÎÍMŒËLŒMŽMËLNËŽNMLMÌ‹ŽÍNLÍMYKLMLŒMŽNLNËŒNNÍŒKLM‹ŒMÌMÎÍMŒËLŒMŽNKLNŒÎÌNMÍÍKLÌ‹ŒNÎÎM‹LŒMÌLMÎKŽLÍMÍKMËŽMNMÍKLŒMÌKLMÌËŽŒNLÍKMŒËŒLÎLMŽLÌKLŒMÌ‹LMKÎNMMMKMÍËÍÍŒÌÍMËLŒMÌËLMM‹ŒÌMÍLŒNKNLKŒŒŽLÌËLŒMÌLMKŒÌÌŒL‹LLÌŒÍ‹LŒMÌKLLÌ‹ŽLÍMLÍ‹LLM‹ÎMÎŒLŒMÌ‹LLNKŒMÍNÌÌ‹LLËMŒNMÌËLŒMÌËLLÌÎŒÌÍËLLÍËŒNMLLKLŒMÌNŒŒŽNMŒNL‹LMKLLŽLMMŒËLŒMÌKMÌKŽMNLÌËLML‹ÍŒŽÎKLŒMÌLMMMÍLŽNMËLMMËŽLMMÌËLŒMÌLKLÍ‹ÍÌÍŒŒÍ‹LMŒKŽŒMLLKLŒMÌL‹LNÍÌŒNKLMŒŒŒMÎÌÌKLŒMÌLËMLŽNMLYKLMLMŽNMÍLËLŒMÌMNÍÌŒNKLMŒŒŒMÎÌÌKLŒMÌMKÍ‹ÍÌÍŒŒÍ‹LMŒKŽŒMLLKLŒMÌM‹MMÍLŽNMËLMMËŽLMMÌËLŒMÌMËÌKŽMNLÌËLML‹ÍŒŽÎKLŒMÌNŒŒŽNMŒNL‹LMKLLŽLMMŒËLŒMÌNKLÌÎŒÌÍËLLÍËŒNMLLKLŒMÌŒLNKŒMÍNÌÌ‹LLËMŒNMÌËLŒMÌŒKLÌ‹ŽLÍMLÍ‹LLM‹ÎMÎŒLŒMÌŒ‹MKŒÌÌŒL‹LLÌŒÍ‹LŒMÌŒËMM‹ŒÌMÍLŒNKNLKŒŒŽLÌËLŒMÌMKÎNMMMKMÍËÍÍŒÌÍMËLŒMÌKMÌËŽŒNLÍKMŒËŒLÎLMŽLÌKLŒMÌ‹MÎKŽLÍMÍKMËŽMNMÍKLŒMÌËNŒÎÌNMÍÍKLÌ‹ŒNÎÎM‹LŒMÌŽNËŒNNÍŒKLM‹ŒMÌMÎÍMŒËL‚‘]H™XÛÜ™Ì‚OOOOOOOOOOOOOOOOOOOOOOOOOOOOOOOOOOOOOOOOOOOOOOOOOOOOOOOOOOOOOOOOOOOOOOOOOOB”Ý\H•[YHHB‘]HHÚ\ØÛÛXÝÙ]BŒKŒMÌÌŒŒLNKŽMÌÌŒŒLNYKL‚Œ‹ŒÍÍÌŒŒÍLÍÌKÍÍÌŒŒÍLÍÌYKL‚ŒËŒŽNMŽNÍNKŽNMŽNÍNYKL‚ŒNLŒÌÌMMŒKNLŒÌÌMMŒYKL‚KŒMÎNNLLŒ‹MÎNNLLŒ™KL‚‹ŒÌMNMŽÍÎËŒÌMNMŽÍÎÙKL‚ËŒMMNŽŽMËŒMMNŽŽMÙKL‚ŽŒÎNNMŒŒŽLŽKËŽNNMŒŒŽLŽYKL‚ŽKŒÎLÌÍŒKËŽLÌÍŒYKL‚ŒLŒÍÌLŽNNLŒËÌLŽNNLŒKL‚ŒLKŒÍNLLÌŒÍMŽL‹ËNLLÌŒÍMŽL™KL‚ŒL‹ŒÍÌMÌLNKËÌMÌLNYKL‚ŒLËŒÍŒÎNMÍÌNËŒÎNMÍÌNKL‚ŒMŒÌÌÎLMNKËŒÌÎLMNYKL‚ŒMKŒÌŽMLŒÍŒÍÍŒËËŒŽMLŒÍŒÍÍŒÙKL‚ŒM‹ŒÌÌÍÌÌLLŽKËŒÌÍÌÌLLŽYKL‚ŒMËŒÌÌÍÌÌLLŽËŒÌÍÌÌLLŽKL‚ŒNŒÌŽMLŒÍŒÍÍ‹ËŒŽMLŒÍŒÍÍ™KL‚ŒNKŒÌÌÎLMNËŒÌÎLMNKL‚ŒŒŒÍŒÎNMÍÌNËŒÎNMÍÌNKL‚ŒŒKŒÍÌMÌLNËÌMÌLNKL‚ŒŒ‹ŒÍNLLÌŒÍMŽLËËNLLÌŒÍMŽLÙKL‚ŒŒËŒÍÌLŽNNLŒËÌLŽNNLŒKL‚ŒŒÎLÌÍŒËËŽLÌÍŒÙKL‚ŒKŒÎNNMŒŒŽLŽKËŽNNMŒŒŽLŽYKL‚Œ‹ŒMMNŽŽMËŒMMNŽŽMÙKL‚ŒËŒÌMNMŽÍÎŒÌMNMŽÍÎKL‚ŒŽŒMÎNNLLŒKMÎNNLLŒYKL‚ŒŽKŒNLŒÌÌMMNLŒÌÌMMKL‚ŒÌŒŽNMŽNÍŒ‹ŽNMŽNÍŒ™KL‚ŒÌKŒÍÍÌŒŒÍLÍËÍÍÌŒŒÍLÍÙKL‚ŒÌ‹ŒMÌÌŒŒL‹ŽMÌÌŒŒL™KL‚ŒÌËŒMŒŒÌÍŒKŽMŒŒÌÍŒYKL‚ŒÍŒÍÍŒLÍŒMKÍÍŒLÍŒMYKL‚ŒÍKŒŽNLÌÍÌÌKŽNLÌÍÌÌYKL‚ŒÍ‹ŒNLÍÍÍÍÌMËNLÍÍÍÍÌMÙKL‚ŒÍËŒMLÍMLÍKL‚ŒÎŒÌNMŒKŒÌNMŒYKL‚ŒÎKŒMLNÎMËŒMLNÎMÙKL‚ŒÎNMÍÌÎLÌN‹ËŽNMÍÌÎLÌN™KL‚KŒÎÍMÍŒKËŽÍMÍŒYKL‚‹ŒÍÌLLÎÌÌLËËÌLLÎÌÌLÙKL‚ËŒÍNMÌŒÎÍËNMÌŒÎÍKL‚ŒÍMMLÌÌŒKËMMLÌÌŒYKL‚KŒÍÍÌNLKËÍÌNLYKL‚‹ŒÌÌÍŒŒMÍŽKËŒÌÍŒŒMÍŽYKL‚ËŒÌŽLÍŒŽMŒ‹ËŒŽLÍŒŽMŒ™KL‚ŒÌÌŒÎLÌMËËŒÌŒÎLÌMÙKL‚KŒÌÌŒÎLÌMÌ‹ËŒÌŒÎLÌMÌ™KL‚LŒÌŽLÍŒŽMŒËËŒŽLÍŒŽMŒÙKL‚LKŒÌÌÍŒŒMÍËËŒÌÍŒŒMÍÙKL‚L‹ŒÍÍÌNLLKËÍÌNLLYKL‚LËŒÍMMLÌÌŒKËMMLÌÌŒYKL‚MŒÍNMÌŒÎÍKËNMÌŒÎÍYKL‚MKŒÍÌLLÎÌÌL‹ËÌLLÎÌÌL™KL‚M‹ŒÎÍMÍŒËËŽÍMÍŒÙKL‚MËŒÎNMÍÌÎLÌNKËŽNMÍÌÎLÌNYKL‚NŒMLNÎNŒMLNÎNKL‚NKŒÌNMŒ‹ŒÌNMŒ™KL‚ŒŒMLÌÍËMLÌÍÙKL‚ŒKŒNLÍÍÍÍÌMËNLÍÍÍÍÌMÙKL‚Œ‹ŒŽNLÌÍÌÌKŽNLÌÍÌÌYKL‚ŒËŒÍÍŒLÍŒMËÍÍŒLÍŒMÙKL‚ŒMŒŒÌÍŒKŽMŒŒÌÍŒYKL‚KŒMÍÎLŒLMLKŽMÍÎLŒLMLYKL‚‹ŒÍÍÍŒMÌNÍÍËÍÍÍŒMÌNÍÍÙKL‚ËŒŽNNLÌÌÌLŽNNLÌÌÌLKL‚ŽŒNLŽNMNLŽNMKL‚ŽKŒMÍMŒLÍŒ‹MÍMŒLÍŒ™KL‚ÌŒÌLNŽÍŽKŒÌLNŽÍŽYKL‚ÌKŒMLÍMMŽ‹ŒMLÍMMŽ™KL‚Ì‹ŒÎNNLŒ‹ËŽNNLŒ™KL‚ÌËŒÎLŽMÌ‹ËŽLŽMÌ™KL‚ÍŒÍÌLMÎMÌÌLKËÌLMÎMÌÌLYKL‚ÍKŒÍNLNNNLNËNLNNNLNKL‚Í‹ŒÍMÍÍLMN‹ËMÍÍLMN™KL‚ÍËŒÍLÍŽËËLÍŽÙKL‚ÎŒÌÌÍÍLÎLMNËŒÌÍÍLÎLMNKL‚ÎKŒÌŽLÍŽMÎMM‹ËŒŽLÍŽMÎMM™KL‚ŽŒÌÌŒMMLŒNËËŒÌŒMMLŒNÙKL‚ŽKŒÌÌŒMMLŒNKËŒÌŒMMLŒNYKL‚Ž‹ŒÌŽLÍŽMÎMMNKËŒŽLÍŽMÎMMNYKL‚ŽËŒÌÌÍÍLÎLM‹ËŒÌÍÍLÎLM™KL‚ŽŒÍLÍŽËËLÍŽÙKL‚ŽKŒÍMÍÍLMNKËMÍÍLMNYKL‚Ž‹ŒÍNLNNNLNËNLNNNLNKL‚ŽËŒÍÌLMÎMÌÌKËÌLMÎMÌÌYKL‚ŽŒÎLŽMÌËËŽLŽMÌÙKL‚ŽKŒÎNNLŒKËŽNNLŒYKL‚ŽLŒMLÍMMŽŒMLÍMMŽKL‚ŽLKŒÌLNŽÍŽKŒÌLNŽÍŽYKL‚ŽL‹ŒMÍMŒLÍŒ‹MÍMŒLÍŒ™KL‚ŽLËŒNLŽNMNKNLŽNMNYKL‚ŽMŒŽNNLÌÌÌLŽNNLÌÌÌLKL‚ŽMKŒÍÍÍŒMÌNÎKÍÍÍŒMÌNÎYKL‚ŽM‹ŒMÍÎLŒLMKŽMÍÎLŒLMYKL‚ŽMËŒNÌMŒŒËŽNÌMŒŒÙKL‚ŽNŒÍÎŒ‹ÍÎŒ™KL‚ŽNKŒÌÍŽŒŒËÌÍŽŒŒÙKL‚ŒLŒNLLNLLËNLLNLLÙKL‚ŒLKŒNLÍŒÍÌKNLÍŒÍÌYKL‚ŒL‹ŒÌMMMLŒËŒÌMMMLŒÙKL‚ŒLËŒMLÍÌÍÌMŒMLÍÌÍÌMKL‚ŒLŒÎNNÌÍÌN‹ËŽNNÌÍÌN™KL‚ŒLKŒÎMÎMLMLËŽMÎMLMLKL‚ŒL‹ŒÍÌLNLLMËËÌLNLLMÙKL‚ŒLËŒÍNLLMÍÌËËNLLMÍÌÙKL‚ŒLŒÍMÍŒŒÌŒŽLKËMÍŒŒÌŒŽLYKL‚ŒLKŒÍÍÌMËËÍÌMÙKL‚ŒLLŒÌÌÍLŽMÌËËŒÌÍLŽMÌÙKL‚ŒLLKŒÌŽLÍŒLÌ‹ËŒŽLÍŒLÌ™KL‚ŒLL‹ŒÌÌŒLLÍKËŒÌŒLLÍYKL‚ŒLLËŒÌÌŒLLÍËËŒÌŒLLÍÙKL‚ŒLMŒÌŽLÍŒLÌËËŒŽLÍŒLÌÙKL‚ŒLMKŒÌÌÍLŽMÍKËŒÌÍLŽMÍYKL‚ŒLM‹ŒÍÍÌ‹ËÍÌ™KL‚ŒLMËŒÍMÍŒŒÌŒŽLKËMÍŒŒÌŒŽLYKL‚ŒLNŒÍNLLMÍÌËNLLMÍÌKL‚ŒLNKŒÍÌLNLLMËÌLNLLMKL‚ŒLŒŒÎMÎMLML‹ËŽMÎMLML™KL‚ŒLŒKŒÎNNÌÍÌNKËŽNNÌÍÌNYKL‚ŒLŒ‹ŒMLÍÌÍÌL‹ŒMLÍÌÍÌL™KL‚ŒLŒËŒÌMMMLŒŒÌMMMLŒKL‚ŒLŒNLÍŒÍÌNLÍŒÍÌKL‚ŒLKŒNLLNLLŽKNLLNLLŽYKL‚ŒL‹ŒÌÍŽŒÌÍŽŒKL‚ŒLËŒÍÎŒËÍÎŒÙKL‚ŒLŽŒNÌMŒKŽNÌMŒYKL‚ŒLŽKŒNLÎLLŽËŽNLÎLLŽÙKL‚ŒLÌŒÍÎÌLKÍÎÌLYKL‚ŒLÌKŒÌMÌÍÍ‹ÌMÌÍÍ™KL‚ŒLÌ‹ŒNLLMMMMÎMKNLLMMMMÎMYKL‚ŒLÌËŒNMLŒÎNNKNMLŒÎNNYKL‚ŒLÍŒÌMMÍNŒÌMMÍNKL‚ŒLÍKŒMLÍÌMÌL‹ŒMLÍÌMÌL™KL‚ŒLÍ‹ŒÎNNŽMÌLÍNËËŽNNŽMÌLÍNÙKL‚ŒLÍËŒÎLÎÌÍÌNKËŽLÎÌÍÌNYKL‚ŒLÎŒÍÌLMÎMÍMÍÌKËÌLMÎMÍMÍÌYKL‚ŒLÎKŒÍNNLÎLLŽNKËNNLÎLLŽNYKL‚ŒMŒÍMŒŽÎM‹ËMŒŽÎM™KL‚ŒMKŒÍÌÍMLMÎNKËÌÍMLMÎNYKL‚ŒM‹ŒÌÌÍNLLÍÍKËŒÌÍNLLÍÍYKL‚ŒMËŒÌŽLÍŽËËŒŽLÍŽÙKL‚ŒMŒÌÌNÌŒLMMKËŒÌNÌŒLMMYKL‚ŒMKŒÌÌNÌŒLMMËËŒÌNÌŒLMMÙKL‚ŒM‹ŒÌŽLÍŽŽNKËŒŽLÍŽŽNYKL‚ŒMËŒÌÌÍNLLÍÍËŒÌÍNLLÍÍKL‚ŒMŒÍÌÍMLNËÌÍMLNKL‚ŒMKŒÍMŒŽÎNKËMŒŽÎNYKL‚ŒMLŒÍNNLÎLLŽMËËNNLÎLLŽMÙKL‚ŒMLKŒÍÌLMÎMÍMÍÌKËÌLMÎMÍMÍÌYKL‚ŒML‹ŒÎLÎÌÍÌNKËŽLÎÌÍÌNYKL‚ŒMLËŒÎNNŽMÌLÍN‹ËŽNNŽMÌLÍN™KL‚ŒMMŒMLÍÌMÌLŒ‹ŒMLÍÌMÌLŒ™KL‚ŒMMKŒÌMMÍNËŒÌMMÍNÙKL‚ŒMM‹ŒNMLŒÎNNKNMLŒÎNNYKL‚ŒMMËŒNLLMMMMÎM‹NLLMMMMÎM™KL‚ŒMNŒÌMÌÍÍ‹ÌMÌÍÍ™KL‚ŒMNKŒÍÎÌLŒËÍÎÌLŒÙKL‚ŒMŒŒNLÎLLŽKŽNLÎLLŽYKL‚ŒMŒKŒNMÌŒŒÍ‹ŽNMÌŒŒÍ™KL‚ŒMŒ‹ŒÍÎÍLNKÍÎÍLNYKL‚ŒMŒËŒÌŒŽLÍŽL‹ÌŒŽLÍŽL™KL‚ŒMŒNLLÌLÎŽNLLÌLÎŽKL‚ŒMKŒNNLNÎLL‹NNLNÎLL™KL‚ŒM‹ŒÌMŒNMMMLKŒÌMŒNMMMLYKL‚ŒMËŒMLÍÌNÍMKŒMLÍÌNÍMYKL‚ŒMŽŒÎNNŽMŒÍÎÍKËŽNNŽMŒÍÎÍYKL‚ŒMŽKŒÎLÍŒÎLÍŒËËŽLÍŒÎLÍŒÙKL‚ŒMÌŒÍÌLMÍMÌÍÌ‹ËÌLMÍMÌÍÌ™KL‚ŒMÌKŒÍNNLŒŒMNËNNLŒŒMNKL‚ŒMÌ‹ŒÍMMŽÌMŽKËMMŽÌMŽYKL‚ŒMÌËŒÍŒÍÎMM‹ËŒÍÎMM™KL‚ŒMÍŒÌÌÍNŽËËŒÌÍNŽÙKL‚ŒMÍKŒÌŽLÌÍMLÍKËŒŽLÌÍMLÍYKL‚ŒMÍ‹ŒÌÌMÎŒŒÌ‹ËŒÌMÎŒŒÌ™KL‚ŒMÍËŒÌÌMÎŒŒÌËËŒÌMÎŒŒÌÙKL‚ŒMÎŒÌŽLÌÍMLÍKËŒŽLÌÍMLÍYKL‚ŒMÎKŒÌÌÍNŽKËŒÌÍNŽYKL‚ŒNŒÍŒÍÎMMŒËËŒÍÎMMŒÙKL‚ŒNKŒÍMMŽÌMËËMMŽÌMÙKL‚ŒN‹ŒÍNNLŒŒMNËËNNLŒŒMNÙKL‚ŒNËŒÍÌLMÍMÌÍÌ‹ËÌLMÍMÌÍÌ™KL‚ŒNŒÎLÍŒÎLÍŒËËŽLÍŒÎLÍŒÙKL‚ŒNKŒÎNNŽMŒÍÎÌËËŽNNŽMŒÍÎÌÙKL‚ŒN‹ŒMLÍÌNÍMËŒMLÍÌNÍMÙKL‚ŒNËŒÌMŒNMMMKŒÌMŒNMMMYKL‚ŒNŒNNLNÎLKNNLNÎLYKL‚ŒNKŒNLLÌLÎŽNLLÌLÎŽKL‚ŒNLŒÌŒŽLÍŽKÌŒŽLÍŽYKL‚ŒNLKŒÍÎÍLNLKÍÎÍLNLYKL‚ŒNL‹ŒNMÌŒŒÍKŽNMÌŒŒÍYKL‚ŒNLËŒNŒÌLÍNŽNŒÌLÍNKL‚ŒNMŒÍÎŽLÍÎŽLKL‚ŒNMKŒÌÍŒÍNKÌÍŒÍNYKL‚ŒNM‹ŒNLLÍÍŒÌËNLLÍÍŒÌÙKL‚ŒNMËŒNŒLNLNŒLNLKL‚ŒNNŒÌMŒÌLÍÍ‹ŒÌMŒÌLÍÍ™KL‚ŒNNKŒMLÍÍMLÍËŒMLÍÍMLÍÙKL‚ŒŒŒÎNNÌLÎL‹ËŽNNÌLÎL™KL‚ŒŒKŒÎLÍÍŽÍËŽLÍÍŽÍKL‚ŒŒ‹ŒÍÌLMÍŽŒÍÍNËÌLMÍŽŒÍÍNKL‚ŒŒËŒÍNNÍŽLKËNNÍŽLYKL‚ŒŒŒÍMMMŒŒMÌËËMMMŒŒMÌÙKL‚ŒŒKŒÍMÎKËMÎYKL‚ŒŒ‹ŒÌÌÍŒÎMLÌŒMËËŒÌÍŒÎMLÌŒMÙKL‚ŒŒËŒÌŽLÌÌMNLËËŒŽLÌÌMNLÙKL‚ŒŒŒÌÌMÍLÍÌŽNËŒÌMÍLÍÌŽNKL‚ŒŒKŒÌÌMÍLÍÌŽN‹ËŒÌMÍLÍÌŽN™KL‚ŒŒLŒÌŽLÌÌMNMËŒŽLÌÌMNMKL‚ŒŒLKŒÌÌÍŒÎMLÌŒMKËŒÌÍŒÎMLÌŒMYKL‚ŒŒL‹ŒÍMÎNKËMÎNYKL‚ŒŒLËŒÍMMMŒŒMÌËËMMMŒŒMÌÙKL‚ŒŒMŒÍNNÍŽLËËNNÍŽLÙKL‚ŒŒMKŒÍÌLMÍŽŒÍÍNKËÌLMÍŽŒÍÍNYKL‚ŒŒM‹ŒÎLÍÍŽÍËŽLÍÍŽÍKL‚ŒŒMËŒÎNNÌLÎLNKËŽNNÌLÎLNYKL‚ŒŒNŒMLÍÍMLÍ‹ŒMLÍÍMLÍ™KL‚ŒŒNKŒÌMŒÌLÍÌÎKŒÌMŒÌLÍÌÎYKL‚ŒŒŒŒNŒLNLNŒLNLKL‚ŒŒŒKŒNLLÍÍŒÌËNLLÍÍŒÌÙKL‚ŒŒŒ‹ŒÌÍŒÍNÌÍŒÍNKL‚ŒŒŒËŒÍÎŽLËÍÎŽLÙKL‚ŒŒŒNŒÌLÍM‹ŽNŒÌLÍM™KL‚ŒŒKŒNŒNMMLŽŽNŒNMMLŽKL‚ŒŒ‹ŒÍÎ‹ÍÎ™KL‚ŒŒËŒÌŽMŒ‹ÌŽMŒ™KL‚ŒŒŽŒNLLÍMÌŒËNLLÍMÌŒÙKL‚ŒŒŽKŒNŒÌŽLÌ‹NŒÌŽLÌ™KL‚ŒŒÌŒÌMŒÍÎÍŒËŒÌMŒÍÎÍŒÙKL‚ŒŒÌKŒMLÍÍLÌÍÌ‹ŒMLÍÍLÌÍÌ™KL‚ŒŒÌ‹ŒÎNNÌŒNMÍËŽNNÌŒNMÍKL‚ŒŒÌËŒÎLÎMŽN‹ËŽLÎMŽN™KL‚ŒŒÍŒÍÌLMÍÍÍMŒKËÌLMÍÍÍMŒYKL‚ŒŒÍKŒÍNNLMÍÌŒMKËNNLMÍÌŒMYKL‚ŒŒÍ‹ŒÍMMNÌÍ‹ËMMNÌÍ™KL‚ŒŒÍËŒÍNŒ‹ËNŒ™KL‚ŒŒÎŒÌÌÍŒÎLÍÌ‹ËŒÌÍŒÎLÍÌ™KL‚ŒŒÎKŒÌŽLÌÌLNMÍKËŒŽLÌÌLNMÍYKL‚ŒŒÌÌMÍNNMÌŽKËŒÌMÍNNMÌŽYKL‚ŒKŒÌÌMÍNNMÌËËŒÌMÍNNMÌÙKL‚Œ‹ŒÌŽLÌÌLNMÍËŒŽLÌÌLNMÍKL‚ŒËŒÌÌÍŒÎLÍÌKËŒÌÍŒÎLÍÌYKL‚ŒŒÍNŒ‹ËNŒ™KL‚ŒKŒÍMMNÌÍËËMMNÌÍÙKL‚Œ‹ŒÍNNLMÍÌŒMKËNNLMÍÌŒMYKL‚ŒËŒÍÌLMÍÍÍM‹ËÌLMÍÍÍM™KL‚ŒŒÎLÎMŽNËËŽLÎMŽNÙKL‚ŒKŒÎNNÌŒNMÌ‹ËŽNNÌŒNMÌ™KL‚ŒLŒMLÍÍLÌÍÌ‹ŒMLÍÍLÌÍÌ™KL‚ŒLKŒÌMŒÍÎÍŒŽKŒÌMŒÍÎÍŒŽYKL‚ŒL‹ŒNŒÌŽLÌ‹NŒÌŽLÌ™KL‚ŒLËŒNLLÍMÌŒËNLLÍMÌŒÙKL‚ŒMŒÌŽMŒËÌŽMŒÙKL‚ŒMKŒÍÎ‹ÍÎ™KL‚ŒM‹ŒNŒNMMLŽKŽNŒNMMLŽYKL‚ŒMËŒNNLŒŽLÌKŽNNLŒŽLÌYKL‚ŒNŒÍÎÎLÌËÍÎÎLÌÙKL‚ŒNKŒÌÍÍÌLÌÍÍÌLKL‚ŒŒŒNLLÌÍMÌM‹NLLÌÍMÌM™KL‚ŒŒKŒNŒNÌMÎKNŒNÌMÎYKL‚ŒŒ‹ŒÌMŒÌÌ‹ŒÌMŒÌÌ™KL‚ŒŒËŒMLÍÍÌÍŽMÍŒMLÍÍÌÍŽMÍKL‚ŒŒÎNNÌŒÍNKËŽNNÌŒÍNYKL‚ŒKŒÎLÎMÍLŒKËŽLÎMÍLŒYKL‚Œ‹ŒÍÌLMÎLKËÌLMÎLYKL‚ŒËŒÍNNNNÎŽKËNNNNÎŽYKL‚ŒŽŒÍMMÍMÍÎLËËMMÍMÍÎLÙKL‚ŒŽKŒÍMMLÍNKËMMLÍNYKL‚ŒÌŒÌÌÍÍŒËŒÌÍÍŒKL‚ŒÌKŒÌŽLÌÌŒŒLMMËËŒŽLÌÌŒŒLMMÙKL‚ŒÌ‹ŒÌÌMÍŒL‹ËŒÌMÍŒL™KL‚ŒÌËŒÌÌMÍŒLKËŒÌMÍŒLYKL‚ŒÍŒÌŽLÌÌŒŒLMM‹ËŒŽLÌÌŒŒLMM™KL‚ŒÍKŒÌÌÍÍŒ‹ËŒÌÍÍŒ™KL‚ŒÍ‹ŒÍMMLÍNËMMLÍNKL‚ŒÍËŒÍMMÍMÍÎKËMMÍMÍÎYKL‚ŒÎŒÍNNNNÎËËNNNNÎÙKL‚ŒÎKŒÍÌLMÎLKËÌLMÎLYKL‚ŒŽŒÎLÎMÍLŒKËŽLÎMÍLŒYKL‚ŒŽKŒÎNNÌŒÍNKËŽNNÌŒÍNYKL‚ŒŽ‹ŒMLÍÍÌÍŽMÍKŒMLÍÍÌÍŽMÍYKL‚ŒŽËŒÌMŒÌÌNKŒÌMŒÌÌNYKL‚ŒŽŒNŒNÌMÎKNŒNÌMÎYKL‚ŒŽKŒNLLÌÍMÌMKNLLÌÍMÌMYKL‚ŒŽ‹ŒÌÍÍÌLKÌÍÍÌLYKL‚ŒŽËŒÍÎÎLÌÍÎÎLÌKL‚ŒŽŒNNLŒŽLËŽNNLŒŽLÙKL‚ŒŽKŒNMÌÎNMŒËŽNMÌÎNMŒÙKL‚ŒŽLŒÍÎÍNLNÍÎÍNLNKL‚ŒŽLKŒÌŒNLKÌŒNLYKL‚ŒŽL‹ŒNLLÌÍMÍÍKNLLÌÍMÍÍYKL‚ŒŽLËŒNNNMŒLÎKNNNMŒLÎYKL‚ŒŽMŒÌMŒMÍŒMŽMËŒÌMŒMÍŒMŽMÙKL‚ŒŽMKŒMLÍÍÍNMËŒMLÍÍÍNMÙKL‚ŒŽM‹ŒÎNNÌŒLMÌKËŽNNÌŒLMÌYKL‚ŒŽMËŒÎLÎLŒŒÌËËŽLÎLŒŒÌÙKL‚ŒŽNŒÍÌLMÎLMMKËÌLMÎLMMYKL‚ŒŽNKŒÍNNLLLŽMÍËËNNLLLŽMÍÙKL‚ŒÌŒÍMNMLÎNKËMNMLÎNYKL‚ŒÌKŒÍÌMÍKËÌMÍYKL‚ŒÌ‹ŒÌÌÍŒNNËŒÌÍŒNNKL‚ŒÌËŒÌŽLÌÍÍÍÍKËŒŽLÌÍÍÍÍYKL‚ŒÌŒÌÌMÍÎÍËËŒÌMÍÎÍÙKL‚ŒÌKŒÌÌMÍÎÍ‹ËŒÌMÍÎÍ™KL‚ŒÌ‹ŒÌŽLÌÍÍÍÍKËŒŽLÌÍÍÍÍYKL‚ŒÌËŒÌÌÍŒNMËËŒÌÍŒNMÙKL‚ŒÌŒÍÌMÍËËÌMÍÙKL‚ŒÌKŒÍMNMLÎNËMNMLÎNKL‚ŒÌLŒÍNNLLLŽMÍËËNNLLLŽMÍÙKL‚ŒÌLKŒÍÌLMÎLMLÎËÌLMÎLMLÎKL‚ŒÌL‹ŒÎLÎLŒŒÌËŽLÎLŒŒÌKL‚ŒÌLËŒÎNNÌŒLMÌKËŽNNÌŒLMÌYKL‚ŒÌMŒMLÍÍÍNM‹ŒMLÍÍÍNM™KL‚ŒÌMKŒÌMŒMÍŒMŽMŒÌMŒMÍŒMŽMKL‚ŒÌM‹ŒNNNMŒLÎKNNNMŒLÎYKL‚ŒÌMËŒNLLÌÍMÍÌËNLLÌÍMÍÌÙKL‚ŒÌNŒÌŒNLLKÌŒNLLYKL‚ŒÌNKŒÍÎÍNLNÍÎÍNLNKL‚ŒÌŒŒNMÌÎNMŒ‹ŽNMÌÎNMŒ™KL‚ŒÌŒKŒNLLÍÍ‹ŽNLLÍÍ™KL‚ŒÌŒ‹ŒÍÎÌMÍŒNKÍÎÌMÍŒNYKL‚ŒÌŒËŒÌNÍLŒŒËÌNÍLŒŒÙKL‚ŒÌŒNLLÍMŒÎKNLLÍMŒÎYKL‚ŒÌKŒNMÎÍMNMÎÍMKL‚ŒÌ‹ŒÌMŒMLŒËŒÌMŒMLŒÙKL‚ŒÌËŒMLÍÌÌMŒÌŒ‹ŒMLÍÌÌMŒÌŒ™KL‚ŒÌŽŒÎNNÌNŒŒÎKËŽNNÌNŒŒÎYKL‚ŒÌŽKŒÎLÎLŒMLKËŽLÎLŒMLYKL‚ŒÌÌŒÍÌLMÎMNŒËËÌLMÎMNŒÙKL‚ŒÌÌKŒÍNNLŒÍÎŒËËNNLŒÍÎŒÙKL‚ŒÌÌ‹ŒÍMNMÌÎLMÎKËMNMÌÎLMÎYKL‚ŒÌÌËŒÍŽLMKËŽLMYKL‚ŒÌÍŒÌÌÍMMÎKËŒÌÍMMÎYKL‚ŒÌÍKŒÌŽLÌÍŒŒÌŒËËŒŽLÌÍŒŒÌŒÙKL‚ŒÌÍ‹ŒÌÌNLÎLMÎKËŒÌNLÎLMÎYKL‚ŒÌÍËŒÌÌNLÎLNKËŒÌNLÎLNYKL‚ŒÌÎŒÌŽLÌÍŒŒÌŒŽËŒŽLÌÍŒŒÌŒŽKL‚ŒÌÎKŒÌÌÍMMÎËŒÌÍMMÎKL‚ŒÍŒÍŽLM‹ËŽLM™KL‚ŒÍKŒÍMNMÌÎLNKËMNMÌÎLNYKL‚ŒÍ‹ŒÍNNLŒÍÎŒËËNNLŒÍÎŒÙKL‚ŒÍËŒÍÌLMÎMNŒËËÌLMÎMNŒÙKL‚ŒÍŒÎLÎLŒMLKËŽLÎLŒMLYKL‚ŒÍKŒÎNNÌNŒŒÎL‹ËŽNNÌNŒŒÎL™KL‚ŒÍ‹ŒMLÍÌÌMŒÌŒ‹ŒMLÍÌÌMŒÌŒ™KL‚ŒÍËŒÌMŒMLŒËŒÌMŒMLŒÙKL‚ŒÍŒNMÎÍM‹NMÎÍM™KL‚ŒÍKŒNLLÍMŒÍËNLLÍMŒÍÙKL‚ŒÍLŒÌNÍLŒÌNÍLŒKL‚ŒÍLKŒÍÎÌMÍŒMËÍÎÌMÍŒMÙKL‚ŒÍL‹ŒNLLÍÍËŽNLLÍÍÙKL‚ŒÍLËŒNÍŽLM‹ŽNÍŽLM™KL‚ŒÍMŒÍÎÎLÌŽËÍÎÎLÌŽÙKL‚ŒÍMKŒÌMMNMMNÌMMNMMNKL‚ŒÍM‹ŒNLLMLŽŽNLLMLŽŽKL‚ŒÍMËŒNMMÍÌN‹NMMÍÌN™KL‚ŒÍNŒÌMNŽMŒKŒÌMNŽMŒYKL‚ŒÍNKŒMLÍÌŒŒNMÌŒ‹ŒMLÍÌŒŒNMÌŒ™KL‚ŒÍŒŒÎNNÌMLÌÍËËŽNNÌMLÌÍÙKL‚ŒÍŒKŒÎLÎMŽKËŽLÎMŽYKL‚ŒÍŒ‹ŒÍÌLNMÎMÍËÌLNMÎMÍKL‚ŒÍŒËŒÍNNLÍMMMËNNLÍMMMKL‚ŒÍŒÍMŒLÌŽŒËËMŒLÌŽŒÙKL‚ŒÍKŒÍÌLLN‹ËÌLLN™KL‚ŒÍ‹ŒÌÌÍŒŽLÍÌKËŒÌÍŒŽLÍÌYKL‚ŒÍËŒÌŽLÌÎLLÌÍËËŒŽLÌÎLLÌÍÙKL‚ŒÍŽŒÌÌNÍÌLÍKËŒÌNÍÌLÍYKL‚ŒÍŽKŒÌÌNÍÌLÍËËŒÌNÍÌLÍÙKL‚ŒÍÌŒÌŽLÌÎLLÌÎËŒŽLÌÎLLÌÎKL‚ŒÍÌKŒÌÌÍŒŽLÍÌ‹ËŒÌÍŒŽLÍÌ™KL‚ŒÍÌ‹ŒÍÌLLNËÌLLNKL‚ŒÍÌËŒÍMŒLÌŽŒ‹ËMŒLÌŽŒ™KL‚ŒÍÍŒÍNNLÍMMMËNNLÍMMMKL‚ŒÍÍKŒÍÌLNMÎMÌ‹ËÌLNMÎMÌ™KL‚ŒÍÍ‹ŒÎLÎMŽKËŽLÎMŽYKL‚ŒÍÍËŒÎNNÌMLÌÍKËŽNNÌMLÌÍYKL‚ŒÍÎŒMLÍÌŒŒNMÌŒMLÍÌŒŒNMÌKL‚ŒÍÎKŒÌMNŽMŒŽŒÌMNŽMŒŽKL‚ŒÎŒNMMÍÌN‹NMMÍÌN™KL‚ŒÎKŒNLLMLŽKNLLMLŽYKL‚ŒÎ‹ŒÌMMNMMNKÌMMNMMNYKL‚ŒÎËŒÍÎÎLÌŽKÍÎÎLÌŽYKL‚ŒÎŒNÍŽLM‹ŽNÍŽLM™KL‚ŒÎKŒNÌLMKŽNÌLMYKL‚ŒÎ‹ŒÍÎŽŽÍKÍÎŽŽÍYKL‚ŒÎËŒÌLLŒËÌLLŒÙKL‚ŒÎŒNLLŒÍLËNLLŒÍLÙKL‚ŒÎKŒNLÍŒŽÍNLÍŒŽÍKL‚ŒÎLŒÌMMÌNMÍMŒÌMMÌNMÍMKL‚ŒÎLKŒMLÍÌLŽMÍMŒMLÍÌLŽMÍMKL‚ŒÎL‹ŒÎNNÌLMÎM‹ËŽNNÌLMÎM™KL‚ŒÎLËŒÎLÎMMNÌKËŽLÎMMNÌYKL‚ŒÎMŒÍÌLNLLŒŽËËÌLNLLŒŽÙKL‚ŒÎMKŒÍNNMÍNŽËNNMÍNŽKL‚ŒÎM‹ŒÍMŒŽNÍKËMŒŽNÍYKL‚ŒÎMËŒÍÌŽLŒÌKËÌŽLŒÌYKL‚ŒÎNŒÌÌÍŽLMÍËŒÌÍŽLMÍKL‚ŒÎNKŒÌŽLÍLŽËŒŽLÍLŽKL‚ŒÌÌNÌLÎËŒÌNÌLÎKL‚KŒÌÌNÌL‹ËŒÌNÌL™KL‚‹ŒÌŽLÍLŽ‹ËŒŽLÍLŽ™KL‚ËŒÌÌÍŽLMÍŒËËŒÌÍŽLMÍŒÙKL‚ŒÍÌŽLŒÌKËÌŽLŒÌYKL‚KŒÍMŒŽNÍËMŒŽNÍKL‚‹ŒÍNNMÍNŽËNNMÍNŽKL‚ËŒÍÌLNLLŒŽËËÌLNLLŒŽÙKL‚ŒÎLÎMMNÌKËŽLÎMMNÌYKL‚KŒÎNNÌLMÎMKËŽNNÌLMÎMYKL‚LŒMLÍÌLŽMÍLËŒMLÍÌLŽMÍLÙKL‚LKŒÌMMÌNMÍMKŒÌMMÌNMÍMYKL‚L‹ŒNLÍŒŽÌÎKNLÍŒŽÌÎYKL‚LËŒNLLŒÍMNLLŒÍMKL‚MŒÌLLŒÌLLŒKL‚MKŒÍÎŽŽÍKÍÎŽŽÍYKL‚M‹ŒNÌLMKŽNÌLMYKL‚MËŒNNŒŒ‹ŽNNŒŒ™KL‚NŒÍÎŒMÍÌNÌËÍÎŒMÍÌNÌÙKL‚NKŒÌNNÍNKÌNNÍNYKL‚ŒŒNLLŒLLLLËNLLŒLLLLÙKL‚ŒKŒNLMÍÌŒNKNLMÍÌŒNYKL‚Œ‹ŒÌMMNÌNMKŒÌMMNÌNMYKL‚ŒËŒMLÍÌŒLËŒMLÍÌŒLÙKL‚ŒÎNNÌÎLÎKËŽNNÌÎLÎYKL‚KŒÎLÎNLÍËËŽLÎNLÍÙKL‚‹ŒÍÌLNMÌÎËÌLNMÌÎKL‚ËŒÍNNMMÍÌÌÌ‹ËNNMMÍÌÌÌ™KL‚ŽŒÍMMŒNËMMŒNKL‚ŽKŒÍÍÌLKËÍÌLYKL‚ÌŒÌÌÍLLNLËŒÌÍLLNLKL‚ÌKŒÌŽLÍŒMÎMÍËŒŽLÍŒMÎMÍKL‚Ì‹ŒÌÌNÍŒKËŒÌNÍŒYKL‚ÌËŒÌÌNÍŒKËŒÌNÍŒYKL‚ÍŒÌŽLÍŒMÎMÍ‹ËŒŽLÍŒMÎMÍ™KL‚ÍKŒÌÌÍLLNLKËŒÌÍLLNLYKL‚Í‹ŒÍÍÌL‹ËÍÌL™KL‚ÍËŒÍMMŒNËËMMŒNÙKL‚ÎŒÍNNMMÍÌÌÌËËNNMMÍÌÌÌÙKL‚ÎKŒÍÌLNMÌÎKËÌLNMÌÎYKL‚ŒÎLÎNLÍ‹ËŽLÎNLÍ™KL‚KŒÎNNÌÎLÎKËŽNNÌÎLÎYKL‚‹ŒMLÍÌŒMŒMLÍÌŒMKL‚ËŒÌMMNÌNMKŒÌMMNÌNMYKL‚ŒNLMÍÌŒM‹NLMÍÌŒM™KL‚KŒNLLŒLLLL‹NLLŒLLLL™KL‚‹ŒÌNNÍNÌNNÍNKL‚ËŒÍÎŒMÍÌNÌKÍÎŒMÍÌNÌYKL‚ŒNNŒ‹ŽNNŒ™KL‚KŒNÎÌŒÍ‹ŽNÎÌŒÍ™KL‚LŒÍÎNLŒLÍÍ‹ÍÎNLŒLÍÍ™KL‚LKŒÌÍNMËÌÍNMÙKL‚L‹ŒNLLNNÍNLLNNÍKL‚LËŒNLMŒÍNLMŒÍKL‚MŒÌMMŒŒNŒÌMMŒŒNKL‚MKŒMLÍŽMŽÍÍŒMLÍŽMŽÍÍKL‚M‹ŒÎNNÌLŽLŒËŽNNÌLŽLŒKL‚MËŒÎLÎNLŽËŽLÎNLŽKL‚NŒÍÌLNŒŒŒMMÍKËÌLNŒŒŒMMÍYKL‚NKŒÍNNMMMÍKËNNMMMÍYKL‚ŒŒÍMLÌÍŒËMLÌÍŒKL‚ŒKŒÍÍMÌÌÌKËÍMÌÌÌYKL‚Œ‹ŒÌÌÍLMÌŽLËËŒÌÍLMÌŽLÙKL‚ŒËŒÌŽLÍÍLÎÍËËŒŽLÍÍLÎÍÙKL‚ŒÌÌNMÌŒMËËŒÌNMÌŒMÙKL‚KŒÌÌNMÌŒMËËŒÌNMÌŒMÙKL‚‹ŒÌŽLÍÍLÎÍ‹ËŒŽLÍÍLÎÍ™KL‚ËŒÌÌÍLMÌŽLÌKËŒÌÍLMÌŽLÌYKL‚ŽŒÍÍMÌÌÌËËÍMÌÌÌÙKL‚ŽKŒÍMLÌÍŒËMLÌÍŒKL‚ÌŒÍNNMMMÍKËNNMMMÍYKL‚ÌKŒÍÌLNŒŒŒMMÍËËÌLNŒŒŒMMÍÙKL‚Ì‹ŒÎLÎNLŽËËŽLÎNLŽÙKL‚ÌËŒÎNNÌLŽLŒËŽNNÌLŽLŒKL‚ÍŒMLÍŽMŽÍÍKŒMLÍŽMŽÍÍYKL‚ÍKŒÌMMŒŒMËŒÌMMŒŒMÙKL‚Í‹ŒNLMŒÍKNLMŒÍYKL‚ÍËŒNLLNNÍNLLNNÍKL‚ÎŒÌÍNMÌÍNMKL‚ÎKŒÍÎNLŒLÍÌËÍÎNLŒLÍÌÙKL‚ŒNÎÌŒÍ‹ŽNÎÌŒÍ™KL‚KŒNÍŒÍÍNŽNÍŒÍÍNKL‚‹ŒÍÎMÌL‹ÍÎMÌL™KL‚ËŒÌMŒ‹ÌMŒ™KL‚ŒNLLMŒÍÍLŒ‹NLLMŒÍÍLŒ™KL‚KŒNÌÌÍ‹NÌÌÍ™KL‚‹ŒÌMLÍNŽMMŒÌMLÍNŽMMKL‚ËŒMLÍŽLÌÍMËŒMLÍŽLÌÍMÙKL‚ŒÎNNÌLŒNKËŽNNÌLŒNYKL‚KŒÎMNLËŽMNLKL‚LŒÍÌLNMÌLÍËÌLNMÌLÍKL‚LKŒÍNNMÌŽLMÍËNNMÌŽLMÍKL‚L‹ŒÍMŒÍNMKËMŒÍNMYKL‚LËŒÍÍŽMMNKËÍŽMMNYKL‚MŒÌÌÍLÌLLÎLŒËËŒÌÍLÌLLÎLŒÙKL‚MKŒÌŽLÍNŒ‹ËŒŽLÍNŒ™KL‚M‹ŒÌÌNLMÌÌMKËŒÌNLMÌÌMYKL‚MËŒÌÌNLMÌÌMKËŒÌNLMÌÌMYKL‚NŒÌŽLÍNŒKËŒŽLÍNŒYKL‚NKŒÌÌÍLÌLLÎLŒËËŒÌÍLÌLLÎLŒÙKL‚LŒÍÍŽMMNLËËÍŽMMNLÙKL‚LKŒÍMŒÍNMËËMŒÍNMÙKL‚L‹ŒÍNNMÌŽLMÍËËNNMÌŽLMÍÙKL‚LËŒÍÌLNMÌLÍKËÌLNMÌLÍYKL‚LŒÎMNLKËŽMNLYKL‚LKŒÎNNÌLŒNËŽNNÌLŒNKL‚L‹ŒMLÍŽLÌÍMËŒMLÍŽLÌÍMÙKL‚LËŒÌMLÍNŽMLKŒÌMLÍNŽMLYKL‚LŒNÌÌÍNÌÌÍKL‚LKŒNLLMŒÍÍLŒKNLLMŒÍÍLŒYKL‚LLŒÌMŒÌMŒKL‚LLKŒÍÎMÌLÍÎMÌLKL‚LL‹ŒNÍŒÍÍNŽNÍŒÍÍNKL‚LLËŒNÍLLŒNKŽNÍLLŒNYKL‚LMŒÍÎMLNMŽNËÍÎMLNMŽNÙKL‚LMKŒÌÎMÍŒL‹ÌÎMÍŒL™KL‚LM‹ŒNLLMLÎËNLLMLÎÙKL‚LMËŒNÍMNMNÍMNMKL‚LNŒÌMLŽMŒÎKŒÌMLŽMŒÎYKL‚LNKŒMLÍŽŒŒKŒMLÍŽŒŒYKL‚LŒŒÎNNÌLL‹ËŽNNÌLL™KL‚LŒKŒÎMLML‹ËŽMLML™KL‚LŒ‹ŒÍÌLNÌNLËËÌLNÌNLÙKL‚LŒËŒÍNNMÎLMLÌKËNNMÎLMLÌYKL‚LŒÍMÌNŒ‹ËMÌNŒ™KL‚LKŒÍÍÎNËÍÎNKL‚L‹ŒÌÌÍMŽMÍKËŒÌÍMŽMÍYKL‚LËŒÌŽLÍÌLLÌLÎËŒŽLÍÌLLÌLÎKL‚LŽŒÌÌNLMLËËŒÌNLMLÙKL‚LŽKŒÌÌNLMLËŒÌNLMLKL‚LÌŒÌŽLÍÌLLÌMKËŒŽLÍÌLLÌMYKL‚LÌKŒÌÌÍMŽMÌËËŒÌÍMŽMÌÙKL‚LÌ‹ŒÍÍÎN‹ËÍÎN™KL‚LÌËŒÍMÌNKËMÌNYKL‚LÍŒÍNNMÎLMLËËNNMÎLMLÙKL‚LÍKŒÍÌLNÌNLËËÌLNÌNLÙKL‚LÍ‹ŒÎMLMLKËŽMLMLYKL‚LÍËŒÎNNÌLLËËŽNNÌLLÙKL‚LÎŒMLÍŽŒŒL‹ŒMLÍŽŒŒL™KL‚LÎKŒÌMLŽMŒÎKŒÌMLŽMŒÎYKL‚MŒNÍMNMNÍMNMKL‚MKŒNLLMLÎ‹NLLMLÎ™KL‚M‹ŒÌÎMÍŒKÌÎMÍŒYKL‚MËŒÍÎMLNMŽNËÍÎMLNMŽNÙKL‚MŒNÍLLŒN‹ŽNÍLLŒN™KL‚MKŒNÌMŽMMËŽNÌMŽMMÙKL‚M‹ŒÍÎLÍÌŒÌÍKÍÎLÍÌŒÌÍYKL‚MËŒÌŒŽŒKÌŒŽŒYKL‚MŒNLLLÍÌÍLÌNKNLLLÍÌÍLÌNYKL‚MKŒNNLÎMMNNLÎMMKL‚MLŒÌMLNNMŒÍÍKŒÌMLNNMŒÍÍYKL‚MLKŒMLÍŽÍKŒMLÍŽÍYKL‚ML‹ŒÎNNŽNÍÍŒËËŽNNŽNÍÍŒÙKL‚MLËŒÎMMÌMMËËŽMMÌMMÙKL‚MMŒÍÌLNÌÌÎLÌÎKËÌLNÌÌÎLÌÎYKL‚MMKŒÍNNNŽ‹ËNNNŽ™KL‚MM‹ŒÍMÎLÎLËËMÎLÎLÙKL‚MMËŒÍÎMMŒŒKËÎMMŒŒYKL‚MNŒÌÌÍMLÌLMËŒÌÍMLÌLMKL‚MNKŒÌŽLÍMÎËËŒŽLÍMÎÙKL‚MŒŒÌÌNLLLÍÌËËŒÌNLLLÍÌÙKL‚MŒKŒÌÌNLLLÍÌËËŒÌNLLLÍÌÙKL‚MŒ‹ŒÌŽLÍMÎ‹ËŒŽLÍMÎ™KL‚MŒËŒÌÌÍMLÌLMËËŒÌÍMLÌLMÙKL‚MŒÍÎMMŒNKËÎMMŒNYKL‚MKŒÍMÎLÎLKËMÎLÎLYKL‚M‹ŒÍNNNŽ‹ËNNNŽ™KL‚MËŒÍÌLNÌÌÎLÍËÌLNÌÌÎLÍKL‚MŽŒÎMMÌMM‹ËŽMMÌMM™KL‚MŽKŒÎNNŽNÍÍKËŽNNŽNÍÍYKL‚MÌŒMLÍŽÌËŒMLÍŽÌÙKL‚MÌKŒÌMLNNMŒÍÍËŒÌMLNNMŒÍÍÙKL‚MÌ‹ŒNNLÎMMKNNLÎMMYKL‚MÌËŒNLLLÍÌÍLÌNNLLLÍÌÍLÌNKL‚MÍŒÌŒŽŒËÌŒŽŒÙKL‚MÍKŒÍÎLÍÌŒÌÌ‹ÍÎLÍÌŒÌÌ™KL‚MÍ‹ŒNÌMŽMMËŽNÌMŽMMÙKL‚MÍËŒNÌLÍŒM‹ŽNÌLÍŒM™KL‚MÎŒÍÎLMŽLÌLËÍÎLMŽLÌLÙKL‚MÎKŒÌMMÍÌLNÌMMÍÌLNKL‚NŒNLLLŽL‹NLLLŽL™KL‚NKŒNNNMÎËNNNMÎÙKL‚N‹ŒÌMLMNLNËŒÌMLMNLNÙKL‚NËŒMLÍÍŽMÌŒKŒMLÍÍŽMÌŒYKL‚NŒÎNNŽMÌŒÎËËŽNNŽMÌŒÎÙKL‚NKŒÎMŒMÌËËŽMŒMÌÙKL‚N‹ŒÍÌLNÍŒŒŒËËÌLNÍŒŒŒÙKL‚NËŒÍNNNLÍML‹ËNNNLÍML™KL‚NŒÍMŽLLÌÌKËMŽLLÌÌYKL‚NKŒÍÎMNËÎMNKL‚NLŒÌÌÍMŒMŒKËŒÌÍMŒMŒYKL‚NLKŒÌŽLÍLMÌKËŒŽLÍLMÌYKL‚NL‹ŒÌÌNLÍÌÌÎKËŒÌNLÍÌÌÎYKL‚NLËŒÌÌNLÍÌÌÍÎKËŒÌNLÍÌÌÍÎYKL‚NMŒÌŽLÍLMÌKËŒŽLÍLMÌYKL‚NMKŒÌÌÍMŒMŒKËŒÌÍMŒMŒYKL‚NM‹ŒÍÎMN‹ËÎMN™KL‚NMËŒÍMŽLLÌŽKËMŽLLÌŽYKL‚NNŒÍNNNLÍML‹ËNNNLÍML™KL‚NNKŒÍÌLNÍŒŒŒËËÌLNÍŒŒŒÙKL‚ŒŒÎMŒMÌËËŽMŒMÌÙKL‚ŒKŒÎNNŽMÌŒÎËËŽNNŽMÌŒÎÙKL‚Œ‹ŒMLÍÍŽMÌŒMLÍÍŽMÌKL‚ŒËŒÌMLMNLNKŒÌMLMNLNYKL‚ŒŒNNNMÎËNNNMÎÙKL‚ŒKŒNLLLŽL‹NLLLŽL™KL‚Œ‹ŒÌMMÍÌLNKÌMMÍÌLNYKL‚ŒËŒÍÎLMŽLÌL‹ÍÎLMŽLÌL™KL‚ŒŒNÌLÍŒMKŽNÌLÍŒMYKL‚ŒKŒNŽN‹ŽNŽN™KL‚ŒLŒÍÎLLLŒÌLÍ‹ÍÎLLLŒÌLÍ™KL‚ŒLKŒÌŒÍLŒKÌŒÍLŒYKL‚ŒL‹ŒNLLLMŒŽLÎL‹NLLLMŒŽLÎL™KL‚ŒLËŒNNNNNNKL‚ŒMŒÌMLÌÎKŒÌMLÌÎYKL‚ŒMKŒMLÍÌMLŒKŒMLÍÌMLŒYKL‚ŒM‹ŒÎNNŽLÌÍMÎKËŽNNŽLÌÍMÎYKL‚ŒMËŒÎMÌ‹ËŽMÌ™KL‚ŒNŒÍÌLNÍN‹ËÌLNÍN™KL‚ŒNKŒÍNNNLLLŽMËËNNNLLLŽMÙKL‚ŒŒŒÍMŽŒÌÍŒËËMŽŒÌÍŒÙKL‚ŒŒKŒÍŒŒËËŒŒÙKL‚ŒŒ‹ŒÌÌÍMNMËŒÌÍMNMKL‚ŒŒËŒÌŽLÍMÌMNËŒŽLÍMÌMNKL‚ŒŒÌÌNMLMÍŒKËŒÌNMLMÍŒYKL‚ŒKŒÌÌNMLMÍŒKËŒÌNMLMÍŒYKL‚Œ‹ŒÌŽLÍMÌMMÎKËŒŽLÍMÌMMÎYKL‚ŒËŒÌÌÍMNM‹ËŒÌÍMNM™KL‚ŒŽŒÍŒËŒKL‚ŒŽKŒÍMŽŒÌÍŒËËMŽŒÌÍŒÙKL‚ŒÌŒÍNNNLLLŽM‹ËNNNLLLŽM™KL‚ŒÌKŒÍÌLNÍNKËÌLNÍNYKL‚ŒÌ‹ŒÎMÌËËŽMÌÙKL‚ŒÌËŒÎNNŽLÌÍMÎ‹ËŽNNŽLÌÍMÎ™KL‚ŒÍŒMLÍÌMLŒËŒMLÍÌMLŒÙKL‚ŒÍKŒÌMLÌÎ‹ŒÌMLÌÎ™KL‚ŒÍ‹ŒNNM‹NNM™KL‚ŒÍËŒNLLLMŒŽLÎM‹NLLLMŒŽLÎM™KL‚ŒÎŒÌŒÍLŒKÌŒÍLŒYKL‚ŒÎKŒÍÎLLLŒÌLÌKÍÎLLLŒÌLÌYKL‚ŒNŽN‹ŽNŽN™KL‚KŒNÎŒM‹ŽNÎŒM™KL‚‹ŒÍÎLŒLMËÍÎLŒLMÙKL‚ËŒÌÎÎÌMÌÎÎÌMKL‚ŒNLLLLÌKNLLLLÌYKL‚KŒNÍŒNNÍŒNKL‚‹ŒÌMMŒLÎKŒÌMMŒLÎYKL‚ËŒMLÍŒMMŒMŒMLÍŒMMŒMKL‚ŒÎNNŽŽKËŽNNŽŽYKL‚KŒÎLÎMŒŒÍÌËËŽLÎMŒŒÍÌÙKL‚LŒÍÌLNÌÎLÍŒM‹ËÌLNÌÎLÍŒM™KL‚LKŒÍNNNLÍL‹ËNNNLÍL™KL‚L‹ŒÍMŽMÌKËMŽMÌYKL‚LËŒÍŽNNLËŽNNLKL‚MŒÌÌÍMÌŽÍKËŒÌÍMÌŽÍYKL‚MKŒÌŽLÍLLLÎMËŒŽLÍLLLÎMKL‚M‹ŒÌÌNMMÍKËŒÌNMMÍYKL‚MËŒÌÌNMMÍKËŒÌNMMÍYKL‚NŒÌŽLÍLLLÎMKËŒŽLÍLLLÎMYKL‚NKŒÌÌÍMÌŽÍ‹ËŒÌÍMÌŽÍ™KL‚ŒŒÍŽNNLËŽNNLKL‚ŒKŒÍMŽMÌ‹ËMŽMÌ™KL‚Œ‹ŒÍNNNLÍLKËNNNLÍLYKL‚ŒËŒÍÌLNÌÎLÍŒM‹ËÌLNÌÎLÍŒM™KL‚ŒÎLÎMŒŒÍÍËŽLÎMŒŒÍÍKL‚KŒÎNNŽŽËŽNNŽŽKL‚‹ŒMLÍŒMMŒMËŒMLÍŒMMŒMÙKL‚ËŒÌMMŒMËŒÌMMŒMÙKL‚ŽŒNÍŒNKNÍŒNYKL‚ŽKŒNLLLLËNLLLLÙKL‚ÌŒÌÎÎÌL‹ÌÎÎÌL™KL‚ÌKŒÍÎLŒLMËÍÎLŒLMÙKL‚Ì‹ŒNÎŒMËŽNÎŒMÙKL‚ÌËŒNÌLŒŒËŽNÌLŒŒÙKL‚ÍŒÍÎLŒÌŒÍLKÍÎLŒÌŒÍLYKL‚ÍKŒÌMÍŽKÌMÍŽYKL‚Í‹ŒNLLLŽŒMMÎKNLLLŽŒMMÎYKL‚ÍËŒNŒNŒÎKNŒNŒÎYKL‚ÎŒÌMLNLŽMÎKŒÌMLNLŽMÎYKL‚ÎKŒMLÍŽMMMKŒMLÍŽMMMYKL‚ŽŒÎNNÌŽLÌËŽNNÌŽLÌKL‚ŽKŒÎMMŽMËŽMMŽMKL‚Ž‹ŒÍÌLNLÍÍMÍKËÌLNLÍÍMÍYKL‚ŽËŒÍNLMÍLMËNLMÍLMKL‚ŽŒÍMÌÍÌŒLÍKËMÌÍÌŒLÍYKL‚ŽKŒÍMNNÍÌ‹ËMNNÍÌ™KL‚Ž‹ŒÌÌÍNŒŽÍMKËŒÌÍNŒŽÍMYKL‚ŽËŒÌŽLÍLLŽL‹ËŒŽLÍLLŽL™KL‚ŽŒÌÌNMMŽLŽËŒÌNMMŽLŽKL‚ŽKŒÌÌNMMŽLŽKËŒÌNMMŽLŽYKL‚ŽLŒÌŽLÍLLŽLKËŒŽLÍLLŽLYKL‚ŽLKŒÌÌÍNŒŽÍM‹ËŒÌÍNŒŽÍM™KL‚ŽL‹ŒÍMNNÍÌËËMNNÍÌÙKL‚ŽLËŒÍMÌÍÌŒLÌËËMÌÍÌŒLÌÙKL‚ŽMŒÍNLMÍLMËNLMÍLMKL‚ŽMKŒÍÌLNLÍÍMÍ‹ËÌLNLÍÍMÍ™KL‚ŽM‹ŒÎMMŽMËŽMMŽMKL‚ŽMËŒÎNNÌŽLÌËËŽNNÌŽLÌÙKL‚ŽNŒMLÍŽMMMKŒMLÍŽMMMYKL‚ŽNKŒÌMLNLŽMÎLKŒÌMLNLŽMÎLYKL‚ÌŒNŒNŒÎKNŒNŒÎYKL‚ÌKŒNLLLŽŒMNNLLLŽŒMNKL‚Ì‹ŒÌMÍËÌMÍÙKL‚ÌËŒÍÎLŒÌŒÍLËÍÎLŒÌŒÍLÙKL‚ÌŒNÌLŒŒŽŽNÌLŒŒŽKL‚ÌKŒNŒÍLÌËŽNŒÍLÌÙKL‚Ì‹ŒÍÎŒÌÍKÍÎŒÌÍYKL‚ÌËŒÌLNMMŒLLËÌLNMMŒLLÙKL‚ÌŒNLLŒŒÍMËNLLŒŒÍMÙKL‚ÌKŒNMLMŒKNMLMŒYKL‚ÌLŒÌMNNMLÌ‹ŒÌMNNMLÌ™KL‚ÌLKŒMLÍÍMLLËŒMLÍÍMLLÙKL‚ÌL‹ŒÎNNÍŽÍŽM‹ËŽNNÍŽÍŽM™KL‚ÌLËŒÎMŽÎÎËŽMŽÎÎKL‚ÌMŒÍÌLNMŒÌLML‹ËÌLNMŒÌLML™KL‚ÌMKŒÍNLŒLÍÍËNLŒLÍÍKL‚ÌM‹ŒÍMÌÍŽNN‹ËMÌÍŽNN™KL‚ÌMËŒÍKËYKL‚ÌNŒÌÌÍŒÍÍÍÍËŒÌÍŒÍÍÍÍKL‚ÌNKŒÌŽLÍLÍŒÍMKËŒŽLÍLÍŒÍMYKL‚ÌŒŒÌÌNMÎLKËŒÌNMÎLYKL‚ÌŒKŒÌÌNMÎLËËŒÌNMÎLÙKL‚ÌŒ‹ŒÌŽLÍLÍŒÍMËËŒŽLÍLÍŒÍMÙKL‚ÌŒËŒÌÌÍŒÍÍÍÍ‹ËŒÌÍŒÍÍÍÍ™KL‚ÌŒÍKËYKL‚ÌKŒÍMÌÍŽNNËËMÌÍŽNNÙKL‚Ì‹ŒÍNLŒLÍÍËËNLŒLÍÍÙKL‚ÌËŒÍÌLNMŒÌLMLËËÌLNMŒÌLMLÙKL‚ÌŽŒÎMŽÎÍËËŽMŽÎÍÙKL‚ÌŽKŒÎNNÍŽÍŽM‹ËŽNNÍŽÍŽM™KL‚ÌÌŒMLÍÍMLL‹ŒMLÍÍMLL™KL‚ÌÌKŒÌMNNMLÌKŒÌMNNMLÌYKL‚ÌÌ‹ŒNMLMŒ‹NMLMŒ™KL‚ÌÌËŒNLLŒŒÍMËNLLŒŒÍMÙKL‚ÌÍŒÌLNMMŒLL‹ÌLNMMŒLL™KL‚ÌÍKŒÍÎŒÌÍ‹ÍÎŒÌÍ™KL‚ÌÍ‹ŒNŒÍLÌËŽNŒÍLÌÙKL‚ÌÍËŒNÍLŒËŽNÍLŒÙKL‚ÌÎŒÍÍÎLÍÌLÌ‹ÍÍÎLÍÌLÌ™KL‚ÌÎKŒÌNMLÍMËÌNMLÍMÙKL‚ÍŒNLLŒKNLLŒYKL‚ÍKŒMÎÍLNÌËMÎÍLNÌÙKL‚Í‹ŒÌLÍLÌÍMMÍKŒÌLÍLÌÍMMÍYKL‚ÍËŒMLÍLÎLNNŒMLÍLÎLNNKL‚ÍŒÎNNNÍÍËËŽNNNÍÍÙKL‚ÍKŒÎLÌLÎNLËËŽLÌLÎNLÙKL‚Í‹ŒÍÌLMÍËËÌLMÍÙKL‚ÍËŒÍNNLÍLÎLŽMËNNLÍLÎLŽMKL‚ÍŒÍMŽLÌÌKËMŽLÌÌYKL‚ÍKŒÍÍÌNËËÍÌNÙKL‚ÍLŒÌÌÍMÎÍ‹ËŒÌÍMÎÍ™KL‚ÍLKŒÌŽLÍLMMKËŒŽLÍLMMYKL‚ÍL‹ŒÌÌNLÍÌŒKËŒÌNLÍÌŒYKL‚ÍLËŒÌÌNLÍÌŒËËŒÌNLÍÌŒÙKL‚ÍMŒÌŽLÍLMM‹ËŒŽLÍLMM™KL‚ÍMKŒÌÌÍMÎÍËŒÌÍMÎÍKL‚ÍM‹ŒÍÍÌNÌKËÍÌNÌYKL‚ÍMËŒÍMŽLÌÌKËMŽLÌÌYKL‚ÍNŒÍNNLÍLÎLŽLËËNNLÍLÎLŽLÙKL‚ÍNKŒÍÌLMÍŽËÌLMÍŽKL‚ÍŒŒÎLÌLÎNL‹ËŽLÌLÎNL™KL‚ÍŒKŒÎNNNÍÍKËŽNNNÍÍYKL‚ÍŒ‹ŒMLÍLÎLNNŒMLÍLÎLNNKL‚ÍŒËŒÌLÍLÌÍMMÍËŒÌLÍLÌÍMMÍÙKL‚ÍŒMÎÍLNÍMÎÍLNÍKL‚ÍKŒNLLŒ‹NLLŒ™KL‚Í‹ŒÌNMLÍMKÌNMLÍMYKL‚ÍËŒÍÍÎLÍÌLÌ‹ÍÍÎLÍÌLÌ™KL‚ÍŽŒNÍLŒÌKŽNÍLŒÌYKL‚ÍŽKŒMŽNLŒKŽMŽNLŒYKL‚ÍÌŒÍÍŽMNKÍÍŽMNYKL‚ÍÌKŒŽNLŽNLËŽNLŽNLÙKL‚ÍÌ‹ŒNNLLÌÌ‹NNLLÌÌ™KL‚ÍÌËŒMŽLŒLËMŽLŒLÙKL‚ÍÍŒÌÍŒŒŒŽMKŒÌÍŒŒŒŽMYKL‚ÍÍKŒMLÍÌMÎMŒMLÍÌMÎMKL‚ÍÍ‹ŒÎNMÍLŒÎŒËŽNMÍLŒÎŒKL‚ÍÍËŒÎÍLŒŒMËËŽÍLŒŒMÙKL‚ÍÎŒÍÌLLŽMÌŒÌŽKËÌLLŽMÌŒÌŽYKL‚ÍÎKŒÍNMMÍMŽËNMMÍMŽKL‚ÎŒÍLÌMÎLÌL‹ËLÌMÎLÌL™KL‚ÎKŒÍLKËLYKL‚Î‹ŒÌÌÍŒÌMÌŒËŒÌÍŒÌMÌŒKL‚ÎËŒÌŽLÌÎNLËËŒŽLÌÎNLÙKL‚ÎŒÌÌMÍNLÌ‹ËŒÌMÍNLÌ™KL‚ÎKŒÌÌMÍNLÌKËŒÌMÍNLÌYKL‚Î‹ŒÌŽLÌÎNL‹ËŒŽLÌÎNL™KL‚ÎËŒÌÌÍŒÌMÌŒŒ‹ËŒÌÍŒÌMÌŒŒ™KL‚ÎŒÍLKËLYKL‚ÎKŒÍLÌMÎLÌLËËLÌMÎLÌLÙKL‚ÎLŒÍNMMÍMŽËNMMÍMŽKL‚ÎLKŒÍÌLLŽMÌŒÌÌKËÌLLŽMÌŒÌÌYKL‚ÎL‹ŒÎÍLŒŒNËŽÍLŒŒNKL‚ÎLËŒÎNMÍLŒÎŒŒ‹ËŽNMÍLŒÎŒŒ™KL‚ÎMŒMLÍÌMÎMËŒMLÍÌMÎMÙKL‚ÎMKŒÌÍŒŒŒŽNŒÌÍŒŒŒŽNKL‚ÎM‹ŒMŽLŒMMŽLŒMKL‚ÎMËŒNNLLÌÌNNNLLÌÌNKL‚ÎNŒŽNLŽNLËŽNLŽNLÙKL‚ÎNKŒÍÍŽMNKÍÍŽMNYKL‚ŽŒMŽNLŒKŽMŽNLŒYKL‚ŽKŒNMÍŒ‹ŽNMÍŒ™KL‚Ž‹ŒÍÎMLÍÎLÍÎMLÍÎLKL‚ŽËŒÌMÍŒŽMKÌMÍŒŽMYKL‚ŽŒNLŒÎLÌŽ‹NLŒÎLÌŽ™KL‚ŽKŒNLŒÍM‹NLŒÍM™KL‚Ž‹ŒÌLMÎLËŒÌLMÎLÙKL‚ŽËŒMMNLMŒMMNLMKL‚ŽŒÎNNLNMMÌ‹ËŽNNLNMMÌ™KL‚ŽKŒÎLÎMMÍŒ‹ËŽLÎMMÍŒ™KL‚ŽLŒÍÌLLMÍÍNËÌLLMÍÍNKL‚ŽLKŒÍNLÍŒLŒËËNLÍŒLŒÙKL‚ŽL‹ŒÍŒMÍLÌÌLËËŒMÍLÌÌLÙKL‚ŽLËŒÍLMÌLM‹ËLMÌLM™KL‚ŽMŒÌÌÍŽŽÎËËŒÌÍŽŽÎÙKL‚ŽMKŒÌŽLÍÍŽÍŽML‹ËŒŽLÍÍŽÍŽML™KL‚ŽM‹ŒÌÌŒNMÌLNMËŒÌŒNMÌLNMKL‚ŽMËŒÌÌŒNMÌLNMKËŒÌŒNMÌLNMYKL‚ŽNŒÌŽLÍÍŽÍŽML‹ËŒŽLÍÍŽÍŽML™KL‚ŽNKŒÌÌÍŽŽÎËËŒÌÍŽŽÎÙKL‚ŽŒŒÍLMÌLMËËLMÌLMÙKL‚ŽŒKŒÍŒMÍLÌÌMËŒMÍLÌÌMKL‚ŽŒ‹ŒÍNLÍŒLËNLÍŒLKL‚ŽŒËŒÍÌLLMÍÍNKËÌLLMÍÍNYKL‚ŽŒÎLÎMMÍŒ‹ËŽLÎMMÍŒ™KL‚ŽKŒÎNNLNMMÌËËŽNNLNMMÌÙKL‚Ž‹ŒMMNLMKŒMMNLMYKL‚ŽËŒÌLMÎLŽŒÌLMÎLŽKL‚ŽŽŒNLŒÍM‹NLŒÍM™KL‚ŽŽKŒNLŒÎLÌŽNLŒÎLÌŽKL‚ŽÌŒÌMÍŒŽMKÌMÍŒŽMYKL‚ŽÌKŒÍÎMLÍÎLÍÎMLÍÎLKL‚ŽÌ‹ŒNMÍŒMËŽNMÍŒMÙKL‚ŽÌËŒMÌÌŒŒLMËŽMÌÌŒŒLMÙKL‚ŽÍŒÍÍÌŒŒÍLÍËÍÍÌŒŒÍLÍÙKL‚ŽÍKŒŽNMŽNÍNŽNMŽNÍNKL‚ŽÍ‹ŒNLŒÌÌMMNKNLŒÌÌMMNYKL‚ŽÍËŒMÎNNLLŒ‹MÎNNLLŒ™KL‚ŽÎŒÌMNMŽÍÎËŒÌMNMŽÍÎÙKL‚ŽÎKŒMMNŽŽMËŒMMNŽŽMÙKL‚ŽŒÎNNMŒŒŽLŽKËŽNNMŒŒŽLŽYKL‚ŽKŒÎLÌÍŒ‹ËŽLÌÍŒ™KL‚Ž‹ŒÍÌLŽNNLŒËÌLŽNNLŒKL‚ŽËŒÍNLLÌŒÍMŽKËNLLÌŒÍMŽYKL‚ŽŒÍÌMÌLNËÌMÌLNKL‚ŽKŒÍŒÎNMÍÌNËŒÎNMÍÌNKL‚Ž‹ŒÌÌÎLMNËŒÌÎLMNKL‚ŽËŒÌŽMLŒÍŒÍÍËŒŽMLŒÍŒÍÍKL‚ŽŒÌÌÍÌÌLLŽËŒÌÍÌÌLLŽKL‚ŽKŒÌÌÍÌÌLLŽËŒÌÍÌÌLLŽKL‚ŽLŒÌŽMLŒÍŒÍÍ‹ËŒŽMLŒÍŒÍÍ™KL‚ŽLKŒÌÌÎLMNËŒÌÎLMNKL‚ŽL‹ŒÍŒÎNMÍÌNËŒÎNMÍÌNKL‚ŽLËŒÍÌMÌLNËËÌMÌLNÙKL‚ŽMŒÍNLLÌŒÍMŽL‹ËNLLÌŒÍMŽL™KL‚ŽMKŒÍÌLŽNNLŒËÌLŽNNLŒKL‚ŽM‹ŒÎLÌÍËŽLÌÍKL‚ŽMËŒÎNNMŒŒŽLËËŽNNMŒŒŽLÙKL‚ŽNŒMMNŽŽMËŒMMNŽŽMÙKL‚ŽNKŒÌMNMŽÍÎKŒÌMNMŽÍÎYKL‚ŽŒŒMÎNNLLŒËMÎNNLLŒÙKL‚ŽŒKŒNLŒÌÌMMŒ‹NLŒÌÌMMŒ™KL‚ŽŒ‹ŒŽNMŽNÍŒ‹ŽNMŽNÍŒ™KL‚ŽŒËŒÍÍÌŒŒÍLÍÌKÍÍÌŒŒÍLÍÌYKL‚ŽŒMÌÌŒŒLNKŽMÌÌŒŒLNYKL‚ŽKŒMŒŒÌÍŒËŽMŒŒÌÍŒÙKL‚Ž‹ŒÍÍŒLÍŒMÍÍŒLÍŒMKL‚ŽËŒŽNLÌÍÌŽKŽNLÌÍÌŽYKL‚ŽŽŒNLÍÍÍÍÌMËNLÍÍÍÍÌMÙKL‚ŽŽKŒMLÍMLÍKL‚ŽÌŒÌNMŒ‹ŒÌNMŒ™KL‚ŽÌKŒMLNÎNKŒMLNÎNYKL‚ŽÌ‹ŒÎNMÍÌÎLÌNKËŽNMÍÌÎLÌNYKL‚ŽÌËŒÎÍMÍŒËËŽÍMÍŒÙKL‚ŽÍŒÍÌLLÎÌÌLËËÌLLÎÌÌLÙKL‚ŽÍKŒÍNMÌŒÎÍKËNMÌŒÎÍYKL‚ŽÍ‹ŒÍMMLÌÌ‹ËMMLÌÌ™KL‚ŽÍËŒÍÍÌNLKËÍÌNLYKL‚ŽÎŒÌÌÍŒŒMÍŽKËŒÌÍŒŒMÍŽYKL‚ŽÎKŒÌŽLÍŒŽMŒKËŒŽLÍŒŽMŒYKL‚ŽŒÌÌŒÎLÌMŽKËŒÌŒÎLÌMŽYKL‚ŽKŒÌÌŒÎLÌMÌKËŒÌŒÎLÌMÌYKL‚Ž‹ŒÌŽLÍŒŽMŒËËŒŽLÍŒŽMŒÙKL‚ŽËŒÌÌÍŒŒMÍÌKËŒÌÍŒŒMÍÌYKL‚ŽŒÍÍÌNLL‹ËÍÌNLL™KL‚ŽKŒÍMMLÌÌ‹ËMMLÌÌ™KL‚Ž‹ŒÍNMÌŒÎÍKËNMÌŒÎÍYKL‚ŽËŒÍÌLLÎÌÌLKËÌLLÎÌÌLYKL‚ŽŒÎÍMÍŒ‹ËŽÍMÍŒ™KL‚ŽKŒÎNMÍÌÎLÌNËŽNMÍÌÎLÌNKL‚ŽLŒMLNÎNŒMLNÎNKL‚ŽLKŒÌNMŒKŒÌNMŒYKL‚ŽL‹ŒMLÌÎMLÌÎKL‚ŽLËŒNLÍÍÍÍÌMËNLÍÍÍÍÌMÙKL‚ŽMŒŽNLÌÍÌÌKŽNLÌÍÌÌYKL‚ŽMKŒÍÍŒLÍŒMKÍÍŒLÍŒMYKL‚ŽM‹ŒMŒŒÌÍŒËŽMŒŒÌÍŒÙKL‚ŽMËŒMÍÎLŒLMKŽMÍÎLŒLMYKL‚ŽNŒÍÍÍŒMÌNÍÎÍÍÍŒMÌNÍÎKL‚ŽNKŒŽNNLÌÌÌL‹ŽNNLÌÌÌL™KL‚ŽLŒNLŽNMŒËNLŽNMŒÙKL‚ŽLKŒMÍMŒLÍŒKMÍMŒLÍŒYKL‚ŽL‹ŒÌLNŽÍÌKŒÌLNŽÍÌYKL‚ŽLËŒMLÍMMŽËŒMLÍMMŽÙKL‚ŽLŒÎNNLŒËËŽNNLŒÙKL‚ŽLKŒÎLŽMÌ‹ËŽLŽMÌ™KL‚ŽL‹ŒÍÌLMÎMÌÌKËÌLMÎMÌÌYKL‚ŽLËŒÍNLNNNLMËËNLNNNLMÙKL‚ŽLŒÍMÍÍLMNËËMÍÍLMNÙKL‚ŽLKŒÍLÍŽKËLÍŽYKL‚ŽLLŒÌÌÍÍLÎLMMËËŒÌÍÍLÎLMMÙKL‚ŽLLKŒÌŽLÍŽMÎMM‹ËŒŽLÍŽMÎMM™KL‚ŽLL‹ŒÌÌŒMMLŒN‹ËŒÌŒMMLŒN™KL‚ŽLLËŒÌÌŒMMLŒNËËŒÌŒMMLŒNÙKL‚ŽLMŒÌŽLÍŽMÎMMNKËŒŽLÍŽMÎMMNYKL‚ŽLMKŒÌÌÍÍLÎLM‹ËŒÌÍÍLÎLM™KL‚ŽLM‹ŒÍLÍŽËËLÍŽÙKL‚ŽLMËŒÍMÍÍLMNKËMÍÍLMNYKL‚ŽLNŒÍNLNNNLMËËNLNNNLMÙKL‚ŽLNKŒÍÌLMÎMÌÌKËÌLMÎMÌÌYKL‚ŽLŒŒÎLŽMÌËËŽLŽMÌÙKL‚ŽLŒKŒÎNNLŒËŽNNLŒKL‚ŽLŒ‹ŒMLÍMMŽŒMLÍMMŽKL‚ŽLŒËŒÌLNŽÍÌ‹ŒÌLNŽÍÌ™KL‚ŽLŒMÍMŒLÍŒKMÍMŒLÍŒYKL‚ŽLKŒNLŽNMŒ‹NLŽNMŒ™KL‚ŽL‹ŒŽNNLÌÌÌLËŽNNLÌÌÌLÙKL‚ŽLËŒÍÍÍŒMÌNÍÎÍÍÍŒMÌNÍÎKL‚ŽLŽŒMÍÎLŒLMKŽMÍÎLŒLMYKL‚ŽLŽKŒNÌMŒŒ‹ŽNÌMŒŒ™KL‚ŽLÌŒÍÎŒKÍÎŒYKL‚ŽLÌKŒÌÍŽŒKÌÍŽŒYKL‚ŽLÌ‹ŒNLLNLLŽKNLLNLLŽYKL‚ŽLÌËŒNLÍŒÍÌKNLÍŒÍÌYKL‚ŽLÍŒÌMMMLŒKŒÌMMMLŒYKL‚ŽLÍKŒMLÍÌÍÌLËŒMLÍÌÍÌLÙKL‚ŽLÍ‹ŒÎNNÌÍÌNËŽNNÌÍÌNKL‚ŽLÍËŒÎMÎMLML‹ËŽMÎMLML™KL‚ŽLÎŒÍÌLNLLM‹ËÌLNLLM™KL‚ŽLÎKŒÍNLLMÍÌËËNLLMÍÌÙKL‚ŽMŒÍMÍŒŒÌŒŽLKËMÍŒŒÌŒŽLYKL‚ŽMKŒÍÍÌM‹ËÍÌM™KL‚ŽM‹ŒÌÌÍLŽMÍËŒÌÍLŽMÍKL‚ŽMËŒÌŽLÍŒLÌ‹ËŒŽLÍŒLÌ™KL‚ŽMŒÌÌŒLLÌÎKËŒÌŒLLÌÎYKL‚ŽMKŒÌÌŒLLÍKËŒÌŒLLÍYKL‚ŽM‹ŒÌŽLÍŒLÌ‹ËŒŽLÍŒLÌ™KL‚ŽMËŒÌÌÍLŽMÌËËŒÌÍLŽMÌÙKL‚ŽMŒÍÍÌNËÍÌNKL‚ŽMKŒÍMÍŒŒÌŒŽKËMÍŒŒÌŒŽYKL‚ŽMLŒÍNLLMÍÌËNLLMÍÌKL‚ŽMLKŒÍÌLNLLMËËÌLNLLMÙKL‚ŽML‹ŒÎMÎMLML‹ËŽMÎMLML™KL‚ŽMLËŒÎNNÌÍÌNKËŽNNÌÍÌNYKL‚ŽMMŒMLÍÌÍÌLËŒMLÍÌÍÌLÙKL‚ŽMMKŒÌMMMLŒKŒÌMMMLŒYKL‚ŽMM‹ŒNLÍŒÍÌKNLÍŒÍÌYKL‚ŽMMËŒNLLNLLŽNLLNLLŽKL‚ŽMNŒÌÍŽŒÌÍŽŒKL‚ŽMNKŒÍÎŒKÍÎŒYKL‚ŽMŒŒNÌMŒ‹ŽNÌMŒ™KL‚ŽMŒKŒNLÎLLŽ‹ŽNLÎLLŽ™KL‚ŽMŒ‹ŒÍÎÌLŒ‹ÍÎÌLŒ™KL‚ŽMŒËŒÌMÌÍÍËÌMÌÍÍÙKL‚ŽMŒNLLMMMMÎMËNLLMMMMÎMÙKL‚ŽMKŒNMLŒÎNN‹NMLŒÎNN™KL‚ŽM‹ŒÌMMÍNËŒÌMMÍNÙKL‚ŽMËŒMLÍÌMÌLŒ‹ŒMLÍÌMÌLŒ™KL‚ŽMŽŒÎNNŽMÌLÍNËËŽNNŽMÌLÍNÙKL‚ŽMŽKŒÎLÎÌÍÌNKËŽLÎÌÍÌNYKL‚ŽMÌŒÍÌLMÎMÍMÍÌ‹ËÌLMÎMÍMÍÌ™KL‚ŽMÌKŒÍNNLÎLLŽM‹ËNNLÎLLŽM™KL‚ŽMÌ‹ŒÍMŒŽÎNËMŒŽÎNKL‚ŽMÌËŒÍÌÍMLNËÌÍMLNKL‚ŽMÍŒÌÌÍNLLÍÌËËŒÌÍNLLÍÌÙKL‚ŽMÍKŒÌŽLÍŽŽNËŒŽLÍŽŽNKL‚ŽMÍ‹ŒÌÌNÌŒLMMKËŒÌNÌŒLMMYKL‚ŽMÍËŒÌÌNÌŒLMMËËŒÌNÌŒLMMÙKL‚ŽMÎŒÌŽLÍŽŽMËËŒŽLÍŽŽMÙKL‚ŽMÎKŒÌÌÍNLLÍÌKËŒÌÍNLLÍÌYKL‚ŽNŒÍÌÍMLMÎNKËÌÍMLMÎNYKL‚ŽNKŒÍMŒŽÎNËMŒŽÎNKL‚ŽN‹ŒÍNNLÎLLŽMËËNNLÎLLŽMÙKL‚ŽNËŒÍÌLMÎMÍMÍÌKËÌLMÎMÍMÍÌYKL‚ŽNŒÎLÎÌÍÌNKËŽLÎÌÍÌNYKL‚ŽNKŒÎNNŽMÌLÍNËŽNNŽMÌLÍNKL‚ŽN‹ŒMLÍÌMÌLŒ‹ŒMLÍÌMÌLŒ™KL‚ŽNËŒÌMMÍN‹ŒÌMMÍN™KL‚ŽNŒNMLŒÎNN‹NMLŒÎNN™KL‚ŽNKŒNLLMMMMÎM‹NLLMMMMÎM™KL‚ŽNLŒÌMÌÍÍKÌMÌÍÍYKL‚ŽNLKŒÍÎÌLŒËÍÎÌLŒÙKL‚ŽNL‹ŒNLÎLLŽKŽNLÎLLŽYKL‚ŽNLËŒNMÌŒŒÌËŽNMÌŒŒÌÙKL‚ŽNMŒÍÎÍLNKÍÎÍLNYKL‚ŽNMKŒÌŒŽLÍŽL‹ÌŒŽLÍŽL™KL‚ŽNM‹ŒNLLÌLÎŽNLLÌLÎŽKL‚ŽNMËŒNNLNÎLKNNLNÎLYKL‚ŽNNŒÌMŒNMMMLKŒÌMŒNMMMLYKL‚ŽNNKŒMLÍÌNÍMŒMLÍÌNÍMKL‚ŒLŒÎNNŽMŒÍÎÍËŽNNŽMŒÍÎÍKL‚ŒLKŒÎLÍŒÎLÍŒËËŽLÍŒÎLÍŒÙKL‚ŒL‹ŒÍÌLMÍMÌÍÌËËÌLMÍMÌÍÌÙKL‚ŒLËŒÍNNLŒŒMNËËNNLŒŒMNÙKL‚ŒLŒÍMMŽÌMŽKËMMŽÌMŽYKL‚ŒLKŒÍŒÍÎMMËŒÍÎMMKL‚ŒL‹ŒÌÌÍNŽKËŒÌÍNŽYKL‚ŒLËŒÌŽLÌÍMLÍËŒŽLÌÍMLÍKL‚ŒLŒÌÌMÎŒŒÌ‹ËŒÌMÎŒŒÌ™KL‚ŒLKŒÌÌMÎŒŒÌËËŒÌMÎŒŒÌÙKL‚ŒLLŒÌŽLÌÍMLÍKËŒŽLÌÍMLÍYKL‚ŒLLKŒÌÌÍNŽKËŒÌÍNŽYKL‚ŒLL‹ŒÍŒÍÎMMKËŒÍÎMMYKL‚ŒLLËŒÍMMŽÌMŽKËMMŽÌMŽYKL‚ŒLMŒÍNNLŒŒMNËNNLŒŒMNKL‚ŒLMKŒÍÌLMÍMÌÍÌ‹ËÌLMÍMÌÍÌ™KL‚ŒLM‹ŒÎLÍŒÎLÍŒËËŽLÍŒÎLÍŒÙKL‚ŒLMËŒÎNNŽMŒÍÎÍËŽNNŽMŒÍÎÍKL‚ŒLNŒMLÍÌNÍMŒMLÍÌNÍMKL‚ŒLNKŒÌMŒNMMMKŒÌMŒNMMMYKL‚ŒLŒŒNNLNÎLKNNLNÎLYKL‚ŒLŒKŒNLLÌLÎŽKNLLÌLÎŽYKL‚ŒLŒ‹ŒÌŒŽLÍŽKÌŒŽLÍŽYKL‚ŒLŒËŒÍÎÍLNLKÍÎÍLNLYKL‚ŒLŒNMÌŒŒÍ‹ŽNMÌŒŒÍ™KL‚ŒLKŒNŒÌLÍM‹ŽNŒÌLÍM™KL‚ŒL‹ŒÍÎŽLÍÎŽLKL‚ŒLËŒÌÍŒÍMËÌÍŒÍMÙKL‚ŒLŽŒNLLÍÍŒÌNLLÍÍŒÌKL‚ŒLŽKŒNŒLNLNŒLNLKL‚ŒLÌŒÌMŒÌLÍÍKŒÌMŒÌLÍÍYKL‚ŒLÌKŒMLÍÍMLÍËŒMLÍÍMLÍÙKL‚ŒLÌ‹ŒÎNNÌLÎL‹ËŽNNÌLÎL™KL‚ŒLÌËŒÎLÍÍŽÍËŽLÍÍŽÍKL‚ŒLÍŒÍÌLMÍŽŒÍÍM‹ËÌLMÍŽŒÍÍM™KL‚ŒLÍKŒÍNNÍŽLKËNNÍŽLYKL‚ŒLÍ‹ŒÍMMMŒŒMÌËËMMMŒŒMÌÙKL‚ŒLÍËŒÍMÎMËËMÎMÙKL‚ŒLÎŒÌÌÍŒÎMLÌŒMËŒÌÍŒÎMLÌŒMKL‚ŒLÎKŒÌŽLÌÌMNMËŒŽLÌÌMNMKL‚ŒLŒÌÌMÍLÍÌŽNËŒÌMÍLÍÌŽNKL‚ŒLKŒÌÌMÍLÍÌŽMÎKËŒÌMÍLÍÌŽMÎYKL‚ŒL‹ŒÌŽLÌÌMNMËŒŽLÌÌMNMKL‚ŒLËŒÌÌÍŒÎMLÌŒMËŒÌÍŒÎMLÌŒMKL‚ŒLŒÍMÎNËMÎNKL‚ŒLKŒÍMMMŒŒMÍKËMMMŒŒMÍYKL‚ŒL‹ŒÍNNÍŽLËËNNÍŽLÙKL‚ŒLËŒÍÌLMÍŽŒÍÍNKËÌLMÍŽŒÍÍNYKL‚ŒLŒÎLÍÍŽÍËŽLÍÍŽÍKL‚ŒLKŒÎNNÌLÎL‹ËŽNNÌLÎL™KL‚ŒLLŒMLÍÍMLÎŒMLÍÍMLÎKL‚ŒLLKŒÌMŒÌLÍÍKŒÌMŒÌLÍÍYKL‚ŒLL‹ŒNŒLNL‹NŒLNL™KL‚ŒLLËŒNLLÍÍŒÌËNLLÍÍŒÌÙKL‚ŒLMŒÌÍŒÍNÌÍŒÍNKL‚ŒLMKŒÍÎŽLËÍÎŽLÙKL‚ŒLM‹ŒNŒÌLÍMKŽNŒÌLÍMYKL‚ŒLMËŒNŒNMMLËŽNŒNMMLÙKL‚ŒLNŒÍÎÍÎKL‚ŒLNKŒÌŽMNKÌŽMNYKL‚ŒLŒŒNLLÍMÌNLLÍMÌKL‚ŒLŒKŒNŒÌŽLÌ‹NŒÌŽLÌ™KL‚ŒLŒ‹ŒÌMŒÍÎÍŒ‹ŒÌMŒÍÎÍŒ™KL‚ŒLŒËŒMLÍÍLÌÍÌKŒMLÍÍLÌÍÌYKL‚ŒLŒÎNNÌŒNMÍËŽNNÌŒNMÍKL‚ŒLKŒÎLÎMŽN‹ËŽLÎMŽN™KL‚ŒL‹ŒÍÌLMÍÍÍM‹ËÌLMÍÍÍM™KL‚ŒLËŒÍNNLMÍÌŒL‹ËNNLMÍÌŒL™KL‚ŒLŽŒÍMMNÌÎËMMNÌÎKL‚ŒLŽKŒÍNŒËNŒKL‚ŒLÌŒÌÌÍŒÎLÍÌ‹ËŒÌÍŒÎLÍÌ™KL‚ŒLÌKŒÌŽLÌÌLNMÍKËŒŽLÌÌLNMÍYKL‚ŒLÌ‹ŒÌÌMÍNNMÌŽKËŒÌMÍNNMÌŽYKL‚ŒLÌËŒÌÌMÍNNMÌŽKËŒÌMÍNNMÌŽYKL‚ŒLÍŒÌŽLÌÌLNMÍËËŒŽLÌÌLNMÍÙKL‚ŒLÍKŒÌÌÍŒÎLÍÌ‹ËŒÌÍŒÎLÍÌ™KL‚ŒLÍ‹ŒÍNŒ‹ËNŒ™KL‚ŒLÍËŒÍMMNÌÎËMMNÌÎKL‚ŒLÎŒÍNNLMÍÌŒMËNNLMÍÌŒMKL‚ŒLÎKŒÍÌLMÍÍÍM‹ËÌLMÍÍÍM™KL‚ŒLŒÎLÎMŽN‹ËŽLÎMŽN™KL‚ŒLKŒÎNNÌŒNMÌ‹ËŽNNÌŒNMÌ™KL‚ŒL‹ŒMLÍÍLÌÍÌËŒMLÍÍLÌÍÌÙKL‚ŒLËŒÌMŒÍÎÍŒKŒÌMŒÍÎÍŒYKL‚ŒLŒNŒÌŽLÌŒKNŒÌŽLÌŒYKL‚ŒLKŒNLLÍMÌ‹NLLÍMÌ™KL‚ŒL‹ŒÌŽMŒKÌŽMŒYKL‚ŒLËŒÍÎKÍÎYKL‚ŒLŒNŒNMMLŽKŽNŒNMMLŽYKL‚ŒLKŒNNLŒŽLÌËŽNNLŒŽLÌÙKL‚ŒLLŒÍÎÎLÌÍÎÎLÌKL‚ŒLLKŒÌÍÍÌLKÌÍÍÌLYKL‚ŒLL‹ŒNLLÌÍMÌMËNLLÌÍMÌMÙKL‚ŒLLËŒNŒNÌMÎNŒNÌMÎKL‚ŒLMŒÌMŒÌÌNŒÌMŒÌÌNKL‚ŒLMKŒMLÍÍÌÍŽMÍŒMLÍÍÌÍŽMÍKL‚ŒLM‹ŒÎNNÌŒÍNKËŽNNÌŒÍNYKL‚ŒLMËŒÎLÎMÍLŒLKËŽLÎMÍLŒLYKL‚ŒLNŒÍÌLMÎLKËÌLMÎLYKL‚ŒLNKŒÍNNNNÎ‹ËNNNNÎ™KL‚ŒLLŒÍMMÍMÍÎLËËMMÍMÍÎLÙKL‚ŒLLKŒÍMMLÍNËMMLÍNKL‚ŒLL‹ŒÌÌÍÍŒ‹ËŒÌÍÍŒ™KL‚ŒLLËŒÌŽLÌÌŒŒLMMËËŒŽLÌÌŒŒLMMÙKL‚ŒLLŒÌÌMÍŒLKËŒÌMÍŒLYKL‚ŒLLKŒÌÌMÍŒLKËŒÌMÍŒLYKL‚ŒLL‹ŒÌŽLÌÌŒŒLMMËËŒŽLÌÌŒŒLMMÙKL‚ŒLLËŒÌÌÍÍŒËŒÌÍÍŒKL‚ŒLLŒÍMMLÍ‹ËMMLÍ™KL‚ŒLLKŒÍMMÍMÍÎLËËMMÍMÍÎLÙKL‚ŒLLLŒÍNNNNÎŽËNNNNÎŽKL‚ŒLLLKŒÍÌLMÎLKËÌLMÎLYKL‚ŒLLL‹ŒÎLÎMÍLŒËËŽLÎMÍLŒÙKL‚ŒLLLËŒÎNNÌŒÍNMËŽNNÌŒÍNMKL‚ŒLLMŒMLÍÍÌÍŽMÍŒMLÍÍÌÍŽMÍKL‚ŒLLMKŒÌMŒÌÌ‹ŒÌMŒÌÌ™KL‚ŒLLM‹ŒNŒNÌMÎLKNŒNÌMÎLYKL‚ŒLLMËŒNLLÌÍMÌMKNLLÌÍMÌMYKL‚ŒLLNŒÌÍÍÌLÌÍÍÌLKL‚ŒLLNKŒÍÎÎLÌKÍÎÎLÌYKL‚ŒLLŒŒNNLŒŽLËŽNNLŒŽLÙKL‚ŒLLŒKŒNMÌÎNMŒ‹ŽNMÌÎNMŒ™KL‚ŒLLŒ‹ŒÍÎÍNLMËÍÎÍNLMÙKL‚ŒLLŒËŒÌŒNLKÌŒNLYKL‚ŒLLŒNLLÌÍMÍÍNLLÌÍMÍÍKL‚ŒLLKŒNNNMŒLÎKNNNMŒLÎYKL‚ŒLL‹ŒÌMŒMÍŒMŽMŒÌMŒMÍŒMŽMKL‚ŒLLËŒMLÍÍÍNMËŒMLÍÍÍNMÙKL‚ŒLLŽŒÎNNÌŒLMÌËËŽNNÌŒLMÌÙKL‚ŒLLŽKŒÎLÎLŒŒÌËŽLÎLŒŒÌKL‚ŒLLÌŒÍÌLMÎLMMKËÌLMÎLMMYKL‚ŒLLÌKŒÍNNLLLŽMÍ‹ËNNLLLŽMÍ™KL‚ŒLLÌ‹ŒÍMNMLÎNËMNMLÎNKL‚ŒLLÌËŒÍÌMÍËËÌMÍÙKL‚ŒLLÍŒÌÌÍŒNNËŒÌÍŒNNKL‚ŒLLÍKŒÌŽLÌÍÍÍÍËËŒŽLÌÍÍÍÍÙKL‚ŒLLÍ‹ŒÌÌMÍÎÍËËŒÌMÍÎÍÙKL‚ŒLLÍËŒÌÌMÍÎÍËËŒÌMÍÎÍÙKL‚ŒLLÎŒÌŽLÌÍÍÍÍËŒŽLÌÍÍÍÍKL‚ŒLLÎKŒÌÌÍŒNMKËŒÌÍŒNMYKL‚ŒLMŒÍÌMÍKËÌMÍYKL‚ŒLMKŒÍMNMLÎNKËMNMLÎNYKL‚ŒLM‹ŒÍNNLLLŽMÍ‹ËNNLLLŽMÍ™KL‚ŒLMËŒÍÌLMÎLMM‹ËÌLMÎLMM™KL‚ŒLMŒÎLÎLŒŒÌKËŽLÎLŒŒÌYKL‚ŒLMKŒÎNNÌŒLMÌ‹ËŽNNÌŒLMÌ™KL‚ŒLM‹ŒMLÍÍÍNMËŒMLÍÍÍNMÙKL‚ŒLMËŒÌMŒMÍŒMŽMŒÌMŒMÍŒMŽMKL‚ŒLMŒNNNMŒLÎKNNNMŒLÎYKL‚ŒLMKŒNLLÌÍMÍÍËNLLÌÍMÍÍÙKL‚ŒLMLŒÌŒNLLËÌŒNLLÙKL‚ŒLMLKŒÍÎÍNLKÍÎÍNLYKL‚ŒLML‹ŒNMÌÎNMŒKŽNMÌÎNMŒYKL‚ŒLMLËŒNLLÍÍËŽNLLÍÍÙKL‚ŒLMMŒÍÎÌMÍŒ‹ÍÎÌMÍŒ™KL‚ŒLMMKŒÌNÍLŒŒËÌNÍLŒŒÙKL‚ŒLMM‹ŒNLLÍMNLLÍMKL‚ŒLMMËŒNMÎÍM‹NMÎÍM™KL‚ŒLMNŒÌMŒMLŒKŒÌMŒMLŒYKL‚ŒLMNKŒMLÍÌÌMŒÌŒ‹ŒMLÍÌÌMŒÌŒ™KL‚ŒLMŒŒÎNNÌNŒŒÎL‹ËŽNNÌNŒŒÎL™KL‚ŒLMŒKŒÎLÎLŒMLËŽLÎLŒMLKL‚ŒLMŒ‹ŒÍÌLMÎMNŒ‹ËÌLMÎMNŒ™KL‚ŒLMŒËŒÍNNLŒÍÎŒ‹ËNNLŒÍÎŒ™KL‚ŒLMŒÍMNMÌÎLMÎKËMNMÌÎLMÎYKL‚ŒLMKŒÍŽLMËŽLMKL‚ŒLM‹ŒÌÌÍMMÎKËŒÌÍMMÎYKL‚ŒLMËŒÌŽLÌÍŒŒÌŒŽKËŒŽLÌÍŒŒÌŒŽYKL‚ŒLMŽŒÌÌNLÎLMÎËŒÌNLÎLMÎKL‚ŒLMŽKŒÌÌNLÎLMÎKËŒÌNLÎLMÎYKL‚ŒLMÌŒÌŽLÌÍŒŒÌŒŽËŒŽLÌÍŒŒÌŒŽKL‚ŒLMÌKŒÌÌÍMMÎKËŒÌÍMMÎYKL‚ŒLMÌ‹ŒÍŽLMKËŽLMYKL‚ŒLMÌËŒÍMNMÌÎLNËËMNMÌÎLNÙKL‚ŒLMÍŒÍNNLŒÍÎŒ‹ËNNLŒÍÎŒ™KL‚ŒLMÍKŒÍÌLMÎMNŒŽKËÌLMÎMNŒŽYKL‚ŒLMÍ‹ŒÎLÎLŒML‹ËŽLÎLŒML™KL‚ŒLMÍËŒÎNNÌNŒŒÎKËŽNNÌNŒŒÎYKL‚ŒLMÎŒMLÍÌÌMŒÌŒKŒMLÍÌÌMŒÌŒYKL‚ŒLMÎKŒÌMŒMLŒKŒÌMŒMLŒYKL‚ŒLNŒNMÎÍM‹NMÎÍM™KL‚ŒLNKŒNLLÍMŒÎKNLLÍMŒÎYKL‚ŒLN‹ŒÌNÍLŒÌNÍLŒKL‚ŒLNËŒÍÎÌMÍŒNKÍÎÌMÍŒNYKL‚ŒLNŒNLLÍÍKŽNLLÍÍYKL‚ŒLNKŒNÍŽLMŽNÍŽLMKL‚ŒLN‹ŒÍÎÎLÌŽÍÎÎLÌŽKL‚ŒLNËŒÌMMNMMNKÌMMNMMNYKL‚ŒLNŒNLLMLŽŽNLLMLŽŽKL‚ŒLNKŒNMMÍÌN‹NMMÍÌN™KL‚ŒLNLŒÌMNŽMŒËŒÌMNŽMŒÙKL‚ŒLNLKŒMLÍÌŒŒNMÌŒËŒMLÍÌŒŒNMÌŒÙKL‚ŒLNL‹ŒÎNNÌMLÌÍKËŽNNÌMLÌÍYKL‚ŒLNLËŒÎLÎMŽ‹ËŽLÎMŽ™KL‚ŒLNMŒÍÌLNMÎMÌ‹ËÌLNMÎMÌ™KL‚ŒLNMKŒÍNNLÍMMMKËNNLÍMMMYKL‚ŒLNM‹ŒÍMŒLÌŽŒËËMŒLÌŽŒÙKL‚ŒLNMËŒÍÌLLNKËÌLLNYKL‚ŒLNNŒÌÌÍŒŽLÍÌKËŒÌÍŒŽLÍÌYKL‚ŒLNNKŒÌŽLÌÎLLÌÎËŒŽLÌÎLLÌÎKL‚ŒLŒŒÌÌNÍÌLÍKËŒÌNÍÌLÍYKL‚ŒLŒKŒÌÌNÍÌLÍ‹ËŒÌNÍÌLÍ™KL‚ŒLŒ‹ŒÌŽLÌÎLLÌÍËËŒŽLÌÎLLÌÍÙKL‚ŒLŒËŒÌÌÍŒŽLÍÌ‹ËŒÌÍŒŽLÍÌ™KL‚ŒLŒŒÍÌLLMÎKËÌLLMÎYKL‚ŒLŒKŒÍMŒLÌŽËMŒLÌŽKL‚ŒLŒ‹ŒÍNNLÍMMMKËNNLÍMMMYKL‚ŒLŒËŒÍÌLNMÎMÌËËÌLNMÎMÌÙKL‚ŒLŒŒÎLÎMŽKËŽLÎMŽYKL‚ŒLŒKŒÎNNÌMLÌÍ‹ËŽNNÌMLÌÍ™KL‚ŒLŒLŒMLÍÌŒŒNMÌŒMLÍÌŒŒNMÌKL‚ŒLŒLKŒÌMNŽMŒKŒÌMNŽMŒYKL‚ŒLŒL‹ŒNMMÍÌNNMMÍÌNKL‚ŒLŒLËŒNLLMLŽËNLLMLŽÙKL‚ŒLŒMŒÌMMNMMNÌMMNMMNKL‚ŒLŒMKŒÍÎÎLÌŽÍÎÎLÌŽKL‚ŒLŒM‹ŒNÍŽLMŽNÍŽLMKL‚ŒLŒMËŒNÌLMŽNÌLMKL‚ŒLŒNŒÍÎŽŽÍËÍÎŽŽÍÙKL‚ŒLŒNKŒÌLLŒËÌLLŒÙKL‚ŒLŒŒŒNLLŒÍLËNLLŒÍLÙKL‚ŒLŒŒKŒNLÍŒŽÍNLÍŒŽÍKL‚ŒLŒŒ‹ŒÌMMÌNMÍM‹ŒÌMMÌNMÍM™KL‚ŒLŒŒËŒMLÍÌLŽMÍLËŒMLÍÌLŽMÍLÙKL‚ŒLŒŒÎNNÌLMÎMKËŽNNÌLMÎMYKL‚ŒLŒKŒÎLÎMMNÌËËŽLÎMMNÌÙKL‚ŒLŒ‹ŒÍÌLNLLŒŽ‹ËÌLNLLŒŽ™KL‚ŒLŒËŒÍNNMÍNËËNNMÍNÙKL‚ŒLŒŽŒÍMŒŽNÍËMŒŽNÍKL‚ŒLŒŽKŒÍÌŽLŒÌKËÌŽLŒÌYKL‚ŒLŒÌŒÌÌÍŽLMÍŒ‹ËŒÌÍŽLMÍŒ™KL‚ŒLŒÌKŒÌŽLÍLÎKËŒŽLÍLÎYKL‚ŒLŒÌ‹ŒÌÌNÌL‹ËŒÌNÌL™KL‚ŒLŒÌËŒÌÌNÌLÎKËŒÌNÌLÎYKL‚ŒLŒÍŒÌŽLÍLŽKËŒŽLÍLŽYKL‚ŒLŒÍKŒÌÌÍŽLMÍKËŒÌÍŽLMÍYKL‚ŒLŒÍ‹ŒÍÌŽLŒÌKËÌŽLŒÌYKL‚ŒLŒÍËŒÍMŒŽNÍËMŒŽNÍKL‚ŒLŒÎŒÍNNMÍNËËNNMÍNÙKL‚ŒLŒÎKŒÍÌLNLLŒŽËËÌLNLLŒŽÙKL‚ŒLŒÎLÎMMNÌKËŽLÎMMNÌYKL‚ŒLKŒÎNNÌLMÎMKËŽNNÌLMÎMYKL‚ŒL‹ŒMLÍÌLŽMÍM‹ŒMLÍÌLŽMÍM™KL‚ŒLËŒÌMMÌNMÍMKŒÌMMÌNMÍMYKL‚ŒLŒNLÍŒŽÌÎKNLÍŒŽÌÎYKL‚ŒLKŒNLLŒÍL‹NLLŒÍL™KL‚ŒL‹ŒÌLLŒKÌLLŒYKL‚ŒLËŒÍÎŽŽÍ‹ÍÎŽŽÍ™KL‚ŒLŒNÌLMŽNÌLMKL‚ŒLKŒNNŒŒKŽNNŒŒYKL‚ŒLLŒÍÎŒMÍÌNÌËÍÎŒMÍÌNÌÙKL‚ŒLLKŒÌNNÍNÌNNÍNKL‚ŒLL‹ŒNLLŒLLLL‹NLLŒLLLL™KL‚ŒLLËŒNLMÍÌŒNNLMÍÌŒNKL‚ŒLMŒÌMMNÌNMËŒÌMMNÌNMÙKL‚ŒLMKŒMLÍÌŒMŒMLÍÌŒMKL‚ŒLM‹ŒÎNNÌÎLÎKËŽNNÌÎLÎYKL‚ŒLMËŒÎLÎNLÎËŽLÎNLÎKL‚ŒLNŒÍÌLNMÌÎËÌLNMÌÎKL‚ŒLNKŒÍNNMMÍÌÌÌËËNNMMÍÌÌÌÙKL‚ŒLŒŒÍMMŒNKËMMŒNYKL‚ŒLŒKŒÍÍÌLŒËËÍÌLŒÙKL‚ŒLŒ‹ŒÌÌÍLLNLŒÎKËŒÌÍLLNLŒÎYKL‚ŒLŒËŒÌŽLÍŒMÎMÌËËŒŽLÍŒMÎMÌÙKL‚ŒLŒÌÌNÍŒKËŒÌNÍŒYKL‚ŒLKŒÌÌNÍŒKËŒÌNÍŒYKL‚ŒL‹ŒÌŽLÍŒMÎMÍ‹ËŒŽLÍŒMÎMÍ™KL‚ŒLËŒÌÌÍLLNLKËŒÌÍLLNLYKL‚ŒLŽŒÍÍÌLŒËËÍÌLŒÙKL‚ŒLŽKŒÍMMŒN‹ËMMŒN™KL‚ŒLÌŒÍNNMMÍÌÌÍËNNMMÍÌÌÍKL‚ŒLÌKŒÍÌLNMÌÎKËÌLNMÌÎYKL‚ŒLÌ‹ŒÎLÎNLÎËŽLÎNLÎKL‚ŒLÌËŒÎNNÌÎLËŽNNÌÎLKL‚ŒLÍŒMLÍÌŒM‹ŒMLÍÌŒM™KL‚ŒLÍKŒÌMMNÌNMKŒÌMMNÌNMYKL‚ŒLÍ‹ŒNLMÍÌŒMËNLMÍÌŒMÙKL‚ŒLÍËŒNLLŒLLLLËNLLŒLLLLÙKL‚ŒLÎŒÌNNÍNÌNNÍNKL‚ŒLÎKŒÍÎŒMÍÌNËÍÎŒMÍÌNÙKL‚ŒLŽŒNNŒNNKŽNNŒNNYKL‚ŒLŽKŒNÎÌŒÍŽNÎÌŒÍKL‚ŒLŽ‹ŒÍÎNLŒLÍÍKÍÎNLŒLÍÍYKL‚ŒLŽËŒÌÍNMÌÍNMKL‚ŒLŽŒNLLNNÌÎNLLNNÌÎKL‚ŒLŽKŒNLMŒÌËNLMŒÌÙKL‚ŒLŽ‹ŒÌMMŒŒNŒÌMMŒŒNKL‚ŒLŽËŒMLÍŽMŽÍÍKŒMLÍŽMŽÍÍYKL‚ŒLŽŒÎNNÌLŽLŒ‹ËŽNNÌLŽLŒ™KL‚ŒLŽKŒÎLÎNLŽËŽLÎNLŽKL‚ŒLŽLŒÍÌLNŒŒŒMMÌËËÌLNŒŒŒMMÌÙKL‚ŒLŽLKŒÍNNMMMÍ‹ËNNMMMÍ™KL‚ŒLŽL‹ŒÍMLÌÍŒ‹ËMLÌÍŒ™KL‚ŒLŽLËŒÍÍMÌÌÌËËÍMÌÌÌÙKL‚ŒLŽMŒÌÌÍLMÌŽLËËŒÌÍLMÌŽLÙKL‚ŒLŽMKŒÌŽLÍÍLÎÍKËŒŽLÍÍLÎÍYKL‚ŒLŽM‹ŒÌÌNMÌŒMKËŒÌNMÌŒMYKL‚ŒLŽMËŒÌÌNMÌŒM‹ËŒÌNMÌŒM™KL‚ŒLŽNŒÌŽLÍÍLÎÍËËŒŽLÍÍLÎÍÙKL‚ŒLŽNKŒÌÌÍLMÌŽLŽKËŒÌÍLMÌŽLŽYKL‚ŒLÌŒÍÍMÌÌÌËÍMÌÌÌKL‚ŒLÌKŒÍMLÌÍŒËMLÌÍŒKL‚ŒLÌ‹ŒÍNNMMMÍ‹ËNNMMMÍ™KL‚ŒLÌËŒÍÌLNŒŒŒMMÍ‹ËÌLNŒŒŒMMÍ™KL‚ŒLÌŒÎLÎNLŽËËŽLÎNLŽÙKL‚ŒLÌKŒÎNNÌLŽLŒËŽNNÌLŽLŒKL‚ŒLÌ‹ŒMLÍŽMŽÍÍKŒMLÍŽMŽÍÍYKL‚ŒLÌËŒÌMMŒŒNKŒÌMMŒŒNYKL‚ŒLÌŒNLMŒÍKNLMŒÍYKL‚ŒLÌKŒNLLNNÌÎKNLLNNÌÎYKL‚ŒLÌLŒÌÍNM‹ÌÍNM™KL‚ŒLÌLKŒÍÎNLŒLÍÍKÍÎNLŒLÍÍYKL‚ŒLÌL‹ŒNÎÌŒÍ‹ŽNÎÌŒÍ™KL‚ŒLÌLËŒNÍŒÍÍN‹ŽNÍŒÍÍN™KL‚ŒLÌMŒÍÎMÌLKÍÎMÌLYKL‚ŒLÌMKŒÌMŒŒËÌMŒŒÙKL‚ŒLÌM‹ŒNLLMŒÍÍLŒKNLLMŒÍÍLŒYKL‚ŒLÌMËŒNÌÌÍ‹NÌÌÍ™KL‚ŒLÌNŒÌMLÍNŽMLKŒÌMLÍNŽMLYKL‚ŒLÌNKŒMLÍŽLÌÍM‹ŒMLÍŽLÌÍM™KL‚ŒLÌŒŒÎNNÌLŒNKËŽNNÌLŒNYKL‚ŒLÌŒKŒÎMNLKËŽMNLYKL‚ŒLÌŒ‹ŒÍÌLNMÌLÍËÌLNMÌLÍKL‚ŒLÌŒËŒÍNNMÌŽLMÍKËNNMÌŽLMÍYKL‚ŒLÌŒÍMŒÍNM‹ËMŒÍNM™KL‚ŒLÌKŒÍÍŽMMNLKËÍŽMMNLYKL‚ŒLÌ‹ŒÌÌÍLÌLLÎLŒËËŒÌÍLÌLLÎLŒÙKL‚ŒLÌËŒÌŽLÍNŒËËŒŽLÍNŒÙKL‚ŒLÌŽŒÌÌNLMÌÌM‹ËŒÌNLMÌÌM™KL‚ŒLÌŽKŒÌÌNLMÌÌMKËŒÌNLMÌÌMYKL‚ŒLÌÌŒÌŽLÍNŒËËŒŽLÍNŒÙKL‚ŒLÌÌKŒÌÌÍLÌLLÎLËŒÌÍLÌLLÎLKL‚ŒLÌÌ‹ŒÍÍŽMMNKËÍŽMMNYKL‚ŒLÌÌËŒÍMŒÍNMËËMŒÍNMÙKL‚ŒLÌÍŒÍNNMÌŽLMÍ‹ËNNMÌŽLMÍ™KL‚ŒLÌÍKŒÍÌLNMÌLÍKËÌLNMÌLÍYKL‚ŒLÌÍ‹ŒÎMNLKËŽMNLYKL‚ŒLÌÍËŒÎNNÌLŒNËŽNNÌLŒNKL‚ŒLÌÎŒMLÍŽLÌÍNŒMLÍŽLÌÍNKL‚ŒLÌÎKŒÌMLÍNŽMLËŒÌMLÍNŽMLÙKL‚ŒLÍŒNÌÌÍËNÌÌÍÙKL‚ŒLÍKŒNLLMŒÍÍLŒ‹NLLMŒÍÍLŒ™KL‚ŒLÍ‹ŒÌMŒËÌMŒÙKL‚ŒLÍËŒÍÎMÌLËÍÎMÌLÙKL‚ŒLÍŒNÍŒÍÍNËŽNÍŒÍÍNÙKL‚ŒLÍKŒNÍLLŒNŽNÍLLŒNKL‚ŒLÍ‹ŒÍÎMLNMŽNÍÎMLNMŽNKL‚ŒLÍËŒÌÎMÍŒLKÌÎMÍŒLYKL‚ŒLÍŒNLLMLÎKNLLMLÎYKL‚ŒLÍKŒNÍMNLKNÍMNLYKL‚ŒLÍLŒÌMLŽMŒŽŒÌMLŽMŒŽKL‚ŒLÍLKŒMLÍŽŒŒKŒMLÍŽŒŒYKL‚ŒLÍL‹ŒÎNNÌLLËËŽNNÌLLÙKL‚ŒLÍLËŒÎMLMLËËŽMLMLÙKL‚ŒLÍMŒÍÌLNÌNL‹ËÌLNÌNL™KL‚ŒLÍMKŒÍNNMÎLMLÌKËNNMÎLMLÌYKL‚ŒLÍM‹ŒÍMÌNŒ‹ËMÌNŒ™KL‚ŒLÍMËŒÍÍÎNËÍÎNKL‚ŒLÍNŒÌÌÍMŽMÌ‹ËŒÌÍMŽMÌ™KL‚ŒLÍNKŒÌŽLÍÌLLÌMËŒŽLÍÌLLÌMKL‚ŒLÍŒŒÌÌNLMLKËŒÌNLMLYKL‚ŒLÍŒKŒÌÌNLMLËŒÌNLMLKL‚ŒLÍŒ‹ŒÌŽLÍÌLLÌLÎKËŒŽLÍÌLLÌLÎYKL‚ŒLÍŒËŒÌÌÍMŽMÌËËŒÌÍMŽMÌÙKL‚ŒLÍŒÍÍÎNÎKËÍÎNÎYKL‚ŒLÍKŒÍMÌNŒ‹ËMÌNŒ™KL‚ŒLÍ‹ŒÍNNMÎLMLÌ‹ËNNMÎLMLÌ™KL‚ŒLÍËŒÍÌLNÌNLKËÌLNÌNLYKL‚ŒLÍŽŒÎMLML‹ËŽMLML™KL‚ŒLÍŽKŒÎNNÌLLËËŽNNÌLLÙKL‚ŒLÍÌŒMLÍŽŒŒL‹ŒMLÍŽŒŒL™KL‚ŒLÍÌKŒÌMLŽMŒŽŒÌMLŽMŒŽKL‚ŒLÍÌ‹ŒNÍMNL‹NÍMNL™KL‚ŒLÍÌËŒNLLMLÎËNLLMLÎÙKL‚ŒLÍÍŒÌÎMÍŒLKÌÎMÍŒLYKL‚ŒLÍÍKŒÍÎMLNMŽN‹ÍÎMLNMŽN™KL‚ŒLÍÍ‹ŒNÍLLŒN‹ŽNÍLLŒN™KL‚ŒLÍÍËŒNÌMŽMNŽNÌMŽMNKL‚ŒLÍÎŒÍÎLÍÌŒÌÍÍÎLÍÌŒÌÍKL‚ŒLÍÎKŒÌŒŽŒKÌŒŽŒYKL‚ŒLÎŒNLLLÍÌÍLÌMËNLLLÍÌÍLÌMÙKL‚ŒLÎKŒNNLÎMMNNLÎMMKL‚ŒLÎ‹ŒÌMLNNMŒÍÍ‹ŒÌMLNNMŒÍÍ™KL‚ŒLÎËŒMLÍŽÍKŒMLÍŽÍYKL‚ŒLÎŒÎNNŽNÍÍŒËËŽNNŽNÍÍŒÙKL‚ŒLÎKŒÎMMÌMMËËŽMMÌMMÙKL‚ŒLÎ‹ŒÍÌLNÌÌÎLÌÎËÌLNÌÌÎLÌÎKL‚ŒLÎËŒÍNNNŽKËNNNŽYKL‚ŒLÎŒÍMÎLÎLKËMÎLÎLYKL‚ŒLÎKŒÍÎMMŒNKËÎMMŒNYKL‚ŒLÎLŒÌÌÍMLÌLMËËŒÌÍMLÌLMÙKL‚ŒLÎLKŒÌŽLÍMÎËËŒŽLÍMÎÙKL‚ŒLÎL‹ŒÌÌNLLLÍÌËËŒÌNLLLÍÌÙKL‚ŒLÎLËŒÌÌNLLLÍÌ‹ËŒÌNLLLÍÌ™KL‚ŒLÎMŒÌŽLÍMÎËËŒŽLÍMÎÙKL‚ŒLÎMKŒÌÌÍMLÌLMËŒÌÍMLÌLMKL‚ŒLÎM‹ŒÍÎMMŒNKËÎMMŒNYKL‚ŒLÎMËŒÍMÎLÎLKËMÎLÎLYKL‚ŒLÎNŒÍNNNŽ‹ËNNNŽ™KL‚ŒLÎNKŒÍÌLNÌÌÎLÍËÌLNÌÌÎLÍKL‚ŒMŒÎMMÌMM‹ËŽMMÌMM™KL‚ŒMKŒÎNNŽNÍÍËŽNNŽNÍÍKL‚ŒM‹ŒMLÍŽÍŒMLÍŽÍKL‚ŒMËŒÌMLNNMŒÍÍ‹ŒÌMLNNMŒÍÍ™KL‚ŒMŒNNLÎMMKNNLÎMMYKL‚ŒMKŒNLLLÍÌÍLÌMËNLLLÍÌÍLÌMÙKL‚ŒM‹ŒÌŒŽŒ‹ÌŒŽŒ™KL‚ŒMËŒÍÎLÍÌŒÌÌ‹ÍÎLÍÌŒÌÌ™KL‚ŒMŒNÌMŽMNKŽNÌMŽMNYKL‚ŒMKŒNÌLÍŒMŽNÌLÍŒMKL‚ŒMLŒÍÎLMŽLÌL‹ÍÎLMŽLÌL™KL‚ŒMLKŒÌMMÍÌLNÌMMÍÌLNKL‚ŒML‹ŒNLLLŽLŒKNLLLŽLŒYKL‚ŒMLËŒNNNMÎËNNNMÎÙKL‚ŒMMŒÌMLMNLN‹ŒÌMLMNLN™KL‚ŒMMKŒMLÍÍŽMÌŒËŒMLÍÍŽMÌŒÙKL‚ŒMM‹ŒÎNNŽMÌŒÎËŽNNŽMÌŒÎKL‚ŒMMËŒÎMŒMÍËŽMŒMÍKL‚ŒMNŒÍÌLNÍŒŒŒËËÌLNÍŒŒŒÙKL‚ŒMNKŒÍNNNLÍML‹ËNNNLÍML™KL‚ŒMŒŒÍMŽLLÌŽËMŽLLÌŽKL‚ŒMŒKŒÍÎMNËËÎMNÙKL‚ŒMŒ‹ŒÌÌÍMŒM‹ËŒÌÍMŒM™KL‚ŒMŒËŒÌŽLÍLMÌ‹ËŒŽLÍLMÌ™KL‚ŒMŒÌÌNLÍÌÌÍÍËËŒÌNLÍÌÌÍÍÙKL‚ŒMKŒÌÌNLÍÌÌÍÎKËŒÌNLÍÌÌÍÎYKL‚ŒM‹ŒÌŽLÍLMÌKËŒŽLÍLMÌYKL‚ŒMËŒÌÌÍMŒMŒ‹ËŒÌÍMŒMŒ™KL‚ŒMŽŒÍÎMN‹ËÎMN™KL‚ŒMŽKŒÍMŽLLÌŽKËMŽLLÌŽYKL‚ŒMÌŒÍNNNLÍMMËNNNLÍMMKL‚ŒMÌKŒÍÌLNÍŒŒŒËËÌLNÍŒŒŒÙKL‚ŒMÌ‹ŒÎMŒMÍËŽMŒMÍKL‚ŒMÌËŒÎNNŽMÌŒÎËËŽNNŽMÌŒÎÙKL‚ŒMÍŒMLÍÍŽMÌ‹ŒMLÍÍŽMÌ™KL‚ŒMÍKŒÌMLMNLNŒÌMLMNLNKL‚ŒMÍ‹ŒNNNMÎKNNNMÎYKL‚ŒMÍËŒNLLLŽL‹NLLLŽL™KL‚ŒMÎŒÌMMÍÌLNÌMMÍÌLNKL‚ŒMÎKŒÍÎLMŽLÌL‹ÍÎLMŽLÌL™KL‚ŒMŒNÌLÍŒLÎKŽNÌLÍŒLÎYKL‚ŒMKŒNŽN‹ŽNŽN™KL‚ŒM‹ŒÍÎLLLŒÌLÌ‹ÍÎLLLŒÌLÌ™KL‚ŒMËŒÌŒÍL‹ÌŒÍL™KL‚ŒMŒNLLLMŒŽLÎMNLLLMŒŽLÎMKL‚ŒMKŒNNNNNNKL‚ŒM‹ŒÌMLÌÎKŒÌMLÌÎYKL‚ŒMËŒMLÍÌMLŒKŒMLÍÌMLŒYKL‚ŒMŒÎNNŽLÌÍMÎËŽNNŽLÌÍMÎKL‚ŒMKŒÎMÌ‹ËŽMÌ™KL‚ŒMLŒÍÌLNÍN‹ËÌLNÍN™KL‚ŒMLKŒÍNNNLLLŽMËNNNLLLŽMKL‚ŒML‹ŒÍMŽŒÌÍŒ‹ËMŽŒÌÍŒ™KL‚ŒMLËŒÍŒŒËËŒŒÙKL‚ŒMMŒÌÌÍMNMKËŒÌÍMNMYKL‚ŒMMKŒÌŽLÍMÌMMÎKËŒŽLÍMÌMMÎYKL‚ŒMM‹ŒÌÌNMLMÍ‹ËŒÌNMLMÍ™KL‚ŒMMËŒÌÌNMLMÍŒ‹ËŒÌNMLMÍŒ™KL‚ŒMNŒÌŽLÍMÌMN‹ËŒŽLÍMÌMN™KL‚ŒMNKŒÌÌÍMNMLKËŒÌÍMNMLYKL‚ŒMŒŒÍŒËŒKL‚ŒMŒKŒÍMŽŒÌÍËMŽŒÌÍKL‚ŒMŒ‹ŒÍNNNLLLŽMËËNNNLLLŽMÙKL‚ŒMŒËŒÍÌLNÍN‹ËÌLNÍN™KL‚ŒMŒÎMÌ‹ËŽMÌ™KL‚ŒMKŒÎNNŽLÌÍMÎKËŽNNŽLÌÍMÎYKL‚ŒM‹ŒMLÍÌMLŒKŒMLÍÌMLŒYKL‚ŒMËŒÌMLÌÍÎKŒÌMLÌÍÎYKL‚ŒMŽŒNNMËNNMÙKL‚ŒMŽKŒNLLLMŒŽLÎMNLLLMŒŽLÎMKL‚ŒMÌŒÌŒÍLNKÌŒÍLNYKL‚ŒMÌKŒÍÎLLLŒÌLÍKÍÎLLLŒÌLÍYKL‚ŒMÌ‹ŒNŽNŽNŽNKL‚ŒMÌËŒNÎŒŒKŽNÎŒŒYKL‚ŒMÍŒÍÎLŒLNÍÎLŒLNKL‚ŒMÍKŒÌÎÎÌL‹ÌÎÎÌL™KL‚ŒMÍ‹ŒNLLLLÌËNLLLLÌÙKL‚ŒMÍËŒNÍŒ‹NÍŒ™KL‚ŒMÎŒÌMMŒMŒÌMMŒMKL‚ŒMÎKŒMLÍŒMMŒNŒMLÍŒMMŒNKL‚ŒMŒÎNNŽŽËŽNNŽŽKL‚ŒMKŒÎLÎMŒŒÍÍËŽLÎMŒŒÍÍKL‚ŒM‹ŒÍÌLNÌÎLÍŒM‹ËÌLNÌÎLÍŒM™KL‚ŒMËŒÍNNNLÍMËNNNLÍMKL‚ŒMŒÍMŽMÌŒËËMŽMÌŒÙKL‚ŒMKŒÍŽNNLËËŽNNLÙKL‚ŒM‹ŒÌÌÍMÌŽÍËËŒÌÍMÌŽÍÙKL‚ŒMËŒÌŽLÍLLLÎLËËŒŽLÍLLLÎLÙKL‚ŒMŒÌÌNMMÍËŒÌNMMÍKL‚ŒMKŒÌÌNMMÍ‹ËŒÌNMMÍ™KL‚ŒMLŒÌŽLÍLLLÎM‹ËŒŽLÍLLLÎM™KL‚ŒMLKŒÌÌÍMÌŽÎËŒÌÍMÌŽÎKL‚ŒML‹ŒÍŽNNLKËŽNNLYKL‚ŒMLËŒÍMŽMÌŒ‹ËMŽMÌŒ™KL‚ŒMMŒÍNNNLÍKËNNNLÍYKL‚ŒMMKŒÍÌLNÌÎLÍŒMKËÌLNÌÎLÍŒMYKL‚ŒMM‹ŒÎLÎMŒŒÍÌËËŽLÎMŒŒÍÌÙKL‚ŒMMËŒÎNNŽŽËŽNNŽŽKL‚ŒMNŒMLÍŒMMŒMËŒMLÍŒMMŒMÙKL‚ŒMNKŒÌMMŒMKŒÌMMŒMYKL‚ŒMLŒNÍŒ‹NÍŒ™KL‚ŒMLKŒNLLLLËNLLLLÙKL‚ŒML‹ŒÌÎÎÌLKÌÎÎÌLYKL‚ŒMLËŒÍÎLŒLNÍÎLŒLNKL‚ŒMLŒNÎŒNŽNÎŒNKL‚ŒMLKŒNÌLŒŒÌ‹ŽNÌLŒŒÌ™KL‚ŒML‹ŒÍÎLŒÌŒÍLŽKÍÎLŒÌŒÍLŽYKL‚ŒMLËŒÌMÍËÌMÍÙKL‚ŒMLŒNLLLŽŒMNNLLLŽŒMNKL‚ŒMLKŒNŒNŒÎKNŒNŒÎYKL‚ŒMLLŒÌMLNLŽMÎLKŒÌMLNLŽMÎLYKL‚ŒMLLKŒMLÍŽMMMKŒMLÍŽMMMYKL‚ŒMLL‹ŒÎNNÌŽLÌËŽNNÌŽLÌKL‚ŒMLLËŒÎMMŽNËŽMMŽNKL‚ŒMLMŒÍÌLNLÍÍMÍ‹ËÌLNLÍÍMÍ™KL‚ŒMLMKŒÍNLMÍLMŒËËNLMÍLMŒÙKL‚ŒMLM‹ŒÍMÌÍÌŒLÌËËMÌÍÌŒLÌÙKL‚ŒMLMËŒÍMNNÍÌ‹ËMNNÍÌ™KL‚ŒMLNŒÌÌÍNŒŽÍM‹ËŒÌÍNŒŽÍM™KL‚ŒMLNKŒÌŽLÍLLŽLKËŒŽLÍLLŽLYKL‚ŒMLŒŒÌÌNMMŽLÌKËŒÌNMMŽLÌYKL‚ŒMLŒKŒÌÌNMMŽLŽKËŒÌNMMŽLŽYKL‚ŒMLŒ‹ŒÌŽLÍLLŽL‹ËŒŽLÍLLŽL™KL‚ŒMLŒËŒÌÌÍNŒŽÍLËËŒÌÍNŒŽÍLÙKL‚ŒMLŒÍMNNÍÌËËMNNÍÌÙKL‚ŒMLKŒÍMÌÍÌŒLÌ‹ËMÌÍÌŒLÌ™KL‚ŒML‹ŒÍNLMÍLMŒËËNLMÍLMŒÙKL‚ŒMLËŒÍÌLNLÍÍMÍ‹ËÌLNLÍÍMÍ™KL‚ŒMLŽŒÎMMŽM‹ËŽMMŽM™KL‚ŒMLŽKŒÎNNÌŽLÌ‹ËŽNNÌŽLÌ™KL‚ŒMLÌŒMLÍŽMMMKŒMLÍŽMMMYKL‚ŒMLÌKŒÌMLNLŽMÎLKŒÌMLNLŽMÎLYKL‚ŒMLÌ‹ŒNŒNŒÎNŒNŒÎKL‚ŒMLÌËŒNLLLŽŒMMÎKNLLLŽŒMMÎYKL‚ŒMLÍŒÌMÍŽÌMÍŽKL‚ŒMLÍKŒÍÎLŒÌŒÍLŽÍÎLŒÌŒÍLŽKL‚ŒMLÍ‹ŒNÌLŒŒÌKŽNÌLŒŒÌYKL‚ŒMLÍËŒNŒÍLÍŽNŒÍLÍKL‚ŒMLÎŒÍÎŒÌÍKÍÎŒÌÍYKL‚ŒMLÎKŒÌLNMMŒLLËÌLNMMŒLLÙKL‚ŒMMŒNLLŒŒÍMKNLLŒŒÍMYKL‚ŒMMKŒNMLMŒKNMLMŒYKL‚ŒMM‹ŒÌMNNMLÍŒÌMNNMLÍKL‚ŒMMËŒMLÍÍMLL‹ŒMLÍÍMLL™KL‚ŒMMŒÎNNÍŽÍŽMKËŽNNÍŽÍŽMYKL‚ŒMMKŒÎMŽÎÎËŽMŽÎÎKL‚ŒMM‹ŒÍÌLNMŒÌLML‹ËÌLNMŒÌLML™KL‚ŒMMËŒÍNLŒLÍÍËËNLŒLÍÍÙKL‚ŒMMŒÍMÌÍŽNN‹ËMÌÍŽNN™KL‚ŒMMKŒÍKËYKL‚ŒMMLŒÌÌÍŒÍÍÍÍ‹ËŒÌÍŒÍÍÍÍ™KL‚ŒMMLKŒÌŽLÍLÍŒÍMKËŒŽLÍLÍŒÍMYKL‚ŒMML‹ŒÌÌNMÎLKËŒÌNMÎLYKL‚ŒMMLËŒÌÌNMÎLKËŒÌNMÎLYKL‚ŒMMMŒÌŽLÍLÍŒÍMKËŒŽLÍLÍŒÍMYKL‚ŒMMMKŒÌÌÍŒÍÍÍÍKËŒÌÍŒÍÍÍÍYKL‚ŒMMM‹ŒÍKËYKL‚ŒMMMËŒÍMÌÍŽNNËËMÌÍŽNNÙKL‚ŒMMNŒÍNLŒLÍÍËNLŒLÍÍKL‚ŒMMNKŒÍÌLNMŒÌLMLËËÌLNMŒÌLMLÙKL‚ŒMMŒŒÎMŽÎÎKËŽMŽÎÎYKL‚ŒMMŒKŒÎNNÍŽÍŽM‹ËŽNNÍŽÍŽM™KL‚ŒMMŒ‹ŒMLÍÍMLLKŒMLÍÍMLLYKL‚ŒMMŒËŒÌMNNMLÌKŒÌMNNMLÌYKL‚ŒMMŒNMLMŒNMLMŒKL‚ŒMMKŒNLLŒŒÍM‹NLLŒŒÍM™KL‚ŒMM‹ŒÌLNMMŒLL‹ÌLNMMŒLL™KL‚ŒMMËŒÍÎŒÌÍÍÎŒÌÍKL‚ŒMMŽŒNŒÍLÌ‹ŽNŒÍLÌ™KL‚ŒMMŽKŒNÍLŒÌ‹ŽNÍLŒÌ™KL‚ŒMMÌŒÍÍÎLÍÌLÌKÍÍÎLÍÌLÌYKL‚ŒMMÌKŒÌNMLÍNÌNMLÍNKL‚ŒMMÌ‹ŒNLLŒ‹NLLŒ™KL‚ŒMMÌËŒMÎÍLNÍKMÎÍLNÍYKL‚ŒMMÍŒÌLÍLÌÍMMÍËŒÌLÍLÌÍMMÍÙKL‚ŒMMÍKŒMLÍLÎLNM‹ŒMLÍLÎLNM™KL‚ŒMMÍ‹ŒÎNNNÍÍ‹ËŽNNNÍÍ™KL‚ŒMMÍËŒÎLÌLÎNLËËŽLÌLÎNLÙKL‚ŒMMÎŒÍÌLMÍŽËÌLMÍŽKL‚ŒMMÎKŒÍNNLÍLÎLŽLËËNNLÍLÎLŽLÙKL‚ŒMNŒÍMŽLÌÌLKËMŽLÌÌLYKL‚ŒMNKŒÍÍÌNÌKËÍÌNÌYKL‚ŒMN‹ŒÌÌÍMÎÍËŒÌÍMÎÍKL‚ŒMNËŒÌŽLÍLML‹ËŒŽLÍLML™KL‚ŒMNŒÌÌNLÍÌŒËËŒÌNLÍÌŒÙKL‚ŒMNKŒÌÌNLÍÌŒKËŒÌNLÍÌŒYKL‚ŒMN‹ŒÌŽLÍLMLËËŒŽLÍLMLÙKL‚ŒMNËŒÌÌÍMÎÌËËŒÌÍMÎÌÙKL‚ŒMNŒÍÍÌNÌKËÍÌNÌYKL‚ŒMNKŒÍMŽLÌÌKËMŽLÌÌYKL‚ŒMNLŒÍNNLÍLÎLŽL‹ËNNLÍLÎLŽL™KL‚ŒMNLKŒÍÌLMÍÌKËÌLMÍÌYKL‚ŒMNL‹ŒÎLÌLÎNMËŽLÌLÎNMKL‚ŒMNLËŒÎNNNÍÍKËŽNNNÍÍYKL‚ŒMNMŒMLÍLÎLNM‹ŒMLÍLÎLNM™KL‚ŒMNMKŒÌLÍLÌÍMMÎŒÌLÍLÌÍMMÎKL‚ŒMNM‹ŒMÎÍLNÍMÎÍLNÍKL‚ŒMNMËŒNLLŒ‹NLLŒ™KL‚ŒMNNŒÌNMLÍM‹ÌNMLÍM™KL‚ŒMNNKŒÍÍÎLÍÌLÌKÍÍÎLÍÌLÌYKL‚ŒMŒŒNÍLŒÌKŽNÍLŒÌYKL‚ŒMŒKŒMŽNLŒKŽMŽNLŒYKL‚ŒMŒ‹ŒÍÍŽMNKÍÍŽMNYKL‚ŒMŒËŒŽNLŽNLKŽNLŽNLYKL‚ŒMŒŒNNLLÌÌM‹NNLLÌÌM™KL‚ŒMŒKŒMŽLŒL‹MŽLŒL™KL‚ŒMŒ‹ŒÌÍŒŒŒŽM‹ŒÌÍŒŒŒŽM™KL‚ŒMŒËŒMLÍÌMÎMKŒMLÍÌMÎMYKL‚ŒMŒŒÎNMÍLŒÎŒŒËËŽNMÍLŒÎŒŒÙKL‚ŒMŒKŒÎÍLŒŒMËËŽÍLŒŒMÙKL‚ŒMŒLŒÍÌLLŽMÌŒÌŽKËÌLLŽMÌŒÌŽYKL‚ŒMŒLKŒÍNMMÍMŽËNMMÍMŽKL‚ŒMŒL‹ŒÍLÌMÎLÌLËËLÌMÎLÌLÙKL‚ŒMŒLËŒÍLNKËLNYKL‚ŒMŒMŒÌÌÍŒÌMÌŒŒËËŒÌÍŒÌMÌŒŒÙKL‚ŒMŒMKŒÌŽLÌÎNLŽËŒŽLÌÎNLŽKL‚ŒMŒM‹ŒÌÌMÍNLÌ‹ËŒÌMÍNLÌ™KL‚ŒMŒMËŒÌÌMÍNLÌ‹ËŒÌMÍNLÌ™KL‚ŒMŒNŒÌŽLÌÎNLŽËŒŽLÌÎNLŽKL‚ŒMŒNKŒÌÌÍŒÌMÌŒŒKËŒÌÍŒÌMÌŒŒYKL‚ŒMŒŒŒÍLNËLNKL‚ŒMŒŒKŒÍLÌMÎLÌMËLÌMÎLÌMKL‚ŒMŒŒ‹ŒÍNMMÍMŽKËNMMÍMŽYKL‚ŒMŒŒËŒÍÌLLŽMÌŒÌËËÌLLŽMÌŒÌÙKL‚ŒMŒŒÎÍLŒŒMËËŽÍLŒŒMÙKL‚ŒMŒKŒÎNMÍLŒÎŒŒ‹ËŽNMÍLŒÎŒŒ™KL‚ŒMŒ‹ŒMLÍÌMÎMŒMLÍÌMÎMKL‚ŒMŒËŒÌÍŒŒŒŽNŒÌÍŒŒŒŽNKL‚ŒMŒŽŒMŽLŒMMŽLŒMKL‚ŒMŒŽKŒNNLLÌÌNNNLLÌÌNKL‚ŒMŒÌŒŽNLŽNKŽNLŽNYKL‚ŒMŒÌKŒÍÍŽMNLKÍÍŽMNLYKL‚ŒMŒÌ‹ŒMŽNLŒŽMŽNLŒKL‚ŒMŒÌËŒNMÍŒ‹ŽNMÍŒ™KL‚ŒMŒÍŒÍÎMLÍÎLÍÎMLÍÎLKL‚ŒMŒÍKŒÌMÍŒŽMKÌMÍŒŽMYKL‚ŒMŒÍ‹ŒNLŒÎLÌŽ‹NLŒÎLÌŽ™KL‚ŒMŒÍËŒNLŒÍM‹NLŒÍM™KL‚ŒMŒÎŒÌLMÎLËŒÌLMÎLÙKL‚ŒMŒÎKŒMMNLM‹ŒMMNLM™KL‚ŒMŒÎNNLNMMÌËËŽNNLNMMÌÙKL‚ŒMKŒÎLÎMMÍŒKËŽLÎMMÍŒYKL‚ŒM‹ŒÍÌLLMÍÍMËËÌLLMÍÍMÙKL‚ŒMËŒÍNLÍŒLŒ‹ËNLÍŒLŒ™KL‚ŒMŒÍŒMÍLÌÌLKËŒMÍLÌÌLYKL‚ŒMKŒÍLMÌLMËËLMÌLMÙKL‚ŒM‹ŒÌÌÍŽŽÎËËŒÌÍŽŽÎÙKL‚ŒMËŒÌŽLÍÍŽÍŽMLËËŒŽLÍÍŽÍŽMLÙKL‚ŒMŒÌÌŒNMÌLNMKËŒÌŒNMÌLNMYKL‚ŒMKŒÌÌŒNMÌLNMËŒÌŒNMÌLNMKL‚ŒMLŒÌŽLÍÍŽÍŽMLËËŒŽLÍÍŽÍŽMLÙKL‚ŒMLKŒÌÌÍŽŽÎ‹ËŒÌÍŽŽÎ™KL‚ŒML‹ŒÍLMÌLM‹ËLMÌLM™KL‚ŒMLËŒÍŒMÍLÌÌLËËŒMÍLÌÌLÙKL‚ŒMMŒÍNLÍŒLŒËËNLÍŒLŒÙKL‚ŒMMKŒÍÌLLMÍÍ‹ËÌLLMÍÍ™KL‚ŒMM‹ŒÎLÎMMÍŒ‹ËŽLÎMMÍŒ™KL‚ŒMMËŒÎNNLNMMÌKËŽNNLNMMÌYKL‚ŒMNŒMMNLMŒMMNLMKL‚ŒMNKŒÌLMÎLËŒÌLMÎLÙKL‚ŒMŒŒNLŒÍMËNLŒÍMÙKL‚ŒMŒKŒNLŒÎLÌŽKNLŒÎLÌŽYKL‚ŒMŒ‹ŒÌMÍŒŽMLKÌMÍŒŽMLYKL‚ŒMŒËŒÍÎMLÍÎLÍÎMLÍÎLKL‚ŒMŒNMÍŒNKŽNMÍŒNYKL‚‚‚ˆˆÈˆHˆHHˆHHˆHHÈˆHˆˆÈˆHHHÈ‚‚‚S[X™\ˆÙˆ[YHÝ\ÈÛÛ\]Y‹‹‹‹‹‹‹‹‹‹‹‹‹‹‹‹‹‹‹ˆˆ‚‚UÝ[[X™\ˆÙˆ\]Z[Xœš][H]\˜][ÛœÈ‹‹‹‹‹‹‹‹‹‹‹ˆˆLŒ‚‚P]™\˜YÙH[X™\ˆÙˆ\]Z[Xœš][H]\˜][ÛœÈ‹‹‹‹‹‹‹‹‹ˆˆB‚‚UÝ[[X™\ˆÙˆšYÚ[™]˜[X][ÛœÈ‹‹‹‹‹‹‹‹‹‹‹ˆˆŒB‚‚UÝ[[X™\ˆÙˆÝY™›™\ÜÈ™Y›Ü›X][ÛœÈ‹‹‹‹‹‹‹‹‹‹‹ˆˆÌB‚‚ˆHˆHHˆÈÈˆHˆÈHÂ‚‚UÝ[Ø[ÈÈ[™X\ˆÛÛ™\ˆ‹‹‹‹‹‹‹ˆˆMÂ‚‚P]™È]\˜][ÛœÈ\ˆÛÛ™H‹‹‹‹‹‹‹‹‹‹‹ˆˆB‚‚U[YH[ˆ[™X\ˆÛÛ™\ŽˆŒŒ‚‚ˆ[\ÙY[YHˆŒ‚ˆHHHˆÈHˆˆÈˆHHHÈ‚‚‚R[œ][YH‹‹‹‹‹‹‹‹‹‹‹‹‹‹‹‹‹‹‹‹‹ˆˆŒŒ
ŒÌÎHÙXÊB‚‚R[š]X[^˜][Ûˆ[YH‹‹‹‹‹‹‹‹‹‹‹‹ˆˆŒŒ
ŒMŽÈÙXÊB‚‚TÛÛ™H[YH‹‹‹‹‹‹‹‹‹‹‹‹‹‹‹‹‹‹‹‹‹ˆˆŒ
ŒÌˆÙXÊB‚‚HSË][YH
Ý\]JH‹‹‹ˆˆŒŒˆ
KŽLÌHÙXÊB‚‚HÙ\šX[^˜][Ûˆ‹‹‹‹‹‹‹‹‹‹‹‹‹‹‹ˆˆŒŒH
ŒLLˆÙXÊB‚‚H™Y›Ü›Z[™ÈÝY™›™\ÜÈ‹‹‹‹‹‹‹‹‹ˆˆŒŒÈ
‹ÍŒÈÙXÊB‚‚H]˜[X][™ÈÝY™›™\ÜÈ‹‹‹‹‹‹‹‹ˆˆŒŒH
KÎMHÙXÊB‚‚H]˜[X][™È™\ÚYX[‹‹‹‹‹‹‹‹‹ˆˆŒŒÈ
ËŒÍMˆÙXÊB‚‚H[Ù[\]H‹‹‹‹‹‹‹‹‹‹‹‹‹‹‹‹ˆˆŒŒˆ
KŽLÍŒHÙXÊB‚‚HSˆ\]\È‹‹‹‹‹‹‹‹‹‹‹‹‹‹‹‹‹‹ˆˆŒŒ
ŒLŒLˆÙXÊB‚‚H[YH[ˆ[™X\ˆÛÛ™\ˆ‹‹‹‹‹‹‹ˆˆŒŒ
ŒÙXÊB‚‚UÝ[[\ÙY[YH‹‹‹‹‹‹‹‹‹‹‹‹‹ˆˆŒH
LNHÙXÊB‚‚ˆˆÈˆHHHˆHHˆHHÈ‚‚