===========================================================================
         ________    _________   _______       __     _________            
        |        |\ |        |\ |       \\    |  |\  /         \\          
        |    ____|| |    ____|| |    __  ||   |__|| |    ___    ||         
        |   |\___\| |   |\___\| |   |\_| ||    \_\| |   //  \   ||         
        |   ||__    |   ||__    |   ||_| ||   |  |\ |  ||    |  ||         
        |       |\  |       |\  |         \\  |  || |  ||    |  ||         
        |    ___||  |    ___||  |    ___   || |  || |  ||    |  ||         
        |   |\__\|  |   |\__\|  |   |\__|  || |  || |  ||    |  ||         
        |   ||      |   ||___   |   ||__|  || |  || |   \\__/   ||         
        |   ||      |        |\ |          || |  || |           ||         
        |___||      |________|| |_________//  |__||  \_________//          
                                                                           
      F I N I T E   E L E M E N T S   F O R   B I O M E C H A N I C S      
                                                                           
  version 4.13.0
  FEBio is a registered trademark.                                         
  copyright (c) 2006-2026 - All rights reserved                            
                                                                           
===========================================================================





 FILES USED
===========================================================================
	Input file : /Users/poojasrinivasgurram/Documents/Codex/2026-08-26/a/garment_sensor_digital_twin/model/matched_no_contact_0p6_movement025.feb
	Plot file  : results/matched_no_contact_0p6_movement025.xplt
	Log file   : results/matched_no_contact_0p6_movement025.log


 MESH INFO
===========================================================================
	Number of materials ............................ : 2
	Number of domains .............................. : 3
	Number of nodes ................................ : 3456
	Number of shell elements ....................... : 3328


 MODULE
===========================================================================
	Module type ....................................... : solid


 CONTROL DATA
===========================================================================
	analysis .......................................... : STATIC (0)
	time_steps ........................................ : 40
	step_size ......................................... : 0.025
	plot_zero_state ................................... : no (0)
	plot_range ........................................ : 0,-1
	plot_level ........................................ : PLOT_MUST_POINTS (3)
	output_level ...................................... : OUTPUT_MAJOR_ITRS (1)
	plot_stride ....................................... : 1
	output_stride ..................................... : 1
	adaptor_re_solve .................................. : yes (1)
	Auto time stepper activated ....................... : yes
	  max_retries ..................................... : 15
	  opt_iter ........................................ : 10
	  dtmin ........................................... : 1e-05
	  dtmax ........................................... : 0.025
	  aggressiveness .................................. : 0
	  cutback ......................................... : 0.5
	  dtforce ......................................... : no (0)
 SOLVER PARAMETERS
===========================================================================
	symmetric_stiffness ............................... : non-symmetric (0)
	equation_scheme ................................... : staggered (0)
	equation_order .................................... : default (0)
	optimize_bw ....................................... : no (0)
	lstol ............................................. : 0.9
	lsmin ............................................. : 0.01
	lsiter ............................................ : 5
	ls_check_jacobians ................................ : no (0)
	max_refs .......................................... : 35
	check_zero_diagonal ............................... : no (0)
	zero_diagonal_tol ................................. : 0
	force_partition ................................... : 0
	reform_each_time_step ............................. : yes (1)
	reform_augment .................................... : no (0)
	diverge_reform .................................... : yes (1)
	min_residual ...................................... : 1e-20
	max_residual ...................................... : 0
	dtol .............................................. : 0.02
	etol .............................................. : 0.0001
	rtol .............................................. : 0.001
	rhoi .............................................. : -2
	alpha ............................................. : 1
	beta .............................................. : 0.25
	gamma ............................................. : 0.5
	logSolve .......................................... : no (0)
	arc_length ........................................ : 0
	arc_length_scale .................................. : 0






 MATERIAL DATA
===========================================================================
  1 - textile_provisional (type: neo-Hookean)
	density ........................................... : 1
	E ................................................. : 0.8
	v ................................................. : 0.3
---------------------------------------------------------------------------
  2 - torso_fixed (type: neo-Hookean)
	density ........................................... : 1
	E ................................................. : 0.8
	v ................................................. : 0.3


 BOUNDARY CONDITION DATA
===========================================================================
  1 -  Type: prescribed displacement
	dof ............................................... : 0
	value ............................................. : 1.6875
	relative .......................................... : no (0)
---------------------------------------------------------------------------
  2 -  Type: prescribed displacement
	dof ............................................... : 2
	value ............................................. : 9.75
	relative .......................................... : no (0)
---------------------------------------------------------------------------
  3 -  Type: prescribed displacement
	dof ............................................... : 0
	value ............................................. : 1.67937
	relative .......................................... : no (0)
---------------------------------------------------------------------------
  4 -  Type: prescribed displacement
	dof ............................................... : 2
	value ............................................. : 9.70785
	relative .......................................... : no (0)
---------------------------------------------------------------------------
  5 -  Type: prescribed displacement
	dof ............................................... : 0
	value ............................................. : 1.65508
	relative .......................................... : no (0)
---------------------------------------------------------------------------
  6 -  Type: prescribed displacement
	dof ............................................... : 2
	value ............................................. : 9.58301
	relative .......................................... : no (0)
---------------------------------------------------------------------------
  7 -  Type: prescribed displacement
	dof ............................................... : 0
	value ............................................. : 1.61484
	relative .......................................... : no (0)
---------------------------------------------------------------------------
  8 -  Type: prescribed displacement
	dof ............................................... : 2
	value ............................................. : 9.38029
	relative .......................................... : no (0)
---------------------------------------------------------------------------
  9 -  Type: prescribed displacement
	dof ............................................... : 0
	value ............................................. : 1.55905
	relative .......................................... : no (0)
---------------------------------------------------------------------------
 10 -  Type: prescribed displacement
	dof ............................................... : 2
	value ............................................. : 9.10747
	relative .......................................... : no (0)
---------------------------------------------------------------------------
 11 -  Type: prescribed displacement
	dof ............................................... : 0
	value ............................................. : 1.48824
	relative .......................................... : no (0)
---------------------------------------------------------------------------
 12 -  Type: prescribed displacement
	dof ............................................... : 2
	value ............................................. : 8.77503
	relative .......................................... : no (0)
---------------------------------------------------------------------------
 13 -  Type: prescribed displacement
	dof ............................................... : 0
	value ............................................. : 1.4031
	relative .......................................... : no (0)
---------------------------------------------------------------------------
 14 -  Type: prescribed displacement
	dof ............................................... : 2
	value ............................................. : 8.39576
	relative .......................................... : no (0)
---------------------------------------------------------------------------
 15 -  Type: prescribed displacement
	dof ............................................... : 0
	value ............................................. : 1.30446
	relative .......................................... : no (0)
---------------------------------------------------------------------------
 16 -  Type: prescribed displacement
	dof ............................................... : 2
	value ............................................. : 7.98423
	relative .......................................... : no (0)
---------------------------------------------------------------------------
 17 -  Type: prescribed displacement
	dof ............................................... : 0
	value ............................................. : 1.19324
	relative .......................................... : no (0)
---------------------------------------------------------------------------
 18 -  Type: prescribed displacement
	dof ............................................... : 2
	value ............................................. : 7.55625
	relative .......................................... : no (0)
---------------------------------------------------------------------------
 19 -  Type: prescribed displacement
	dof ............................................... : 0
	value ............................................. : 1.07054
	relative .......................................... : no (0)
---------------------------------------------------------------------------
 20 -  Type: prescribed displacement
	dof ............................................... : 2
	value ............................................. : 7.12827
	relative .......................................... : no (0)
---------------------------------------------------------------------------
 21 -  Type: prescribed displacement
	dof ............................................... : 0
	value ............................................. : 0.937525
	relative .......................................... : no (0)
---------------------------------------------------------------------------
 22 -  Type: prescribed displacement
	dof ............................................... : 2
	value ............................................. : 6.71674
	relative .......................................... : no (0)
---------------------------------------------------------------------------
 23 -  Type: prescribed displacement
	dof ............................................... : 0
	value ............................................. : 0.795482
	relative .......................................... : no (0)
---------------------------------------------------------------------------
 24 -  Type: prescribed displacement
	dof ............................................... : 2
	value ............................................. : 6.33747
	relative .......................................... : no (0)
---------------------------------------------------------------------------
 25 -  Type: prescribed displacement
	dof ............................................... : 0
	value ............................................. : 0.645778
	relative .......................................... : no (0)
---------------------------------------------------------------------------
 26 -  Type: prescribed displacement
	dof ............................................... : 2
	value ............................................. : 6.00503
	relative .......................................... : no (0)
---------------------------------------------------------------------------
 27 -  Type: prescribed displacement
	dof ............................................... : 0
	value ............................................. : 0.489855
	relative .......................................... : no (0)
---------------------------------------------------------------------------
 28 -  Type: prescribed displacement
	dof ............................................... : 2
	value ............................................. : 5.73221
	relative .......................................... : no (0)
---------------------------------------------------------------------------
 29 -  Type: prescribed displacement
	dof ............................................... : 0
	value ............................................. : 0.329215
	relative .......................................... : no (0)
---------------------------------------------------------------------------
 30 -  Type: prescribed displacement
	dof ............................................... : 2
	value ............................................. : 5.52949
	relative .......................................... : no (0)
---------------------------------------------------------------------------
 31 -  Type: prescribed displacement
	dof ............................................... : 0
	value ............................................. : 0.165404
	relative .......................................... : no (0)
---------------------------------------------------------------------------
 32 -  Type: prescribed displacement
	dof ............................................... : 2
	value ............................................. : 5.40465
	relative .......................................... : no (0)
---------------------------------------------------------------------------
 33 -  Type: prescribed displacement
	dof ............................................... : 0
	value ............................................. : 1.0333e-16
	relative .......................................... : no (0)
---------------------------------------------------------------------------
 34 -  Type: prescribed displacement
	dof ............................................... : 2
	value ............................................. : 5.3625
	relative .......................................... : no (0)
---------------------------------------------------------------------------
 35 -  Type: prescribed displacement
	dof ............................................... : 0
	value ............................................. : -0.165404
	relative .......................................... : no (0)
---------------------------------------------------------------------------
 36 -  Type: prescribed displacement
	dof ............................................... : 2
	value ............................................. : 5.40465
	relative .......................................... : no (0)
---------------------------------------------------------------------------
 37 -  Type: prescribed displacement
	dof ............................................... : 0
	value ............................................. : -0.329215
	relative .......................................... : no (0)
---------------------------------------------------------------------------
 38 -  Type: prescribed displacement
	dof ............................................... : 2
	value ............................................. : 5.52949
	relative .......................................... : no (0)
---------------------------------------------------------------------------
 39 -  Type: prescribed displacement
	dof ............................................... : 0
	value ............................................. : -0.489855
	relative .......................................... : no (0)
---------------------------------------------------------------------------
 40 -  Type: prescribed displacement
	dof ............................................... : 2
	value ............................................. : 5.73221
	relative .......................................... : no (0)
---------------------------------------------------------------------------
 41 -  Type: prescribed displacement
	dof ............................................... : 0
	value ............................................. : -0.645778
	relative .......................................... : no (0)
---------------------------------------------------------------------------
 42 -  Type: prescribed displacement
	dof ............................................... : 2
	value ............................................. : 6.00503
	relative .......................................... : no (0)
---------------------------------------------------------------------------
 43 -  Type: prescribed displacement
	dof ............................................... : 0
	value ............................................. : -0.795482
	relative .......................................... : no (0)
---------------------------------------------------------------------------
 44 -  Type: prescribed displacement
	dof ............................................... : 2
	value ............................................. : 6.33747
	relative .......................................... : no (0)
---------------------------------------------------------------------------
 45 -  Type: prescribed displacement
	dof ............................................... : 0
	value ............................................. : -0.937525
	relative .......................................... : no (0)
---------------------------------------------------------------------------
 46 -  Type: prescribed displacement
	dof ............................................... : 2
	value ............................................. : 6.71674
	relative .......................................... : no (0)
---------------------------------------------------------------------------
 47 -  Type: prescribed displacement
	dof ............................................... : 0
	value ............................................. : -1.07054
	relative .......................................... : no (0)
---------------------------------------------------------------------------
 48 -  Type: prescribed displacement
	dof ............................................... : 2
	value ............................................. : 7.12827
	relative .......................................... : no (0)
---------------------------------------------------------------------------
 49 -  Type: prescribed displacement
	dof ............................................... : 0
	value ............................................. : -1.19324
	relative .......................................... : no (0)
---------------------------------------------------------------------------
 50 -  Type: prescribed displacement
	dof ............................................... : 2
	value ............................................. : 7.55625
	relative .......................................... : no (0)
---------------------------------------------------------------------------
 51 -  Type: prescribed displacement
	dof ............................................... : 0
	value ............................................. : -1.30446
	relative .......................................... : no (0)
---------------------------------------------------------------------------
 52 -  Type: prescribed displacement
	dof ............................................... : 2
	value ............................................. : 7.98423
	relative .......................................... : no (0)
---------------------------------------------------------------------------
 53 -  Type: prescribed displacement
	dof ............................................... : 0
	value ............................................. : -1.4031
	relative .......................................... : no (0)
---------------------------------------------------------------------------
 54 -  Type: prescribed displacement
	dof ............................................... : 2
	value ............................................. : 8.39576
	relative .......................................... : no (0)
---------------------------------------------------------------------------
 55 -  Type: prescribed displacement
	dof ............................................... : 0
	value ............................................. : -1.48824
	relative .......................................... : no (0)
---------------------------------------------------------------------------
 56 -  Type: prescribed displacement
	dof ............................................... : 2
	value ............................................. : 8.77503
	relative .......................................... : no (0)
---------------------------------------------------------------------------
 57 -  Type: prescribed displacement
	dof ............................................... : 0
	value ............................................. : -1.55905
	relative .......................................... : no (0)
---------------------------------------------------------------------------
 58 -  Type: prescribed displacement
	dof ............................................... : 2
	value ............................................. : 9.10747
	relative .......................................... : no (0)
---------------------------------------------------------------------------
 59 -  Type: prescribed displacement
	dof ............................................... : 0
	value ............................................. : -1.61484
	relative .......................................... : no (0)
---------------------------------------------------------------------------
 60 -  Type: prescribed displacement
	dof ............................................... : 2
	value ............................................. : 9.38029
	relative .......................................... : no (0)
---------------------------------------------------------------------------
 61 -  Type: prescribed displacement
	dof ............................................... : 0
	value ............................................. : -1.65508
	relative .......................................... : no (0)
---------------------------------------------------------------------------
 62 -  Type: prescribed displacement
	dof ............................................... : 2
	value ............................................. : 9.58301
	relative .......................................... : no (0)
---------------------------------------------------------------------------
 63 -  Type: prescribed displacement
	dof ............................................... : 0
	value ............................................. : -1.67937
	relative .......................................... : no (0)
---------------------------------------------------------------------------
 64 -  Type: prescribed displacement
	dof ............................................... : 2
	value ............................................. : 9.70785
	relative .......................................... : no (0)
---------------------------------------------------------------------------
 65 -  Type: prescribed displacement
	dof ............................................... : 0
	value ............................................. : -1.6875
	relative .......................................... : no (0)
---------------------------------------------------------------------------
 66 -  Type: prescribed displacement
	dof ............................................... : 2
	value ............................................. : 9.75
	relative .......................................... : no (0)
---------------------------------------------------------------------------
 67 -  Type: prescribed displacement
	dof ............................................... : 0
	value ............................................. : -1.67937
	relative .......................................... : no (0)
---------------------------------------------------------------------------
 68 -  Type: prescribed displacement
	dof ............................................... : 2
	value ............................................. : 9.70785
	relative .......................................... : no (0)
---------------------------------------------------------------------------
 69 -  Type: prescribed displacement
	dof ............................................... : 0
	value ............................................. : -1.65508
	relative .......................................... : no (0)
---------------------------------------------------------------------------
 70 -  Type: prescribed displacement
	dof ............................................... : 2
	value ............................................. : 9.58301
	relative .......................................... : no (0)
---------------------------------------------------------------------------
 71 -  Type: prescribed displacement
	dof ............................................... : 0
	value ............................................. : -1.61484
	relative .......................................... : no (0)
---------------------------------------------------------------------------
 72 -  Type: prescribed displacement
	dof ............................................... : 2
	value ............................................. : 9.38029
	relative .......................................... : no (0)
---------------------------------------------------------------------------
 73 -  Type: prescribed displacement
	dof ............................................... : 0
	value ............................................. : -1.55905
	relative .......................................... : no (0)
---------------------------------------------------------------------------
 74 -  Type: prescribed displacement
	dof ............................................... : 2
	value ............................................. : 9.10747
	relative .......................................... : no (0)
---------------------------------------------------------------------------
 75 -  Type: prescribed displacement
	dof ............................................... : 0
	value ............................................. : -1.48824
	relative .......................................... : no (0)
---------------------------------------------------------------------------
 76 -  Type: prescribed displacement
	dof ............................................... : 2
	value ............................................. : 8.77503
	relative .......................................... : no (0)
---------------------------------------------------------------------------
 77 -  Type: prescribed displacement
	dof ............................................... : 0
	value ............................................. : -1.4031
	relative .......................................... : no (0)
---------------------------------------------------------------------------
 78 -  Type: prescribed displacement
	dof ............................................... : 2
	value ............................................. : 8.39576
	relative .......................................... : no (0)
---------------------------------------------------------------------------
 79 -  Type: prescribed displacement
	dof ............................................... : 0
	value ............................................. : -1.30446
	relative .......................................... : no (0)
---------------------------------------------------------------------------
 80 -  Type: prescribed displacement
	dof ............................................... : 2
	value ............................................. : 7.98423
	relative .......................................... : no (0)
---------------------------------------------------------------------------
 81 -  Type: prescribed displacement
	dof ............................................... : 0
	value ............................................. : -1.19324
	relative .......................................... : no (0)
---------------------------------------------------------------------------
 82 -  Type: prescribed displacement
	dof ............................................... : 2
	value ............................................. : 7.55625
	relative .......................................... : no (0)
---------------------------------------------------------------------------
 83 -  Type: prescribed displacement
	dof ............................................... : 0
	value ............................................. : -1.07054
	relative .......................................... : no (0)
---------------------------------------------------------------------------
 84 -  Type: prescribed displacement
	dof ............................................... : 2
	value ............................................. : 7.12827
	relative .......................................... : no (0)
---------------------------------------------------------------------------
 85 -  Type: prescribed displacement
	dof ............................................... : 0
	value ............................................. : -0.937525
	relative .......................................... : no (0)
---------------------------------------------------------------------------
 86 -  Type: prescribed displacement
	dof ............................................... : 2
	value ............................................. : 6.71674
	relative .......................................... : no (0)
---------------------------------------------------------------------------
 87 -  Type: prescribed displacement
	dof ............................................... : 0
	value ............................................. : -0.795482
	relative .......................................... : no (0)
---------------------------------------------------------------------------
 88 -  Type: prescribed displacement
	dof ............................................... : 2
	value ............................................. : 6.33747
	relative .......................................... : no (0)
---------------------------------------------------------------------------
 89 -  Type: prescribed displacement
	dof ............................................... : 0
	value ............................................. : -0.645778
	relative .......................................... : no (0)
---------------------------------------------------------------------------
 90 -  Type: prescribed displacement
	dof ............................................... : 2
	value ............................................. : 6.00503
	relative .......................................... : no (0)
---------------------------------------------------------------------------
 91 -  Type: prescribed displacement
	dof ............................................... : 0
	value ............................................. : -0.489855
	relative .......................................... : no (0)
---------------------------------------------------------------------------
 92 -  Type: prescribed displacement
	dof ............................................... : 2
	value ............................................. : 5.73221
	relative .......................................... : no (0)
---------------------------------------------------------------------------
 93 -  Type: prescribed displacement
	dof ............................................... : 0
	value ............................................. : -0.329215
	relative .......................................... : no (0)
---------------------------------------------------------------------------
 94 -  Type: prescribed displacement
	dof ............................................... : 2
	value ............................................. : 5.52949
	relative .......................................... : no (0)
---------------------------------------------------------------------------
 95 -  Type: prescribed displacement
	dof ............................................... : 0
	value ............................................. : -0.165404
	relative .......................................... : no (0)
---------------------------------------------------------------------------
 96 -  Type: prescribed displacement
	dof ............................................... : 2
	value ............................................. : 5.40465
	relative .......................................... : no (0)
---------------------------------------------------------------------------
 97 -  Type: prescribed displacement
	dof ............................................... : 0
	value ............................................. : -3.09989e-16
	relative .......................................... : no (0)
---------------------------------------------------------------------------
 98 -  Type: prescribed displacement
	dof ............................................... : 2
	value ............................................. : 5.3625
	relative .......................................... : no (0)
---------------------------------------------------------------------------
 99 -  Type: prescribed displacement
	dof ............................................... : 0
	value ............................................. : 0.165404
	relative .......................................... : no (0)
---------------------------------------------------------------------------
100 -  Type: prescribed displacement
	dof ............................................... : 2
	value ............................................. : 5.40465
	relative .......................................... : no (0)
---------------------------------------------------------------------------
101 -  Type: prescribed displacement
	dof ............................................... : 0
	value ............................................. : 0.329215
	relative .......................................... : no (0)
---------------------------------------------------------------------------
102 -  Type: prescribed displacement
	dof ............................................... : 2
	value ............................................. : 5.52949
	relative .......................................... : no (0)
---------------------------------------------------------------------------
103 -  Type: prescribed displacement
	dof ............................................... : 0
	value ............................................. : 0.489855
	relative .......................................... : no (0)
---------------------------------------------------------------------------
104 -  Type: prescribed displacement
	dof ............................................... : 2
	value ............................................. : 5.73221
	relative .......................................... : no (0)
---------------------------------------------------------------------------
105 -  Type: prescribed displacement
	dof ............................................... : 0
	value ............................................. : 0.645778
	relative .......................................... : no (0)
---------------------------------------------------------------------------
106 -  Type: prescribed displacement
	dof ............................................... : 2
	value ............................................. : 6.00503
	relative .......................................... : no (0)
---------------------------------------------------------------------------
107 -  Type: prescribed displacement
	dof ............................................... : 0
	value ............................................. : 0.795482
	relative .......................................... : no (0)
---------------------------------------------------------------------------
108 -  Type: prescribed displacement
	dof ............................................... : 2
	value ............................................. : 6.33747
	relative .......................................... : no (0)
---------------------------------------------------------------------------
109 -  Type: prescribed displacement
	dof ............................................... : 0
	value ............................................. : 0.937525
	relative .......................................... : no (0)
---------------------------------------------------------------------------
110 -  Type: prescribed displacement
	dof ............................................... : 2
	value ............................................. : 6.71674
	relative .......................................... : no (0)
---------------------------------------------------------------------------
111 -  Type: prescribed displacement
	dof ............................................... : 0
	value ............................................. : 1.07054
	relative .......................................... : no (0)
---------------------------------------------------------------------------
112 -  Type: prescribed displacement
	dof ............................................... : 2
	value ............................................. : 7.12827
	relative .......................................... : no (0)
---------------------------------------------------------------------------
113 -  Type: prescribed displacement
	dof ............................................... : 0
	value ............................................. : 1.19324
	relative .......................................... : no (0)
---------------------------------------------------------------------------
114 -  Type: prescribed displacement
	dof ............................................... : 2
	value ............................................. : 7.55625
	relative .......................................... : no (0)
---------------------------------------------------------------------------
115 -  Type: prescribed displacement
	dof ............................................... : 0
	value ............................................. : 1.30446
	relative .......................................... : no (0)
---------------------------------------------------------------------------
116 -  Type: prescribed displacement
	dof ............................................... : 2
	value ............................................. : 7.98423
	relative .......................................... : no (0)
---------------------------------------------------------------------------
117 -  Type: prescribed displacement
	dof ............................................... : 0
	value ............................................. : 1.4031
	relative .......................................... : no (0)
---------------------------------------------------------------------------
118 -  Type: prescribed displacement
	dof ............................................... : 2
	value ............................................. : 8.39576
	relative .......................................... : no (0)
---------------------------------------------------------------------------
119 -  Type: prescribed displacement
	dof ............................................... : 0
	value ............................................. : 1.48824
	relative .......................................... : no (0)
---------------------------------------------------------------------------
120 -  Type: prescribed displacement
	dof ............................................... : 2
	value ............................................. : 8.77503
	relative .......................................... : no (0)
---------------------------------------------------------------------------
121 -  Type: prescribed displacement
	dof ............................................... : 0
	value ............................................. : 1.55905
	relative .......................................... : no (0)
---------------------------------------------------------------------------
122 -  Type: prescribed displacement
	dof ............................................... : 2
	value ............................................. : 9.10747
	relative .......................................... : no (0)
---------------------------------------------------------------------------
123 -  Type: prescribed displacement
	dof ............................................... : 0
	value ............................................. : 1.61484
	relative .......................................... : no (0)
---------------------------------------------------------------------------
124 -  Type: prescribed displacement
	dof ............................................... : 2
	value ............................................. : 9.38029
	relative .......................................... : no (0)
---------------------------------------------------------------------------
125 -  Type: prescribed displacement
	dof ............................................... : 0
	value ............................................. : 1.65508
	relative .......................................... : no (0)
---------------------------------------------------------------------------
126 -  Type: prescribed displacement
	dof ............................................... : 2
	value ............................................. : 9.58301
	relative .......................................... : no (0)
---------------------------------------------------------------------------
127 -  Type: prescribed displacement
	dof ............................................... : 0
	value ............................................. : 1.67937
	relative .......................................... : no (0)
---------------------------------------------------------------------------
128 -  Type: prescribed displacement
	dof ............................................... : 2
	value ............................................. : 9.70785
	relative .......................................... : no (0)
---------------------------------------------------------------------------
129 -  Type: zero displacement
	x_dof ............................................. : no (0)
	y_dof ............................................. : yes (1)
	z_dof ............................................. : no (0)
---------------------------------------------------------------------------
130 -  Type: zero displacement
	x_dof ............................................. : yes (1)
	y_dof ............................................. : no (0)
	z_dof ............................................. : no (0)
---------------------------------------------------------------------------
131 -  Type: zero displacement
	x_dof ............................................. : no (0)
	y_dof ............................................. : no (0)
	z_dof ............................................. : yes (1)
---------------------------------------------------------------------------
132 -  Type: prescribed displacement
	dof ............................................... : 0
	value ............................................. : 0.6
	relative .......................................... : no (0)
---------------------------------------------------------------------------
133 -  Type: prescribed displacement
	dof ............................................... : 1
	value ............................................. : 0
	relative .......................................... : no (0)
---------------------------------------------------------------------------
134 -  Type: prescribed displacement
	dof ............................................... : 0
	value ............................................. : 0.597111
	relative .......................................... : no (0)
---------------------------------------------------------------------------
135 -  Type: prescribed displacement
	dof ............................................... : 1
	value ............................................. : 0.0588103
	relative .......................................... : no (0)
---------------------------------------------------------------------------
136 -  Type: prescribed displacement
	dof ............................................... : 0
	value ............................................. : 0.588471
	relative .......................................... : no (0)
---------------------------------------------------------------------------
137 -  Type: prescribed displacement
	dof ............................................... : 1
	value ............................................. : 0.117054
	relative .......................................... : no (0)
---------------------------------------------------------------------------
138 -  Type: prescribed displacement
	dof ............................................... : 0
	value ............................................. : 0.574164
	relative .......................................... : no (0)
---------------------------------------------------------------------------
139 -  Type: prescribed displacement
	dof ............................................... : 1
	value ............................................. : 0.174171
	relative .......................................... : no (0)
---------------------------------------------------------------------------
140 -  Type: prescribed displacement
	dof ............................................... : 0
	value ............................................. : 0.554328
	relative .......................................... : no (0)
---------------------------------------------------------------------------
141 -  Type: prescribed displacement
	dof ............................................... : 1
	value ............................................. : 0.22961
	relative .......................................... : no (0)
---------------------------------------------------------------------------
142 -  Type: prescribed displacement
	dof ............................................... : 0
	value ............................................. : 0.529153
	relative .......................................... : no (0)
---------------------------------------------------------------------------
143 -  Type: prescribed displacement
	dof ............................................... : 1
	value ............................................. : 0.282838
	relative .......................................... : no (0)
---------------------------------------------------------------------------
144 -  Type: prescribed displacement
	dof ............................................... : 0
	value ............................................. : 0.498882
	relative .......................................... : no (0)
---------------------------------------------------------------------------
145 -  Type: prescribed displacement
	dof ............................................... : 1
	value ............................................. : 0.333342
	relative .......................................... : no (0)
---------------------------------------------------------------------------
146 -  Type: prescribed displacement
	dof ............................................... : 0
	value ............................................. : 0.463806
	relative .......................................... : no (0)
---------------------------------------------------------------------------
147 -  Type: prescribed displacement
	dof ............................................... : 1
	value ............................................. : 0.380636
	relative .......................................... : no (0)
---------------------------------------------------------------------------
148 -  Type: prescribed displacement
	dof ............................................... : 0
	value ............................................. : 0.424264
	relative .......................................... : no (0)
---------------------------------------------------------------------------
149 -  Type: prescribed displacement
	dof ............................................... : 1
	value ............................................. : 0.424264
	relative .......................................... : no (0)
---------------------------------------------------------------------------
150 -  Type: prescribed displacement
	dof ............................................... : 0
	value ............................................. : 0.380636
	relative .......................................... : no (0)
---------------------------------------------------------------------------
151 -  Type: prescribed displacement
	dof ............................................... : 1
	value ............................................. : 0.463806
	relative .......................................... : no (0)
---------------------------------------------------------------------------
152 -  Type: prescribed displacement
	dof ............................................... : 0
	value ............................................. : 0.333342
	relative .......................................... : no (0)
---------------------------------------------------------------------------
153 -  Type: prescribed displacement
	dof ............................................... : 1
	value ............................................. : 0.498882
	relative .......................................... : no (0)
---------------------------------------------------------------------------
154 -  Type: prescribed displacement
	dof ............................................... : 0
	value ............................................. : 0.282838
	relative .......................................... : no (0)
---------------------------------------------------------------------------
155 -  Type: prescribed displacement
	dof ............................................... : 1
	value ............................................. : 0.529153
	relative .......................................... : no (0)
---------------------------------------------------------------------------
156 -  Type: prescribed displacement
	dof ............................................... : 0
	value ............................................. : 0.22961
	relative .......................................... : no (0)
---------------------------------------------------------------------------
157 -  Type: prescribed displacement
	dof ............................................... : 1
	value ............................................. : 0.554328
	relative .......................................... : no (0)
---------------------------------------------------------------------------
158 -  Type: prescribed displacement
	dof ............................................... : 0
	value ............................................. : 0.174171
	relative .......................................... : no (0)
---------------------------------------------------------------------------
159 -  Type: prescribed displacement
	dof ............................................... : 1
	value ............................................. : 0.574164
	relative .......................................... : no (0)
---------------------------------------------------------------------------
160 -  Type: prescribed displacement
	dof ............................................... : 0
	value ............................................. : 0.117054
	relative .......................................... : no (0)
---------------------------------------------------------------------------
161 -  Type: prescribed displacement
	dof ............................................... : 1
	value ............................................. : 0.588471
	relative .......................................... : no (0)
---------------------------------------------------------------------------
162 -  Type: prescribed displacement
	dof ............................................... : 0
	value ............................................. : 0.0588103
	relative .......................................... : no (0)
---------------------------------------------------------------------------
163 -  Type: prescribed displacement
	dof ............................................... : 1
	value ............................................. : 0.597111
	relative .......................................... : no (0)
---------------------------------------------------------------------------
164 -  Type: prescribed displacement
	dof ............................................... : 0
	value ............................................. : 3.67394e-17
	relative .......................................... : no (0)
---------------------------------------------------------------------------
165 -  Type: prescribed displacement
	dof ............................................... : 1
	value ............................................. : 0.6
	relative .......................................... : no (0)
---------------------------------------------------------------------------
166 -  Type: prescribed displacement
	dof ............................................... : 0
	value ............................................. : -0.0588103
	relative .......................................... : no (0)
---------------------------------------------------------------------------
167 -  Type: prescribed displacement
	dof ............................................... : 1
	value ............................................. : 0.597111
	relative .......................................... : no (0)
---------------------------------------------------------------------------
168 -  Type: prescribed displacement
	dof ............................................... : 0
	value ............................................. : -0.117054
	relative .......................................... : no (0)
---------------------------------------------------------------------------
169 -  Type: prescribed displacement
	dof ............................................... : 1
	value ............................................. : 0.588471
	relative .......................................... : no (0)
---------------------------------------------------------------------------
170 -  Type: prescribed displacement
	dof ............................................... : 0
	value ............................................. : -0.174171
	relative .......................................... : no (0)
---------------------------------------------------------------------------
171 -  Type: prescribed displacement
	dof ............................................... : 1
	value ............................................. : 0.574164
	relative .......................................... : no (0)
---------------------------------------------------------------------------
172 -  Type: prescribed displacement
	dof ............................................... : 0
	value ............................................. : -0.22961
	relative .......................................... : no (0)
---------------------------------------------------------------------------
173 -  Type: prescribed displacement
	dof ............................................... : 1
	value ............................................. : 0.554328
	relative .......................................... : no (0)
---------------------------------------------------------------------------
174 -  Type: prescribed displacement
	dof ............................................... : 0
	value ............................................. : -0.282838
	relative .......................................... : no (0)
---------------------------------------------------------------------------
175 -  Type: prescribed displacement
	dof ............................................... : 1
	value ............................................. : 0.529153
	relative .......................................... : no (0)
---------------------------------------------------------------------------
176 -  Type: prescribed displacement
	dof ............................................... : 0
	value ............................................. : -0.333342
	relative .......................................... : no (0)
---------------------------------------------------------------------------
177 -  Type: prescribed displacement
	dof ............................................... : 1
	value ............................................. : 0.498882
	relative .......................................... : no (0)
---------------------------------------------------------------------------
178 -  Type: prescribed displacement
	dof ............................................... : 0
	value ............................................. : -0.380636
	relative .......................................... : no (0)
---------------------------------------------------------------------------
179 -  Type: prescribed displacement
	dof ............................................... : 1
	value ............................................. : 0.463806
	relative .......................................... : no (0)
---------------------------------------------------------------------------
180 -  Type: prescribed displacement
	dof ............................................... : 0
	value ............................................. : -0.424264
	relative .......................................... : no (0)
---------------------------------------------------------------------------
181 -  Type: prescribed displacement
	dof ............................................... : 1
	value ............................................. : 0.424264
	relative .......................................... : no (0)
---------------------------------------------------------------------------
182 -  Type: prescribed displacement
	dof ............................................... : 0
	value ............................................. : -0.463806
	relative .......................................... : no (0)
---------------------------------------------------------------------------
183 -  Type: prescribed displacement
	dof ............................................... : 1
	value ............................................. : 0.380636
	relative .......................................... : no (0)
---------------------------------------------------------------------------
184 -  Type: prescribed displacement
	dof ............................................... : 0
	value ............................................. : -0.498882
	relative .......................................... : no (0)
---------------------------------------------------------------------------
185 -  Type: prescribed displacement
	dof ............................................... : 1
	value ............................................. : 0.333342
	relative .......................................... : no (0)
---------------------------------------------------------------------------
186 -  Type: prescribed displacement
	dof ............................................... : 0
	value ............................................. : -0.529153
	relative .......................................... : no (0)
---------------------------------------------------------------------------
187 -  Type: prescribed displacement
	dof ............................................... : 1
	value ............................................. : 0.282838
	relative .......................................... : no (0)
---------------------------------------------------------------------------
188 -  Type: prescribed displacement
	dof ............................................... : 0
	value ............................................. : -0.554328
	relative .......................................... : no (0)
---------------------------------------------------------------------------
189 -  Type: prescribed displacement
	dof ............................................... : 1
	value ............................................. : 0.22961
	relative .......................................... : no (0)
---------------------------------------------------------------------------
190 -  Type: prescribed displacement
	dof ............................................... : 0
	value ............................................. : -0.574164
	relative .......................................... : no (0)
---------------------------------------------------------------------------
191 -  Type: prescribed displacement
	dof ............................................... : 1
	value ............................................. : 0.174171
	relative .......................................... : no (0)
---------------------------------------------------------------------------
192 -  Type: prescribed displacement
	dof ............................................... : 0
	value ............................................. : -0.588471
	relative .......................................... : no (0)
---------------------------------------------------------------------------
193 -  Type: prescribed displacement
	dof ............................................... : 1
	value ............................................. : 0.117054
	relative .......................................... : no (0)
---------------------------------------------------------------------------
194 -  Type: prescribed displacement
	dof ............................................... : 0
	value ............................................. : -0.597111
	relative .......................................... : no (0)
---------------------------------------------------------------------------
195 -  Type: prescribed displacement
	dof ............................................... : 1
	value ............................................. : 0.0588103
	relative .......................................... : no (0)
---------------------------------------------------------------------------
196 -  Type: prescribed displacement
	dof ............................................... : 0
	value ............................................. : -0.6
	relative .......................................... : no (0)
---------------------------------------------------------------------------
197 -  Type: prescribed displacement
	dof ............................................... : 1
	value ............................................. : 7.34788e-17
	relative .......................................... : no (0)
---------------------------------------------------------------------------
198 -  Type: prescribed displacement
	dof ............................................... : 0
	value ............................................. : -0.597111
	relative .......................................... : no (0)
---------------------------------------------------------------------------
199 -  Type: prescribed displacement
	dof ............................................... : 1
	value ............................................. : -0.0588103
	relative .......................................... : no (0)
---------------------------------------------------------------------------
200 -  Type: prescribed displacement
	dof ............................................... : 0
	value ............................................. : -0.588471
	relative .......................................... : no (0)
---------------------------------------------------------------------------
201 -  Type: prescribed displacement
	dof ............................................... : 1
	value ............................................. : -0.117054
	relative .......................................... : no (0)
---------------------------------------------------------------------------
202 -  Type: prescribed displacement
	dof ............................................... : 0
	value ............................................. : -0.574164
	relative .......................................... : no (0)
---------------------------------------------------------------------------
203 -  Type: prescribed displacement
	dof ............................................... : 1
	value ............................................. : -0.174171
	relative .......................................... : no (0)
---------------------------------------------------------------------------
204 -  Type: prescribed displacement
	dof ............................................... : 0
	value ............................................. : -0.554328
	relative .......................................... : no (0)
---------------------------------------------------------------------------
205 -  Type: prescribed displacement
	dof ............................................... : 1
	value ............................................. : -0.22961
	relative .......................................... : no (0)
---------------------------------------------------------------------------
206 -  Type: prescribed displacement
	dof ............................................... : 0
	value ............................................. : -0.529153
	relative .......................................... : no (0)
---------------------------------------------------------------------------
207 -  Type: prescribed displacement
	dof ............................................... : 1
	value ............................................. : -0.282838
	relative .......................................... : no (0)
---------------------------------------------------------------------------
208 -  Type: prescribed displacement
	dof ............................................... : 0
	value ............................................. : -0.498882
	relative .......................................... : no (0)
---------------------------------------------------------------------------
209 -  Type: prescribed displacement
	dof ............................................... : 1
	value ............................................. : -0.333342
	relative .......................................... : no (0)
---------------------------------------------------------------------------
210 -  Type: prescribed displacement
	dof ............................................... : 0
	value ............................................. : -0.463806
	relative .......................................... : no (0)
---------------------------------------------------------------------------
211 -  Type: prescribed displacement
	dof ............................................... : 1
	value ............................................. : -0.380636
	relative .......................................... : no (0)
---------------------------------------------------------------------------
212 -  Type: prescribed displacement
	dof ............................................... : 0
	value ............................................. : -0.424264
	relative .......................................... : no (0)
---------------------------------------------------------------------------
213 -  Type: prescribed displacement
	dof ............................................... : 1
	value ............................................. : -0.424264
	relative .......................................... : no (0)
---------------------------------------------------------------------------
214 -  Type: prescribed displacement
	dof ............................................... : 0
	value ............................................. : -0.380636
	relative .......................................... : no (0)
---------------------------------------------------------------------------
215 -  Type: prescribed displacement
	dof ............................................... : 1
	value ............................................. : -0.463806
	relative .......................................... : no (0)
---------------------------------------------------------------------------
216 -  Type: prescribed displacement
	dof ............................................... : 0
	value ............................................. : -0.333342
	relative .......................................... : no (0)
---------------------------------------------------------------------------
217 -  Type: prescribed displacement
	dof ............................................... : 1
	value ............................................. : -0.498882
	relative .......................................... : no (0)
---------------------------------------------------------------------------
218 -  Type: prescribed displacement
	dof ............................................... : 0
	value ............................................. : -0.282838
	relative .......................................... : no (0)
---------------------------------------------------------------------------
219 -  Type: prescribed displacement
	dof ............................................... : 1
	value ............................................. : -0.529153
	relative .......................................... : no (0)
---------------------------------------------------------------------------
220 -  Type: prescribed displacement
	dof ............................................... : 0
	value ............................................. : -0.22961
	relative .......................................... : no (0)
---------------------------------------------------------------------------
221 -  Type: prescribed displacement
	dof ............................................... : 1
	value ............................................. : -0.554328
	relative .......................................... : no (0)
---------------------------------------------------------------------------
222 -  Type: prescribed displacement
	dof ............................................... : 0
	value ............................................. : -0.174171
	relative .......................................... : no (0)
---------------------------------------------------------------------------
223 -  Type: prescribed displacement
	dof ............................................... : 1
	value ............................................. : -0.574164
	relative .......................................... : no (0)
---------------------------------------------------------------------------
224 -  Type: prescribed displacement
	dof ............................................... : 0
	value ............................................. : -0.117054
	relative .......................................... : no (0)
---------------------------------------------------------------------------
225 -  Type: prescribed displacement
	dof ............................................... : 1
	value ............................................. : -0.588471
	relative .......................................... : no (0)
---------------------------------------------------------------------------
226 -  Type: prescribed displacement
	dof ............................................... : 0
	value ............................................. : -0.0588103
	relative .......................................... : no (0)
---------------------------------------------------------------------------
227 -  Type: prescribed displacement
	dof ............................................... : 1
	value ............................................. : -0.597111
	relative .......................................... : no (0)
---------------------------------------------------------------------------
228 -  Type: prescribed displacement
	dof ............................................... : 0
	value ............................................. : -1.10218e-16
	relative .......................................... : no (0)
---------------------------------------------------------------------------
229 -  Type: prescribed displacement
	dof ............................................... : 1
	value ............................................. : -0.6
	relative .......................................... : no (0)
---------------------------------------------------------------------------
230 -  Type: prescribed displacement
	dof ............................................... : 0
	value ............................................. : 0.0588103
	relative .......................................... : no (0)
---------------------------------------------------------------------------
231 -  Type: prescribed displacement
	dof ............................................... : 1
	value ............................................. : -0.597111
	relative .......................................... : no (0)
---------------------------------------------------------------------------
232 -  Type: prescribed displacement
	dof ............................................... : 0
	value ............................................. : 0.117054
	relative .......................................... : no (0)
---------------------------------------------------------------------------
233 -  Type: prescribed displacement
	dof ............................................... : 1
	value ............................................. : -0.588471
	relative .......................................... : no (0)
---------------------------------------------------------------------------
234 -  Type: prescribed displacement
	dof ............................................... : 0
	value ............................................. : 0.174171
	relative .......................................... : no (0)
---------------------------------------------------------------------------
235 -  Type: prescribed displacement
	dof ............................................... : 1
	value ............................................. : -0.574164
	relative .......................................... : no (0)
---------------------------------------------------------------------------
236 -  Type: prescribed displacement
	dof ............................................... : 0
	value ............................................. : 0.22961
	relative .......................................... : no (0)
---------------------------------------------------------------------------
237 -  Type: prescribed displacement
	dof ............................................... : 1
	value ............................................. : -0.554328
	relative .......................................... : no (0)
---------------------------------------------------------------------------
238 -  Type: prescribed displacement
	dof ............................................... : 0
	value ............................................. : 0.282838
	relative .......................................... : no (0)
---------------------------------------------------------------------------
239 -  Type: prescribed displacement
	dof ............................................... : 1
	value ............................................. : -0.529153
	relative .......................................... : no (0)
---------------------------------------------------------------------------
240 -  Type: prescribed displacement
	dof ............................................... : 0
	value ............................................. : 0.333342
	relative .......................................... : no (0)
---------------------------------------------------------------------------
241 -  Type: prescribed displacement
	dof ............................................... : 1
	value ............................................. : -0.498882
	relative .......................................... : no (0)
---------------------------------------------------------------------------
242 -  Type: prescribed displacement
	dof ............................................... : 0
	value ............................................. : 0.380636
	relative .......................................... : no (0)
---------------------------------------------------------------------------
243 -  Type: prescribed displacement
	dof ............................................... : 1
	value ............................................. : -0.463806
	relative .......................................... : no (0)
---------------------------------------------------------------------------
244 -  Type: prescribed displacement
	dof ............................................... : 0
	value ............................................. : 0.424264
	relative .......................................... : no (0)
---------------------------------------------------------------------------
245 -  Type: prescribed displacement
	dof ............................................... : 1
	value ............................................. : -0.424264
	relative .......................................... : no (0)
---------------------------------------------------------------------------
246 -  Type: prescribed displacement
	dof ............................................... : 0
	value ............................................. : 0.463806
	relative .......................................... : no (0)
---------------------------------------------------------------------------
247 -  Type: prescribed displacement
	dof ............................................... : 1
	value ............................................. : -0.380636
	relative .......................................... : no (0)
---------------------------------------------------------------------------
248 -  Type: prescribed displacement
	dof ............................................... : 0
	value ............................................. : 0.498882
	relative .......................................... : no (0)
---------------------------------------------------------------------------
249 -  Type: prescribed displacement
	dof ............................................... : 1
	value ............................................. : -0.333342
	relative .......................................... : no (0)
---------------------------------------------------------------------------
250 -  Type: prescribed displacement
	dof ............................................... : 0
	value ............................................. : 0.529153
	relative .......................................... : no (0)
---------------------------------------------------------------------------
251 -  Type: prescribed displacement
	dof ............................................... : 1
	value ............................................. : -0.282838
	relative .......................................... : no (0)
---------------------------------------------------------------------------
252 -  Type: prescribed displacement
	dof ............................................... : 0
	value ............................................. : 0.554328
	relative .......................................... : no (0)
---------------------------------------------------------------------------
253 -  Type: prescribed displacement
	dof ............................................... : 1
	value ............................................. : -0.22961
	relative .......................................... : no (0)
---------------------------------------------------------------------------
254 -  Type: prescribed displacement
	dof ............................................... : 0
	value ............................................. : 0.574164
	relative .......................................... : no (0)
---------------------------------------------------------------------------
255 -  Type: prescribed displacement
	dof ............................................... : 1
	value ............................................. : -0.174171
	relative .......................................... : no (0)
---------------------------------------------------------------------------
256 -  Type: prescribed displacement
	dof ............................................... : 0
	value ............................................. : 0.588471
	relative .......................................... : no (0)
---------------------------------------------------------------------------
257 -  Type: prescribed displacement
	dof ............................................... : 1
	value ............................................. : -0.117054
	relative .......................................... : no (0)
---------------------------------------------------------------------------
258 -  Type: prescribed displacement
	dof ............................................... : 0
	value ............................................. : 0.597111
	relative .......................................... : no (0)
---------------------------------------------------------------------------
259 -  Type: prescribed displacement
	dof ............................................... : 1
	value ............................................. : -0.0588103
	relative .......................................... : no (0)


 LOAD CONTROLLER DATA
===========================================================================
load controller   1 - lc1 (type: loadcurve)
	interpolate ....................................... : LINEAR (0)
	extend ............................................ : CONSTANT (0)
	points ............................................ : (can't display value)
---------------------------------------------------------------------------
load controller   2 - lc2 (type: loadcurve)
	interpolate ....................................... : LINEAR (0)
	extend ............................................ : CONSTANT (0)
	points ............................................ : (can't display value)


 OUTPUT DATA
===========================================================================
 LINEAR SOLVER DATA
===========================================================================
	Default linear solver ............................. : pardiso


Data Record #1
===========================================================================
Step = 0
Time = 0
Data = shirt_final_coordinates
1,187.9,0,0
2,186.99521,16.1630264,0
3,184.289554,32.1703941,0
4,179.809089,47.8679433,0
5,173.596964,63.104498,0
6,165.713006,77.7333219,0
7,156.23314,91.6135314,0
8,145.248664,104.611453,0
9,132.865364,116.601908,0
10,119.202498,127.469424,0
11,104.391647,137.109339,0
12,88.5754468,145.428816,0
13,71.9062169,152.347735,0
14,54.5444909,157.799461,0
15,36.6574715,161.731493,0
16,18.4174207,164.105961,0
17,1.15055567e-14,164.9,0
18,-18.4174207,164.105961,0
19,-36.6574715,161.731493,0
20,-54.5444909,157.799461,0
21,-71.9062169,152.347735,0
22,-88.5754468,145.428816,0
23,-104.391647,137.109339,0
24,-119.202498,127.469424,0
25,-132.865364,116.601908,0
26,-145.248664,104.611453,0
27,-156.23314,91.6135314,0
28,-165.713006,77.7333219,0
29,-173.596964,63.104498,0
30,-179.809089,47.8679433,0
31,-184.289554,32.1703941,0
32,-186.99521,16.1630264,0
33,-187.9,2.01944257e-14,0
34,-186.99521,-16.1630264,0
35,-184.289554,-32.1703941,0
36,-179.809089,-47.8679433,0
37,-173.596964,-63.104498,0
38,-165.713006,-77.7333219,0
39,-156.23314,-91.6135314,0
40,-145.248664,-104.611453,0
41,-132.865364,-116.601908,0
42,-119.202498,-127.469424,0
43,-104.391647,-137.109339,0
44,-88.5754468,-145.428816,0
45,-71.9062169,-152.347735,0
46,-54.5444909,-157.799461,0
47,-36.6574715,-161.731493,0
48,-18.4174207,-164.105961,0
49,-3.451667e-14,-164.9,0
50,18.4174207,-164.105961,0
51,36.6574715,-161.731493,0
52,54.5444909,-157.799461,0
53,71.9062169,-152.347735,0
54,88.5754468,-145.428816,0
55,104.391647,-137.109339,0
56,119.202498,-127.469424,0
57,132.865364,-116.601908,0
58,145.248664,-104.611453,0
59,156.23314,-91.6135314,0
60,165.713006,-77.7333219,0
61,173.596964,-63.104498,0
62,179.809089,-47.8679433,0
63,184.289554,-32.1703941,0
64,186.99521,-16.1630264,0
65,187.9,0,25
66,186.99521,16.1630264,25
67,184.289554,32.1703941,25
68,179.809089,47.8679433,25
69,173.596964,63.104498,25
70,165.713006,77.7333219,25
71,156.23314,91.6135314,25
72,145.248664,104.611453,25
73,132.865364,116.601908,25
74,119.202498,127.469424,25
75,104.391647,137.109339,25
76,88.5754468,145.428816,25
77,71.9062169,152.347735,25
78,54.5444909,157.799461,25
79,36.6574715,161.731493,25
80,18.4174207,164.105961,25
81,1.15055567e-14,164.9,25
82,-18.4174207,164.105961,25
83,-36.6574715,161.731493,25
84,-54.5444909,157.799461,25
85,-71.9062169,152.347735,25
86,-88.5754468,145.428816,25
87,-104.391647,137.109339,25
88,-119.202498,127.469424,25
89,-132.865364,116.601908,25
90,-145.248664,104.611453,25
91,-156.23314,91.6135314,25
92,-165.713006,77.7333219,25
93,-173.596964,63.104498,25
94,-179.809089,47.8679433,25
95,-184.289554,32.1703941,25
96,-186.99521,16.1630264,25
97,-187.9,2.01944257e-14,25
98,-186.99521,-16.1630264,25
99,-184.289554,-32.1703941,25
100,-179.809089,-47.8679433,25
101,-173.596964,-63.104498,25
102,-165.713006,-77.7333219,25
103,-156.23314,-91.6135314,25
104,-145.248664,-104.611453,25
105,-132.865364,-116.601908,25
106,-119.202498,-127.469424,25
107,-104.391647,-137.109339,25
108,-88.5754468,-145.428816,25
109,-71.9062169,-152.347735,25
110,-54.5444909,-157.799461,25
111,-36.6574715,-161.731493,25
112,-18.4174207,-164.105961,25
113,-3.451667e-14,-164.9,25
114,18.4174207,-164.105961,25
115,36.6574715,-161.731493,25
116,54.5444909,-157.799461,25
117,71.9062169,-152.347735,25
118,88.5754468,-145.428816,25
119,104.391647,-137.109339,25
120,119.202498,-127.469424,25
121,132.865364,-116.601908,25
122,145.248664,-104.611453,25
123,156.23314,-91.6135314,25
124,165.713006,-77.7333219,25
125,173.596964,-63.104498,25
126,179.809089,-47.8679433,25
127,184.289554,-32.1703941,25
128,186.99521,-16.1630264,25
129,187.9,0,50
130,186.99521,16.1630264,50
131,184.289554,32.1703941,50
132,179.809089,47.8679433,50
133,173.596964,63.104498,50
134,165.713006,77.7333219,50
135,156.23314,91.6135314,50
136,145.248664,104.611453,50
137,132.865364,116.601908,50
138,119.202498,127.469424,50
139,104.391647,137.109339,50
140,88.5754468,145.428816,50
141,71.9062169,152.347735,50
142,54.5444909,157.799461,50
143,36.6574715,161.731493,50
144,18.4174207,164.105961,50
145,1.15055567e-14,164.9,50
146,-18.4174207,164.105961,50
147,-36.6574715,161.731493,50
148,-54.5444909,157.799461,50
149,-71.9062169,152.347735,50
150,-88.5754468,145.428816,50
151,-104.391647,137.109339,50
152,-119.202498,127.469424,50
153,-132.865364,116.601908,50
154,-145.248664,104.611453,50
155,-156.23314,91.6135314,50
156,-165.713006,77.7333219,50
157,-173.596964,63.104498,50
158,-179.809089,47.8679433,50
159,-184.289554,32.1703941,50
160,-186.99521,16.1630264,50
161,-187.9,2.01944257e-14,50
162,-186.99521,-16.1630264,50
163,-184.289554,-32.1703941,50
164,-179.809089,-47.8679433,50
165,-173.596964,-63.104498,50
166,-165.713006,-77.7333219,50
167,-156.23314,-91.6135314,50
168,-145.248664,-104.611453,50
169,-132.865364,-116.601908,50
170,-119.202498,-127.469424,50
171,-104.391647,-137.109339,50
172,-88.5754468,-145.428816,50
173,-71.9062169,-152.347735,50
174,-54.5444909,-157.799461,50
175,-36.6574715,-161.731493,50
176,-18.4174207,-164.105961,50
177,-3.451667e-14,-164.9,50
178,18.4174207,-164.105961,50
179,36.6574715,-161.731493,50
180,54.5444909,-157.799461,50
181,71.9062169,-152.347735,50
182,88.5754468,-145.428816,50
183,104.391647,-137.109339,50
184,119.202498,-127.469424,50
185,132.865364,-116.601908,50
186,145.248664,-104.611453,50
187,156.23314,-91.6135314,50
188,165.713006,-77.7333219,50
189,173.596964,-63.104498,50
190,179.809089,-47.8679433,50
191,184.289554,-32.1703941,50
192,186.99521,-16.1630264,50
193,187.9,0,75
194,186.99521,16.1630264,75
195,184.289554,32.1703941,75
196,179.809089,47.8679433,75
197,173.596964,63.104498,75
198,165.713006,77.7333219,75
199,156.23314,91.6135314,75
200,145.248664,104.611453,75
201,132.865364,116.601908,75
202,119.202498,127.469424,75
203,104.391647,137.109339,75
204,88.5754468,145.428816,75
205,71.9062169,152.347735,75
206,54.5444909,157.799461,75
207,36.6574715,161.731493,75
208,18.4174207,164.105961,75
209,1.15055567e-14,164.9,75
210,-18.4174207,164.105961,75
211,-36.6574715,161.731493,75
212,-54.5444909,157.799461,75
213,-71.9062169,152.347735,75
214,-88.5754468,145.428816,75
215,-104.391647,137.109339,75
216,-119.202498,127.469424,75
217,-132.865364,116.601908,75
218,-145.248664,104.611453,75
219,-156.23314,91.6135314,75
220,-165.713006,77.7333219,75
221,-173.596964,63.104498,75
222,-179.809089,47.8679433,75
223,-184.289554,32.1703941,75
224,-186.99521,16.1630264,75
225,-187.9,2.01944257e-14,75
226,-186.99521,-16.1630264,75
227,-184.289554,-32.1703941,75
228,-179.809089,-47.8679433,75
229,-173.596964,-63.104498,75
230,-165.713006,-77.7333219,75
231,-156.23314,-91.6135314,75
232,-145.248664,-104.611453,75
233,-132.865364,-116.601908,75
234,-119.202498,-127.469424,75
235,-104.391647,-137.109339,75
236,-88.5754468,-145.428816,75
237,-71.9062169,-152.347735,75
238,-54.5444909,-157.799461,75
239,-36.6574715,-161.731493,75
240,-18.4174207,-164.105961,75
241,-3.451667e-14,-164.9,75
242,18.4174207,-164.105961,75
243,36.6574715,-161.731493,75
244,54.5444909,-157.799461,75
245,71.9062169,-152.347735,75
246,88.5754468,-145.428816,75
247,104.391647,-137.109339,75
248,119.202498,-127.469424,75
249,132.865364,-116.601908,75
250,145.248664,-104.611453,75
251,156.23314,-91.6135314,75
252,165.713006,-77.7333219,75
253,173.596964,-63.104498,75
254,179.809089,-47.8679433,75
255,184.289554,-32.1703941,75
256,186.99521,-16.1630264,75
257,187.9,0,100
258,186.99521,16.1630264,100
259,184.289554,32.1703941,100
260,179.809089,47.8679433,100
261,173.596964,63.104498,100
262,165.713006,77.7333219,100
263,156.23314,91.6135314,100
264,145.248664,104.611453,100
265,132.865364,116.601908,100
266,119.202498,127.469424,100
267,104.391647,137.109339,100
268,88.5754468,145.428816,100
269,71.9062169,152.347735,100
270,54.5444909,157.799461,100
271,36.6574715,161.731493,100
272,18.4174207,164.105961,100
273,1.15055567e-14,164.9,100
274,-18.4174207,164.105961,100
275,-36.6574715,161.731493,100
276,-54.5444909,157.799461,100
277,-71.9062169,152.347735,100
278,-88.5754468,145.428816,100
279,-104.391647,137.109339,100
280,-119.202498,127.469424,100
281,-132.865364,116.601908,100
282,-145.248664,104.611453,100
283,-156.23314,91.6135314,100
284,-165.713006,77.7333219,100
285,-173.596964,63.104498,100
286,-179.809089,47.8679433,100
287,-184.289554,32.1703941,100
288,-186.99521,16.1630264,100
289,-187.9,2.01944257e-14,100
290,-186.99521,-16.1630264,100
291,-184.289554,-32.1703941,100
292,-179.809089,-47.8679433,100
293,-173.596964,-63.104498,100
294,-165.713006,-77.7333219,100
295,-156.23314,-91.6135314,100
296,-145.248664,-104.611453,100
297,-132.865364,-116.601908,100
298,-119.202498,-127.469424,100
299,-104.391647,-137.109339,100
300,-88.5754468,-145.428816,100
301,-71.9062169,-152.347735,100
302,-54.5444909,-157.799461,100
303,-36.6574715,-161.731493,100
304,-18.4174207,-164.105961,100
305,-3.451667e-14,-164.9,100
306,18.4174207,-164.105961,100
307,36.6574715,-161.731493,100
308,54.5444909,-157.799461,100
309,71.9062169,-152.347735,100
310,88.5754468,-145.428816,100
311,104.391647,-137.109339,100
312,119.202498,-127.469424,100
313,132.865364,-116.601908,100
314,145.248664,-104.611453,100
315,156.23314,-91.6135314,100
316,165.713006,-77.7333219,100
317,173.596964,-63.104498,100
318,179.809089,-47.8679433,100
319,184.289554,-32.1703941,100
320,186.99521,-16.1630264,100
321,187.9,0,125
322,186.99521,16.1630264,125
323,184.289554,32.1703941,125
324,179.809089,47.8679433,125
325,173.596964,63.104498,125
326,165.713006,77.7333219,125
327,156.23314,91.6135314,125
328,145.248664,104.611453,125
329,132.865364,116.601908,125
330,119.202498,127.469424,125
331,104.391647,137.109339,125
332,88.5754468,145.428816,125
333,71.9062169,152.347735,125
334,54.5444909,157.799461,125
335,36.6574715,161.731493,125
336,18.4174207,164.105961,125
337,1.15055567e-14,164.9,125
338,-18.4174207,164.105961,125
339,-36.6574715,161.731493,125
340,-54.5444909,157.799461,125
341,-71.9062169,152.347735,125
342,-88.5754468,145.428816,125
343,-104.391647,137.109339,125
344,-119.202498,127.469424,125
345,-132.865364,116.601908,125
346,-145.248664,104.611453,125
347,-156.23314,91.6135314,125
348,-165.713006,77.7333219,125
349,-173.596964,63.104498,125
350,-179.809089,47.8679433,125
351,-184.289554,32.1703941,125
352,-186.99521,16.1630264,125
353,-187.9,2.01944257e-14,125
354,-186.99521,-16.1630264,125
355,-184.289554,-32.1703941,125
356,-179.809089,-47.8679433,125
357,-173.596964,-63.104498,125
358,-165.713006,-77.7333219,125
359,-156.23314,-91.6135314,125
360,-145.248664,-104.611453,125
361,-132.865364,-116.601908,125
362,-119.202498,-127.469424,125
363,-104.391647,-137.109339,125
364,-88.5754468,-145.428816,125
365,-71.9062169,-152.347735,125
366,-54.5444909,-157.799461,125
367,-36.6574715,-161.731493,125
368,-18.4174207,-164.105961,125
369,-3.451667e-14,-164.9,125
370,18.4174207,-164.105961,125
371,36.6574715,-161.731493,125
372,54.5444909,-157.799461,125
373,71.9062169,-152.347735,125
374,88.5754468,-145.428816,125
375,104.391647,-137.109339,125
376,119.202498,-127.469424,125
377,132.865364,-116.601908,125
378,145.248664,-104.611453,125
379,156.23314,-91.6135314,125
380,165.713006,-77.7333219,125
381,173.596964,-63.104498,125
382,179.809089,-47.8679433,125
383,184.289554,-32.1703941,125
384,186.99521,-16.1630264,125
385,187.9,0,150
386,186.99521,16.1630264,150
387,184.289554,32.1703941,150
388,179.809089,47.8679433,150
389,173.596964,63.104498,150
390,165.713006,77.7333219,150
391,156.23314,91.6135314,150
392,145.248664,104.611453,150
393,132.865364,116.601908,150
394,119.202498,127.469424,150
395,104.391647,137.109339,150
396,88.5754468,145.428816,150
397,71.9062169,152.347735,150
398,54.5444909,157.799461,150
399,36.6574715,161.731493,150
400,18.4174207,164.105961,150
401,1.15055567e-14,164.9,150
402,-18.4174207,164.105961,150
403,-36.6574715,161.731493,150
404,-54.5444909,157.799461,150
405,-71.9062169,152.347735,150
406,-88.5754468,145.428816,150
407,-104.391647,137.109339,150
408,-119.202498,127.469424,150
409,-132.865364,116.601908,150
410,-145.248664,104.611453,150
411,-156.23314,91.6135314,150
412,-165.713006,77.7333219,150
413,-173.596964,63.104498,150
414,-179.809089,47.8679433,150
415,-184.289554,32.1703941,150
416,-186.99521,16.1630264,150
417,-187.9,2.01944257e-14,150
418,-186.99521,-16.1630264,150
419,-184.289554,-32.1703941,150
420,-179.809089,-47.8679433,150
421,-173.596964,-63.104498,150
422,-165.713006,-77.7333219,150
423,-156.23314,-91.6135314,150
424,-145.248664,-104.611453,150
425,-132.865364,-116.601908,150
426,-119.202498,-127.469424,150
427,-104.391647,-137.109339,150
428,-88.5754468,-145.428816,150
429,-71.9062169,-152.347735,150
430,-54.5444909,-157.799461,150
431,-36.6574715,-161.731493,150
432,-18.4174207,-164.105961,150
433,-3.451667e-14,-164.9,150
434,18.4174207,-164.105961,150
435,36.6574715,-161.731493,150
436,54.5444909,-157.799461,150
437,71.9062169,-152.347735,150
438,88.5754468,-145.428816,150
439,104.391647,-137.109339,150
440,119.202498,-127.469424,150
441,132.865364,-116.601908,150
442,145.248664,-104.611453,150
443,156.23314,-91.6135314,150
444,165.713006,-77.7333219,150
445,173.596964,-63.104498,150
446,179.809089,-47.8679433,150
447,184.289554,-32.1703941,150
448,186.99521,-16.1630264,150
449,187.9,0,175
450,186.99521,16.1630264,175
451,184.289554,32.1703941,175
452,179.809089,47.8679433,175
453,173.596964,63.104498,175
454,165.713006,77.7333219,175
455,156.23314,91.6135314,175
456,145.248664,104.611453,175
457,132.865364,116.601908,175
458,119.202498,127.469424,175
459,104.391647,137.109339,175
460,88.5754468,145.428816,175
461,71.9062169,152.347735,175
462,54.5444909,157.799461,175
463,36.6574715,161.731493,175
464,18.4174207,164.105961,175
465,1.15055567e-14,164.9,175
466,-18.4174207,164.105961,175
467,-36.6574715,161.731493,175
468,-54.5444909,157.799461,175
469,-71.9062169,152.347735,175
470,-88.5754468,145.428816,175
471,-104.391647,137.109339,175
472,-119.202498,127.469424,175
473,-132.865364,116.601908,175
474,-145.248664,104.611453,175
475,-156.23314,91.6135314,175
476,-165.713006,77.7333219,175
477,-173.596964,63.104498,175
478,-179.809089,47.8679433,175
479,-184.289554,32.1703941,175
480,-186.99521,16.1630264,175
481,-187.9,2.01944257e-14,175
482,-186.99521,-16.1630264,175
483,-184.289554,-32.1703941,175
484,-179.809089,-47.8679433,175
485,-173.596964,-63.104498,175
486,-165.713006,-77.7333219,175
487,-156.23314,-91.6135314,175
488,-145.248664,-104.611453,175
489,-132.865364,-116.601908,175
490,-119.202498,-127.469424,175
491,-104.391647,-137.109339,175
492,-88.5754468,-145.428816,175
493,-71.9062169,-152.347735,175
494,-54.5444909,-157.799461,175
495,-36.6574715,-161.731493,175
496,-18.4174207,-164.105961,175
497,-3.451667e-14,-164.9,175
498,18.4174207,-164.105961,175
499,36.6574715,-161.731493,175
500,54.5444909,-157.799461,175
501,71.9062169,-152.347735,175
502,88.5754468,-145.428816,175
503,104.391647,-137.109339,175
504,119.202498,-127.469424,175
505,132.865364,-116.601908,175
506,145.248664,-104.611453,175
507,156.23314,-91.6135314,175
508,165.713006,-77.7333219,175
509,173.596964,-63.104498,175
510,179.809089,-47.8679433,175
511,184.289554,-32.1703941,175
512,186.99521,-16.1630264,175
513,187.9,0,200
514,186.99521,16.1630264,200
515,184.289554,32.1703941,200
516,179.809089,47.8679433,200
517,173.596964,63.104498,200
518,165.713006,77.7333219,200
519,156.23314,91.6135314,200
520,145.248664,104.611453,200
521,132.865364,116.601908,200
522,119.202498,127.469424,200
523,104.391647,137.109339,200
524,88.5754468,145.428816,200
525,71.9062169,152.347735,200
526,54.5444909,157.799461,200
527,36.6574715,161.731493,200
528,18.4174207,164.105961,200
529,1.15055567e-14,164.9,200
530,-18.4174207,164.105961,200
531,-36.6574715,161.731493,200
532,-54.5444909,157.799461,200
533,-71.9062169,152.347735,200
534,-88.5754468,145.428816,200
535,-104.391647,137.109339,200
536,-119.202498,127.469424,200
537,-132.865364,116.601908,200
538,-145.248664,104.611453,200
539,-156.23314,91.6135314,200
540,-165.713006,77.7333219,200
541,-173.596964,63.104498,200
542,-179.809089,47.8679433,200
543,-184.289554,32.1703941,200
544,-186.99521,16.1630264,200
545,-187.9,2.01944257e-14,200
546,-186.99521,-16.1630264,200
547,-184.289554,-32.1703941,200
548,-179.809089,-47.8679433,200
549,-173.596964,-63.104498,200
550,-165.713006,-77.7333219,200
551,-156.23314,-91.6135314,200
552,-145.248664,-104.611453,200
553,-132.865364,-116.601908,200
554,-119.202498,-127.469424,200
555,-104.391647,-137.109339,200
556,-88.5754468,-145.428816,200
557,-71.9062169,-152.347735,200
558,-54.5444909,-157.799461,200
559,-36.6574715,-161.731493,200
560,-18.4174207,-164.105961,200
561,-3.451667e-14,-164.9,200
562,18.4174207,-164.105961,200
563,36.6574715,-161.731493,200
564,54.5444909,-157.799461,200
565,71.9062169,-152.347735,200
566,88.5754468,-145.428816,200
567,104.391647,-137.109339,200
568,119.202498,-127.469424,200
569,132.865364,-116.601908,200
570,145.248664,-104.611453,200
571,156.23314,-91.6135314,200
572,165.713006,-77.7333219,200
573,173.596964,-63.104498,200
574,179.809089,-47.8679433,200
575,184.289554,-32.1703941,200
576,186.99521,-16.1630264,200
577,187.9,0,225
578,186.99521,16.1630264,225
579,184.289554,32.1703941,225
580,179.809089,47.8679433,225
581,173.596964,63.104498,225
582,165.713006,77.7333219,225
583,156.23314,91.6135314,225
584,145.248664,104.611453,225
585,132.865364,116.601908,225
586,119.202498,127.469424,225
587,104.391647,137.109339,225
588,88.5754468,145.428816,225
589,71.9062169,152.347735,225
590,54.5444909,157.799461,225
591,36.6574715,161.731493,225
592,18.4174207,164.105961,225
593,1.15055567e-14,164.9,225
594,-18.4174207,164.105961,225
595,-36.6574715,161.731493,225
596,-54.5444909,157.799461,225
597,-71.9062169,152.347735,225
598,-88.5754468,145.428816,225
599,-104.391647,137.109339,225
600,-119.202498,127.469424,225
601,-132.865364,116.601908,225
602,-145.248664,104.611453,225
603,-156.23314,91.6135314,225
604,-165.713006,77.7333219,225
605,-173.596964,63.104498,225
606,-179.809089,47.8679433,225
607,-184.289554,32.1703941,225
608,-186.99521,16.1630264,225
609,-187.9,2.01944257e-14,225
610,-186.99521,-16.1630264,225
611,-184.289554,-32.1703941,225
612,-179.809089,-47.8679433,225
613,-173.596964,-63.104498,225
614,-165.713006,-77.7333219,225
615,-156.23314,-91.6135314,225
616,-145.248664,-104.611453,225
617,-132.865364,-116.601908,225
618,-119.202498,-127.469424,225
619,-104.391647,-137.109339,225
620,-88.5754468,-145.428816,225
621,-71.9062169,-152.347735,225
622,-54.5444909,-157.799461,225
623,-36.6574715,-161.731493,225
624,-18.4174207,-164.105961,225
625,-3.451667e-14,-164.9,225
626,18.4174207,-164.105961,225
627,36.6574715,-161.731493,225
628,54.5444909,-157.799461,225
629,71.9062169,-152.347735,225
630,88.5754468,-145.428816,225
631,104.391647,-137.109339,225
632,119.202498,-127.469424,225
633,132.865364,-116.601908,225
634,145.248664,-104.611453,225
635,156.23314,-91.6135314,225
636,165.713006,-77.7333219,225
637,173.596964,-63.104498,225
638,179.809089,-47.8679433,225
639,184.289554,-32.1703941,225
640,186.99521,-16.1630264,225
641,187.9,0,250
642,186.99521,16.1630264,250
643,184.289554,32.1703941,250
644,179.809089,47.8679433,250
645,173.596964,63.104498,250
646,165.713006,77.7333219,250
647,156.23314,91.6135314,250
648,145.248664,104.611453,250
649,132.865364,116.601908,250
650,119.202498,127.469424,250
651,104.391647,137.109339,250
652,88.5754468,145.428816,250
653,71.9062169,152.347735,250
654,54.5444909,157.799461,250
655,36.6574715,161.731493,250
656,18.4174207,164.105961,250
657,1.15055567e-14,164.9,250
658,-18.4174207,164.105961,250
659,-36.6574715,161.731493,250
660,-54.5444909,157.799461,250
661,-71.9062169,152.347735,250
662,-88.5754468,145.428816,250
663,-104.391647,137.109339,250
664,-119.202498,127.469424,250
665,-132.865364,116.601908,250
666,-145.248664,104.611453,250
667,-156.23314,91.6135314,250
668,-165.713006,77.7333219,250
669,-173.596964,63.104498,250
670,-179.809089,47.8679433,250
671,-184.289554,32.1703941,250
672,-186.99521,16.1630264,250
673,-187.9,2.01944257e-14,250
674,-186.99521,-16.1630264,250
675,-184.289554,-32.1703941,250
676,-179.809089,-47.8679433,250
677,-173.596964,-63.104498,250
678,-165.713006,-77.7333219,250
679,-156.23314,-91.6135314,250
680,-145.248664,-104.611453,250
681,-132.865364,-116.601908,250
682,-119.202498,-127.469424,250
683,-104.391647,-137.109339,250
684,-88.5754468,-145.428816,250
685,-71.9062169,-152.347735,250
686,-54.5444909,-157.799461,250
687,-36.6574715,-161.731493,250
688,-18.4174207,-164.105961,250
689,-3.451667e-14,-164.9,250
690,18.4174207,-164.105961,250
691,36.6574715,-161.731493,250
692,54.5444909,-157.799461,250
693,71.9062169,-152.347735,250
694,88.5754468,-145.428816,250
695,104.391647,-137.109339,250
696,119.202498,-127.469424,250
697,132.865364,-116.601908,250
698,145.248664,-104.611453,250
699,156.23314,-91.6135314,250
700,165.713006,-77.7333219,250
701,173.596964,-63.104498,250
702,179.809089,-47.8679433,250
703,184.289554,-32.1703941,250
704,186.99521,-16.1630264,250
705,187.9,0,275
706,186.99521,16.1630264,275
707,184.289554,32.1703941,275
708,179.809089,47.8679433,275
709,173.596964,63.104498,275
710,165.713006,77.7333219,275
711,156.23314,91.6135314,275
712,145.248664,104.611453,275
713,132.865364,116.601908,275
714,119.202498,127.469424,275
715,104.391647,137.109339,275
716,88.5754468,145.428816,275
717,71.9062169,152.347735,275
718,54.5444909,157.799461,275
719,36.6574715,161.731493,275
720,18.4174207,164.105961,275
721,1.15055567e-14,164.9,275
722,-18.4174207,164.105961,275
723,-36.6574715,161.731493,275
724,-54.5444909,157.799461,275
725,-71.9062169,152.347735,275
726,-88.5754468,145.428816,275
727,-104.391647,137.109339,275
728,-119.202498,127.469424,275
729,-132.865364,116.601908,275
730,-145.248664,104.611453,275
731,-156.23314,91.6135314,275
732,-165.713006,77.7333219,275
733,-173.596964,63.104498,275
734,-179.809089,47.8679433,275
735,-184.289554,32.1703941,275
736,-186.99521,16.1630264,275
737,-187.9,2.01944257e-14,275
738,-186.99521,-16.1630264,275
739,-184.289554,-32.1703941,275
740,-179.809089,-47.8679433,275
741,-173.596964,-63.104498,275
742,-165.713006,-77.7333219,275
743,-156.23314,-91.6135314,275
744,-145.248664,-104.611453,275
745,-132.865364,-116.601908,275
746,-119.202498,-127.469424,275
747,-104.391647,-137.109339,275
748,-88.5754468,-145.428816,275
749,-71.9062169,-152.347735,275
750,-54.5444909,-157.799461,275
751,-36.6574715,-161.731493,275
752,-18.4174207,-164.105961,275
753,-3.451667e-14,-164.9,275
754,18.4174207,-164.105961,275
755,36.6574715,-161.731493,275
756,54.5444909,-157.799461,275
757,71.9062169,-152.347735,275
758,88.5754468,-145.428816,275
759,104.391647,-137.109339,275
760,119.202498,-127.469424,275
761,132.865364,-116.601908,275
762,145.248664,-104.611453,275
763,156.23314,-91.6135314,275
764,165.713006,-77.7333219,275
765,173.596964,-63.104498,275
766,179.809089,-47.8679433,275
767,184.289554,-32.1703941,275
768,186.99521,-16.1630264,275
769,187.9,0,300
770,186.99521,16.1630264,300
771,184.289554,32.1703941,300
772,179.809089,47.8679433,300
773,173.596964,63.104498,300
774,165.713006,77.7333219,300
775,156.23314,91.6135314,300
776,145.248664,104.611453,300
777,132.865364,116.601908,300
778,119.202498,127.469424,300
779,104.391647,137.109339,300
780,88.5754468,145.428816,300
781,71.9062169,152.347735,300
782,54.5444909,157.799461,300
783,36.6574715,161.731493,300
784,18.4174207,164.105961,300
785,1.15055567e-14,164.9,300
786,-18.4174207,164.105961,300
787,-36.6574715,161.731493,300
788,-54.5444909,157.799461,300
789,-71.9062169,152.347735,300
790,-88.5754468,145.428816,300
791,-104.391647,137.109339,300
792,-119.202498,127.469424,300
793,-132.865364,116.601908,300
794,-145.248664,104.611453,300
795,-156.23314,91.6135314,300
796,-165.713006,77.7333219,300
797,-173.596964,63.104498,300
798,-179.809089,47.8679433,300
799,-184.289554,32.1703941,300
800,-186.99521,16.1630264,300
801,-187.9,2.01944257e-14,300
802,-186.99521,-16.1630264,300
803,-184.289554,-32.1703941,300
804,-179.809089,-47.8679433,300
805,-173.596964,-63.104498,300
806,-165.713006,-77.7333219,300
807,-156.23314,-91.6135314,300
808,-145.248664,-104.611453,300
809,-132.865364,-116.601908,300
810,-119.202498,-127.469424,300
811,-104.391647,-137.109339,300
812,-88.5754468,-145.428816,300
813,-71.9062169,-152.347735,300
814,-54.5444909,-157.799461,300
815,-36.6574715,-161.731493,300
816,-18.4174207,-164.105961,300
817,-3.451667e-14,-164.9,300
818,18.4174207,-164.105961,300
819,36.6574715,-161.731493,300
820,54.5444909,-157.799461,300
821,71.9062169,-152.347735,300
822,88.5754468,-145.428816,300
823,104.391647,-137.109339,300
824,119.202498,-127.469424,300
825,132.865364,-116.601908,300
826,145.248664,-104.611453,300
827,156.23314,-91.6135314,300
828,165.713006,-77.7333219,300
829,173.596964,-63.104498,300
830,179.809089,-47.8679433,300
831,184.289554,-32.1703941,300
832,186.99521,-16.1630264,300
833,187.9,0,325
834,186.99521,16.1630264,325
835,184.289554,32.1703941,325
836,179.809089,47.8679433,325
837,173.596964,63.104498,325
838,165.713006,77.7333219,325
839,156.23314,91.6135314,325
840,145.248664,104.611453,325
841,132.865364,116.601908,325
842,119.202498,127.469424,325
843,104.391647,137.109339,325
844,88.5754468,145.428816,325
845,71.9062169,152.347735,325
846,54.5444909,157.799461,325
847,36.6574715,161.731493,325
848,18.4174207,164.105961,325
849,1.15055567e-14,164.9,325
850,-18.4174207,164.105961,325
851,-36.6574715,161.731493,325
852,-54.5444909,157.799461,325
853,-71.9062169,152.347735,325
854,-88.5754468,145.428816,325
855,-104.391647,137.109339,325
856,-119.202498,127.469424,325
857,-132.865364,116.601908,325
858,-145.248664,104.611453,325
859,-156.23314,91.6135314,325
860,-165.713006,77.7333219,325
861,-173.596964,63.104498,325
862,-179.809089,47.8679433,325
863,-184.289554,32.1703941,325
864,-186.99521,16.1630264,325
865,-187.9,2.01944257e-14,325
866,-186.99521,-16.1630264,325
867,-184.289554,-32.1703941,325
868,-179.809089,-47.8679433,325
869,-173.596964,-63.104498,325
870,-165.713006,-77.7333219,325
871,-156.23314,-91.6135314,325
872,-145.248664,-104.611453,325
873,-132.865364,-116.601908,325
874,-119.202498,-127.469424,325
875,-104.391647,-137.109339,325
876,-88.5754468,-145.428816,325
877,-71.9062169,-152.347735,325
878,-54.5444909,-157.799461,325
879,-36.6574715,-161.731493,325
880,-18.4174207,-164.105961,325
881,-3.451667e-14,-164.9,325
882,18.4174207,-164.105961,325
883,36.6574715,-161.731493,325
884,54.5444909,-157.799461,325
885,71.9062169,-152.347735,325
886,88.5754468,-145.428816,325
887,104.391647,-137.109339,325
888,119.202498,-127.469424,325
889,132.865364,-116.601908,325
890,145.248664,-104.611453,325
891,156.23314,-91.6135314,325
892,165.713006,-77.7333219,325
893,173.596964,-63.104498,325
894,179.809089,-47.8679433,325
895,184.289554,-32.1703941,325
896,186.99521,-16.1630264,325
897,187.9,0,350
898,186.99521,16.1630264,350
899,184.289554,32.1703941,350
900,179.809089,47.8679433,350
901,173.596964,63.104498,350
902,165.713006,77.7333219,350
903,156.23314,91.6135314,350
904,145.248664,104.611453,350
905,132.865364,116.601908,350
906,119.202498,127.469424,350
907,104.391647,137.109339,350
908,88.5754468,145.428816,350
909,71.9062169,152.347735,350
910,54.5444909,157.799461,350
911,36.6574715,161.731493,350
912,18.4174207,164.105961,350
913,1.15055567e-14,164.9,350
914,-18.4174207,164.105961,350
915,-36.6574715,161.731493,350
916,-54.5444909,157.799461,350
917,-71.9062169,152.347735,350
918,-88.5754468,145.428816,350
919,-104.391647,137.109339,350
920,-119.202498,127.469424,350
921,-132.865364,116.601908,350
922,-145.248664,104.611453,350
923,-156.23314,91.6135314,350
924,-165.713006,77.7333219,350
925,-173.596964,63.104498,350
926,-179.809089,47.8679433,350
927,-184.289554,32.1703941,350
928,-186.99521,16.1630264,350
929,-187.9,2.01944257e-14,350
930,-186.99521,-16.1630264,350
931,-184.289554,-32.1703941,350
932,-179.809089,-47.8679433,350
933,-173.596964,-63.104498,350
934,-165.713006,-77.7333219,350
935,-156.23314,-91.6135314,350
936,-145.248664,-104.611453,350
937,-132.865364,-116.601908,350
938,-119.202498,-127.469424,350
939,-104.391647,-137.109339,350
940,-88.5754468,-145.428816,350
941,-71.9062169,-152.347735,350
942,-54.5444909,-157.799461,350
943,-36.6574715,-161.731493,350
944,-18.4174207,-164.105961,350
945,-3.451667e-14,-164.9,350
946,18.4174207,-164.105961,350
947,36.6574715,-161.731493,350
948,54.5444909,-157.799461,350
949,71.9062169,-152.347735,350
950,88.5754468,-145.428816,350
951,104.391647,-137.109339,350
952,119.202498,-127.469424,350
953,132.865364,-116.601908,350
954,145.248664,-104.611453,350
955,156.23314,-91.6135314,350
956,165.713006,-77.7333219,350
957,173.596964,-63.104498,350
958,179.809089,-47.8679433,350
959,184.289554,-32.1703941,350
960,186.99521,-16.1630264,350
961,187.9,0,375
962,186.99521,16.1630264,375
963,184.289554,32.1703941,375
964,179.809089,47.8679433,375
965,173.596964,63.104498,375
966,165.713006,77.7333219,375
967,156.23314,91.6135314,375
968,145.248664,104.611453,375
969,132.865364,116.601908,375
970,119.202498,127.469424,375
971,104.391647,137.109339,375
972,88.5754468,145.428816,375
973,71.9062169,152.347735,375
974,54.5444909,157.799461,375
975,36.6574715,161.731493,375
976,18.4174207,164.105961,375
977,1.15055567e-14,164.9,375
978,-18.4174207,164.105961,375
979,-36.6574715,161.731493,375
980,-54.5444909,157.799461,375
981,-71.9062169,152.347735,375
982,-88.5754468,145.428816,375
983,-104.391647,137.109339,375
984,-119.202498,127.469424,375
985,-132.865364,116.601908,375
986,-145.248664,104.611453,375
987,-156.23314,91.6135314,375
988,-165.713006,77.7333219,375
989,-173.596964,63.104498,375
990,-179.809089,47.8679433,375
991,-184.289554,32.1703941,375
992,-186.99521,16.1630264,375
993,-187.9,2.01944257e-14,375
994,-186.99521,-16.1630264,375
995,-184.289554,-32.1703941,375
996,-179.809089,-47.8679433,375
997,-173.596964,-63.104498,375
998,-165.713006,-77.7333219,375
999,-156.23314,-91.6135314,375
1000,-145.248664,-104.611453,375
1001,-132.865364,-116.601908,375
1002,-119.202498,-127.469424,375
1003,-104.391647,-137.109339,375
1004,-88.5754468,-145.428816,375
1005,-71.9062169,-152.347735,375
1006,-54.5444909,-157.799461,375
1007,-36.6574715,-161.731493,375
1008,-18.4174207,-164.105961,375
1009,-3.451667e-14,-164.9,375
1010,18.4174207,-164.105961,375
1011,36.6574715,-161.731493,375
1012,54.5444909,-157.799461,375
1013,71.9062169,-152.347735,375
1014,88.5754468,-145.428816,375
1015,104.391647,-137.109339,375
1016,119.202498,-127.469424,375
1017,132.865364,-116.601908,375
1018,145.248664,-104.611453,375
1019,156.23314,-91.6135314,375
1020,165.713006,-77.7333219,375
1021,173.596964,-63.104498,375
1022,179.809089,-47.8679433,375
1023,184.289554,-32.1703941,375
1024,186.99521,-16.1630264,375
1025,187.9,0,400
1026,186.99521,16.1630264,400
1027,184.289554,32.1703941,400
1028,179.809089,47.8679433,400
1029,173.596964,63.104498,400
1030,165.713006,77.7333219,400
1031,156.23314,91.6135314,400
1032,145.248664,104.611453,400
1033,132.865364,116.601908,400
1034,119.202498,127.469424,400
1035,104.391647,137.109339,400
1036,88.5754468,145.428816,400
1037,71.9062169,152.347735,400
1038,54.5444909,157.799461,400
1039,36.6574715,161.731493,400
1040,18.4174207,164.105961,400
1041,1.15055567e-14,164.9,400
1042,-18.4174207,164.105961,400
1043,-36.6574715,161.731493,400
1044,-54.5444909,157.799461,400
1045,-71.9062169,152.347735,400
1046,-88.5754468,145.428816,400
1047,-104.391647,137.109339,400
1048,-119.202498,127.469424,400
1049,-132.865364,116.601908,400
1050,-145.248664,104.611453,400
1051,-156.23314,91.6135314,400
1052,-165.713006,77.7333219,400
1053,-173.596964,63.104498,400
1054,-179.809089,47.8679433,400
1055,-184.289554,32.1703941,400
1056,-186.99521,16.1630264,400
1057,-187.9,2.01944257e-14,400
1058,-186.99521,-16.1630264,400
1059,-184.289554,-32.1703941,400
1060,-179.809089,-47.8679433,400
1061,-173.596964,-63.104498,400
1062,-165.713006,-77.7333219,400
1063,-156.23314,-91.6135314,400
1064,-145.248664,-104.611453,400
1065,-132.865364,-116.601908,400
1066,-119.202498,-127.469424,400
1067,-104.391647,-137.109339,400
1068,-88.5754468,-145.428816,400
1069,-71.9062169,-152.347735,400
1070,-54.5444909,-157.799461,400
1071,-36.6574715,-161.731493,400
1072,-18.4174207,-164.105961,400
1073,-3.451667e-14,-164.9,400
1074,18.4174207,-164.105961,400
1075,36.6574715,-161.731493,400
1076,54.5444909,-157.799461,400
1077,71.9062169,-152.347735,400
1078,88.5754468,-145.428816,400
1079,104.391647,-137.109339,400
1080,119.202498,-127.469424,400
1081,132.865364,-116.601908,400
1082,145.248664,-104.611453,400
1083,156.23314,-91.6135314,400
1084,165.713006,-77.7333219,400
1085,173.596964,-63.104498,400
1086,179.809089,-47.8679433,400
1087,184.289554,-32.1703941,400
1088,186.99521,-16.1630264,400
1089,187.9,0,425
1090,186.99521,16.1630264,425
1091,184.289554,32.1703941,425
1092,179.809089,47.8679433,425
1093,173.596964,63.104498,425
1094,165.713006,77.7333219,425
1095,156.23314,91.6135314,425
1096,145.248664,104.611453,425
1097,132.865364,116.601908,425
1098,119.202498,127.469424,425
1099,104.391647,137.109339,425
1100,88.5754468,145.428816,425
1101,71.9062169,152.347735,425
1102,54.5444909,157.799461,425
1103,36.6574715,161.731493,425
1104,18.4174207,164.105961,425
1105,1.15055567e-14,164.9,425
1106,-18.4174207,164.105961,425
1107,-36.6574715,161.731493,425
1108,-54.5444909,157.799461,425
1109,-71.9062169,152.347735,425
1110,-88.5754468,145.428816,425
1111,-104.391647,137.109339,425
1112,-119.202498,127.469424,425
1113,-132.865364,116.601908,425
1114,-145.248664,104.611453,425
1115,-156.23314,91.6135314,425
1116,-165.713006,77.7333219,425
1117,-173.596964,63.104498,425
1118,-179.809089,47.8679433,425
1119,-184.289554,32.1703941,425
1120,-186.99521,16.1630264,425
1121,-187.9,2.01944257e-14,425
1122,-186.99521,-16.1630264,425
1123,-184.289554,-32.1703941,425
1124,-179.809089,-47.8679433,425
1125,-173.596964,-63.104498,425
1126,-165.713006,-77.7333219,425
1127,-156.23314,-91.6135314,425
1128,-145.248664,-104.611453,425
1129,-132.865364,-116.601908,425
1130,-119.202498,-127.469424,425
1131,-104.391647,-137.109339,425
1132,-88.5754468,-145.428816,425
1133,-71.9062169,-152.347735,425
1134,-54.5444909,-157.799461,425
1135,-36.6574715,-161.731493,425
1136,-18.4174207,-164.105961,425
1137,-3.451667e-14,-164.9,425
1138,18.4174207,-164.105961,425
1139,36.6574715,-161.731493,425
1140,54.5444909,-157.799461,425
1141,71.9062169,-152.347735,425
1142,88.5754468,-145.428816,425
1143,104.391647,-137.109339,425
1144,119.202498,-127.469424,425
1145,132.865364,-116.601908,425
1146,145.248664,-104.611453,425
1147,156.23314,-91.6135314,425
1148,165.713006,-77.7333219,425
1149,173.596964,-63.104498,425
1150,179.809089,-47.8679433,425
1151,184.289554,-32.1703941,425
1152,186.99521,-16.1630264,425
1153,187.9,0,450
1154,186.99521,16.1630264,450
1155,184.289554,32.1703941,450
1156,179.809089,47.8679433,450
1157,173.596964,63.104498,450
1158,165.713006,77.7333219,450
1159,156.23314,91.6135314,450
1160,145.248664,104.611453,450
1161,132.865364,116.601908,450
1162,119.202498,127.469424,450
1163,104.391647,137.109339,450
1164,88.5754468,145.428816,450
1165,71.9062169,152.347735,450
1166,54.5444909,157.799461,450
1167,36.6574715,161.731493,450
1168,18.4174207,164.105961,450
1169,1.15055567e-14,164.9,450
1170,-18.4174207,164.105961,450
1171,-36.6574715,161.731493,450
1172,-54.5444909,157.799461,450
1173,-71.9062169,152.347735,450
1174,-88.5754468,145.428816,450
1175,-104.391647,137.109339,450
1176,-119.202498,127.469424,450
1177,-132.865364,116.601908,450
1178,-145.248664,104.611453,450
1179,-156.23314,91.6135314,450
1180,-165.713006,77.7333219,450
1181,-173.596964,63.104498,450
1182,-179.809089,47.8679433,450
1183,-184.289554,32.1703941,450
1184,-186.99521,16.1630264,450
1185,-187.9,2.01944257e-14,450
1186,-186.99521,-16.1630264,450
1187,-184.289554,-32.1703941,450
1188,-179.809089,-47.8679433,450
1189,-173.596964,-63.104498,450
1190,-165.713006,-77.7333219,450
1191,-156.23314,-91.6135314,450
1192,-145.248664,-104.611453,450
1193,-132.865364,-116.601908,450
1194,-119.202498,-127.469424,450
1195,-104.391647,-137.109339,450
1196,-88.5754468,-145.428816,450
1197,-71.9062169,-152.347735,450
1198,-54.5444909,-157.799461,450
1199,-36.6574715,-161.731493,450
1200,-18.4174207,-164.105961,450
1201,-3.451667e-14,-164.9,450
1202,18.4174207,-164.105961,450
1203,36.6574715,-161.731493,450
1204,54.5444909,-157.799461,450
1205,71.9062169,-152.347735,450
1206,88.5754468,-145.428816,450
1207,104.391647,-137.109339,450
1208,119.202498,-127.469424,450
1209,132.865364,-116.601908,450
1210,145.248664,-104.611453,450
1211,156.23314,-91.6135314,450
1212,165.713006,-77.7333219,450
1213,173.596964,-63.104498,450
1214,179.809089,-47.8679433,450
1215,184.289554,-32.1703941,450
1216,186.99521,-16.1630264,450
1217,187.9,0,475
1218,186.99521,16.1630264,475
1219,184.289554,32.1703941,475
1220,179.809089,47.8679433,475
1221,173.596964,63.104498,475
1222,165.713006,77.7333219,475
1223,156.23314,91.6135314,475
1224,145.248664,104.611453,475
1225,132.865364,116.601908,475
1226,119.202498,127.469424,475
1227,104.391647,137.109339,475
1228,88.5754468,145.428816,475
1229,71.9062169,152.347735,475
1230,54.5444909,157.799461,475
1231,36.6574715,161.731493,475
1232,18.4174207,164.105961,475
1233,1.15055567e-14,164.9,475
1234,-18.4174207,164.105961,475
1235,-36.6574715,161.731493,475
1236,-54.5444909,157.799461,475
1237,-71.9062169,152.347735,475
1238,-88.5754468,145.428816,475
1239,-104.391647,137.109339,475
1240,-119.202498,127.469424,475
1241,-132.865364,116.601908,475
1242,-145.248664,104.611453,475
1243,-156.23314,91.6135314,475
1244,-165.713006,77.7333219,475
1245,-173.596964,63.104498,475
1246,-179.809089,47.8679433,475
1247,-184.289554,32.1703941,475
1248,-186.99521,16.1630264,475
1249,-187.9,2.01944257e-14,475
1250,-186.99521,-16.1630264,475
1251,-184.289554,-32.1703941,475
1252,-179.809089,-47.8679433,475
1253,-173.596964,-63.104498,475
1254,-165.713006,-77.7333219,475
1255,-156.23314,-91.6135314,475
1256,-145.248664,-104.611453,475
1257,-132.865364,-116.601908,475
1258,-119.202498,-127.469424,475
1259,-104.391647,-137.109339,475
1260,-88.5754468,-145.428816,475
1261,-71.9062169,-152.347735,475
1262,-54.5444909,-157.799461,475
1263,-36.6574715,-161.731493,475
1264,-18.4174207,-164.105961,475
1265,-3.451667e-14,-164.9,475
1266,18.4174207,-164.105961,475
1267,36.6574715,-161.731493,475
1268,54.5444909,-157.799461,475
1269,71.9062169,-152.347735,475
1270,88.5754468,-145.428816,475
1271,104.391647,-137.109339,475
1272,119.202498,-127.469424,475
1273,132.865364,-116.601908,475
1274,145.248664,-104.611453,475
1275,156.23314,-91.6135314,475
1276,165.713006,-77.7333219,475
1277,173.596964,-63.104498,475
1278,179.809089,-47.8679433,475
1279,184.289554,-32.1703941,475
1280,186.99521,-16.1630264,475
1281,187.9,0,500
1282,186.99521,16.1630264,500
1283,184.289554,32.1703941,500
1284,179.809089,47.8679433,500
1285,173.596964,63.104498,500
1286,165.713006,77.7333219,500
1287,156.23314,91.6135314,500
1288,145.248664,104.611453,500
1289,132.865364,116.601908,500
1290,119.202498,127.469424,500
1291,104.391647,137.109339,500
1292,88.5754468,145.428816,500
1293,71.9062169,152.347735,500
1294,54.5444909,157.799461,500
1295,36.6574715,161.731493,500
1296,18.4174207,164.105961,500
1297,1.15055567e-14,164.9,500
1298,-18.4174207,164.105961,500
1299,-36.6574715,161.731493,500
1300,-54.5444909,157.799461,500
1301,-71.9062169,152.347735,500
1302,-88.5754468,145.428816,500
1303,-104.391647,137.109339,500
1304,-119.202498,127.469424,500
1305,-132.865364,116.601908,500
1306,-145.248664,104.611453,500
1307,-156.23314,91.6135314,500
1308,-165.713006,77.7333219,500
1309,-173.596964,63.104498,500
1310,-179.809089,47.8679433,500
1311,-184.289554,32.1703941,500
1312,-186.99521,16.1630264,500
1313,-187.9,2.01944257e-14,500
1314,-186.99521,-16.1630264,500
1315,-184.289554,-32.1703941,500
1316,-179.809089,-47.8679433,500
1317,-173.596964,-63.104498,500
1318,-165.713006,-77.7333219,500
1319,-156.23314,-91.6135314,500
1320,-145.248664,-104.611453,500
1321,-132.865364,-116.601908,500
1322,-119.202498,-127.469424,500
1323,-104.391647,-137.109339,500
1324,-88.5754468,-145.428816,500
1325,-71.9062169,-152.347735,500
1326,-54.5444909,-157.799461,500
1327,-36.6574715,-161.731493,500
1328,-18.4174207,-164.105961,500
1329,-3.451667e-14,-164.9,500
1330,18.4174207,-164.105961,500
1331,36.6574715,-161.731493,500
1332,54.5444909,-157.799461,500
1333,71.9062169,-152.347735,500
1334,88.5754468,-145.428816,500
1335,104.391647,-137.109339,500
1336,119.202498,-127.469424,500
1337,132.865364,-116.601908,500
1338,145.248664,-104.611453,500
1339,156.23314,-91.6135314,500
1340,165.713006,-77.7333219,500
1341,173.596964,-63.104498,500
1342,179.809089,-47.8679433,500
1343,184.289554,-32.1703941,500
1344,186.99521,-16.1630264,500
1345,187.9,0,525
1346,186.99521,16.1630264,525
1347,184.289554,32.1703941,525
1348,179.809089,47.8679433,525
1349,173.596964,63.104498,525
1350,165.713006,77.7333219,525
1351,156.23314,91.6135314,525
1352,145.248664,104.611453,525
1353,132.865364,116.601908,525
1354,119.202498,127.469424,525
1355,104.391647,137.109339,525
1356,88.5754468,145.428816,525
1357,71.9062169,152.347735,525
1358,54.5444909,157.799461,525
1359,36.6574715,161.731493,525
1360,18.4174207,164.105961,525
1361,1.15055567e-14,164.9,525
1362,-18.4174207,164.105961,525
1363,-36.6574715,161.731493,525
1364,-54.5444909,157.799461,525
1365,-71.9062169,152.347735,525
1366,-88.5754468,145.428816,525
1367,-104.391647,137.109339,525
1368,-119.202498,127.469424,525
1369,-132.865364,116.601908,525
1370,-145.248664,104.611453,525
1371,-156.23314,91.6135314,525
1372,-165.713006,77.7333219,525
1373,-173.596964,63.104498,525
1374,-179.809089,47.8679433,525
1375,-184.289554,32.1703941,525
1376,-186.99521,16.1630264,525
1377,-187.9,2.01944257e-14,525
1378,-186.99521,-16.1630264,525
1379,-184.289554,-32.1703941,525
1380,-179.809089,-47.8679433,525
1381,-173.596964,-63.104498,525
1382,-165.713006,-77.7333219,525
1383,-156.23314,-91.6135314,525
1384,-145.248664,-104.611453,525
1385,-132.865364,-116.601908,525
1386,-119.202498,-127.469424,525
1387,-104.391647,-137.109339,525
1388,-88.5754468,-145.428816,525
1389,-71.9062169,-152.347735,525
1390,-54.5444909,-157.799461,525
1391,-36.6574715,-161.731493,525
1392,-18.4174207,-164.105961,525
1393,-3.451667e-14,-164.9,525
1394,18.4174207,-164.105961,525
1395,36.6574715,-161.731493,525
1396,54.5444909,-157.799461,525
1397,71.9062169,-152.347735,525
1398,88.5754468,-145.428816,525
1399,104.391647,-137.109339,525
1400,119.202498,-127.469424,525
1401,132.865364,-116.601908,525
1402,145.248664,-104.611453,525
1403,156.23314,-91.6135314,525
1404,165.713006,-77.7333219,525
1405,173.596964,-63.104498,525
1406,179.809089,-47.8679433,525
1407,184.289554,-32.1703941,525
1408,186.99521,-16.1630264,525
1409,187.9,0,550
1410,186.99521,16.1630264,550
1411,184.289554,32.1703941,550
1412,179.809089,47.8679433,550
1413,173.596964,63.104498,550
1414,165.713006,77.7333219,550
1415,156.23314,91.6135314,550
1416,145.248664,104.611453,550
1417,132.865364,116.601908,550
1418,119.202498,127.469424,550
1419,104.391647,137.109339,550
1420,88.5754468,145.428816,550
1421,71.9062169,152.347735,550
1422,54.5444909,157.799461,550
1423,36.6574715,161.731493,550
1424,18.4174207,164.105961,550
1425,1.15055567e-14,164.9,550
1426,-18.4174207,164.105961,550
1427,-36.6574715,161.731493,550
1428,-54.5444909,157.799461,550
1429,-71.9062169,152.347735,550
1430,-88.5754468,145.428816,550
1431,-104.391647,137.109339,550
1432,-119.202498,127.469424,550
1433,-132.865364,116.601908,550
1434,-145.248664,104.611453,550
1435,-156.23314,91.6135314,550
1436,-165.713006,77.7333219,550
1437,-173.596964,63.104498,550
1438,-179.809089,47.8679433,550
1439,-184.289554,32.1703941,550
1440,-186.99521,16.1630264,550
1441,-187.9,2.01944257e-14,550
1442,-186.99521,-16.1630264,550
1443,-184.289554,-32.1703941,550
1444,-179.809089,-47.8679433,550
1445,-173.596964,-63.104498,550
1446,-165.713006,-77.7333219,550
1447,-156.23314,-91.6135314,550
1448,-145.248664,-104.611453,550
1449,-132.865364,-116.601908,550
1450,-119.202498,-127.469424,550
1451,-104.391647,-137.109339,550
1452,-88.5754468,-145.428816,550
1453,-71.9062169,-152.347735,550
1454,-54.5444909,-157.799461,550
1455,-36.6574715,-161.731493,550
1456,-18.4174207,-164.105961,550
1457,-3.451667e-14,-164.9,550
1458,18.4174207,-164.105961,550
1459,36.6574715,-161.731493,550
1460,54.5444909,-157.799461,550
1461,71.9062169,-152.347735,550
1462,88.5754468,-145.428816,550
1463,104.391647,-137.109339,550
1464,119.202498,-127.469424,550
1465,132.865364,-116.601908,550
1466,145.248664,-104.611453,550
1467,156.23314,-91.6135314,550
1468,165.713006,-77.7333219,550
1469,173.596964,-63.104498,550
1470,179.809089,-47.8679433,550
1471,184.289554,-32.1703941,550
1472,186.99521,-16.1630264,550
1473,187.9,0,575
1474,186.99521,16.1630264,575
1475,184.289554,32.1703941,575
1476,179.809089,47.8679433,575
1477,173.596964,63.104498,575
1478,165.713006,77.7333219,575
1479,156.23314,91.6135314,575
1480,145.248664,104.611453,575
1481,132.865364,116.601908,575
1482,119.202498,127.469424,575
1483,104.391647,137.109339,575
1484,88.5754468,145.428816,575
1485,71.9062169,152.347735,575
1486,54.5444909,157.799461,575
1487,36.6574715,161.731493,575
1488,18.4174207,164.105961,575
1489,1.15055567e-14,164.9,575
1490,-18.4174207,164.105961,575
1491,-36.6574715,161.731493,575
1492,-54.5444909,157.799461,575
1493,-71.9062169,152.347735,575
1494,-88.5754468,145.428816,575
1495,-104.391647,137.109339,575
1496,-119.202498,127.469424,575
1497,-132.865364,116.601908,575
1498,-145.248664,104.611453,575
1499,-156.23314,91.6135314,575
1500,-165.713006,77.7333219,575
1501,-173.596964,63.104498,575
1502,-179.809089,47.8679433,575
1503,-184.289554,32.1703941,575
1504,-186.99521,16.1630264,575
1505,-187.9,2.01944257e-14,575
1506,-186.99521,-16.1630264,575
1507,-184.289554,-32.1703941,575
1508,-179.809089,-47.8679433,575
1509,-173.596964,-63.104498,575
1510,-165.713006,-77.7333219,575
1511,-156.23314,-91.6135314,575
1512,-145.248664,-104.611453,575
1513,-132.865364,-116.601908,575
1514,-119.202498,-127.469424,575
1515,-104.391647,-137.109339,575
1516,-88.5754468,-145.428816,575
1517,-71.9062169,-152.347735,575
1518,-54.5444909,-157.799461,575
1519,-36.6574715,-161.731493,575
1520,-18.4174207,-164.105961,575
1521,-3.451667e-14,-164.9,575
1522,18.4174207,-164.105961,575
1523,36.6574715,-161.731493,575
1524,54.5444909,-157.799461,575
1525,71.9062169,-152.347735,575
1526,88.5754468,-145.428816,575
1527,104.391647,-137.109339,575
1528,119.202498,-127.469424,575
1529,132.865364,-116.601908,575
1530,145.248664,-104.611453,575
1531,156.23314,-91.6135314,575
1532,165.713006,-77.7333219,575
1533,173.596964,-63.104498,575
1534,179.809089,-47.8679433,575
1535,184.289554,-32.1703941,575
1536,186.99521,-16.1630264,575
1537,187.9,0,600
1538,186.99521,16.1630264,600
1539,184.289554,32.1703941,600
1540,179.809089,47.8679433,600
1541,173.596964,63.104498,600
1542,165.713006,77.7333219,600
1543,156.23314,91.6135314,600
1544,145.248664,104.611453,600
1545,132.865364,116.601908,600
1546,119.202498,127.469424,600
1547,104.391647,137.109339,600
1548,88.5754468,145.428816,600
1549,71.9062169,152.347735,600
1550,54.5444909,157.799461,600
1551,36.6574715,161.731493,600
1552,18.4174207,164.105961,600
1553,1.15055567e-14,164.9,600
1554,-18.4174207,164.105961,600
1555,-36.6574715,161.731493,600
1556,-54.5444909,157.799461,600
1557,-71.9062169,152.347735,600
1558,-88.5754468,145.428816,600
1559,-104.391647,137.109339,600
1560,-119.202498,127.469424,600
1561,-132.865364,116.601908,600
1562,-145.248664,104.611453,600
1563,-156.23314,91.6135314,600
1564,-165.713006,77.7333219,600
1565,-173.596964,63.104498,600
1566,-179.809089,47.8679433,600
1567,-184.289554,32.1703941,600
1568,-186.99521,16.1630264,600
1569,-187.9,2.01944257e-14,600
1570,-186.99521,-16.1630264,600
1571,-184.289554,-32.1703941,600
1572,-179.809089,-47.8679433,600
1573,-173.596964,-63.104498,600
1574,-165.713006,-77.7333219,600
1575,-156.23314,-91.6135314,600
1576,-145.248664,-104.611453,600
1577,-132.865364,-116.601908,600
1578,-119.202498,-127.469424,600
1579,-104.391647,-137.109339,600
1580,-88.5754468,-145.428816,600
1581,-71.9062169,-152.347735,600
1582,-54.5444909,-157.799461,600
1583,-36.6574715,-161.731493,600
1584,-18.4174207,-164.105961,600
1585,-3.451667e-14,-164.9,600
1586,18.4174207,-164.105961,600
1587,36.6574715,-161.731493,600
1588,54.5444909,-157.799461,600
1589,71.9062169,-152.347735,600
1590,88.5754468,-145.428816,600
1591,104.391647,-137.109339,600
1592,119.202498,-127.469424,600
1593,132.865364,-116.601908,600
1594,145.248664,-104.611453,600
1595,156.23314,-91.6135314,600
1596,165.713006,-77.7333219,600
1597,173.596964,-63.104498,600
1598,179.809089,-47.8679433,600
1599,184.289554,-32.1703941,600
1600,186.99521,-16.1630264,600
1601,187.9,0,625
1602,186.99521,16.1630264,625
1603,184.289554,32.1703941,625
1604,179.809089,47.8679433,625
1605,173.596964,63.104498,625
1606,165.713006,77.7333219,625
1607,156.23314,91.6135314,625
1608,145.248664,104.611453,625
1609,132.865364,116.601908,625
1610,119.202498,127.469424,625
1611,104.391647,137.109339,625
1612,88.5754468,145.428816,625
1613,71.9062169,152.347735,625
1614,54.5444909,157.799461,625
1615,36.6574715,161.731493,625
1616,18.4174207,164.105961,625
1617,1.15055567e-14,164.9,625
1618,-18.4174207,164.105961,625
1619,-36.6574715,161.731493,625
1620,-54.5444909,157.799461,625
1621,-71.9062169,152.347735,625
1622,-88.5754468,145.428816,625
1623,-104.391647,137.109339,625
1624,-119.202498,127.469424,625
1625,-132.865364,116.601908,625
1626,-145.248664,104.611453,625
1627,-156.23314,91.6135314,625
1628,-165.713006,77.7333219,625
1629,-173.596964,63.104498,625
1630,-179.809089,47.8679433,625
1631,-184.289554,32.1703941,625
1632,-186.99521,16.1630264,625
1633,-187.9,2.01944257e-14,625
1634,-186.99521,-16.1630264,625
1635,-184.289554,-32.1703941,625
1636,-179.809089,-47.8679433,625
1637,-173.596964,-63.104498,625
1638,-165.713006,-77.7333219,625
1639,-156.23314,-91.6135314,625
1640,-145.248664,-104.611453,625
1641,-132.865364,-116.601908,625
1642,-119.202498,-127.469424,625
1643,-104.391647,-137.109339,625
1644,-88.5754468,-145.428816,625
1645,-71.9062169,-152.347735,625
1646,-54.5444909,-157.799461,625
1647,-36.6574715,-161.731493,625
1648,-18.4174207,-164.105961,625
1649,-3.451667e-14,-164.9,625
1650,18.4174207,-164.105961,625
1651,36.6574715,-161.731493,625
1652,54.5444909,-157.799461,625
1653,71.9062169,-152.347735,625
1654,88.5754468,-145.428816,625
1655,104.391647,-137.109339,625
1656,119.202498,-127.469424,625
1657,132.865364,-116.601908,625
1658,145.248664,-104.611453,625
1659,156.23314,-91.6135314,625
1660,165.713006,-77.7333219,625
1661,173.596964,-63.104498,625
1662,179.809089,-47.8679433,625
1663,184.289554,-32.1703941,625
1664,186.99521,-16.1630264,625
1665,187.9,0,650
1666,186.99521,16.1630264,650
1667,184.289554,32.1703941,650
1668,179.809089,47.8679433,650
1669,173.596964,63.104498,650
1670,165.713006,77.7333219,650
1671,156.23314,91.6135314,650
1672,145.248664,104.611453,650
1673,132.865364,116.601908,650
1674,119.202498,127.469424,650
1675,104.391647,137.109339,650
1676,88.5754468,145.428816,650
1677,71.9062169,152.347735,650
1678,54.5444909,157.799461,650
1679,36.6574715,161.731493,650
1680,18.4174207,164.105961,650
1681,1.15055567e-14,164.9,650
1682,-18.4174207,164.105961,650
1683,-36.6574715,161.731493,650
1684,-54.5444909,157.799461,650
1685,-71.9062169,152.347735,650
1686,-88.5754468,145.428816,650
1687,-104.391647,137.109339,650
1688,-119.202498,127.469424,650
1689,-132.865364,116.601908,650
1690,-145.248664,104.611453,650
1691,-156.23314,91.6135314,650
1692,-165.713006,77.7333219,650
1693,-173.596964,63.104498,650
1694,-179.809089,47.8679433,650
1695,-184.289554,32.1703941,650
1696,-186.99521,16.1630264,650
1697,-187.9,2.01944257e-14,650
1698,-186.99521,-16.1630264,650
1699,-184.289554,-32.1703941,650
1700,-179.809089,-47.8679433,650
1701,-173.596964,-63.104498,650
1702,-165.713006,-77.7333219,650
1703,-156.23314,-91.6135314,650
1704,-145.248664,-104.611453,650
1705,-132.865364,-116.601908,650
1706,-119.202498,-127.469424,650
1707,-104.391647,-137.109339,650
1708,-88.5754468,-145.428816,650
1709,-71.9062169,-152.347735,650
1710,-54.5444909,-157.799461,650
1711,-36.6574715,-161.731493,650
1712,-18.4174207,-164.105961,650
1713,-3.451667e-14,-164.9,650
1714,18.4174207,-164.105961,650
1715,36.6574715,-161.731493,650
1716,54.5444909,-157.799461,650
1717,71.9062169,-152.347735,650
1718,88.5754468,-145.428816,650
1719,104.391647,-137.109339,650
1720,119.202498,-127.469424,650
1721,132.865364,-116.601908,650
1722,145.248664,-104.611453,650
1723,156.23314,-91.6135314,650
1724,165.713006,-77.7333219,650
1725,173.596964,-63.104498,650
1726,179.809089,-47.8679433,650
1727,184.289554,-32.1703941,650
1728,186.99521,-16.1630264,650

 *************************************************************************
 * Selecting linear solver pardiso                                       *
 *************************************************************************

===== beginning time step 1 : 0.025 =====


Reforming stiffness matrix: reformation #1

===== reforming stiffness matrix:
	Nr of equations ........................... : 19007
	Nr of nonzeroes in stiffness matrix ....... : 925177
 1
 Nonlinear solution status: time= 0.025
	stiffness updates             = 0
	right hand side evaluations   = 2
	stiffness matrix reformations = 1
	step from line search         = 1.000000
	convergence norms :     INITIAL         CURRENT         REQUIRED
	   residual            4.211432e+05    1.558167e-08    4.211432e+02 
	   energy              8.025572e+02    1.529855e-04    8.025572e-02 
	   displacement        1.562716e+00    1.562716e+00    6.250862e-04 
 2
 Nonlinear solution status: time= 0.025
	stiffness updates             = 1
	right hand side evaluations   = 3
	stiffness matrix reformations = 1
	step from line search         = 1.000000
	convergence norms :     INITIAL         CURRENT         REQUIRED
	   residual            4.211432e+05    5.759679e-17    4.211432e+02 
	   energy              8.025572e+02    1.750977e-15    8.025572e-02 
	   displacement        1.562716e+00    6.446194e-14    6.250860e-04 

convergence summary
    number of iterations   : 2
    number of reformations : 1

------- converged at time : 0.025


Data Record #1
===========================================================================
Step = 1
Time = 0.025
Data = shirt_final_coordinates
1,187.9,-2.00084616577e-16,-5.84206807188e-15
2,186.99521,16.1630264,-4.96654588359e-15
3,184.289554,32.1703941,-2.32558251999e-15
4,179.809089,47.8679433,-1.22747694224e-15
5,173.596964,63.104498,5.78960084634e-16
6,165.713006,77.7333219,-3.14931178805e-15
7,156.23314,91.6135314,-2.55641135537e-15
8,145.248664,104.611453,1.33706732751e-15
9,132.865364,116.601908,2.04537559075e-15
10,119.202498,127.469424,4.04404211064e-15
11,104.391647,137.109339,1.75703691419e-16
12,88.5754468,145.428816,-3.86548765224e-15
13,71.9062169,152.347735,-4.75168909577e-15
14,54.5444909,157.799461,-5.52732334247e-15
15,36.6574715,161.731493,-4.55180450381e-15
16,18.4174207,164.105961,-1.53418822267e-15
17,8.17292660852e-15,164.9,-1.43581417307e-15
18,-18.4174207,164.105961,8.23671585197e-16
19,-36.6574715,161.731493,-2.19484681639e-15
20,-54.5444909,157.799461,-1.88105047008e-15
21,-71.9062169,152.347735,-9.68640960288e-17
22,-88.5754468,145.428816,-7.49003714838e-16
23,-104.391647,137.109339,3.4285320261e-15
24,-119.202498,127.469424,-5.59087922708e-16
25,-132.865364,116.601908,-3.03609691895e-15
26,-145.248664,104.611453,-1.35305247996e-15
27,-156.23314,91.6135314,-1.87475332378e-15
28,-165.713006,77.7333219,-2.59766754533e-15
29,-173.596964,63.104498,1.04243985738e-15
30,-179.809089,47.8679433,8.08221860493e-16
31,-184.289554,32.1703941,5.0333658481e-16
32,-186.99521,16.1630264,-1.43799842493e-15
33,-187.9,1.54459056345e-14,-3.62259154874e-15
34,-186.99521,-16.1630264,-3.0905107264e-15
35,-184.289554,-32.1703941,-1.77506846827e-15
36,-179.809089,-47.8679433,-2.23920632587e-15
37,-173.596964,-63.104498,-5.27262213145e-16
38,-165.713006,-77.7333219,-4.32581374357e-15
39,-156.23314,-91.6135314,-3.9091037953e-15
40,-145.248664,-104.611453,-1.22105931964e-15
41,-132.865364,-116.601908,-3.70043057131e-15
42,-119.202498,-127.469424,1.23421995436e-15
43,-104.391647,-137.109339,-2.70660630964e-15
44,-88.5754468,-145.428816,-5.859744925e-15
45,-71.9062169,-152.347735,-5.42539110949e-15
46,-54.5444909,-157.799461,-5.49249177609e-15
47,-36.6574715,-161.731493,-5.4309938177e-15
48,-18.4174207,-164.105961,-1.29307537813e-15
49,-3.79798441583e-14,-164.9,-1.81543981817e-15
50,18.4174207,-164.105961,-1.48538403529e-15
51,36.6574715,-161.731493,-2.8882177362e-15
52,54.5444909,-157.799461,-3.72573501072e-15
53,71.9062169,-152.347735,-1.25563642504e-15
54,88.5754468,-145.428816,-1.32876222344e-15
55,104.391647,-137.109339,5.45644326321e-17
56,119.202498,-127.469424,-3.57079345913e-15
57,132.865364,-116.601908,7.34639052349e-16
58,145.248664,-104.611453,3.22078378297e-16
59,156.23314,-91.6135314,-1.72433427457e-15
60,165.713006,-77.7333219,-3.0881046147e-15
61,173.596964,-63.104498,-1.53146483141e-15
62,179.809089,-47.8679433,-6.94448768347e-16
63,184.289554,-32.1703941,-2.36935680115e-15
64,186.99521,-16.1630264,-4.33372480883e-15
65,187.9,-3.74595291296e-16,25
66,186.99521,16.1630264,25
67,184.289554,32.1703941,25
68,179.809089,47.8679433,25
69,173.596964,63.104498,25
70,165.713006,77.7333219,25
71,156.23314,91.6135314,25
72,145.248664,104.611453,25
73,132.865364,116.601908,25
74,119.202498,127.469424,25
75,104.391647,137.109339,25
76,88.5754468,145.428816,25
77,71.9062169,152.347735,25
78,54.5444909,157.799461,25
79,36.6574715,161.731493,25
80,18.4174207,164.105961,25
81,9.34696271449e-15,164.9,25
82,-18.4174207,164.105961,25
83,-36.6574715,161.731493,25
84,-54.5444909,157.799461,25
85,-71.9062169,152.347735,25
86,-88.5754468,145.428816,25
87,-104.391647,137.109339,25
88,-119.202498,127.469424,25
89,-132.865364,116.601908,25
90,-145.248664,104.611453,25
91,-156.23314,91.6135314,25
92,-165.713006,77.7333219,25
93,-173.596964,63.104498,25
94,-179.809089,47.8679433,25
95,-184.289554,32.1703941,25
96,-186.99521,16.1630264,25
97,-187.9,1.44262173207e-14,25
98,-186.99521,-16.1630264,25
99,-184.289554,-32.1703941,25
100,-179.809089,-47.8679433,25
101,-173.596964,-63.104498,25
102,-165.713006,-77.7333219,25
103,-156.23314,-91.6135314,25
104,-145.248664,-104.611453,25
105,-132.865364,-116.601908,25
106,-119.202498,-127.469424,25
107,-104.391647,-137.109339,25
108,-88.5754468,-145.428816,25
109,-71.9062169,-152.347735,25
110,-54.5444909,-157.799461,25
111,-36.6574715,-161.731493,25
112,-18.4174207,-164.105961,25
113,-3.87694892594e-14,-164.9,25
114,18.4174207,-164.105961,25
115,36.6574715,-161.731493,25
116,54.5444909,-157.799461,25
117,71.9062169,-152.347735,25
118,88.5754468,-145.428816,25
119,104.391647,-137.109339,25
120,119.202498,-127.469424,25
121,132.865364,-116.601908,25
122,145.248664,-104.611453,25
123,156.23314,-91.6135314,25
124,165.713006,-77.7333219,25
125,173.596964,-63.104498,25
126,179.809089,-47.8679433,25
127,184.289554,-32.1703941,25
128,186.99521,-16.1630264,25
129,187.9,-7.58201256351e-16,50
130,186.99521,16.1630264,50
131,184.289554,32.1703941,50
132,179.809089,47.8679433,50
133,173.596964,63.104498,50
134,165.713006,77.7333219,50
135,156.23314,91.6135314,50
136,145.248664,104.611453,50
137,132.865364,116.601908,50
138,119.202498,127.469424,50
139,104.391647,137.109339,50
140,88.5754468,145.428816,50
141,71.9062169,152.347735,50
142,54.5444909,157.799461,50
143,36.6574715,161.731493,50
144,18.4174207,164.105961,50
145,9.64488838668e-15,164.9,50
146,-18.4174207,164.105961,50
147,-36.6574715,161.731493,50
148,-54.5444909,157.799461,50
149,-71.9062169,152.347735,50
150,-88.5754468,145.428816,50
151,-104.391647,137.109339,50
152,-119.202498,127.469424,50
153,-132.865364,116.601908,50
154,-145.248664,104.611453,50
155,-156.23314,91.6135314,50
156,-165.713006,77.7333219,50
157,-173.596964,63.104498,50
158,-179.809089,47.8679433,50
159,-184.289554,32.1703941,50
160,-186.99521,16.1630264,50
161,-187.9,1.56235351033e-14,50
162,-186.99521,-16.1630264,50
163,-184.289554,-32.1703941,50
164,-179.809089,-47.8679433,50
165,-173.596964,-63.104498,50
166,-165.713006,-77.7333219,50
167,-156.23314,-91.6135314,50
168,-145.248664,-104.611453,50
169,-132.865364,-116.601908,50
170,-119.202498,-127.469424,50
171,-104.391647,-137.109339,50
172,-88.5754468,-145.428816,50
173,-71.9062169,-152.347735,50
174,-54.5444909,-157.799461,50
175,-36.6574715,-161.731493,50
176,-18.4174207,-164.105961,50
177,-3.91777087502e-14,-164.9,50
178,18.4174207,-164.105961,50
179,36.6574715,-161.731493,50
180,54.5444909,-157.799461,50
181,71.9062169,-152.347735,50
182,88.5754468,-145.428816,50
183,104.391647,-137.109339,50
184,119.202498,-127.469424,50
185,132.865364,-116.601908,50
186,145.248664,-104.611453,50
187,156.23314,-91.6135314,50
188,165.713006,-77.7333219,50
189,173.596964,-63.104498,50
190,179.809089,-47.8679433,50
191,184.289554,-32.1703941,50
192,186.99521,-16.1630264,50
193,187.9,-8.6580931731e-16,75
194,186.99521,16.1630264,75
195,184.289554,32.1703941,75
196,179.809089,47.8679433,75
197,173.596964,63.104498,75
198,165.713006,77.7333219,75
199,156.23314,91.6135314,75
200,145.248664,104.611453,75
201,132.865364,116.601908,75
202,119.202498,127.469424,75
203,104.391647,137.109339,75
204,88.5754468,145.428816,75
205,71.9062169,152.347735,75
206,54.5444909,157.799461,75
207,36.6574715,161.731493,75
208,18.4174207,164.105961,75
209,9.80919117426e-15,164.9,75
210,-18.4174207,164.105961,75
211,-36.6574715,161.731493,75
212,-54.5444909,157.799461,75
213,-71.9062169,152.347735,75
214,-88.5754468,145.428816,75
215,-104.391647,137.109339,75
216,-119.202498,127.469424,75
217,-132.865364,116.601908,75
218,-145.248664,104.611453,75
219,-156.23314,91.6135314,75
220,-165.713006,77.7333219,75
221,-173.596964,63.104498,75
222,-179.809089,47.8679433,75
223,-184.289554,32.1703941,75
224,-186.99521,16.1630264,75
225,-187.9,1.57924469682e-14,75
226,-186.99521,-16.1630264,75
227,-184.289554,-32.1703941,75
228,-179.809089,-47.8679433,75
229,-173.596964,-63.104498,75
230,-165.713006,-77.7333219,75
231,-156.23314,-91.6135314,75
232,-145.248664,-104.611453,75
233,-132.865364,-116.601908,75
234,-119.202498,-127.469424,75
235,-104.391647,-137.109339,75
236,-88.5754468,-145.428816,75
237,-71.9062169,-152.347735,75
238,-54.5444909,-157.799461,75
239,-36.6574715,-161.731493,75
240,-18.4174207,-164.105961,75
241,-4.04395178297e-14,-164.9,75
242,18.4174207,-164.105961,75
243,36.6574715,-161.731493,75
244,54.5444909,-157.799461,75
245,71.9062169,-152.347735,75
246,88.5754468,-145.428816,75
247,104.391647,-137.109339,75
248,119.202498,-127.469424,75
249,132.865364,-116.601908,75
250,145.248664,-104.611453,75
251,156.23314,-91.6135314,75
252,165.713006,-77.7333219,75
253,173.596964,-63.104498,75
254,179.809089,-47.8679433,75
255,184.289554,-32.1703941,75
256,186.99521,-16.1630264,75
257,187.9,1.58646839321e-16,100
258,186.99521,16.1630264,100
259,184.289554,32.1703941,100
260,179.809089,47.8679433,100
261,173.596964,63.104498,100
262,165.713006,77.7333219,100
263,156.23314,91.6135314,100
264,145.248664,104.611453,100
265,132.865364,116.601908,100
266,119.202498,127.469424,100
267,104.391647,137.109339,100
268,88.5754468,145.428816,100
269,71.9062169,152.347735,100
270,54.5444909,157.799461,100
271,36.6574715,161.731493,100
272,18.4174207,164.105961,100
273,9.96885279442e-15,164.9,100
274,-18.4174207,164.105961,100
275,-36.6574715,161.731493,100
276,-54.5444909,157.799461,100
277,-71.9062169,152.347735,100
278,-88.5754468,145.428816,100
279,-104.391647,137.109339,100
280,-119.202498,127.469424,100
281,-132.865364,116.601908,100
282,-145.248664,104.611453,100
283,-156.23314,91.6135314,100
284,-165.713006,77.7333219,100
285,-173.596964,63.104498,100
286,-179.809089,47.8679433,100
287,-184.289554,32.1703941,100
288,-186.99521,16.1630264,100
289,-187.9,1.81758049959e-14,100
290,-186.99521,-16.1630264,100
291,-184.289554,-32.1703941,100
292,-179.809089,-47.8679433,100
293,-173.596964,-63.104498,100
294,-165.713006,-77.7333219,100
295,-156.23314,-91.6135314,100
296,-145.248664,-104.611453,100
297,-132.865364,-116.601908,100
298,-119.202498,-127.469424,100
299,-104.391647,-137.109339,100
300,-88.5754468,-145.428816,100
301,-71.9062169,-152.347735,100
302,-54.5444909,-157.799461,100
303,-36.6574715,-161.731493,100
304,-18.4174207,-164.105961,100
305,-3.94319197595e-14,-164.9,100
306,18.4174207,-164.105961,100
307,36.6574715,-161.731493,100
308,54.5444909,-157.799461,100
309,71.9062169,-152.347735,100
310,88.5754468,-145.428816,100
311,104.391647,-137.109339,100
312,119.202498,-127.469424,100
313,132.865364,-116.601908,100
314,145.248664,-104.611453,100
315,156.23314,-91.6135314,100
316,165.713006,-77.7333219,100
317,173.596964,-63.104498,100
318,179.809089,-47.8679433,100
319,184.289554,-32.1703941,100
320,186.99521,-16.1630264,100
321,187.9,-6.13198031067e-17,125
322,186.99521,16.1630264,125
323,184.289554,32.1703941,125
324,179.809089,47.8679433,125
325,173.596964,63.104498,125
326,165.713006,77.7333219,125
327,156.23314,91.6135314,125
328,145.248664,104.611453,125
329,132.865364,116.601908,125
330,119.202498,127.469424,125
331,104.391647,137.109339,125
332,88.5754468,145.428816,125
333,71.9062169,152.347735,125
334,54.5444909,157.799461,125
335,36.6574715,161.731493,125
336,18.4174207,164.105961,125
337,1.00111886652e-14,164.9,125
338,-18.4174207,164.105961,125
339,-36.6574715,161.731493,125
340,-54.5444909,157.799461,125
341,-71.9062169,152.347735,125
342,-88.5754468,145.428816,125
343,-104.391647,137.109339,125
344,-119.202498,127.469424,125
345,-132.865364,116.601908,125
346,-145.248664,104.611453,125
347,-156.23314,91.6135314,125
348,-165.713006,77.7333219,125
349,-173.596964,63.104498,125
350,-179.809089,47.8679433,125
351,-184.289554,32.1703941,125
352,-186.99521,16.1630264,125
353,-187.9,1.66111140533e-14,125
354,-186.99521,-16.1630264,125
355,-184.289554,-32.1703941,125
356,-179.809089,-47.8679433,125
357,-173.596964,-63.104498,125
358,-165.713006,-77.7333219,125
359,-156.23314,-91.6135314,125
360,-145.248664,-104.611453,125
361,-132.865364,-116.601908,125
362,-119.202498,-127.469424,125
363,-104.391647,-137.109339,125
364,-88.5754468,-145.428816,125
365,-71.9062169,-152.347735,125
366,-54.5444909,-157.799461,125
367,-36.6574715,-161.731493,125
368,-18.4174207,-164.105961,125
369,-4.01887784174e-14,-164.9,125
370,18.4174207,-164.105961,125
371,36.6574715,-161.731493,125
372,54.5444909,-157.799461,125
373,71.9062169,-152.347735,125
374,88.5754468,-145.428816,125
375,104.391647,-137.109339,125
376,119.202498,-127.469424,125
377,132.865364,-116.601908,125
378,145.248664,-104.611453,125
379,156.23314,-91.6135314,125
380,165.713006,-77.7333219,125
381,173.596964,-63.104498,125
382,179.809089,-47.8679433,125
383,184.289554,-32.1703941,125
384,186.99521,-16.1630264,125
385,187.9,1.57972567944e-15,150
386,186.99521,16.1630264,150
387,184.289554,32.1703941,150
388,179.809089,47.8679433,150
389,173.596964,63.104498,150
390,165.713006,77.7333219,150
391,156.23314,91.6135314,150
392,145.248664,104.611453,150
393,132.865364,116.601908,150
394,119.202498,127.469424,150
395,104.391647,137.109339,150
396,88.5754468,145.428816,150
397,71.9062169,152.347735,150
398,54.5444909,157.799461,150
399,36.6574715,161.731493,150
400,18.4174207,164.105961,150
401,1.14938323698e-14,164.9,150
402,-18.4174207,164.105961,150
403,-36.6574715,161.731493,150
404,-54.5444909,157.799461,150
405,-71.9062169,152.347735,150
406,-88.5754468,145.428816,150
407,-104.391647,137.109339,150
408,-119.202498,127.469424,150
409,-132.865364,116.601908,150
410,-145.248664,104.611453,150
411,-156.23314,91.6135314,150
412,-165.713006,77.7333219,150
413,-173.596964,63.104498,150
414,-179.809089,47.8679433,150
415,-184.289554,32.1703941,150
416,-186.99521,16.1630264,150
417,-187.9,1.59875597338e-14,150
418,-186.99521,-16.1630264,150
419,-184.289554,-32.1703941,150
420,-179.809089,-47.8679433,150
421,-173.596964,-63.104498,150
422,-165.713006,-77.7333219,150
423,-156.23314,-91.6135314,150
424,-145.248664,-104.611453,150
425,-132.865364,-116.601908,150
426,-119.202498,-127.469424,150
427,-104.391647,-137.109339,150
428,-88.5754468,-145.428816,150
429,-71.9062169,-152.347735,150
430,-54.5444909,-157.799461,150
431,-36.6574715,-161.731493,150
432,-18.4174207,-164.105961,150
433,-3.99053653895e-14,-164.9,150
434,18.4174207,-164.105961,150
435,36.6574715,-161.731493,150
436,54.5444909,-157.799461,150
437,71.9062169,-152.347735,150
438,88.5754468,-145.428816,150
439,104.391647,-137.109339,150
440,119.202498,-127.469424,150
441,132.865364,-116.601908,150
442,145.248664,-104.611453,150
443,156.23314,-91.6135314,150
444,165.713006,-77.7333219,150
445,173.596964,-63.104498,150
446,179.809089,-47.8679433,150
447,184.289554,-32.1703941,150
448,186.99521,-16.1630264,150
449,187.9,1.30701958787e-15,175
450,186.99521,16.1630264,175
451,184.289554,32.1703941,175
452,179.809089,47.8679433,175
453,173.596964,63.104498,175
454,165.713006,77.7333219,175
455,156.23314,91.6135314,175
456,145.248664,104.611453,175
457,132.865364,116.601908,175
458,119.202498,127.469424,175
459,104.391647,137.109339,175
460,88.5754468,145.428816,175
461,71.9062169,152.347735,175
462,54.5444909,157.799461,175
463,36.6574715,161.731493,175
464,18.4174207,164.105961,175
465,1.22016553408e-14,164.9,175
466,-18.4174207,164.105961,175
467,-36.6574715,161.731493,175
468,-54.5444909,157.799461,175
469,-71.9062169,152.347735,175
470,-88.5754468,145.428816,175
471,-104.391647,137.109339,175
472,-119.202498,127.469424,175
473,-132.865364,116.601908,175
474,-145.248664,104.611453,175
475,-156.23314,91.6135314,175
476,-165.713006,77.7333219,175
477,-173.596964,63.104498,175
478,-179.809089,47.8679433,175
479,-184.289554,32.1703941,175
480,-186.99521,16.1630264,175
481,-187.9,1.61016471521e-14,175
482,-186.99521,-16.1630264,175
483,-184.289554,-32.1703941,175
484,-179.809089,-47.8679433,175
485,-173.596964,-63.104498,175
486,-165.713006,-77.7333219,175
487,-156.23314,-91.6135314,175
488,-145.248664,-104.611453,175
489,-132.865364,-116.601908,175
490,-119.202498,-127.469424,175
491,-104.391647,-137.109339,175
492,-88.5754468,-145.428816,175
493,-71.9062169,-152.347735,175
494,-54.5444909,-157.799461,175
495,-36.6574715,-161.731493,175
496,-18.4174207,-164.105961,175
497,-4.06493461618e-14,-164.9,175
498,18.4174207,-164.105961,175
499,36.6574715,-161.731493,175
500,54.5444909,-157.799461,175
501,71.9062169,-152.347735,175
502,88.5754468,-145.428816,175
503,104.391647,-137.109339,175
504,119.202498,-127.469424,175
505,132.865364,-116.601908,175
506,145.248664,-104.611453,175
507,156.23314,-91.6135314,175
508,165.713006,-77.7333219,175
509,173.596964,-63.104498,175
510,179.809089,-47.8679433,175
511,184.289554,-32.1703941,175
512,186.99521,-16.1630264,175
513,187.9,2.02900765918e-16,200
514,186.99521,16.1630264,200
515,184.289554,32.1703941,200
516,179.809089,47.8679433,200
517,173.596964,63.104498,200
518,165.713006,77.7333219,200
519,156.23314,91.6135314,200
520,145.248664,104.611453,200
521,132.865364,116.601908,200
522,119.202498,127.469424,200
523,104.391647,137.109339,200
524,88.5754468,145.428816,200
525,71.9062169,152.347735,200
526,54.5444909,157.799461,200
527,36.6574715,161.731493,200
528,18.4174207,164.105961,200
529,1.29272097025e-14,164.9,200
530,-18.4174207,164.105961,200
531,-36.6574715,161.731493,200
532,-54.5444909,157.799461,200
533,-71.9062169,152.347735,200
534,-88.5754468,145.428816,200
535,-104.391647,137.109339,200
536,-119.202498,127.469424,200
537,-132.865364,116.601908,200
538,-145.248664,104.611453,200
539,-156.23314,91.6135314,200
540,-165.713006,77.7333219,200
541,-173.596964,63.104498,200
542,-179.809089,47.8679433,200
543,-184.289554,32.1703941,200
544,-186.99521,16.1630264,200
545,-187.9,1.78453762401e-14,200
546,-186.99521,-16.1630264,200
547,-184.289554,-32.1703941,200
548,-179.809089,-47.8679433,200
549,-173.596964,-63.104498,200
550,-165.713006,-77.7333219,200
551,-156.23314,-91.6135314,200
552,-145.248664,-104.611453,200
553,-132.865364,-116.601908,200
554,-119.202498,-127.469424,200
555,-104.391647,-137.109339,200
556,-88.5754468,-145.428816,200
557,-71.9062169,-152.347735,200
558,-54.5444909,-157.799461,200
559,-36.6574715,-161.731493,200
560,-18.4174207,-164.105961,200
561,-4.06413617735e-14,-164.9,200
562,18.4174207,-164.105961,200
563,36.6574715,-161.731493,200
564,54.5444909,-157.799461,200
565,71.9062169,-152.347735,200
566,88.5754468,-145.428816,200
567,104.391647,-137.109339,200
568,119.202498,-127.469424,200
569,132.865364,-116.601908,200
570,145.248664,-104.611453,200
571,156.23314,-91.6135314,200
572,165.713006,-77.7333219,200
573,173.596964,-63.104498,200
574,179.809089,-47.8679433,200
575,184.289554,-32.1703941,200
576,186.99521,-16.1630264,200
577,187.9,3.66326619018e-16,225
578,186.99521,16.1630264,225
579,184.289554,32.1703941,225
580,179.809089,47.8679433,225
581,173.596964,63.104498,225
582,165.713006,77.7333219,225
583,156.23314,91.6135314,225
584,145.248664,104.611453,225
585,132.865364,116.601908,225
586,119.202498,127.469424,225
587,104.391647,137.109339,225
588,88.5754468,145.428816,225
589,71.9062169,152.347735,225
590,54.5444909,157.799461,225
591,36.6574715,161.731493,225
592,18.4174207,164.105961,225
593,1.29947298217e-14,164.9,225
594,-18.4174207,164.105961,225
595,-36.6574715,161.731493,225
596,-54.5444909,157.799461,225
597,-71.9062169,152.347735,225
598,-88.5754468,145.428816,225
599,-104.391647,137.109339,225
600,-119.202498,127.469424,225
601,-132.865364,116.601908,225
602,-145.248664,104.611453,225
603,-156.23314,91.6135314,225
604,-165.713006,77.7333219,225
605,-173.596964,63.104498,225
606,-179.809089,47.8679433,225
607,-184.289554,32.1703941,225
608,-186.99521,16.1630264,225
609,-187.9,1.75383816672e-14,225
610,-186.99521,-16.1630264,225
611,-184.289554,-32.1703941,225
612,-179.809089,-47.8679433,225
613,-173.596964,-63.104498,225
614,-165.713006,-77.7333219,225
615,-156.23314,-91.6135314,225
616,-145.248664,-104.611453,225
617,-132.865364,-116.601908,225
618,-119.202498,-127.469424,225
619,-104.391647,-137.109339,225
620,-88.5754468,-145.428816,225
621,-71.9062169,-152.347735,225
622,-54.5444909,-157.799461,225
623,-36.6574715,-161.731493,225
624,-18.4174207,-164.105961,225
625,-4.04645509353e-14,-164.9,225
626,18.4174207,-164.105961,225
627,36.6574715,-161.731493,225
628,54.5444909,-157.799461,225
629,71.9062169,-152.347735,225
630,88.5754468,-145.428816,225
631,104.391647,-137.109339,225
632,119.202498,-127.469424,225
633,132.865364,-116.601908,225
634,145.248664,-104.611453,225
635,156.23314,-91.6135314,225
636,165.713006,-77.7333219,225
637,173.596964,-63.104498,225
638,179.809089,-47.8679433,225
639,184.289554,-32.1703941,225
640,186.99521,-16.1630264,225
641,187.9,-5.14455567973e-16,250
642,186.99521,16.1630264,250
643,184.289554,32.1703941,250
644,179.809089,47.8679433,250
645,173.596964,63.104498,250
646,165.713006,77.7333219,250
647,156.23314,91.6135314,250
648,145.248664,104.611453,250
649,132.865364,116.601908,250
650,119.202498,127.469424,250
651,104.391647,137.109339,250
652,88.5754468,145.428816,250
653,71.9062169,152.347735,250
654,54.5444909,157.799461,250
655,36.6574715,161.731493,250
656,18.4174207,164.105961,250
657,1.38187607362e-14,164.9,250
658,-18.4174207,164.105961,250
659,-36.6574715,161.731493,250
660,-54.5444909,157.799461,250
661,-71.9062169,152.347735,250
662,-88.5754468,145.428816,250
663,-104.391647,137.109339,250
664,-119.202498,127.469424,250
665,-132.865364,116.601908,250
666,-145.248664,104.611453,250
667,-156.23314,91.6135314,250
668,-165.713006,77.7333219,250
669,-173.596964,63.104498,250
670,-179.809089,47.8679433,250
671,-184.289554,32.1703941,250
672,-186.99521,16.1630264,250
673,-187.9,1.82439855453e-14,250
674,-186.99521,-16.1630264,250
675,-184.289554,-32.1703941,250
676,-179.809089,-47.8679433,250
677,-173.596964,-63.104498,250
678,-165.713006,-77.7333219,250
679,-156.23314,-91.6135314,250
680,-145.248664,-104.611453,250
681,-132.865364,-116.601908,250
682,-119.202498,-127.469424,250
683,-104.391647,-137.109339,250
684,-88.5754468,-145.428816,250
685,-71.9062169,-152.347735,250
686,-54.5444909,-157.799461,250
687,-36.6574715,-161.731493,250
688,-18.4174207,-164.105961,250
689,-3.91741212602e-14,-164.9,250
690,18.4174207,-164.105961,250
691,36.6574715,-161.731493,250
692,54.5444909,-157.799461,250
693,71.9062169,-152.347735,250
694,88.5754468,-145.428816,250
695,104.391647,-137.109339,250
696,119.202498,-127.469424,250
697,132.865364,-116.601908,250
698,145.248664,-104.611453,250
699,156.23314,-91.6135314,250
700,165.713006,-77.7333219,250
701,173.596964,-63.104498,250
702,179.809089,-47.8679433,250
703,184.289554,-32.1703941,250
704,186.99521,-16.1630264,250
705,187.9,1.17398050137e-15,275
706,186.99521,16.1630264,275
707,184.289554,32.1703941,275
708,179.809089,47.8679433,275
709,173.596964,63.104498,275
710,165.713006,77.7333219,275
711,156.23314,91.6135314,275
712,145.248664,104.611453,275
713,132.865364,116.601908,275
714,119.202498,127.469424,275
715,104.391647,137.109339,275
716,88.5754468,145.428816,275
717,71.9062169,152.347735,275
718,54.5444909,157.799461,275
719,36.6574715,161.731493,275
720,18.4174207,164.105961,275
721,1.40462007017e-14,164.9,275
722,-18.4174207,164.105961,275
723,-36.6574715,161.731493,275
724,-54.5444909,157.799461,275
725,-71.9062169,152.347735,275
726,-88.5754468,145.428816,275
727,-104.391647,137.109339,275
728,-119.202498,127.469424,275
729,-132.865364,116.601908,275
730,-145.248664,104.611453,275
731,-156.23314,91.6135314,275
732,-165.713006,77.7333219,275
733,-173.596964,63.104498,275
734,-179.809089,47.8679433,275
735,-184.289554,32.1703941,275
736,-186.99521,16.1630264,275
737,-187.9,1.78907321696e-14,275
738,-186.99521,-16.1630264,275
739,-184.289554,-32.1703941,275
740,-179.809089,-47.8679433,275
741,-173.596964,-63.104498,275
742,-165.713006,-77.7333219,275
743,-156.23314,-91.6135314,275
744,-145.248664,-104.611453,275
745,-132.865364,-116.601908,275
746,-119.202498,-127.469424,275
747,-104.391647,-137.109339,275
748,-88.5754468,-145.428816,275
749,-71.9062169,-152.347735,275
750,-54.5444909,-157.799461,275
751,-36.6574715,-161.731493,275
752,-18.4174207,-164.105961,275
753,-3.87238870345e-14,-164.9,275
754,18.4174207,-164.105961,275
755,36.6574715,-161.731493,275
756,54.5444909,-157.799461,275
757,71.9062169,-152.347735,275
758,88.5754468,-145.428816,275
759,104.391647,-137.109339,275
760,119.202498,-127.469424,275
761,132.865364,-116.601908,275
762,145.248664,-104.611453,275
763,156.23314,-91.6135314,275
764,165.713006,-77.7333219,275
765,173.596964,-63.104498,275
766,179.809089,-47.8679433,275
767,184.289554,-32.1703941,275
768,186.99521,-16.1630264,275
769,187.9,8.25109117954e-16,300
770,186.99521,16.1630264,300
771,184.289554,32.1703941,300
772,179.809089,47.8679433,300
773,173.596964,63.104498,300
774,165.713006,77.7333219,300
775,156.23314,91.6135314,300
776,145.248664,104.611453,300
777,132.865364,116.601908,300
778,119.202498,127.469424,300
779,104.391647,137.109339,300
780,88.5754468,145.428816,300
781,71.9062169,152.347735,300
782,54.5444909,157.799461,300
783,36.6574715,161.731493,300
784,18.4174207,164.105961,300
785,1.3216750538e-14,164.9,300
786,-18.4174207,164.105961,300
787,-36.6574715,161.731493,300
788,-54.5444909,157.799461,300
789,-71.9062169,152.347735,300
790,-88.5754468,145.428816,300
791,-104.391647,137.109339,300
792,-119.202498,127.469424,300
793,-132.865364,116.601908,300
794,-145.248664,104.611453,300
795,-156.23314,91.6135314,300
796,-165.713006,77.7333219,300
797,-173.596964,63.104498,300
798,-179.809089,47.8679433,300
799,-184.289554,32.1703941,300
800,-186.99521,16.1630264,300
801,-187.9,1.89681091827e-14,300
802,-186.99521,-16.1630264,300
803,-184.289554,-32.1703941,300
804,-179.809089,-47.8679433,300
805,-173.596964,-63.104498,300
806,-165.713006,-77.7333219,300
807,-156.23314,-91.6135314,300
808,-145.248664,-104.611453,300
809,-132.865364,-116.601908,300
810,-119.202498,-127.469424,300
811,-104.391647,-137.109339,300
812,-88.5754468,-145.428816,300
813,-71.9062169,-152.347735,300
814,-54.5444909,-157.799461,300
815,-36.6574715,-161.731493,300
816,-18.4174207,-164.105961,300
817,-3.79642824083e-14,-164.9,300
818,18.4174207,-164.105961,300
819,36.6574715,-161.731493,300
820,54.5444909,-157.799461,300
821,71.9062169,-152.347735,300
822,88.5754468,-145.428816,300
823,104.391647,-137.109339,300
824,119.202498,-127.469424,300
825,132.865364,-116.601908,300
826,145.248664,-104.611453,300
827,156.23314,-91.6135314,300
828,165.713006,-77.7333219,300
829,173.596964,-63.104498,300
830,179.809089,-47.8679433,300
831,184.289554,-32.1703941,300
832,186.99521,-16.1630264,300
833,187.9,6.50837609167e-16,325
834,186.99521,16.1630264,325
835,184.289554,32.1703941,325
836,179.809089,47.8679433,325
837,173.596964,63.104498,325
838,165.713006,77.7333219,325
839,156.23314,91.6135314,325
840,145.248664,104.611453,325
841,132.865364,116.601908,325
842,119.202498,127.469424,325
843,104.391647,137.109339,325
844,88.5754468,145.428816,325
845,71.9062169,152.347735,325
846,54.5444909,157.799461,325
847,36.6574715,161.731493,325
848,18.4174207,164.105961,325
849,1.37340576525e-14,164.9,325
850,-18.4174207,164.105961,325
851,-36.6574715,161.731493,325
852,-54.5444909,157.799461,325
853,-71.9062169,152.347735,325
854,-88.5754468,145.428816,325
855,-104.391647,137.109339,325
856,-119.202498,127.469424,325
857,-132.865364,116.601908,325
858,-145.248664,104.611453,325
859,-156.23314,91.6135314,325
860,-165.713006,77.7333219,325
861,-173.596964,63.104498,325
862,-179.809089,47.8679433,325
863,-184.289554,32.1703941,325
864,-186.99521,16.1630264,325
865,-187.9,1.87150131965e-14,325
866,-186.99521,-16.1630264,325
867,-184.289554,-32.1703941,325
868,-179.809089,-47.8679433,325
869,-173.596964,-63.104498,325
870,-165.713006,-77.7333219,325
871,-156.23314,-91.6135314,325
872,-145.248664,-104.611453,325
873,-132.865364,-116.601908,325
874,-119.202498,-127.469424,325
875,-104.391647,-137.109339,325
876,-88.5754468,-145.428816,325
877,-71.9062169,-152.347735,325
878,-54.5444909,-157.799461,325
879,-36.6574715,-161.731493,325
880,-18.4174207,-164.105961,325
881,-3.78419797625e-14,-164.9,325
882,18.4174207,-164.105961,325
883,36.6574715,-161.731493,325
884,54.5444909,-157.799461,325
885,71.9062169,-152.347735,325
886,88.5754468,-145.428816,325
887,104.391647,-137.109339,325
888,119.202498,-127.469424,325
889,132.865364,-116.601908,325
890,145.248664,-104.611453,325
891,156.23314,-91.6135314,325
892,165.713006,-77.7333219,325
893,173.596964,-63.104498,325
894,179.809089,-47.8679433,325
895,184.289554,-32.1703941,325
896,186.99521,-16.1630264,325
897,187.9,3.3713448159e-16,350
898,186.99521,16.1630264,350
899,184.289554,32.1703941,350
900,179.809089,47.8679433,350
901,173.596964,63.104498,350
902,165.713006,77.7333219,350
903,156.23314,91.6135314,350
904,145.248664,104.611453,350
905,132.865364,116.601908,350
906,119.202498,127.469424,350
907,104.391647,137.109339,350
908,88.5754468,145.428816,350
909,71.9062169,152.347735,350
910,54.5444909,157.799461,350
911,36.6574715,161.731493,350
912,18.4174207,164.105961,350
913,1.30099884747e-14,164.9,350
914,-18.4174207,164.105961,350
915,-36.6574715,161.731493,350
916,-54.5444909,157.799461,350
917,-71.9062169,152.347735,350
918,-88.5754468,145.428816,350
919,-104.391647,137.109339,350
920,-119.202498,127.469424,350
921,-132.865364,116.601908,350
922,-145.248664,104.611453,350
923,-156.23314,91.6135314,350
924,-165.713006,77.7333219,350
925,-173.596964,63.104498,350
926,-179.809089,47.8679433,350
927,-184.289554,32.1703941,350
928,-186.99521,16.1630264,350
929,-187.9,1.95077163433e-14,350
930,-186.99521,-16.1630264,350
931,-184.289554,-32.1703941,350
932,-179.809089,-47.8679433,350
933,-173.596964,-63.104498,350
934,-165.713006,-77.7333219,350
935,-156.23314,-91.6135314,350
936,-145.248664,-104.611453,350
937,-132.865364,-116.601908,350
938,-119.202498,-127.469424,350
939,-104.391647,-137.109339,350
940,-88.5754468,-145.428816,350
941,-71.9062169,-152.347735,350
942,-54.5444909,-157.799461,350
943,-36.6574715,-161.731493,350
944,-18.4174207,-164.105961,350
945,-3.84675255016e-14,-164.9,350
946,18.4174207,-164.105961,350
947,36.6574715,-161.731493,350
948,54.5444909,-157.799461,350
949,71.9062169,-152.347735,350
950,88.5754468,-145.428816,350
951,104.391647,-137.109339,350
952,119.202498,-127.469424,350
953,132.865364,-116.601908,350
954,145.248664,-104.611453,350
955,156.23314,-91.6135314,350
956,165.713006,-77.7333219,350
957,173.596964,-63.104498,350
958,179.809089,-47.8679433,350
959,184.289554,-32.1703941,350
960,186.99521,-16.1630264,350
961,187.9,-2.6853845557e-16,375
962,186.99521,16.1630264,375
963,184.289554,32.1703941,375
964,179.809089,47.8679433,375
965,173.596964,63.104498,375
966,165.713006,77.7333219,375
967,156.23314,91.6135314,375
968,145.248664,104.611453,375
969,132.865364,116.601908,375
970,119.202498,127.469424,375
971,104.391647,137.109339,375
972,88.5754468,145.428816,375
973,71.9062169,152.347735,375
974,54.5444909,157.799461,375
975,36.6574715,161.731493,375
976,18.4174207,164.105961,375
977,1.52067302315e-14,164.9,375
978,-18.4174207,164.105961,375
979,-36.6574715,161.731493,375
980,-54.5444909,157.799461,375
981,-71.9062169,152.347735,375
982,-88.5754468,145.428816,375
983,-104.391647,137.109339,375
984,-119.202498,127.469424,375
985,-132.865364,116.601908,375
986,-145.248664,104.611453,375
987,-156.23314,91.6135314,375
988,-165.713006,77.7333219,375
989,-173.596964,63.104498,375
990,-179.809089,47.8679433,375
991,-184.289554,32.1703941,375
992,-186.99521,16.1630264,375
993,-187.9,1.99324923412e-14,375
994,-186.99521,-16.1630264,375
995,-184.289554,-32.1703941,375
996,-179.809089,-47.8679433,375
997,-173.596964,-63.104498,375
998,-165.713006,-77.7333219,375
999,-156.23314,-91.6135314,375
1000,-145.248664,-104.611453,375
1001,-132.865364,-116.601908,375
1002,-119.202498,-127.469424,375
1003,-104.391647,-137.109339,375
1004,-88.5754468,-145.428816,375
1005,-71.9062169,-152.347735,375
1006,-54.5444909,-157.799461,375
1007,-36.6574715,-161.731493,375
1008,-18.4174207,-164.105961,375
1009,-3.87279378609e-14,-164.9,375
1010,18.4174207,-164.105961,375
1011,36.6574715,-161.731493,375
1012,54.5444909,-157.799461,375
1013,71.9062169,-152.347735,375
1014,88.5754468,-145.428816,375
1015,104.391647,-137.109339,375
1016,119.202498,-127.469424,375
1017,132.865364,-116.601908,375
1018,145.248664,-104.611453,375
1019,156.23314,-91.6135314,375
1020,165.713006,-77.7333219,375
1021,173.596964,-63.104498,375
1022,179.809089,-47.8679433,375
1023,184.289554,-32.1703941,375
1024,186.99521,-16.1630264,375
1025,187.9,-6.92479820378e-17,400
1026,186.99521,16.1630264,400
1027,184.289554,32.1703941,400
1028,179.809089,47.8679433,400
1029,173.596964,63.104498,400
1030,165.713006,77.7333219,400
1031,156.23314,91.6135314,400
1032,145.248664,104.611453,400
1033,132.865364,116.601908,400
1034,119.202498,127.469424,400
1035,104.391647,137.109339,400
1036,88.5754468,145.428816,400
1037,71.9062169,152.347735,400
1038,54.5444909,157.799461,400
1039,36.6574715,161.731493,400
1040,18.4174207,164.105961,400
1041,1.33485843284e-14,164.9,400
1042,-18.4174207,164.105961,400
1043,-36.6574715,161.731493,400
1044,-54.5444909,157.799461,400
1045,-71.9062169,152.347735,400
1046,-88.5754468,145.428816,400
1047,-104.391647,137.109339,400
1048,-119.202498,127.469424,400
1049,-132.865364,116.601908,400
1050,-145.248664,104.611453,400
1051,-156.23314,91.6135314,400
1052,-165.713006,77.7333219,400
1053,-173.596964,63.104498,400
1054,-179.809089,47.8679433,400
1055,-184.289554,32.1703941,400
1056,-186.99521,16.1630264,400
1057,-187.9,1.96539049051e-14,400
1058,-186.99521,-16.1630264,400
1059,-184.289554,-32.1703941,400
1060,-179.809089,-47.8679433,400
1061,-173.596964,-63.104498,400
1062,-165.713006,-77.7333219,400
1063,-156.23314,-91.6135314,400
1064,-145.248664,-104.611453,400
1065,-132.865364,-116.601908,400
1066,-119.202498,-127.469424,400
1067,-104.391647,-137.109339,400
1068,-88.5754468,-145.428816,400
1069,-71.9062169,-152.347735,400
1070,-54.5444909,-157.799461,400
1071,-36.6574715,-161.731493,400
1072,-18.4174207,-164.105961,400
1073,-3.5616558835e-14,-164.9,400
1074,18.4174207,-164.105961,400
1075,36.6574715,-161.731493,400
1076,54.5444909,-157.799461,400
1077,71.9062169,-152.347735,400
1078,88.5754468,-145.428816,400
1079,104.391647,-137.109339,400
1080,119.202498,-127.469424,400
1081,132.865364,-116.601908,400
1082,145.248664,-104.611453,400
1083,156.23314,-91.6135314,400
1084,165.713006,-77.7333219,400
1085,173.596964,-63.104498,400
1086,179.809089,-47.8679433,400
1087,184.289554,-32.1703941,400
1088,186.99521,-16.1630264,400
1089,187.9,-6.49836643591e-16,425
1090,186.99521,16.1630264,425
1091,184.289554,32.1703941,425
1092,179.809089,47.8679433,425
1093,173.596964,63.104498,425
1094,165.713006,77.7333219,425
1095,156.23314,91.6135314,425
1096,145.248664,104.611453,425
1097,132.865364,116.601908,425
1098,119.202498,127.469424,425
1099,104.391647,137.109339,425
1100,88.5754468,145.428816,425
1101,71.9062169,152.347735,425
1102,54.5444909,157.799461,425
1103,36.6574715,161.731493,425
1104,18.4174207,164.105961,425
1105,1.41534078023e-14,164.9,425
1106,-18.4174207,164.105961,425
1107,-36.6574715,161.731493,425
1108,-54.5444909,157.799461,425
1109,-71.9062169,152.347735,425
1110,-88.5754468,145.428816,425
1111,-104.391647,137.109339,425
1112,-119.202498,127.469424,425
1113,-132.865364,116.601908,425
1114,-145.248664,104.611453,425
1115,-156.23314,91.6135314,425
1116,-165.713006,77.7333219,425
1117,-173.596964,63.104498,425
1118,-179.809089,47.8679433,425
1119,-184.289554,32.1703941,425
1120,-186.99521,16.1630264,425
1121,-187.9,2.04086580497e-14,425
1122,-186.99521,-16.1630264,425
1123,-184.289554,-32.1703941,425
1124,-179.809089,-47.8679433,425
1125,-173.596964,-63.104498,425
1126,-165.713006,-77.7333219,425
1127,-156.23314,-91.6135314,425
1128,-145.248664,-104.611453,425
1129,-132.865364,-116.601908,425
1130,-119.202498,-127.469424,425
1131,-104.391647,-137.109339,425
1132,-88.5754468,-145.428816,425
1133,-71.9062169,-152.347735,425
1134,-54.5444909,-157.799461,425
1135,-36.6574715,-161.731493,425
1136,-18.4174207,-164.105961,425
1137,-3.62725815995e-14,-164.9,425
1138,18.4174207,-164.105961,425
1139,36.6574715,-161.731493,425
1140,54.5444909,-157.799461,425
1141,71.9062169,-152.347735,425
1142,88.5754468,-145.428816,425
1143,104.391647,-137.109339,425
1144,119.202498,-127.469424,425
1145,132.865364,-116.601908,425
1146,145.248664,-104.611453,425
1147,156.23314,-91.6135314,425
1148,165.713006,-77.7333219,425
1149,173.596964,-63.104498,425
1150,179.809089,-47.8679433,425
1151,184.289554,-32.1703941,425
1152,186.99521,-16.1630264,425
1153,187.9,-1.32987131153e-15,450
1154,186.99521,16.1630264,450
1155,184.289554,32.1703941,450
1156,179.809089,47.8679433,450
1157,173.596964,63.104498,450
1158,165.713006,77.7333219,450
1159,156.23314,91.6135314,450
1160,145.248664,104.611453,450
1161,132.865364,116.601908,450
1162,119.202498,127.469424,450
1163,104.391647,137.109339,450
1164,88.5754468,145.428816,450
1165,71.9062169,152.347735,450
1166,54.5444909,157.799461,450
1167,36.6574715,161.731493,450
1168,18.4174207,164.105961,450
1169,1.41504370463e-14,164.9,450
1170,-18.4174207,164.105961,450
1171,-36.6574715,161.731493,450
1172,-54.5444909,157.799461,450
1173,-71.9062169,152.347735,450
1174,-88.5754468,145.428816,450
1175,-104.391647,137.109339,450
1176,-119.202498,127.469424,450
1177,-132.865364,116.601908,450
1178,-145.248664,104.611453,450
1179,-156.23314,91.6135314,450
1180,-165.713006,77.7333219,450
1181,-173.596964,63.104498,450
1182,-179.809089,47.8679433,450
1183,-184.289554,32.1703941,450
1184,-186.99521,16.1630264,450
1185,-187.9,2.2217644194e-14,450
1186,-186.99521,-16.1630264,450
1187,-184.289554,-32.1703941,450
1188,-179.809089,-47.8679433,450
1189,-173.596964,-63.104498,450
1190,-165.713006,-77.7333219,450
1191,-156.23314,-91.6135314,450
1192,-145.248664,-104.611453,450
1193,-132.865364,-116.601908,450
1194,-119.202498,-127.469424,450
1195,-104.391647,-137.109339,450
1196,-88.5754468,-145.428816,450
1197,-71.9062169,-152.347735,450
1198,-54.5444909,-157.799461,450
1199,-36.6574715,-161.731493,450
1200,-18.4174207,-164.105961,450
1201,-3.52264274214e-14,-164.9,450
1202,18.4174207,-164.105961,450
1203,36.6574715,-161.731493,450
1204,54.5444909,-157.799461,450
1205,71.9062169,-152.347735,450
1206,88.5754468,-145.428816,450
1207,104.391647,-137.109339,450
1208,119.202498,-127.469424,450
1209,132.865364,-116.601908,450
1210,145.248664,-104.611453,450
1211,156.23314,-91.6135314,450
1212,165.713006,-77.7333219,450
1213,173.596964,-63.104498,450
1214,179.809089,-47.8679433,450
1215,184.289554,-32.1703941,450
1216,186.99521,-16.1630264,450
1217,187.9,-8.72404181358e-16,475
1218,186.99521,16.1630264,475
1219,184.289554,32.1703941,475
1220,179.809089,47.8679433,475
1221,173.596964,63.104498,475
1222,165.713006,77.7333219,475
1223,156.23314,91.6135314,475
1224,145.248664,104.611453,475
1225,132.865364,116.601908,475
1226,119.202498,127.469424,475
1227,104.391647,137.109339,475
1228,88.5754468,145.428816,475
1229,71.9062169,152.347735,475
1230,54.5444909,157.799461,475
1231,36.6574715,161.731493,475
1232,18.4174207,164.105961,475
1233,1.33468361713e-14,164.9,475
1234,-18.4174207,164.105961,475
1235,-36.6574715,161.731493,475
1236,-54.5444909,157.799461,475
1237,-71.9062169,152.347735,475
1238,-88.5754468,145.428816,475
1239,-104.391647,137.109339,475
1240,-119.202498,127.469424,475
1241,-132.865364,116.601908,475
1242,-145.248664,104.611453,475
1243,-156.23314,91.6135314,475
1244,-165.713006,77.7333219,475
1245,-173.596964,63.104498,475
1246,-179.809089,47.8679433,475
1247,-184.289554,32.1703941,475
1248,-186.99521,16.1630264,475
1249,-187.9,2.21743066216e-14,475
1250,-186.99521,-16.1630264,475
1251,-184.289554,-32.1703941,475
1252,-179.809089,-47.8679433,475
1253,-173.596964,-63.104498,475
1254,-165.713006,-77.7333219,475
1255,-156.23314,-91.6135314,475
1256,-145.248664,-104.611453,475
1257,-132.865364,-116.601908,475
1258,-119.202498,-127.469424,475
1259,-104.391647,-137.109339,475
1260,-88.5754468,-145.428816,475
1261,-71.9062169,-152.347735,475
1262,-54.5444909,-157.799461,475
1263,-36.6574715,-161.731493,475
1264,-18.4174207,-164.105961,475
1265,-3.53403452448e-14,-164.9,475
1266,18.4174207,-164.105961,475
1267,36.6574715,-161.731493,475
1268,54.5444909,-157.799461,475
1269,71.9062169,-152.347735,475
1270,88.5754468,-145.428816,475
1271,104.391647,-137.109339,475
1272,119.202498,-127.469424,475
1273,132.865364,-116.601908,475
1274,145.248664,-104.611453,475
1275,156.23314,-91.6135314,475
1276,165.713006,-77.7333219,475
1277,173.596964,-63.104498,475
1278,179.809089,-47.8679433,475
1279,184.289554,-32.1703941,475
1280,186.99521,-16.1630264,475
1281,187.9,-1.13913604846e-15,500
1282,186.99521,16.1630264,500
1283,184.289554,32.1703941,500
1284,179.809089,47.8679433,500
1285,173.596964,63.104498,500
1286,165.713006,77.7333219,500
1287,156.23314,91.6135314,500
1288,145.248664,104.611453,500
1289,132.865364,116.601908,500
1290,119.202498,127.469424,500
1291,104.391647,137.109339,500
1292,88.5754468,145.428816,500
1293,71.9062169,152.347735,500
1294,54.5444909,157.799461,500
1295,36.6574715,161.731493,500
1296,18.4174207,164.105961,500
1297,1.34820195811e-14,164.9,500
1298,-18.4174207,164.105961,500
1299,-36.6574715,161.731493,500
1300,-54.5444909,157.799461,500
1301,-71.9062169,152.347735,500
1302,-88.5754468,145.428816,500
1303,-104.391647,137.109339,500
1304,-119.202498,127.469424,500
1305,-132.865364,116.601908,500
1306,-145.248664,104.611453,500
1307,-156.23314,91.6135314,500
1308,-165.713006,77.7333219,500
1309,-173.596964,63.104498,500
1310,-179.809089,47.8679433,500
1311,-184.289554,32.1703941,500
1312,-186.99521,16.1630264,500
1313,-187.9,2.33832769274e-14,500
1314,-186.99521,-16.1630264,500
1315,-184.289554,-32.1703941,500
1316,-179.809089,-47.8679433,500
1317,-173.596964,-63.104498,500
1318,-165.713006,-77.7333219,500
1319,-156.23314,-91.6135314,500
1320,-145.248664,-104.611453,500
1321,-132.865364,-116.601908,500
1322,-119.202498,-127.469424,500
1323,-104.391647,-137.109339,500
1324,-88.5754468,-145.428816,500
1325,-71.9062169,-152.347735,500
1326,-54.5444909,-157.799461,500
1327,-36.6574715,-161.731493,500
1328,-18.4174207,-164.105961,500
1329,-3.56825056017e-14,-164.9,500
1330,18.4174207,-164.105961,500
1331,36.6574715,-161.731493,500
1332,54.5444909,-157.799461,500
1333,71.9062169,-152.347735,500
1334,88.5754468,-145.428816,500
1335,104.391647,-137.109339,500
1336,119.202498,-127.469424,500
1337,132.865364,-116.601908,500
1338,145.248664,-104.611453,500
1339,156.23314,-91.6135314,500
1340,165.713006,-77.7333219,500
1341,173.596964,-63.104498,500
1342,179.809089,-47.8679433,500
1343,184.289554,-32.1703941,500
1344,186.99521,-16.1630264,500
1345,187.9,-2.59389224196e-16,525
1346,186.99521,16.1630264,525
1347,184.289554,32.1703941,525
1348,179.809089,47.8679433,525
1349,173.596964,63.104498,525
1350,165.713006,77.7333219,525
1351,156.23314,91.6135314,525
1352,145.248664,104.611453,525
1353,132.865364,116.601908,525
1354,119.202498,127.469424,525
1355,104.391647,137.109339,525
1356,88.5754468,145.428816,525
1357,71.9062169,152.347735,525
1358,54.5444909,157.799461,525
1359,36.6574715,161.731493,525
1360,18.4174207,164.105961,525
1361,1.26433316899e-14,164.9,525
1362,-18.4174207,164.105961,525
1363,-36.6574715,161.731493,525
1364,-54.5444909,157.799461,525
1365,-71.9062169,152.347735,525
1366,-88.5754468,145.428816,525
1367,-104.391647,137.109339,525
1368,-119.202498,127.469424,525
1369,-132.865364,116.601908,525
1370,-145.248664,104.611453,525
1371,-156.23314,91.6135314,525
1372,-165.713006,77.7333219,525
1373,-173.596964,63.104498,525
1374,-179.809089,47.8679433,525
1375,-184.289554,32.1703941,525
1376,-186.99521,16.1630264,525
1377,-187.9,2.46246482861e-14,525
1378,-186.99521,-16.1630264,525
1379,-184.289554,-32.1703941,525
1380,-179.809089,-47.8679433,525
1381,-173.596964,-63.104498,525
1382,-165.713006,-77.7333219,525
1383,-156.23314,-91.6135314,525
1384,-145.248664,-104.611453,525
1385,-132.865364,-116.601908,525
1386,-119.202498,-127.469424,525
1387,-104.391647,-137.109339,525
1388,-88.5754468,-145.428816,525
1389,-71.9062169,-152.347735,525
1390,-54.5444909,-157.799461,525
1391,-36.6574715,-161.731493,525
1392,-18.4174207,-164.105961,525
1393,-3.4976158755e-14,-164.9,525
1394,18.4174207,-164.105961,525
1395,36.6574715,-161.731493,525
1396,54.5444909,-157.799461,525
1397,71.9062169,-152.347735,525
1398,88.5754468,-145.428816,525
1399,104.391647,-137.109339,525
1400,119.202498,-127.469424,525
1401,132.865364,-116.601908,525
1402,145.248664,-104.611453,525
1403,156.23314,-91.6135314,525
1404,165.713006,-77.7333219,525
1405,173.596964,-63.104498,525
1406,179.809089,-47.8679433,525
1407,184.289554,-32.1703941,525
1408,186.99521,-16.1630264,525
1409,187.9,-7.27771302604e-16,550
1410,186.99521,16.1630264,550
1411,184.289554,32.1703941,550
1412,179.809089,47.8679433,550
1413,173.596964,63.104498,550
1414,165.713006,77.7333219,550
1415,156.23314,91.6135314,550
1416,145.248664,104.611453,550
1417,132.865364,116.601908,550
1418,119.202498,127.469424,550
1419,104.391647,137.109339,550
1420,88.5754468,145.428816,550
1421,71.9062169,152.347735,550
1422,54.5444909,157.799461,550
1423,36.6574715,161.731493,550
1424,18.4174207,164.105961,550
1425,1.29723154693e-14,164.9,550
1426,-18.4174207,164.105961,550
1427,-36.6574715,161.731493,550
1428,-54.5444909,157.799461,550
1429,-71.9062169,152.347735,550
1430,-88.5754468,145.428816,550
1431,-104.391647,137.109339,550
1432,-119.202498,127.469424,550
1433,-132.865364,116.601908,550
1434,-145.248664,104.611453,550
1435,-156.23314,91.6135314,550
1436,-165.713006,77.7333219,550
1437,-173.596964,63.104498,550
1438,-179.809089,47.8679433,550
1439,-184.289554,32.1703941,550
1440,-186.99521,16.1630264,550
1441,-187.9,2.47326129483e-14,550
1442,-186.99521,-16.1630264,550
1443,-184.289554,-32.1703941,550
1444,-179.809089,-47.8679433,550
1445,-173.596964,-63.104498,550
1446,-165.713006,-77.7333219,550
1447,-156.23314,-91.6135314,550
1448,-145.248664,-104.611453,550
1449,-132.865364,-116.601908,550
1450,-119.202498,-127.469424,550
1451,-104.391647,-137.109339,550
1452,-88.5754468,-145.428816,550
1453,-71.9062169,-152.347735,550
1454,-54.5444909,-157.799461,550
1455,-36.6574715,-161.731493,550
1456,-18.4174207,-164.105961,550
1457,-3.50112704743e-14,-164.9,550
1458,18.4174207,-164.105961,550
1459,36.6574715,-161.731493,550
1460,54.5444909,-157.799461,550
1461,71.9062169,-152.347735,550
1462,88.5754468,-145.428816,550
1463,104.391647,-137.109339,550
1464,119.202498,-127.469424,550
1465,132.865364,-116.601908,550
1466,145.248664,-104.611453,550
1467,156.23314,-91.6135314,550
1468,165.713006,-77.7333219,550
1469,173.596964,-63.104498,550
1470,179.809089,-47.8679433,550
1471,184.289554,-32.1703941,550
1472,186.99521,-16.1630264,550
1473,187.9,-7.96704547899e-16,575
1474,186.99521,16.1630264,575
1475,184.289554,32.1703941,575
1476,179.809089,47.8679433,575
1477,173.596964,63.104498,575
1478,165.713006,77.7333219,575
1479,156.23314,91.6135314,575
1480,145.248664,104.611453,575
1481,132.865364,116.601908,575
1482,119.202498,127.469424,575
1483,104.391647,137.109339,575
1484,88.5754468,145.428816,575
1485,71.9062169,152.347735,575
1486,54.5444909,157.799461,575
1487,36.6574715,161.731493,575
1488,18.4174207,164.105961,575
1489,1.24618078597e-14,164.9,575
1490,-18.4174207,164.105961,575
1491,-36.6574715,161.731493,575
1492,-54.5444909,157.799461,575
1493,-71.9062169,152.347735,575
1494,-88.5754468,145.428816,575
1495,-104.391647,137.109339,575
1496,-119.202498,127.469424,575
1497,-132.865364,116.601908,575
1498,-145.248664,104.611453,575
1499,-156.23314,91.6135314,575
1500,-165.713006,77.7333219,575
1501,-173.596964,63.104498,575
1502,-179.809089,47.8679433,575
1503,-184.289554,32.1703941,575
1504,-186.99521,16.1630264,575
1505,-187.9,2.54076764034e-14,575
1506,-186.99521,-16.1630264,575
1507,-184.289554,-32.1703941,575
1508,-179.809089,-47.8679433,575
1509,-173.596964,-63.104498,575
1510,-165.713006,-77.7333219,575
1511,-156.23314,-91.6135314,575
1512,-145.248664,-104.611453,575
1513,-132.865364,-116.601908,575
1514,-119.202498,-127.469424,575
1515,-104.391647,-137.109339,575
1516,-88.5754468,-145.428816,575
1517,-71.9062169,-152.347735,575
1518,-54.5444909,-157.799461,575
1519,-36.6574715,-161.731493,575
1520,-18.4174207,-164.105961,575
1521,-3.36466364368e-14,-164.9,575
1522,18.4174207,-164.105961,575
1523,36.6574715,-161.731493,575
1524,54.5444909,-157.799461,575
1525,71.9062169,-152.347735,575
1526,88.5754468,-145.428816,575
1527,104.391647,-137.109339,575
1528,119.202498,-127.469424,575
1529,132.865364,-116.601908,575
1530,145.248664,-104.611453,575
1531,156.23314,-91.6135314,575
1532,165.713006,-77.7333219,575
1533,173.596964,-63.104498,575
1534,179.809089,-47.8679433,575
1535,184.289554,-32.1703941,575
1536,186.99521,-16.1630264,575
1537,187.9,-9.08719742883e-17,600
1538,186.99521,16.1630264,600
1539,184.289554,32.1703941,600
1540,179.809089,47.8679433,600
1541,173.596964,63.104498,600
1542,165.713006,77.7333219,600
1543,156.23314,91.6135314,600
1544,145.248664,104.611453,600
1545,132.865364,116.601908,600
1546,119.202498,127.469424,600
1547,104.391647,137.109339,600
1548,88.5754468,145.428816,600
1549,71.9062169,152.347735,600
1550,54.5444909,157.799461,600
1551,36.6574715,161.731493,600
1552,18.4174207,164.105961,600
1553,1.27779424472e-14,164.9,600
1554,-18.4174207,164.105961,600
1555,-36.6574715,161.731493,600
1556,-54.5444909,157.799461,600
1557,-71.9062169,152.347735,600
1558,-88.5754468,145.428816,600
1559,-104.391647,137.109339,600
1560,-119.202498,127.469424,600
1561,-132.865364,116.601908,600
1562,-145.248664,104.611453,600
1563,-156.23314,91.6135314,600
1564,-165.713006,77.7333219,600
1565,-173.596964,63.104498,600
1566,-179.809089,47.8679433,600
1567,-184.289554,32.1703941,600
1568,-186.99521,16.1630264,600
1569,-187.9,2.7573910163e-14,600
1570,-186.99521,-16.1630264,600
1571,-184.289554,-32.1703941,600
1572,-179.809089,-47.8679433,600
1573,-173.596964,-63.104498,600
1574,-165.713006,-77.7333219,600
1575,-156.23314,-91.6135314,600
1576,-145.248664,-104.611453,600
1577,-132.865364,-116.601908,600
1578,-119.202498,-127.469424,600
1579,-104.391647,-137.109339,600
1580,-88.5754468,-145.428816,600
1581,-71.9062169,-152.347735,600
1582,-54.5444909,-157.799461,600
1583,-36.6574715,-161.731493,600
1584,-18.4174207,-164.105961,600
1585,-3.46791086128e-14,-164.9,600
1586,18.4174207,-164.105961,600
1587,36.6574715,-161.731493,600
1588,54.5444909,-157.799461,600
1589,71.9062169,-152.347735,600
1590,88.5754468,-145.428816,600
1591,104.391647,-137.109339,600
1592,119.202498,-127.469424,600
1593,132.865364,-116.601908,600
1594,145.248664,-104.611453,600
1595,156.23314,-91.6135314,600
1596,165.713006,-77.7333219,600
1597,173.596964,-63.104498,600
1598,179.809089,-47.8679433,600
1599,184.289554,-32.1703941,600
1600,186.99521,-16.1630264,600
1601,187.9,-1.06268698873e-15,625
1602,186.99521,16.1630264,625
1603,184.289554,32.1703941,625
1604,179.809089,47.8679433,625
1605,173.596964,63.104498,625
1606,165.713006,77.7333219,625
1607,156.23314,91.6135314,625
1608,145.248664,104.611453,625
1609,132.865364,116.601908,625
1610,119.202498,127.469424,625
1611,104.391647,137.109339,625
1612,88.5754468,145.428816,625
1613,71.9062169,152.347735,625
1614,54.5444909,157.799461,625
1615,36.6574715,161.731493,625
1616,18.4174207,164.105961,625
1617,1.17734738799e-14,164.9,625
1618,-18.4174207,164.105961,625
1619,-36.6574715,161.731493,625
1620,-54.5444909,157.799461,625
1621,-71.9062169,152.347735,625
1622,-88.5754468,145.428816,625
1623,-104.391647,137.109339,625
1624,-119.202498,127.469424,625
1625,-132.865364,116.601908,625
1626,-145.248664,104.611453,625
1627,-156.23314,91.6135314,625
1628,-165.713006,77.7333219,625
1629,-173.596964,63.104498,625
1630,-179.809089,47.8679433,625
1631,-184.289554,32.1703941,625
1632,-186.99521,16.1630264,625
1633,-187.9,2.80158227431e-14,625
1634,-186.99521,-16.1630264,625
1635,-184.289554,-32.1703941,625
1636,-179.809089,-47.8679433,625
1637,-173.596964,-63.104498,625
1638,-165.713006,-77.7333219,625
1639,-156.23314,-91.6135314,625
1640,-145.248664,-104.611453,625
1641,-132.865364,-116.601908,625
1642,-119.202498,-127.469424,625
1643,-104.391647,-137.109339,625
1644,-88.5754468,-145.428816,625
1645,-71.9062169,-152.347735,625
1646,-54.5444909,-157.799461,625
1647,-36.6574715,-161.731493,625
1648,-18.4174207,-164.105961,625
1649,-3.49145874723e-14,-164.9,625
1650,18.4174207,-164.105961,625
1651,36.6574715,-161.731493,625
1652,54.5444909,-157.799461,625
1653,71.9062169,-152.347735,625
1654,88.5754468,-145.428816,625
1655,104.391647,-137.109339,625
1656,119.202498,-127.469424,625
1657,132.865364,-116.601908,625
1658,145.248664,-104.611453,625
1659,156.23314,-91.6135314,625
1660,165.713006,-77.7333219,625
1661,173.596964,-63.104498,625
1662,179.809089,-47.8679433,625
1663,184.289554,-32.1703941,625
1664,186.99521,-16.1630264,625
1665,187.9,0,650
1666,186.99521,16.1630264,650
1667,184.289554,32.1703941,650
1668,179.809089,47.8679433,650
1669,173.596964,63.104498,650
1670,165.713006,77.7333219,650
1671,156.23314,91.6135314,650
1672,145.248664,104.611453,650
1673,132.865364,116.601908,650
1674,119.202498,127.469424,650
1675,104.391647,137.109339,650
1676,88.5754468,145.428816,650
1677,71.9062169,152.347735,650
1678,54.5444909,157.799461,650
1679,36.6574715,161.731493,650
1680,18.4174207,164.105961,650
1681,1.15055567e-14,164.9,650
1682,-18.4174207,164.105961,650
1683,-36.6574715,161.731493,650
1684,-54.5444909,157.799461,650
1685,-71.9062169,152.347735,650
1686,-88.5754468,145.428816,650
1687,-104.391647,137.109339,650
1688,-119.202498,127.469424,650
1689,-132.865364,116.601908,650
1690,-145.248664,104.611453,650
1691,-156.23314,91.6135314,650
1692,-165.713006,77.7333219,650
1693,-173.596964,63.104498,650
1694,-179.809089,47.8679433,650
1695,-184.289554,32.1703941,650
1696,-186.99521,16.1630264,650
1697,-187.9,2.85205964863e-14,650
1698,-186.99521,-16.1630264,650
1699,-184.289554,-32.1703941,650
1700,-179.809089,-47.8679433,650
1701,-173.596964,-63.104498,650
1702,-165.713006,-77.7333219,650
1703,-156.23314,-91.6135314,650
1704,-145.248664,-104.611453,650
1705,-132.865364,-116.601908,650
1706,-119.202498,-127.469424,650
1707,-104.391647,-137.109339,650
1708,-88.5754468,-145.428816,650
1709,-71.9062169,-152.347735,650
1710,-54.5444909,-157.799461,650
1711,-36.6574715,-161.731493,650
1712,-18.4174207,-164.105961,650
1713,-3.451667e-14,-164.9,650
1714,18.4174207,-164.105961,650
1715,36.6574715,-161.731493,650
1716,54.5444909,-157.799461,650
1717,71.9062169,-152.347735,650
1718,88.5754468,-145.428816,650
1719,104.391647,-137.109339,650
1720,119.202498,-127.469424,650
1721,132.865364,-116.601908,650
1722,145.248664,-104.611453,650
1723,156.23314,-91.6135314,650
1724,165.713006,-77.7333219,650
1725,173.596964,-63.104498,650
1726,179.809089,-47.8679433,650
1727,184.289554,-32.1703941,650
1728,186.99521,-16.1630264,650

===== beginning time step 2 : 0.05 =====


Reforming stiffness matrix: reformation #1

 1
 Nonlinear solution status: time= 0.05
	stiffness updates             = 0
	right hand side evaluations   = 2
	stiffness matrix reformations = 1
	step from line search         = 1.000000
	convergence norms :     INITIAL         CURRENT         REQUIRED
	   residual            4.211955e+05    1.557424e-08    4.211955e+02 
	   energy              8.026070e+02    1.529498e-04    8.026070e-02 
	   displacement        1.562714e+00    1.562714e+00    6.250858e-04 
 2
 Nonlinear solution status: time= 0.05
	stiffness updates             = 1
	right hand side evaluations   = 3
	stiffness matrix reformations = 1
	step from line search         = 1.000000
	convergence norms :     INITIAL         CURRENT         REQUIRED
	   residual            4.211955e+05    5.756421e-17    4.211955e+02 
	   energy              8.026070e+02    1.749972e-15    8.026070e-02 
	   displacement        1.562714e+00    6.442017e-14    6.250855e-04 

convergence summary
    number of iterations   : 2
    number of reformations : 1

------- converged at time : 0.05


Data Record #1
===========================================================================
Step = 2
Time = 0.05
Data = shirt_final_coordinates
1,187.9,-4.09879531534e-14,1.30718124314e-14
2,186.99521,16.1630264,1.00051270431e-14
3,184.289554,32.1703941,9.35107376982e-15
4,179.809089,47.8679433,8.79417157647e-15
5,173.596964,63.104498,8.0293315341e-15
6,165.713006,77.7333219,3.29255820001e-15
7,156.23314,91.6135314,5.69005440879e-15
8,145.248664,104.611453,1.25867636257e-14
9,132.865364,116.601908,1.11975548877e-14
10,119.202498,127.469424,1.33798383518e-14
11,104.391647,137.109339,1.24368625269e-14
12,88.5754468,145.428816,1.04076441418e-14
13,71.9062169,152.347735,1.05652419417e-14
14,54.5444909,157.799461,1.09889401191e-14
15,36.6574715,161.731493,1.07498865819e-14
16,18.4174207,164.105961,1.25272663003e-14
17,7.56848309568e-15,164.9,1.51404986368e-14
18,-18.4174207,164.105961,1.74607408432e-14
19,-36.6574715,161.731493,1.43973690408e-14
20,-54.5444909,157.799461,1.66495703952e-14
21,-71.9062169,152.347735,1.72888891974e-14
22,-88.5754468,145.428816,2.07152605351e-14
23,-104.391647,137.109339,2.8281897883e-14
24,-119.202498,127.469424,2.91376510425e-14
25,-132.865364,116.601908,2.57327620401e-14
26,-145.248664,104.611453,2.47415441639e-14
27,-156.23314,91.6135314,1.7698360291e-14
28,-165.713006,77.7333219,1.42102784519e-14
29,-173.596964,63.104498,1.86553647742e-14
30,-179.809089,47.8679433,1.62034200813e-14
31,-184.289554,32.1703941,1.10979773576e-14
32,-186.99521,16.1630264,9.18151514103e-15
33,-187.9,5.71843566578e-14,7.41535907867e-15
34,-186.99521,-16.1630264,5.9874976521e-15
35,-184.289554,-32.1703941,5.12083657613e-15
36,-179.809089,-47.8679433,5.61048014583e-15
37,-173.596964,-63.104498,8.40112613141e-15
38,-165.713006,-77.7333219,1.8589573822e-15
39,-156.23314,-91.6135314,3.70588545574e-15
40,-145.248664,-104.611453,7.86148457819e-15
41,-132.865364,-116.601908,5.61244984271e-15
42,-119.202498,-127.469424,6.29272373559e-15
43,-104.391647,-137.109339,9.06655090224e-15
44,-88.5754468,-145.428816,1.13724441111e-14
45,-71.9062169,-152.347735,1.59189618435e-14
46,-54.5444909,-157.799461,1.73685118207e-14
47,-36.6574715,-161.731493,2.06206590977e-14
48,-18.4174207,-164.105961,2.68602952729e-14
49,-1.38403799738e-14,-164.9,2.98386766838e-14
50,18.4174207,-164.105961,3.31480019259e-14
51,36.6574715,-161.731493,3.33172029117e-14
52,54.5444909,-157.799461,3.40147925133e-14
53,71.9062169,-152.347735,3.68988002052e-14
54,88.5754468,-145.428816,3.21298273999e-14
55,104.391647,-137.109339,3.78728036018e-14
56,119.202498,-127.469424,3.47516697811e-14
57,132.865364,-116.601908,3.55481314667e-14
58,145.248664,-104.611453,3.60881358862e-14
59,156.23314,-91.6135314,3.20460109626e-14
60,165.713006,-77.7333219,3.05079567029e-14
61,173.596964,-63.104498,3.74788049514e-14
62,179.809089,-47.8679433,3.41466618975e-14
63,184.289554,-32.1703941,2.80688550682e-14
64,186.99521,-16.1630264,2.13680820813e-14
65,187.9,-3.34015348423e-14,25
66,186.99521,16.1630264,25
67,184.289554,32.1703941,25
68,179.809089,47.8679433,25
69,173.596964,63.104498,25
70,165.713006,77.7333219,25
71,156.23314,91.6135314,25
72,145.248664,104.611453,25
73,132.865364,116.601908,25
74,119.202498,127.469424,25
75,104.391647,137.109339,25
76,88.5754468,145.428816,25
77,71.9062169,152.347735,25
78,54.5444909,157.799461,25
79,36.6574715,161.731493,25
80,18.4174207,164.105961,25
81,1.18714251763e-14,164.9,25
82,-18.4174207,164.105961,25
83,-36.6574715,161.731493,25
84,-54.5444909,157.799461,25
85,-71.9062169,152.347735,25
86,-88.5754468,145.428816,25
87,-104.391647,137.109339,25
88,-119.202498,127.469424,25
89,-132.865364,116.601908,25
90,-145.248664,104.611453,25
91,-156.23314,91.6135314,25
92,-165.713006,77.7333219,25
93,-173.596964,63.104498,25
94,-179.809089,47.8679433,25
95,-184.289554,32.1703941,25
96,-186.99521,16.1630264,25
97,-187.9,5.53567109201e-14,25
98,-186.99521,-16.1630264,25
99,-184.289554,-32.1703941,25
100,-179.809089,-47.8679433,25
101,-173.596964,-63.104498,25
102,-165.713006,-77.7333219,25
103,-156.23314,-91.6135314,25
104,-145.248664,-104.611453,25
105,-132.865364,-116.601908,25
106,-119.202498,-127.469424,25
107,-104.391647,-137.109339,25
108,-88.5754468,-145.428816,25
109,-71.9062169,-152.347735,25
110,-54.5444909,-157.799461,25
111,-36.6574715,-161.731493,25
112,-18.4174207,-164.105961,25
113,-1.8285657121e-14,-164.9,25
114,18.4174207,-164.105961,25
115,36.6574715,-161.731493,25
116,54.5444909,-157.799461,25
117,71.9062169,-152.347735,25
118,88.5754468,-145.428816,25
119,104.391647,-137.109339,25
120,119.202498,-127.469424,25
121,132.865364,-116.601908,25
122,145.248664,-104.611453,25
123,156.23314,-91.6135314,25
124,165.713006,-77.7333219,25
125,173.596964,-63.104498,25
126,179.809089,-47.8679433,25
127,184.289554,-32.1703941,25
128,186.99521,-16.1630264,25
129,187.9,-2.82419647657e-14,50
130,186.99521,16.1630264,50
131,184.289554,32.1703941,50
132,179.809089,47.8679433,50
133,173.596964,63.104498,50
134,165.713006,77.7333219,50
135,156.23314,91.6135314,50
136,145.248664,104.611453,50
137,132.865364,116.601908,50
138,119.202498,127.469424,50
139,104.391647,137.109339,50
140,88.5754468,145.428816,50
141,71.9062169,152.347735,50
142,54.5444909,157.799461,50
143,36.6574715,161.731493,50
144,18.4174207,164.105961,50
145,1.21435828469e-14,164.9,50
146,-18.4174207,164.105961,50
147,-36.6574715,161.731493,50
148,-54.5444909,157.799461,50
149,-71.9062169,152.347735,50
150,-88.5754468,145.428816,50
151,-104.391647,137.109339,50
152,-119.202498,127.469424,50
153,-132.865364,116.601908,50
154,-145.248664,104.611453,50
155,-156.23314,91.6135314,50
156,-165.713006,77.7333219,50
157,-173.596964,63.104498,50
158,-179.809089,47.8679433,50
159,-184.289554,32.1703941,50
160,-186.99521,16.1630264,50
161,-187.9,5.32655919278e-14,50
162,-186.99521,-16.1630264,50
163,-184.289554,-32.1703941,50
164,-179.809089,-47.8679433,50
165,-173.596964,-63.104498,50
166,-165.713006,-77.7333219,50
167,-156.23314,-91.6135314,50
168,-145.248664,-104.611453,50
169,-132.865364,-116.601908,50
170,-119.202498,-127.469424,50
171,-104.391647,-137.109339,50
172,-88.5754468,-145.428816,50
173,-71.9062169,-152.347735,50
174,-54.5444909,-157.799461,50
175,-36.6574715,-161.731493,50
176,-18.4174207,-164.105961,50
177,-2.21768875858e-14,-164.9,50
178,18.4174207,-164.105961,50
179,36.6574715,-161.731493,50
180,54.5444909,-157.799461,50
181,71.9062169,-152.347735,50
182,88.5754468,-145.428816,50
183,104.391647,-137.109339,50
184,119.202498,-127.469424,50
185,132.865364,-116.601908,50
186,145.248664,-104.611453,50
187,156.23314,-91.6135314,50
188,165.713006,-77.7333219,50
189,173.596964,-63.104498,50
190,179.809089,-47.8679433,50
191,184.289554,-32.1703941,50
192,186.99521,-16.1630264,50
193,187.9,-2.24998917841e-14,75
194,186.99521,16.1630264,75
195,184.289554,32.1703941,75
196,179.809089,47.8679433,75
197,173.596964,63.104498,75
198,165.713006,77.7333219,75
199,156.23314,91.6135314,75
200,145.248664,104.611453,75
201,132.865364,116.601908,75
202,119.202498,127.469424,75
203,104.391647,137.109339,75
204,88.5754468,145.428816,75
205,71.9062169,152.347735,75
206,54.5444909,157.799461,75
207,36.6574715,161.731493,75
208,18.4174207,164.105961,75
209,1.38282556435e-14,164.9,75
210,-18.4174207,164.105961,75
211,-36.6574715,161.731493,75
212,-54.5444909,157.799461,75
213,-71.9062169,152.347735,75
214,-88.5754468,145.428816,75
215,-104.391647,137.109339,75
216,-119.202498,127.469424,75
217,-132.865364,116.601908,75
218,-145.248664,104.611453,75
219,-156.23314,91.6135314,75
220,-165.713006,77.7333219,75
221,-173.596964,63.104498,75
222,-179.809089,47.8679433,75
223,-184.289554,32.1703941,75
224,-186.99521,16.1630264,75
225,-187.9,5.18883798182e-14,75
226,-186.99521,-16.1630264,75
227,-184.289554,-32.1703941,75
228,-179.809089,-47.8679433,75
229,-173.596964,-63.104498,75
230,-165.713006,-77.7333219,75
231,-156.23314,-91.6135314,75
232,-145.248664,-104.611453,75
233,-132.865364,-116.601908,75
234,-119.202498,-127.469424,75
235,-104.391647,-137.109339,75
236,-88.5754468,-145.428816,75
237,-71.9062169,-152.347735,75
238,-54.5444909,-157.799461,75
239,-36.6574715,-161.731493,75
240,-18.4174207,-164.105961,75
241,-2.5806047686e-14,-164.9,75
242,18.4174207,-164.105961,75
243,36.6574715,-161.731493,75
244,54.5444909,-157.799461,75
245,71.9062169,-152.347735,75
246,88.5754468,-145.428816,75
247,104.391647,-137.109339,75
248,119.202498,-127.469424,75
249,132.865364,-116.601908,75
250,145.248664,-104.611453,75
251,156.23314,-91.6135314,75
252,165.713006,-77.7333219,75
253,173.596964,-63.104498,75
254,179.809089,-47.8679433,75
255,184.289554,-32.1703941,75
256,186.99521,-16.1630264,75
257,187.9,-1.5455636749e-14,100
258,186.99521,16.1630264,100
259,184.289554,32.1703941,100
260,179.809089,47.8679433,100
261,173.596964,63.104498,100
262,165.713006,77.7333219,100
263,156.23314,91.6135314,100
264,145.248664,104.611453,100
265,132.865364,116.601908,100
266,119.202498,127.469424,100
267,104.391647,137.109339,100
268,88.5754468,145.428816,100
269,71.9062169,152.347735,100
270,54.5444909,157.799461,100
271,36.6574715,161.731493,100
272,18.4174207,164.105961,100
273,1.58677205005e-14,164.9,100
274,-18.4174207,164.105961,100
275,-36.6574715,161.731493,100
276,-54.5444909,157.799461,100
277,-71.9062169,152.347735,100
278,-88.5754468,145.428816,100
279,-104.391647,137.109339,100
280,-119.202498,127.469424,100
281,-132.865364,116.601908,100
282,-145.248664,104.611453,100
283,-156.23314,91.6135314,100
284,-165.713006,77.7333219,100
285,-173.596964,63.104498,100
286,-179.809089,47.8679433,100
287,-184.289554,32.1703941,100
288,-186.99521,16.1630264,100
289,-187.9,5.16366404114e-14,100
290,-186.99521,-16.1630264,100
291,-184.289554,-32.1703941,100
292,-179.809089,-47.8679433,100
293,-173.596964,-63.104498,100
294,-165.713006,-77.7333219,100
295,-156.23314,-91.6135314,100
296,-145.248664,-104.611453,100
297,-132.865364,-116.601908,100
298,-119.202498,-127.469424,100
299,-104.391647,-137.109339,100
300,-88.5754468,-145.428816,100
301,-71.9062169,-152.347735,100
302,-54.5444909,-157.799461,100
303,-36.6574715,-161.731493,100
304,-18.4174207,-164.105961,100
305,-2.89970992948e-14,-164.9,100
306,18.4174207,-164.105961,100
307,36.6574715,-161.731493,100
308,54.5444909,-157.799461,100
309,71.9062169,-152.347735,100
310,88.5754468,-145.428816,100
311,104.391647,-137.109339,100
312,119.202498,-127.469424,100
313,132.865364,-116.601908,100
314,145.248664,-104.611453,100
315,156.23314,-91.6135314,100
316,165.713006,-77.7333219,100
317,173.596964,-63.104498,100
318,179.809089,-47.8679433,100
319,184.289554,-32.1703941,100
320,186.99521,-16.1630264,100
321,187.9,-1.0509502306e-14,125
322,186.99521,16.1630264,125
323,184.289554,32.1703941,125
324,179.809089,47.8679433,125
325,173.596964,63.104498,125
326,165.713006,77.7333219,125
327,156.23314,91.6135314,125
328,145.248664,104.611453,125
329,132.865364,116.601908,125
330,119.202498,127.469424,125
331,104.391647,137.109339,125
332,88.5754468,145.428816,125
333,71.9062169,152.347735,125
334,54.5444909,157.799461,125
335,36.6574715,161.731493,125
336,18.4174207,164.105961,125
337,1.44554717225e-14,164.9,125
338,-18.4174207,164.105961,125
339,-36.6574715,161.731493,125
340,-54.5444909,157.799461,125
341,-71.9062169,152.347735,125
342,-88.5754468,145.428816,125
343,-104.391647,137.109339,125
344,-119.202498,127.469424,125
345,-132.865364,116.601908,125
346,-145.248664,104.611453,125
347,-156.23314,91.6135314,125
348,-165.713006,77.7333219,125
349,-173.596964,63.104498,125
350,-179.809089,47.8679433,125
351,-184.289554,32.1703941,125
352,-186.99521,16.1630264,125
353,-187.9,4.74808193713e-14,125
354,-186.99521,-16.1630264,125
355,-184.289554,-32.1703941,125
356,-179.809089,-47.8679433,125
357,-173.596964,-63.104498,125
358,-165.713006,-77.7333219,125
359,-156.23314,-91.6135314,125
360,-145.248664,-104.611453,125
361,-132.865364,-116.601908,125
362,-119.202498,-127.469424,125
363,-104.391647,-137.109339,125
364,-88.5754468,-145.428816,125
365,-71.9062169,-152.347735,125
366,-54.5444909,-157.799461,125
367,-36.6574715,-161.731493,125
368,-18.4174207,-164.105961,125
369,-3.01735794091e-14,-164.9,125
370,18.4174207,-164.105961,125
371,36.6574715,-161.731493,125
372,54.5444909,-157.799461,125
373,71.9062169,-152.347735,125
374,88.5754468,-145.428816,125
375,104.391647,-137.109339,125
376,119.202498,-127.469424,125
377,132.865364,-116.601908,125
378,145.248664,-104.611453,125
379,156.23314,-91.6135314,125
380,165.713006,-77.7333219,125
381,173.596964,-63.104498,125
382,179.809089,-47.8679433,125
383,184.289554,-32.1703941,125
384,186.99521,-16.1630264,125
385,187.9,-4.30901408976e-15,150
386,186.99521,16.1630264,150
387,184.289554,32.1703941,150
388,179.809089,47.8679433,150
389,173.596964,63.104498,150
390,165.713006,77.7333219,150
391,156.23314,91.6135314,150
392,145.248664,104.611453,150
393,132.865364,116.601908,150
394,119.202498,127.469424,150
395,104.391647,137.109339,150
396,88.5754468,145.428816,150
397,71.9062169,152.347735,150
398,54.5444909,157.799461,150
399,36.6574715,161.731493,150
400,18.4174207,164.105961,150
401,1.62319060082e-14,164.9,150
402,-18.4174207,164.105961,150
403,-36.6574715,161.731493,150
404,-54.5444909,157.799461,150
405,-71.9062169,152.347735,150
406,-88.5754468,145.428816,150
407,-104.391647,137.109339,150
408,-119.202498,127.469424,150
409,-132.865364,116.601908,150
410,-145.248664,104.611453,150
411,-156.23314,91.6135314,150
412,-165.713006,77.7333219,150
413,-173.596964,63.104498,150
414,-179.809089,47.8679433,150
415,-184.289554,32.1703941,150
416,-186.99521,16.1630264,150
417,-187.9,4.44000038382e-14,150
418,-186.99521,-16.1630264,150
419,-184.289554,-32.1703941,150
420,-179.809089,-47.8679433,150
421,-173.596964,-63.104498,150
422,-165.713006,-77.7333219,150
423,-156.23314,-91.6135314,150
424,-145.248664,-104.611453,150
425,-132.865364,-116.601908,150
426,-119.202498,-127.469424,150
427,-104.391647,-137.109339,150
428,-88.5754468,-145.428816,150
429,-71.9062169,-152.347735,150
430,-54.5444909,-157.799461,150
431,-36.6574715,-161.731493,150
432,-18.4174207,-164.105961,150
433,-3.27668142613e-14,-164.9,150
434,18.4174207,-164.105961,150
435,36.6574715,-161.731493,150
436,54.5444909,-157.799461,150
437,71.9062169,-152.347735,150
438,88.5754468,-145.428816,150
439,104.391647,-137.109339,150
440,119.202498,-127.469424,150
441,132.865364,-116.601908,150
442,145.248664,-104.611453,150
443,156.23314,-91.6135314,150
444,165.713006,-77.7333219,150
445,173.596964,-63.104498,150
446,179.809089,-47.8679433,150
447,184.289554,-32.1703941,150
448,186.99521,-16.1630264,150
449,187.9,1.17393359236e-16,175
450,186.99521,16.1630264,175
451,184.289554,32.1703941,175
452,179.809089,47.8679433,175
453,173.596964,63.104498,175
454,165.713006,77.7333219,175
455,156.23314,91.6135314,175
456,145.248664,104.611453,175
457,132.865364,116.601908,175
458,119.202498,127.469424,175
459,104.391647,137.109339,175
460,88.5754468,145.428816,175
461,71.9062169,152.347735,175
462,54.5444909,157.799461,175
463,36.6574715,161.731493,175
464,18.4174207,164.105961,175
465,1.68430061242e-14,164.9,175
466,-18.4174207,164.105961,175
467,-36.6574715,161.731493,175
468,-54.5444909,157.799461,175
469,-71.9062169,152.347735,175
470,-88.5754468,145.428816,175
471,-104.391647,137.109339,175
472,-119.202498,127.469424,175
473,-132.865364,116.601908,175
474,-145.248664,104.611453,175
475,-156.23314,91.6135314,175
476,-165.713006,77.7333219,175
477,-173.596964,63.104498,175
478,-179.809089,47.8679433,175
479,-184.289554,32.1703941,175
480,-186.99521,16.1630264,175
481,-187.9,4.23637304751e-14,175
482,-186.99521,-16.1630264,175
483,-184.289554,-32.1703941,175
484,-179.809089,-47.8679433,175
485,-173.596964,-63.104498,175
486,-165.713006,-77.7333219,175
487,-156.23314,-91.6135314,175
488,-145.248664,-104.611453,175
489,-132.865364,-116.601908,175
490,-119.202498,-127.469424,175
491,-104.391647,-137.109339,175
492,-88.5754468,-145.428816,175
493,-71.9062169,-152.347735,175
494,-54.5444909,-157.799461,175
495,-36.6574715,-161.731493,175
496,-18.4174207,-164.105961,175
497,-3.34819752468e-14,-164.9,175
498,18.4174207,-164.105961,175
499,36.6574715,-161.731493,175
500,54.5444909,-157.799461,175
501,71.9062169,-152.347735,175
502,88.5754468,-145.428816,175
503,104.391647,-137.109339,175
504,119.202498,-127.469424,175
505,132.865364,-116.601908,175
506,145.248664,-104.611453,175
507,156.23314,-91.6135314,175
508,165.713006,-77.7333219,175
509,173.596964,-63.104498,175
510,179.809089,-47.8679433,175
511,184.289554,-32.1703941,175
512,186.99521,-16.1630264,175
513,187.9,6.73843927437e-16,200
514,186.99521,16.1630264,200
515,184.289554,32.1703941,200
516,179.809089,47.8679433,200
517,173.596964,63.104498,200
518,165.713006,77.7333219,200
519,156.23314,91.6135314,200
520,145.248664,104.611453,200
521,132.865364,116.601908,200
522,119.202498,127.469424,200
523,104.391647,137.109339,200
524,88.5754468,145.428816,200
525,71.9062169,152.347735,200
526,54.5444909,157.799461,200
527,36.6574715,161.731493,200
528,18.4174207,164.105961,200
529,1.56730257721e-14,164.9,200
530,-18.4174207,164.105961,200
531,-36.6574715,161.731493,200
532,-54.5444909,157.799461,200
533,-71.9062169,152.347735,200
534,-88.5754468,145.428816,200
535,-104.391647,137.109339,200
536,-119.202498,127.469424,200
537,-132.865364,116.601908,200
538,-145.248664,104.611453,200
539,-156.23314,91.6135314,200
540,-165.713006,77.7333219,200
541,-173.596964,63.104498,200
542,-179.809089,47.8679433,200
543,-184.289554,32.1703941,200
544,-186.99521,16.1630264,200
545,-187.9,4.31768301669e-14,200
546,-186.99521,-16.1630264,200
547,-184.289554,-32.1703941,200
548,-179.809089,-47.8679433,200
549,-173.596964,-63.104498,200
550,-165.713006,-77.7333219,200
551,-156.23314,-91.6135314,200
552,-145.248664,-104.611453,200
553,-132.865364,-116.601908,200
554,-119.202498,-127.469424,200
555,-104.391647,-137.109339,200
556,-88.5754468,-145.428816,200
557,-71.9062169,-152.347735,200
558,-54.5444909,-157.799461,200
559,-36.6574715,-161.731493,200
560,-18.4174207,-164.105961,200
561,-3.56148995293e-14,-164.9,200
562,18.4174207,-164.105961,200
563,36.6574715,-161.731493,200
564,54.5444909,-157.799461,200
565,71.9062169,-152.347735,200
566,88.5754468,-145.428816,200
567,104.391647,-137.109339,200
568,119.202498,-127.469424,200
569,132.865364,-116.601908,200
570,145.248664,-104.611453,200
571,156.23314,-91.6135314,200
572,165.713006,-77.7333219,200
573,173.596964,-63.104498,200
574,179.809089,-47.8679433,200
575,184.289554,-32.1703941,200
576,186.99521,-16.1630264,200
577,187.9,2.24411463118e-15,225
578,186.99521,16.1630264,225
579,184.289554,32.1703941,225
580,179.809089,47.8679433,225
581,173.596964,63.104498,225
582,165.713006,77.7333219,225
583,156.23314,91.6135314,225
584,145.248664,104.611453,225
585,132.865364,116.601908,225
586,119.202498,127.469424,225
587,104.391647,137.109339,225
588,88.5754468,145.428816,225
589,71.9062169,152.347735,225
590,54.5444909,157.799461,225
591,36.6574715,161.731493,225
592,18.4174207,164.105961,225
593,1.4579317005e-14,164.9,225
594,-18.4174207,164.105961,225
595,-36.6574715,161.731493,225
596,-54.5444909,157.799461,225
597,-71.9062169,152.347735,225
598,-88.5754468,145.428816,225
599,-104.391647,137.109339,225
600,-119.202498,127.469424,225
601,-132.865364,116.601908,225
602,-145.248664,104.611453,225
603,-156.23314,91.6135314,225
604,-165.713006,77.7333219,225
605,-173.596964,63.104498,225
606,-179.809089,47.8679433,225
607,-184.289554,32.1703941,225
608,-186.99521,16.1630264,225
609,-187.9,4.14323226109e-14,225
610,-186.99521,-16.1630264,225
611,-184.289554,-32.1703941,225
612,-179.809089,-47.8679433,225
613,-173.596964,-63.104498,225
614,-165.713006,-77.7333219,225
615,-156.23314,-91.6135314,225
616,-145.248664,-104.611453,225
617,-132.865364,-116.601908,225
618,-119.202498,-127.469424,225
619,-104.391647,-137.109339,225
620,-88.5754468,-145.428816,225
621,-71.9062169,-152.347735,225
622,-54.5444909,-157.799461,225
623,-36.6574715,-161.731493,225
624,-18.4174207,-164.105961,225
625,-3.99599828001e-14,-164.9,225
626,18.4174207,-164.105961,225
627,36.6574715,-161.731493,225
628,54.5444909,-157.799461,225
629,71.9062169,-152.347735,225
630,88.5754468,-145.428816,225
631,104.391647,-137.109339,225
632,119.202498,-127.469424,225
633,132.865364,-116.601908,225
634,145.248664,-104.611453,225
635,156.23314,-91.6135314,225
636,165.713006,-77.7333219,225
637,173.596964,-63.104498,225
638,179.809089,-47.8679433,225
639,184.289554,-32.1703941,225
640,186.99521,-16.1630264,225
641,187.9,2.32696243648e-16,250
642,186.99521,16.1630264,250
643,184.289554,32.1703941,250
644,179.809089,47.8679433,250
645,173.596964,63.104498,250
646,165.713006,77.7333219,250
647,156.23314,91.6135314,250
648,145.248664,104.611453,250
649,132.865364,116.601908,250
650,119.202498,127.469424,250
651,104.391647,137.109339,250
652,88.5754468,145.428816,250
653,71.9062169,152.347735,250
654,54.5444909,157.799461,250
655,36.6574715,161.731493,250
656,18.4174207,164.105961,250
657,1.72827527346e-14,164.9,250
658,-18.4174207,164.105961,250
659,-36.6574715,161.731493,250
660,-54.5444909,157.799461,250
661,-71.9062169,152.347735,250
662,-88.5754468,145.428816,250
663,-104.391647,137.109339,250
664,-119.202498,127.469424,250
665,-132.865364,116.601908,250
666,-145.248664,104.611453,250
667,-156.23314,91.6135314,250
668,-165.713006,77.7333219,250
669,-173.596964,63.104498,250
670,-179.809089,47.8679433,250
671,-184.289554,32.1703941,250
672,-186.99521,16.1630264,250
673,-187.9,4.19948050223e-14,250
674,-186.99521,-16.1630264,250
675,-184.289554,-32.1703941,250
676,-179.809089,-47.8679433,250
677,-173.596964,-63.104498,250
678,-165.713006,-77.7333219,250
679,-156.23314,-91.6135314,250
680,-145.248664,-104.611453,250
681,-132.865364,-116.601908,250
682,-119.202498,-127.469424,250
683,-104.391647,-137.109339,250
684,-88.5754468,-145.428816,250
685,-71.9062169,-152.347735,250
686,-54.5444909,-157.799461,250
687,-36.6574715,-161.731493,250
688,-18.4174207,-164.105961,250
689,-3.88860636701e-14,-164.9,250
690,18.4174207,-164.105961,250
691,36.6574715,-161.731493,250
692,54.5444909,-157.799461,250
693,71.9062169,-152.347735,250
694,88.5754468,-145.428816,250
695,104.391647,-137.109339,250
696,119.202498,-127.469424,250
697,132.865364,-116.601908,250
698,145.248664,-104.611453,250
699,156.23314,-91.6135314,250
700,165.713006,-77.7333219,250
701,173.596964,-63.104498,250
702,179.809089,-47.8679433,250
703,184.289554,-32.1703941,250
704,186.99521,-16.1630264,250
705,187.9,-3.71578731109e-16,275
706,186.99521,16.1630264,275
707,184.289554,32.1703941,275
708,179.809089,47.8679433,275
709,173.596964,63.104498,275
710,165.713006,77.7333219,275
711,156.23314,91.6135314,275
712,145.248664,104.611453,275
713,132.865364,116.601908,275
714,119.202498,127.469424,275
715,104.391647,137.109339,275
716,88.5754468,145.428816,275
717,71.9062169,152.347735,275
718,54.5444909,157.799461,275
719,36.6574715,161.731493,275
720,18.4174207,164.105961,275
721,1.87047787543e-14,164.9,275
722,-18.4174207,164.105961,275
723,-36.6574715,161.731493,275
724,-54.5444909,157.799461,275
725,-71.9062169,152.347735,275
726,-88.5754468,145.428816,275
727,-104.391647,137.109339,275
728,-119.202498,127.469424,275
729,-132.865364,116.601908,275
730,-145.248664,104.611453,275
731,-156.23314,91.6135314,275
732,-165.713006,77.7333219,275
733,-173.596964,63.104498,275
734,-179.809089,47.8679433,275
735,-184.289554,32.1703941,275
736,-186.99521,16.1630264,275
737,-187.9,4.13608950978e-14,275
738,-186.99521,-16.1630264,275
739,-184.289554,-32.1703941,275
740,-179.809089,-47.8679433,275
741,-173.596964,-63.104498,275
742,-165.713006,-77.7333219,275
743,-156.23314,-91.6135314,275
744,-145.248664,-104.611453,275
745,-132.865364,-116.601908,275
746,-119.202498,-127.469424,275
747,-104.391647,-137.109339,275
748,-88.5754468,-145.428816,275
749,-71.9062169,-152.347735,275
750,-54.5444909,-157.799461,275
751,-36.6574715,-161.731493,275
752,-18.4174207,-164.105961,275
753,-3.91576272058e-14,-164.9,275
754,18.4174207,-164.105961,275
755,36.6574715,-161.731493,275
756,54.5444909,-157.799461,275
757,71.9062169,-152.347735,275
758,88.5754468,-145.428816,275
759,104.391647,-137.109339,275
760,119.202498,-127.469424,275
761,132.865364,-116.601908,275
762,145.248664,-104.611453,275
763,156.23314,-91.6135314,275
764,165.713006,-77.7333219,275
765,173.596964,-63.104498,275
766,179.809089,-47.8679433,275
767,184.289554,-32.1703941,275
768,186.99521,-16.1630264,275
769,187.9,-4.79772122892e-16,300
770,186.99521,16.1630264,300
771,184.289554,32.1703941,300
772,179.809089,47.8679433,300
773,173.596964,63.104498,300
774,165.713006,77.7333219,300
775,156.23314,91.6135314,300
776,145.248664,104.611453,300
777,132.865364,116.601908,300
778,119.202498,127.469424,300
779,104.391647,137.109339,300
780,88.5754468,145.428816,300
781,71.9062169,152.347735,300
782,54.5444909,157.799461,300
783,36.6574715,161.731493,300
784,18.4174207,164.105961,300
785,1.72770027576e-14,164.9,300
786,-18.4174207,164.105961,300
787,-36.6574715,161.731493,300
788,-54.5444909,157.799461,300
789,-71.9062169,152.347735,300
790,-88.5754468,145.428816,300
791,-104.391647,137.109339,300
792,-119.202498,127.469424,300
793,-132.865364,116.601908,300
794,-145.248664,104.611453,300
795,-156.23314,91.6135314,300
796,-165.713006,77.7333219,300
797,-173.596964,63.104498,300
798,-179.809089,47.8679433,300
799,-184.289554,32.1703941,300
800,-186.99521,16.1630264,300
801,-187.9,4.22666884399e-14,300
802,-186.99521,-16.1630264,300
803,-184.289554,-32.1703941,300
804,-179.809089,-47.8679433,300
805,-173.596964,-63.104498,300
806,-165.713006,-77.7333219,300
807,-156.23314,-91.6135314,300
808,-145.248664,-104.611453,300
809,-132.865364,-116.601908,300
810,-119.202498,-127.469424,300
811,-104.391647,-137.109339,300
812,-88.5754468,-145.428816,300
813,-71.9062169,-152.347735,300
814,-54.5444909,-157.799461,300
815,-36.6574715,-161.731493,300
816,-18.4174207,-164.105961,300
817,-3.92175667216e-14,-164.9,300
818,18.4174207,-164.105961,300
819,36.6574715,-161.731493,300
820,54.5444909,-157.799461,300
821,71.9062169,-152.347735,300
822,88.5754468,-145.428816,300
823,104.391647,-137.109339,300
824,119.202498,-127.469424,300
825,132.865364,-116.601908,300
826,145.248664,-104.611453,300
827,156.23314,-91.6135314,300
828,165.713006,-77.7333219,300
829,173.596964,-63.104498,300
830,179.809089,-47.8679433,300
831,184.289554,-32.1703941,300
832,186.99521,-16.1630264,300
833,187.9,-1.73694459311e-15,325
834,186.99521,16.1630264,325
835,184.289554,32.1703941,325
836,179.809089,47.8679433,325
837,173.596964,63.104498,325
838,165.713006,77.7333219,325
839,156.23314,91.6135314,325
840,145.248664,104.611453,325
841,132.865364,116.601908,325
842,119.202498,127.469424,325
843,104.391647,137.109339,325
844,88.5754468,145.428816,325
845,71.9062169,152.347735,325
846,54.5444909,157.799461,325
847,36.6574715,161.731493,325
848,18.4174207,164.105961,325
849,1.74834021373e-14,164.9,325
850,-18.4174207,164.105961,325
851,-36.6574715,161.731493,325
852,-54.5444909,157.799461,325
853,-71.9062169,152.347735,325
854,-88.5754468,145.428816,325
855,-104.391647,137.109339,325
856,-119.202498,127.469424,325
857,-132.865364,116.601908,325
858,-145.248664,104.611453,325
859,-156.23314,91.6135314,325
860,-165.713006,77.7333219,325
861,-173.596964,63.104498,325
862,-179.809089,47.8679433,325
863,-184.289554,32.1703941,325
864,-186.99521,16.1630264,325
865,-187.9,4.2966543368e-14,325
866,-186.99521,-16.1630264,325
867,-184.289554,-32.1703941,325
868,-179.809089,-47.8679433,325
869,-173.596964,-63.104498,325
870,-165.713006,-77.7333219,325
871,-156.23314,-91.6135314,325
872,-145.248664,-104.611453,325
873,-132.865364,-116.601908,325
874,-119.202498,-127.469424,325
875,-104.391647,-137.109339,325
876,-88.5754468,-145.428816,325
877,-71.9062169,-152.347735,325
878,-54.5444909,-157.799461,325
879,-36.6574715,-161.731493,325
880,-18.4174207,-164.105961,325
881,-3.73396348496e-14,-164.9,325
882,18.4174207,-164.105961,325
883,36.6574715,-161.731493,325
884,54.5444909,-157.799461,325
885,71.9062169,-152.347735,325
886,88.5754468,-145.428816,325
887,104.391647,-137.109339,325
888,119.202498,-127.469424,325
889,132.865364,-116.601908,325
890,145.248664,-104.611453,325
891,156.23314,-91.6135314,325
892,165.713006,-77.7333219,325
893,173.596964,-63.104498,325
894,179.809089,-47.8679433,325
895,184.289554,-32.1703941,325
896,186.99521,-16.1630264,325
897,187.9,-5.98439420858e-16,350
898,186.99521,16.1630264,350
899,184.289554,32.1703941,350
900,179.809089,47.8679433,350
901,173.596964,63.104498,350
902,165.713006,77.7333219,350
903,156.23314,91.6135314,350
904,145.248664,104.611453,350
905,132.865364,116.601908,350
906,119.202498,127.469424,350
907,104.391647,137.109339,350
908,88.5754468,145.428816,350
909,71.9062169,152.347735,350
910,54.5444909,157.799461,350
911,36.6574715,161.731493,350
912,18.4174207,164.105961,350
913,1.72945318897e-14,164.9,350
914,-18.4174207,164.105961,350
915,-36.6574715,161.731493,350
916,-54.5444909,157.799461,350
917,-71.9062169,152.347735,350
918,-88.5754468,145.428816,350
919,-104.391647,137.109339,350
920,-119.202498,127.469424,350
921,-132.865364,116.601908,350
922,-145.248664,104.611453,350
923,-156.23314,91.6135314,350
924,-165.713006,77.7333219,350
925,-173.596964,63.104498,350
926,-179.809089,47.8679433,350
927,-184.289554,32.1703941,350
928,-186.99521,16.1630264,350
929,-187.9,4.24385659706e-14,350
930,-186.99521,-16.1630264,350
931,-184.289554,-32.1703941,350
932,-179.809089,-47.8679433,350
933,-173.596964,-63.104498,350
934,-165.713006,-77.7333219,350
935,-156.23314,-91.6135314,350
936,-145.248664,-104.611453,350
937,-132.865364,-116.601908,350
938,-119.202498,-127.469424,350
939,-104.391647,-137.109339,350
940,-88.5754468,-145.428816,350
941,-71.9062169,-152.347735,350
942,-54.5444909,-157.799461,350
943,-36.6574715,-161.731493,350
944,-18.4174207,-164.105961,350
945,-3.78334963614e-14,-164.9,350
946,18.4174207,-164.105961,350
947,36.6574715,-161.731493,350
948,54.5444909,-157.799461,350
949,71.9062169,-152.347735,350
950,88.5754468,-145.428816,350
951,104.391647,-137.109339,350
952,119.202498,-127.469424,350
953,132.865364,-116.601908,350
954,145.248664,-104.611453,350
955,156.23314,-91.6135314,350
956,165.713006,-77.7333219,350
957,173.596964,-63.104498,350
958,179.809089,-47.8679433,350
959,184.289554,-32.1703941,350
960,186.99521,-16.1630264,350
961,187.9,-1.67134514966e-15,375
962,186.99521,16.1630264,375
963,184.289554,32.1703941,375
964,179.809089,47.8679433,375
965,173.596964,63.104498,375
966,165.713006,77.7333219,375
967,156.23314,91.6135314,375
968,145.248664,104.611453,375
969,132.865364,116.601908,375
970,119.202498,127.469424,375
971,104.391647,137.109339,375
972,88.5754468,145.428816,375
973,71.9062169,152.347735,375
974,54.5444909,157.799461,375
975,36.6574715,161.731493,375
976,18.4174207,164.105961,375
977,1.74420160343e-14,164.9,375
978,-18.4174207,164.105961,375
979,-36.6574715,161.731493,375
980,-54.5444909,157.799461,375
981,-71.9062169,152.347735,375
982,-88.5754468,145.428816,375
983,-104.391647,137.109339,375
984,-119.202498,127.469424,375
985,-132.865364,116.601908,375
986,-145.248664,104.611453,375
987,-156.23314,91.6135314,375
988,-165.713006,77.7333219,375
989,-173.596964,63.104498,375
990,-179.809089,47.8679433,375
991,-184.289554,32.1703941,375
992,-186.99521,16.1630264,375
993,-187.9,4.18254137217e-14,375
994,-186.99521,-16.1630264,375
995,-184.289554,-32.1703941,375
996,-179.809089,-47.8679433,375
997,-173.596964,-63.104498,375
998,-165.713006,-77.7333219,375
999,-156.23314,-91.6135314,375
1000,-145.248664,-104.611453,375
1001,-132.865364,-116.601908,375
1002,-119.202498,-127.469424,375
1003,-104.391647,-137.109339,375
1004,-88.5754468,-145.428816,375
1005,-71.9062169,-152.347735,375
1006,-54.5444909,-157.799461,375
1007,-36.6574715,-161.731493,375
1008,-18.4174207,-164.105961,375
1009,-3.79370685649e-14,-164.9,375
1010,18.4174207,-164.105961,375
1011,36.6574715,-161.731493,375
1012,54.5444909,-157.799461,375
1013,71.9062169,-152.347735,375
1014,88.5754468,-145.428816,375
1015,104.391647,-137.109339,375
1016,119.202498,-127.469424,375
1017,132.865364,-116.601908,375
1018,145.248664,-104.611453,375
1019,156.23314,-91.6135314,375
1020,165.713006,-77.7333219,375
1021,173.596964,-63.104498,375
1022,179.809089,-47.8679433,375
1023,184.289554,-32.1703941,375
1024,186.99521,-16.1630264,375
1025,187.9,-9.97860203531e-16,400
1026,186.99521,16.1630264,400
1027,184.289554,32.1703941,400
1028,179.809089,47.8679433,400
1029,173.596964,63.104498,400
1030,165.713006,77.7333219,400
1031,156.23314,91.6135314,400
1032,145.248664,104.611453,400
1033,132.865364,116.601908,400
1034,119.202498,127.469424,400
1035,104.391647,137.109339,400
1036,88.5754468,145.428816,400
1037,71.9062169,152.347735,400
1038,54.5444909,157.799461,400
1039,36.6574715,161.731493,400
1040,18.4174207,164.105961,400
1041,1.6202536011e-14,164.9,400
1042,-18.4174207,164.105961,400
1043,-36.6574715,161.731493,400
1044,-54.5444909,157.799461,400
1045,-71.9062169,152.347735,400
1046,-88.5754468,145.428816,400
1047,-104.391647,137.109339,400
1048,-119.202498,127.469424,400
1049,-132.865364,116.601908,400
1050,-145.248664,104.611453,400
1051,-156.23314,91.6135314,400
1052,-165.713006,77.7333219,400
1053,-173.596964,63.104498,400
1054,-179.809089,47.8679433,400
1055,-184.289554,32.1703941,400
1056,-186.99521,16.1630264,400
1057,-187.9,4.03827378355e-14,400
1058,-186.99521,-16.1630264,400
1059,-184.289554,-32.1703941,400
1060,-179.809089,-47.8679433,400
1061,-173.596964,-63.104498,400
1062,-165.713006,-77.7333219,400
1063,-156.23314,-91.6135314,400
1064,-145.248664,-104.611453,400
1065,-132.865364,-116.601908,400
1066,-119.202498,-127.469424,400
1067,-104.391647,-137.109339,400
1068,-88.5754468,-145.428816,400
1069,-71.9062169,-152.347735,400
1070,-54.5444909,-157.799461,400
1071,-36.6574715,-161.731493,400
1072,-18.4174207,-164.105961,400
1073,-3.61044363417e-14,-164.9,400
1074,18.4174207,-164.105961,400
1075,36.6574715,-161.731493,400
1076,54.5444909,-157.799461,400
1077,71.9062169,-152.347735,400
1078,88.5754468,-145.428816,400
1079,104.391647,-137.109339,400
1080,119.202498,-127.469424,400
1081,132.865364,-116.601908,400
1082,145.248664,-104.611453,400
1083,156.23314,-91.6135314,400
1084,165.713006,-77.7333219,400
1085,173.596964,-63.104498,400
1086,179.809089,-47.8679433,400
1087,184.289554,-32.1703941,400
1088,186.99521,-16.1630264,400
1089,187.9,-1.16557054251e-15,425
1090,186.99521,16.1630264,425
1091,184.289554,32.1703941,425
1092,179.809089,47.8679433,425
1093,173.596964,63.104498,425
1094,165.713006,77.7333219,425
1095,156.23314,91.6135314,425
1096,145.248664,104.611453,425
1097,132.865364,116.601908,425
1098,119.202498,127.469424,425
1099,104.391647,137.109339,425
1100,88.5754468,145.428816,425
1101,71.9062169,152.347735,425
1102,54.5444909,157.799461,425
1103,36.6574715,161.731493,425
1104,18.4174207,164.105961,425
1105,1.74639934455e-14,164.9,425
1106,-18.4174207,164.105961,425
1107,-36.6574715,161.731493,425
1108,-54.5444909,157.799461,425
1109,-71.9062169,152.347735,425
1110,-88.5754468,145.428816,425
1111,-104.391647,137.109339,425
1112,-119.202498,127.469424,425
1113,-132.865364,116.601908,425
1114,-145.248664,104.611453,425
1115,-156.23314,91.6135314,425
1116,-165.713006,77.7333219,425
1117,-173.596964,63.104498,425
1118,-179.809089,47.8679433,425
1119,-184.289554,32.1703941,425
1120,-186.99521,16.1630264,425
1121,-187.9,4.28272218625e-14,425
1122,-186.99521,-16.1630264,425
1123,-184.289554,-32.1703941,425
1124,-179.809089,-47.8679433,425
1125,-173.596964,-63.104498,425
1126,-165.713006,-77.7333219,425
1127,-156.23314,-91.6135314,425
1128,-145.248664,-104.611453,425
1129,-132.865364,-116.601908,425
1130,-119.202498,-127.469424,425
1131,-104.391647,-137.109339,425
1132,-88.5754468,-145.428816,425
1133,-71.9062169,-152.347735,425
1134,-54.5444909,-157.799461,425
1135,-36.6574715,-161.731493,425
1136,-18.4174207,-164.105961,425
1137,-3.6285104483e-14,-164.9,425
1138,18.4174207,-164.105961,425
1139,36.6574715,-161.731493,425
1140,54.5444909,-157.799461,425
1141,71.9062169,-152.347735,425
1142,88.5754468,-145.428816,425
1143,104.391647,-137.109339,425
1144,119.202498,-127.469424,425
1145,132.865364,-116.601908,425
1146,145.248664,-104.611453,425
1147,156.23314,-91.6135314,425
1148,165.713006,-77.7333219,425
1149,173.596964,-63.104498,425
1150,179.809089,-47.8679433,425
1151,184.289554,-32.1703941,425
1152,186.99521,-16.1630264,425
1153,187.9,-2.32409210009e-15,450
1154,186.99521,16.1630264,450
1155,184.289554,32.1703941,450
1156,179.809089,47.8679433,450
1157,173.596964,63.104498,450
1158,165.713006,77.7333219,450
1159,156.23314,91.6135314,450
1160,145.248664,104.611453,450
1161,132.865364,116.601908,450
1162,119.202498,127.469424,450
1163,104.391647,137.109339,450
1164,88.5754468,145.428816,450
1165,71.9062169,152.347735,450
1166,54.5444909,157.799461,450
1167,36.6574715,161.731493,450
1168,18.4174207,164.105961,450
1169,1.69321340746e-14,164.9,450
1170,-18.4174207,164.105961,450
1171,-36.6574715,161.731493,450
1172,-54.5444909,157.799461,450
1173,-71.9062169,152.347735,450
1174,-88.5754468,145.428816,450
1175,-104.391647,137.109339,450
1176,-119.202498,127.469424,450
1177,-132.865364,116.601908,450
1178,-145.248664,104.611453,450
1179,-156.23314,91.6135314,450
1180,-165.713006,77.7333219,450
1181,-173.596964,63.104498,450
1182,-179.809089,47.8679433,450
1183,-184.289554,32.1703941,450
1184,-186.99521,16.1630264,450
1185,-187.9,4.14651146735e-14,450
1186,-186.99521,-16.1630264,450
1187,-184.289554,-32.1703941,450
1188,-179.809089,-47.8679433,450
1189,-173.596964,-63.104498,450
1190,-165.713006,-77.7333219,450
1191,-156.23314,-91.6135314,450
1192,-145.248664,-104.611453,450
1193,-132.865364,-116.601908,450
1194,-119.202498,-127.469424,450
1195,-104.391647,-137.109339,450
1196,-88.5754468,-145.428816,450
1197,-71.9062169,-152.347735,450
1198,-54.5444909,-157.799461,450
1199,-36.6574715,-161.731493,450
1200,-18.4174207,-164.105961,450
1201,-3.57479650609e-14,-164.9,450
1202,18.4174207,-164.105961,450
1203,36.6574715,-161.731493,450
1204,54.5444909,-157.799461,450
1205,71.9062169,-152.347735,450
1206,88.5754468,-145.428816,450
1207,104.391647,-137.109339,450
1208,119.202498,-127.469424,450
1209,132.865364,-116.601908,450
1210,145.248664,-104.611453,450
1211,156.23314,-91.6135314,450
1212,165.713006,-77.7333219,450
1213,173.596964,-63.104498,450
1214,179.809089,-47.8679433,450
1215,184.289554,-32.1703941,450
1216,186.99521,-16.1630264,450
1217,187.9,-2.95702203184e-16,475
1218,186.99521,16.1630264,475
1219,184.289554,32.1703941,475
1220,179.809089,47.8679433,475
1221,173.596964,63.104498,475
1222,165.713006,77.7333219,475
1223,156.23314,91.6135314,475
1224,145.248664,104.611453,475
1225,132.865364,116.601908,475
1226,119.202498,127.469424,475
1227,104.391647,137.109339,475
1228,88.5754468,145.428816,475
1229,71.9062169,152.347735,475
1230,54.5444909,157.799461,475
1231,36.6574715,161.731493,475
1232,18.4174207,164.105961,475
1233,1.59717558776e-14,164.9,475
1234,-18.4174207,164.105961,475
1235,-36.6574715,161.731493,475
1236,-54.5444909,157.799461,475
1237,-71.9062169,152.347735,475
1238,-88.5754468,145.428816,475
1239,-104.391647,137.109339,475
1240,-119.202498,127.469424,475
1241,-132.865364,116.601908,475
1242,-145.248664,104.611453,475
1243,-156.23314,91.6135314,475
1244,-165.713006,77.7333219,475
1245,-173.596964,63.104498,475
1246,-179.809089,47.8679433,475
1247,-184.289554,32.1703941,475
1248,-186.99521,16.1630264,475
1249,-187.9,4.18431928227e-14,475
1250,-186.99521,-16.1630264,475
1251,-184.289554,-32.1703941,475
1252,-179.809089,-47.8679433,475
1253,-173.596964,-63.104498,475
1254,-165.713006,-77.7333219,475
1255,-156.23314,-91.6135314,475
1256,-145.248664,-104.611453,475
1257,-132.865364,-116.601908,475
1258,-119.202498,-127.469424,475
1259,-104.391647,-137.109339,475
1260,-88.5754468,-145.428816,475
1261,-71.9062169,-152.347735,475
1262,-54.5444909,-157.799461,475
1263,-36.6574715,-161.731493,475
1264,-18.4174207,-164.105961,475
1265,-3.5409783247e-14,-164.9,475
1266,18.4174207,-164.105961,475
1267,36.6574715,-161.731493,475
1268,54.5444909,-157.799461,475
1269,71.9062169,-152.347735,475
1270,88.5754468,-145.428816,475
1271,104.391647,-137.109339,475
1272,119.202498,-127.469424,475
1273,132.865364,-116.601908,475
1274,145.248664,-104.611453,475
1275,156.23314,-91.6135314,475
1276,165.713006,-77.7333219,475
1277,173.596964,-63.104498,475
1278,179.809089,-47.8679433,475
1279,184.289554,-32.1703941,475
1280,186.99521,-16.1630264,475
1281,187.9,-1.1560928503e-15,500
1282,186.99521,16.1630264,500
1283,184.289554,32.1703941,500
1284,179.809089,47.8679433,500
1285,173.596964,63.104498,500
1286,165.713006,77.7333219,500
1287,156.23314,91.6135314,500
1288,145.248664,104.611453,500
1289,132.865364,116.601908,500
1290,119.202498,127.469424,500
1291,104.391647,137.109339,500
1292,88.5754468,145.428816,500
1293,71.9062169,152.347735,500
1294,54.5444909,157.799461,500
1295,36.6574715,161.731493,500
1296,18.4174207,164.105961,500
1297,1.54668183581e-14,164.9,500
1298,-18.4174207,164.105961,500
1299,-36.6574715,161.731493,500
1300,-54.5444909,157.799461,500
1301,-71.9062169,152.347735,500
1302,-88.5754468,145.428816,500
1303,-104.391647,137.109339,500
1304,-119.202498,127.469424,500
1305,-132.865364,116.601908,500
1306,-145.248664,104.611453,500
1307,-156.23314,91.6135314,500
1308,-165.713006,77.7333219,500
1309,-173.596964,63.104498,500
1310,-179.809089,47.8679433,500
1311,-184.289554,32.1703941,500
1312,-186.99521,16.1630264,500
1313,-187.9,4.08351029466e-14,500
1314,-186.99521,-16.1630264,500
1315,-184.289554,-32.1703941,500
1316,-179.809089,-47.8679433,500
1317,-173.596964,-63.104498,500
1318,-165.713006,-77.7333219,500
1319,-156.23314,-91.6135314,500
1320,-145.248664,-104.611453,500
1321,-132.865364,-116.601908,500
1322,-119.202498,-127.469424,500
1323,-104.391647,-137.109339,500
1324,-88.5754468,-145.428816,500
1325,-71.9062169,-152.347735,500
1326,-54.5444909,-157.799461,500
1327,-36.6574715,-161.731493,500
1328,-18.4174207,-164.105961,500
1329,-3.62691468071e-14,-164.9,500
1330,18.4174207,-164.105961,500
1331,36.6574715,-161.731493,500
1332,54.5444909,-157.799461,500
1333,71.9062169,-152.347735,500
1334,88.5754468,-145.428816,500
1335,104.391647,-137.109339,500
1336,119.202498,-127.469424,500
1337,132.865364,-116.601908,500
1338,145.248664,-104.611453,500
1339,156.23314,-91.6135314,500
1340,165.713006,-77.7333219,500
1341,173.596964,-63.104498,500
1342,179.809089,-47.8679433,500
1343,184.289554,-32.1703941,500
1344,186.99521,-16.1630264,500
1345,187.9,-2.78918943972e-17,525
1346,186.99521,16.1630264,525
1347,184.289554,32.1703941,525
1348,179.809089,47.8679433,525
1349,173.596964,63.104498,525
1350,165.713006,77.7333219,525
1351,156.23314,91.6135314,525
1352,145.248664,104.611453,525
1353,132.865364,116.601908,525
1354,119.202498,127.469424,525
1355,104.391647,137.109339,525
1356,88.5754468,145.428816,525
1357,71.9062169,152.347735,525
1358,54.5444909,157.799461,525
1359,36.6574715,161.731493,525
1360,18.4174207,164.105961,525
1361,1.28285137349e-14,164.9,525
1362,-18.4174207,164.105961,525
1363,-36.6574715,161.731493,525
1364,-54.5444909,157.799461,525
1365,-71.9062169,152.347735,525
1366,-88.5754468,145.428816,525
1367,-104.391647,137.109339,525
1368,-119.202498,127.469424,525
1369,-132.865364,116.601908,525
1370,-145.248664,104.611453,525
1371,-156.23314,91.6135314,525
1372,-165.713006,77.7333219,525
1373,-173.596964,63.104498,525
1374,-179.809089,47.8679433,525
1375,-184.289554,32.1703941,525
1376,-186.99521,16.1630264,525
1377,-187.9,4.2145452037e-14,525
1378,-186.99521,-16.1630264,525
1379,-184.289554,-32.1703941,525
1380,-179.809089,-47.8679433,525
1381,-173.596964,-63.104498,525
1382,-165.713006,-77.7333219,525
1383,-156.23314,-91.6135314,525
1384,-145.248664,-104.611453,525
1385,-132.865364,-116.601908,525
1386,-119.202498,-127.469424,525
1387,-104.391647,-137.109339,525
1388,-88.5754468,-145.428816,525
1389,-71.9062169,-152.347735,525
1390,-54.5444909,-157.799461,525
1391,-36.6574715,-161.731493,525
1392,-18.4174207,-164.105961,525
1393,-3.49732076851e-14,-164.9,525
1394,18.4174207,-164.105961,525
1395,36.6574715,-161.731493,525
1396,54.5444909,-157.799461,525
1397,71.9062169,-152.347735,525
1398,88.5754468,-145.428816,525
1399,104.391647,-137.109339,525
1400,119.202498,-127.469424,525
1401,132.865364,-116.601908,525
1402,145.248664,-104.611453,525
1403,156.23314,-91.6135314,525
1404,165.713006,-77.7333219,525
1405,173.596964,-63.104498,525
1406,179.809089,-47.8679433,525
1407,184.289554,-32.1703941,525
1408,186.99521,-16.1630264,525
1409,187.9,-1.35960212226e-15,550
1410,186.99521,16.1630264,550
1411,184.289554,32.1703941,550
1412,179.809089,47.8679433,550
1413,173.596964,63.104498,550
1414,165.713006,77.7333219,550
1415,156.23314,91.6135314,550
1416,145.248664,104.611453,550
1417,132.865364,116.601908,550
1418,119.202498,127.469424,550
1419,104.391647,137.109339,550
1420,88.5754468,145.428816,550
1421,71.9062169,152.347735,550
1422,54.5444909,157.799461,550
1423,36.6574715,161.731493,550
1424,18.4174207,164.105961,550
1425,1.18475433241e-14,164.9,550
1426,-18.4174207,164.105961,550
1427,-36.6574715,161.731493,550
1428,-54.5444909,157.799461,550
1429,-71.9062169,152.347735,550
1430,-88.5754468,145.428816,550
1431,-104.391647,137.109339,550
1432,-119.202498,127.469424,550
1433,-132.865364,116.601908,550
1434,-145.248664,104.611453,550
1435,-156.23314,91.6135314,550
1436,-165.713006,77.7333219,550
1437,-173.596964,63.104498,550
1438,-179.809089,47.8679433,550
1439,-184.289554,32.1703941,550
1440,-186.99521,16.1630264,550
1441,-187.9,4.2524716061e-14,550
1442,-186.99521,-16.1630264,550
1443,-184.289554,-32.1703941,550
1444,-179.809089,-47.8679433,550
1445,-173.596964,-63.104498,550
1446,-165.713006,-77.7333219,550
1447,-156.23314,-91.6135314,550
1448,-145.248664,-104.611453,550
1449,-132.865364,-116.601908,550
1450,-119.202498,-127.469424,550
1451,-104.391647,-137.109339,550
1452,-88.5754468,-145.428816,550
1453,-71.9062169,-152.347735,550
1454,-54.5444909,-157.799461,550
1455,-36.6574715,-161.731493,550
1456,-18.4174207,-164.105961,550
1457,-3.39736148863e-14,-164.9,550
1458,18.4174207,-164.105961,550
1459,36.6574715,-161.731493,550
1460,54.5444909,-157.799461,550
1461,71.9062169,-152.347735,550
1462,88.5754468,-145.428816,550
1463,104.391647,-137.109339,550
1464,119.202498,-127.469424,550
1465,132.865364,-116.601908,550
1466,145.248664,-104.611453,550
1467,156.23314,-91.6135314,550
1468,165.713006,-77.7333219,550
1469,173.596964,-63.104498,550
1470,179.809089,-47.8679433,550
1471,184.289554,-32.1703941,550
1472,186.99521,-16.1630264,550
1473,187.9,-1.45474201927e-15,575
1474,186.99521,16.1630264,575
1475,184.289554,32.1703941,575
1476,179.809089,47.8679433,575
1477,173.596964,63.104498,575
1478,165.713006,77.7333219,575
1479,156.23314,91.6135314,575
1480,145.248664,104.611453,575
1481,132.865364,116.601908,575
1482,119.202498,127.469424,575
1483,104.391647,137.109339,575
1484,88.5754468,145.428816,575
1485,71.9062169,152.347735,575
1486,54.5444909,157.799461,575
1487,36.6574715,161.731493,575
1488,18.4174207,164.105961,575
1489,1.29048845033e-14,164.9,575
1490,-18.4174207,164.105961,575
1491,-36.6574715,161.731493,575
1492,-54.5444909,157.799461,575
1493,-71.9062169,152.347735,575
1494,-88.5754468,145.428816,575
1495,-104.391647,137.109339,575
1496,-119.202498,127.469424,575
1497,-132.865364,116.601908,575
1498,-145.248664,104.611453,575
1499,-156.23314,91.6135314,575
1500,-165.713006,77.7333219,575
1501,-173.596964,63.104498,575
1502,-179.809089,47.8679433,575
1503,-184.289554,32.1703941,575
1504,-186.99521,16.1630264,575
1505,-187.9,4.23623566203e-14,575
1506,-186.99521,-16.1630264,575
1507,-184.289554,-32.1703941,575
1508,-179.809089,-47.8679433,575
1509,-173.596964,-63.104498,575
1510,-165.713006,-77.7333219,575
1511,-156.23314,-91.6135314,575
1512,-145.248664,-104.611453,575
1513,-132.865364,-116.601908,575
1514,-119.202498,-127.469424,575
1515,-104.391647,-137.109339,575
1516,-88.5754468,-145.428816,575
1517,-71.9062169,-152.347735,575
1518,-54.5444909,-157.799461,575
1519,-36.6574715,-161.731493,575
1520,-18.4174207,-164.105961,575
1521,-3.33848486784e-14,-164.9,575
1522,18.4174207,-164.105961,575
1523,36.6574715,-161.731493,575
1524,54.5444909,-157.799461,575
1525,71.9062169,-152.347735,575
1526,88.5754468,-145.428816,575
1527,104.391647,-137.109339,575
1528,119.202498,-127.469424,575
1529,132.865364,-116.601908,575
1530,145.248664,-104.611453,575
1531,156.23314,-91.6135314,575
1532,165.713006,-77.7333219,575
1533,173.596964,-63.104498,575
1534,179.809089,-47.8679433,575
1535,184.289554,-32.1703941,575
1536,186.99521,-16.1630264,575
1537,187.9,-1.60081740106e-15,600
1538,186.99521,16.1630264,600
1539,184.289554,32.1703941,600
1540,179.809089,47.8679433,600
1541,173.596964,63.104498,600
1542,165.713006,77.7333219,600
1543,156.23314,91.6135314,600
1544,145.248664,104.611453,600
1545,132.865364,116.601908,600
1546,119.202498,127.469424,600
1547,104.391647,137.109339,600
1548,88.5754468,145.428816,600
1549,71.9062169,152.347735,600
1550,54.5444909,157.799461,600
1551,36.6574715,161.731493,600
1552,18.4174207,164.105961,600
1553,1.11816088747e-14,164.9,600
1554,-18.4174207,164.105961,600
1555,-36.6574715,161.731493,600
1556,-54.5444909,157.799461,600
1557,-71.9062169,152.347735,600
1558,-88.5754468,145.428816,600
1559,-104.391647,137.109339,600
1560,-119.202498,127.469424,600
1561,-132.865364,116.601908,600
1562,-145.248664,104.611453,600
1563,-156.23314,91.6135314,600
1564,-165.713006,77.7333219,600
1565,-173.596964,63.104498,600
1566,-179.809089,47.8679433,600
1567,-184.289554,32.1703941,600
1568,-186.99521,16.1630264,600
1569,-187.9,4.20244970857e-14,600
1570,-186.99521,-16.1630264,600
1571,-184.289554,-32.1703941,600
1572,-179.809089,-47.8679433,600
1573,-173.596964,-63.104498,600
1574,-165.713006,-77.7333219,600
1575,-156.23314,-91.6135314,600
1576,-145.248664,-104.611453,600
1577,-132.865364,-116.601908,600
1578,-119.202498,-127.469424,600
1579,-104.391647,-137.109339,600
1580,-88.5754468,-145.428816,600
1581,-71.9062169,-152.347735,600
1582,-54.5444909,-157.799461,600
1583,-36.6574715,-161.731493,600
1584,-18.4174207,-164.105961,600
1585,-3.4837057857e-14,-164.9,600
1586,18.4174207,-164.105961,600
1587,36.6574715,-161.731493,600
1588,54.5444909,-157.799461,600
1589,71.9062169,-152.347735,600
1590,88.5754468,-145.428816,600
1591,104.391647,-137.109339,600
1592,119.202498,-127.469424,600
1593,132.865364,-116.601908,600
1594,145.248664,-104.611453,600
1595,156.23314,-91.6135314,600
1596,165.713006,-77.7333219,600
1597,173.596964,-63.104498,600
1598,179.809089,-47.8679433,600
1599,184.289554,-32.1703941,600
1600,186.99521,-16.1630264,600
1601,187.9,-1.5524983618e-15,625
1602,186.99521,16.1630264,625
1603,184.289554,32.1703941,625
1604,179.809089,47.8679433,625
1605,173.596964,63.104498,625
1606,165.713006,77.7333219,625
1607,156.23314,91.6135314,625
1608,145.248664,104.611453,625
1609,132.865364,116.601908,625
1610,119.202498,127.469424,625
1611,104.391647,137.109339,625
1612,88.5754468,145.428816,625
1613,71.9062169,152.347735,625
1614,54.5444909,157.799461,625
1615,36.6574715,161.731493,625
1616,18.4174207,164.105961,625
1617,1.03851830265e-14,164.9,625
1618,-18.4174207,164.105961,625
1619,-36.6574715,161.731493,625
1620,-54.5444909,157.799461,625
1621,-71.9062169,152.347735,625
1622,-88.5754468,145.428816,625
1623,-104.391647,137.109339,625
1624,-119.202498,127.469424,625
1625,-132.865364,116.601908,625
1626,-145.248664,104.611453,625
1627,-156.23314,91.6135314,625
1628,-165.713006,77.7333219,625
1629,-173.596964,63.104498,625
1630,-179.809089,47.8679433,625
1631,-184.289554,32.1703941,625
1632,-186.99521,16.1630264,625
1633,-187.9,4.38135302874e-14,625
1634,-186.99521,-16.1630264,625
1635,-184.289554,-32.1703941,625
1636,-179.809089,-47.8679433,625
1637,-173.596964,-63.104498,625
1638,-165.713006,-77.7333219,625
1639,-156.23314,-91.6135314,625
1640,-145.248664,-104.611453,625
1641,-132.865364,-116.601908,625
1642,-119.202498,-127.469424,625
1643,-104.391647,-137.109339,625
1644,-88.5754468,-145.428816,625
1645,-71.9062169,-152.347735,625
1646,-54.5444909,-157.799461,625
1647,-36.6574715,-161.731493,625
1648,-18.4174207,-164.105961,625
1649,-3.55944534064e-14,-164.9,625
1650,18.4174207,-164.105961,625
1651,36.6574715,-161.731493,625
1652,54.5444909,-157.799461,625
1653,71.9062169,-152.347735,625
1654,88.5754468,-145.428816,625
1655,104.391647,-137.109339,625
1656,119.202498,-127.469424,625
1657,132.865364,-116.601908,625
1658,145.248664,-104.611453,625
1659,156.23314,-91.6135314,625
1660,165.713006,-77.7333219,625
1661,173.596964,-63.104498,625
1662,179.809089,-47.8679433,625
1663,184.289554,-32.1703941,625
1664,186.99521,-16.1630264,625
1665,187.9,0,650
1666,186.99521,16.1630264,650
1667,184.289554,32.1703941,650
1668,179.809089,47.8679433,650
1669,173.596964,63.104498,650
1670,165.713006,77.7333219,650
1671,156.23314,91.6135314,650
1672,145.248664,104.611453,650
1673,132.865364,116.601908,650
1674,119.202498,127.469424,650
1675,104.391647,137.109339,650
1676,88.5754468,145.428816,650
1677,71.9062169,152.347735,650
1678,54.5444909,157.799461,650
1679,36.6574715,161.731493,650
1680,18.4174207,164.105961,650
1681,1.15055567e-14,164.9,650
1682,-18.4174207,164.105961,650
1683,-36.6574715,161.731493,650
1684,-54.5444909,157.799461,650
1685,-71.9062169,152.347735,650
1686,-88.5754468,145.428816,650
1687,-104.391647,137.109339,650
1688,-119.202498,127.469424,650
1689,-132.865364,116.601908,650
1690,-145.248664,104.611453,650
1691,-156.23314,91.6135314,650
1692,-165.713006,77.7333219,650
1693,-173.596964,63.104498,650
1694,-179.809089,47.8679433,650
1695,-184.289554,32.1703941,650
1696,-186.99521,16.1630264,650
1697,-187.9,4.3762714544e-14,650
1698,-186.99521,-16.1630264,650
1699,-184.289554,-32.1703941,650
1700,-179.809089,-47.8679433,650
1701,-173.596964,-63.104498,650
1702,-165.713006,-77.7333219,650
1703,-156.23314,-91.6135314,650
1704,-145.248664,-104.611453,650
1705,-132.865364,-116.601908,650
1706,-119.202498,-127.469424,650
1707,-104.391647,-137.109339,650
1708,-88.5754468,-145.428816,650
1709,-71.9062169,-152.347735,650
1710,-54.5444909,-157.799461,650
1711,-36.6574715,-161.731493,650
1712,-18.4174207,-164.105961,650
1713,-3.451667e-14,-164.9,650
1714,18.4174207,-164.105961,650
1715,36.6574715,-161.731493,650
1716,54.5444909,-157.799461,650
1717,71.9062169,-152.347735,650
1718,88.5754468,-145.428816,650
1719,104.391647,-137.109339,650
1720,119.202498,-127.469424,650
1721,132.865364,-116.601908,650
1722,145.248664,-104.611453,650
1723,156.23314,-91.6135314,650
1724,165.713006,-77.7333219,650
1725,173.596964,-63.104498,650
1726,179.809089,-47.8679433,650
1727,184.289554,-32.1703941,650
1728,186.99521,-16.1630264,650

===== beginning time step 3 : 0.075 =====


Reforming stiffness matrix: reformation #1

 1
 Nonlinear solution status: time= 0.075
	stiffness updates             = 0
	right hand side evaluations   = 2
	stiffness matrix reformations = 1
	step from line search         = 1.000000
	convergence norms :     INITIAL         CURRENT         REQUIRED
	   residual            4.212478e+05    1.556681e-08    4.212478e+02 
	   energy              8.026568e+02    1.529141e-04    8.026568e-02 
	   displacement        1.562713e+00    1.562713e+00    6.250853e-04 
 2
 Nonlinear solution status: time= 0.075
	stiffness updates             = 1
	right hand side evaluations   = 3
	stiffness matrix reformations = 1
	step from line search         = 1.000000
	convergence norms :     INITIAL         CURRENT         REQUIRED
	   residual            4.212478e+05    5.754498e-17    4.212478e+02 
	   energy              8.026568e+02    1.749188e-15    8.026568e-02 
	   displacement        1.562713e+00    6.437844e-14    6.250850e-04 

convergence summary
    number of iterations   : 2
    number of reformations : 1

------- converged at time : 0.075


Data Record #1
===========================================================================
Step = 3
Time = 0.075
Data = shirt_final_coordinates
1,187.9,6.06690448019e-15,3.79973459157e-15
2,186.99521,16.1630264,5.59276249141e-15
3,184.289554,32.1703941,1.1736201388e-14
4,179.809089,47.8679433,1.25670211749e-14
5,173.596964,63.104498,1.89639859103e-14
6,165.713006,77.7333219,1.67221704922e-14
7,156.23314,91.6135314,2.08523636933e-14
8,145.248664,104.611453,2.21055644493e-14
9,132.865364,116.601908,2.49967663399e-14
10,119.202498,127.469424,2.47161966243e-14
11,104.391647,137.109339,2.53240826773e-14
12,88.5754468,145.428816,2.30793413995e-14
13,71.9062169,152.347735,2.53682626388e-14
14,54.5444909,157.799461,2.64751389799e-14
15,36.6574715,161.731493,2.810570461e-14
16,18.4174207,164.105961,3.13859577636e-14
17,1.47184282161e-14,164.9,3.08388651764e-14
18,-18.4174207,164.105961,3.18864801627e-14
19,-36.6574715,161.731493,3.05103494434e-14
20,-54.5444909,157.799461,2.60215028323e-14
21,-71.9062169,152.347735,2.6855501261e-14
22,-88.5754468,145.428816,2.49481486859e-14
23,-104.391647,137.109339,2.93496947732e-14
24,-119.202498,127.469424,2.78829934529e-14
25,-132.865364,116.601908,2.83844651127e-14
26,-145.248664,104.611453,2.70898111809e-14
27,-156.23314,91.6135314,2.04082232025e-14
28,-165.713006,77.7333219,1.63710726694e-14
29,-173.596964,63.104498,2.35286983393e-14
30,-179.809089,47.8679433,2.24294118165e-14
31,-184.289554,32.1703941,2.0743823754e-14
32,-186.99521,16.1630264,1.88111540446e-14
33,-187.9,7.30150085429e-14,1.58279348398e-14
34,-186.99521,-16.1630264,1.78608478972e-14
35,-184.289554,-32.1703941,2.0169733e-14
36,-179.809089,-47.8679433,2.34524880048e-14
37,-173.596964,-63.104498,2.4836579919e-14
38,-165.713006,-77.7333219,1.78824023473e-14
39,-156.23314,-91.6135314,2.09069140085e-14
40,-145.248664,-104.611453,2.18337686654e-14
41,-132.865364,-116.601908,2.117733973e-14
42,-119.202498,-127.469424,1.47132109333e-14
43,-104.391647,-137.109339,9.76880287888e-15
44,-88.5754468,-145.428816,9.60313303831e-15
45,-71.9062169,-152.347735,7.39382757178e-15
46,-54.5444909,-157.799461,5.52986734057e-15
47,-36.6574715,-161.731493,4.69528901499e-15
48,-18.4174207,-164.105961,9.93236226181e-15
49,-2.72148058758e-14,-164.9,9.96445125114e-15
50,18.4174207,-164.105961,1.02813182367e-14
51,36.6574715,-161.731493,7.24679661359e-15
52,54.5444909,-157.799461,1.00489972452e-14
53,71.9062169,-152.347735,1.14890637374e-14
54,88.5754468,-145.428816,1.46015420201e-14
55,104.391647,-137.109339,2.57998201643e-14
56,119.202498,-127.469424,2.58548090123e-14
57,132.865364,-116.601908,2.63583067366e-14
58,145.248664,-104.611453,2.46449448458e-14
59,156.23314,-91.6135314,2.01305844794e-14
60,165.713006,-77.7333219,1.43473306579e-14
61,173.596964,-63.104498,1.82586508591e-14
62,179.809089,-47.8679433,1.44866696046e-14
63,184.289554,-32.1703941,9.54798307604e-15
64,186.99521,-16.1630264,6.53124948648e-15
65,187.9,4.94084353951e-15,25
66,186.99521,16.1630264,25
67,184.289554,32.1703941,25
68,179.809089,47.8679433,25
69,173.596964,63.104498,25
70,165.713006,77.7333219,25
71,156.23314,91.6135314,25
72,145.248664,104.611453,25
73,132.865364,116.601908,25
74,119.202498,127.469424,25
75,104.391647,137.109339,25
76,88.5754468,145.428816,25
77,71.9062169,152.347735,25
78,54.5444909,157.799461,25
79,36.6574715,161.731493,25
80,18.4174207,164.105961,25
81,1.40218866246e-14,164.9,25
82,-18.4174207,164.105961,25
83,-36.6574715,161.731493,25
84,-54.5444909,157.799461,25
85,-71.9062169,152.347735,25
86,-88.5754468,145.428816,25
87,-104.391647,137.109339,25
88,-119.202498,127.469424,25
89,-132.865364,116.601908,25
90,-145.248664,104.611453,25
91,-156.23314,91.6135314,25
92,-165.713006,77.7333219,25
93,-173.596964,63.104498,25
94,-179.809089,47.8679433,25
95,-184.289554,32.1703941,25
96,-186.99521,16.1630264,25
97,-187.9,7.30823499901e-14,25
98,-186.99521,-16.1630264,25
99,-184.289554,-32.1703941,25
100,-179.809089,-47.8679433,25
101,-173.596964,-63.104498,25
102,-165.713006,-77.7333219,25
103,-156.23314,-91.6135314,25
104,-145.248664,-104.611453,25
105,-132.865364,-116.601908,25
106,-119.202498,-127.469424,25
107,-104.391647,-137.109339,25
108,-88.5754468,-145.428816,25
109,-71.9062169,-152.347735,25
110,-54.5444909,-157.799461,25
111,-36.6574715,-161.731493,25
112,-18.4174207,-164.105961,25
113,-2.86956795557e-14,-164.9,25
114,18.4174207,-164.105961,25
115,36.6574715,-161.731493,25
116,54.5444909,-157.799461,25
117,71.9062169,-152.347735,25
118,88.5754468,-145.428816,25
119,104.391647,-137.109339,25
120,119.202498,-127.469424,25
121,132.865364,-116.601908,25
122,145.248664,-104.611453,25
123,156.23314,-91.6135314,25
124,165.713006,-77.7333219,25
125,173.596964,-63.104498,25
126,179.809089,-47.8679433,25
127,184.289554,-32.1703941,25
128,186.99521,-16.1630264,25
129,187.9,4.77817205713e-15,50
130,186.99521,16.1630264,50
131,184.289554,32.1703941,50
132,179.809089,47.8679433,50
133,173.596964,63.104498,50
134,165.713006,77.7333219,50
135,156.23314,91.6135314,50
136,145.248664,104.611453,50
137,132.865364,116.601908,50
138,119.202498,127.469424,50
139,104.391647,137.109339,50
140,88.5754468,145.428816,50
141,71.9062169,152.347735,50
142,54.5444909,157.799461,50
143,36.6574715,161.731493,50
144,18.4174207,164.105961,50
145,1.31550342773e-14,164.9,50
146,-18.4174207,164.105961,50
147,-36.6574715,161.731493,50
148,-54.5444909,157.799461,50
149,-71.9062169,152.347735,50
150,-88.5754468,145.428816,50
151,-104.391647,137.109339,50
152,-119.202498,127.469424,50
153,-132.865364,116.601908,50
154,-145.248664,104.611453,50
155,-156.23314,91.6135314,50
156,-165.713006,77.7333219,50
157,-173.596964,63.104498,50
158,-179.809089,47.8679433,50
159,-184.289554,32.1703941,50
160,-186.99521,16.1630264,50
161,-187.9,7.46032905857e-14,50
162,-186.99521,-16.1630264,50
163,-184.289554,-32.1703941,50
164,-179.809089,-47.8679433,50
165,-173.596964,-63.104498,50
166,-165.713006,-77.7333219,50
167,-156.23314,-91.6135314,50
168,-145.248664,-104.611453,50
169,-132.865364,-116.601908,50
170,-119.202498,-127.469424,50
171,-104.391647,-137.109339,50
172,-88.5754468,-145.428816,50
173,-71.9062169,-152.347735,50
174,-54.5444909,-157.799461,50
175,-36.6574715,-161.731493,50
176,-18.4174207,-164.105961,50
177,-2.86487644638e-14,-164.9,50
178,18.4174207,-164.105961,50
179,36.6574715,-161.731493,50
180,54.5444909,-157.799461,50
181,71.9062169,-152.347735,50
182,88.5754468,-145.428816,50
183,104.391647,-137.109339,50
184,119.202498,-127.469424,50
185,132.865364,-116.601908,50
186,145.248664,-104.611453,50
187,156.23314,-91.6135314,50
188,165.713006,-77.7333219,50
189,173.596964,-63.104498,50
190,179.809089,-47.8679433,50
191,184.289554,-32.1703941,50
192,186.99521,-16.1630264,50
193,187.9,3.20695903842e-15,75
194,186.99521,16.1630264,75
195,184.289554,32.1703941,75
196,179.809089,47.8679433,75
197,173.596964,63.104498,75
198,165.713006,77.7333219,75
199,156.23314,91.6135314,75
200,145.248664,104.611453,75
201,132.865364,116.601908,75
202,119.202498,127.469424,75
203,104.391647,137.109339,75
204,88.5754468,145.428816,75
205,71.9062169,152.347735,75
206,54.5444909,157.799461,75
207,36.6574715,161.731493,75
208,18.4174207,164.105961,75
209,1.40378739227e-14,164.9,75
210,-18.4174207,164.105961,75
211,-36.6574715,161.731493,75
212,-54.5444909,157.799461,75
213,-71.9062169,152.347735,75
214,-88.5754468,145.428816,75
215,-104.391647,137.109339,75
216,-119.202498,127.469424,75
217,-132.865364,116.601908,75
218,-145.248664,104.611453,75
219,-156.23314,91.6135314,75
220,-165.713006,77.7333219,75
221,-173.596964,63.104498,75
222,-179.809089,47.8679433,75
223,-184.289554,32.1703941,75
224,-186.99521,16.1630264,75
225,-187.9,7.57102761407e-14,75
226,-186.99521,-16.1630264,75
227,-184.289554,-32.1703941,75
228,-179.809089,-47.8679433,75
229,-173.596964,-63.104498,75
230,-165.713006,-77.7333219,75
231,-156.23314,-91.6135314,75
232,-145.248664,-104.611453,75
233,-132.865364,-116.601908,75
234,-119.202498,-127.469424,75
235,-104.391647,-137.109339,75
236,-88.5754468,-145.428816,75
237,-71.9062169,-152.347735,75
238,-54.5444909,-157.799461,75
239,-36.6574715,-161.731493,75
240,-18.4174207,-164.105961,75
241,-3.01001614121e-14,-164.9,75
242,18.4174207,-164.105961,75
243,36.6574715,-161.731493,75
244,54.5444909,-157.799461,75
245,71.9062169,-152.347735,75
246,88.5754468,-145.428816,75
247,104.391647,-137.109339,75
248,119.202498,-127.469424,75
249,132.865364,-116.601908,75
250,145.248664,-104.611453,75
251,156.23314,-91.6135314,75
252,165.713006,-77.7333219,75
253,173.596964,-63.104498,75
254,179.809089,-47.8679433,75
255,184.289554,-32.1703941,75
256,186.99521,-16.1630264,75
257,187.9,3.41057168489e-15,100
258,186.99521,16.1630264,100
259,184.289554,32.1703941,100
260,179.809089,47.8679433,100
261,173.596964,63.104498,100
262,165.713006,77.7333219,100
263,156.23314,91.6135314,100
264,145.248664,104.611453,100
265,132.865364,116.601908,100
266,119.202498,127.469424,100
267,104.391647,137.109339,100
268,88.5754468,145.428816,100
269,71.9062169,152.347735,100
270,54.5444909,157.799461,100
271,36.6574715,161.731493,100
272,18.4174207,164.105961,100
273,1.22410497261e-14,164.9,100
274,-18.4174207,164.105961,100
275,-36.6574715,161.731493,100
276,-54.5444909,157.799461,100
277,-71.9062169,152.347735,100
278,-88.5754468,145.428816,100
279,-104.391647,137.109339,100
280,-119.202498,127.469424,100
281,-132.865364,116.601908,100
282,-145.248664,104.611453,100
283,-156.23314,91.6135314,100
284,-165.713006,77.7333219,100
285,-173.596964,63.104498,100
286,-179.809089,47.8679433,100
287,-184.289554,32.1703941,100
288,-186.99521,16.1630264,100
289,-187.9,7.75022727779e-14,100
290,-186.99521,-16.1630264,100
291,-184.289554,-32.1703941,100
292,-179.809089,-47.8679433,100
293,-173.596964,-63.104498,100
294,-165.713006,-77.7333219,100
295,-156.23314,-91.6135314,100
296,-145.248664,-104.611453,100
297,-132.865364,-116.601908,100
298,-119.202498,-127.469424,100
299,-104.391647,-137.109339,100
300,-88.5754468,-145.428816,100
301,-71.9062169,-152.347735,100
302,-54.5444909,-157.799461,100
303,-36.6574715,-161.731493,100
304,-18.4174207,-164.105961,100
305,-3.31389283094e-14,-164.9,100
306,18.4174207,-164.105961,100
307,36.6574715,-161.731493,100
308,54.5444909,-157.799461,100
309,71.9062169,-152.347735,100
310,88.5754468,-145.428816,100
311,104.391647,-137.109339,100
312,119.202498,-127.469424,100
313,132.865364,-116.601908,100
314,145.248664,-104.611453,100
315,156.23314,-91.6135314,100
316,165.713006,-77.7333219,100
317,173.596964,-63.104498,100
318,179.809089,-47.8679433,100
319,184.289554,-32.1703941,100
320,186.99521,-16.1630264,100
321,187.9,4.36562066226e-15,125
322,186.99521,16.1630264,125
323,184.289554,32.1703941,125
324,179.809089,47.8679433,125
325,173.596964,63.104498,125
326,165.713006,77.7333219,125
327,156.23314,91.6135314,125
328,145.248664,104.611453,125
329,132.865364,116.601908,125
330,119.202498,127.469424,125
331,104.391647,137.109339,125
332,88.5754468,145.428816,125
333,71.9062169,152.347735,125
334,54.5444909,157.799461,125
335,36.6574715,161.731493,125
336,18.4174207,164.105961,125
337,1.29462167302e-14,164.9,125
338,-18.4174207,164.105961,125
339,-36.6574715,161.731493,125
340,-54.5444909,157.799461,125
341,-71.9062169,152.347735,125
342,-88.5754468,145.428816,125
343,-104.391647,137.109339,125
344,-119.202498,127.469424,125
345,-132.865364,116.601908,125
346,-145.248664,104.611453,125
347,-156.23314,91.6135314,125
348,-165.713006,77.7333219,125
349,-173.596964,63.104498,125
350,-179.809089,47.8679433,125
351,-184.289554,32.1703941,125
352,-186.99521,16.1630264,125
353,-187.9,7.47054531368e-14,125
354,-186.99521,-16.1630264,125
355,-184.289554,-32.1703941,125
356,-179.809089,-47.8679433,125
357,-173.596964,-63.104498,125
358,-165.713006,-77.7333219,125
359,-156.23314,-91.6135314,125
360,-145.248664,-104.611453,125
361,-132.865364,-116.601908,125
362,-119.202498,-127.469424,125
363,-104.391647,-137.109339,125
364,-88.5754468,-145.428816,125
365,-71.9062169,-152.347735,125
366,-54.5444909,-157.799461,125
367,-36.6574715,-161.731493,125
368,-18.4174207,-164.105961,125
369,-3.15998296967e-14,-164.9,125
370,18.4174207,-164.105961,125
371,36.6574715,-161.731493,125
372,54.5444909,-157.799461,125
373,71.9062169,-152.347735,125
374,88.5754468,-145.428816,125
375,104.391647,-137.109339,125
376,119.202498,-127.469424,125
377,132.865364,-116.601908,125
378,145.248664,-104.611453,125
379,156.23314,-91.6135314,125
380,165.713006,-77.7333219,125
381,173.596964,-63.104498,125
382,179.809089,-47.8679433,125
383,184.289554,-32.1703941,125
384,186.99521,-16.1630264,125
385,187.9,2.85481768255e-15,150
386,186.99521,16.1630264,150
387,184.289554,32.1703941,150
388,179.809089,47.8679433,150
389,173.596964,63.104498,150
390,165.713006,77.7333219,150
391,156.23314,91.6135314,150
392,145.248664,104.611453,150
393,132.865364,116.601908,150
394,119.202498,127.469424,150
395,104.391647,137.109339,150
396,88.5754468,145.428816,150
397,71.9062169,152.347735,150
398,54.5444909,157.799461,150
399,36.6574715,161.731493,150
400,18.4174207,164.105961,150
401,1.39646726944e-14,164.9,150
402,-18.4174207,164.105961,150
403,-36.6574715,161.731493,150
404,-54.5444909,157.799461,150
405,-71.9062169,152.347735,150
406,-88.5754468,145.428816,150
407,-104.391647,137.109339,150
408,-119.202498,127.469424,150
409,-132.865364,116.601908,150
410,-145.248664,104.611453,150
411,-156.23314,91.6135314,150
412,-165.713006,77.7333219,150
413,-173.596964,63.104498,150
414,-179.809089,47.8679433,150
415,-184.289554,32.1703941,150
416,-186.99521,16.1630264,150
417,-187.9,7.37645124818e-14,150
418,-186.99521,-16.1630264,150
419,-184.289554,-32.1703941,150
420,-179.809089,-47.8679433,150
421,-173.596964,-63.104498,150
422,-165.713006,-77.7333219,150
423,-156.23314,-91.6135314,150
424,-145.248664,-104.611453,150
425,-132.865364,-116.601908,150
426,-119.202498,-127.469424,150
427,-104.391647,-137.109339,150
428,-88.5754468,-145.428816,150
429,-71.9062169,-152.347735,150
430,-54.5444909,-157.799461,150
431,-36.6574715,-161.731493,150
432,-18.4174207,-164.105961,150
433,-3.33377801502e-14,-164.9,150
434,18.4174207,-164.105961,150
435,36.6574715,-161.731493,150
436,54.5444909,-157.799461,150
437,71.9062169,-152.347735,150
438,88.5754468,-145.428816,150
439,104.391647,-137.109339,150
440,119.202498,-127.469424,150
441,132.865364,-116.601908,150
442,145.248664,-104.611453,150
443,156.23314,-91.6135314,150
444,165.713006,-77.7333219,150
445,173.596964,-63.104498,150
446,179.809089,-47.8679433,150
447,184.289554,-32.1703941,150
448,186.99521,-16.1630264,150
449,187.9,3.69347952346e-15,175
450,186.99521,16.1630264,175
451,184.289554,32.1703941,175
452,179.809089,47.8679433,175
453,173.596964,63.104498,175
454,165.713006,77.7333219,175
455,156.23314,91.6135314,175
456,145.248664,104.611453,175
457,132.865364,116.601908,175
458,119.202498,127.469424,175
459,104.391647,137.109339,175
460,88.5754468,145.428816,175
461,71.9062169,152.347735,175
462,54.5444909,157.799461,175
463,36.6574715,161.731493,175
464,18.4174207,164.105961,175
465,1.44360090786e-14,164.9,175
466,-18.4174207,164.105961,175
467,-36.6574715,161.731493,175
468,-54.5444909,157.799461,175
469,-71.9062169,152.347735,175
470,-88.5754468,145.428816,175
471,-104.391647,137.109339,175
472,-119.202498,127.469424,175
473,-132.865364,116.601908,175
474,-145.248664,104.611453,175
475,-156.23314,91.6135314,175
476,-165.713006,77.7333219,175
477,-173.596964,63.104498,175
478,-179.809089,47.8679433,175
479,-184.289554,32.1703941,175
480,-186.99521,16.1630264,175
481,-187.9,7.46664365547e-14,175
482,-186.99521,-16.1630264,175
483,-184.289554,-32.1703941,175
484,-179.809089,-47.8679433,175
485,-173.596964,-63.104498,175
486,-165.713006,-77.7333219,175
487,-156.23314,-91.6135314,175
488,-145.248664,-104.611453,175
489,-132.865364,-116.601908,175
490,-119.202498,-127.469424,175
491,-104.391647,-137.109339,175
492,-88.5754468,-145.428816,175
493,-71.9062169,-152.347735,175
494,-54.5444909,-157.799461,175
495,-36.6574715,-161.731493,175
496,-18.4174207,-164.105961,175
497,-3.45808738339e-14,-164.9,175
498,18.4174207,-164.105961,175
499,36.6574715,-161.731493,175
500,54.5444909,-157.799461,175
501,71.9062169,-152.347735,175
502,88.5754468,-145.428816,175
503,104.391647,-137.109339,175
504,119.202498,-127.469424,175
505,132.865364,-116.601908,175
506,145.248664,-104.611453,175
507,156.23314,-91.6135314,175
508,165.713006,-77.7333219,175
509,173.596964,-63.104498,175
510,179.809089,-47.8679433,175
511,184.289554,-32.1703941,175
512,186.99521,-16.1630264,175
513,187.9,3.05972771375e-15,200
514,186.99521,16.1630264,200
515,184.289554,32.1703941,200
516,179.809089,47.8679433,200
517,173.596964,63.104498,200
518,165.713006,77.7333219,200
519,156.23314,91.6135314,200
520,145.248664,104.611453,200
521,132.865364,116.601908,200
522,119.202498,127.469424,200
523,104.391647,137.109339,200
524,88.5754468,145.428816,200
525,71.9062169,152.347735,200
526,54.5444909,157.799461,200
527,36.6574715,161.731493,200
528,18.4174207,164.105961,200
529,1.57561041681e-14,164.9,200
530,-18.4174207,164.105961,200
531,-36.6574715,161.731493,200
532,-54.5444909,157.799461,200
533,-71.9062169,152.347735,200
534,-88.5754468,145.428816,200
535,-104.391647,137.109339,200
536,-119.202498,127.469424,200
537,-132.865364,116.601908,200
538,-145.248664,104.611453,200
539,-156.23314,91.6135314,200
540,-165.713006,77.7333219,200
541,-173.596964,63.104498,200
542,-179.809089,47.8679433,200
543,-184.289554,32.1703941,200
544,-186.99521,16.1630264,200
545,-187.9,7.2560114264e-14,200
546,-186.99521,-16.1630264,200
547,-184.289554,-32.1703941,200
548,-179.809089,-47.8679433,200
549,-173.596964,-63.104498,200
550,-165.713006,-77.7333219,200
551,-156.23314,-91.6135314,200
552,-145.248664,-104.611453,200
553,-132.865364,-116.601908,200
554,-119.202498,-127.469424,200
555,-104.391647,-137.109339,200
556,-88.5754468,-145.428816,200
557,-71.9062169,-152.347735,200
558,-54.5444909,-157.799461,200
559,-36.6574715,-161.731493,200
560,-18.4174207,-164.105961,200
561,-3.36506114136e-14,-164.9,200
562,18.4174207,-164.105961,200
563,36.6574715,-161.731493,200
564,54.5444909,-157.799461,200
565,71.9062169,-152.347735,200
566,88.5754468,-145.428816,200
567,104.391647,-137.109339,200
568,119.202498,-127.469424,200
569,132.865364,-116.601908,200
570,145.248664,-104.611453,200
571,156.23314,-91.6135314,200
572,165.713006,-77.7333219,200
573,173.596964,-63.104498,200
574,179.809089,-47.8679433,200
575,184.289554,-32.1703941,200
576,186.99521,-16.1630264,200
577,187.9,3.72606593102e-15,225
578,186.99521,16.1630264,225
579,184.289554,32.1703941,225
580,179.809089,47.8679433,225
581,173.596964,63.104498,225
582,165.713006,77.7333219,225
583,156.23314,91.6135314,225
584,145.248664,104.611453,225
585,132.865364,116.601908,225
586,119.202498,127.469424,225
587,104.391647,137.109339,225
588,88.5754468,145.428816,225
589,71.9062169,152.347735,225
590,54.5444909,157.799461,225
591,36.6574715,161.731493,225
592,18.4174207,164.105961,225
593,1.62112044928e-14,164.9,225
594,-18.4174207,164.105961,225
595,-36.6574715,161.731493,225
596,-54.5444909,157.799461,225
597,-71.9062169,152.347735,225
598,-88.5754468,145.428816,225
599,-104.391647,137.109339,225
600,-119.202498,127.469424,225
601,-132.865364,116.601908,225
602,-145.248664,104.611453,225
603,-156.23314,91.6135314,225
604,-165.713006,77.7333219,225
605,-173.596964,63.104498,225
606,-179.809089,47.8679433,225
607,-184.289554,32.1703941,225
608,-186.99521,16.1630264,225
609,-187.9,6.96779387171e-14,225
610,-186.99521,-16.1630264,225
611,-184.289554,-32.1703941,225
612,-179.809089,-47.8679433,225
613,-173.596964,-63.104498,225
614,-165.713006,-77.7333219,225
615,-156.23314,-91.6135314,225
616,-145.248664,-104.611453,225
617,-132.865364,-116.601908,225
618,-119.202498,-127.469424,225
619,-104.391647,-137.109339,225
620,-88.5754468,-145.428816,225
621,-71.9062169,-152.347735,225
622,-54.5444909,-157.799461,225
623,-36.6574715,-161.731493,225
624,-18.4174207,-164.105961,225
625,-3.51582388824e-14,-164.9,225
626,18.4174207,-164.105961,225
627,36.6574715,-161.731493,225
628,54.5444909,-157.799461,225
629,71.9062169,-152.347735,225
630,88.5754468,-145.428816,225
631,104.391647,-137.109339,225
632,119.202498,-127.469424,225
633,132.865364,-116.601908,225
634,145.248664,-104.611453,225
635,156.23314,-91.6135314,225
636,165.713006,-77.7333219,225
637,173.596964,-63.104498,225
638,179.809089,-47.8679433,225
639,184.289554,-32.1703941,225
640,186.99521,-16.1630264,225
641,187.9,5.12336241858e-15,250
642,186.99521,16.1630264,250
643,184.289554,32.1703941,250
644,179.809089,47.8679433,250
645,173.596964,63.104498,250
646,165.713006,77.7333219,250
647,156.23314,91.6135314,250
648,145.248664,104.611453,250
649,132.865364,116.601908,250
650,119.202498,127.469424,250
651,104.391647,137.109339,250
652,88.5754468,145.428816,250
653,71.9062169,152.347735,250
654,54.5444909,157.799461,250
655,36.6574715,161.731493,250
656,18.4174207,164.105961,250
657,1.59795018248e-14,164.9,250
658,-18.4174207,164.105961,250
659,-36.6574715,161.731493,250
660,-54.5444909,157.799461,250
661,-71.9062169,152.347735,250
662,-88.5754468,145.428816,250
663,-104.391647,137.109339,250
664,-119.202498,127.469424,250
665,-132.865364,116.601908,250
666,-145.248664,104.611453,250
667,-156.23314,91.6135314,250
668,-165.713006,77.7333219,250
669,-173.596964,63.104498,250
670,-179.809089,47.8679433,250
671,-184.289554,32.1703941,250
672,-186.99521,16.1630264,250
673,-187.9,6.72930866498e-14,250
674,-186.99521,-16.1630264,250
675,-184.289554,-32.1703941,250
676,-179.809089,-47.8679433,250
677,-173.596964,-63.104498,250
678,-165.713006,-77.7333219,250
679,-156.23314,-91.6135314,250
680,-145.248664,-104.611453,250
681,-132.865364,-116.601908,250
682,-119.202498,-127.469424,250
683,-104.391647,-137.109339,250
684,-88.5754468,-145.428816,250
685,-71.9062169,-152.347735,250
686,-54.5444909,-157.799461,250
687,-36.6574715,-161.731493,250
688,-18.4174207,-164.105961,250
689,-3.41621904402e-14,-164.9,250
690,18.4174207,-164.105961,250
691,36.6574715,-161.731493,250
692,54.5444909,-157.799461,250
693,71.9062169,-152.347735,250
694,88.5754468,-145.428816,250
695,104.391647,-137.109339,250
696,119.202498,-127.469424,250
697,132.865364,-116.601908,250
698,145.248664,-104.611453,250
699,156.23314,-91.6135314,250
700,165.713006,-77.7333219,250
701,173.596964,-63.104498,250
702,179.809089,-47.8679433,250
703,184.289554,-32.1703941,250
704,186.99521,-16.1630264,250
705,187.9,4.57175754183e-15,275
706,186.99521,16.1630264,275
707,184.289554,32.1703941,275
708,179.809089,47.8679433,275
709,173.596964,63.104498,275
710,165.713006,77.7333219,275
711,156.23314,91.6135314,275
712,145.248664,104.611453,275
713,132.865364,116.601908,275
714,119.202498,127.469424,275
715,104.391647,137.109339,275
716,88.5754468,145.428816,275
717,71.9062169,152.347735,275
718,54.5444909,157.799461,275
719,36.6574715,161.731493,275
720,18.4174207,164.105961,275
721,1.626373638e-14,164.9,275
722,-18.4174207,164.105961,275
723,-36.6574715,161.731493,275
724,-54.5444909,157.799461,275
725,-71.9062169,152.347735,275
726,-88.5754468,145.428816,275
727,-104.391647,137.109339,275
728,-119.202498,127.469424,275
729,-132.865364,116.601908,275
730,-145.248664,104.611453,275
731,-156.23314,91.6135314,275
732,-165.713006,77.7333219,275
733,-173.596964,63.104498,275
734,-179.809089,47.8679433,275
735,-184.289554,32.1703941,275
736,-186.99521,16.1630264,275
737,-187.9,6.53950145757e-14,275
738,-186.99521,-16.1630264,275
739,-184.289554,-32.1703941,275
740,-179.809089,-47.8679433,275
741,-173.596964,-63.104498,275
742,-165.713006,-77.7333219,275
743,-156.23314,-91.6135314,275
744,-145.248664,-104.611453,275
745,-132.865364,-116.601908,275
746,-119.202498,-127.469424,275
747,-104.391647,-137.109339,275
748,-88.5754468,-145.428816,275
749,-71.9062169,-152.347735,275
750,-54.5444909,-157.799461,275
751,-36.6574715,-161.731493,275
752,-18.4174207,-164.105961,275
753,-3.44240950381e-14,-164.9,275
754,18.4174207,-164.105961,275
755,36.6574715,-161.731493,275
756,54.5444909,-157.799461,275
757,71.9062169,-152.347735,275
758,88.5754468,-145.428816,275
759,104.391647,-137.109339,275
760,119.202498,-127.469424,275
761,132.865364,-116.601908,275
762,145.248664,-104.611453,275
763,156.23314,-91.6135314,275
764,165.713006,-77.7333219,275
765,173.596964,-63.104498,275
766,179.809089,-47.8679433,275
767,184.289554,-32.1703941,275
768,186.99521,-16.1630264,275
769,187.9,5.80121588743e-15,300
770,186.99521,16.1630264,300
771,184.289554,32.1703941,300
772,179.809089,47.8679433,300
773,173.596964,63.104498,300
774,165.713006,77.7333219,300
775,156.23314,91.6135314,300
776,145.248664,104.611453,300
777,132.865364,116.601908,300
778,119.202498,127.469424,300
779,104.391647,137.109339,300
780,88.5754468,145.428816,300
781,71.9062169,152.347735,300
782,54.5444909,157.799461,300
783,36.6574715,161.731493,300
784,18.4174207,164.105961,300
785,1.58036715296e-14,164.9,300
786,-18.4174207,164.105961,300
787,-36.6574715,161.731493,300
788,-54.5444909,157.799461,300
789,-71.9062169,152.347735,300
790,-88.5754468,145.428816,300
791,-104.391647,137.109339,300
792,-119.202498,127.469424,300
793,-132.865364,116.601908,300
794,-145.248664,104.611453,300
795,-156.23314,91.6135314,300
796,-165.713006,77.7333219,300
797,-173.596964,63.104498,300
798,-179.809089,47.8679433,300
799,-184.289554,32.1703941,300
800,-186.99521,16.1630264,300
801,-187.9,6.54535186355e-14,300
802,-186.99521,-16.1630264,300
803,-184.289554,-32.1703941,300
804,-179.809089,-47.8679433,300
805,-173.596964,-63.104498,300
806,-165.713006,-77.7333219,300
807,-156.23314,-91.6135314,300
808,-145.248664,-104.611453,300
809,-132.865364,-116.601908,300
810,-119.202498,-127.469424,300
811,-104.391647,-137.109339,300
812,-88.5754468,-145.428816,300
813,-71.9062169,-152.347735,300
814,-54.5444909,-157.799461,300
815,-36.6574715,-161.731493,300
816,-18.4174207,-164.105961,300
817,-3.45612922272e-14,-164.9,300
818,18.4174207,-164.105961,300
819,36.6574715,-161.731493,300
820,54.5444909,-157.799461,300
821,71.9062169,-152.347735,300
822,88.5754468,-145.428816,300
823,104.391647,-137.109339,300
824,119.202498,-127.469424,300
825,132.865364,-116.601908,300
826,145.248664,-104.611453,300
827,156.23314,-91.6135314,300
828,165.713006,-77.7333219,300
829,173.596964,-63.104498,300
830,179.809089,-47.8679433,300
831,184.289554,-32.1703941,300
832,186.99521,-16.1630264,300
833,187.9,5.50140426549e-15,325
834,186.99521,16.1630264,325
835,184.289554,32.1703941,325
836,179.809089,47.8679433,325
837,173.596964,63.104498,325
838,165.713006,77.7333219,325
839,156.23314,91.6135314,325
840,145.248664,104.611453,325
841,132.865364,116.601908,325
842,119.202498,127.469424,325
843,104.391647,137.109339,325
844,88.5754468,145.428816,325
845,71.9062169,152.347735,325
846,54.5444909,157.799461,325
847,36.6574715,161.731493,325
848,18.4174207,164.105961,325
849,1.66315116883e-14,164.9,325
850,-18.4174207,164.105961,325
851,-36.6574715,161.731493,325
852,-54.5444909,157.799461,325
853,-71.9062169,152.347735,325
854,-88.5754468,145.428816,325
855,-104.391647,137.109339,325
856,-119.202498,127.469424,325
857,-132.865364,116.601908,325
858,-145.248664,104.611453,325
859,-156.23314,91.6135314,325
860,-165.713006,77.7333219,325
861,-173.596964,63.104498,325
862,-179.809089,47.8679433,325
863,-184.289554,32.1703941,325
864,-186.99521,16.1630264,325
865,-187.9,6.51239004214e-14,325
866,-186.99521,-16.1630264,325
867,-184.289554,-32.1703941,325
868,-179.809089,-47.8679433,325
869,-173.596964,-63.104498,325
870,-165.713006,-77.7333219,325
871,-156.23314,-91.6135314,325
872,-145.248664,-104.611453,325
873,-132.865364,-116.601908,325
874,-119.202498,-127.469424,325
875,-104.391647,-137.109339,325
876,-88.5754468,-145.428816,325
877,-71.9062169,-152.347735,325
878,-54.5444909,-157.799461,325
879,-36.6574715,-161.731493,325
880,-18.4174207,-164.105961,325
881,-3.3814476452e-14,-164.9,325
882,18.4174207,-164.105961,325
883,36.6574715,-161.731493,325
884,54.5444909,-157.799461,325
885,71.9062169,-152.347735,325
886,88.5754468,-145.428816,325
887,104.391647,-137.109339,325
888,119.202498,-127.469424,325
889,132.865364,-116.601908,325
890,145.248664,-104.611453,325
891,156.23314,-91.6135314,325
892,165.713006,-77.7333219,325
893,173.596964,-63.104498,325
894,179.809089,-47.8679433,325
895,184.289554,-32.1703941,325
896,186.99521,-16.1630264,325
897,187.9,5.6405795048e-15,350
898,186.99521,16.1630264,350
899,184.289554,32.1703941,350
900,179.809089,47.8679433,350
901,173.596964,63.104498,350
902,165.713006,77.7333219,350
903,156.23314,91.6135314,350
904,145.248664,104.611453,350
905,132.865364,116.601908,350
906,119.202498,127.469424,350
907,104.391647,137.109339,350
908,88.5754468,145.428816,350
909,71.9062169,152.347735,350
910,54.5444909,157.799461,350
911,36.6574715,161.731493,350
912,18.4174207,164.105961,350
913,1.7189096658e-14,164.9,350
914,-18.4174207,164.105961,350
915,-36.6574715,161.731493,350
916,-54.5444909,157.799461,350
917,-71.9062169,152.347735,350
918,-88.5754468,145.428816,350
919,-104.391647,137.109339,350
920,-119.202498,127.469424,350
921,-132.865364,116.601908,350
922,-145.248664,104.611453,350
923,-156.23314,91.6135314,350
924,-165.713006,77.7333219,350
925,-173.596964,63.104498,350
926,-179.809089,47.8679433,350
927,-184.289554,32.1703941,350
928,-186.99521,16.1630264,350
929,-187.9,6.4888460204e-14,350
930,-186.99521,-16.1630264,350
931,-184.289554,-32.1703941,350
932,-179.809089,-47.8679433,350
933,-173.596964,-63.104498,350
934,-165.713006,-77.7333219,350
935,-156.23314,-91.6135314,350
936,-145.248664,-104.611453,350
937,-132.865364,-116.601908,350
938,-119.202498,-127.469424,350
939,-104.391647,-137.109339,350
940,-88.5754468,-145.428816,350
941,-71.9062169,-152.347735,350
942,-54.5444909,-157.799461,350
943,-36.6574715,-161.731493,350
944,-18.4174207,-164.105961,350
945,-3.50937039893e-14,-164.9,350
946,18.4174207,-164.105961,350
947,36.6574715,-161.731493,350
948,54.5444909,-157.799461,350
949,71.9062169,-152.347735,350
950,88.5754468,-145.428816,350
951,104.391647,-137.109339,350
952,119.202498,-127.469424,350
953,132.865364,-116.601908,350
954,145.248664,-104.611453,350
955,156.23314,-91.6135314,350
956,165.713006,-77.7333219,350
957,173.596964,-63.104498,350
958,179.809089,-47.8679433,350
959,184.289554,-32.1703941,350
960,186.99521,-16.1630264,350
961,187.9,4.44897119732e-15,375
962,186.99521,16.1630264,375
963,184.289554,32.1703941,375
964,179.809089,47.8679433,375
965,173.596964,63.104498,375
966,165.713006,77.7333219,375
967,156.23314,91.6135314,375
968,145.248664,104.611453,375
969,132.865364,116.601908,375
970,119.202498,127.469424,375
971,104.391647,137.109339,375
972,88.5754468,145.428816,375
973,71.9062169,152.347735,375
974,54.5444909,157.799461,375
975,36.6574715,161.731493,375
976,18.4174207,164.105961,375
977,1.34449127703e-14,164.9,375
978,-18.4174207,164.105961,375
979,-36.6574715,161.731493,375
980,-54.5444909,157.799461,375
981,-71.9062169,152.347735,375
982,-88.5754468,145.428816,375
983,-104.391647,137.109339,375
984,-119.202498,127.469424,375
985,-132.865364,116.601908,375
986,-145.248664,104.611453,375
987,-156.23314,91.6135314,375
988,-165.713006,77.7333219,375
989,-173.596964,63.104498,375
990,-179.809089,47.8679433,375
991,-184.289554,32.1703941,375
992,-186.99521,16.1630264,375
993,-187.9,6.30616826976e-14,375
994,-186.99521,-16.1630264,375
995,-184.289554,-32.1703941,375
996,-179.809089,-47.8679433,375
997,-173.596964,-63.104498,375
998,-165.713006,-77.7333219,375
999,-156.23314,-91.6135314,375
1000,-145.248664,-104.611453,375
1001,-132.865364,-116.601908,375
1002,-119.202498,-127.469424,375
1003,-104.391647,-137.109339,375
1004,-88.5754468,-145.428816,375
1005,-71.9062169,-152.347735,375
1006,-54.5444909,-157.799461,375
1007,-36.6574715,-161.731493,375
1008,-18.4174207,-164.105961,375
1009,-3.52304301438e-14,-164.9,375
1010,18.4174207,-164.105961,375
1011,36.6574715,-161.731493,375
1012,54.5444909,-157.799461,375
1013,71.9062169,-152.347735,375
1014,88.5754468,-145.428816,375
1015,104.391647,-137.109339,375
1016,119.202498,-127.469424,375
1017,132.865364,-116.601908,375
1018,145.248664,-104.611453,375
1019,156.23314,-91.6135314,375
1020,165.713006,-77.7333219,375
1021,173.596964,-63.104498,375
1022,179.809089,-47.8679433,375
1023,184.289554,-32.1703941,375
1024,186.99521,-16.1630264,375
1025,187.9,4.22153063857e-15,400
1026,186.99521,16.1630264,400
1027,184.289554,32.1703941,400
1028,179.809089,47.8679433,400
1029,173.596964,63.104498,400
1030,165.713006,77.7333219,400
1031,156.23314,91.6135314,400
1032,145.248664,104.611453,400
1033,132.865364,116.601908,400
1034,119.202498,127.469424,400
1035,104.391647,137.109339,400
1036,88.5754468,145.428816,400
1037,71.9062169,152.347735,400
1038,54.5444909,157.799461,400
1039,36.6574715,161.731493,400
1040,18.4174207,164.105961,400
1041,1.45749286932e-14,164.9,400
1042,-18.4174207,164.105961,400
1043,-36.6574715,161.731493,400
1044,-54.5444909,157.799461,400
1045,-71.9062169,152.347735,400
1046,-88.5754468,145.428816,400
1047,-104.391647,137.109339,400
1048,-119.202498,127.469424,400
1049,-132.865364,116.601908,400
1050,-145.248664,104.611453,400
1051,-156.23314,91.6135314,400
1052,-165.713006,77.7333219,400
1053,-173.596964,63.104498,400
1054,-179.809089,47.8679433,400
1055,-184.289554,32.1703941,400
1056,-186.99521,16.1630264,400
1057,-187.9,6.19455328617e-14,400
1058,-186.99521,-16.1630264,400
1059,-184.289554,-32.1703941,400
1060,-179.809089,-47.8679433,400
1061,-173.596964,-63.104498,400
1062,-165.713006,-77.7333219,400
1063,-156.23314,-91.6135314,400
1064,-145.248664,-104.611453,400
1065,-132.865364,-116.601908,400
1066,-119.202498,-127.469424,400
1067,-104.391647,-137.109339,400
1068,-88.5754468,-145.428816,400
1069,-71.9062169,-152.347735,400
1070,-54.5444909,-157.799461,400
1071,-36.6574715,-161.731493,400
1072,-18.4174207,-164.105961,400
1073,-3.39115069995e-14,-164.9,400
1074,18.4174207,-164.105961,400
1075,36.6574715,-161.731493,400
1076,54.5444909,-157.799461,400
1077,71.9062169,-152.347735,400
1078,88.5754468,-145.428816,400
1079,104.391647,-137.109339,400
1080,119.202498,-127.469424,400
1081,132.865364,-116.601908,400
1082,145.248664,-104.611453,400
1083,156.23314,-91.6135314,400
1084,165.713006,-77.7333219,400
1085,173.596964,-63.104498,400
1086,179.809089,-47.8679433,400
1087,184.289554,-32.1703941,400
1088,186.99521,-16.1630264,400
1089,187.9,2.33492169176e-15,425
1090,186.99521,16.1630264,425
1091,184.289554,32.1703941,425
1092,179.809089,47.8679433,425
1093,173.596964,63.104498,425
1094,165.713006,77.7333219,425
1095,156.23314,91.6135314,425
1096,145.248664,104.611453,425
1097,132.865364,116.601908,425
1098,119.202498,127.469424,425
1099,104.391647,137.109339,425
1100,88.5754468,145.428816,425
1101,71.9062169,152.347735,425
1102,54.5444909,157.799461,425
1103,36.6574715,161.731493,425
1104,18.4174207,164.105961,425
1105,1.45545219439e-14,164.9,425
1106,-18.4174207,164.105961,425
1107,-36.6574715,161.731493,425
1108,-54.5444909,157.799461,425
1109,-71.9062169,152.347735,425
1110,-88.5754468,145.428816,425
1111,-104.391647,137.109339,425
1112,-119.202498,127.469424,425
1113,-132.865364,116.601908,425
1114,-145.248664,104.611453,425
1115,-156.23314,91.6135314,425
1116,-165.713006,77.7333219,425
1117,-173.596964,63.104498,425
1118,-179.809089,47.8679433,425
1119,-184.289554,32.1703941,425
1120,-186.99521,16.1630264,425
1121,-187.9,6.27603975385e-14,425
1122,-186.99521,-16.1630264,425
1123,-184.289554,-32.1703941,425
1124,-179.809089,-47.8679433,425
1125,-173.596964,-63.104498,425
1126,-165.713006,-77.7333219,425
1127,-156.23314,-91.6135314,425
1128,-145.248664,-104.611453,425
1129,-132.865364,-116.601908,425
1130,-119.202498,-127.469424,425
1131,-104.391647,-137.109339,425
1132,-88.5754468,-145.428816,425
1133,-71.9062169,-152.347735,425
1134,-54.5444909,-157.799461,425
1135,-36.6574715,-161.731493,425
1136,-18.4174207,-164.105961,425
1137,-3.46252669897e-14,-164.9,425
1138,18.4174207,-164.105961,425
1139,36.6574715,-161.731493,425
1140,54.5444909,-157.799461,425
1141,71.9062169,-152.347735,425
1142,88.5754468,-145.428816,425
1143,104.391647,-137.109339,425
1144,119.202498,-127.469424,425
1145,132.865364,-116.601908,425
1146,145.248664,-104.611453,425
1147,156.23314,-91.6135314,425
1148,165.713006,-77.7333219,425
1149,173.596964,-63.104498,425
1150,179.809089,-47.8679433,425
1151,184.289554,-32.1703941,425
1152,186.99521,-16.1630264,425
1153,187.9,2.08552409332e-15,450
1154,186.99521,16.1630264,450
1155,184.289554,32.1703941,450
1156,179.809089,47.8679433,450
1157,173.596964,63.104498,450
1158,165.713006,77.7333219,450
1159,156.23314,91.6135314,450
1160,145.248664,104.611453,450
1161,132.865364,116.601908,450
1162,119.202498,127.469424,450
1163,104.391647,137.109339,450
1164,88.5754468,145.428816,450
1165,71.9062169,152.347735,450
1166,54.5444909,157.799461,450
1167,36.6574715,161.731493,450
1168,18.4174207,164.105961,450
1169,1.12798824364e-14,164.9,450
1170,-18.4174207,164.105961,450
1171,-36.6574715,161.731493,450
1172,-54.5444909,157.799461,450
1173,-71.9062169,152.347735,450
1174,-88.5754468,145.428816,450
1175,-104.391647,137.109339,450
1176,-119.202498,127.469424,450
1177,-132.865364,116.601908,450
1178,-145.248664,104.611453,450
1179,-156.23314,91.6135314,450
1180,-165.713006,77.7333219,450
1181,-173.596964,63.104498,450
1182,-179.809089,47.8679433,450
1183,-184.289554,32.1703941,450
1184,-186.99521,16.1630264,450
1185,-187.9,6.07852123285e-14,450
1186,-186.99521,-16.1630264,450
1187,-184.289554,-32.1703941,450
1188,-179.809089,-47.8679433,450
1189,-173.596964,-63.104498,450
1190,-165.713006,-77.7333219,450
1191,-156.23314,-91.6135314,450
1192,-145.248664,-104.611453,450
1193,-132.865364,-116.601908,450
1194,-119.202498,-127.469424,450
1195,-104.391647,-137.109339,450
1196,-88.5754468,-145.428816,450
1197,-71.9062169,-152.347735,450
1198,-54.5444909,-157.799461,450
1199,-36.6574715,-161.731493,450
1200,-18.4174207,-164.105961,450
1201,-3.39242759417e-14,-164.9,450
1202,18.4174207,-164.105961,450
1203,36.6574715,-161.731493,450
1204,54.5444909,-157.799461,450
1205,71.9062169,-152.347735,450
1206,88.5754468,-145.428816,450
1207,104.391647,-137.109339,450
1208,119.202498,-127.469424,450
1209,132.865364,-116.601908,450
1210,145.248664,-104.611453,450
1211,156.23314,-91.6135314,450
1212,165.713006,-77.7333219,450
1213,173.596964,-63.104498,450
1214,179.809089,-47.8679433,450
1215,184.289554,-32.1703941,450
1216,186.99521,-16.1630264,450
1217,187.9,9.41762704137e-16,475
1218,186.99521,16.1630264,475
1219,184.289554,32.1703941,475
1220,179.809089,47.8679433,475
1221,173.596964,63.104498,475
1222,165.713006,77.7333219,475
1223,156.23314,91.6135314,475
1224,145.248664,104.611453,475
1225,132.865364,116.601908,475
1226,119.202498,127.469424,475
1227,104.391647,137.109339,475
1228,88.5754468,145.428816,475
1229,71.9062169,152.347735,475
1230,54.5444909,157.799461,475
1231,36.6574715,161.731493,475
1232,18.4174207,164.105961,475
1233,1.21449209523e-14,164.9,475
1234,-18.4174207,164.105961,475
1235,-36.6574715,161.731493,475
1236,-54.5444909,157.799461,475
1237,-71.9062169,152.347735,475
1238,-88.5754468,145.428816,475
1239,-104.391647,137.109339,475
1240,-119.202498,127.469424,475
1241,-132.865364,116.601908,475
1242,-145.248664,104.611453,475
1243,-156.23314,91.6135314,475
1244,-165.713006,77.7333219,475
1245,-173.596964,63.104498,475
1246,-179.809089,47.8679433,475
1247,-184.289554,32.1703941,475
1248,-186.99521,16.1630264,475
1249,-187.9,5.90042021875e-14,475
1250,-186.99521,-16.1630264,475
1251,-184.289554,-32.1703941,475
1252,-179.809089,-47.8679433,475
1253,-173.596964,-63.104498,475
1254,-165.713006,-77.7333219,475
1255,-156.23314,-91.6135314,475
1256,-145.248664,-104.611453,475
1257,-132.865364,-116.601908,475
1258,-119.202498,-127.469424,475
1259,-104.391647,-137.109339,475
1260,-88.5754468,-145.428816,475
1261,-71.9062169,-152.347735,475
1262,-54.5444909,-157.799461,475
1263,-36.6574715,-161.731493,475
1264,-18.4174207,-164.105961,475
1265,-3.33931503175e-14,-164.9,475
1266,18.4174207,-164.105961,475
1267,36.6574715,-161.731493,475
1268,54.5444909,-157.799461,475
1269,71.9062169,-152.347735,475
1270,88.5754468,-145.428816,475
1271,104.391647,-137.109339,475
1272,119.202498,-127.469424,475
1273,132.865364,-116.601908,475
1274,145.248664,-104.611453,475
1275,156.23314,-91.6135314,475
1276,165.713006,-77.7333219,475
1277,173.596964,-63.104498,475
1278,179.809089,-47.8679433,475
1279,184.289554,-32.1703941,475
1280,186.99521,-16.1630264,475
1281,187.9,6.02490607249e-16,500
1282,186.99521,16.1630264,500
1283,184.289554,32.1703941,500
1284,179.809089,47.8679433,500
1285,173.596964,63.104498,500
1286,165.713006,77.7333219,500
1287,156.23314,91.6135314,500
1288,145.248664,104.611453,500
1289,132.865364,116.601908,500
1290,119.202498,127.469424,500
1291,104.391647,137.109339,500
1292,88.5754468,145.428816,500
1293,71.9062169,152.347735,500
1294,54.5444909,157.799461,500
1295,36.6574715,161.731493,500
1296,18.4174207,164.105961,500
1297,1.24481032669e-14,164.9,500
1298,-18.4174207,164.105961,500
1299,-36.6574715,161.731493,500
1300,-54.5444909,157.799461,500
1301,-71.9062169,152.347735,500
1302,-88.5754468,145.428816,500
1303,-104.391647,137.109339,500
1304,-119.202498,127.469424,500
1305,-132.865364,116.601908,500
1306,-145.248664,104.611453,500
1307,-156.23314,91.6135314,500
1308,-165.713006,77.7333219,500
1309,-173.596964,63.104498,500
1310,-179.809089,47.8679433,500
1311,-184.289554,32.1703941,500
1312,-186.99521,16.1630264,500
1313,-187.9,5.59783488362e-14,500
1314,-186.99521,-16.1630264,500
1315,-184.289554,-32.1703941,500
1316,-179.809089,-47.8679433,500
1317,-173.596964,-63.104498,500
1318,-165.713006,-77.7333219,500
1319,-156.23314,-91.6135314,500
1320,-145.248664,-104.611453,500
1321,-132.865364,-116.601908,500
1322,-119.202498,-127.469424,500
1323,-104.391647,-137.109339,500
1324,-88.5754468,-145.428816,500
1325,-71.9062169,-152.347735,500
1326,-54.5444909,-157.799461,500
1327,-36.6574715,-161.731493,500
1328,-18.4174207,-164.105961,500
1329,-3.44419471029e-14,-164.9,500
1330,18.4174207,-164.105961,500
1331,36.6574715,-161.731493,500
1332,54.5444909,-157.799461,500
1333,71.9062169,-152.347735,500
1334,88.5754468,-145.428816,500
1335,104.391647,-137.109339,500
1336,119.202498,-127.469424,500
1337,132.865364,-116.601908,500
1338,145.248664,-104.611453,500
1339,156.23314,-91.6135314,500
1340,165.713006,-77.7333219,500
1341,173.596964,-63.104498,500
1342,179.809089,-47.8679433,500
1343,184.289554,-32.1703941,500
1344,186.99521,-16.1630264,500
1345,187.9,-1.58133760922e-16,525
1346,186.99521,16.1630264,525
1347,184.289554,32.1703941,525
1348,179.809089,47.8679433,525
1349,173.596964,63.104498,525
1350,165.713006,77.7333219,525
1351,156.23314,91.6135314,525
1352,145.248664,104.611453,525
1353,132.865364,116.601908,525
1354,119.202498,127.469424,525
1355,104.391647,137.109339,525
1356,88.5754468,145.428816,525
1357,71.9062169,152.347735,525
1358,54.5444909,157.799461,525
1359,36.6574715,161.731493,525
1360,18.4174207,164.105961,525
1361,1.32094778175e-14,164.9,525
1362,-18.4174207,164.105961,525
1363,-36.6574715,161.731493,525
1364,-54.5444909,157.799461,525
1365,-71.9062169,152.347735,525
1366,-88.5754468,145.428816,525
1367,-104.391647,137.109339,525
1368,-119.202498,127.469424,525
1369,-132.865364,116.601908,525
1370,-145.248664,104.611453,525
1371,-156.23314,91.6135314,525
1372,-165.713006,77.7333219,525
1373,-173.596964,63.104498,525
1374,-179.809089,47.8679433,525
1375,-184.289554,32.1703941,525
1376,-186.99521,16.1630264,525
1377,-187.9,5.56686101878e-14,525
1378,-186.99521,-16.1630264,525
1379,-184.289554,-32.1703941,525
1380,-179.809089,-47.8679433,525
1381,-173.596964,-63.104498,525
1382,-165.713006,-77.7333219,525
1383,-156.23314,-91.6135314,525
1384,-145.248664,-104.611453,525
1385,-132.865364,-116.601908,525
1386,-119.202498,-127.469424,525
1387,-104.391647,-137.109339,525
1388,-88.5754468,-145.428816,525
1389,-71.9062169,-152.347735,525
1390,-54.5444909,-157.799461,525
1391,-36.6574715,-161.731493,525
1392,-18.4174207,-164.105961,525
1393,-3.40130397343e-14,-164.9,525
1394,18.4174207,-164.105961,525
1395,36.6574715,-161.731493,525
1396,54.5444909,-157.799461,525
1397,71.9062169,-152.347735,525
1398,88.5754468,-145.428816,525
1399,104.391647,-137.109339,525
1400,119.202498,-127.469424,525
1401,132.865364,-116.601908,525
1402,145.248664,-104.611453,525
1403,156.23314,-91.6135314,525
1404,165.713006,-77.7333219,525
1405,173.596964,-63.104498,525
1406,179.809089,-47.8679433,525
1407,184.289554,-32.1703941,525
1408,186.99521,-16.1630264,525
1409,187.9,-1.80603787303e-15,550
1410,186.99521,16.1630264,550
1411,184.289554,32.1703941,550
1412,179.809089,47.8679433,550
1413,173.596964,63.104498,550
1414,165.713006,77.7333219,550
1415,156.23314,91.6135314,550
1416,145.248664,104.611453,550
1417,132.865364,116.601908,550
1418,119.202498,127.469424,550
1419,104.391647,137.109339,550
1420,88.5754468,145.428816,550
1421,71.9062169,152.347735,550
1422,54.5444909,157.799461,550
1423,36.6574715,161.731493,550
1424,18.4174207,164.105961,550
1425,1.28719956552e-14,164.9,550
1426,-18.4174207,164.105961,550
1427,-36.6574715,161.731493,550
1428,-54.5444909,157.799461,550
1429,-71.9062169,152.347735,550
1430,-88.5754468,145.428816,550
1431,-104.391647,137.109339,550
1432,-119.202498,127.469424,550
1433,-132.865364,116.601908,550
1434,-145.248664,104.611453,550
1435,-156.23314,91.6135314,550
1436,-165.713006,77.7333219,550
1437,-173.596964,63.104498,550
1438,-179.809089,47.8679433,550
1439,-184.289554,32.1703941,550
1440,-186.99521,16.1630264,550
1441,-187.9,5.33873878216e-14,550
1442,-186.99521,-16.1630264,550
1443,-184.289554,-32.1703941,550
1444,-179.809089,-47.8679433,550
1445,-173.596964,-63.104498,550
1446,-165.713006,-77.7333219,550
1447,-156.23314,-91.6135314,550
1448,-145.248664,-104.611453,550
1449,-132.865364,-116.601908,550
1450,-119.202498,-127.469424,550
1451,-104.391647,-137.109339,550
1452,-88.5754468,-145.428816,550
1453,-71.9062169,-152.347735,550
1454,-54.5444909,-157.799461,550
1455,-36.6574715,-161.731493,550
1456,-18.4174207,-164.105961,550
1457,-3.36163701561e-14,-164.9,550
1458,18.4174207,-164.105961,550
1459,36.6574715,-161.731493,550
1460,54.5444909,-157.799461,550
1461,71.9062169,-152.347735,550
1462,88.5754468,-145.428816,550
1463,104.391647,-137.109339,550
1464,119.202498,-127.469424,550
1465,132.865364,-116.601908,550
1466,145.248664,-104.611453,550
1467,156.23314,-91.6135314,550
1468,165.713006,-77.7333219,550
1469,173.596964,-63.104498,550
1470,179.809089,-47.8679433,550
1471,184.289554,-32.1703941,550
1472,186.99521,-16.1630264,550
1473,187.9,6.9739540604e-16,575
1474,186.99521,16.1630264,575
1475,184.289554,32.1703941,575
1476,179.809089,47.8679433,575
1477,173.596964,63.104498,575
1478,165.713006,77.7333219,575
1479,156.23314,91.6135314,575
1480,145.248664,104.611453,575
1481,132.865364,116.601908,575
1482,119.202498,127.469424,575
1483,104.391647,137.109339,575
1484,88.5754468,145.428816,575
1485,71.9062169,152.347735,575
1486,54.5444909,157.799461,575
1487,36.6574715,161.731493,575
1488,18.4174207,164.105961,575
1489,1.18101217805e-14,164.9,575
1490,-18.4174207,164.105961,575
1491,-36.6574715,161.731493,575
1492,-54.5444909,157.799461,575
1493,-71.9062169,152.347735,575
1494,-88.5754468,145.428816,575
1495,-104.391647,137.109339,575
1496,-119.202498,127.469424,575
1497,-132.865364,116.601908,575
1498,-145.248664,104.611453,575
1499,-156.23314,91.6135314,575
1500,-165.713006,77.7333219,575
1501,-173.596964,63.104498,575
1502,-179.809089,47.8679433,575
1503,-184.289554,32.1703941,575
1504,-186.99521,16.1630264,575
1505,-187.9,5.3097939143e-14,575
1506,-186.99521,-16.1630264,575
1507,-184.289554,-32.1703941,575
1508,-179.809089,-47.8679433,575
1509,-173.596964,-63.104498,575
1510,-165.713006,-77.7333219,575
1511,-156.23314,-91.6135314,575
1512,-145.248664,-104.611453,575
1513,-132.865364,-116.601908,575
1514,-119.202498,-127.469424,575
1515,-104.391647,-137.109339,575
1516,-88.5754468,-145.428816,575
1517,-71.9062169,-152.347735,575
1518,-54.5444909,-157.799461,575
1519,-36.6574715,-161.731493,575
1520,-18.4174207,-164.105961,575
1521,-3.28070736572e-14,-164.9,575
1522,18.4174207,-164.105961,575
1523,36.6574715,-161.731493,575
1524,54.5444909,-157.799461,575
1525,71.9062169,-152.347735,575
1526,88.5754468,-145.428816,575
1527,104.391647,-137.109339,575
1528,119.202498,-127.469424,575
1529,132.865364,-116.601908,575
1530,145.248664,-104.611453,575
1531,156.23314,-91.6135314,575
1532,165.713006,-77.7333219,575
1533,173.596964,-63.104498,575
1534,179.809089,-47.8679433,575
1535,184.289554,-32.1703941,575
1536,186.99521,-16.1630264,575
1537,187.9,-1.0681696024e-15,600
1538,186.99521,16.1630264,600
1539,184.289554,32.1703941,600
1540,179.809089,47.8679433,600
1541,173.596964,63.104498,600
1542,165.713006,77.7333219,600
1543,156.23314,91.6135314,600
1544,145.248664,104.611453,600
1545,132.865364,116.601908,600
1546,119.202498,127.469424,600
1547,104.391647,137.109339,600
1548,88.5754468,145.428816,600
1549,71.9062169,152.347735,600
1550,54.5444909,157.799461,600
1551,36.6574715,161.731493,600
1552,18.4174207,164.105961,600
1553,1.18127770426e-14,164.9,600
1554,-18.4174207,164.105961,600
1555,-36.6574715,161.731493,600
1556,-54.5444909,157.799461,600
1557,-71.9062169,152.347735,600
1558,-88.5754468,145.428816,600
1559,-104.391647,137.109339,600
1560,-119.202498,127.469424,600
1561,-132.865364,116.601908,600
1562,-145.248664,104.611453,600
1563,-156.23314,91.6135314,600
1564,-165.713006,77.7333219,600
1565,-173.596964,63.104498,600
1566,-179.809089,47.8679433,600
1567,-184.289554,32.1703941,600
1568,-186.99521,16.1630264,600
1569,-187.9,5.2619560287e-14,600
1570,-186.99521,-16.1630264,600
1571,-184.289554,-32.1703941,600
1572,-179.809089,-47.8679433,600
1573,-173.596964,-63.104498,600
1574,-165.713006,-77.7333219,600
1575,-156.23314,-91.6135314,600
1576,-145.248664,-104.611453,600
1577,-132.865364,-116.601908,600
1578,-119.202498,-127.469424,600
1579,-104.391647,-137.109339,600
1580,-88.5754468,-145.428816,600
1581,-71.9062169,-152.347735,600
1582,-54.5444909,-157.799461,600
1583,-36.6574715,-161.731493,600
1584,-18.4174207,-164.105961,600
1585,-3.30120663834e-14,-164.9,600
1586,18.4174207,-164.105961,600
1587,36.6574715,-161.731493,600
1588,54.5444909,-157.799461,600
1589,71.9062169,-152.347735,600
1590,88.5754468,-145.428816,600
1591,104.391647,-137.109339,600
1592,119.202498,-127.469424,600
1593,132.865364,-116.601908,600
1594,145.248664,-104.611453,600
1595,156.23314,-91.6135314,600
1596,165.713006,-77.7333219,600
1597,173.596964,-63.104498,600
1598,179.809089,-47.8679433,600
1599,184.289554,-32.1703941,600
1600,186.99521,-16.1630264,600
1601,187.9,-2.94654033321e-16,625
1602,186.99521,16.1630264,625
1603,184.289554,32.1703941,625
1604,179.809089,47.8679433,625
1605,173.596964,63.104498,625
1606,165.713006,77.7333219,625
1607,156.23314,91.6135314,625
1608,145.248664,104.611453,625
1609,132.865364,116.601908,625
1610,119.202498,127.469424,625
1611,104.391647,137.109339,625
1612,88.5754468,145.428816,625
1613,71.9062169,152.347735,625
1614,54.5444909,157.799461,625
1615,36.6574715,161.731493,625
1616,18.4174207,164.105961,625
1617,1.2158646059e-14,164.9,625
1618,-18.4174207,164.105961,625
1619,-36.6574715,161.731493,625
1620,-54.5444909,157.799461,625
1621,-71.9062169,152.347735,625
1622,-88.5754468,145.428816,625
1623,-104.391647,137.109339,625
1624,-119.202498,127.469424,625
1625,-132.865364,116.601908,625
1626,-145.248664,104.611453,625
1627,-156.23314,91.6135314,625
1628,-165.713006,77.7333219,625
1629,-173.596964,63.104498,625
1630,-179.809089,47.8679433,625
1631,-184.289554,32.1703941,625
1632,-186.99521,16.1630264,625
1633,-187.9,5.28452565953e-14,625
1634,-186.99521,-16.1630264,625
1635,-184.289554,-32.1703941,625
1636,-179.809089,-47.8679433,625
1637,-173.596964,-63.104498,625
1638,-165.713006,-77.7333219,625
1639,-156.23314,-91.6135314,625
1640,-145.248664,-104.611453,625
1641,-132.865364,-116.601908,625
1642,-119.202498,-127.469424,625
1643,-104.391647,-137.109339,625
1644,-88.5754468,-145.428816,625
1645,-71.9062169,-152.347735,625
1646,-54.5444909,-157.799461,625
1647,-36.6574715,-161.731493,625
1648,-18.4174207,-164.105961,625
1649,-3.40040098616e-14,-164.9,625
1650,18.4174207,-164.105961,625
1651,36.6574715,-161.731493,625
1652,54.5444909,-157.799461,625
1653,71.9062169,-152.347735,625
1654,88.5754468,-145.428816,625
1655,104.391647,-137.109339,625
1656,119.202498,-127.469424,625
1657,132.865364,-116.601908,625
1658,145.248664,-104.611453,625
1659,156.23314,-91.6135314,625
1660,165.713006,-77.7333219,625
1661,173.596964,-63.104498,625
1662,179.809089,-47.8679433,625
1663,184.289554,-32.1703941,625
1664,186.99521,-16.1630264,625
1665,187.9,0,650
1666,186.99521,16.1630264,650
1667,184.289554,32.1703941,650
1668,179.809089,47.8679433,650
1669,173.596964,63.104498,650
1670,165.713006,77.7333219,650
1671,156.23314,91.6135314,650
1672,145.248664,104.611453,650
1673,132.865364,116.601908,650
1674,119.202498,127.469424,650
1675,104.391647,137.109339,650
1676,88.5754468,145.428816,650
1677,71.9062169,152.347735,650
1678,54.5444909,157.799461,650
1679,36.6574715,161.731493,650
1680,18.4174207,164.105961,650
1681,1.15055567e-14,164.9,650
1682,-18.4174207,164.105961,650
1683,-36.6574715,161.731493,650
1684,-54.5444909,157.799461,650
1685,-71.9062169,152.347735,650
1686,-88.5754468,145.428816,650
1687,-104.391647,137.109339,650
1688,-119.202498,127.469424,650
1689,-132.865364,116.601908,650
1690,-145.248664,104.611453,650
1691,-156.23314,91.6135314,650
1692,-165.713006,77.7333219,650
1693,-173.596964,63.104498,650
1694,-179.809089,47.8679433,650
1695,-184.289554,32.1703941,650
1696,-186.99521,16.1630264,650
1697,-187.9,5.42671160354e-14,650
1698,-186.99521,-16.1630264,650
1699,-184.289554,-32.1703941,650
1700,-179.809089,-47.8679433,650
1701,-173.596964,-63.104498,650
1702,-165.713006,-77.7333219,650
1703,-156.23314,-91.6135314,650
1704,-145.248664,-104.611453,650
1705,-132.865364,-116.601908,650
1706,-119.202498,-127.469424,650
1707,-104.391647,-137.109339,650
1708,-88.5754468,-145.428816,650
1709,-71.9062169,-152.347735,650
1710,-54.5444909,-157.799461,650
1711,-36.6574715,-161.731493,650
1712,-18.4174207,-164.105961,650
1713,-3.451667e-14,-164.9,650
1714,18.4174207,-164.105961,650
1715,36.6574715,-161.731493,650
1716,54.5444909,-157.799461,650
1717,71.9062169,-152.347735,650
1718,88.5754468,-145.428816,650
1719,104.391647,-137.109339,650
1720,119.202498,-127.469424,650
1721,132.865364,-116.601908,650
1722,145.248664,-104.611453,650
1723,156.23314,-91.6135314,650
1724,165.713006,-77.7333219,650
1725,173.596964,-63.104498,650
1726,179.809089,-47.8679433,650
1727,184.289554,-32.1703941,650
1728,186.99521,-16.1630264,650

===== beginning time step 4 : 0.1 =====


Reforming stiffness matrix: reformation #1

 1
 Nonlinear solution status: time= 0.1
	stiffness updates             = 0
	right hand side evaluations   = 2
	stiffness matrix reformations = 1
	step from line search         = 1.000000
	convergence norms :     INITIAL         CURRENT         REQUIRED
	   residual            4.213001e+05    1.555939e-08    4.213001e+02 
	   energy              8.027065e+02    1.528784e-04    8.027065e-02 
	   displacement        1.562712e+00    1.562712e+00    6.250848e-04 
 2
 Nonlinear solution status: time= 0.1
	stiffness updates             = 1
	right hand side evaluations   = 3
	stiffness matrix reformations = 1
	step from line search         = 1.000000
	convergence norms :     INITIAL         CURRENT         REQUIRED
	   residual            4.213001e+05    5.752126e-17    4.213001e+02 
	   energy              8.027065e+02    1.748364e-15    8.027065e-02 
	   displacement        1.562712e+00    6.433675e-14    6.250846e-04 

convergence summary
    number of iterations   : 2
    number of reformations : 1

------- converged at time : 0.1


Data Record #1
===========================================================================
Step = 4
Time = 0.1
Data = shirt_final_coordinates
1,187.9,-1.61449951627e-14,2.02531984526e-14
2,186.99521,16.1630264,1.84589309404e-14
3,184.289554,32.1703941,2.2668979915e-14
4,179.809089,47.8679433,2.54289647192e-14
5,173.596964,63.104498,2.65709657019e-14
6,165.713006,77.7333219,2.0610137541e-14
7,156.23314,91.6135314,2.24097549283e-14
8,145.248664,104.611453,2.18227686845e-14
9,132.865364,116.601908,1.60783497425e-14
10,119.202498,127.469424,1.65051919803e-14
11,104.391647,137.109339,1.52363285258e-14
12,88.5754468,145.428816,1.53094848872e-14
13,71.9062169,152.347735,1.77098576614e-14
14,54.5444909,157.799461,1.82583585707e-14
15,36.6574715,161.731493,2.22410095545e-14
16,18.4174207,164.105961,2.62869512616e-14
17,6.1621462216e-15,164.9,2.72481591618e-14
18,-18.4174207,164.105961,2.58961527997e-14
19,-36.6574715,161.731493,2.40679795309e-14
20,-54.5444909,157.799461,2.03079300945e-14
21,-71.9062169,152.347735,1.99889116747e-14
22,-88.5754468,145.428816,1.66371257387e-14
23,-104.391647,137.109339,2.42069671707e-14
24,-119.202498,127.469424,2.07326323565e-14
25,-132.865364,116.601908,2.00574896527e-14
26,-145.248664,104.611453,1.88822999858e-14
27,-156.23314,91.6135314,1.22448140346e-14
28,-165.713006,77.7333219,8.14021377406e-15
29,-173.596964,63.104498,1.29239595362e-14
30,-179.809089,47.8679433,1.15728241325e-14
31,-184.289554,32.1703941,7.34559735586e-15
32,-186.99521,16.1630264,5.18473832619e-15
33,-187.9,3.09289144888e-14,4.74705822671e-15
34,-186.99521,-16.1630264,5.27124370297e-15
35,-184.289554,-32.1703941,1.08638467435e-14
36,-179.809089,-47.8679433,1.38435748728e-14
37,-173.596964,-63.104498,1.80843975495e-14
38,-165.713006,-77.7333219,1.43270497171e-14
39,-156.23314,-91.6135314,1.7834242514e-14
40,-145.248664,-104.611453,1.59554242137e-14
41,-132.865364,-116.601908,1.58363936316e-14
42,-119.202498,-127.469424,1.34043772398e-14
43,-104.391647,-137.109339,9.87184832639e-15
44,-88.5754468,-145.428816,7.12547296104e-15
45,-71.9062169,-152.347735,4.76622531009e-15
46,-54.5444909,-157.799461,2.92933867513e-15
47,-36.6574715,-161.731493,3.52735615088e-15
48,-18.4174207,-164.105961,5.17144151997e-15
49,-2.10058162187e-14,-164.9,4.94542361757e-15
50,18.4174207,-164.105961,6.7699709112e-15
51,36.6574715,-161.731493,6.63980743502e-15
52,54.5444909,-157.799461,9.6982358893e-15
53,71.9062169,-152.347735,1.36882432995e-14
54,88.5754468,-145.428816,1.77373530318e-14
55,104.391647,-137.109339,2.54092909432e-14
56,119.202498,-127.469424,2.35872637896e-14
57,132.865364,-116.601908,2.97946093827e-14
58,145.248664,-104.611453,2.68431715724e-14
59,156.23314,-91.6135314,2.51042303579e-14
60,165.713006,-77.7333219,2.37541131361e-14
61,173.596964,-63.104498,2.65838767312e-14
62,179.809089,-47.8679433,2.71868926355e-14
63,184.289554,-32.1703941,2.64644346999e-14
64,186.99521,-16.1630264,2.25935504104e-14
65,187.9,-1.37241131057e-14,25
66,186.99521,16.1630264,25
67,184.289554,32.1703941,25
68,179.809089,47.8679433,25
69,173.596964,63.104498,25
70,165.713006,77.7333219,25
71,156.23314,91.6135314,25
72,145.248664,104.611453,25
73,132.865364,116.601908,25
74,119.202498,127.469424,25
75,104.391647,137.109339,25
76,88.5754468,145.428816,25
77,71.9062169,152.347735,25
78,54.5444909,157.799461,25
79,36.6574715,161.731493,25
80,18.4174207,164.105961,25
81,5.5688619643e-15,164.9,25
82,-18.4174207,164.105961,25
83,-36.6574715,161.731493,25
84,-54.5444909,157.799461,25
85,-71.9062169,152.347735,25
86,-88.5754468,145.428816,25
87,-104.391647,137.109339,25
88,-119.202498,127.469424,25
89,-132.865364,116.601908,25
90,-145.248664,104.611453,25
91,-156.23314,91.6135314,25
92,-165.713006,77.7333219,25
93,-173.596964,63.104498,25
94,-179.809089,47.8679433,25
95,-184.289554,32.1703941,25
96,-186.99521,16.1630264,25
97,-187.9,3.26216408881e-14,25
98,-186.99521,-16.1630264,25
99,-184.289554,-32.1703941,25
100,-179.809089,-47.8679433,25
101,-173.596964,-63.104498,25
102,-165.713006,-77.7333219,25
103,-156.23314,-91.6135314,25
104,-145.248664,-104.611453,25
105,-132.865364,-116.601908,25
106,-119.202498,-127.469424,25
107,-104.391647,-137.109339,25
108,-88.5754468,-145.428816,25
109,-71.9062169,-152.347735,25
110,-54.5444909,-157.799461,25
111,-36.6574715,-161.731493,25
112,-18.4174207,-164.105961,25
113,-2.41276290492e-14,-164.9,25
114,18.4174207,-164.105961,25
115,36.6574715,-161.731493,25
116,54.5444909,-157.799461,25
117,71.9062169,-152.347735,25
118,88.5754468,-145.428816,25
119,104.391647,-137.109339,25
120,119.202498,-127.469424,25
121,132.865364,-116.601908,25
122,145.248664,-104.611453,25
123,156.23314,-91.6135314,25
124,165.713006,-77.7333219,25
125,173.596964,-63.104498,25
126,179.809089,-47.8679433,25
127,184.289554,-32.1703941,25
128,186.99521,-16.1630264,25
129,187.9,-1.30344781404e-14,50
130,186.99521,16.1630264,50
131,184.289554,32.1703941,50
132,179.809089,47.8679433,50
133,173.596964,63.104498,50
134,165.713006,77.7333219,50
135,156.23314,91.6135314,50
136,145.248664,104.611453,50
137,132.865364,116.601908,50
138,119.202498,127.469424,50
139,104.391647,137.109339,50
140,88.5754468,145.428816,50
141,71.9062169,152.347735,50
142,54.5444909,157.799461,50
143,36.6574715,161.731493,50
144,18.4174207,164.105961,50
145,5.2903242473e-15,164.9,50
146,-18.4174207,164.105961,50
147,-36.6574715,161.731493,50
148,-54.5444909,157.799461,50
149,-71.9062169,152.347735,50
150,-88.5754468,145.428816,50
151,-104.391647,137.109339,50
152,-119.202498,127.469424,50
153,-132.865364,116.601908,50
154,-145.248664,104.611453,50
155,-156.23314,91.6135314,50
156,-165.713006,77.7333219,50
157,-173.596964,63.104498,50
158,-179.809089,47.8679433,50
159,-184.289554,32.1703941,50
160,-186.99521,16.1630264,50
161,-187.9,3.43747230233e-14,50
162,-186.99521,-16.1630264,50
163,-184.289554,-32.1703941,50
164,-179.809089,-47.8679433,50
165,-173.596964,-63.104498,50
166,-165.713006,-77.7333219,50
167,-156.23314,-91.6135314,50
168,-145.248664,-104.611453,50
169,-132.865364,-116.601908,50
170,-119.202498,-127.469424,50
171,-104.391647,-137.109339,50
172,-88.5754468,-145.428816,50
173,-71.9062169,-152.347735,50
174,-54.5444909,-157.799461,50
175,-36.6574715,-161.731493,50
176,-18.4174207,-164.105961,50
177,-2.54055787215e-14,-164.9,50
178,18.4174207,-164.105961,50
179,36.6574715,-161.731493,50
180,54.5444909,-157.799461,50
181,71.9062169,-152.347735,50
182,88.5754468,-145.428816,50
183,104.391647,-137.109339,50
184,119.202498,-127.469424,50
185,132.865364,-116.601908,50
186,145.248664,-104.611453,50
187,156.23314,-91.6135314,50
188,165.713006,-77.7333219,50
189,173.596964,-63.104498,50
190,179.809089,-47.8679433,50
191,184.289554,-32.1703941,50
192,186.99521,-16.1630264,50
193,187.9,-1.11659269086e-14,75
194,186.99521,16.1630264,75
195,184.289554,32.1703941,75
196,179.809089,47.8679433,75
197,173.596964,63.104498,75
198,165.713006,77.7333219,75
199,156.23314,91.6135314,75
200,145.248664,104.611453,75
201,132.865364,116.601908,75
202,119.202498,127.469424,75
203,104.391647,137.109339,75
204,88.5754468,145.428816,75
205,71.9062169,152.347735,75
206,54.5444909,157.799461,75
207,36.6574715,161.731493,75
208,18.4174207,164.105961,75
209,6.55903636365e-15,164.9,75
210,-18.4174207,164.105961,75
211,-36.6574715,161.731493,75
212,-54.5444909,157.799461,75
213,-71.9062169,152.347735,75
214,-88.5754468,145.428816,75
215,-104.391647,137.109339,75
216,-119.202498,127.469424,75
217,-132.865364,116.601908,75
218,-145.248664,104.611453,75
219,-156.23314,91.6135314,75
220,-165.713006,77.7333219,75
221,-173.596964,63.104498,75
222,-179.809089,47.8679433,75
223,-184.289554,32.1703941,75
224,-186.99521,16.1630264,75
225,-187.9,3.50915244023e-14,75
226,-186.99521,-16.1630264,75
227,-184.289554,-32.1703941,75
228,-179.809089,-47.8679433,75
229,-173.596964,-63.104498,75
230,-165.713006,-77.7333219,75
231,-156.23314,-91.6135314,75
232,-145.248664,-104.611453,75
233,-132.865364,-116.601908,75
234,-119.202498,-127.469424,75
235,-104.391647,-137.109339,75
236,-88.5754468,-145.428816,75
237,-71.9062169,-152.347735,75
238,-54.5444909,-157.799461,75
239,-36.6574715,-161.731493,75
240,-18.4174207,-164.105961,75
241,-2.62274334779e-14,-164.9,75
242,18.4174207,-164.105961,75
243,36.6574715,-161.731493,75
244,54.5444909,-157.799461,75
245,71.9062169,-152.347735,75
246,88.5754468,-145.428816,75
247,104.391647,-137.109339,75
248,119.202498,-127.469424,75
249,132.865364,-116.601908,75
250,145.248664,-104.611453,75
251,156.23314,-91.6135314,75
252,165.713006,-77.7333219,75
253,173.596964,-63.104498,75
254,179.809089,-47.8679433,75
255,184.289554,-32.1703941,75
256,186.99521,-16.1630264,75
257,187.9,-1.05513179529e-14,100
258,186.99521,16.1630264,100
259,184.289554,32.1703941,100
260,179.809089,47.8679433,100
261,173.596964,63.104498,100
262,165.713006,77.7333219,100
263,156.23314,91.6135314,100
264,145.248664,104.611453,100
265,132.865364,116.601908,100
266,119.202498,127.469424,100
267,104.391647,137.109339,100
268,88.5754468,145.428816,100
269,71.9062169,152.347735,100
270,54.5444909,157.799461,100
271,36.6574715,161.731493,100
272,18.4174207,164.105961,100
273,9.4001782034e-15,164.9,100
274,-18.4174207,164.105961,100
275,-36.6574715,161.731493,100
276,-54.5444909,157.799461,100
277,-71.9062169,152.347735,100
278,-88.5754468,145.428816,100
279,-104.391647,137.109339,100
280,-119.202498,127.469424,100
281,-132.865364,116.601908,100
282,-145.248664,104.611453,100
283,-156.23314,91.6135314,100
284,-165.713006,77.7333219,100
285,-173.596964,63.104498,100
286,-179.809089,47.8679433,100
287,-184.289554,32.1703941,100
288,-186.99521,16.1630264,100
289,-187.9,3.89287653365e-14,100
290,-186.99521,-16.1630264,100
291,-184.289554,-32.1703941,100
292,-179.809089,-47.8679433,100
293,-173.596964,-63.104498,100
294,-165.713006,-77.7333219,100
295,-156.23314,-91.6135314,100
296,-145.248664,-104.611453,100
297,-132.865364,-116.601908,100
298,-119.202498,-127.469424,100
299,-104.391647,-137.109339,100
300,-88.5754468,-145.428816,100
301,-71.9062169,-152.347735,100
302,-54.5444909,-157.799461,100
303,-36.6574715,-161.731493,100
304,-18.4174207,-164.105961,100
305,-2.73982566865e-14,-164.9,100
306,18.4174207,-164.105961,100
307,36.6574715,-161.731493,100
308,54.5444909,-157.799461,100
309,71.9062169,-152.347735,100
310,88.5754468,-145.428816,100
311,104.391647,-137.109339,100
312,119.202498,-127.469424,100
313,132.865364,-116.601908,100
314,145.248664,-104.611453,100
315,156.23314,-91.6135314,100
316,165.713006,-77.7333219,100
317,173.596964,-63.104498,100
318,179.809089,-47.8679433,100
319,184.289554,-32.1703941,100
320,186.99521,-16.1630264,100
321,187.9,-7.97242302478e-15,125
322,186.99521,16.1630264,125
323,184.289554,32.1703941,125
324,179.809089,47.8679433,125
325,173.596964,63.104498,125
326,165.713006,77.7333219,125
327,156.23314,91.6135314,125
328,145.248664,104.611453,125
329,132.865364,116.601908,125
330,119.202498,127.469424,125
331,104.391647,137.109339,125
332,88.5754468,145.428816,125
333,71.9062169,152.347735,125
334,54.5444909,157.799461,125
335,36.6574715,161.731493,125
336,18.4174207,164.105961,125
337,8.51990146905e-15,164.9,125
338,-18.4174207,164.105961,125
339,-36.6574715,161.731493,125
340,-54.5444909,157.799461,125
341,-71.9062169,152.347735,125
342,-88.5754468,145.428816,125
343,-104.391647,137.109339,125
344,-119.202498,127.469424,125
345,-132.865364,116.601908,125
346,-145.248664,104.611453,125
347,-156.23314,91.6135314,125
348,-165.713006,77.7333219,125
349,-173.596964,63.104498,125
350,-179.809089,47.8679433,125
351,-184.289554,32.1703941,125
352,-186.99521,16.1630264,125
353,-187.9,3.75714774284e-14,125
354,-186.99521,-16.1630264,125
355,-184.289554,-32.1703941,125
356,-179.809089,-47.8679433,125
357,-173.596964,-63.104498,125
358,-165.713006,-77.7333219,125
359,-156.23314,-91.6135314,125
360,-145.248664,-104.611453,125
361,-132.865364,-116.601908,125
362,-119.202498,-127.469424,125
363,-104.391647,-137.109339,125
364,-88.5754468,-145.428816,125
365,-71.9062169,-152.347735,125
366,-54.5444909,-157.799461,125
367,-36.6574715,-161.731493,125
368,-18.4174207,-164.105961,125
369,-2.78578380184e-14,-164.9,125
370,18.4174207,-164.105961,125
371,36.6574715,-161.731493,125
372,54.5444909,-157.799461,125
373,71.9062169,-152.347735,125
374,88.5754468,-145.428816,125
375,104.391647,-137.109339,125
376,119.202498,-127.469424,125
377,132.865364,-116.601908,125
378,145.248664,-104.611453,125
379,156.23314,-91.6135314,125
380,165.713006,-77.7333219,125
381,173.596964,-63.104498,125
382,179.809089,-47.8679433,125
383,184.289554,-32.1703941,125
384,186.99521,-16.1630264,125
385,187.9,-7.51921227122e-15,150
386,186.99521,16.1630264,150
387,184.289554,32.1703941,150
388,179.809089,47.8679433,150
389,173.596964,63.104498,150
390,165.713006,77.7333219,150
391,156.23314,91.6135314,150
392,145.248664,104.611453,150
393,132.865364,116.601908,150
394,119.202498,127.469424,150
395,104.391647,137.109339,150
396,88.5754468,145.428816,150
397,71.9062169,152.347735,150
398,54.5444909,157.799461,150
399,36.6574715,161.731493,150
400,18.4174207,164.105961,150
401,9.79209756533e-15,164.9,150
402,-18.4174207,164.105961,150
403,-36.6574715,161.731493,150
404,-54.5444909,157.799461,150
405,-71.9062169,152.347735,150
406,-88.5754468,145.428816,150
407,-104.391647,137.109339,150
408,-119.202498,127.469424,150
409,-132.865364,116.601908,150
410,-145.248664,104.611453,150
411,-156.23314,91.6135314,150
412,-165.713006,77.7333219,150
413,-173.596964,63.104498,150
414,-179.809089,47.8679433,150
415,-184.289554,32.1703941,150
416,-186.99521,16.1630264,150
417,-187.9,3.89966668234e-14,150
418,-186.99521,-16.1630264,150
419,-184.289554,-32.1703941,150
420,-179.809089,-47.8679433,150
421,-173.596964,-63.104498,150
422,-165.713006,-77.7333219,150
423,-156.23314,-91.6135314,150
424,-145.248664,-104.611453,150
425,-132.865364,-116.601908,150
426,-119.202498,-127.469424,150
427,-104.391647,-137.109339,150
428,-88.5754468,-145.428816,150
429,-71.9062169,-152.347735,150
430,-54.5444909,-157.799461,150
431,-36.6574715,-161.731493,150
432,-18.4174207,-164.105961,150
433,-2.63608365625e-14,-164.9,150
434,18.4174207,-164.105961,150
435,36.6574715,-161.731493,150
436,54.5444909,-157.799461,150
437,71.9062169,-152.347735,150
438,88.5754468,-145.428816,150
439,104.391647,-137.109339,150
440,119.202498,-127.469424,150
441,132.865364,-116.601908,150
442,145.248664,-104.611453,150
443,156.23314,-91.6135314,150
444,165.713006,-77.7333219,150
445,173.596964,-63.104498,150
446,179.809089,-47.8679433,150
447,184.289554,-32.1703941,150
448,186.99521,-16.1630264,150
449,187.9,-7.89334255792e-15,175
450,186.99521,16.1630264,175
451,184.289554,32.1703941,175
452,179.809089,47.8679433,175
453,173.596964,63.104498,175
454,165.713006,77.7333219,175
455,156.23314,91.6135314,175
456,145.248664,104.611453,175
457,132.865364,116.601908,175
458,119.202498,127.469424,175
459,104.391647,137.109339,175
460,88.5754468,145.428816,175
461,71.9062169,152.347735,175
462,54.5444909,157.799461,175
463,36.6574715,161.731493,175
464,18.4174207,164.105961,175
465,1.04552683607e-14,164.9,175
466,-18.4174207,164.105961,175
467,-36.6574715,161.731493,175
468,-54.5444909,157.799461,175
469,-71.9062169,152.347735,175
470,-88.5754468,145.428816,175
471,-104.391647,137.109339,175
472,-119.202498,127.469424,175
473,-132.865364,116.601908,175
474,-145.248664,104.611453,175
475,-156.23314,91.6135314,175
476,-165.713006,77.7333219,175
477,-173.596964,63.104498,175
478,-179.809089,47.8679433,175
479,-184.289554,32.1703941,175
480,-186.99521,16.1630264,175
481,-187.9,3.96544574343e-14,175
482,-186.99521,-16.1630264,175
483,-184.289554,-32.1703941,175
484,-179.809089,-47.8679433,175
485,-173.596964,-63.104498,175
486,-165.713006,-77.7333219,175
487,-156.23314,-91.6135314,175
488,-145.248664,-104.611453,175
489,-132.865364,-116.601908,175
490,-119.202498,-127.469424,175
491,-104.391647,-137.109339,175
492,-88.5754468,-145.428816,175
493,-71.9062169,-152.347735,175
494,-54.5444909,-157.799461,175
495,-36.6574715,-161.731493,175
496,-18.4174207,-164.105961,175
497,-2.92422485798e-14,-164.9,175
498,18.4174207,-164.105961,175
499,36.6574715,-161.731493,175
500,54.5444909,-157.799461,175
501,71.9062169,-152.347735,175
502,88.5754468,-145.428816,175
503,104.391647,-137.109339,175
504,119.202498,-127.469424,175
505,132.865364,-116.601908,175
506,145.248664,-104.611453,175
507,156.23314,-91.6135314,175
508,165.713006,-77.7333219,175
509,173.596964,-63.104498,175
510,179.809089,-47.8679433,175
511,184.289554,-32.1703941,175
512,186.99521,-16.1630264,175
513,187.9,-7.26439522047e-15,200
514,186.99521,16.1630264,200
515,184.289554,32.1703941,200
516,179.809089,47.8679433,200
517,173.596964,63.104498,200
518,165.713006,77.7333219,200
519,156.23314,91.6135314,200
520,145.248664,104.611453,200
521,132.865364,116.601908,200
522,119.202498,127.469424,200
523,104.391647,137.109339,200
524,88.5754468,145.428816,200
525,71.9062169,152.347735,200
526,54.5444909,157.799461,200
527,36.6574715,161.731493,200
528,18.4174207,164.105961,200
529,1.02400734877e-14,164.9,200
530,-18.4174207,164.105961,200
531,-36.6574715,161.731493,200
532,-54.5444909,157.799461,200
533,-71.9062169,152.347735,200
534,-88.5754468,145.428816,200
535,-104.391647,137.109339,200
536,-119.202498,127.469424,200
537,-132.865364,116.601908,200
538,-145.248664,104.611453,200
539,-156.23314,91.6135314,200
540,-165.713006,77.7333219,200
541,-173.596964,63.104498,200
542,-179.809089,47.8679433,200
543,-184.289554,32.1703941,200
544,-186.99521,16.1630264,200
545,-187.9,3.99860384007e-14,200
546,-186.99521,-16.1630264,200
547,-184.289554,-32.1703941,200
548,-179.809089,-47.8679433,200
549,-173.596964,-63.104498,200
550,-165.713006,-77.7333219,200
551,-156.23314,-91.6135314,200
552,-145.248664,-104.611453,200
553,-132.865364,-116.601908,200
554,-119.202498,-127.469424,200
555,-104.391647,-137.109339,200
556,-88.5754468,-145.428816,200
557,-71.9062169,-152.347735,200
558,-54.5444909,-157.799461,200
559,-36.6574715,-161.731493,200
560,-18.4174207,-164.105961,200
561,-3.0572555603e-14,-164.9,200
562,18.4174207,-164.105961,200
563,36.6574715,-161.731493,200
564,54.5444909,-157.799461,200
565,71.9062169,-152.347735,200
566,88.5754468,-145.428816,200
567,104.391647,-137.109339,200
568,119.202498,-127.469424,200
569,132.865364,-116.601908,200
570,145.248664,-104.611453,200
571,156.23314,-91.6135314,200
572,165.713006,-77.7333219,200
573,173.596964,-63.104498,200
574,179.809089,-47.8679433,200
575,184.289554,-32.1703941,200
576,186.99521,-16.1630264,200
577,187.9,-4.6170618671e-15,225
578,186.99521,16.1630264,225
579,184.289554,32.1703941,225
580,179.809089,47.8679433,225
581,173.596964,63.104498,225
582,165.713006,77.7333219,225
583,156.23314,91.6135314,225
584,145.248664,104.611453,225
585,132.865364,116.601908,225
586,119.202498,127.469424,225
587,104.391647,137.109339,225
588,88.5754468,145.428816,225
589,71.9062169,152.347735,225
590,54.5444909,157.799461,225
591,36.6574715,161.731493,225
592,18.4174207,164.105961,225
593,1.00851252076e-14,164.9,225
594,-18.4174207,164.105961,225
595,-36.6574715,161.731493,225
596,-54.5444909,157.799461,225
597,-71.9062169,152.347735,225
598,-88.5754468,145.428816,225
599,-104.391647,137.109339,225
600,-119.202498,127.469424,225
601,-132.865364,116.601908,225
602,-145.248664,104.611453,225
603,-156.23314,91.6135314,225
604,-165.713006,77.7333219,225
605,-173.596964,63.104498,225
606,-179.809089,47.8679433,225
607,-184.289554,32.1703941,225
608,-186.99521,16.1630264,225
609,-187.9,4.044326377e-14,225
610,-186.99521,-16.1630264,225
611,-184.289554,-32.1703941,225
612,-179.809089,-47.8679433,225
613,-173.596964,-63.104498,225
614,-165.713006,-77.7333219,225
615,-156.23314,-91.6135314,225
616,-145.248664,-104.611453,225
617,-132.865364,-116.601908,225
618,-119.202498,-127.469424,225
619,-104.391647,-137.109339,225
620,-88.5754468,-145.428816,225
621,-71.9062169,-152.347735,225
622,-54.5444909,-157.799461,225
623,-36.6574715,-161.731493,225
624,-18.4174207,-164.105961,225
625,-3.36775719536e-14,-164.9,225
626,18.4174207,-164.105961,225
627,36.6574715,-161.731493,225
628,54.5444909,-157.799461,225
629,71.9062169,-152.347735,225
630,88.5754468,-145.428816,225
631,104.391647,-137.109339,225
632,119.202498,-127.469424,225
633,132.865364,-116.601908,225
634,145.248664,-104.611453,225
635,156.23314,-91.6135314,225
636,165.713006,-77.7333219,225
637,173.596964,-63.104498,225
638,179.809089,-47.8679433,225
639,184.289554,-32.1703941,225
640,186.99521,-16.1630264,225
641,187.9,-3.9170427255e-15,250
642,186.99521,16.1630264,250
643,184.289554,32.1703941,250
644,179.809089,47.8679433,250
645,173.596964,63.104498,250
646,165.713006,77.7333219,250
647,156.23314,91.6135314,250
648,145.248664,104.611453,250
649,132.865364,116.601908,250
650,119.202498,127.469424,250
651,104.391647,137.109339,250
652,88.5754468,145.428816,250
653,71.9062169,152.347735,250
654,54.5444909,157.799461,250
655,36.6574715,161.731493,250
656,18.4174207,164.105961,250
657,9.69136542263e-15,164.9,250
658,-18.4174207,164.105961,250
659,-36.6574715,161.731493,250
660,-54.5444909,157.799461,250
661,-71.9062169,152.347735,250
662,-88.5754468,145.428816,250
663,-104.391647,137.109339,250
664,-119.202498,127.469424,250
665,-132.865364,116.601908,250
666,-145.248664,104.611453,250
667,-156.23314,91.6135314,250
668,-165.713006,77.7333219,250
669,-173.596964,63.104498,250
670,-179.809089,47.8679433,250
671,-184.289554,32.1703941,250
672,-186.99521,16.1630264,250
673,-187.9,4.10356740296e-14,250
674,-186.99521,-16.1630264,250
675,-184.289554,-32.1703941,250
676,-179.809089,-47.8679433,250
677,-173.596964,-63.104498,250
678,-165.713006,-77.7333219,250
679,-156.23314,-91.6135314,250
680,-145.248664,-104.611453,250
681,-132.865364,-116.601908,250
682,-119.202498,-127.469424,250
683,-104.391647,-137.109339,250
684,-88.5754468,-145.428816,250
685,-71.9062169,-152.347735,250
686,-54.5444909,-157.799461,250
687,-36.6574715,-161.731493,250
688,-18.4174207,-164.105961,250
689,-3.54759817907e-14,-164.9,250
690,18.4174207,-164.105961,250
691,36.6574715,-161.731493,250
692,54.5444909,-157.799461,250
693,71.9062169,-152.347735,250
694,88.5754468,-145.428816,250
695,104.391647,-137.109339,250
696,119.202498,-127.469424,250
697,132.865364,-116.601908,250
698,145.248664,-104.611453,250
699,156.23314,-91.6135314,250
700,165.713006,-77.7333219,250
701,173.596964,-63.104498,250
702,179.809089,-47.8679433,250
703,184.289554,-32.1703941,250
704,186.99521,-16.1630264,250
705,187.9,-8.5032442982e-16,275
706,186.99521,16.1630264,275
707,184.289554,32.1703941,275
708,179.809089,47.8679433,275
709,173.596964,63.104498,275
710,165.713006,77.7333219,275
711,156.23314,91.6135314,275
712,145.248664,104.611453,275
713,132.865364,116.601908,275
714,119.202498,127.469424,275
715,104.391647,137.109339,275
716,88.5754468,145.428816,275
717,71.9062169,152.347735,275
718,54.5444909,157.799461,275
719,36.6574715,161.731493,275
720,18.4174207,164.105961,275
721,1.03668956022e-14,164.9,275
722,-18.4174207,164.105961,275
723,-36.6574715,161.731493,275
724,-54.5444909,157.799461,275
725,-71.9062169,152.347735,275
726,-88.5754468,145.428816,275
727,-104.391647,137.109339,275
728,-119.202498,127.469424,275
729,-132.865364,116.601908,275
730,-145.248664,104.611453,275
731,-156.23314,91.6135314,275
732,-165.713006,77.7333219,275
733,-173.596964,63.104498,275
734,-179.809089,47.8679433,275
735,-184.289554,32.1703941,275
736,-186.99521,16.1630264,275
737,-187.9,4.05537275871e-14,275
738,-186.99521,-16.1630264,275
739,-184.289554,-32.1703941,275
740,-179.809089,-47.8679433,275
741,-173.596964,-63.104498,275
742,-165.713006,-77.7333219,275
743,-156.23314,-91.6135314,275
744,-145.248664,-104.611453,275
745,-132.865364,-116.601908,275
746,-119.202498,-127.469424,275
747,-104.391647,-137.109339,275
748,-88.5754468,-145.428816,275
749,-71.9062169,-152.347735,275
750,-54.5444909,-157.799461,275
751,-36.6574715,-161.731493,275
752,-18.4174207,-164.105961,275
753,-3.56567872434e-14,-164.9,275
754,18.4174207,-164.105961,275
755,36.6574715,-161.731493,275
756,54.5444909,-157.799461,275
757,71.9062169,-152.347735,275
758,88.5754468,-145.428816,275
759,104.391647,-137.109339,275
760,119.202498,-127.469424,275
761,132.865364,-116.601908,275
762,145.248664,-104.611453,275
763,156.23314,-91.6135314,275
764,165.713006,-77.7333219,275
765,173.596964,-63.104498,275
766,179.809089,-47.8679433,275
767,184.289554,-32.1703941,275
768,186.99521,-16.1630264,275
769,187.9,-1.11423905022e-15,300
770,186.99521,16.1630264,300
771,184.289554,32.1703941,300
772,179.809089,47.8679433,300
773,173.596964,63.104498,300
774,165.713006,77.7333219,300
775,156.23314,91.6135314,300
776,145.248664,104.611453,300
777,132.865364,116.601908,300
778,119.202498,127.469424,300
779,104.391647,137.109339,300
780,88.5754468,145.428816,300
781,71.9062169,152.347735,300
782,54.5444909,157.799461,300
783,36.6574715,161.731493,300
784,18.4174207,164.105961,300
785,1.24313035162e-14,164.9,300
786,-18.4174207,164.105961,300
787,-36.6574715,161.731493,300
788,-54.5444909,157.799461,300
789,-71.9062169,152.347735,300
790,-88.5754468,145.428816,300
791,-104.391647,137.109339,300
792,-119.202498,127.469424,300
793,-132.865364,116.601908,300
794,-145.248664,104.611453,300
795,-156.23314,91.6135314,300
796,-165.713006,77.7333219,300
797,-173.596964,63.104498,300
798,-179.809089,47.8679433,300
799,-184.289554,32.1703941,300
800,-186.99521,16.1630264,300
801,-187.9,4.06736984337e-14,300
802,-186.99521,-16.1630264,300
803,-184.289554,-32.1703941,300
804,-179.809089,-47.8679433,300
805,-173.596964,-63.104498,300
806,-165.713006,-77.7333219,300
807,-156.23314,-91.6135314,300
808,-145.248664,-104.611453,300
809,-132.865364,-116.601908,300
810,-119.202498,-127.469424,300
811,-104.391647,-137.109339,300
812,-88.5754468,-145.428816,300
813,-71.9062169,-152.347735,300
814,-54.5444909,-157.799461,300
815,-36.6574715,-161.731493,300
816,-18.4174207,-164.105961,300
817,-3.65877334317e-14,-164.9,300
818,18.4174207,-164.105961,300
819,36.6574715,-161.731493,300
820,54.5444909,-157.799461,300
821,71.9062169,-152.347735,300
822,88.5754468,-145.428816,300
823,104.391647,-137.109339,300
824,119.202498,-127.469424,300
825,132.865364,-116.601908,300
826,145.248664,-104.611453,300
827,156.23314,-91.6135314,300
828,165.713006,-77.7333219,300
829,173.596964,-63.104498,300
830,179.809089,-47.8679433,300
831,184.289554,-32.1703941,300
832,186.99521,-16.1630264,300
833,187.9,-2.29607393714e-15,325
834,186.99521,16.1630264,325
835,184.289554,32.1703941,325
836,179.809089,47.8679433,325
837,173.596964,63.104498,325
838,165.713006,77.7333219,325
839,156.23314,91.6135314,325
840,145.248664,104.611453,325
841,132.865364,116.601908,325
842,119.202498,127.469424,325
843,104.391647,137.109339,325
844,88.5754468,145.428816,325
845,71.9062169,152.347735,325
846,54.5444909,157.799461,325
847,36.6574715,161.731493,325
848,18.4174207,164.105961,325
849,1.30269444884e-14,164.9,325
850,-18.4174207,164.105961,325
851,-36.6574715,161.731493,325
852,-54.5444909,157.799461,325
853,-71.9062169,152.347735,325
854,-88.5754468,145.428816,325
855,-104.391647,137.109339,325
856,-119.202498,127.469424,325
857,-132.865364,116.601908,325
858,-145.248664,104.611453,325
859,-156.23314,91.6135314,325
860,-165.713006,77.7333219,325
861,-173.596964,63.104498,325
862,-179.809089,47.8679433,325
863,-184.289554,32.1703941,325
864,-186.99521,16.1630264,325
865,-187.9,4.16985773582e-14,325
866,-186.99521,-16.1630264,325
867,-184.289554,-32.1703941,325
868,-179.809089,-47.8679433,325
869,-173.596964,-63.104498,325
870,-165.713006,-77.7333219,325
871,-156.23314,-91.6135314,325
872,-145.248664,-104.611453,325
873,-132.865364,-116.601908,325
874,-119.202498,-127.469424,325
875,-104.391647,-137.109339,325
876,-88.5754468,-145.428816,325
877,-71.9062169,-152.347735,325
878,-54.5444909,-157.799461,325
879,-36.6574715,-161.731493,325
880,-18.4174207,-164.105961,325
881,-3.67087448457e-14,-164.9,325
882,18.4174207,-164.105961,325
883,36.6574715,-161.731493,325
884,54.5444909,-157.799461,325
885,71.9062169,-152.347735,325
886,88.5754468,-145.428816,325
887,104.391647,-137.109339,325
888,119.202498,-127.469424,325
889,132.865364,-116.601908,325
890,145.248664,-104.611453,325
891,156.23314,-91.6135314,325
892,165.713006,-77.7333219,325
893,173.596964,-63.104498,325
894,179.809089,-47.8679433,325
895,184.289554,-32.1703941,325
896,186.99521,-16.1630264,325
897,187.9,-1.33821486126e-15,350
898,186.99521,16.1630264,350
899,184.289554,32.1703941,350
900,179.809089,47.8679433,350
901,173.596964,63.104498,350
902,165.713006,77.7333219,350
903,156.23314,91.6135314,350
904,145.248664,104.611453,350
905,132.865364,116.601908,350
906,119.202498,127.469424,350
907,104.391647,137.109339,350
908,88.5754468,145.428816,350
909,71.9062169,152.347735,350
910,54.5444909,157.799461,350
911,36.6574715,161.731493,350
912,18.4174207,164.105961,350
913,1.19859070259e-14,164.9,350
914,-18.4174207,164.105961,350
915,-36.6574715,161.731493,350
916,-54.5444909,157.799461,350
917,-71.9062169,152.347735,350
918,-88.5754468,145.428816,350
919,-104.391647,137.109339,350
920,-119.202498,127.469424,350
921,-132.865364,116.601908,350
922,-145.248664,104.611453,350
923,-156.23314,91.6135314,350
924,-165.713006,77.7333219,350
925,-173.596964,63.104498,350
926,-179.809089,47.8679433,350
927,-184.289554,32.1703941,350
928,-186.99521,16.1630264,350
929,-187.9,4.08900059932e-14,350
930,-186.99521,-16.1630264,350
931,-184.289554,-32.1703941,350
932,-179.809089,-47.8679433,350
933,-173.596964,-63.104498,350
934,-165.713006,-77.7333219,350
935,-156.23314,-91.6135314,350
936,-145.248664,-104.611453,350
937,-132.865364,-116.601908,350
938,-119.202498,-127.469424,350
939,-104.391647,-137.109339,350
940,-88.5754468,-145.428816,350
941,-71.9062169,-152.347735,350
942,-54.5444909,-157.799461,350
943,-36.6574715,-161.731493,350
944,-18.4174207,-164.105961,350
945,-3.67899154645e-14,-164.9,350
946,18.4174207,-164.105961,350
947,36.6574715,-161.731493,350
948,54.5444909,-157.799461,350
949,71.9062169,-152.347735,350
950,88.5754468,-145.428816,350
951,104.391647,-137.109339,350
952,119.202498,-127.469424,350
953,132.865364,-116.601908,350
954,145.248664,-104.611453,350
955,156.23314,-91.6135314,350
956,165.713006,-77.7333219,350
957,173.596964,-63.104498,350
958,179.809089,-47.8679433,350
959,184.289554,-32.1703941,350
960,186.99521,-16.1630264,350
961,187.9,-1.94574438025e-15,375
962,186.99521,16.1630264,375
963,184.289554,32.1703941,375
964,179.809089,47.8679433,375
965,173.596964,63.104498,375
966,165.713006,77.7333219,375
967,156.23314,91.6135314,375
968,145.248664,104.611453,375
969,132.865364,116.601908,375
970,119.202498,127.469424,375
971,104.391647,137.109339,375
972,88.5754468,145.428816,375
973,71.9062169,152.347735,375
974,54.5444909,157.799461,375
975,36.6574715,161.731493,375
976,18.4174207,164.105961,375
977,1.30770140246e-14,164.9,375
978,-18.4174207,164.105961,375
979,-36.6574715,161.731493,375
980,-54.5444909,157.799461,375
981,-71.9062169,152.347735,375
982,-88.5754468,145.428816,375
983,-104.391647,137.109339,375
984,-119.202498,127.469424,375
985,-132.865364,116.601908,375
986,-145.248664,104.611453,375
987,-156.23314,91.6135314,375
988,-165.713006,77.7333219,375
989,-173.596964,63.104498,375
990,-179.809089,47.8679433,375
991,-184.289554,32.1703941,375
992,-186.99521,16.1630264,375
993,-187.9,4.0604792604e-14,375
994,-186.99521,-16.1630264,375
995,-184.289554,-32.1703941,375
996,-179.809089,-47.8679433,375
997,-173.596964,-63.104498,375
998,-165.713006,-77.7333219,375
999,-156.23314,-91.6135314,375
1000,-145.248664,-104.611453,375
1001,-132.865364,-116.601908,375
1002,-119.202498,-127.469424,375
1003,-104.391647,-137.109339,375
1004,-88.5754468,-145.428816,375
1005,-71.9062169,-152.347735,375
1006,-54.5444909,-157.799461,375
1007,-36.6574715,-161.731493,375
1008,-18.4174207,-164.105961,375
1009,-3.54269288349e-14,-164.9,375
1010,18.4174207,-164.105961,375
1011,36.6574715,-161.731493,375
1012,54.5444909,-157.799461,375
1013,71.9062169,-152.347735,375
1014,88.5754468,-145.428816,375
1015,104.391647,-137.109339,375
1016,119.202498,-127.469424,375
1017,132.865364,-116.601908,375
1018,145.248664,-104.611453,375
1019,156.23314,-91.6135314,375
1020,165.713006,-77.7333219,375
1021,173.596964,-63.104498,375
1022,179.809089,-47.8679433,375
1023,184.289554,-32.1703941,375
1024,186.99521,-16.1630264,375
1025,187.9,-9.72589202454e-16,400
1026,186.99521,16.1630264,400
1027,184.289554,32.1703941,400
1028,179.809089,47.8679433,400
1029,173.596964,63.104498,400
1030,165.713006,77.7333219,400
1031,156.23314,91.6135314,400
1032,145.248664,104.611453,400
1033,132.865364,116.601908,400
1034,119.202498,127.469424,400
1035,104.391647,137.109339,400
1036,88.5754468,145.428816,400
1037,71.9062169,152.347735,400
1038,54.5444909,157.799461,400
1039,36.6574715,161.731493,400
1040,18.4174207,164.105961,400
1041,1.21601511407e-14,164.9,400
1042,-18.4174207,164.105961,400
1043,-36.6574715,161.731493,400
1044,-54.5444909,157.799461,400
1045,-71.9062169,152.347735,400
1046,-88.5754468,145.428816,400
1047,-104.391647,137.109339,400
1048,-119.202498,127.469424,400
1049,-132.865364,116.601908,400
1050,-145.248664,104.611453,400
1051,-156.23314,91.6135314,400
1052,-165.713006,77.7333219,400
1053,-173.596964,63.104498,400
1054,-179.809089,47.8679433,400
1055,-184.289554,32.1703941,400
1056,-186.99521,16.1630264,400
1057,-187.9,4.19028120696e-14,400
1058,-186.99521,-16.1630264,400
1059,-184.289554,-32.1703941,400
1060,-179.809089,-47.8679433,400
1061,-173.596964,-63.104498,400
1062,-165.713006,-77.7333219,400
1063,-156.23314,-91.6135314,400
1064,-145.248664,-104.611453,400
1065,-132.865364,-116.601908,400
1066,-119.202498,-127.469424,400
1067,-104.391647,-137.109339,400
1068,-88.5754468,-145.428816,400
1069,-71.9062169,-152.347735,400
1070,-54.5444909,-157.799461,400
1071,-36.6574715,-161.731493,400
1072,-18.4174207,-164.105961,400
1073,-3.31536580768e-14,-164.9,400
1074,18.4174207,-164.105961,400
1075,36.6574715,-161.731493,400
1076,54.5444909,-157.799461,400
1077,71.9062169,-152.347735,400
1078,88.5754468,-145.428816,400
1079,104.391647,-137.109339,400
1080,119.202498,-127.469424,400
1081,132.865364,-116.601908,400
1082,145.248664,-104.611453,400
1083,156.23314,-91.6135314,400
1084,165.713006,-77.7333219,400
1085,173.596964,-63.104498,400
1086,179.809089,-47.8679433,400
1087,184.289554,-32.1703941,400
1088,186.99521,-16.1630264,400
1089,187.9,-8.59078764052e-16,425
1090,186.99521,16.1630264,425
1091,184.289554,32.1703941,425
1092,179.809089,47.8679433,425
1093,173.596964,63.104498,425
1094,165.713006,77.7333219,425
1095,156.23314,91.6135314,425
1096,145.248664,104.611453,425
1097,132.865364,116.601908,425
1098,119.202498,127.469424,425
1099,104.391647,137.109339,425
1100,88.5754468,145.428816,425
1101,71.9062169,152.347735,425
1102,54.5444909,157.799461,425
1103,36.6574715,161.731493,425
1104,18.4174207,164.105961,425
1105,1.30059633795e-14,164.9,425
1106,-18.4174207,164.105961,425
1107,-36.6574715,161.731493,425
1108,-54.5444909,157.799461,425
1109,-71.9062169,152.347735,425
1110,-88.5754468,145.428816,425
1111,-104.391647,137.109339,425
1112,-119.202498,127.469424,425
1113,-132.865364,116.601908,425
1114,-145.248664,104.611453,425
1115,-156.23314,91.6135314,425
1116,-165.713006,77.7333219,425
1117,-173.596964,63.104498,425
1118,-179.809089,47.8679433,425
1119,-184.289554,32.1703941,425
1120,-186.99521,16.1630264,425
1121,-187.9,4.21678589481e-14,425
1122,-186.99521,-16.1630264,425
1123,-184.289554,-32.1703941,425
1124,-179.809089,-47.8679433,425
1125,-173.596964,-63.104498,425
1126,-165.713006,-77.7333219,425
1127,-156.23314,-91.6135314,425
1128,-145.248664,-104.611453,425
1129,-132.865364,-116.601908,425
1130,-119.202498,-127.469424,425
1131,-104.391647,-137.109339,425
1132,-88.5754468,-145.428816,425
1133,-71.9062169,-152.347735,425
1134,-54.5444909,-157.799461,425
1135,-36.6574715,-161.731493,425
1136,-18.4174207,-164.105961,425
1137,-3.25063272828e-14,-164.9,425
1138,18.4174207,-164.105961,425
1139,36.6574715,-161.731493,425
1140,54.5444909,-157.799461,425
1141,71.9062169,-152.347735,425
1142,88.5754468,-145.428816,425
1143,104.391647,-137.109339,425
1144,119.202498,-127.469424,425
1145,132.865364,-116.601908,425
1146,145.248664,-104.611453,425
1147,156.23314,-91.6135314,425
1148,165.713006,-77.7333219,425
1149,173.596964,-63.104498,425
1150,179.809089,-47.8679433,425
1151,184.289554,-32.1703941,425
1152,186.99521,-16.1630264,425
1153,187.9,-1.60590207285e-15,450
1154,186.99521,16.1630264,450
1155,184.289554,32.1703941,450
1156,179.809089,47.8679433,450
1157,173.596964,63.104498,450
1158,165.713006,77.7333219,450
1159,156.23314,91.6135314,450
1160,145.248664,104.611453,450
1161,132.865364,116.601908,450
1162,119.202498,127.469424,450
1163,104.391647,137.109339,450
1164,88.5754468,145.428816,450
1165,71.9062169,152.347735,450
1166,54.5444909,157.799461,450
1167,36.6574715,161.731493,450
1168,18.4174207,164.105961,450
1169,9.82848929087e-15,164.9,450
1170,-18.4174207,164.105961,450
1171,-36.6574715,161.731493,450
1172,-54.5444909,157.799461,450
1173,-71.9062169,152.347735,450
1174,-88.5754468,145.428816,450
1175,-104.391647,137.109339,450
1176,-119.202498,127.469424,450
1177,-132.865364,116.601908,450
1178,-145.248664,104.611453,450
1179,-156.23314,91.6135314,450
1180,-165.713006,77.7333219,450
1181,-173.596964,63.104498,450
1182,-179.809089,47.8679433,450
1183,-184.289554,32.1703941,450
1184,-186.99521,16.1630264,450
1185,-187.9,4.15508492251e-14,450
1186,-186.99521,-16.1630264,450
1187,-184.289554,-32.1703941,450
1188,-179.809089,-47.8679433,450
1189,-173.596964,-63.104498,450
1190,-165.713006,-77.7333219,450
1191,-156.23314,-91.6135314,450
1192,-145.248664,-104.611453,450
1193,-132.865364,-116.601908,450
1194,-119.202498,-127.469424,450
1195,-104.391647,-137.109339,450
1196,-88.5754468,-145.428816,450
1197,-71.9062169,-152.347735,450
1198,-54.5444909,-157.799461,450
1199,-36.6574715,-161.731493,450
1200,-18.4174207,-164.105961,450
1201,-3.0692343219e-14,-164.9,450
1202,18.4174207,-164.105961,450
1203,36.6574715,-161.731493,450
1204,54.5444909,-157.799461,450
1205,71.9062169,-152.347735,450
1206,88.5754468,-145.428816,450
1207,104.391647,-137.109339,450
1208,119.202498,-127.469424,450
1209,132.865364,-116.601908,450
1210,145.248664,-104.611453,450
1211,156.23314,-91.6135314,450
1212,165.713006,-77.7333219,450
1213,173.596964,-63.104498,450
1214,179.809089,-47.8679433,450
1215,184.289554,-32.1703941,450
1216,186.99521,-16.1630264,450
1217,187.9,-1.01611936625e-15,475
1218,186.99521,16.1630264,475
1219,184.289554,32.1703941,475
1220,179.809089,47.8679433,475
1221,173.596964,63.104498,475
1222,165.713006,77.7333219,475
1223,156.23314,91.6135314,475
1224,145.248664,104.611453,475
1225,132.865364,116.601908,475
1226,119.202498,127.469424,475
1227,104.391647,137.109339,475
1228,88.5754468,145.428816,475
1229,71.9062169,152.347735,475
1230,54.5444909,157.799461,475
1231,36.6574715,161.731493,475
1232,18.4174207,164.105961,475
1233,7.62589916864e-15,164.9,475
1234,-18.4174207,164.105961,475
1235,-36.6574715,161.731493,475
1236,-54.5444909,157.799461,475
1237,-71.9062169,152.347735,475
1238,-88.5754468,145.428816,475
1239,-104.391647,137.109339,475
1240,-119.202498,127.469424,475
1241,-132.865364,116.601908,475
1242,-145.248664,104.611453,475
1243,-156.23314,91.6135314,475
1244,-165.713006,77.7333219,475
1245,-173.596964,63.104498,475
1246,-179.809089,47.8679433,475
1247,-184.289554,32.1703941,475
1248,-186.99521,16.1630264,475
1249,-187.9,4.31513883899e-14,475
1250,-186.99521,-16.1630264,475
1251,-184.289554,-32.1703941,475
1252,-179.809089,-47.8679433,475
1253,-173.596964,-63.104498,475
1254,-165.713006,-77.7333219,475
1255,-156.23314,-91.6135314,475
1256,-145.248664,-104.611453,475
1257,-132.865364,-116.601908,475
1258,-119.202498,-127.469424,475
1259,-104.391647,-137.109339,475
1260,-88.5754468,-145.428816,475
1261,-71.9062169,-152.347735,475
1262,-54.5444909,-157.799461,475
1263,-36.6574715,-161.731493,475
1264,-18.4174207,-164.105961,475
1265,-3.27867354886e-14,-164.9,475
1266,18.4174207,-164.105961,475
1267,36.6574715,-161.731493,475
1268,54.5444909,-157.799461,475
1269,71.9062169,-152.347735,475
1270,88.5754468,-145.428816,475
1271,104.391647,-137.109339,475
1272,119.202498,-127.469424,475
1273,132.865364,-116.601908,475
1274,145.248664,-104.611453,475
1275,156.23314,-91.6135314,475
1276,165.713006,-77.7333219,475
1277,173.596964,-63.104498,475
1278,179.809089,-47.8679433,475
1279,184.289554,-32.1703941,475
1280,186.99521,-16.1630264,475
1281,187.9,-1.80726553115e-15,500
1282,186.99521,16.1630264,500
1283,184.289554,32.1703941,500
1284,179.809089,47.8679433,500
1285,173.596964,63.104498,500
1286,165.713006,77.7333219,500
1287,156.23314,91.6135314,500
1288,145.248664,104.611453,500
1289,132.865364,116.601908,500
1290,119.202498,127.469424,500
1291,104.391647,137.109339,500
1292,88.5754468,145.428816,500
1293,71.9062169,152.347735,500
1294,54.5444909,157.799461,500
1295,36.6574715,161.731493,500
1296,18.4174207,164.105961,500
1297,7.39922726326e-15,164.9,500
1298,-18.4174207,164.105961,500
1299,-36.6574715,161.731493,500
1300,-54.5444909,157.799461,500
1301,-71.9062169,152.347735,500
1302,-88.5754468,145.428816,500
1303,-104.391647,137.109339,500
1304,-119.202498,127.469424,500
1305,-132.865364,116.601908,500
1306,-145.248664,104.611453,500
1307,-156.23314,91.6135314,500
1308,-165.713006,77.7333219,500
1309,-173.596964,63.104498,500
1310,-179.809089,47.8679433,500
1311,-184.289554,32.1703941,500
1312,-186.99521,16.1630264,500
1313,-187.9,4.2338289355e-14,500
1314,-186.99521,-16.1630264,500
1315,-184.289554,-32.1703941,500
1316,-179.809089,-47.8679433,500
1317,-173.596964,-63.104498,500
1318,-165.713006,-77.7333219,500
1319,-156.23314,-91.6135314,500
1320,-145.248664,-104.611453,500
1321,-132.865364,-116.601908,500
1322,-119.202498,-127.469424,500
1323,-104.391647,-137.109339,500
1324,-88.5754468,-145.428816,500
1325,-71.9062169,-152.347735,500
1326,-54.5444909,-157.799461,500
1327,-36.6574715,-161.731493,500
1328,-18.4174207,-164.105961,500
1329,-3.43745038058e-14,-164.9,500
1330,18.4174207,-164.105961,500
1331,36.6574715,-161.731493,500
1332,54.5444909,-157.799461,500
1333,71.9062169,-152.347735,500
1334,88.5754468,-145.428816,500
1335,104.391647,-137.109339,500
1336,119.202498,-127.469424,500
1337,132.865364,-116.601908,500
1338,145.248664,-104.611453,500
1339,156.23314,-91.6135314,500
1340,165.713006,-77.7333219,500
1341,173.596964,-63.104498,500
1342,179.809089,-47.8679433,500
1343,184.289554,-32.1703941,500
1344,186.99521,-16.1630264,500
1345,187.9,-8.58219923109e-16,525
1346,186.99521,16.1630264,525
1347,184.289554,32.1703941,525
1348,179.809089,47.8679433,525
1349,173.596964,63.104498,525
1350,165.713006,77.7333219,525
1351,156.23314,91.6135314,525
1352,145.248664,104.611453,525
1353,132.865364,116.601908,525
1354,119.202498,127.469424,525
1355,104.391647,137.109339,525
1356,88.5754468,145.428816,525
1357,71.9062169,152.347735,525
1358,54.5444909,157.799461,525
1359,36.6574715,161.731493,525
1360,18.4174207,164.105961,525
1361,9.19387757773e-15,164.9,525
1362,-18.4174207,164.105961,525
1363,-36.6574715,161.731493,525
1364,-54.5444909,157.799461,525
1365,-71.9062169,152.347735,525
1366,-88.5754468,145.428816,525
1367,-104.391647,137.109339,525
1368,-119.202498,127.469424,525
1369,-132.865364,116.601908,525
1370,-145.248664,104.611453,525
1371,-156.23314,91.6135314,525
1372,-165.713006,77.7333219,525
1373,-173.596964,63.104498,525
1374,-179.809089,47.8679433,525
1375,-184.289554,32.1703941,525
1376,-186.99521,16.1630264,525
1377,-187.9,4.43318491173e-14,525
1378,-186.99521,-16.1630264,525
1379,-184.289554,-32.1703941,525
1380,-179.809089,-47.8679433,525
1381,-173.596964,-63.104498,525
1382,-165.713006,-77.7333219,525
1383,-156.23314,-91.6135314,525
1384,-145.248664,-104.611453,525
1385,-132.865364,-116.601908,525
1386,-119.202498,-127.469424,525
1387,-104.391647,-137.109339,525
1388,-88.5754468,-145.428816,525
1389,-71.9062169,-152.347735,525
1390,-54.5444909,-157.799461,525
1391,-36.6574715,-161.731493,525
1392,-18.4174207,-164.105961,525
1393,-3.49791907879e-14,-164.9,525
1394,18.4174207,-164.105961,525
1395,36.6574715,-161.731493,525
1396,54.5444909,-157.799461,525
1397,71.9062169,-152.347735,525
1398,88.5754468,-145.428816,525
1399,104.391647,-137.109339,525
1400,119.202498,-127.469424,525
1401,132.865364,-116.601908,525
1402,145.248664,-104.611453,525
1403,156.23314,-91.6135314,525
1404,165.713006,-77.7333219,525
1405,173.596964,-63.104498,525
1406,179.809089,-47.8679433,525
1407,184.289554,-32.1703941,525
1408,186.99521,-16.1630264,525
1409,187.9,-5.19235772936e-16,550
1410,186.99521,16.1630264,550
1411,184.289554,32.1703941,550
1412,179.809089,47.8679433,550
1413,173.596964,63.104498,550
1414,165.713006,77.7333219,550
1415,156.23314,91.6135314,550
1416,145.248664,104.611453,550
1417,132.865364,116.601908,550
1418,119.202498,127.469424,550
1419,104.391647,137.109339,550
1420,88.5754468,145.428816,550
1421,71.9062169,152.347735,550
1422,54.5444909,157.799461,550
1423,36.6574715,161.731493,550
1424,18.4174207,164.105961,550
1425,9.5070780092e-15,164.9,550
1426,-18.4174207,164.105961,550
1427,-36.6574715,161.731493,550
1428,-54.5444909,157.799461,550
1429,-71.9062169,152.347735,550
1430,-88.5754468,145.428816,550
1431,-104.391647,137.109339,550
1432,-119.202498,127.469424,550
1433,-132.865364,116.601908,550
1434,-145.248664,104.611453,550
1435,-156.23314,91.6135314,550
1436,-165.713006,77.7333219,550
1437,-173.596964,63.104498,550
1438,-179.809089,47.8679433,550
1439,-184.289554,32.1703941,550
1440,-186.99521,16.1630264,550
1441,-187.9,4.51259400003e-14,550
1442,-186.99521,-16.1630264,550
1443,-184.289554,-32.1703941,550
1444,-179.809089,-47.8679433,550
1445,-173.596964,-63.104498,550
1446,-165.713006,-77.7333219,550
1447,-156.23314,-91.6135314,550
1448,-145.248664,-104.611453,550
1449,-132.865364,-116.601908,550
1450,-119.202498,-127.469424,550
1451,-104.391647,-137.109339,550
1452,-88.5754468,-145.428816,550
1453,-71.9062169,-152.347735,550
1454,-54.5444909,-157.799461,550
1455,-36.6574715,-161.731493,550
1456,-18.4174207,-164.105961,550
1457,-3.4040997947e-14,-164.9,550
1458,18.4174207,-164.105961,550
1459,36.6574715,-161.731493,550
1460,54.5444909,-157.799461,550
1461,71.9062169,-152.347735,550
1462,88.5754468,-145.428816,550
1463,104.391647,-137.109339,550
1464,119.202498,-127.469424,550
1465,132.865364,-116.601908,550
1466,145.248664,-104.611453,550
1467,156.23314,-91.6135314,550
1468,165.713006,-77.7333219,550
1469,173.596964,-63.104498,550
1470,179.809089,-47.8679433,550
1471,184.289554,-32.1703941,550
1472,186.99521,-16.1630264,550
1473,187.9,-6.71857796875e-16,575
1474,186.99521,16.1630264,575
1475,184.289554,32.1703941,575
1476,179.809089,47.8679433,575
1477,173.596964,63.104498,575
1478,165.713006,77.7333219,575
1479,156.23314,91.6135314,575
1480,145.248664,104.611453,575
1481,132.865364,116.601908,575
1482,119.202498,127.469424,575
1483,104.391647,137.109339,575
1484,88.5754468,145.428816,575
1485,71.9062169,152.347735,575
1486,54.5444909,157.799461,575
1487,36.6574715,161.731493,575
1488,18.4174207,164.105961,575
1489,1.10619673172e-14,164.9,575
1490,-18.4174207,164.105961,575
1491,-36.6574715,161.731493,575
1492,-54.5444909,157.799461,575
1493,-71.9062169,152.347735,575
1494,-88.5754468,145.428816,575
1495,-104.391647,137.109339,575
1496,-119.202498,127.469424,575
1497,-132.865364,116.601908,575
1498,-145.248664,104.611453,575
1499,-156.23314,91.6135314,575
1500,-165.713006,77.7333219,575
1501,-173.596964,63.104498,575
1502,-179.809089,47.8679433,575
1503,-184.289554,32.1703941,575
1504,-186.99521,16.1630264,575
1505,-187.9,4.77335207067e-14,575
1506,-186.99521,-16.1630264,575
1507,-184.289554,-32.1703941,575
1508,-179.809089,-47.8679433,575
1509,-173.596964,-63.104498,575
1510,-165.713006,-77.7333219,575
1511,-156.23314,-91.6135314,575
1512,-145.248664,-104.611453,575
1513,-132.865364,-116.601908,575
1514,-119.202498,-127.469424,575
1515,-104.391647,-137.109339,575
1516,-88.5754468,-145.428816,575
1517,-71.9062169,-152.347735,575
1518,-54.5444909,-157.799461,575
1519,-36.6574715,-161.731493,575
1520,-18.4174207,-164.105961,575
1521,-3.43145196021e-14,-164.9,575
1522,18.4174207,-164.105961,575
1523,36.6574715,-161.731493,575
1524,54.5444909,-157.799461,575
1525,71.9062169,-152.347735,575
1526,88.5754468,-145.428816,575
1527,104.391647,-137.109339,575
1528,119.202498,-127.469424,575
1529,132.865364,-116.601908,575
1530,145.248664,-104.611453,575
1531,156.23314,-91.6135314,575
1532,165.713006,-77.7333219,575
1533,173.596964,-63.104498,575
1534,179.809089,-47.8679433,575
1535,184.289554,-32.1703941,575
1536,186.99521,-16.1630264,575
1537,187.9,-1.21863195569e-15,600
1538,186.99521,16.1630264,600
1539,184.289554,32.1703941,600
1540,179.809089,47.8679433,600
1541,173.596964,63.104498,600
1542,165.713006,77.7333219,600
1543,156.23314,91.6135314,600
1544,145.248664,104.611453,600
1545,132.865364,116.601908,600
1546,119.202498,127.469424,600
1547,104.391647,137.109339,600
1548,88.5754468,145.428816,600
1549,71.9062169,152.347735,600
1550,54.5444909,157.799461,600
1551,36.6574715,161.731493,600
1552,18.4174207,164.105961,600
1553,1.11213635637e-14,164.9,600
1554,-18.4174207,164.105961,600
1555,-36.6574715,161.731493,600
1556,-54.5444909,157.799461,600
1557,-71.9062169,152.347735,600
1558,-88.5754468,145.428816,600
1559,-104.391647,137.109339,600
1560,-119.202498,127.469424,600
1561,-132.865364,116.601908,600
1562,-145.248664,104.611453,600
1563,-156.23314,91.6135314,600
1564,-165.713006,77.7333219,600
1565,-173.596964,63.104498,600
1566,-179.809089,47.8679433,600
1567,-184.289554,32.1703941,600
1568,-186.99521,16.1630264,600
1569,-187.9,4.88257032307e-14,600
1570,-186.99521,-16.1630264,600
1571,-184.289554,-32.1703941,600
1572,-179.809089,-47.8679433,600
1573,-173.596964,-63.104498,600
1574,-165.713006,-77.7333219,600
1575,-156.23314,-91.6135314,600
1576,-145.248664,-104.611453,600
1577,-132.865364,-116.601908,600
1578,-119.202498,-127.469424,600
1579,-104.391647,-137.109339,600
1580,-88.5754468,-145.428816,600
1581,-71.9062169,-152.347735,600
1582,-54.5444909,-157.799461,600
1583,-36.6574715,-161.731493,600
1584,-18.4174207,-164.105961,600
1585,-3.59095618554e-14,-164.9,600
1586,18.4174207,-164.105961,600
1587,36.6574715,-161.731493,600
1588,54.5444909,-157.799461,600
1589,71.9062169,-152.347735,600
1590,88.5754468,-145.428816,600
1591,104.391647,-137.109339,600
1592,119.202498,-127.469424,600
1593,132.865364,-116.601908,600
1594,145.248664,-104.611453,600
1595,156.23314,-91.6135314,600
1596,165.713006,-77.7333219,600
1597,173.596964,-63.104498,600
1598,179.809089,-47.8679433,600
1599,184.289554,-32.1703941,600
1600,186.99521,-16.1630264,600
1601,187.9,-2.36207474727e-15,625
1602,186.99521,16.1630264,625
1603,184.289554,32.1703941,625
1604,179.809089,47.8679433,625
1605,173.596964,63.104498,625
1606,165.713006,77.7333219,625
1607,156.23314,91.6135314,625
1608,145.248664,104.611453,625
1609,132.865364,116.601908,625
1610,119.202498,127.469424,625
1611,104.391647,137.109339,625
1612,88.5754468,145.428816,625
1613,71.9062169,152.347735,625
1614,54.5444909,157.799461,625
1615,36.6574715,161.731493,625
1616,18.4174207,164.105961,625
1617,1.08667805279e-14,164.9,625
1618,-18.4174207,164.105961,625
1619,-36.6574715,161.731493,625
1620,-54.5444909,157.799461,625
1621,-71.9062169,152.347735,625
1622,-88.5754468,145.428816,625
1623,-104.391647,137.109339,625
1624,-119.202498,127.469424,625
1625,-132.865364,116.601908,625
1626,-145.248664,104.611453,625
1627,-156.23314,91.6135314,625
1628,-165.713006,77.7333219,625
1629,-173.596964,63.104498,625
1630,-179.809089,47.8679433,625
1631,-184.289554,32.1703941,625
1632,-186.99521,16.1630264,625
1633,-187.9,5.01188407566e-14,625
1634,-186.99521,-16.1630264,625
1635,-184.289554,-32.1703941,625
1636,-179.809089,-47.8679433,625
1637,-173.596964,-63.104498,625
1638,-165.713006,-77.7333219,625
1639,-156.23314,-91.6135314,625
1640,-145.248664,-104.611453,625
1641,-132.865364,-116.601908,625
1642,-119.202498,-127.469424,625
1643,-104.391647,-137.109339,625
1644,-88.5754468,-145.428816,625
1645,-71.9062169,-152.347735,625
1646,-54.5444909,-157.799461,625
1647,-36.6574715,-161.731493,625
1648,-18.4174207,-164.105961,625
1649,-3.4348350086e-14,-164.9,625
1650,18.4174207,-164.105961,625
1651,36.6574715,-161.731493,625
1652,54.5444909,-157.799461,625
1653,71.9062169,-152.347735,625
1654,88.5754468,-145.428816,625
1655,104.391647,-137.109339,625
1656,119.202498,-127.469424,625
1657,132.865364,-116.601908,625
1658,145.248664,-104.611453,625
1659,156.23314,-91.6135314,625
1660,165.713006,-77.7333219,625
1661,173.596964,-63.104498,625
1662,179.809089,-47.8679433,625
1663,184.289554,-32.1703941,625
1664,186.99521,-16.1630264,625
1665,187.9,0,650
1666,186.99521,16.1630264,650
1667,184.289554,32.1703941,650
1668,179.809089,47.8679433,650
1669,173.596964,63.104498,650
1670,165.713006,77.7333219,650
1671,156.23314,91.6135314,650
1672,145.248664,104.611453,650
1673,132.865364,116.601908,650
1674,119.202498,127.469424,650
1675,104.391647,137.109339,650
1676,88.5754468,145.428816,650
1677,71.9062169,152.347735,650
1678,54.5444909,157.799461,650
1679,36.6574715,161.731493,650
1680,18.4174207,164.105961,650
1681,1.15055567e-14,164.9,650
1682,-18.4174207,164.105961,650
1683,-36.6574715,161.731493,650
1684,-54.5444909,157.799461,650
1685,-71.9062169,152.347735,650
1686,-88.5754468,145.428816,650
1687,-104.391647,137.109339,650
1688,-119.202498,127.469424,650
1689,-132.865364,116.601908,650
1690,-145.248664,104.611453,650
1691,-156.23314,91.6135314,650
1692,-165.713006,77.7333219,650
1693,-173.596964,63.104498,650
1694,-179.809089,47.8679433,650
1695,-184.289554,32.1703941,650
1696,-186.99521,16.1630264,650
1697,-187.9,4.99395213398e-14,650
1698,-186.99521,-16.1630264,650
1699,-184.289554,-32.1703941,650
1700,-179.809089,-47.8679433,650
1701,-173.596964,-63.104498,650
1702,-165.713006,-77.7333219,650
1703,-156.23314,-91.6135314,650
1704,-145.248664,-104.611453,650
1705,-132.865364,-116.601908,650
1706,-119.202498,-127.469424,650
1707,-104.391647,-137.109339,650
1708,-88.5754468,-145.428816,650
1709,-71.9062169,-152.347735,650
1710,-54.5444909,-157.799461,650
1711,-36.6574715,-161.731493,650
1712,-18.4174207,-164.105961,650
1713,-3.451667e-14,-164.9,650
1714,18.4174207,-164.105961,650
1715,36.6574715,-161.731493,650
1716,54.5444909,-157.799461,650
1717,71.9062169,-152.347735,650
1718,88.5754468,-145.428816,650
1719,104.391647,-137.109339,650
1720,119.202498,-127.469424,650
1721,132.865364,-116.601908,650
1722,145.248664,-104.611453,650
1723,156.23314,-91.6135314,650
1724,165.713006,-77.7333219,650
1725,173.596964,-63.104498,650
1726,179.809089,-47.8679433,650
1727,184.289554,-32.1703941,650
1728,186.99521,-16.1630264,650

===== beginning time step 5 : 0.125 =====


Reforming stiffness matrix: reformation #1

 1
 Nonlinear solution status: time= 0.125
	stiffness updates             = 0
	right hand side evaluations   = 2
	stiffness matrix reformations = 1
	step from line search         = 1.000000
	convergence norms :     INITIAL         CURRENT         REQUIRED
	   residual            4.213524e+05    1.555197e-08    4.213524e+02 
	   energy              8.027563e+02    1.528428e-04    8.027563e-02 
	   displacement        1.562711e+00    1.562711e+00    6.250843e-04 
 2
 Nonlinear solution status: time= 0.125
	stiffness updates             = 1
	right hand side evaluations   = 3
	stiffness matrix reformations = 1
	step from line search         = 1.000000
	convergence norms :     INITIAL         CURRENT         REQUIRED
	   residual            4.213524e+05    5.748896e-17    4.213524e+02 
	   energy              8.027563e+02    1.747393e-15    8.027563e-02 
	   displacement        1.562711e+00    6.429509e-14    6.250841e-04 

convergence summary
    number of iterations   : 2
    number of reformations : 1

------- converged at time : 0.125


Data Record #1
===========================================================================
Step = 5
Time = 0.125
Data = shirt_final_coordinates
1,187.9,-2.38000797527e-14,1.27948867197e-14
2,186.99521,16.1630264,1.53348503464e-14
3,184.289554,32.1703941,1.7958062443e-14
4,179.809089,47.8679433,1.7390344746e-14
5,173.596964,63.104498,2.05386964867e-14
6,165.713006,77.7333219,2.18536150302e-14
7,156.23314,91.6135314,2.44200782362e-14
8,145.248664,104.611453,3.08591985271e-14
9,132.865364,116.601908,3.01982602493e-14
10,119.202498,127.469424,3.50017293006e-14
11,104.391647,137.109339,3.19656632165e-14
12,88.5754468,145.428816,2.65743004844e-14
13,71.9062169,152.347735,3.06789033202e-14
14,54.5444909,157.799461,3.28472543376e-14
15,36.6574715,161.731493,3.55557159898e-14
16,18.4174207,164.105961,3.85483012249e-14
17,-3.65064333667e-15,164.9,3.82067260786e-14
18,-18.4174207,164.105961,3.92114152664e-14
19,-36.6574715,161.731493,3.72150413315e-14
20,-54.5444909,157.799461,3.83069103138e-14
21,-71.9062169,152.347735,4.03273662232e-14
22,-88.5754468,145.428816,4.12643901733e-14
23,-104.391647,137.109339,5.10512346685e-14
24,-119.202498,127.469424,4.89286735074e-14
25,-132.865364,116.601908,4.50369110182e-14
26,-145.248664,104.611453,4.41222690974e-14
27,-156.23314,91.6135314,3.60333662299e-14
28,-165.713006,77.7333219,2.86301442217e-14
29,-173.596964,63.104498,3.43891635046e-14
30,-179.809089,47.8679433,3.17620865513e-14
31,-184.289554,32.1703941,2.53462329495e-14
32,-186.99521,16.1630264,2.36198460018e-14
33,-187.9,5.00007536418e-14,2.02819771109e-14
34,-186.99521,-16.1630264,2.16600553451e-14
35,-184.289554,-32.1703941,2.68600501328e-14
36,-179.809089,-47.8679433,3.05375501113e-14
37,-173.596964,-63.104498,3.68457590127e-14
38,-165.713006,-77.7333219,3.82941485971e-14
39,-156.23314,-91.6135314,4.2564531377e-14
40,-145.248664,-104.611453,4.93078455336e-14
41,-132.865364,-116.601908,5.28897493918e-14
42,-119.202498,-127.469424,5.80925992918e-14
43,-104.391647,-137.109339,5.6149409811e-14
44,-88.5754468,-145.428816,5.67370839992e-14
45,-71.9062169,-152.347735,6.13569192109e-14
46,-54.5444909,-157.799461,6.2431711981e-14
47,-36.6574715,-161.731493,6.38696436044e-14
48,-18.4174207,-164.105961,6.65222705081e-14
49,-2.73607693925e-14,-164.9,6.83045453203e-14
50,18.4174207,-164.105961,6.74503282388e-14
51,36.6574715,-161.731493,6.58566383948e-14
52,54.5444909,-157.799461,6.33858245498e-14
53,71.9062169,-152.347735,6.01174254463e-14
54,88.5754468,-145.428816,5.97325561783e-14
55,104.391647,-137.109339,6.46894938815e-14
56,119.202498,-127.469424,5.80445135132e-14
57,132.865364,-116.601908,5.32515443919e-14
58,145.248664,-104.611453,4.7625025109e-14
59,156.23314,-91.6135314,3.59380844667e-14
60,165.713006,-77.7333219,2.74272700042e-14
61,173.596964,-63.104498,2.94986860752e-14
62,179.809089,-47.8679433,2.67291653797e-14
63,184.289554,-32.1703941,2.25476466971e-14
64,186.99521,-16.1630264,1.65005078088e-14
65,187.9,-2.28981295585e-14,25
66,186.99521,16.1630264,25
67,184.289554,32.1703941,25
68,179.809089,47.8679433,25
69,173.596964,63.104498,25
70,165.713006,77.7333219,25
71,156.23314,91.6135314,25
72,145.248664,104.611453,25
73,132.865364,116.601908,25
74,119.202498,127.469424,25
75,104.391647,137.109339,25
76,88.5754468,145.428816,25
77,71.9062169,152.347735,25
78,54.5444909,157.799461,25
79,36.6574715,161.731493,25
80,18.4174207,164.105961,25
81,-9.53405027761e-16,164.9,25
82,-18.4174207,164.105961,25
83,-36.6574715,161.731493,25
84,-54.5444909,157.799461,25
85,-71.9062169,152.347735,25
86,-88.5754468,145.428816,25
87,-104.391647,137.109339,25
88,-119.202498,127.469424,25
89,-132.865364,116.601908,25
90,-145.248664,104.611453,25
91,-156.23314,91.6135314,25
92,-165.713006,77.7333219,25
93,-173.596964,63.104498,25
94,-179.809089,47.8679433,25
95,-184.289554,32.1703941,25
96,-186.99521,16.1630264,25
97,-187.9,4.88241031625e-14,25
98,-186.99521,-16.1630264,25
99,-184.289554,-32.1703941,25
100,-179.809089,-47.8679433,25
101,-173.596964,-63.104498,25
102,-165.713006,-77.7333219,25
103,-156.23314,-91.6135314,25
104,-145.248664,-104.611453,25
105,-132.865364,-116.601908,25
106,-119.202498,-127.469424,25
107,-104.391647,-137.109339,25
108,-88.5754468,-145.428816,25
109,-71.9062169,-152.347735,25
110,-54.5444909,-157.799461,25
111,-36.6574715,-161.731493,25
112,-18.4174207,-164.105961,25
113,-2.81762645183e-14,-164.9,25
114,18.4174207,-164.105961,25
115,36.6574715,-161.731493,25
116,54.5444909,-157.799461,25
117,71.9062169,-152.347735,25
118,88.5754468,-145.428816,25
119,104.391647,-137.109339,25
120,119.202498,-127.469424,25
121,132.865364,-116.601908,25
122,145.248664,-104.611453,25
123,156.23314,-91.6135314,25
124,165.713006,-77.7333219,25
125,173.596964,-63.104498,25
126,179.809089,-47.8679433,25
127,184.289554,-32.1703941,25
128,186.99521,-16.1630264,25
129,187.9,-2.26776075901e-14,50
130,186.99521,16.1630264,50
131,184.289554,32.1703941,50
132,179.809089,47.8679433,50
133,173.596964,63.104498,50
134,165.713006,77.7333219,50
135,156.23314,91.6135314,50
136,145.248664,104.611453,50
137,132.865364,116.601908,50
138,119.202498,127.469424,50
139,104.391647,137.109339,50
140,88.5754468,145.428816,50
141,71.9062169,152.347735,50
142,54.5444909,157.799461,50
143,36.6574715,161.731493,50
144,18.4174207,164.105961,50
145,-7.90927679789e-16,164.9,50
146,-18.4174207,164.105961,50
147,-36.6574715,161.731493,50
148,-54.5444909,157.799461,50
149,-71.9062169,152.347735,50
150,-88.5754468,145.428816,50
151,-104.391647,137.109339,50
152,-119.202498,127.469424,50
153,-132.865364,116.601908,50
154,-145.248664,104.611453,50
155,-156.23314,91.6135314,50
156,-165.713006,77.7333219,50
157,-173.596964,63.104498,50
158,-179.809089,47.8679433,50
159,-184.289554,32.1703941,50
160,-186.99521,16.1630264,50
161,-187.9,5.03225436723e-14,50
162,-186.99521,-16.1630264,50
163,-184.289554,-32.1703941,50
164,-179.809089,-47.8679433,50
165,-173.596964,-63.104498,50
166,-165.713006,-77.7333219,50
167,-156.23314,-91.6135314,50
168,-145.248664,-104.611453,50
169,-132.865364,-116.601908,50
170,-119.202498,-127.469424,50
171,-104.391647,-137.109339,50
172,-88.5754468,-145.428816,50
173,-71.9062169,-152.347735,50
174,-54.5444909,-157.799461,50
175,-36.6574715,-161.731493,50
176,-18.4174207,-164.105961,50
177,-2.85404036933e-14,-164.9,50
178,18.4174207,-164.105961,50
179,36.6574715,-161.731493,50
180,54.5444909,-157.799461,50
181,71.9062169,-152.347735,50
182,88.5754468,-145.428816,50
183,104.391647,-137.109339,50
184,119.202498,-127.469424,50
185,132.865364,-116.601908,50
186,145.248664,-104.611453,50
187,156.23314,-91.6135314,50
188,165.713006,-77.7333219,50
189,173.596964,-63.104498,50
190,179.809089,-47.8679433,50
191,184.289554,-32.1703941,50
192,186.99521,-16.1630264,50
193,187.9,-2.03046020506e-14,75
194,186.99521,16.1630264,75
195,184.289554,32.1703941,75
196,179.809089,47.8679433,75
197,173.596964,63.104498,75
198,165.713006,77.7333219,75
199,156.23314,91.6135314,75
200,145.248664,104.611453,75
201,132.865364,116.601908,75
202,119.202498,127.469424,75
203,104.391647,137.109339,75
204,88.5754468,145.428816,75
205,71.9062169,152.347735,75
206,54.5444909,157.799461,75
207,36.6574715,161.731493,75
208,18.4174207,164.105961,75
209,5.94963725101e-16,164.9,75
210,-18.4174207,164.105961,75
211,-36.6574715,161.731493,75
212,-54.5444909,157.799461,75
213,-71.9062169,152.347735,75
214,-88.5754468,145.428816,75
215,-104.391647,137.109339,75
216,-119.202498,127.469424,75
217,-132.865364,116.601908,75
218,-145.248664,104.611453,75
219,-156.23314,91.6135314,75
220,-165.713006,77.7333219,75
221,-173.596964,63.104498,75
222,-179.809089,47.8679433,75
223,-184.289554,32.1703941,75
224,-186.99521,16.1630264,75
225,-187.9,4.93654438998e-14,75
226,-186.99521,-16.1630264,75
227,-184.289554,-32.1703941,75
228,-179.809089,-47.8679433,75
229,-173.596964,-63.104498,75
230,-165.713006,-77.7333219,75
231,-156.23314,-91.6135314,75
232,-145.248664,-104.611453,75
233,-132.865364,-116.601908,75
234,-119.202498,-127.469424,75
235,-104.391647,-137.109339,75
236,-88.5754468,-145.428816,75
237,-71.9062169,-152.347735,75
238,-54.5444909,-157.799461,75
239,-36.6574715,-161.731493,75
240,-18.4174207,-164.105961,75
241,-3.0160298845e-14,-164.9,75
242,18.4174207,-164.105961,75
243,36.6574715,-161.731493,75
244,54.5444909,-157.799461,75
245,71.9062169,-152.347735,75
246,88.5754468,-145.428816,75
247,104.391647,-137.109339,75
248,119.202498,-127.469424,75
249,132.865364,-116.601908,75
250,145.248664,-104.611453,75
251,156.23314,-91.6135314,75
252,165.713006,-77.7333219,75
253,173.596964,-63.104498,75
254,179.809089,-47.8679433,75
255,184.289554,-32.1703941,75
256,186.99521,-16.1630264,75
257,187.9,-2.00289139838e-14,100
258,186.99521,16.1630264,100
259,184.289554,32.1703941,100
260,179.809089,47.8679433,100
261,173.596964,63.104498,100
262,165.713006,77.7333219,100
263,156.23314,91.6135314,100
264,145.248664,104.611453,100
265,132.865364,116.601908,100
266,119.202498,127.469424,100
267,104.391647,137.109339,100
268,88.5754468,145.428816,100
269,71.9062169,152.347735,100
270,54.5444909,157.799461,100
271,36.6574715,161.731493,100
272,18.4174207,164.105961,100
273,2.79038588892e-15,164.9,100
274,-18.4174207,164.105961,100
275,-36.6574715,161.731493,100
276,-54.5444909,157.799461,100
277,-71.9062169,152.347735,100
278,-88.5754468,145.428816,100
279,-104.391647,137.109339,100
280,-119.202498,127.469424,100
281,-132.865364,116.601908,100
282,-145.248664,104.611453,100
283,-156.23314,91.6135314,100
284,-165.713006,77.7333219,100
285,-173.596964,63.104498,100
286,-179.809089,47.8679433,100
287,-184.289554,32.1703941,100
288,-186.99521,16.1630264,100
289,-187.9,5.16490999358e-14,100
290,-186.99521,-16.1630264,100
291,-184.289554,-32.1703941,100
292,-179.809089,-47.8679433,100
293,-173.596964,-63.104498,100
294,-165.713006,-77.7333219,100
295,-156.23314,-91.6135314,100
296,-145.248664,-104.611453,100
297,-132.865364,-116.601908,100
298,-119.202498,-127.469424,100
299,-104.391647,-137.109339,100
300,-88.5754468,-145.428816,100
301,-71.9062169,-152.347735,100
302,-54.5444909,-157.799461,100
303,-36.6574715,-161.731493,100
304,-18.4174207,-164.105961,100
305,-3.15357196265e-14,-164.9,100
306,18.4174207,-164.105961,100
307,36.6574715,-161.731493,100
308,54.5444909,-157.799461,100
309,71.9062169,-152.347735,100
310,88.5754468,-145.428816,100
311,104.391647,-137.109339,100
312,119.202498,-127.469424,100
313,132.865364,-116.601908,100
314,145.248664,-104.611453,100
315,156.23314,-91.6135314,100
316,165.713006,-77.7333219,100
317,173.596964,-63.104498,100
318,179.809089,-47.8679433,100
319,184.289554,-32.1703941,100
320,186.99521,-16.1630264,100
321,187.9,-1.95605214414e-14,125
322,186.99521,16.1630264,125
323,184.289554,32.1703941,125
324,179.809089,47.8679433,125
325,173.596964,63.104498,125
326,165.713006,77.7333219,125
327,156.23314,91.6135314,125
328,145.248664,104.611453,125
329,132.865364,116.601908,125
330,119.202498,127.469424,125
331,104.391647,137.109339,125
332,88.5754468,145.428816,125
333,71.9062169,152.347735,125
334,54.5444909,157.799461,125
335,36.6574715,161.731493,125
336,18.4174207,164.105961,125
337,2.41516952741e-15,164.9,125
338,-18.4174207,164.105961,125
339,-36.6574715,161.731493,125
340,-54.5444909,157.799461,125
341,-71.9062169,152.347735,125
342,-88.5754468,145.428816,125
343,-104.391647,137.109339,125
344,-119.202498,127.469424,125
345,-132.865364,116.601908,125
346,-145.248664,104.611453,125
347,-156.23314,91.6135314,125
348,-165.713006,77.7333219,125
349,-173.596964,63.104498,125
350,-179.809089,47.8679433,125
351,-184.289554,32.1703941,125
352,-186.99521,16.1630264,125
353,-187.9,5.15930646916e-14,125
354,-186.99521,-16.1630264,125
355,-184.289554,-32.1703941,125
356,-179.809089,-47.8679433,125
357,-173.596964,-63.104498,125
358,-165.713006,-77.7333219,125
359,-156.23314,-91.6135314,125
360,-145.248664,-104.611453,125
361,-132.865364,-116.601908,125
362,-119.202498,-127.469424,125
363,-104.391647,-137.109339,125
364,-88.5754468,-145.428816,125
365,-71.9062169,-152.347735,125
366,-54.5444909,-157.799461,125
367,-36.6574715,-161.731493,125
368,-18.4174207,-164.105961,125
369,-3.11899622072e-14,-164.9,125
370,18.4174207,-164.105961,125
371,36.6574715,-161.731493,125
372,54.5444909,-157.799461,125
373,71.9062169,-152.347735,125
374,88.5754468,-145.428816,125
375,104.391647,-137.109339,125
376,119.202498,-127.469424,125
377,132.865364,-116.601908,125
378,145.248664,-104.611453,125
379,156.23314,-91.6135314,125
380,165.713006,-77.7333219,125
381,173.596964,-63.104498,125
382,179.809089,-47.8679433,125
383,184.289554,-32.1703941,125
384,186.99521,-16.1630264,125
385,187.9,-1.67641623179e-14,150
386,186.99521,16.1630264,150
387,184.289554,32.1703941,150
388,179.809089,47.8679433,150
389,173.596964,63.104498,150
390,165.713006,77.7333219,150
391,156.23314,91.6135314,150
392,145.248664,104.611453,150
393,132.865364,116.601908,150
394,119.202498,127.469424,150
395,104.391647,137.109339,150
396,88.5754468,145.428816,150
397,71.9062169,152.347735,150
398,54.5444909,157.799461,150
399,36.6574715,161.731493,150
400,18.4174207,164.105961,150
401,4.15118824665e-15,164.9,150
402,-18.4174207,164.105961,150
403,-36.6574715,161.731493,150
404,-54.5444909,157.799461,150
405,-71.9062169,152.347735,150
406,-88.5754468,145.428816,150
407,-104.391647,137.109339,150
408,-119.202498,127.469424,150
409,-132.865364,116.601908,150
410,-145.248664,104.611453,150
411,-156.23314,91.6135314,150
412,-165.713006,77.7333219,150
413,-173.596964,63.104498,150
414,-179.809089,47.8679433,150
415,-184.289554,32.1703941,150
416,-186.99521,16.1630264,150
417,-187.9,4.8650359655e-14,150
418,-186.99521,-16.1630264,150
419,-184.289554,-32.1703941,150
420,-179.809089,-47.8679433,150
421,-173.596964,-63.104498,150
422,-165.713006,-77.7333219,150
423,-156.23314,-91.6135314,150
424,-145.248664,-104.611453,150
425,-132.865364,-116.601908,150
426,-119.202498,-127.469424,150
427,-104.391647,-137.109339,150
428,-88.5754468,-145.428816,150
429,-71.9062169,-152.347735,150
430,-54.5444909,-157.799461,150
431,-36.6574715,-161.731493,150
432,-18.4174207,-164.105961,150
433,-3.13127286382e-14,-164.9,150
434,18.4174207,-164.105961,150
435,36.6574715,-161.731493,150
436,54.5444909,-157.799461,150
437,71.9062169,-152.347735,150
438,88.5754468,-145.428816,150
439,104.391647,-137.109339,150
440,119.202498,-127.469424,150
441,132.865364,-116.601908,150
442,145.248664,-104.611453,150
443,156.23314,-91.6135314,150
444,165.713006,-77.7333219,150
445,173.596964,-63.104498,150
446,179.809089,-47.8679433,150
447,184.289554,-32.1703941,150
448,186.99521,-16.1630264,150
449,187.9,-1.83422863737e-14,175
450,186.99521,16.1630264,175
451,184.289554,32.1703941,175
452,179.809089,47.8679433,175
453,173.596964,63.104498,175
454,165.713006,77.7333219,175
455,156.23314,91.6135314,175
456,145.248664,104.611453,175
457,132.865364,116.601908,175
458,119.202498,127.469424,175
459,104.391647,137.109339,175
460,88.5754468,145.428816,175
461,71.9062169,152.347735,175
462,54.5444909,157.799461,175
463,36.6574715,161.731493,175
464,18.4174207,164.105961,175
465,4.99238647357e-15,164.9,175
466,-18.4174207,164.105961,175
467,-36.6574715,161.731493,175
468,-54.5444909,157.799461,175
469,-71.9062169,152.347735,175
470,-88.5754468,145.428816,175
471,-104.391647,137.109339,175
472,-119.202498,127.469424,175
473,-132.865364,116.601908,175
474,-145.248664,104.611453,175
475,-156.23314,91.6135314,175
476,-165.713006,77.7333219,175
477,-173.596964,63.104498,175
478,-179.809089,47.8679433,175
479,-184.289554,32.1703941,175
480,-186.99521,16.1630264,175
481,-187.9,4.72306162881e-14,175
482,-186.99521,-16.1630264,175
483,-184.289554,-32.1703941,175
484,-179.809089,-47.8679433,175
485,-173.596964,-63.104498,175
486,-165.713006,-77.7333219,175
487,-156.23314,-91.6135314,175
488,-145.248664,-104.611453,175
489,-132.865364,-116.601908,175
490,-119.202498,-127.469424,175
491,-104.391647,-137.109339,175
492,-88.5754468,-145.428816,175
493,-71.9062169,-152.347735,175
494,-54.5444909,-157.799461,175
495,-36.6574715,-161.731493,175
496,-18.4174207,-164.105961,175
497,-3.2092898158e-14,-164.9,175
498,18.4174207,-164.105961,175
499,36.6574715,-161.731493,175
500,54.5444909,-157.799461,175
501,71.9062169,-152.347735,175
502,88.5754468,-145.428816,175
503,104.391647,-137.109339,175
504,119.202498,-127.469424,175
505,132.865364,-116.601908,175
506,145.248664,-104.611453,175
507,156.23314,-91.6135314,175
508,165.713006,-77.7333219,175
509,173.596964,-63.104498,175
510,179.809089,-47.8679433,175
511,184.289554,-32.1703941,175
512,186.99521,-16.1630264,175
513,187.9,-1.84253023255e-14,200
514,186.99521,16.1630264,200
515,184.289554,32.1703941,200
516,179.809089,47.8679433,200
517,173.596964,63.104498,200
518,165.713006,77.7333219,200
519,156.23314,91.6135314,200
520,145.248664,104.611453,200
521,132.865364,116.601908,200
522,119.202498,127.469424,200
523,104.391647,137.109339,200
524,88.5754468,145.428816,200
525,71.9062169,152.347735,200
526,54.5444909,157.799461,200
527,36.6574715,161.731493,200
528,18.4174207,164.105961,200
529,5.38675759909e-15,164.9,200
530,-18.4174207,164.105961,200
531,-36.6574715,161.731493,200
532,-54.5444909,157.799461,200
533,-71.9062169,152.347735,200
534,-88.5754468,145.428816,200
535,-104.391647,137.109339,200
536,-119.202498,127.469424,200
537,-132.865364,116.601908,200
538,-145.248664,104.611453,200
539,-156.23314,91.6135314,200
540,-165.713006,77.7333219,200
541,-173.596964,63.104498,200
542,-179.809089,47.8679433,200
543,-184.289554,32.1703941,200
544,-186.99521,16.1630264,200
545,-187.9,4.92087342463e-14,200
546,-186.99521,-16.1630264,200
547,-184.289554,-32.1703941,200
548,-179.809089,-47.8679433,200
549,-173.596964,-63.104498,200
550,-165.713006,-77.7333219,200
551,-156.23314,-91.6135314,200
552,-145.248664,-104.611453,200
553,-132.865364,-116.601908,200
554,-119.202498,-127.469424,200
555,-104.391647,-137.109339,200
556,-88.5754468,-145.428816,200
557,-71.9062169,-152.347735,200
558,-54.5444909,-157.799461,200
559,-36.6574715,-161.731493,200
560,-18.4174207,-164.105961,200
561,-3.09023622274e-14,-164.9,200
562,18.4174207,-164.105961,200
563,36.6574715,-161.731493,200
564,54.5444909,-157.799461,200
565,71.9062169,-152.347735,200
566,88.5754468,-145.428816,200
567,104.391647,-137.109339,200
568,119.202498,-127.469424,200
569,132.865364,-116.601908,200
570,145.248664,-104.611453,200
571,156.23314,-91.6135314,200
572,165.713006,-77.7333219,200
573,173.596964,-63.104498,200
574,179.809089,-47.8679433,200
575,184.289554,-32.1703941,200
576,186.99521,-16.1630264,200
577,187.9,-1.75275832027e-14,225
578,186.99521,16.1630264,225
579,184.289554,32.1703941,225
580,179.809089,47.8679433,225
581,173.596964,63.104498,225
582,165.713006,77.7333219,225
583,156.23314,91.6135314,225
584,145.248664,104.611453,225
585,132.865364,116.601908,225
586,119.202498,127.469424,225
587,104.391647,137.109339,225
588,88.5754468,145.428816,225
589,71.9062169,152.347735,225
590,54.5444909,157.799461,225
591,36.6574715,161.731493,225
592,18.4174207,164.105961,225
593,7.64631620832e-15,164.9,225
594,-18.4174207,164.105961,225
595,-36.6574715,161.731493,225
596,-54.5444909,157.799461,225
597,-71.9062169,152.347735,225
598,-88.5754468,145.428816,225
599,-104.391647,137.109339,225
600,-119.202498,127.469424,225
601,-132.865364,116.601908,225
602,-145.248664,104.611453,225
603,-156.23314,91.6135314,225
604,-165.713006,77.7333219,225
605,-173.596964,63.104498,225
606,-179.809089,47.8679433,225
607,-184.289554,32.1703941,225
608,-186.99521,16.1630264,225
609,-187.9,5.17025470029e-14,225
610,-186.99521,-16.1630264,225
611,-184.289554,-32.1703941,225
612,-179.809089,-47.8679433,225
613,-173.596964,-63.104498,225
614,-165.713006,-77.7333219,225
615,-156.23314,-91.6135314,225
616,-145.248664,-104.611453,225
617,-132.865364,-116.601908,225
618,-119.202498,-127.469424,225
619,-104.391647,-137.109339,225
620,-88.5754468,-145.428816,225
621,-71.9062169,-152.347735,225
622,-54.5444909,-157.799461,225
623,-36.6574715,-161.731493,225
624,-18.4174207,-164.105961,225
625,-3.12058641918e-14,-164.9,225
626,18.4174207,-164.105961,225
627,36.6574715,-161.731493,225
628,54.5444909,-157.799461,225
629,71.9062169,-152.347735,225
630,88.5754468,-145.428816,225
631,104.391647,-137.109339,225
632,119.202498,-127.469424,225
633,132.865364,-116.601908,225
634,145.248664,-104.611453,225
635,156.23314,-91.6135314,225
636,165.713006,-77.7333219,225
637,173.596964,-63.104498,225
638,179.809089,-47.8679433,225
639,184.289554,-32.1703941,225
640,186.99521,-16.1630264,225
641,187.9,-1.53789338674e-14,250
642,186.99521,16.1630264,250
643,184.289554,32.1703941,250
644,179.809089,47.8679433,250
645,173.596964,63.104498,250
646,165.713006,77.7333219,250
647,156.23314,91.6135314,250
648,145.248664,104.611453,250
649,132.865364,116.601908,250
650,119.202498,127.469424,250
651,104.391647,137.109339,250
652,88.5754468,145.428816,250
653,71.9062169,152.347735,250
654,54.5444909,157.799461,250
655,36.6574715,161.731493,250
656,18.4174207,164.105961,250
657,9.63020399914e-15,164.9,250
658,-18.4174207,164.105961,250
659,-36.6574715,161.731493,250
660,-54.5444909,157.799461,250
661,-71.9062169,152.347735,250
662,-88.5754468,145.428816,250
663,-104.391647,137.109339,250
664,-119.202498,127.469424,250
665,-132.865364,116.601908,250
666,-145.248664,104.611453,250
667,-156.23314,91.6135314,250
668,-165.713006,77.7333219,250
669,-173.596964,63.104498,250
670,-179.809089,47.8679433,250
671,-184.289554,32.1703941,250
672,-186.99521,16.1630264,250
673,-187.9,5.32278818451e-14,250
674,-186.99521,-16.1630264,250
675,-184.289554,-32.1703941,250
676,-179.809089,-47.8679433,250
677,-173.596964,-63.104498,250
678,-165.713006,-77.7333219,250
679,-156.23314,-91.6135314,250
680,-145.248664,-104.611453,250
681,-132.865364,-116.601908,250
682,-119.202498,-127.469424,250
683,-104.391647,-137.109339,250
684,-88.5754468,-145.428816,250
685,-71.9062169,-152.347735,250
686,-54.5444909,-157.799461,250
687,-36.6574715,-161.731493,250
688,-18.4174207,-164.105961,250
689,-2.88739128566e-14,-164.9,250
690,18.4174207,-164.105961,250
691,36.6574715,-161.731493,250
692,54.5444909,-157.799461,250
693,71.9062169,-152.347735,250
694,88.5754468,-145.428816,250
695,104.391647,-137.109339,250
696,119.202498,-127.469424,250
697,132.865364,-116.601908,250
698,145.248664,-104.611453,250
699,156.23314,-91.6135314,250
700,165.713006,-77.7333219,250
701,173.596964,-63.104498,250
702,179.809089,-47.8679433,250
703,184.289554,-32.1703941,250
704,186.99521,-16.1630264,250
705,187.9,-1.26421099205e-14,275
706,186.99521,16.1630264,275
707,184.289554,32.1703941,275
708,179.809089,47.8679433,275
709,173.596964,63.104498,275
710,165.713006,77.7333219,275
711,156.23314,91.6135314,275
712,145.248664,104.611453,275
713,132.865364,116.601908,275
714,119.202498,127.469424,275
715,104.391647,137.109339,275
716,88.5754468,145.428816,275
717,71.9062169,152.347735,275
718,54.5444909,157.799461,275
719,36.6574715,161.731493,275
720,18.4174207,164.105961,275
721,1.22019509351e-14,164.9,275
722,-18.4174207,164.105961,275
723,-36.6574715,161.731493,275
724,-54.5444909,157.799461,275
725,-71.9062169,152.347735,275
726,-88.5754468,145.428816,275
727,-104.391647,137.109339,275
728,-119.202498,127.469424,275
729,-132.865364,116.601908,275
730,-145.248664,104.611453,275
731,-156.23314,91.6135314,275
732,-165.713006,77.7333219,275
733,-173.596964,63.104498,275
734,-179.809089,47.8679433,275
735,-184.289554,32.1703941,275
736,-186.99521,16.1630264,275
737,-187.9,5.29338163896e-14,275
738,-186.99521,-16.1630264,275
739,-184.289554,-32.1703941,275
740,-179.809089,-47.8679433,275
741,-173.596964,-63.104498,275
742,-165.713006,-77.7333219,275
743,-156.23314,-91.6135314,275
744,-145.248664,-104.611453,275
745,-132.865364,-116.601908,275
746,-119.202498,-127.469424,275
747,-104.391647,-137.109339,275
748,-88.5754468,-145.428816,275
749,-71.9062169,-152.347735,275
750,-54.5444909,-157.799461,275
751,-36.6574715,-161.731493,275
752,-18.4174207,-164.105961,275
753,-2.99504258287e-14,-164.9,275
754,18.4174207,-164.105961,275
755,36.6574715,-161.731493,275
756,54.5444909,-157.799461,275
757,71.9062169,-152.347735,275
758,88.5754468,-145.428816,275
759,104.391647,-137.109339,275
760,119.202498,-127.469424,275
761,132.865364,-116.601908,275
762,145.248664,-104.611453,275
763,156.23314,-91.6135314,275
764,165.713006,-77.7333219,275
765,173.596964,-63.104498,275
766,179.809089,-47.8679433,275
767,184.289554,-32.1703941,275
768,186.99521,-16.1630264,275
769,187.9,-1.09193018131e-14,300
770,186.99521,16.1630264,300
771,184.289554,32.1703941,300
772,179.809089,47.8679433,300
773,173.596964,63.104498,300
774,165.713006,77.7333219,300
775,156.23314,91.6135314,300
776,145.248664,104.611453,300
777,132.865364,116.601908,300
778,119.202498,127.469424,300
779,104.391647,137.109339,300
780,88.5754468,145.428816,300
781,71.9062169,152.347735,300
782,54.5444909,157.799461,300
783,36.6574715,161.731493,300
784,18.4174207,164.105961,300
785,1.08466676209e-14,164.9,300
786,-18.4174207,164.105961,300
787,-36.6574715,161.731493,300
788,-54.5444909,157.799461,300
789,-71.9062169,152.347735,300
790,-88.5754468,145.428816,300
791,-104.391647,137.109339,300
792,-119.202498,127.469424,300
793,-132.865364,116.601908,300
794,-145.248664,104.611453,300
795,-156.23314,91.6135314,300
796,-165.713006,77.7333219,300
797,-173.596964,63.104498,300
798,-179.809089,47.8679433,300
799,-184.289554,32.1703941,300
800,-186.99521,16.1630264,300
801,-187.9,5.40404090057e-14,300
802,-186.99521,-16.1630264,300
803,-184.289554,-32.1703941,300
804,-179.809089,-47.8679433,300
805,-173.596964,-63.104498,300
806,-165.713006,-77.7333219,300
807,-156.23314,-91.6135314,300
808,-145.248664,-104.611453,300
809,-132.865364,-116.601908,300
810,-119.202498,-127.469424,300
811,-104.391647,-137.109339,300
812,-88.5754468,-145.428816,300
813,-71.9062169,-152.347735,300
814,-54.5444909,-157.799461,300
815,-36.6574715,-161.731493,300
816,-18.4174207,-164.105961,300
817,-3.17929473346e-14,-164.9,300
818,18.4174207,-164.105961,300
819,36.6574715,-161.731493,300
820,54.5444909,-157.799461,300
821,71.9062169,-152.347735,300
822,88.5754468,-145.428816,300
823,104.391647,-137.109339,300
824,119.202498,-127.469424,300
825,132.865364,-116.601908,300
826,145.248664,-104.611453,300
827,156.23314,-91.6135314,300
828,165.713006,-77.7333219,300
829,173.596964,-63.104498,300
830,179.809089,-47.8679433,300
831,184.289554,-32.1703941,300
832,186.99521,-16.1630264,300
833,187.9,-8.72614229992e-15,325
834,186.99521,16.1630264,325
835,184.289554,32.1703941,325
836,179.809089,47.8679433,325
837,173.596964,63.104498,325
838,165.713006,77.7333219,325
839,156.23314,91.6135314,325
840,145.248664,104.611453,325
841,132.865364,116.601908,325
842,119.202498,127.469424,325
843,104.391647,137.109339,325
844,88.5754468,145.428816,325
845,71.9062169,152.347735,325
846,54.5444909,157.799461,325
847,36.6574715,161.731493,325
848,18.4174207,164.105961,325
849,1.59193084608e-14,164.9,325
850,-18.4174207,164.105961,325
851,-36.6574715,161.731493,325
852,-54.5444909,157.799461,325
853,-71.9062169,152.347735,325
854,-88.5754468,145.428816,325
855,-104.391647,137.109339,325
856,-119.202498,127.469424,325
857,-132.865364,116.601908,325
858,-145.248664,104.611453,325
859,-156.23314,91.6135314,325
860,-165.713006,77.7333219,325
861,-173.596964,63.104498,325
862,-179.809089,47.8679433,325
863,-184.289554,32.1703941,325
864,-186.99521,16.1630264,325
865,-187.9,5.52885602065e-14,325
866,-186.99521,-16.1630264,325
867,-184.289554,-32.1703941,325
868,-179.809089,-47.8679433,325
869,-173.596964,-63.104498,325
870,-165.713006,-77.7333219,325
871,-156.23314,-91.6135314,325
872,-145.248664,-104.611453,325
873,-132.865364,-116.601908,325
874,-119.202498,-127.469424,325
875,-104.391647,-137.109339,325
876,-88.5754468,-145.428816,325
877,-71.9062169,-152.347735,325
878,-54.5444909,-157.799461,325
879,-36.6574715,-161.731493,325
880,-18.4174207,-164.105961,325
881,-3.01031578722e-14,-164.9,325
882,18.4174207,-164.105961,325
883,36.6574715,-161.731493,325
884,54.5444909,-157.799461,325
885,71.9062169,-152.347735,325
886,88.5754468,-145.428816,325
887,104.391647,-137.109339,325
888,119.202498,-127.469424,325
889,132.865364,-116.601908,325
890,145.248664,-104.611453,325
891,156.23314,-91.6135314,325
892,165.713006,-77.7333219,325
893,173.596964,-63.104498,325
894,179.809089,-47.8679433,325
895,184.289554,-32.1703941,325
896,186.99521,-16.1630264,325
897,187.9,-7.89899974414e-15,350
898,186.99521,16.1630264,350
899,184.289554,32.1703941,350
900,179.809089,47.8679433,350
901,173.596964,63.104498,350
902,165.713006,77.7333219,350
903,156.23314,91.6135314,350
904,145.248664,104.611453,350
905,132.865364,116.601908,350
906,119.202498,127.469424,350
907,104.391647,137.109339,350
908,88.5754468,145.428816,350
909,71.9062169,152.347735,350
910,54.5444909,157.799461,350
911,36.6574715,161.731493,350
912,18.4174207,164.105961,350
913,1.96242606256e-14,164.9,350
914,-18.4174207,164.105961,350
915,-36.6574715,161.731493,350
916,-54.5444909,157.799461,350
917,-71.9062169,152.347735,350
918,-88.5754468,145.428816,350
919,-104.391647,137.109339,350
920,-119.202498,127.469424,350
921,-132.865364,116.601908,350
922,-145.248664,104.611453,350
923,-156.23314,91.6135314,350
924,-165.713006,77.7333219,350
925,-173.596964,63.104498,350
926,-179.809089,47.8679433,350
927,-184.289554,32.1703941,350
928,-186.99521,16.1630264,350
929,-187.9,5.60193069216e-14,350
930,-186.99521,-16.1630264,350
931,-184.289554,-32.1703941,350
932,-179.809089,-47.8679433,350
933,-173.596964,-63.104498,350
934,-165.713006,-77.7333219,350
935,-156.23314,-91.6135314,350
936,-145.248664,-104.611453,350
937,-132.865364,-116.601908,350
938,-119.202498,-127.469424,350
939,-104.391647,-137.109339,350
940,-88.5754468,-145.428816,350
941,-71.9062169,-152.347735,350
942,-54.5444909,-157.799461,350
943,-36.6574715,-161.731493,350
944,-18.4174207,-164.105961,350
945,-3.55099794118e-14,-164.9,350
946,18.4174207,-164.105961,350
947,36.6574715,-161.731493,350
948,54.5444909,-157.799461,350
949,71.9062169,-152.347735,350
950,88.5754468,-145.428816,350
951,104.391647,-137.109339,350
952,119.202498,-127.469424,350
953,132.865364,-116.601908,350
954,145.248664,-104.611453,350
955,156.23314,-91.6135314,350
956,165.713006,-77.7333219,350
957,173.596964,-63.104498,350
958,179.809089,-47.8679433,350
959,184.289554,-32.1703941,350
960,186.99521,-16.1630264,350
961,187.9,-8.26754419147e-15,375
962,186.99521,16.1630264,375
963,184.289554,32.1703941,375
964,179.809089,47.8679433,375
965,173.596964,63.104498,375
966,165.713006,77.7333219,375
967,156.23314,91.6135314,375
968,145.248664,104.611453,375
969,132.865364,116.601908,375
970,119.202498,127.469424,375
971,104.391647,137.109339,375
972,88.5754468,145.428816,375
973,71.9062169,152.347735,375
974,54.5444909,157.799461,375
975,36.6574715,161.731493,375
976,18.4174207,164.105961,375
977,1.8098539088e-14,164.9,375
978,-18.4174207,164.105961,375
979,-36.6574715,161.731493,375
980,-54.5444909,157.799461,375
981,-71.9062ÛÎ5×ÏÊ×¬¢h­µçMLÎBŒ‹MÌŒŽLÌËMËÎŒÍÌML‹NNLÌLŽLŒBŒËÍ‹ÌLNM‹MLKŒÌLŒŒ‹NLÎÌÌLÌ‚NMNMNLŒŒKML‹ŽLÎMÎKNLÎMŒLÂKKŒÌÍÌÎKLLËMLËNMÌLNLÌNB‹LNMNMNLŒŒKML‹ŽLÎMÎKNLÎMŒLÂËLÍ‹ÌLNM‹MLKŒÌLŒŒ‹NLÎÌÌLÌ‚ŽMMÌŒŽLÌËMËÎŒÍÌML‹NNLÌLŽLŒBŽKMÌ‹ŒÍMMMŽKMËŒÌÎLLÌMKNÎMLÎBÌNKŽLÍNLÍLÍËŽLÍMÎ‹NÍŒÌMŽBÌKLLKŽŽLÍËLÌŒÍÍŒMÌÌL‹NŽÌMÌÍ‚Ì‹LLŒKŒÎÎMÎMÌ‹LŒ‹ŒMÌÍŒÌËNŽNLLÌŒÂÌËLLÍKŽMMLLNLÍ‹LL‹ŒÎNÍÎMNKŒLNMŒLŽ‚ÍLMKŒÍLÍÌŽLKLÎLÎŽNKŒŒÍÌLÌMBÍKLMŒKŒMLLLMÎKKMLŽŽ‹NKŒÍŒMLÍ‚Í‹LMÌKŽNMMÌÌÌÍKÍ‹ÌŽMŒÍLMËNKÎNLŒÂÍËLNŽLLŒNL‹Œ‹ÎNÌLNKNŒÎLMMÎLNŒŒŽLÌMKËNLÌÍŒLKNKŽÌML‚ÎKLNLËŒŒLMËÌ‹ŒLMNLLÍÌËNKÌÌÎLÂLNM‹ŒÍLLLÌ‹M‹ŒMÎŒÌŒ‹NKÍÍMÌÌ‚KLNMËMMÌÍÍ‹ŒLÎMLNLŽÌÙKLLËNKÎÎÍL‚‹LNM‹ŒÍLLLÌ‹LM‹ŒMÎŒÌŒ‹NKÍÍMÌÌ‚ËLNLËŒŒLMËLÌ‹ŒLMNLLÍÌËNKÌÌÎLÂLNŒŒŽLÌMKMËNLÌÍŒLKNKŽÌML‚KLNŽLLŒNL‹MŒ‹ÎNÌLNKNŒÎLMM‹LMÌKŽNMMÌÌÌÍKMÍ‹ÌŽMŒÍLMËNKÎNLŒÂËLMŒKŒMLLLMÎKNKMLŽŽ‹NKŒÍŒMLÍ‚LMKŒÍLÍÌŽLLKLÎLÎŽNKŒŒÍÌLÌMBKLLÍKŽMMLLNLÍ‹LLL‹ŒÎNÍÎMNKŒLNMŒLŽ‚LLLŒKŒÎÎMÎMÌ‹LLŒ‹ŒMÌÍŒÌËNŽNLLÌŒÂLKLLKŽŽLÍËLLÌŒÍÍŒMÌÌL‹NŽÌMÌÍ‚L‹NKŽLÍNLÍLLÍËŽLÍMÎ‹NÍŒÌMŽBLËMÌ‹ŒÍMMMŽKLMËŒÌÎLLÌMKNÎMLÎBMMMÌŒŽLÌËLMËÎŒÍÌML‹NNLÌLŽLŒBMKLÍ‹ÌLNM‹LMLKŒÌLŒŒ‹NLÎÌÌLÌ‚M‹LNMNMNLŒŒKLML‹ŽLÎMÎKNLÎMŒLÂMËKŒÌNMNMYKLLËLMLËNMÌLNLÌNBNNMNMNLŒŒKLML‹ŽLÎMÎKNLÎMŒLÂNKÍ‹ÌLNM‹LMLKŒÌLŒŒ‹NLÎÌÌLÌ‚LMÌŒŽLÌËLMËÎŒÍÌML‹NNLÌLŽLŒBLKÌ‹ŒÍMMMŽKLMËŒÌÎLLÌMKNÎMLÎBL‹KŽLÍNLÍLLÍËŽLÍMÎ‹NÍŒÌMŽBLËLKŽŽLÍËLLÌŒÍÍŒMÌÌL‹NŽÌMÌÍ‚LLŒKŒÎÎMÎMÌ‹LLŒ‹ŒMÌÍŒÌËNŽNLLÌŒÂLKLÍKŽMMLLNLÍ‹LLL‹ŒÎNÍÎMNKŒLNMŒLŽ‚L‹MKŒÍLÍÌŽLLKLÎLÎŽNKŒŒÍÌLÌMBLËMŒKŒMLLLMÎKNKMLŽŽ‹NKŒÍŒMLÍ‚LMÌKŽNMMÌÌÌÍKMÍ‹ÌŽMŒÍLMËNKÎNLŒÂLKNŽLLŒNL‹MŒ‹ÎNÌLNKNŒÎLMMLLNŒŒŽLÌMKMËNLÌÍŒLKNKŽÌML‚LLKNLËŒŒLMËLÌ‹ŒLMNLLÍÌËNKÌÌÎLÂLL‹NM‹ŒÍLLLÌ‹LM‹ŒMÎŒÌŒ‹NKÍÍMÌÌ‚LLËNMËŒLNŒMÌÍKMKŒNŒÎMÍŒMYKLLËŒ‹ŽÌÌMLMNM‹ŒŽLÌML‹M‹ŒMÌMŒ‹ÎL‚LMKNL‹ŽLÌNMMÌM‹Ì‹ŒLMÌÌŒ‹ÍMNMŽBLM‹NËÍÍŒMŒŽMÎËNNNNÌÌÌKŒ‹ÎLÍMÍLMËNŽLÍMNKŒ‹NMLŒLLŒKŒ‹NLLŒÍÌBLNMÌKŽLLŒNLLËÍ‹LMMÍÎŒ‹LMÍMÎBLNKMŒKŒŽMLÍKŒÌŽLLKŒ‹ŒÍŒMŒNLŒMKŒŒÌNLNLNLKŒÍÍÍÍLŒ‹ŒŒÎLNMŒŽLŒKLÍKŽŒMNM‹LL‹LMŽŒÎŒ‹ŒLLMŒŒM‚LŒ‹LŒKŒÌÌLMËLŒ‹ŒNŽMŒKŽNMLLBLŒËLKÎÌŒÌŽLÌNMLKŒKŽŒLÍ‚LKŒÌÍLËLÍËÌŽLLŽŒKÍLMLÌ‚LKÌ‹ŒÌÍMKMËMŽMÍÍLLKŒKMŽNÂL‹MÌNLÍÌLËMŒLLÌLNNÎŒKNLŒBLËÍ‹ÌLÍLMKMLKŒÍMÌNŒKLŒÍMMMÂLŽNMÍŽLÎKMLËŒÌŽMŒÌËŒKLLÎLBLŽKKNLÍŽŒÌYKLLËMLËŽMLLÍÌNŒKÍÍÍLŽM‚LÌLNMÍŽLÎKMLËŒÌŽMŒÌËŒKLLÎLBLÌKLÍ‹ÌLÍLMKMLKŒÍMÌNŒKLŒÍMMMÂLÌ‹MMÌNLÍÌLËMŒLLÌLNNÎŒKNLŒBLÌËMÌ‹ŒÌÍMKMËMŽMÍÍLLKŒKMŽNÂLÍNKŒÌÍLËLÍËÌŽLLŽŒKÍLMLÌ‚LÍKLLKÎÌŒÌŽLÌNMLKŒKŽŒLÍ‚LÍ‹LLŒKŒÌÌLMËLŒ‹ŒNŽMŒKŽNMLLBLÍËLLÍKŽŒMNM‹LL‹LMŽŒÎŒ‹ŒLLMŒŒM‚LÎLMKŒŒÌNLNLNLKŒÍÍÍÍLŒ‹ŒŒÎLNMŒŽLÎKLMŒKŒŽMLÍKŒÌŽLLKŒ‹ŒÍŒMŒNMLMÌKŽLLŒNLLËÍ‹LMMÍÎŒ‹LMÍMÎBMKLNŽLÍMNKŒ‹NMLŒLLŒKŒ‹NLLŒÍÌBM‹LNËÍÍŒMŒŽMÎËNNNNÌÌÌKŒ‹ÎLÍMÍMËLNL‹ŽLÌNMMÌM‹Ì‹ŒLMÌÌŒ‹ÍMNMŽBMLNM‹ŒŽLÌML‹M‹ŒMÌMŒ‹ÎL‚MKLNMËŒLNŒMÌÍKŒÍMÍŒMLÍ™KLLËŒ‹ŽÌÌMM‹LNM‹ŒŽLÌML‹LM‹ŒMÌMŒ‹ÎL‚MËLNL‹ŽLÌNMMÌM‹LÌ‹ŒLMÌÌŒ‹ÍMNMŽBMLNËÍÍŒMŒŽMÎMËNNNNÌÌÌKŒ‹ÎLÍMÍMKLNŽLÍMNKMŒ‹NMLŒLLŒKŒ‹NLLŒÍÌBMLLMÌKŽLLŒNLLËMÍ‹LMMÍÎŒ‹LMÍMÎBMLKLMŒKŒŽMLÍNKŒÌŽLLKŒ‹ŒÍŒMŒNML‹LMKŒŒÌNLNLNLLKŒÍÍÍÍLŒ‹ŒŒÎLNMŒŽMLËLLÍKŽŒMNM‹LLL‹LMŽŒÎŒ‹ŒLLMŒŒM‚MMLLŒKŒÌÌLMËLLŒ‹ŒNŽMŒKŽNMLLBMMKLLKÎÌŒÌŽLLÌNMLKŒKŽŒLÍ‚MM‹NKŒÌÍLËLLÍËÌŽLLŽŒKÍLMLÌ‚MMËMÌ‹ŒÌÍMKLMËMŽMÍÍLLKŒKMŽNÂMNMMÌNLÍÌLËLMŒLLÌLNNÎŒKNLŒBMNKLÍ‹ÌLÍLMKLMLKŒÍMÌNŒKLŒÍMMMÂMŒLNMÍŽLÎKLMLËŒÌŽMŒÌËŒKLLÎLBMŒKLLMNMKLMLMLËŽMLLÍÌNŒKÍÍÍLŽM‚MŒ‹NMÍŽLÎKLMLËŒÌŽMŒÌËŒKLLÎLBMŒËÍ‹ÌLÍLMKLMLKŒÍMÌNŒKLŒÍMMMÂMMÌNLÍÌLËLMŒLLÌLNNÎŒKNLŒBMKÌ‹ŒÌÍMKLMËMŽMÍÍLLKŒKMŽNÂM‹KŒÌÍLËLLÍËÌŽLLŽŒKÍLMLÌ‚MËLKÎÌŒÌŽLLÌNMLKŒKŽŒLÍ‚MŽLŒKŒÌÌLMËLLŒ‹ŒNŽMŒKŽNMLLBMŽKLÍKŽŒMNM‹LLL‹LMŽŒÎŒ‹ŒLLMŒŒM‚MÌMKŒŒÌNLNLNLLKŒÍÍÍÍLŒ‹ŒŒÎLNMŒŽMÌKMŒKŒŽMLÍNKŒÌŽLLKŒ‹ŒÍŒMŒNMÌ‹MÌKŽLLŒNLLËMÍ‹LMMÍÎŒ‹LMÍMÎBMÌËNŽLÍMNKMŒ‹NMLŒLLŒKŒ‹NLLŒÍÌBMÍNËÍÍŒMŒŽMÎMËNNNNÌÌÌKŒ‹ÎLÍMÍMÍKNL‹ŽLÌNMMÌM‹LÌ‹ŒLMÌÌŒ‹ÍMNMŽBMÍ‹NM‹ŒŽLÌML‹LM‹ŒMÌMŒ‹ÎL‚MÍËNM‹ŽŽLLŒNKMÍŒÍLŒLLLÍKLLËŒÌKŽMŒBMÎNMKÎLŒÌMM‹M‹ŒMŒÌŒŒŒŒŒÌKŽŒNMŒBMÎKNL‹ŒMMLMŒ‹Ì‹ŒLÌÍÌÍMŒNŒÌKÍŒÍÌÂNNËLŒŒËËŒÌÌŒÌKŽLNLMLÂNKNÌŒŽLM‹Œ‹ÎLLŽMŒLNŒÌKŒMLN‹MÌKŒŒÌLÌ‹Í‹MŒÌMLÍ‹ŒÌKLÎMBNËMŒKŒLLÎÎËKÌNMMMMÎKŒÌKŒÍÌNNŽNMKŒLMLÌ‹LKÌÍÌMM‹ŒÌKŒMMMÎLNBNKLÍKÍÌÌÍÍKLL‹LÎÌÌLKŒÌKŒLÌÍMLBN‹LŒKŒŒŒÎÌKLŒ‹ŒÍŒNMŒÍÌ‹ŒÌŽMÍÌŽÍNËLKÍÌŽŒMŒKLÌŽMLŒLNŒÌŽLÌÌÍÎÎNKŒÎÍLLKLÍËŽNLŒNMËŒÌÍÎLÂNKÌ‹ŒÌŒŒËMËŽÌÍLLMÌKŒÌÍMŒÍNLMÌMŒLÍËMMÍMMŒ‹ŒÌMŒÎÎNLKÍ‹ÌLLÎÎMLKÌMLÎKŒÌLLLÌNBNL‹NMÌÎMLÍËMLËŽMÍÌÌÎL‹ŒÌÌLÎÍÌBNLËKMMMÙKLLËMMŒÌŒÌMNL‹ŒÌNMŒÍNBNMLNMÌÎMLÍËMLËŽMÍÌÌÎL‹ŒÌÌLÎÍÌBNMKLÍ‹ÌLLÎÎMLKÌMLÎKŒÌLLLÌNBNM‹MMÌMŒLÍËMMÍMMŒ‹ŒÌMŒÎÎNMËMÌ‹ŒÌŒŒËMËŽÌÍLLMÌKŒÌÍMŒÍNNNKŒÎÍLLKLÍËŽNLŒNMËŒÌÍÎLÂNNKLLKÍÌŽŒMŒKLÌŽMLŒLNŒÌŽLÌÌÍÎÎŒLLŒKŒŒŒÎÌKLŒ‹ŒÍŒNMŒÍÌ‹ŒÌŽMÍÌŽÍŒKLLÍKÍÌÌÍÍKLL‹LÎÌÌLKŒÌKŒLÌÍMLBŒ‹LMKŒLMLÌ‹LKÌÍÌMM‹ŒÌKŒMMMÎLNBŒËLMŒKŒLLÎÎËKÌNMMMMÎKŒÌKŒÍÌNNŽŒLMÌKŒŒÌLÌ‹Í‹MŒÌMLÍ‹ŒÌKLÎMBŒKLNÌŒŽLM‹Œ‹ÎLLŽMŒLNŒÌKŒMLŒ‹LNËLŒŒËËŒÌÌŒÌKŽLNLMLÂŒËLNL‹ŒMMLMŒ‹Ì‹ŒLÌÍÌÍMŒNŒÌKÍŒÍÌÂŒLNMKÎLŒÌMM‹M‹ŒMŒÌŒŒŒŒŒÌKŽŒNMŒBŒKLNM‹ŽŽLLŒNKNŒÍÍNNYKLLËŒÌKŽMŒBŒLLNMKÎLŒÌMM‹LM‹ŒMŒÌŒŒŒŒŒÌKŽŒNMŒBŒLKLNL‹ŒMMLMŒ‹LÌ‹ŒLÌÍÌÍMŒNŒÌKÍŒÍÌÂŒL‹LNËLŒŒËMËŒÌÌŒÌKŽLNLMLÂŒLËLNÌŒŽLM‹MŒ‹ÎLLŽMŒLNŒÌKŒMLŒMLMÌKŒŒÌLÌ‹MÍ‹MŒÌMLÍ‹ŒÌKLÎMBŒMKLMŒKŒLLÎÎËNKÌNMMMMÎKŒÌKŒÍÌNNŽŒM‹LMKŒLMLÌ‹LLKÌÍÌMM‹ŒÌKŒMMMÎLNBŒMËLLÍKÍÌÌÍÍKLLL‹LÎÌÌLKŒÌKŒLÌÍMLBŒNLLŒKŒŒŒÎÌKLLŒ‹ŒÍŒNMŒÍÌ‹ŒÌŽMÍÌŽÍŒNKLLKÍÌŽŒMŒKLLÌŽMLŒLNŒÌŽLÌÌÍÎÎŒŒNKŒÎÍLLKLLÍËŽNLŒNMËŒÌÍÎLÂŒŒKMÌ‹ŒÌŒŒËLMËŽÌÍLLMÌKŒÌÍMŒÍŒŒ‹MMÌMŒLÍËLMMÍMMŒ‹ŒÌMŒÎÎŒŒËLÍ‹ÌLLÎÎLMLKÌMLÎKŒÌLLLÌNBŒLNMÌÎMLÍËLMLËŽMÍÌÌÎL‹ŒÌÌLÎÍÌBŒK‹ŒÍŒLŒMÙKLMLMMŒÌŒÌMNL‹ŒÌNMŒÍNBŒ‹NMÌÎMLÍËLMLËŽMÍÌÌÎL‹ŒÌÌLÎÍÌBŒËÍ‹ÌLLÎÎLMLKÌMLÎKŒÌLLLÌNBŒŽMÌMŒLÍËLMMÍMMŒ‹ŒÌMŒÎÎŒŽKÌ‹ŒÌŒŒËLMËŽÌÍLLMÌKŒÌÍMŒÍŒÌKŒÎÍLLKLLÍËŽNLŒNMËŒÌÍÎLÂŒÌKLKÍÌŽŒMŒKLLÌŽMLŒLNŒÌŽLÌÌÍÎÎŒÌ‹LŒKŒŒŒÎÌKLLŒ‹ŒÍŒNMŒÍÌ‹ŒÌŽMÍÌŽÍŒÌËLÍKÍÌÌÍÍKLLL‹LÎÌÌLKŒÌKŒLÌÍMLBŒÍMKŒLMLÌ‹LLKÌÍÌMM‹ŒÌKŒMMMÎLNBŒÍKMŒKŒLLÎÎËNKÌNMMMMÎKŒÌKŒÍÌNNŽŒÍ‹MÌKŒŒÌLÌ‹MÍ‹MŒÌMLÍ‹ŒÌKLÎMBŒÍËNÌŒŽLM‹MŒ‹ÎLLŽMŒLNŒÌKŒMLŒÎNËLŒŒËMËŒÌÌŒÌKŽLNLMLÂŒÎKNL‹ŒMMLMŒ‹LÌ‹ŒLÌÍÌÍMŒNŒÌKÍŒÍÌÂNMKÎLŒÌMM‹LM‹ŒMŒÌŒŒŒŒŒÌKŽŒNMŒBKNM‹LÌNMNNMŒÎMÌLŒKLLËM‹ŽÍŒÌÍ‹NMKLLÎNKM‹ŒMŒŒÌŒNMËM‹ŽŒMLLÍÂËNL‹ŒÎLÌ‹ŒLLLMÌM‹M‹ÍÎLŽ‚NËŒÌŒÍLŒÎËŒMLÌÍMÌMM‹ÌLŒLLÂKNŒŽMKŒ‹NÌ‹M‹ŒMŒLÍMMÂ‹MÌKŽŒ‹Í‹NMŽÍ‹M‹LÍN‚ËMŒŽMMŒÎLMËKÌÎLNÎÎLËM‹ŒÍÎMÍLÂMŽNŒÍNNNMLKŽÍŽMŒ‹M‹ŒŒÌŽBKLÍKÎMLMLL‹ÎLLÍLŒKM‹ŒLÌÍNNLBLLŒKŒNNMÌŽLKLŒ‹MLÌÎMMKŽMÌŒŽÌLBLKLKÌŽŒŒM‹LÌKŒÎLŽLÍËMKŽÎNNNL‹KŒÍŒÍML‹LÎŒLÌLMKMKÌŽÍÌLLËÌ‹ŒÌLÍLÍÍLÍËMŒMŽLÌŒÎMËMKŒÎLMLBMMÌLÍLŽMÍÍÌÍNMKMKMŒÎLLNMKÍ‹ÌLÌÌŒÍKML‹ŒMÍMÍŒËMKŒÌÍÌMBM‹NNŒLÌŒKMMŒLŽMKMKMMÌÌÍÌÂMËKLŒÍMŽLŽKLLËMMŽNLÍÎLKMKÍÌNMŽLNNLNNŒLÌŒKMMŒLŽMKMKMMÌÌÍÌÂNKLÍ‹ÌLÌÌŒÍKML‹ŒMÍMÍŒËMKŒÌÍÌMBŒMMÌLÍLŽMÍÍÌÍNMKMKMŒÎLLNŒKMÌ‹ŒÌLÍLÍÍLÍËMŒMŽLÌŒÎMËMKŒÎLMLBŒ‹NKŒÍŒÍML‹LÎŒLÌLMKMKÌŽÍÌLŒËLLKÌŽŒŒM‹LÌKŒÎLŽLÍËMKŽÎNNNLLŒKŒNNMÌŽLKLŒ‹MLÌÎMMKŽMÌŒŽÌLBKLLÍKÎMLMLL‹ÎLLÍLŒKM‹ŒLÌÍNNLB‹LMŽNŒÍNNNMLKŽÍŽMŒ‹M‹ŒŒÌŽBËLMŒŽMMŒÎLMËKÌÎLNÎÎLËM‹ŒÍÎMÍLÂŽLMÌKŽŒ‹Í‹NMŽÍ‹M‹LÍN‚ŽKLNŒŽMKŒ‹NÌ‹M‹ŒMŒLÍMMÂÌLNËŒÌŒÍLŒÎËŒMLÌÍMÌMM‹ÌLŒLLÂÌKLNL‹ŒÎLÌ‹ŒLLLMÌM‹M‹ÍÎLŽ‚Ì‹LNMKLLÎNKM‹ŒMŒŒÌŒNMËM‹ŽŒMLLÍÂÌËLNM‹LÌNMNNLÌÍŒKLLËM‹ŽÍŒÌÍÍLNMKLLÎNKLM‹ŒMŒŒÌŒNMËM‹ŽŒMLLÍÂÍKLNL‹ŒÎLLÌ‹ŒLLLMÌM‹M‹ÍÎLŽ‚Í‹LNËŒÌŒÍLŒÎMËŒMLÌÍMÌMM‹ÌLŒLLÂÍËLNŒŽMKMŒ‹NÌ‹M‹ŒMŒLÍMMÂÎLMÌKŽŒ‹MÍ‹NMŽÍ‹M‹LÍN‚ÎKLMŒŽMMŒÎLMËNKÌÎLNÎÎLËM‹ŒÍÎMÍLÂŽLMŽNŒÍNNNMLLKŽÍŽMŒ‹M‹ŒŒÌŽBŽKLLÍKÎMLMLLL‹ÎLLÍLŒKM‹ŒLÌÍNNLBŽ‹LLŒKŒNNMÌŽLKLLŒ‹MLÌÎMMKŽMÌŒŽÌLBŽËLLKÌŽŒŒM‹LLÌKŒÎLŽLÍËMKŽÎNNNŽNKŒÍŒÍML‹LLÎŒLÌLMKMKÌŽÍÌLŽKMÌ‹ŒÌLÍLÍÍLÍËLMŒMŽLÌŒÎMËMKŒÎLMLBŽ‹MMÌLÍLŽLMÍÍÌÍNMKMKMŒÎLLNŽËLÍ‹ÌLÌÌŒÍKLML‹ŒMÍMÍŒËMKŒÌÍÌMBŽLNNŒLÌŒKLMMŒLŽMKMKMMÌÌÍÌÂŽKLMÎMNNLMYKLMLMMŽNLÍÎLKMKÍÌNMŽLNŽLNNŒLÌŒKLMMŒLŽMKMKMMÌÌÍÌÂŽLKÍ‹ÌLÌÌŒÍKLML‹ŒMÍMÍŒËMKŒÌÍÌMBŽL‹MÌLÍLŽLMÍÍÌÍNMKMKMŒÎLLNŽLËÌ‹ŒÌLÍLÍÍLÍËLMŒMŽLÌŒÎMËMKŒÎLMLBŽMKŒÍŒÍML‹LLÎŒLÌLMKMKÌŽÍÌLŽMKLKÌŽŒŒM‹LLÌKŒÎLŽLÍËMKŽÎNNNŽM‹LŒKŒNNMÌŽLKLLŒ‹MLÌÎMMKŽMÌŒŽÌLBŽMËLÍKÎMLMLLL‹ÎLLÍLŒKM‹ŒLÌÍNNLBŽNMŽNŒÍNNNMLLKŽÍŽMŒ‹M‹ŒŒÌŽBŽNKMŒŽMMŒÎLMËNKÌÎLNÎÎLËM‹ŒÍÎMÍLÂÌMÌKŽŒ‹MÍ‹NMŽÍ‹M‹LÍN‚ÌKNŒŽMKMŒ‹NÌ‹M‹ŒMŒLÍMMÂÌ‹NËŒÌŒÍLŒÎMËŒMLÌÍMÌMM‹ÌLŒLLÂÌËNL‹ŒÎLLÌ‹ŒLLLMÌM‹M‹ÍÎLŽ‚ÌNMKLLÎNKLM‹ŒMŒŒÌŒNMËM‹ŽŒMLLÍÂÌKNM‹ŒŒÎÍŒLËŽLÌŽMMÌKLLËŽKŽŒŒÌ‹NMKŒNLLÌÎKM‹ŒMŒLÍÌÌMËŽKŽLMÂÌËNL‹ŒNNLÎL‹Ì‹ŒLÌM‹ŽKŽLMÌNËŒLMŒŒNMKËŒŒLŒLLÎLKŽKÌŽMNŒMÌKNŒMNLŒKŒ‹LNŽMM‹ŽKŒÌML‚ÌLMÌKŒŒÌNNNÎKÍ‹ŒŽÍLŽMËŽKLMÌNÍÌBÌLKMŒÎMLMLMÌKŽÌÌÍŽKŒÎÌNMÍÂÌL‹MŽŒÍŒNMKLKŽLÎLLMKŽKŒLÍÌLËLÍKNŒLŒŒËLL‹ŽLÌÎLLÎNMKŽKŒLŒŽNÍÂÌMLŒKŒLÍMLÎLŒ‹ÌLMÎMLËŽŽMÎNMBÌMKLKMŒLLŒŒ‹LÌKŒLŒŽŒNŽŽÍŒMÂÌM‹KŒÌÍÍLMŒËLÎLŒŒMLLKŽÌLÍÌÎMBÌMËÌ‹ŒÌÎNMMÍLÍŒMÌKŽŒMŒŒÌÍBÌNMÌMLŽMŒÌKMKŒLLÌNËŽLLLÌŒ‚ÌNKÍ‹ÌMLÌŒÌL‹ML‹ŽŒŒÎM‹ŽŒŽŒŽÂÌŒNNLÌM‹MMNÌLŒNŽŽLM‚ÌŒKKÌÎLÌÎM™KLLËMMKŒŒÍLLMMËŽLNLMLÍÌŒ‹LNNLÌM‹MMNÌLŒNŽŽLM‚ÌŒËLÍ‹ÌMLÌŒÌL‹ML‹ŽŒŒÎM‹ŽŒŽŒŽÂÌMMÌMLŽMŒÌKMKŒLLÌNËŽLLLÌŒ‚ÌKMÌ‹ŒÌÎNMMÍLÍŒMÌKŽŒMŒŒÌÍBÌ‹NKŒÌÍÍLMŒËLÎLŒŒMLLKŽÌLÍÌÎMBÌËLLKMŒLLŒŒ‹LÌKŒLŒŽŒNŽŽÍŒMÂÌŽLLŒKŒLÍMLÎLŒ‹ÌLMÎMLËŽŽMÎNMBÌŽKLLÍKNŒLŒŒËLL‹ŽLÌÎLLÎNMKŽKŒLŒŽNÍÂÌÌLMŽŒÍŒNMKLKŽLÎLLMKŽKŒLÍÌÌKLMŒÎMLMLMÌKŽÌÌÍŽKŒÎÌNMÍÂÌÌ‹LMÌKŒŒÌNNNÎKÍ‹ŒŽÍLŽMËŽKLMÌNÍÌBÌÌËLNŒMNLŒKŒ‹LNŽMM‹ŽKŒÌML‚ÌÍLNËŒLMŒŒNMKËŒŒLŒLLÎLKŽKÌŽMNŒMÌÍKLNL‹ŒNNLÎL‹Ì‹ŒLÌM‹ŽKŽLMÌÍ‹LNMKŒNLLÌÎKM‹ŒMŒLÍÌÌMËŽKŽLMÂÌÍËLNM‹ŒŒÎÍŒMMÌNMKLLËŽKŽŒŒÌÎLNMKŒNLLÌÎKLM‹ŒMŒLÍÌÌMËŽKŽLMÂÌÎKLNL‹ŒNNLÎL‹LÌ‹ŒLÌM‹ŽKŽLMÍLNËŒLMŒŒNMKMËŒŒLŒLLÎLKŽKÌŽMNŒMÍKLNŒMNLŒKMŒ‹LNŽMM‹ŽKŒÌML‚Í‹LMÌKŒŒÌNNNÎKMÍ‹ŒŽÍLŽMËŽKLMÌNÍÌBÍËLMŒÎMLMLMÌNKŽÌÌÍŽKŒÎÌNMÍÂÍLMŽŒÍŒNMKLLKŽLÎLLMKŽKŒLÍÍKLLÍKNŒLŒŒËLLL‹ŽLÌÎLLÎNMKŽKŒLŒŽNÍÂÍ‹LLŒKŒLÍMLÎLLŒ‹ÌLMÎMLËŽŽMÎNMBÍËLLKMŒLLŒŒ‹LLÌKŒLŒŽŒNŽŽÍŒMÂÍNKŒÌÍÍLMŒËLLÎLŒŒMLLKŽÌLÍÌÎMBÍKMÌ‹ŒÌÎNMLMÍLÍŒMÌKŽŒMŒŒÌÍBÍLMMÌMLŽMŒÌKLMKŒLLÌNËŽLLLÌŒ‚ÍLKLÍ‹ÌMLÌŒÌL‹LML‹ŽŒŒÎM‹ŽŒŽŒŽÂÍL‹LNNLÌM‹LMMNÌLŒNŽŽLM‚ÍLË‹ŽLLM™KLMLMMKŒŒÍLLMMËŽLNLMLÍÍMNNLÌM‹LMMNÌLŒNŽŽLM‚ÍMKÍ‹ÌMLÌŒÌL‹LML‹ŽŒŒÎM‹ŽŒŽŒŽÂÍM‹MÌMLŽMŒÌKLMKŒLLÌNËŽLLLÌŒ‚ÍMËÌ‹ŒÌÎNMLMÍLÍŒMÌKŽŒMŒŒÌÍBÍNKŒÌÍÍLMŒËLLÎLŒŒMLLKŽÌLÍÌÎMBÍNKLKMŒLLŒŒ‹LLÌKŒLŒŽŒNŽŽÍŒMÂÍŒLŒKŒLÍMLÎLLŒ‹ÌLMÎMLËŽŽMÎNMBÍŒKLÍKNŒLŒŒËLLL‹ŽLÌÎLLÎNMKŽKŒLŒŽNÍÂÍŒ‹MŽŒÍŒNMKLLKŽLÎLLMKŽKŒLÍÍŒËMŒÎMLMLMÌNKŽÌÌÍŽKŒÎÌNMÍÂÍMÌKŒŒÌNNNÎKMÍ‹ŒŽÍLŽMËŽKLMÌNÍÌBÍKNŒMNLŒKMŒ‹LNŽMM‹ŽKŒÌML‚Í‹NËŒLMŒŒNMKMËŒŒLŒLLÎLKŽKÌŽMNŒMÍËNL‹ŒNNLÎL‹LÌ‹ŒLÌM‹ŽKŽLMÍŽNMKŒNLLÌÎKLM‹ŒMŒLÍÌÌMËŽKŽLMÂÍŽKNMKŽLLÌÌÌÌNKLËLŒŒMÌÌYKLLËÌ‹ŽNŒ‚ÍÌNMŽMÎLM‹ŒMŒŽNMŒ‹Ì‹ŽÌŽLLÍNÍÌKNLKŽŒLÍLLËÌ‹ŒLLÌÍML‹Ì‹ŽMŒÎMÎÍÌ‹N‹ÍNÍLKËŒŽŒLÍ‹Ì‹ÍLNŒNBÍÌËMÎKÍÍÌÌÌËŒ‹LÎLÍŽNMÌŽÌ‹LŒMÍÌLÍBÍÍMÌKŒÍÍŽKÍ‹ŽNÌŒMËÌ‹LÌŒNLŒ‚ÍÍKMŒŒŽLKKŽÍŽMÌL‹Ì‹ŒÎMÌMŒŽÂÍÍ‹MÌÌŽLÎL‹L‹ŒÎMÌLŒŽÌ‹ŒLŽNBÍÍËLÍKLNMÌÌËLLËŒÎLÌÍŒÌ‹ŒLLLŒ‚ÍÎLŒKŒÎŒNMLŒ‹ŽLMLNÍŒËÌKŽMNMNNLÍÎKLKŒŒÍÌMÍLÌKNNÍ‹ÌKŽŒNLÌŒŽBÎKŒÌLÎNMŽKLÎÎNÎLLNKÌKŽMÎMLÍÂÎKÌ‹ŒŽLNNLÌ‹MÎLÎMMËÌKNŒÌŒÍBÎ‹MÌŒÍMMŒÍÌKMKŒÌNKÌKLNLÍŒ‚ÎËÍ‹ÌNMÍMËML‹ŽÌÌÍ‹ÌKÍMÌLÌ‚ÎNŒLŒŒÌL‹MMŽŒŒLÌËÌKŒÎMNMÍL‚ÎKKÌŽÌMLLÍ™KLLËMMKÍÍÍŒÍÌKŒÎŒNÂÎ‹LNŒLŒŒÌL‹MMŽŒŒLÌËÌKŒÎMNMÍL‚ÎËLÍ‹ÌNMÍMËML‹ŽÌÌÍ‹ÌKÍMÌLÌ‚ÎMMÌŒÍMMŒÍÌKMKŒÌNKÌKLNLÍŒ‚ÎKMÌ‹ŒŽLNNLÌ‹MÎLÎMMËÌKNŒÌŒÍBÎLNKŒÌLÎNMŽKLÎÎNÎLLNKÌKŽMÎMLÍÂÎLKLLKŒŒÍÌMÍLÌKNNÍ‹ÌKŽŒNLÌŒŽBÎL‹LLŒKŒÎŒNMLŒ‹ŽLMLNÍŒËÌKŽMNMNNLÎLËLLÍKLNMÌÌËLLËŒÎLÌÍŒÌ‹ŒLLLŒ‚ÎMLMÌÌŽLÎL‹L‹ŒÎMÌLŒŽÌ‹ŒLŽNBÎMKLMŒŒŽLKKŽÍŽMÌL‹Ì‹ŒÎMÌMŒŽÂÎM‹LMÌKŒÍÍŽKÍ‹ŽNÌŒMËÌ‹LÌŒNLŒ‚ÎMËLMÎKÍÍÌÌÌËŒ‹LÎLÍŽNMÌŽÌ‹LŒMÍÌLÍBÎNLN‹ÍNÍLKËŒŽŒLÍ‹Ì‹ÍLNŒNBÎNKLNLKŽŒLÍLLËÌ‹ŒLLÌÍML‹Ì‹ŽMŒÎMÎŽLNMŽMÎLM‹ŒMŒŽNMŒ‹Ì‹ŽÌŽLLÍNŽKLNMKŽLLÌÌÌÌNKMLÌÍÌÎYKLLËÌ‹ŽNŒ‚Ž‹LNMŽMÎLLM‹ŒMŒŽNMŒ‹Ì‹ŽÌŽLLÍNŽËLNLKŽŒLÍLLËLÌ‹ŒLLÌÍML‹Ì‹ŽMŒÎMÎŽLN‹ÍNÍLKMËŒŽŒLÍ‹Ì‹ÍLNŒNBŽKLMÎKÍÍÌÌÌËMŒ‹LÎLÍŽNMÌŽÌ‹LŒMÍÌLÍBŽ‹LMÌKŒÍÍŽKMÍ‹ŽNÌŒMËÌ‹LÌŒNLŒ‚ŽËLMŒŒŽLKNKŽÍŽMÌL‹Ì‹ŒÎMÌMŒŽÂŽLMÌÌŽLÎL‹LL‹ŒÎMÌLŒŽÌ‹ŒLŽNBŽKLLÍKLNMÌÌËLLLËŒÎLÌÍŒÌ‹ŒLLLŒ‚ŽLLLŒKŒÎŒNMLLŒ‹ŽLMLNÍŒËÌKŽMNMNNLŽLKLLKŒŒÍÌMÍLLÌKNNÍ‹ÌKŽŒNLÌŒŽBŽL‹NKŒÌLÎNMŽKLLÎÎNÎLLNKÌKŽMÎMLÍÂŽLËMÌ‹ŒŽLNNLÌ‹LMÎLÎMMËÌKNŒÌŒÍBŽMMMÌŒÍMMŒÍÌKLMKŒÌNKÌKLNLÍŒ‚ŽMKLÍ‹ÌNMÍMËLML‹ŽÌÌÍ‹ÌKÍMÌLÌ‚ŽM‹LNŒLŒŒÌL‹LMMŽŒŒLÌËÌKŒÎMNMÍL‚ŽMËKŒÍÌÍŒÎKLMLMMKÍÍÍŒÍÌKŒÎŒNÂŽNNŒLŒŒÌL‹LMMŽŒŒLÌËÌKŒÎMNMÍL‚ŽNKÍ‹ÌNMÍMËLML‹ŽÌÌÍ‹ÌKÍMÌLÌ‚ŽŒMÌŒÍMMŒÍÌKLMKŒÌNKÌKLNLÍŒ‚ŽŒKÌ‹ŒŽLNNLÌ‹LMÎLÎMMËÌKNŒÌŒÍBŽŒ‹KŒÌLÎNMŽKLLÎÎNÎLLNKÌKŽMÎMLÍÂŽŒËLKŒŒÍÌMÍLLÌKNNÍ‹ÌKŽŒNLÌŒŽBŽLŒKŒÎŒNMLLŒ‹ŽLMLNÍŒËÌKŽMNMNNLŽKLÍKLNMÌÌËLLLËŒÎLÌÍŒÌ‹ŒLLLŒ‚Ž‹MÌÌŽLÎL‹LL‹ŒÎMÌLŒŽÌ‹ŒLŽNBŽËMŒŒŽLKNKŽÍŽMÌL‹Ì‹ŒÎMÌMŒŽÂŽŽMÌKŒÍÍŽKMÍ‹ŽNÌŒMËÌ‹LÌŒNLŒ‚ŽŽKMÎKÍÍÌÌÌËMŒ‹LÎLÍŽNMÌŽÌ‹LŒMÍÌLÍBŽÌN‹ÍNÍLKMËŒŽŒLÍ‹Ì‹ÍLNŒNBŽÌKNLKŽŒLÍLLËLÌ‹ŒLLÌÍML‹Ì‹ŽMŒÎMÎŽÌ‹NMŽMÎLLM‹ŒMŒŽNMŒ‹Ì‹ŽÌŽLLÍNŽÌËNMKNMMLKLËŒLÎNLÎLNMYKLLËÌÌKŽLŒMÌŽÂŽÍNMMNMLÎŽËM‹ŒMNLMÎŒLMËÌÌKŽLLÌÍÎMŽÍKNLKLLŒŽÌ‹ŒLNÍÌÌKÌÌKŽMŽMÌŒ‚ŽÍ‹N‹ŒLÍMËËŒÍNLÍKÌÌKÍÎLÍÎBŽÍËMÎKLŽLÌLËŒ‹MŒÍÍLMËÌÌKÍLŒ‚ŽÎMÌŽMÍÌMŒÎKÍ‹ÌLŽNMŒÌÌKMMŒÍNŽÎKMŒMŽMŽKKŽMMŒÌŒMNÌÌKŒNLÂŽMNMMN‹L‹ŒMLÌÍŒKÌÌKŒMÎMÎL‚ŽKLÍKŒÎLLMÎÎLLËŒŒÌMMŒËÌÌKŒLÍÌLLÌÍBŽ‹LŒŽNNMNNNLŒËŒLNMÌKÌÌŽMLNLMÌMÂŽËLKNLÌÌÎLÌKÌÎNÌÌŽŒÍNBŽKŒŽMMÌŽNM‹LÎKŒÌŒMLM‹ÌÌÍÌÌÌŒŽŽKÌ‹ŒŽÌLÎNËMKŒLMLŒÍLNÌÌMNMŒ‚Ž‹MÌÌŽLŽKMKŽNMMMËÌÌÌŒÌMLŽËÍ‹ÌŒÍÌÍL‹MLËŒNÎML‹ÌÌNBŽNŒLLŒÍ‹MMKŒŒLMÍÍ‹ÌÌŒÍŒÌLLŽ‚ŽKKŒÎMMŒŒÎMLÍ™KLLËMMKŽÎLŒLÌÍ‹ÌÌŒÍLMLNNBŽLLNŒLLŒÍ‹MMKŒŒLMÍÍ‹ÌÌŒÍŒÌLLŽ‚ŽLKLÍ‹ÌŒÍÌÍL‹MLËŒNÎML‹ÌÌNBŽL‹MMÌÌŽLŽKMKŽNMMMËÌÌÌŒÌMLŽLËMÌ‹ŒŽÌLÎNËMKŒLMLŒÍLNÌÌMNMŒ‚ŽMNKŒŽMMÌŽNM‹LÎKŒÌŒMLM‹ÌÌÍÌÌÌŒŽŽMKLLKNLÌÌÎLÌKÌÎNÌÌŽŒÍNBŽM‹LLŒŽNNMNNNLŒËŒLNMÌKÌÌŽMLNLMÌMÂŽMËLLÍKŒÎLLMÎÎLLËŒŒÌMMŒËÌÌKŒLÍÌLLÌÍBŽNLMNMMN‹L‹ŒMLÌÍŒKÌÌKŒMÎMÎL‚ŽNKLMŒMŽMŽKKŽMMŒÌŒMNÌÌKŒNLÂŽŒLMÌŽMÍÌMŒÎKÍ‹ÌLŽNMŒÌÌKMMŒÍNŽŒKLMÎKLŽLÌLËŒ‹MŒÍÍLMËÌÌKÍLŒ‚ŽŒ‹LN‹ŒLÍMËËŒÍNLÍKÌÌKÍÎLÍÎBŽŒËLNLKLLŒŽÌ‹ŒLNÍÌÌKÌÌKŽMŽMÌŒ‚ŽLNMMNMLÎŽËM‹ŒMNLMÎŒLMËÌÌKŽLLÌÍÎMŽKLNMKNMMLKŒMMMÍLŒÍKLLËÌÌKŽLŒMÌŽÂŽ‹LNMMNMLÎŽËLM‹ŒMNLMÎŒLMËÌÌKŽLLÌÍÎMŽËLNLKLLŒŽLÌ‹ŒLNÍÌÌKÌÌKŽMŽMÌŒ‚ŽŽLN‹ŒLÍMËMËŒÍNLÍKÌÌKÍÎLÍÎBŽŽKLMÎKLŽLÌLËMŒ‹MŒÍÍLMËÌÌKÍLŒ‚ŽÌLMÌŽMÍÌMŒÎKMÍ‹ÌLŽNMŒÌÌKMMŒÍNŽÌKLMŒMŽMŽKNKŽMMŒÌŒMNÌÌKŒNLÂŽÌ‹LMNMMN‹LL‹ŒMLÌÍŒKÌÌKŒMÎMÎL‚ŽÌËLLÍKŒÎLLMÎÎLLLËŒŒÌMMŒËÌÌKŒLÍÌLLÌÍBŽÍLLŒŽNNMNNNLLŒËŒLNMÌKÌÌŽMLNLMÌMÂŽÍKLLKNLÌÌÎLLÌKÌÎNÌÌŽŒÍNBŽÍ‹NKŒŽMMÌŽNM‹LLÎKŒÌŒMLM‹ÌÌÍÌÌÌŒŽŽÍËMÌ‹ŒŽÌLÎNËLMKŒLMLŒÍLNÌÌMNMŒ‚ŽÎMMÌÌŽLŽKLMKŽNMMMËÌÌÌŒÌMLŽÎKLÍ‹ÌŒÍÌÍL‹LMLËŒNÎML‹ÌÌNBŽLNŒLLŒÍ‹LMMKŒŒLMÍÍ‹ÌÌŒÍŒÌLLŽ‚ŽKMKŽNNMÌMNMKLMKLMMKŽÎLŒLÌÍ‹ÌÌŒÍLMLNNBŽ‹NŒLLŒÍ‹LMMKŒŒLMÍÍ‹ÌÌŒÍŒÌLLŽ‚ŽËÍ‹ÌŒÍÌÍL‹LMLËŒNÎML‹ÌÌNBŽMÌÌŽLŽKLMKŽNMMMËÌÌÌŒÌMLŽKÌ‹ŒŽÌLÎNËLMKŒLMLŒÍLNÌÌMNMŒ‚Ž‹KŒŽMMÌŽNM‹LLÎKŒÌŒMLM‹ÌÌÍÌÌÌŒŽŽËLKNLÌÌÎLLÌKÌÎNÌÌŽŒÍNBŽLŒŽNNMNNNLLŒËŒLNMÌKÌÌŽMLNLMÌMÂŽKLÍKŒÎLLMÎÎLLLËŒŒÌMMŒËÌÌKŒLÍÌLLÌÍBŽLMNMMN‹LL‹ŒMLÌÍŒKÌÌKŒMÎMÎL‚ŽLKMŒMŽMŽKNKŽMMŒÌŒMNÌÌKŒNLÂŽL‹MÌŽMÍÌMŒÎKMÍ‹ÌLŽNMŒÌÌKMMŒÍNŽLËMÎKLŽLÌLËMŒ‹MŒÍÍLMËÌÌKÍLŒ‚ŽMN‹ŒLÍMËMËŒÍNLÍKÌÌKÍÎLÍÎBŽMKNLKLLŒŽLÌ‹ŒLNÍÌÌKÌÌKŽMŽMÌŒ‚ŽM‹NMMNMLÎŽËLM‹ŒMNLMÎŒLMËÌÌKŽLLÌÍÎMŽMËNMKŒLÌŒÌMËL‹ŽLMLÍYKLLËÍM‹ŽMNNŒÂŽNNMŒŒŒLÌMMM‹ŒMMÎNMÌLÍM‹ŽMŽMMÌ‚ŽNKNLKŒMÎLNMLLÍÌ‹ŒLÌŒÌËÍM‹ŽLNMŽŽLN‹ŒMÍLLKËÎMŒÎMËÍM‹ŽLLÌŽ‚ŽLKMÎKŒŽNMLÍKŒ‹NÌŽNLKÍM‹ÌLÌŒÎBŽL‹MÌNMMMLËÍ‹ÍNÎLL‹ÍM‹MŽMŽMMÂŽLËMŒŒÍÍÌMLÎKLŒNMŽËÍM‹ŒNNMBŽLMMÌLŽÍMËL‹ŒÍMMÍËÍM‹ŒŒÎŒÍBŽLKLÍKŒŽLÎKLLËŒÎÎNÍM‹ŒLŒLŒÌŽBŽL‹LŒŽLŽÍÎËLŒËŒÌMŽMLŽKÍMKŽMŽLMÍŒÂŽLËLKLÍMÎKLÌKŽNLLÌŒËÍMKÎLŒMMMÍŒBŽLKŒÍÍMNLÎKŒÍÎNLMKÍMKMLMLLÍ‚ŽLKÌ‹ŒŽMÌNNKMKLŒÍMKLÍMMÎNLBŽLLMÌŒŒLÎ‹MLŒNLLMKÍMKŽÂŽLLKÍ‹ÌÌLÌËMLËNMŽMÎÍMKŒÍŽLŒLŒBŽLL‹NŒŒMÌŽÍ‹MMKŒNLÌMÍMKŒÌMÎLÍLLBŽLLËKÌÍÌÙKLLËMM‹ŒŽNLNNKÍMKŒÌLLMMÌ‚ŽLMLNŒŒMÌŽÍ‹MMKŒNLÌMÍMKŒÌMÎLÍLLBŽLMKLÍ‹ÌÌLÌËMLËNMŽMÎÍMKŒÍŽLŒLŒBŽLM‹MMÌŒŒLÎ‹MLŒNLLMKÍMKŽÂŽLMËMÌ‹ŒŽMÌNNKMKLŒÍMKLÍMMÎNLBŽLNNKŒÍÍMNLÎKŒÍÎNLMKÍMKMLMLLÍ‚ŽLNKLLKLÍMÎKLÌKŽNLLÌŒËÍMKÎLŒMMMÍŒBŽLŒLLŒŽLŽÍÎËLŒËŒÌMŽMLŽKÍMKŽMŽLMÍŒÂŽLŒKLLÍKŒŽLÎKLLËŒÎÎNÍM‹ŒLŒLŒÌŽBŽLŒ‹LMMÌLŽÍMËL‹ŒÍMMÍËÍM‹ŒŒÎŒÍBŽLŒËLMŒŒÍÍÌMLÎKLŒNMŽËÍM‹ŒNNMBŽLLMÌNMMMLËÍ‹ÍNÎLL‹ÍM‹MŽMŽMMÂŽLKLMÎKŒŽNMLÍKŒ‹NÌŽNLKÍM‹ÌLÌŒÎBŽL‹LN‹ŒMÍLLKËÎMŒÎMËÍM‹ŽLLÌŽ‚ŽLËLNLKŒMÎLNMLLÍÌ‹ŒLÌŒÌËÍM‹ŽLNMŽŽLŽLNMŒŒŒLÌMMM‹ŒMMÎNMÌLÍM‹ŽMŽMMÌ‚ŽLŽKLNMKŒLÌŒÌMËMŽMMÌÌ™KLLËÍM‹ŽMNNŒÂŽLÌLNMŒŒŒLÌMMLM‹ŒMMÎNMÌLÍM‹ŽMŽMMÌ‚ŽLÌKLNLKŒMÎLNMLLÍLÌ‹ŒLÌŒÌËÍM‹ŽLNMŽŽLÌ‹LN‹ŒMÍLLKMËÎMŒÎMËÍM‹ŽLLÌŽ‚ŽLÌËLMÎKŒŽNMLÍKMŒ‹NÌŽNLKÍM‹ÌLÌŒÎBŽLÍLMÌNMMMLËMÍ‹ÍNÎLL‹ÍM‹MŽMŽMMÂŽLÍKLMŒŒÍÍÌMLÎKNLŒNMŽËÍM‹ŒNNMBŽLÍ‹LMMÌLŽÍMËLL‹ŒÍMMÍËÍM‹ŒŒÎŒÍBŽLÍËLLÍKŒŽLÎKLLLËŒÎÎNÍM‹ŒLŒLŒÌŽBŽLÎLLŒŽLŽÍÎËLLŒËŒÌMŽMLŽKÍMKŽMŽLMÍŒÂŽLÎKLLKLÍMÎKLLÌKŽNLLÌŒËÍMKÎLŒMMMÍŒBŽMNKŒÍÍMNLLÎKŒÍÎNLMKÍMKMLMLLÍ‚ŽMKMÌ‹ŒŽMÌNNKLMKLŒÍMKLÍMMÎNLBŽM‹MMÌŒŒLÎ‹LMLŒNLLMKÍMKŽÂŽMËLÍ‹ÌÌLÌËLMLËNMŽMÎÍMKŒÍŽLŒLŒBŽMLNŒŒMÌŽÍ‹LMMKŒNLÌMÍMKŒÌMÎLÍLLBŽMKLKNLLMKLMLMM‹ŒŽNLNNKÍMKŒÌLLMMÌ‚ŽM‹NŒŒMÌŽÍ‹LMMKŒNLÌMÍMKŒÌMÎLÍLLBŽMËÍ‹ÌÌLÌËLMLËNMŽMÎÍMKŒÍŽLŒLŒBŽMMÌŒŒLÎ‹LMLŒNLLMKÍMKŽÂŽMKÌ‹ŒŽMÌNNKLMKLŒÍMKLÍMMÎNLBŽMLKŒÍÍMNLLÎKŒÍÎNLMKÍMKMLMLLÍ‚ŽMLKLKLÍMÎKLLÌKŽNLLÌŒËÍMKÎLŒMMMÍŒBŽML‹LŒŽLŽÍÎËLLŒËŒÌMŽMLŽKÍMKŽMŽLMÍŒÂŽMLËLÍKŒŽLÎKLLLËŒÎÎNÍM‹ŒLŒLŒÌŽBŽMMMMÌLŽÍMËLL‹ŒÍMMÍËÍM‹ŒŒÎŒÍBŽMMKMŒŒÍÍÌMLÎKNLŒNMŽËÍM‹ŒNNMBŽMM‹MÌNMMMLËMÍ‹ÍNÎLL‹ÍM‹MŽMŽMMÂŽMMËMÎKŒŽNMLÍKMŒ‹NÌŽNLKÍM‹ÌLÌŒÎBŽMNN‹ŒMÍLLKMËÎMŒÎMËÍM‹ŽLLÌŽ‚ŽMNKNLKŒMÎLNMLLÍLÌ‹ŒLÌŒÌËÍM‹ŽLNMŽŽMŒNMŒŒŒLÌMMLM‹ŒMMÎNMÌLÍM‹ŽMŽMMÌ‚ŽMŒKNMŽÍÍNMNL‹LNŒYKLLËÎ‹ŒÌŽMÂŽMŒ‹NLËŽŒÎNLLMM‹ŒMMÍÌŽMŽNÎKŽNLNNL‚ŽMŒËNLŽÌ‹Ì‹ŒLÌNMNLMÍËÎKŽLÌMÍÌ‚ŽMNKŽMÎLÎNKËLŒÍÌŒÌKÎKŽMŒŒŒÍŽMKMÎŽNMÌNËŒ‹ŒÍŽLËÎKÌÌÌÍLBŽM‹MÌŒÍMLŒÍËÍ‹ŽÍNMÍNÎKNLÌÎMŒBŽMËMŒŒNLÌKLŒLŽNMÌMÎKÎKÍŽL‚ŽMŽMŒÌLMŽLMNKL‹ŒÎÎLŒML‹ÎKŒÌLŽMŒMÂŽMŽKLÍKŒNNÍÌËLLËMMŒÌLÍKÎKŒLÌMÌMŽŽMÌLŒŽMML‹LŒËLŽŽM‹ÎŽLÌÎNÎL‚ŽMÌKLKMLÍMKLÌ‹ŒMNŒÌKÎÍÍMÍÌÍÂŽMÌ‹KŒŒÎLŽMÌMKLÎKŽLÍÍÎŒÌŒŒŽLBŽMÌËÌ‹ŒNÎMÍL‹MKŽLMÍÌNÎLLÌÌŽMÍÂŽMÍMŽMÌŽNMÍ‹MLMÎÎMÌKÎLŒM‚ŽMÍKÍ‹ÌÍÎMÍÍËMLËŽNMŒÍLM‹ÎŒÌŽMLÌLMÂŽMÍ‹NŒÍLNL‹MM‹ŒLLŒËÎŒŽÍÌMLÂŽMÍËKŒÌŒLÍÌÙKLLËMM‹ÌÍLŒMKÎŒŽÌŒLÌŽMÎLNŒÍLNL‹MM‹ŒLLŒËÎŒŽÍÌMLÂŽMÎKLÍ‹ÌÍÎMÍÍËMLËŽNMŒÍLM‹ÎŒÌŽMLÌLMÂŽNMMŽMÌŽNMÍ‹MLMÎÎMÌKÎLŒM‚ŽNKMÌ‹ŒNÎMÍL‹MKŽLMÍÌNÎLLÌÌŽMÍÂŽN‹NKŒŒÎLŽMÌMKLÎKŽLÍÍÎŒÌŒŒŽLBŽNËLLKMLÍMKLÌ‹ŒMNŒÌKÎÍÍMÍÌÍÂŽNLLŒŽMML‹LŒËLŽŽM‹ÎŽLÌÎNÎL‚ŽNKLLÍKŒNNÍÌËLLËMMŒÌLÍKÎKŒLÌMÌMŽŽN‹LMŒÌLMŽLMNKL‹ŒÎÎLŒML‹ÎKŒÌLŽMŒMÂŽNËLMŒŒNLÌKLŒLŽNMÌMÎKÎKÍŽL‚ŽNLMÌŒÍMLŒÍËÍ‹ŽÍNMÍNÎKNLÌÎMŒBŽNKLMÎŽNMÌNËŒ‹ŒÍŽLËÎKÌÌÌÍLBŽNLLNKŽMÎLÎNKËLŒÍÌŒÌKÎKŽMŒŒŒÍŽNLKLNLŽÌ‹Ì‹ŒLÌNMNLMÍËÎKŽLÌMÍÌ‚ŽNL‹LNLËŽŒÎNLLMM‹ŒMMÍÌŽMŽNÎKŽNLNNL‚ŽNLËLNMŽÍÍNMNLŒLMLŒŒÌNYKLLËÎ‹ŒÌŽMÂŽNMLNLËŽŒÎNLLMLM‹ŒMMÍÌŽMŽNÎKŽNLNNL‚ŽNMKLNLŽÌ‹LÌ‹ŒLÌNMNLMÍËÎKŽLÌMÍÌ‚ŽNM‹LNKŽMÎLÎNKMËLŒÍÌŒÌKÎKŽMŒŒŒÍŽNMËLMÎŽNMÌNËMŒ‹ŒÍŽLËÎKÌÌÌÍLBŽNNLMÌŒÍMLŒÍËMÍ‹ŽÍNMÍNÎKNLÌÎMŒBŽNNKLMŒŒNLÌKNLŒLŽNMÌMÎKÎKÍŽL‚ŒLLMŒÌLMŽLMNKLL‹ŒÎÎLŒML‹ÎKŒÌLŽMŒMÂŒLKLLÍKŒNNÍÌËLLLËMMŒÌLÍKÎKŒLÌMÌMŽŒL‹LLŒŽMML‹LLŒËLŽŽM‹ÎŽLÌÎNÎL‚ŒLËLLKMLÍMKLLÌ‹ŒMNŒÌKÎÍÍMÍÌÍÂŒLNKŒŒÎLŽMÌMKLLÎKŽLÍÍÎŒÌŒŒŽLBŒLKMÌ‹ŒNÎMÍL‹LMKŽLMÍÌNÎLLÌÌŽMÍÂŒL‹MMŽMÌŽNMÍ‹LMLMÎÎMÌKÎLŒM‚ŒLËLÍ‹ÌÍÎMÍÍËLMLËŽNMŒÍLM‹ÎŒÌŽMLÌLMÂŒLLNŒÍLNL‹LMM‹ŒLLŒËÎŒŽÍÌMLÂŒLKL‹ŽMÎMNLML™KLMLMM‹ÌÍLŒMKÎŒŽÌŒLÌŒLLNŒÍLNL‹LMM‹ŒLLŒËÎŒŽÍÌMLÂŒLLKÍ‹ÌÍÎMÍÍËLMLËŽNMŒÍLM‹ÎŒÌŽMLÌLMÂŒLL‹MŽMÌŽNMÍ‹LMLMÎÎMÌKÎLŒM‚ŒLLËÌ‹ŒNÎMÍL‹LMKŽLMÍÌNÎLLÌÌŽMÍÂŒLMKŒŒÎLŽMÌMKLLÎKŽLÍÍÎŒÌŒŒŽLBŒLMKLKMLÍMKLLÌ‹ŒMNŒÌKÎÍÍMÍÌÍÂŒLM‹LŒŽMML‹LLŒËLŽŽM‹ÎŽLÌÎNÎL‚ŒLMËLÍKŒNNÍÌËLLLËMMŒÌLÍKÎKŒLÌMÌMŽŒLNMŒÌLMŽLMNKLL‹ŒÎÎLŒML‹ÎKŒÌLŽMŒMÂŒLNKMŒŒNLÌKNLŒLŽNMÌMÎKÎKÍŽL‚ŒLŒMÌŒÍMLŒÍËMÍ‹ŽÍNMÍNÎKNLÌÎMŒBŒLŒKMÎŽNMÌNËMŒ‹ŒÍŽLËÎKÌÌÌÍLBŒLŒ‹NKŽMÎLÎNKMËLŒÍÌŒÌKÎKŽMŒŒŒÍŒLŒËNLŽÌ‹LÌ‹ŒLÌNMNLMÍËÎKŽLÌMÍÌ‚ŒLNLËŽŒÎNLLMLM‹ŒMMÍÌŽMŽNÎKŽNLNNL‚ŒLKNMLMÌËL‹ŒŒŽLMMNKLLËËŒLŒLNBŒL‹NLËŽNM‹ŒMMMLÌÍÍLÍ‹ËŒÌŽMÌLMÂŒLËNLLŒMM‹Ì‹ŒLLŽLLMÌË‹ŽMÍMLMÎŒLŽNKLŽMÍM‹ËŒMÍÎLÍM‹ŽMLÌŒLŽKMÎÌÍKŒ‹ŒÌÍŒNMMK‹ÍNŒLÌMÌŒLŒNLŒŽ‹Í‹ŽNLM‹‹ŒNÎMÍ‚ŒLÌKMNKŽLŒLNNNKLŒNLÍÌÌLÌÍK‹LÍÌMLBŒLÌ‹MŒMNLÍÌÌÍÎL‹LMÌÌÌLŒË‹ŒÎÎLÂŒLÌËLÍKŒÌLLN‹LLËÌÌÌÌN‹ŒNŽÍMBŒLÍLŒÍÎLÌŽLŒËÍMŒMÍÍ‹KŽLŒMŒÎŒLÍKLKMÍŒNÍËLÌ‹LÌÌMKKÍLÎM‚ŒLÍ‹KŒŒLÌÎNNMŒMŽMNLKŒNŽBŒLÍËÌ‹ŒÎMŒÍŽM‹ŒMÍLMLKKÌŽLNMÌBŒLÎMŽMÍLÌÍ‹MLŽNŒŒŽMKŒÍŒÍÌMÂŒLÎKÍ‹ÌÍMÍËMMŽMÌÍŒÌŒ‹KŒŽÍÍM‚ŒLNÌŒŒKMM‹LŽLËKŒŒÍMÎMÂŒLKKNÎNLMLYKLLËMMËŒNLLÌŒÌKKŒŒŒÍMMBŒL‹LNÌŒŒKMM‹LŽLËKŒŒÍMÎMÂŒLËLÍ‹ÌÍMÍËMMŽMÌÍŒÌŒ‹KŒŽÍÍM‚ŒLMMŽMÍLÌÍ‹MLŽNŒŒŽMKŒÍŒÍÌMÂŒLKMÌ‹ŒÎMŒÍŽM‹ŒMÍLMLKKÌŽLNMÌBŒL‹NKŒŒLÌÎNNMŒMŽMNLKŒNŽBŒLËLLKMÍŒNÍËLÌ‹LÌÌMKKÍLÎM‚ŒLLLŒÍÎLÌŽLŒËÍMŒMÍÍ‹KŽLŒMŒÎŒLKLLÍKŒÌLLN‹LLËÌÌÌÌN‹ŒNŽÍMBŒLLLMŒMNLÍÌÌÍÎL‹LMÌÌÌLŒË‹ŒÎÎLÂŒLLKLMNKŽLŒLNNNKLŒNLÍÌÌLÌÍK‹LÍÌMLBŒLL‹LMÌŒLŒNLŒŽ‹Í‹ŽNLM‹‹ŒNÎMÍ‚ŒLLËLMÎÌÍKŒ‹ŒÌÍŒNMMK‹ÍNŒLMLNKLŽMÍM‹ËŒMÍÎLÍM‹ŽMLÌŒLMKLNLLŒMM‹Ì‹ŒLLŽLLMÌË‹ŽMÍMLMÎŒLM‹LNLËŽNM‹ŒMMMLÌÍÍLÍ‹ËŒÌŽMÌLMÂŒLMËLNMLMÌËLŽÌLLYKLLËËŒLŒLNBŒLNLNLËŽNLM‹ŒMMMLÌÍÍLÍ‹ËŒÌŽMÌLMÂŒLNKLNLLŒMM‹LÌ‹ŒLLŽLLMÌË‹ŽMÍMLMÎŒLŒLNKLŽMÍM‹MËŒMÍÎLÍM‹ŽMLÌŒLŒKLMÎÌÍKMŒ‹ŒÌÍŒNMMK‹ÍNŒLŒ‹LMÌŒLŒNLŒŽ‹MÍ‹ŽNLM‹‹ŒNÎMÍ‚ŒLŒËLMNKŽLŒLNNNKNLŒNLÍÌÌLÌÍK‹LÍÌMLBŒLLMŒMNLÍÌÌÍÎLL‹LMÌÌÌLŒË‹ŒÎÎLÂŒLKLLÍKŒÌLLN‹LLLËÌÌÌÌN‹ŒNŽÍMBŒL‹LLŒÍÎLÌŽLLŒËÍMŒMÍÍ‹KŽLŒMŒÎŒLËLLKMÍŒNÍËLLÌ‹LÌÌMKKÍLÎM‚ŒLŽNKŒŒLÌÎNNLMŒMŽMNLKŒNŽBŒLŽKMÌ‹ŒÎMŒÍŽLM‹ŒMÍLMLKKÌŽLNMÌBŒLÌMMŽMÍLÌÍ‹LMLŽNŒŒŽMKŒÍŒÍÌMÂŒLÌKLÍ‹ÌÍMÍËLMMŽMÌÍŒÌŒ‹KŒŽÍÍM‚ŒLÌ‹LNÌŒŒKLMM‹LŽLËKŒŒÍMÎMÂŒLÌËMLLLNMNYKLMLMMËŒNLLÌŒÌKKŒŒŒÍMMBŒLÍNÌŒŒKLMM‹LŽLËKŒŒÍMÎMÂŒLÍKÍ‹ÌÍMÍËLMMŽMÌÍŒÌŒ‹KŒŽÍÍM‚ŒLÍ‹MŽMÍLÌÍ‹LMLŽNŒŒŽMKŒÍŒÍÌMÂŒLÍËÌ‹ŒÎMŒÍŽLM‹ŒMÍLMLKKÌŽLNMÌBŒLÎKŒŒLÌÎNNLMŒMŽMNLKŒNŽBŒLÎKLKMÍŒNÍËLLÌ‹LÌÌMKKÍLÎM‚ŒLLŒÍÎLÌŽLLŒËÍMŒMÍÍ‹KŽLŒMŒÎŒLKLÍKŒÌLLN‹LLLËÌÌÌÌN‹ŒNŽÍMBŒL‹MŒMNLÍÌÌÍÎLL‹LMÌÌÌLŒË‹ŒÎÎLÂŒLËMNKŽLŒLNNNKNLŒNLÍÌÌLÌÍK‹LÍÌMLBŒLMÌŒLŒNLŒŽ‹MÍ‹ŽNLM‹‹ŒNÎMÍ‚ŒLKMÎÌÍKMŒ‹ŒÌÍŒNMMK‹ÍNŒL‹NKLŽMÍM‹MËŒMÍÎLÍM‹ŽMLÌŒLËNLLŒMM‹LÌ‹ŒLLŽLLMÌË‹ŽMÍMLMÎŒLNLËŽNLM‹ŒMMMLÌÍÍLÍ‹ËŒÌŽMÌLMÂŒLKNMŒÍÍÍŒÍ‹LKŽŒMÌÍNÙKLLËÌ‹ŒLŒÂŒLLNLËŒÎŒÍÌÍM‹ŒMMŽLŽL‹Ì‹ŒŒMŽNÍ‚ŒLLKNLŒMÌŒMŒ‹Ì‹ŒLLÌŒNÌ‹ŒÌ‚ŒLL‹NKŒNŒLŒKËÌŒNNNËÌKŽLÌÌÌÌBŒLLËMÎŒÌLËŒ‹ŒŒLÍNKÌKŽMMŒŒŒBŒLMMŽKŽŒÍÌÌÍÍ‹ŽLMLML‹ÌKÎLLŒLMKMNKŽŒÎŽKLŒŽÌÌLÌ‹ÌKÌŒÌÂŒLM‹MËŽNNMMÎKL‹MLÍÍMMKÌKŒŽLNÌ‚ŒLMËLÍŽMLÍLŒMNKLLËŽLNLÍNKÌKŒMŒÌŽŒLNLŒŽNMLÌŽM‹LŒËŽNMÌŽÌNKÌŽLÌŒŒÂŒLNKLKŒÎLNMMMLÌ‹ŽÌLÍÎL‹ÌÌÌMÌN‚ŒLLKŒNMLLŒÍLMŒÍŒLÌŒÌ‹ÌMÌŽLŒLLKÌ‹ŒŒÍLŒŽM‹MŒÎMNKÌÌLNMLÎŒLL‹MŽLLÍŽNMLKLŒKÌŒÌNÌÂŒLLËÍ‹ÌMÎŽMMŽÌÌMŒKÌŒŒÍLLÍMBŒLLNNMÍMLMËMM‹ŽMÌLŽMNËÌŒNNNLÎBŒLLKKLLÌŒLKLLËMMËÎLÌÍ‹ÌŒMÌNBŒLL‹LNNMÍMLMËMM‹ŽMÌLŽMNËÌŒNNNLÎBŒLLËLÍ‹ÌMÎŽMMŽÌÌMŒKÌŒŒÍLLÍMBŒLLMMŽLLÍŽNMLKLŒKÌŒÌNÌÂŒLLKMÌ‹ŒŒÍLŒŽM‹MŒÎMNKÌÌLNMLÎŒLLLNKŒNMLLŒÍLMŒÍŒLÌŒÌ‹ÌMÌŽLŒLLLKLLKŒÎLNMMMLÌ‹ŽÌLÍÎL‹ÌÌÌMÌN‚ŒLLL‹LLŒŽNMLÌŽM‹LŒËŽNMÌŽÌNKÌŽLÌŒŒÂŒLLLËLLÍŽMLÍLŒMNKLLËŽLNLÍNKÌKŒMŒÌŽŒLLMLMËŽNNMMÎKL‹MLÍÍMMKÌKŒŽLNÌ‚ŒLLMKLMNKŽŒÎŽKLŒŽÌÌLÌ‹ÌKÌŒÌÂŒLLM‹LMŽKŽŒÍÌÌÍÍ‹ŽLMLML‹ÌKÎLLŒLLMËLMÎŒÌLËŒ‹ŒŒLÍNKÌKŽMMŒŒŒBŒLLNLNKŒNŒLŒKËÌŒNNNËÌKŽLÌÌÌÌBŒLLNKLNLŒMÌŒMŒ‹Ì‹ŒLLÌŒNÌ‹ŒÌ‚ŒLLŒLNLËŒÎŒÍÌÍM‹ŒMMŽLŽL‹Ì‹ŒŒMŽNÍ‚ŒLLŒKLNMŒÍÍÍŒÍ‹MÎMMLÌ™KLLËÌ‹ŒLŒÂŒLLŒ‹LNLËŒÎŒÍÌÍLM‹ŒMMŽLŽL‹Ì‹ŒŒMŽNÍ‚ŒLLŒËLNLŒMÌŒMŒ‹LÌ‹ŒLLÌŒNÌ‹ŒÌ‚ŒLLLNKŒNŒLŒKMËÌŒNNNËÌKŽLÌÌÌÌBŒLLKLMÎŒÌLËMŒ‹ŒŒLÍNKÌKŽMMŒŒŒBŒLL‹LMŽKŽŒÍÌÌÍMÍ‹ŽLMLML‹ÌKÎLLŒLLËLMNKŽŒÎŽKNLŒŽÌÌLÌ‹ÌKÌŒÌÂŒLLŽLMËŽNNMMÎKLL‹MLÍÍMMKÌKŒŽLNÌ‚ŒLLŽKLLÍŽMLÍLŒMNKLLLËŽLNLÍNKÌKŒMŒÌŽŒLLÌLLŒŽNMLÌŽM‹LLŒËŽNMÌŽÌNKÌŽLÌŒŒÂŒLLÌKLLKŒÎLNMMMLLÌ‹ŽÌLÍÎL‹ÌÌÌMÌN‚ŒLLÌ‹NKŒNMLLŒÍLLMŒÍŒLÌŒÌ‹ÌMÌŽLŒLLÌËMÌ‹ŒŒÍLŒŽLM‹MŒÎMNKÌÌLNMLÎŒLLÍMMŽLLÍŽNLMLKLŒKÌŒÌNÌÂŒLLÍKLÍ‹ÌMÎŽLMMŽÌÌMŒKÌŒŒÍLLÍMBŒLLÍ‹LNNMÍMLMËLMM‹ŽMÌLŽMNËÌŒNNNLÎBŒLLÍËMKŽLÌŽÎLLŒÙKLMLMMËÎLÌÍ‹ÌŒMÌNBŒLLÎNNMÍMLMËLMM‹ŽMÌLŽMNËÌŒNNNLÎBŒLLÎKÍ‹ÌMÎŽLMMŽÌÌMŒKÌŒŒÍLLÍMBŒLMMŽLLÍŽNLMLKLŒKÌŒÌNÌÂŒLMKÌ‹ŒŒÍLŒŽLM‹MŒÎMNKÌÌLNMLÎŒLM‹KŒNMLLŒÍLLMŒÍŒLÌŒÌ‹ÌMÌŽLŒLMËLKŒÎLNMMMLLÌ‹ŽÌLÍÎL‹ÌÌÌMÌN‚ŒLMLŒŽNMLÌŽM‹LLŒËŽNMÌŽÌNKÌŽLÌŒŒÂŒLMKLÍŽMLÍLŒMNKLLLËŽLNLÍNKÌKŒMŒÌŽŒLM‹MËŽNNMMÎKLL‹MLÍÍMMKÌKŒŽLNÌ‚ŒLMËMNKŽŒÎŽKNLŒŽÌÌLÌ‹ÌKÌŒÌÂŒLMMŽKŽŒÍÌÌÍMÍ‹ŽLMLML‹ÌKÎLLŒLMKMÎŒÌLËMŒ‹ŒŒLÍNKÌKŽMMŒŒŒBŒLMLNKŒNŒLŒKMËÌŒNNNËÌKŽLÌÌÌÌBŒLMLKNLŒMÌŒMŒ‹LÌ‹ŒLLÌŒNÌ‹ŒÌ‚ŒLML‹NLËŒÎŒÍÌÍLM‹ŒMMŽLŽL‹Ì‹ŒŒMŽNÍ‚ŒLMLËNLËŒÌÎMÌ‹LKMMMMLYKLLËMËŒMŒŽÍÎBŒLMMNL‹ŽLLÎM‹M‹ŒMLŽNNMMMËŒMLÎŒLMMKNKŽLŒÍLLËÌ‹ŒLLŽLMÎMKMËŒMMMŽŒLMM‹NŽLLÍ‹ËŽÍLLÌLM‹ŽMÎLÍÎLMÎŒLMMËMÎŒÍN‹Œ‹ŽLŽLÌÍMM‹ŽÌLÍM‚ŒLMNMŽKNÎLŒMËÍ‹ŽMÍMÌNMNËM‹ÎÍÎLLBŒLMNKMNKŒŒLÎÍ‹LŒÎÌMŒŽÌËM‹LÎÌLMÌÂŒLMŒMËŽŽÍÍÎKL‹ŽÌŽËM‹ŒŽMŒLÌÌÎBŒLMŒKLÍŽŽLŽNLŽKLMŒLNMŽÍMM‹ŒLÎNMM‚ŒLMŒ‹LŒŒMÍÎNKLŒLÌÍŽKMKŽMMLBŒLMŒËLKŒÌÎŒÍŒKLÌËŒLÍÎMŒKMKÌMÍÎMÍÂŒLMKŒMMMÌÎML‹MÌŒÌŽLËMKLÍMÍÌL‚ŒLMKÌ‹ŒŒŒÌÍÌÌLËM‹ŽMÌMÌMLKMKŒÎMLŒBŒLM‹MŽÎNLLÍËMLKŽMNMLÍKMKŒŽÌÌLÍ‚ŒLMËÍ‹ÌMLMMKŒÍMŽMŒËMKŒNÌMLLBŒLMŽNŽLŽLÌKMMËŒŒŒŒLLËMKŒLŒÂŒLMŽKKLNLŒ™KLLËMNŒMÌÍÎËMKŒLŒMLMBŒLMÌLNŽLŽLÌKMMËŒŒŒŒLLËMKŒLŒÂŒLMÌKLÍ‹ÌMLMMKŒÍMŽMŒËMKŒNÌMLLBŒLMÌ‹MMŽÎNLLÍËMLKŽMNMLÍKMKŒŽÌÌLÍ‚ŒLMÌËMÌ‹ŒŒŒÌÍÌÌLËM‹ŽMÌMÌMLKMKŒÎMLŒBŒLMÍNKŒMMMÌÎML‹MÌŒÌŽLËMKLÍMÍÌL‚ŒLMÍKLLKŒÌÎŒÍŒKLÌËŒLÍÎMŒKMKÌMÍÎMÍÂŒLMÍ‹LLŒŒMÍÎNKLŒLÌÍŽKMKŽMMLBŒLMÍËLLÍŽŽLŽNLŽKLMŒLNMŽÍMM‹ŒLÎNMM‚ŒLMÎLMËŽŽÍÍÎKL‹ŽÌŽËM‹ŒŽMŒLÌÌÎBŒLMÎKLMNKŒŒLÎÍ‹LŒÎÌMŒŽÌËM‹LÎÌLMÌÂŒLNLMŽKNÎLŒMËÍ‹ŽMÍMÌNMNËM‹ÎÍÎLLBŒLNKLMÎŒÍN‹Œ‹ŽLŽLÌÍMM‹ŽÌLÍM‚ŒLN‹LNŽLLÍ‹ËŽÍLLÌLM‹ŽMÎLÍÎLMÎŒLNËLNKŽLŒÍLLËÌ‹ŒLLŽLMÎMKMËŒMMMŽŒLNLNL‹ŽLLÎM‹M‹ŒMLŽNNMMMËŒMLÎŒLNKLNLËŒÌÎMÌ‹ÍLŽM™KLLËMËŒMŒŽÍÎBŒLN‹LNL‹ŽLLÎM‹LM‹ŒMLŽNNMMMËŒMLÎŒLNËLNKŽLŒÍLLËLÌ‹ŒLLŽLMÎMKMËŒMMMŽŒLNLNŽLLÍ‹MËŽÍLLÌLM‹ŽMÎLÍÎLMÎŒLNKLMÎŒÍN‹MŒ‹ŽLŽLÌÍMM‹ŽÌLÍM‚ŒLNLLMŽKNÎLŒMËMÍ‹ŽMÍMÌNMNËM‹ÎÍÎLLBŒLNLKLMNKŒŒLÎÍ‹NLŒÎÌMŒŽÌËM‹LÎÌLMÌÂŒLNL‹LMËŽŽÍÍÎKLL‹ŽÌŽËM‹ŒŽMŒLÌÌÎBŒLNLËLLÍŽŽLŽNLŽKLLMŒLNMŽÍMM‹ŒLÎNMM‚ŒLNMLLŒŒMÍÎNKLLŒLÌÍŽKMKŽMMLBŒLNMKLLKŒÌÎŒÍŒKLLÌËŒLÍÎMŒKMKÌMÍÎMÍÂŒLNM‹NKŒMMMÌÎML‹LMÌŒÌŽLËMKLÍMÍÌL‚ŒLNMËMÌ‹ŒŒŒÌÍÌÌLËLM‹ŽMÌMÌMLKMKŒÎMLŒBŒLNNMMŽÎNLLÍËLMLKŽMNMLÍKMKŒŽÌÌLÍ‚ŒLNNKLÍ‹ÌMLLMMKŒÍMŽMŒËMKŒNÌMLLBŒLŒLNŽLŽLÌKLMMËŒŒŒŒLLËMKŒLŒÂŒLŒKMËŒŽMÌŒÌÎLYKLMLMNŒMÌÍÎËMKŒLŒMLMBŒLŒ‹NŽLŽLÌKLMMËŒŒŒŒLLËMKŒLŒÂŒLŒËÍ‹ÌMLLMMKŒÍMŽMŒËMKŒNÌMLLBŒLŒMŽÎNLLÍËLMLKŽMNMLÍKMKŒŽÌÌLÍ‚ŒLŒKÌ‹ŒŒŒÌÍÌÌLËLM‹ŽMÌMÌMLKMKŒÎMLŒBŒLŒ‹KŒMMMÌÎML‹LMÌŒÌŽLËMKLÍMÍÌL‚ŒLŒËLKŒÌÎŒÍŒKLLÌËŒLÍÎMŒKMKÌMÍÎMÍÂŒLŒLŒŒMÍÎNKLLŒLÌÍŽKMKŽMMLBŒLŒKLÍŽŽLŽNLŽKLLMŒLNMŽÍMM‹ŒLÎNMM‚ŒLŒLMËŽŽÍÍÎKLL‹ŽÌŽËM‹ŒŽMŒLÌÌÎBŒLŒLKMNKŒŒLÎÍ‹NLŒÎÌMŒŽÌËM‹LÎÌLMÌÂŒLŒL‹MŽKNÎLŒMËMÍ‹ŽMÍMÌNMNËM‹ÎÍÎLLBŒLŒLËMÎŒÍN‹MŒ‹ŽLŽLÌÍMM‹ŽÌLÍM‚ŒLŒMNŽLLÍ‹MËŽÍLLÌLM‹ŽMÎLÍÎLMÎŒLŒMKNKŽLŒÍLLËLÌ‹ŒLLŽLMÎMKMËŒMMMŽŒLŒM‹NL‹ŽLLÎM‹LM‹ŒMLŽNNMMMËŒMLÎŒLŒMËNLËŒMLÍMÌKLKŒÎNLLNYKLLË‹ŒŒÌMÍŽÎBŒLŒNNL‹ŒMÌMMÌËM‹ŒMLMMÍŒ‹‹ŒŒLMŒÂŒLŒNKNKŒŒÎMLNMŒ‹Ì‹ŒLLNŒMŽNM‹ŒMNMÌLŒŒÂŒLŒŒNŒÎNLÍŽMNKËŽMLLÌŒ‹‹ŒÌÍNNMLMÂŒLŒŒKMÍËÌNNLLNŒ‹ÌLMLÍÌ‹KŽŽN‚ŒLŒŒ‹MŽKŒŽMMÌNMËÍËŒÎMÌLÌNLKKÌMÌŒŽLBŒLŒŒËMNKŒŒŒŒŒÍÍ‹LLÍMKLMÍŒNŽBŒLŒMËŽML‹ŽMNNŒÌÎËKŒÌÌNLŒLŒKLÍŽMLŒLLËLMŒÌÌÍÎNKŒLMÍŒMLŽBŒLŒ‹LŒLŒŽLLŽKLLLŒÌËŽÎNÌÎBŒLŒËLKŒŽŒÍŒÌ‹LÌËMMÌŒÌÌËÎMLLÎŒLŒŽKŒLŒŒLLÌKMKŒLÍŒŒMÎMÎÍLÎŒLŒŽKÌ‹ŒŒŒLÌMËŒÎNÍÎMŒÍMMMLÎBŒLŒÌMŽMMÍKML‹ŒÌŒMLLMKŒŒLÎŒÎM‚ŒLŒÌKÍ‹ÌÌMMÍËMMKŽMÌŒÍ‹ŒLŒÎMŒŽL‚ŒLŒÌ‹NÌŒÌŽLŽKMMËŽMÌŒŒÌLÍËŒŒÌLMMÂŒLŒÌËKŒÍMŒÌLŽNYKLLËMNŽMÍÌËŒÌNMBŒLŒÍLNÌŒÌŽLŽKMMËŽMÌŒŒÌLÍËŒŒÌLMMÂŒLŒÍKLÍ‹ÌÌMMÍËMMKŽMÌŒÍ‹ŒLŒÎMŒŽL‚ŒLŒÍ‹MMŽMMÍKML‹ŒÌŒMLLMKŒŒLÎŒÎM‚ŒLŒÍËMÌ‹ŒŒŒLÌMËŒÎNÍÎMŒÍMMMLÎBŒLŒÎNKŒLŒŒLLÌKMKŒLÍŒŒMÎMÎÍLÎŒLŒÎKLLKŒŽŒÍŒÌ‹LÌËMMÌŒÌÌËÎMLLÎŒLLLŒLŒŽLLŽKLLLŒÌËŽÎNÌÎBŒLKLLÍŽMLŒLLËLMŒÌÌÍÎNKŒLMÍŒMLŽBŒL‹LMËŽML‹ŽMNNŒÌÎËKŒÌÌNLŒLËLMNKŒŒŒŒŒÍÍ‹LLÍMKLMÍŒNŽBŒLLMŽKŒŽMMÌNMËÍËŒÎMÌLÌNLKKÌMÌŒŽLBŒLKLMÍËÌNNLLNŒ‹ÌLMLÍÌ‹KŽŽN‚ŒL‹LNŒÎNLÍŽMNKËŽMLLÌŒË‹ŒÌÍNNMLMÂŒLËLNKŒŒÎMLNMŒ‹Ì‹ŒLLNŒMŽNM‹ŒMNMÌLŒŒÂŒLLNL‹ŒMÌMMÌËM‹ŒMLMMÍŒ‹‹ŒŒLMŒÂŒLKLNLËŒMLÍMÌKLNMÍÍ™KLLË‹ŒŒÌMÍŽÎBŒLLLNL‹ŒMÌMMÌËLM‹ŒMLMMÍŒ‹‹ŒŒLMŒÂŒLLKLNKŒŒÎMLNMŒ‹LÌ‹ŒLLNŒMŽNM‹ŒMNMÌLŒŒÂŒLL‹LNŒÎNLÍŽMNKMËŽMLLÌŒ‹‹ŒÌÍNNMLMÂŒLLËLMÍËÌNNLLNMŒ‹ÌLMLÍÌ‹KŽŽN‚ŒLMLMŽKŒŽMMÌNMËMÍËŒÎMÌLÌNLKKÌMÌŒŽLBŒLMKLMNKŒŒŒŒŒÍÍ‹NLLÍMKLMÍŒNŽBŒLM‹LMËŽMLL‹ŽMNNŒÌÎËKŒÌÌNLŒLMËLLÍŽMLŒLLËLLMŒÌÌÍÎNKŒLMÍŒMLŽBŒLNLLŒLŒŽLLŽKLLLLŒÌËŽÎNÌÎBŒLNKLLKŒŽŒÍŒÌ‹LLÌËMMÌŒÌÌËÎMLLÎŒLŒNKŒLŒŒLLÌKLMKŒLÍŒŒMÎMÎÍLÎŒLŒKMÌ‹ŒŒŒLÌLMËŒÎNÍÎMŒÍMMMLÎBŒLŒ‹MMŽMMÍKLML‹ŒÌŒMLLMKŒŒLÎŒÎM‚ŒLŒËLÍ‹ÌÌMMÍËLMMKŽMÌŒÍ‹ŒLŒÎMŒŽL‚ŒLLNÌŒÌŽLŽKLMMËŽMÌŒŒÌLÍËŒŒÌLMMÂŒLKMËMÍNMÎMÙKLMLMNŽMÍÌËŒÌNMBŒL‹NÌŒÌŽLŽKLMMËŽMÌŒŒÌLÍËŒŒÌLMMÂŒLËÍ‹ÌÌMMÍËLMMKŽMÌŒÍ‹ŒLŒÎMŒŽL‚ŒLŽMŽMMÍKLML‹ŒÌŒMLLMKŒŒLÎŒÎM‚ŒLŽKÌ‹ŒŒŒLÌLMËŒÎNÍÎMŒÍMMMLÎBŒLÌKŒLŒŒLLÌKLMKŒLÍŒŒMÎMÎÍLÎŒLÌKLKŒŽŒÍŒÌ‹LLÌËMMÌŒÌÌËÎMLLÎŒLÌ‹LŒLŒŽLLŽKLLLLŒÌËŽÎNÌÎBŒLÌËLÍŽMLŒLLËLLMŒÌÌÍÎNKŒLMÍŒMLŽBŒLÍMËŽMLL‹ŽMNNŒÌÎËKŒÌÌNLŒLÍKMNKŒŒŒŒŒÍÍ‹NLLÍMKLMÍŒNŽBŒLÍ‹MŽKŒŽMMÌNMËMÍËŒÎMÌLÌNLKKÌMÌŒŽLBŒLÍËMÍËÌNNLLNMŒ‹ÌLMLÍÌ‹KŽŽN‚ŒLÎNŒÎNLÍŽMNKMËŽMLLÌŒË‹ŒÌÍNNMLMÂŒLÎKNKŒŒÎMLNMŒ‹LÌ‹ŒLLNŒMŽNM‹ŒMNMÌLŒŒÂŒLŽNL‹ŒMÌMMÌËLM‹ŒMLMMÍŒ‹‹ŒŒLMŒÂŒLŽKNL‹ŒÌMÎ‹LKŒMMMMNLMN™KLLËLËŒÌŽÍÍLÌ‚ŒLŽ‹NLKMÍÍLŽMËM‹ŒMLÌMŒÍLËŒÎŽNNŒLŽËNÍLÌLNÌÌ‹ŒLLNMNLËŒŒÍÍŽ‚ŒLŽNËŽMMNLÌLËËÌNŒMLKLËŒLŽÍÎM‚ŒLŽKMÍËŒÌÌŒM‹Œ‹ÍMÌÎLMNMŒ‹L‹ŽLÎLÎMŽŒLŽ‹MŽŽMŒLLLKÍËŒLMÎÍËL‹ÍLÍÍLÌBŒLŽËMNŽMNMLŽ‹LŒLMŒÌËL‹MÎMŽBŒLŽMËŒLÌŒÌKLËŒLMÎML‹ŒÌŒLŒLÍŒLŽKLÍMÍÎŒÌŒËLMMMŽŽŽL‹ŒLÌNNBŒLŽLLŒŒMŽLŒ‹LŽMÎLMMKLKŽNÍLBŒLŽLKLKŒŒMMŒËLÌËŽLNLLKLLÍŒLŽL‹KŒÍÍŒ‹MKLŽLŒŒML‹LKMÍLNLM‚ŒLŽLËÌ‹ŒNÎLLŽMÍÌ‹MËŽNMMËLKŒŽMÌŒŒÌBŒLŽMMÌMMŽM‹ML‹ŽÎŒÍÌKLKŒMMNMŒÌÍÂŒLŽMKÍ‹ÌLŽLŒLËMM‹ŒÍŒNÍŒLKŒMLÍMÂŒLŽM‹NŒMŒÌMMKMNLMMNLŽKLŽNMÍÌŽBŒLŽMËKŒŽNNÙKLLËMNKŒŒMMLËLŽMÍÍŽLÍÂŒLŽNLNŒMŒÌMMKMNLMMNLŽKLŽNMÍÌŽBŒLŽNKLÍ‹ÌLŽLŒLËMM‹ŒÍŒNÍŒLKŒMLÍMÂŒLÌMMÌMMŽM‹ML‹ŽÎŒÍÌKLKŒMMNMŒÌÍÂŒLÌKMÌ‹ŒNÎLLŽMÍÌ‹MËŽNMMËLKŒŽMÌŒŒÌBŒLÌ‹NKŒÍÍŒ‹MKLŽLŒŒML‹LKMÍLNLM‚ŒLÌËLLKŒŒMMŒËLÌËŽLNLLKLLÍŒLÌLLŒŒMŽLŒ‹LŽMÎLMMKLKŽNÍLBŒLÌKLLÍMÍÎŒÌŒËLMMMŽŽŽL‹ŒLÌNNBŒLÌ‹LMËŒLÌŒÌKLËŒLMÎML‹ŒÌŒLŒLÍŒLÌËLMNŽMNMLŽ‹LŒLMŒÌËL‹MÎMŽBŒLÌLMŽŽMŒLLLKÍËŒLMÎÍËL‹ÍLÍÍLÌBŒLÌKLMÍËŒÌÌŒM‹Œ‹ÍMÌÎLMNMŒ‹L‹ŽLÎLÎMŽŒLÌLLNËŽMMNLÌLËËÌNŒMLKLËŒLŽÍÎM‚ŒLÌLKLNÍLÌLNÌÌ‹ŒLLNMNLËŒŒÍÍŽ‚ŒLÌL‹LNLKMÍÍLŽMËM‹ŒMLÌMŒÍLËŒÎŽNNŒLÌLËLNL‹ŒÌMÎ‹ŒÍMLÌÍÌŒM™KLLËLËŒÌŽÍÍLÌ‚ŒLÌMLNLKMÍÍLŽMËLM‹ŒMLÌMŒÍLËŒÎŽNNŒLÌMKLNÍLÌLNÌLÌ‹ŒLLNMNLËŒŒÍÍŽ‚ŒLÌM‹LNËŽMMNLÌLËMËÌNŒMLKLËŒLŽÍÎM‚ŒLÌMËLMÍËŒÌÌŒM‹MŒ‹ÍMÌÎLMNMŒ‹L‹ŽLÎLÎMŽŒLÌNLMŽŽMŒLLLKMÍËŒLMÎÍËL‹ÍLÍÍLÌBŒLÌNKLMNŽMNMLŽ‹NLŒLMŒÌËL‹MÎMŽBŒLÌŒLMËŒLÌŒÌKLLËŒLMÎML‹ŒÌŒLŒLÍŒLÌŒKLLÍMÍÎŒÌŒËLLMMMŽŽŽL‹ŒLÌNNBŒLÌŒ‹LLŒŒMŽLŒ‹LLŽMÎLMMKLKŽNÍLBŒLÌŒËLLKŒŒMMŒËLLÌËŽLNLLKLLÍŒLÌNKŒÍÍŒ‹LMKLŽLŒŒML‹LKMÍLNLM‚ŒLÌKMÌ‹ŒNÎLLŽMÍÌ‹LMËŽNMMËLKŒŽMÌŒŒÌBŒLÌ‹MMÌMMŽM‹LML‹ŽÎŒÍÌKLKŒMMNMŒÌÍÂŒLÌËLÍ‹ÌLŽLŒLËLMM‹ŒÍŒNÍŒLKŒMLÍMÂŒLÌŽLNŒMŒÌMMKLMNLMMNLŽKLŽNMÍÌŽBŒLÌŽKNŽNLLŒLŒÎKLMLMNKŒŒMMLËLŽMÍÍŽLÍÂŒLÌÌNŒMŒÌMMKLMNLMMNLŽKLŽNMÍÌŽBŒLÌÌKÍ‹ÌLŽLŒLËLMM‹ŒÍŒNÍŒLKŒMLÍMÂŒLÌÌ‹MÌMMŽM‹LML‹ŽÎŒÍÌKLKŒMMNMŒÌÍÂŒLÌÌËÌ‹ŒNÎLLŽMÍÌ‹LMËŽNMMËLKŒŽMÌŒŒÌBŒLÌÍKŒÍÍŒ‹LMKLŽLŒŒML‹LKMÍLNLM‚ŒLÌÍKLKŒŒMMŒËLLÌËŽLNLLKLLÍŒLÌÍ‹LŒŒMŽLŒ‹LLŽMÎLMMKLKŽNÍLBŒLÌÍËLÍMÍÎŒÌŒËLLMMMŽŽŽL‹ŒLÌNNBŒLÌÎMËŒLÌŒÌKLLËŒLMÎML‹ŒÌŒLŒLÍŒLÌÎKMNŽMNMLŽ‹NLŒLMŒÌËL‹MÎMŽBŒLÍMŽŽMŒLLLKMÍËŒLMÎÍËL‹ÍLÍÍLÌBŒLÍKMÍËŒÌÌŒM‹MŒ‹ÍMÌÎLMNMŒ‹L‹ŽLÎLÎMŽŒLÍ‹NËŽMMNLÌLËMËÌNŒMLKLËŒLŽÍÎM‚ŒLÍËNÍLÌLNÌLÌ‹ŒLLNMNLËŒŒÍÍŽ‚ŒLÍNLKMÍÍLŽMËLM‹ŒMLÌMŒÍLËŒÎŽNNŒLÍKNL‹ŒMÎLLÍLÌËNKLÎNMÍŒÙKLMLÌ‹ŒÍÎMMÌÍLÂŒLÍ‹NLKŒMLÍ‹M‹ŒMŒŒÌÍÌÍÎKLÌ‹ŒÍMLÎŒÌ‚ŒLÍËNŒŒNMÌNÌ‹ŒLLMÍMËLÌ‹ŒÎMLÌBŒLÍNËŽÌÍŒÍŒ‹ËÌMŽMÌMŽLÌ‹ŒMMÌMÂŒLÍKMÍ‹ŽLMMÎMŒËŒ‹ÎÍÍMËLÌKŽNMÍMÂŒLÍLMŽŒLÍÌMÍËŒMÌMŒÎËLÌKÎMÌLÍNŒLÍLKMNÌŒÎLŒNLÌNMŽÍÎKLÌKMÍNŒLÍL‹MËŒŒNLNMLËŒŽMŽLÍŒŽMKLÌKŒÌÍLÎMMNŒLÍLËLÍŒÎÌÌLÍËLMÎLÎMMÍN‹LÌKŒNLM‚ŒLÍMLŒŒÌMÌÎÍKLKŒLLÌÍÌLÌŽNÌÍŒLÍMKLKŒMŽLŒÍLŒ‹LÍŒMÍÍŒMÍÌLËLÌŒNLÎMÌ‚ŒLÍM‹KŒÌNNLKMKŽLŽLÎLÍ‹LÌLMŒŽNŒLÍMËÌ‹ŒMŒŒŒÍŒÎKMŒÌMÎÌ‹LÌŒŒÍNMŒLŽBŒLÍNMŒNMÍLKMLËŒÌMLÍŒM‹LÌŒLÌŒÌMBŒLÍNKÍ‹ŽMŽLÍMŒ‹MM‹ŽLŽMÌÍŒËLŽKŽNŒÌÎŒLÍŒNLÌŒMŒNKMNKŒMŽMÎN‹LŽKŽLŒNMÍÌNBŒLÍŒKKŒNLŒMLŽYKLLËMNKÍÍŽMÎKLŽKŽNLMBŒLÍŒ‹LNLÌŒMŒNKMNKŒMŽMÎN‹LŽKŽLŒNMÍÌNBŒLÍŒËLÍ‹ŽMŽLÍMŒ‹MM‹ŽLŽMÌÍŒËLŽKŽNŒÌÎŒLÍMMŒNMÍLKMLËŒÌMLÍŒM‹LÌŒLÌŒÌMBŒLÍKMÌ‹ŒMŒŒŒÍŒÎKMŒÌMÎÌ‹LÌŒŒÍNMŒLŽBŒLÍ‹NKŒÌNNLKMKŽLŽLÎLÍ‹LÌLMŒŽNŒLÍËLLKŒMŽLŒÍLŒ‹LÍŒMÍÍŒMÍÌLËLÌŒNLÎMÌ‚ŒLÍŽLLŒŒÌMÌÎÍKLKŒLLÌÍÌLÌŽNÌÍŒLÍŽKLLÍŒÎÌÌLÍËLMÎLÎMMÍN‹LÌKŒNLM‚ŒLÍÌLMËŒŒNLNMLËŒŽMŽLÍŒŽMKLÌKŒÌÍLÎMMNŒLÍÌKLMNÌŒÎLŒNLÌNMŽÍÎKLÌKMÍNŒLÍÌ‹LMŽŒLÍÌMÍËŒMÌMŒÎËLÌKÎMÌLÍNŒLÍÌËLMÍ‹ŽLMMÎMŒËŒ‹ÎÍÍMËLÌKŽNMÍMÂŒLÍÍLNËŽÌÍŒÍŒ‹ËÌMŽMÌMŽLÌ‹ŒMMÌMÂŒLÍÍKLNŒŒNMÌNÌ‹ŒLLMÍMËLÌ‹ŒÎMLÌBŒLÍÍ‹LNLKŒMLÍ‹M‹ŒMŒŒÌÍÌÍÎKLÌ‹ŒÍMLÎŒÌ‚ŒLÍÍËLNL‹ŒMÎLLÍLÌËŒŒÍNMMLLÍKLLËLÌ‹ŒÍÎMMÌÍLÂŒLÍÎLNLKŒMLÍ‹LM‹ŒMŒŒÌÍÌÍÎKLÌ‹ŒÍMLÎŒÌ‚ŒLÍÎKLNŒŒNMÌNLÌ‹ŒLLMÍMËLÌ‹ŒÎMLÌBŒLÎLNËŽÌÍŒÍŒ‹MËÌMŽMÌMŽLÌ‹ŒMMÌMÂŒLÎKLMÍ‹ŽLMMÎMŒËMŒ‹ÎÍÍMËLÌKŽNMÍMÂŒLÎ‹LMŽŒLÍÌMMÍËŒMÌMŒÎËLÌKÎMÌLÍNŒLÎËLMNÌŒÎLŒNNLÌNMŽÍÎKLÌKMÍNŒLÎLMËŒŒNLNMLLËŒŽMŽLÍŒŽMKLÌKŒÌÍLÎMMNŒLÎKLLÍŒÎÌÌLÍËLLMÎLÎMMÍN‹LÌKŒNLM‚ŒLÎ‹LLŒŒÌMÌÎÍKLLKŒLLÌÍÌLÌŽNÌÍŒLÎËLLKŒMŽLŒÍLŒ‹LLÍŒMÍÍŒMÍÌLËLÌŒNLÎMÌ‚ŒLÎNKŒÌNNLKLMKŽLŽLÎLÍ‹LÌLMŒŽNŒLÎKMÌ‹ŒMŒŒŒÍŒÎKLMŒÌMÎÌ‹LÌŒŒÍNMŒLŽBŒLÎLMMŒNMÍLKLMLËŒÌMLÍŒM‹LÌŒLÌŒÌMBŒLÎLKLÍ‹ŽMŽLÍMŒ‹LMM‹ŽLŽMÌÍŒËLŽKŽNŒÌÎŒLÎL‹LNLÌŒMŒNKLMNKŒMŽMÎN‹LŽKŽLŒNMÍÌNBŒLÎLËNKŒÌÌLÌŽNLŒÎKLMLMNKÍÍŽMÎKLŽKŽNLMBŒLÎMNLÌŒMŒNKLMNKŒMŽMÎN‹LŽKŽLŒNMÍÌNBŒLÎMKÍ‹ŽMŽLÍMŒ‹LMM‹ŽLŽMÌÍŒËLŽKŽNŒÌÎŒLÎM‹MŒNMÍLKLMLËŒÌMLÍŒM‹LÌŒLÌŒÌMBŒLÎMËÌ‹ŒMŒŒŒÍŒÎKLMŒÌMÎÌ‹LÌŒŒÍNMŒLŽBŒLÎNKŒÌNNLKLMKŽLŽLÎLÍ‹LÌLMŒŽNŒLÎNKLKŒMŽLŒÍLŒ‹LLÍŒMÍÍŒMÍÌLËLÌŒNLÎMÌ‚ŒMLŒŒÌMÌÎÍKLLKŒLLÌÍÌLÌŽNÌÍŒMKLÍŒÎÌÌLÍËLLMÎLÎMMÍN‹LÌKŒNLM‚ŒM‹MËŒŒNLNMLLËŒŽMŽLÍŒŽMKLÌKŒÌÍLÎMMNŒMËMNÌŒÎLŒNNLÌNMŽÍÎKLÌKMÍNŒMMŽŒLÍÌMMÍËŒMÌMŒÎËLÌKÎMÌLÍNŒMKMÍ‹ŽLMMÎMŒËMŒ‹ÎÍÍMËLÌKŽNMÍMÂŒM‹NËŽÌÍŒÍŒ‹MËÌMŽMÌMŽLÌ‹ŒMMÌMÂŒMËNŒŒNMÌNLÌ‹ŒLLMÍMËLÌ‹ŒÎMLÌBŒMNLKŒMLÍ‹LM‹ŒMŒŒÌÍÌÍÎKLÌ‹ŒÍMLÎŒÌ‚ŒMKNLKÍÍLMŒMNNLMNMYKLMMMËŒMMMBŒMLNLLÍŒŒÎ‹M‹ŒMÍŽLÌÌ‹MMËÍÎBŒMLKNËNÎNLKÌ‹ŒLLÌŒ‹MMËŒÍMLMÌM‚ŒML‹N‹ŽLÍÎŒÎL‹ËÌŒÌÌÍÍMMKMMËŒŒLÂŒMLËMÍ‹ÌÎMMNŒ‹ŽŒNMŽMKMMËŒLÍÎNL‚ŒMMMŽŒŒMLÌMMËÍËŒLLÍMM‹ŽNLÎNNBŒMMKMNŒÍÎLLŒKLŽÎMLKMM‹ŒÍMMLLBŒMM‹M‹ŽMÍLMŽKLËŒÌMMM‹MM‹ŒÍLLÍLÂŒMMËLÍŒŒLŒLKLMKŒLMŒÍNËMM‹ŒLLÎL‚ŒMNLŒŒNLMLLKNLLŒŽMMKŽÌLLÍLLÂŒMNKLKŒŽNNLÍNMNËMMKNNMLBŒMŒŽNNLÎMLMM‹ŒÎLÍÍNKMMKŒÍMÍÂŒMŒKÌ‹ŒLÎNŒŒL‹MŽÍLNLÎKMMKŒMÌÌÌM‚ŒMŒ‹MLMŽNMÍMLËŽÌÌÍLLMKMMKŒNMÍMŒŒÂŒMŒËÍ‹ŽMNŒÌNMMËŒÍNLMÌËMMŽLÍŒÍŒMNÎLLËMNKNMÎMLKMMŽÎMLLŒÌÂŒMKKŒLÍMŒŒÌL™KLLËMŒŒÎLŒLMŒ‹MMŽMNŒÂŒM‹LNÎLLËMNKNMÎMLKMMŽÎMLLŒÌÂŒMËLÍ‹ŽMNŒÌNMMËŒÍNLMÌËMMŽLÍŒÍŒMŽMMLMŽNMÍMLËŽÌÌÍLLMKMMKŒNMÍMŒŒÂŒMŽKMÌ‹ŒLÎNŒŒL‹MŽÍLNLÎKMMKŒMÌÌÌM‚ŒMÌNŽNNLÎMLMM‹ŒÎLÍÍNKMMKŒÍMÍÂŒMÌKLLKŒŽNNLÍNMNËMMKNNMLBŒMÌ‹LLŒŒNLMLLKNLLŒŽMMKŽÌLLÍLLÂŒMÌËLLÍŒŒLŒLKLMKŒLMŒÍNËMM‹ŒLLÎL‚ŒMÍLM‹ŽMÍLMŽKLËŒÌMMM‹MM‹ŒÍLLÍLÂŒMÍKLMNŒÍÎLLŒKLŽÎMLKMM‹ŒÍMMLLBŒMÍ‹LMŽŒŒMLÌMMËÍËŒLLÍMM‹ŽNLÎNNBŒMÍËLMÍ‹ÌÎMMNŒ‹ŽŒNMŽMKMMËŒLÍÎNL‚ŒMÎLN‹ŽLÍÎŒÎL‹ËÌŒÌÌÍÍMMKMMËŒŒLÂŒMÎKLNËNÎNLKÌ‹ŒLLÌŒ‹MMËŒÍMLMÌM‚ŒMLNLLÍŒŒÎ‹M‹ŒMÍŽLÌÌ‹MMËÍÎBŒMKLNLKÍÍLMŒMNŒLÎMŽŒŽYKLLËMMËŒMMMBŒM‹LNLLÍŒŒÎ‹LM‹ŒMÍŽLÌÌ‹MMËÍÎBŒMËLNËNÎNLKLÌ‹ŒLLÌŒ‹MMËŒÍMLMÌM‚ŒMLN‹ŽLÍÎŒÎL‹MËÌŒÌÌÍÍMMKMMËŒŒLÂŒMKLMÍ‹ÌÎMMNMŒ‹ŽŒNMŽMKMMËŒLÍÎNL‚ŒM‹LMŽŒŒMLÌMMËMÍËŒLLÍMM‹ŽNLÎNNBŒMËLMNŒÍÎLLŒKNLŽÎMLKMM‹ŒÍMMLLBŒMLM‹ŽMÍLMŽKLLËŒÌMMM‹MM‹ŒÍLLÍLÂŒMKLLÍŒŒLŒLKLLMKŒLMŒÍNËMM‹ŒLLÎL‚ŒMLLLŒŒNLMLLLKNLLŒŽMMKŽÌLLÍLLÂŒMLKLLKŒŽNNLLÍNMNËMMKNNMLBŒML‹NŽNNLÎMLMLM‹ŒÎLÍÍNKMMKŒÍMÍÂŒMLËMÌ‹ŒLÎNŒŒL‹LMŽÍLNLÎKMMKŒMÌÌÌM‚ŒMMMMLMŽNMÍLMLËŽÌÌÍLLMKMMKŒNMÍMŒŒÂŒMMKLÍ‹ŽMNŒÌNLMMËŒÍNLMÌËMMŽLÍŒÍŒMM‹LNÎLLËLMNKNMÎMLKMMŽÎMLLŒÌÂŒMMËNKŒMÎÌÍÌNYKLMLMŒŒÎLŒLMŒ‹MMŽMNŒÂŒMNNÎLLËLMNKNMÎMLKMMŽÎMLLŒÌÂŒMNKÍ‹ŽMNŒÌNLMMËŒÍNLMÌËMMŽLÍŒÍŒMŒMLMŽNMÍLMLËŽÌÌÍLLMKMMKŒNMÍMŒŒÂŒMŒKÌ‹ŒLÎNŒŒL‹LMŽÍLNLÎKMMKŒMÌÌÌM‚ŒMŒ‹ŽNNLÎMLMLM‹ŒÎLÍÍNKMMKŒÍMÍÂŒMŒËLKŒŽNNLLÍNMNËMMKNNMLBŒMLŒŒNLMLLLKNLLŒŽMMKŽÌLLÍLLÂŒMKLÍŒŒLŒLKLLMKŒLMŒÍNËMM‹ŒLLÎL‚ŒM‹M‹ŽMÍLMŽKLLËŒÌMMM‹MM‹ŒÍLLÍLÂŒMËMNŒÍÎLLŒKNLŽÎMLKMM‹ŒÍMMLLBŒMŽMŽŒŒMLÌMMËMÍËŒLLÍMM‹ŽNLÎNNBŒMŽKMÍ‹ÌÎMMNMŒ‹ŽŒNMŽMKMMËŒLÍÎNL‚ŒMÌN‹ŽLÍÎŒÎL‹MËÌŒÌÌÍÍMMKMMËŒŒLÂŒMÌKNËNÎNLKLÌ‹ŒLLÌŒ‹MMËŒÍMLMÌM‚ŒMÌ‹NLLÍŒŒÎ‹LM‹ŒMÍŽLÌÌ‹MMËÍÎBŒMÌËNLÎLMLMNMMM‹ŒÎNÍÍMŒ™KLMN‹MÍÍMÌLBŒMÍNKŽLŽMÍMM‹ŒMMÍLŒÎLËN‹LNLÍLNÍÂŒMÍKNËŒÍÍLŽL‹Ì‹ŒLLMLÌÌMÎKN‹ÍLÌÍŒÂŒMÍ‹N‹ŒÎMMLMŒKËÍMÍÌMËN‹ŒŽNLLÍBŒMÍËMÍKŽMÌÍÍŒŒKŒ‹ŽÍLÍN‹ŒLMŒÌŒŽLMŒMÎMËÎMLÌŽMKÍËŒÌÌŒÍŒKNKŽMÍŽÌBŒMÎKMNŒNMMÎMÍLŽNÎŒÌLËNKŒÌLMBŒMM‹ÌŒÍLLÎLËŽNLLNLÍËNKŒÍÌÌLL‚ŒMKLÍŒÍŒÌÎMŽM‹LMKŒÍLMLÌÌ‹NKŒNNMÎBŒM‹LŒŒÌNMKLKŽÌÍMLËNŽLŒÎBŒMËLKŒLLMLLÌKLÍKŒMMŽNMÍMMBŒMŽMÍMN‹M‹ŽMMŒLËNŒÌLÌŒNBŒMKÌ‹ŒLÍLÌÍŽMÍKMKŽLÍÍNŒLLLÍŒM‹MMŒMMLÍŒ‹MMLŒÎLLŒŽMMÎKŽLÎMŒŒLÌŽBŒMËÍ‹ÌNLÌÎLËMNŒMLÍMMMKMÎKŽŒŒLŒMNŽMMMŒŒÍMLMÍ‹MÎKÍMMBŒMKKŒŒÌLŽMYKLLËMŒKŒMÎNÍÎMÎKÌŒÎLÌÌNŒMLLNŽMMMŒŒÍMLMÍ‹MÎKÍMMBŒMLKLÍ‹ÌNLÌÎLËMNŒMLÍMMMKMÎKŽŒŒLŒML‹MMMŒMMLÍŒ‹MMLŒÎLLŒŽMMÎKŽLÎMŒŒLÌŽBŒMLËMÌ‹ŒLÍLÌÍŽMÍKMKŽLÍÍNŒLLLÍŒMMNŽMÍMN‹M‹ŽMMŒLËNŒÌLÌŒNBŒMMKLLKŒLLMLLÌKLÍKŒMMŽNMÍMMBŒMM‹LLŒŒÌNMKLKŽÌÍMLËNŽLŒÎBŒMMËLLÍŒÍŒÌÎMŽM‹LMKŒÍLMLÌÌ‹NKŒNNMÎBŒMNLM‹ÌŒÍLLÎLËŽNLLNLÍËNKŒÍÌÌLL‚ŒMNKLMNŒNMMÎMÍLŽNÎŒÌLËNKŒÌLMBŒMLLMËÎMLÌŽMKÍËŒÌÌŒÍŒKNKŽMÍŽÌBŒMLKLMÍKŽMÌÍÍŒŒKŒ‹ŽÍLÍN‹ŒLMŒÌŒŽLMŒML‹LN‹ŒÎMMLMŒKËÍMÍÌMËN‹ŒŽNLLÍBŒMLËLNËŒÍÍLŽL‹Ì‹ŒLLMLÌÌMÎKN‹ÍLÌÍŒÂŒMLLNKŽLŽMÍMM‹ŒMMÍLŒÎLËN‹LNLÍLNÍÂŒMLKLNLÎLMLMNMMŒNLÌLŽLYKLLËN‹MÍÍMÌLBŒML‹LNKŽLŽMÍMLM‹ŒMMÍLŒÎLËN‹LNLÍLNÍÂŒMLËLNËŒÍÍLŽL‹LÌ‹ŒLLMLÌÌMÎKN‹ÍLÌÍŒÂŒMLLN‹ŒÎMMLMŒKMËÍMÍÌMËN‹ŒŽNLLÍBŒMLKLMÍKŽMÌÍÍŒŒKMŒ‹ŽÍLÍN‹ŒLMŒÌŒŽLMŒMLLLMËÎMLÌŽMKMÍËŒÌÌŒÍŒKNKŽMÍŽÌBŒMLLKLMNŒNMMÎMÍNLŽNÎŒÌLËNKŒÌLMBŒMLL‹LM‹ÌŒÍLLÎLLËŽNLLNLÍËNKŒÍÌÌLL‚ŒMLLËLLÍŒÍŒÌÎMŽM‹LLMKŒÍLMLÌÌ‹NKŒNNMÎBŒMLMLLŒŒÌNMKLLKŽÌÍMLËNŽLŒÎBŒMLMKLLKŒLLMLLÌKLLÍKŒMMŽNMÍMMBŒMLM‹NŽMÍMN‹LM‹ŽMMŒLËNŒÌLÌŒNBŒMLMËMÌ‹ŒLÍLÌÍŽMÍKLMKŽLÍÍNŒLLLÍŒMLNMMMŒMMLÍŒ‹LMMLŒÎLLŒŽMMÎKŽLÎMŒŒLÌŽBŒMLNKLÍ‹ÌNLÌÎLËLMNŒMLÍMMMKMÎKŽŒŒLŒMLŒLNŽMMLMŒŒÍMLMÍ‹MÎKÍMMBŒMLŒKNKŒÌLMNMŽYKLMLMŒKŒMÎNÍÎMÎKÌŒÎLÌÌNŒMLŒ‹NŽMMLMŒŒÍMLMÍ‹MÎKÍMMBŒMLŒËÍ‹ÌNLÌÎLËLMNŒMLÍMMMKMÎKŽŒŒLŒMLMMŒMMLÍŒ‹LMMLŒÎLLŒŽMMÎKŽLÎMŒŒLÌŽBŒMLKÌ‹ŒLÍLÌÍŽMÍKLMKŽLÍÍNŒLLLÍŒML‹ŽMÍMN‹LM‹ŽMMŒLËNŒÌLÌŒNBŒMLËLKŒLLMLLÌKLLÍKŒMMŽNMÍMMBŒMLŽLŒŒÌNMKLLKŽÌÍMLËNŽLŒÎBŒMLŽKLÍŒÍŒÌÎMŽM‹LLMKŒÍLMLÌÌ‹NKŒNNMÎBŒMLÌM‹ÌŒÍLLÎLLËŽNLLNLÍËNKŒÍÌÌLL‚ŒMLÌKMNŒNMMÎMÍNLŽNÎŒÌLËNKŒÌLMBŒMLÌ‹MËÎMLÌŽMKMÍËŒÌÌŒÍŒKNKŽMÍŽÌBŒMLÌËMÍKŽMÌÍÍŒŒKMŒ‹ŽÍLÍN‹ŒLMŒÌŒŽLMŒMLÍN‹ŒÎMMLMŒKMËÍMÍÌMËN‹ŒŽNLLÍBŒMLÍKNËŒÍÍLŽL‹LÌ‹ŒLLMLÌÌMÎKN‹ÍLÌÍŒÂŒMLÍ‹NKŽLŽMÍMLM‹ŒMMÍLŒÎLËN‹LNLÍLNÍÂŒMLÍËNLŒMÍMMNMMLKMKŒÍNLMŒMÍÍKLMŒËŒÍMÍNÌŒMLÎNKŒLŒŽNËM‹ŒMNÍŽKŒËŒMÌÍŒBŒMLÎKN‹ÌÌÍLKÌ‹ŒLÌÍÌKŒËLMŽŒŒÎŒMMNKŽŒŽLNÎKËÎÌÌÍLËŒËŒÍÌŽM‚ŒMMKMÍKLMNLKŒ‹ŽMLLLŽKŒËŒMÎMÂŒMM‹MËMÌMÍËNMÌNNMÌKŒ‹ŽMÌÍÌLÂŒMMËMMËÌŒÍÍKLKŒNÍMLÍŒ‹ÍLÍNÍBŒMMM‹LMŽNLËŽNËŒ‹ŒÎMMÎNMÂŒMMKLÌËŽMŽMLËLMKÌÌÌLNLŒËŒ‹ŒMMMŒÂŒMM‹LŒŒLLÎLKL‹ŒÌNMÌM‹ŒKÎÌÍŒMMËLŽNLNM‹LÍKMNÌ‹ŒKLÌŽNBŒMMŽNLNMÎLKMËŒŽNLÌMKŒKŒŒÍMLBŒMMKÌ‹ŒMŽNÎLNLNKMLŒŒMŒMMLËŒKŒŒMŒLNBŒMMLMŽLMŒÍÍÌKMMKŒÌÎLÎŒŽÍÌLÌLMBŒMMLKÍ‹ÌŽNLL‹MNKŒNŒŒKŒÌMMÍÎNM‚ŒMML‹NNMËMŒKŒŒLLLMŒ‹ŒŒÎMŒÌÍ‚ŒMMLËLÌÍÌMŒ™KLMMŒKŽMMMÌL‹ŒŒMMÍÍŒMMMLNNMËMŒKŒŒLLLMŒ‹ŒŒÎMŒÌÍ‚ŒMMMKLÍ‹ÌŽNLL‹MNKŒNŒŒKŒÌMMÍÎNM‚ŒMMM‹MMŽLMŒÍÍÌKMMKŒÌÎLÎŒŽÍÌLÌLMBŒMMMËMÌ‹ŒMŽNÎLNLNKMLŒŒMŒMMLËŒKŒŒMŒLNBŒMMNNŽNLNMÎLKMËŒŽNLÌMKŒKŒŒÍMLBŒMMNKLLŽNLNM‹LÍKMNÌ‹ŒKLÌŽNBŒMMŒLLŒŒLLÎLKL‹ŒÌNMÌM‹ŒKÎÌÍŒMMŒKLLÌËŽMŽMLËLMKÌÌÌLNLŒËŒ‹ŒMMMŒÂŒMMŒ‹LM‹LMŽNLËŽNËŒ‹ŒÎMMÎNMÂŒMMŒËLMMËÌŒÍÍKLKŒNÍMLÍŒ‹ÍLÍNÍBŒMMLMËMÌMÍËNMÌNNMÌKŒ‹ŽMÌÍÌLÂŒMMKLMÍKLMNLKŒ‹ŽMLLLŽKŒËŒMÎMÂŒMM‹LNKŽŒŽLNÎKËÎÌÌÍLËŒËŒÍÌŽM‚ŒMMËLN‹ÌÌÍLKÌ‹ŒLÌÍÌKŒËLMŽŒŒÎŒMMŽLNKŒLŒŽNËM‹ŒMNÍŽKŒËŒMÌÍŒBŒMMŽKLNLŒMÍMMNMMLKŒLLÎNLNLŽKLLËŒËŒÍMÍNÌŒMMÌLNKŒLŒŽNËLM‹ŒMNÍŽKŒËŒMÌÍŒBŒMMÌKLN‹ÌÌÍLKLÌ‹ŒLÌÍÌKŒËLMŽŒŒÎŒMMÌ‹LNKŽŒŽLNÎKMËÎÌÌÍLËŒËŒÍÌŽM‚ŒMMÌËLMÍKLMNLKMŒ‹ŽMLLLŽKŒËŒMÎMÂŒMMÍLMËMÌMMÍËNMÌNNMÌKŒ‹ŽMÌÍÌLÂŒMMÍKLMMËÌŒÍÍKNLKŒNÍMLÍŒ‹ÍLÍNÍBŒMMÍ‹LM‹LMŽNLLËŽNËŒ‹ŒÎMMÎNMÂŒMMÍËLLÌËŽMŽMLËLLMKÌÌÌLNLŒËŒ‹ŒMMMŒÂŒMMÎLLŒŒLLÎLKLL‹ŒÌNMÌM‹ŒKÎÌÍŒMMÎKLLŽNLNM‹LLÍKMNÌ‹ŒKLÌŽNBŒMNNŽNLNMÎLKLMËŒŽNLÌMKŒKŒŒÍMLBŒMNKMÌ‹ŒMŽNÎLNLNKLMLŒŒMŒMMLËŒKŒŒMŒLNBŒMN‹MMŽLMŒÍÍÌKLMMKŒÌÎLÎŒŽÍÌLÌLMBŒMNËLÍ‹ÌŽNLL‹LMNKŒNŒŒKŒÌMMÍÎNM‚ŒMNLNNMËLMŒKŒŒLLLMŒ‹ŒŒÎMŒÌÍ‚ŒMNKNŒŒLLLMÍYKLMLMŒKŽMMMÌL‹ŒŒMMÍÍŒMN‹NNMËLMŒKŒŒLLLMŒ‹ŒŒÎMŒÌÍ‚ŒMNËÍ‹ÌŽNLL‹LMNKŒNŒŒKŒÌMMÍÎNM‚ŒMNMŽLMŒÍÍÌKLMMKŒÌÎLÎŒŽÍÌLÌLMBŒMNKÌ‹ŒMŽNÎLNLNKLMLŒŒMŒMMLËŒKŒŒMŒLNBŒMNLŽNLNMÎLKLMËŒŽNLÌMKŒKŒŒÍMLBŒMNLKLŽNLNM‹LLÍKMNÌ‹ŒKLÌŽNBŒMNL‹LŒŒLLÎLKLL‹ŒÌNMÌM‹ŒKÎÌÍŒMNLËLÌËŽMŽMLËLLMKÌÌÌLNLŒËŒ‹ŒMMMŒÂŒMNMM‹LMŽNLLËŽNËŒ‹ŒÎMMÎNMÂŒMNMKMMËÌŒÍÍKNLKŒNÍMLÍŒ‹ÍLÍNÍBŒMNM‹MËMÌMMÍËNMÌNNMÌKŒ‹ŽMÌÍÌLÂŒMNMËMÍKLMNLKMŒ‹ŽMLLLŽKŒËŒMÎMÂŒMNNNKŽŒŽLNÎKMËÎÌÌÍLËŒËŒÍÌŽM‚ŒMNNKN‹ÌÌÍLKLÌ‹ŒLÌÍÌKŒËLMŽŒŒÎŒMŒNKŒLŒŽNËLM‹ŒMNÍŽKŒËŒMÌÍŒBŒMŒKNKŒÍNLÍŽKMÌŒÌŒÌÙKLMŒÌ‹ÌŒLLNNŒMŒ‹NÍÌMŒÎM‹ŒMÍNNMÌMŒKŒÌ‹ŽLŽMÍMŒ‚ŒMŒËNKŽNLMLL‹Ì‹ŒNMŽÍN‹ŒÌ‹NMLLLŽL‚ŒMŒNKÍNLŽMËŽLNMÌÍKŒÌ‹ŒŒÌMMBŒMŒKMÍKŒLŒMŒËŒLÍMNKŒÌ‹ŒŒÍŒMŽMÂŒMŒ‹MËŒLNLÌLKÍËÍNMŒLMKŒÌKŽNŒÌŽÍ‚ŒMŒËMMËLLLËLKÍÎLÌÌNKŒÌKÌLLNNÍBŒMŒM‹ŒÍÌÌŒŒKLŒÎLÎMLKŒÌKŒÎLŒMMŒMŒKLÌËŽNLÍËLM‹ŒŒÍMŒÌKŒÌMŒLBŒMŒLLŒŒLŒMÍÍL‹ŽMLMŒM‹ŒÌÍLMŒÎÍÂŒMŒLKLKŒÎŒŽMKLÍ‹ÌLÎŒÌLLŒNLŒBŒMŒL‹KŒÌÍÍNMLÌMÌMMËŒÌŒMNMŒ‚ŒMŒLËÌ‹ŒÍŒLMLÌ‹MLKŒNÍÍŽKŒŽKŽLŒÎMLÂŒMŒMMÎÌŽLÍËMM‹ŒÎLMÌLMLKŒŽKÌŒNÍBŒMŒMKÍ‹ÎMNÎŒÍËMŒŒLMŒÍÍLÎŒŽKNÌÌMÎŒMŒM‹NÎNLÌÍKMŒ‹ŒŽNÌÍ‹ŒŽKLŒÍ‚ŒMŒMËKŽMÍÍMÌLÎYKLMMŒËŒÌÌMŽMŒŽKÍMLŒMŒNLNÎNLÌÍKMŒ‹ŒŽNÌÍ‹ŒŽKLŒÍ‚ŒMŒNKLÍ‹ÎMNÎŒÍËMŒŒLMŒÍÍLÎŒŽKNÌÌMÎŒMŒŒMMÎÌŽLÍËMM‹ŒÎLMÌLMLKŒŽKÌŒNÍBŒMŒŒKMÌ‹ŒÍŒLMLÌ‹MLKŒNÍÍŽKŒŽKŽLŒÎMLÂŒMŒŒ‹NKŒÌÍÍNMLÌMÌMMËŒÌŒMNMŒ‚ŒMŒŒËLLKŒÎŒŽMKLÍ‹ÌLÎŒÌLLŒNLŒBŒMŒLLŒŒLŒMÍÍL‹ŽMLMŒM‹ŒÌÍLMŒÎÍÂŒMŒKLLÌËŽNLÍËLM‹ŒŒÍMŒÌKŒÌMŒLBŒMŒ‹LM‹ŒÍÌÌŒŒKLŒÎLÎMLKŒÌKŒÎLŒMMŒMŒËLMMËLLLËLKÍÎLÌÌNKŒÌKÌLLNNÍBŒMŒŽLMËŒLNLÌLKÍËÍNMŒLMKŒÌKŽNŒÌŽÍ‚ŒMŒŽKLMÍKŒLŒMŒËŒLÍMNKŒÌ‹ŒŒÍŒMŽMÂŒMŒÌLNKÍNLŽMËŽLNMÌÍKŒÌ‹ŒŒÌMMBŒMŒÌKLNKŽNLMLL‹Ì‹ŒNMŽÍN‹ŒÌ‹NMLLLŽL‚ŒMŒÌ‹LNÍÌMŒÎM‹ŒMÍNNMÌMŒKŒÌ‹ŽLŽMÍMŒ‚ŒMŒÌËLNKŒÍNLÍŽKËŽNNNMÙKLLËŒÌ‹ÌŒLLNNŒMŒÍLNÍÌMŒÎLM‹ŒMÍNNMÌMŒKŒÌ‹ŽLŽMÍMŒ‚ŒMŒÍKLNKŽNLMLL‹LÌ‹ŒNMŽÍN‹ŒÌ‹NMLLLŽL‚ŒMŒÍ‹LNKÍNLŽMMËŽLNMÌÍKŒÌ‹ŒŒÌMMBŒMŒÍËLMÍKŒLŒMMŒËŒLÍMNKŒÌ‹ŒŒÍŒMŽMÂŒMŒÎLMËŒLNLÌLKMÍËÍNMŒLMKŒÌKŽNŒÌŽÍ‚ŒMŒÎKLMMËLLLËNLKÍÎLÌÌNKŒÌKÌLLNNÍBŒMLM‹ŒÍÌÌŒŒKLLŒÎLÎMLKŒÌKŒÎLŒMMŒMKLLÌËŽNLÍËLLM‹ŒŒÍMŒÌKŒÌMŒLBŒM‹LLŒŒLŒMÍÍLL‹ŽMLMŒM‹ŒÌÍLMŒÎÍÂŒMËLLKŒÎŒŽMKLLÍ‹ÌLÎŒÌLLŒNLŒBŒMNKŒÌÍÍNLMLÌMÌMMËŒÌŒMNMŒ‚ŒMKMÌ‹ŒÍŒLMLÌ‹LMLKŒNÍÍŽKŒŽKŽLŒÎMLÂŒM‹MMÎÌŽLÍËLMM‹ŒÎLMÌLMLKŒŽKÌŒNÍBŒMËLÍ‹ÎMNÎŒÍËLMŒŒLMŒÍÍLÎŒŽKNÌÌMÎŒMLNÎNLÌÍKLMŒ‹ŒŽNÌÍ‹ŒŽKLŒÍ‚ŒMKM‹MÍÍÍÍ™KLMLMŒËŒÌÌMŽMŒŽKÍMLŒMLNÎNLÌÍKLMŒ‹ŒŽNÌÍ‹ŒŽKLŒÍ‚ŒMLKÍ‹ÎMNÎŒÍËLMŒŒLMŒÍÍLÎŒŽKNÌÌMÎŒML‹MÎÌŽLÍËLMM‹ŒÎLMÌLMLKŒŽKÌŒNÍBŒMLËÌ‹ŒÍŒLMLÌ‹LMLKŒNÍÍŽKŒŽKŽLŒÎMLÂŒMMKŒÌÍÍNLMLÌMÌMMËŒÌŒMNMŒ‚ŒMMKLKŒÎŒŽMKLLÍ‹ÌLÎŒÌLLŒNLŒBŒMM‹LŒŒLŒMÍÍLL‹ŽMLMŒM‹ŒÌÍLMŒÎÍÂŒMMËLÌËŽNLÍËLLM‹ŒŒÍMŒÌKŒÌMŒLBŒMNM‹ŒÍÌÌŒŒKLLŒÎLÎMLKŒÌKŒÎLŒMMŒMNKMMËLLLËNLKÍÎLÌÌNKŒÌKÌLLNNÍBŒMŒMËŒLNLÌLKMÍËÍNMŒLMKŒÌKŽNŒÌŽÍ‚ŒMŒKMÍKŒLŒMMŒËŒLÍMNKŒÌ‹ŒŒÍŒMŽMÂŒMŒ‹NKÍNLŽMMËŽLNMÌÍKŒÌ‹ŒŒÌMMBŒMŒËNKŽNLMLL‹LÌ‹ŒNMŽÍN‹ŒÌ‹NMLLLŽL‚ŒMNÍÌMŒÎLM‹ŒMÍNNMÌMŒKŒÌ‹ŽLŽMÍMŒ‚ŒMKNKŒKMËŽŒM‹NŒÌÎÌLÎKM‹ŒŒŒLŒMMMËMËÍŒÎMÂŒMËNKŒLÍŒMLŽKÌ‹ŒŽNMŒŽMËNŒMŽNKŒLMNLËŒÌŽMNLN‹MËLŒŽLMÂŒMŽKMÍŽŒLÍŽKŒËŒÌLÎNMÎN‹MËŒŽNMÌBŒMÌM‹ŽLÍNNMÌËÍËŽMÎÎÍËMËŒŒMÍNBŒMÌKMMËŒÍMMŒŒÎMÍËLKŽÌNMN‹M‹ÌMŒMŒMÌ‹M‹ŒŽLŒŒŽLL‹LŽLMŒÎMKM‹ŒÎÌÎÍLMBŒMÌËLÌËŽNNMNMMKLM‹ŽÎLŒËM‹ŒBŒMÍLŒŒNLŽLÍLËÌLŒNËMKÌŒMBŒMÍKLKŒMMŽMKLÍËŒÌŒNËMKŒÍÌÌÎLMÍ‚ŒMÍ‹KŒŒLNÌŒÎMËMKMŽLÌÌKMKŒŽNMÍBŒMÍËÌ‹ŒŽÎMLÌÍËML‹ŒÍÍÎLLMŽÍNNBŒMÎMŽLÍŒÍÍLŒMËMMËÍÌÌÍŒÌËMNMÍÌÂŒMÎKÍ‹ŽLŒÍÍËMŒKMŽMLÎKMŒÍNLM‚ŒMŽNMMÍÎÎMMŒËŒŒNLLNKMŒÌŒÍÌŒNÌÂŒMŽKKŒMNŒŒÍNYKLMMŒÍÌÎLLËMŒŽBŒMŽ‹LNMMÍÎÎMMŒËŒŒNLLNKMŒÌŒÍÌŒNÌÂŒMŽËLÍ‹ŽLŒÍÍËMŒKMŽMLÎKMŒÍNLM‚ŒMŽMMŽLÍŒÍÍLŒMËMMËÍÌÌÍŒÌËMNMÍÌÂŒMŽKMÌ‹ŒŽÎMLÌÍËML‹ŒÍÍÎLLMŽÍNNBŒMŽ‹NKŒŒLNÌŒÎMËMKMŽLÌÌKMKŒŽNMÍBŒMŽËLLKŒMMŽMKLÍËŒÌŒNËMKŒÍÌÌÎLMÍ‚ŒMŽLLŒŒNLŽLÍLËÌLŒNËMKÌŒMBŒMŽKLLÌËŽNNMNMMKLM‹ŽÎLŒËM‹ŒBŒMŽLLM‹ŒŽLŒŒŽLL‹LŽLMŒÎMKM‹ŒÎÌÎÍLMBŒMŽLKLMMËŒÍMMŒŒÎMÍËLKŽÌNMN‹M‹ÌMŒMŒMŽL‹LM‹ŽLÍNNMÌËÍËŽMÎÎÍËMËŒŒMÍNBŒMŽLËLMÍŽŒLÍŽKŒËŒÌLÎNMÎN‹MËŒŽNMÌBŒMŽMLNKŒLMNLËŒÌŽMNLN‹MËLŒŽLMÂŒMŽMKLNKŒLÍŒMLŽKÌ‹ŒŽNMŒŽMËNŒMŽM‹LNŒÌÎÌLÎKM‹ŒŒŒLŒMMMËMËÍŒÎMÂŒMŽMËLNKŒKŒNLÌÌMMKLLËMËŽŒMŽNLNŒÌÎÌLÎKLM‹ŒŒŒLŒMMMËMËÍŒÎMÂŒMŽNKLNKŒLÍŒMLŽKLÌ‹ŒŽNMŒŽMËNŒMÌLNKŒLMNLËMŒÌŽMNLN‹MËLŒŽLMÂŒMÌKLMÍŽŒLÍŽKMŒËŒÌLÎNMÎN‹MËŒŽNMÌBŒMÌ‹LM‹ŽLÍNNMÌËMÍËŽMÎÎÍËMËŒŒMÍNBŒMÌËLMMËŒÍMMŒŒÎMÍËNLKŽÌNMN‹M‹ÌMŒMŒMÌLM‹ŒŽLŒŒŽLL‹LLŽLMŒÎMKM‹ŒÎÌÎÍLMBŒMÌKLLÌËŽNNMNMMKLLM‹ŽÎLŒËM‹ŒBŒMÌ‹LLŒŒNLŽLÍLLËÌLŒNËMKÌŒMBŒMÌËLLKŒMMŽMKLLÍËŒÌŒNËMKŒÍÌÌÎLMÍ‚ŒMÌNKŒŒLNÌŒÎMËLMKMŽLÌÌKMKŒŽNMÍBŒMÌKMÌ‹ŒŽÎMLÌÍËLML‹ŒÍÍÎLLMŽÍNNBŒMÌLMMŽLÍŒÍÍLŒMËLMMËÍÌÌÍŒÌËMNMÍÌÂŒMÌLKLÍ‹ŽLŒÍÍËLMŒKMŽMLÎKMŒÍNLM‚ŒMÌL‹LNMMÍÎÎMLMŒËŒŒNLLNKMŒÌŒÍÌŒNÌÂŒMÌLËLËÍŒMÍŽKLMLMŒÍÌÎLLËMŒŽBŒMÌMNMMÍÎÎMLMŒËŒŒNLLNKMŒÌŒÍÌŒNÌÂŒMÌMKÍ‹ŽLŒÍÍËLMŒKMŽMLÎKMŒÍNLM‚ŒMÌM‹MŽLÍŒÍÍLŒMËLMMËÍÌÌÍŒÌËMNMÍÌÂŒMÌMËÌ‹ŒŽÎMLÌÍËLML‹ŒÍÍÎLLMŽÍNNBŒMÌNKŒŒLNÌŒÎMËLMKMŽLÌÌKMKŒŽNMÍBŒMÌNKLKŒMMŽMKLLÍËŒÌŒNËMKŒÍÌÌÎLMÍ‚ŒMÌŒLŒŒNLŽLÍLLËÌLŒNËMKÌŒMBŒMÌŒKLÌËŽNNMNMMKLLM‹ŽÎLŒËM‹ŒBŒMÌŒ‹M‹ŒŽLŒŒŽLL‹LLŽLMŒÎMKM‹ŒÎÌÎÍLMBŒMÌŒËMMËŒÍMMŒŒÎMÍËNLKŽÌNMN‹M‹ÌMŒMŒMÌM‹ŽLÍNNMÌËMÍËŽMÎÎÍËMËŒŒMÍNBŒMÌKMÍŽŒLÍŽKMŒËŒÌLÎNMÎN‹MËŒŽNMÌBŒMÌ‹NKŒLMNLËMŒÌŽMNLN‹MËLŒŽLMÂŒMÌËNKŒLÍŒMLŽKLÌ‹ŒŽNMŒŽMËNŒMÌŽNŒÌÎÌLÎKLM‹ŒŒŒLŒMMMËMËÍŒÎMÂ‚OOOOH™YÚ[›š[™È[YHÝ\ÍÈˆŽLHOOOOB‚‚”™Y›Ü›Z[™ÈÝY™›™\ÜÈX]š^ˆ™Y›Ü›X][ÛˆÌB‚ˆBˆ›Û›[™X\ˆÛÛ][ÛˆÝ]\Îˆ[YOHŽLB‚\ÝY™›™\ÜÈ\]\ÈH‚\šYÚ[™ÚYH]˜[X][ÛœÈH‚‚\ÝY™›™\ÜÈX]š^™Y›Ü›X][ÛœÈHB‚\Ý\œ›ÛH[™HÙX\˜ÚHKŒ‚XÛÛ™\™Ù[˜ÙH›Ü›\ÈˆS’UPSÕT”‘S•‘TURT‘Q‚H™\ÚYX[KŒÍMN™JÌŒÌŒMKLˆKŒÍMN™JÌH‚H[™\™ÞH‹ŽÌJÌˆKMÌLNYKLÈ‹ŽÌKLˆ‚H\ÜXÙ[Y[KŒLÍÍ™JÌÈKŒLÍÍ™JÌÈLMÍ™KLHˆ‚ˆ›Û›[™X\ˆÛÛ][ÛˆÝ]\Îˆ[YOHŽLB‚\ÝY™›™\ÜÈ\]\ÈHB‚\šYÚ[™ÚYH]˜[X][ÛœÈHÂ‚\ÝY™›™\ÜÈX]š^™Y›Ü›X][ÛœÈHB‚\Ý\œ›ÛH[™HÙX\˜ÚHKŒ‚XÛÛ™\™Ù[˜ÙH›Ü›\ÈˆS’UPSÕT”‘S•‘TURT‘Q‚H™\ÚYX[KŒÍMN™JÌKŒÍNYKLKŒÍMN™JÌH‚H[™\™ÞH‹ŽÌJÌˆKŽLŒÌYKLH‹ŽÌKLˆ‚H\ÜXÙ[Y[KŒLÍÍ™JÌÈ‹ŒMŒKLHMLÍÍKLH‚˜ÛÛ™\™Ù[˜ÙHÝ[[X\žBˆ[X™\ˆÙˆ]\˜][ÛœÈˆ‚ˆ[X™\ˆÙˆ™Y›Ü›X][ÛœÈˆB‚‹KKKKKKHÛÛ™\™ÙY][YHˆŽLB‚‚‘]H™XÛÜ™ÌBOOOOOOOOOOOOOOOOOOOOOOOOOOOOOOOOOOOOOOOOOOOOOOOOOOOOOOOOOOOOOOOOOOOOOOOOOOB”Ý\HÍÂ•[YHHŽLB‘]HHÚ\Ùš[˜[ØÛÛÜ™[˜]\ÂŒKŒŒMLÌNMËLŒÌKLMËŒNMŒNŒ‹NNŽNLŽLŽËM‹ŒMŽŽNLÎKËŒMÌÌŒÎLBŒËNMKÌLÍLÌÎLKÌ‹ŒMŒÌŒŒNËŒLÌLMLÍÎBNLŒÌŽMŽLKËLLLÌÌŒM‹ËŒŽÍKN‹ŽMMŒLLKŒ‹ŒŒÍMNL‹‹ŽMÍŒMŒM‚‹MÌËÍNMŒÌËÍ‹ŒÍLŽMÌÎK‹ŽÌÍŒLLÌÌ‚ËMŒ‹ŽLMŽLMKŽÍÎMÌNK‹ÍLÌLMÌŒÂŽMLÌMLÌŒKLMÌŽÎL‹‹ŒŽÌMŒÌÂŽKLÍ‹ÎMŒÍÍ‹LLKŒLŒMŒ‹‹LŽLÍÌBŒLLŒKŽMÌNLŒNLÍËLŒŒŽMŽMMMË‹ŒÎÎLÌÍBŒLKL‹ŒŒNL‹LŽŒNNMÎÍK‹ŒNŒÎÎMŒL‹KLÎMLÍŽMÌŒMŒÌÌK‹ŒMŒŽLŒÍÍMŒLËÌ‹MNÍÍŒŽKMÌMŽÍN‹ŒÍÍMÌÍMÌ‚ŒMMÍLŒŽLÌNKMMLNK‹ŒÎÍMMÂŒMKÍ‹ÌLMLŒKMËMNMÍLŒKKŽMLNMMMÍ‚ŒM‹NLÍÍMÌ‹MKLÎMÎKKŽLŒÍLMMÂŒMËŒLŽNÌŒÙKLLËMLŒÎNLKKŽLMÌÍM‚ŒNLNLÍÍMÌ‹MKLÎMÎKKŽLŒÍLMMÂŒNKLÍ‹ÌLMLŒKMËMNMÍLŒKKŽMLNMMMÍNBŒŒMMÍLŒŽLÌNKMMLNK‹ŒÎÍMMÂŒŒKMÌ‹MNÍÍŒŽKMÌMŽÍN‹ŒÍÍMÌÍMÌ‚ŒŒ‹NKLÎMLÍŽMÌŒMŒÌÌK‹ŒMŒŽLŒÍÍMŒŒËLL‹ŒŒNL‹LŽŒNNMÎÍK‹ŒNŒÎÎMŒLLŒKŽMÌNLŒNLÍËLŒŒŽMŽMMMË‹ŒÎÎLÌÍBŒKLLÍ‹ÎMŒÍÍ‹LLKŒLŒMŒ‹‹LŽLÍÌŒ‹LMLÌMLÌŒKLMÌŽÎL‹‹ŒŽÌMŒÌÂŒËLMŒ‹ŽLMŽLMKŽÍÎMÌNK‹ÍLÌLMÌŒÂŒŽLMÌËÍNMŒÌËÍ‹ŒÍLŽMÌÎK‹ŽÌÍŒLLÌÌ‚ŒŽKLN‹ŽMMŒLLKŒ‹ŒŒÍMNL‹‹ŽMÍŒMŒM‚ŒÌLNLŒÌŽMŽLKËLLLÌÌŒM‹ËŒŽÍŒÌKLNMKÌLÍLÌÎLKÌ‹ŒMŒÌŒŒNËŒLÌLMLÍÎBŒÌ‹LNNŽNLŽLŽËM‹ŒMŽŽNLÎKËŒMÌÌŒÎLBŒÌËLŒŒMLÌNMKŒŒŒÍNŒŒMKLL‹ËŒNMŒNŒÍLNNŽNLŽLŽËLM‹ŒMŽŽNLÎKËŒMÌÌŒÎLBŒÍKLNMKÌLÍLÌÎLKLÌ‹ŒMŒÌŒŒNËŒLÌLMLÍÎBŒÍ‹LNLŒÌŽMŽLKMËLLLÌÌŒM‹ËŒŽÍŒÍËLN‹ŽMMŒLLKMŒ‹ŒŒÍMNL‹‹ŽMÍŒMŒM‚ŒÎLMÌËÍNMŒÌËMÍ‹ŒÍLŽMÌÎK‹ŽÌÍŒLLÌÌ‚ŒÎKLMŒ‹ŽLMŽLMKNŽÍÎMÌNK‹ÍLÌLMÌŒÂLMLÌMLÌŒKLLMÌŽÎL‹‹ŒŽÌMŒÌÂKLLÍ‹ÎMŒÍÍ‹LLLKŒLŒMŒ‹‹LŽLÍÌ‹LLŒKŽMÌNLŒNLÍËLLŒŒŽMŽMMMË‹ŒÎÎLÌÍBËLL‹ŒŒNL‹LLŽŒNNMÎÍK‹ŒNŒÎÎMNKLÎMLLÍŽMÌŒMŒÌÌK‹ŒMŒŽLŒÍÍMKMÌ‹MNÍÍŒŽKLMÌMŽÍN‹ŒÍÍMÌÍMÌ‚‹MMÍLŒŽLÌNKLMMLNK‹ŒÎÍMMÂËLÍ‹ÌLMLŒKLMËMNMÍLŒKKŽMLNMMMÍNBLNLÍÍMÌ‹LMKLÎMÎKKŽLŒÍLMMÂKM‹ŽMMNŒ™KLLËLMLŒÎNLKKŽLMÌÍM‚LNLÍÍMÌ‹LMKLÎMÎKKŽLŒÍLMMÂLKÍ‹ÌLMLŒKLMËMNMÍLŒKKŽMLNMMMÍNBL‹MÍLŒŽLÌNKLMMLNK‹ŒÎÍMMÂLËÌ‹MNÍÍŒŽKLMÌMŽÍN‹ŒÍÍMÌÍMÌ‚MKLÎMLLÍŽMÌŒMŒÌÌK‹ŒMŒŽLŒÍÍMMKL‹ŒŒNL‹LLŽŒNNMÎÍK‹ŒNŒÎÎMM‹LŒKŽMÌNLŒNLÍËLLŒŒŽMŽMMMË‹ŒÎÎLÌÍBMËLÍ‹ÎMŒÍÍ‹LLLKŒLŒMŒ‹‹LŽLÍÌNMLÌMLÌŒKLLMÌŽÎL‹‹ŒŽÌMŒÌÂNKMŒ‹ŽLMŽLMKNŽÍÎMÌNK‹ÍLÌLMÌŒÂŒMÌËÍNMŒÌËMÍ‹ŒÍLŽMÌÎK‹ŽÌÍŒLLÌÌ‚ŒKN‹ŽMMŒLLKMŒ‹ŒŒÍMNL‹‹ŽMÍŒMŒM‚Œ‹NLŒÌŽMŽLKMËLLLÌÌŒM‹ËŒŽÍŒËNMKÌLÍLÌÎLKLÌ‹ŒMŒÌŒŒNËŒLÌLMLÍÎBNNŽNLŽLŽËLM‹ŒMŽŽNLÎKËŒMÌÌŒÎLBKNNKÍÎMNÌÍMËMMÌLŽÌYKLMÌ‹ŒNNLÌLÎNB‹NNŽÌÍKM‹ŒMÍÍÍÌKÌ‹ŒMÌLÌŒŒÂËNMKNLÌÍÌ‹ŒÍMÍÍÌ‹ŒLÌLLÍŒ‚ŽNLŒNLNMŒKËLŒLMÎÎLKÌ‹ŒLŒÎLÂŽKN‹ÌMNNNŒ‹ŒNLÎLLÌËÌKŽMÍŒŒÎŽN‚ÌMÌËLÍŽNLŽÍ‹ŒLŒŒLŒŽMËÌKŽÌÌŒBÌKMŒ‹ŽŒÍŽËŽMŒÌLMŒMKÌKÍLŽNLLNBÌ‹MLŒÌÎMŒKLŽMÌŒÎÌKŒŽLLÎMÂÌËLÍ‹ŽŽNMËLLKŒŒÎMŒÌŒMKÌKLMŽNÍNLÂÍLŒKŽLNLLLËLŒNÍMÍÌKŒÍÎMÌMNLMÂÍKL‹ŒMNMMÎL‹LŽLLLLNKÌKŒŒÌNMLBÍ‹KŒŒŒŽMÌÍLÍKŒŽÎLNÌKŒMNMNLÌÌÌ‚ÍËÌ‹LÌÍMÎKMÍŽLLÍ‹ÌKŒÌÌMÌÂÎMÍNÎNLMÎMKŒNNÌËÌŽNNÍLMMÍÎKÍ‹ÌŽŒL‹MŒLÍÌMÌÌËÌŽMŒLÍBŽNLÌÌÌÌÍŒ‹MKŽÌŒÎML‹ÌŽLMÌNLBŽKŒLNNYKLLËMLÍLLÌMÌŽLÍLŒÌL‚Ž‹LNLÌÌÌÌÍŒ‹MKŽÌŒÎML‹ÌŽLMÌNLBŽËLÍ‹ÌŽŒL‹MŒLÍÌMÌÌËÌŽMŒLÍBŽMMÍNÎNLMÎMKŒNNÌËÌŽNNÍLMMÍŽKMÌ‹LÌÍMÎKMÍŽLLÍ‹ÌKŒÌÌMÌÂŽ‹NKŒŒŒŽMÌÍLÍKŒŽÎLNÌKŒMNMNLÌÌÌ‚ŽËLL‹ŒMNMMÎL‹LŽLLLLNKÌKŒŒÌNMLBŽLLŒKŽLNLLLËLŒNÍMÍÌKŒÍÎMÌMNLMÂŽKLLÍ‹ŽŽNMËLLKŒŒÎMŒÌŒMKÌKLMŽNÍNLÂŽLLMLŒÌÎMŒKLŽMÌŒÎÌKŒŽLLÎMÂŽLKLMŒ‹ŽŒÍŽËŽMŒÌLMŒMKÌKÍLŽNLLNBŽL‹LMÌËLÍŽNLŽÍ‹ŒLŒŒLŒŽMËÌKŽÌÌŒBŽLËLN‹ÌMNNNŒ‹ŒNLÎLLÌËÌKŽMÍŒŒÎŽN‚ŽMLNLŒNLNMŒKËLŒLMÎÎLKÌ‹ŒLŒÎLÂŽMKLNMKNLÌÍÌ‹ŒÍMÍÍÌ‹ŒLÌLLÍŒ‚ŽM‹LNNŽÌÍKM‹ŒMÍÍÍÌKÌ‹ŒMÌLÌŒŒÂŽMËLNNKÍÎMNÌÍMKŒLLŒM™KLL‹Ì‹ŒNNLÌLÎNBŽNLNNŽÌÍKLM‹ŒMÍÍÍÌKÌ‹ŒMÌLÌŒŒÂŽNKLNMKNLÌÍLÌ‹ŒÍMÍÍÌ‹ŒLÌLLÍŒ‚ŒLLNLŒNLNMŒKMËLŒLMÎÎLKÌ‹ŒLŒÎLÂŒLKLN‹ÌMNNNMŒ‹ŒNLÎLLÌËÌKŽMÍŒŒÎŽN‚ŒL‹LMÌËLÍŽNLŽMÍ‹ŒLŒŒLŒŽMËÌKŽÌÌŒBŒLËLMŒ‹ŽŒÍŽËNŽMŒÌLMŒMKÌKÍLŽNLLNBŒLLMLŒÌÎMŒKLLŽMÌŒÎÌKŒŽLLÎMÂŒLKLLÍ‹ŽŽNMËLLLKŒŒÎMŒÌŒMKÌKLMŽNÍNLÂŒL‹LLŒKŽLNLLLËLLŒNÍMÍÌKŒÍÎMÌMNLMÂŒLËLL‹ŒMNMMÎL‹LLŽLLLLNKÌKŒŒÌNMLBŒLNKŒŒŒŽMÌÍLLÍKŒŽÎLNÌKŒMNMNLÌÌÌ‚ŒLKMÌ‹LÌÍMÎKLMÍŽLLÍ‹ÌKŒÌÌMÌÂŒLLMMÍNÎNLMÎLMKŒNNÌËÌŽNNÍLMMÍŒLLKLÍ‹ÌŽŒL‹LMŒLÍÌMÌÌËÌŽMŒLÍBŒLL‹LNLÌÌÌÌÍŒ‹LMKŽÌŒÎML‹ÌŽLMÌNLBŒLLËM‹ŒÌLNNMLNKLLËLMLÍLLÌMÌŽLÍLŒÌL‚ŒLMNLÌÌÌÌÍŒ‹LMKŽÌŒÎML‹ÌŽLMÌNLBŒLMKÍ‹ÌŽŒL‹LMŒLÍÌMÌÌËÌŽMŒLÍBŒLM‹MÍNÎNLMÎLMKŒNNÌËÌŽNNÍLMMÍŒLMËÌ‹LÌÍMÎKLMÍŽLLÍ‹ÌKŒÌÌMÌÂŒLNKŒŒŒŽMÌÍLLÍKŒŽÎLNÌKŒMNMNLÌÌÌ‚ŒLNKL‹ŒMNMMÎL‹LLŽLLLLNKÌKŒŒÌNMLBŒLŒLŒKŽLNLLLËLLŒNÍMÍÌKŒÍÎMÌMNLMÂŒLŒKLÍ‹ŽŽNMËLLLKŒŒÎMŒÌŒMKÌKLMŽNÍNLÂŒLŒ‹MLŒÌÎMŒKLLŽMÌŒÎÌKŒŽLLÎMÂŒLŒËMŒ‹ŽŒÍŽËNŽMŒÌLMŒMKÌKÍLŽNLLNBŒLMÌËLÍŽNLŽMÍ‹ŒLŒŒLŒŽMËÌKŽÌÌŒBŒLKN‹ÌMNNNMŒ‹ŒNLÎLLÌËÌKŽMÍŒŒÎŽN‚ŒL‹NLŒNLNMŒKMËLŒLMÎÎLKÌ‹ŒLŒÎLÂŒLËNMKNLÌÍLÌ‹ŒÍMÍÍÌ‹ŒLÌLLÍŒ‚ŒLŽNNŽÌÍKLM‹ŒMÍÍÍÌKÌ‹ŒMÌLÌŒŒÂŒLŽKNNKŽNMŒNMËËLMMŒNMŽYKLMMËŒNÌNML‚ŒLÌNNŒÍÎŽMM‹ŒMÍLNMÍKMËŒMÌÌLÎMÍ‚ŒLÌKNMKŒLŽMLÌLNKÌ‹ŒLŒLNMËMËŒLÌMÌMMŽŒLÌ‹NKÎLŽÍËLÌL‹MËŒLLŒŒMŽBŒLÌËN‹ÎMÌMŽŒ‹ŒŽÍŒNŒÎM‹ŽMÍÌÎŽLÂŒLÍMÌËŒÌÌŽMKÍ‹ŒMŽÌÌLÍŒKM‹ŽÌNMÎŽBŒLÍKMŒ‹LMŒÎMLÎKŒL‹M‹ÍLŽÎÌŒLÍ‹MLŒŒÍNLÎKLÎNÎMŒÎLËM‹ŒÍŽMÍBŒLÍËLÍ‹NŽŒŽLLKŒÍŒÌÎNÌ‹M‹LMÌÎMÌÂŒLÎLŒKŽÌŒLŒÌÍLŒŽLLŒŽNM‹ŒÍÍÎŽÂŒLÎKL‹ŒLMÌLŒËLŽÍNÌÍÌÍM‹ŒŒMNMÂŒMKNMMŒÌÍLMŒËLÍKMŒÍÍŽMŽKM‹ŒMMNLÍMÍŒMKÌ‹ÍŒLÌÍŒMKŒLŒLŒM‹M‹ŒŒŽÍÎŒM‹MÍLÎLÎNMKŒÎLÌMNÌÍËMKŽNLÍMŽNLŒÍ‚ŒMËÍ‹ÌMŒLLŒ‹MÌŒM‹MKŽMŽÂŒMNLÌÌÍÌÍMLŒÌÎMŒKMKŽLÎNLÍ‚ŒMKËÍÍÍNLMNMÌYKLLËMLŽNMŒNNMKŽMÌNMLÎNBŒM‹LNLÌÌÍÌÍMLŒÌÎMŒKMKŽLÎNLÍ‚ŒMËLÍ‹ÌMŒLLŒ‹MÌŒM‹MKŽMŽÂŒMMMÍLÎLÎNMKŒÎLÌMNÌÍËMKŽNLÍMŽNLŒÍ‚ŒMKMÌ‹ÍŒLÌÍŒMKŒLŒLŒM‹M‹ŒŒŽÍÎŒMLNKNMMŒÌÍLMŒËLÍKMŒÍÍŽMŽKM‹ŒMMNLÍMÍŒMLKLL‹ŒLMÌLŒËLŽÍNÌÍÌÍM‹ŒŒMNMÂŒML‹LLŒKŽÌŒLŒÌÍLŒŽLLŒŽNM‹ŒÍÍÎŽÂŒMLËLLÍ‹NŽŒŽLLKŒÍŒÌÎNÌ‹M‹LMÌÎMÌÂŒMMLMLŒŒÍNLÎKLÎNÎMŒÎLËM‹ŒÍŽMÍBŒMMKLMŒ‹LMŒÎMLÎKŒL‹M‹ÍLŽÎÌŒMM‹LMÌËŒÌÌŽMKÍ‹ŒMŽÌÌLÍŒKM‹ŽÌNMÎŽBŒMMËLN‹ÎMÌMŽŒ‹ŒŽÍŒNŒÎM‹ŽMÍÌÎŽLÂŒMNLNKÎLŽÍËLÌL‹MËŒLLŒŒMŽBŒMNKLNMKŒLŽMLÌLNKÌ‹ŒLŒLNMËMËŒLÌMÌMMŽŒMŒLNNŒÍÎŽMM‹ŒMÍLNMÍKMËŒMÌÌLÎMÍ‚ŒMŒKLNNKŽNMŒNMËKŒLNMNLÍYKLL‹MËŒNÌNML‚ŒMŒ‹LNNŒÍÎŽMLM‹ŒMÍLNMÍKMËŒMÌÌLÎMÍ‚ŒMŒËLNMKŒLŽMLÌLNKLÌ‹ŒLŒLNMËMËŒLÌMÌMMŽŒMLNKÎLŽÍMËLÌL‹MËŒLLŒŒMŽBŒMKLN‹ÎMÌMŽMŒ‹ŒŽÍŒNŒÎM‹ŽMÍÌÎŽLÂŒM‹LMÌËŒÌÌŽMKMÍ‹ŒMŽÌÌLÍŒKM‹ŽÌNMÎŽBŒMËLMŒ‹LMŒÎMLÎNKŒL‹M‹ÍLŽÎÌŒMŽLMLŒŒÍNLÎKLLÎNÎMŒÎLËM‹ŒÍŽMÍBŒMŽKLLÍ‹NŽŒŽLLLKŒÍŒÌÎNÌ‹M‹LMÌÎMÌÂŒMÌLLŒKŽÌŒLŒÌÍLLŒŽLLŒŽNM‹ŒÍÍÎŽÂŒMÌKLL‹ŒLMÌLŒËLLŽÍNÌÍÌÍM‹ŒŒMNMÂŒMÌ‹NKNMMŒÌÍLMŒËLLÍKMŒÍÍŽMŽKM‹ŒMMNLÍMÍŒMÌËMÌ‹ÍŒLÌÍŒLMKŒLŒLŒM‹M‹ŒŒŽÍÎŒMÍMMÍLÎLÎNLMKŒÎLÌMNÌÍËMKŽNLÍMŽNLŒÍ‚ŒMÍKLÍ‹ÌMŒLLŒ‹LMÌŒM‹MKŽMŽÂŒMÍ‹LNLÌÌÍÌÍLMLŒÌÎMŒKMKŽLÎNLÍ‚ŒMÍËM‹ŒLÌNŽMÙKLLËLMLŽNMŒNNMKŽMÌNMLÎNBŒMÎNLÌÌÍÌÍLMLŒÌÎMŒKMKŽLÎNLÍ‚ŒMÎKÍ‹ÌMŒLLŒ‹LMÌŒM‹MKŽMŽÂŒNMÍLÎLÎNLMKŒÎLÌMNÌÍËMKŽNLÍMŽNLŒÍ‚ŒNKÌ‹ÍŒLÌÍŒLMKŒLŒLŒM‹M‹ŒŒŽÍÎŒN‹KNMMŒÌÍLMŒËLLÍKMŒÍÍŽMŽKM‹ŒMMNLÍMÍŒNËL‹ŒLMÌLŒËLLŽÍNÌÍÌÍM‹ŒŒMNMÂŒNLŒKŽÌŒLŒÌÍLLŒŽLLŒŽNM‹ŒÍÍÎŽÂŒNKLÍ‹NŽŒŽLLLKŒÍŒÌÎNÌ‹M‹LMÌÎMÌÂŒN‹MLŒŒÍNLÎKLLÎNÎMŒÎLËM‹ŒÍŽMÍBŒNËMŒ‹LMŒÎMLÎNKŒL‹M‹ÍLŽÎÌŒNMÌËŒÌÌŽMKMÍ‹ŒMŽÌÌLÍŒKM‹ŽÌNMÎŽBŒNKN‹ÎMÌMŽMŒ‹ŒŽÍŒNŒÎM‹ŽMÍÌÎŽLÂŒNLNKÎLŽÍMËLÌL‹MËŒLLŒŒMŽBŒNLKNMKŒLŽMLÌLNKLÌ‹ŒLŒLNMËMËŒLÌMÌMMŽŒNL‹NNŒÍÎŽMLM‹ŒMÍLNMÍKMËŒMÌÌLÎMÍ‚ŒNLËNNKŒMŒÎÍ‹ËMŒÌMLŽÙKLM‹ŒNÎNÌBŒNMNNŒÍÎÍŽŽM‹ŒMÌMNMÍNK‹ŒMÍÌLÍÍÂŒNMKNMŽÍŒMÌ‹ŒLLNŽÍ‹‹ŒLÌÌÍBŒNM‹NKLÌÌŒKËMŒLŒLMË‹ŒLŽÎMNŒNMËN‹ŒŒLÌËŒ‹ŒÌŽMLKKŽMÍÎMŒŽÌM‚ŒNNMÌËŒLÌÍMLÍMÍ‹ŒŒLÍNLLKKŽÌNLLŒŽŒNNKMŒ‹ŒÍLŽNŽËKŒLMÌŒLËKÍLÌÌŒÎLLŒBŒŒMLŒÎLÍLMLKLŽLNLNÍMËKŒÍLLMMBŒŒKLÍ‹LLŒŽŽKLLKLMŒMNNKKNMÌÌMBŒŒ‹LŒKÍLNKLŒŽMŒKKŒÍÍLŽMNŒŒËL‹ŒÌLŒLÌËLŽKŒMLÌMKKŒMÍÌÌÍBŒŒKMÌŒMLNKLÍKŽLNMŽKKŒMLŒLÍLBŒŒKÌ‹MLLÎMŽKMKÌÌŒÎKKŒŒLMÌŒŒLÂŒŒ‹MÍÎMÍŒKMKÍMLŽLÎLKŽNÎLLÎMŒŒËÍ‹ÌMNLŒÍMŽÍMÌ‹ŽLÍÍNLÍÂŒŒNLÍŒMÌÎMLÍÍÍÌÌËŽLLMÌÍÂŒŒKËLMÍÌÌÍMŒÌÙKLLËMLKŒŽLLÍÌNL‹ŽLŒBŒŒLLNLÍŒMÌÎMLÍÍÍÌÌËŽLLMÌÍÂŒŒLKLÍ‹ÌMNLŒÍMŽÍMÌ‹ŽLÍÍNLÍÂŒŒL‹MMÍÎMÍŒKMKÍMLŽLÎLKŽNÎLLÎMŒŒLËMÌ‹MLLÎMŽKMKÌÌŒÎKKŒŒLMÌŒŒLÂŒŒMNKMÌŒMLNKLÍKŽLNMŽKKŒMLŒLÍLBŒŒMKLL‹ŒÌLŒLÌËLŽKŒMLÌMKKŒMÍÌÌÍBŒŒM‹LLŒKÍLNKLŒŽMŒKKŒÍÍLŽMNŒŒMËLLÍ‹LLŒŽŽKLLKLMŒMNNKKNMÌÌMBŒŒNLMLŒÎLÍLMLKLŽLNLNÍMËKŒÍLLMMBŒŒNKLMŒ‹ŒÍLŽNŽËKŒLMÌŒLËKÍLÌÌŒÎLLŒBŒŒŒLMÌËŒLÌÍMLÍMÍ‹ŒŒLÍNLLKKŽÌNLLŒŽŒŒŒKLN‹ŒŒLÌËŒ‹ŒÌŽMLKKŽMÍÎMŒŽÌM‚ŒŒŒ‹LNKLÌÌŒKËMŒLŒLMË‹ŒLŽÎMNŒŒŒËLNMŽÍŒMÌ‹ŒLLNŽÍ‹‹ŒLÌÌÍBŒŒLNNŒÍÎÍŽŽM‹ŒMÌMNMÍNK‹ŒMÍÌLÍÍÂŒŒKLNNKŒMŒÎÍ‹KŒMNÎLÍÎÙKLL‹‹ŒNÎNÌBŒŒ‹LNNŒÍÎÍŽŽLM‹ŒMÌMNMÍNK‹ŒMÍÌLÍÍÂŒŒËLNMŽÍŒMLÌ‹ŒLLNŽÍ‹‹ŒLÌÌÍBŒŒŽLNKLÌÌŒKMËMŒLŒLMË‹ŒLŽÎMNŒŒŽKLN‹ŒŒLÌËMŒ‹ŒÌŽMLKKŽMÍÎMŒŽÌM‚ŒŒÌLMÌËŒLÌÍMLÍMMÍ‹ŒŒLÍNLLKKŽÌNLLŒŽŒŒÌKLMŒ‹ŒÍLŽNŽËNKŒLMÌŒL‹KÍLÌÌŒÎLLŒBŒŒÌ‹LMLŒÎLÍLMLKLLŽLNLNÍMËKŒÍLLMMBŒŒÌËLLÍ‹LLŒŽŽKLLLKLMŒMNNKKNMÌÌMBŒŒÍLLŒKÍLNKLLŒŽMŒKKŒÍÍLŽMNŒŒÍKLL‹ŒÌLŒLÌËLLŽKŒMLÌMKKŒMÍÌÌÍBŒŒÍ‹NKMÌŒMLNKLLÍKŽLNMŽKKŒMLŒLÍLBŒŒÍËMÌ‹MLLÎMŽKLMKÌÌŒÎKKŒŒLMÌŒŒLÂŒŒÎMMÍÎMÍŒKLMKÍMLŽLÎLKŽNÎLLÎMŒŒÎKLÍ‹ÌMNLŒÍLMŽÍMÌ‹ŽLÍÍNLÍÂŒLNLÍŒMÌÎLMLÍÍÍÌÌËŽLLMÌÍÂŒKMKŽMMLÌÌMNYKLLËLMLKŒŽLLÍÌNL‹ŽLŒBŒ‹NLÍŒMÌÎLMLÍÍÍÌÌËŽLLMÌÍÂŒËÍ‹ÌMNLŒÍLMŽÍMÌ‹ŽLÍÍNLÍÂŒMÍÎMÍŒKLMKÍMLŽLÎLKŽNÎLLÎMŒKÌ‹MLLÎMŽKLMKÌÌŒÎKKŒŒLMÌŒŒLÂŒ‹KMÌŒMLNKLLÍKŽLNMŽKKŒMLŒLÍLBŒËL‹ŒÌLŒLÌËLLŽKŒMLÌMKKŒMÍÌÌÍBŒLŒKÍLNKLLŒŽMŒKKŒÍÍLŽMNŒKLÍ‹LLŒŽŽKLLLKLMŒMNNKKNMÌÌMBŒLMLŒÎLÍLMLKLLŽLNLNÍMËKŒÍLLMMBŒLKMŒ‹ŒÍLŽNŽËNKŒLMÌŒLËKÍLÌÌŒÎLLŒBŒL‹MÌËŒLÌÍMLÍMMÍ‹ŒŒLÍNLLKKŽÌNLLŒŽŒLËN‹ŒŒLÌËMŒ‹ŒÌŽMLKKŽMÍÎMŒŽÌM‚ŒMNKLÌÌŒKMËMŒLŒLMË‹ŒLŽÎMNŒMKNMŽÍŒMLÌ‹ŒLLNŽÍ‹‹ŒLÌÌÍBŒM‹NNŒÍÎÍŽŽLM‹ŒMÌMNMÍNK‹ŒMÍÌLÍÍÂŒMËNNŽŒMŽLKËŒLŽLNLŒÌ™KLMLËŒNLNŒŒNNMËÍÎNLÌMÎM‹ŒMÌŒÌL‹LËŒMÍÍÍÍŽLÂŒNKNMMŒÌMKÌ‹ŒLÌËLËŒLÍŒLÌLLBŒŒNKŒŽNMŽKËMLNLNLËLËŒŽLMLMŒŒKN‹ŒMŒLÍ‹Œ‹ŒÌŽMÍÎMŒMÍKL‹ŽNŒŒN‚ŒŒ‹MÌ‹ŽLÍLMÍKÍ‹ŒMÎÌŒŒ‹L‹ŽÌÍŒŒMŽŒŒËMŒ‹ŒNLMLÍŽM‹KŒNLMNLLML‹ÍMÍLÍÂŒMKŽMLÎMMÍ‹LKŒNLLMÍŒŒËL‹ŒÍLLÎBŒKLÍ‹ŒÎMÌÎNËLLKŒŽÍËL‹NMŒLÂŒ‹LŒKŽNLŒÎËLŒKŒÍŒLÎKL‹ŒÍÌŽÍÍÌ‚ŒËL‹ŒŽÌMLŽKŒŽMŽL‹L‹ŒMŽMMÂŒŽKMMŒŒŒÍNLÍ‹ŒLÌÎNNL‹ŒMÍLMÍÍBŒŽKÌ‹ŽNKMKÍLÎLKL‹ŒMMLMLNŒÌMÍÍŒM‹ŒLLŒÌLNMÌKLKŽNLNÎŒÌKÍ‹ÌÎNŽM‹MKŒŒMÍÌM‹LKŽLŒÍÍÎMÂŒÌ‹NMMNM‹MLKŒÍMMŒŽMŒKLKŽLÌÌŽLÌÂŒÌËËŒMÌÎMŒŒM™KLLËMLKŽMÍLÎKLKŽŒLÌÎÂŒÍLNMMNM‹MLKŒÍMMŒŽMŒKLKŽLÌÌŽLÌÂŒÍKLÍ‹ÌÎNŽM‹MKŒŒMÍÌM‹LKŽLŒÍÍÎMÂŒÍ‹MMÍÍŒM‹ŒLLŒÌLNMÌKLKŽNLNÎŒÍËMÌ‹ŽNKMKÍLÎLKL‹ŒMMLMLNŒÎNKMMŒŒŒÍNLÍ‹ŒLÌÎNNL‹ŒMÍLMÍÍBŒÎKLL‹ŒŽÌMLŽKŒŽMŽL‹L‹ŒMŽMMÂŒŽLLŒKŽNLŒÎËLŒKŒÍŒLÎKL‹ŒÍÌŽÍÍÌ‚ŒŽKLLÍ‹ŒÎMÌÎNËLLKŒŽÍËL‹NMŒLÂŒŽ‹LMKŽMLÎMMÍ‹LKŒNLLMÍŒŒËL‹ŒÍLLÎBŒŽËLMŒ‹ŒNLMLÍŽM‹KŒNLMNLLML‹ÍMÍLÍÂŒŽLMÌ‹ŽLÍLMÍKÍ‹ŒMÎÌŒŒ‹L‹ŽÌÍŒŒMŽŒŽKLN‹ŒMŒLÍ‹Œ‹ŒÌŽMÍÎMŒMÍKL‹ŽNŒŒN‚ŒŽ‹LNKŒŽNMŽKËMLNLNLËLËŒŽLMLMŒŽËLNMMŒÌMKÌ‹ŒLÌËLËŒLÍŒLÌLLBŒŽLNMËÍÎNLÌMÎM‹ŒMÌŒÌL‹LËŒMÍÍÍÍŽLÂŒŽKLNNŽŒMŽLKKŒMÍLNLLÍKLL‹LËŒNLNŒŒŽLLNMËÍÎNLÌMÎLM‹ŒMÌŒÌL‹LËŒMÍÍÍÍŽLÂŒŽLKLNMMŒÌMKLÌ‹ŒLÌËLËŒLÍŒLÌLLBŒŽL‹LNKŒŽNMŽKMËMLNLNLËLËŒŽLMLMŒŽLËLN‹ŒMŒLÍ‹MŒ‹ŒÌŽMÍÎMŒMÍKL‹ŽNŒŒN‚ŒŽMLMÌ‹ŽLÍLMÍKMÍ‹ŒMÎÌŒŒ‹L‹ŽÌÍŒŒMŽŒŽMKLMŒ‹ŒNLMLÍŽM‹NKŒNLMNLLML‹ÍMÍLÍÂŒŽM‹LMKŽMLÎMMÍ‹LLKŒNLLMÍŒŒËL‹ŒÍLLÎBŒŽMËLLÍ‹ŒÎMÌÎNËLLLKŒŽÍËL‹NMŒLÂŒŽNLLŒKŽNLŒÎËLLŒKŒÍŒLÎKL‹ŒÍÌŽÍÍÌ‚ŒŽNKLL‹ŒŽÌMLLŽKŒŽMŽL‹L‹ŒMŽMMÂŒÌNKMMŒŒŒÍNLLÍ‹ŒLÌÎNNL‹ŒMÍLMÍÍBŒÌKMÌ‹ŽNKLMKÍLÎLKL‹ŒMMLMLNŒÌ‹MMÍÍŒLM‹ŒLLŒÌLNMÌKLKŽNLNÎŒÌËLÍ‹ÌÎNŽM‹LMKŒŒMÍÌM‹LKŽLŒÍÍÎMÂŒÌLNMMNM‹LMLKŒÍMMŒŽMŒKLKŽLÌÌŽLÌÂŒÌKMKÍŒÎLŽYKLLËLMLKŽMÍLÎKLKŽŒLÌÎÂŒÌ‹NMMNM‹LMLKŒÍMMŒŽMŒKLKŽLÌÌŽLÌÂŒÌËÍ‹ÌÎNŽM‹LMKŒŒMÍÌM‹LKŽLŒÍÍÎMÂŒÌMÍÍŒLM‹ŒLLŒÌLNMÌKLKŽNLNÎŒÌKÌ‹ŽNKLMKÍLÎLKL‹ŒMMLMLNŒÌLKMMŒŒŒÍNLLÍ‹ŒLÌÎNNL‹ŒMÍLMÍÍBŒÌLKL‹ŒŽÌMLLŽKŒŽMŽL‹L‹ŒMŽMMÂŒÌL‹LŒKŽNLŒÎËLLŒKŒÍŒLÎKL‹ŒÍÌŽÍÍÌ‚ŒÌLËLÍ‹ŒÎMÌÎNËLLLKŒŽÍËL‹NMŒLÂŒÌMMKŽMLÎMMÍ‹LLKŒNLLMÍŒŒËL‹ŒÍLLÎBŒÌMKMŒ‹ŒNLMLÍŽM‹NKŒNLMNLLML‹ÍMÍLÍÂŒÌM‹MÌ‹ŽLÍLMÍKMÍ‹ŒMÎÌŒŒ‹L‹ŽÌÍŒŒMŽŒÌMËN‹ŒMŒLÍ‹MŒ‹ŒÌŽMÍÎMŒMÍKL‹ŽNŒŒN‚ŒÌNNKŒŽNMŽKMËMLNLNLËLËŒŽLMLMŒÌNKNMMŒÌMKLÌ‹ŒLÌËLËŒLÍŒLÌLLBŒÌŒNMËÍÎNLÌMÎLM‹ŒMÌŒÌL‹LËŒMÍÍÍÍŽLÂŒÌŒKNNMŒŒÎLÎ‹ŒMÍNÌMN™KLMLÌ‹ŒNMŽŒÍÂŒÌŒ‹NMËÌŒŒËM‹ŒMŒNLLÌMLÌ‹ŒNÌÌNŒÌŒËNMŒÎNLÍŒËÌ‹ŒMÎMLKLÌ‹ŒMÍÎM‚ŒÌNKŒLMNLŒËMMÍÎNËLÌ‹ŒÌÌÎLÂŒÌKNKÎÌLÌL‹Œ‹ŒÍLŒNLKLÌKŽNÎNBŒÌ‹MÌ‹ÍLÌŒLKÍ‹ŒÌLNMÎLÌKŽÍŒÎNÍ‚ŒÌËMŒ‹ŒÌMMÌKKŒŒŒMŒKLÌKÍMŒÍÍŒÌŽMKŽÌÍÍL‹LKŒLŒNMKLÌKŒŽMÌLÂŒÌŽKLÍ‹ŒÌÎŽLŽLLKŽMÎLÌKLÌKMÎMMMM‚ŒÌÌLŒKŒÍMŒ‹LŒKŒÍMÌŒÌËLÌKŒÍÌLŒÌÂŒÌÌKLKŽNLÌŒMLŽKÎMNÌ‹LÌKŒLLÍÂŒÌÌ‹KLŒMLLMMKLÍ‹LŽLŽÍKLÌKŒMŒLÍMÍŒÌÌËÌ‹ŒÎLLŒÎNMMËM‹ŒÌÌŽL‹LÌKŒÌMÌÌŽBŒÌÍMÌÎMŒÍLÌLKM‹ÍŒŒÍKLÌŽMÌÌŒÍLÂŒÌÍKÍ‹ÌÍŒÌÍŒLKMKNMÎM‹LÌŽLMÍÍÌŒM‚ŒÌÍ‹NMNMMLÍMLKŽLLÌŽÎŒBŒÌÍË‹ŽNMMÍŽÙKLLËML‹ŒLŽLNLÌŽÌÌŽLŒBŒÌÎLNMNMMLÍMLKŽLLÌŽÎŒBŒÌÎKLÍ‹ÌÍŒÌÍŒLKMKNMÎM‹LÌŽLMÍÍÌŒM‚ŒÍMMÌÎMŒÍLÌLKM‹ÍŒŒÍKLÌŽMÌÌŒÍLÂŒÍKMÌ‹ŒÎLLŒÎNMMËM‹ŒÌÌŽL‹LÌKŒÌMÌÌŽBŒÍ‹NKLŒMLLMMKLÍ‹LŽLŽÍKLÌKŒMŒLÍMÍŒÍËLLKŽNLÌŒMLŽKÎMNÌ‹LÌKŒLLÍÂŒÍLLŒKŒÍMŒ‹LŒKŒÍMÌŒÌËLÌKŒÍÌLŒÌÂŒÍKLLÍ‹ŒÌÎŽLŽLLKŽMÎLÌKLÌKMÎMMMM‚ŒÍ‹LMKŽÌÍÍL‹LKŒLŒNMKLÌKŒŽMÌLÂŒÍËLMŒ‹ŒÌMMÌKKŒŒŒMŒKLÌKÍMŒÍÍŒÍLMÌ‹ÍLÌŒLKÍ‹ŒÌLNMÎLÌKŽÍŒÎNÍ‚ŒÍKLNKÎÌLÌL‹Œ‹ŒÍLŒNLKLÌKŽNÎNBŒÍLLNKŒLMNLŒËMMÍÎNËLÌ‹ŒÌÌÎLÂŒÍLKLNMŒÎNLÍŒËÌ‹ŒMÎMLKLÌ‹ŒMÍÎM‚ŒÍL‹LNMËÌŒŒËM‹ŒMŒNLLÌMKLÌ‹ŒNÌÌNŒÍLËLNNMŒŒÎLÎKŒŒNLLŒÍÙKLL‹LÌ‹ŒNMŽŒÍÂŒÍMLNMËÌŒŒËLM‹ŒMŒNLLÌMLÌ‹ŒNÌÌNŒÍMKLNMŒÎNLÍŒËLÌ‹ŒMÎMLKLÌ‹ŒMÍÎM‚ŒÍM‹LNKŒLMNLŒMËMMÍÎNËLÌ‹ŒÌÌÎLÂŒÍMËLNKÎÌLÌL‹MŒ‹ŒÍLŒNLKLÌKŽNÎNBŒÍNLMÌ‹ÍLÌŒLKMÍ‹ŒÌLNMÎLÌKŽÍŒÎNÍ‚ŒÍNKLMŒ‹ŒÌMMÌKNKŒŒŒMŒKLÌKÍMŒÍÍŒÍŒLMKŽÌÍÍL‹LLKŒLŒNMKLÌKŒŽMÌLÂŒÍŒKLLÍ‹ŒÌÎŽLŽLLLKŽMÎLÌKLÌKMÎMMMM‚ŒÍŒ‹LLŒKŒÍMŒ‹LLŒKŒÍMÌŒÌËLÌKŒÍÌLŒÌÂŒÍŒËLLKŽNLÌŒMLLŽKÎMNÌ‹LÌKŒLLÍÂŒÍNKLŒMLLMMKLLÍ‹LŽLŽÍKLÌKŒMŒLÍMÍŒÍKMÌ‹ŒÎLLŒÎNMMËLM‹ŒÌÌŽL‹LÌKŒÌMÌÌŽBŒÍ‹MMÌÎMŒÍLÌLKLM‹ÍŒŒÍKLÌŽMÌÌŒÍLÂŒÍËLÍ‹ÌÍŒÌÍŒLKLMKNMÎM‹LÌŽLMÍÍÌŒM‚ŒÍŽLNMNMMLÍLMLKŽLLÌŽÎŒBŒÍŽKMKMÌLLŒÌŒÍL™KLLËLML‹ŒLŽLNLÌŽÌÌŽLŒBŒÍÌNMNMMLÍLMLKŽLLÌŽÎŒBŒÍÌKÍ‹ÌÍŒÌÍŒLKLMKNMÎM‹LÌŽLMÍÍÌŒM‚ŒÍÌ‹MÌÎMŒÍLÌLKLM‹ÍŒŒÍKLÌŽMÌÌŒÍLÂŒÍÌËÌ‹ŒÎLLŒÎNMMËLM‹ŒÌÌŽL‹LÌKŒÌMÌÌŽBŒÍÍKLŒMLLMMKLLÍ‹LŽLŽÍKLÌKŒMŒLÍMÍŒÍÍKLKŽNLÌŒMLLŽKÎMNÌ‹LÌKŒLLÍÂŒÍÍ‹LŒKŒÍMŒ‹LLŒKŒÍMÌŒÌËLÌKŒÍÌLŒÌÂŒÍÍËLÍ‹ŒÌÎŽLŽLLLKŽMÎLÌKLÌKMÎMMMM‚ŒÍÎMKŽÌÍÍL‹LLKŒLŒNMKLÌKŒŽMÌLÂŒÍÎKMŒ‹ŒÌMMÌKNKŒŒŒMŒKLÌKÍMŒÍÍŒÎMÌ‹ÍLÌŒLKMÍ‹ŒÌLNMÎLÌKŽÍŒÎNÍ‚ŒÎKNKÎÌLÌL‹MŒ‹ŒÍLŒNLKLÌKŽNÎNBŒÎ‹NKŒLMNLŒMËMMÍÎNËLÌ‹ŒÌÌÎLÂŒÎËNMŒÎNLÍŒËLÌ‹ŒMÎMLKLÌ‹ŒMÍÎM‚ŒÎNMËÌŒŒËLM‹ŒMŒNLLÌMLÌ‹ŒNÌÌNŒÎKNNŒŒMŒ‹ŒÍMLLMYKLMMMËŒŒNLÌÍ‚ŒÎ‹NMËŒNLMÎMÍKM‹ŒMMMŽŒÌŒ‹MMËŒNNŒÍMÍŒÎËNLËŽNNÎŽKÌ‹ŒMMŒÎŽL‹MMËŒMÍŒLŒÍ‚ŒÎNÍMMÌÍÌKËMŒLLKMMËŒÎMMMÎBŒÎKNKMNNLŒKŒ‹ŒÍÌÍÍŽÎKMM‹ŽNLMÎŒÎLMÌ‹MŒŽMŒÌ‹Í‹ŒÍÎLÌÎMM‹ŽÍML‚ŒÎLKMŒKŽÌNMLÌÌËKŒÌÌÍÌŒŒKMM‹ÍNŽMNM‚ŒÎL‹MKÌLÍNLKŒŒÌÍLŒKMM‹ŒŽLLŽLŒÂŒÎLËLÍ‹ŒŒLLÌÌÎLLKŽMŒLLŒŒKMM‹MÌLML‚ŒÎMLŒKMŽMLMÍÌÍ‹LŒKMŽMÌMM‹ŒÍÍÍMÍMBŒÎMKLKŽMLÍŽNNKLŽKÌMŒŽL‹MM‹ŒNŽŒ‚ŒÎM‹KMÍÌÍŒÍŒLËLÍ‹ŽLŒŒŒŒKMM‹ŒLÍMMŒLNBŒÎMËÌ‹ŒÍÎNLMÍ‹M‹ŒÎMLŽKMM‹ŒLNNŒÎNMÌÍMÍÌÍNËM‹ŽLÍÍ‹MMKŽMŒÍMŒLNŒÎNKÍ‹ÌÍLLLMKŽMŽÌŽL‹MMKŽLÌŒMLÂNMLŒMMLKMLKŽMÎLÌLL‹MMKŽÌŒÌBK‹ÌMMÌNLŽLM™KLLËML‹ÌÎMM‹MMKŽŒÌLŽ‹LNMLŒMMLKMLKŽMÎLÌLL‹MMKŽÌŒÌBËLÍ‹ÌÍLLLMKŽMŽÌŽL‹MMKŽLÌŒMLÂMMÌÍMÍÌÍNËM‹ŽLÍÍ‹MMKŽMŒÍMŒLNKMÌ‹ŒÍÎNLMÍ‹M‹ŒÎMLŽKMM‹ŒLNN‹NKMÍÌÍŒÍŒLËLÍ‹ŽLŒŒŒŒKMM‹ŒLÍMMŒLNBËLLKŽMLÍŽNNKLŽKÌMŒŽL‹MM‹ŒNŽŒ‚LLŒKMŽMLMÍÌÍ‹LŒKMŽMÌMM‹ŒÍÍÍMÍMBKLLÍ‹ŒŒLLÌÌÎLLKŽMŒLLŒŒKMM‹MÌLML‚LLMKÌLÍNLKŒŒÌÍLŒKMM‹ŒŽLLŽLŒÂLKLMŒKŽÌNMLÌÌËKŒÌÌÍÌŒŒKMM‹ÍNŽMNM‚L‹LMÌ‹MŒŽMŒÌ‹Í‹ŒÍÎLÌÎMM‹ŽÍML‚LËLNKMNNLŒKŒ‹ŒÍÌÍÍŽÎKMM‹ŽNLMÎMLNÍMMÌÍÌKËMŒLLKMMËŒÎMMMÎBMKLNLËŽNNÎŽKÌ‹ŒMMŒÎŽL‹MMËŒMÍŒLŒÍ‚M‹LNMËŒNLMÎMÍKM‹ŒMMMŽŒÌŒ‹MMËŒNNŒÍMÍMËLNNŒŒMŒKŒŒÌLŒLMÌÎYKLL‹MMËŒŒNLÌÍ‚NLNMËŒNLMÎMÍKLM‹ŒMMMŽŒÌŒ‹MMËŒNNŒÍMÍNKLNLËŽNNÎŽKLÌ‹ŒMMŒÎŽL‹MMËŒMÍŒLŒÍ‚ŒLNÍMMÌÍÌKMËMŒLKMMËŒÎMMMÎBŒKLNKMNNLŒKMŒ‹ŒÍÌÍÍŽÎKMM‹ŽNLMÎŒ‹LMÌ‹MŒŽMŒÌ‹MÍ‹ŒÍÎLÌÎMM‹ŽÍML‚ŒËLMŒKŽÌNMLÌÌËNKŒÌÌÍÌŒŒKMM‹ÍNŽMNM‚LMKÌLÍNLLKŒŒÌÍLŒKMM‹ŒŽLLŽLŒÂKLLÍ‹ŒŒLLÌÌÎLLLKŽMŒLLŒŒKMM‹MÌLML‚‹LLŒKMŽMLMÍÌÍ‹LLŒKMŽMÌMM‹ŒÍÍÍMÍMBËLLKŽMLÍŽNNKLLŽKÌMŒŽL‹MM‹ŒNŽŒ‚ŽNKMÍÌÍŒÍŒLËLLÍ‹ŽLŒŒŒŒKMM‹ŒLÍMMŒLNBŽKMÌ‹ŒÍÎNLMÍ‹LM‹ŒÎMLŽKMM‹ŒLNNÌMMÌÍMÍÌÍNËLM‹ŽLÍÍ‹MMKŽMŒÍMŒLNÌKLÍ‹ÌÍLLLLMKŽMŽÌŽL‹MMKŽLÌŒMLÂÌ‹LNMLŒMMLKLMLKŽMÎLÌLL‹MMKŽÌŒÌBÌËMKŒÍŒLÍŽMŒNÙKLLËLML‹ÌÎMM‹MMKŽŒÌLŽÍNMLŒMMLKLMLKŽMÎLÌLL‹MMKŽÌŒÌBÍKÍ‹ÌÍLLLLMKŽMŽÌŽL‹MMKŽLÌŒMLÂÍ‹MÌÍMÍÌÍNËLM‹ŽLÍÍ‹MMKŽMŒÍMŒLNÍËÌ‹ŒÍÎNLMÍ‹LM‹ŒÎMLŽKMM‹ŒLNNÎKMÍÌÍŒÍŒLËLLÍ‹ŽLŒŒŒŒKMM‹ŒLÍMMŒLNBÎKLKŽMLÍŽNNKLLŽKÌMŒŽL‹MM‹ŒNŽŒ‚LŒKMŽMLMÍÌÍ‹LLŒKMŽMÌMM‹ŒÍÍÍMÍMBKLÍ‹ŒŒLLÌÌÎLLLKŽMŒLLŒŒKMM‹MÌLML‚‹MKÌLÍNLLKŒŒÌÍLŒKMM‹ŒŽLLŽLŒÂËMŒKŽÌNMLÌÌËNKŒÌÌÍÌŒŒKMM‹ÍNŽMNM‚MÌ‹MŒŽMŒÌ‹MÍ‹ŒÍÎLÌÎMM‹ŽÍML‚KNKMNNLŒKMŒ‹ŒÍÌÍÍŽÎKMM‹ŽNLMÎ‹NÍMMÌÍÌKMËMŒLLKMMËŒÎMMMÎBËNLËŽNNÎŽKLÌ‹ŒMMŒÎŽL‹MMËŒMÍŒLŒÍ‚NMËŒNLMÎMÍKLM‹ŒMMMŽŒÌŒ‹MMËŒNNŒÍMÍKNMËŽMNNLÍÍKÍLÌÍÍKLMN‹ŒŒMÍMNLBLNM‹ŽLÎLÌLËM‹ŒMNMKN‹ŒNNNŽNÎBLKNLËÌNÌÌMÌKÌ‹ŒMŽÌŒÎN‹ŒMMÌÍBL‹NMMÌ‹ËMÍNNMÍ‹N‹ŒÍ‚LËNKŒÌÌNMMMKŒ‹ŒÎMLÌÌÎÍKNKŽNMŒŒMÌÍBMMÌ‹ŒÍLNNMÍËÍ‹ŒÎŒMÌÍKNKŽNMÍÍMÌBMKMŒKÌLŒÎMÍÌÎKÎMMËNKÍŒŒÌÍM‹MKMÍÍÍŽŒKLKŒÌÎLÌMÍNKŒÌNNNL‚MËLÍ‹ŒLNÎMÌNLL‹ŒLŽLNKNKMŒŒŽÍBNLŒKLLNLŒKMMMNKŒÍÍMBNKLKŽLÍŽMŽMLŽKŽMÌŒÍ‹NKŒNMŒMBŒKÍLÍNNLKLÍ‹ŽMNLÎNKŒLÍŒÎMŽBŒKÌ‹ŒÍŽNLŽLLKM‹ÌÎMŒŽKNKŒÌMÍMŒÂŒ‹MÌÌŒLŒLÍ‹MËŒMŒŒŒNKNŽMLNLMMLŒBŒËÍ‹ÌÌÌËMLŒÌÎNÍŒKNŽMMMŒÍNMNÍMŒLËML‹ŒLLÌŽMNŽNÍNK‹LŒÎÍLÍMYKLLËML‹ŽÎNMÌKNŽŽLŒ‹LNMNÍMŒLËML‹ŒLLÌŽMNŽNÍNËLÍ‹ÌÌÌËMLŒÌÎNÍŒKNŽMMMŒÍŽMMÌÌŒLŒLÍ‹MËŒMŒŒŒNKNŽMLNLMMLŒBŽKMÌ‹ŒÍŽNLŽLLKM‹ÌÎMŒŽKNKŒÌMÍMŒÂÌNKÍLÍNNLKLÍ‹ŽMNLÎNKŒLÍŒÎMŽBÌKLLKŽLÍŽMŽMLŽKŽMÌŒÍ‹NKŒNMŒMBÌ‹LLŒKLLNLŒKMMMNKŒÍÍMBÌËLLÍ‹ŒLNÎMÌNLL‹ŒLŽLNKNKMŒŒŽÍBÍLMKMÍÍÍŽŒKLKŒÌÎLÌMÍNKŒÌNNNL‚ÍKLMŒKÌLŒÎMÍÌÎKÎMMËNKÍŒŒÌÍÍ‹LMÌ‹ŒÍLNNMÍËÍ‹ŒÎŒMÌÍKNKŽNMÍÍMÌBÍËLNKŒÌÌNMMMKŒ‹ŒÎMLÌÌÎÍKNKŽNMŒŒMÌÍBÎLNMMÌ‹ËMÍNNMÍ‹N‹ŒÍ‚ÎKLNLËÌNÌÌMÌKÌ‹ŒMŽÌŒÎN‹ŒMMÌÍBLNM‹ŽLÎLÌLËM‹ŒMNMKN‹ŒNNNŽNÎBKLNMËŽMNNLÍÍKŒNLÍLMMÙKLL‹N‹ŒŒMÍMNLB‹LNM‹ŽLÎLÌLËLM‹ŒMNMKN‹ŒNNNŽNÎBËLNLËÌNÌÌMÌKLÌ‹ŒMŽÌŒÎN‹ŒMMÌÍBLNMMÌ‹MËMÍNNMÍ‹N‹ŒÍ‚KLNKŒÌÌNMMMKMŒ‹ŒÎMLÌÌÎÍKNKŽNMŒŒMÌÍB‹LMÌ‹ŒÍLNNMÍËMÍ‹ŒÎŒMÌÍKNKŽNMÍÍMÌBËLMŒKÌLŒÎMÍÌÎNKÎMMËNKÍŒŒÌÍLMKMÍÍÍŽŒKLLKŒÌÎLÌMÍNKŒÌNNNL‚KLLÍ‹ŒLNÎMÌNLLL‹ŒLŽLNKNKMŒŒŽÍBLLLŒKLLNLLŒKMMMNKŒÍÍMBLKLLKŽLÍŽMŽMLLŽKŽMÌŒÍ‹NKŒNMŒMBL‹NKÍLÍNNLKLLÍ‹ŽMNLÎNKŒLÍŒÎMŽBLËMÌ‹ŒÍŽNLŽLLKLM‹ÌÎMŒŽKNKŒÌMÍMŒÂMMMÌÌŒLŒLÍ‹LMËŒMŒŒŒNKNŽMLNLMMLŒBMKLÍ‹ÌÌÌËLMLŒÌÎNÍŒKNŽMMMŒÍM‹LNMNÍMŒLËLML‹ŒLLÌŽMNŽNÍNMËMKŒŒŒLŒMÙKLLËLML‹ŽÎNMÌKNŽŽLŒNNMNÍMŒLËLML‹ŒLLÌŽMNŽNÍNNKÍ‹ÌÌÌËLMLŒÌÎNÍŒKNŽMMMŒÍLMÌÌŒLŒLÍ‹LMËŒMŒŒŒNKNŽMLNLMMLŒBLKÌ‹ŒÍŽNLŽLLKLM‹ÌÎMŒŽKNKŒÌMÍMŒÂL‹KÍLÍNNLKLLÍ‹ŽMNLÎNKŒLÍŒÎMŽBLËLKŽLÍŽMŽMLLŽKŽMÌŒÍ‹NKŒNMŒMBLLŒKLLNLLŒKMMMNKŒÍÍMBLKLÍ‹ŒLNÎMÌNLLL‹ŒLŽLNKNKMŒŒŽÍBL‹MKMÍÍÍŽŒKLLKŒÌÎLÌMÍNKŒÌNNNL‚LËMŒKÌLŒÎMÍÌÎNKÎMMËNKÍŒŒÌÍLMÌ‹ŒÍLNNMÍËMÍ‹ŒÎŒMÌÍKNKŽNMÍÍMÌBLKNKŒÌÌNMMMKMŒ‹ŒÎMLÌÌÎÍKNKŽNMŒŒMÌÍBLLNMMÌ‹MËMÍNNMÍ‹N‹ŒÍ‚LLKNLËÌNÌÌMÌKLÌ‹ŒMŽÌŒÎN‹ŒMMÌÍBLL‹NM‹ŽLÎLÌLËLM‹ŒMNMKN‹ŒNNNŽNÎBLLËNMËMÍŒÍŽKŒÍMM™KLMŒËŒŒÍÌÌLÂLMNM‹NMÍKM‹ŒMÌÌÌ‹ŒËŒŒLŽMLÎBLMKNLËÍMMLMËÌ‹ŒMÎLÌËŒËŒMŽLÍMNMÂLM‹NŒŒÍÌÌŽMËNMÎNMŒ‹ŒËŒNLNŽMBLMËNKŒLÌÌÍŒ‹MŒMLML‹ŒËŒMNÍŽMLNMÌ‹ŒMMNMÍ‹Í‹ÎNLLŒŽŒ‹ŽLÌŒŒÌ‚LNKMŒKMLNLÌLKKÍLÎNMŒŽKŒ‹ÍÌMŽNMÂLŒMKLŒMLŒMLKÌLLŽŒ‹ŒÌNÌNLŒKLÍ‹ŒLŽÌŽKLL‹ŒLNLNLÍËŒ‹MLÌLÎLM‚LŒ‹LŒKNNLËLŒKŽÌLÌÌËŒ‹ŒÍŒNMÍ‚LŒËLKŽŒŒŽÍKLÌŒMÎNLLNL‹Œ‹ŒŒÌÌÎÍÍÂLKLMÍÍÌLMËLÍËŒMLŽLŒŒ‹ŒLNLLÎMŒ‚LKÌ‹ŒÍMÍÎMÌ‹MËŒNÌÌÎNKŒ‹ŒNNLNÂL‹MÌŽLÌÎLŽ‹MËLÎÍÌ‹ŒKŽLÍÎMÌÎLËÍ‹ÌÌÌŽL‹MLÌLMŒMLMNKŒKŽÎŒMÍLÂLŽNMŒNMKML‹ŒÌŒÌKŒKŽŒÌŽLÌÎLŽK‹ŒŒŽNŒYKLLËMLËŒÌŒNLKŒKŽÌLNŒLÌLNMŒNMKML‹ŒÌŒÌKŒKŽŒÌŽLÌÎLÌKLÍ‹ÌÌÌŽL‹MLÌLMŒMLMNKŒKŽÎŒMÍLÂLÌ‹MMÌŽLÌÎLŽ‹MËLÎÍÌ‹ŒKŽLÍÎMÌÎLÌËMÌ‹ŒÍMÍÎMÌ‹MËŒNÌÌÎNKŒ‹ŒNNLNÂLÍNKLMÍÍÌLMËLÍËŒMLŽLŒŒ‹ŒLNLLÎMŒ‚LÍKLLKŽŒŒŽÍKLÌŒMÎNLLNL‹Œ‹ŒŒÌÌÎÍÍÂLÍ‹LLŒKNNLËLŒKŽÌLÌÌËŒ‹ŒÍŒNMÍ‚LÍËLLÍ‹ŒLŽÌŽKLL‹ŒLNLNLÍËŒ‹MLÌLÎLM‚LÎLMKLŒMLŒMLKÌLLŽŒ‹ŒÌNÌNLÎKLMŒKMLNLÌLKKÍLÎNMŒŽKŒ‹ÍÌMŽNMÂMLMÌ‹ŒMMNMÍ‹Í‹ÎNLLŒŽŒ‹ŽLÌŒŒÌ‚MKLNKŒLÌÌÍŒ‹MŒMLML‹ŒËŒMNÍŽMM‹LNŒŒÍÌÌŽMËNMÎNMŒ‹ŒËŒNLNŽMBMËLNLËÍMMLMËÌ‹ŒMÎLÌËŒËŒMŽLÍMNMÂMLNM‹NMÍKM‹ŒMÌÌÌ‹ŒËŒŒLŽMLÎBMKLNMËMÍŒÍŽKŒŽLMMŽLŽKLL‹ŒËŒŒÍÌÌLÂM‹LNM‹NMÍKLM‹ŒMÌÌÌ‹ŒËŒŒLŽMLÎBMËLNLËÍMMLMËLÌ‹ŒMÎLÌËŒËŒMŽLÍMNMÂMLNŒŒÍÌÌŽMMËNMÎNMŒ‹ŒËŒNLNŽMBMKLNKŒLÌÌÍMŒ‹MŒMLML‹ŒËŒMNÍŽMMLLMÌ‹ŒMMNMÍ‹MÍ‹ÎNLLŒŽŒ‹ŽLÌŒŒÌ‚MLKLMŒKMLNLÌLKNKÍLÎNMŒŽKŒ‹ÍÌMŽNMÂML‹LMKLŒMLŒMLLKÌLLŽŒ‹ŒÌNÌNMLËLLÍ‹ŒLŽÌŽKLLL‹ŒLNLNLÍËŒ‹MLÌLÎLM‚MMLLŒKNNLËLLŒKŽÌLÌÌ‹Œ‹ŒÍŒNMÍ‚MMKLLKŽŒŒŽÍKLLÌŒMÎNLLNL‹Œ‹ŒŒÌÌÎÍÍÂMM‹NKLMÍÍÌLMËLLÍËŒMLŽLŒŒ‹ŒLNLLÎMŒ‚MMËMÌ‹ŒÍMÍÎMÌ‹LMËŒNÌÌÎNKŒ‹ŒNNLNÂMNMMÌŽLÌÎLŽ‹LMËLÎÍÌ‹ŒKŽLÍÎMÌÎMNKLÍ‹ÌÌÌŽL‹LMLÌLMŒMLMNKŒKŽÎŒMÍLÂMŒLNMŒNMKLML‹ŒÌŒÌKŒKŽŒÌŽLÌÎMŒKMKŒÎMLLMLÌ™KLLËLMLËŒÌŒNLKŒKŽÌLNŒMŒ‹NMŒNMKLML‹ŒÌŒÌKŒKŽŒÌŽLÌÎMŒËÍ‹ÌÌÌŽL‹LMLÌLMŒMLMNKŒKŽÎŒMÍLÂMMÌŽLÌÎLŽ‹LMËLÎÍÌ‹ŒKŽLÍÎMÌÎMKÌ‹ŒÍMÍÎMÌ‹LMËŒNÌÌÎNKŒ‹ŒNNLNÂM‹KLMÍÍÌLMËLLÍËŒMLŽLŒŒ‹ŒLNLLÎMŒ‚MËLKŽŒŒŽÍKLLÌŒMÎNLLNL‹Œ‹ŒŒÌÌÎÍÍÂMŽLŒKNNLËLLŒKŽÌLÌÌ‹Œ‹ŒÍŒNMÍ‚MŽKLÍ‹ŒLŽÌŽKLLL‹ŒLNLNLÍËŒ‹MLÌLÎLM‚MÌMKLŒMLŒMLLKÌLLŽŒ‹ŒÌNÌNMÌKMŒKMLNLÌLKNKÍLÎNMŒŽKŒ‹ÍÌMŽNMÂMÌ‹MÌ‹ŒMMNMÍ‹MÍ‹ÎNLLŒŽŒ‹ŽLÌŒŒÌ‚MÌËNKŒLÌÌÍMŒ‹MŒMLML‹ŒËŒMNÍŽMMÍNŒŒÍÌÌŽMMËNMÎNMŒ‹ŒËŒNLNŽMBMÍKNLËÍMMLMËLÌ‹ŒMÎLÌËŒËŒMŽLÍMNMÂMÍ‹NM‹NMÍKLM‹ŒMÌÌÌ‹ŒËŒŒLŽMLÎBMÍËNMËŒÍLMMŒLËMLÌÍÎLÍÍŒ™KLMŒÌ‹ŒÍMLŒBMÎNM‹ŒŽMMÍNŒŽKM‹ŒMŒÌNLÌNŒÌ‹ŒŒŽMŒŒLL‚MÎKNLËŒMMŽMÍ‹Ì‹ŒNÍŒLËŒÌ‹ŒNLŽM‚NNËŽMÍÍ‹ËNMŽLŒKŒÌ‹ŒLLÌMLNBNKNŽŽŒÎNNŒ‹ÍÌLŒÍÍNŒÌ‹ŒMÍNLMBN‹MÌKŽMMÍLÍŒ‹Í‹ŽMÌŽLLÍÌKŒÌKŽLŒÌÍNNËMŒKŒÎMLNNMËKMMÍÍ‹ŒÌKÍÌÌŒÍBNMKŒÌLNMMÌ‹LKMŒNMML‹ŒÌKŒÍLNŽNKLÍKŽLÌLNMLLKLL‹ŒÎMÎÌLKŒÌKMÌÌMLŒBN‹LŒKŒÍÍLLÌMŒKLŒ‹ŒÌÌMÍŽKŒÌKŒÍMNNNLM‚NËLKŽŒMŒÌÎËLÌMLLLËŒÌKŒŒLŽLLBNKŽLMKLÍËLNŽŽMŒËŒÌKŒLÍŒMŒ‚NKÌ‹ŒÍŒL‹MËŒÌÍÍKŒÌKŒÍÎÂNLMÌLÌÎNL‹MËŽMŽÎLKŒÌŽLŒLÍLŽNLKÍ‹ÌÍNNMLKŒMLÍÍKŒÌŽŒMÎBNL‹NMÌÎML‹MLËŒŒMNÎMËŒÌŽŒŽŒÌLÍNLËKŽNMÍMN™KLLËMLËÍŒÌ‹ŒÌŽLŽŒBNMLNMÌÎML‹MLËŒŒMNÎMËŒÌŽŒŽŒÌLÍNMKLÍ‹ÌÍNNMLKŒMLÍÍKŒÌŽŒMÎBNM‹MMÌLÌÎNL‹MËŽMŽÎLKŒÌŽLŒLÍLŽNMËMÌ‹ŒÍŒL‹MËŒÌÍÍKŒÌKŒÍÎÂNNNKŽLMKLÍËLNŽŽMŒËŒÌKŒLÍŒMŒ‚NNKLLKŽŒMŒÌÎËLÌMLLLËŒÌKŒŒLŽLLBŒLLŒKŒÍÍLLÌMŒKLŒ‹ŒÌÌMÍŽKŒÌKŒÍMNNNLM‚ŒKLLÍKŽLÌLNMLLKLL‹ŒÎMÎÌLKŒÌKMÌÌMLŒBŒ‹LMKŒÌLNMMÌ‹LKMŒNMML‹ŒÌKŒÍLNŽŒËLMŒKŒÎMLNNMËKMMÍÍ‹ŒÌKÍÌÌŒÍBŒLMÌKŽMMÍLÍŒ‹Í‹ŽMÌŽLLÍÌKŒÌKŽLŒÌÍNŒKLNŽŽŒÎNNŒ‹ÍÌLŒÍÍNŒÌ‹ŒMÍNLMBŒ‹LNËŽMÍÍ‹ËNMŽLŒKŒÌ‹ŒLLÌMLNBŒËLNLËŒMMŽMÍ‹Ì‹ŒNÍŒLËŒÌ‹ŒNLŽM‚ŒLNM‹ŒŽMMÍNŒŽKM‹ŒMŒÌNLÌNŒÌ‹ŒŒŽMŒŒLL‚ŒKLNMËŒÍLMMŒLËKŒÌMÍŒMMÍÙKLL‹ŒÌ‹ŒÍMLŒBŒLLNM‹ŒŽMMÍNŒŽKLM‹ŒMŒÌNLÌNŒÌ‹ŒŒŽMŒŒLL‚ŒLKLNLËŒMMŽMÍ‹LÌ‹ŒNÍŒLËŒÌ‹ŒNLŽM‚ŒL‹LNËŽMÍÍ‹MËNMŽLŒKŒÌ‹ŒLLÌMLNBŒLËLNŽŽŒÎNNMŒ‹ÍÌLŒÍÍNŒÌ‹ŒMÍNLMBŒMLMÌKŽMMÍLÍŒ‹MÍ‹ŽMÌŽLLÍÌKŒÌKŽLŒÌÍNŒMKLMŒKŒÎMLNNMËNKMMÍÍ‹ŒÌKÍÌÌŒÍBŒM‹LMKŒÌLNMMÌ‹LLKMŒNMML‹ŒÌKŒÍLNŽŒMËLLÍKŽLÌLNMLLKLLL‹ŒÎMÎÌLKŒÌKMÌÌMLŒBŒNLLŒKŒÍÍLLÌMŒKLLŒ‹ŒÌÌMÍŽKŒÌKŒÍMNNNLM‚ŒNKLLKŽŒMŒÌÎËLLÌMLLLËŒÌKŒŒLŽLLBŒŒNKŽLMKLLÍËLNŽŽMŒËŒÌKŒLÍŒMŒ‚ŒŒKMÌ‹ŒÍŒL‹LMËŒÌÍÍKŒÌKŒÍÎÂŒŒ‹MMÌLÌÎNL‹LMËŽMŽÎLKŒÌŽLŒLÍLŽŒŒËLÍ‹ÌÍNNLMLKŒMLÍÍKŒÌŽŒMÎBŒLNMÌÎML‹LMLËŒŒMNÎMËŒÌŽŒŽŒÌLÍŒKMŽMLŒNLŽNKLLËLMLËÍŒÌ‹ŒÌŽLŽŒBŒ‹NMÌÎML‹LMLËŒŒMNÎMËŒÌŽŒŽŒÌLÍŒËÍ‹ÌÍNNLMLKŒMLÍÍKŒÌŽŒMÎBŒŽMÌLÌÎNL‹LMËŽMŽÎLKŒÌŽLŒLÍLŽŒŽKÌ‹ŒÍŒL‹LMËŒÌÍÍKŒÌKŒÍÎÂŒÌKŽLMKLLÍËLNŽŽMŒËŒÌKŒLÍŒMŒ‚ŒÌKLKŽŒMŒÌÎËLLÌMLLLËŒÌKŒŒLŽLLBŒÌ‹LŒKŒÍÍLLÌMŒKLLŒ‹ŒÌÌMÍŽKŒÌKŒÍMNNNLM‚ŒÌËLÍKŽLÌLNMLLKLLL‹ŒÎMÎÌLKŒÌKMÌÌMLŒBŒÍMKŒÌLNMMÌ‹LLKMŒNMML‹ŒÌKŒÍLNŽŒÍKMŒKŒÎMLNNMËNKMMÍÍ‹ŒÌKÍÌÌŒÍBŒÍ‹MÌKŽMMÍLÍŒ‹MÍ‹ŽMÌŽLLÍÌKŒÌKŽLŒÌÍNŒÍËNŽŽŒÎNNMŒ‹ÍÌLŒÍÍNŒÌ‹ŒMÍNLMBŒÎNËŽMÍÍ‹MËNMŽLŒKŒÌ‹ŒLLÌMLNBŒÎKNLËŒMMŽMÍ‹LÌ‹ŒNÍŒLËŒÌ‹ŒNLŽM‚NM‹ŒŽMMÍNŒŽKLM‹ŒMŒÌNLÌNŒÌ‹ŒŒŽMŒŒLL‚KNMËŒÎMÍŽMËMNMŒŒMÎÍÙKLMMËŒMÍŽB‹NMKŽNŽM‹M‹ŒMŒŒŒÍÎÌËMËŒLŒŽLMBËNL‹ŽMÎÎÌÍËÌ‹ŒNMMLLÍËMËŒŒÍÍMMNËÌÍM‹ËNMŽMNMLŒËMËŒLÌNMNBKNŒÌLNLML‹Œ‹NNNMŒKMËŒÌNMÍŒŽ‹MÌKÍMLÌÍÎLÍ‹LLNMÍMÌÍKM‹ŽLLÍMÌMLBËMŒKŒŒŒKŒMMLÌÍ‹M‹ÎLÌMŒBMKŒNMŒÌNKLKMLÍŽL‹M‹ŒÎNÍKLÍKŽÍMMMM‹LL‹MMNNŒNKM‹LÌLNBLLŒKŒÌMŽNŒKLŒ‹ŒŒŽ‹M‹ŒÍLNMÎMLBLKLKÍÎŽÎKLÌLLMÍËM‹ŒŒMMÌŒÎL‹KÌÍÌŒÌŽKLÍËÎNLŒMÌŒKM‹ŒLÌÍŒLLÂLËÌ‹ŒÌÍLŽNLÎËMËMMLÌKMKŽNÍNMLLM‚MMÌŒMŽÎMŽ‹MŒŒLÎNMMKŽLNLBMKÍ‹ÌÍNMÎLÍ‹MLKŒÍÌŒÎMKŽÎÌÌ‚M‹NNLÍMLËMMNLÌKMKÎNNNMŒÍÌ‚MËKÍLÍŒÎMŒLÙKLLËMMŒNNMŒKMKÎŽNŽNNLNNLÍMLËMMNLÌKMKÎNNNMŒÍÌ‚NKLÍ‹ÌÍNMÎLÍ‹MLKŒÍÌŒÎMKŽÎÌÌ‚ŒMMÌŒMŽÎMŽ‹MŒŒLÎNMMKŽLNLBŒKMÌ‹ŒÌÍLŽNLÎËMËMMLÌKMKŽNÍNMLLM‚Œ‹NKÌÍÌŒÌŽKLÍËÎNLŒMÌŒKM‹ŒLÌÍŒLLÂŒËLLKÍÎŽÎKLÌLLMÍËM‹ŒŒMMÌŒÎLLŒKŒÌMŽNŒKLŒ‹ŒŒŽ‹M‹ŒÍLNMÎMLBKLLÍKŽÍMMMM‹LL‹MMNNŒNKM‹LÌLNB‹LMKŒNMŒÌNKLKMLÍŽL‹M‹ŒÎNÍËLMŒKŒŒŒKŒMMLÌÍ‹M‹ÎLÌMŒBŽLMÌKÍMLÌÍÎLÍ‹LLNMÍMÌÍKM‹ŽLLÍMÌMLBŽKLNŒÌLNLML‹Œ‹NNNMŒKMËŒÌNMÍŒŽÌLNËÌÍM‹ËNMŽMNMLŒËMËŒLÌNMNBÌKLNL‹ŽMÎÎÌÍËÌ‹ŒNMMLLÍËMËŒŒÍÍMMÌ‹LNMKŽNŽM‹M‹ŒMŒŒŒÍÎÌËMËŒLŒŽLMBÌËLNMËŒÎMÍŽMËKŒÍŒÍNNNM™KLL‹MËŒMÍŽBÍLNMKŽNŽM‹LM‹ŒMŒŒŒÍÎÌËMËŒLŒŽLMBÍKLNL‹ŽMÎÎÌÍËLÌ‹ŒNMMLLÍËMËŒŒÍÍMMÍ‹LNËÌÍM‹MËNMŽMNMLŒËMËŒLÌNMNBÍËLNŒÌLNLML‹MŒ‹NNNMŒKMËŒÌNMÍŒŽÎLMÌKÍMLÌÍÎLMÍ‹LLNMÍMÌÍKM‹ŽLLÍMÌMLBÎKLMŒKŒŒŒNKŒMMLÌÍ‹M‹ÎLÌMŒBŽLMKŒNMŒÌNKLLKMLÍŽL‹M‹ŒÎNÍŽKLLÍKŽÍMMMM‹LLL‹MMNNŒNKM‹LÌLNBŽ‹LLŒKŒÌMŽNŒKLLŒ‹ŒŒŽ‹M‹ŒÍLNMÎMLBŽËLLKÍÎŽÎKLLÌLLMÍËM‹ŒŒMMÌŒÎŽNKÌÍÌŒÌŽKLLÍËÎNLŒMÌŒKM‹ŒLÌÍŒLLÂŽKMÌ‹ŒÌÍLŽNLÎËLMËMMLÌKMKŽNÍNMLLM‚Ž‹MMÌŒMŽÎMŽ‹LMŒŒLÎNMMKŽLNLBŽËLÍ‹ÌÍNMÎLÍ‹LMLKŒÍÌŒÎMKŽÎÌÌ‚ŽLNNLÍLMLËMMNLÌKMKÎNNNMŒÍÌ‚ŽKMŽMLÌLŽŒL™KLLËLMMŒNNMŒKMKÎŽNŽNŽLNNLÍLMLËMMNLÌKMKÎNNNMŒÍÌ‚ŽLKÍ‹ÌÍNMÎLÍ‹LMLKŒÍÌŒÎMKŽÎÌÌ‚ŽL‹MÌŒMŽÎMŽ‹LMŒŒLÎNMMKŽLNLBŽLËÌ‹ŒÌÍLŽNLÎËLMËMMLÌKMKŽNÍNMLLM‚ŽMKÌÍÌŒÌŽKLLÍËÎNLŒMÌŒKM‹ŒLÌÍŒLLÂŽMKLKÍÎŽÎKLLÌLLMÍËM‹ŒŒMMÌŒÎŽM‹LŒKŒÌMŽNŒKLLŒ‹ŒŒŽ‹M‹ŒÍLNMÎMLBŽMËLÍKŽÍMMMM‹LLL‹MMNNŒNKM‹LÌLNBŽNMKŒNMŒÌNKLLKMLÍŽL‹M‹ŒÎNÍŽNKMŒKŒŒŒNKŒMMLÌÍ‹M‹ÎLÌMŒBÌMÌKÍMLÌÍÎLMÍ‹LLNMÍMÌÍKM‹ŽLLÍMÌMLBÌKNŒÌLNLML‹MŒ‹NNNMŒKMËŒÌNMÍŒŽÌ‹NËÌÍM‹MËNMŽMNMLŒËMËŒLÌNMNBÌËNL‹ŽMÎÎÌÍËLÌ‹ŒNMMLLÍËMËŒŒÍÍMMÌNMKŽNŽM‹LM‹ŒMŒŒŒÍÎÌËMËŒLŒŽLMBÌKNM‹ÌNMÌLŒ‹ËŽMÌÍÍŽ™KLMŽ‹ŒŽLLNLÌŒ‚Ì‹NMKÌÍŽNNM‹ŒMŒLŒŒŒÍ‹Ž‹ŒÍLLŒNÌËNL‹MNÎNËÌ‹ŒLŒÌŒL‹Ž‹ŒŒÍÌŽŒŽÌNËÌNMÌLÍKËŒMÎKŽ‹ŒMLLÌNNÌKNŒÎÍŒKŒ‹ÎMNLÍŒÌËŽ‹ŒMMMŒ‚ÌLMÌKMMMLMM‹Í‹MMLLL‹ŽKŽLÌLŒMÌBÌLKMŒKŒMÎNM‹KŽÌÎMŽKÎLÌÌBÌL‹MKŒŒÎM‹LKÍLŽNL‹ŽKŒÌÍNÂÌLËLÍKÌÍÍÍNNLL‹ŽMŒÌMŽKLŒÍÌNÌMLŒKŒNNM‹LŒ‹ŒŒŒÍŽKŒÍŽLŒÌÂÌMKLKÌÍLŒ‹LÌŽLÎŽŽKŒŒMNÌM‹KŒÍÎÍÍM‹LÎŒLLÍLËŽKŒÍÍŽNLÌL‚ÌMËÌ‹ŒÌLM‹MËŽNŒLÌËŽŽMŽŒÌMŒ‚ÌNMÌNÍMÌML‹MMŽMÌÌMKŽŽÎLÍÌLÌ‚ÌNKÍ‹ÌÎÍLÎMLKŽLNÍÍŽŽLÍLÂÌŒNNLMŽMLMKMLËŽMMÌÎŽÍÌÌÎÍÍMÌŒKKÎÍŒŒM™KLLËMMÌLÎLÍKŽÍNNLŒÂÌŒ‹LNNLMŽMLMKMLËŽMMÌÎŽÍÌÌÎÍÍMÌŒËLÍ‹ÌÎÍLÎMLKŽLNÍÍŽŽLÍLÂÌMMÌNÍMÌML‹MMŽMÌÌMKŽŽÎLÍÌLÌ‚ÌKMÌ‹ŒÌLM‹MËŽNŒLÌËŽŽMŽŒÌMŒ‚Ì‹NKŒÍÎÍÍM‹LÎŒLLÍLËŽKŒÍÍŽNLÌL‚ÌËLLKÌÍLŒ‹LÌŽLÎŽŽKŒŒMNÌŽLLŒKŒNNM‹LŒ‹ŒŒŒÍŽKŒÍŽLŒÌÂÌŽKLLÍKÌÍÍÍNNLL‹ŽMŒÌMŽKLŒÍÌNÌÌLMKŒŒÎM‹LKÍLŽNL‹ŽKŒÌÍNÂÌÌKLMŒKŒMÎNM‹KŽÌÎMŽKÎLÌÌBÌÌ‹LMÌKMMMLMM‹Í‹MMLLL‹ŽKŽLÌLŒMÌBÌÌËLNŒÎÍŒKŒ‹ÎMNLÍŒÌËŽ‹ŒMMMŒ‚ÌÍLNËÌNMÌLÍKËŒMÎKŽ‹ŒMLLÌNNÌÍKLNL‹MNÎNËÌ‹ŒLŒÌŒL‹Ž‹ŒŒÍÌŽŒŽÌÍ‹LNMKÌÍŽNNM‹ŒMŒLŒŒŒÍ‹Ž‹ŒÍLLŒNÌÍËLNM‹ÌNMÌLŒ‹KŒÍÍÌMNYKLL‹Ž‹ŒŽLLNLÌŒ‚ÌÎLNMKÌÍŽNNLM‹ŒMŒLŒŒŒÍ‹Ž‹ŒÍLLŒNÌÎKLNL‹MNÎNËLÌ‹ŒLŒÌŒL‹Ž‹ŒŒÍÌŽŒŽÍLNËÌNMÌLÍKMËŒMÎKŽ‹ŒMLLÌNNÍKLNŒÎÍŒKMŒ‹ÎMNLÍŒÌËŽ‹ŒMMMŒ‚Í‹LMÌKMMMLMM‹MÍ‹MMLLL‹ŽKŽLÌLŒMÌBÍËLMŒKŒMÎNM‹NKŽÌÎMŽKÎLÌÌBÍLMKŒŒÎM‹LLKÍLŽNL‹ŽKŒÌÍNÂÍKLLÍKÌÍÍÍNNLLL‹ŽMŒÌMŽKLŒÍÌNÍ‹LLŒKŒNNM‹LLŒ‹ŒŒŒÍŽKŒÍŽLŒÌÂÍËLLKÌÍLŒ‹LLÌŽLÎŽŽKŒŒMNÍNKŒÍÎÍÍM‹LLÎŒLLÍLËŽKŒÍÍŽNLÌL‚ÍKMÌ‹ŒÌLM‹LMËŽNŒLÌËŽŽMŽŒÌMŒ‚ÍLMMÌNÍMÌML‹LMMŽMÌÌMKŽŽÎLÍÌLÌ‚ÍLKLÍ‹ÌÎÍLÎLMLKŽLNÍÍŽŽLÍLÂÍL‹LNNLMŽMLMKLMLËŽMMÌÎŽÍÌÌÎÍÍMÍLËMŽLLÎ™KLLËLMMÌLÎLÍKŽÍNNLŒÂÍMNNLMŽMLMKLMLËŽMMÌÎŽÍÌÌÎÍÍMÍMKÍ‹ÌÎÍLÎLMLKŽLNÍÍŽŽLÍLÂÍM‹MÌNÍMÌML‹LMMŽMÌÌMKŽŽÎLÍÌLÌ‚ÍMËÌ‹ŒÌLM‹LMËŽNŒLÌËŽŽMŽŒÌMŒ‚ÍNKŒÍÎÍÍM‹LLÎŒLLÍLËŽKŒÍÍŽNLÌL‚ÍNKLKÌÍLŒ‹LLÌŽLÎŽŽKŒŒMNÍŒLŒKŒNNM‹LLŒ‹ŒŒŒÍŽKŒÍŽLŒÌÂÍŒKLÍKÌÍÍÍNNLLL‹ŽMŒÌMŽKLŒÍÌNÍŒ‹MKŒŒÎM‹LLKÍLŽNL‹ŽKŒÌÍNÂÍŒËMŒKŒMÎNM‹NKŽÌÎMŽKÎLÌÌBÍMÌKMMMLMM‹MÍ‹MMLLL‹ŽKŽLÌLŒMÌBÍKNŒÎÍŒKMŒ‹ÎMNLÍŒÌËŽ‹ŒMMMŒ‚Í‹NËÌNMÌLÍKMËŒMÎKŽ‹ŒMLLÌNNÍËNL‹MNÎNËLÌ‹ŒLŒÌŒL‹Ž‹ŒŒÍÌŽŒŽÍŽNMKÌÍŽNNLM‹ŒMŒLŒŒŒÍ‹Ž‹ŒÍLLŒNÍŽKNM‹ŒÎÌLÌËŒÎLÎMŒYKLMÌËŒÌŒLÌÌÎBÍÌNMKŒÍÍMNKM‹ŒMŒŽLMŽÌËŒÌŒÎMÍÂÍÌKNL‹ŒŒÍŒÌKÌ‹ŒLLŽËÌËŒMMMŒÌBÍÌ‹NËŒMÎLŒMLËËŒLŒÍLÌËŒMÍNNNBÍÌËNŒLÍÎMÍÍKŒ‹LMMLÌÌŒ‹ÌËŒÌŒŽBÍÍMÌKŒÌÍÍŒKÍ‹NNLÌMNÌ‹ŽMŽLLŒMÂÍÍKMŒŽŒÎLÍËKÍŒŒÍŽNKÌ‹ÎNMÎLNÎÍÍ‹MŽLÍÌMÌMLKŽÍŒŽÍ‹Ì‹ŽMÎBÍÍËLÍKŒÍÌŒŒÌKLL‹ŽLLŒÎLËÌ‹LÍÂÍÎLŒKŒMÌLŽLŽ‹LŒ‹ŒŒMLÌMÍKÌ‹ŒÌÍŽNÎ‚ÍÎKLKŽLLLLÌKLÌKŒMLŒËÌ‹ŒNLMMÍM‚ÎKŒÍMŒÌÍMËLÎŒÍÎMMÍM‹Ì‹ŒNMMMBÎKÌ‹ŒÌLÍKMŒÌMÌÎNKÌKŽMLÎLMÌ‚Î‹MÌMLÍÌÌM‹MŽLÎÎNKÌKŽLÌÌÍNBÎËÍ‹ÌŽLMÎML‹ŒÍŽMÍKÌKÎÍBÎNŒMNLŒ‹MMŒŒÍLÍNNKÌKÍÌLÂÎKKŒNNLŽLNKLLËMMŽLLL‹ÌKÌŽŒÍMŒŒ‚Î‹LNŒMNLŒ‹MMŒŒÍLÍNNKÌKÍÌLÂÎËLÍ‹ÌŽLMÎML‹ŒÍŽMÍKÌKÎÍBÎMMÌMLÍÌÌM‹MŽLÎÎNKÌKŽLÌÌÍNBÎKMÌ‹ŒÌLÍKMŒÌMÌÎNKÌKŽMLÎLMÌ‚ÎLNKŒÍMŒÌÍMËLÎŒÍÎMMÍM‹Ì‹ŒNMMMBÎLKLLKŽLLLLÌKLÌKŒMLŒËÌ‹ŒNLMMÍM‚ÎL‹LLŒKŒMÌLŽLŽ‹LŒ‹ŒŒMLÌMÍKÌ‹ŒÌÍŽNÎ‚ÎLËLLÍKŒÍÌŒŒÌKLL‹ŽLLŒÎLËÌ‹LÍÂÎMLMŽLÍÌMÌMLKŽÍŒŽÍ‹Ì‹ŽMÎBÎMKLMŒŽŒÎLÍËKÍŒŒÍŽNKÌ‹ÎNMÎLNÎÎM‹LMÌKŒÌÍÍŒKÍ‹NNLÌMNÌ‹ŽMŽLLŒMÂÎMËLNŒLÍÎMÍÍKŒ‹LMMLÌÌŒ‹ÌËŒÌŒŽBÎNLNËŒMÎLŒMLËËŒLŒÍLÌËŒMÍNNNBÎNKLNL‹ŒŒÍŒÌKÌ‹ŒLLŽËÌËŒMMMŒÌBŽLNMKŒÍÍMNKM‹ŒMŒŽLMŽÌËŒÌŒÎMÍÂŽKLNM‹ŒÎÌLÌKŒÎLMŽMÍMMÙKLL‹ÌËŒÌŒLÌÌÎBŽ‹LNMKŒÍÍMNKLM‹ŒMŒŽLMŽÌËŒÌŒÎMÍÂŽËLNL‹ŒŒÍŒÌKLÌ‹ŒLLŽËÌËŒMMMŒÌBŽLNËŒMÎLŒMLËMËŒLŒÍLÌËŒMÍNNNBŽKLNŒLÍÎMÍÍKMŒ‹LMMLÌÌŒ‹ÌËŒÌŒŽBŽ‹LMÌKŒÌÍÍŒKMÍ‹NNLÌMNÌ‹ŽMŽLLŒMÂŽËLMŒŽŒÎLÍËNKÍŒŒÍŽNKÌ‹ÎNMÎLNÎŽLMŽLÍÌMÌMLLKŽÍŒŽÍ‹Ì‹ŽMÎBŽKLLÍKŒÍÌŒŒÌKLLL‹ŽLLŒÎLËÌ‹LÍÂŽLLLŒKŒMÌLŽLŽ‹LLŒ‹ŒŒMLÌMÍKÌ‹ŒÌÍŽNÎ‚ŽLKLLKŽLLLLÌKLLÌKŒMLŒËÌ‹ŒNLMMÍM‚ŽL‹NKŒÍMŒÌÍMËLLÎŒÍÎMMÍM‹Ì‹ŒNMMMBŽLËMÌ‹ŒÌLÍKLMŒÌMÌÎNKÌKŽMLÎLMÌ‚ŽMMMÌMLÍÌÌM‹LMŽLÎÎNKÌKŽLÌÌÍNBŽMKLÍ‹ÌŽLMÎLML‹ŒÍŽMÍKÌKÎÍBŽM‹LNŒMNLŒ‹LMMŒŒÍLÍNNKÌKÍÌLÂŽMËMŒLÍLYKLLËLMMŽLLL‹ÌKÌŽŒÍMŒŒ‚ŽNNŒMNLŒ‹LMMŒŒÍLÍNNKÌKÍÌLÂŽNKÍ‹ÌŽLMÎLML‹ŒÍŽMÍKÌKÎÍBŽŒMÌMLÍÌÌM‹LMŽLÎÎNKÌKŽLÌÌÍNBŽŒKÌ‹ŒÌLÍKLMŒÌMÌÎNKÌKŽMLÎLMÌ‚ŽŒ‹KŒÍMŒÌÍMËLLÎŒÍÎMMÍM‹Ì‹ŒNMMMBŽŒËLKŽLLLLÌKLLÌKŒMLŒËÌ‹ŒNLMMÍM‚ŽLŒKŒMÌLŽLŽ‹LLŒ‹ŒŒMLÌMÍKÌ‹ŒÌÍŽNÎ‚ŽKLÍKŒÍÌŒŒÌKLLL‹ŽLLŒÎLËÌ‹LÍÂŽ‹MŽLÍÌMÌMLLKŽÍŒŽÍ‹Ì‹ŽMÎBŽËMŒŽŒÎLÍËNKÍŒŒÍŽNKÌ‹ÎNMÎLNÎŽŽMÌKŒÌÍÍŒKMÍ‹NNLÌMNÌ‹ŽMŽLLŒMÂŽŽKNŒLÍÎMÍÍKMŒ‹LMMLÌÌŒ‹ÌËŒÌŒŽBŽÌNËŒMÎLŒMLËMËŒLŒÍLÌËŒMÍNNNBŽÌKNL‹ŒŒÍŒÌKLÌ‹ŒLLŽËÌËŒMMMŒÌBŽÌ‹NMKŒÍÍMNKLM‹ŒMŒŽLMŽÌËŒÌŒÎMÍÂŽÌËNM‹ŒLNÍÍÌ‹‹ŽNLÎM™KLMÌÌ‹ŒÍMLMŒMBŽÍNMKŒÍMÍLLM‹ŒMNMŒLÎMKÌÌ‹ŒÌÎLMMÂŽÍKNLKŽLNMŒKÌ‹ŒLMMLÌÌ‹ŒŽÍŽŒBŽÍ‹N‹ŽLŒŒÌKËŒŒŽNÌËÌÌ‹ŒŒÍÎNLÍ‚ŽÍËMÎKŽÍMMÌMŒÍKŒ‹LLÌÌ‹ŒMÌMŒŽL‚ŽÎMÌKŒLLŒŽMÌÌËÍ‹LÌÌÌÍŒËÌÌKŽMŒLÎMÍÍMÂŽÎKMŒŽNLNMŽËKŽMLŽÍÌÌKŽLNMÌBŽMÎŽLNŒKLKŽNLŒMLÌÌËÌÌKLŒÍLNÂŽKLÍKLÌÌÌN‹LLËŒLNÍÍÍMËÌÌKLLLŽMNŽ‹LŒKŒNMŒLLKLŒ‹ŽŽNÌMÎKÌÌKŒÌŽMÍŽLÂŽËLKMÍLMKLÌKŒÎMÍŒNLŒËÌÌKŒMÍÌŒÌ‚ŽKŒÌŽŽNNLMLËLÎŽMŒLKÌÌKŒÎÍLŒBŽKÌ‹ŒÌLÍÎÌKMNNLÌNLŽKÌÌŽLNMÎMBŽ‹MÌLNLÍÌ‹MKŒÌNMNNMÌÌŽŒŒŒŽ‚ŽËÍ‹ÌŒÍŽNNML‹LLLŒËÌÌÍLLŽMÍLÂŽNŒLMLÎMMLLÌËÌÌÌÍNNÍMÂŽKŽLŒŒNNÎLLYKLLËMMKŒÌNÌŒÍÌÌŽLŽMŽNŽLLNŒLMLÎMMLLÌËÌÌÌÍNNÍMÂŽLKLÍ‹ÌŒÍŽNNML‹LLLŒËÌÌÍLLŽMÍLÂŽL‹MMÌLNLÍÌ‹MKŒÌNMNNMÌÌŽŒŒŒŽ‚ŽLËMÌ‹ŒÌLÍÎÌKMNNLÌNLŽKÌÌŽLNMÎMBŽMNKŒÌŽŽNNLMLËLÎŽMŒLKÌÌKŒÎÍLŒBŽMKLLKMÍLMKLÌKŒÎMÍŒNLŒËÌÌKŒMÍÌŒÌ‚ŽM‹LLŒKŒNMŒLLKLŒ‹ŽŽNÌMÎKÌÌKŒÌŽMÍŽLÂŽMËLLÍKLÌÌÌN‹LLËŒLNÍÍÍMËÌÌKLLLŽMNŽNLMÎŽLNŒKLKŽNLŒMLÌÌËÌÌKLŒÍLNÂŽNKLMŒŽNLNMŽËKŽMLŽÍÌÌKŽLNMÌBŽŒLMÌKŒLLŒŽMÌÌËÍ‹LÌÌÌÍŒËÌÌKŽMŒLÎMÍÍMÂŽŒKLMÎKŽÍMMÌMŒÍKŒ‹LLÌÌ‹ŒMÌMŒŽL‚ŽŒ‹LN‹ŽLŒŒÌKËŒŒŽNÌËÌÌ‹ŒŒÍÎNLÍ‚ŽŒËLNLKŽLNMŒKÌ‹ŒLMMLÌÌ‹ŒŽÍŽŒBŽLNMKŒÍMÍLLM‹ŒMNMŒLÎMKÌÌ‹ŒÌÎLMMÂŽKLNM‹ŒLNÍÍÌ‹KÌÍMÌÙKLL‹ÌÌ‹ŒÍMLMŒMBŽ‹LNMKŒÍMÍLLLM‹ŒMNMŒLÎMKÌÌ‹ŒÌÎLMMÂŽËLNLKŽLNMŒKLÌ‹ŒLMMLËÌÌ‹ŒŽÍŽŒBŽŽLN‹ŽLŒŒÌKMËŒŒŽNÌËÌÌ‹ŒŒÍÎNLÍ‚ŽŽKLMÎKŽÍMMÌMŒÍKMŒ‹LLÌÌ‹ŒMÌMŒŽL‚ŽÌLMÌKŒLLŒŽMÌÌËMÍ‹LÌÌÌÍŒËÌÌKŽMŒLÎMÍÍMÂŽÌKLMŒŽNLNMŽËNKŽMLŽÍÌÌKŽLNMÌBŽÌ‹LMÎŽLNŒKLLKŽNLŒMLÌÌËÌÌKLŒÍLNÂŽÌËLLÍKLÌÌÌN‹LLLËŒLNÍÍÍMËÌÌKLLLŽMNŽÍLLŒKŒNMŒLLKLLŒ‹ŽŽNÌMÎKÌÌKŒÌŽMÍŽLÂŽÍKLLKMÍLMKLLÌKŒÎMÍŒNLŒËÌÌKŒMÍÌŒÌ‚ŽÍ‹NKŒÌŽŽNNLMLËLLÎŽMŒLKÌÌKŒÎÍLŒBŽÍËMÌ‹ŒÌLÍÎÌKLMNNLÌNLŽKÌÌŽLNMÎMBŽÎMMÌLNLÍÌ‹LMKŒÌNMNNMÌÌŽŒŒŒŽ‚ŽÎKLÍ‹ÌŒÍŽNNLML‹LLLŒËÌÌÍLLŽMÍLÂŽLNŒLMLÎLMMLLÌËÌÌÌÍNNÍMÂŽKMŒÍŒLLŽŒLÍ™KLLËLMMKŒÌNÌŒÍÌÌŽLŽMŽNŽ‹NŒLMLÎLMMLLÌËÌÌÌÍNNÍMÂŽËÍ‹ÌŒÍŽNNLML‹LLLŒËÌÌÍLLŽMÍLÂŽMÌLNLÍÌ‹LMKŒÌNMNNMÌÌŽŒŒŒŽ‚ŽKÌ‹ŒÌLÍÎÌKLMNNLÌNLŽKÌÌŽLNMÎMBŽ‹KŒÌŽŽNNLMLËLLÎŽMŒLKÌÌKŒÎÍLŒBŽËLKMÍLMKLLÌKŒÎMÍŒNLŒËÌÌKŒMÍÌŒÌ‚ŽLŒKŒNMŒLLKLLŒ‹ŽŽNÌMÎKÌÌKŒÌŽMÍŽLÂŽKLÍKLÌÌÌN‹LLLËŒLNÍÍÍMËÌÌKLLLŽMNŽLMÎŽLNŒKLLKŽNLŒMLÌÌËÌÌKLŒÍLNÂŽLKMŒŽNLNMŽËNKŽMLŽÍÌÌKŽLNMÌBŽL‹MÌKŒLLŒŽMÌÌËMÍ‹LÌÌÌÍŒËÌÌKŽMŒLÎMÍÍMÂŽLËMÎKŽÍMMÌMŒÍKMŒ‹LLÌÌ‹ŒMÌMŒŽL‚ŽMN‹ŽLŒŒÌKMËŒŒŽNÌËÌÌ‹ŒŒÍÎNLÍ‚ŽMKNLKŽLNMŒKLÌ‹ŒLMMLÌÌ‹ŒŽÍŽŒBŽM‹NMKŒÍMÍLLLM‹ŒMNMŒLÎMKÌÌ‹ŒÌÎLMMÂŽMËNMKÍÎŽLÌË‹ŒÍŽLMÍŽLŒÙKLMÍMËŒÎMÌÍÍ‚ŽNNMLMÎLKM‹ŒMMÍŒÎMLKÍMËŒÍÎÍŒŽNŽNKNLKNÌŒÌMKÌ‹ŒLŒMÌM‹ÍMËŒÌÎBŽLN‹MŒŽMÌ‹ËŒŽÍŒMËÍMËŒŒÍÎÎLÂŽLKMÎKŒŒŒÌNKŒ‹MMMÌÎKÍMËŒLŒŒÌŽŽL‹MÌŽÎÍŽËÍ‹ŽLÎLÍŒ‹ÍM‹ŽNŒŽLÌL‚ŽLËMŒLLLŒŒŒKKŽLŒMŒMMŒŒËÍM‹ŽNLMLÍŽLMŽLÌL‹ŒLMMLLÍÍM‹NLMNMLÂŽLKLÍKMMŽNNLLËŒMÎNLÎKÍM‹ÌÌŽLÍŽL‹LŒKŒMMKLŒËŒÌÌLLŒLKÍM‹ŒÌNMÍLBŽLËLKNNLŽLL‹LÌKLLLÌMŽÍM‹ŒMNMÌŒÎŽLKŒÌÍNMMËLÎŽNMÌMÍM‹ŒMLÌ‚ŽLKÌ‹ŒŽMÍÍËMKŒNŒÎMËÍMKŽNLLMBŽLLMÌÍMŒËMKÌLÎLÎMŽKÍMKÎÍ‚ŽLLKÍ‹ÌMLŒLMŒ‹MLËŒÌÌMLŒÌÌ‹ÍMKÌLÍMÌÂŽLL‹NŒMÌMMÍMMKŒLNN‹ÍMKÍÍŒÌŽLLËÎÌÍŒÌÙKLLËMMKÍŒÌÍŒÍKÍMKLŒÌÍŽLMLNŒMÌMMÍMMKŒLNN‹ÍMKÍÍŒÌŽLMKLÍ‹ÌMLŒLMŒ‹MLËŒÌÌMLŒÌÌ‹ÍMKÌLÍMÌÂŽLM‹MMÌÍMŒËMKÌLÎLÎMŽKÍMKÎÍ‚ŽLMËMÌ‹ŒŽMÍÍËMKŒNŒÎMËÍMKŽNLLMBŽLNNKŒÌÍNMMËLÎŽNMÌMÍM‹ŒMLÌ‚ŽLNKLLKNNLŽLL‹LÌKLLLÌMŽÍM‹ŒMNMÌŒÎŽLŒLLŒKŒMMKLŒËŒÌÌLLŒLKÍM‹ŒÌNMÍLBŽLŒKLLÍKMMŽNNLLËŒMÎNLÎKÍM‹ÌÌŽLÍŽLŒ‹LMŽLÌL‹ŒLMMLLÍÍM‹NLMNMLÂŽLŒËLMŒLLLŒŒŒKKŽLŒMŒMMŒŒËÍM‹ŽNLMLÍŽLLMÌŽÎÍŽËÍ‹ŽLÎLÍŒ‹ÍM‹ŽNŒŽLÌL‚ŽLKLMÎKŒŒŒÌNKŒ‹MMMÌÎKÍMËŒLŒŒÌŽŽL‹LN‹MŒŽMÌ‹ËŒŽÍŒMËÍMËŒŒÍÎÎLÂŽLËLNLKNÌŒÌMKÌ‹ŒLŒMÌM‹ÍMËŒÌÎBŽLŽLNMLMÎLKM‹ŒMMÍŒÎMLKÍMËŒÍÎÍŒŽNŽLŽKLNMKÍÎŽLÌËKMÍŒÌMNYKLL‹ÍMËŒÎMÌÍÍ‚ŽLÌLNMLMÎLKLM‹ŒMMÍŒÎMLKÍMËŒÍÎÍŒŽNŽLÌKLNLKNÌŒÌMKLÌ‹ŒLŒMÌM‹ÍMËŒÌÎBŽLÌ‹LN‹MŒŽMÌ‹MËŒŽÍŒMËÍMËŒŒÍÎÎLÂŽLÌËLMÎKŒŒŒÌNKMŒ‹MMMÌÎKÍMËŒLŒŒÌŽŽLÍLMÌŽÎÍŽËMÍ‹ŽLÎLÍŒ‹ÍM‹ŽNŒŽLÌL‚ŽLÍKLMŒLLLŒŒŒKNKŽLŒMŒMMŒŒËÍM‹ŽNLMLÍŽLÍ‹LMŽLÌLL‹ŒLMMLLÍÍM‹NLMNMLÂŽLÍËLLÍKMMŽNNLLLËŒMÎNLÎKÍM‹ÌÌŽLÍŽLÎLLŒKŒMMKLLŒËŒÌÌLLŒLKÍM‹ŒÌNMÍLBŽLÎKLLKNNLŽLL‹LLÌKLLLÌMŽÍM‹ŒMNMÌŒÎŽMNKŒÌÍNMMËLLÎŽNMÌMÍM‹ŒMLÌ‚ŽMKMÌ‹ŒŽMÍÍËLMKŒNŒÎMËÍMKŽNLLMBŽM‹MMÌÍMŒËLMKÌLÎLÎMŽKÍMKÎÍ‚ŽMËLÍ‹ÌMLŒLMŒ‹LMLËŒÌÌMLŒÌÌ‹ÍMKÌLÍMÌÂŽMLNŒMÌMMÍLMMKŒLNN‹ÍMKÍÍŒÌŽMKMŒŒNŒÍŽYKLLËLMMKÍŒÌÍŒÍKÍMKLŒÌÍŽM‹NŒMÌMMÍLMMKŒLNN‹ÍMKÍÍŒÌŽMËÍ‹ÌMLŒLMŒ‹LMLËŒÌÌMLŒÌÌ‹ÍMKÌLÍMÌÂŽMMÌÍMŒËLMKÌLÎLÎMŽKÍMKÎÍ‚ŽMKÌ‹ŒŽMÍÍËLMKŒNŒÎMËÍMKŽNLLMBŽMLKŒÌÍNMMËLLÎŽNMÌMÍM‹ŒMLÌ‚ŽMLKLKNNLŽLL‹LLÌKLLLÌMŽÍM‹ŒMNMÌŒÎŽML‹LŒKŒMMKLLŒËŒÌÌLLŒLKÍM‹ŒÌNMÍLBŽMLËLÍKMMŽNNLLLËŒMÎNLÎKÍM‹ÌÌŽLÍŽMMMŽLÌLL‹ŒLMMLLÍÍM‹NLMNMLÂŽMMKMŒLLLŒŒŒKNKŽLŒMŒMMŒŒËÍM‹ŽNLMLÍŽMM‹MÌŽÎÍŽËMÍ‹ŽLÎLÍŒ‹ÍM‹ŽNŒŽLÌL‚ŽMMËMÎKŒŒŒÌNKMŒ‹MMMÌÎKÍMËŒLŒŒÌŽŽMNN‹MŒŽMÌ‹MËŒŽÍŒMËÍMËŒŒÍÎÎLÂŽMNKNLKNÌŒÌMKLÌ‹ŒLŒMÌM‹ÍMËŒÌÎBŽMŒNMLMÎLKLM‹ŒMMÍŒÎMLKÍMËŒÍÎÍŒŽNŽMŒKNMKŒŽLÍÍMÍ‹KÍNNNLÌÙKLMÎ‹ÌLLÎMŽMŒ‹NMŒÌÌMNLËM‹ŒMMŒÌÍÍN‹Î‹ŒÎÌLÍBŽMŒËNLKŒŒŽMŽËÌ‹ŒLŽLÍÍÎKÎ‹ŒÍÌMŽ‚ŽMN‹ŒŒMMLÎNLKËŒÍÎLŒÍMËÎ‹ŒÍMLÌÍL‚ŽMKMÎKŒÌMŒÍÎMKŒ‹MÍÍLLM‹Î‹ŒMLÍMLÌÍBŽM‹MÌŒÍŽLÎKÍ‹ÍMÍLÌŒ‹Î‹ŒÍMÍÌ‚ŽMËMŒŒÌLŽMNKLŒŒŽNÎKŽMÌŽLMÂŽMŽMÌÍLLËL‹ŒÍLŒŒŽ‹ÎKMLLŒŽMŽKLÍKŒÌLÍŒËLLËŒÍMÌMNÎKLŽNŽMÌLŒŽMŒLÍ‹LŒËŒÍNNMKÎKŒÌÌŒ‚ŽMÌKLKMLMÍLÌKŽMMÌŒŽM‹ÎKŒMŒÎM‚ŽMÌ‹KŒÍŒMÍÍLL‹LÎKŒÌÌŒÌËÎŽNŒÎMÂŽMÌËÌ‹ŒÍÎLŒÎMKMKŒÎLÍLÎŽMMLMÎBŽMÍMÌMÌÌÎMÌ‹MLŒLŒMŽÎÍMÌÍÌÍBŽMÍKÍ‹ÌŒÎÎNLMLËLLÍNLÎÌNMLLŽŽMÍ‹NŒÍÍÍÌNKMMKMÌNLŽKÎŒŒŽLÌNBŽMÍËLMÎMÍ™KLLËMM‹ŒŒÌŒÎŒNLŽNBŽMÎLNŒÍÍÍÌNKMMKMÌNLŽKÎŒŒŽLÌNBŽMÎKLÍ‹ÌŒÎÎNLMLËLLÍNLÎÌNMLLŽŽNMMÌMÌÌÎMÌ‹MLŒLŒMŽÎÍMÌÍÌÍBŽNKMÌ‹ŒÍÎLŒÎMKMKŒÎLÍLÎŽMMLMÎBŽN‹NKŒÍŒMÍÍLL‹LÎKŒÌÌŒÌËÎŽNŒÎMÂŽNËLLKMLMÍLÌKŽMMÌŒŽM‹ÎKŒMŒÎM‚ŽNLLŒŽMŒLÍ‹LŒËŒÍNNMKÎKŒÌÌŒ‚ŽNKLLÍKŒÌLÍŒËLLËŒÍMÌMNÎKLŽNŽN‹LMÌÍLLËL‹ŒÍLŒŒŽ‹ÎKMLLŒŽNËLMŒŒÌLŽMNKLŒŒŽNÎKŽMÌŽLMÂŽNLMÌŒÍŽLÎKÍ‹ÍMÍLÌŒ‹Î‹ŒÍMÍÌ‚ŽNKLMÎKŒÌMŒÍÎMKŒ‹MÍÍLLM‹Î‹ŒMLÍMLÌÍBŽNLLN‹ŒŒMMLÎNLKËŒÍÎLŒÍMËÎ‹ŒÍMLÌÍL‚ŽNLKLNLKŒŒŽMŽËÌ‹ŒLŽLÍÍÎKÎ‹ŒÍÌMŽ‚ŽNL‹LNMŒÌÌMNLËM‹ŒMMŒÌÍÍN‹Î‹ŒÎÌLÍBŽNLËLNMKŒŽLÍÍMÍ‹KLMLŒNYKLL‹Î‹ÌLLÎMŽNMLNMŒÌÌMNLËLM‹ŒMMŒÌÍÍN‹Î‹ŒÎÌLÍBŽNMKLNLKŒŒŽMŽËLÌ‹ŒLŽLÍÍÎKÎ‹ŒÍÌMŽ‚ŽNM‹LN‹ŒŒMMLÎNLKMËŒÍÎLŒÍMËÎ‹ŒÍMLÌÍL‚ŽNMËLMÎKŒÌMŒÍÎMKMŒ‹MÍÍLLM‹Î‹ŒMLÍMLÌÍBŽNNLMÌŒÍŽLÎKMÍ‹ÍMÍLÌŒ‹Î‹ŒÍMÍÌ‚ŽNNKLMŒŒÌLŽMNKNLŒŒŽNÎKŽMÌŽLMÂŒLLMÌÍLLËLL‹ŒÍLŒŒŽ‹ÎKMLLŒŒLKLLÍKŒÌLÍŒËLLLËŒÍMÌMNÎKLŽNŒL‹LLŒŽMŒLÍ‹LLŒËŒÍNNMKÎKŒÌÌŒ‚ŒLËLLKMLMÍLLÌKŽMMÌŒŽM‹ÎKŒMŒÎM‚ŒLNKŒÍŒMÍÍLL‹LLÎKŒÌÌŒÌËÎŽNŒÎMÂŒLKMÌ‹ŒÍÎLŒÎMKLMKŒÎLÍLÎŽMMLMÎBŒL‹MMÌMÌÌÎMÌ‹LMLŒLŒMŽÎÍMÌÍÌÍBŒLËLÍ‹ÌŒÎÎNLLMLËLLÍNLÎÌNMLLŽŒLLNŒÍÍÍÌNKLMMKMÌNLŽKÎŒŒŽLÌNBŒLKLËŽMÎLÌŒŒÎYKLLËLMM‹ŒŒÌŒÎŒNLŽNBŒLLNŒÍÍÍÌNKLMMKMÌNLŽKÎŒŒŽLÌNBŒLLKÍ‹ÌŒÎÎNLLMLËLLÍNLÎÌNMLLŽŒLL‹MÌMÌÌÎMÌ‹LMLŒLŒMŽÎÍMÌÍÌÍBŒLLËÌ‹ŒÍÎLŒÎMKLMKŒÎLÍLÎŽMMLMÎBŒLMKŒÍŒMÍÍLL‹LLÎKŒÌÌŒÌËÎŽNŒÎMÂŒLMKLKMLMÍLLÌKŽMMÌŒŽM‹ÎKŒMŒÎM‚ŒLM‹LŒŽMŒLÍ‹LLŒËŒÍNNMKÎKŒÌÌŒ‚ŒLMËLÍKŒÌLÍŒËLLLËŒÍMÌMNÎKLŽNŒLNMÌÍLLËLL‹ŒÍLŒŒŽ‹ÎKMLLŒŒLNKMŒŒÌLŽMNKNLŒŒŽNÎKŽMÌŽLMÂŒLŒMÌŒÍŽLÎKMÍ‹ÍMÍLÌŒ‹Î‹ŒÍMÍÌ‚ŒLŒKMÎKŒÌMŒÍÎMKMŒ‹MÍÍLLM‹Î‹ŒMLÍMLÌÍBŒLŒ‹N‹ŒŒMMLÎNLKMËŒÍÎLŒÍMËÎ‹ŒÍMLÌÍL‚ŒLŒËNLKŒŒŽMŽËLÌ‹ŒLŽLÍÍÎKÎ‹ŒÍÌMŽ‚ŒLNMŒÌÌMNLËLM‹ŒMMŒÌÍÍN‹Î‹ŒÎÌLÍBŒLKNMŽLMÌKKŒŒLŒLÍYKLMËMLMLMŒL‹NLËŽÌŒLÌNKM‹ŒMMLNN‹ËÍNMMÍŒLËNLŽNMN‹Ì‹ŒLÎLÌÌŽL‹ËMŒŒÌŒ‚ŒLŽNKŽŽLLŽ‹ËÎNÍÌÌËŒÌMÎLŒÎÂŒLŽKMÎKŒLÍÌÍŒKŒ‹ŒŒÌÎM‹ËŒNLŒÍŽMBŒLÌMÌŒÎMMLKÍ‹ŽLÌLÌKËŒÌÎMÎŒLÌKMŒŒLLŒÌMLËLŒLNŒK‹ŽNMNLÍŒLÌ‹MŒÌÌML‹ŒÎMÌ‹ÌÍMŒLÌËLÍKŒNMŒÍLMÎKLLËMLŽMK‹ÌLMÎBŒLÍLŒŽŽMÍŽLŒËLMÎLN‹ŒŽMNÌÍŒBŒLÍKLKLNMKLÌ‹ŒMŒLMŒŽ‹ŒLNÎLMÍÍÂŒLÍ‹KŒÌMLÎKÍÍŒMKKŽMNM‚ŒLÍËÌ‹ŒMÍŒMŽÌ‹MKÎŽMM‹KŽNLLŒLŒ‚ŒLÎMÌÌÎKMLMMÍÌŒÌÎKÌŒÍŽÌÌBŒLÎKÍ‹ÌÌÍMÌÍ‹MLËŽMÌÎLNKŒŒÌÌLÍŽŒLNLMŒÍÌNMMM‹ŒMMÍMKKMÌMÌŒ‚ŒLKŒLMŒŽŒŽNLÙKLLËMM‹ÌLLŽNNKMMLÎÍLÂŒL‹LNLMŒÍÌNMMM‹ŒMMÍMKKMÌMÌŒ‚ŒLËLÍ‹ÌÌÍMÌÍ‹MLËŽMÌÎLNKŒŒÌÌLÍŽŒLMMÌÌÎKMLMMÍÌŒÌÎKÌŒÍŽÌÌBŒLKMÌ‹ŒMÍŒMŽÌ‹MKÎŽMM‹KŽNLLŒLŒ‚ŒL‹NKŒÌMLÎKÍÍŒMKKŽMNM‚ŒLËLLKLNMKLÌ‹ŒMŒLMŒŽ‹ŒLNÎLMÍÍÂŒLLLŒŽŽMÍŽLŒËLMÎLN‹ŒŽMNÌÍŒBŒLKLLÍKŒNMŒÍLMÎKLLËMLŽMK‹ÌLMÎBŒLLLMŒÌÌML‹ŒÎMÌ‹ÌÍMŒLLKLMŒŒLLŒÌMLËLŒLNŒK‹ŽNMNLÍŒLL‹LMÌŒÎMMLKÍ‹ŽLÌLÌKËŒÌÎMÎŒLLËLMÎKŒLÍÌÍŒKŒ‹ŒŒÌÎM‹ËŒNLŒÍŽMBŒLMLNKŽŽLLŽ‹ËÎNÍÌÌKËŒÌMÎLŒÎÂŒLMKLNLŽNMN‹Ì‹ŒLÎLÌÌŽL‹ËMŒŒÌŒ‚ŒLM‹LNLËŽÌŒLÌNKM‹ŒMMLNN‹ËÍNMMÍŒLMËLNMŽLMÌKKÍLŒMÎKLL‹ËMLMLMŒLNLNLËŽÌŒLÌNKLM‹ŒMMLNN‹ËÍNMMÍŒLNKLNLŽNMN‹LÌ‹ŒLÎLÌÌŽL‹ËMŒŒÌŒ‚ŒLŒLNKŽŽLLŽ‹MËÎNÍÌÌËŒÌMÎLŒÎÂŒLŒKLMÎKŒLÍÌÍŒKMŒ‹ŒŒÌÎM‹ËŒNLŒÍŽMBŒLŒ‹LMÌŒÎMMLKMÍ‹ŽLÌLÌKËŒÌÎMÎŒLŒËLMŒŒLLŒÌMLËNLŒLNŒK‹ŽNMNLÍŒLLMŒÌÌMLL‹ŒÎMÌ‹ÌÍMŒLKLLÍKŒNMŒÍLMÎKLLLËMLŽMK‹ÌLMÎBŒL‹LLŒŽŽMÍŽLLŒËLMÎLN‹ŒŽMNÌÍŒBŒLËLLKLNMKLLÌ‹ŒMŒLMŒŽ‹ŒLNÎLMÍÍÂŒLŽNKŒÌMLLÎKÍÍŒMKKŽMNM‚ŒLŽKMÌ‹ŒMÍŒMŽÌ‹LMKÎŽMM‹KŽNLLŒLŒ‚ŒLÌMMÌÌÎKLMLMMÍÌŒÌÎKÌŒÍŽÌÌBŒLÌKLÍ‹ÌÌÍMÌÍ‹LMLËŽMÌÎLNKŒŒÌÌLÍŽŒLÌ‹LNLMŒÍÌNMLMM‹ŒMMÍMKKMÌMÌŒ‚ŒLÌËLËŽLMŒLÌŒŽYKLLËLMM‹ÌLLŽNNKMMLÎÍLÂŒLÍNLMŒÍÌNMLMM‹ŒMMÍMKKMÌMÌŒ‚ŒLÍKÍ‹ÌÌÍMÌÍ‹LMLËŽMÌÎLNKŒŒÌÌLÍŽŒLÍ‹MÌÌÎKLMLMMÍÌŒÌÎKÌŒÍŽÌÌBŒLÍËÌ‹ŒMÍŒMŽÌ‹LMKÎŽMM‹KŽNLLŒLŒ‚ŒLÎKŒÌMLLÎKÍÍŒMKKŽMNM‚ŒLÎKLKLNMKLLÌ‹ŒMŒLMŒŽ‹ŒLNÎLMÍÍÂŒLLŒŽŽMÍŽLLŒËLMÎLN‹ŒŽMNÌÍŒBŒLKLÍKŒNMŒÍLMÎKLLLËMLŽMK‹ÌLMÎBŒL‹MŒÌÌMLL‹ŒÎMÌ‹ÌÍMŒLËMŒŒLLŒÌMLËNLŒLNŒK‹ŽNMNLÍŒLMÌŒÎMMLKMÍ‹ŽLÌLÌKËŒÌÎMÎŒLKMÎKŒLÍÌÍŒKMŒ‹ŒŒÌÎM‹ËŒNLŒÍŽMBŒL‹NKŽŽLLŽ‹MËÎNÍÌÌËŒÌMÎLŒÎÂŒLËNLŽNMN‹LÌ‹ŒLÎLÌÌŽL‹ËMŒŒÌŒ‚ŒLNLËŽÌŒLÌNKLM‹ŒMMLNN‹ËÍNMMÍŒLKNMLÎÍNËŒMÍÌŒÍLÙKLMKÌ‹MLMMLÎŒLLNLËÍÍËM‹ŒMLÍŽMŒÍÍŒKÌ‹LÌLÍŒLLKNLLMLMKÌ‹ŒLLŒMŽNLÎÌ‹ÍMMÍBŒLL‹NKNNÍËNLLLŽMKÌ‹ŒÍLMNÍÂŒLLËMÎŽÎLÍÎNŒ‹ŒÌÌÌÌÍL‹Ì‹ŒŒŽŒNLBŒLMMÌŒLÍÍÌKÍ‹ŽŒLÌÍNLËÌ‹ŒÍÌBŒLMKMNKŽMNŒÍLŒŒÍŒLKÌKŽÎMŒŒŽŒLM‹MŒMNLL‹L‹LŽÌMÌKŽŒÌLŽŒLMËLÍKŒÌÌÌŒKLLËÍMÎLŽLÌKMMŒMÂŒLNLŒÎÎNNLŒËÍÍNÎM‹ÌKŒŽŒŒÌÍNÂŒLNKLKŒÌËLÌ‹MMLŽÌKŒMŽNŒLLKŒŒNNÌŒ‹MŒÌŒLŒËÌŽLLŒŽMBŒLLKÌ‹ŒLŽLÌNLNM‹ŒNNMÎÌÌÍÍÍÍÍ‚ŒLL‹MŽNLÌLMÌËMLKŒLŒKÌNMNLŒLLËÍ‹ÌLÌMÍLŒKMMMMNKÌMÌÌLMÌBŒLLNNMKMM‹LLL‹ÌLMMŒLLKËŽLÍNNLL™KLLËMMËŒŒMÌŽMKÌNÍLŒÂŒLL‹LNNMKMM‹LLL‹ÌLMMŒLLËLÍ‹ÌLÌMÍLŒKMMMMNKÌMÌÌLMÌBŒLLMMŽNLÌLMÌËMLKŒLŒKÌNMNLŒLLKMÌ‹ŒLŽLÌNLNM‹ŒNNMÎÌÌÍÍÍÍÍ‚ŒLLLNKŒŒNNÌŒ‹MŒÌŒLŒËÌŽLLŒŽMBŒLLLKLLKŒÌËLÌ‹MMLŽÌKŒMŽNŒLLL‹LLŒÎÎNNLŒËÍÍNÎM‹ÌKŒŽŒŒÌÍNÂŒLLLËLLÍKŒÌÌÌŒKLLËÍMÎLŽLÌKMMŒMÂŒLLMLMŒMNLL‹L‹LŽÌMÌKŽŒÌLŽŒLLMKLMNKŽMNŒÍLŒŒÍŒLKÌKŽÎMŒŒŽŒLLM‹LMÌŒLÍÍÌKÍ‹ŽŒLÌÍNLËÌ‹ŒÍÌBŒLLMËLMÎŽÎLÍÎNŒ‹ŒÌÌÌÌÍL‹Ì‹ŒŒŽŒNLBŒLLNLNKNNÍËNLLLŽMKÌ‹ŒÍLMNÍÂŒLLNKLNLLMLMKÌ‹ŒLLŒMŽNLÎÌ‹ÍMMÍBŒLLŒLNLËÍÍËM‹ŒMLÍŽMŒÍÍŒKÌ‹LÌLÍŒLLŒKLNMLÎÍNKŒLÌ™KLL‹Ì‹MLMMLÎŒLLŒ‹LNLËÍÍËLM‹ŒMLÍŽMŒÍÍŒKÌ‹LÌLÍŒLLŒËLNLLMLMKLÌ‹ŒLLŒMŽNLÎÌ‹ÍMMÍBŒLLLNKNNÍMËNLLLŽMKÌ‹ŒÍLMNÍÂŒLLKLMÎŽÎLÍÎNMŒ‹ŒÌÌÌÌÍL‹Ì‹ŒŒŽŒNLBŒLL‹LMÌŒLÍÍÌKMÍ‹ŽŒLÌÍNLËÌ‹ŒÍÌBŒLLËLMNKŽMNŒÍNLŒŒÍŒLKÌKŽÎMŒŒŽŒLLŽLMŒMNLL‹LL‹LŽÌMÌKŽŒÌLŽŒLLŽKLLÍKŒÌÌÌŒKLLLËÍMÎLŽLÌKMMŒMÂŒLLÌLLŒÎÎNNLLŒËÍÍNÎM‹ÌKŒŽŒŒÌÍNÂŒLLÌKLLKŒÌËLLÌ‹MMLŽÌKŒMŽNŒLLÌ‹NKŒŒNNÌŒ‹LMŒÌŒLŒËÌŽLLŒŽMBŒLLÌËMÌ‹ŒLŽLÌNLNLM‹ŒNNMÎÌÌÍÍÍÍÍ‚ŒLLÍMMŽNLÌLMÌËLMLKŒLŒKÌNMNLŒLLÍKLÍ‹ÌLÌMÍLŒKLMMMMNKÌMÌÌLMÌBŒLLÍ‹LNNMKLMM‹LLL‹ÌLMMŒLLÍËLËŒŒMMÍŒÙKLLËLMMËŒŒMÌŽMKÌNÍLŒÂŒLLÎNNMKLMM‹LLL‹ÌLMMŒLLÎKÍ‹ÌLÌMÍLŒKLMMMMNKÌMÌÌLMÌBŒLMMŽNLÌLMÌËLMLKŒLŒKÌNMNLŒLMKÌ‹ŒLŽLÌNLNLM‹ŒNNMÎÌÌÍÍÍÍÍ‚ŒLM‹KŒŒNNÌŒ‹LMŒÌŒLŒËÌŽLLŒŽMBŒLMËLKŒÌËLLÌ‹MMLŽÌKŒMŽNŒLMLŒÎÎNNLLŒËÍÍNÎM‹ÌKŒŽŒŒÌÍNÂŒLMKLÍKŒÌÌÌŒKLLLËÍMÎLŽLÌKMMŒMÂŒLM‹MŒMNLL‹LL‹LŽÌMÌKŽŒÌLŽŒLMËMNKŽMNŒÍNLŒŒÍŒLKÌKŽÎMŒŒŽŒLMMÌŒLÍÍÌKMÍ‹ŽŒLÌÍNLËÌ‹ŒÍÌBŒLMKMÎŽÎLÍÎNMŒ‹ŒÌÌÌÌÍL‹Ì‹ŒŒŽŒNLBŒLMLNKNNÍMËNLLLŽMKÌ‹ŒÍLMNÍÂŒLMLKNLLMLMKLÌ‹ŒLLŒMŽNLÎÌ‹ÍMMÍBŒLML‹NLËÍÍËLM‹ŒMLÍŽMŒÍÍŒKÌ‹LÌLÍŒLMLËNLËŽMÎLMLÌ‹ËMLÍ™KLMËMËŒMŒLŒÍ‚ŒLMMNL‹ŽNÍNŒ‹M‹ŒMLŒÌNÎM‹MËNLÌŽNŒLMMKNLŒLLNKÌ‹ŒLÎLÌMËLŒŒM‚ŒLMM‹NKŒLÍLL‹ËÌLNÌKMËMÍLÍÍMBŒLMMËMÎŒÍLŒLÎKŒ‹MMMLLMMËŒÌMMÍ‚ŒLMNMŽKŽMMKÍ‹ŽLMMLMÌ‹MËŒNŒÍÂŒLMNKMNKLLŽLLŒÌÍÌŽLLM‹ŽLŒÍMŒBŒLMŒMËŽMÎŽMÌML‹ŽLÍÍM‹M‹ŽLLNLLÂŒLMŒKLÍŽMLLÍMLLËŽMNLÍÍŒÎNM‹ÎÌÌÍBŒLMŒ‹LŒŽMMNLÍMÌ‹LŒÌÌÌLËM‹ŒÌÌMŒNLÂŒLMŒËLKŒÎLŒŽL‹LÌ‹ŽLÌËM‹ŒŽLMNMLBŒLMKŒNLÎLŽMMŒŽMKŽÍÍBŒLMKÌ‹ŒŒÎŒÍËM‹ŒÌÌMMŒŒËMKÌÌMÍBŒLM‹MŽMÎMÌŽKMLKÌMÌLÍL‹MKŒLLÎÎBŒLMËÍ‹ÌŒŽŒŽKMMŽMNÌŒKMKLLNÌÂŒLMŽNÍLMMMËŒÍLŒÌM‹MKMN‚ŒLMŽKËŒMŽMLMMÙKLLËMMËÍNÌÌŒËMKÍMÌÎM‚ŒLMÌLNÍLMMMËŒÍLŒÌM‹MKMN‚ŒLMÌKLÍ‹ÌŒŽŒŽKMMŽMNÌŒKMKLLNÌÂŒLMÌ‹MMŽMÎMÌŽKMLKÌMÌLÍL‹MKŒLLÎÎBŒLMÌËMÌ‹ŒŒÎŒÍËM‹ŒÌÌMMŒŒËMKÌÌMÍBŒLMÍNKŒNLÎLŽMMŒŽMKŽÍÍBŒLMÍKLLKŒÎLŒŽL‹LÌ‹ŽLÌËM‹ŒŽLMNMLBŒLMÍ‹LLŒŽMMNLÍMÌ‹LŒÌÌÌLËM‹ŒÌÌMŒNLÂŒLMÍËLLÍŽMLLÍMLLËŽMNLÍÍŒÎNM‹ÎÌÌÍBŒLMÎLMËŽMÎŽMÌML‹ŽLÍÍM‹M‹ŽLLNLLÂŒLMÎKLMNKLLŽLLŒÌÍÌŽLLM‹ŽLŒÍMŒBŒLNLMŽKŽMMKÍ‹ŽLMMLMÌ‹MËŒNŒÍÂŒLNKLMÎŒÍLŒLÎKŒ‹MMMLLMMËŒÌMMÍ‚ŒLN‹LNKŒLÍLL‹ËÌLNÌKMËMÍLÍÍMBŒLNËLNLŒLLNKÌ‹ŒLÎLÌMËLŒŒM‚ŒLNLNL‹ŽNÍNŒ‹M‹ŒMLŒÌNÎMËMËNLÌŽNŒLNKLNLËŽMÎLMLÌ‹KLÍMŒŒL™KLL‹MËŒMŒLŒÍ‚ŒLN‹LNL‹ŽNÍNŒ‹LM‹ŒMLŒÌNÎM‹MËNLÌŽNŒLNËLNLŒLLNKLÌ‹ŒLÎLÌMËLŒŒM‚ŒLNLNKŒLÍLL‹MËÌLNÌKMËMÍLÍÍMBŒLNKLMÎŒÍLŒLÎKMŒ‹MMMLLMMËŒÌMMÍ‚ŒLNLLMŽKŽMMKMÍ‹ŽLMMLMÌ‹MËŒNŒÍÂŒLNLKLMNKLLŽLNLŒÌÍÌŽLLM‹ŽLŒÍMŒBŒLNL‹LMËŽMÎŽMÌMLL‹ŽLÍÍM‹M‹ŽLLNLLÂŒLNLËLLÍŽMLLÍMLLLËŽMNLÍÍŒÎNM‹ÎÌÌÍBŒLNMLLŒŽMMNLÍMÌ‹LLŒÌÌÌLËM‹ŒÌÌMŒNLÂŒLNMKLLKŒÎLŒŽL‹LLÌ‹ŽLÌËM‹ŒŽLMNMLBŒLNM‹NKŒNLÎLŽLMMŒŽMKŽÍÍBŒLNMËMÌ‹ŒŒÎŒÍËLM‹ŒÌÌMMŒŒËMKÌÌMÍBŒLNNMMŽMÎMÌŽKLMLKÌMÌLÍL‹MKŒLLÎÎBŒLNNKLÍ‹ÌŒŽŒŽKLMMŽMNÌŒKMKLLNÌÂŒLŒLNÍLMLMMËŒÍLŒÌM‹MKMN‚ŒLŒKLËŒÎLÍŒÍNYKLLËLMMËÍNÌÌŒËMKÍMÌÎM‚ŒLŒ‹NÍLMLMMËŒÍLŒÌM‹MKMN‚ŒLŒËÍ‹ÌŒŽŒŽKLMMŽMNÌŒKMKLLNÌÂŒLŒMŽMÎMÌŽKLMLKÌMÌLÍL‹MKŒLLÎÎBŒLŒKÌ‹ŒŒÎŒÍËLM‹ŒÌÌMMŒŒËMKÌÌMÍBŒLŒ‹KŒNLÎLŽLMMŒŽMKŽÍÍBŒLŒËLKŒÎLŒŽL‹LLÌ‹ŽLÌËM‹ŒŽLMNMLBŒLŒLŒŽMMNLÍMÌ‹LLŒÌÌÌLËM‹ŒÌÌMŒNLÂŒLŒKLÍŽMLLÍMLLLËŽMNLÍÍŒÎNM‹ÎÌÌÍBŒLŒLMËŽMÎŽMÌMLL‹ŽLÍÍM‹M‹ŽLLNLLÂŒLŒLKMNKLLŽLNLŒÌÍÌŽLLM‹ŽLŒÍMŒBŒLŒL‹MŽKŽMMKMÍ‹ŽLMMLMÌ‹MËŒNŒÍÂŒLŒLËMÎŒÍLŒLÎKMŒ‹MMMLLMMËŒÌMMÍ‚ŒLŒMNKŒLÍLL‹MËÌLNÌKMËMÍLÍÍMBŒLŒMKNLŒLLNKLÌ‹ŒLÎLÌMËLŒŒM‚ŒLŒM‹NL‹ŽNÍNŒ‹LM‹ŒMLŒÌNÎM‹MËNLÌŽNŒLŒMËNLËÌLÌLMŒKËÌÍLŒŒÍÙKLMK‹ŽMLÌÌŒMŒLŒNNL‹ŽÌ‹M‹ŒMLÎMÌ‹‹ŒLÎLMLMBŒLŒNKNKLÍÍÍÌLLËÌ‹ŒLÎLÌÎK‹NLLŒÂŒLŒŒNÍÍŒÎÍËŽÍMMÎLÍK‹ÍMŽBŒLŒŒKMÍËŽMÌMËŒ‹ŽNNMÍŒŽK‹ŒÌŒLŒÌÍ‚ŒLŒŒ‹MŽKLMÍL‹Í‹ŽNLÎÎNÌK‹ŒLÍNLMMŒBŒLŒŒËMNKŒÎMÎNÍLM‹LNNLLMŒŽMKKŽLÌNMM‚ŒLŒMËÎMŒËL‹ŽLŒŽMŽMÍKÌMBŒLŒKLÍŽLŽMLKLMŒNMÍÍŒÎKÍMÌÌLÌŒÂŒLŒ‹LŒNNÌÌËLŒÌÍLÍ‹KŒLLŽMÎLŒLŒËLKŒÌÌÎMLÌËŒŒÌÌÌNMŒËKŒÎLNMÍŒÂŒLŒŽKŒMLÌNMÍ‹MŽŽMMÍŽMKŽŽMÌ‚ŒLŒŽKÌ‹ŒŒŒMMÍŽN‹MËŒŒÍŽLLÌ‚ŒLŒÌMŽLÍŒŒÌ‹MLKŽMÍŒÎÌŽMKMŽÍÂŒLŒÌKÍ‹ÌŽMLŒÎKMMKLŒLŽÎNŽŒLŒÌ‹NÍÍMÌMMMËNŒŽMÎKŒÎÍLLMNBŒLŒÌËËŒLLŒÎMLYKLLËMNŒŽLNÌMÍ‹ŒÍÌNNŽBŒLŒÍLNÍÍMÌMMMËNŒŽMÎKŒÎÍLLMNBŒLŒÍKLÍ‹ÌŽMLŒÎKMMKLŒLŽÎNŽŒLŒÍ‹MMŽLÍŒŒÌ‹MLKŽMÍŒÎÌŽMKMŽÍÂŒLŒÍËMÌ‹ŒŒŒMMÍŽN‹MËŒŒÍŽLLÌ‚ŒLŒÎNKŒMLÌNMÍ‹MŽŽMMÍŽMKŽŽMÌ‚ŒLŒÎKLLKŒÌÌÎMLÌËŒŒÌÌÌNMŒËKŒÎLNMÍŒÂŒLLLŒNNÌÌËLŒÌÍLÍ‹KŒLLŽMÎLŒLKLLÍŽLŽMLKLMŒNMÍÍŒÎKÍMÌÌLÌŒÂŒL‹LMËÎMŒËL‹ŽLŒŽMŽMÍKÌMBŒLËLMNKŒÎMÎNÍLM‹LNNLLMŒŽMKKŽLÌNMM‚ŒLLMŽKLMÍL‹Í‹ŽNLÎÎNÌK‹ŒLÍNLMMŒBŒLKLMÍËŽMÌMËŒ‹ŽNNMÍŒŽK‹ŒÌŒLŒÌÍ‚ŒL‹LNÍÍŒÎÍËŽÍMMÎLÍK‹ÍMŽBŒLËLNKLÍÍÍÌLLËÌ‹ŒLÎLÌÎK‹NLLŒÂŒLLNL‹ŽÌ‹M‹ŒMLÎMÌ‹‹ŒLÎLMLMBŒLKLNLËÌLÌLMŒKKLMMÍL™KLL‹‹ŽMLÌÌŒMŒLLLNL‹ŽÌ‹LM‹ŒMLÎMÌ‹‹ŒLÎLMLMBŒLLKLNKLÍÍÍÌLLËLÌ‹ŒLÎLÌÎK‹NLLŒÂŒLL‹LNÍÍŒÎÍMËŽÍMMÎLÍK‹ÍMŽBŒLLËLMÍËŽMÌMËMŒ‹ŽNNMÍŒŽK‹ŒÌŒLŒÌÍ‚ŒLMLMŽKLMÍL‹MÍ‹ŽNLÎÎNÌK‹ŒLÍNLMMŒBŒLMKLMNKŒÎMÎNÍLM‹NLNNLLMŒŽMKKŽLÌNMM‚ŒLM‹LMËÎMŒËLL‹ŽLŒŽMŽMÍKÌMBŒLMËLLÍŽLŽMLKLLMŒNMÍÍŒÎKÍMÌÌLÌŒÂŒLNLLŒNNÌÌËLLŒÌÍLÍ‹KŒLLŽMÎLŒLNKLLKŒÌÌÎMLLÌËŒŒÌÌÌNMŒËKŒÎLNMÍŒÂŒLŒNKŒMLÌNMÍ‹LMŽŽMMÍŽMKŽŽMÌ‚ŒLŒKMÌ‹ŒŒŒMMÍŽN‹LMËŒŒÍŽLLÌ‚ŒLŒ‹MMŽLÍŒŒÌ‹LMLKŽMÍŒÎÌŽMKMŽÍÂŒLŒËLÍ‹ÌŽMLŒÎKLMMKLŒLŽÎNŽŒLLNÍÍMÌMLMMËNŒŽMÎKŒÎÍLLMNBŒLKLËŒŒLÍLÍŒÌÌÙKLLËLMNŒŽLNÌMÍ‹ŒÍÌNNŽBŒL‹NÍÍMÌMLMMËNŒŽMÎKŒÎÍLLMNBŒLËÍ‹ÌŽMLŒÎKLMMKLŒLŽÎNŽŒLŽMŽLÍŒŒÌ‹LMLKŽMÍŒÎÌŽMKMŽÍÂŒLŽKÌ‹ŒŒŒMMÍŽN‹LMËŒŒÍŽLLÌ‚ŒLÌKŒMLÌNMÍ‹LMŽŽMMÍŽMKŽŽMÌ‚ŒLÌKLKŒÌÌÎMLLÌËŒŒÌÌÌNMŒËKŒÎLNMÍŒÂŒLÌ‹LŒNNÌÌËLLŒÌÍLÍ‹KŒLLŽMÎLŒLÌËLÍŽLŽMLKLLMŒNMÍÍŒÎKÍMÌÌLÌŒÂŒLÍMËÎMŒËLL‹ŽLŒŽMŽMÍKÌMBŒLÍKMNKŒÎMÎNÍLM‹NLNNLLMŒŽMKKŽLÌNMM‚ŒLÍ‹MŽKLMÍL‹MÍ‹ŽNLÎÎNÌK‹ŒLÍNLMMŒBŒLÍËMÍËŽMÌMËMŒ‹ŽNNMÍŒŽK‹ŒÌŒLŒÌÍ‚ŒLÎNÍÍŒÎÍMËŽÍMMÎLÍK‹ÍMŽBŒLÎKNKLÍÍÍÌLLËLÌ‹ŒLÎLÌÎK‹NLLŒÂŒLŽNL‹ŽÌ‹LM‹ŒMLÎMÌ‹‹ŒLÎLMLMBŒLŽKNL‹ŽLMÍÍŒNMNMKŽMMŒYKLMKLËÍŒLMLÂŒLŽ‹NLKŽMÌŽMÎËM‹ŒMÎMŒÎNKLËÌÍLÍMLŽLÂŒLŽËNKŒŒÌÍŽLŒËÌ‹ŒLLMLËNNÍŒÍBŒLŽNŒŒMÎNKËŽMNMŒÎŒËLËLÍÍÍŽÌŒLŽKMÍËMLÎÍLÌKŒ‹ÌÍŽÍÍÌÌËLËŒÍÍŒŽMŒ‚ŒLŽ‹MŽKŒMMMÍŒLÌËÍËŒŒÎLÍÌ‹LËŒMÍÍMŒMBŒLŽËMNKŒLNMÌÌÍŒ‹LLÍÍŽŽKL‹ŽMMMMŽMBŒLŽMËMÌÍŒMKLËŒÍLÌÎKL‹ÌMÍLÌŽŒLŽKLÍLŽËLMŒMŒ‹L‹ÍMÍLÂŒLŽLLŒLLÎËLŒÎMMËL‹ŒŒÍMÎÂŒLŽLKLKŒŒMÍMMNLÌËNNMÍNLLËL‹ŒMLL‚ŒLŽL‹KŒLLŒMÌÌMMKŒLÍLLLKŽÌMLŽLBŒLŽLËÌ‹ŒNNLÌMŒLKMËMNNMÎËLKŒLMÌÌÂŒLŽMMÎÌLÌËML‹LŒÍLMËLKÍÎMŒBŒLŽMKÍ‹ÌÍML‹MM‹ŒMNM‹LKŒÍÎLÌŒLŽM‹NÌNMŒÌÍËMNŒMLLŒŽKLKŒÌMÍŽMŒÂŒLŽMË‹ŽMŽŒÎYKLLËMNŽNLŽÌKLKŒŽLŽLŒMBŒLŽNLNÌNMŒÌÍËMNŒMLLŒŽKLKŒÌMÍŽMŒÂŒLŽNKLÍ‹ÌÍML‹MM‹ŒMNM‹LKŒÍÎLÌŒLÌMMÎÌLÌËML‹LŒÍLMËLKÍÎMŒBŒLÌKMÌ‹ŒNNLÌMŒLKMËMNNMÎËLKŒLMÌÌÂŒLÌ‹NKŒLLŒMÌÌMMKŒLÍLLLKŽÌMLŽLBŒLÌËLLKŒŒMÍMMNLÌËNNMÍNLLËL‹ŒMLL‚ŒLÌLLŒLLÎËLŒÎMMËL‹ŒŒÍMÎÂŒLÌKLLÍLŽËLMŒMŒ‹L‹ÍMÍLÂŒLÌ‹LMËMÌÍŒMKLËŒÍLÌÎKL‹ÌMÍLÌŽŒLÌËLMNKŒLNMÌÌÍŒ‹LLÍÍŽŽKL‹ŽMMMMŽMBŒLÌLMŽKŒMMMÍŒLÌËÍËŒŒÎLÍÌ‹LËŒMÍÍMŒMBŒLÌKLMÍËMLÎÍLÌKŒ‹ÌÍŽÍÍÌÌËLËŒÍÍŒŽMŒ‚ŒLÌLLNŒŒMÎNKËŽMNMŒÎŒËLËLÍÍÍŽÌŒLÌLKLNKŒŒÌÍŽLŒËÌ‹ŒLLMLËNNÍŒÍBŒLÌL‹LNLKŽMÌŽMÎËM‹ŒMÎMŒÎNKLËÌÍLÍMLŽLÂŒLÌLËLNL‹ŽLMÍÍŒNMNKLNLÌÎŒ™KLL‹LËÍŒLMLÂŒLÌMLNLKŽMÌŽMÎËLM‹ŒMÎMŒÎNKLËÌÍLÍMLŽLÂŒLÌMKLNKŒŒÌÍŽLŒËLÌ‹ŒLLMLËNNÍŒÍBŒLÌM‹LNŒŒMÎNKMËŽMNMŒÎŒËLËLÍÍÍŽÌŒLÌMËLMÍËMLÎÍLÌKMŒ‹ÌÍŽÍÍÌÌËLËŒÍÍŒŽMŒ‚ŒLÌNLMŽKŒMMMÍŒLÌËMÍËŒŒÎLÍÌ‹LËŒMÍÍMŒMBŒLÌNKLMNKŒLNMÌÌÍŒ‹NLLÍÍŽŽKL‹ŽMMMMŽMBŒLÌŒLMËMÌÍŒMKLLËŒÍLÌÎKL‹ÌMÍLÌŽŒLÌŒKLLÍLŽËLLMŒMŒ‹L‹ÍMÍLÂŒLÌŒ‹LLŒLLÎËLLŒÎMMËL‹ŒŒÍMÎÂŒLÌŒËLLKŒŒMÍMMNLLÌËNNMÍNLLËL‹ŒMLL‚ŒLÌNKŒLLŒMÌÌMLMKŒLÍLLLKŽÌMLŽLBŒLÌKMÌ‹ŒNNLÌMŒLKLMËMNNMÎËLKŒLMÌÌÂŒLÌ‹MMÎÌLÌËLML‹LŒÍLMËLKÍÎMŒBŒLÌËLÍ‹ÌÍML‹LMM‹ŒMNM‹LKŒÍÎLÌŒLÌŽLNÌNMŒÌÍËLMNŒMLLŒŽKLKŒÌMÍŽMŒÂŒLÌŽKL‹ŽMMÌÎMŒ™KLLËLMNŽNLŽÌKLKŒŽLŽLŒMBŒLÌÌNÌNMŒÌÍËLMNŒMLLŒŽKLKŒÌMÍŽMŒÂŒLÌÌKÍ‹ÌÍML‹LMM‹ŒMNM‹LKŒÍÎLÌŒLÌÌ‹MÎÌLÌËLML‹LŒÍLMËLKÍÎMŒBŒLÌÌËÌ‹ŒNNLÌMŒLKLMËMNNMÎËLKŒLMÌÌÂŒLÌÍKŒLLŒMÌÌMLMKŒLÍLLLKŽÌMLŽLBŒLÌÍKLKŒŒMÍMMNLLÌËNNMÍNLLËL‹ŒMLL‚ŒLÌÍ‹LŒLLÎËLLŒÎMMËL‹ŒŒÍMÎÂŒLÌÍËLÍLŽËLLMŒMŒ‹L‹ÍMÍLÂŒLÌÎMËMÌÍŒMKLLËŒÍLÌÎKL‹ÌMÍLÌŽŒLÌÎKMNKŒLNMÌÌÍŒ‹NLLÍÍŽŽKL‹ŽMMMMŽMBŒLÍMŽKŒMMMÍŒLÌËMÍËŒŒÎLÍÌ‹LËŒMÍÍMŒMBŒLÍKMÍËMLÎÍLÌKMŒ‹ÌÍŽÍÍÌÌËLËŒÍÍŒŽMŒ‚ŒLÍ‹NŒŒMÎNKMËŽMNMŒÎŒËLËLÍÍÍŽÌŒLÍËNKŒŒÌÍŽLŒËLÌ‹ŒLLMLËNNÍŒÍBŒLÍNLKŽMÌŽMÎËLM‹ŒMÎMŒÎNKLËÌÍLÍMLŽLÂŒLÍKNL‹ŒÌLNÌŽËNKŒMNMLŽMÎLÙKLMKLÌ‹ŽŒMÍLNBŒLÍ‹NLKŒÍLÎNLKM‹ŒMLMMLLÍKLÌ‹ŽMLMÍMÂŒLÍËNNLKÌ‹ŒLLMKLÌ‹ÌÍLŒÎLŒLÍNËŽNLÎËËÌÌMMKLÌ‹ŒNMŒMŒL‚ŒLÍKMÍËŒLŽLÌMŒ‹ÍÌŽLMËLÌ‹ÌŽMLŽM‚ŒLÍLMŽÍÌÌMÍLLËÍËŒLÍÌNNŒ‹LÌ‹ŒŒŒÍÌMNLÍÂŒLÍLKMNŽLLLÌÌÌKLNMLŒŒ‹LÌKŽNÌÍ‚ŒLÍL‹MËŒÌÌÌŽŽŽKLËŒŒLMLÍŒŒ‹LÌKÌÌÍŒMÎBŒLÍLËLÍÌLLMÌKLMÍŒŒNMËLÌKÌÌÍÍMMÂŒLÍMLŒŒÍÌŒŒLËLŽMŒÍÌÍKLÌKŒŒMÌMÌÍMNŒLÍMKLKŒNLMŽLŽLÌËŽNLŒŒ‹LÌŽMÍLMLÂŒLÍM‹KŒMŒLKMKÌÍMŽKLÌÍMNÎN‚ŒLÍMËÌ‹ŒMÍÌNLÍÌKMŒŒMLKLÌMÌŒÍMŒLÍNMŒÍÍËMLËŒÌNLLŽNKLÌMMNL‚ŒLÍNKÍ‹ŽNŽLMMŽL‹MM‹NMMÎNLËLÌŒÌÌÍÍLBŒLÍŒNMLÍMNËMNÌÎLMN‹LÌŒŒÍLÍLL‚ŒLÍŒK‹ŽÍÌŽNLMÎKLLËMNKMÍÌKLÌŒŒLLÍBŒLÍŒ‹LNMLÍMNËMNÌÎLMN‹LÌŒŒÍLÍLL‚ŒLÍŒËLÍ‹ŽNŽLMMŽL‹MM‹NMMÎNLËLÌŒÌÌÍÍLBŒLÍMMŒÍÍËMLËŒÌNLLŽNKLÌMMNL‚ŒLÍKMÌ‹ŒMÍÌNLÍÌKMŒŒMLKLÌMÌŒÍMŒLÍ‹NKŒMŒLMKÌÍMŽKLÌÍMNÎN‚ŒLÍËLLKŒNLMŽLŽLÌËŽNLŒŒ‹LÌŽMÍLMLÂŒLÍŽLLŒŒÍÌŒŒLËLŽMŒÍÌÍKLÌKŒŒMÌMÌÍMNŒLÍŽKLLÍÌLLMÌKLMÍŒŒNMËLÌKÌÌÍÍMMÂŒLÍÌLMËŒÌÌÌŽŽŽKLËŒŒLMLÍŒŒ‹LÌKÌÌÍŒMÎBŒLÍÌKLMNŽLLLÌÌÌKLNMLŒŒ‹LÌKŽNÌÍ‚ŒLÍÌ‹LMŽÍÌÌMÍLLËÍËŒLÍÌNNŒ‹LÌ‹ŒŒŒÍÌMNLÍÂŒLÍÌËLMÍËŒLŽLÌMŒ‹ÍÌŽLMËLÌ‹ÌŽMLŽM‚ŒLÍÍLNËŽNLÎËËÌÌMMKLÌ‹ŒNMŒMŒL‚ŒLÍÍKLNNLKÌ‹ŒLLMKLÌ‹ÌÍLŒÎLŒLÍÍ‹LNLKŒÍLÎNLKM‹ŒMLMMLLÍKLÌ‹ŽMLMÍMÂŒLÍÍËLNL‹ŒÌLNÌŽËKÍÌÍÍŽKLL‹LÌ‹ŽŒMÍLNBŒLÍÎLNLKŒÍLÎNLKLM‹ŒMLMMLLÍKLÌ‹ŽMLMÍMÂŒLÍÎKLNNLKLÌ‹ŒLLMKLÌ‹ÌÍLŒÎLŒLÎLNËŽNLÎËMËÌÌMMKLÌ‹ŒNMŒMŒL‚ŒLÎKLMÍËŒLŽLÌMMŒ‹ÍÌŽLMËLÌ‹ÌŽMLŽM‚ŒLÎ‹LMŽÍÌÌMÍLLËMÍËŒLÍÌNNŒ‹LÌ‹ŒŒŒÍÌMNLÍÂŒLÎËLMNŽLLLÌÌÌKNLNMLŒŒ‹LÌKŽNÌÍ‚ŒLÎLMËŒÌÌÌŽŽŽKLLËŒŒLMLÍŒŒ‹LÌKÌÌÍŒMÎBŒLÎKLLÍÌLLMÌKLLMÍŒŒNMËLÌKÌÌÍÍMMÂŒLÎ‹LLŒŒÍÌŒŒLËLLŽMŒÍÌÍKLÌKŒŒMÌMÌÍMNŒLÎËLLKŒNLMŽLŽLLÌËŽNLŒŒ‹LÌŽMÍLMLÂŒLÎNKŒMŒLKLMKÌÍMŽKLÌÍMNÎN‚ŒLÎKMÌ‹ŒMÍÌNLÍÌKLMŒŒMLKLÌMÌŒÍMŒLÎLMMŒÍÍËLMLËŒÌNLLŽNKLÌMMNL‚ŒLÎLKLÍ‹ŽNŽLMMŽL‹LMM‹NMMÎNLËLÌŒÌÌÍÍLBŒLÎL‹LNMLÍMNËLMNÌÎLMN‹LÌŒŒÍLÍLL‚ŒLÎLËL‹ÌŽLŒMŽLÌÙKLLËLMNKMÍÌKLÌŒŒLLÍBŒLÎMNMLÍMNËLMNÌÎLMN‹LÌŒŒÍLÍLL‚ŒLÎMKÍ‹ŽNŽLMMŽL‹LMM‹NMMÎNLËLÌŒÌÌÍÍLBŒLÎM‹MŒÍÍËLMLËŒÌNLLŽNKLÌMMNL‚ŒLÎMËÌ‹ŒMÍÌNLÍÌKLMŒŒMLKLÌMÌŒÍMŒLÎNKŒMŒLLMKÌÍMŽKLÌÍMNÎN‚ŒLÎNKLKŒNLMŽLŽLLÌËŽNLŒŒ‹LÌŽMÍLMLÂŒMLŒŒÍÌŒŒLËLLŽMŒÍÌÍKLÌKŒŒMÌMÌÍMNŒMKLÍÌLLMÌKLLMÍŒŒNMËLÌKÌÌÍÍMMÂŒM‹MËŒÌÌÌŽŽŽKLLËŒŒLMLÍŒŒ‹LÌKÌÌÍŒMÎBŒMËMNŽLLLÌÌÌKNLNMLŒŒ‹LÌKŽNÌÍ‚ŒMMŽÍÌÌMÍLLËMÍËŒLÍÌNNŒ‹LÌ‹ŒŒŒÍÌMNLÍÂŒMKMÍËŒLŽLÌMMŒ‹ÍÌŽLMËLÌ‹ÌŽMLŽM‚ŒM‹NËŽNLÎËMËÌÌMMKLÌ‹ŒNMŒMŒL‚ŒMËNNLKLÌ‹ŒLLMKLÌ‹ÌÍLŒÎLŒMNLKŒÍLÎNLKLM‹ŒMLMMLLÍKLÌ‹ŽMLMÍMÂŒMKNLKMMŽÍ‹LKŒLMNLMMMÙKLMMMËŽLŽMÍLNBŒMLNLŽNMŒMÌŒKM‹ŒMMÌNNKMMËŽLLŽBŒMLKNËŽMÌÎMŒKÌ‹ŒLÎNNLLNMMËŽMNMÌÎ‚ŒML‹NËŒLŽÍÍL‹ËÌLÍÌÎŽMËMMËÎLMŽLŒBŒMLËMÍ‹ŒLÌÌŒ‹ŽLŒLLŽMNMMËMNMŒÎŒMMMŽŒÍMÍÍŒŽKÍËŒŒMMMKMMËŒÌÍÍÌŒŽÂŒMMKMNÌÍMLÌLŒ‹LÎÎŽÍMMËŒŒŒŒŒÍŒMM‹MËŒÍLLÌÍLËLËÌÎNNLKMM‹ÍLMÌŽNBŒMMËLÍŒŽŒÌÎËLMŽMMÌŒÍKMM‹ÌÍLÌMÍŒMNLŒŒÌÌÌLÌŽKLKŒÌLÍŒÍNKMM‹ŒNNLLÍMBŒMNKLKŒLÌNLLÌKLÍMÍÎLMÌNKMMKŽLÎLÌLMÍBŒMŒKŒŒŒLŒLKM‹ŒNNÍÌÍËMMKÌÍMŒÍŒMŒKÌ‹ŒMLNÎÎKMŒLLŒÍÎL‹MMKLŒŽŽLNBŒMŒ‹MMŽŒLÎMLËŒLLŒNMMKŒÌÎMÌŒÍÍ‚ŒMŒËÍ‹ŽMMŒÌNKMMËŒŒNÎMNËMMKŒŒŒNÎBŒMNMŽMÍŽMËMNKŒÍÎMÍÌMLËMMKŒMLMMÌBŒMK‹ŒÌÎNNŽNLÍYKLLËMŒŒLLÍMÍ‹MMKŒLŒLNÂŒM‹LNMŽMÍŽMËMNKŒÍÎMÍÌMLËMMKŒMLMMÌBŒMËLÍ‹ŽMMŒÌNKMMËŒŒNÎMNËMMKŒŒŒNÎBŒMŽMMMŽŒLÎMLËŒLLŒNMMKŒÌÎMÌŒÍÍ‚ŒMŽKMÌ‹ŒMLNÎÎKMŒLLŒÍÎL‹MMKLŒŽŽLNBŒMÌNKŒŒŒLŒLKM‹ŒNNÍÌÍËMMKÌÍMŒÍŒMÌKLLKŒLÌNLLÌKLÍMÍÎLMÌNKMMKŽLÎLÌLMÍBŒMÌ‹LLŒŒÌÌÌLÌŽKLKŒÌLÍŒÍNKMM‹ŒNNLLÍMBŒMÌËLLÍŒŽŒÌÎËLMŽMMÌŒÍKMM‹ÌÍLÌMÍŒMÍLMËŒÍLLÌÍLËLËÌÎNNLKMM‹ÍLMÌŽNBŒMÍKLMNÌÍMLÌLŒ‹LÎÎŽÍKMMËŒŒŒŒŒÍŒMÍ‹LMŽŒÍMÍÍŒŽKÍËŒŒMMMKMMËŒÌÍÍÌŒŽÂŒMÍËLMÍ‹ŒLÌÌŒ‹ŽLŒLLŽMNMMËMNMŒÎŒMÎLNËŒLŽÍÍL‹ËÌLÍÌÎŽMËMMËÎLMŽLŒBŒMÎKLNËŽMÌÎMŒKÌ‹ŒLÎNNLLNMMËŽMNMÌÎ‚ŒMLNLŽNMŒMÌŒKM‹ŒMMÌNNKMMËŽLLŽBŒMKLNLKMMŽÍ‹KŒLÌMÌŽYKLL‹MMËŽLŽMÍLNBŒM‹LNLŽNMŒMÌŒKLM‹ŒMMÌNNKMMËŽLLŽBŒMËLNËŽMÌÎMŒKLÌ‹ŒLÎNNLLNMMËŽMNMÌÎ‚ŒMLNËŒLŽÍÍL‹MËÌLÍÌÎŽMËMMËÎLMŽLŒBŒMKLMÍ‹ŒLÌÌMŒ‹ŽLŒLLŽMNMMËMNMŒÎŒM‹LMŽŒÍMÍÍŒŽKMÍËŒŒMMMKMMËŒÌÍÍÌŒŽÂŒMËLMNÌÍMLÌLŒ‹NLÎÎŽÍMMËŒŒŒŒŒÍŒMLMËŒÍLLÌÍLËLLËÌÎNNLKMM‹ÍLMÌŽNBŒMKLLÍŒŽŒÌÎËLLMŽMMÌŒÍKMM‹ÌÍLÌMÍŒMLLLŒŒÌÌÌLÌŽKLLKŒÌLÍŒÍNKMM‹ŒNNLLÍMBŒMLKLLKŒLÌNLLÌKLLÍMÍÎLMÌNKMMKŽLÎLÌLMÍBŒML‹NKŒŒŒLŒLKLM‹ŒNNÍÌÍËMMKÌÍMŒÍŒMLËMÌ‹ŒMLNÎÎKLMŒLLŒÍÎL‹MMKLŒŽŽLNBŒMMMMMŽŒLÎLMLËŒLLŒNMMKŒÌÎMÌŒÍÍ‚ŒMMKLÍ‹ŽMMŒÌNKLMMËŒŒNÎMNËMMKŒŒŒNÎBŒMM‹LNMŽMÍŽMËLMNKŒÍÎMÍÌMLËMMKŒMLMMÌBŒMMËL‹ÌLŽNMMŒÎKLLËLMŒŒLLÍMÍ‹MMKŒLŒLNÂŒMNNMŽMÍŽMËLMNKŒÍÎMÍÌMLËMMKŒMLMMÌBŒMNKÍ‹ŽMMŒÌNKLMMËŒŒNÎMNËMMKŒŒŒNÎBŒMŒMMŽŒLÎLMLËŒLLŒNMMKŒÌÎMÌŒÍÍ‚ŒMŒKÌ‹ŒMLNÎÎKLMŒLLŒÍÎL‹MMKLŒŽŽLNBŒMŒ‹KŒŒŒLŒLKLM‹ŒNNÍÌÍËMMKÌÍMŒÍŒMŒËLKŒLÌNLLÌKLLÍMÍÎLMÌNKMMKŽLÎLÌLMÍBŒMLŒŒÌÌÌLÌŽKLLKŒÌLÍŒÍNKMM‹ŒNNLLÍMBŒMKLÍŒŽŒÌÎËLLMŽMMÌŒÍKMM‹ÌÍLÌMÍŒM‹MËŒÍLLÌÍLËLLËÌÎNNLKMM‹ÍLMÌŽNBŒMËMNÌÍMLÌLŒ‹NLÎÎŽÍMMËŒŒŒŒŒÍŒMŽMŽŒÍMÍÍŒŽKMÍËŒŒMMMKMMËŒÌÍÍÌŒŽÂŒMŽKMÍ‹ŒLÌÌMŒ‹ŽLŒLLŽMNMMËMNMŒÎŒMÌNËŒLŽÍÍL‹MËÌLÍÌÎŽMËMMËÎLMŽLŒBŒMÌKNËŽMÌÎMŒKLÌ‹ŒLÎNNLLNMMËŽMNMÌÎ‚ŒMÌ‹NLŽNMŒMÌŒKLM‹ŒMMÌNNKMMËŽLLŽBŒMÌËNLŽMÌÍÍ‹LKŒLLŽŒ™KLMNËŒŒŒLÂŒMÍNLŒÌÍËM‹ŒMLÌŽÍËN‹ŽNLÎ‚ŒMÍKNËŒŒÍLMÌ‹ŒLÍÌMLÌËN‹ŽLÎMÍLÂŒMÍ‹N‹MÌÌLNËËÌÌMÌŒÍMŽMKN‹ÍMŒLÌMÂŒMÍËMÍ‹ŒLLÌLÍŒ‹ŽÎLÌÍN‹N‹MŒŒNLBŒMÎMËŽLŒÍNMMÍKÍËŒŽNNLÍ‹N‹ŒÌŒÍÎÎÂŒMÎKMNŒLLŽLŒŽLŽMLÎMŒKN‹ŒNNNMBŒMM‹ŽLŒŒŽMMLËŒÍÎŒNNKÍÌLÍLMBŒMKLÍŒLŽLLÍLMKŒÎLŽËNKÌŽNLŽŒM‹LŒŒLÌMÍÌLL‹LKÌLŒMÍÌŒ‹NKŒMÎLLMÍ‚ŒMËLKŒLLÍŽLNNÎMŽNŽNLÌNŒMŽNMMÌÌLËM‹ÎÌŽMŒKNNMÍÎBŒMKÌ‹ŒMÌMŽKMKŒMÌLŒKNŽŽMLÌ‚ŒM‹MŒLÍMŽËMMŒÌMŽLMNŒMMMNŒMËÍ‹ÌŒÌLŒËMMËŽMMÍŒÍŽNŒLÍMŽ‚ŒMNŽLÌNNÌKMŒŒLŒMMNMKNŒLLNNLÂŒMK‹ŒÌLŒŽNLLÍÙKLLËMŒŽLLŒKNŒMÍLÌ‚ŒMLLNŽLÌNNÌKMŒŒLŒMMNMKNŒLLNNLÂŒMLKLÍ‹ÌŒÌLŒËMMËŽMMÍŒÍŽNŒLÍMŽ‚ŒML‹MMŒLÍMŽËMMŒÌMŽLMNŒMMMNŒMLËMÌ‹ŒMÌMŽKMKŒMÌLŒKNŽŽMLÌ‚ŒMMNŽNMMÌÌLËM‹ÎÌŽMŒKNNMÍÎBŒMMKLLKŒLLÍŽLNNÎMŽNŽNLÌNŒMM‹LLŒŒLÌMÍÌLL‹LKÌLŒMÍÌŒ‹NKŒMÎLLMÍ‚ŒMMËLLÍŒLŽLLÍLMKŒÎLŽËNKÌŽNLŽŒMNLM‹ŽLŒŒŽMMLËŒÍÎŒNNKÍÌLÍLMBŒMNKLMNŒLLŽLŒŽLŽMLÎMŒKN‹ŒNNNMBŒMLLMËŽLŒÍNMMÍKÍËŒŽNNLÍ‹N‹ŒÌŒÍÎÎÂŒMLKLMÍ‹ŒLLÌLÍŒ‹ŽÎLÌÍN‹N‹MŒŒNLBŒML‹LN‹MÌÌLNËËÌÌMÌŒÍMŽMKN‹ÍMŒLÌMÂŒMLËLNËŒŒÍLMÌ‹ŒLÍÌMLÌËN‹ŽLÎMÍLÂŒMLLNLŒÌÍËM‹ŒMLÌŽÍËN‹ŽNLÎ‚ŒMLKLNLŽMÌÍÍ‹KMÌLŒYKLL‹NËŒŒŒLÂŒML‹LNLŒÌÍËLM‹ŒMLÌŽÍËN‹ŽNLÎ‚ŒMLËLNËŒŒÍLMLÌ‹ŒLÍÌMLÌËN‹ŽLÎMÍLÂŒMLLN‹MÌÌLNËMËÌÌMÌŒÍMŽMKN‹ÍMŒLÌMÂŒMLKLMÍ‹ŒLLÌLÍMŒ‹ŽÎLÌÍN‹N‹MŒŒNLBŒMLLLMËŽLŒÍNMMÍKMÍËŒŽNNLÍ‹N‹ŒÌŒÍÎÎÂŒMLLKLMNŒLLŽLŒŽNLŽMLÎMŒKN‹ŒNNNMBŒMLL‹LM‹ŽLŒŒŽMMLLËŒÍÎŒNNKÍÌLÍLMBŒMLLËLLÍŒLŽLLÍLLMKŒÎLŽËNKÌŽNLŽŒMLMLLŒŒLÌMÍÌLL‹LLKÌLŒMÍÌŒ‹NKŒMÎLLMÍ‚ŒMLMKLLKŒLLLÍŽLNNÎMŽNŽNLÌNŒMLM‹NŽNMMÌÌLËLM‹ÎÌŽMŒKNNMÍÎBŒMLMËMÌ‹ŒMÌMŽKLMKŒMÌLŒKNŽŽMLÌ‚ŒMLNMMŒLÍMŽËLMMŒÌMŽLMNŒMMMNŒMLNKLÍ‹ÌŒÌLŒËLMMËŽMMÍŒÍŽNŒLÍMŽ‚ŒMLŒLNŽLÌNNÌKLMŒŒLŒMMNMKNŒLLNNLÂŒMLŒKL‹ŒLNŒÌŒMYKLLËLMŒŽLLŒKNŒMÍLÌ‚ŒMLŒ‹NŽLÌNNÌKLMŒŒLŒMMNMKNŒLLNNLÂŒMLŒËÍ‹ÌŒÌLŒËLMMËŽMMÍŒÍŽNŒLÍMŽ‚ŒMLMŒLÍMŽËLMMŒÌMŽLMNŒMMMNŒMLKÌ‹ŒMÌMŽKLMKŒMÌLŒKNŽŽMLÌ‚ŒML‹ŽNMMÌÌLËLM‹ÎÌŽMŒKNNMÍÎBŒMLËLKŒLLLÍŽLNNÎMŽNŽNLÌNŒMLŽLŒŒLÌMÍÌLL‹LLKÌLŒMÍÌŒ‹NKŒMÎLLMÍ‚ŒMLŽKLÍŒLŽLLÍLLMKŒÎLŽËNKÌŽNLŽŒMLÌM‹ŽLŒŒŽMMLLËŒÍÎŒNNKÍÌLÍLMBŒMLÌKMNŒLLŽLŒŽNLŽMLÎMŒKN‹ŒNNNMBŒMLÌ‹MËŽLŒÍNMMÍKMÍËŒŽNNLÍ‹N‹ŒÌŒÍÎÎÂŒMLÌËMÍ‹ŒLLÌLÍMŒ‹ŽÎLÌÍN‹N‹MŒŒNLBŒMLÍN‹MÌÌLNËMËÌÌMÌŒÍMŽMKN‹ÍMŒLÌMÂŒMLÍKNËŒŒÍLMLÌ‹ŒLÍÌMLÌËN‹ŽLÎMÍLÂŒMLÍ‹NLŒÌÍËLM‹ŒMLÌŽÍËN‹ŽNLÎ‚ŒMLÍËNLŒÌMÌMMLÌ‹LKÍMM™KLMŒŒLLÌÎBŒMLÎNKŒÎLÌNKM‹ŒMNLŒLÎMŒŒMLŒ‚ŒMLÎKN‹NNLŒŒKÌ‹ŒLÌÍÌLKŒËŽNÌLŒÌBŒMMNKŽNLÍMÍLËËÍÎÍÎLLÍ‹ŒËŽÌÎMŒÎMLÂŒMMKMÍKŒNMŒ‹Œ‹ŽLÌÍÍŒŒKŒËŒŽŒÍMMBŒMM‹MËLMÌÍÌËÍËLÎ‹ŒËŒÍÎLŽNBŒMMËMMËŽLÎNLKLKŒMMMLM‹ŒËŒLÍŒÎBŒMMM‹NÌLLŒÍ‹LËŽMLÌÌLËŒ‹ÎŒLÌMLBŒMMKLÌËŽMMMNMŒKLMKÍNLËŒ‹ÎMBŒMM‹LŒŒMMÎLMŒNKL‹ŒÌMËŒ‹ŒMLMŽNŒMMËLKŒŽMLÎKLÍKMNLKŒKŽLŽLŒÌMBŒMMKŒLÍÍŽN‹MËLLMŽMÎËŒKMÍŒÌÌNBŒMMKÌ‹ŒNÌÎMÌŽKMLŒÌÍŒKŒKŒÍMBŒMMLMÌÌNLMŒËMMKŒNŒLÍÌKŒKŒMLMÍŒÂŒMMLKÍ‹ÌÌŽNMNŽÌŒŒNKŒKŒMMŒNLÌBŒMML‹NMŒLÍŒŒKMŒKŒÍÍLÌLŽKŒŽLÍÌÂŒMMLËKLÍÌLMÌÍÍÙKLLËMŒKÍŽMÌMËŒŽLÍNÎÍBŒMMMLNMŒLÍŒŒKMŒKŒÍÍLÌLŽKŒŽLÍÌÂŒMMMKLÍ‹ÌÌŽNMNŽÌŒŒNKŒKŒMMŒNLÌBŒMMM‹MMÌÌNLMŒËMMKŒNŒLÍÌKŒKŒMLMÍŒÂŒMMMËMÌ‹ŒNÌÎMÌŽKMLŒÌÍŒKŒKŒÍMBŒMMNNKŒLÍÍŽN‹MËLLMŽMÎËŒKMÍŒÌÌNBŒMMNKLLKŒŽMLÎKLÍKMNLKŒKŽLŽLŒÌMBŒMMŒLLŒŒMMÎLMŒNKL‹ŒÌMËŒ‹ŒMLMŽNŒMMŒKLLÌËŽMMMNMŒKLMKÍNLËŒ‹ÎMBŒMMŒ‹LM‹NÌLLŒÍ‹LËŽMLÌÌLËŒ‹ÎŒLÌMLBŒMMŒËLMMËŽLÎNLKLKŒMMMLM‹ŒËŒLÍŒÎBŒMMLMËLMÌÍÌËÍËLÎ‹ŒËŒÍÎLŽNBŒMMKLMÍKŒNMŒ‹Œ‹ŽLÌÍÍŒŒKŒËŒŽŒÍMMBŒMM‹LNKŽNLÍMÍLËËÍÎÍÎLLÍ‹ŒËŽÌÎMŒÎMLÂŒMMËLN‹NNLŒŒKÌ‹ŒLÌÍÌLKŒËŽNÌLŒÌBŒMMŽLNKŒÎLÌNKM‹ŒMNLŒLÎMŒŒMLŒ‚ŒMMŽKLNLŒÌMÌMMLÌ‹KŒÍMMÌ™KLL‹ŒŒLLÌÎBŒMMÌLNKŒÎLÌNKLM‹ŒMNLŒLÎMŒŒMLŒ‚ŒMMÌKLN‹NNLŒŒKLÌ‹ŒLÌÍÌLKŒËŽNÌLŒÌBŒMMÌ‹LNKŽNLÍMÍLËMËÍÎÍÎLLÍ‹ŒËŽÌÎMŒÎMLÂŒMMÌËLMÍKŒNMŒ‹MŒ‹ŽLÌÍÍŒŒKŒËŒŽŒÍMMBŒMMÍLMËLMÌÍÌËMÍËLÎ‹ŒËŒÍÎLŽNBŒMMÍKLMMËŽLÎNLKNLKŒMMMLM‹ŒËŒLÍŒÎBŒMMÍ‹LM‹NÌLLŒÍ‹LLËŽMLÌÌLËŒ‹ÎŒLÌMLBŒMMÍËLLÌËŽMMMNMŒKLLMKÍNLËŒ‹ÎMBŒMMÎLLŒŒMMÎLMŒNKLL‹ŒÌMËŒ‹ŒMLMŽNŒMMÎKLLKŒŽMLÎKLLÍKMNLKŒKŽLŽLŒÌMBŒMNNKŒLÍÍŽN‹LMËLLMŽMÎËŒKMÍŒÌÌNBŒMNKMÌ‹ŒNÌÎMÌŽKLMLŒÌÍŒKŒKŒÍMBŒMN‹MMÌÌNLMŒËLMMKŒNŒLÍÌKŒKŒMLMÍŒÂŒMNËLÍ‹ÌÌŽNLMNŽÌŒŒNKŒKŒMMŒNLÌBŒMNLNMŒLÍŒŒKLMŒKŒÍÍLÌLŽKŒŽLÍÌÂŒMNKLKÌLÎNMMÎŒ™KLLËLMŒKÍŽMÌMËŒŽLÍNÎÍBŒMN‹NMŒLÍŒŒKLMŒKŒÍÍLÌLŽKŒŽLÍÌÂŒMNËÍ‹ÌÌŽNLMNŽÌŒŒNKŒKŒMMŒNLÌBŒMNMÌÌNLMŒËLMMKŒNŒLÍÌKŒKŒMLMÍŒÂŒMNKÌ‹ŒNÌÎMÌŽKLMLŒÌÍŒKŒKŒÍMBŒMNLKŒLÍÍŽN‹LMËLLMŽMÎËŒKMÍŒÌÌNBŒMNLKLKŒŽMLÎKLLÍKMNLKŒKŽLŽLŒÌMBŒMNL‹LŒŒMMÎLMŒNKLL‹ŒÌMËŒ‹ŒMLMŽNŒMNLËLÌËŽMMMNMŒKLLMKÍNLËŒ‹ÎMBŒMNMM‹NÌLLŒÍ‹LLËŽMLÌÌLËŒ‹ÎŒLÌMLBŒMNMKMMËŽLÎNLKNLKŒMMMLM‹ŒËŒLÍŒÎBŒMNM‹MËLMÌÍÌËMÍËLÎ‹ŒËŒÍÎLŽNBŒMNMËMÍKŒNMŒ‹MŒ‹ŽLÌÍÍŒŒKŒËŒŽŒÍMMBŒMNNNKŽNLÍMÍLËMËÍÎÍÎLLÍ‹ŒËŽÌÎMŒÎMLÂŒMNNKN‹NNLŒŒKLÌ‹ŒLÌÍÌLKŒËŽNÌLŒÌBŒMŒNKŒÎLÌNKLM‹ŒMNLŒLÎMŒŒMLŒ‚ŒMŒKNKÍÌÍLÍÍŒM‹KŒNMŒNMŒÙKLMKŒÌËŒŒÎMÂŒMŒ‹NŽLŒMÌLËM‹ŒMÍÌŽ‹ŒÌËŒMÌÍNÂŒMŒËN‹ŒMÌÎLŒLKÌ‹ŒNLLLËŒÌËŒŽNNLBŒMŒNKLÍÌÍÎLŽËŽMÎMNLKŒÌ‹ŽLÍNNMMLÂŒMŒKMÍKŒŒNMŽLŒKŒËŒLMŒMŒ‹ŒÌ‹ŽLŒBŒMŒ‹MËŒŒLMŒ‹ÍËÌMLŒNL‹ŒÌ‹ŒÍMŒÍÂŒMŒËMMËMÍÍÌLŽLKÍÍMËŒÌ‹ŒLŒMNLLLÂŒMŒM‹ÌÌLŒÌŽLŒÍLÌNLÍŒÌKÎLLŒLNBŒMŒKLÌËŽŽMÍNKLM‹ŒŒMÍÍÍLËŒÌKLŒLŒÍMÂŒMŒLLŒŒLMLÎÌKL‹ŽLMŒÌ‹ŒÌKŒLLÎÂŒMŒLKLKŒÍLÎŽKLÍ‹ŒÍMÍMÌMÎKŒÌÎÍMÌŒBŒMŒL‹KŒLMÌÎLLKMNLNMŒKŒÌMLMŒÂŒMŒLËÌ‹ŒŽÌNNŒŒÍËMLKŒLNLŽNŒÌŒŒÌLMÍBŒMŒMMÎMÌŽÍ‹MM‹ŒÌLLNM‹ŒÌŒŒÌMŒŒBŒMŒMKÍ‹ŽLÌÍLÍ‹MŒŒÎLÍÎËŒŽKŽÍMLŒBŒMŒM‹NÌLÌNLKMŒ‹ŒŒLLÍŒŽKÎNÍÍŒMŒMËKŒMÍLÍMÙKLLËMŒ‹ŽLÍLÍÎMKŒŽKÍNÍÍÍBŒMŒNLNÌLÌNLKMŒ‹ŒŒLLÍŒŽKÎNÍÍŒMŒNKLÍ‹ŽLÌÍLÍ‹MŒŒÎLÍÎËŒŽKŽÍMLŒBŒMŒŒMMÎMÌŽÍ‹MM‹ŒÌLLNM‹ŒÌŒŒÌMŒŒBŒMŒŒKMÌ‹ŒŽÌNNŒŒÍËMLKŒLNLŽNŒÌŒŒÌLMÍBŒMŒŒ‹NKŒLMÌÎLLKMNLNMŒKŒÌMLMŒÂŒMŒŒËLLKŒÍLÎŽKLÍ‹ŒÍMÍMÌMÎKŒÌÎÍMÌŒBŒMŒLLŒŒLMLÎÌKL‹ŽLMŒÌ‹ŒÌKŒLLÎÂŒMŒKLLÌËŽŽMÍNKLM‹ŒŒMÍÍÍLËŒÌKLŒLŒÍMÂŒMŒ‹LM‹ÌÌLŒÌŽLŒÍLÌNLÍŒÌKÎLLŒLNBŒMŒËLMMËMÍÍÌLŽLKÍÍMËŒÌ‹ŒLŒMNLLLÂŒMŒŽLMËŒŒLMŒ‹ÍËÌMLŒNL‹ŒÌ‹ŒÍMŒÍÂŒMŒŽKLMÍKŒŒNMŽLŒKŒËŒLMŒMŒ‹ŒÌ‹ŽLŒBŒMŒÌLNKLÍÌÍÎLŽËŽMÎMNLKŒÌ‹ŽLÍNNMMLÂŒMŒÌKLN‹ŒMÌÎLŒLKÌ‹ŒNLLLËŒÌËŒŽNNLBŒMŒÌ‹LNŽLŒMÌLËM‹ŒMÍÌŽ‹ŒÌËŒMÌÍNÂŒMŒÌËLNKÍÌÍLÍÍŒM‹KLŒÍŽMŒÙKLL‹ŒÌËŒŒÎMÂŒMŒÍLNŽLŒMÌLËLM‹ŒMÍÌŽ‹ŒÌËŒMÌÍNÂŒMŒÍKLN‹ŒMÌÎLŒLKLÌ‹ŒNLLLËŒÌËŒŽNNLBŒMŒÍ‹LNKLÍÌÍÎLŽMËŽMÎMNLKŒÌ‹ŽLÍNNMMLÂŒMŒÍËLMÍKŒŒNMŽLŒKMŒËŒLMŒMŒ‹ŒÌ‹ŽLŒBŒMŒÎLMËŒŒLMŒ‹MÍËÌMLŒNL‹ŒÌ‹ŒÍMŒÍÂŒMŒÎKLMMËMÍÍÌLŽNLKÍÍMËŒÌ‹ŒLŒMNLLLÂŒMLM‹ÌÌLŒÌŽLLŒÍLÌNLÍŒÌKÎLLŒLNBŒMKLLÌËŽŽMÍNKLLM‹ŒŒMÍÍÍLËŒÌKLŒLŒÍMÂŒM‹LLŒŒLMLÎÌKLL‹ŽLMŒÌ‹ŒÌKŒLLÎÂŒMËLLKŒÍLÎŽKLLÍ‹ŒÍMÍMÌMÎKŒÌÎÍMÌŒBŒMNKŒLMÌÎLLKLMNLNMŒKŒÌMLMŒÂŒMKMÌ‹ŒŽÌNNŒŒÍËLMLKŒLNLŽNŒÌŒŒÌLMÍBŒM‹MMÎMÌŽÍ‹LMM‹ŒÌLLNM‹ŒÌŒŒÌMŒŒBŒMËLÍ‹ŽLÌÍLÍ‹LMŒŒÎLÍÎËŒŽKŽÍMLŒBŒMLNÌLÌNLKLMŒ‹ŒŒLLÍŒŽKÎNÍÍŒMKLKŒŒÌLNLKLLËLMŒ‹ŽLÍLÍÎMKŒŽKÍNÍÍÍBŒMLNÌLÌNLKLMŒ‹ŒŒLLÍŒŽKÎNÍÍŒMLKÍ‹ŽLÌÍLÍ‹LMŒŒÎLÍÎËŒŽKŽÍMLŒBŒML‹MÎMÌŽÍ‹LMM‹ŒÌLLNM‹ŒÌŒŒÌMŒŒBŒMLËÌ‹ŒŽÌNNŒŒÍËLMLKŒLNLŽNŒÌŒŒÌLMÍBŒMMKŒLMÌÎLLKLMNLNMŒKŒÌMLMŒÂŒMMKLKŒÍLÎŽKLLÍ‹ŒÍMÍMÌMÎKŒÌÎÍMÌŒBŒMM‹LŒŒLMLÎÌKLL‹ŽLMŒÌ‹ŒÌKŒLLÎÂŒMMËLÌËŽŽMÍNKLLM‹ŒŒMÍÍÍLËŒÌKLŒLŒÍMÂŒMNM‹ÌÌLŒÌŽLLŒÍLÌNLÍŒÌKÎLLŒLNBŒMNKMMËMÍÍÌLŽNLKÍÍMËŒÌ‹ŒLŒMNLLLÂŒMŒMËŒŒLMŒ‹MÍËÌMLŒNL‹ŒÌ‹ŒÍMŒÍÂŒMŒKMÍKŒŒNMŽLŒKMŒËŒLMŒMŒ‹ŒÌ‹ŽLŒBŒMŒ‹NKLÍÌÍÎLŽMËŽMÎMNLKŒÌ‹ŽLÍNNMMLÂŒMŒËN‹ŒMÌÎLŒLKLÌ‹ŒNLLLËŒÌËŒŽNNLBŒMNŽLŒMÌLËLM‹ŒMÍÌŽ‹ŒÌËŒMÌÍNÂŒMKNKŒÌÍÍÍKNŒŽÍBŒM‹NŒÎL‹M‹ŒŒŽLÎNŒLMÌMLÂŒMËNKŽMŒÍÎËÌ‹ŒŽLLÌŒLÍËNŒMMMNLLM‚ŒMŽNKŒNMÌŽMŒÌÌŒMKMËŽMÌÌÍLÂŒMŽKMÍŽLŒŒMLÍÌŒËŒÌÌNLŒÍÌËMËÍLÍMÍ‚ŒMÌM‹ŽMÎLNMÍËŽNLÎMÌLŒŽMËNÍÍÌÍŽBŒMÌKMMËMÍÎLŒKLKŽLMŒM‹MËŒLÍŒÎMÍLLÂŒMÌ‹M‹ŒÍMÍLŽKLŽLLLNLLNKM‹ÎNMNBŒMÌËLÌËŽÎMŒŒŽKLM‹ŽNMMNM‹ŒŽLBŒMÍLŒŒLLMNËLËÍÌÌÌÍÍ‹M‹ŒNLÌMBŒMÍKLKŒNMÌLËLÍËŒÌÎÌÍŒÌËMKÌLŒÍÂŒMÍ‹KŒLMŒMMKNŒNLËMKŒÎŽÍŒÌBŒMÍËÌ‹MLLŽËML‹ŒÎLMNNNM‹MKŒLÎLÌŒMÎMŽMŒÎNÎKMMËŽMNML‹MŽÌŒÎMLÂŒMÎKÍ‹ŽLÍÌÌN‹MŒKLLÍMKMÌNŒMŽNMNMÍMËMŒËŒÍ‹MNLÎMMÂŒMŽKKŒMNLÌÎŽÍÍ™KLMMŒÍMŒKMMNLBŒMŽ‹LNMNMÍMËMŒËŒÍ‹MNLÎMMÂŒMŽËLÍ‹ŽLÍÌÌN‹MŒKLLÍMKMÌNŒMŽMMŽMŒÎNÎKMMËŽMNML‹MŽÌŒÎMLÂŒMŽKMÌ‹MLLŽËML‹ŒÎLMNNNM‹MKŒLÎLÌŒMŽ‹NKŒLMŒMMKNŒNLËMKŒÎŽÍŒÌBŒMŽËLLKŒNMÌLËLÍËŒÌÎÌÍŒÌËMKÌLŒÍÂŒMŽLLŒŒLLMNËLËÍÌÌÌÍÍ‹M‹ŒNLÌMBŒMŽKLLÌËŽÎMŒŒŽKLM‹ŽNMMNM‹ŒŽLBŒMŽLLM‹ŒÍMÍLŽKLŽLLLNLLNKM‹ÎNMNBŒMŽLKLMMËMÍÎLŒKLKŽLMŒM‹MËŒLÍŒÎMÍLLÂŒMŽL‹LM‹ŽMÎLNMÍËŽNLÎMÌLŒŽMËNÍÍÌÍŽBŒMŽLËLMÍŽLŒŒMLÍÌŒËŒÌÌNLŒÍÌËMËÍLÍMÍ‚ŒMŽMLNKŒNMÌŽMŒÌÌŒMKMËŽMÌÌÍLÂŒMŽMKLNKŽMŒÍÎËÌ‹ŒŽLLÌŒLÍËNŒMMMNLLM‚ŒMŽM‹LNŒÎL‹M‹ŒŒŽLÎNŒLMÌMLÂŒMŽMËLNKŒÌÍÍÍKKLMŒŒÙKLL‹NŒŽÍBŒMŽNLNŒÎL‹LM‹ŒŒŽLÎNŒLMÌMLÂŒMŽNKLNKŽMŒÍÎËLÌ‹ŒŽLLÌŒLÍËNŒMMMNLLM‚ŒMÌLNKŒNMÌŽMMŒÌÌŒMKMËŽMÌÌÍLÂŒMÌKLMÍŽLŒŒMLÍÌMŒËŒÌÌNLŒÍÌËMËÍLÍMÍ‚ŒMÌ‹LM‹ŽMÎLNMMÍËŽNLÎMÌLŒŽMËNÍÍÌÍŽBŒMÌËLMMËMÍÎLŒKNLKŽLMŒM‹MËŒLÍŒÎMÍLLÂŒMÌLM‹ŒÍMÍLŽKLLŽLLLNLLNKM‹ÎNMNBŒMÌKLLÌËŽÎMŒŒŽKLLM‹ŽNMMNM‹ŒŽLBŒMÌ‹LLŒŒLLMNËLLËÍÌÌÌÍÍ‹M‹ŒNLÌMBŒMÌËLLKŒNMÌLËLLÍËŒÌÎÌÍŒÌËMKÌLŒÍÂŒMÌNKŒLMŒMLMKNŒNLËMKŒÎŽÍŒÌBŒMÌKMÌ‹MLLŽËLML‹ŒÎLMNNNM‹MKŒLÎLÌŒMÌLMMŽMŒÎNÎKLMMËŽMNML‹MŽÌŒÎMLÂŒMÌLKLÍ‹ŽLÍÌÌN‹LMŒKLLÍMKMÌNŒMÌL‹LNMNMÍMËLMŒËŒÍ‹MNLÎMMÂŒMÌLËLËÎMŒLŽYKLMLMŒÍMŒKMMNLBŒMÌMNMNMÍMËLMŒËŒÍ‹MNLÎMMÂŒMÌMKÍ‹ŽLÍÌÌN‹LMŒKLLÍMKMÌNŒMÌM‹MŽMŒÎNÎKLMMËŽMNML‹MŽÌŒÎMLÂŒMÌMËÌ‹MLLŽËLML‹ŒÎLMNNNM‹MKŒLÎLÌŒMÌNKŒLMŒMLMKNŒNLËMKŒÎŽÍŒÌBŒMÌNKLKŒNMÌLËLLÍËŒÌÎÌÍŒÌËMKÌLŒÍÂŒMÌŒLŒŒLLMNËLLËÍÌÌÌÍÍ‹M‹ŒNLÌMBŒMÌŒKLÌËŽÎMŒŒŽKLLM‹ŽNMMNM‹ŒŽLBŒMÌŒ‹M‹ŒÍMÍLŽKLLŽLLLNLLNKM‹ÎNMNBŒMÌŒËMMËMÍÎLŒKNLKŽLMŒM‹MËŒLÍŒÎMÍLLÂŒMÌM‹ŽMÎLNMMÍËŽNLÎMÌLŒŽMËNÍÍÌÍŽBŒMÌKMÍŽLŒŒMLÍÌMŒËŒÌÌNLŒÍÌËMËÍLÍMÍ‚ŒMÌ‹NKŒNMÌŽMMŒÌÌŒMKMËŽMÌÌÍLÂŒMÌËNKŽMŒÍÎËLÌ‹ŒŽLLÌŒLÍËNŒMMMNLLM‚ŒMÌŽNŒÎL‹LM‹ŒŒŽLÎNŒLMÌMLÂ‚OOOOH™YÚ[›š[™È[YHÝ\ÎˆŽMHOOOOB‚‚”™Y›Ü›Z[™ÈÝY™›™\ÜÈX]š^ˆ™Y›Ü›X][ÛˆÌB‚ˆBˆ›Û›[™X\ˆÛÛ][ÛˆÝ]\Îˆ[YOHŽMB‚\ÝY™›™\ÜÈ\]\ÈH‚\šYÚ[™ÚYH]˜[X][ÛœÈH‚‚\ÝY™›™\ÜÈX]š^™Y›Ü›X][ÛœÈHB‚\Ý\œ›ÛH[™HÙX\˜ÚHKŒ‚XÛÛ™\™Ù[˜ÙH›Ü›\ÈˆS’UPSÕT”‘S•‘TURT‘Q‚H™\ÚYX[KŒÍMŒŒYJÌËŽLMÍŽMKLˆKŒÍMŒŒYJÌH‚H[™\™ÞH‹ŽÌÍYJÌˆKLŽLMKLÈ‹ŽÌÍYKLˆ‚H\ÜXÙ[Y[KŒLŒÍJÌÈKŒLŒÍJÌÈLÍŒÍKLHˆ‚ˆ›Û›[™X\ˆÛÛ][ÛˆÝ]\Îˆ[YOHŽMB‚\ÝY™›™\ÜÈ\]\ÈHB‚\šYÚ[™ÚYH]˜[X][ÛœÈHÂ‚\ÝY™›™\ÜÈX]š^™Y›Ü›X][ÛœÈHB‚\Ý\œ›ÛH[™HÙX\˜ÚHKŒ‚XÛÛ™\™Ù[˜ÙH›Ü›\ÈˆS’UPSÕT”‘S•‘TURT‘Q‚H™\ÚYX[KŒÍMŒŒYJÌKMLÍYKLKŒÍMŒŒYJÌH‚H[™\™ÞH‹ŽÌÍYJÌˆKÍLŽKLH‹ŽÌÍYKLˆ‚H\ÜXÙ[Y[KŒLŒÍJÌÈ‹MLMMÙKLHNKLH‚˜ÛÛ™\™Ù[˜ÙHÝ[[X\žBˆ[X™\ˆÙˆ]\˜][ÛœÈˆ‚ˆ[X™\ˆÙˆ™Y›Ü›X][ÛœÈˆB‚‹KKKKKKHÛÛ™\™ÙY][YHˆŽMB‚‚‘]H™XÛÜ™ÌBOOOOOOOOOOOOOOOOOOOOOOOOOOOOOOOOOOOOOOOOOOOOOOOOOOOOOOOOOOOOOOOOOOOOOOOOOOB”Ý\HÎ•[YHHŽMB‘]HHÚ\Ùš[˜[ØÛÛÜ™[˜]\ÂŒKŒÍÎNMŽNKKÌÍNÍMÍÌ™KLMËŒLŒMÌÌ‚Œ‹NNKŒÍLŒL‹M‹ŒMŽÌŒNLÌKËNMÌLÌ‚ŒËNM‹ŒÌŒŒŽŒ‹Ì‹ŒÎÍLLŒKËMLÌMÎLLMÂNLŽŒMMMLËËMMŒŽËMMMMÂKNËŒŒŒNNKŒ‹ŒMÎLLÍŒŽM‹ËŒÎLŽLMNL‚‹MÍŒMMMLLMMKÍKŽMŽNLLËËŒÍÎÌŽÍÎBËMŒËŒNLÌÍNNÌMÎMŒŒÍËËŒMLÎŒMN‚ŽMLÌÍLŒÎNM‹LŒÌNNMŒÎLMKËŒŒŽÌMÌLNBŽKLÍ‹ŽMÎÎÎMNKLLÌLŽMMK‹ŽLŽLMBŒLLŒ‹ŒLÌMŒNKLNKŽMNLŒK‹ÍŒNLÍŒMNMBŒLKL‹ŒŽLÎLLKLËÌÎNMË‹NNLMÍÂŒL‹KÌNLMM‹LÍŒÍLMŽMË‹LÍMÌŽBŒLËÌ‹LMLÍLÎKÌÌÌMÎ‹ŒÍMÌÍŒMMÍÍMLNM‹MËŽŒMÌÌ‹ŒÍŽŒÍÍÌNBŒMKÍ‹ÌLMLŽM‹ŽÌÌNNL‹‹ŒÌLÎMÌLMÌŒ‚ŒM‹NLÍNMÍM‹MNMŒÍÍÎK‹ŒŽLÎMÌŒ‚ŒMËLËŒŒÍLNLÙKLLËMKŒNŽLNNN‹ŒŽNNŒL‚ŒNLNLÍNMÍM‹MNMŒÍÍÎK‹ŒŽLÎMÌŒ‚ŒNKLÍ‹ÌLMLŽM‹ŽÌÌNNL‹‹ŒÌLÎMÌLMÌŒ‚ŒŒMMÍÍMLNM‹MËŽŒMÌÌ‹ŒÍŽŒÍÍÌNBŒŒKMÌ‹LMLÍLÎKÌÌÌMÎ‹ŒÍMÌÍŒŒ‹NKÌNLMM‹LÍŒÍLMŽMË‹LÍMÌŽBŒŒËLL‹ŒŽLÎLLKLËÌÎNMË‹NNLMÍÂŒLLŒ‹ŒLÌMŒNKLNKŽMNLŒK‹ÍŒNLÍŒMNMBŒKLLÍ‹ŽMÎÎÎMNKLLÌLŽMMK‹ŽLŽLMBŒ‹LMLÌÍLŒÎNM‹LŒÌNNMŒÎLMKËŒŒŽÌMÌLNBŒËLMŒËŒNLÌÍNNÌMÎMŒŒÍËËŒMLÎŒMN‚ŒŽLMÍŒMMMLLMMKÍKŽMŽNLLËËŒÍÎÌŽÍÎBŒŽKLNËŒŒŒNNKŒ‹ŒMÎLLÍŒŽM‹ËŒÎLŽLMNL‚ŒÌLNLŽŒMMMLËËMMŒŽËMMMMÂŒÌKLNM‹ŒÌŒŒŽŒ‹Ì‹ŒÎÍLLŒKËMLÌMÎLLMÂŒÌ‹LNNKŒÍLŒL‹M‹ŒMŽÌŒNLÌKËNMÌLÌ‚ŒÌËLŒÍÎNMŽNKL‹ŽNNLÍMŒÎKLL‹ËŒLŒMÌÌ‚ŒÍLNNKŒÍLŒL‹LM‹ŒMŽÌŒNLÌKËNMÌLÌ‚ŒÍKLNM‹ŒÌŒŒŽŒ‹LÌ‹ŒÎÍLLŒKËMLÌMÎLLMÂŒÍ‹LNLŽŒMMMLËMËMMŒŽËMMMMÂŒÍËLNËŒŒŒNNKMŒ‹ŒMÎLLÍŒŽM‹ËŒÎLŽLMNL‚ŒÎLMÍŒMMMLLMMKMÍKŽMŽNLLËËŒÍÎÌŽÍÎBŒÎKLMŒËŒNLÌÍNNNÌMÎMŒŒÍËËŒMLÎŒMN‚LMLÌÍLŒÎNM‹LLŒÌNNMŒÎLMKËŒŒŽÌMÌLNBKLLÍ‹ŽMÎÎÎMNKLLLÌLŽMMK‹ŽLŽLMB‹LLŒ‹ŒLÌMŒNKLLNKŽMNLŒK‹ÍŒNLÍŒMNMBËLL‹ŒŽLÎLLKLLËÌÎNMË‹NNLMÍÂNKÌNLMM‹LLÍŒÍLMŽMË‹LÍMÌŽBKMÌ‹LMLÍLLÎKÌÌÌMÎ‹ŒÍMÌÍ‹MMÍÍMLNM‹LMËŽŒMÌÌ‹ŒÍŽŒÍÍÌNBËLÍ‹ÌLMLŽLM‹ŽÌÌNNL‹‹ŒÌLÎMÌLMÌŒÂLNLÍNMÍM‹LMNMŒÍÍÎK‹ŒŽLÎMÌŒ‚K‹ŒÌÌNLMŒŽNÙKLLËLMKŒNŽLNNN‹ŒŽNNŒL‚LNLÍNMÍM‹LMNMŒÍÍÎK‹ŒŽLÎMÌŒ‚LKÍ‹ÌLMLŽLM‹ŽÌÌNNL‹‹ŒÌLÎMÌLMÌŒ‚L‹MÍÍMLNM‹LMËŽŒMÌÌ‹ŒÍŽŒÍÍÌNBLËÌ‹LMLÍLLÎKÌÌÌMÎ‹ŒÍMÌÍMKÌNLMM‹LLÍŒÍLMŽMË‹LÍMÌŽBMKL‹ŒŽLÎLLKLLËÌÎNMË‹NNLMÍÂM‹LŒ‹ŒLÌMŒNKLLNKŽMNLŒK‹ÍŒNLÍŒMNMBMËLÍ‹ŽMÎÎÎMNKLLLÌLŽMMK‹ŽLŽLMBNMLÌÍLŒÎNM‹LLŒÌNNMŒÎLMKËŒŒŽÌMÌLNBNKMŒËŒNLÌÍNNNÌMÎMŒŒÍËËŒMLÎŒMN‚ŒMÍŒMMMLLMMKMÍKŽMŽNLLËËŒÍÎÌŽÍÎBŒKNËŒŒŒNNKMŒ‹ŒMÎLLÍŒŽM‹ËŒÎLŽLMNL‚Œ‹NLŽŒMMMLËMËMMŒŽËMMMMÂŒËNM‹ŒÌŒŒŽŒ‹LÌ‹ŒÎÍLLŒKËMLÌMÎLLMÂNNKŒÍLŒL‹LM‹ŒMŽÌŒNLÌKËNMÌLÌ‚KŒNŽLLŒKKŽMNLÌÍÍLMKLMÌ‹ŒLNNLB‹NNKŒÌLLLËM‹ŒMŽLLËÌ‹NMÌÎBËNM‹ŒLÍÍÎMMÌ‹ŒLŒLÍLŒNÌ‹MLÌŒÌŽŽNLŒÌLÌÎËNŽLM‹Ì‹ÌMN‚ŽKNËŒNMLLKŒ‹ŒŒLŽMLLÍÌKÌ‹ŒÎLÍMŒNBÌMÌËŽMMÌLŒKÍ‹ŒŒŒLÌMÌ‹ŒÍÎNNLNÌKMŒËŒLNMÌÎŽNMÌKÌ‹ŒMLÍLÍLÌBÌ‹MLNMMÌLŽLŒÍLNKÌ‹ŒŒŒLÍLÌŒBÌËLÍ‹ŽÍÍÌLMËLLŽÍÌNLÍÍŽÌKŽLNLÍÍÂÍLŒ‹ŒÌÌLNËLŒŒŒÌMMLLKÌKÍNNLLÍÎMÍÂÍKL‹ŒÌ‹LËŽNMLŒKÌKŒÎMÎMNBÍ‹KÌŒLKLÍŒÌÍLÌŒ‹ÌKLÌÍŒNL‚ÍËÌ‹MÌÎÌ‹MŒÌKÍÌÌŽNMBÎMÍŽÎNLMŒÍNÍMLËÌKŒÍŒLÂÎKÍ‹ÌLLLÍLNËMËŒMMÍŒŽLKÌKŒÌÍÌÎÍÌŒÂŽNLÌLÌMŒËMKŒÍMÍŽNLKÌKŒÍÎÎMŽKLËŒŒÍLŒŒMKLLËMKŒŽLÍŽMËÌKŒŒÌNÌMŽMBŽ‹LNLÌLÌMŒËMKŒÍMÍŽNLKÌKŒÍÎÎMŽËLÍ‹ÌLLLÍLNËMËŒMMÍŒŽLKÌKŒÌÍÌÎÍÌŒÂŽMMÍŽÎNLMŒÍNÍMLËÌKŒÍŒLÂŽKMÌ‹MÌÎÌ‹MŒÌKÍÌÌŽNMBŽ‹NKÌŒLKLÍŒÌÍLÌŒ‹ÌKLÌÍŒNL‚ŽËLL‹ŒÌ‹LËŽNMLŒKÌKŒÎMÎMNBŽLLŒ‹ŒÌÌLNËLŒŒŒÌMMLLKÌKÍNNLLÍÎMÍÂŽKLLÍ‹ŽÍÍÌLMËLLŽÍÌNLÍÍŽÌKŽLNLÍÍÂŽLLMLNMMÌLŽLŒÍLNKÌ‹ŒŒŒLÍLÌŒBŽLKLMŒËŒLNMÌÎŽNMÌKÌ‹ŒMLÍLÍLÌBŽL‹LMÌËŽMMÌLŒKÍ‹ŒŒŒLÌMÌ‹ŒÍÎNNLNŽLËLNËŒNMLLKŒ‹ŒŒLŽMLLÍÌKÌ‹ŒÎLÍMŒNBŽMLNLŒÌLÌÎËNŽLM‹Ì‹ÌMN‚ŽMKLNM‹ŒLÍÍÎMMÌ‹ŒLŒLÍLŒNÌ‹MLÌŒÌŽŽM‹LNNKŒÌLLLËM‹ŒMŽLLËÌ‹NMÌÎBŽMËLŒNŽLLŒKLËŒÌNŒÎM™KLL‹Ì‹ŒLNNLBŽNLNNKŒÌLLLËLM‹ŒMŽLLËÌ‹NMÌÎBŽNKLNM‹ŒLÍÍÎMMLÌ‹ŒLŒLÍLŒNÌ‹MLÌŒÌŽŒLLNLŒÌLÌÎMËNŽLM‹Ì‹ÌMN‚ŒLKLNËŒNMLLKMŒ‹ŒŒLŽMLLÍÌKÌ‹ŒÎLÍMŒNBŒL‹LMÌËŽMMÌLŒKMÍ‹ŒŒŒLÌMÌ‹ŒÍÎNNLNŒLËLMŒËŒLNMÌÎNŽNMÌKÌ‹ŒMLÍLÍLÌBŒLLMLNMMÌLŽLLŒÍLNKÌ‹ŒŒŒLÍLÌŒBŒLKLLÍ‹ŽÍÍÌLMËLLLŽÍÌNLÍÍŽÌKŽLNLÍÍÂŒL‹LLŒ‹ŒÌÌLNËLLŒŒŒÌMMLLKÌKÍNNLLÍÎMÍÂŒLËLL‹ŒÌ‹LLËŽNMLŒKÌKŒÎMÎMNBŒLNKÌŒLKLLÍŒÌÍLÌŒ‹ÌKLÌÍŒNL‚ŒLKMÌ‹MÌÎÌ‹LMŒÌKÍÌÌŽNMBŒLLMMÍŽÎNLLMŒÍNÍMLËÌKŒÍŒLÂŒLLKLÍ‹ÌLLLÍLNËLMËŒMMÍŒŽLKÌKŒÌÍÌÎÍÌŒÂŒLL‹LNLÌLÌMŒËLMKŒÍMÍŽNLKÌKŒÍÎÎMŒLLË‹LNMLŒÍMÍKLLËLMKŒŽLÍŽMËÌKŒŒÌNÌMŽMBŒLMNLÌLÌMŒËLMKŒÍMÍŽNLKÌKŒÍÎÎMŒLMKÍ‹ÌLLLÍLNËLMËŒMMÍŒŽLKÌKŒÌÍÌÎÍÌŒÂŒLM‹MÍŽÎNLLMŒÍNÍMLËÌKŒÍŒLÂŒLMËÌ‹MÌÎÌ‹LMŒÌKÍÌÌŽNMBŒLNKÌŒLKLLÍŒÌÍLÌŒ‹ÌKLÌÍŒNL‚ŒLNKL‹ŒÌ‹LLËŽNMLŒKÌKŒÎMÎMNBŒLŒLŒ‹ŒÌÌLNËLLŒŒŒÌMMLLKÌKÍNNLLÍÎMÍÂŒLŒKLÍ‹ŽÍÍÌLMËLLLŽÍÌNLÍÍŽÌKŽLNLÍÍÂŒLŒ‹MLNMMÌLŽLLŒÍLNKÌ‹ŒŒŒLÍLÌŒBŒLŒËMŒËŒLNMÌÎNŽNMÌKÌ‹ŒMLÍLÍLÌBŒLMÌËŽMMÌLŒKMÍ‹ŒŒŒLÌMÌ‹ŒÍÎNNLNŒLKNËŒNMLLKMŒ‹ŒŒLŽMLLÍÌKÌ‹ŒÎLÍMŒNBŒL‹NLŒÌLÌÎMËNŽLM‹Ì‹ÌMN‚ŒLËNM‹ŒLÍÍÎMMLÌ‹ŒLŒLÍLŒNÌ‹MLÌŒÌŽŒLŽNNKŒÌLLLËLM‹ŒMŽLLËÌ‹NMÌÎBŒLŽKŒŒLÌMLŒ‹‹ŒÍMŒNMÍLM™KLMMËŒLMLÌBŒLÌNNŽNLLMËM‹ŒMÍÌNLLÌKMËNMÍMÌÌÎŒLÌKNMKÌLNÌŒËÌ‹ŒÍLÌLÌÍ‹MËMLÍÍÎLÌÍÂŒLÌ‹NLŒÌŒÍŽLŒMËLLLŽMËÌÍÍNŒLÌËN‹ŽMÍMÍKŒ‹ŒŒÌNŒÎNKMËŒÎNŒŒŒMÂŒLÍMÌËÌŽLŽN‹Í‹ŒŽLÌŽMNLKMËŒÎLNNŽŒLÍKMŒ‹ŽÎLNMNKŽMLÌŽKMËŒMLÍLMÌMBŒLÍ‹MLNMMKLMŒŽMM‹MËŒŒMŒÌÍŒBŒLÍËLÍ‹ÍÌMNLLKŒMMŒŒ‹M‹ŽŽNNMŒLÎLŒKŽMŒMLÍLŒŒ‹LŒŒÎNÌÌÌŽM‹ÍMÎMÌLM‚ŒLÎKL‹ŒNNŒŽKLŽŒMÌŒÌMÌKM‹ŒÍŒÍÌMŒMKLŒÍÍL‹LÍŽMÌÍŒŒ‹M‹LÎLBŒMKÌ‹LŒÌŒÍŒNMÍÍÌLÎKM‹ÌLLNLBŒM‹MÍŒLÎLÌNKMLMŽKM‹ŒÍMŽŒŒÂŒMËÍ‹ÌÍŒŒŒLMMËÌÌŒÌMLËM‹ŒÌLÎNLBŒMNLÌLŒŒMMKÍNŒM‹ŒÍŒLÍŽÌBŒMKLËŒŽÍLŒÌÙKLLËMLŒMÌÌŽLKM‹ŒMŒŽÂŒM‹LNLÌLŒŒMMKÍNŒM‹ŒÍŒLÍŽÌBŒMËLÍ‹ÌÍŒŒŒLMMËÌÌŒÌMLËM‹ŒÌLÎNLBŒMMMÍŒLÎLÌNKMLMŽKM‹ŒÍMŽŒŒÂŒMKMÌ‹LŒÌŒÍŒNMÍÍÌLÎKM‹ÌLLNLBŒMLNKLŒÍÍL‹LÍŽMÌÍŒŒ‹M‹LÎLBŒMLKLL‹ŒNNŒŽKLŽŒMÌŒÌMÌKM‹ŒÍŒÍÌMŒML‹LLŒKŽMŒMLÍLŒŒ‹LŒŒÎNÌÌÌŽM‹ÍMÎMÌLM‚ŒMLËLLÍ‹ÍÌMNLLKŒMMŒŒ‹M‹ŽŽNNMŒMMLMLNMMKLMŒŽMM‹MËŒŒMŒÌÍŒBŒMMKLMŒ‹ŽÎLNMNKŽMLÌŽKMËŒMLÍLMÌMBŒMM‹LMÌËÌŽLŽN‹Í‹ŒŽLÌŽMNLKMËŒÎLNNŽŒMMËLN‹ŽMÍMÍKŒ‹ŒŒÌNŒÎNKMËŒÎNŒŒŒMÂŒMNLNLŒÌŒÍŽLŒMËLLLŽMËÌÍÍNŒMNKLNMKÌLNÌŒËÌ‹ŒÍLÌLÌÍ‹MËMLÍÍÎLÌÍÂŒMŒLNNŽNLLMËM‹ŒMÍÌNLLÌKMËNMÍMÌÌÎŒMŒKLŒŒLÌMLŒ‹LËŒLÌÌÍÙKLL‹MËŒLMLÌBŒMŒ‹LNNŽNLLMËLM‹ŒMÍÌNLLÌKMËNMÍMÌÌÎŒMŒËLNMKÌLNÌŒËLÌ‹ŒÍLÌLÌÍ‹MËMLÍÍÎLÌÍÂŒMLNLŒÌŒÍŽLŒMMËLLLŽMËÌÍÍNŒMKLN‹ŽMÍMÍKMŒ‹ŒŒÌNŒÎNKMËŒÎNŒŒŒMÂŒM‹LMÌËÌŽLŽN‹MÍ‹ŒŽLÌŽMNLKMËŒÎLNNŽŒMËLMŒ‹ŽÎLNMNKNŽMLÌŽKMËŒMLÍLMÌMBŒMŽLMLNMMKLLMŒŽMM‹MËŒŒMŒÌÍŒBŒMŽKLLÍ‹ÍÌMNLLLKŒMMŒŒ‹M‹ŽŽNNMŒMÌLLŒKŽMŒMLÍLŒŒ‹LLŒŒÎNÌÌÌŽM‹ÍMÎMÌLM‚ŒMÌKLL‹ŒNNŒŽKLLŽŒMÌŒÌMÌKM‹ŒÍŒÍÌMŒMÌ‹NKLŒÍÍL‹LLÍŽMÌÍŒŒ‹M‹LÎLBŒMÌËMÌ‹LŒÌŒÍŒNLMÍÍÌLÎKM‹ÌLLNLBŒMÍMMÍŒLÎLÌNKLMLMŽKM‹ŒÍMŽŒŒÂŒMÍKLÍ‹ÌÍŒŒŒLMLMËÌÌŒÌMLËM‹ŒÌLÎNLBŒMÍ‹LNLÌLŒŒMLMKÍNŒM‹ŒÍŒLÍŽÌBŒMÍË‹LNMLÍÍŒÙKLLËLMLŒMÌÌŽLKM‹ŒMŒŽÂŒMÎNLÌLŒŒMLMKÍNŒM‹ŒÍŒLÍŽÌBŒMÎKÍ‹ÌÍŒŒŒLMLMËÌÌŒÌMLËM‹ŒÌLÎNLBŒNMÍŒLÎLÌNKLMLMŽKM‹ŒÍMŽŒŒÂŒNKÌ‹LŒÌŒÍŒNLMÍÍÌLÎKM‹ÌLLNLBŒN‹KLŒÍÍL‹LLÍŽMÌÍŒŒ‹M‹LÎLBŒNËL‹ŒNNŒŽKLLŽŒMÌŒÌMÌKM‹ŒÍŒÍÌMŒNLŒKŽMŒMLÍLŒŒ‹LLŒŒÎNÌÌÌŽM‹ÍMÎMÌLM‚ŒNKLÍ‹ÍÌMNLLLKŒMMŒŒ‹M‹ŽŽNNMŒN‹MLNMMKLLMŒŽMM‹MËŒŒMŒÌÍŒBŒNËMŒ‹ŽÎLNMNKNŽMLÌŽKMËŒMLÍLMÌMBŒNMÌËÌŽLŽN‹MÍ‹ŒŽLÌŽMNLKMËŒÎLNNŽŒNKN‹ŽMÍMÍKMŒ‹ŒŒÌNŒÎNKMËŒÎNŒŒŒMÂŒNLNLŒÌŒÍŽLŒMMËLLLŽMËÌÍÍNŒNLKNMKÌLNÌŒËLÌ‹ŒÍLÌLÌÍ‹MËMLÍÍÎLÌÍÂŒNL‹NNŽNLLMËLM‹ŒMÍÌNLLÌKMËNMÍMÌÌÎŒNLËNNKÍÌŒNMLL‹‹ŒNLÍÙKLM‹ŒMMÍÍLLÂŒNMNNÍMÌLM‹M‹ŒMÌÍMÎLË‹NNLŽL‚ŒNMKNMKLLŽMMKÌ‹ŒMÌÍMÍ‹‹MMLÍÍM‚ŒNM‹NLŒÌLNM‹ËLNLLMË‹ÌŽŒBŒNMËN‹ÌÍNËŒ‹ŒMŒÎNMLË‹ŒÎLLÌÍÍŽŒNNMÌËLŒLLŽMŒËÍ‹ŒLMÍMŽLM‹ŒÎLNM‚ŒNNKMŒ‹ŽLÍ‹ŽMŒLLŒMÍ‹ŒMLÎMÎMMÂŒŒMLŒÌLÍÌ‹LŽN‹ŒŒMMÍŒŒKLÍ‹ÌÌŽMŒÍËLLKŒŒLÌÍKKŽŽMŽÍMBŒŒ‹LŒKŽLMÍMMËLŒLŽKÍMNLNLÂŒŒËL‹ŒMLŽÌÌŽNKLŽLMŒÌ‹KŒÌŽMNNMMÎBŒŒKŒNLŽNKLÍKŒÎMÌKKLŒŒLÎLMŒŒKÌ‹ÎLLLÍÌKMÎMŒÍŒŒLKKÌŒNLM‚ŒŒ‹MÍMÍMÌMMKŒÍÍŒNKŒÍLNLŒÍÂŒŒËÍ‹ÌÌŽŽNKMŒÌLKKŒŽMÍNLÂŒŒNLÍLNKMKŽMMŒËKŒŒNLM‚ŒŒKLËŒŽNÍLMÍ™KLLËMLNÌÌMŒÍ‹KŒÍLÎMŒŒLLNLÍLNKMKŽMMŒËKŒŒNLM‚ŒŒLKLÍ‹ÌÌŽŽNKMŒÌLKKŒŽMÍNLÂŒŒL‹MMÍMÍMÌMMKŒÍÍŒNKŒÍLNLŒÍÂŒŒLËMÌ‹ÎLLLÍÌKMÎMŒÍŒŒLKKÌŒNLM‚ŒŒMNKŒNLŽNKLÍKŒÎMÌKKLŒŒLÎLMŒŒMKLL‹ŒMLŽÌÌŽNKLŽLMŒÌ‹KŒÌŽMNNMMÎBŒŒM‹LLŒKŽLMÍMMËLŒLŽKÍMNLNLÂŒŒMËLLÍ‹ÌÌŽMŒÍËLLKŒŒLÌÍKKŽŽMŽÍMBŒŒNLMLŒÌLÍÌ‹LŽN‹ŒŒMMÍŒŒNKLMŒ‹ŽLÍ‹ŽMŒLLŒMÍ‹ŒMLÎMÎMMÂŒŒŒLMÌËLŒLLŽMŒËÍ‹ŒLMÍMŽLM‹ŒÎLNM‚ŒŒŒKLN‹ÌÍNËŒ‹ŒMŒÎNMLË‹ŒÎLLÌÍÍŽŒŒŒ‹LNLŒÌLNM‹ËLNLLMË‹ÌŽŒBŒŒŒËLNMKLLŽMMKÌ‹ŒMÌÍMÍ‹‹MMLÍÍM‚ŒŒLNNÍMÌLM‹M‹ŒMÌÍMÎLË‹NNLŽL‚ŒŒKLNNKÍÌŒNMLL‹LËŒMÍLLL™KLL‹‹ŒMMÍÍLLÂŒŒ‹LNNÍMÌLM‹LM‹ŒMÌÍMÎLË‹NNLŽL‚ŒŒËLNMKLLŽMMKLÌ‹ŒMÌÍMÍ‹‹MMLÍÍM‚ŒŒŽLNLŒÌLNM‹MËLNLLMË‹ÌŽŒBŒŒŽKLN‹ÌÍNËMŒ‹ŒMŒÎNMLË‹ŒÎLLÌÍÍŽŒŒÌLMÌËLŒLLŽMŒËMÍ‹ŒLMÍMŽLM‹ŒÎLNM‚ŒŒÌKLMŒ‹ŽLÍ‹NŽMŒLLŒMÍ‹ŒMLÎMÎMMÂŒŒÌ‹LMLŒÌLÍÌ‹LLŽN‹ŒŒMMÍŒŒÌËLLÍ‹ÌÌŽMŒÍËLLLKŒŒLÌÍKKŽŽMŽÍMBŒŒÍLLŒKŽLMÍMMËLLŒLŽKÍMNLNLÂŒŒÍKLL‹ŒMLŽÌÌŽNKLLŽLMŒÌ‹KŒÌŽMNNMMÎBŒŒÍ‹NKŒNLŽNKLLÍKŒÎMÌKKLŒŒLÎLMŒŒÍËMÌ‹ÎLLLÍÌKLMÎMŒÍŒŒLKKÌŒNLM‚ŒŒÎMMÍMÍMÌMLMKŒÍÍŒNKŒÍLNLŒÍÂŒŒÎKLÍ‹ÌÌŽŽNKLMŒÌLKKŒŽMÍNLÂŒLNLÍLNKLMKŽMMŒËKŒŒNLM‚ŒK‹ŒÎŽÍLNYKLLËLMLNÌÌMŒÍ‹KŒÍLÎMŒ‹NLÍLNKLMKŽMMŒËKŒŒNLM‚ŒËÍ‹ÌÌŽŽNKLMŒÌLKKŒŽMÍNLÂŒMÍMÍMÌMLMKŒÍÍŒNKŒÍLNLŒÍÂŒKÌ‹ÎLLLÍÌKLMÎMŒÍŒŒLKKÌŒNLM‚Œ‹KŒNLŽNKLLÍKŒÎMÌKKLŒŒLÎLMŒËL‹ŒMLŽÌÌŽNKLLŽLMŒÌ‹KŒÌŽMNNMMÎBŒLŒKŽLMÍMMËLLŒLŽKÍMNLNLÂŒKLÍ‹ÌÌŽMŒÍËLLLKŒŒLÌÍKKŽŽMŽÍMBŒLMLŒÌLÍÌ‹LLŽN‹ŒŒMMÍŒLKMŒ‹ŽLÍ‹NŽMŒLLŒMÍ‹ŒMLÎMÎMMÂŒL‹MÌËLŒLLŽMŒËMÍ‹ŒLMÍMŽLM‹ŒÎLNM‚ŒLËN‹ÌÍNËMŒ‹ŒMŒÎNMLË‹ŒÎLLÌÍÍŽŒMNLŒÌLNM‹MËLNLLMË‹ÌŽŒBŒMKNMKLLŽMMKLÌ‹ŒMÌÍMÍ‹‹MMLÍÍM‚ŒM‹NNÍMÌLM‹LM‹ŒMÌÍMÎLË‹NNLŽL‚ŒMËNNKMÍÌK‹ŒÌNLŒÌÎYKLMLËŒMÌÍNL‚ŒNNNŒÍŒÌMKM‹ŒMŽMŽMŽKLËŒŒMŒNKNMKŒLLÌMŽMÍNKÌ‹ŒÍNÍNKLËMNÍLŒŽBŒŒNKÍÍMÌKËLŽŒÍŽNLËÍÌÌÎŒŒKN‹ŒŒŒM‹Œ‹ŒŽÎMŒÍ‹LËŒÎLÍŒÎNBŒŒ‹MÌËŒÌMLLŽLŽÍ‹ŒMÍLÍŽKLËŒŽÌÍŒŒËMŒ‹NNËKŒÎLNNMMÎKLËŒMMNL‚ŒMLŒNLŽMŽLKLÎMÌLËLËŒŒMLLL‚ŒKLÍ‹MÍ‹LLKŒÍŽL‹ŽNMÌÍ‚Œ‹LŒKŽŒÌŒÍM‹LŒŽMŽÍŒMËL‹ÍLÍŒM‚ŒËL‹ŒLMLŽÍÌÍÍNNKL‹ŒŽLÎMÎBŒŽKNLNŒÌLLÍKMÎNLÍÌ‹L‹LMÌÍŒMÂŒŽKÌ‹ŒÌÍŒKMKŒLŽÍMÍL‹ŒLÎLBŒÌMÍLÌŒMKMKMÌLKL‹ŒÍÌÍŽMÍBŒÌKÍ‹ÌŒMÎKMMMÎMKL‹ŒŽŒÍÍŒÌÂŒÌ‹NLÎÌNMŽKMLŒÌMŒŽMLMÌKL‹ŒLMNLÎBŒÌËLËŒŽLŽLLLŒML™KLLËMLŽLMÌŒŒËL‹ŒŒÎNLŽŒÍLNLÎÌNMŽKMLŒÌMŒŽMLMÌKL‹ŒLMNLÎBŒÍKLÍ‹ÌŒMÎKMMMÎMKL‹ŒŽŒÍÍŒÌÂŒÍ‹MMÍLÌŒMKMKMÌLKL‹ŒÍÌÍŽMÍBŒÍËMÌ‹ŒÌÍŒKMKŒLŽÍMÍL‹ŒLÎLBŒÎNKNLNŒÌLLÍKMÎNLÍÌ‹L‹LMÌÍŒMÂŒÎKLL‹ŒLMLŽÍÌÍÍNNKL‹ŒŽLÎMÎBŒŽLLŒKŽŒÌŒÍM‹LŒŽMŽÍŒMËL‹ÍLÍŒM‚ŒŽKLLÍ‹MÍ‹LLKŒÍŽL‹ŽNMÌÍ‚ŒŽ‹LMLŒNLŽMŽLKLÎMÌLËLËŒŒMLLL‚ŒŽËLMŒ‹NNËKŒÎLNNMMÎKLËŒMMNL‚ŒŽLMÌËŒÌMLLŽLŽÍ‹ŒMÍLÍŽKLËŒŽÌÍŒŽKLN‹ŒŒŒM‹Œ‹ŒŽÎMŒÍ‹LËŒÎLÍŒÎNBŒŽ‹LNKÍÍMÌKËLŽŒÍŽNLËÍÌÌÎŒŽËLNMKŒLLÌMŽMÍNKÌ‹ŒÍNÍNKLËMNÍLŒŽBŒŽLNNŒÍŒÌMKM‹ŒMŽMŽMŽKLËŒŒMŒŽKLNNKMÍÌKLËŒŽNLMÌYKLL‹LËŒMÌÍNL‚ŒŽLLNNŒÍŒÌMKLM‹ŒMŽMŽMŽKLËŒŒMŒŽLKLNMKŒLLÌMŽMÍNKLÌ‹ŒÍNÍNKLËMNÍLŒŽBŒŽL‹LNKÍÍMÌKMËLŽŒÍŽNLËÍÌÌÎŒŽLËLN‹ŒŒŒM‹MŒ‹ŒŽÎMŒÍ‹LËŒÎLÍŒÎNBŒŽMLMÌËŒÌMLLŽLŽMÍ‹ŒMÍLÍŽKLËŒŽÌÍŒŽMKLMŒ‹NNËNKŒÎLNNMMÎKLËŒMMNL‚ŒŽM‹LMLŒNLŽMŽLKLLÎMÌLËLËŒŒMLLL‚ŒŽMËLLÍ‹MÍ‹LLLKŒÍŽL‹ŽNMÌÍ‚ŒŽNLLŒKŽŒÌŒÍM‹LLŒŽMŽÍŒMËL‹ÍLÍŒM‚ŒŽNKLL‹ŒLMLLŽÍÌÍÍNNKL‹ŒŽLÎMÎBŒÌNKNLNŒÌLLLÍKMÎNLÍÌ‹L‹LMÌÍŒMÂŒÌKMÌ‹ŒÌÍŒKLMKŒLŽÍMÍL‹ŒLÎLBŒÌ‹MMÍLÌŒMKLMKMÌLKL‹ŒÍÌÍŽMÍBŒÌËLÍ‹ÌŒMÎKLMMMÎMKL‹ŒŽŒÍÍŒÌÂŒÌLNLÎÌNMŽKLMLŒÌMŒŽMLMÌKL‹ŒLMNLÎBŒÌK‹ŽMŒMŒÍÙKLLËLMLŽLMÌŒŒËL‹ŒŒÎNLŽŒÌ‹NLÎÌNMŽKLMLŒÌMŒŽMLMÌKL‹ŒLMNLÎBŒÌËÍ‹ÌŒMÎKLMMMÎMKL‹ŒŽŒÍÍŒÌÂŒÌMÍLÌŒMKLMKMÌLKL‹ŒÍÌÍŽMÍBŒÌKÌ‹ŒÌÍŒKLMKŒLŽÍMÍL‹ŒLÎLBŒÌLKNLNŒÌLLLÍKMÎNLÍÌ‹L‹LMÌÍŒMÂŒÌLKL‹ŒLMLLŽÍÌÍÍNNKL‹ŒŽLÎMÎBŒÌL‹LŒKŽŒÌŒÍM‹LLŒŽMŽÍŒMËL‹ÍLÍŒM‚ŒÌLËLÍ‹MÍ‹LLLKŒÍŽL‹ŽNMÌÍ‚ŒÌMMLŒNLŽMŽLKLLÎMÌLËLËŒŒMLLL‚ŒÌMKMŒ‹NNËNKŒÎLNNMMÎKLËŒMMNL‚ŒÌM‹MÌËŒÌMLLŽLŽMÍ‹ŒMÍLÍŽKLËŒŽÌÍŒÌMËN‹ŒŒŒM‹MŒ‹ŒŽÎMŒÍ‹LËŒÎLÍŒÎNBŒÌNNKÍÍMÌKMËLŽŒÍŽNLËÍÌÌÎŒÌNKNMKŒLLÌMŽMÍNKLÌ‹ŒÍNÍNKLËMNÍLŒŽBŒÌŒNNŒÍŒÌMKLM‹ŒMŽMŽMŽKLËŒŒMŒÌŒKNNKŒLÎÍŽMÌ‹‹ŒLÎLNŽLŒLÙKLMLÌ‹ŒŒNML‚ŒÌŒ‹NNŒLŽŒLËM‹ŒMŒÌÍÌLÌ‹ŒÍMÍMŒÌŒËNMŽNÍÍŒ‹Ì‹ŒLÌÌ‹LÌ‹MŒÌŒMÍMŒÌNKLLNNKËLÍÎMÌNM‹LÌ‹LNNLBŒÌKN‹ŒŒŒŒÍMŽMLËŒ‹ŒÌLNNNKLÌ‹ŒÎMÌNMNLM‚ŒÌ‹MÌËŒLLÍÍŒ‹Í‹ŒŒLMÌLNKLÌ‹ŒŽÍÌÌNŒÌËMŒ‹ŒÌÌMŒÍLŒKKŒLMNLÍLÌ‹ŒMMŽLMBŒÌŽMLŒŒŒMŒ‹LŽLLLÌNLÌ‹LÌ‹ŒŒŒNLŽŒÌŽKLÍ‹ÍÍÌNMÌÍ‹LLKLŒŒNNKLÌKŽLLÌ‚ŒÌÌLŒKÍMMLLŒLŒŽLÍMÌÍKLÌKÍLLMM‚ŒÌÌKL‹ŒLLŽŒËLŽKŒŒŒÌMKLÌKŒLMÍŒLBŒÌÌ‹KMÍNŽM‹LÍKŽÍŽLŽM‹LÌKLLMLŒÍM‚ŒÌÌËÌ‹MMLŽ‹MKÎÍLÌKLÍÍŽBŒÌÍMÍLNMŽ‹MKÎNMŒŒMÍLÌKŒÌÍÍNÍBŒÌÍKÍ‹ÌMÎLÍLÍKMŽLLÍ‹LÌKŒÍÎŒÌÍ‹NMŽLÍÍËMLÌÌŒŽMKLÌKŒLÎNŒÌÍËLËŒŽMÎLNŽLL™KLLËMLKŒÍÌŒÌNM‹LÌKŒŒŽMMLÂŒÌÎLNMŽLÍÍËMLÌÌŒŽMKLÌKŒLÎNŒÌÎKLÍ‹ÌMÎLÍLÍKMŽLLÍ‹LÌKŒÍÎŒÍMMÍLNMŽ‹MKÎNMŒŒMÍLÌKŒÌÍÍNÍBŒÍKMÌ‹MMLŽ‹MKÎÍLÌKLÍÍŽBŒÍ‹NKMÍNŽM‹LÍKŽÍŽLŽM‹LÌKLLMLŒÍM‚ŒÍËLL‹ŒLLŽŒËLŽKŒŒŒÌMKLÌKŒLMÍŒLBŒÍLLŒKÍMMLLŒLŒŽLÍMÌÍKLÌKÍLLMM‚ŒÍKLLÍ‹ÍÍÌNMÌÍ‹LLKLŒŒNNKLÌKŽLLÌ‚ŒÍ‹LMLŒŒŒMŒ‹LŽLLLÌNLÌ‹LÌ‹ŒŒŒNLŽŒÍËLMŒ‹ŒÌÌMŒÍLŒKKŒLMNLÍLÌ‹ŒMMŽLMBŒÍLMÌËŒLLÍÍŒ‹Í‹ŒŒLMÌLNKLÌ‹ŒŽÍÌÌNŒÍKLN‹ŒŒŒŒÍMŽMLËŒ‹ŒÌLNNNKLÌ‹ŒÎMÌNMNLM‚ŒÍLLNKLLNNKËLÍÎMÌNM‹LÌ‹LNNLBŒÍLKLNMŽNÍÍŒ‹Ì‹ŒLÌÌ‹LÌ‹MŒÌŒMÍMŒÍL‹LNNŒLŽŒLËM‹ŒMŒÌÍÌLÌ‹ŒÍMÍMŒÍLËLNNKŒLÎÍŽMÌ‹LËŒÌNLÌÍM™KLL‹LÌ‹ŒŒNML‚ŒÍMLNNŒLŽŒLËLM‹ŒMŒÌÍÌKLÌ‹ŒÍMÍMŒÍMKLNMŽNÍÍŒ‹LÌ‹ŒLÌÌ‹LÌ‹MŒÌŒMÍMŒÍM‹LNKLLNNKMËLÍÎMÌNM‹LÌ‹LNNLBŒÍMËLN‹ŒŒŒŒÍMŽMLËMŒ‹ŒÌLNNNKLÌ‹ŒÎMÌNMNLM‚ŒÍNLMÌËŒLLÍÍŒ‹MÍ‹ŒŒLMÌLNKLÌ‹ŒŽÍÌÌNŒÍNKLMŒ‹ŒÌÌMŒÍLŒKNKŒLMNLÍLÌ‹ŒMMŽLMBŒÍŒLMLŒŒŒMŒ‹LLŽLLLÌNLÌ‹LÌ‹ŒŒŒNLŽŒÍŒKLLÍ‹ÍÍÌNMÌÍ‹LLLKLŒŒNNKLÌKŽLLÌ‚ŒÍŒ‹LLŒKÍMMLLŒLLŒŽLÍMÌÍKLÌKÍLLMM‚ŒÍŒËLL‹ŒLLŽŒËLLŽKŒŒŒÌMKLÌKŒLMÍŒLBŒÍNKMÍNŽM‹LLÍKŽÍŽLŽM‹LÌKLLMLŒÍM‚ŒÍKMÌ‹MMLŽ‹LMKÎÍLÌKLÍÍŽBŒÍ‹MMÍLNMŽ‹LMKÎNMŒŒMÍLÌKŒÌÍÍNÍBŒÍËLÍ‹ÌMÎLÍLÍKLMŽLLÍ‹LÌKŒÍÎŒÍŽLNMŽLÍÍËLMLÌÌŒŽMKLÌKŒLÎNŒÍŽK‹ÎLŒÍÎL™KLLËLMLKŒÍÌŒÌNM‹LÌKŒŒŽMMLÂŒÍÌNMŽLÍÍËLMLÌÌŒŽMKLÌKŒLÎNŒÍÌKÍ‹ÌMÎLÍLÍKLMŽLLÍ‹LÌKŒÍÎŒÍÌ‹MÍLNMŽ‹LMKÎNMŒŒMÍLÌKŒÌÍÍNÍBŒÍÌËÌ‹MMLŽ‹LMKÎÍLÌKLÍÍŽBŒÍÍKMÍNŽM‹LLÍKŽÍŽLŽM‹LÌKLLMLŒÍM‚ŒÍÍKL‹ŒLLŽŒËLLŽKŒŒŒÌMKLÌKŒLMÍŒLBŒÍÍ‹LŒKÍMMLLŒLLŒŽLÍMÌÍKLÌKÍLLMM‚ŒÍÍËLÍ‹ÍÍÌNMÌÍ‹LLLKLŒŒNNKLÌKŽLLÌ‚ŒÍÎMLŒŒŒMŒ‹LLŽLLLÌNLÌ‹LÌ‹ŒŒŒNLŽŒÍÎKMŒ‹ŒÌÌMŒÍLŒKNKŒLMNLÍLÌ‹ŒMMŽLMBŒÎMÌËŒLLÍÍŒ‹MÍ‹ŒŒLMÌLNKLÌ‹ŒŽÍÌÌNŒÎKN‹ŒŒŒŒÍMŽMLËMŒ‹ŒÌLNNNKLÌ‹ŒÎMÌNMNLM‚ŒÎ‹NKLLNNKMËLÍÎMÌNM‹LÌ‹LNNLBŒÎËNMŽNÍÍŒ‹LÌ‹ŒLÌÌ‹LÌ‹MŒÌŒMÍMŒÎNNŒLŽŒLËLM‹ŒMŒÌÍÌLÌ‹ŒÍMÍMŒÎKNNŽLŒŽNKNMŽLŽŒÙKLMMMËŒÌÌŒÌMŒÎ‹NMËÍÌÌÌNKM‹ŒMMÍLÍMMËŒMLMŽŒÎËNMLÌÌLËÌ‹ŒLÌÎMMMËMÌÍ‚ŒÎNKŒŒÍLŽMLÍ‹ËMŒÎMÍMKMMËNÎLLÍŒÎKNKŽNÍLLMNŒ‹ŒÌÌŽMÌÌËMMËÌLÂŒÎLMÌ‹ŽLÌMŒÍËÍ‹ŒMŒÎLNLM‹MMËŒŽÎMÎMMŒÎLKMŒ‹ŒMNLÍÍÌ‹KŒNLMMLËMMËŒMNMLŒÌÍ‚ŒÎL‹MKŽLÌNLLKŒMMÌKMMËŒŒŽNÍLNBŒÎLËLÍ‹ŒÎLÍ‹LLKÍÍŒÍÌÍÍ‹MM‹ŽÍÎLÂŒÎMLŒKŽŒÎNKLŒKŒLŒÍÍÌNKMM‹ÍLMLÂŒÎMKL‹ŒŒNNLŽËLŽKŒÌNNMÍËMM‹ŒŒLLMÎ‚ŒÎM‹KMŽLÍŽLÍ‹ŒMÌNN‹MM‹LÍÌŽÂŒÎMËÌ‹ÍŽLËMKŽMÍŒLËMM‹NMÎŒÎNMÍMMŒKM‹ŒMŽLLÌŒËMM‹ŒÌÎŒÍ‚ŒÎNKÍ‹ÌMNÎLÌËMKŒŽÎLÌËMM‹ŒLML‚NMLÌŒÌ‹MLKŒMLN‹MM‹ŒŒŽLLÌÌBKLËŒÍMNLLLÎLÙKLLËMLKÍŒMÍMM‹ŒŒMŽNNB‹LNMLÌŒÌ‹MLKŒMLN‹MM‹ŒŒŽLLÌÌBËLÍ‹ÌMNÎLÌËMKŒŽÎLÌËMM‹ŒLML‚MMÍMMŒKM‹ŒMŽLLÌŒËMM‹ŒÌÎŒÍ‚KMÌ‹ÍŽLËMKŽMÍŒLËMM‹NMÎ‹NKMŽLÍŽLÍ‹ŒMÌNN‹MM‹LÍÌŽÂËLL‹ŒŒNNLŽËLŽKŒÌNNMÍËMM‹ŒŒLLMÎ‚LLŒKŽŒÎNKLŒKŒLŒÍÍÌNKMM‹ÍLMLÂKLLÍ‹ŒÎLÍ‹LLKÍÍŒÍÌÍÍ‹MM‹ŽÍÎLÂLLMKŽLÌNLLKŒMMÌKMMËŒŒŽNÍLNBLKLMŒ‹ŒMNLÍÍÌ‹KŒNLMMLËMMËŒMNMLŒÌÍ‚L‹LMÌ‹ŽLÌMŒÍËÍ‹ŒMŒÎLNLM‹MMËŒŽÎMÎMMLËLNKŽNÍLLMNŒ‹ŒÌÌŽMÌÌËMMËÌLÂMLNKŒŒÍLŽMLÍ‹ËMŒÎMÍMKMMËNÎLLÍMKLNMLÌÌLËÌ‹ŒLÌÎMMMËMÌÍ‚M‹LNMËÍÌÌÌNKM‹ŒMMÍLÍMMËŒMLMŽMËLNNŽLŒŽNLËŒŒMŒMNKLL‹MMËŒÌÌŒÌMNLNMËÍÌÌÌNKLM‹ŒMMÍLÍMMËŒMLMŽNKLNMLÌÌLËLÌ‹ŒLÌÎMMMËMÌÍ‚ŒLNKŒŒÍLŽMLÍ‹MËMŒÎMÍMKMMËNÎLLÍŒKLNKŽNÍLLMNMŒ‹ŒÌÌŽMÌÌËMMËÌLÂŒ‹LMÌ‹ŽLÌMŒÍËMÍ‹ŒMŒÎLNLM‹MMËŒŽÎMÎMMŒËLMŒ‹ŒMNLÍÍÌ‹NKŒNLMMLËMMËŒMNMLŒÌÍ‚LMKŽLÌNLLLKŒMMÌKMMËŒŒŽNÍLNBKLLÍ‹ŒÎLÍ‹LLLKÍÍŒÍÌÍÍ‹MM‹ŽÍÎLÂ‹LLŒKŽŒÎNKLLŒKŒLŒÍÍÌNKMM‹ÍLMLÂËLL‹ŒŒNNLŽËLLŽKŒÌNNMÍËMM‹ŒŒLLMÎ‚ŽNKMŽLÍŽLLÍ‹ŒMÌNN‹MM‹LÍÌŽÂŽKMÌ‹ÍŽLËLMKŽMÍŒLËMM‹NMÎÌMMÍMMŒKLM‹ŒMŽLLÌŒËMM‹ŒÌÎŒÍ‚ÌKLÍ‹ÌMNÎLÌËLMKŒŽÎLÌËMM‹ŒLML‚Ì‹LNMLÌŒÌ‹LMLKŒMLN‹MM‹ŒŒŽLLÌÌBÌË‹ŽŒLLÎKLLËLMLKÍŒMÍMM‹ŒŒMŽNNBÍNMLÌŒÌ‹LMLKŒMLN‹MM‹ŒŒŽLLÌÌBÍKÍ‹ÌMNÎLÌËLMKŒŽÎLÌËMM‹ŒLML‚Í‹MÍMMŒKLM‹ŒMŽLLÌŒËMM‹ŒÌÎŒÍ‚ÍËÌ‹ÍŽLËLMKŽMÍŒLËMM‹NMÎÎKMŽLÍŽLLÍ‹ŒMÌNN‹MM‹LÍÌŽÂÎKL‹ŒŒNNLŽËLLŽKŒÌNNMÍËMM‹ŒŒLLMÎ‚LŒKŽŒÎNKLLŒKŒLŒÍÍÌNKMM‹ÍLMLÂKLÍ‹ŒÎLÍ‹LLLKÍÍŒÍÌÍÍ‹MM‹ŽÍÎLÂ‹MKŽLÌNLLLKŒMMÌKMMËŒŒŽNÍLNBËMŒ‹ŒMNLÍÍÌ‹NKŒNLMMLËMMËŒMNMLŒÌÍ‚MÌ‹ŽLÌMŒÍËMÍ‹ŒMŒÎLNLM‹MMËŒŽÎMÎMMKNKŽNÍLLMNMŒ‹ŒÌÌŽMÌÌËMMËÌLÂ‹NKŒŒÍLŽMLÍ‹MËMŒÎMÍMKMMËNÎLLÍËNMLÌÌLËLÌ‹ŒLÌÎMMMËMÌÍ‚NMËÍÌÌÌNKLM‹ŒMMÍLÍMMËŒMLMŽKNNLLÍ‹KNMŒNYKLMN‹LÎLÍ‚LNMËÌÍMLÌÌ‹M‹ŒMLLÎN‹ŒMŒMÂLKNMŒŒŽNNMËÌ‹ŒLŒŒLMMNN‹NÌŒMÎL‹NŽMLMÍŒÌÌKËMMLMŒNÌ‹N‹LÌÌLÌÎBLËNKÍÍÍMŒKŒ‹ŒÍLŒÎNËN‹LMBMMÌ‹ÌÌÌÍŒÌ‹Í‹ŒÌLŒÍMLÍKN‹ŒŽLÎÍÌÌÂMKMŒKŽNNLNLŒKKŒŒÍÎNLMN‹ŒMŒÌÌÎL‚M‹MKŽMŽËLKŒLÍŒÌÎN‹ŒÍŒÎBMËLÍ‹ŒŽLKLLKŽÌŒÌÍÌÍKNKŽÌLÎNLŒKŒŒLÎLŒKŒÌÌËNKÍMMBNKLKŽMÎLLKLŽKLMÍŒÌÎLL‹NKŒMNŽBŒKLNÎLMMLÍ‹ŒÌÌMMËNKMNMÌNÂŒKÌ‹ŒÎLLMMMŒM‹ŒLÍŒMÍLKNKŒÎMŒNNŒ‹MÍLMLÍLËM‹LÍŒÎMNKŒÌLNLML‚ŒËÍ‹ÌMLMNMKÍÍÎŒ‹NKŒLLÎNMNBNMMÎMKMLKMLÍŒLMNKŒŒMLLBKLËŒŒMLLM™KLLËML‹ŒMÎMŽLNKŒŒNNÂ‹LNMMÎMKMLKMLÍŒLMNKŒŒMLLBËLÍ‹ÌMLMNMKÍÍÎŒ‹NKŒLLÎNMNBŽMMÍLMLÍLËM‹LÍŒÎMNKŒÌLNLML‚ŽKMÌ‹ŒÎLLMMMŒM‹ŒLÍŒMÍLKNKŒÎMŒNNÌNKLNÎLMMLÍ‹ŒÌÌMMËNKMNMÌNÂÌKLLKŽMÎLLKLŽKLMÍŒÌÎLL‹NKŒMNŽBÌ‹LLŒKŒŒLÎLŒKŒÌÌËNKÍMMBÌËLLÍ‹ŒŽLKLLKŽÌŒÌÍÌÍKNKŽÌLÎÍLMKŽMŽËLKŒLÍŒÌÎN‹ŒÍŒÎBÍKLMŒKŽNNLNLŒKKŒŒÍÎNLMN‹ŒMŒÌÌÎL‚Í‹LMÌ‹ÌÌÌÍŒÌ‹Í‹ŒÌLŒÍMLÍKN‹ŒŽLÎÍÌÌÂÍËLNKÍÍÍMŒKŒ‹ŒÍLŒÎNËN‹LMBÎLNŽMLMÍŒÌÌKËMMLMŒNÌ‹N‹LÌÌLÌÎBÎKLNMŒŒŽNNMËÌ‹ŒLŒŒLMMNN‹NÌŒMÎLNMËÌÍMLÌÌ‹M‹ŒMLLÎN‹ŒMŒMÂKLNNLLÍ‹LËŒNLNMMYKLL‹N‹LÎLÍ‚‹LNMËÌÍMLÌÌ‹LM‹ŒMLLÎN‹ŒMŒMÂËLNMŒŒŽNNMËLÌ‹ŒLŒŒLMMNN‹NÌŒMÎLNŽMLMÍŒÌÌKMËMMLMŒNÌ‹N‹LÌÌLÌÎBKLNKÍÍÍMŒKMŒ‹ŒÍLŒÎNËN‹LMB‹LMÌ‹ÌÌÌÍŒÌ‹MÍ‹ŒÌLŒÍMLÍKN‹ŒŽLÎÍÌÌÂËLMŒKŽNNLNLŒKNKŒŒÍÎNLMN‹ŒMŒÌÌÎL‚LMKŽMŽËLLKŒLÍŒÌÎN‹ŒÍŒÎBKLLÍ‹ŒŽLKLLLKŽÌŒÌÍÌÍKNKŽÌLÎLLLŒKŒŒLÎLLŒKŒÌÌËNKÍMMBLKLLKŽMÎLLKLLŽKLMÍŒÌÎLL‹NKŒMNŽBL‹NKLNÎLMMLLÍ‹ŒÌÌMMËNKMNMÌNÂLËMÌ‹ŒÎLLMMMŒLM‹ŒLÍŒMÍLKNKŒÎMŒNNMMMÍLMLÍLËLM‹LÍŒÎMNKŒÌLNLML‚MKLÍ‹ÌMLMNLMKÍÍÎŒ‹NKŒLLÎNMNBM‹LNMMÎMKLMLKMLÍŒLMNKŒŒMLLBMË‹ŽÌLŒMNNKLLËLML‹ŒMÎMŽLNKŒŒNNÂNNMMÎMKLMLKMLÍŒLMNKŒŒMLLBNKÍ‹ÌMLMNLMKÍÍÎŒ‹NKŒLLÎNMNBLMÍLMLÍLËLM‹LÍŒÎMNKŒÌLNLML‚LKÌ‹ŒÎLLMMMŒLM‹ŒLÍŒMÍLKNKŒÎMŒNNL‹KLNÎLMMLLÍ‹ŒÌÌMMËNKMNMÌNÂLËLKŽMÎLLKLLŽKLMÍŒÌÎLL‹NKŒMNŽBLLŒKŒŒLÎLLŒKŒÌÌËNKÍMMBLKLÍ‹ŒŽLKLLLKŽÌŒÌÍÌÍKNKŽÌLÎL‹MKŽMŽËLLKŒLÍŒÌÎN‹ŒÍŒÎBLËMŒKŽNNLNLŒKNKŒŒÍÎNLMN‹ŒMŒÌÌÎL‚LMÌ‹ÌÌÌÍŒÌ‹MÍ‹ŒÌLŒÍMLÍKN‹ŒŽLÎÍÌÌÂLKNKÍÍÍMŒKMŒ‹ŒÍLŒÎNËN‹LMBLLNŽMLMÍŒÌÌKMËMMLMŒNÌ‹N‹LÌÌLÌÎBLLKNMŒŒŽNNMËLÌ‹ŒLŒŒLMMNN‹NÌŒMÎLL‹NMËÌÍMLÌÌ‹LM‹ŒMLLÎN‹ŒMŒMÂLLËNNŒNLNÍNÎŽLŒÍŒM™KLMŒËMLMÎÍ‚LMNMËŒLŒMŽŽLKM‹ŒMŒŒÌMËŒËŒÎMLŽÂLMKNLËŽLÌÍŒNÍÌ‹ŒLÌLÍLŒËNLÌÍÌNMBLM‹NŽLÌLL‹ËMŒÍLLŒ‹ŒËLNLBLMËNKLÍMŒ‹ŒÍÌŽŽMŒËŒMŽMLBLNMÌ‹NNNNÍ‹ŒÍMÎLLÍËŒËŒÌMÌÍLNKMŒKŽÌLÎMÍ‹KŒÍLÍMŒ‹ŒËŒMŽŽLÎMBLŒMKÌÎÌMKLKŒÍÌMLËŒËŒMÂLŒKLÍ‹ŒNÌÌÌMŒÌ‹LLKŽNŒÌMËŒ‹ŽŒMÎLŒ‹LŒKMLÍŒŽŒKLŒKLÍLŒŽŒ‹ÍÍM‚LŒËLKŽLÍNLÌ‹LŽKÍLŒ‹ŒÌMÎLÂLKLÎMÍLMËLÍ‹ÍMŒÍNKŒ‹MÍMBLKÌ‹ŒÍÎMŒÍŒŒÌŒKM‹ÍŒÍÎNKŒ‹ŒÎMÌMÎNL‹MÌÍÍLLŒŽKM‹ŽLÍŒMËŒ‹ŒŽMŽMMÌÂLËÍ‹ÌMLŒÍMLŒÌŒÍLMŒ‹ŒŒÍÍÌŒBLŽNMMŒÌN‹MLKŽMŒÌMÌMNKŒ‹ŒNMŽŽNŒBLŽKLËŒMÌÌMŽMÙKLLËML‹NMŒMMËŒ‹ŒNMLÍÂLÌLNMMŒÌN‹MLKŽMŒÌMÌMNKŒ‹ŒNMŽŽNŒBLÌKLÍ‹ÌMLŒÍMLŒÌŒÍLMŒ‹ŒŒÍÍÌŒBLÌ‹MMÌÍÍLLŒŽKM‹ŽLÍŒMËŒ‹ŒŽMŽMMÌÂLÌËMÌ‹ŒÍÎMŒÍŒŒÌŒKM‹ÍŒÍÎNKŒ‹ŒÎMÌMÎNLÍNKLÎMÍLMËLÍ‹ÍMŒÍNKŒ‹MÍMBLÍKLLKŽLÍNLÌ‹LŽKÍLŒ‹ŒÌMÎLÂLÍ‹LLŒKMLÍŒŽŒKLŒKLÍLŒŽŒ‹ÍÍM‚LÍËLLÍ‹ŒNÌÌÌMŒÌ‹LLKŽNŒÌMËŒ‹ŽŒMÎLÎLMKÌÎÌMKLKŒÍÌMLËŒËŒMÂLÎKLMŒKŽÌLÎMÍ‹KŒÍLÍMŒ‹ŒËŒMŽŽLÎMBMLMÌ‹NNNNÍ‹ŒÍMÎLLÍËŒËŒÌMÌÍMKLNKLÍMŒ‹ŒÍÌŽŽMŒËŒMŽMLBM‹LNŽLÌLL‹ËMŒÍLLŒ‹ŒËLNLBMËLNLËŽLÌÍŒNÍÌ‹ŒLÌLÍLŒËNLÌÍÌNMBMLNMËŒLŒMŽŽLKM‹ŒMŒŒÌMËŒËŒÎMLŽÂMKLNNŒNLNÍNÎLËŒÎMMÌ™KLL‹ŒËMLMÎÍ‚M‹LNMËŒLŒMŽŽLKLM‹ŒMŒŒÌMËŒËŒÎMLŽÂMËLNLËŽLÌÍŒNÍLÌ‹ŒLÌLÍLŒËNLÌÍÌNMBMLNŽLÌLL‹MËMŒÍLLŒËŒËLNLBMKLNKLÍMMŒ‹ŒÍÌŽŽMŒËŒMŽMLBMLLMÌ‹NNNNMÍ‹ŒÍMÎLLÍËŒËŒÌMÌÍMLKLMŒKŽÌLÎMÍ‹NKŒÍLÍMŒ‹ŒËŒMŽŽLÎMBML‹LMKÌÎÌMKLLKŒÍÌMLËŒËŒMÂMLËLLÍ‹ŒNÌÌÌMŒÌ‹LLLKŽNŒÌMËŒ‹ŽŒMÎMMLLŒKMLÍŒŽŒKLLŒKLÍLŒŽŒ‹ÍÍM‚MMKLLKŽLÍNLÌ‹LLŽKÍLŒ‹ŒÌMÎLÂMM‹NKLÎMÍLMËLLÍ‹ÍMŒÍNKŒ‹MÍMBMMËMÌ‹ŒÍÎMŒÍŒŒÌŒKLM‹ÍŒÍÎNKŒ‹ŒÎMÌMÎNMNMMÌÍÍLLŒŽKLM‹ŽLÍŒMËŒ‹ŒŽMŽMMÌÂMNKLÍ‹ÌMLŒÍLMLŒÌŒÍLMŒ‹ŒŒÍÍÌŒBMŒLNMMŒÌN‹LMLKŽMŒÌMÌMNKŒ‹ŒNMŽŽNŒBMŒK‹ŽŒNLLÎLMKLLËLML‹NMŒMMËŒ‹ŒNMLÍÂMŒ‹NMMŒÌN‹LMLKŽMŒÌMÌMNKŒ‹ŒNMŽŽNŒBMŒËÍ‹ÌMLŒÍLMLŒÌŒÍLMŒ‹ŒŒÍÍÌŒBMMÌÍÍLLŒŽKLM‹ŽLÍŒMËŒ‹ŒŽMŽMMÌÂMKÌ‹ŒÍÎMŒÍŒŒÌŒKLM‹ÍŒÍÎNKŒ‹ŒÎMÌMÎNM‹KLÎMÍLMËLLÍ‹ÍMŒÍNKŒ‹MÍMBMËLKŽLÍNLÌ‹LLŽKÍLŒ‹ŒÌMÎLÂMŽLŒKMLÍŒŽŒKLLŒKLÍLŒŽŒ‹ÍÍM‚MŽKLÍ‹ŒNÌÌÌMŒÌ‹LLLKŽNŒÌMËŒ‹ŽŒMÎMÌMKÌÎÌMKLLKŒÍÌMLËŒËŒMÂMÌKMŒKŽÌLÎMÍ‹NKŒÍLÍMŒ‹ŒËŒMŽŽLÎMBMÌ‹MÌ‹NNNNMÍ‹ŒÍMÎLLÍËŒËŒÌMÌÍMÌËNKLÍMMŒ‹ŒÍÌŽŽMŒËŒMŽMLBMÍNŽLÌLL‹MËMŒÍLLŒ‹ŒËLNLBMÍKNLËŽLÌÍŒNÍLÌ‹ŒLÌLÍLŒËNLÌÍÌNMBMÍ‹NMËŒLŒMŽŽLKLM‹ŒMŒŒÌMËŒËŒÎMLŽÂMÍËNMËŽÌÎKŽNMÌÌMLÍŒ™KLMŒÌ‹ÌÌMŽMLŽMÎNM‹ŽMÍÎNL‹M‹ŒMŒÌMŒÌ‹ŒÌ‹MÌMŒNMÎMÎKNLËŒÌÍMLÎM‹Ì‹ŒMLŒŽLÍ‹ŒÌ‹ŒNMLNNNMÎŽÍŽKËMÌMNÍLËŒÌ‹LÌÎÌ‚NKNKŒNNLLÌŒËŒ‹ŒÎMÌNËŒÌ‹ÌÍBN‹MÌ‹ŒŽLLLÍŽKÍ‹ŒÎLÍŒLLÎKŒÌ‹ŒÌLLLÂNËMŒKŒMNMKMMŽLLËŒÌ‹ŒMÍŒLÌŽNMKLÍÍÎMML‹LKŒÍNNŒKŒÌ‹ŒŽLŒÌŽÎNKLÍ‹ŒLMÌŒÌËLL‹ŒMLŒÌŽËŒÌKŽLLÍL‚N‹LŒKMMÌLËLŒKÌÎLNMKŒÌKÌÍLÎŒÍÍ‚NËLKŽLLŒLŒËLÌŒLŽMKŒÌKNNÍLÂNKŽLÍÌMKLÍËŒŒLŽLŒKŒÌKÌÍŒMÌŽNKÌ‹ŒÍŽMNÎM‹M‹ŽŒŽM‹ŒÌKŒÍŒŒMŽBNLMÌÌÎLÍÍNNMËŒÌŽLÌËŒÌKŒÎLŒ‚NLKÍ‹ÌMMÌLŽKMLŒÎMŒËŒÌKŒŒMLŒBNL‹NMÌÎMLÍ‹ML‹ŒÍÍÎLÍNŒÌKŒMÍŒLL‚NLËLËŒMÌŒÌŒŒŽÍÙKLLËMLËŒLNÍÍMKŒÌKŒMŒŽLMÂNMLNMÌÎMLÍ‹ML‹ŒÍÍÎLÍNŒÌKŒMÍŒLL‚NMKLÍ‹ÌMMÌLŽKMLŒÎMŒËŒÌKŒŒMLŒBNM‹MMÌÌÎLÍÍNNMËŒÌŽLÌËŒÌKŒÎLŒ‚NMËMÌ‹ŒÍŽMNÎM‹M‹ŽŒŽM‹ŒÌKŒÍŒŒMŽBNNNKŽLÍÌMKLÍËŒŒLŽLŒKŒÌKÌÍŒMÌŽNNKLLKŽLLŒLŒËLÌŒLŽMKŒÌKNNÍLÂŒLLŒKMMÌLËLŒKÌÎLNMKŒÌKÌÍLÎŒÍÍ‚ŒKLLÍ‹ŒLMÌŒÌËLL‹ŒMLŒÌŽËŒÌKŽLLÍL‚Œ‹LMKLÍÍÎMML‹LKŒÍNNŒKŒÌ‹ŒŽLŒÌŽÎŒËLMŒKŒMNMKMMŽLLËŒÌ‹ŒMÍŒLÌŽŒLMÌ‹ŒŽLLLÍŽKÍ‹ŒÎLÍŒLLÎKŒÌ‹ŒÌLLLÂŒKLNKŒNNLLÌŒËŒ‹ŒÎMÌNËŒÌ‹ÌÍBŒ‹LNMÎŽÍŽKËMÌMNÍLËŒÌ‹LÌÎÌ‚ŒËLNLËŒÌÍMLÎM‹Ì‹ŒMLŒŽLÍ‹ŒÌ‹ŒNMLNŒLNM‹ŽMÍÎNL‹M‹ŒMŒÌMŒÌ‹ŒÌ‹MÌMŒNMÎŒKLNMËŽÌÎKLËŒMÎŽLÙKLL‹ŒÌ‹ÌÌMŽMLŽŒLLNM‹ŽMÍÎNL‹LM‹ŒMŒÌMŒÌ‹ŒÌ‹MÌMŒNMÎŒLKLNLËŒÌÍMLÎM‹LÌ‹ŒMLŒŽLÍ‹ŒÌ‹ŒNMLNŒL‹LNMÎŽÍŽKMËMÌMNÍLËŒÌ‹LÌÎÌ‚ŒLËLNKŒNNLLÌŒËMŒ‹ŒÎMÌNËŒÌ‹ÌÍBŒMLMÌ‹ŒŽLLLÍŽKMÍ‹ŒÎLÍŒLLÎKŒÌ‹ŒÌLLLÂŒMKLMŒKŒMNMNKMMŽLLËŒÌ‹ŒMÍŒLÌŽŒM‹LMKLÍÍÎMML‹LLKŒÍNNŒKŒÌ‹ŒŽLŒÌŽÎŒMËLLÍ‹ŒLMÌŒÌËLLL‹ŒMLŒÌŽËŒÌKŽLLÍL‚ŒNLLŒKMMÌLËLLŒKÌÎLNMKŒÌKÌÍLÎŒÍÍ‚ŒNKLLKŽLLŒLŒËLLÌŒLŽMKŒÌKNNÍLÂŒŒNKŽLÍÌMKLLÍËŒŒLŽLŒKŒÌKÌÍŒMÌŽŒŒKMÌ‹ŒÍŽMNÎM‹LM‹ŽŒŽM‹ŒÌKŒÍŒŒMŽBŒŒ‹MMÌÌÎLÍÍNNLMËŒÌŽLÌËŒÌKŒÎLŒ‚ŒŒËLÍ‹ÌMMÌLŽKLMLŒÎMŒËŒÌKŒŒMLŒBŒLNMÌÎMLÍ‹LML‹ŒÍÍÎLÍNŒÌKŒMÍŒLL‚ŒK‹ŽŒÌŽŒŽ™KLLËLMLËŒLNÍÍMKŒÌKŒMŒŽLMÂŒ‹NMÌÎMLÍ‹LML‹ŒÍÍÎLÍNŒÌKŒMÍŒLL‚ŒËÍ‹ÌMMÌLŽKLMLŒÎMŒËŒÌKŒŒMLŒBŒŽMÌÌÎLÍÍNNLMËŒÌŽLÌËŒÌKŒÎLŒ‚ŒŽKÌ‹ŒÍŽMNÎM‹LM‹ŽŒŽM‹ŒÌKŒÍŒŒMŽBŒÌKŽLÍÌMKLLÍËŒŒLŽLŒKŒÌKÌÍŒMÌŽŒÌKLKŽLLŒLŒËLLÌŒLŽMKŒÌKNNÍLÂŒÌ‹LŒKMMÌLËLLŒKÌÎLNMKŒÌKÌÍLÎŒÍÍ‚ŒÌËLÍ‹ŒLMÌŒÌËLLL‹ŒMLŒÌŽËŒÌKŽLLÍL‚ŒÍMKLÍÍÎMML‹LLKŒÍNNŒKŒÌ‹ŒŽLŒÌŽÎŒÍKMŒKŒMNMNKMMŽLLËŒÌ‹ŒMÍŒLÌŽŒÍ‹MÌ‹ŒŽLLLÍŽKMÍ‹ŒÎLÍŒLLÎKŒÌ‹ŒÌLLLÂŒÍËNKŒNNLLÌŒËMŒ‹ŒÎMÌNËŒÌ‹ÌÍBŒÎNMÎŽÍŽKMËMÌMNÍLËŒÌ‹LÌÎÌ‚ŒÎKNLËŒÌÍMLÎM‹LÌ‹ŒMLŒŽLÍ‹ŒÌ‹ŒNMLNNM‹ŽMÍÎNL‹LM‹ŒMŒÌMŒÌ‹ŒÌ‹MÌMŒNMÎKNMËMÌŒ‹MMŒŒLMMÌL™KLMMËŽMMNLLÂ‹NM‹ÍLMMÎKM‹ŒMŒŒMŒ‹MËÎMŒLMÍ‚ËNLËŒÌÌÎMMŒKÌ‹ŒMMÌÍÎKMËŒÌLMBNŒLÍÌ‹ËMÎMLŽLNKMËMLŒMÌLÂKNKŒLMÌLMŒ‹MÌŽMMM‹MËŽÌMÂ‹MÌ‹ŒÎMÌN‹Í‹ÍLÌÍNMMËŒÌŒŽÍÂËMŒKLLÌNKLLŽMKMËŒNŒÎMLBMKŽŽMNLKLKÌÌÌŽMËŒÌNMÍÂKLÍKŽNLÍLÌÎKLL‹ŒŽNŒŒÍÍKM‹ŽÎMÎLBLLŒKMŒÎÍÍËLŒKŽLÍÌÎ‹M‹ÌŽMMÌMLBLKLKŽLLM‹LÌŒŒÎLMŒÍM‹NÍÎNÎL‚L‹KMÌMMKLÍËŒÍLÌNMM‹NLŽNLMLËÌ‹ŒÍMÍLL‹MËŒMÍNMM‹ŒÍÌLBMMÌÌLNKMËMLŒËM‹ŒNÍÎ‚MKÍ‹ÌNÌNMLKMLŽŒÍËM‹ŒNLŒNÍ‚M‹NNŽLÍÎLŒ‹ML‹ÎLLÌŒÌMËM‹ŒMLMŽMÌÍMËLËŒÎMÍŒŒŽMÌYKLLËMLËÌÎMMÌËM‹ŒLÎÌMMM‚NLNNŽLÍÎLŒ‹ML‹ÎLLÌŒÌMËM‹ŒMLMŽMÌÍNKLÍ‹ÌNÌNMLKMLŽŒÍËM‹ŒNLŒNÍ‚ŒMMÌÌLNKMËMLŒËM‹ŒNÍÎ‚ŒKMÌ‹ŒÍMÍLL‹MËŒMÍNMM‹ŒÍÌLBŒ‹NKMÌMMKLÍËŒÍLÌNMM‹NLŽNLMŒËLLKŽLLM‹LÌŒŒÎLMŒÍM‹NÍÎNÎL‚LLŒKMŒÎÍÍËLŒKŽLÍÌÎ‹M‹ÌŽMMÌMLBKLLÍKŽNLÍLÌÎKLL‹ŒŽNŒŒÍÍKM‹ŽÎMÎLB‹LMKŽŽMNLKLKÌÌÌŽMËŒÌNMÍÂËLMŒKLLÌNKLLŽMKMËŒNŒÎMLBŽLMÌ‹ŒÎMÌN‹Í‹ÍLÌÍNMMËŒÌŒŽÍÂŽKLNKŒLMÌLMŒ‹MÌŽMMM‹MËŽÌMÂÌLNŒLÍÌ‹ËMÎMLŽLNKMËMLŒMÌLÂÌKLNLËŒÌÌÎMMŒKÌ‹ŒMMÌÍÎMËŒÌLMBÌ‹LNM‹ÍLMMÎKM‹ŒMŒŒMŒKMËÎMŒLMÍ‚ÌËLNMËMÌŒ‹LËŒMÍŒNYKLL‹MËŽMMNLLÂÍLNM‹ÍLMMÎKLM‹ŒMŒŒMŒ‹MËÎMŒLMÍ‚ÍKLNLËŒÌÌÎMMŒKLÌ‹ŒMMÌÍÎKMËŒÌLMBÍ‹LNŒLÍÌ‹MËMÎMLŽLNKMËMLŒMÌLÂÍËLNKŒLMÌLMMŒ‹MÌŽMMM‹MËŽÌMÂÎLMÌ‹ŒÎMÌN‹MÍ‹ÍLÌÍNMMËŒÌŒŽÍÂÎKLMŒKLLÌNNKLLŽMKMËŒNŒÎMLBŽLMKŽŽMNLKLLKÌÌÌŽMËŒÌNMÍÂŽKLLÍKŽNLÍLÌÎKLLL‹ŒŽNŒŒÍÍKM‹ŽÎMÎLBŽ‹LLŒKMŒÎÍÍËLLŒKŽLÍÌÎ‹M‹ÌŽMMÌMLBŽËLLKŽLLM‹LLÌŒŒÎLMŒÍM‹NÍÎNÎL‚ŽNKMÌMMKLLÍËŒÍLÌNMM‹NLŽNLMŽKMÌ‹ŒÍMÍLL‹LMËŒMÍNMM‹ŒÍÌLBŽ‹MMÌÌLNKLMËMLŒËM‹ŒNÍÎ‚ŽËLÍ‹ÌNÌNMLKLMLŽŒÍËM‹ŒNLŒNÍ‚ŽLNNŽLÍÎLŒ‹LML‹ÎLLÌŒÌMËM‹ŒMLMŽMÌÍŽK‹ŽÌŽÌLŒYKLLËLMLËÌÎMMÌËM‹ŒLÎÌMMM‚ŽLNNŽLÍÎLŒ‹LML‹ÎLLÌŒÌMËM‹ŒMLMŽMÌÍŽLKÍ‹ÌNÌNMLKLMLŽŒÍËM‹ŒNLŒNÍ‚ŽL‹MÌÌLNKLMËMLŒËM‹ŒNÍÎ‚ŽLËÌ‹ŒÍMÍLL‹LMËŒMÍNMM‹ŒÍÌLBŽMKMÌMMKLLÍËŒÍLÌNMM‹NLŽNLMŽMKLKŽLLM‹LLÌŒŒÎLMŒÍM‹NÍÎNÎL‚ŽM‹LŒKMŒÎÍÍËLLŒKŽLÍÌÎ‹M‹ÌŽMMÌMLBŽMËLÍKŽNLÍLÌÎKLLL‹ŒŽNŒŒÍÍKM‹ŽÎMÎLBŽNMKŽŽMNLKLLKÌÌÌŽMËŒÌNMÍÂŽNKMŒKLLÌNNKLLŽMKMËŒNŒÎMLBÌMÌ‹ŒÎMÌN‹MÍ‹ÍLÌÍNMMËŒÌŒŽÍÂÌKNKŒLMÌLMMŒ‹MÌŽMMM‹MËŽÌMÂÌ‹NŒLÍÌ‹MËMÎMLŽLNKMËMLŒMÌLÂÌËNLËŒÌÌÎMMŒKLÌ‹ŒMMÌÍÎKMËŒÌLMBÌNM‹ÍLMMÎKLM‹ŒMŒŒMŒ‹MËÎMŒLMÍ‚ÌKNMËŒŒNMLŒŽLNMLÌÌNNYKLMŽ‹ÌŒŒÌML‚Ì‹NM‹ŒMLŒNŽM‹ŒMŒLLMLKŽ‹ÌLÌLÂÌËNLËŒLŽMLÎMÍKÌ‹ŒMMŽMÌŒKŽ‹MLLŒLŒNÌNËŽŒŽÎKËNÍÍŒÍËŽ‹MÍŒÍLMÍBÌKNÍMLŽŒ‹LLŒŒKŽ‹MLÌLMÌKŽŒNËÍ‹LLÎŒÎKŽ‹ŒÌÍÌLNBÌLKMŒKŒÌLLÎMÍÍÍËKMŽÍNLÎM‹Ž‹ŒNLMÌŒŒL‚ÌL‹MKŒŒŒÌML‹LKNLŽLKŽ‹ŒÍÍMÌŒBÌLËLÍKŽÌŒÍMÍÌ‹LL‹MÎMŒŒMŽKŽÎÌMNÌMLŒKŒÍMÌÌŒÌKLŒ‹ŒLMLÌÎŽKÌŒÎLŒÌŽBÌMKLKŽÍŒÎNLMKLÌLŒLLN‹ŽKMÍNÍÌMÍBÌM‹KNLÌLÎLÌLÍËÌÍLËŽKNLÌMËÌ‹ŒÍLÍLËMËMÎÌŒ‹ŽKŒÌÍLŽMÌNMÌÌNMMLŒ‹MŒÌÍŽKŒŒÍLMLBÌNKÍ‹ÌŒŒMŒMKMLKŒÌMMÌÎKŽKŒMLÎŽMBÌŒNNLŒÎLÍKMLËŒŒMMÎLKŽKŒLŒÌÍÌŒKLËŒŒLÌŒÙKLLËMLËŽŒÍÍ‹ŽKŒLLNMŽÌŒ‹LNNLŒÎLÍKMLËŒŒMMÎLKŽKŒLŒÌÍÌŒËLÍ‹ÌŒŒMŒMKMLKŒÌMMÌÎKŽKŒMLÎŽMBÌMMÌÌNMMLŒ‹MŒÌÍŽKŒŒÍLMLBÌKMÌ‹ŒÍLÍLËMËMÎÌŒ‹ŽKŒÌÍLŽMÌ‹NKNLÌLÎLÌLÍËÌÍLËŽKNLÌËLLKŽÍŒÎNLMKLÌLŒLLN‹ŽKMÍNÍÌMÍBÌŽLLŒKŒÍMÌÌŒÌKLŒ‹ŒLMLÌÎŽKÌŒÎLŒÌŽBÌŽKLLÍKŽÌŒÍMÍÌ‹LL‹MÎMŒŒMŽKŽÎÌMNÌÌLMKŒŒŒÌML‹LKNLŽLKŽ‹ŒÍÍMÌŒBÌÌKLMŒKŒÌLLÎMÍÍÍËKMŽÍNLÎM‹Ž‹ŒNLMÌŒŒL‚ÌÌ‹LMÌKŽŒNËÍ‹LLÎŒÎKŽ‹ŒÌÍÌLNBÌÌËLNÍMLŽŒ‹LLŒŒKŽ‹MLÌÍLNËŽŒŽÎKËNÍÍŒÍËŽ‹MÍŒÍLMÍBÌÍKLNLËŒLŽMLÎMÍKÌ‹ŒMMŽMÌŒKŽ‹MLLŒLŒNÌÍ‹LNM‹ŒMLŒNŽM‹ŒMŒLLMLKŽ‹ÌLÌLÂÌÍËLNMËŒŒNMLŒŽLËŒŽÌÍMŽLYKLL‹Ž‹ÌŒŒÌML‚ÌÎLNM‹ŒMLŒNŽLM‹ŒMŒLLMLKŽ‹ÌLÌLÂÌÎKLNLËŒLŽMLÎMÍKLÌ‹ŒMMŽMÌŒKŽ‹MLLŒLŒNÍLNËŽŒŽÎKMËNÍÍŒÍËŽ‹MÍŒÍLMÍBÍKLNÍMLŽMŒ‹LLŒŒKŽ‹MLÍ‹LMÌKŽŒNËMÍ‹LLÎŒÎKŽ‹ŒÌÍÌLNBÍËLMŒKŒÌLLÎMÍÍÍËNKMŽÍNLÎM‹Ž‹ŒNLMÌŒŒL‚ÍLMKŒŒŒÌML‹LLKNLŽLKŽ‹ŒÍÍMÌŒBÍKLLÍKŽÌŒÍMÍÌ‹LLL‹MÎMŒŒMŽKŽÎÌMNÍ‹LLŒKŒÍMÌÌŒÌKLLŒ‹ŒLMLÌÎŽKÌŒÎLŒÌŽBÍËLLKŽÍŒÎNLMKLLÌLŒLLN‹ŽKMÍNÍÌMÍBÍNKNLÌLÎLÌLLÍËÌÍLËŽKNLÍKMÌ‹ŒÍLÍLËLMËMÎÌŒ‹ŽKŒÌÍLŽMÍLMMÌÌNMMLŒ‹LMŒÌÍŽKŒŒÍLMLBÍLKLÍ‹ÌŒŒMŒMKLMLKŒÌMMÌÎKŽKŒMLÎŽMBÍL‹LNNLŒÎLÍKLMLËŒŒMMÎLKŽKŒLŒÌÍÍLË‹ŽLÎÍŒŒÌÌYKLLËLMLËŽŒÍÍ‹ŽKŒLLNMŽÍMNNLŒÎLÍKLMLËŒŒMMÎLKŽKŒLŒÌÍÍMKÍ‹ÌŒŒMŒMKLMLKŒÌMMÌÎKŽKŒMLÎŽMBÍM‹MÌÌNMMLŒ‹LMŒÌÍŽKŒŒÍLMLBÍMËÌ‹ŒÍLÍLËLMËMÎÌŒ‹ŽKŒÌÍLŽMÍNKNLÌLÎLÌLLÍËÌÍLËŽKNLÍNKLKŽÍŒÎNLMKLLÌLŒLLN‹ŽKMÍNÍÌMÍBÍŒLŒKŒÍMÌÌŒÌKLLŒ‹ŒLMLÌÎŽKÌŒÎLŒÌŽBÍŒKLÍKŽÌŒÍMÍÌ‹LLL‹MÎMŒŒMŽKŽÎÌMNÍŒ‹MKŒŒŒÌML‹LLKNLŽLKŽ‹ŒÍÍMÌŒBÍŒËMŒKŒÌLLÎMÍÍÍËNKMŽÍNLÎM‹Ž‹ŒNLMÌŒŒL‚ÍMÌKŽŒNËMÍ‹LLÎŒÎKŽ‹ŒÌÍÌLNBÍKNÍMLŽMŒ‹LLŒŒKŽ‹MLÍ‹NËŽŒŽÎKMËNÍÍŒÍËŽ‹MÍŒÍLMÍBÍËNLËŒLŽMLÎMÍKLÌ‹ŒMMŽMÌŒKŽ‹MLLŒLŒNÍŽNM‹ŒMLŒNŽLM‹ŒMŒLLMLKŽ‹ÌLÌLÂÍŽKNM‹ŽMÌÌÍËŒLŒMÍÌŒLÎKLMÌËÍMŒŒLŒMBÍÌNMKŽMÍÌNKM‹ŒMNNÌ‹ÌËÌÍM‚ÍÌKNL‹ŽÍNLŒMËÌ‹ŒMŒÎLÍÍËÌËŽMÍÌ‹NËMLMMKËNMŒÍMÎKÌËŒÍMÌNÍÌËNLŽMMÌËŒ‹ŒÍLÍNKÌËŒÌÍÍMÌKŒÍÍÌÎMMÍ‹LŽŒÍÍŒNKÌËŒÍLÎNÍÍKMŒKŒLŽMÍÍŽ‹KÍŽŒLÌËŒŒÍÌÌBÍÍ‹MKŒLŒŒŒŽMËLKÌÎMMLŽKÌËŒMLLNBÍÍËLÍKÎŒNŒÍËLL‹ŒŒŒŽNÌ‹ŽÍÍÌMÌBÍÎLŒKŒÌÌMÌŽËLŒ‹ŒÌŽÎLŽMÍKÌ‹ÌMMÌ‚ÍÎKLKÍMÍLKLÌÎŽNLËÌ‹MŒNNŽÍ‚ÎKŒÎLÍMŒMÌKLÍËŽMNÎLNMKÌ‹ŒÌŒÍÌBÎKÌ‹ŒÌÌÌNM‹MËŽÎMÍŒËÌ‹ŒÌÌÌÎMÎ‹MÌŒÍÌLLËMMÌŒLLKÌ‹ŒŒŒÎNŒ‚ÎËÍ‹ÌÌÌŒŽKMLKŽÍÌÌKÌ‹ŒLÍŒ‚ÎNŒÌMLLM‹MLËLŒMKÌ‹ŒLNMLBÎKL‹ŽMMÌLŽMMÌ™KLLËMMŒÌLÍNÌ‹ŒÍNLNÎ‹LNŒÌMLLM‹MLËLŒMKÌ‹ŒLNMLBÎËLÍ‹ÌÌÌŒŽKMLKŽÍÌÌKÌ‹ŒLÍŒ‚ÎMMÌŒÍÌLLËMMÌŒLLKÌ‹ŒŒŒÎNŒ‚ÎKMÌ‹ŒÌÌÌNM‹MËŽÎMÍŒËÌ‹ŒÌÌÌÎMÎLNKŒÎLÍMŒMÌKLÍËŽMNÎLNMKÌ‹ŒÌŒÍÌBÎLKLLKÍMÍLKLÌÎŽNLËÌ‹MŒNNŽÍ‚ÎL‹LLŒKŒÌÌMÌŽËLŒ‹ŒÌŽÎLŽMÍKÌ‹ÌMMÌ‚ÎLËLLÍKÎŒNŒÍËLL‹ŒŒŒŽNÌ‹ŽÍÍÌMÌBÎMLMKŒLŒŒŒŽMËLKÌÎMMLŽKÌËŒMLLNBÎMKLMŒKŒLŽMÍÍŽ‹KÍŽŒLÌËŒŒÍÌÌBÎM‹LMÌKŒÍÍÌÎMMÍ‹LŽŒÍÍŒNKÌËŒÍLÎNÎMËLNLŽMMÌËŒ‹ŒÍLÍNKÌËŒÌÎNLNËMLMMKËNMŒÍMÎKÌËŒÍMÌNÎNKLNL‹ŽÍNLŒMËÌ‹ŒMŒÎLÍÍËÌËŽMŽLNMKŽMÍÌNKM‹ŒMNNÌ‹ÌËÌÍM‚ŽKLNM‹ŽMÌÌÍLËŒÍÌŽNÍÙKLL‹ÌËÍMŒŒLŒMBŽ‹LNMKŽMÍÌNKLM‹ŒMNNÌ‹ÌËÌÍM‚ŽËLNL‹ŽÍNLŒMËLÌ‹ŒMŒÎLÍÍËÌËŽMŽLNËMLMMKMËNMŒÍMÎKÌËŒÍMÌNŽKLNLŽMMÌËMŒ‹ŒÍLÍNKÌËŒÌŽ‹LMÌKŒÍÍÌÎMMMÍ‹LŽŒÍÍŒNKÌËŒÍLÎNŽËLMŒKŒLŽMÍÍŽ‹NKÍŽŒLÌËŒŒÍÌÌBŽLMKŒLŒŒŒŽMËLLKÌÎMMLŽKÌËŒMLLNBŽKLLÍKÎŒNŒÍËLLL‹ŒŒŒŽNÌ‹ŽÍÍÌMÌBŽLLLŒKŒÌÌMÌŽËLLŒ‹ŒÌŽÎLŽMÍKÌ‹ÌMMÌ‚ŽLKLLKÍMÍLKLLÌÎŽNLËÌ‹MŒNNŽÍ‚ŽL‹NKŒÎLÍMŒMÌKLLÍËŽMNÎLNMKÌ‹ŒÌŒÍÌBŽLËMÌ‹ŒÌÌÌNM‹LMËŽÎMÍŒËÌ‹ŒÌÌÌÎMŽMMMÌŒÍÌLLËLMMÌŒLLKÌ‹ŒŒŒÎNŒ‚ŽMKLÍ‹ÌÌÌŒŽKLMLKŽÍÌÌKÌ‹ŒLÍŒ‚ŽM‹LNŒÌMLLM‹LMLËLŒMKÌ‹ŒLNMLBŽMË‹ÌÎLÌ™KLLËLMMŒÌLÍNÌ‹ŒÍNLNŽNNŒÌMLLM‹LMLËLŒMKÌ‹ŒLNMLBŽNKÍ‹ÌÌÌŒŽKLMLKŽÍÌÌKÌ‹ŒLÍŒ‚ŽŒMÌŒÍÌLLËLMMÌŒLLKÌ‹ŒŒŒÎNŒ‚ŽŒKÌ‹ŒÌÌÌNM‹LMËŽÎMÍŒËÌ‹ŒÌÌÌÎMŽŒ‹KŒÎLÍMŒMÌKLLÍËŽMNÎLNMKÌ‹ŒÌŒÍÌBŽŒËLKÍMÍLKLLÌÎŽNLËÌ‹MŒNNŽÍ‚ŽLŒKŒÌÌMÌŽËLLŒ‹ŒÌŽÎLŽMÍKÌ‹ÌMMÌ‚ŽKLÍKÎŒNŒÍËLLL‹ŒŒŒŽNÌ‹ŽÍÍÌMÌBŽ‹MKŒLŒŒŒŽMËLLKÌÎMMLŽKÌËŒMLLNBŽËMŒKŒLŽMÍÍŽ‹NKÍŽŒLÌËŒŒÍÌÌBŽŽMÌKŒÍÍÌÎMMMÍ‹LŽŒÍÍŒNKÌËŒÍLÎNŽŽKNLŽMMÌËMŒ‹ŒÍLÍNKÌËŒÌŽÌNËMLMMKMËNMŒÍMÎKÌËŒÍMÌNŽÌKNL‹ŽÍNLŒMËLÌ‹ŒMŒÎLÍÍËÌËŽMŽÌ‹NMKŽMÍÌNKLM‹ŒMNNÌ‹ÌËÌÍM‚ŽÌËNM‹LÍŒŒŒŽËŒÌNÌMNÙKLMÌÌ‹ÎLMŽMÎŽÍNMKLŒÍŒŒNNM‹ŒMNŒŽL‹ÌÌ‹ÍÌÌMŒÎMBŽÍKNL‹ŒÍŒMÌ‹ŒMÌNM‹ÌÌ‹ÌNMÌMÂŽÍ‹NËŒŒÎNŒMMËŒMŒNŒKÌÌ‹ŒÌMNMÂŽÍËNŒŒNÌŒÌLËŒ‹ÎNŽÌÌ‹LLÎLÍM‚ŽÎMÌKLLÍ‹Í‹MÍÌŽLMÍŒËÌÌ‹ŒÍÌÍMÎMÂŽÎKMŒŽLÎLLÎLKKÌÌMLLNNKÌÌ‹ŒŒMMMLŽLÂŽMŽMÍÎŽLKŽÌMMLËÌÌ‹ŒÌLŒMÎLÂŽKLÍKÌÍNÌÍKLL‹ÎLŽNLÍŽKÌÌKŽÍLNMŒ‚Ž‹LŒKŒNNÌÌM‹LŒ‹MLÍÌÍŒËÌÌKÌNLMÎŽËLKÌLÎŽLËLÌKŒMLŒËÌÌKMŒÌŽKŒÍÌŒŒLKLÎŒÎNLMŒËÌÌKLŽBŽKÌ‹ŒÌŒLÍLMKMŒŒLLMLMÌËÌÌKŒÍMŽŒÍÂŽ‹MÌŒÌÎNL‹MŽNNÍ‹ÌÌKŒMÌÎNNLÌBŽËÍ‹ÌÌŒÍMÎËML‹ŒLNÎŽNÌÌKŒNLLMLÂŽNŒMŽMËMMŒNNMËÌÌKŒLÌÌM‚ŽKL‹ŽMMÌÍŒLÙKLLËMMÍNNLÎLËÌÌKŒÍÎÎMŽLLNŒMŽMËMMŒNNMËÌÌKŒLÌÌM‚ŽLKLÍ‹ÌÌŒÍMÎËML‹ŒLNÎŽNÌÌKŒNLLMLÂŽL‹MMÌŒÌÎNL‹MŽNNÍ‹ÌÌKŒMÌÎNNLÌBŽLËMÌ‹ŒÌŒLÍLMKMŒŒLLMLMÌËÌÌKŒÍMŽŒÍÂŽMNKŒÍÌŒŒLKLÎŒÎNLMŒËÌÌKLŽBŽMKLLKÌLÎŽLËLÌKŒMLŒËÌÌKMŒÌŽM‹LLŒKŒNNÌÌM‹LŒ‹MLÍÌÍŒËÌÌKÌNLMÎŽMËLLÍKÌÍNÌÍKLL‹ÎLŽNLÍŽKÌÌKŽÍLNMŒ‚ŽNLMŽMÍÎŽLKŽÌMMLËÌÌ‹ŒÌLŒMÎLÂŽNKLMŒŽLÎLLÎLKKÌÌMLLNNKÌÌ‹ŒŒMMMLŽLÂŽŒLMÌKLLÍ‹Í‹MÍÌŽLMÍŒËÌÌ‹ŒÍÌÍMÎMÂŽŒKLNŒŒNÌŒÌLËŒ‹ÎNŽÌÌ‹LLÎLÍM‚ŽŒ‹LNËŒŒÎNŒMMËŒMŒNŒKÌÌ‹ŒÌMNMÂŽŒËLNL‹ŒÍŒMÌ‹ŒMÌNM‹ÌÌ‹ÌNMÌMÂŽLNMKLŒÍŒŒNNM‹ŒMNŒŽL‹ÌÌ‹ÍÌÌMŒÎMBŽKLNM‹LÍŒŒŒŽLËŒÎŒÌÙKLL‹ÌÌ‹ÎLMŽMÎŽ‹LNMKLŒÍŒŒNNLM‹ŒMNŒŽL‹ÌÌ‹ÍÌÌMŒÎMBŽËLNL‹ŒÍŒMLÌ‹ŒMÌNM‹ÌÌ‹ÌNMÌMÂŽŽLNËŒŒÎNŒMMMËŒMŒNŒKÌÌ‹ŒÌMNMÂŽŽKLNŒŒNÌŒÌLËMŒ‹ÎNŽÌÌ‹LLÎLÍM‚ŽÌLMÌKLLÍ‹MÍ‹MÍÌŽLMÍŒËÌÌ‹ŒÍÌÍMÎMÂŽÌKLMŒŽLÎLLÎLKNKÌÌMLLNNKÌÌ‹ŒŒMMMLŽLÂŽÌ‹LMŽMÍÎŽLLKŽÌMMLËÌÌ‹ŒÌLŒMÎLÂŽÌËLLÍKÌÍNÌÍKLLL‹ÎLŽNLÍŽKÌÌKŽÍLNMŒ‚ŽÍLLŒKŒNNÌÌM‹LLŒ‹MLÍÌÍŒËÌÌKÌNLMÎŽÍKLLKÌLÎŽLËLLÌKŒMLŒËÌÌKMŒÌŽÍ‹NKŒÍÌŒŒLKLLÎŒÎNLMŒËÌÌKLŽBŽÍËMÌ‹ŒÌŒLÍLMKLMŒŒLLMLMÌËÌÌKŒÍMŽŒÍÂŽÎMMÌŒÌÎNL‹LMŽNNÍ‹ÌÌKŒMÌÎNNLÌBŽÎKLÍ‹ÌÌŒÍMÎËLML‹ŒLNÎŽNÌÌKŒNLLMLÂŽLNŒMŽMËLMMŒNNMËÌÌKŒLÌÌM‚ŽK‹ÌŒLÌLYKLLËLMMÍNNLÎLËÌÌKŒÍÎÎMŽ‹NŒMŽMËLMMŒNNMËÌÌKŒLÌÌM‚ŽËÍ‹ÌÌŒÍMÎËLML‹ŒLNÎŽNÌÌKŒNLLMLÂŽMÌŒÌÎNL‹LMŽNNÍ‹ÌÌKŒMÌÎNNLÌBŽKÌ‹ŒÌŒLÍLMKLMŒŒLLMLMÌËÌÌKŒÍMŽŒÍÂŽ‹KŒÍÌŒŒLKLLÎŒÎNLMŒËÌÌKLŽBŽËLKÌLÎŽLËLLÌKŒMLŒËÌÌKMŒÌŽLŒKŒNNÌÌM‹LLŒ‹MLÍÌÍŒËÌÌKÌNLMÎŽKLÍKÌÍNÌÍKLLL‹ÎLŽNLÍŽKÌÌKŽÍLNMŒ‚ŽLMŽMÍÎŽLLKŽÌMMLËÌÌ‹ŒÌLŒMÎLÂŽLKMŒŽLÎLLÎLKNKÌÌMLLNNKÌÌ‹ŒŒMMMLŽLÂŽL‹MÌKLLÍ‹MÍ‹MÍÌŽLMÍŒËÌÌ‹ŒÍÌÍMÎMÂŽLËNŒŒNÌŒÌLËMŒ‹ÎNŽÌÌ‹LLÎLÍM‚ŽMNËŒŒÎNŒMMMËŒMŒNŒKÌÌ‹ŒÌMNMÂŽMKNL‹ŒÍŒMLÌ‹ŒMÌNM‹ÌÌ‹ÌNMÌMÂŽM‹NMKLŒÍŒŒNNLM‹ŒMNŒŽL‹ÌÌ‹ÍÌÌMŒÎMBŽMËNM‹ŒLLMÍÌŽËŽMŒMÌMLÙKLMÍMËŽÍÍLŒM‚ŽNNMKŒÍŽLÎM‹ŒMMÌÍÌLÌLKÍMËŽMNMŒÍ‚ŽNKNLKŽNLŒÎMÍ‹Ì‹ŒMÍÍÍŒMÍÍMËÍMÎLL‚ŽLN‹ŽLMNMLÍKËŒLÍŒÌÍËÍMËNŽLLBŽLKMÎKŽLÌMŽ‹Œ‹LLÍMMÎLÌ‹ÍMËMÌLŒŒÂŽL‹MÌKŒMŒMMŒLKÍ‹ŒŽNMŒ‹ÍMËŒÎMNBŽLËMŒÍLLMMÎKKŽMÍŽLMËÍMËŒŒÌŒÂŽLMŽŒLÍMNM‹LKŽMŒLLLÎÍMËŒLÍMÍÂŽLKLÍKMŒÍŽNLL‹ŽMÌLÎLLKÍM‹ŽÌÌŒÍMŒ‚ŽL‹LŒKŒLŒLMÌŽKLŒ‹ÎNNL‹ÍM‹ŽMMŒÌMLMŽLËLKŒMMLÌKŒÌÎŒÍŒKÍM‹LÎLŒŒBŽLKŒÍNMKLÎŒMÍNËÍM‹ŒÍÍMÍL‚ŽLKÌ‹ŒÌLŒÍNKMNLLL‹ÍM‹ŒŒÍÌÍÂŽLLMÌMÌMŒL‹MKŒŒÍÎMÌLKÍM‹ŒLÍÍMMÎBŽLLKÍ‹ÌÎNNMNKML‹MLŒÍMËÍM‹ŒNMÍÍBŽLL‹NŒÍNNMMMŒŽLÍŽNÍM‹ŒLMÌÎBŽLLËL‹ÍNLNNYKLLËMMKŒŒŽLŒÍMKŽNMÌLÌMBŽLMLNŒÍNNMMMŒŽLÍŽNÍM‹ŒLMÌÎBŽLMKLÍ‹ÌÎNNMNKML‹MLŒÍMËÍM‹ŒNMÍÍBŽLM‹MMÌMÌMŒL‹MKŒŒÍÎMÌLKÍM‹ŒLÍÍMMÎBŽLMËMÌ‹ŒÌLŒÍNKMNLLL‹ÍM‹ŒŒÍÌÍÂŽLNNKŒÍNMKLÎŒMÍNËÍM‹ŒÍÍMÍL‚ŽLNKLLKŒMMLÌKŒÌÎŒÍŒKÍM‹LÎLŒŒBŽLŒLLŒKŒLŒLMÌŽKLŒ‹ÎNNL‹ÍM‹ŽMMŒÌMLMŽLŒKLLÍKMŒÍŽNLL‹ŽMÌLÎLLKÍM‹ŽÌÌŒÍMŒ‚ŽLŒ‹LMŽŒLÍMNM‹LKŽMŒLLLÎÍMËŒLÍMÍÂŽLŒËLMŒÍLLMMÎKKŽMÍŽLMËÍMËŒŒÌŒÂŽLLMÌKŒMŒMMŒLKÍ‹ŒŽNMŒ‹ÍMËŒÎMNBŽLKLMÎKŽLÌMŽ‹Œ‹LLÍMMÎLÌ‹ÍMËMÌLŒŒÂŽL‹LN‹ŽLMNMLÍKËŒLÍŒÌÍËÍMËNŽLLBŽLËLNLKŽNLŒÎMÍ‹Ì‹ŒMÍÍÍŒMÌËÍMËÍMÎLL‚ŽLŽLNMKŒÍŽLÎM‹ŒMMÌÍÌLÌLKÍMËŽMNMŒÍ‚ŽLŽKLNM‹ŒLLMÍÌŽLËŒMŒÍLŽYKLL‹ÍMËŽÍÍLŒM‚ŽLÌLNMKŒÍŽLÎLM‹ŒMMÌÍÌLÌLKÍMËŽMNMŒÍ‚ŽLÌKLNLKŽNLŒÎMÍ‹LÌ‹ŒMÍÍÍŒMÍÍMËÍMÎLL‚ŽLÌ‹LN‹ŽLMNMLÍKMËŒLÍŒÌÍËÍMËNŽLLBŽLÌËLMÎKŽLÌMŽ‹MŒ‹LLÍMMÎLÌ‹ÍMËMÌLŒŒÂŽLÍLMÌKŒMŒMMŒLKMÍ‹ŒŽNMŒ‹ÍMËŒÎMNBŽLÍKLMŒÍLLMMÎKNKŽMÍŽLMËÍMËŒŒÌŒÂŽLÍ‹LMŽŒLÍMNM‹LLKŽMŒLLLÎÍMËŒLÍMÍÂŽLÍËLLÍKMŒÍŽNLLL‹ŽMÌLÎLLKÍM‹ŽÌÌŒÍMŒ‚ŽLÎLLŒKŒLŒLMÌŽKLLŒ‹ÎNNL‹ÍM‹ŽMMŒÌMLMŽLÎKLLKŒMMLLÌKŒÌÎŒÍŒKÍM‹LÎLŒŒBŽMNKŒÍNMKLLÎŒMÍNËÍM‹ŒÍÍMÍL‚ŽMKMÌ‹ŒÌLŒÍNKLMNLLL‹ÍM‹ŒŒÍÌÍÂŽM‹MMÌMÌMŒL‹LMKŒŒÍÎMÌLKÍM‹ŒLÍÍMMÎBŽMËLÍ‹ÌÎNNMNKLML‹MLŒÍMËÍM‹ŒNMÍÍBŽMLNŒÍNNLMMMŒŽLÍŽNÍM‹ŒLMÌÎBŽMK‹ÍLNÌÎÌYKLLËLMMKŒŒŽLŒÍMKŽNMÌLÌMBŽM‹NŒÍNNLMMMŒŽLÍŽNÍM‹ŒLMÌÎBŽMËÍ‹ÌÎNNMNKLML‹MLŒÍMËÍM‹ŒNMÍÍBŽMMÌMÌMŒL‹LMKŒŒÍÎMÌLKÍM‹ŒLÍÍMMÎBŽMKÌ‹ŒÌLŒÍNKLMNLLL‹ÍM‹ŒŒÍÌÍÂŽMLKŒÍNMKLLÎŒMÍNËÍM‹ŒÍÍMÍL‚ŽMLKLKŒMMLLÌKŒÌÎŒÍŒKÍM‹LÎLŒŒBŽML‹LŒKŒLŒLMÌŽKLLŒ‹ÎNNL‹ÍM‹ŽMMŒÌMLMŽMLËLÍKMŒÍŽNLLL‹ŽMÌLÎLLKÍM‹ŽÌÌŒÍMŒ‚ŽMMMŽŒLÍMNM‹LLKŽMŒLLLÎÍMËŒLÍMÍÂŽMMKMŒÍLLMMÎKNKŽMÍŽLMËÍMËŒŒÌŒÂŽMM‹MÌKŒMŒMMŒLKMÍ‹ŒŽNMŒ‹ÍMËŒÎMNBŽMMËMÎKŽLÌMŽ‹MŒ‹LLÍMMÎLÌ‹ÍMËMÌLŒŒÂŽMNN‹ŽLMNMLÍKMËŒLÍŒÌÍËÍMËNŽLLBŽMNKNLKŽNLŒÎMÍ‹LÌ‹ŒMÍÍÍŒMÍÍMËÍMÎLL‚ŽMŒNMKŒÍŽLÎLM‹ŒMMÌÍÌLÌLKÍMËŽMNMŒÍ‚ŽMŒKNMKÌÌŒÍŒËËŒLNMŒÍLŽKLMÎ‹ŽÌLÍŒBŽMŒ‹NMÎNŒÎMËM‹ŒMMNMNÎ‹ŽŒÌŒNÂŽMŒËNLKŒMŒŒŽNÌ‹ŒNŒÎMNÎ‹ŽNL‚ŽMN‹MÌLN‹ËŒŒÌÍŽNLÍËÎ‹ÌMMBŽMKMÎKŒŽMÌNM‹Œ‹MLÍMËÎ‹MÍMMÍBŽM‹MÌŽLNMÌÌËÍ‹ŽÎLŒMKÎ‹ŒLÌÌŒŒÂŽMËMŒLÌÎLÌÍËKŽLÌMLŽÎ‹ŒŽLÍÎÎBŽMŽMŒLLÌÌL‹ŒNLM‹Î‹ŒŒÎBŽMŽKLÍKÍLLŒL‹LLËŒMNMLLNKÎKŽÌÍŒMÍÂŽMÌLŒKŒMMKLŒËŒŒŒMÍ‹ÎKŽÎMÌÎŽMÌKLKŒLLÌŒÍMKLÌKŒÍŒŒMÎKLÌÎMŒÌÂŽMÌ‹KŒÌLŒNLÎŽMŒÎLLŒŒŽKÎKŒÍÌNÎBŽMÌËÌ‹ŒŽMÌÌM‹MŽNNMŽKÎKŒŒÌNLLŒBŽMÍMÌMMŒNMËMKÍLNLÎKÎKŒMÌŒBŽMÍKÍ‹ÌMLÎKMLËŒÌLLLŽNKÎKŒLÍÌÌÌÂŽMÍ‹NLÍMKMMKŒÌNLŒÌËÎŽMŒÌÍBŽMÍËL‹ŽLŒLÍLLÌÙKLLËMMKÌNMLÍMKÎŽMŒLLÌMŽMÎLNLÍMKMMKŒÌNLŒÌËÎŽMŒÌÍBŽMÎKLÍ‹ÌMLÎKMLËŒÌLLLŽNKÎKŒLÍÌÌÌÂŽNMMÌMMŒNMËMKÍLNLÎKÎKŒMÌŒBŽNKMÌ‹ŒŽMÌÌM‹MŽNNMŽKÎKŒŒÌNLLŒBŽN‹NKŒÌLŒNLÎŽMŒÎLLŒŒŽKÎKŒÍÌNÎBŽNËLLKŒLLÌŒÍMKLÌKŒÍŒŒMÎKLÌÎMŒÌÂŽNLLŒKŒMMKLŒËŒŒŒMÍ‹ÎKŽÎMÌÎŽNKLLÍKÍLLŒL‹LLËŒMNMLLNKÎKŽÌÍŒMÍÂŽN‹LMŒLLÌÌL‹ŒNLM‹Î‹ŒŒÎBŽNËLMŒLÌÎLÌÍËKŽLÌMLŽÎ‹ŒŽLÍÎÎBŽNLMÌŽLNMÌÌËÍ‹ŽÎLŒMKÎ‹ŒLÌÌŒŒÂŽNKLMÎKŒŽMÌNM‹Œ‹MLÍMËÎ‹MÍMMÍBŽNLLN‹MÌLN‹ËŒŒÌÍŽNLÍËÎ‹ÌMMBŽNLKLNLKŒMŒŒŽNÌ‹ŒNŒÎMNÎ‹ŽNL‚ŽNL‹LNMÎNŒÎMËM‹ŒMMNMNÎ‹ŽŒÌŒNÂŽNLËLNMKÌÌŒÍŒËLËŒÌŽMN™KLL‹Î‹ŽÌLÍŒBŽNMLNMÎNŒÎMËLM‹ŒMMNMNÎ‹ŽŒÌŒNÂŽNMKLNLKŒMŒŒŽNLÌ‹ŒNŒÎMNÎ‹ŽNL‚ŽNM‹LN‹MÌLN‹MËŒŒÌÍŽNLÍËÎ‹ÌMMBŽNMËLMÎKŒŽMÌNM‹MŒ‹MLÍMËÎ‹MÍMMÍBŽNNLMÌŽLNMÌÌËMÍ‹ŽÎLŒMKÎ‹ŒLÌÌŒŒÂŽNNKLMŒLÌÎLÌÍËNKŽLÌMLŽÎ‹ŒŽLÍÎÎBŒLLMŒLLÌÌLL‹ŒNLM‹Î‹ŒŒÎBŒLKLLÍKÍLLŒL‹LLLËŒMNMLLNKÎKŽÌÍŒMÍÂŒL‹LLŒKŒMMKLLŒËŒŒŒMÍ‹ÎKŽÎMÌÎŒLËLLKŒLLÌŒÍMKLLÌKŒÍŒŒMÎKLÌÎMŒÌÂŒLNKŒÌLŒNLLÎŽMŒÎLLŒŒŽKÎKŒÍÌNÎBŒLKMÌ‹ŒŽMÌÌM‹LMŽNNMŽKÎKŒŒÌNLLŒBŒL‹MMÌMMŒNMËLMKÍLNLÎKÎKŒMÌŒBŒLËLÍ‹ÌMLÎKLMLËŒÌLLLŽNKÎKŒLÍÌÌÌÂŒLLNLÍMKLMMKŒÌNLŒÌËÎŽMŒÌÍBŒLK‹ŒÍMLŽN™KLLËLMMKÌNMLÍMKÎŽMŒLLÌMŒLLNLÍMKLMMKŒÌNLŒÌËÎŽMŒÌÍBŒLLKÍ‹ÌMLÎKLMLËŒÌLLLŽNKÎKŒLÍÌÌÌÂŒLL‹MÌMMŒNMËLMKÍLNLÎKÎKŒMÌŒBŒLLËÌ‹ŒŽMÌÌM‹LMŽNNMŽKÎKŒŒÌNLLŒBŒLMKŒÌLŒNLLÎŽMŒÎLLŒŒŽKÎKŒÍÌNÎBŒLMKLKŒLLÌŒÍMKLLÌKŒÍŒŒMÎKLÌÎMŒÌÂŒLM‹LŒKŒMMKLLŒËŒŒŒMÍ‹ÎKŽÎMÌÎŒLMËLÍKÍLLŒL‹LLLËŒMNMLLNKÎKŽÌÍŒMÍÂŒLNMŒLLÌÌLL‹ŒNLM‹Î‹ŒŒÎBŒLNKMŒLÌÎLÌÍËNKŽLÌMLŽÎ‹ŒŽLÍÎÎBŒLŒMÌŽLNMÌÌËMÍ‹ŽÎLŒMKÎ‹ŒLÌÌŒŒÂŒLŒKMÎKŒŽMÌNM‹MŒ‹MLÍMËÎ‹MÍMMÍBŒLŒ‹N‹MÌLN‹MËŒŒÌÍŽNLÍËÎ‹ÌMMBŒLŒËNLKŒMŒŒŽNLÌ‹ŒNŒÎMNÎ‹ŽNL‚ŒLNMÎNŒÎMËLM‹ŒMMNMNÎ‹ŽŒÌŒNÂŒLKNMKŒÍÌŒLNNM‹‹ŒLÎMLLMŒ™KLMËŽLÍÎLLŒL‹NMŒMÍŒÍÍLÎM‹ŒMMMÍLËŽLMŒÎLÌMÂŒLËNLKŒŒMŒÍÍËÌ‹ŒNMÌÍÍÍËŽLŽNBŒLŽN‹ŒŒŒMKËŒÍLLŒMËÍLMŒBŒLŽKMÎKŒÌMŒÍÎÌKŒ‹MÌÎLÍMËËŒMÎÂŒLÌMÌŒÍŒŒL‹Í‹ÍŽLÍMNNL‹ËLŒŒÍ‚ŒLÌKMŒŒÌMNÎMN‹LŒÌNNKËŒMÍMÌL‚ŒLÌ‹MLÌŒMMKL‹ŒMLLKËŒŽLLÍŒBŒLÌËLÍKŒÌŒMŒLLËŒÍNLŒMŽMK‹ŽŽŒÍLÂŒLÍLŒŽMMŽNLŒËŒÎLŒÌŒÍ‹ÌŽNŒLÍKLKMNLLËLÌKŽMMÍÌMK‹ÌMMÌ‚ŒLÍ‹KŒŽÎŒKLÎKŒÌÌNŽ‹ŒÌMLLŒLŽBŒLÍËÌ‹ŒŽNÎKMKŒÎNNLŽ‹ŒMŽÍÌŒLÎMÌLMLŒÌ‹MLŒLÌMŽMË‹ŒLŽMNÂŒLÎKÍ‹ÌNNŒÍKMLËLNÌMÌŽKŽMŒŽNŽMÌBŒLNMŒŒMMMMKMLÌNLËKŽLMMNLM‚ŒLKL‹ŒMŒÍŽNNMÌÙKLLËMM‹ŒŒÌNÌŽLÌËKŽLMMÍÎMÎBŒL‹LNMŒŒMMMMKMLÌNLËKŽLMMNLM‚ŒLËLÍ‹ÌNNŒÍKMLËLNÌMÌŽKŽMŒŽNŽMÌBŒLMMÌLMLŒÌ‹MLŒLÌMŽMË‹ŒLŽMNÂŒLKMÌ‹ŒŽNÎKMKŒÎNNLŽ‹ŒMŽÍÌŒL‹NKŒŽÎŒKLÎKŒÌÌNŽ‹ŒÌMLLŒLŽBŒLËLLKMNLLËLÌKŽMMÍÌMK‹ÌMMÌ‚ŒLLLŒŽMMŽNLŒËŒÎLŒÌŒÍ‹ÌŽNŒLKLLÍKŒÌŒMŒLLËŒÍNLŒMŽMK‹ŽŽŒÍLÂŒLLLMLÌŒMMKL‹ŒMLLKËŒŽLLÍŒBŒLLKLMŒŒÌMNÎMN‹LŒÌNNKËŒMÍMÌL‚ŒLL‹LMÌŒÍŒŒL‹Í‹ÍŽLÍMNNL‹ËLŒŒÍ‚ŒLLËLMÎKŒÌMŒÍÎÌKŒ‹MÌÎLÍMËËŒMÎÂŒLMLN‹ŒŒŒMKËŒÍLLŒMËÍLMŒBŒLMKLNLKŒŒMŒÍÍËÌ‹ŒNMÌÍÍÍËŽLŽNBŒLM‹LNMŒMÍŒÍÍLÎM‹ŒMMMÍLËŽLMŒÎLÌMÂŒLMËLNMKŒÍÌŒLNNM‹LËŒNMÌNMÍKLL‹ËŽLÍÎLLŒLNLNMŒMÍŒÍÍLÎLM‹ŒMMMÍLËŽLMŒÎLÌMÂŒLNKLNLKŒŒMŒÍÍËLÌ‹ŒNMÌÍÍÍËŽLŽNBŒLŒLN‹ŒŒŒMKMËŒÍLLŒMKËÍLMŒBŒLŒKLMÎKŒÌMŒÍÎÌKMŒ‹MÌÎLÍMËËŒMÎÂŒLŒ‹LMÌŒÍŒŒL‹MÍ‹ÍŽLÍMNNL‹ËLŒŒÍ‚ŒLŒËLMŒŒÌMNÎMN‹NLŒÌNNKËŒMÍMÌL‚ŒLLMLÌŒMMKLL‹ŒMLLKËŒŽLLÍŒBŒLKLLÍKŒÌŒMŒLLLËŒÍNLŒMŽMK‹ŽŽŒÍLÂŒL‹LLŒŽMMŽNLLŒËŒÎLŒÌŒÍ‹ÌŽNŒLËLLKMNLLËLLÌKŽMMÍÌMK‹ÌMMÌ‚ŒLŽNKŒŽÎŒKLLÎKŒÌÌNŽ‹ŒÌMLLŒLŽBŒLŽKMÌ‹ŒŽNÎKLMKŒÎNNLŽ‹ŒMŽÍÌŒLÌMMÌLMLŒÌ‹LMLŒLÌMŽMË‹ŒLŽMNÂŒLÌKLÍ‹ÌNNŒÍKLMLËLNÌMÌŽKŽMŒŽNŽMÌBŒLÌ‹LNMŒŒMMLMMKMLÌNLËKŽLMMNLM‚ŒLÌË‹MÌÎMMŒÙKLLËLMM‹ŒŒÌNÌŽLÌËKŽLMMÍÎMÎBŒLÍNMŒŒMMLMMKMLÌNLËKŽLMMNLM‚ŒLÍKÍ‹ÌNNŒÍKLMLËLNÌMÌŽKŽMŒŽNŽMÌBŒLÍ‹MÌLMLŒÌ‹LMLŒLÌMŽMË‹ŒLŽMNÂŒLÍËÌ‹ŒŽNÎKLMKŒÎNNLŽ‹ŒMŽÍÌŒLÎKŒŽÎŒKLLÎKŒÌÌNŽ‹ŒÌMLLŒLŽBŒLÎKLKMNLLËLLÌKŽMMÍÌMK‹ÌMMÌ‚ŒLLŒŽMMŽNLLŒËŒÎLŒÌŒÍ‹ÌŽNŒLKLÍKŒÌŒMŒLLLËŒÍNLŒMŽMK‹ŽŽŒÍLÂŒL‹MLÌŒMMKLL‹ŒMLLKËŒŽLLÍŒBŒLËMŒŒÌMNÎMN‹NLŒÌNNKËŒMÍMÌL‚ŒLMÌŒÍŒŒL‹MÍ‹ÍŽLÍMNNL‹ËLŒŒÍ‚ŒLKMÎKŒÌMŒÍÎÌKMŒ‹MÌÎLÍMËËŒMÎÂŒL‹N‹ŒŒŒMKMËŒÍLLŒMËÍLMŒBŒLËNLKŒŒMŒÍÍËLÌ‹ŒNMÌÍÍÍËŽLŽNBŒLNMŒMÍŒÍÍLÎLM‹ŒMMMÍLËŽLMŒÎLÌMÂŒLKNMŽMÌŽÌŽN‹ŒÌŒNLLNLMMÙKLMÌ‹ŽNNÍLBŒLLNLËŽŒNLÌMM‹ŒMLÌLÍLËÌ‹ŽMÍŒLLÌNŒLLKNLÎMÍÎLMNÌ‹ŒLLÍMÍÌ‹ŽLMŽMBŒLL‹NKŽMÍŒÌŒ‹ËNLÍLL‹Ì‹ŽŒÍÂŒLLËMÎŽMŽLÍÎKŒ‹ŒÌMLLLŒLKÌ‹MNMŒÌBŒLMMÌŒÍNNMŽLËÍ‹ŽÍNMŽKÌ‹ŒMÍ‚ŒLMKMŒŒLMÍÌLKLŒLLÌMÍKÌ‹ŒŽŽŽMŽL‚ŒLM‹MŒÌMMÌÍŒÌŒKL‹ÌLÍÍËÌ‹ŒÎMLÂŒLMËLÍKŒNLNLÌŒ‹LLËMÌŒÍLÌKŽMMŒLBŒLNLŒŽŽLÍÌÌÍ‹LŒËMLMMÎ‹ÌKMŒÌŒNNBŒLNKLKLÌÌÍ‹LÌ‹ŒŽMMÌMËÌKNŒŒM‚ŒLLKŒLÍÌÌŒLŒKLÎKÌNMLÍËÌKŒÎLÍÌÂŒLLKÌ‹ŒÌLLÍMŒKMKŽÍMÌLËÌKŒLLMÌÌL‚ŒLL‹MÌÍMÍKMLŒMÍNMMKÌŽNNNLLBŒLLËÍ‹ÌLÌLMÍ‹MMŒŽNMÌŽLNNM‚ŒLLNÌÌÌÌ‹MM‹ŒNNLŽÌ‹ÌŽLŒN‚ŒLLKL‹MMÍÍNYKLLËMM‹ÍÌLÎÌŒ‹ÌŽÌLÎMŒNŒLL‹LNÌÌÌÌ‹MM‹ŒNNLŽÌ‹ÌŽLŒN‚ŒLLËLÍ‹ÌLÌLMÍ‹MMŒŽNMÌŽLNNM‚ŒLLMMÌÍMÍKMLŒMÍNMMKÌŽNNNLLBŒLLKMÌ‹ŒÌLLÍMŒKMKŽÍMÌLËÌKŒLLMÌÌL‚ŒLLLNKŒLÍÌÌŒLŒKLÎKÌNMLÍËÌKŒÎLÍÌÂŒLLLKLLKLÌÌÍ‹LÌ‹ŒŽMMÌMËÌKNŒŒM‚ŒLLL‹LLŒŽŽLÍÌÌÍ‹LŒËMLMMÎ‹ÌKMŒÌŒNNBŒLLLËLLÍKŒNLNLÌŒ‹LLËMÌŒÍLÌKŽMMŒLBŒLLMLMŒÌMMÌÍŒÌŒKL‹ÌLÍÍËÌ‹ŒÎMLÂŒLLMKLMŒŒLMÍÌLKLŒLLÌMÍKÌ‹ŒŽŽŽMŽL‚ŒLLM‹LMÌŒÍNNMŽLËÍ‹ŽÍNMŽKÌ‹ŒMÍ‚ŒLLMËLMÎŽMŽLÍÎKŒ‹ŒÌMLLLŒLKÌ‹MNMŒÌBŒLLNLNKŽMÍŒÌŒ‹ËNLÍLL‹Ì‹ŽŒÍÂŒLLNKLNLÎMÍÎLMNÌ‹ŒLLÍMÍÌ‹ŽLMŽMBŒLLŒLNLËŽŒNLÌMM‹ŒMLÌLÍLËÌ‹ŽMÍŒLLÌNŒLLŒKLNMŽMÌŽÌŽNLËŒMNMÌŽLÙKLL‹Ì‹ŽNNÍLBŒLLŒ‹LNLËŽŒNLÌMLM‹ŒMLÌLÍMÌ‹ŽMÍŒLLÌNŒLLŒËLNLÎMÍÎLMNLÌ‹ŒLLÍMÍÌ‹ŽLMŽMBŒLLLNKŽMÍŒÌŒ‹MËNLÍLL‹Ì‹ŽŒÍÂŒLLKLMÎŽMŽLÍÎKMŒ‹ŒÌMLLLŒLKÌ‹MNMŒÌBŒLL‹LMÌŒÍNNMŽLËMÍ‹ŽÍNMŽKÌ‹ŒMÍ‚ŒLLËLMŒŒLMÍÌLKNLŒLLÌMÍKÌ‹ŒŽŽŽMŽL‚ŒLLŽLMŒÌMMÌÍŒÌŒKLL‹ÌLÍÍËÌ‹ŒÎMLÂŒLLŽKLLÍKŒNLNLÌŒ‹LLLËMÌŒÍLÌKŽMMŒLBŒLLÌLLŒŽŽLÍÌÌÍ‹LLŒËMLMMÎ‹ÌKMŒÌŒNNBŒLLÌKLLKLÌÌÍ‹LLÌ‹ŒŽMMÌMËÌKNŒŒM‚ŒLLÌ‹NKŒLÍÌÌŒLŒKLLÎKÌNMLÍËÌKŒÎLÍÌÂŒLLÌËMÌ‹ŒÌLLÍMŒKLMKŽÍMÌLËÌKŒLLMÌÌL‚ŒLLÍMMÌÍMÍKLMLŒMÍNMMKÌŽNNNLLBŒLLÍKLÍ‹ÌLÌLMÍ‹LMMŒŽNMÌŽLNNM‚ŒLLÍ‹LNÌÌÌÌ‹LMM‹ŒNNLŽÌ‹ÌŽLŒN‚ŒLLÍË‹ÎÌÍŽMKLLËLMM‹ÍÌLÎÌŒ‹ÌŽÌLÎMŒNŒLLÎNÌÌÌÌ‹LMM‹ŒNNLŽÌ‹ÌŽLŒN‚ŒLLÎKÍ‹ÌLÌLMÍ‹LMMŒŽNMÌŽLNNM‚ŒLMMÌÍMÍKLMLŒMÍNMMKÌŽNNNLLBŒLMKÌ‹ŒÌLLÍMŒKLMKŽÍMÌLËÌKŒLLMÌÌL‚ŒLM‹KŒLÍÌÌŒLŒKLLÎKÌNMLÍËÌKŒÎLÍÌÂŒLMËLKLÌÌÍ‹LLÌ‹ŒŽMMÌMËÌKNŒŒM‚ŒLMLŒŽŽLÍÌÌÍ‹LLŒËMLMMÎ‹ÌKMŒÌŒNNBŒLMKLÍKŒNLNLÌŒ‹LLLËMÌŒÍLÌKŽMMŒLBŒLM‹MŒÌMMÌÍŒÌŒKLL‹ÌLÍÍËÌ‹ŒÎMLÂŒLMËMŒŒLMÍÌLKNLŒLLÌMÍKÌ‹ŒŽŽŽMŽL‚ŒLMMÌŒÍNNMŽLËMÍ‹ŽÍNMŽKÌ‹ŒMÍ‚ŒLMKMÎŽMŽLÍÎKMŒ‹ŒÌMLLLŒLKÌ‹MNMŒÌBŒLMLNKŽMÍŒÌŒ‹MËNLÍLL‹Ì‹ŽŒÍÂŒLMLKNLÎMÍÎLMNLÌ‹ŒLLÍMÍÌ‹ŽLMŽMBŒLML‹NLËŽŒNLÌMLM‹ŒMLÌLÍLËÌ‹ŽMÍŒLLÌNŒLMLËNMŒÌŒÍMŒMLËKMÍÍŒŒÍŒM™KLMNŒŒÍM‚ŒLMMNLËŒÌŒMM‹ŒMLMŒÌLÌÍÍKNŒNLLÌBŒLMMKNLŒÌÌLLNLÍÌËÌ‹ŒLŒÍMËMËŽMÌŒMLBŒLMM‹NKLMËËNÍÍKMËŽMMÌŒNMBŒLMMËMÎŒMŒ‹ŒÎÎÌÌKMËÌLŒÂŒLMNMÌŒÍMÎLÎËÍ‹ŽÍLÍÎMŒ‹MËLMÎMŽNŒLMNKMNKŽÎMNMLŒŒŒLÍÎN‹MËŒÌLLMNNBŒLMŒMŒLŽÌLŽKL‹MÌNÍMËŒLÌÌBŒLMŒKLÍKŒMŒÌŒLÌKLLËÎNŒL‹M‹ŽŒŽMLÍMBŒLMŒ‹LŒÍÍMMLLÌ‹LŒËŽNMM‹ÍŒLLM‚ŒLMŒËLKMŒÍÎLËLÌ‹ŒÌMÍNLMŽM‹ÌÌLMŒLMKŒŒŒMÌŒŒL‹MŒLÌÌMŒKM‹ŒŒÎNLŽŒÂŒLMKÌ‹ŒMNLÎÎKM‹ŒŽMNM‹ŒÍMMÍ‚ŒLM‹MÌÌMÌŽMLKŒLLÍŒŒ‹MKŽMŒÍŒÍŒLBŒLMËÍ‹ÌLLMLL‹MMMNNLŒKMKŽÎLMŒBŒLMŽNŽŽLŒŽMM‹ŒÌÌLŒMMKÎÍŽŒLMŽKL‹LNŒŒMKLLËMMËŒÌÍNLÎKMKÍÌNMŒLMÌLNŽŽLŒŽMM‹ŒÌÌLŒMMKÎÍŽŒLMÌKLÍ‹ÌLLMLL‹MMMNNLŒKMKŽÎLMŒBŒLMÌ‹MMÌÌMÌŽMLKŒLLÍŒŒ‹MKŽMŒÍŒÍŒLBŒLMÌËMÌ‹ŒMNLÎÎKM‹ŒŽMNM‹ŒÍMMÍ‚ŒLMÍNKŒŒŒMÌŒŒL‹MŒLÌÌMŒKM‹ŒŒÎNLŽŒÂŒLMÍKLLKMŒÍÎLËLÌ‹ŒÌMÍNLMŽM‹ÌÌLMŒLMÍ‹LLŒÍÍMMLLÌ‹LŒËŽNMM‹ÍŒLLM‚ŒLMÍËLLÍKŒMŒÌŒLÌKLLËÎNŒL‹M‹ŽŒŽMLÍMBŒLMÎLMŒLŽÌLŽKL‹MÌNÍMËŒLÌÌBŒLMÎKLMNKŽÎMNMLŒŒŒLÍÎN‹MËŒÌLLMNNBŒLNLMÌŒÍMÎLÎËÍ‹ŽÍLÍÎMŒ‹MËLMÎMŽNŒLNKLMÎŒMŒ‹ŒÎÎÌÌKMËÌLŒÂŒLN‹LNKLMËËNÍÍKMËŽMMÌŒNMBŒLNËLNLŒÌÌLLNLÍÌËÌ‹ŒLŒÍMËMËŽMÌŒMLBŒLNLNLËŒÌŒMM‹ŒMLMŒÌLÌÍÍKNŒNLLÌBŒLNKLNMŒÌŒÍMŒMLËLËŒŒÌŒMNNYKLL‹NŒŒÍM‚ŒLN‹LNLËŒÌŒMLM‹ŒMLMŒÌLÌÍÍKNŒNLLÌBŒLNËLNLŒÌÌLLNLÍÌËLÌ‹ŒLŒÍMËMËŽMÌŒMLBŒLNLNKLMËMËNÍÍKMËŽMMÌŒNMBŒLNKLMÎŒMMŒ‹ŒÎÎÌÌKMËÌLŒÂŒLNLLMÌŒÍMÎLÎËMÍ‹ŽÍLÍÎMŒ‹MËLMÎMŽNŒLNLKLMNKŽÎMNMNLŒŒŒLÍÎN‹MËŒÌLLMNNBŒLNL‹LMŒLŽÌLŽKLL‹MÌNÍMËŒLÌÌBŒLNLËLLÍKŒMŒÌŒLÌKLLLËÎNŒL‹M‹ŽŒŽMLÍMBŒLNMLLŒÍÍMMLLÌ‹LLŒËŽNMM‹ÍŒLLM‚ŒLNMKLLKMŒÍÎLËLLÌ‹ŒÌMÍNLMŽM‹ÌÌLMŒLNM‹NKŒŒŒMÌŒŒL‹LMŒLÌÌMŒKM‹ŒŒÎNLŽŒÂŒLNMËMÌ‹ŒMNLÎÎKLM‹ŒŽMNM‹ŒÍMMÍ‚ŒLNNMMÌÌMÌŽLMLKŒLLÍŒŒ‹MKŽMŒÍŒÍŒLBŒLNNKLÍ‹ÌLLMLL‹LMMMNNLŒKMKŽÎLMŒBŒLŒLNŽŽLŒŽLMM‹ŒÌÌLŒMMKÎÍŽŒLŒK‹ŒÎNLMÍÙKLLËLMMËŒÌÍNLÎKMKÍÌNMŒLŒ‹NŽŽLŒŽLMM‹ŒÌÌLŒMMKÎÍŽŒLŒËÍ‹ÌLLMLL‹LMMMNNLŒKMKŽÎLMŒBŒLŒMÌÌMÌŽLMLKŒLLÍŒŒ‹MKŽMŒÍŒÍŒLBŒLŒKÌ‹ŒMNLÎÎKLM‹ŒŽMNM‹ŒÍMMÍ‚ŒLŒ‹KŒŒŒMÌŒŒL‹LMŒLÌÌMŒKM‹ŒŒÎNLŽŒÂŒLŒËLKMŒÍÎLËLLÌ‹ŒÌMÍNLMŽM‹ÌÌLMŒLŒLŒÍÍMMLLÌ‹LLŒËŽNMM‹ÍŒLLM‚ŒLŒKLÍKŒMŒÌŒLÌKLLLËÎNŒL‹M‹ŽŒŽMLÍMBŒLŒLMŒLŽÌLŽKLL‹MÌNÍMËŒLÌÌBŒLŒLKMNKŽÎMNMNLŒŒŒLÍÎN‹MËŒÌLLMNNBŒLŒL‹MÌŒÍMÎLÎËMÍ‹ŽÍLÍÎMŒ‹MËLMÎMŽNŒLŒLËMÎŒMMŒ‹ŒÎÎÌÌKMËÌLŒÂŒLŒMNKLMËMËNÍÍKMËŽMMÌŒNMBŒLŒMKNLŒÌÌLLNLÍÌËLÌ‹ŒLŒÍMËMËŽMÌŒMLBŒLŒM‹NLËŒÌŒMLM‹ŒMLMŒÌLÌÍÍKNŒNLLÌBŒLŒMËNLËÎÍMŒ‹KŒNÌŒMŽŒYKLMËŒLÎMLNÌBŒLŒNNL‹ÎMMMŒNLKM‹ŒMNMLŒLM‹ËŒLLÎÍMŒLŒNKNKŽÍMLÍ‹Ì‹ŒLÎLÍÍ‹ËŒÎÍŽNNŒLŒŒNŽMŽÍNËÌNLŽMLÍK‹ŽLMLMLÂŒLŒŒKMÎŒŒLÌLLÌÎŒ‹ÍMÌLMŒK‹ÍLÍÍÎŒLŒŒ‹MŽKÌLNMLML‹Í‹ŽMÎMN‹MMÍÌŒÍŒŽŒLŒŒËMNKMÌLLLLŒÍŒÌÎ‹‹ŒÌÍÌŒÂŒLŒMËŽLŒMMÍL‹ÍÌMMÌË‹ŒLLÂŒLŒKLÍŽLNMMŒ‹LMŒÎŒÌÍLKKŽŒLŒŒ‚ŒLŒ‹LŒÌÍÌÌÎM‹LŒMMŒÌMMËKŒŒÌLNBŒLŒËLKŒÎMÍKLÌËŒŒÌL‹KŒÎNMLNMÍÂŒLŒŽKŒNÍÍNMNMLËMMMLŒML‹KŒNMŽLL‚ŒLŒŽKÌ‹ŒŒÍÍLÍMËM‹ÍÍMŽNKKŒŒŒŒŽBŒLŒÌMŽMMŒMÍKMLKŒÌŒMÍLÍŽMLŒŒLŒÌKÍ‹ÌMÌŒŽMMKŒLLŽLLÎKÍÍLÍÌÂŒLŒÌ‹NŽŽŽ‹MMËŒŒLMÍŽKÌLŽÎMBŒLŒÌËL‹ŒÌLÌŒŒÎŒL™KLLËMMËŽLÌŒMMŽLMÍMBŒLŒÍLNŽŽŽ‹MMËŒŒLMÍŽKÌLŽÎMBŒLŒÍKLÍ‹ÌMÌŒŽMMKŒLLŽLLÎKÍÍLÍÌÂŒLŒÍ‹MMŽMMŒMÍKMLKŒÌŒMÍLÍŽMLŒŒLŒÍËMÌ‹ŒŒÍÍLÍMËM‹ÍÍMŽNKKŒŒŒŒŽBŒLŒÎNKŒNÍÍNMNMLËMMMLŒML‹KŒNMŽLL‚ŒLŒÎKLLKŒÎMÍKLÌËŒŒÌL‹KŒÎNMLNMÍÂŒLLLŒÌÍÌÌÎM‹LŒMMŒÌMMËKŒŒÌLNBŒLKLLÍŽLNMMŒ‹LMŒÎŒÌÍLKKŽŒLŒŒ‚ŒL‹LMËŽLŒMMÍL‹ÍÌMMÌË‹ŒLLÂŒLËLMNKMÌLLLLŒÍŒÌÎ‹‹ŒÌÍÌŒÂŒLLMŽKÌLNMLML‹Í‹ŽMÎMN‹MMÍÌŒÍŒŽŒLKLMÎŒŒLÌLLÌÎŒ‹ÍMÌLMŒK‹ÍLÍÍÎŒL‹LNŽMŽÍNËÌNLŽMLÍK‹ŽLMLMLÂŒLËLNKŽÍMLÍ‹Ì‹ŒLÎLÍÍ‹ËŒÎÍŽNNŒLLNL‹ÎMMMŒNLKM‹ŒMNMLŒLM‹ËŒLLÎÍMŒLKLNLËÎÍMŒ‹LËŒNLMMŒÌÙKLL‹ËŒLÎMLNÌBŒLLLNL‹ÎMMMŒNLKLM‹ŒMNMLŒLM‹ËŒLLÎÍMŒLLKLNKŽÍMLÍ‹LÌ‹ŒLÎLÍÍ‹ËŒÎÍŽNNŒLL‹LNŽMŽÍNMËÌNLŽMLÍK‹ŽLMLMLÂŒLLËLMÎŒŒLÌLLÌÎMŒ‹ÍMÌLMŒK‹ÍLÍÍÎŒLMLMŽKÌLNMLML‹MÍ‹ŽMÎMN‹MMÍÌŒÍŒŽŒLMKLMNKMÌLLLNLŒÍŒÌÎ‹‹ŒÌÍÌŒÂŒLM‹LMËŽLŒMMÍLL‹ÍÌMMÌË‹ŒLLÂŒLMËLLÍŽLNMMŒ‹LLMŒÎŒÌÍLKKŽŒLŒŒ‚ŒLNLLŒÌÍÌÌÎM‹LLŒMMŒÌMMËKŒŒÌLNBŒLNKLLKŒÎMÍKLLÌËŒŒÌL‹KŒÎNMLNMÍÂŒLŒNKŒNÍÍNMNMLËLMMMLŒML‹KŒNMŽLL‚ŒLŒKMÌ‹ŒŒÍÍLÍMËLM‹ÍÍMŽNKKŒŒŒŒŽBŒLŒ‹MMŽMMŒMÍKLMLKŒÌŒMÍLÍŽMLŒŒLŒËLÍ‹ÌMÌŒŽLMMKŒLLŽLLÎKÍÍLÍÌÂŒLLNŽŽŽ‹LMMËŒŒLMÍŽKÌLŽÎMBŒLK‹ŒÌÍLLMŒŒYKLLËLMMËŽLÌŒMMŽLMÍMBŒL‹NŽŽŽ‹LMMËŒŒLMÍŽKÌLŽÎMBŒLËÍ‹ÌMÌŒŽLMMKŒLLŽLLÎKÍÍLÍÌÂŒLŽMŽMMŒMÍKLMLKŒÌŒMÍLÍŽMLŒŒLŽKÌ‹ŒŒÍÍLÍMËLM‹ÍÍMŽNKKŒŒŒŒŽBŒLÌKŒNÍÍNMNMLËLMMMLŒML‹KŒNMŽLL‚ŒLÌKLKŒÎMÍKLLÌËŒŒÌL‹KŒÎNMLNMÍÂŒLÌ‹LŒÌÍÌÌÎM‹LLŒMMŒÌMMËKŒŒÌLNBŒLÌËLÍŽLNMMŒ‹LLMŒÎŒÌÍLKKŽŒLŒŒ‚ŒLÍMËŽLŒMMÍLL‹ÍÌMMÌË‹ŒLLÂŒLÍKMNKMÌLLLNLŒÍŒÌÎ‹‹ŒÌÍÌŒÂŒLÍ‹MŽKÌLNMLML‹MÍ‹ŽMÎMN‹MMÍÌŒÍŒŽŒLÍËMÎŒŒLÌLLÌÎMŒ‹ÍMÌLMŒK‹ÍLÍÍÎŒLÎNŽMŽÍNMËÌNLŽMLÍK‹ŽLMLMLÂŒLÎKNKŽÍMLÍ‹LÌ‹ŒLÎLÍÍ‹ËŒÎÍŽNNŒLŽNL‹ÎMMMŒNLKLM‹ŒMNMLŒLM‹ËŒLLÎÍMŒLŽKNLËŒŒÎMÍLM‹ŽŒÌLÍÙKLM‹LŒŒNLLŽNŒLŽ‹NL‹ŒŒŒMLÌMNKM‹ŒMÍLÌËLŒNLŒŒÎBŒLŽËNKŒŽLŒŽËÌ‹ŒLLÍŽLÍŽLŒLLŒMNŒLŽNMÌËŽNÎËLËŽNŽLNM‚ŒLŽKMÍËÍÍŒNMLÌ‹Œ‹ÌLLÎLŒKLËŽLMLMMBŒLŽ‹MŽKŒÍÎŽ‹ÍËŒŒŒMŽL‹LËŒMÎNÂŒLŽËMNKŒÎLÎÌÌÎKLÌMŒŒÌKLËŒÍŽLBŒLŽMËŽMÍMÍŽMMKL‹ŽLŽNLŒMÎMKLËŒLMMLŒBŒLŽKLÍÍNŽMËLMŒŽLLŒÍŽLËL‹ŽNŒMLM‚ŒLŽLLŒMŒŒÍŽM‹LÌÎŒKL‹ŒLÌMÍLNBŒLŽLKLKŒÌÍŒËLÌËŒÎLMÍÌ‹L‹ŒÍÍMŒ‚ŒLŽL‹KŒMÍKMKŒÍÍÎKL‹ŒMLŒŒ‚ŒLŽLËÌ‹ŒŒMML‹MËŒÍLÍMËLKŽMŒÎLÌÌŒLŽMMŽLNLMÎML‹ŒMÍMMLËLKŽLÌŽLMŒLŽMKÍ‹ÌMÌÎLŒMMKŽÌLNNLKÌŽÌŒBŒLŽM‹NÌÎNLÍMMMËÎNÎŒËLKŒÍLMMMÍM‚ŒLŽMËL‹ŒNNŽLÌÌL™KLLËMNLŽÌÍÎKLKŒLMŒÂŒLŽNLNÌÎNLÍMMMËÎNÎŒËLKŒÍLMMMÍM‚ŒLŽNKLÍ‹ÌMÌÎLŒMMKŽÌLNNLKÌŽÌŒBŒLÌMMŽLNLMÎML‹ŒMÍMMLËLKŽLÌŽLMŒLÌKMÌ‹ŒŒMML‹MËŒÍLÍMËLKŽMŒÎLÌÌŒLÌ‹NKŒMÍKMKŒÍÍÎKL‹ŒMLŒŒ‚ŒLÌËLLKŒÌÍŒËLÌËŒÎLMÍÌ‹L‹ŒÍÍMŒ‚ŒLÌLLŒMŒŒÍŽM‹LÌÎŒKL‹ŒLÌMÍLNBŒLÌKLLÍÍNŽMËLMŒŽLLŒÍŽLËL‹ŽNŒMLM‚ŒLÌ‹LMËŽMÍMÍŽMMKL‹ŽLŽNLŒMÎMKLËŒLMMLŒBŒLÌËLMNKŒÎLÎÌÌÎKLÌMŒŒÌKLËŒÍŽLBŒLÌLMŽKŒÍÎŽ‹ÍËŒŒŒMŽL‹LËŒMÎNÂŒLÌKLMÍËÍÍŒNMLÌ‹Œ‹ÌLLÎLŒKLËŽLMLMMBŒLÌLLNMÌËŽNÎËLËŽNŽLNM‚ŒLÌLKLNKŒŽLŒŽËÌ‹ŒLLÍŽLÍŽLŒLLŒMNŒLÌL‹LNL‹ŒŒŒMLÌMNKM‹ŒMÍLÌËLŒNLŒŒÎBŒLÌLËLNLËŒŒÎMÍLL‹ŽNLÍÌŒŽL™KLL‹LŒŒNLLŽNŒLÌMLNL‹ŒŒŒMLÌMNKLM‹ŒMÍLÌËLŒNLŒŒÎBŒLÌMKLNKŒŽLŒŽËLÌ‹ŒLLÍŽLÍŽLŒLLŒMNŒLÌM‹LNMÌMËŽNÎËLËŽNŽLNM‚ŒLÌMËLMÍËÍÍŒNMLÌ‹MŒ‹ÌLLÎLŒKLËŽLMLMMBŒLÌNLMŽKŒÍÎŽ‹MÍËŒŒŒMŽL‹LËŒMÎNÂŒLÌNKLMNKŒÎLÎÌÌÎKNLÌMŒŒÌKLËŒÍŽLBŒLÌŒLMËŽMÍMÍŽMMKLL‹ŽLŽNLŒMÎMKLËŒLMMLŒBŒLÌŒKLLÍÍNŽMËLLMŒŽLLŒÍŽLËL‹ŽNŒMLM‚ŒLÌŒ‹LLŒMŒŒÍŽM‹LLÌÎŒKL‹ŒLÌMÍLNBŒLÌŒËLLKŒÌÍŒËLLÌËŒÎLMÍÌ‹L‹ŒÍÍMŒ‚ŒLÌNKŒMÍKLMKŒÍÍÎKL‹ŒMLŒŒ‚ŒLÌKMÌ‹ŒŒMML‹LMËŒÍLÍMËLKŽMŒÎLÌÌŒLÌ‹MMŽLNLMÎLML‹ŒMÍMMLËLKŽLÌŽLMŒLÌËLÍ‹ÌMÌÎLŒLMMKŽÌLNNLKÌŽÌŒBŒLÌŽLNÌÎNLÍMLMMËÎNÎŒËLKŒÍLMMMÍM‚ŒLÌŽK‹ŒŒMŒMNYKLLËLMNLŽÌÍÎKLKŒLMŒÂŒLÌÌNÌÎNLÍMLMMËÎNÎŒËLKŒÍLMMMÍM‚ŒLÌÌKÍ‹ÌMÌÎLŒLMMKŽÌLNNLKÌŽÌŒBŒLÌÌ‹MŽLNLMÎLML‹ŒMÍMMLËLKŽLÌŽLMŒLÌÌËÌ‹ŒŒMML‹LMËŒÍLÍMËLKŽMŒÎLÌÌŒLÌÍKŒMÍKLMKŒÍÍÎKL‹ŒMLŒŒ‚ŒLÌÍKLKŒÌÍŒËLLÌËŒÎLMÍÌ‹L‹ŒÍÍMŒ‚ŒLÌÍ‹LŒMŒŒÍŽM‹LLÌÎŒKL‹ŒLÌMÍLNBŒLÌÍËLÍÍNŽMËLLMŒŽLLŒÍŽLËL‹ŽNŒMLM‚ŒLÌÎMËŽMÍMÍŽMMKLL‹ŽLŽNLŒMÎMKLËŒLMMLŒBŒLÌÎKMNKŒÎLÎÌÌÎKNLÌMŒŒÌKLËŒÍŽLBŒLÍMŽKŒÍÎŽ‹MÍËŒŒŒMŽL‹LËŒMÎNÂŒLÍKMÍËÍÍŒNMLÌ‹MŒ‹ÌLLÎLŒKLËŽLMLMMBŒLÍ‹NMÌMËŽNÎËLËŽNŽLNM‚ŒLÍËNKŒŽLŒŽËLÌ‹ŒLLÍŽLÍŽLŒLLŒMNŒLÍNL‹ŒŒŒMLÌMNKLM‹ŒMÍLÌËLŒNLŒŒÎBŒLÍKNL‹MMÎMLKŒLLŽKLMLÌËŒÌMÎÌÂŒLÍ‹NLKNMÌMËM‹ŒMLÎKLÌËŒÍŒÌŒL‚ŒLÍËNŽMÌÌÎL‹Ì‹ŒLLÍÍNËLÌËŒNLMŒÌŽ‚ŒLÍNËŽLLŒLNKËŽMŒLMMŒ‹LÌËŒMÍÍÌ‚ŒLÍKMÍËŒŽNMÍLÎLKŒ‹ÍŒMŽ‹LÌ‹ŽÌMÌLŒLÍLMŽŽMMŽKÍËŒMÍNLÌKLÌ‹LÍLŒMŒLÍLKMNŽMMÍLLËLNNMLLMKLÌ‹ÌNMBŒLÍL‹MËÍMŒMLËŒLŒÍÍMŒÎLÌ‹ŒLÌŒŒŽŒLÍLËLÍMNMLŽKLMMMÍŒÌKLÌKŽMÌÌÌÎÍŒLÍMLŒÍLLŒÍ‹LŽÎLMÌ‹LÌKNŽŒMŒBŒLÍMKLKŒŒŽLKLÌËŽÍ‹LÌKŒÌÌLMÌÌL‚ŒLÍM‹KŒLMÍMKÎMŒLŒKLÌKŒLLMBŒLÍMËÌ‹ŒNÍÍŒÍÍKMËŽŽLÎKLÌŽLLŽN‚ŒLÍNMÌŒNLNLËML‹ÍLŒÌÍKLÌÍLÍBŒLÍNKÍ‹ÌÎÍŒÍKMM‹ŒŽLMMMËLÌŒŒŽÌMLLÂŒLÍŒNMÌNMNMËMNŒLLÌŒËLÌMLLLMÂŒLÍŒKL‹ŒMÌNLMMYKLLËMNKŒLÌNLMÍLLËLÌLÌLŒŒÌ‚ŒLÍŒ‹LNMÌNMNMËMNŒLLÌŒËLÌMLLLMÂŒLÍŒËLÍ‹ÌÎÍŒÍKMM‹ŒŽLMMMËLÌŒŒŽÌMLLÂŒLÍMMÌŒNLNLËML‹ÍLŒÌÍKLÌÍLÍBŒLÍKMÌ‹ŒNÍÍŒÍÍKMËŽŽLÎKLÌŽLLŽN‚ŒLÍ‹NKŒLMÍMKÎMŒLŒKLÌKŒLLMBŒLÍËLLKŒŒŽLKLÌËŽÍ‹LÌKŒÌÌLMÌÌL‚ŒLÍŽLLŒÍLLŒÍ‹LŽÎLMÌ‹LÌKNŽŒMŒBŒLÍŽKLLÍMNMLŽKLMMMÍŒÌKLÌKŽMÌÌÌÎÍŒLÍÌLMËÍMŒMLËŒLŒÍÍMŒÎLÌ‹ŒLÌŒŒŽŒLÍÌKLMNŽMMÍLLËLNNMLLMKLÌ‹ÌNMBŒLÍÌ‹LMŽŽMMŽKÍËŒMÍNLÌKLÌ‹LÍLŒMŒLÍÌËLMÍËŒŽNMÍLÎLKŒ‹ÍŒMŽ‹LÌ‹ŽÌMÌLŒLÍÍLNËŽLLŒLNKËŽMŒLMMŒ‹LÌËŒMÍÍÌ‚ŒLÍÍKLNŽMÌÌÎL‹Ì‹ŒLLÍÍNËLÌËŒNLMŒÌŽ‚ŒLÍÍ‹LNLKNMÌMËM‹ŒMLÎKLÌËŒÍŒÌŒL‚ŒLÍÍËLNL‹MMÎML‹ŽNLLŒŽMÙKLL‹LÌËŒÌMÎÌÂŒLÍÎLNLKNMÌMËLM‹ŒMLÎKLÌËŒÍŒÌŒL‚ŒLÍÎKLNŽMÌÌÎL‹LÌ‹ŒLLÍÍNËLÌËŒNLMŒÌŽ‚ŒLÎLNËŽLLŒLNKMËŽMŒLMMŒ‹LÌËŒMÍÍÌ‚ŒLÎKLMÍËŒŽNMÍLÎLKMŒ‹ÍŒMŽ‹LÌ‹ŽÌMÌLŒLÎ‹LMŽŽMMŽKMÍËŒMÍNLÌKLÌ‹LÍLŒMŒLÎËLMNŽMMÍLLËNLNNMLLMKLÌ‹ÌNMBŒLÎLMËÍMŒMLLËŒLŒÍÍMŒÎLÌ‹ŒLÌŒŒŽŒLÎKLLÍMNMLŽKLLMMMÍŒÌKLÌKŽMÌÌÌÎÍŒLÎ‹LLŒÍLLŒÍ‹LLŽÎLMÌ‹LÌKNŽŒMŒBŒLÎËLLKŒŒŽLKLLÌËŽÍ‹LÌKŒÌÌLMÌÌL‚ŒLÎNKŒLMÍLMKÎMŒLŒKLÌKŒLLMBŒLÎKMÌ‹ŒNÍÍŒÍÍKLMËŽŽLÎKLÌŽLLŽN‚ŒLÎLMMÌŒNLNLËLML‹ÍLŒÌÍKLÌÍLÍBŒLÎLKLÍ‹ÌÎÍŒÍKLMM‹ŒŽLMMMËLÌŒŒŽÌMLLÂŒLÎL‹LNMÌNMNMËLMNŒLLÌŒËLÌMLLLMÂŒLÎLË‹ŒLÌÍÍÌLÍMÙKLLËLMNKŒLÌNLMÍLLËLÌLÌLŒŒÌ‚ŒLÎMNMÌNMNMËLMNŒLLÌŒËLÌMLLLMÂŒLÎMKÍ‹ÌÎÍŒÍKLMM‹ŒŽLMMMËLÌŒŒŽÌMLLÂŒLÎM‹MÌŒNLNLËLML‹ÍLŒÌÍKLÌÍLÍBŒLÎMËÌ‹ŒNÍÍŒÍÍKLMËŽŽLÎKLÌŽLLŽN‚ŒLÎNKŒLMÍLMKÎMŒLŒKLÌKŒLLMBŒLÎNKLKŒŒŽLKLLÌËŽÍ‹LÌKŒÌÌLMÌÌL‚ŒMLŒÍLLŒÍ‹LLŽÎLMÌ‹LÌKNŽŒMŒBŒMKLÍMNMLŽKLLMMMÍŒÌKLÌKŽMÌÌÌÎÍŒM‹MËÍMŒMLLËŒLŒÍÍMŒÎLÌ‹ŒLÌŒŒŽŒMËMNŽMMÍLLËNLNNMLLMKLÌ‹ÌNMBŒMMŽŽMMŽKMÍËŒMÍNLÌKLÌ‹LÍLŒMŒMKMÍËŒŽNMÍLÎLKMŒ‹ÍŒMŽ‹LÌ‹ŽÌMÌLŒM‹NËŽLLŒLNKMËŽMŒLMMŒ‹LÌËŒMÍÍÌ‚ŒMËNŽMÌÌÎL‹LÌ‹ŒLLÍÍNËLÌËŒNLMŒÌŽ‚ŒMNLKNMÌMËLM‹ŒMLÎKLÌËŒÍŒÌŒL‚ŒMKNLKŽÌMÌÍLLÌËL‹ÍÌMKLMMNŒÎMLŒL‚ŒMLNLŽLLÌÌMLLÍËM‹ŒMMÍLÌŽMNŒÍŒLMÍÂŒMLKNŒLMŽNNMKÌ‹ŒLÌÌNKMNŒÍŽŽLŒŽŒML‹NËŒÌNŒÍLÍÍKËÌŒÎMËMNŒLÌŒÍÌŒBŒMLËMÍ‹ÍÍŒLŒÌMŒ‹ÎŒLNËMMËŽLÎŒŒÍÂŒMMMŽLÌMÌËÍËŒMÍLÍÌŒËMMËÌÌLLŒÎL‚ŒMMKMNNMÎLŒŒNMKLÌÍNLMÍÌ‹MMËÍÌLÍÍÌÂŒMM‹MËŒMÍÎÌLËLËŒÌÌŒËMMËŒMLLŒÍÎBŒMMËLÍŒÍŒŽŒLËLMŽÍÌNËMM‹ŽMÌŽLÌŽÂŒMNLŒŒÌŒÍLNKLKŒNÍŒ‹MM‹MÍŒM‚ŒMNKLKŒMÎNMÎL‹LÍŒLÌÎLÎM‹MM‹ŒŽLÌNÍŒMŒKŒÎMLL‹M‹ŒÌŒMMÍËMM‹ŒLŒŒMMŽBŒMŒKÌ‹ŒMŒÍNMŒÌÍËMŒÎÍŽMÍ‹MMKŽÌŒÍ‚ŒMŒ‹MŒMÌMÌÍMMLËŒÍÍLŒMŒŒËMMKŒMLÍMLÂŒMŒËÍ‹ŽMŽLLLÍMËMM‹ŽML‹MMKLÍLNNBŒMNLŽM‹MNKŒNLÍÍŽËMMKNLÌMÎBŒMKLKŽLÎŒŒMÙKLLËMNKŽMMÍNLKMMKÌÍLÍÍÍÌÂŒM‹LNLŽM‹MNKŒNLÍÍŽËMMKNLÌMÎBŒMËLÍ‹ŽMŽLLLÍMËMM‹ŽML‹MMKLÍLNNBŒMŽMMŒMÌMÌÍMMLËŒÍÍLŒMŒŒËMMKŒMLÍMLÂŒMŽKMÌ‹ŒMŒÍNMŒÌÍËMŒÎÍŽMÍ‹MMKŽÌŒÍ‚ŒMÌNKŒÎMLL‹M‹ŒÌŒMMÍËMM‹ŒLŒŒMMŽBŒMÌKLLKŒMÎNMÎL‹LÍŒLÌÎLÎM‹MM‹ŒŽLÌNÍŒMÌ‹LLŒŒÌŒÍLNKLKŒNÍŒ‹MM‹MÍŒM‚ŒMÌËLLÍŒÍŒŽŒLËLMŽÍÌNËMM‹ŽMÌŽLÌŽÂŒMÍLMËŒMÍÎÌLËLËŒÌÌŒËMMËŒMLLŒÍÎBŒMÍKLMNNMÎLŒŒNMKLÌÍNLMÍÌ‹MMËÍÌLÍÍÌÂŒMÍ‹LMŽLÌMÌËÍËŒMÍLÍÌŒËMMËÌÌLLŒÎL‚ŒMÍËLMÍ‹ÍÍŒLŒÌMŒ‹ÎŒLN‹MMËŽLÎŒŒÍÂŒMÎLNËŒÌNŒÍLÍÍKËÌŒÎMËMNŒLÌŒÍÌŒBŒMÎKLNŒLMŽNNMKÌ‹ŒLÌÌNKMNŒÍŽŽLŒŽŒMLNLŽLLÌÌMLLÍËM‹ŒMMÍLÌŽMNŒÍŒLMÍÂŒMKLNLKŽÌMÌÍLLÌËL‹ŽMÍÎLÎNM™KLL‹MNŒÎMLŒL‚ŒM‹LNLŽLLÌÌMLLÍËLM‹ŒMMÍLÌŽMNŒÍŒLMÍÂŒMËLNŒLMŽNNMKLÌ‹ŒLÌÌNKMNŒÍŽŽLŒŽŒMLNËŒÌNŒÍLÍÍKMËÌŒÎMËMNŒLÌŒÍÌŒBŒMKLMÍ‹ÍÍŒLŒÌMMŒ‹ÎŒLNËMMËŽLÎŒŒÍÂŒM‹LMŽLÌMÌËMÍËŒMÍLÍÌŒËMMËÌÌLLŒÎL‚ŒMËLMNNMÎLŒŒNMKNLÌÍNLMÍÌ‹MMËÍÌLÍÍÌÂŒMLMËŒMÍÎÌLËLLËŒÌÌŒËMMËŒMLLŒÍÎBŒMKLLÍŒÍŒŽŒLËLLMŽÍÌNËMM‹ŽMÌŽLÌŽÂŒMLLLŒŒÌŒÍLNKLLKŒNÍŒ‹MM‹MÍŒM‚ŒMLKLLKŒMÎNMÎL‹LLÍŒLÌÎLÎM‹MM‹ŒŽLÌNÍŒML‹NKŒÎMLL‹LM‹ŒÌŒMMÍËMM‹ŒLŒŒMMŽBŒMLËMÌ‹ŒMŒÍNMŒÌÍËLMŒÎÍŽMÍ‹MMKŽÌŒÍ‚ŒMMMMŒMÌMÌÍMLMLËŒÍÍLŒMŒŒËMMKŒMLÍMLÂŒMMKLÍ‹ŽMŽLLLÍMËLMM‹ŽML‹MMKLÍLNNBŒMM‹LNLŽM‹LMNKŒNLÍÍŽËMMKNLÌMÎBŒMMËKŽÍLNMKLLËLMNKŽMMÍNLKMMKÌÍLÍÍÍÌÂŒMNNLŽM‹LMNKŒNLÍÍŽËMMKNLÌMÎBŒMNKÍ‹ŽMŽLLLÍMËLMM‹ŽML‹MMKLÍLNNBŒMŒMŒMÌMÌÍMLMLËŒÍÍLŒMŒŒËMMKŒMLÍMLÂŒMŒKÌ‹ŒMŒÍNMŒÌÍËLMŒÎÍŽMÍ‹MMKŽÌŒÍ‚ŒMŒ‹KŒÎMLL‹LM‹ŒÌŒMMÍËMM‹ŒLŒŒMMŽBŒMŒËLKŒMÎNMÎL‹LLÍŒLÌÎLÎM‹MM‹ŒŽLÌNÍŒMLŒŒÌŒÍLNKLLKŒNÍŒ‹MM‹MÍŒM‚ŒMKLÍŒÍŒŽŒLËLLMŽÍÌNËMM‹ŽMÌŽLÌŽÂŒM‹MËŒMÍÎÌLËLLËŒÌÌŒËMMËŒMLLŒÍÎBŒMËMNNMÎLŒŒNMKNLÌÍNLMÍÌ‹MMËÍÌLÍÍÌÂŒMŽMŽLÌMÌËMÍËŒMÍLÍÌŒËMMËÌÌLLŒÎL‚ŒMŽKMÍ‹ÍÍŒLŒÌMMŒ‹ÎŒLNËMMËŽLÎŒŒÍÂŒMÌNËŒÌNŒÍLÍÍKMËÌŒÎMËMNŒLÌŒÍÌŒBŒMÌKNŒLMŽNNMKLÌ‹ŒLÌÌNKMNŒÍŽŽLŒŽŒMÌ‹NLŽLLÌÌMLLÍËLM‹ŒMMÍLÌŽMNŒÍŒLMÍÂŒMÌËNLKŒMLÍLŒËL‹ŽÌMŒŒÌÌYKLMNËLÌÍÍŒL‚ŒMÍNLŒŒŽÍŒL‹M‹ŒLÎLÌŒÌL‹NËŒÍÌBŒMÍKNËŒÍÍMŒŒÌM‹Ì‹ŒLÎŽNN‹NËŒÍŒÌNŒMÍ‹N‹ÌLÌ‹ËÌŒÌŒŒNKNËŒŒLÌŒLMŒŒMÍËMÍ‹ŒŒÌŒÌŒŽM‹Œ‹ŽÌMÌNLÍM‹NËŒÍÎ‚ŒMÎMŽŒMÌËÍËŒÌŒÎŒLKN‹ÍNLŒŽŒMÎKMNŒŒÌÍÌÍKLŽNKN‹ÍMMLÂŒMM‹ŽMÍMMMËLËMÍŒÍMÍKN‹ŒMÌÎLÎŒMKLÍŒMŽÍLÎLKLMKŒNÎÍNLLKNKŽMLÎLŒM‹LŒŒMÎNLMËLKŒMŒŒÍMŒÍKNKMLÍÎNNBŒMËLKŒÍÌLLKLÍÎMŒLNLËNKŒLÌÌÍÎLÂŒMKŒMNLŒLMŒKM‹ŒNLŒNMËNŽNÌÌŽLBŒMKÌ‹ŒMMÍÍÌÍLLËMKŒÌLNMMËNÍLÍMŽMÍÌÂŒM‹MŒÍLMÌŒËMMŒLMMNMŽMLÍŽL‚ŒMËÍ‹ÌÎLMLÍKMMËÌMÎMNL‹NÍMÎLŒŒ‚ŒMNŽMŒLÌNNKMNKŽÌÌMNŒÍMMŒŒMKLKNLÌŒÎMŒ™KLLËMŒŒLÌMÍŒËNŒÌÎÌÎLÂŒMLLNŽMŒLÌNNKMNKŽÌÌMNŒÍMMŒŒMLKLÍ‹ÌÎLMLÍKMMËÌMÎMNL‹NÍMÎLŒŒ‚ŒML‹MMŒÍLMÌŒËMMŒLMMNMŽMLÍŽL‚ŒMLËMÌ‹ŒMMÍÍÌÍLLËMKŒÌLNMMËNÍLÍMŽMÍÌÂŒMMNKŒMNLŒLMŒKM‹ŒNLŒNMËNŽNÌÌŽLBŒMMKLLKŒÍÌLLKLÍÎMŒLNLËNKŒLÌÌÍÎLÂŒMM‹LLŒŒMÎNLMËLKŒMŒŒÍMŒÍKNKMLÍÎNNBŒMMËLLÍŒMŽÍLÎLKLMKŒNÎÍNLLKNKŽMLÎLŒMNLM‹ŽMÍMMMËLËMÍŒÍMÍKN‹ŒMÌÎLÎŒMNKLMNŒŒÌÍÌÍKLŽNKN‹ÍMMLÂŒMLLMŽŒMÌËÍËŒÌŒÎŒLKN‹ÍNLŒŽŒMLKLMÍ‹ŒŒÌŒÌŒŽM‹Œ‹ŽÌMÌNLÍM‹NËŒÍÎ‚ŒML‹LN‹ÌLÌ‹ËÌŒÌŒŒNKNËŒŒLÌŒLMŒŒMLËLNËŒÍÍMŒŒÌM‹Ì‹ŒLÎŽNN‹NËŒÍŒÌNŒMLLNLŒŒŽÍŒL‹M‹ŒLÎLÌŒÌL‹NËŒÍÌBŒMLKLNLKŒMLÍLŒËL‹ŽMÌÌÍŒMKLL‹NËLÌÍÍŒL‚ŒML‹LNLŒŒŽÍŒL‹LM‹ŒLÎLÌŒÌL‹NËŒÍÌBŒMLËLNËŒÍÍMŒŒÌM‹LÌ‹ŒLÎŽNN‹NËŒÍŒÌNŒMLLN‹ÌLÌ‹MËÌŒÌŒŒNKNËŒŒLÌŒLMŒŒMLKLMÍ‹ŒŒÌŒÌŒŽM‹MŒ‹ŽÌMÌNLÍM‹NËŒÍÎ‚ŒMLLLMŽŒMÌËMÍËŒÌŒÎŒLKN‹ÍNLŒŽŒMLLKLMNŒŒÌÍÌÍKNLŽNKN‹ÍMMLÂŒMLL‹LM‹ŽMÍMMMËLLËMÍŒÍMÍKN‹ŒMÌÎLÎŒMLLËLLÍŒMŽÍLÎLKLLMKŒNÎÍNLLKNKŽMLÎLŒMLMLLŒŒMÎNLMËLLKŒMŒŒÍMŒÍKNKMLÍÎNNBŒMLMKLLKŒÍÌLLKLLÍÎMŒLNLËNKŒLÌÌÍÎLÂŒMLM‹NKŒMNLŒLMŒKLM‹ŒNLŒNMËNŽNÌÌŽLBŒMLMËMÌ‹ŒMMÍÍÌÍLLËLMKŒÌLNMMËNÍLÍMŽMÍÌÂŒMLNMMŒÍLMÌŒËLMMŒLMMNMŽMLÍŽL‚ŒMLNKLÍ‹ÌÎLMLÍKLMMËÌMÎMNL‹NÍMÎLŒŒ‚ŒMLŒLNŽMŒLÌNNKLMNKŽÌÌMNŒÍMMŒŒMLŒKKLÍÌMNLNNKLLËLMŒŒLÌMÍŒËNŒÌÎÌÎLÂŒMLŒ‹NŽMŒLÌNNKLMNKŽÌÌMNŒÍMMŒŒMLŒËÍ‹ÌÎLMLÍKLMMËÌMÎMNL‹NÍMÎLŒŒ‚ŒMLMŒÍLMÌŒËLMMŒLMMNMŽMLÍŽL‚ŒMLKÌ‹ŒMMÍÍÌÍLLËLMKŒÌLNMMËNÍLÍMŽMÍÌÂŒML‹KŒMNLŒLMŒKLM‹ŒNLŒNMËNŽNÌÌŽLBŒMLËLKŒÍÌLLKLLÍÎMŒLNLËNKŒLÌÌÍÎLÂŒMLŽLŒŒMÎNLMËLLKŒMŒŒÍMŒÍKNKMLÍÎNNBŒMLŽKLÍŒMŽÍLÎLKLLMKŒNÎÍNLLKNKŽMLÎLŒMLÌM‹ŽMÍMMMËLLËMÍŒÍMÍKN‹ŒMÌÎLÎŒMLÌKMNŒŒÌÍÌÍKNLŽNKN‹ÍMMLÂŒMLÌ‹MŽŒMÌËMÍËŒÌŒÎŒLKN‹ÍNLŒŽŒMLÌËMÍ‹ŒŒÌŒÌŒŽM‹MŒ‹ŽÌMÌNLÍM‹NËŒÍÎ‚ŒMLÍN‹ÌLÌ‹MËÌŒÌŒŒNKNËŒŒLÌŒLMŒŒMLÍKNËŒÍÍMŒŒÌM‹LÌ‹ŒLÎŽNN‹NËŒÍŒÌNŒMLÍ‹NLŒŒŽÍŒL‹LM‹ŒLÎLÌŒÌL‹NËŒÍÌBŒMLÍËNLNŒMMLŒËLËŽLLNŒMNYKLMŒNLLÎMÌ‚ŒMLÎNKLÍÌÌMËM‹ŒMMÍŒNMËŒMMÌŽMNŒMLÎKN‹ÌÌÍLÍÌNÌ‹ŒLÎLŽŒLKŒMÌÍŒÍN‚ŒMMN‹ŒLMMMMŒÎMKËÍÌÌNÍŒ‹ŒŒŽMLŽMMBŒMMKMÍKÌŒLNNŒ‹ŽLŒÍŽMÌŒKŒŒÍÍNLLŒŒMM‹MËŒNMÌŒŽNKÍËŒŒLLŒËŒËŽLŽNMÂŒMMËMMËŽMŽNMÍËLKŒLNLÌËŒËLLŒÍÍ‚ŒMMM‹MNMLÌKLËŽNLNLŒËŒNŽLŒÌÂŒMMKLÍŒLÍŒÍLMKŒMLŒMLŒKŒ‹ŽLLNMM‚ŒMM‹LŒŒNNÍNMËL‹ŒMLŒÌKŒ‹LMŒÎLÍBŒMMËLKŒMŒÍÌËLÍKLMŽNËŒ‹ŒNNMÎMLBŒMMKŒÍLÌMËMËŒÎMÍŽËŒKŽLÍÎŒM‚ŒMMKÌ‹ŒNMŒMŒŽMËMKŽLÍŽÌÌÍ‹ŒKNLNMŒÍŒ‚ŒMMLMÌÍÎLLKMMKŒÌÎMLLËŒKNNŒMÂŒMMLKÍ‹ÌÍNMÌŒËMNÎŽLËŒKŒÌMŒNMLBŒMML‹NÌKMŒŽNÍLKŒKŒŒÌNMBŒMMLËLKŒŽŽMÍŒMLÙKLLËMŒKNLÌLMÎKŒKŒŒMÌÍ‚ŒMMMLNÌKMŒŽNÍLKŒKŒŒÌNMBŒMMMKLÍ‹ÌÍNMÌŒËMNÎŽLËŒKŒÌMŒNMLBŒMMM‹MMÌÍÎLLKMMKŒÌÎMLLËŒKNNŒMÂŒMMMËMÌ‹ŒNMŒMŒŽMËMKŽLÍŽÌÌÍ‹ŒKNLNMŒÍŒ‚ŒMMNNKŒÍLÌMËMËŒÎMÍŽËŒKŽLÍÎŒM‚ŒMMNKLLKŒMŒÍÌËLÍKLMŽNËŒ‹ŒNNMÎMLBŒMMŒLLŒŒNNÍNMËL‹ŒMLŒÌKŒ‹LMŒÎLÍBŒMMŒKLLÍŒLÍŒÍLMKŒMLŒMLŒKŒ‹ŽLLNMM‚ŒMMŒ‹LM‹MNMLÌKLËŽNLNLŒËŒNŽLŒÌÂŒMMŒËLMMËŽMŽNMÍËLKŒLNLÌËŒËLLŒÍÍ‚ŒMMLMËŒNMÌŒŽNKÍËŒŒLLŒËŒËŽLŽNMÂŒMMKLMÍKÌŒLNNŒ‹ŽLŒÍŽMÌŒKŒŒÍÍNLLŒŒMM‹LN‹ŒLMMMMŒÎMKËÍÌÌNÍŒKŒŒŽMLŽMMBŒMMËLN‹ÌÌÍLÍÌNÌ‹ŒLÎLŽŒLKŒMÌÍŒÍN‚ŒMMŽLNKLÍÌÌMËM‹ŒMMÍŒNMËŒMMÌŽMNŒMMŽKLNLNŒMMLŒËL‹ŽMŒŒÍLÙKLL‹ŒNLLÎMÌ‚ŒMMÌLNKLÍÌÌMËLM‹ŒMMÍŒNMËŒMMÌŽMNŒMMÌKLN‹ÌÌÍLÍÌNLÌ‹ŒLÎLŽŒLKŒMÌÍŒÍN‚ŒMMÌ‹LN‹ŒLMMMMŒÎMKMËÍÌÌNÍŒ‹ŒŒŽMLŽMMBŒMMÌËLMÍKÌŒLNNMŒ‹ŽLŒÍŽMÌŒKŒŒÍÍNLLŒŒMMÍLMËŒNMÌŒŽNKMÍËŒŒLLŒËŒËŽLŽNMÂŒMMÍKLMMËŽMŽNMÍËNLKŒLNLÌËŒËLLŒÍÍ‚ŒMMÍ‹LM‹MNMLÌKLLËŽNLNLŒËŒNŽLŒÌÂŒMMÍËLLÍŒLÍŒÍLLMKŒMLŒMLŒKŒ‹ŽLLNMM‚ŒMMÎLLŒŒNNÍNMËLL‹ŒMLŒÌKŒ‹LMŒÎLÍBŒMMÎKLLKŒMŒÍÌËLLÍKLMŽNËŒ‹ŒNNMÎMLBŒMNNKŒÍLÌMËLMËŒÎMÍŽËŒKŽLÍÎŒM‚ŒMNKMÌ‹ŒNMŒMŒŽMËLMKŽLÍŽÌÌÍ‹ŒKNLNMŒÍŒ‚ŒMN‹MMÌÍÎLLKLMMKŒÌÎMLLËŒKNNŒMÂŒMNËLÍ‹ÌÍNMÌŒËLMNÎŽLËŒKŒÌMŒNMLBŒMNLNÌKLMŒŽNÍLKŒKŒŒÌNMBŒMNKKŒLÍÍÎMŽÙKLLËLMŒKNLÌLMÎKŒKŒŒMÌÍ‚ŒMN‹NÌKLMŒŽNÍLKŒKŒŒÌNMBŒMNËÍ‹ÌÍNMÌŒËLMNÎŽLËŒKŒÌMŒNMLBŒMNMÌÍÎLLKLMMKŒÌÎMLLËŒKNNŒMÂŒMNKÌ‹ŒNMŒMŒŽMËLMKŽLÍŽÌÌÍ‹ŒKNLNMŒÍŒ‚ŒMNLKŒÍLÌMËLMËŒÎMÍŽËŒKŽLÍÎŒM‚ŒMNLKLKŒMŒÍÌËLLÍKLMŽNËŒ‹ŒNNMÎMLBŒMNL‹LŒŒNNÍNMËLL‹ŒMLŒÌKŒ‹LMŒÎLÍBŒMNLËLÍŒLÍŒÍLLMKŒMLŒMLŒKŒ‹ŽLLNMM‚ŒMNMM‹MNMLÌKLLËŽNLNLŒËŒNŽLŒÌÂŒMNMKMMËŽMŽNMÍËNLKŒLNLÌËŒËLLŒÍÍ‚ŒMNM‹MËŒNMÌŒŽNKMÍËŒŒLLŒËŒËŽLŽNMÂŒMNMËMÍKÌŒLNNMŒ‹ŽLŒÍŽMÌŒKŒŒÍÍNLLŒŒMNNN‹ŒLMMMMŒÎMKMËÍÌÌNÍŒ‹ŒŒŽMLŽMMBŒMNNKN‹ÌÌÍLÍÌNLÌ‹ŒLÎLŽŒLKŒMÌÍŒÍN‚ŒMŒNKLÍÌÌMËLM‹ŒMMÍŒNMËŒMMÌŽMNŒMŒKNKŽÍŒŒNKMŽMÎLŒŒÎKLMŒÌËŽMMÎM‚ŒMŒ‹NŽMŒLMLLÌKM‹ŒMÍÍMNÍÎËŒÌËLÎÂŒMŒËN‹ŒŒÌŒŒŽÌ‹ŒNLŒNLÍÎKŒÌËMLMÍ‚ŒMŒNKŒÎLÍŽËŽŒMŽŒÌËŒÍÌŽNLÍBŒMŒKMÍKŒÌLŒÍŽMLÍËŒËŒLLÎŒLËŒÌËŒMNMÍÂŒMŒ‹MËŒŽLMLËÍËÌÌÎLL‹ŒÌ‹ŽŒMÌNBŒMŒËMMËLÎŽML‹LKLÍNŒÌ‹MÍÍÎŒMŒM‹NMLŒ‹LŒÍMLMŒNKŒÌ‹ŒNLÌMÍÂŒMŒKLÌËŽLÎLNMËLM‹ŒNLŽMLŽL‹ŒÌKŽÌŽMMÍBŒMŒLLŒŒMÌÍL‹L‹ŽMÍŒÌKÌÎMÌMBŒMŒLKLKŒLLMÍLÍ‹LÍ‹ŒÌLMŽLMÍ‹ŒÌKŒLÌMNMÌMBŒMŒL‹KŒLŽMMŽMN‹MŒÎLNLŒÌŽMLMŽLMŒMŒLËÌ‹ŒÌÌÎLŒÎMÍKMLKŒLŒŒÍŒÌMNMMŒLBŒMŒMMŽLLMMNLŒËMM‹ŒŒÌÍNËŒÌŒÌŒŒMNŒ‚ŒMŒMKÍ‹ŽLÌLŒŒ‹MNKŽLMÍÍÌKŒÌŒMÍMÌBŒMŒM‹NŽLNKMŒ‹ŒLMŒNLŒ‹ŒÌŒÌLÍLÎMM‚ŒMŒMËNŒŽMÍÌMÍŒMŒYKLMMŒ‹ŽMNLMŒÌŒMÌÍÍ‚ŒMŒNLNŽLNKMŒ‹ŒLMŒNLŒ‹ŒÌŒÌLÍLÎMM‚ŒMŒNKLÍ‹ŽLÌLŒŒ‹MNKŽLMÍÍÌKŒÌŒMÍMÌBŒMŒŒMMŽLLMMNLŒËMM‹ŒŒÌÍNËŒÌŒÌŒŒMNŒ‚ŒMŒŒKMÌ‹ŒÌÌÎLŒÎMÍKMLKŒLŒŒÍŒÌMNMMŒLBŒMŒŒ‹NKŒLŽMMŽMN‹MŒÎLNLŒÌŽMLMŽLMŒMŒŒËLLKŒLLMÍLÍ‹LÍ‹ŒÌLMŽLMÍ‹ŒÌKŒLÌMNMÌMBŒMŒLLŒŒMÌÍL‹L‹ŽMÍŒÌKÌÎMÌMBŒMŒKLLÌËŽLÎLNMËLM‹ŒNLŽMLŽL‹ŒÌKŽÌŽMMÍBŒMŒ‹LM‹NMLŒ‹LŒÍMLMŒNKŒÌ‹ŒNLÌMÍÂŒMŒËLMMËLÎŽML‹LKLÍNŒÌ‹MÍÍÎŒMŒŽLMËŒŽLMLËÍËÌÌÎLL‹ŒÌ‹ŽŒMÌNBŒMŒŽKLMÍKŒÌLŒÍŽMLÍËŒËŒLLÎŒLËŒÌËŒMNMÍÂŒMŒÌLNKŒÎLÍŽËŽŒMŽŒÌËŒÍÌŽNLÍBŒMŒÌKLN‹ŒŒÌŒŒŽÌ‹ŒNLŒNLÍÎKŒÌËMLMÍ‚ŒMŒÌ‹LNŽMŒLMLLÌKM‹ŒMÍÍMNÍÎËŒÌËLÎÂŒMŒÌËLNKŽÍŒŒNKL‹ŽMÍŒNLLYKLL‹ŒÌËŽMMÎM‚ŒMŒÍLNŽMŒLMLLÌKLM‹ŒMÍÍMNÍÎËŒÌËLÎÂŒMŒÍKLN‹ŒŒÌŒŒŽLÌ‹ŒNLŒNLÍÎKŒÌËMLMÍ‚ŒMŒÍ‹LNKŒÎLÍŽMËŽŒMŽŒÌËŒÍÌŽNLÍBŒMŒÍËLMÍKŒÌLŒÍŽMLÍËMŒËŒLLÎŒLËŒÌËŒMNMÍÂŒMŒÎLMËŒŽLMLËMÍËÌÌÎLL‹ŒÌ‹ŽŒMÌNBŒMŒÎKLMMËLÎŽML‹NLKLÍNŒÌ‹MÍÍÎŒMLM‹NMLŒ‹LLŒÍMLMŒNKŒÌ‹ŒNLÌMÍÂŒMKLLÌËŽLÎLNMËLLM‹ŒNLŽMLŽL‹ŒÌKŽÌŽMMÍBŒM‹LLŒŒMÌÍL‹LL‹ŽMÍŒÌKÌÎMÌMBŒMËLLKŒLLMÍLÍ‹LLÍ‹ŒÌLMŽLMÍ‹ŒÌKŒLÌMNMÌMBŒMNKŒLŽMMŽMN‹LMŒÎLNLŒÌŽMLMŽLMŒMKMÌ‹ŒÌÌÎLŒÎMÍKLMLKŒLŒŒÍŒÌMNMMŒLBŒM‹MMŽLLMMNLŒËLMM‹ŒŒÌÍNËŒÌŒÌŒŒMNŒ‚ŒMËLÍ‹ŽLÌLŒŒ‹LMNKŽLMÍÍÌKŒÌŒMÍMÌBŒMLNŽLNKLMŒ‹ŒLMŒNLŒ‹ŒÌŒÌLÍLÎMM‚ŒMKËŽLŒNLŒYKLMLMŒ‹ŽMNLMŒÌŒMÌÍÍ‚ŒMLNŽLNKLMŒ‹ŒLMŒNLŒ‹ŒÌŒÌLÍLÎMM‚ŒMLKÍ‹ŽLÌLŒŒ‹LMNKŽLMÍÍÌKŒÌŒMÍMÌBŒML‹MŽLLMMNLŒËLMM‹ŒŒÌÍNËŒÌŒÌŒŒMNŒ‚ŒMLËÌ‹ŒÌÌÎLŒÎMÍKLMLKŒLŒŒÍŒÌMNMMŒLBŒMMKŒLŽMMŽMN‹LMŒÎLNLŒÌŽMLMŽLMŒMMKLKŒLLMÍLÍ‹LLÍ‹ŒÌLMŽLMÍ‹ŒÌKŒLÌMNMÌMBŒMM‹LŒŒMÌÍL‹LL‹ŽMÍŒÌKÌÎMÌMBŒMMËLÌËŽLÎLNMËLLM‹ŒNLŽMLŽL‹ŒÌKŽÌŽMMÍBŒMNM‹NMLŒ‹LLŒÍMLMŒNKŒÌ‹ŒNLÌMÍÂŒMNKMMËLÎŽML‹NLKLÍNŒÌ‹MÍÍÎŒMŒMËŒŽLMLËMÍËÌÌÎLL‹ŒÌ‹ŽŒMÌNBŒMŒKMÍKŒÌLŒÍŽMLÍËMŒËŒLLÎŒLËŒÌËŒMNMÍÂŒMŒ‹NKŒÎLÍŽMËŽŒMŽŒÌËŒÍÌŽNLÍBŒMŒËN‹ŒŒÌŒŒŽLÌ‹ŒNLŒNLÍÎKŒÌËMLMÍ‚ŒMNŽMŒLMLLÌKLM‹ŒMÍÍMNÍÎËŒÌËLÎÂŒMKNKNÍKNÍÍBŒM‹NLŽM‹ŒŒŽÌNŽKNÌÍÌŒŽLÎŒMËNKÍÎLLŒMKÌ‹ŒŽNMMŒŒ‹NŒÌML‚ŒMŽNKŒŒŒLÍKŒLÍÎKNŒMÎM‚ŒMŽKMÍKŒLŒŒËŒÍÎLMÌ‹NŒNMÌNMLBŒMÌMËŒLŒÎL‹ÎŒMMMMÍŒKMËŽMÍLŽMÎBŒMÌKMMËMNLÍÍLKŽLMÎMÍŒM‹MËMMŒNMŒ‚ŒMÌ‹M‹ŒÌÍŒ‹LŽLŽMÌŽMËŒNNMBŒMÌËLÌËŽLÎLŽLM‹ŽLMÌŽMËM‹ŽŒBŒMÍLŒŒMNNŽLËÍŒMM‹MMÍMBŒMÍKLKŒŒÍMNLŽLKLÍËŒÍMŽNM‹M‹ŒLÎNŒMÍ‹KŒŽLLÎNMKMKŒLNM‹MKÌÍÌŒLŒBŒMÍËÌ‹ÍMÌÍŒŽKML‹N‹MKLÌLBŒMÎMŽNLÍŒÍLÍ‹MMËŽNNNÎKMKŒMNNLŒNŒMÎKÍ‹ŽMLÍÍL‹MŒKÍMËMŽMÍMÍŒMŽNMŒŽŒÌNKMŒËŒÍÍÎMÌ‹MŽNÌŒ‚ŒMŽKKŒMNNMLÌÌMŒÙKLMMŒÍNNLŒŒMMMŽŒBŒMŽ‹LNMŒŽŒÌNKMŒËŒÍÍÎMÌ‹MŽNÌŒ‚ŒMŽËLÍ‹ŽMLÍÍL‹MŒKÍMËMŽMÍMÍŒMŽMMŽNLÍŒÍLÍ‹MMËŽNNNÎKMKŒMNNLŒNŒMŽKMÌ‹ÍMÌÍŒŽKML‹N‹MKLÌLBŒMŽ‹NKŒŽLLÎNMKMKŒLNM‹MKÌÍÌŒLŒBŒMŽËLLKŒŒÍMNLŽLKLÍËŒÍMŽNM‹M‹ŒLÎNŒMŽLLŒŒMNNŽLËÍŒMM‹MMÍMBŒMŽKLLÌËŽLÎLŽLM‹ŽLMÌŽMËM‹ŽŒBŒMŽLLM‹ŒÌÍŒ‹LŽLŽMÌŽMËŒNNMBŒMŽLKLMMËMNLÍÍLKŽLMÎMÍŒM‹MËMMŒNMŒ‚ŒMŽL‹LMËŒLŒÎL‹ÎŒMMMMÍŒKMËŽMÍLŽMÎBŒMŽLËLMÍKŒLŒŒËŒÍÎLMÌ‹NŒNMÌNMLBŒMŽMLNKŒŒŒLÍKŒLÍÎKNŒMÎM‚ŒMŽMKLNKÍÎLLŒMKÌ‹ŒŽNMMŒŒ‹NŒÌML‚ŒMŽM‹LNLŽM‹ŒŒŽÌNŽKNÌÍÌŒŽLÎŒMŽMËLNKNÍKL‹ŽMMŒMÌŽLLKLL‹NÍÍBŒMŽNLNLŽLM‹ŒŒŽÌNŽKNÌÍÌŒŽLÎŒMŽNKLNKÍÎLLŒMKLÌ‹ŒŽNMMŒŒ‹NŒÌML‚ŒMÌLNKŒŒŒLÍKMŒLÍÎKNŒMÎM‚ŒMÌKLMÍKŒLŒMŒËŒÍÎLMÌ‹NŒNMÌNMLBŒMÌ‹LMËŒLŒÎL‹MÎŒMMMMÍŒKMËŽMÍLŽMÎBŒMÌËLMMËMNLÍÍNLKŽLMÎMÍŒM‹MËMMŒNMŒ‚ŒMÌLM‹ŒÌÍŒ‹LLŽLŽMÌŽMËŒNNMBŒMÌKLLÌËŽLÎLŽLLM‹ŽLMÌŽMËM‹ŽŒBŒMÌ‹LLŒŒMNNŽLLËÍŒMM‹MMÍMBŒMÌËLLKŒŒÍMNLŽLKLLÍËŒÍMŽNM‹M‹ŒLÎNŒMÌNKŒŽLLÎNMKLMKŒLNM‹MKÌÍÌŒLŒBŒMÌKMÌ‹ÍMÌÍŒŽKLML‹N‹MKLÌLBŒMÌLMMŽNLÍŒÍLÍ‹LMMËŽNNNÎKMKŒMNNLŒNŒMÌLKLÍ‹ŽMLÍÍL‹LMŒKÍMËMŽMÍMÍŒMÌL‹LNMŒŽŒÌNKLMŒËŒÍÍÎMÌ‹MŽNÌŒ‚ŒMÌLËLËÎMMNNYKLMLMŒÍNNLŒŒMMMŽŒBŒMÌMNMŒŽŒÌNKLMŒËŒÍÍÎMÌ‹MŽNÌŒ‚ŒMÌMKÍ‹ŽMLÍÍL‹LMŒKÍMËMŽMÍMÍŒMÌM‹MŽNLÍŒÍLÍ‹LMMËŽNNNÎKMKŒMNNLŒNŒMÌMËÌ‹ÍMÌÍŒŽKLML‹N‹MKLÌLBŒMÌNKŒŽLLÎNMKLMKŒLNM‹MKÌÍÌŒLŒBŒMÌNKLKŒŒÍMNLŽLKLLÍËŒÍMŽNM‹M‹ŒLÎNŒMÌŒLŒŒMNNŽLLËÍŒMM‹MMÍMBŒMÌŒKLÌËŽLÎLŽLLM‹ŽLMÌŽMËM‹ŽŒBŒMÌŒ‹M‹ŒÌÍŒ‹LLŽLŽMÌŽMËŒNNMBŒMÌŒËMMËMNLÍÍNLKŽLMÎMÍŒM‹MËMMŒNMŒ‚ŒMÌMËŒLŒÎL‹MÎŒMMMMÍŒKMËŽMÍLŽMÎBŒMÌKMÍKŒLŒMŒËŒÍÎLMÌ‹NŒNMÌNMLBŒMÌ‹NKŒŒŒLÍKMŒLÍÎKNŒMÎM‚ŒMÌËNKÍÎLLŒMKLÌ‹ŒŽNMMŒŒ‹NŒÌML‚ŒMÌŽNLŽLM‹ŒŒŽÌNŽKNÌÍÌŒŽLÎ‚OOOOH™YÚ[›š[™È[YHÝ\ÎHˆŽMÍHOOOOB‚‚”™Y›Ü›Z[™ÈÝY™›™\ÜÈX]š^ˆ™Y›Ü›X][ÛˆÌB‚ˆBˆ›Û›[™X\ˆÛÛ][ÛˆÝ]\Îˆ[YOHŽMÍB‚\ÝY™›™\ÜÈ\]\ÈH‚\šYÚ[™ÚYH]˜[X][ÛœÈH‚‚\ÝY™›™\ÜÈX]š^™Y›Ü›X][ÛœÈHB‚\Ý\œ›ÛH[™HÙX\˜ÚHKŒ‚XÛÛ™\™Ù[˜ÙH›Ü›\ÈˆS’UPSÕT”‘S•‘TURT‘Q‚H™\ÚYX[KŒÍMÙJÌËÍŒÎ™KLˆKŒÍMÙJÌH‚H[™\™ÞH‹ŽÌLÍÙJÌˆKNMKLÈ‹ŽÌLÍÙKLˆ‚H\ÜXÙ[Y[KŒLNLŒÌJÌÈKŒLNLŒÌJÌÈÍŽLNKLHˆ‚ˆ›Û›[™X\ˆÛÛ][ÛˆÝ]\Îˆ[YOHŽMÍB‚\ÝY™›™\ÜÈ\]\ÈHB‚\šYÚ[™ÚYH]˜[X][ÛœÈHÂ‚\ÝY™›™\ÜÈX]š^™Y›Ü›X][ÛœÈHB‚\Ý\œ›ÛH[™HÙX\˜ÚHKŒ‚XÛÛ™\™Ù[˜ÙH›Ü›\ÈˆS’UPSÕT”‘S•‘TURT‘Q‚H™\ÚYX[KŒÍMÙJÌKLÌŒKLKŒÍMÙJÌH‚H[™\™ÞH‹ŽÌLÍÙJÌˆKÌMÌÙKLH‹ŽÌLÍÙKLˆ‚H\ÜXÙ[Y[KŒLNLŒÌJÌÈ‹LLŒŽMKLHŒÎLÎKLH‚˜ÛÛ™\™Ù[˜ÙHÝ[[X\žBˆ[X™\ˆÙˆ]\˜][ÛœÈˆ‚ˆ[X™\ˆÙˆ™Y›Ü›X][ÛœÈˆB‚‹KKKKKKHÛÛ™\™ÙY][YHˆŽMÍB‚‚‘]H™XÛÜ™ÌBOOOOOOOOOOOOOOOOOOOOOOOOOOOOOOOOOOOOOOOOOOOOOOOOOOOOOOOOOOOOOOOOOOOOOOOOOOB”Ý\HÎB•[YHHŽMÍB‘]HHÚ\Ùš[˜[ØÛÛÜ™[˜]\ÂŒKŒKŒÎMLÍMKLMMMLYKLMŒÍÍŒÌLLÌBŒ‹ŒŒŽMMŽLÌÍËM‹ŒMŽMÎÎKŒŒNÍLÍMÂŒËNM‹ŽLŒÌÎLÎÌ‹ŒÌÌLŒŽMŽËŽMÍMMÌLÌ‚NLKÍLLŒÍÍÍËÍÌLŽKËŽLLŒLLBKNËŽLŽLMŽLÍ‹Œ‹ŒLŒÌLŒŽLËŽMŽÍB‹MÍMNMMÍKŽLLLŒÌËËŽLÍŽMÂËMŒËLŒLMŒÎMMŒLÍM‹ËMMLNMNŒŽMLŽNLNNMÌNLŒŽÍÌËËMÍÎÂŽKLÍËŒMŽNÌMÎKLLŒÍÍÍMŒÍËŒÎŽLMŒLÍÍŒLLŒ‹ŒŒÎLÎMÍÍËLNKLÍMMÎKËŒMŒŒÎÍÂŒLKL‹ŒÍÎLMÍLKLËŒNMNLNNŒKËŒNÍBŒL‹KÍLMÎLMMMŽKLÌËÌNMÌLK‹ŽLLŒLÎNBŒLËÌ‹LÍÌŽ‹LÎKŒÌŒLŽK‹ŽLŒLŒ‚ŒMMÎMMNNNKMËŒLLMÌŒLN‹ÌÌÍŒŽMÌŒÎBŒMKÍ‹ÌLÎLÍLKM‹ŒLŒÌÌLŒK‹ÍÍLNÍBŒM‹NLÍLŒ‹MËÍMÌŒK‹ÌŒÌMŒMÂŒMËL‹ŽÌŽÌŽNMMKLMMŒÌŒNÌLË‹ŒÌMÍMLŒMÂŒNLNLÍLŒ‹MËÍMÌŒK‹ÌŒÌMŒMÂŒNKLÍ‹ÌLÎLÍLKM‹ŒLŒÌÌLŒK‹ÍÍLNÍBŒŒMMÎMMNNNKMËŒLLMÌŒLN‹ÌÌÍŒŽMÌŒÎBŒŒKMÌ‹LÍÌŽ‹LÎKŒÌŒLŽK‹ŽLŒLŒ‚ŒŒ‹NKÍLMÎLMMMŽKLÌËÌNMÌLK‹ŽLLŒLÎNBŒŒËLL‹ŒÍÎLMÍLKLËŒNMNLNNŒKËŒNÍBŒLLŒ‹ŒŒÎLÎMÍÍËLNKLÍMMÎKËŒMŒŒÎÍÂŒKLLÍËŒMŽNÌMÎKLLŒÍÍÍMŒÍËŒÎŽLMŒLÍÍŒ‹LMLŽNLNNMÌNLŒŽÍÌËËMÍÎÂŒËLMŒËLŒLMŒÎMMŒLÍM‹ËMMLNMNŒŒŽLMÍMNMMÍKŽLLLŒÌËËŽLÍŽMÂŒŽKLNËŽLŽLMŽLÍ‹Œ‹ŒLŒÌLŒŽLËŽMŽÍBŒÌLNLKÍLLŒÍÍÍËÍÌLŽKËŽLLŒLLBŒÌKLNM‹ŽLŒÌÎLÎÌ‹ŒÌÌLŒŽMŽËŽMÍMMÌLÌ‚ŒÌ‹LŒŒŽMMŽLÌÍËM‹ŒMŽMÎÎKŒŒNÍLÍMÂŒÌËLŒKŒÎMLÍMKLËÍÍLŽNMYKLMŒÍÍŒÌLLÌBŒÍLŒŒŽMMŽLÌÍËLM‹ŒMŽMÎÎKŒŒNÍLÍMÂŒÍKLNM‹ŽLŒÌÎLÎLÌ‹ŒÌÌLŒŽMŽËŽMÍMMÌLÌ‚ŒÍ‹LNLKÍLLŒÍÍÍMËÍÌLŽKËŽLLŒLLBŒÍËLNËŽLŽLMŽLÍ‹MŒ‹ŒLŒÌLŒŽLËŽMŽÍBŒÎLMÍMNMMMÍKŽLLLŒÌËËŽLÍŽMÂŒÎKLMŒËLŒLMŒÎMNMŒLÍM‹ËMMLNMNŒLMLŽNLNNMÌNLLŒŽÍÌËËMÍÎÂKLLÍËŒMŽNÌMÎKLLLŒÍÍÍMŒÍËŒÎŽLMŒLÍÍ‹LLŒ‹ŒŒÎLÎMÍÍËLLNKLÍMMÎKËŒMŒŒÎÍÂËLL‹ŒÍÎLMÍLKLLËŒNMNLNNŒKËŒNÍBNKÍLMÎLMMMŽKLLÌËÌNMÌLK‹ŽLLŒLÎNBKMÌ‹LÍÌŽ‹LLÎKŒÌŒLŽK‹ŽLŒLŒ‚‹MMÎMMNNNKLMËŒLLMÌŒLN‹ÌÌÍŒŽMÌŒÎBËLÍ‹ÌLÎLÍLKLM‹ŒLŒÌÌLŒK‹ÍÍLNÍBLNLÍLŒ‹LMËÍMÌŒK‹ÌŒÌMŒMÂK‹ŒNLÌÌÍÌLYKLLËLMŒÌŒNÌLË‹ŒÌMÍMLŒMÂLNLÍLŒ‹LMËÍMÌŒK‹ÌŒÌMŒMÂLKÍ‹ÌLÎLÍLKLM‹ŒLŒÌÌLŒK‹ÍÍLNÍBL‹MÎMMNNNKLMËŒLLMÌŒLN‹ÌÌÍŒŽMÌŒÎBLËÌ‹LÍÌŽ‹LLÎKŒÌŒLŽK‹ŽLŒLŒ‚MKÍLMÎLMMMŽKLLÌËÌNMÌLK‹ŽLLŒLÎNBMKL‹ŒÍÎLMÍLKLLËŒNMNLNNŒKËŒNÍBM‹LŒ‹ŒŒÎLÎMÍÍËLLNKLÍMMÎKËŒMŒŒÎÍÂMËLÍËŒMŽNÌMÎKLLLŒÍÍÍMŒÍËŒÎŽLMŒLÍÍNMLŽNLNNMÌNLLŒŽÍÌËËMÍÎÂNKMŒËLŒLMŒÎMNMŒLÍM‹ËMMLNMNŒŒMÍMNMMMÍKŽLLLŒÌËËŽLÍŽMÂŒKNËŽLŽLMŽLÍ‹MŒ‹ŒLŒÌLŒŽLËŽMŽÍBŒ‹NLKÍLLŒÍÍÍMËÍÌLŽKËŽLLŒLLBŒËNM‹ŽLŒÌÎLÎLÌ‹ŒÌÌLŒŽMŽËŽMÍMMÌLÌ‚ŒŒŽMMŽLÌÍËLM‹ŒMŽMÎÎKŒŒNÍLÍMÂKŒKŒLŒÌMKŒÍÎMLNLNLYKLMÌËŒÍÍLMMÍ‚‹NNKŽLÌÌŒLËM‹ŒMŽŒÍŽLÌËÌËŒŒMÍÎLLÌŒ‚ËNM‹ŒMÍLŒLKÌ‹ŒÍMŒLLÍÎLKÌ‹ŽMÍMLLLBŽNLKŒLÎLŒKËÍŒÌŒÍKÌ‹ŽLLLÌÎŽKNËŽÌMŒ‹ŒMLMÌŒÎMËÌ‹ŽMMNŽÌMÍŒÍLMNÍKŽLMÍÍËÌ‹ŽLŒÎMLÌÂÌKMŒËŒÌÍÌMÍÍKŒÌÍÌÍNÍÌKÌ‹MMMMLÌ‹MLŽÌÍÍ‹LŒNNLŒKÌ‹MŒŒBÌËLÍËŒŒMMŽKLLMMÍMÌ‹Ì‹ŒÍÌÍÌÌ‚ÍLŒ‹ŒMŒKLNKŒŽÌËÌ‹ŒMNNNLMMBÍKL‹ŒÌŽŽNŒLËÍÎÌ‹ŒMMŒÎMMŒNÍ‹KÌŒMÌLLÍŒNLLËÌKŽLŒÌMÌŽBÍËÌ‹LLM‹LÎKMÌLŒÍM‹ÌKŽMŒÍ‚ÎMÍÎLLÎMËLÍŽMKÌKÌÍMÍÌÌBÎKÍ‹ÌLLÌMŒ‹M‹MŽÌÌKÌŒŒLMŒ‚ŽNLŽLÍŒÌ‹MŒŒŽMMŒKÌKŒÍNMMŒNMŽKLËŽLNMKLMMÎLÌÍÌKŒÌÌMŒŒŽBŽ‹LNLŽLÍŒÌ‹MŒŒŽMMŒKÌKŒÍNMMŒNMŽËLÍ‹ÌLLÌMŒ‹M‹MŽÌÌKÌŒŒLMŒ‚ŽMMÍÎLLÎMËLÍŽMKÌKÌÍMÍÌÌBŽKMÌ‹LLM‹LÎKMÌLŒÍM‹ÌKŽMŒÍ‚Ž‹NKÌŒMÌLLÍŒNLLËÌKŽLŒÌMÌŽBŽËLL‹ŒÌŽŽNŒLËÍÎÌ‹ŒMMŒÎMMŒNŽLLŒ‹ŒMŒKLNKŒŽÌËÌ‹ŒMNNNLMMBŽKLLÍËŒŒMMŽKLLMMÍMÌ‹Ì‹ŒÍÌÍÌÌ‚ŽLLMLŽÌÍÍ‹LŒNNLŒKÌ‹MŒŒBŽLKLMŒËŒÌÍÌMÍÍKŒÌÍÌÍNÍÌKÌ‹MMMMLŽL‹LMÍŒÍLMNÍKŽLMÍÍËÌ‹ŽLŒÎMLÌÂŽLËLNËŽÌMŒ‹ŒMLMÌŒÎMËÌ‹ŽMMNŽŽMLNLKŒLÎLŒKËÍŒÌŒÍKÌ‹ŽLLLÌÎŽMKLNM‹ŒMÍLŒLKÌ‹ŒÍMŒLLÍÎLKÌ‹ŽMÍMLLLBŽM‹LNNKŽLÌÌŒLËM‹ŒMŽŒÍŽLÌËÌËŒŒMÍÎLLÌŒ‚ŽMËLŒKŒLŒÌMKMŽLLÎNMÙKLMÌËŒÍÍLMMÍ‚ŽNLNNKŽLÌÌŒLËLM‹ŒMŽŒÍŽLÌËÌËŒŒMÍÎLLÌŒ‚ŽNKLNM‹ŒMÍLŒLKLÌ‹ŒÍMŒLLÍÎLKÌ‹ŽMÍMLLLBŒLLNLKŒLÎLŒKMËÍŒÌŒÍKÌ‹ŽLLLÌÎŒLKLNËŽÌMMŒ‹ŒMLMÌŒÎMËÌ‹ŽMMNŽŒL‹LMÍŒÍLMNMÍKŽLMÍÍËÌ‹ŽLŒÎMLÌÂŒLËLMŒËŒÌÍÌMÍÍKNŒÌÍÌÍNÍÌKÌ‹MMMMLŒLLMLŽÌÍÍ‹LLŒNNLŒKÌ‹MŒŒBŒLKLLÍËŒŒMMŽKLLLMMÍMÌ‹Ì‹ŒÍÌÍÌÌ‚ŒL‹LLŒ‹ŒMŒKLLNKŒŽÌËÌ‹ŒMNNNLMMBŒLËLL‹ŒÌŽŽNŒLLËÍÎÌ‹ŒMMŒÎMMŒNŒLNKÌŒMÌLLLÍŒNLLËÌKŽLŒÌMÌŽBŒLKMÌ‹LLM‹LLÎKMÌLŒÍM‹ÌKŽMŒÍ‚ŒLLMMÍÎLLÎLMËLÍŽMKÌKÌÍMÍÌÌBŒLLKLÍ‹ÌLLÌMŒ‹LM‹MŽÌÌKÌŒŒLMŒ‚ŒLL‹LNLŽLÍŒÌ‹LMŒŒŽMMŒKÌKŒÍNMMŒNMŒLLË‹ŒÍÌMLNLL™KLLËLMÎLÌÍÌKŒÌÌMŒŒŽBŒLMNLŽLÍŒÌ‹LMŒŒŽMMŒKÌKŒÍNMMŒNMŒLMKÍ‹ÌLLÌMŒ‹LM‹MŽÌÌKÌŒŒLMŒ‚ŒLM‹MÍÎLLÎLMËLÍŽMKÌKÌÍMÍÌÌBŒLMËÌ‹LLM‹LLÎKMÌLŒÍM‹ÌKŽMŒÍ‚ŒLNKÌŒMÌLLLÍŒNLLËÌKŽLŒÌMÌŽBŒLNKL‹ŒÌŽŽNŒLLËÍÎÌ‹ŒMMŒÎMMŒNŒLŒLŒ‹ŒMŒKLLNKŒŽÌËÌ‹ŒMNNNLMMBŒLŒKLÍËŒŒMMŽKLLLMMÍMÌ‹Ì‹ŒÍÌÍÌÌ‚ŒLŒ‹MLŽÌÍÍ‹LLŒNNLŒKÌ‹MŒŒBŒLŒËMŒËŒÌÍÌMÍÍKNŒÌÍÌÍNÍÌKÌ‹MMMMLŒLMÍŒÍLMNMÍKŽLMÍÍËÌ‹ŽLŒÎMLÌÂŒLKNËŽÌMMŒ‹ŒMLMÌŒÎMËÌ‹ŽMMNŽŒL‹NLKŒLÎLŒKMËÍŒÌŒÍKÌ‹ŽLLLÌÎŒLËNM‹ŒMÍLŒLKLÌ‹ŒÍMŒLLÍÎLKÌ‹ŽMÍMLLLBŒLŽNNKŽLÌÌŒLËLM‹ŒMŽŒÍŽLÌËÌËŒŒMÍÎLLÌŒ‚ŒLŽKŒÌLÌÌÌ‹ËŒMÍÍÌL™KLMNŒÎÍMŽŒLÌNNKNMŒŽMÍ‹M‹ŒMÎLŽLŽKNŒŒŒÌL‚ŒLÌKNM‹ŒŽÍMÌŒÌ‹Ì‹ŒÎMMKMËŽMÍNNLÌÌ‚ŒLÌ‹NLŽÍŽLÍŽM‹ËÌŽMŽŒËMËŽLMŒLÍÌÍŽBŒLÌËNËŽMŒŒËŒ‹ŒMÎLŽËMËŽÌLMŽMBŒLÍMÍŒLNNÌŒÎNKÍKŽMŽMÌÎLŽÎKMËŽMLLÍLLÂŒLÍKMŒËŒMMŒŽŽKÌNNŒŒÍËMËMMLŒŒÂŒLÍ‹MLÌMÌŽMLKLŒÌMÌMÍ‹MËMŒLLÍBŒLÍËLÍ‹ŽMMÎNNKLLÌŒŽMNLKMËŒÍNNLŒŒNNBŒLÎLŒ‹ŒNNÌLKLNKŽŽÍLÎLËMËŒLÎNŒŒÎBŒLÎKL‹ŒÎMÎLËLËÍMMÍMM‹MËŒLMÌÌBŒMKŽLŒŒÌÍÌÌKLÍŒÎMMMËM‹ŽNLLLNBŒMKÌ‹ÍŒÍÍLÎKÍÍLÍÍÎKM‹ŽMÌÌÎBŒM‹MÍÌŒÍ‹MËŽLÎNŽKM‹ÌŒLÍŽÌŒMËÍ‹ÌMÍMÌKM‹ŽMŒŽMKM‹ŒÍÌMÍMÂŒMNLŽLLŽNËMŒÎLMÌNKM‹ŒŽNLŽŒBŒMKMŽMÍÎÎNM™KLMMKŒLŒM‹M‹ŒMÎMÍÂŒM‹LNLŽLLŽNËMŒÎLMÌNKM‹ŒŽNLŽŒBŒMËLÍ‹ÌMÍMÌKM‹ŽMŒŽMKM‹ŒÍÌMÍMÂŒMMMÍÌŒÍ‹MËŽLÎNŽKM‹ÌŒLÍŽÌŒMKMÌ‹ÍŒÍÍLÎKÍÍLÍÍÎKM‹ŽMÌÌÎBŒMLNKŽLŒŒÌÍÌÌKLÍŒÎMMMËM‹ŽNLLLNBŒMLKLL‹ŒÎMÎLËLËÍMMÍMM‹MËŒLMÌÌBŒML‹LLŒ‹ŒNNÌLKLNKŽŽÍLÎLËMËŒLÎNŒŒÎBŒMLËLLÍ‹ŽMMÎNNKLLÌŒŽMNLKMËŒÍNNLŒŒNNBŒMMLMLÌMÌŽMLKLŒÌMÌMÍ‹MËMŒLLÍBŒMMKLMŒËŒMMŒŽŽKÌNNŒŒÍËMËMMLŒŒÂŒMM‹LMÍŒLNNÌŒÎNKÍKŽMŽMÌÎLŽÎKMËŽMLLÍLLÂŒMMËLNËŽMŒŒËŒ‹ŒMÎLŽËMËŽÌLMŽMBŒMNLNLŽÍŽLÍŽM‹ËÌŽMŽŒËMËŽLMŒLÍÌÍŽBŒMNKLNM‹ŒŽÍMÌŒÌ‹Ì‹ŒÎMMKMËŽMÍNNLÌÌ‚ŒMŒLNNKNMŒŽMÍ‹M‹ŒMÎLŽLŽKNŒŒŒÌL‚ŒMŒKLŒÌLÌÌÌ‹MKŽMÌŽÍÙKLMNŒÎÍMŽŒMŒ‹LNNKNMŒŽMÍ‹LM‹ŒMÎLŽLŽKNŒŒŒÌL‚ŒMŒËLNM‹ŒŽÍMÌŒÌ‹LÌ‹ŒÎMMKMËŽMÍNNLÌÌ‚ŒMLNLŽÍŽLÍŽM‹MËÌŽMŽŒËMËŽLMŒLÍÌÍŽBŒMKLNËŽMŒŒËMŒ‹ŒMÎLŽËMËŽÌLMŽMBŒM‹LMÍŒLNNÌŒÎNKMÍKŽMŽMÌÎLŽÎKMËŽMLLÍLLÂŒMËLMŒËŒMMŒŽŽKNÌNNŒŒÍËMËMMLŒŒÂŒMŽLMLÌMÌŽMLKLLŒÌMÌMÍ‹MËMŒLLÍBŒMŽKLLÍ‹ŽMMÎNNKLLLÌŒŽMNLKMËŒÍNNLŒŒNNBŒMÌLLŒ‹ŒNNÌLKLLNKŽŽÍLÎLËMËŒLÎNŒŒÎBŒMÌKLL‹ŒÎMÎLËLLËÍMMÍMM‹MËŒLMÌÌBŒMÌ‹NKŽLŒŒÌÍÌÌKLLÍŒÎMMMËM‹ŽNLLLNBŒMÌËMÌ‹ÍŒÍÍLLÎKÍÍLÍÍÎKM‹ŽMÌÌÎBŒMÍMMÍÌŒÍ‹LMËŽLÎNŽKM‹ÌŒLÍŽÌŒMÍKLÍ‹ÌMÍMÌKLM‹ŽMŒŽMKM‹ŒÍÌMÍMÂŒMÍ‹LNLŽLLŽNËLMŒÎLMÌNKM‹ŒŽNLŽŒBŒMÍËKŽLLÌŒŒŒÌKLLËLMKŒLŒM‹M‹ŒMÎMÍÂŒMÎNLŽLLŽNËLMŒÎLMÌNKM‹ŒŽNLŽŒBŒMÎKÍ‹ÌMÍMÌKLM‹ŽMŒŽMKM‹ŒÍÌMÍMÂŒNMÍÌŒÍ‹LMËŽLÎNŽKM‹ÌŒLÍŽÌŒNKÌ‹ÍŒÍÍLLÎKÍÍLÍÍÎKM‹ŽMÌÌÎBŒN‹KŽLŒŒÌÍÌÌKLLÍŒÎMMMËM‹ŽNLLLNBŒNËL‹ŒÎMÎLËLLËÍMMÍMM‹MËŒLMÌÌBŒNLŒ‹ŒNNÌLKLLNKŽŽÍLÎLËMËŒLÎNŒŒÎBŒNKLÍ‹ŽMMÎNNKLLLÌŒŽMNLKMËŒÍNNLŒŒNNBŒN‹MLÌMÌŽMLKLLŒÌMÌMÍ‹MËMŒLLÍBŒNËMŒËŒMMŒŽŽKNÌNNŒŒÍËMËMMLŒŒÂŒNMÍŒLNNÌŒÎNKMÍKŽMŽMÌÎLŽÎKMËŽMLLÍLLÂŒNKNËŽMŒŒËMŒ‹ŒMÎLŽËMËŽÌLMŽMBŒNLNLŽÍŽLÍŽM‹MËÌŽMŽŒËMËŽLMŒLÍÌÍŽBŒNLKNM‹ŒŽÍMÌŒÌ‹LÌ‹ŒÎMMKMËŽMÍNNLÌÌ‚ŒNL‹NNKNMŒŽMÍ‹LM‹ŒMÎLŽLŽKNŒŒŒÌL‚ŒNLËŒŒÍÌÎŒŽËŒÎMŒLŒÌ™KLMËŒÎMŽÌÎBŒNMNNKŒÎLNM‹ŒMÍMLÌÌËËŒŒÎMÎBŒNMKNMKŽMÌM‹Ì‹ŒÍÌŒÍÎNK‹ŽMÍÍN‚ŒNM‹NLMŒLLËËMÍÌMÌMÍÌË‹ŽLÌMÌMÂŒNMËNËŒMMLNMÎŒ‹ŒŒÍNLÌ‹‹ŽÎLMLMÂŒNNMÌËŽLŽÎŽKÍ‹ŒŒMÎÌK‹ŽÌÎBŒNNKMŒ‹ŽMÎLŒÎŽŽÍÍ‹MMLŒLÍŽL‚ŒŒMLMŒÌ‹LLLMÍŒ‹‹MMÍMŽŒŒKLÍ‹ŽLLÌŒNLLŽLŽLÌÌŒK‹ŒÍMÍÎBŒŒ‹LŒ‹ŒMNMÍMKLŒŒLMLË‹ŒLÍÍŒLŒŒ‚ŒŒËL‹ŒŒÌŽLŒÍ‹LŽŒŽLÎMLŒ‹‹ŒLLŒNBŒŒKLLŒLÍÌMLLKKŽLÍLNMLŽŒŒKÌ‹ŒÌÎŒMMŒMNMÍLËKÎMŽÌMŒÂŒŒ‹MÍŽŒŽMMLËMŒÍÌNL‹KÌMŒLMÍŽŒŒËÍ‹ÌLŒÍMÎKMËŒÌŽLLMŽKKMŒMMMÍÎŒŒNLÌŒÎÌMMKŒLMÍLN‹KŒŒLÍMÌLÂŒŒKM‹ŒÌLÍŽNYKLMMKÌÍÍÍKKŒMŒBŒŒLLNLÌŒÎÌMMKŒLMÍLN‹KŒŒLÍMÌLÂŒŒLKLÍ‹ÌLŒÍMÎKMËŒÌŽLLMŽKKMŒMMMÍÎŒŒL‹MMÍŽŒŽMMLËMŒÍÌNL‹KÌMŒLMÍŽŒŒLËMÌ‹ŒÌÎŒMMŒMNMÍLËKÎMŽÌMŒÂŒŒMNKLLŒLÍÌMLLKKŽLÍLNMLŽŒŒMKLL‹ŒŒÌŽLŒÍ‹LŽŒŽLÎMLŒ‹‹ŒLLŒNBŒŒM‹LLŒ‹ŒMNMÍMKLŒŒLMLË‹ŒLÍÍŒLŒŒ‚ŒŒMËLLÍ‹ŽLLÌŒNLLŽLŽLÌÌŒK‹ŒÍMÍÎBŒŒNLMLMŒÌ‹LLLMÍŒ‹‹MMÍMŽŒŒNKLMŒ‹ŽMÎLŒÎŽŽÍÍ‹MMLŒLÍŽL‚ŒŒŒLMÌËŽLŽÎŽKÍ‹ŒŒMÎÌK‹ŽÌÎBŒŒŒKLNËŒMMLNMÎŒ‹ŒŒÍNLÌ‹‹ŽÎLMLMÂŒŒŒ‹LNLMŒLLËËMÍÌMÌMÍÌË‹ŽLÌMÌMÂŒŒŒËLNMKŽMÌM‹Ì‹ŒÍÌŒÍÎNK‹ŽMÍÍN‚ŒŒLNNKŒÎLNM‹ŒMÍMLÌÌËËŒŒÎMÎBŒŒKLŒŒÍÌÎŒŽMËŒNÌÍŽMYKLMËŒÎMŽÌÎBŒŒ‹LNNKŒÎLNLM‹ŒMÍMLÌÌËËŒŒÎMÎBŒŒËLNMKŽMÌM‹LÌ‹ŒÍÌŒÍÎNK‹ŽMÍÍN‚ŒŒŽLNLMŒLLËMËMÍÌMÌMÍÌË‹ŽLÌMÌMÂŒŒŽKLNËŒMMLNMÎMŒ‹ŒŒÍNLÌ‹‹ŽÎLMLMÂŒŒÌLMÌËŽLŽÎŽKMÍ‹ŒŒMÎÌK‹ŽÌÎBŒŒÌKLMŒ‹ŽMÎLŒÎNŽŽÍÍ‹MMLŒLÍŽL‚ŒŒÌ‹LMLMŒÌ‹LLLLMÍŒ‹‹MMÍMŽŒŒÌËLLÍ‹ŽLLÌŒNLLLŽLŽLÌÌŒK‹ŒÍMÍÎBŒŒÍLLŒ‹ŒMNMÍMKLLŒŒLMLË‹ŒLÍÍŒLŒŒ‚ŒŒÍKLL‹ŒŒÌŽLŒÍ‹LLŽŒŽLÎMLŒ‹‹ŒLLŒNBŒŒÍ‹NKLLŒLLÍÌMLLKKŽLÍLNMLŽŒŒÍËMÌ‹ŒÌÎŒMLMŒMNMÍLËKÎMŽÌMŒÂŒŒÎMMÍŽŒŽMMLËLMŒÍÌNL‹KÌMŒLMÍŽŒŒÎKLÍ‹ÌLŒÍMÎKLMËŒÌŽLLMŽKKMŒMMMÍÎŒLNLÌŒÎÌMLMKŒLMÍLN‹KŒŒLÍMÌLÂŒKKŽNMŒÍÌ™KLLËLMKÌÍÍÍKKŒMŒBŒ‹NLÌŒÎÌMLMKŒLMÍLN‹KŒŒLÍMÌLÂŒËÍ‹ÌLŒÍMÎKLMËŒÌŽLLMŽKKMŒMMMÍÎŒMÍŽŒŽMMLËLMŒÍÌNL‹KÌMŒLMÍŽŒKÌ‹ŒÌÎŒMLMŒMNMÍLËKÎMŽÌMŒÂŒ‹KLLŒLLÍÌMLLKKŽLÍLNMLŽŒËL‹ŒŒÌŽLŒÍ‹LLŽŒŽLÎMLŒ‹‹ŒLLŒNBŒLŒ‹ŒMNMÍMKLLŒŒLMLË‹ŒLÍÍŒLŒŒ‚ŒKLÍ‹ŽLLÌŒNLLLŽLŽLÌÌŒK‹ŒÍMÍÎBŒLMLMŒÌ‹LLLLMÍŒ‹‹MMÍMŽŒLKMŒ‹ŽMÎLŒÎNŽŽÍÍ‹MMLŒLÍŽL‚ŒL‹MÌËŽLŽÎŽKMÍ‹ŒŒMÎÌK‹ŽÌÎBŒLËNËŒMMLNMÎMŒ‹ŒŒÍNLÌ‹‹ŽÎLMLMÂŒMNLMŒLLËMËMÍÌMÌMÍÌË‹ŽLÌMÌMÂŒMKNMKŽMÌM‹LÌ‹ŒÍÌŒÍÎNK‹ŽMÍÍN‚ŒM‹NNKŒÎLNLM‹ŒMÍMLÌÌËËŒŒÎMÎBŒMËŒŒMMLÍMËËŒNŒMMŒKLMLŒŽNÌBŒNNNŽLÎMÎNËM‹ŒMÌLŒLMKLŒÌŒM‚ŒNKNMKNNMŒNÌ‹ŒMŽM‹LËŽNŽML‚ŒŒNLŒÍMÍŒŒ‹ËLÎLNMÎL‹LËŽLNMÍÌÂŒŒKN‹ŽLŒMÍŒMMŒ‹ŒŒÌMÍMLÍËLËŽŽÌŒBŒŒ‹MÌËŽMMMNÍ‹ŒÌLLLLMËLËŽŽNN‚ŒŒËMŒ‹ŽÌŽLLKŽÌLŒMŒMLËMMNNŒLÂŒMLŽNLŒL‹LMÍMŽMMKLËMNŒÎŒKLÍ‹ÍLÎLLËLLKŒŒŒNËLËŒÌÍÌÌNÂŒ‹LŒKŽMÌÍÌ‹LŒŒÌMŽMÌKLËŒLÍLMŒÌÂŒËL‹ŒNÌMMLÌËLŽŒŽNÍÎLÎKLËŒLŒŽNL‚ŒŽKŒÎLLÍNLÍKŒÍLL‹L‹ŽŒŽMŒÎŒŽKÌ‹NÍÎN‹MLKL‹ÎÍÎMMBŒÌMÍŒŒLÌLËMÍŒÌŒ‹L‹ÌŽLÌŽŒÌKÍ‹ÌÎKMËÍMŒÌLMËL‹ÍŒÍŒÍBŒÌ‹NLÍŽLÌÎNËMKMNLŒŒÍŒŽKL‹ŒLLŒNMÍŒÌËMËLÍNŽÌÎÎYKLMMLŒMNLŒŒÌŒÍL‹NNLMÌLÌÂŒÍLNLÍŽLÌÎNËMKMNLŒŒÍŒŽKL‹ŒLLŒNMÍŒÍKLÍ‹ÌÎKMËÍMŒÌLMËL‹ÍŒÍŒÍBŒÍ‹MMÍŒŒLÌLËMÍŒÌŒ‹L‹ÌŽLÌŽŒÍËMÌ‹NÍÎN‹MLKL‹ÎÍÎMMBŒÎNKŒÎLLÍNLÍKŒÍLL‹L‹ŽŒŽMŒÎŒÎKLL‹ŒNÌMMLÌËLŽŒŽNÍÎLÎKLËŒLŒŽNL‚ŒŽLLŒKŽMÌÍÌ‹LŒŒÌMŽMÌKLËŒLÍLMŒÌÂŒŽKLLÍ‹ÍLÎLLËLLKŒŒŒNËLËŒÌÍÌÌNÂŒŽ‹LMLŽNLŒL‹LMÍMŽMMKLËMNŒÎŒŽËLMŒ‹ŽÌŽLLKŽÌLŒMŒMLËMMNNŒLÂŒŽLMÌËŽMMMNÍ‹ŒÌLLLLMËLËŽŽNN‚ŒŽKLN‹ŽLŒMÍŒMMŒ‹ŒŒÌMÍMLÍËLËŽŽÌŒBŒŽ‹LNLŒÍMÍŒŒ‹ËLÎLNMÎL‹LËŽLNMÍÌÂŒŽËLNMKNNMŒNÌ‹ŒMŽM‹LËŽNŽML‚ŒŽLNNŽLÎMÎNËM‹ŒMÌLŒLMKLŒÌŒM‚ŒŽKLŒŒMMLÍMËMËÌMMLŒYKLMLŒŽNÌBŒŽLLNNŽLÎMÎNËLM‹ŒMÌLŒLMKLŒÌŒM‚ŒŽLKLNMKNNMŒNLÌ‹ŒMŽM‹LËŽNŽML‚ŒŽL‹LNLŒÍMÍŒŒ‹MËLÎLNMÎL‹LËŽLNMÍÌÂŒŽLËLN‹ŽLŒMÍŒMMMŒ‹ŒŒÌMÍMLÍËLËŽŽÌŒBŒŽMLMÌËŽMMMNMÍ‹ŒÌLLLLMËLËŽŽNN‚ŒŽMKLMŒ‹ŽÌŽLLKNŽÌLŒMŒMLËMMNNŒLÂŒŽM‹LMLŽNLŒL‹LLMÍMŽMMKLËMNŒÎŒŽMËLLÍ‹ÍLÎLLËLLLKŒŒŒNËLËŒÌÍÌÌNÂŒŽNLLŒKŽMÌÍÌ‹LLŒŒÌMŽMÌKLËŒLÍLMŒÌÂŒŽNKLL‹ŒNÌMMLÌËLLŽŒŽNÍÎLÎKLËŒLŒŽNL‚ŒÌNKŒÎLLÍNLLÍKŒÍLL‹L‹ŽŒŽMŒÎŒÌKMÌ‹NÍÎN‹LMLKL‹ÎÍÎMMBŒÌ‹MMÍŒŒLÌLËLMÍŒÌŒ‹L‹ÌŽLÌŽŒÌËLÍ‹ÌÎKLMËÍMŒÌLMËL‹ÍŒÍŒÍBŒÌLNLÍŽLÌÎNËLMKMNLŒŒÍŒŽKL‹ŒLLŒNMÍŒÌKKMLŽÌÎNMYKLLËLMLŒMNLŒŒÌŒÍL‹NNLMÌLÌÂŒÌ‹NLÍŽLÌÎNËLMKMNLŒŒÍŒŽKL‹ŒLLŒNMÍŒÌËÍ‹ÌÎKLMËÍMŒÌLMËL‹ÍŒÍŒÍBŒÌMÍŒŒLÌLËLMÍŒÌŒ‹L‹ÌŽLÌŽŒÌKÌ‹NÍÎN‹LMLKL‹ÎÍÎMMBŒÌLKŒÎLLÍNLLÍKŒÍLL‹L‹ŽŒŽMŒÎŒÌLKL‹ŒNÌMMLÌËLLŽŒŽNÍÎLÎKLËŒLŒŽNL‚ŒÌL‹LŒKŽMÌÍÌ‹LLŒŒÌMŽMÌKLËŒLÍLMŒÌÂŒÌLËLÍ‹ÍLÎLLËLLLKŒŒŒNËLËŒÌÍÌÌNÂŒÌMMLŽNLŒL‹LLMÍMŽMMKLËMNŒÎŒÌMKMŒ‹ŽÌŽLLKNŽÌLŒMŒMLËMMNNŒLÂŒÌM‹MÌËŽMMMNMÍ‹ŒÌLLLLMËLËŽŽNN‚ŒÌMËN‹ŽLŒMÍŒMMMŒ‹ŒŒÌMÍMLÍËLËŽŽÌŒBŒÌNNLŒÍMÍŒŒ‹MËLÎLNMÎL‹LËŽLNMÍÌÂŒÌNKNMKNNMŒNLÌ‹ŒMŽM‹LËŽNŽML‚ŒÌŒNNŽLÎMÎNËLM‹ŒMÌLŒLMKLŒÌŒM‚ŒÌŒKNNKÌLMLLÌÍ‹‹ŽMMÌMŽYKLMLÌËŒMÂŒÌŒ‹NNŒMLÌŽLKM‹ŒMÌŒLŒËLÌËŒÌMÌÎÂŒÌŒËNMKŒÍLMLMM‹Ì‹ŒŒLÍÍL‹LÌ‹ŽNMÎMÌŒÌNKŽNLÍLLÎKËLMÍŽLÎNNKLÌ‹ŽLLMÎÌÂŒÌKN‹LŒÌÍÍŒ‹ŒMNËLÌ‹ŽLÍÍÌÍNBŒÌ‹MÌËÍLLNMMNKÍ‹ŒLŒMKLÌ‹ŽLLÌÂŒÌËMŒ‹ŒŽLMMLŒ‹ŽMŽÎLLŽKLÌ‹MMÎMÌŽÂŒÌŽMLŒŽLŽÌŽLŽMLŽLŒL‹LÌ‹MŒÌMÌŽBŒÌŽKLÍ‹ŽŒM‹LLKŒŒŽÌÍÌËLÌ‹ŒÌŒŒÍÍÂŒÌÌLŒKŽÍMLKLŒLLÍN‹LÌ‹ŒLÌŒÍÎMŒMBŒÌÌKL‹ŒMŒÍÌŽLŽMÍÍMÍŽLÌ‹ŒÍŒÍ‚ŒÌÌ‹KŒLŒÌMŒŒLKLÍKŒÍLÌMŒŒ‹LÌKŽNMÌÎŒÌÌËÌ‹ÍÌÎŽÍKMŽŒLNKLÌKÍÎNLÍBŒÌÍMÍMÎMÎLLËMKŒLÍNÌÎLKLÌKŽMÍMLÍŒLBŒÌÍKÍ‹ÌÎLMÍKMŒMÍÍÍÌŒM‹LÌKŒÍÌMLŒÌÂŒÌÍ‹NMŽLÌÌŒÌKMKŽNMÎLŽLŒÌËLÌKŒŽLLBŒÌÍËNŽŒÌMÎNLÙKLMMLŒÍÍÎMŒLÌKNÎNLL‚ŒÌÎLNMŽLÌÌŒÌKMKŽNMÎLŽLŒÌËLÌKŒŽLLBŒÌÎKLÍ‹ÌÎLMÍKMŒMÍÍÍÌŒM‹LÌKŒÍÌMLŒÌÂŒÍMMÍMÎMÎLLËMKŒLÍNÌÎLKLÌKŽMÍMLÍŒLBŒÍKMÌ‹ÍÌÎŽÍKMŽŒLNKLÌKÍÎNLÍBŒÍ‹NKŒLŒÌMŒŒLKLÍKŒÍLÌMŒŒ‹LÌKŽNMÌÎŒÍËLL‹ŒMŒÍÌŽLŽMÍÍMÍŽLÌ‹ŒÍŒÍ‚ŒÍLLŒKŽÍMLKLŒLLÍN‹LÌ‹ŒLÌŒÍÎMŒMBŒÍKLLÍ‹ŽŒM‹LLKŒŒŽÌÍÌËLÌ‹ŒÌŒŒÍÍÂŒÍ‹LMLŒŽLŽÌŽLŽMLŽLŒL‹LÌ‹MŒÌMÌŽBŒÍËLMŒ‹ŒŽLMMLŒ‹ŽMŽÎLLŽKLÌ‹MMÎMÌŽÂŒÍLMÌËÍLLNMMNKÍ‹ŒLŒMKLÌ‹ŽLLÌÂŒÍKLN‹LŒÌÍÍŒ‹ŒMNËLÌ‹ŽLÍÍÌÍNBŒÍLLNKŽNLÍLLÎKËLMÍŽLÎNNKLÌ‹ŽLLMÎÌÂŒÍLKLNMKŒÍLMLMM‹Ì‹ŒŒLÍÍL‹LÌ‹ŽNMÎMÌŒÍL‹LNNŒMLÌŽLKM‹ŒMÌŒLŒËLÌËŒÌMÌÎÂŒÍLËLNNKÌLMLLÌÍ‹NLŒÌM™KLMLÌËŒMÂŒÍMLNNŒMLÌŽLKLM‹ŒMÌŒLŒËLÌËŒÌMÌÎÂŒÍMKLNMKŒÍLMLMM‹LÌ‹ŒŒLÍÍL‹LÌ‹ŽNMÎMÌŒÍM‹LNKŽNLÍLLÎKMËLMÍŽLÎNNKLÌ‹ŽLLMÎÌÂŒÍMËLN‹LŒÌÍÍMŒ‹ŒMNËLÌ‹ŽLÍÍÌÍNBŒÍNLMÌËÍLLNMMNKMÍ‹ŒLŒMKLÌ‹ŽLLÌÂŒÍNKLMŒ‹ŒŽLMMLŒ‹NŽMŽÎLLŽKLÌ‹MMÎMÌŽÂŒÍŒLMLŒŽLŽÌŽLLŽMLŽLŒL‹LÌ‹MŒÌMÌŽBŒÍŒKLLÍ‹ŽŒM‹LLLKŒŒŽÌÍÌËLÌ‹ŒÌŒŒÍÍÂŒÍŒ‹LLŒKŽÍMLKLLŒLLÍN‹LÌ‹ŒLÌŒÍÎMŒMBŒÍŒËLL‹ŒMŒÍÌŽLLŽMÍÍMÍŽLÌ‹ŒÍŒÍ‚ŒÍNKŒLŒÌMŒŒLKLLÍKŒÍLÌMŒŒ‹LÌKŽNMÌÎŒÍKMÌ‹ÍÌÎŽÍKLMŽŒLNKLÌKÍÎNLÍBŒÍ‹MMÍMÎMÎLLËLMKŒLÍNÌÎLKLÌKŽMÍMLÍŒLBŒÍËLÍ‹ÌÎLMÍKLMŒMÍÍÍÌŒM‹LÌKŒÍÌMLŒÌÂŒÍŽLNMŽLÌÌŒÌKLMKŽNMÎLŽLŒÌËLÌKŒŽLLBŒÍŽKKŒÎŒÌÍÍÙKLLËLMLŒÍÍÎMŒLÌKNÎNLL‚ŒÍÌNMŽLÌÌŒÌKLMKŽNMÎLŽLŒÌËLÌKŒŽLLBŒÍÌKÍ‹ÌÎLMÍKLMŒMÍÍÍÌŒM‹LÌKŒÍÌMLŒÌÂŒÍÌ‹MÍMÎMÎLLËLMKŒLÍNÌÎLKLÌKŽMÍMLÍŒLBŒÍÌËÌ‹ÍÌÎŽÍKLMŽŒLNKLÌKÍÎNLÍBŒÍÍKŒLŒÌMŒŒLKLLÍKŒÍLÌMŒŒ‹LÌKŽNMÌÎŒÍÍKL‹ŒMŒÍÌŽLLŽMÍÍMÍŽLÌ‹ŒÍŒÍ‚ŒÍÍ‹LŒKŽÍMLKLLŒLLÍN‹LÌ‹ŒLÌŒÍÎMŒMBŒÍÍËLÍ‹ŽŒM‹LLLKŒŒŽÌÍÌËLÌ‹ŒÌŒŒÍÍÂŒÍÎMLŒŽLŽÌŽLLŽMLŽLŒL‹LÌ‹MŒÌMÌŽBŒÍÎKMŒ‹ŒŽLMMLŒ‹NŽMŽÎLLŽKLÌ‹MMÎMÌŽÂŒÎMÌËÍLLNMMNKMÍ‹ŒLŒMKLÌ‹ŽLLÌÂŒÎKN‹LŒÌÍÍMŒ‹ŒMNËLÌ‹ŽLÍÍÌÍNBŒÎ‹NKŽNLÍLLÎKMËLMÍŽLÎNNKLÌ‹ŽLLMÎÌÂŒÎËNMKŒÍLMLMM‹LÌ‹ŒŒLÍÍL‹LÌ‹ŽNMÎMÌŒÎNNŒMLÌŽLKLM‹ŒMÌŒLŒËLÌËŒÌMÌÎÂŒÎKNNKŒÎMÍŒMKËŒÍŒÎMÍYKLMMNŒMMÍLLÂŒÎ‹NNŒŽLNŒMÌËM‹ŒMMÍÍÌÍMËMNŒMMBŒÎËNMKŒLŒNÌ‹ŒMÎLÍŽMMËŽNLÌÍŒBŒÎNKÌLMNMMËËLÌÎLÌ‹MMËŽLMÌÎLÍÌBŒÎKN‹ÎLMŽŒ‹ŒŽÎMËMMËŽMMNMLBŒÎLMÌËŒŒŽŒŽLËÍ‹ŒMŽÍÍŽLLÍËMMËŽMMÍÍŒŒÎLKMŒ‹MMMNMËKŒÎÍÎMMËMŒŽLÌŒLBŒÎL‹MLŒMMÌÍLÎŒKLŽMÍMMËMÌŽLLŽMÂŒÎLËLÍ‹MMLËLLKŒÎLÌÍŒÎLKMMËŒÌMMÍNBŒÎMLŒKŽÌMLŒÌÎŒŒŒKMMËŒLŽLLŽŒÂŒÎMKL‹ŒMÌÎM‹LŽŽÌÎNNKMM‹ŽNMLŒÌÍL‚ŒÎM‹KNÌLLMLKLÍKLLÎMNÎMM‹ŽÍÎNBŒÎMËÌ‹LŒLNMKŒŒMLŽMM‹ÍÌŒMMBŒÎNMÍLÎLLÍŒMMKLMŒÎMMM‹ŽÎNLŒÎNKÍ‹ÌÍÌLŒLKMNMMÍÌÌŽMM‹ŒLM‚NMMÌML‹MLÌŒŒŒÌKMM‹NÌMŒÍŽKLKŒŒMÍÍŒLYKLLËMLKŒÎÌLÌMËMM‹MÍLMÌMÂ‹LNMMÌML‹MLÌŒŒŒÌKMM‹NÌMŒÍŽËLÍ‹ÌÍÌLŒLKMNMMÍÌÌŽMM‹ŒLM‚MMÍLÎLLÍŒMMKLMŒÎMMM‹ŽÎNLKMÌ‹LŒLNMKŒŒMLŽMM‹ÍÌŒMMB‹NKNÌLLMLKLÍKLLÎMNÎMM‹ŽÍÎNBËLL‹ŒMÌÎM‹LŽŽÌÎNNKMM‹ŽNMLŒÌÍL‚LLŒKŽÌMLŒÌÎŒŒŒKMMËŒLŽLLŽŒÂKLLÍ‹MMLËLLKŒÎLÌÍŒÎLKMMËŒÌMMÍNBLLMLŒMMÌÍLÎŒKLŽMÍMMËMÌŽLLŽMÂLKLMŒ‹MMMNMËKŒÎÍÎMMËMŒŽLÌŒLBL‹LMÌËŒŒŽŒŽLËÍ‹ŒMŽÍÍŽLLÍËMMËŽMMÍÍŒLËLN‹ÎLMŽŒ‹ŒŽÎMËMMËŽMMNMLBMLNKÌLMNMMËËLÌÎLÌ‹MMËŽLMÌÎLÍÌBMKLNMKŒLŒNÌ‹ŒMÎLÍŽMMËŽNLÌÍŒBM‹LNNŒŽLNŒMÌËM‹ŒMMÍÍÌÍMËMNŒMMBMËLNNKŒÎMÍŒMKNKÍLÍŒŒKLMMNŒMMÍLLÂNLNNŒŽLNŒMÌËLM‹ŒMMÍÍÌÍMËMNŒMMBNKLNMKŒLŒNLÌ‹ŒMÎLÍŽMMËŽNLÌÍŒBŒLNKÌLMNMMËMËLÌÎLÌ‹MMËŽLMÌÎLÍÌBŒKLN‹ÎLMŽMŒ‹ŒŽÎMËMMËŽMMNMLBŒ‹LMÌËŒŒŽŒŽLËMÍ‹ŒMŽÍÍŽLLÍËMMËŽMMÍÍŒŒËLMŒ‹MMMNMËNKŒÎÍÎMMËMŒŽLÌŒLBLMLŒMMÌÍLÎŒKLLŽMÍMMËMÌŽLLŽMÂKLLÍ‹MMLËLLLKŒÎLÌÍŒÎLKMMËŒÌMMÍNB‹LLŒKŽÌMLLŒÌÎŒŒŒKMMËŒLŽLLŽŒÂËLL‹ŒMÌÎM‹LLŽŽÌÎNNKMM‹ŽNMLŒÌÍL‚ŽNKNÌLLMLKLLÍKLLÎMNÎMM‹ŽÍÎNBŽKMÌ‹LŒLNLMKŒŒMLŽMM‹ÍÌŒMMBÌMMÍLÎLLÍŒMLMKLMŒÎMMM‹ŽÎNLÌKLÍ‹ÌÍÌLŒLKLMNMMÍÌÌŽMM‹ŒLM‚Ì‹LNMMÌML‹LMLÌŒŒŒÌKMM‹NÌMŒÍŽÌËKŒŽŒLŒÍŒÍÍYKLLËLMLKŒÎÌLÌMËMM‹MÍLMÌMÂÍNMMÌML‹LMLÌŒŒŒÌKMM‹NÌMŒÍŽÍKÍ‹ÌÍÌLŒLKLMNMMÍÌÌŽMM‹ŒLM‚Í‹MÍLÎLLÍŒMLMKLMŒÎMMM‹ŽÎNLÍËÌ‹LŒLNLMKŒŒMLŽMM‹ÍÌŒMMBÎKNÌLLMLKLLÍKLLÎMNÎMM‹ŽÍÎNBÎKL‹ŒMÌÎM‹LLŽŽÌÎNNKMM‹ŽNMLŒÌÍL‚LŒKŽÌMLLŒÌÎŒŒŒKMMËŒLŽLLŽŒÂKLÍ‹MMLËLLLKŒÎLÌÍŒÎLKMMËŒÌMMÍNB‹MLŒMMÌÍLÎŒKLLŽMÍMMËMÌŽLLŽMÂËMŒ‹MMMNMËNKŒÎÍÎMMËMŒŽLÌŒLBMÌËŒŒŽŒŽLËMÍ‹ŒMŽÍÍŽLLÍËMMËŽMMÍÍŒKN‹ÎLMŽMŒ‹ŒŽÎMËMMËŽMMNMLB‹NKÌLMNMMËMËLÌÎLÌ‹MMËŽLMÌÎLÍÌBËNMKŒLŒNLÌ‹ŒMÎLÍŽMMËŽNLÌÍŒBNNŒŽLNŒMÌËLM‹ŒMMÍÍÌÍMËMNŒMMBKNNKŒLŽLMŽLÍ‹MÍÍÍMŽM™KLMNËŒÎMLÌBLNMËŽMÎLÍM‹ŒMNLŒKNËŒLMŒLLÌÂLKNMÌÍÌMML‹Ì‹ŒÌMŒÌŒÎKNËŒÍÎNL‚L‹NKŽÍMÍŽËËLÍŒMÎM‹N‹ŽLÎ‚LËN‹ŒMLÌML‹Œ‹ŒÌŒÍMŒ‹N‹ŽNÌMÂMMÌËŒLŒŒŒÌKÍ‹ŒŒMNMÌ‹N‹ÌNLLÌ‚MKMŒ‹ŒŽNMLŒËKŒLŽNNKN‹MÌÌÂM‹MLŒŒMÍÎLM‹LŽLÌÌÎMMML‹N‹NLLŽÂMËLÍ‹ÍMËLLKMMŽMŒÍËN‹ŒÌÍLNNLŒKÌÍNÎLŒŽMLN‹ŒLLŽMÍÌŒ‚NKL‹ŒLŽÍNŒKLŽKŒLMÍNNKŽNŽLMNŒKMŒMÍŒL‹LÍKŽMNNMÌËNKŽLÎŒÂŒKÌ‹LÌŒMŒÎMNKMKMŒMÌNLKNKÍNLLMŽBŒ‹MÍLÍMËMKŽLLÌLŒNKÌÌMŒŽNŒËÍ‹ÌÍMMËMKŒMÍMNNNKŒNNNŒ‚NMMÌMMLMLŽLÍKNKMÌMLŽLÂKLKŒLLŒÌLMÙKLLËMLKMÌÍKNKMNLN‹LNMMÌMMLMLŽLÍKNKMÌMLŽLÂËLÍ‹ÌÍMMËMKŒMÍMNNNKŒNNNŒ‚ŽMMÍLÍMËMKŽLLÌLŒNKÌÌMŒŽNŽKMÌ‹LÌŒMŒÎMNKMKMŒMÌNLKNKÍNLLMŽBÌNKMŒMÍŒL‹LÍKŽMNNMÌËNKŽLÎŒÂÌKLL‹ŒLŽÍNŒKLŽKŒLMÍNNKŽNŽLMNÌ‹LLŒKÌÍNÎLŒŽMLN‹ŒLLŽMÍÌŒ‚ÌËLLÍ‹ÍMËLLKMMŽMŒÍËN‹ŒÌÍLNÍLMLŒŒMÍÎLM‹LŽLÌÌÎMMML‹N‹NLLŽÂÍKLMŒ‹ŒŽNMLŒËKŒLŽNNKN‹MÌÌÂÍ‹LMÌËŒLŒŒŒÌKÍ‹ŒŒMNMÌ‹N‹ÌNLLÌ‚ÍËLN‹ŒMLÌML‹Œ‹ŒÌŒÍMŒ‹N‹ŽNÌMÂÎLNKŽÍMÍŽËËLÍŒMÎM‹N‹ŽLÎ‚ÎKLNMÌÍÌMML‹Ì‹ŒÌMŒÌŒÎKNËŒÍÎNL‚LNMËŽMÎLÍM‹ŒMNLŒKNËŒLMŒLLÌÂKLNNKŒLŽLMŽLÍLKŒLLŽLÍLÙKLLËNËŒÎMLÌB‹LNMËŽMÎLÍLM‹ŒMNLŒKNËŒLMŒLLÌÂËLNMÌÍÌMML‹LÌ‹ŒÌMŒÌŒÎKNËŒÍÎNL‚LNKŽÍMÍŽËMËLÍŒMÎM‹N‹ŽLÎ‚KLN‹ŒMLÌML‹MŒ‹ŒÌŒÍMŒ‹N‹ŽNÌMÂ‹LMÌËŒLŒŒŒÌKMÍ‹ŒŒMNMÌ‹N‹ÌNLLÌ‚ËLMŒ‹ŒŽNMLŒËNKŒLŽNNKN‹MÌÌÂLMLŒŒMÍÎLM‹LLŽLÌÌÎMMML‹N‹NLLŽÂKLLÍ‹ÍMËLLLKMMŽMŒÍËN‹ŒÌÍLNLLLŒKÌÍNÎLLŒŽMLN‹ŒLLŽMÍÌŒ‚LKLL‹ŒLŽÍNŒKLLŽKŒLMÍNNKŽNŽLMNL‹NKMŒMÍŒL‹LLÍKŽMNNMÌËNKŽLÎŒÂLËMÌ‹LÌŒMŒÎMNKLMKMŒMÌNLKNKÍNLLMŽBMMMÍLÍMËLMKŽLLÌLŒNKÌÌMŒŽNMKLÍ‹ÌÍMMËLMKŒMÍMNNNKŒNNNŒ‚M‹LNMMÌMMLLMLŽLÍKNKMÌMLŽLÂMËKŒMÌÌŒÌMÌÌYKLLËLMLKMÌÍKNKMNLNNNMMÌMMLLMLŽLÍKNKMÌMLŽLÂNKÍ‹ÌÍMMËLMKŒMÍMNNNKŒNNNŒ‚LMÍLÍMËLMKŽLLÌLŒNKÌÌMŒŽNLKÌ‹LÌŒMŒÎMNKLMKMŒMÌNLKNKÍNLLMŽBL‹KMŒMÍŒL‹LLÍKŽMNNMÌËNKŽLÎŒÂLËL‹ŒLŽÍNŒKLLŽKŒLMÍNNKŽNŽLMNLLŒKÌÍNÎLLŒŽMLN‹ŒLLŽMÍÌŒ‚LKLÍ‹ÍMËLLLKMMŽMŒÍËN‹ŒÌÍLNL‹MLŒŒMÍÎLM‹LLŽLÌÌÎMMML‹N‹NLLŽÂLËMŒ‹ŒŽNMLŒËNKŒLŽNNKN‹MÌÌÂLMÌËŒLŒŒŒÌKMÍ‹ŒŒMNMÌ‹N‹ÌNLLÌ‚LKN‹ŒMLÌML‹MŒ‹ŒÌŒÍMŒ‹N‹ŽNÌMÂLLNKŽÍMÍŽËMËLÍŒMÎM‹N‹ŽLÎ‚LLKNMÌÍÌMML‹LÌ‹ŒÌMŒÌŒÎKNËŒÍÎNL‚LL‹NMËŽMÎLÍLM‹ŒMNLŒKNËŒLMŒLLÌÂLLËNNÌŒLÍMK‹LNÍŽKLMŒŒÍMŒŒ‚LMNMËMŽLŒÍKM‹ŒMNMÎM‹ŒŒŒŒÍÍŒÂLMKNMŽÎÎKÌ‹ŒÍNŽLKŒŒMÍLÌNMÎBLM‹NKŒMŒMMËMMŽÍŒËŽLÎLLŒLŒBLMËNKŽLNÍLÍËŒ‹ŒÌŽMMML‹ŒËŽÍLLÍBLNMÌ‹ŽÍŒŽ‹Í‹ŒŒÌÌLÎNŒËÌNLMŽLNKMŒ‹ŒLÌŒNKKŒŒÌLŒËŒËMŽNMÎ‚LŒMKŽLÌŒMMLKLKŒLMŒÍÎNKŒËŒLÍLÌÍÂLŒKLÍ‹ŒÍÌMÍ‹LLKÌNNMÌLM‹ŒËŒŽLÌLŒ‹LŒKNŽËLŒKŒMŒNMŒNKŒËŒLŒÍÍNBLŒËL‹ŒNMLKLŽKŒÍNMLÎKŒ‹ŽNÍÌÌÍLKLÍMŒËLÍ‹ŒŽŒ‹ŽMÍÍŒŒŒ‚LKÌ‹LÌŽLÌÎKMKŽLMÌMÍÎŒ‹ÍLÍNMNLÂL‹MÍŒÍŒŒËM‹ŒÌÎNMMKŒ‹MÌMNNMŒÂLËÍ‹ÌÍŽLLÍ‹MKÍŒŒ‹NLŒÍÌŒM‚LŽNMLŒÍŒMLKŒŽMMNLŽKŒ‹MLÌÎMLŽKLKŒMLNÍŒÌ™KLLËMLKŽLNÎNLËŒ‹LÎMMMÍ‚LÌLNMLŒÍŒMLKŒŽMMNLŽKŒ‹MLÌÎMLÌKLÍ‹ÌÍŽLLÍ‹MKÍŒŒ‹NLŒÍÌŒM‚LÌ‹MMÍŒÍŒŒËM‹ŒÌÎNMMKŒ‹MÌMNNMŒÂLÌËMÌ‹LÌŽLÌÎKMKŽLMÌMÍÎŒ‹ÍLÍNMNLÂLÍNKLÍMŒËLÍ‹ŒŽŒ‹ŽMÍÍŒŒŒ‚LÍKLL‹ŒNMLKLŽKŒÍNMLÎKŒ‹ŽNÍÌÌÍLÍ‹LLŒKNŽËLŒKŒMŒNMŒNKŒËŒLŒÍÍNBLÍËLLÍ‹ŒÍÌMÍ‹LLKÌNNMÌLM‹ŒËŒŽLÌLÎLMKŽLÌŒMMLKLKŒLMŒÍÎNKŒËŒLÍLÌÍÂLÎKLMŒ‹ŒLÌŒNKKŒŒÌLŒËŒËMŽNMÎ‚MLMÌ‹ŽÍŒŽ‹Í‹ŒŒÌÌLÎNŒËÌNLMŽMKLNKŽLNÍLÍËŒ‹ŒÌŽMMML‹ŒËŽÍLLÍBM‹LNKŒMŒMMËMMŽÍŒËŽLÎLLŒLŒBMËLNMŽÎÎKÌ‹ŒÍNŽLKŒŒMÍLÌNMÎBMLNMËMŽLŒÍKM‹ŒMNMÎM‹ŒŒŒŒÍÍŒÂMKLNNÌŒLÍMKLKŒMLÍŒÍÎMÌÌYKLLËŒŒÍMŒŒ‚M‹LNMËMŽLŒÍKLM‹ŒMNMÎM‹ŒŒŒŒÍÍŒÂMËLNMŽÎÎKLÌ‹ŒÍNŽLKŒŒMÍLÌNMÎBMLNKŒMŒMMMËMMŽÍŒËŽLÎLLŒLŒBMKLNKŽLNÍLÍËMŒ‹ŒÌŽMMML‹ŒËŽÍLLÍBMLLMÌ‹ŽÍŒŽ‹MÍ‹ŒŒÌÌLÎNŒËÌNLMŽMLKLMŒ‹ŒLÌŒNKNKŒŒÌLŒËŒËMŽNMÎ‚ML‹LMKŽLÌŒMMLKLLKŒLMŒÍÎNKŒËŒLÍLÌÍÂMLËLLÍ‹ŒÍÌMÍ‹LLLKÌNNMÌLM‹ŒËŒŽLÌMMLLŒKNŽËLLŒKŒMŒNMŒNKŒËŒLŒÍÍNBMMKLL‹ŒNMLKLLŽKŒÍNMLÎKŒ‹ŽNÍÌÌÍMM‹NKLÍMŒËLLÍ‹ŒŽŒ‹ŽMÍÍŒŒŒ‚MMËMÌ‹LÌŽLÌÎKLMKŽLMÌMÍÎŒ‹ÍLÍNMNLÂMNMMÍŒÍŒŒËLM‹ŒÌÎNMMKŒ‹MÌMNNMŒÂMNKLÍ‹ÌÍŽLLÍ‹LMKÍŒŒ‹NLŒÍÌŒM‚MŒLNMLŒÍŒLMLKŒŽMMNLŽKŒ‹MLÌÎMMŒKKŒLLŒŽLÍNYKLLËLMLKŽLNÎNLËŒ‹LÎMMMÍ‚MŒ‹NMLŒÍŒLMLKŒŽMMNLŽKŒ‹MLÌÎMMŒËÍ‹ÌÍŽLLÍ‹LMKÍŒŒ‹NLŒÍÌŒM‚MMÍŒÍŒŒËLM‹ŒÌÎNMMKŒ‹MÌMNNMŒÂMKÌ‹LÌŽLÌÎKLMKŽLMÌMÍÎŒ‹ÍLÍNMNLÂM‹KLÍMŒËLLÍ‹ŒŽŒ‹ŽMÍÍŒŒŒ‚MËL‹ŒNMLKLLŽKŒÍNMLÎKŒ‹ŽNÍÌÌÍMŽLŒKNŽËLLŒKŒMŒNMŒNKŒËŒLŒÍÍNBMŽKLÍ‹ŒÍÌMÍ‹LLLKÌNNMÌLM‹ŒËŒŽLÌMÌMKŽLÌŒMMLKLLKŒLMŒÍÎNKŒËŒLÍLÌÍÂMÌKMŒ‹ŒLÌŒNKNKŒŒÌLŒËŒËMŽNMÎ‚MÌ‹MÌ‹ŽÍŒŽ‹MÍ‹ŒŒÌÌLÎNŒËÌNLMŽMÌËNKŽLNÍLÍËMŒ‹ŒÌŽMMML‹ŒËŽÍLLÍBMÍNKŒMŒMMMËMMŽÍŒËŽLÎLLŒLŒBMÍKNMŽÎÎKLÌ‹ŒÍNŽLKŒŒMÍLÌNMÎBMÍ‹NMËMŽLŒÍKLM‹ŒMNMÎM‹ŒŒŒŒÍÍŒÂMÍËNNŒÎŒ‹‹ŒMMŽNMLKLMŒÌËŒLMÌŽNBMÎNMËŒÌLLMŒMKM‹ŒMŒÌLŒŽKŒÌËŒÌÌÂMÎKNMŒLLŽMËÌ‹ŒLÎNMÍKŒÌËŒÍLŽ‚NNŽMÌLÌLKËMLÍŒŒÍMŒÌ‹ŽMMÍŒÍNKNKÌÍKŒ‹ŒÍLŒÎLKŒÌ‹ŽÌÍMÂN‹MÌ‹ŒNMNNÌKÍ‹ŒÌLMŒÍ‹ŒÌ‹ÌŒMNËMŒKŽLÌÍNKKŒŽŒÌÎLMNKŒÌ‹MÍŒÍÍÂNMKÍÌÍL‹LKŒMÌÍLËŒÌ‹ŒÍÌMÂNKLÍ‹ŒMÌLLKŽÎLLLMÌKŒÌ‹ŒŽNLN‹LŒKNMÌÌÎLŒKŒÍÍMÎMMKŒÌ‹ŒLMMLLÌBNËLKŽMŒÌMŒLLŽLŽKŒLLÌ‹ŒÌKŽMÌMNNMÌBNKLLNNŒÌÎKLÍ‹MÍÎLÌLËŒÌKŽMŒÌ‚NKÌ‹ŒÎMÌÍNNKM‹ŒÌLÍËŒÌKÌŽLMNNMBNLMÍŒMÎMM‹ŽMÎLMLKŒÌKŒÎÎMBNLKÍ‹ÌÎLLMKŽLNËŒÌKMÌMŒŒŒÂNL‹NMÌÎMÎLÍËMLKÌŽMLMLÌŒÌKLÌŒML‚NLËLKŒNLNLLMLYKLLËML‹ŒÍNLÍÌÍKŒÌKLMŽÍMÍBNMLNMÌÎMÎLÍËMLKÌŽMLMLÌŒÌKLÌŒML‚NMKLÍ‹ÌÎLLMKŽLNËŒÌKMÌMŒŒŒÂNM‹MMÍŒMÎMM‹ŽMÎLMLKŒÌKŒÎÎMBNMËMÌ‹ŒÎMÌÍNNKM‹ŒÌLÍËŒÌKÌŽLMNNMBNNNKLLNNŒÌÎKLÍ‹MÍÎLÌLËŒÌKŽMŒÌ‚NNKLLKŽMŒÌMŒLLŽLŽKŒLLÌ‹ŒÌKŽMÌMNNMÌBŒLLŒKNMÌÌÎLŒKŒÍÍMÎMMKŒÌ‹ŒLMMLLÌBŒKLLÍ‹ŒMÌLLKŽÎLLLMÌKŒÌ‹ŒŽNLŒ‹LMKÍÌÍL‹LKŒMÌÍLËŒÌ‹ŒÍÌMÂŒËLMŒKŽLÌÍNKKŒŽŒÌÎLMNKŒÌ‹MÍŒÍÍÂŒLMÌ‹ŒNMNNÌKÍ‹ŒÌLMŒÍ‹ŒÌ‹ÌŒMŒKLNKÌÍKŒ‹ŒÍLŒÎLKŒÌ‹ŽÌÍMÂŒ‹LNŽMÌLÌLKËMLÍŒŒÍMŒÌ‹ŽMMÍŒÍŒËLNMŒLLŽMËÌ‹ŒLÎNMÍKŒÌËŒÍLŽ‚ŒLNMËŒÌLLMŒMKM‹ŒMŒÌLŒŽKŒÌËŒÌÌÂŒKLNNŒÎŒ‹LKŒŒÌMLÍÍMŽKLLËŒÌËŒLMÌŽNBŒLLNMËŒÌLLMŒMKLM‹ŒMŒÌLŒŽKŒÌËŒÌÌÂŒLKLNMŒLLŽMËLÌ‹ŒLÎNMÍKŒÌËŒÍLŽ‚ŒL‹LNŽMÌLÌLKMËMLÍŒŒÍMŒÌ‹ŽMMÍŒÍŒLËLNKÌÍKMŒ‹ŒÍLŒÎLKŒÌ‹ŽÌÍMÂŒMLMÌ‹ŒNMNNÌKMÍ‹ŒÌLMŒÍ‹ŒÌ‹ÌŒMŒMKLMŒKŽLÌÍNKNKŒŽŒÌÎLMNKŒÌ‹MÍŒÍÍÂŒM‹LMKÍÌÍL‹LLKŒMÌÍLËŒÌ‹ŒÍÌMÂŒMËLLÍ‹ŒMÌLLLKŽÎLLLMÌKŒÌ‹ŒŽNLŒNLLŒKNMÌÌÎLLŒKŒÍÍMÎMMKŒÌ‹ŒLMMLLÌBŒNKLLKŽMŒÌMŒLLŽLLŽKŒLLÌ‹ŒÌKŽMÌMNNMÌBŒŒNKLLNNŒÌÎKLLÍ‹MÍÎLÌLËŒÌKŽMŒÌ‚ŒŒKMÌ‹ŒÎMÌÍNNKLM‹ŒÌLÍËŒÌKÌŽLMNNMBŒŒ‹MMÍŒMÎMLM‹ŽMÎLMLKŒÌKŒÎÎMBŒŒËLÍ‹ÌÎLLLMKŽLNËŒÌKMÌMŒŒŒÂŒLNMÌÎMÎLÍËLMLKÌŽMLMLÌŒÌKLÌŒML‚ŒKKŒÌŒÍMÌÎMÎYKLLËLML‹ŒÍNLÍÌÍKŒÌKLMŽÍMÍBŒ‹NMÌÎMÎLÍËLMLKÌŽMLMLÌŒÌKLÌŒML‚ŒËÍ‹ÌÎLLLMKŽLNËŒÌKMÌMŒŒŒÂŒŽMÍŒMÎMLM‹ŽMÎLMLKŒÌKŒÎÎMBŒŽKÌ‹ŒÎMÌÍNNKLM‹ŒÌLÍËŒÌKÌŽLMNNMBŒÌKLLNNŒÌÎKLLÍ‹MÍÎLÌLËŒÌKŽMŒÌ‚ŒÌKLKŽMŒÌMŒLLŽLLŽKŒLLÌ‹ŒÌKŽMÌMNNMÌBŒÌ‹LŒKNMÌÌÎLLŒKŒÍÍMÎMMKŒÌ‹ŒLMMLLÌBŒÌËLÍ‹ŒMÌLLLKŽÎLLLMÌKŒÌ‹ŒŽNLŒÍMKÍÌÍL‹LLKŒMÌÍLËŒÌ‹ŒÍÌMÂŒÍKMŒKŽLÌÍNKNKŒŽŒÌÎLMNKŒÌ‹MÍŒÍÍÂŒÍ‹MÌ‹ŒNMNNÌKMÍ‹ŒÌLMŒÍ‹ŒÌ‹ÌŒMŒÍËNKÌÍKMŒ‹ŒÍLŒÎLKŒÌ‹ŽÌÍMÂŒÎNŽMÌLÌLKMËMLÍŒŒÍMŒÌ‹ŽMMÍŒÍŒÎKNMŒLLŽMËLÌ‹ŒLÎNMÍKŒÌËŒÍLŽ‚NMËŒÌLLMŒMKLM‹ŒMŒÌLŒŽKŒÌËŒÌÌÂKNNŒMÍLÎ‹ŒMNMÙKLMNŒLLŒLB‹NM‹ŽMÌÎLLÎKM‹ŒMŒŒMLLLKNŒLÎÌMÍ‚ËNLËÎLŽÍËÌ‹ŒLÌMMNŒMNMŒL‚NMŒÌLLL‹ËMŒŒŒŒÍNKMËŽMÍŒÍBKNKŒÎÍMÍÍËŒ‹ŒÍÍŒLLŽN‹MËŽŽÌ‚‹MÌ‹ŒÎNÌMÍ‹ŒÍNŒËMËÌÌÌÌMBËMŒKÍMÌMÌÎKŒÍLŽKMËNŒÎÍÂMKŒÌNÍLKŒŽLÌÍŒÍ‹MËÌŒŒMBKLÍ‹ŒMÍÍÍËLL‹ŒNŒÍÎKMËŒŒÌÂLLŒKLŒŒŒLŒKNMÎMÌËMËŒLLŒLÍÂLKLKŽLMÍNÍËLŽKŽÍŒLŽMKM‹ŽMŒÍNL‹KLÎŒŒËLÍ‹ŽLMLŽŽËM‹ŽŒMÌŽBLËÌ‹ŒÍÍÍMÍNLÎKM‹ŒÍMLÎM‹ÌLLLLÍÎBMMÌÎLÎNLÌËMËŒÎLKM‹ŒMŒLÍÎMMKÍ‹ÌLLËMLŒŒŽLÌLMËM‹MŽMŽNBM‹NNÍMMNML‹ŒMŽLŒŒÌKM‹LŽLMMËLKŒŒLŒMMÎKLLËML‹ŽÌÍÌÍŒL‹M‹LNMMNLNNÍMMNML‹ŒMŽLŒŒÌKM‹LŽLMNKLÍ‹ÌLLËMLŒŒŽLÌLMËM‹MŽMŽNBŒMMÌÎLÎNLÌËMËŒÎLKM‹ŒMŒLÍÎMŒKMÌ‹ŒÍÍÍMÍNLÎKM‹ŒÍMLÎM‹ÌLLLLÍÎBŒ‹NKLÎŒŒËLÍ‹ŽLMLŽŽËM‹ŽŒMÌŽBŒËLLKŽLMÍNÍËLŽKŽÍŒLŽMKM‹ŽMŒÍNLLŒKLŒŒŒLŒKNMÎMÌËMËŒLLŒLÍÂKLLÍ‹ŒMÍÍÍËLL‹ŒNŒÍÎKMËŒŒÌÂ‹LMKŒÌNÍLKŒŽLÌÍŒÍ‹MËÌŒŒMBËLMŒKÍMÌMÌÎKŒÍLŽKMËNŒÎÍÂŽLMÌ‹ŒÎNÌMÍ‹ŒÍNŒËMËÌÌÌÌMBŽKLNKŒÎÍMÍÍËŒ‹ŒÍÍŒLLŽN‹MËŽŽÌ‚ÌLNMŒÌLLL‹ËMŒŒŒŒÍNKMËŽMÍŒÍBÌKLNLËÎLŽÍËÌ‹ŒLÌMMNŒMNMŒL‚Ì‹LNM‹ŽMÌÎLLÎKM‹ŒMŒŒMLLLKNŒLÎÌMÍ‚ÌËLNNŒMÍLÎLKŒŽMÌÎLÍLÙKLLËNŒLLŒLBÍLNM‹ŽMÌÎLLÎKLM‹ŒMŒŒMLLLKNŒLÎÌMÍ‚ÍKLNLËÎLŽÍËLÌ‹ŒLÌMMNŒMNMŒL‚Í‹LNMŒÌLLL‹MËMŒŒŒŒÍNKMËŽMÍŒÍBÍËLNKŒÎÍMÍÍËMŒ‹ŒÍÍŒLLŽN‹MËŽŽÌ‚ÎLMÌ‹ŒÎNÌMMÍ‹ŒÍNŒËMËÌÌÌÌMBÎKLMŒKÍMÌMÌÎNKŒÍLŽKMËNŒÎÍÂŽLMKŒÌNÍLLKŒŽLÌÍŒÍ‹MËÌŒŒMBŽKLLÍ‹ŒMÍÍÍËLLL‹ŒNŒÍÎKMËŒŒÌÂŽ‹LLŒKLŒŒŒLLŒKNMÎMÌËMËŒLLŒLÍÂŽËLLKŽLMÍNÍËLLŽKŽÍŒLŽMKM‹ŽMŒÍNŽNKLÎŒŒËLLÍ‹ŽLMLŽŽËM‹ŽŒMÌŽBŽKMÌ‹ŒÍÍÍMÍNLÎKLM‹ŒÍMLÎM‹ÌLLLLÍÎBŽ‹MMÌÎLÎNLÌËLMËŒÎLKM‹ŒMŒLÍÎMŽËLÍ‹ÌLLËLMLŒŒŽLÌLMËM‹MŽMŽNBŽLNNÍMMNLML‹ŒMŽLŒŒÌKM‹LŽLMŽKKŒŽÌŽLŒKLLËLML‹ŽÌÍÌÍŒL‹M‹LNMMŽLNNÍMMNLML‹ŒMŽLŒŒÌKM‹LŽLMŽLKÍ‹ÌLLËLMLŒŒŽLÌLMËM‹MŽMŽNBŽL‹MÌÎLÎNLÌËLMËŒÎLKM‹ŒMŒLÍÎMŽLËÌ‹ŒÍÍÍMÍNLÎKLM‹ŒÍMLÎM‹ÌLLLLÍÎBŽMKLÎŒŒËLLÍ‹ŽLMLŽŽËM‹ŽŒMÌŽBŽMKLKŽLMÍNÍËLLŽKŽÍŒLŽMKM‹ŽMŒÍNŽM‹LŒKLŒŒŒLLŒKNMÎMÌËMËŒLLŒLÍÂŽMËLÍ‹ŒMÍÍÍËLLL‹ŒNŒÍÎKMËŒŒÌÂŽNMKŒÌNÍLLKŒŽLÌÍŒÍ‹MËÌŒŒMBŽNKMŒKÍMÌMÌÎNKŒÍLŽKMËNŒÎÍÂÌMÌ‹ŒÎNÌMMÍ‹ŒÍNŒËMËÌÌÌÌMBÌKNKŒÎÍMÍÍËMŒ‹ŒÍÍŒLLŽN‹MËŽŽÌ‚Ì‹NMŒÌLLL‹MËMŒŒŒŒÍNKMËŽMÍŒÍBÌËNLËÎLŽÍËLÌ‹ŒLÌMMNŒMNMŒL‚ÌNM‹ŽMÌÎLLÎKLM‹ŒMŒŒMLLLKNŒLÎÌMÍ‚ÌKNMËŽLLMLÌËKŒÌÍÌŒŽMYKLMŽËŒMLÍNLÍBÌ‹NM‹ŒÌÌÌ‹M‹ŒMŒMMŒ‹ŽËŒLÍMŒÌLÎÌËNLËŒÍŒLÌÍŽÌ‹ŒLLLŒÍÌËŽËŒMMÂÌNŒŒMLLÍËMÌŒËŽ‹ŽNMÌÌÍMÌBÌKNKŒLŒLLÎM‹Œ‹ÌÌŒŽŽ‹ŽÎÎŽÌLMÌ‹ŒMÌŒLŒKÍ‹ŽŒÎKŽ‹ÍÍŒÍBÌLKMŒKMMÎNKKMŒLM‹Ž‹NMÍŒLÂÌL‹MKŒÌLŒKLKLŽMÍÌM‹Ž‹ÌMÍLŒMÂÌLËLÍ‹ŒÍLLKLL‹ŒŒNLÍÍÍ‹Ž‹ŒLLMŒÂÌMLŒKNLLŒKŽLLMKŽ‹ŒLNMLÌÂÌMKLKŽÌLNLLËLÌŒMŽMÍMMKŽKŽMÎLŒÍBÌM‹KNLLÌMÎMËLÍËŒŒLLLÌŽKŽÎÌBÌMËÌ‹ŒÍMMŒŒM‹ŽNLMMNLÌ‹ŽKŽÎLNLÂÌNMÌÍMLNÎMËLLÌÍMËŽKNLÌLÌÌNKÍ‹ÌÌÌÌÌÍ‹MLŽLLŒÌNKŽKLNMÎLBÌŒNNLÍŒLMÍËML‹ŒMMLÌÍN‹ŽKÍMÍM‚ÌŒKLKŒMLÍŽL™KLLËMLËŒMŒÌÍKŽKNMÎMLMBÌŒ‹LNNLÍŒLMÍËML‹ŒMMLÌÍN‹ŽKÍMÍM‚ÌŒËLÍ‹ÌÌÌÌÌÍ‹MLŽLLŒÌNKŽKLNMÎLBÌMMÌÍMLNÎMËLLÌÍMËŽKNLÌLÌÌKMÌ‹ŒÍMMŒŒM‹ŽNLMMNLÌ‹ŽKŽÎLNLÂÌ‹NKNLLÌMÎMËLÍËŒŒLLLÌŽKŽÎÌBÌËLLKŽÌLNLLËLÌŒMŽMÍMMKŽKŽMÎLŒÍBÌŽLLŒKNLLŒKŽLLMKŽ‹ŒLNMLÌÂÌŽKLLÍ‹ŒÍLLKLL‹ŒŒNLÍÍÍ‹Ž‹ŒLLMŒÂÌÌLMKŒÌLŒKLKLŽMÍÌM‹Ž‹ÌMÍLŒMÂÌÌKLMŒKMMÎNKKMŒLM‹Ž‹NMÍŒLÂÌÌ‹LMÌ‹ŒMÌŒLŒKÍ‹ŽŒÎKŽ‹ÍÍŒÍBÌÌËLNKŒLŒLLÎM‹Œ‹ÌÌŒŽŽ‹ŽÎÎŽÌÍLNŒŒMLLÍËMÌŒËŽ‹ŽNMÌÌÍMÌBÌÍKLNLËŒÍŒLÌÍŽÌ‹ŒLLLŒÍÌËŽËŒMMÂÌÍ‹LNM‹ŒÌÌÌ‹M‹ŒMŒMMŒ‹ŽËŒLÍMŒÌLÎÌÍËLNMËŽLLMLÌËLKLÌNLYKLLËŽËŒMLÍNLÍBÌÎLNM‹ŒÌÌÌ‹LM‹ŒMŒMMŒ‹ŽËŒLÍMŒÌLÎÌÎKLNLËŒÍŒLÌÍŽLÌ‹ŒLLLŒÍÌËŽËŒMMÂÍLNŒŒMLLÍMËMÌŒËŽ‹ŽNMÌÌÍMÌBÍKLNKŒLŒLLÎM‹MŒ‹ÌÌŒŽŽ‹ŽÎÎŽÍ‹LMÌ‹ŒMÌŒLŒKMÍ‹ŽŒÎKŽ‹ÍÍŒÍBÍËLMŒKMMÎNKNKMŒLM‹Ž‹NMÍŒLÂÍLMKŒÌLŒKLLKLŽMÍÌM‹Ž‹ÌMÍLŒMÂÍKLLÍ‹ŒÍLLKLLL‹ŒŒNLÍÍÍ‹Ž‹ŒLLMŒÂÍ‹LLŒKNLLLŒKŽLLMKŽ‹ŒLNMLÌÂÍËLLKŽÌLNLLËLLÌŒMŽMÍMMKŽKŽMÎLŒÍBÍNKNLLÌMÎMËLLÍËŒŒLLLÌŽKŽÎÌBÍKMÌ‹ŒÍMMŒŒLM‹ŽNLMMNLÌ‹ŽKŽÎLNLÂÍLMMÌÍMLNÎLMËLLÌÍMËŽKNLÌLÌÍLKLÍ‹ÌÌÌÌÌÍ‹LMLŽLLŒÌNKŽKLNMÎLBÍL‹LNNLÍŒLMÍËLML‹ŒMMLÌÍN‹ŽKÍMÍM‚ÍLËKÎNLŒÌŽÌYKLMLMLËŒMŒÌÍKŽKNMÎMLMBÍMNNLÍŒLMÍËLML‹ŒMMLÌÍN‹ŽKÍMÍM‚ÍMKÍ‹ÌÌÌÌÌÍ‹LMLŽLLŒÌNKŽKLNMÎLBÍM‹MÌÍMLNÎLMËLLÌÍMËŽKNLÌLÌÍMËÌ‹ŒÍMMŒŒLM‹ŽNLMMNLÌ‹ŽKŽÎLNLÂÍNKNLLÌMÎMËLLÍËŒŒLLLÌŽKŽÎÌBÍNKLKŽÌLNLLËLLÌŒMŽMÍMMKŽKŽMÎLŒÍBÍŒLŒKNLLLŒKŽLLMKŽ‹ŒLNMLÌÂÍŒKLÍ‹ŒÍLLKLLL‹ŒŒNLÍÍÍ‹Ž‹ŒLLMŒÂÍŒ‹MKŒÌLŒKLLKLŽMÍÌM‹Ž‹ÌMÍLŒMÂÍŒËMŒKMMÎNKNKMŒLM‹Ž‹NMÍŒLÂÍMÌ‹ŒMÌŒLŒKMÍ‹ŽŒÎKŽ‹ÍÍŒÍBÍKNKŒLŒLLÎM‹MŒ‹ÌÌŒŽŽ‹ŽÎÎŽÍ‹NŒŒMLLÍMËMÌŒËŽ‹ŽNMÌÌÍMÌBÍËNLËŒÍŒLÌÍŽLÌ‹ŒLLLŒÍÌËŽËŒMMÂÍŽNM‹ŒÌÌÌ‹LM‹ŒMŒMMŒ‹ŽËŒLÍMŒÌLÎÍŽKNMËŒÌŒÎLÍ‹KŽÌLŒŽÌYKLMKÌŒNÌŒLÌÂÍÌNM‹ŒŽÍÌÍÍKM‹ŒMNMNMÌŒMŽŒŽÍÌKNLËŒLŒŽMLŒÌ‹ŒLNÎÍËÌŒLLÍMMŽNBÍÌ‹NËŽMMËËMÎMŒLŒLN‹ÌŒÌÍÍÍÌËNŽMMŽÌËŒ‹LŒÍŽMŽKÌËŽLŽÍM‚ÍÍMÌKŽLÍÎLŒËÍ‹MŽŒŒÌM‹ÌËÍLLNNÍÍKMŒKŒÍÍMLMÍKKLÌŒLLNÌËŒŒMÌÌÂÍÍ‹MKŒÌMÎLŒM‹LKLÎLNLNÌËÍMLÌÂÍÍËLÍKŽLLLŽNL‹LL‹ŒÎLÌLÎÌËŒŒÌÎLŒŽÂÍÎLŒKŒÍÌÍLMLËLŒ‹ŒÍÍŒLMÌËŒLÍML‚ÍÎKLKŽŒÌMŒËLÌÍÌÎLŽKÌ‹ŽLÌÌMML‚ÎKÌMMËLÍËLÎLLŽNÍKÌ‹ÎÎLŒBÎKÌ‹ŒÍLÍLŒËMËŒÍMÌËÌ‹ŒŒŽN‚Î‹MÌÌŒMÍNKMËŽMMÍÍLNÌ‹MŒMLŽMÂÎËÍ‹ÌMLKMLKŒLÌŒÍNM‹Ì‹MŽMMBÎNŒŽŽKMLËŒÌÍMM‹Ì‹ÎNNLBÎKLKŒLMÌLMÌÍYKLLËMLËÌŒLLŒ‹Ì‹ÌÌNÂÎ‹LNŒŽŽKMLËŒÌÍMM‹Ì‹ÎNNLBÎËLÍ‹ÌMLKMLKŒLÌŒÍNM‹Ì‹MŽMMBÎMMÌÌŒMÍNKMËŽMMÍÍLNÌ‹MŒMLŽMÂÎKMÌ‹ŒÍLÍLŒËMËŒÍMÌËÌ‹ŒŒŽN‚ÎLNKÌMMËLÍËLÎLLŽNÍKÌ‹ÎÎLŒBÎLKLLKŽŒÌMŒËLÌÍÌÎLŽKÌ‹ŽLÌÌMML‚ÎL‹LLŒKŒÍÌÍLMLËLŒ‹ŒÍÍŒLMÌËŒLÍML‚ÎLËLLÍKŽLLLŽNL‹LL‹ŒÎLÌLÎÌËŒŒÌÎLŒŽÂÎMLMKŒÌMÎLŒM‹LKLÎLNLNÌËÍMLÌÂÎMKLMŒKŒÍÍMLMÍKKLÌŒLLNÌËŒŒMÌÌÂÎM‹LMÌKŽLÍÎLŒËÍ‹MŽŒŒÌM‹ÌËÍLLNNÎMËLNŽMMŽÌËŒ‹LŒÍŽMŽKÌËŽLŽÍM‚ÎNLNËŽMMËËMÎMŒLŒLN‹ÌŒÌÍÍÎNKLNLËŒLŒŽMLŒÌ‹ŒLNÎÍËÌŒLLÍMMŽNBŽLNM‹ŒŽÍÌÍÍKM‹ŒMNMNMÌŒMŽŒŽŽKLNMËŒÌŒÎLÍ‹LKŽMMŽMŒNM™KLLËÌŒNÌŒLÌÂŽ‹LNM‹ŒŽÍÌÍÍKLM‹ŒMNMNMÌŒMŽŒŽŽËLNLËŒLŒŽMLŒLÌ‹ŒLNÎÍËÌŒLLÍMMŽNBŽLNËŽMMËMËMÎMŒLŒLN‹ÌŒÌÍÍŽKLNŽMMŽÌËMŒ‹LŒÍŽMŽKÌËŽLŽÍM‚Ž‹LMÌKŽLÍÎLŒËMÍ‹MŽŒŒÌM‹ÌËÍLLNNŽËLMŒKŒÍÍMLMÍKNKLÌŒLLNÌËŒŒMÌÌÂŽLMKŒÌMÎLŒM‹LLKLÎLNLNÌËÍMLÌÂŽKLLÍKŽLLLŽNL‹LLL‹ŒÎLÌLÎÌËŒŒÌÎLŒŽÂŽLLLŒKŒÍÌÍLMLËLLŒ‹ŒÍÍŒLMÌËŒLÍML‚ŽLKLLKŽŒÌMŒËLLÌÍÌÎLŽKÌ‹ŽLÌÌMML‚ŽL‹NKÌMMËLLÍËLÎLLŽNÍKÌ‹ÎÎLŒBŽLËMÌ‹ŒÍLÍLŒËLMËŒÍMÌËÌ‹ŒŒŽN‚ŽMMMÌÌŒMÍNKLMËŽMMÍÍLNÌ‹MŒMLŽMÂŽMKLÍ‹ÌMLKLMLKŒLÌŒÍNM‹Ì‹MŽMMBŽM‹LNŒŽŽKLMLËŒÌÍMM‹Ì‹ÎNNLBŽMËKŒÍMNMÌMÍÎLYKLMLMLËÌŒLLŒ‹Ì‹ÌÌNÂŽNNŒŽŽKLMLËŒÌÍMM‹Ì‹ÎNNLBŽNKÍ‹ÌMLKLMLKŒLÌŒÍNM‹Ì‹MŽMMBŽŒMÌÌŒMÍNKLMËŽMMÍÍLNÌ‹MŒMLŽMÂŽŒKÌ‹ŒÍLÍLŒËLMËŒÍMÌËÌ‹ŒŒŽN‚ŽŒ‹KÌMMËLLÍËLÎLLŽNÍKÌ‹ÎÎLŒBŽŒËLKŽŒÌMŒËLLÌÍÌÎLŽKÌ‹ŽLÌÌMML‚ŽLŒKŒÍÌÍLMLËLLŒ‹ŒÍÍŒLMÌËŒLÍML‚ŽKLÍKŽLLLŽNL‹LLL‹ŒÎLÌLÎÌËŒŒÌÎLŒŽÂŽ‹MKŒÌMÎLŒM‹LLKLÎLNLNÌËÍMLÌÂŽËMŒKŒÍÍMLMÍKNKLÌŒLLNÌËŒŒMÌÌÂŽŽMÌKŽLÍÎLŒËMÍ‹MŽŒŒÌM‹ÌËÍLLNNŽŽKNŽMMŽÌËMŒ‹LŒÍŽMŽKÌËŽLŽÍM‚ŽÌNËŽMMËMËMÎMŒLŒLN‹ÌŒÌÍÍŽÌKNLËŒLŒŽMLŒLÌ‹ŒLNÎÍËÌŒLLÍMMŽNBŽÌ‹NM‹ŒŽÍÌÍÍKLM‹ŒMNMNMÌŒMŽŒŽŽÌËNM‹ŽMÍÌLÌÌKKŒNNÍLŒŽYKLMÌÌËŒŒMÌLBŽÍNMKŽLÎŒMËM‹ŒMNÌMNŒKÌÌËŒŒÌÌLBŽÍKNL‹ÍÍÍÌŽKÌ‹ŒLNMÌNMÍKÌÌËŒMMŒLÎL‚ŽÍ‹NËŒÎMLËËNÌNLŒMÌÌËŒMÌÎ‚ŽÍËNMNÌÍLŽ‹Œ‹LLÍŒŽÌÌ‹ŽLÌÍÍNLÎLÂŽÎMÌKŽMLÍÎ‹Í‹LÍŽÌÌ‹ÎMŽÎŽÎKMŒKŒMÍNMNÌÌËKŒNMÍMŽÌÌ‹ŒNMŽÌM‚ŽMKŒMŒNLÎËLKŽNMÍKÌÌ‹ŒŽNLŒÍÂŽKLÍKŽLNMÍŒÍM‹LL‹MÌÍNÌÌ‹ŒŒMÍÎLLÂŽ‹LŒKŒŽMMŒŽNLÎLŒ‹ŒŽÍMÎ‹ÌÌ‹ŒÎLMŒŽËLKÍÍÎÌ‹LÌÌLŒŒLLÌÌKŽLMŒŒŒ‚ŽKLÎŒ‹LÍËŽÎMŒLŒ‹ÌÌKÍŒŒŒL‚ŽKÌ‹ŒÍLÌMÍKMËÍLMLMKÌÌKŒÌŽLÌMBŽ‹MÌŽÌMKMŒÌŒLŽÌÌKLNNMBŽËÍ‹ÌMŒMLMKMLKNÍŒŒÌ‹ÌÌKMLŽNBŽNŒMŽNÌËMLËMŒŽMKÌÌKÍMŽKLKŒLÌNNMYKLLËMMŒNNLML‹ÌÌKŒÎLLMŽLLNŒMŽNÌËMLËMŒŽMKÌÌKÍMŽLKLÍ‹ÌMŒMLMKMLKNÍŒŒÌ‹ÌÌKMLŽNBŽL‹MMÌŽÌMKMŒÌŒLŽÌÌKLNNMBŽLËMÌ‹ŒÍLÌMÍKMËÍLMLMKÌÌKŒÌŽLÌMBŽMNKLÎŒ‹LÍËŽÎMŒLŒ‹ÌÌKÍŒŒŒL‚ŽMKLLKÍÍÎÌ‹LÌÌLŒŒLLÌÌKŽLMŒŒŒ‚ŽM‹LLŒKŒŽMMŒŽNLÎLŒ‹ŒŽÍMÎ‹ÌÌ‹ŒÎLMŒŽMËLLÍKŽLNMÍŒÍM‹LL‹MÌÍNÌÌ‹ŒŒMÍÎLLÂŽNLMKŒMŒNLÎËLKŽNMÍKÌÌ‹ŒŽNLŒÍÂŽNKLMŒKŒMÍNMNÌÌËKŒNMÍMŽÌÌ‹ŒNMŽÌM‚ŽŒLMÌKŽMLÍÎ‹Í‹LÍŽÌÌ‹ÎMŽÎŽŒKLNMNÌÍLŽ‹Œ‹LLÍŒŽÌÌ‹ŽLÌÍÍNLÎLÂŽŒ‹LNËŒÎMLËËNÌNLŒMÌÌËŒMÌÎ‚ŽŒËLNL‹ÍÍÍÌŽKÌ‹ŒLNMÌNMÍKÌÌËŒMMŒLÎL‚ŽLNMKŽLÎŒMËM‹ŒMNÌMNŒKÌÌËŒŒÌÌLBŽKLNM‹ŽMÍÌLÌÌKLKMMMLÍYKLLËÌÌËŒŒMÌLBŽ‹LNMKŽLÎŒMËLM‹ŒMNÌMNŒKÌÌËŒŒÌÌLBŽËLNL‹ÍÍÍÌŽKLÌ‹ŒLNMÌNMÍKÌÌËŒMMŒLÎL‚ŽŽLNËŒÎMLËMËNÌNLŒMÌÌËŒMÌÎ‚ŽŽKLNMNÌÍLŽ‹MŒ‹LLÍŒŽÌÌ‹ŽLÌÍÍNLÎLÂŽÌLMÌKŽMLÍÎ‹MÍ‹LÍŽÌÌ‹ÎMŽÎŽÌKLMŒKŒMÍNMNÌÌËNKŒNMÍMŽÌÌ‹ŒNMŽÌM‚ŽÌ‹LMKŒMŒNLÎËLLKŽNMÍKÌÌ‹ŒŽNLŒÍÂŽÌËLLÍKŽLNMÍŒÍM‹LLL‹MÌÍNÌÌ‹ŒŒMÍÎLLÂŽÍLLŒKŒŽMMŒŽNLÎLLŒ‹ŒŽÍMÎ‹ÌÌ‹ŒÎLMŒŽÍKLLKÍÍÎÌ‹LLÌÌLŒŒLLÌÌKŽLMŒŒŒ‚ŽÍ‹NKLÎŒ‹LLÍËŽÎMŒLŒ‹ÌÌKÍŒŒŒL‚ŽÍËMÌ‹ŒÍLÌMÍKLMËÍLMLMKÌÌKŒÌŽLÌMBŽÎMMÌŽÌMKLMŒÌŒLŽÌÌKLNNMBŽÎKLÍ‹ÌMŒMLMKLMLKNÍŒŒÌ‹ÌÌKMLŽNBŽLNŒMŽNÌËLMLËMŒŽMKÌÌKÍMŽKLÍÌMŽNMÍMÙKLMLMMŒNNLML‹ÌÌKŒÎLLMŽ‹NŒMŽNÌËLMLËMŒŽMKÌÌKÍMŽËÍ‹ÌMŒMLMKLMLKNÍŒŒÌ‹ÌÌKMLŽNBŽMÌŽÌMKLMŒÌŒLŽÌÌKLNNMBŽKÌ‹ŒÍLÌMÍKLMËÍLMLMKÌÌKŒÌŽLÌMBŽ‹KLÎŒ‹LLÍËŽÎMŒLŒ‹ÌÌKÍŒŒŒL‚ŽËLKÍÍÎÌ‹LLÌÌLŒŒLLÌÌKŽLMŒŒŒ‚ŽLŒKŒŽMMŒŽNLÎLLŒ‹ŒŽÍMÎ‹ÌÌ‹ŒÎLMŒŽKLÍKŽLNMÍŒÍM‹LLL‹MÌÍNÌÌ‹ŒŒMÍÎLLÂŽLMKŒMŒNLÎËLLKŽNMÍKÌÌ‹ŒŽNLŒÍÂŽLKMŒKŒMÍNMNÌÌËNKŒNMÍMŽÌÌ‹ŒNMŽÌM‚ŽL‹MÌKŽMLÍÎ‹MÍ‹LÍŽÌÌ‹ÎMŽÎŽLËNMNÌÍLŽ‹MŒ‹LLÍŒŽÌÌ‹ŽLÌÍÍNLÎLÂŽMNËŒÎMLËMËNÌNLŒMÌÌËŒMÌÎ‚ŽMKNL‹ÍÍÍÌŽKLÌ‹ŒLNMÌNMÍKÌÌËŒMMŒLÎL‚ŽM‹NMKŽLÎŒMËLM‹ŒMNÌMNŒKÌÌËŒŒÌÌLBŽMËNM‹MŒLLLŒ‹KMÌNÍÍ™KLMÍNŒÌNŒLBŽNNMKLLŽ‹M‹ŒMMŽLLLNÍNŒLLÎÌBŽNKNL‹ŒÎMMMÍ‹Ì‹ŒLÌÍÌÍNLËÍNŒNLLMŽNBŽLNËŒŽÌMMÍÌ‹ËNNÍNŽMÍNŒLÎMLŒÍBŽLKNŒNŽNËŒ‹ÎÍMMŽMŽÍMËŽMLŒÂŽL‹MÌKLLŒËÍ‹MŒÍŒNÍM‹ÍMËŽLŽNÌÂŽLËMŒŽMŽLŽL‹KÌLMÎLÌŒ‹ÍMËŒÍLÎLÌBŽLMKŒÌMÌLŒ‹LKŽÌÍŒÍÍMËLÍ‚ŽLKLÍKŽMÌLŽKLL‹ÍŒŒËÍMËŒNLŒNLÍÂŽL‹LŒKŒŒMNLLKLŒ‹LLŒNM‹ÍMËŒÌŽLÍŒBŽLËLKÌŒÌÍLÍ‹LÌKŒLMÎNŒËÍM‹ŽMŽLMŒÎŽLKŒÍÍÌLNNLÎŒŒÌLŒŒKÍM‹ÌÍÌÍŽNÌÂŽLKÌ‹ŒÌŽMÍMMMŒMLLÍÌM‹ÍM‹NNMMLLŽBŽLLMÌMŒÌŒNMÍŒŒŒŽLÍËÍM‹ÎMLLŒBŽLLKÍ‹ÌLŒÎNML‹ŒNŒŒMËÍM‹MMÌŒŽÂŽLL‹NŒÌŒÌŒM‹MMŒÍŒLŒÎÎÍM‹ŒÍMLLÎLÍ‚ŽLLËLKŒŒLLŽLÎYKLLËMMŽMMMÎLŒKÍM‹ŒÌÎÌNLLL‚ŽLMLNŒÌŒÌŒM‹MMŒÍŒLŒÎÎÍM‹ŒÍMLLÎLÍ‚ŽLMKLÍ‹ÌLŒÎNML‹ŒNŒŒMËÍM‹MMÌŒŽÂŽLM‹MMÌMŒÌŒNMÍŒŒŒŽLÍËÍM‹ÎMLLŒBŽLMËMÌ‹ŒÌŽMÍMMMŒMLLÍÌM‹ÍM‹NNMMLLŽBŽLNNKŒÍÍÌLNNLÎŒŒÌLŒŒKÍM‹ÌÍÌÍŽNÌÂŽLNKLLKÌŒÌÍLÍ‹LÌKŒLMÎNŒËÍM‹ŽMŽLMŒÎŽLŒLLŒKŒŒMNLLKLŒ‹LLŒNM‹ÍMËŒÌŽLÍŒBŽLŒKLLÍKŽMÌLŽKLL‹ÍŒŒËÍMËŒNLŒNLÍÂŽLŒ‹LMKŒÌMÌLŒ‹LKŽÌÍŒÍÍMËLÍ‚ŽLŒËLMŒŽMŽLŽL‹KÌLMÎLÌŒ‹ÍMËŒÍLÎLÌBŽLLMÌKLLŒËÍ‹MŒÍŒNÍM‹ÍMËŽLŽNÌÂŽLKLNŒNŽNËŒ‹ÎÍMMŽMŽÍMËŽMLŒÂŽL‹LNËŒŽÌMMÍÌ‹ËNNÍNŽMÍNŒLÎMLŒÍBŽLËLNL‹ŒÎMMMÍ‹Ì‹ŒLÌÍÌÍNLËÍNŒNLLMŽNBŽLŽLNMKLLŽ‹M‹ŒMMŽLLLNÍNŒLLÎÌBŽLŽKLNM‹MŒLLLŒ‹LKŒÍÌLMKLLËÍNŒÌNŒLBŽLÌLNMKLLŽ‹LM‹ŒMMŽLLLNÍNŒLLÎÌBŽLÌKLNL‹ŒÎMMMÍ‹LÌ‹ŒLÌÍÌÍNLËÍNŒNLLMŽNBŽLÌ‹LNËŒŽÌMMÍÌ‹MËNNÍNŽMÍNŒLÎMLŒÍBŽLÌËLNŒNŽNËMŒ‹ÎÍMMŽMŽÍMËŽMLŒÂŽLÍLMÌKLLŒËMÍ‹MŒÍŒNÍM‹ÍMËŽLŽNÌÂŽLÍKLMŒŽMŽLŽL‹NKÌLMÎLÌŒ‹ÍMËŒÍLÎLÌBŽLÍ‹LMKŒÌMÌLŒ‹LLKŽÌÍŒÍÍMËLÍ‚ŽLÍËLLÍKŽMÌLŽKLLL‹ÍŒŒËÍMËŒNLŒNLÍÂŽLÎLLŒKŒŒMNLLKLLŒ‹LLŒNM‹ÍMËŒÌŽLÍŒBŽLÎKLLKÌŒÌÍLÍ‹LLÌKŒLMÎNŒËÍM‹ŽMŽLMŒÎŽMNKŒÍÍÌLNNLLÎŒŒÌLŒŒKÍM‹ÌÍÌÍŽNÌÂŽMKMÌ‹ŒÌŽMÍMMLMŒMLLÍÌM‹ÍM‹NNMMLLŽBŽM‹MMÌMŒÌŒNLMÍŒŒŒŽLÍËÍM‹ÎMLLŒBŽMËLÍ‹ÌLŒÎNLML‹ŒNŒŒMËÍM‹MMÌŒŽÂŽMLNŒÌŒÌŒM‹LMMŒÍŒLŒÎÎÍM‹ŒÍMLLÎLÍ‚ŽMKËŽLŽŽKLMLMMŽMMMÎLŒKÍM‹ŒÌÎÌNLLL‚ŽM‹NŒÌŒÌŒM‹LMMŒÍŒLŒÎÎÍM‹ŒÍMLLÎLÍ‚ŽMËÍ‹ÌLŒÎNLML‹ŒNŒŒMËÍM‹MMÌŒŽÂŽMMÌMŒÌŒNLMÍŒŒŒŽLÍËÍM‹ÎMLLŒBŽMKÌ‹ŒÌŽMÍMMLMŒMLLÍÌM‹ÍM‹NNMMLLŽBŽMLKŒÍÍÌLNNLLÎŒŒÌLŒŒKÍM‹ÌÍÌÍŽNÌÂŽMLKLKÌŒÌÍLÍ‹LLÌKŒLMÎNŒËÍM‹ŽMŽLMŒÎŽML‹LŒKŒŒMNLLKLLŒ‹LLŒNM‹ÍMËŒÌŽLÍŒBŽMLËLÍKŽMÌLŽKLLL‹ÍŒŒËÍMËŒNLŒNLÍÂŽMMMKŒÌMÌLŒ‹LLKŽÌÍŒÍÍMËLÍ‚ŽMMKMŒŽMŽLŽL‹NKÌLMÎLÌŒ‹ÍMËŒÍLÎLÌBŽMM‹MÌKLLŒËMÍ‹MŒÍŒNÍM‹ÍMËŽLŽNÌÂŽMMËNŒNŽNËMŒ‹ÎÍMMŽMŽÍMËŽMLŒÂŽMNNËŒŽÌMMÍÌ‹MËNNÍNŽMÍNŒLÎMLŒÍBŽMNKNL‹ŒÎMMMÍ‹LÌ‹ŒLÌÍÌÍNLËÍNŒNLLMŽNBŽMŒNMKLLŽ‹LM‹ŒMMŽLLLNÍNŒLLÎÌBŽMŒKNM‹ŒLNLMŒ‹KŒÌÍLÎLÍŒKLMÎËŒÌŒÌNLŽMŒ‹NMKŒÎMÍM‹ŒMMMNMNLKÎËŒÌMÌÍÌÎŽMŒËNL‹ŒMÍŒŽKÌ‹ŒMŽŒÍËÎËŒŒÎÎMÂŽMN‹ŽLŒÌLŒMLÍËŒÌMÎMÍÎËŒLÍNLÎŒ‚ŽMKMÎKŽMMÍÌÎMŒ‹LÍLŽŒNKÎ‹ŽNNMÍÎBŽM‹MÌKŒMÌNÎŒËÍ‹ŒŒNMLÍŒ‹Î‹ŽÍŒLÎLŽMBŽMËMŒÍLMÎL‹KŽÌŒMMMÎ‹LLŽMŽMŽÌŽLÍLÌ‹LKŽMLŒMLÌÎKÎ‹MŒÌNN‚ŽMŽKLÍKMÌŒLL‹ŽMŒLÌKÎ‹ŒMÌLÍŒBŽMÌLŒKŒLÌLÍÍÍLËLŒ‹ÍŽÍÎKÎ‹ŒŒMŒNŽMÌKLKÌMÍŒËLÌKŒÌŒLLŽLLËÎKŽÍLÍL‚ŽMÌ‹KŒÍLŒN‹LÎŒMŒL‹ÎKÌÌNLŒŽŽMÌËÌ‹ŒÌMNLMMÍKMMÌÌMÍ‹ÎKMŒNLŒÌÂŽMÍMÌŒŒLŒÍËMKŒŒŒLNŒŒ‹ÎKMÍMBŽMÍKÍ‹ÌLMŽMM‹ML‹MLÎÌ‹ÎKŒÍMÍMLÌ‚ŽMÍ‹NMŒKMMMÎMËÎKŒÌMLBŽMÍËLKŒÌÍÎLLŒYKLLËMMKŒŒLÎLŒL‹ÎKŒŽÌLÌNMŽMÎLNMŒKMMMÎMËÎKŒÌMLBŽMÎKLÍ‹ÌLMŽMM‹ML‹MLÎÌ‹ÎKŒÍMÍMLÌ‚ŽNMMÌŒŒLŒÍËMKŒŒŒLNŒŒ‹ÎKMÍMBŽNKMÌ‹ŒÌMNLMMÍKMMÌÌMÍ‹ÎKMŒNLŒÌÂŽN‹NKŒÍLŒN‹LÎŒMŒL‹ÎKÌÌNLŒŽŽNËLLKÌMÍŒËLÌKŒÌŒLLŽLLËÎKŽÍLÍL‚ŽNLLŒKŒLÌLÍÍÍLËLŒ‹ÍŽÍÎKÎ‹ŒŒMŒNŽNKLLÍKMÌŒLL‹ŽMŒLÌKÎ‹ŒMÌLÍŒBŽN‹LMŽÌŽLÍLÌ‹LKŽMLŒMLÌÎKÎ‹MŒÌNN‚ŽNËLMŒÍLMÎL‹KŽÌŒMMMÎ‹LLŽNLMÌKŒMÌNÎŒËÍ‹ŒŒNMLÍŒ‹Î‹ŽÍŒLÎLŽMBŽNKLMÎKŽMMÍÌÎMŒ‹LÍLŽŒNKÎ‹ŽNNMÍÎBŽNLLN‹ŽLŒÌLŒMLÍËŒÌMÎMÍÎËŒLÍNLÎŒ‚ŽNLKLNL‹ŒMÍŒŽKÌ‹ŒMŽŒÍËÎËŒŒÎÎMÂŽNL‹LNMKŒÎMÍM‹ŒMMMNMNLKÎËŒÌMÌÍÌÎŽNLËLNM‹ŒLNLMŒ‹LKMÎNÎLM™KLLËÎËŒÌŒÌNLŽNMLNMKŒÎMÍLM‹ŒMMMNMNLKÎËŒÌMÌÍÌÎŽNMKLNL‹ŒMÍŒŽKLÌ‹ŒMŽŒÍËÎËŒŒÎÎMÂŽNM‹LN‹ŽLŒÌLŒMLÍMËŒÌMÎMÍÎËŒLÍNLÎŒ‚ŽNMËLMÎKŽMMÍÌÎMMŒ‹LÍLŽŒNKÎ‹ŽNNMÍÎBŽNNLMÌKŒMÌNÎŒËMÍ‹ŒŒNMLÍŒ‹Î‹ŽÍŒLÎLŽMBŽNNKLMŒÍLMÎL‹NKŽÌŒMMMÎ‹LLŒLLMŽÌŽLÍLÌ‹LLKŽMLŒMLÌÎKÎ‹MŒÌNN‚ŒLKLLÍKMÌŒLLL‹ŽMŒLÌKÎ‹ŒMÌLÍŒBŒL‹LLŒKŒLÌLÍÍÍLËLLŒ‹ÍŽÍÎKÎ‹ŒŒMŒNŒLËLLKÌMÍŒËLLÌKŒÌŒLLŽLLËÎKŽÍLÍL‚ŒLNKŒÍLŒN‹LLÎŒMŒL‹ÎKÌÌNLŒŽŒLKMÌ‹ŒÌMNLMMÍKLMMÌÌMÍ‹ÎKMŒNLŒÌÂŒL‹MMÌŒŒLŒÍËLMKŒŒŒLNŒŒ‹ÎKMÍMBŒLËLÍ‹ÌLMŽMM‹LML‹MLÎÌ‹ÎKŒÍMÍMLÌ‚ŒLLNMŒKLMMMÎMËÎKŒÌMLBŒLKËLÌŒÌÍMYKLMLMMKŒŒLÎLŒL‹ÎKŒŽÌLÌNMŒLLNMŒKLMMMÎMËÎKŒÌMLBŒLLKÍ‹ÌLMŽMM‹LML‹MLÎÌ‹ÎKŒÍMÍMLÌ‚ŒLL‹MÌŒŒLŒÍËLMKŒŒŒLNŒŒ‹ÎKMÍMBŒLLËÌ‹ŒÌMNLMMÍKLMMÌÌMÍ‹ÎKMŒNLŒÌÂŒLMKŒÍLŒN‹LLÎŒMŒL‹ÎKÌÌNLŒŽŒLMKLKÌMÍŒËLLÌKŒÌŒLLŽLLËÎKŽÍLÍL‚ŒLM‹LŒKŒLÌLÍÍÍLËLLŒ‹ÍŽÍÎKÎ‹ŒŒMŒNŒLMËLÍKMÌŒLLL‹ŽMŒLÌKÎ‹ŒMÌLÍŒBŒLNMŽÌŽLÍLÌ‹LLKŽMLŒMLÌÎKÎ‹MŒÌNN‚ŒLNKMŒÍLMÎL‹NKŽÌŒMMMÎ‹LLŒLŒMÌKŒMÌNÎŒËMÍ‹ŒŒNMLÍŒ‹Î‹ŽÍŒLÎLŽMBŒLŒKMÎKŽMMÍÌÎMMŒ‹LÍLŽŒNKÎ‹ŽNNMÍÎBŒLŒ‹N‹ŽLŒÌLŒMLÍMËŒÌMÎMÍÎËŒLÍNLÎŒ‚ŒLŒËNL‹ŒMÍŒŽKLÌ‹ŒMŽŒÍËÎËŒŒÎÎMÂŒLNMKŒÎMÍLM‹ŒMMMNMNLKÎËŒÌMÌÍÌÎŒLKNMKŽNNÌËKŒMMLLŽLMŒ™KLMŒÎLMMÍÂŒL‹NMÎMŒ‹M‹ŒMLÎMŽMMKŒÍNÌÌÍŒNŒLËNLKNMŒLŒÍKÌ‹ŒMMLL‹ŒŽLLÌBŒLŽN‹MLÌÌNMËŒŒLÌŒŒNÌNLBŒLŽKMÎKŒŒMLKŒ‹LÎLMÌ‹ŒÎLÌÌŒLÌMÌŽLLLKÍ‹ŽLÌLÎNËŽŒÍÎMMBŒLÌKMŒLMLÍËKŽLLÌMŒŒLKËÌŒŒÌLÍ‚ŒLÌ‹MMÌÌÌNËL‹ŒLÌŒÎKËLÎÌÂŒLÌËLÍKŒ‹LLËŒMÌŒŽËËŒLÎLNMNMŒLÍLŒKŒMLÌ‹LŒËŒLLŽËŒÍÌ‚ŒLÍKLKŒMŒLLÌKMÍŒÌLK‹ŽLMÎ‚ŒLÍ‹KŒÌNMLÍÍ‹LÎŽNNLË‹ÌŽMMNLÍŒLÍËÌ‹ŒÌŽLLMŽLËMKŒNLÌLK‹LNMMÍMMBŒLÎMÌNLLMMÍËMKÌMLŒK‹ŒÎMLLÌÂŒLÎKÍ‹ÌLNLÌÍMLËŒŒÌŽLÌ‹‹ŒÌÍÍMŽŒLNŒÎÍKMMKŒÌÍŽ‹ŒÍÎŒBŒLKNKNNLMŽLYKLMMMKÍLÌLŒL‹‹ŒŒŽMMMBŒL‹LNŒÎÍKMMKŒÌÍŽ‹ŒÍÎŒBŒLËLÍ‹ÌLNLÌÍMLËŒŒÌŽLÌ‹‹ŒÌÍÍMŽŒLMMÌNLLMMÍËMKÌMLŒK‹ŒÎMLLÌÂŒLKMÌ‹ŒÌŽLLMŽLËMKŒNLÌLK‹LNMMÍMMBŒL‹NKŒÌNMLÍÍ‹LÎŽNNLË‹ÌŽMMNLÍŒLËLLKŒMŒLLÌKMÍŒÌLK‹ŽLMÎ‚ŒLLLŒKŒMLÌ‹LŒËŒLLŽËŒÍÌ‚ŒLKLLÍKŒ‹LLËŒMÌŒŽËËŒLÎLNMNMŒLLLMMÌÌÌNËL‹ŒLÌŒÎKËLÎÌÂŒLLKLMŒLMLÍËKŽLLÌMŒŒLKËÌŒŒÌLÍ‚ŒLL‹LMÌŽLLLKÍ‹ŽLÌLÎNËŽŒÍÎMMBŒLLËLMÎKŒŒMLKŒ‹LÎLMÌ‹ŒÎLÌÌŒLMLN‹MLÌÌNMËŒŒLÌŒŒNÌNLBŒLMKLNLKNMŒLŒÍKÌ‹ŒMMLL‹ŒŽLLÌBŒLM‹LNMÎMŒ‹M‹ŒMLÎMŽMMKŒÍNÌÌÍŒNŒLMËLNMKŽNNÌËLKÍLLŒLÌÍŒÎKLLËŒÎLMMÍÂŒLNLNMÎMŒ‹LM‹ŒMLÎMŽMMKŒÍNÌÌÍŒNŒLNKLNLKNMŒLŒÍKLÌ‹ŒMMLL‹ŒŽLLÌBŒLŒLN‹MLÌÌNMMËŒŒLÌŒŒNÌNLBŒLŒKLMÎKŒŒMLKMŒ‹LÎLMÌ‹ŒÎLÌÌŒLŒ‹LMÌŽLLLKMÍ‹ŽLÌLÎNËŽŒÍÎMMBŒLŒËLMŒLMLÍËNKŽLLÌMŒŒLKËÌŒŒÌLÍ‚ŒLLMMÌÌÌNËLL‹ŒLÌŒÎKËLÎÌÂŒLKLLÍKŒ‹LLLËŒMÌŒŽËËŒLÎLNMNMŒL‹LLŒKŒMLÌ‹LLŒËŒLLŽËŒÍÌ‚ŒLËLLKŒMŒLLLÌKMÍŒÌLK‹ŽLMÎ‚ŒLŽNKŒÌNMLÍÍ‹LLÎŽNNLË‹ÌŽMMNLÍŒLŽKMÌ‹ŒÌŽLLMŽLËLMKŒNLÌLK‹LNMMÍMMBŒLÌMMÌNLLMMÍËLMKÌMLŒK‹ŒÎMLLÌÂŒLÌKLÍ‹ÌLNLÌÍLMLËŒŒÌŽLÌ‹‹ŒÌÍÍMŽŒLÌ‹LNŒÎÍKLMMKŒÌÍŽ‹ŒÍÎŒBŒLÌË‹ŽLÍŒÍŒŒÙKLMLMMKÍLÌLŒL‹‹ŒŒŽMMMBŒLÍNŒÎÍKLMMKŒÌÍŽ‹ŒÍÎŒBŒLÍKÍ‹ÌLNLÌÍLMLËŒŒÌŽLÌ‹‹ŒÌÍÍMŽŒLÍ‹MÌNLLMMÍËLMKÌMLŒK‹ŒÎMLLÌÂŒLÍËÌ‹ŒÌŽLLMŽLËLMKŒNLÌLK‹LNMMÍMMBŒLÎKŒÌNMLÍÍ‹LLÎŽNNLË‹ÌŽMMNLÍŒLÎKLKŒMŒLLLÌKMÍŒÌLK‹ŽLMÎ‚ŒLLŒKŒMLÌ‹LLŒËŒLLŽËŒÍÌ‚ŒLKLÍKŒ‹LLLËŒMÌŒŽËËŒLÎLNMNMŒL‹MMÌÌÌNËLL‹ŒLÌŒÎKËLÎÌÂŒLËMŒLMLÍËNKŽLLÌMŒŒLKËÌŒŒÌLÍ‚ŒLMÌŽLLLKMÍ‹ŽLÌLÎNËŽŒÍÎMMBŒLKMÎKŒŒMLKMŒ‹LÎLMÌ‹ŒÎLÌÌŒL‹N‹MLÌÌNMMËŒŒLÌŒŒNÌNLBŒLËNLKNMŒLŒÍKLÌ‹ŒMMLL‹ŒŽLLÌBŒLNMÎMŒ‹LM‹ŒMLÎMŽMMKŒÍNÌÌÍŒNŒLKNMKŒNÎMÌÌÌ‹KÌŽMŒÌMÎYKLMKÌËLÍLLÂŒLLNMŒMŽÍÍNKM‹ŒMLÌÍM‹ÌËŒLŽLMŒNBŒLLKNLKŒLÌŽMÍÎKÌ‹ŒMŽLŒMÌËŒÍLÌÍŒM‚ŒLL‹N‹ŒLÌÌÌÍNLÌ‹ËŒÌŽÌ‹ÌËŒŒÍNNŒ‚ŒLLËMÎKŒMÌÎŒÎKŒ‹MÌÌÎMŒMÎÌËŒÍMÂŒLMMÌNLLLNNM‹Í‹ÍLŒMŒLÌŒŒËÌ‹ŽLŒMÍŽBŒLMKMŒŒŽÌNMÍÎKLŒMMÍËÌ‹ŽMŒŒŒ‚ŒLM‹MÌNÍÎM‹L‹ŒÌŒMËÌ‹ÍMŽMBŒLMËLÍKŒÌLŒŒŽLKLLËŒÎMÍÍKÌ‹ŒLMŽŒLNLŒŽMLÍÍ‹LŒËŒÌŽŽŒKÌ‹ŒÌMMLBŒLNKLKMNMLLŒLL‹LÌ‹ŒÍÌŽKÌKŽŒÌÌÂŒLLKŒŽÌMMÌÍMLÎKŒÎNÍŒÎMKÌKŒÍLLÌBŒLLKÌ‹ŒŽLLLKMKÌMLŒ‹ÌKÌLMLÍÂŒLL‹MÌMMŽLNNKMLŒŒMÌÌMMËÌKŒÍÌMŒMŒLLËÍ‹ÌLÍLLÌNMLËŒLŒMKÌKŒÎMBŒLLNÍLMNLËMMKŒÎNMNKÌKŒNŽLŒÍ‚ŒLLKNMŒÎMŒÙKLMMM‹ŒÌMÍLL‹ÌKŒMÍLÌÎŒLL‹LNÍLMNLËMMKŒÎNMNKÌKŒNŽLŒÍ‚ŒLLËLÍ‹ÌLÍLLÌNMLËŒLŒMKÌKŒÎMBŒLLMMÌMMŽLNNKMLŒŒMÌÌMMËÌKŒÍÌMŒMŒLLKMÌ‹ŒŽLLLKMKÌMLŒ‹ÌKÌLMLÍÂŒLLLNKŒŽÌMMÌÍMLÎKŒÎNÍŒÎMKÌKŒÍLLÌBŒLLLKLLKMNMLLŒLL‹LÌ‹ŒÍÌŽKÌKŽŒÌÌÂŒLLL‹LLŒŽMLÍÍ‹LŒËŒÌŽŽŒKÌ‹ŒÌMMLBŒLLLËLLÍKŒÌLŒŒŽLKLLËŒÎMÍÍKÌ‹ŒLMŽŒLLMLMÌNÍÎM‹L‹ŒÌŒMËÌ‹ÍMŽMBŒLLMKLMŒŒŽÌNMÍÎKLŒMMÍËÌ‹ŽMŒŒŒ‚ŒLLM‹LMÌNLLLNNM‹Í‹ÍLŒMŒLÌŒŒËÌ‹ŽLŒMÍŽBŒLLMËLMÎKŒMÌÎŒÎKŒ‹MÌÌÎMŒMÎÌËŒÍMÂŒLLNLN‹ŒLÌÌÌÍNLÌ‹ËŒÌŽÌ‹ÌËŒŒÍNNŒ‚ŒLLNKLNLKŒLÌŽMÍÎKÌ‹ŒMŽLŒMÌËŒÍLÌÍŒM‚ŒLLŒLNMŒMŽÍÍNKM‹ŒMLÌÍM‹ÌËŒLŽLMŒNBŒLLŒKLNMKŒNÎMÌÌÌ‹LKÍÌLLYKLLËÌËLÍLLÂŒLLŒ‹LNMŒMŽÍÍNKLM‹ŒMLÌÍM‹ÌËŒLŽLMŒNBŒLLŒËLNLKŒLÌŽMÍÎKLÌ‹ŒMŽLŒMÌËŒÍLÌÍŒM‚ŒLLLN‹ŒLÌÌÌÍNLÌ‹MËŒÌŽÌ‹ÌËŒŒÍNNŒ‚ŒLLKLMÎKŒMÌÎŒÎKMŒ‹MÌÌÎMŒMÎÌËŒÍMÂŒLL‹LMÌNLLLNNM‹MÍ‹ÍLŒMŒLÌŒŒËÌ‹ŽLŒMÍŽBŒLLËLMŒŒŽÌNMÍÎKNLŒMMÍËÌ‹ŽMŒŒŒ‚ŒLLŽLMÌNÍÎM‹LL‹ŒÌŒMËÌ‹ÍMŽMBŒLLŽKLLÍKŒÌLŒŒŽLKLLLËŒÎMÍÍKÌ‹ŒLMŽŒLLÌLLŒŽMLÍÍ‹LLŒËŒÌŽŽŒKÌ‹ŒÌMMLBŒLLÌKLLKMNMLLŒLL‹LLÌ‹ŒÍÌŽKÌKŽŒÌÌÂŒLLÌ‹NKŒŽÌMMÌÍMLLÎKŒÎNÍŒÎMKÌKŒÍLLÌBŒLLÌËMÌ‹ŒŽLLLKLMKÌMLŒ‹ÌKÌLMLÍÂŒLLÍMMÌMMŽLNNKLMLŒŒMÌÌMMËÌKŒÍÌMŒMŒLLÍKLÍ‹ÌLÍLLÌNLMLËŒLŒMKÌKŒÎMBŒLLÍ‹LNÍLMNLËLMMKŒÎNMNKÌKŒNŽLŒÍ‚ŒLLÍË‹ŒÌNMMLŒÙKLMLMM‹ŒÌMÍLL‹ÌKŒMÍLÌÎŒLLÎNÍLMNLËLMMKŒÎNMNKÌKŒNŽLŒÍ‚ŒLLÎKÍ‹ÌLÍLLÌNLMLËŒLŒMKÌKŒÎMBŒLMMÌMMŽLNNKLMLŒŒMÌÌMMËÌKŒÍÌMŒMŒLMKÌ‹ŒŽLLLKLMKÌMLŒ‹ÌKÌLMLÍÂŒLM‹KŒŽÌMMÌÍMLLÎKŒÎNÍŒÎMKÌKŒÍLLÌBŒLMËLKMNMLLŒLL‹LLÌ‹ŒÍÌŽKÌKŽŒÌÌÂŒLMLŒŽMLÍÍ‹LLŒËŒÌŽŽŒKÌ‹ŒÌMMLBŒLMKLÍKŒÌLŒŒŽLKLLLËŒÎMÍÍKÌ‹ŒLMŽŒLM‹MÌNÍÎM‹LL‹ŒÌŒMËÌ‹ÍMŽMBŒLMËMŒŒŽÌNMÍÎKNLŒMMÍËÌ‹ŽMŒŒŒ‚ŒLMMÌNLLLNNM‹MÍ‹ÍLŒMŒLÌŒŒËÌ‹ŽLŒMÍŽBŒLMKMÎKŒMÌÎŒÎKMŒ‹MÌÌÎMŒMÎÌËŒÍMÂŒLMLN‹ŒLÌÌÌÍNLÌ‹MËŒÌŽÌ‹ÌËŒŒÍNNŒ‚ŒLMLKNLKŒLÌŽMÍÎKLÌ‹ŒMŽLŒMÌËŒÍLÌÍŒM‚ŒLML‹NMŒMŽÍÍNKLM‹ŒMLÌÍM‹ÌËŒLŽLMŒNBŒLMLËNMŒNËÎLÎMŒÍŒMÎNYKLMKNLMŒMŒNMÍBŒLMMNLËMÌŒLMÍKM‹ŒMLLÍÎŒM‹NLÍLÎŒLMMKNLLMLÍLËÌ‹ŒNMŒNNMMLNMŒLMM‹NKŽMMÌÌÍŒ‹ËŒŽŒÎ‹NŒŽMLMÎL‚ŒLMMËMÎŽŽMÎLMKŒ‹ŒLÍMŽNNKNŒLÌÌÌÍBŒLMNMÌŒŽMLKÍ‹ŽNNNNKMËŽLÍÎLMMŒLMNKMŒŒMÍNLËLŒMMÍLŒMËÌNLÍÌNNŒLMŒMŒÍLŽL‹L‹ÌÌLÌ‹MËŒŽŽM‚ŒLMŒKLÍKŒMMŽL‹LLËŒÍÌÍÍMËŒÎMÎŒLMŒ‹LŒŽMLÍM‹LŒËŒÌÌÍNNMËŒLÎMNMÍŒLMŒËLKNÌLÌ‹ŒÍÎMŒŽM‹M‹ÎLÌMÌÌ‚ŒLMKŒLŽMÌNKLÎKŽŽLÍÌMM‹NLÌMÍMÎŒLMKÌ‹ŒÌÌŒMNŒKMKŽMMNMLÎËM‹ŒNNLBŒLM‹MÌLLÌÌËMLÌÍÎMLLËM‹ŒŽÎNNLŽBŒLMËÍ‹ÌLÍMÌNMŒKMMŒMŒMÍNMMKM‹ŒMÎÌÍ‚ŒLMŽNŽMÌMMNMM‹ŒŒNLMŒÍM‹ŒLMLMŒMLÂŒLMŽKMËŽMLŽMŒMLÍYKLMMM‹ŽLLŽMMKM‹ŒMMNBŒLMÌLNŽMÌMMNMM‹ŒŒNLMŒÍM‹ŒLMLMŒMLÂŒLMÌKLÍ‹ÌLÍMÌNMŒKMMŒMŒMÍNMMKM‹ŒMÎÌÍ‚ŒLMÌ‹MMÌLLÌÌËMLÌÍÎMLLËM‹ŒŽÎNNLŽBŒLMÌËMÌ‹ŒÌÌŒMNŒKMKŽMMNMLÎËM‹ŒNNLBŒLMÍNKŒLŽMÌNKLÎKŽŽLÍÌMM‹NLÌMÍMÎŒLMÍKLLKNÌLÌ‹ŒÍÎMŒŽM‹M‹ÎLÌMÌÌ‚ŒLMÍ‹LLŒŽMLÍM‹LŒËŒÌÌÍNNMËŒLÎMNMÍŒLMÍËLLÍKŒMMŽL‹LLËŒÍÌÍÍMËŒÎMÎŒLMÎLMŒÍLŽL‹L‹ÌÌLÌ‹MËŒŽŽM‚ŒLMÎKLMŒŒMÍNLËLŒMMÍLŒMËÌNLÍÌNNŒLNLMÌŒŽMLKÍ‹ŽNNNNKMËŽLÍÎLMMŒLNKLMÎŽŽMÎLMKŒ‹ŒLÍMŽNNKNŒLÌÌÌÍBŒLN‹LNKŽMMÌÌÍŒ‹ËŒŽŒÎ‹NŒŽMLMÎL‚ŒLNËLNLLMLÍLËÌ‹ŒNMŒNNMMLNMŒLNLNLËMÌŒLMÍKM‹ŒMLLÍÎŒM‹NLÍLÎŒLNKLNMŒNLKŽLŽNÍMŒYKLLËNLMŒMŒNMÍBŒLN‹LNLËMÌŒLMÍKLM‹ŒMLLÍÎŒM‹NLÍLÎŒLNËLNLLMLÍLËLÌ‹ŒNMŒNNMMLNMŒLNLNKŽMMÌÌÍŒ‹MËŒŽŒÎ‹NŒŽMLMÎL‚ŒLNKLMÎŽŽMÎLMKMŒ‹ŒLÍMŽNNKNŒLÌÌÌÍBŒLNLLMÌŒŽMLKMÍ‹ŽNNNNKMËŽLÍÎLMMŒLNLKLMŒŒMÍNLËNLŒMMÍLŒMËÌNLÍÌNNŒLNL‹LMŒÍLŽL‹LL‹ÌÌLÌ‹MËŒŽŽM‚ŒLNLËLLÍKŒMMŽL‹LLLËŒÍÌÍÍMËŒÎMÎŒLNMLLŒŽMLÍM‹LLŒËŒÌÌÍNNMËŒLÎMNMÍŒLNMKLLKNÌLLÌ‹ŒÍÎMŒŽM‹M‹ÎLÌMÌÌ‚ŒLNM‹NKŒLŽMÌNKLLÎKŽŽLÍÌMM‹NLÌMÍMÎŒLNMËMÌ‹ŒÌÌŒMNŒKLMKŽMMNMLÎËM‹ŒNNLBŒLNNMMÌLLÌÌËLMLÌÍÎMLLËM‹ŒŽÎNNLŽBŒLNNKLÍ‹ÌLÍMÌNMŒKLMMŒMŒMÍNMMKM‹ŒMÎÌÍ‚ŒLŒLNŽMÌMMNLMM‹ŒŒNLMŒÍM‹ŒLMLMŒMLÂŒLŒKKÌNLNLŒNÙKLMLMM‹ŽLLŽMMKM‹ŒMMNBŒLŒ‹NŽMÌMMNLMM‹ŒŒNLMŒÍM‹ŒLMLMŒMLÂŒLŒËÍ‹ÌLÍMÌNMŒKLMMŒMŒMÍNMMKM‹ŒMÎÌÍ‚ŒLŒMÌLLÌÌËLMLÌÍÎMLLËM‹ŒŽÎNNLŽBŒLŒKÌ‹ŒÌÌŒMNŒKLMKŽMMNMLÎËM‹ŒNNLBŒLŒ‹KŒLŽMÌNKLLÎKŽŽLÍÌMM‹NLÌMÍMÎŒLŒËLKNÌLLÌ‹ŒÍÎMŒŽM‹M‹ÎLÌMÌÌ‚ŒLŒLŒŽMLÍM‹LLŒËŒÌÌÍNNMËŒLÎMNMÍŒLŒKLÍKŒMMŽL‹LLLËŒÍÌÍÍMËŒÎMÎŒLŒLMŒÍLŽL‹LL‹ÌÌLÌ‹MËŒŽŽM‚ŒLŒLKMŒŒMÍNLËNLŒMMÍLŒMËÌNLÍÌNNŒLŒL‹MÌŒŽMLKMÍ‹ŽNNNNKMËŽLÍÎLMMŒLŒLËMÎŽŽMÎLMKMŒ‹ŒLÍMŽNNKNŒLÌÌÌÍBŒLŒMNKŽMMÌÌÍŒ‹MËŒŽŒÎ‹NŒŽMLMÎL‚ŒLŒMKNLLMLÍLËLÌ‹ŒNMŒNNMMLNMŒLŒM‹NLËMÌŒLMÍKLM‹ŒMLLÍÎŒM‹NLÍLÎŒLŒMËNMŒLŒÌŽMNL‹LKŒÌÍÌMKLMKËNLÍLMNMÍŒLŒNNLËŒLLÍÌÍËM‹ŒMLLNLËMLMŒÍ‚ŒLŒNKNLŒLŽNNMÌÍ‹Ì‹ŒNNMÌLÎËÎMÎMÂŒLŒŒNKŒŒŒLLLŒËËŒŒŒÍÍÎ‹ËŒÍNLŒL‚ŒLŒŒKMÎLŒMMŒ‹LLNMËŒNŒŒ‚ŒLŒŒ‹MŽKŽLŒLÍ‹ŽLMMK‹ŽMÎMÍNLÌÂŒLŒŒËMNKÍMLNËLŒÌNMÌÌN‹ÍÌMLÍNNBŒLŒMŒNNLÎKL‹ŒÍNLÌNN‹NÍÍÍÍŽBŒLŒKLÍKŒNLŒ‹LLËŽLLMLŒ‹‹ŒMLŽŒLŒ‹LŒÍNLËLŒËŽMMMÎLŒKKŽNMMÍNNMŒLŒËLKÌL‹LÌ‹ÍÍÎÍËKÍŒLÌÂŒLŒŽKŒŒLÎMÎLŽÌKMŒŽŒLMMÍ‹KMÍMÍŽBŒLŒŽKÌ‹ŒLÎNNMM‹M‹ŒMŒŒŒKKŒÍŒÎŒMŒLŒÌMÌŽNLÍŽLKMLKŒŽÎMÌÌMKŒŒMLNÂŒLŒÌKÍ‹ÌLNLÌŒMËMMÍLŽL‹KŒLNMŒŒNŒLŒÌ‹NŽÍŽŽMM‹ŽŒMÎMMMNKŒÎLŒŒLMÂŒLŒÌËMËŒŽLNLÌÌMNKLMMMËLMÍÌÍŒËKŒMÍÍMBŒLŒÍLNŽÍŽŽMM‹ŽŒMÎMMMNKŒÎLŒŒLMÂŒLŒÍKLÍ‹ÌLNLÌŒMËMMÍLŽL‹KŒLNMŒŒNŒLŒÍ‹MMÌŽNLÍŽLKMLKŒŽÎMÌÌMKŒŒMLNÂŒLŒÍËMÌ‹ŒLÎNNMM‹M‹ŒMŒŒŒKKŒÍŒÎŒMŒLŒÎNKŒŒLÎMÎLŽÌKMŒŽŒLMMÍ‹KMÍMÍŽBŒLŒÎKLLKÌL‹LÌ‹ÍÍÎÍËKÍŒLÌÂŒLLLŒÍNLËLŒËŽMMMÎLŒKKŽNMMÍNNMŒLKLLÍKŒNLŒ‹LLËŽLLMLŒ‹‹ŒMLŽŒL‹LMŒNNLÎKL‹ŒÍNLÌNN‹NÍÍÍÍŽBŒLËLMNKÍMLNËLŒÌNMÌÌN‹ÍÌMLÍNNBŒLLMŽKŽLŒLÍ‹ŽLMMK‹ŽMÎMÍNLÌÂŒLKLMÎLŒMMŒ‹LLNMËŒNŒŒ‚ŒL‹LNKŒŒŒLLLŒËËŒŒŒÍÍÎ‹ËŒÍNLŒL‚ŒLËLNLŒLŽNNMÌÍ‹Ì‹ŒNNMÌLÎËÎMÎMÂŒLLNLËŒLLÍÌÍËM‹ŒMLLNLËMLMŒÍ‚ŒLKLNMŒLŒÌŽMNL‹LKŽLÌNLÍÎÍYKLLËËNLÍLMNMÍŒLLLNLËŒLLÍÌÍËLM‹ŒMLLNLËMLMŒÍ‚ŒLLKLNLŒLŽNNMÌÍ‹LÌ‹ŒNNMÌLÎËÎMÎMÂŒLL‹LNKŒŒŒLLLŒËMËŒŒŒÍÍÎ‹ËŒÍNLŒL‚ŒLLËLMÎLŒMMMŒ‹LLNMËŒNŒŒ‚ŒLMLMŽKŽLŒLMÍ‹ŽLMMK‹ŽMÎMÍNLÌÂŒLMKLMNKÍMLNËNLŒÌNMÌÌN‹ÍÌMLÍNNBŒLM‹LMŒNNLÎKLL‹ŒÍNLÌNN‹NÍÍÍÍŽBŒLMËLLÍKŒNLŒ‹LLLËŽLLMLŒ‹‹ŒMLŽŒLNLLŒÍNLËLLŒËŽMMMÎLŒKKŽNMMÍNNMŒLNKLLKÌL‹LLÌ‹ÍÍÎÍËKÍŒLÌÂŒLŒNKŒŒLÎMÎLŽÌKLMŒŽŒLMMÍ‹KMÍMÍŽBŒLŒKMÌ‹ŒLÎNNMM‹LM‹ŒMŒŒŒKKŒÍŒÎŒMŒLŒ‹MMÌŽNLÍŽLKLMLKŒŽÎMÌÌMKŒŒMLNÂŒLŒËLÍ‹ÌLNLÌŒMËLMMÍLŽL‹KŒLNMŒŒNŒLLNŽÍŽŽLMM‹ŽŒMÎMMMNKŒÎLŒŒLMÂŒLKŒÌŽLLMYKLMLMMËLMÍÌÍŒËKŒMÍÍMBŒL‹NŽÍŽŽLMM‹ŽŒMÎMMMNKŒÎLŒŒLMÂŒLËÍ‹ÌLNLÌŒMËLMMÍLŽL‹KŒLNMŒŒNŒLŽMÌŽNLÍŽLKLMLKŒŽÎMÌÌMKŒŒMLNÂŒLŽKÌ‹ŒLÎNNMM‹LM‹ŒMŒŒŒKKŒÍŒÎŒMŒLÌKŒŒLÎMÎLŽÌKLMŒŽŒLMMÍ‹KMÍMÍŽBŒLÌKLKÌL‹LLÌ‹ÍÍÎÍËKÍŒLÌÂŒLÌ‹LŒÍNLËLLŒËŽMMMÎLŒKKŽNMMÍNNMŒLÌËLÍKŒNLŒ‹LLLËŽLLMLŒ‹‹ŒMLŽŒLÍMŒNNLÎKLL‹ŒÍNLÌNN‹NÍÍÍÍŽBŒLÍKMNKÍMLNËNLŒÌNMÌÌN‹ÍÌMLÍNNBŒLÍ‹MŽKŽLŒLMÍ‹ŽLMMK‹ŽMÎMÍNLÌÂŒLÍËMÎLŒMMMŒ‹LLNMËŒNŒŒ‚ŒLÎNKŒŒŒLLLŒËMËŒŒŒÍÍÎ‹ËŒÍNLŒL‚ŒLÎKNLŒLŽNNMÌÍ‹LÌ‹ŒNNMÌLÎËÎMÎMÂŒLŽNLËŒLLÍÌÍËLM‹ŒMLLNLËMLMŒÍ‚ŒLŽKNLËLÎL‹‹ŒLÎNŒLŽYKLMKLÍÍN‚ŒLŽ‹NL‹LÌŒMŽM‹ŒMMNMMNKLMBŒLŽËNKMŒÍŒŽKÌ‹ŒLNŽÌMËLMŒÂŒLŽNÌNMŒÍ‹ËÌÌLŽMËLŽÎ‚ŒLŽKMÍËŽNMÍÌŒ‹ŽÍNLŒNML‚ŒLŽ‹MŽKLÎŽMMŒ‹Í‹ŽNNÍ‹LŒŒLMÍÂŒLŽËMNKÍÎLŒÍ‹LÎÎNMMLËÍÎŽŒLŽMËŽŒÍÍÍÎÌ‹L‹ŽÌNNNLLËLLÍŽLLŒÍ‚ŒLŽKLÍŽÍÍMLÎÌ‹LMŒMMÍÍŒŒÍLËŒÎÎMBŒLŽLLŒŒŽLŒÍKLŒŽMLLNL‹ŽMÍMŽ‚ŒLŽLKLKŒÍLÎÌËLÌËŒMÍŽÍÌÌL‹ÌMMÍŒLŽL‹KŒMŽÍŒŽ‹MÍLÍLMÍL‹L‹NLŽMNŒLŽLËÌ‹ŒŒŽMMMÍM‹ŽNMÌMÍËL‹ŒÌŒÌMLMBŒLŽMMŽLNŽLÌMLKŽŒMŒLML‹ŒMŒMŒLŽMKÍ‹ÌÎŽLLÎËMMKŒÍMLŒÍËL‹ŒÎÌ‚ŒLŽM‹NÍÍLÎLMMMËŒÍNLKŽMMŽLNMŽŒLŽMËM‹ŒMŒÌNLYKLMMNŒMŒÌNLKLKŽLÌÌNLÂŒLŽNLNÍÍLÎLMMMËŒÍNLKŽMMŽLNMŽŒLŽNKLÍ‹ÌÎŽLLÎËMMKŒÍMLŒÍËL‹ŒÎÌ‚ŒLÌMMŽLNŽLÌMLKŽŒMŒLML‹ŒMŒMŒLÌKMÌ‹ŒŒŽMMMÍM‹ŽNMÌMÍËL‹ŒÌŒÌMLMBŒLÌ‹NKŒMŽÍŒŽ‹MÍLÍLMÍL‹L‹NLŽMNŒLÌËLLKŒÍLÎÌËLÌËŒMÍŽÍÌÌL‹ÌMMÍŒLÌLLŒŒŽLŒÍKLŒŽMLLNL‹ŽMÍMŽ‚ŒLÌKLLÍŽÍÍMLÎÌ‹LMŒMMÍÍŒŒÍLËŒÎÎMBŒLÌ‹LMËŽŒÍÍÍÎÌ‹L‹ŽÌNNNLLËLLÍŽLLŒÍ‚ŒLÌËLMNKÍÎLŒÍ‹LÎÎNMMLËÍÎŽŒLÌLMŽKLÎŽMMŒ‹Í‹ŽNNÍ‹LŒŒLMÍÂŒLÌKLMÍËŽNMÍÌŒ‹ŽÍNLŒNML‚ŒLÌLLNÌNMŒÍ‹ËÌÌLŽMËLŽÎ‚ŒLÌLKLNKMŒÍŒŽKÌ‹ŒLNŽÌMËLMŒÂŒLÌL‹LNL‹LÌŒMŽM‹ŒMMNMMNKLMBŒLÌLËLNLËLÎL‹LKŽMÍLLMÌÌ™KLLËLÍÍN‚ŒLÌMLNL‹LÌŒMŽLM‹ŒMMNMMNKLMBŒLÌMKLNKMŒÍŒŽKLÌ‹ŒLNŽÌMËLMŒÂŒLÌM‹LNÌNMŒÍ‹MËÌÌLŽMËLŽÎ‚ŒLÌMËLMÍËŽNMÍÌMŒ‹ŽÍNLŒNML‚ŒLÌNLMŽKLÎŽMMŒ‹MÍ‹ŽNNÍ‹LŒŒLMÍÂŒLÌNKLMNKÍÎLŒÍ‹NLÎÎNMMLËÍÎŽŒLÌŒLMËŽŒÍÍÍÎÌ‹LL‹ŽÌNNNLLËLLÍŽLLŒÍ‚ŒLÌŒKLLÍŽÍÍMLÎÌ‹LLMŒMMÍÍŒŒÍLËŒÎÎMBŒLÌŒ‹LLŒŒŽLŒÍKLLŒŽMLLNL‹ŽMÍMŽ‚ŒLÌŒËLLKŒÍLÎÌËLLÌËŒMÍŽÍÌÌL‹ÌMMÍŒLÌNKŒMŽÍŒŽ‹LMÍLÍLMÍL‹L‹NLŽMNŒLÌKMÌ‹ŒŒŽMMMÍLM‹ŽNMÌMÍËL‹ŒÌŒÌMLMBŒLÌ‹MMŽLNŽLÌLMLKŽŒMŒLML‹ŒMŒMŒLÌËLÍ‹ÌÎŽLLÎËLMMKŒÍMLŒÍËL‹ŒÎÌ‚ŒLÌŽLNÍÍLÎLMLMMËŒÍNLKŽMMŽLNMŽŒLÌŽKËŽLÍLÍLMÍKLMLMNŒMŒÌNLKLKŽLÌÌNLÂŒLÌÌNÍÍLÎLMLMMËŒÍNLKŽMMŽLNMŽŒLÌÌKÍ‹ÌÎŽLLÎËLMMKŒÍMLŒÍËL‹ŒÎÌ‚ŒLÌÌ‹MŽLNŽLÌLMLKŽŒMŒLML‹ŒMŒMŒLÌÌËÌ‹ŒŒŽMMMÍLM‹ŽNMÌMÍËL‹ŒÌŒÌMLMBŒLÌÍKŒMŽÍŒŽ‹LMÍLÍLMÍL‹L‹NLŽMNŒLÌÍKLKŒÍLÎÌËLLÌËŒMÍŽÍÌÌL‹ÌMMÍŒLÌÍ‹LŒŒŽLŒÍKLLŒŽMLLNL‹ŽMÍMŽ‚ŒLÌÍËLÍŽÍÍMLÎÌ‹LLMŒMMÍÍŒŒÍLËŒÎÎMBŒLÌÎMËŽŒÍÍÍÎÌ‹LL‹ŽÌNNNLLËLLÍŽLLŒÍ‚ŒLÌÎKMNKÍÎLŒÍ‹NLÎÎNMMLËÍÎŽŒLÍMŽKLÎŽMMŒ‹MÍ‹ŽNNÍ‹LŒŒLMÍÂŒLÍKMÍËŽNMÍÌMŒ‹ŽÍNLŒNML‚ŒLÍ‹NÌNMŒÍ‹MËÌÌLŽMËLŽÎ‚ŒLÍËNKMŒÍŒŽKLÌ‹ŒLNŽÌMËLMŒÂŒLÍNL‹LÌŒMŽLM‹ŒMMNMMNKLMBŒLÍKNL‹ŽMÌNNÎÌŒŒLÎMNYKLMKLÌËÍÍÌÎÌÍ‚ŒLÍ‹NLKŽÌMÍŽKM‹ŒMŽMMNLÌKLÌËÌÍÍLNMÌMBŒLÍËNŽLÍÌÍËÌ‹ŒNLNLÌËŒMM‚ŒLÍNŒLÌÎÌŽMKËŽÎÌNMKLÌËLÍÍÍÌBŒLÍKMÍËMLLMM‹Œ‹ÌÌLÍMKLÌËŒÌLŒNMÂŒLÍLMŽKŒLMNLLNMKÍËŒNMŒMÌÍŒ‹LÌËŒÍÌMÌÍÍBŒLÍLKMNKŒMŒÌŒLLËLLÎMMÌŒËLÌ‹ŽLÍŒLNŒLÍL‹MËMŒMMÌ‹LËŒÍMLMKLÌ‹LÌLMŒLMÂŒLÍLËLÍMÍLNMNKLMÎÌMÌÍ‹LÌ‹ŒMŽLÂŒLÍMLŒMŽMÍMMËLMŽMNM‹LÌKŽMMŽMÌLÍMŒLÍMKLKŒŽLŒNLÌËŒLLMŒŽLÌKŽLŒMŒLÍM‹KŒLMÌLŒÍÌKMKŒMLLÍÎËLÌKMBŒLÍMËÌ‹ŒŒMMMŒŽMKMËMŽÎLÌKŒŒÍMÌÍÌMŒLÍNMÍÎŒLÎKML‹ŒÎMŽMÍÎKLÌKŒŽLÎÍLÂŒLÍNKÍ‹ÌNNLNMMMKŽNMÎMÎLËLÌŽMÌÌLL‚ŒLÍŒNNŒKMNŒLÎÌNLÌŽÎŽNŒLÍŒKMKŽMLMMYKLMMNŽLÎNM‹LÌŽMŒÍBŒLÍŒ‹LNNŒKMNŒLÎÌNLÌŽÎŽNŒLÍŒËLÍ‹ÌNNLNMMMKŽNMÎMÎLËLÌŽMÌÌLL‚ŒLÍMMÍÎŒLÎKML‹ŒÎMŽMÍÎKLÌKŒŽLÎÍLÂŒLÍKMÌ‹ŒŒMMMŒŽMKMËMŽÎLÌKŒŒÍMÌÍÌMŒLÍ‹NKŒLMÌLŒÍÌKMKŒMLLÍÎËLÌKMBŒLÍËLLKŒŽLŒNLÌËŒLLMŒŽLÌKŽLŒMŒLÍŽLLŒMŽMÍMMËLMŽMNM‹LÌKŽMMŽMÌLÍMŒLÍŽKLLÍMÍLNMNKLMÎÌMÌÍ‹LÌ‹ŒMŽLÂŒLÍÌLMËMŒMMÌ‹LËŒÍMLMKLÌ‹LÌLMŒLMÂŒLÍÌKLMNKŒMŒÌŒLLËLLÎMMÌŒËLÌ‹ŽLÍŒLNŒLÍÌ‹LMŽKŒLMNLLNMKÍËŒNMŒMÌÍŒ‹LÌËŒÍÌMÌÍÍBŒLÍÌËLMÍËMLLMM‹Œ‹ÌÌLÍMKLÌËŒÌLŒNMÂŒLÍÍLNŒLÌÎÌŽMKËŽÎÌNMKLÌËLÍÍÍÌBŒLÍÍKLNŽLÍÌÍËÌ‹ŒNLNLÌËŒMM‚ŒLÍÍ‹LNLKŽÌMÍŽKM‹ŒMŽMMNLÌKLÌËÌÍÍLNMÌMBŒLÍÍËLNL‹ŽMÌNNÎL‹ŒMLMKLLËLÌËÍÍÌÎÌÍ‚ŒLÍÎLNLKŽÌMÍŽKLM‹ŒMŽMMNLÌKLÌËÌÍÍLNMÌMBŒLÍÎKLNŽLÍÌÍËLÌ‹ŒNLNLÌËŒMM‚ŒLÎLNŒLÌÎÌŽMKMËŽÎÌNMKLÌËLÍÍÍÌBŒLÎKLMÍËMLLMM‹MŒ‹ÌÌLÍMKLÌËŒÌLŒNMÂŒLÎ‹LMŽKŒLMNLLNMKMÍËŒNMŒMÌÍŒ‹LÌËŒÍÌMÌÍÍBŒLÎËLMNKŒMŒÌŒLLËNLLÎMMÌŒËLÌ‹ŽLÍŒLNŒLÎLMËMŒMMÌ‹LLËŒÍMLMKLÌ‹LÌLMŒLMÂŒLÎKLLÍMÍLNMNKLLMÎÌMÌÍ‹LÌ‹ŒMŽLÂŒLÎ‹LLŒMŽMÍMMËLLMŽMNM‹LÌKŽMMŽMÌLÍMŒLÎËLLKŒŽLŒNLLÌËŒLLMŒŽLÌKŽLŒMŒLÎNKŒLMÌLŒÍÌKLMKŒMLLÍÎËLÌKMBŒLÎKMÌ‹ŒŒMMMŒŽMKLMËMŽÎLÌKŒŒÍMÌÍÌMŒLÎLMMÍÎŒLÎKLML‹ŒÎMŽMÍÎKLÌKŒŽLÎÍLÂŒLÎLKLÍ‹ÌNNLNMLMMKŽNMÎMÎLËLÌŽMÌÌLL‚ŒLÎL‹LNNŒKLMNŒLÎÌNLÌŽÎŽNŒLÎLËËŒŒMLŒMÙKLMLMNŽLÎNM‹LÌŽMŒÍBŒLÎMNNŒKLMNŒLÎÌNLÌŽÎŽNŒLÎMKÍ‹ÌNNLNMLMMKŽNMÎMÎLËLÌŽMÌÌLL‚ŒLÎM‹MÍÎŒLÎKLML‹ŒÎMŽMÍÎKLÌKŒŽLÎÍLÂŒLÎMËÌ‹ŒŒMMMŒŽMKLMËMŽÎLÌKŒŒÍMÌÍÌMŒLÎNKŒLMÌLŒÍÌKLMKŒMLLÍÎËLÌKMBŒLÎNKLKŒŽLŒNLLÌËŒLLMŒŽLÌKŽLŒMŒMLŒMŽMÍMMËLLMŽMNM‹LÌKŽMMŽMÌLÍMŒMKLÍMÍLNMNKLLMÎÌMÌÍ‹LÌ‹ŒMŽLÂŒM‹MËMŒMMÌ‹LLËŒÍMLMKLÌ‹LÌLMŒLMÂŒMËMNKŒMŒÌŒLLËNLLÎMMÌŒËLÌ‹ŽLÍŒLNŒMMŽKŒLMNLLNMKMÍËŒNMŒMÌÍŒ‹LÌËŒÍÌMÌÍÍBŒMKMÍËMLLMM‹MŒ‹ÌÌLÍMKLÌËŒÌLŒNMÂŒM‹NŒLÌÎÌŽMKMËŽÎÌNMKLÌËLÍÍÍÌBŒMËNŽLÍÌÍËLÌ‹ŒNLNLÌËŒMM‚ŒMNLKŽÌMÍŽKLM‹ŒMŽMMNLÌKLÌËÌÍÍLNMÌMBŒMKNL‹ŒMŽLË‹ŽLŒÌŽLŽYKLMKMNŽLŒ‚ŒMLNLKŒLLM‹M‹ŒLÎÌÌÍMNŽÌŒNMÎŒMLKNŒMŒNÌËÌ‹ŒMŒŒÍŽKMNÌÍÎÍŒML‹NËLÍN‹ËŽMÍŽŒŒÍMNNLŒÍÍÂŒMLËMÍ‹ŽMŒMÎŽŒ‹ÍŒŽÌŒLŒKMNŒÎÎŒMMMŽLMÎLKÍËŒMMŽNMÌKMNŒLÌŒMŒ‚ŒMMKMNÌŒMLNLŽÍŒÍŽNLNKMMËŽLŒŒM‚ŒMM‹MËŒÌÎKLËŒMŒŒMÌKMMËMLMŒÌÌŒMMËLÍÎÌLÍŒÍ‹LMÍÍMNNLËMMËŒMŽMMÂŒMNLŒŒÍMÌŒŒMKLKŒÌÌMLM‹MM‹ŽLÍŒÌLŒMNKLKŒNÍŽ‹LÍŒÎM‹MM‹ÍÎMMBŒMŒKŒŒŒŽLMËMKŽÌŽMÍMM‹ŒÎŽÌM‚ŒMŒKÌ‹ŒMÍLMŽLNMŒMŒMÍÍNL‹MM‹ŒMŒŽMLLÌBŒMŒ‹MNLMLËŒLMMNËMMKŽNŒÍMÌLÂŒMŒËÍ‹ŽNMÌMM‹MM‹ŽLŒÍËMMKŽLLLŽBŒMNNLMÎKMNŽNMÍLMÍMMKÍÌÍŒŽBŒMKMKŒÎLŽMÎNKLMMNKLÌMÎNLKMMKÍÍÌMBŒM‹LNNLMÎKMNŽNMÍLMÍMMKÍÌÍŒŽBŒMËLÍ‹ŽNMÌMM‹MM‹ŽLŒÍËMMKŽLLLŽBŒMŽMMNLMLËŒLMMNËMMKŽNŒÍMÌLÂŒMŽKMÌ‹ŒMÍLMŽLNMŒMŒMÍÍNL‹MM‹ŒMŒŽMLLÌBŒMÌNKŒŒŒŽLMËMKŽÌŽMÍMM‹ŒÎŽÌM‚ŒMÌKLLKŒNÍŽ‹LÍŒÎM‹MM‹ÍÎMMBŒMÌ‹LLŒŒÍMÌŒŒMKLKŒÌÌMLM‹MM‹ŽLÍŒÌLŒMÌËLLÍÎÌLÍŒÍ‹LMÍÍMNNLËMMËŒMŽMMÂŒMÍLMËŒÌÎKLËŒMŒŒMÌKMMËMLMŒÌÌŒMÍKLMNÌŒMLNLŽÍŒÍŽNLNKMMËŽLŒŒM‚ŒMÍ‹LMŽLMÎLKÍËŒMMŽNMÌKMNŒLÌŒMŒ‚ŒMÍËLMÍ‹ŽMŒMÎŽŒ‹ÍŒŽÌŒLŒKMNŒÎÎŒMÎLNËLÍN‹ËŽMÍŽŒŒÍMNNLŒÍÍÂŒMÎKLNŒMŒNÌËÌ‹ŒMŒŒÍŽKMNÌÍÎÍŒMLNLKŒLLM‹M‹ŒLÎÌÌÍMNŽÌŒNMÎŒMKLNL‹ŒMŽLËL‹ŒLÎMNMÙKLLËMNŽLŒ‚ŒM‹LNLKŒLLM‹LM‹ŒLÎÌÌÍMNŽÌŒNMÎŒMËLNŒMŒNÌËLÌ‹ŒMŒŒÍŽKMNÌÍÎÍŒMLNËLÍN‹MËŽMÍŽŒŒÍMNNLŒÍÍÂŒMKLMÍ‹ŽMŒMÎŽMŒ‹ÍŒŽÌŒLŒKMNŒÎÎŒM‹LMŽLMÎLKMÍËŒMMŽNMÌKMNŒLÌŒMŒ‚ŒMËLMNÌŒMLNNLŽÍŒÍŽNLNKMMËŽLŒŒM‚ŒMLMËŒÌÎKLLËŒMŒŒMÌKMMËMLMŒÌÌŒMKLLÍÎÌLÍŒÍ‹LLMÍÍMNNLËMMËŒMŽMMÂŒMLLLŒŒÍMÌŒŒMKLLKŒÌÌMLM‹MM‹ŽLÍŒÌLŒMLKLLKŒNÍŽ‹LLÍŒÎM‹MM‹ÍÎMMBŒML‹NKŒŒŒŽLMËLMKŽÌŽMÍMM‹ŒÎŽÌM‚ŒMLËMÌ‹ŒMÍLMŽLNLMŒMŒMÍÍNL‹MM‹ŒMŒŽMLLÌBŒMMMMNLLMLËŒLMMNËMMKŽNŒÍMÌLÂŒMMKLÍ‹ŽNMÌMM‹LMM‹ŽLŒÍËMMKŽLLLŽBŒMM‹LNNLMÎKLMNŽNMÍLMÍMMKÍÌÍŒŽBŒMMË‹ŒÎMÌÍNLŒÍLYKLMLMNKLÌMÎNLKMMKÍÍÌMBŒMNNNLMÎKLMNŽNMÍLMÍMMKÍÌÍŒŽBŒMNKÍ‹ŽNMÌMM‹LMM‹ŽLŒÍËMMKŽLLLŽBŒMŒMNLLMLËŒLMMNËMMKŽNŒÍMÌLÂŒMŒKÌ‹ŒMÍLMŽLNLMŒMŒMÍÍNL‹MM‹ŒMŒŽMLLÌBŒMŒ‹KŒŒŒŽLMËLMKŽÌŽMÍMM‹ŒÎŽÌM‚ŒMŒËLKŒNÍŽ‹LLÍŒÎM‹MM‹ÍÎMMBŒMLŒŒÍMÌŒŒMKLLKŒÌÌMLM‹MM‹ŽLÍŒÌLŒMKLÍÎÌLÍŒÍ‹LLMÍÍMNNLËMMËŒMŽMMÂŒM‹MËŒÌÎKLLËŒMŒŒMÌKMMËMLMŒÌÌŒMËMNÌŒMLNNLŽÍŒÍŽNLNKMMËŽLŒŒM‚ŒMŽMŽLMÎLKMÍËŒMMŽNMÌKMNŒLÌŒMŒ‚ŒMŽKMÍ‹ŽMŒMÎŽMŒ‹ÍŒŽÌŒLŒKMNŒÎÎŒMÌNËLÍN‹MËŽMÍŽŒŒÍMNNLŒÍÍÂŒMÌKNŒMŒNÌËLÌ‹ŒMŒŒÍŽKMNÌÍÎÍŒMÌ‹NLKŒLLM‹LM‹ŒLÎÌÌÍMNŽÌŒNMÎŒMÌËNLKŒÌÌNÍÍ‹ŒÍMÌÍŒMKLMKNËŽMLÌÍMÂŒMÍNLŒÍÎNMŽNM‹ŒLÍÍÌŽŒNËŽLÌMŒMNŒMÍKNËMLÍMLŒKÌ‹ŒLÎLLËNËŽÌNLŒÍÎŒMÍ‹N‹ŽMÍMÍÍNËÌMÌLMKNËÌÍŽLŒÂŒMÍËMÍ‹ŒÍÍN‹Œ‹ŽMLÎNMËNËLÍŽMLÂŒMÎMŽŒMŽÌŒNKÍËŒÍŒNËŒNLÎMŒMBŒMÎKMNŒÌÍŽNKLŽMMNLÌMÍ‹N‹ŽLNNMÂŒMM‹ŽNNLNL‹LËLLÎMLŽL‹N‹MÌLÌŒÍÌÎŒMKLÍŒŒÌÎLLÌŒLMKŒNLNNLKN‹ŒMÍLMÌÂŒM‹LŒŒŒÌÌLKLKLŒLÌMKNKŽLLŽŒŽBŒMËLKŒLLŒMŽËLÍŒNMËNKŒŒMLMÂŒMKŒÍMÌMMÍ‹M‹MÌÌŽMKNKŒÌŒLŽÂŒMKÌ‹ŒMŽÍÍŒMM‹MŽMNMËNKŒÎMÌNBŒM‹MÌLLMLÌÌÌËMLËŽLNÌÌMNŽMÌŽMLÂŒMËÍ‹ÌMŽÌKMMËLÎÍL‹NÍLLŒÍ‚ŒMNŽNÌÍÌKMNKLŒÌLŒNNMŽLMMÌÂŒMKMŒLŒŒÌNNNÙKLMMŒŒÍÌŒÍÎMMNŒÌLNLLLLBŒMLLNŽNÌÍÌKMNKLŒÌLŒNNMŽLMMÌÂŒMLKLÍ‹ÌMŽÌKMMËLÎÍL‹NÍLLŒÍ‚ŒML‹MMÌLLMLÌÌÌËMLËŽLNÌÌMNŽMÌŽMLÂŒMLËMÌ‹ŒMŽÍÍŒMM‹MŽMNMËNKŒÎMÌNBŒMMNKŒÍMÌMMÍ‹M‹MÌÌŽMKNKŒÌŒLŽÂŒMMKLLKŒLLŒMŽËLÍŒNMËNKŒŒMLMÂŒMM‹LLŒŒŒÌÌLKLKLŒLÌMKNKŽLLŽŒŽBŒMMËLLÍŒŒÌÎLLÌŒLMKŒNLNNLKN‹ŒMÍLMÌÂŒMNLM‹ŽNNLNL‹LËLLÎMLŽL‹N‹MÌLÌŒÍÌÎŒMNKLMNŒÌÍŽNKLŽMMNLÌMÍ‹N‹ŽLNNMÂŒMLLMŽŒMŽÌŒNKÍËŒÍŒNËŒNLÎMŒMBŒMLKLMÍ‹ŒÍÍN‹Œ‹ŽMLÎNMËNËLÍŽMLÂŒML‹LN‹ŽMÍMÍÍNËÌMÌLMKNËÌÍŽLŒÂŒMLËLNËMLÍMLŒKÌ‹ŒLÎLLËNËŽÌNLŒÍÎŒMLLNLŒÍÎNMŽNM‹ŒLÍÍÌŽŒNËŽLÌMŒMNŒMLKLNLKŒÌÌNÍÍL‹ŒÍMLNÎÙKLLËNËŽMLÌÍMÂŒML‹LNLŒÍÎNMŽNLM‹ŒLÍÍÌŽŒNËŽLÌMŒMNŒMLËLNËMLÍMLŒKLÌ‹ŒLÎLLËNËŽÌNLŒÍÎŒMLLN‹ŽMÍMÍÍNMËÌMÌLMKNËÌÍŽLŒÂŒMLKLMÍ‹ŒÍÍN‹MŒ‹ŽMLÎNMËNËLÍŽMLÂŒMLLLMŽŒMŽÌŒNKMÍËŒÍŒNËŒNLÎMŒMBŒMLLKLMNŒÌÍŽNKNLŽMMNLÌMÍ‹N‹ŽLNNMÂŒMLL‹LM‹ŽNNLNL‹LLËLLÎMLŽL‹N‹MÌLÌŒÍÌÎŒMLLËLLÍŒŒÌÎLLÌŒLLMKŒNLNNLKN‹ŒMÍLMÌÂŒMLMLLŒŒŒÌÌLKLLKLŒLÌMKNKŽLLŽŒŽBŒMLMKLLKŒLLŒMŽËLLÍŒNMËNKŒŒMLMÂŒMLM‹NKŒÍMÌMMÍ‹LM‹MÌÌŽMKNKŒÌŒLŽÂŒMLMËMÌ‹ŒMŽÍÍŒMM‹LMŽMNMËNKŒÎMÌNBŒMLNMMÌLLMLÌÌÌËLMLËŽLNÌÌMNŽMÌŽMLÂŒMLNKLÍ‹ÌMŽÌKLMMËLÎÍL‹NÍLLŒÍ‚ŒMLŒLNŽNÌÍÌKLMNKLŒÌLŒNNMŽLMMÌÂŒMLŒKKNMÌÍŒ™KLMLMŒŒÍÌŒÍÎMMNŒÌLNLLLLBŒMLŒ‹NŽNÌÍÌKLMNKLŒÌLŒNNMŽLMMÌÂŒMLŒËÍ‹ÌMŽÌKLMMËLÎÍL‹NÍLLŒÍ‚ŒMLMÌLLMLÌÌÌËLMLËŽLNÌÌMNŽMÌŽMLÂŒMLKÌ‹ŒMŽÍÍŒMM‹LMŽMNMËNKŒÎMÌNBŒML‹KŒÍMÌMMÍ‹LM‹MÌÌŽMKNKŒÌŒLŽÂŒMLËLKŒLLŒMŽËLLÍŒNMËNKŒŒMLMÂŒMLŽLŒŒŒÌÌLKLLKLŒLÌMKNKŽLLŽŒŽBŒMLŽKLÍŒŒÌÎLLÌŒLLMKŒNLNNLKN‹ŒMÍLMÌÂŒMLÌM‹ŽNNLNL‹LLËLLÎMLŽL‹N‹MÌLÌŒÍÌÎŒMLÌKMNŒÌÍŽNKNLŽMMNLÌMÍ‹N‹ŽLNNMÂŒMLÌ‹MŽŒMŽÌŒNKMÍËŒÍŒNËŒNLÎMŒMBŒMLÌËMÍ‹ŒÍÍN‹MŒ‹ŽMLÎNMËNËLÍŽMLÂŒMLÍN‹ŽMÍMÍÍNMËÌMÌLMKNËÌÍŽLŒÂŒMLÍKNËMLÍMLŒKLÌ‹ŒLÎLLËNËŽÌNLŒÍÎŒMLÍ‹NLŒÍÎNMŽNLM‹ŒLÍÍÌŽŒNËŽLÌMŒMNŒMLÍËNLNNNMLMKKŒÌLLLÍÍÌYKLMŒKŒŽÌÍŒMLÎNKÌÌL‹M‹ŒMÌÍNLÌÌKŒKŒÌÌLLMBŒMLÎKN‹ŽÎÌLÌÌËÌ‹ŒLMŒLNŒŽLÍÌÍ‚ŒMMN‹ŒMLMLMËÍÍMNMŒËŒÍMÍÌMÂŒMMKMÍKŽÍŒLÎKŒ‹ŽLLMÍÎLŒÌËŒLÌMŒMM‹MËÌŒLŒÍÌÌ‹ÍËÌÌÌŒŒËŒŒÎLŽÌNBŒMMËMMËŽNŒÌLKŒMŒNMKŒËŽLÌŒÍÌŒMMM‹ÌŽŒŒNKLËŽMNLÌÍËŒËNÎÍŒŒMMKLÍŒÌLMMLMKMMLNŽŒËŒŒÌÌÎNMMŒMM‹LŒŒMÌÍLÍÍËL‹ŒŽMŽKŒ‹ŽMMÂŒMMËLKŒÍÌŽLMLÍKŒÍLÎLÍLMŒ‹MŒŒMMŒMMKŒMNLŽL‹MËŒÍÌŒMÌKŒ‹ŒLÌŒŒBŒMMKÌ‹ŒŒMLŽNÌ‹MKÎNNLŽKŒKŽMÎMÌMMBŒMMLMÌMLÌÌÍMMŽNMŽKŒKÍŽLŒMMLKÍ‹ÍÌÎLŒ‹MNLLÍŽÍŒÍ‹ŒKŒMÍLM‚ŒMML‹NLNNKMŒŽLNNÎMKŒKLÎMŒMMLËL‹ŽÌÌŽMYKLMMŒKMÎLŽMKŒKMMŽN‚ŒMMMLNLNNKMŒŽLNNÎMKŒKLÎMŒMMMKLÍ‹ÍÌÎLŒ‹MNLLÍŽÍŒÍ‹ŒKŒMÍLM‚ŒMMM‹MMÌMLÌÌÍMMŽNMŽKŒKÍŽLŒMMMËMÌ‹ŒŒMLŽNÌ‹MKÎNNLŽKŒKŽMÎMÌMMBŒMMNNKŒMNLŽL‹MËŒÍÌŒMÌKŒ‹ŒLÌŒŒBŒMMNKLLKŒÍÌŽLMLÍKŒÍLÎLÍLMŒ‹MŒŒMMŒMMŒLLŒŒMÌÍLÍÍËL‹ŒŽMŽKŒ‹ŽMMÂŒMMŒKLLÍŒÌLMMLMKMMLNŽŒËŒŒÌÌÎNMMŒMMŒ‹LM‹ÌŽŒŒNKLËŽMNLÌÍËŒËNÎÍŒŒMMŒËLMMËŽNŒÌLKŒMŒNMKŒËŽLÌŒÍÌŒMMLMËÌŒLŒÍÌÌ‹ÍËÌÌÌŒŒËŒŒÎLŽÌNBŒMMKLMÍKŽÍŒLÎKŒ‹ŽLLMÍÎLŒÌËŒLÌMŒMM‹LN‹ŒMLMLMËÍÍMNMŒËŒÍMÍÌMÂŒMMËLN‹ŽÎÌLÌÌËÌ‹ŒLMŒLMËŒŽLÍÌÍ‚ŒMMŽLNKÌÌL‹M‹ŒMÌÍNLÌÌKŒKŒÌÌLLMBŒMMŽKLNLNNNMLMKL‹ŒLLÌMNMÙKLLËŒKŒŽÌÍŒMMÌLNKÌÌL‹LM‹ŒMÌÍNLÌÌKŒKŒÌÌLLMBŒMMÌKLN‹ŽÎÌLÌÌËLÌ‹ŒLMŒLNŒŽLÍÌÍ‚ŒMMÌ‹LN‹ŒMLMLMMËÍÍMNMŒËŒÍMÍÌMÂŒMMÌËLMÍKŽÍŒLÎKMŒ‹ŽLLMÍÎLŒÌËŒLÌMŒMMÍLMËÌŒLŒÍÌÌ‹MÍËÌÌÌŒŒËŒŒÎLŽÌNBŒMMÍKLMMËŽNŒÌNLKŒMŒNMKŒËŽLÌŒÍÌŒMMÍ‹LM‹ÌŽŒŒNKLLËŽMNLÌÍËŒËNÎÍŒŒMMÍËLLÍŒÌLMMLLMKMMLNŽŒËŒŒÌÌÎNMMŒMMÎLLŒŒMÌÍLÍÍËLL‹ŒŽMŽKŒ‹ŽMMÂŒMMÎKLLKŒÍÌŽLMLLÍKŒÍLÎLÍLMŒ‹MŒŒMMŒMNNKŒMNLŽL‹LMËŒÍÌŒMÌKŒ‹ŒLÌŒŒBŒMNKMÌ‹ŒŒMLŽNÌ‹LMKÎNNLŽKŒKŽMÎMÌMMBŒMN‹MMÌMLÌÌÍLMMŽNMŽKŒKÍŽLŒMNËLÍ‹ÍÌÎLŒ‹LMNLLÍŽÍŒÍ‹ŒKŒMÍLM‚ŒMNLNLNNKLMŒŽLNNÎMKŒKLÎMŒMNK‹ŽMÎMMLÌMYKLMKLMŒKMÎLŽMKŒKMMŽN‚ŒMN‹NLNNKLMŒŽLNNÎMKŒKLÎMŒMNËÍ‹ÍÌÎLŒ‹LMNLLÍŽÍŒÍ‹ŒKŒMÍLM‚ŒMNMÌMLÌÌÍLMMŽNMŽKŒKÍŽLŒMNKÌ‹ŒŒMLŽNÌ‹LMKÎNNLŽKŒKŽMÎMÌMMBŒMNLKŒMNLŽL‹LMËŒÍÌŒMÌKŒ‹ŒLÌŒŒBŒMNLKLKŒÍÌŽLMLLÍKŒÍLÎLÍLMŒ‹MŒŒMMŒMNL‹LŒŒMÌÍLÍÍËLL‹ŒŽMŽKŒ‹ŽMMÂŒMNLËLÍŒÌLMMLLMKMMLNŽŒËŒŒÌÌÎNMMŒMNMM‹ÌŽŒŒNKLLËŽMNLÌÍËŒËNÎÍŒŒMNMKMMËŽNŒÌNLKŒMŒNMKŒËŽLÌŒÍÌŒMNM‹MËÌŒLŒÍÌÌ‹MÍËÌÌÌŒŒËŒŒÎLŽÌNBŒMNMËMÍKŽÍŒLÎKMŒ‹ŽLLMÍÎLŒÌËŒLÌMŒMNNN‹ŒMLMLMMËÍÍMNMŒËŒÍMÍÌMÂŒMNNKN‹ŽÎÌLÌÌËLÌ‹ŒLMŒLNŒŽLÍÌÍ‚ŒMŒNKÌÌL‹LM‹ŒMÌÍNLÌÌKŒKŒÌÌLLMBŒMŒKNKŽNLÍŽLNKLLÌMYKLMŒÍŒMŽLŽNMÍÎŒMŒ‹NKŒÌLMŽM‹ŒMÎÎÎMMŒÍŒLÌMMLLLŒMŒËN‹ŒÌMLŒÌÌ‹Ì‹ŒNLÌÌÎLNŒÍŒNMÎŒBŒMŒNKÌÎŒMÌÌËŽÌLLÎKŒÌËŽÎÍŒL‚ŒMŒKMÍKŒŒL‹ŒËŒLŒNLKŒÌËNMLŒÍÌBŒMŒ‹MËŒÍÍNÌÍ‹ÍËŒLÎŽM‹ŒÌËŒŽMÍÌŽMŽMBŒMŒËMMËÌŽMÌÍÍMKLKMLŽMLMKŒÌ‹ŽMNMÍNNŒMŒM‹MLŒNMÎLŒÌÌÍŒŒÌ‹NLÍŒÌMÎŒMŒKLÌËŽNMÌŽLM‹ŒMÎLÍMËŒÌ‹ŒŒLÎMÎÂŒMŒLLŒŒMŽLÌÍ‹L‹ŽLŒÌKŽÍMBŒMŒLKLKŒMÍŽMMÌŽKLÍ‹ŒMÍMÌŒÌKÌÌLM‚ŒMŒL‹KŒMMŽÍNMÎLKMŒÌÍMÎMÎKŒÌKŒMLNNLNBŒMŒLËÌ‹ŒÌÌÍLËMLŽNŒNMËŒÌŽLÌÌLŒÂŒMŒMMŽLMŒËMM‹ŒMMLÍÎKŒÌŒŒMŒŒÌÍÂŒMŒMKÍ‹ŽŒMÌMŒŒLKMNKŽÌÌMÌKŒÌMLŒŽMÍBŒMŒM‹NLNLM‹MŒ‹ŒLŒMNŒÌŒÍMNŒÌÌBŒMŒMËLKLÎMŒNNLÙKLMMŒ‹ÍLŒÌŽËŒÌŒÌÍŒMMLBŒMŒNLNLNLM‹MŒ‹ŒLŒMNŒÌŒÍMNŒÌÌBŒMŒNKLÍ‹ŽŒMÌMŒŒLKMNKŽÌÌMÌKŒÌMLŒŽMÍBŒMŒŒMMŽLMŒËMM‹ŒMMLÍÎKŒÌŒŒMŒŒÌÍÂŒMŒŒKMÌ‹ŒÌÌÍLËMLŽNŒNMËŒÌŽLÌÌLŒÂŒMŒŒ‹NKŒMMŽÍNMÎLKMŒÌÍMÎMÎKŒÌKŒMLNNLNBŒMŒŒËLLKŒMÍŽMMÌŽKLÍ‹ŒMÍMÌŒÌKÌÌLM‚ŒMŒLLŒŒMŽLÌÍ‹L‹ŽLŒÌKŽÍMBŒMŒKLLÌËŽNMÌŽLM‹ŒMÎLÍMËŒÌ‹ŒŒLÎMÎÂŒMŒ‹LM‹MLŒNMÎLŒÌÌÍŒŒÌ‹NLÍŒÌMÎŒMŒËLMMËÌŽMÌÍÍMKLKMLŽMLMKŒÌ‹ŽMNMÍNNŒMŒŽLMËŒÍÍNÌÍ‹ÍËŒLÎŽM‹ŒÌËŒŽMÍÌŽMŽMBŒMŒŽKLMÍKŒŒL‹ŒËŒLŒNLKŒÌËNMLŒÍÌBŒMŒÌLNKÌÎŒMÌÌËŽÌLLÎKŒÌËŽÎÍŒL‚ŒMŒÌKLN‹ŒÌMLŒÌÌ‹Ì‹ŒNLÌÌÎLNŒÍŒNMÎŒBŒMŒÌ‹LNKŒÌLMŽM‹ŒMÎÎÎMMŒÍŒLÌMMLLLŒMŒÌËLNKŽNLÍŽLNL‹ŒLÎMŒŒŒÍNLYKLLËŒÍŒMŽLŽNMÍÎŒMŒÍLNKŒÌLMŽLM‹ŒMÎÎÎMMŒÍŒLÌMMLLLŒMŒÍKLN‹ŒÌMLŒÌÌ‹LÌ‹ŒNLÌÌÎLNŒÍŒNMÎŒBŒMŒÍ‹LNKÌÎŒMÌÌMËŽÌLLÎKŒÌËŽÎÍŒL‚ŒMŒÍËLMÍKŒŒL‹MŒËŒLŒNLKŒÌËNMLŒÍÌBŒMŒÎLMËŒÍÍNÌÍ‹MÍËŒLÎŽM‹ŒÌËŒŽMÍÌŽMŽMBŒMŒÎKLMMËÌŽMÌÍÍMKNLKMLŽMLMKŒÌ‹ŽMNMÍNNŒMLM‹MLŒNMÎLLŒÌÌÍŒŒÌ‹NLÍŒÌMÎŒMKLLÌËŽNMÌŽLLM‹ŒMÎLÍMËŒÌ‹ŒŒLÎMÎÂŒM‹LLŒŒMŽLÌÍ‹LL‹ŽLŒÌKŽÍMBŒMËLLKŒMÍŽMMÌŽKLLÍ‹ŒMÍMÌŒÌKÌÌLM‚ŒMNKŒMMŽÍNMÎLKLMŒÌÍMÎMÎKŒÌKŒMLNNLNBŒMKMÌ‹ŒÌÌÍLËLMLŽNŒNMËŒÌŽLÌÌLŒÂŒM‹MMŽLMŒËLMM‹ŒMMLÍÎKŒÌŒŒMŒŒÌÍÂŒMËLÍ‹ŽŒMÌMŒŒLKLMNKŽÌÌMÌKŒÌMLŒŽMÍBŒMLNLNLM‹LMŒ‹ŒLŒMNŒÌŒÍMNŒÌÌBŒMKM‹ŽNÍNŒ™KLMKLMŒ‹ÍLŒÌŽËŒÌŒÌÍŒMMLBŒMLNLNLM‹LMŒ‹ŒLŒMNŒÌŒÍMNŒÌÌBŒMLKÍ‹ŽŒMÌMŒŒLKLMNKŽÌÌMÌKŒÌMLŒŽMÍBŒML‹MŽLMŒËLMM‹ŒMMLÍÎKŒÌŒŒMŒŒÌÍÂŒMLËÌ‹ŒÌÌÍLËLMLŽNŒNMËŒÌŽLÌÌLŒÂŒMMKŒMMŽÍNMÎLKLMŒÌÍMÎMÎKŒÌKŒMLNNLNBŒMMKLKŒMÍŽMMÌŽKLLÍ‹ŒMÍMÌŒÌKÌÌLM‚ŒMM‹LŒŒMŽLÌÍ‹LL‹ŽLŒÌKŽÍMBŒMMËLÌËŽNMÌŽLLM‹ŒMÎLÍMËŒÌ‹ŒŒLÎMÎÂŒMNM‹MLŒNMÎLLŒÌÌÍŒŒÌ‹NLÍŒÌMÎŒMNKMMËÌŽMÌÍÍMKNLKMLŽMLMKŒÌ‹ŽMNMÍNNŒMŒMËŒÍÍNÌÍ‹MÍËŒLÎŽM‹ŒÌËŒŽMÍÌŽMŽMBŒMŒKMÍKŒŒL‹MŒËŒLŒNLKŒÌËNMLŒÍÌBŒMŒ‹NKÌÎŒMÌÌMËŽÌLLÎKŒÌËŽÎÍŒL‚ŒMŒËN‹ŒÌMLŒÌÌ‹LÌ‹ŒNLÌÌÎLNŒÍŒNMÎŒBŒMNKŒÌLMŽLM‹ŒMÎÎÎMMŒÍŒLÌMMLLLŒMKNKLÌLKNKŒŒBŒM‹NNLŒMMLMKM‹ŒŒÌNLÌNMNKŒŒŒMLÌŒÂŒMËNKŽŒNÍMËÌ‹ŒÌMLMLNKNKŒLÎŒNŒMŽNKŒÍÌNÎMÍ‹ŒŒÎNÌMËNŽLLLÌŒLÎBŒMŽKMÍKŒÎNÍÍ‹ŒËŒÍLÍNMMKNLŒLŒŒ‚ŒMÌMËŒLŽÍŒËÎŒLMMKNŒÌÍŒŽNBŒMÌKMMËMŒMÌŒ‹LKŽLÍMLLÎM‹MËŽMÍNMÌÍŽLBŒMÌ‹M‹ÎMŒÎËLŽMÍŒËMËNLMÎLŒMÌËLÌËŽNNMMNKLM‹ŽLÍŒNL‹MËŒMÎÍÍBŒMÍLŒŒŒNMLMÌÍLËÎNMÌMM‹ÍÌNMÌÍ‚ŒMÍKLKŒŽŒŽMMLËLÍËŒÍÍMMÌŽKM‹ŒÎLLÌBŒMÍ‹KŒÌÌLMMŽLÍËMKŒNNNL‹M‹ŒŒNMLBŒMÍËÌ‹LNMÌŒÍÍKML‹ŒÌÎMÌÎKMKÌÎÍÍŒMÎMKŒNLÍLŒÌ‹MMËÌLÍÌLÍ‹MKMŒŽŒBŒMÎKÍ‹ŽMÌŒMÌKMŒKLLŒMMKŒLÌML‚ŒMŽNMÍMMŽKMŒËLŒLKMKŒLÍNMÍÂŒMŽKKŒMŒÍÌNMÎMYKLMMŒÍÍÍ‹MKŒMÍÍBŒMŽ‹LNMÍMMŽKMŒËLŒLKMKŒLÍNMÍÂŒMŽËLÍ‹ŽMÌŒMÌKMŒKLLŒMMKŒLÌML‚ŒMŽMMKŒNLÍLŒÌ‹MMËÌLÍÌLÍ‹MKMŒŽŒBŒMŽKMÌ‹LNMÌŒÍÍKML‹ŒÌÎMÌÎKMKÌÎÍÍŒMŽ‹NKŒÌÌLMMŽLÍËMKŒNNNL‹M‹ŒŒNMLBŒMŽËLLKŒŽŒŽMMLËLÍËŒÍÍMMÌŽKM‹ŒÎLLÌBŒMŽLLŒŒŒNMLMÌÍLËÎNMÌMM‹ÍÌNMÌÍ‚ŒMŽKLLÌËŽNNMMNKLM‹ŽLÍŒNL‹MËŒMÎÍÍBŒMŽLLM‹ÎMŒÎËLŽMÍŒËMËNLMÎLŒMŽLKLMMËMŒMÌŒ‹LKŽLÍMLLÎM‹MËŽMÍNMÌÍŽLBŒMŽL‹LMËŒLŽÍŒËÎŒLMMKNŒÌÍŒŽNBŒMŽLËLMÍKŒÎNÍÍ‹ŒËŒÍLÍNMMKNLŒLŒŒ‚ŒMŽMLNKŒÍÌNÎMÍ‹ŒŒÎNÌMËNŽLLLÌŒLÎBŒMŽMKLNKŽŒNÍMËÌ‹ŒÌMLMLNKNKŒLÎŒNŒMŽM‹LNNLŒMMLMKM‹ŒŒÌNLÌNMNKŒŒŒMLÌŒÂŒMŽMËLNKLÌLKLKŽNMÎLLŽKLLËNKŒŒBŒMŽNLNNLŒMMLMKLM‹ŒŒÌNLÌNMNKŒŒŒMLÌŒÂŒMŽNKLNKŽŒNÍMËLÌ‹ŒÌMLMLNKNKŒLÎŒNŒMÌLNKŒÍÌNÎMÍ‹MŒŒÎNÌMËNŽLLLÌŒLÎBŒMÌKLMÍKŒÎNÍÍ‹MŒËŒÍLÍNMMKNLŒLŒŒ‚ŒMÌ‹LMËŒLŽÍŒËMÎŒLMMKNŒÌÍŒŽNBŒMÌËLMMËMŒMÌŒ‹NLKŽLÍMLLÎM‹MËŽMÍNMÌÍŽLBŒMÌLM‹ÎMŒÎËLLŽMÍŒËMËNLMÎLŒMÌKLLÌËŽNNMMNKLLM‹ŽLÍŒNL‹MËŒMÎÍÍBŒMÌ‹LLŒŒŒNMLMÌÍLLËÎNMÌMM‹ÍÌNMÌÍ‚ŒMÌËLLKŒŽŒŽMMLËLLÍËŒÍÍMMÌŽKM‹ŒÎLLÌBŒMÌNKŒÌÌLMMŽLÍËLMKŒNNNL‹M‹ŒŒNMLBŒMÌKMÌ‹LNMÌŒÍÍKLML‹ŒÌÎMÌÎKMKÌÎÍÍŒMÌLMMKŒNLÍLŒÌ‹LMMËÌLÍÌLÍ‹MKMŒŽŒBŒMÌLKLÍ‹ŽMÌŒMÌKLMŒKLLŒMMKŒLÌML‚ŒMÌL‹LNMÍMMŽKLMŒËLŒLKMKŒLÍNMÍÂŒMÌLËLËLLMNLŽYKLMLMŒÍÍÍ‹MKŒMÍÍBŒMÌMNMÍMMŽKLMŒËLŒLKMKŒLÍNMÍÂŒMÌMKÍ‹ŽMÌŒMÌKLMŒKLLŒMMKŒLÌML‚ŒMÌM‹MKŒNLÍLŒÌ‹LMMËÌLÍÌLÍ‹MKMŒŽŒBŒMÌMËÌ‹LNMÌŒÍÍKLML‹ŒÌÎMÌÎKMKÌÎÍÍŒMÌNKŒÌÌLMMŽLÍËLMKŒNNNL‹M‹ŒŒNMLBŒMÌNKLKŒŽŒŽMMLËLLÍËŒÍÍMMÌŽKM‹ŒÎLLÌBŒMÌŒLŒŒŒNMLMÌÍLLËÎNMÌMM‹ÍÌNMÌÍ‚ŒMÌŒKLÌËŽNNMMNKLLM‹ŽLÍŒNL‹MËŒMÎÍÍBŒMÌŒ‹M‹ÎMŒÎËLLŽMÍŒËMËNLMÎLŒMÌŒËMMËMŒMÌŒ‹NLKŽLÍMLLÎM‹MËŽMÍNMÌÍŽLBŒMÌMËŒLŽÍŒËMÎŒLMMKNŒÌÍŒŽNBŒMÌKMÍKŒÎNÍÍ‹MŒËŒÍLÍNMMKNLŒLŒŒ‚ŒMÌ‹NKŒÍÌNÎMÍ‹MŒŒÎNÌMËNŽLLLÌŒLÎBŒMÌËNKŽŒNÍMËLÌ‹ŒÌMLMLNKNKŒLÎŒNŒMÌŽNNLŒMMLMKLM‹ŒŒÌNLÌNMNKŒŒŒMLÌŒÂ“UTÕÒS•ÓÓ•“ÓTŽˆY\Ý[™È[YHÝ\ˆHŒB‚‚OOOOH™YÚ[›š[™È[YHÝ\ˆHOOOOB‚‚”™Y›Ü›Z[™ÈÝY™›™\ÜÈX]š^ˆ™Y›Ü›X][ÛˆÌB‚ˆBˆ›Û›[™X\ˆÛÛ][ÛˆÝ]\Îˆ[YOHB‚\ÝY™›™\ÜÈ\]\ÈH‚\šYÚ[™ÚYH]˜[X][ÛœÈH‚‚\ÝY™›™\ÜÈX]š^™Y›Ü›X][ÛœÈHB‚\Ý\œ›ÛH[™HÙX\˜ÚHKŒ‚XÛÛ™\™Ù[˜ÙH›Ü›\ÈˆS’UPSÕT”‘S•‘TURT‘Q‚H™\ÚYX[KŒÍMŽYJÌËŒMŒÍYKLˆKŒÍMŽYJÌH‚H[™\™ÞH‹ŽÌŒÌJÌˆKŽNLNKLÈ‹ŽÌŒÌKLˆ‚H\ÜXÙ[Y[KŒLMLYJÌÈKŒLMLYJÌÈNMŒŒ™KLHˆ‚ˆ›Û›[™X\ˆÛÛ][ÛˆÝ]\Îˆ[YOHB‚\ÝY™›™\ÜÈ\]\ÈHB‚\šYÚ[™ÚYH]˜[X][ÛœÈHÂ‚\ÝY™›™\ÜÈX]š^™Y›Ü›X][ÛœÈHB‚\Ý\œ›ÛH[™HÙX\˜ÚHKŒ‚XÛÛ™\™Ù[˜ÙH›Ü›\ÈˆS’UPSÕT”‘S•‘TURT‘Q‚H™\ÚYX[KŒÍMŽYJÌKLÌLYKLKŒÍMŽYJÌH‚H[™\™ÞH‹ŽÌŒÌJÌˆKŽLÙKLH‹ŽÌŒÌKLˆ‚H\ÜXÙ[Y[KŒLMLYJÌÈ‹MÍÎNYKLHŒÍŽMN™KLH‚˜ÛÛ™\™Ù[˜ÙHÝ[[X\žBˆ[X™\ˆÙˆ]\˜][ÛœÈˆ‚ˆ[X™\ˆÙˆ™Y›Ü›X][ÛœÈˆB‚‹KKKKKKHÛÛ™\™ÙY][YHˆB‚‚‘]H™XÛÜ™ÌBOOOOOOOOOOOOOOOOOOOOOOOOOOOOOOOOOOOOOOOOOOOOOOOOOOOOOOOOOOOOOOOOOOOOOOOOOOB”Ý\H•[YHHB‘]HHÚ\Ùš[˜[ØÛÛÜ™[˜]\ÂŒKŒ‹ŒÌŒÍÌÍLËËŒLŽLLÎYKLLËŒÌÍMŒŽNBŒ‹ŒŽMŒÌLÎKM‹ŒMŽÍMŒËÍÌÍŒÎÂŒËNMËLMÍÌŽM‹Ì‹ŒÌÌLÍ‹ŒÎMÎMLMMNNLKŽMÍMLÎKËLÌŽLNNMËŒÌNMLŽKNLŒLÌKŒ‹ŒLŽMŒËŒŒMŒŒŒÌÂ‹MÍŽMŒŒŒŒÌ‹ÍKÍMÍÌÍLLÍŒLÌÍÎMÍ‚ËMŒËŽÌM‹ŒÍÌÍNMNÌL‹ËŽMMŒÍŽLMÌÂŽMLKŒLM‹NKŽMNLLMËŽLLÌNLÍÂŽKLÍËŒÍMLMŽNLËLLŒMLÌNKËÍLŒLÍŽÌ‚ŒLLŒ‹ŒÍŽŒMLÎLNŽMÍMNNNKËLÌŒÍÌ‚ŒLKL‹ŒÍLM‹L‹ŒÎMŽMKËŒÎMŽNLLÍM‚ŒL‹KŽÎMŒLMÍ‹LÌËŒLŽMÍ‹ËŒÎNLNLLÌNŒLËÌ‹LÌŒŽMÌMÍŒËLÎŒÌŒŒŒÌŽŒ‹ËŒNÍMÎMÍ‚ŒMMÎMLÌÍÎM‹ŒÍÌÍÍKËŒLMŒÍÍŒM‚ŒMKÍ‹ÌMŒMMKMKŒNMNMNNËŒŒÌNMŽLŒ‚ŒM‹NLÌÌLŒÍL‹M‹ŽMMMLÍMËŒŽLŒŒMËL‹ŒMLŽLŽNLÙKLMMËŒLMÌŒ‹‹ŽNMLMÎNBŒNLNLÌÌLŒÍL‹M‹ŽMMMLÍMËŒŽLŒŒNKLÍ‹ÌMŒMMKMKŒNMNMNNËŒŒÌNMŽLŒ‚ŒŒMMÎMLÌÍÎM‹ŒÍÌÍÍKËŒLMŒÍÍŒM‚ŒŒKMÌ‹LÌŒŽMÌMÍŒËLÎŒÌŒŒŒÌŽŒ‹ËŒNÍMÎMÍ‚ŒŒ‹NKŽÎMŒLMÍ‹LÌËŒLŽMÍ‹ËŒÎNLNLLÌNŒŒËLL‹ŒÍLM‹L‹ŒÎMŽMKËŒÎMŽNLLÍM‚ŒLLŒ‹ŒÍŽŒMLÎLNŽMÍMNNNKËLÌŒÍÌ‚ŒKLLÍËŒÍMLMŽNLËLLŒMLÌNKËÍLŒLÍŽÌ‚Œ‹LMLKŒLM‹NKŽMNLLMËŽLLÌNLÍÂŒËLMŒËŽÌM‹ŒÍÌÍNMNÌL‹ËŽMMŒÍŽLMÌÂŒŽLMÍŽMŒŒŒŒÌ‹ÍKÍMÍÌÍLLÍŒLÌÍÎMÍ‚ŒŽKLNLŒLÌKŒ‹ŒLŽMŒËŒŒMŒŒŒÌÂŒÌLNLKŽMÍMLÎKËLÌŽLNNMËŒÌNMLŽŒÌKLNMËLMÍÌŽM‹Ì‹ŒÌÌLÍ‹ŒÎMÎMLMMNŒÌ‹LŒŽMŒÌLÎKM‹ŒMŽÍMŒËÍÌÍŒÎÂŒÌËLŒ‹ŒÌŒÍÌÍLËKLÍLÎŒÍŽKLLËŒÌÍMŒŽNBŒÍLŒŽMŒÌLÎKLM‹ŒMŽÍMŒËÍÌÍŒÎÂŒÍKLNMËLMÍÌŽM‹LÌ‹ŒÌÌLÍ‹ŒÎMÎMLMMNŒÍ‹LNLKŽMÍMLÎKMËLÌŽLNNMËŒÌNMLŽŒÍËLNLŒLÌKMŒ‹ŒLŽMŒËŒŒMŒŒŒÌÂŒÎLMÍŽMŒŒŒŒÌ‹MÍKÍMÍÌÍLLÍŒLÌÍÎMÍ‚ŒÎKLMŒËŽÌM‹NŒÍÌÍNMNÌL‹ËŽMMŒÍŽLMÌÂLMLKŒLM‹NNKŽMNLLMËŽLLÌNLÍÂKLLÍËŒÍMLMŽNLËLLLŒMLÌNKËÍLŒLÍŽÌ‚‹LLŒ‹ŒÍŽŒMLÎLLNŽMÍMNNNKËLÌŒÍÌ‚ËLL‹ŒÍLM‹LL‹ŒÎMŽMKËŒÎMŽNLLÍM‚NKŽÎMŒLMÍ‹LLÌËŒLŽMÍ‹ËŒÎNLNLLÌNKMÌ‹LÌŒŽMÌMÍŒËLLÎŒÌŒŒŒÌŽŒ‹ËŒNÍMÎMÍ‚‹MMÎMLÌÍÎLM‹ŒÍÌÍÍKËŒLMŒÍÍŒM‚ËLÍ‹ÌMŒMMKLMKŒNMNMNNËŒŒÌNMŽLŒ‚LNLÌÌLŒÍL‹LM‹ŽMMMLÍMËŒŽLŒKKÍMMÌÌÎŒYKLMLMËŒLMÌŒ‹‹ŽNMLMÎNBLNLÌÌLŒÍL‹LM‹ŽMMMLÍMËŒŽLŒLKÍ‹ÌMŒMMKLMKŒNMNMNNËŒŒÌNMŽLŒ‚L‹MÎMLÌÍÎLM‹ŒÍÌÍÍKËŒLMŒÍÍŒM‚LËÌ‹LÌŒŽMÌMÍŒËLLÎŒÌŒŒŒÌŽŒ‹ËŒNÍMÎMÍ‚MKŽÎMŒLMÍ‹LLÌËŒLŽMÍ‹ËŒÎNLNLLÌNMKL‹ŒÍLM‹LL‹ŒÎMŽMKËŒÎMŽNLLÍM‚M‹LŒ‹ŒÍŽŒMLÎLLNŽMÍMNNNKËLÌŒÍÌ‚MËLÍËŒÍMLMŽNLËLLLŒMLÌNKËÍLŒLÍŽÌ‚NMLKŒLM‹NNKŽMNLLMËŽLLÌNLÍÂNKMŒËŽÌM‹NŒÍÌÍNMNÌL‹ËŽMMŒÍŽLMÌÂŒMÍŽMŒŒŒŒÌ‹MÍKÍMÍÌÍLLÍŒLÌÍÎMÍ‚ŒKNLŒLÌKMŒ‹ŒLŽMŒËŒŒMŒŒŒÌÂŒ‹NLKŽMÍMLÎKMËLÌŽLNNMËŒÌNMLŽŒËNMËLMÍÌŽM‹LÌ‹ŒÌÌLÍ‹ŒÎMÎMLMMNŒŽMŒÌLÎKLM‹ŒMŽÍMŒËÍÌÍŒÎÂKŒKÌŒŽLKËŒMNÙKLLËÌËŒÌMŒŒ‹ŒMÌŒ‹M‹ŒMŽLÎMÍËÌËNMLL‚ËNMËŒNÎMÌÍKÌ‹ŒŽNMNLÎËÌËŒÎMÎÌNNMBŽNLKŽMŒŽËLÌŒLMŒNKÌËŒÌNMŒŽNMŽKNŒLÌNLŒNMŒËŒ‹ŒMNMŽÍKÌËŒŒMŒMŽŽBÌMÍÌÌÌŽŒKÍKŽMMÌMŒŒÎÌËŒLŽLŒMÌMÂÌKMŒËMŒLŒÍËŒÌMÍMÌKÌ‹ŽMMNMÍNNBÌ‹MLKŒMÌÌÌMKNKŽMLÌLMLLÎÌ‹ŽLMMÌLŽMÍÌËLÍËŒÌLŒÌKLLŒŒLÍÎMKÌ‹NMŒŽÍLŒ‹ŒŽMÎÎMLNKŒŒMÎNLËÌ‹LÍBÍKL‹MÍÍMÌËL‹ŽMŒLŽŒNKÌ‹ŒÎLÌŒNNLÌBÍ‹KÍŽÍMŽKLÌËMMŒŒNM‹Ì‹ŒÍLÍÎBÍËÌ‹LMLLMŒNLÎÌNNMLŒ‹Ì‹ŒMÍÌNL‚ÎMÎÍMNÌ‹M‹ÎNNLÍMËÌ‹ŒLÎLŒÌŒŒÂÎKÍ‹ÌLÍÎLÍMKŒNLŒMÌÍ‹Ì‹ŒÍLŒŽÂŽNLÍÍŒŽLËMËŒÎŒÎLŽÌKŽNNLŒLÂŽKLKŒNŽMŒM™KLMMËŽMMŽL‹ÌKŽNŽMÍLŒÍÂŽ‹LNLÍÍŒŽLËMËŒÎŒÎLŽÌKŽNNLŒLÂŽËLÍ‹ÌLÍÎLÍMKŒNLŒMÌÍ‹Ì‹ŒÍLŒŽÂŽMMÎÍMNÌ‹M‹ÎNNLÍMËÌ‹ŒLÎLŒÌŒŒÂŽKMÌ‹LMLLMŒNLÎÌNNMLŒ‹Ì‹ŒMÍÌNL‚Ž‹NKÍŽÍMŽKLÌËMMŒŒNM‹Ì‹ŒÍLÍÎBŽËLL‹MÍÍMÌËL‹ŽMŒLŽŒNKÌ‹ŒÎLÌŒNNLÌBŽLLŒ‹ŒŽMÎÎMLNKŒŒMÎNLËÌ‹LÍBŽKLLÍËŒÌLŒÌKLLŒŒLÍÎMKÌ‹NMŒŽŽLLMLKŒMÌÌÌMKNKŽMLÌLMLLÎÌ‹ŽLMMÌLŽMÍŽLKLMŒËMŒLŒÍËŒÌMÍMÌKÌ‹ŽMMNMÍNNBŽL‹LMÍÌÌÌŽŒKÍKŽMMÌMŒŒÎÌËŒLŽLŒMÌMÂŽLËLNŒLÌNLŒNMŒËŒ‹ŒMNMŽÍKÌËŒŒMŒMŽŽBŽMLNLKŽMŒŽËLÌŒLMŒNKÌËŒÌNMŒŽNMŽMKLNMËŒNÎMÌÍKÌ‹ŒŽNMNLÎËÌËŒÎMÎÌNNMBŽM‹LŒMÌŒ‹M‹ŒMŽLÎMÍËÌËNMLL‚ŽMËLŒKÌŒŽLKKŒÎMMŒNMM™KLLËÌËŒÌMŒŒŽNLŒMÌŒ‹LM‹ŒMŽLÎMÍËÌËNMLL‚ŽNKLNMËŒNÎMÌÍKLÌ‹ŒŽNMNLÎËÌËŒÎMÎÌNNMBŒLLNLKŽMŒŽMËLÌŒLMŒNKÌËŒÌNMŒŽNMŒLKLNŒLÌNLŒNMŒËMŒ‹ŒMNMŽÍKÌËŒŒMŒMŽŽBŒL‹LMÍÌÌÌŽŒKMÍKŽMMÌMŒŒÎÌËŒLŽLŒMÌMÂŒLËLMŒËMŒLŒÍËNŒÌMÍMÌKÌ‹ŽMMNMÍNNBŒLLMLKŒMÌÌÌMKNNKŽMLÌLMLLÎÌ‹ŽLMMÌLŽMÍŒLKLLÍËŒÌLŒÌKLLLŒŒLÍÎMKÌ‹NMŒŽŒL‹LLŒ‹ŒŽMÎÎMLLNKŒŒMÎNLËÌ‹LÍBŒLËLL‹MÍÍMÌËLL‹ŽMŒLŽŒNKÌ‹ŒÎLÌŒNNLÌBŒLNKÍŽÍMŽKLLÌËMMŒŒNM‹Ì‹ŒÍLÍÎBŒLKMÌ‹LMLLMŒNLLÎÌNNMLŒ‹Ì‹ŒMÍÌNL‚ŒLLMMÎÍMNÌ‹LM‹ÎNNLÍMËÌ‹ŒLÎLŒÌŒŒÂŒLLKLÍ‹ÌLÍÎLÍLMKŒNLŒMÌÍ‹Ì‹ŒÍLŒŽÂŒLL‹LNLÍÍŒŽLËLMËŒÎŒÎLŽÌKŽNNLŒLÂŒLLËKŒMÌNLNKLMLMËŽMMŽL‹ÌKŽNŽMÍLŒÍÂŒLMNLÍÍŒŽLËLMËŒÎŒÎLŽÌKŽNNLŒLÂŒLMKÍ‹ÌLÍÎLÍLMKŒNLŒMÌÍ‹Ì‹ŒÍLŒŽÂŒLM‹MÎÍMNÌ‹LM‹ÎNNLÍMËÌ‹ŒLÎLŒÌŒŒÂŒLMËÌ‹LMLLMŒNLLÎÌNNMLŒ‹Ì‹ŒMÍÌNL‚ŒLNKÍŽÍMŽKLLÌËMMŒŒNM‹Ì‹ŒÍLÍÎBŒLNKL‹MÍÍMÌËLL‹ŽMŒLŽŒNKÌ‹ŒÎLÌŒNNLÌBŒLŒLŒ‹ŒŽMÎÎMLLNKŒŒMÎNLËÌ‹LÍBŒLŒKLÍËŒÌLŒÌKLLLŒŒLÍÎMKÌ‹NMŒŽŒLŒ‹MLKŒMÌÌÌMKNNKŽMLÌLMLLÎÌ‹ŽLMMÌLŽMÍŒLŒËMŒËMŒLŒÍËNŒÌMÍMÌKÌ‹ŽMMNMÍNNBŒLMÍÌÌÌŽŒKMÍKŽMMÌMŒŒÎÌËŒLŽLŒMÌMÂŒLKNŒLÌNLŒNMŒËMŒ‹ŒMNMŽÍKÌËŒŒMŒMŽŽBŒL‹NLKŽMŒŽMËLÌŒLMŒNKÌËŒÌNMŒŽNMŒLËNMËŒNÎMÌÍKLÌ‹ŒŽNMNLÎËÌËŒÎMÎÌNNMBŒLŽŒMÌŒ‹LM‹ŒMŽLÎMÍËÌËNMLL‚ŒLŽKŒKŒÌNŒMŽK‹ŽLMNMŒÎLKLLËNŒÍŒÎMŒLÌŒŒNMMÎÍËM‹ŒMŽLÌÍLÌŒ‹NÌŽÂŒLÌKNM‹ŽLNÌKÌ‹ŒÌNLÍŽNŒÎNÌÍŽLŒM‚ŒLÌ‹NLKŒÍŽMKËLLNNNMKNŒÌŒLÍLÎNBŒLÌËNËŽŒÌÎLÌŒ‹Œ‹ŒLLMÍËNŒŒMŒÌMLÎŒLÍMÍLÎLËÍKŽŽMNNMÍËNŒLÌMÍÌŒNŒLÍKMŒËŽŒŒLM‹MMÍML‹MËŽMMNÎLNÂŒLÍ‹MLŽMÍLËLŒNNL‹MËŽLLLMÌÌ‚ŒLÍËLÍËŒLÌÌÌMLLŒÎNÍÍÍËMËMNMÂŒLÎLŒ‹ŒŒLŒLMMŒKLNKMÌŽMËLŒÍÎMMÂŒLÎKL‹ŒÍNMŒNÍKLËŒMÍÍŽ‹MËŒÎMÎÍÍ‚ŒMKÌÎÍÍÌNLKLÌËŽÌŒLKMËŒÌÎNLBŒMKÌ‹NNMMLËLÎKŒLLMLŽM‹MËŒMŽLNMÌŒM‹MÎLŒÌÍMKMËŒŒLÌŒÍÍNL‹MËŒÌŒŒÍÌŽBŒMËÍ‹ÌLNÍLLŽM‹ŒLLŽLËMËŒÍÌMÍBŒMNLÌ‹MËŽŒŽŒLMKM‹ŽNLLŽL‚ŒMKLKŒNMNÍNKLMKMLÌÌŽLKM‹ŽMÎŒÎŒM‹LNLÌ‹MËŽŒŽŒLMKM‹ŽNLLŽL‚ŒMËLÍ‹ÌLNÍLLŽM‹ŒLLŽLËMËŒÍÌMÍBŒMMMÎLŒÌÍMKMËŒŒLÌŒÍÍNL‹MËŒÌŒŒÍÌŽBŒMKMÌ‹NNMMLËLÎKŒLLMLŽM‹MËŒMŽLNMÌŒMLNKÌÎÍÍÌNLKLÌËŽÌŒLKMËŒÌÎNLBŒMLKLL‹ŒÍNMŒNÍKLËŒMÍÍŽ‹MËŒÎMÎÍÍ‚ŒML‹LLŒ‹ŒŒLŒLMMŒKLNKMÌŽMËLŒÍÎMMÂŒMLËLLÍËŒLÌÌÌMLLŒÎNÍÍÍËMËMNMÂŒMMLMLŽMÍLËLŒNNL‹MËŽLLLMÌÌ‚ŒMMKLMŒËŽŒŒLM‹MMÍML‹MËŽMMNÎLNÂŒMM‹LMÍLÎLËÍKŽŽMNNMÍËNŒLÌMÍÌŒNŒMMËLNËŽŒÌÎLÌŒ‹Œ‹ŒLLMÍËNŒŒMŒÌMLÎŒMNLNLKŒÍŽMKËLLNNNMKNŒÌŒLÍLÎNBŒMNKLNM‹ŽLNÌKÌ‹ŒÌNLÍŽNŒÎNÌÍŽLŒM‚ŒMŒLŒŒNMMÎÍËM‹ŒMŽLÌÍLÌŒ‹NÌŽÂŒMŒKLŒKŒÌNŒMŽKKŒMMLŒÎÌÙKLLËNŒÍŒÎMŒMŒ‹LŒŒNMMÎÍËLM‹ŒMŽLÌÍLÌŒ‹NÌŽÂŒMŒËLNM‹ŽLNÌKLÌ‹ŒÌNLÍŽNŒÎNÌÍŽLŒM‚ŒMLNLKŒÍŽMKMËLLNNNMKNŒÌŒLÍLÎNBŒMKLNËŽŒÌÎLÌŒ‹MŒ‹ŒLLMÍËNŒŒMŒÌMLÎŒM‹LMÍLÎLËMÍKŽŽMNNMÍËNŒLÌMÍÌŒNŒMËLMŒËŽŒŒLM‹NMMÍML‹MËŽMMNÎLNÂŒMŽLMLŽMÍLËLLŒNNL‹MËŽLLLMÌÌ‚ŒMŽKLLÍËŒLÌÌÌMLLLŒÎNÍÍÍËMËMNMÂŒMÌLLŒ‹ŒŒLŒLMMŒKLLNKMÌŽMËLŒÍÎMMÂŒMÌKLL‹ŒÍNMŒNÍKLLËŒMÍÍŽ‹MËŒÎMÎÍÍ‚ŒMÌ‹NKÌÎÍÍÌNLKLLÌËŽÌŒLKMËŒÌÎNLBŒMÌËMÌ‹NNMMLËLLÎKŒLLMLŽM‹MËŒMŽLNMÌŒMÍMMÎLŒÌÍMKLMËŒŒLÌŒÍÍNL‹MËŒÌŒŒÍÌŽBŒMÍKLÍ‹ÌLNÍLLŽLM‹ŒLLŽLËMËŒÍÌMÍBŒMÍ‹LNLÌ‹LMËŽŒŽŒLMKM‹ŽNLLŽL‚ŒMÍËŒÌLLÌŒÌÙKLMLMLÌÌŽLKM‹ŽMÎŒÎŒMÎNLÌ‹LMËŽŒŽŒLMKM‹ŽNLLŽL‚ŒMÎKÍ‹ÌLNÍLLŽLM‹ŒLLŽLËMËŒÍÌMÍBŒNMÎLŒÌÍMKLMËŒŒLÌŒÍÍNL‹MËŒÌŒŒÍÌŽBŒNKÌ‹NNMMLËLLÎKŒLLMLŽM‹MËŒMŽLNMÌŒN‹KÌÎÍÍÌNLKLLÌËŽÌŒLKMËŒÌÎNLBŒNËL‹ŒÍNMŒNÍKLLËŒMÍÍŽ‹MËŒÎMÎÍÍ‚ŒNLŒ‹ŒŒLŒLMMŒKLLNKMÌŽMËLŒÍÎMMÂŒNKLÍËŒLÌÌÌMLLLŒÎNÍÍÍËMËMNMÂŒN‹MLŽMÍLËLLŒNNL‹MËŽLLLMÌÌ‚ŒNËMŒËŽŒŒLM‹NMMÍML‹MËŽMMNÎLNÂŒNMÍLÎLËMÍKŽŽMNNMÍËNŒLÌMÍÌŒNŒNKNËŽŒÌÎLÌŒ‹MŒ‹ŒLLMÍËNŒŒMŒÌMLÎŒNLNLKŒÍŽMKMËLLNNNMKNŒÌŒLÍLÎNBŒNLKNM‹ŽLNÌKLÌ‹ŒÌNLÍŽNŒÎNÌÍŽLŒM‚ŒNL‹ŒŒNMMÎÍËLM‹ŒMŽLÌÍLÌŒ‹NÌŽÂŒNLËŒŽMŽŽN‹NNNŒÌNNLÙKLLËËLÌLMLŒBŒNMNNKŽLÍŽ‹M‹ŒMÍÌÍŽLÍ‹ËÍŒŽÂŒNMKNM‹LŒÍLŒŽËÌ‹ŒÍLMŒM‹ËŒÎNNMMÌÍBŒNM‹NLKŒLÎMNKËÍŒŒLŒÌŒKËŒÌŒMŒNLLBŒNMËNËNNLNMLÌKŒ‹ŒMLÌMÌ‹ËŒŒMÎLLÍBŒNNMÍŒÎLÍ‹ÍKŽLŒÎŒŒŽMŒ‹ËŒMLLŒŒÂŒNNKMŒËŒŽMÎMÍÎMK‹ŽMMŒLMŒÍ‚ŒŒMLŽÌŒÍMÍKLŒŒŒLÍÌ‹‹ŽLMMŒŒKLÍËŒŒLMÌMKLLNLNÌŽ‹ŒÌÌÍBŒŒ‹LŒ‹ŒLÍÌLÎËLNKŽLLŒNMŒK‹LŒMM‚ŒŒËL‹ŒÌLLŒËLËMŽÍÌ‹‹ŒÎŒLLNL‚ŒŒKÌLMÎLLŒKLÍŒMLÌM‹ŒNŒÌŒŒKÌ‹MÍŒŒÌÌ‹LÎKNMLMM‹ŒMŒŽLÍÎŒŒ‹MÍÍNLÎMMMŒKMËŒÎMÌÎ‹ŒÎNLŒNLLBŒŒËÍ‹ÌLNMÌÍNM‹MÎNŒŽ‹ŒNLÌŽÍBŒŒNLÌLŒ‹MŒÌÍÌÍÍKŽNŒÌŒÎLÂŒŒKKŒMLMÌÌÍL™KLMMŽLŒMMÌÌKKŽMŽNLLMLBŒŒLLNLÌLŒ‹MŒÌÍÌÍÍKŽNŒÌŒÎLÂŒŒLKLÍ‹ÌLNMÌÍNM‹MÎNŒŽ‹ŒNLÌŽÍBŒŒL‹MMÍÍNLÎMMMŒKMËŒÎMÌÎ‹ŒÎNLŒNLLBŒŒLËMÌ‹MÍŒŒÌÌ‹LÎKNMLMM‹ŒMŒŽLÍÎŒŒMNKÌLMÎLLŒKLÍŒMLÌM‹ŒNŒÌŒŒMKLL‹ŒÌLLŒËLËMŽÍÌ‹‹ŒÎŒLLNL‚ŒŒM‹LLŒ‹ŒLÍÌLÎËLNKŽLLŒNMŒK‹LŒMM‚ŒŒMËLLÍËŒŒLMÌMKLLNLNÌŽ‹ŒÌÌÍBŒŒNLMLŽÌŒÍMÍKLŒŒŒLÍÌ‹‹ŽLMMŒŒNKLMŒËŒŽMÎMÍÎMK‹ŽMMŒLMŒÍ‚ŒŒŒLMÍŒÎLÍ‹ÍKŽLŒÎŒŒŽMŒ‹ËŒMLLŒŒÂŒŒŒKLNËNNLNMLÌKŒ‹ŒMLÌMÌ‹ËŒŒMÎLLÍBŒŒŒ‹LNLKŒLÎMNKËÍŒŒLŒÌŒKËŒÌŒMŒNLLBŒŒŒËLNM‹LŒÍLŒŽËÌ‹ŒÍLMŒM‹ËŒÎNNMMÌÍBŒŒLNNKŽLÍŽ‹M‹ŒMÍÌÍŽLÍ‹ËÍŒŽÂŒŒKLŒŽMŽŽNKŒÌLNÎKLLËËLÌLMLŒBŒŒ‹LNNKŽLÍŽ‹LM‹ŒMÍÌÍŽLÍ‹ËÍŒŽÂŒŒËLNM‹LŒÍLŒŽËLÌ‹ŒÍLMŒM‹ËŒÎNNMMÌÍBŒŒŽLNLKŒLÎMNKMËÍŒŒLŒÌŒKËŒÌŒMŒNLLBŒŒŽKLNËNNLNMLÌKMŒ‹ŒMLÌMÌ‹ËŒŒMÎLLÍBŒŒÌLMÍŒÎLÍ‹MÍKŽLŒÎŒŒŽMŒ‹ËŒMLLŒŒÂŒŒÌKLMŒËŒŽMÎMNÍÎMK‹ŽMMŒLMŒÍ‚ŒŒÌ‹LMLŽÌŒÍMÍKLLŒŒŒLÍÌ‹‹ŽLMMŒŒÌËLLÍËŒŒLMÌMKLLLNLNÌŽ‹ŒÌÌÍBŒŒÍLLŒ‹ŒLÍÌLÎËLLNKŽLLŒNMŒK‹LŒMM‚ŒŒÍKLL‹ŒÌLLŒËLLËMŽÍÌ‹‹ŒÎŒLLNL‚ŒŒÍ‹NKÌLMÎLLŒKLLÍŒMLÌM‹ŒNŒÌŒŒÍËMÌ‹MÍŒŒÌÌ‹LLÎKNMLMM‹ŒMŒŽLÍÎŒŒÎMMÍÍNLÎMMMŒKLMËŒÎMÌÎ‹ŒÎNLŒNLLBŒŒÎKLÍ‹ÌLNMÌÍNLM‹MÎNŒŽ‹ŒNLÌŽÍBŒLNLÌLŒ‹LMŒÌÍÌÍÍKŽNŒÌŒÎLÂŒKŒMÌMÍÍLÌYKLMLMŽLŒMMÌÌKKŽMŽNLLMLBŒ‹NLÌLŒ‹LMŒÌÍÌÍÍKŽNŒÌŒÎLÂŒËÍ‹ÌLNMÌÍNLM‹MÎNŒŽ‹ŒNLÌŽÍBŒMÍÍNLÎMMMŒKLMËŒÎMÌÎ‹ŒÎNLŒNLLBŒKÌ‹MÍŒŒÌÌ‹LLÎKNMLMM‹ŒMŒŽLÍÎŒ‹KÌLMÎLLŒKLLÍŒMLÌM‹ŒNŒÌŒËL‹ŒÌLLŒËLLËMŽÍÌ‹‹ŒÎŒLLNL‚ŒLŒ‹ŒLÍÌLÎËLLNKŽLLŒNMŒK‹LŒMM‚ŒKLÍËŒŒLMÌMKLLLNLNÌŽ‹ŒÌÌÍBŒLMLŽÌŒÍMÍKLLŒŒŒLÍÌ‹‹ŽLMMŒLKMŒËŒŽMÎMNÍÎMK‹ŽMMŒLMŒÍ‚ŒL‹MÍŒÎLÍ‹MÍKŽLŒÎŒŒŽMŒ‹ËŒMLLŒŒÂŒLËNËNNLNMLÌKMŒ‹ŒMLÌMÌ‹ËŒŒMÎLLÍBŒMNLKŒLÎMNKMËÍŒŒLŒÌŒKËŒÌŒMŒNLLBŒMKNM‹LŒÍLŒŽËLÌ‹ŒÍLMŒM‹ËŒÎNNMMÌÍBŒM‹NNKŽLÍŽ‹LM‹ŒMÍÌÍŽLÍ‹ËÍŒŽÂŒMËŒŒŒŒÌŒÌM‹ŒŽÌLÍLKLLËLŽÌMŒÌÂŒNNNKLLNÎM‹M‹ŒMÌŒÍÎËLLŒLLLLÂŒNKNM‹ŒŒŒLÍKÌ‹ŒÍÌNLLMÍËLÌMÎN‚ŒŒNLÍŽMÎKËÌÎNKLŒÌMÍMŒŒKNËŒÌÍÌÌËŒ‹ŒNNMÍMÌKLŒŒŒÍLNMŒŒ‹MÍŒMMÌLÌMKÍKŽMÍŽLŒLMŽ‹LŒMŒŒNŒŒËMŒËŒLNMLNNÌÍMMKLËŽMMÌÌMBŒMLŒÌÎ‹LŒÍLŒMNÍKLËŽLNML‚ŒKLÍ‹ŽLŒMÌNLL‹LLÍNMÌLËŒŒNMLŽBŒ‹LŒ‹ŒŒÍÍLŽNLNKŽLŒŒLÌNKLËLMÌÎMÍŽBŒËL‹ŒŒÎMNKLËŽŽLŒÌLKLËŒÎNLÍMNMÂŒŽKŽÌÌÌMÍÎMËLÍÍMLÌÌL‹LËŒŒLŒŒŽKÌ‹ÌÎŒLËLÎKŽÎLŒKLËŒMMMŽMÎŒÌMÍÌLŒÌŒM‹MŒNLÎMÍ‹LËŒÌMLŽŽNŒÌKÍ‹ÌLŽÍMLËMËŒŽLLÌÎMLËŒNLLŒÌ‹NLÍLMÍNMLËMŽMLÍKL‹ŽMÌŒÍLÂŒÌË‹MMŒÌŒ™KLMMKŒÎMLLŒ‹L‹ŽMNMÌŒÎMNBŒÍLNLÍLMÍNMLËMŽMLÍKL‹ŽMÌŒÍLÂŒÍKLÍ‹ÌLŽÍMLËMËŒŽLLÌÎMLËŒNLLŒÍ‹MMÍÌLŒÌŒM‹MŒNLÎMÍ‹LËŒÌMLŽŽNŒÍËMÌ‹ÌÎŒLËLÎKŽÎLŒKLËŒMMMŽMÎŒÎNKŽÌÌÌMÍÎMËLÍÍMLÌÌL‹LËŒŒLŒŒÎKLL‹ŒŒÎMNKLËŽŽLŒÌLKLËŒÎNLÍMNMÂŒŽLLŒ‹ŒŒÍÍLŽNLNKŽLŒŒLÌNKLËLMÌÎMÍŽBŒŽKLLÍ‹ŽLŒMÌNLL‹LLÍNMÌLËŒŒNMLŽBŒŽ‹LMLŒÌÎ‹LŒÍLŒMNÍKLËŽLNML‚ŒŽËLMŒËŒLNMLNNÌÍMMKLËŽMMÌÌMBŒŽLMÍŒMMÌLÌMKÍKŽMÍŽLŒLMŽ‹LŒMŒŒNŒŽKLNËŒÌÍÌÌËŒ‹ŒNNMÍMÌKLŒŒŒÍLNMŒŽ‹LNLÍŽMÎKËÌÎNKLŒÌMÍMŒŽËLNM‹ŒŒŒLÍKÌ‹ŒÍÌNLLMÍËLÌMÎN‚ŒŽLNNKLLNÎM‹M‹ŒMÌŒÍÎËLLŒLLLLÂŒŽKLŒŒŒŒÌŒÌMŽLLNMŽLÙKLLËLŽÌMŒÌÂŒŽLLNNKLLNÎM‹LM‹ŒMÌŒÍÎËLLŒLLLLÂŒŽLKLNM‹ŒŒŒLÍKLÌ‹ŒÍÌNLLMÍËLÌMÎN‚ŒŽL‹LNLÍŽMÎKMËÌÎNKLŒÌMÍMŒŽLËLNËŒÌÍÌÌËMŒ‹ŒNNMÍMÌKLŒŒŒÍLNMŒŽMLMÍŒMMÌLÌMKMÍKŽMÍŽLŒLMŽ‹LŒMŒŒNŒŽMKLMŒËŒLNMLNNNÌÍMMKLËŽMMÌÌMBŒŽM‹LMLŒÌÎ‹LLŒÍLŒMNÍKLËŽLNML‚ŒŽMËLLÍ‹ŽLŒMÌNLL‹LLLÍNMÌLËŒŒNMLŽBŒŽNLLŒ‹ŒŒÍÍLŽNLLNKŽLŒŒLÌNKLËLMÌÎMÍŽBŒŽNKLL‹ŒŒÎMNKLLËŽŽLŒÌLKLËŒÎNLÍMNMÂŒÌNKŽÌÌÌMÍÎMËLLÍÍMLÌÌL‹LËŒŒLŒŒÌKMÌ‹ÌÎŒLËLLÎKŽÎLŒKLËŒMMMŽMÎŒÌ‹MMÍÌLŒÌŒM‹LMŒNLÎMÍ‹LËŒÌMLŽŽNŒÌËLÍ‹ÌLŽÍMLËLMËŒŽLLÌÎMLËŒNLLŒÌLNLÍLMÍNMLËLMŽMLÍKL‹ŽMÌŒÍLÂŒÌKËLNMÍÌLÎ™KLMLMKŒÎMLLŒ‹L‹ŽMNMÌŒÎMNBŒÌ‹NLÍLMÍNMLËLMŽMLÍKL‹ŽMÌŒÍLÂŒÌËÍ‹ÌLŽÍMLËLMËŒŽLLÌÎMLËŒNLLŒÌMÍÌLŒÌŒM‹LMŒNLÎMÍ‹LËŒÌMLŽŽNŒÌKÌ‹ÌÎŒLËLLÎKŽÎLŒKLËŒMMMŽMÎŒÌLKŽÌÌÌMÍÎMËLLÍÍMLÌÌL‹LËŒŒLŒŒÌLKL‹ŒŒÎMNKLLËŽŽLŒÌLKLËŒÎNLÍMNMÂŒÌL‹LŒ‹ŒŒÍÍLŽNLLNKŽLŒŒLÌNKLËLMÌÎMÍŽBŒÌLËLÍ‹ŽLŒMÌNLL‹LLLÍNMÌLËŒŒNMLŽBŒÌMMLŒÌÎ‹LLŒÍLŒMNÍKLËŽLNML‚ŒÌMKMŒËŒLNMLNNNÌÍMMKLËŽMMÌÌMBŒÌM‹MÍŒMMÌLÌMKMÍKŽMÍŽLŒLMŽ‹LŒMŒŒNŒÌMËNËŒÌÍÌÌËMŒ‹ŒNNMÍMÌKLŒŒŒÍLNMŒÌNNLÍŽMÎKMËÌÎNKLŒÌMÍMŒÌNKNM‹ŒŒŒLÍKLÌ‹ŒÍÌNLLMÍËLÌMÎN‚ŒÌŒNNKLLNÎM‹LM‹ŒMÌŒÍÎËLLŒLLLLÂŒÌŒKŒŒÎŒŽK‹ŒÍÍÎYKLLËLÌËÍŒMÂŒÌŒ‹NNKŒMÌNMMNNM‹ŒMŒNLËLÌËMÍÌNLŽŒÌŒËNMKŽÎLNNKÌ‹ŒÎLLLŒÍKLÌËLÍŽŒÌNLÍŒÌMËËMÍMÌËLÌËŒÌŽMNMNBŒÌKNËŒÍŒŒML‹Œ‹ŒŒÌÌÌŽM‹LÌËŒŒMLLŒÌ‹MÌËŽÍŽÍŒM‹Í‹ŒŽÌLNMËLÌËŒNLMÎNBŒÌËMŒ‹ŽLŒLÍMKŽŒÎÌKLÌ‹ŽMNLMÍNBŒÌŽMLLNMÍMKLÎNLMËLÌ‹ŽLLLÍÎŒÌŽKLÍ‹ŽMŒNNNM‹LLŽLÍÌÌÎËLÌ‹ŒŒLNŒÌÌLŒKŽNLLLLŒL‹LŒŒMMŒNLËLÌ‹LMÎÌNŒÌÌKL‹ŒŒMÌÎNNLŽŒLÍÌLL‹LÌ‹ŒÍÍÌÎBŒÌÌ‹KMŽLMMËLÍŽNKLÌ‹ŒLÌÍÌÎLÂŒÌÌËÌ‹NMŒÌNŒ‹MŒMŒÍÍL‹LÌ‹ŒMÌŒLMLŒ‚ŒÌÍMÍŽŽNML‹MÌÍŽMËLÌ‹ŒŒMŒMŒÌÍKÍ‹ÌNMMŒLŒM‹MËÌMÍKLÌKŽNNŒLÍŒ‚ŒÌÍ‹NMMÍËMKŒNÍLŽLKLÌKŽMŒNÌŽŒÌÍËËŽLŒÎNÙKLMMKŽŒŽNLËLÌKŽMÍÌMŒ‚ŒÌÎLNMMÍËMKŒNÍLŽLKLÌKŽMŒNÌŽŒÌÎKLÍ‹ÌNMMŒLŒM‹MËÌMÍKLÌKŽNNŒLÍŒ‚ŒÍMMÍŽŽNML‹MÌÍŽMËLÌ‹ŒŒMŒMŒÍKMÌ‹NMŒÌNŒ‹MŒMŒÍÍL‹LÌ‹ŒMÌŒLMLŒ‚ŒÍ‹NKMŽLMMËLÍŽNKLÌ‹ŒLÌÍÌÎLÂŒÍËLL‹ŒŒMÌÎNNLŽŒLÍÌLL‹LÌ‹ŒÍÍÌÎBŒÍLLŒKŽNLLLLŒL‹LŒŒMMŒNLËLÌ‹LMÎÌNŒÍKLLÍ‹ŽMŒNNNM‹LLŽLÍÌÌÎËLÌ‹ŒŒLNŒÍ‹LMLLNMÍMKLÎNLMËLÌ‹ŽLLLÍÎŒÍËLMŒ‹ŽLŒLÍMKŽŒÎÌKLÌ‹ŽMNLMÍNBŒÍLMÌËŽÍŽÍŒM‹Í‹ŒŽÌLNMËLÌËŒNLMÎNBŒÍKLNËŒÍŒŒML‹Œ‹ŒŒÌÌÌŽM‹LÌËŒŒMLLŒÍLLNLÍŒÌMËËMÍMÌËLÌËŒÌŽMNMNBŒÍLKLNMKŽÎLNNKÌ‹ŒÎLLLŒÍKLÌËLÍŽŒÍL‹LNNKŒMÌNMMNNM‹ŒMŒNLËLÌËMÍÌNLŽŒÍLËLŒŒÎŒŽKÌŒŒÌLNLÎLKLLËLÌËÍŒMÂŒÍMLNNKŒMÌNMMNNLM‹ŒMŒNLËLÌËMÍÌNLŽŒÍMKLNMKŽÎLNNKLÌ‹ŒÎLLLŒÍKLÌËLÍŽŒÍM‹LNLÍŒÌMËMËMÍMÌËLÌËŒÌŽMNMNBŒÍMËLNËŒÍŒŒML‹MŒ‹ŒŒÌÌÌŽM‹LÌËŒŒMLLŒÍNLMÌËŽÍŽÍŒM‹MÍ‹ŒŽÌLNMËLÌËŒNLMÎNBŒÍNKLMŒ‹ŽLŒLÍMKNŽŒÎÌKLÌ‹ŽMNLMÍNBŒÍŒLMLLNMÍMKLLÎNLMËLÌ‹ŽLLLÍÎŒÍŒKLLÍ‹ŽMŒNNNM‹LLLŽLÍÌÌÎËLÌ‹ŒŒLNŒÍŒ‹LLŒKŽNLLLLŒL‹LLŒŒMMŒNLËLÌ‹LMÎÌNŒÍŒËLL‹ŒŒMÌÎNNLLŽŒLÍÌLL‹LÌ‹ŒÍÍÌÎBŒÍNKMŽLMMËLLÍŽNKLÌ‹ŒLÌÍÌÎLÂŒÍKMÌ‹NMŒÌNŒ‹LMŒMŒÍÍL‹LÌ‹ŒMÌŒLMLŒ‚ŒÍ‹MMÍŽŽNML‹LMÌÍŽMËLÌ‹ŒŒMŒMŒÍËLÍ‹ÌNMMŒLŒM‹LMËÌMÍKLÌKŽNNŒLÍŒ‚ŒÍŽLNMMÍËLMKŒNÍLŽLKLÌKŽMŒNÌŽŒÍŽKËŒÍLŒLŒÌÍMYKLMLMKŽŒŽNLËLÌKŽMÍÌMŒ‚ŒÍÌNMMÍËLMKŒNÍLŽLKLÌKŽMŒNÌŽŒÍÌKÍ‹ÌNMMŒLŒM‹LMËÌMÍKLÌKŽNNŒLÍŒ‚ŒÍÌ‹MÍŽŽNML‹LMÌÍŽMËLÌ‹ŒŒMŒMŒÍÌËÌ‹NMŒÌNŒ‹LMŒMŒÍÍL‹LÌ‹ŒMÌŒLMLŒ‚ŒÍÍKMŽLMMËLLÍŽNKLÌ‹ŒLÌÍÌÎLÂŒÍÍKL‹ŒŒMÌÎNNLLŽŒLÍÌLL‹LÌ‹ŒÍÍÌÎBŒÍÍ‹LŒKŽNLLLLŒL‹LLŒŒMMŒNLËLÌ‹LMÎÌNŒÍÍËLÍ‹ŽMŒNNNM‹LLLŽLÍÌÌÎËLÌ‹ŒŒLNŒÍÎMLLNMÍMKLLÎNLMËLÌ‹ŽLLLÍÎŒÍÎKMŒ‹ŽLŒLÍMKNŽŒÎÌKLÌ‹ŽMNLMÍNBŒÎMÌËŽÍŽÍŒM‹MÍ‹ŒŽÌLNMËLÌËŒNLMÎNBŒÎKNËŒÍŒŒML‹MŒ‹ŒŒÌÌÌŽM‹LÌËŒŒMLLŒÎ‹NLÍŒÌMËMËMÍMÌËLÌËŒÌŽMNMNBŒÎËNMKŽÎLNNKLÌ‹ŒÎLLLŒÍKLÌËLÍŽŒÎNNKŒMÌNMMNNLM‹ŒMŒNLËLÌËMÍÌNLŽŒÎKNNKŽLÍLLLÍKÌŽLMLLÎKLLËMNŽLÎLŽŒÎ‹NNŽÍÌŒŽËM‹ŒMNÌÌLNMNŒNŒÂŒÎËNMKMNÌÎNLËÌ‹ŒÎLŽMNMNMLLŒŽŒÎNLŒNLLŒÍÍÎKËLÌÍŽMŒM‹MNŒÌÍMNŒÂŒÎKN‹ŽMŽŒËŒ‹ŒŒÌÌÎÌLN‹MNŒŒÌŒŒÌBŒÎLMÌËŒLÍNLLKÍ‹ŒÎNLM‹MNŒLÎŽLMMBŒÎLKMŒ‹ÍLÌMËŽLLNNMMMMËŽMŒŒŒÌÌMBŒÎL‹MLŒÍÎLNŒNLŒÌNËMMËŽLŒŒ‚ŒÎLËLÍ‹ÌLŒMNLLKŒLLLÍÌÌËMMËNMŒŒÂŒÎMLŒKŽLNLMN‹LŒŒÍÍÌMËMMËLLÍÌNŒÎMKL‹ŒMÌLŒMMÍ‹LŽŒÎÍMÍMÌŽKMMËŒÍÌLNNM‚ŒÎM‹KŒÌÍLMÎLÍKŒLÌŒËMMËŒLŽÌÎŒÎMËÌ‹ÌLÎMÌKMŒŽŒMŽKMMËŒLÍÌÌÍŽM‚ŒÎNMÍŒŽÍMNKMŽÍŽNLŒKMMËŒMÌÌŽL‚ŒÎNKÍ‹ÌMÎLNMMËŽLLLLÍÌÌËMM‹ŽNMÌMŒBNMNLŒKMKÌŒŒÌŒ‹MM‹ŽMMÌMKLÌÌŒMŽNLMKLMMLŒÌLÍLLËMM‹ŽLÌÍŽLŒB‹LNMNLŒKMKÌŒŒÌŒ‹MM‹ŽMMÌMËLÍ‹ÌMÎLNMMËŽLLLLÍÌÌËMM‹ŽNMÌMŒBMMÍŒŽÍMNKMŽÍŽNLŒKMMËŒMÌÌŽL‚KMÌ‹ÌLÎMÌKMŒŽŒMŽKMMËŒLÍÌÌÍŽM‚‹NKŒÌÍLMÎLÍKŒLÌŒËMMËŒLŽÌÎËLL‹ŒMÌLŒMMÍ‹LŽŒÎÍMÍMÌŽKMMËŒÍÌLNNM‚LLŒKŽLNLMN‹LŒŒÍÍÌMËMMËLLÍÌNKLLÍ‹ÌLŒMNLLKŒLLLÍÌÌËMMËNMŒŒÂLLMLŒÍÎLNŒNLŒÌNËMMËŽLŒŒ‚LKLMŒ‹ÍLÌMËŽLLNNMMMMËŽMŒŒŒÌÌMBL‹LMÌËŒLÍNLLKÍ‹ŒÎNLM‹MNŒLÎŽLMMBLËLN‹ŽMŽŒËŒ‹ŒŒÌÌÎÌLN‹MNŒŒÌŒŒÌBMLNLŒNLLŒÍÍÎKËLÌÍŽMŒM‹MNŒÌÍMNŒÂMKLNMKMNÌÎNLËÌ‹ŒÎLŽMNMNMLLŒŽM‹LNNŽÍÌŒŽËM‹ŒMNÌÌLNMNŒNŒÂMËLNNKŽLÍLLLÍMÍÍMYKLLËMNŽLÎLŽNLNNŽÍÌŒŽËLM‹ŒMNÌÌLNMNŒNŒÂNKLNMKMNÌÎNLËLÌ‹ŒÎLŽMMËMNMLLŒŽŒLNLŒNLLŒÍÍÎKMËLÌÍŽMŒM‹MNŒÌÍMNŒÂŒKLN‹ŽMŽŒËMŒ‹ŒŒÌÌÎÌLN‹MNŒŒÌŒŒÌBŒ‹LMÌËŒLÍNLLKMÍ‹ŒÎNLMKMNŒLÎŽLMMBŒËLMŒ‹ÍLÌMËNŽLLNNMMMMËŽMŒŒŒÌÌMBLMLŒÍÎLNŒNLLŒÌNËMMËŽLŒŒ‚KLLÍ‹ÌLŒMNLLLKŒLLLÍÌÌËMMËNMŒŒÂ‹LLŒKŽLNLMN‹LLŒŒÍÍÌMËMMËLLÍÌNËLL‹ŒMÌLŒMMÍ‹LLŽŒÎÍMÍMÌŽKMMËŒÍÌLNNM‚ŽNKŒÌÍLMÎLLÍKŒLÌŒËMMËŒLŽÌÎŽKMÌ‹ÌLÎMÌKLMŒŽŒMŽKMMËŒLÍÌÌÍŽM‚ÌMMÍŒŽÍMNKLMŽÍŽNLŒKMMËŒMÌÌŽL‚ÌKLÍ‹ÌMÎLNMLMËŽLLLLÍÌÌËMM‹ŽNMÌMŒBÌ‹LNMNLŒKLMKÌŒŒÌŒ‹MM‹ŽMMÌMÌË‹LÍLŒÍÌMMLYKLMLMLŒÌLÍLLËMM‹ŽLÌÍŽLŒBÍNMNLŒKLMKÌŒŒÌŒ‹MM‹ŽMMÌMÍKÍ‹ÌMÎLNMLMËŽLLLLÍÌÌËMM‹ŽNMÌMŒBÍ‹MÍŒŽÍMNKLMŽÍŽNLŒKMMËŒMÌÌŽL‚ÍËÌ‹ÌLÎMÌKLMŒŽŒMŽKMMËŒLÍÌÌÍŽM‚ÎKŒÌÍLMÎLLÍKŒLÌŒËMMËŒLŽÌÎÎKL‹ŒMÌLŒMMÍ‹LLŽŒÎÍMÍMÌŽKMMËŒÍÌLNNM‚LŒKŽLNLMN‹LLŒŒÍÍÌMËMMËLLÍÌNKLÍ‹ÌLŒMNLLLKŒLLLÍÌÌËMMËNMŒŒÂ‹MLŒÍÎLNŒNLLŒÌNËMMËŽLŒŒ‚ËMŒ‹ÍLÌMËNŽLLNNMMMMËŽMŒŒŒÌÌMBMÌËŒLÍNLLKMÍ‹ŒÎNLMKMNŒLÎŽLMMBKN‹ŽMŽŒËMŒ‹ŒŒÌÌÎÌLN‹MNŒŒÌŒŒÌB‹NLŒNLLŒÍÍÎKMËLÌÍŽMŒM‹MNŒÌÍMNŒÂËNMKMNÌÎNLËLÌ‹ŒÎLŽMMËMNMLLŒŽNNŽÍÌŒŽËLM‹ŒMNÌÌLNMNŒNŒÂKNNKNLMLŒÍKKLÎÍMÌ™KLLËNËMÎŒÎÂLNNMŽLÎMŒËM‹ŒMLÎNNKNËÍÍÌŽMÌÂLKNMKŒŒÎMŒLKÌ‹ŒŒNMÌKNËÌÍÎÂL‹NKŽÌMŽLKËLMŽNMLÍKNËŒÍÍ‚LËN‹MMŽNNLËŒ‹ŒNMÌÍÌKNËŒŒÎLÍ‚MMÌËŒÎLNÎKÍ‹ŒLÌLÎMËNËŒLLŒÌNNÂMKMŒ‹MŒÎNNMÎŽNLLÍM‹N‹ŽMŒÌM‹MLŒŒÎLLLŒLÌÌÌÍÎKN‹ŽLÍNMBMËLÍ‹ŒÌÍKLLKŒŽMÌÍŽMKN‹NÎŒŒÂNLŒKŽÎÍËLŒNMÍÍÍŒŒËN‹LÍMÍÎBNKL‹ŒLLNMÍÌMKLŽNMMŒN‹ŒÍŒLÍÎŒKŒŒLMËLÍKMÌÌMMÌŽN‹ŒŒÍMMÌMNLBŒKÌ‹ÍÎNLNMMŽNNÌŒL‹N‹ŒLLLBŒ‹MÍNÌÍÎMLKMKŒŽLLNLŒÌKN‹ŒÍMLMŒMBŒËÍ‹ÌMÍNMKMŒÍÌŒMNNKNKŽMŽNLÍLBNMMŒÎNËMLŒMÍŒÌŒŽMËNKŽLŽNÎLŽM‚KKŽMMŽKLMMLÎLÍNKŽLMŒÍŽLNNB‹LNMMŒÎNËMLŒMÍŒÌŒŽMËNKŽLŽNÎLŽM‚ËLÍ‹ÌMÍNMKMŒÍÌŒMNNKNKŽMŽNLÍLBŽMMÍNÌÍÎMLKMKŒŽLLNLŒÌKN‹ŒÍMLMŒMBŽKMÌ‹ÍÎNLNMMŽNNÌŒL‹N‹ŒLLLBÌNKŒŒLMËLÍKMÌÌMMÌŽN‹ŒŒÍMMÌMNLBÌKLL‹ŒLLNMÍÌMKLŽNMMŒN‹ŒÍŒLÍÎÌ‹LLŒKŽÎÍËLŒNMÍÍÍŒŒËN‹LÍMÍÎBÌËLLÍ‹ŒÌÍKLLKŒŽMÌÍŽMKN‹NÎŒŒÂÍLMLŒŒÎLLLŒLÌÌÌÍÎKN‹ŽLÍNMBÍKLMŒ‹MŒÎNNMÎŽNLLÍM‹N‹ŽMŒÌÍ‹LMÌËŒÎLNÎKÍ‹ŒLÌLÎMËNËŒLLŒÌNNÂÍËLN‹MMŽNNLËŒ‹ŒNMÌÍÌKNËŒŒÎLÍ‚ÎLNKŽÌMŽLKËLMŽNMLÍKNËŒÍÍ‚ÎKLNMKŒŒÎMŒLKÌ‹ŒŒNMÌKNËÌÍÎÂLNNMŽLÎMŒËM‹ŒMLÎNNKNËÍÍÌŽMÌÂKLNNKNLMLŒÍKŒÌLNŽYKLLËNËMÎŒÎÂ‹LNNMŽLÎMŒËLM‹ŒMLÎNNKNËÍÍÌŽMÌÂËLNMKŒŒÎMŒLKLÌ‹ŒŒNMÌKNËÌÍÎÂLNKŽÌMŽLKMËLMŽNMLÍKNËŒÍÍ‚KLN‹MMŽNNLËMŒ‹ŒNMÌÍÌKNËŒŒÎLÍ‚‹LMÌËŒÎLNÎKMÍ‹ŒLÌLÎMËNËŒLLŒÌNNÂËLMŒ‹MŒÎNNMÎNŽNLLÍM‹N‹ŽMŒÌLMLŒŒÎLLLŒLLÌÌÌÍÎKN‹ŽLÍNMBKLLÍ‹ŒÌÍKLLLKŒŽMÌÍŽMKN‹NÎŒŒÂLLLŒKŽÎÍËLLŒNMÍÍÍŒŒËN‹LÍMÍÎBLKLL‹ŒLLNMÍÌMKLLŽNMMŒN‹ŒÍŒLÍÎL‹NKŒŒLMËLLÍKMÌÌMMÌŽN‹ŒŒÍMMÌMNLBLËMÌ‹ÍÎNLNMLMŽNNÌŒL‹N‹ŒLLLBMMMÍNÌÍÎMLKLMKŒŽLLNLŒÌKN‹ŒÍMLMŒMBMKLÍ‹ÌMÍNMKLMŒÍÌŒMNNKNKŽMŽNLÍLBM‹LNMMŒÎNËLMLŒMÍŒÌŒŽMËNKŽLŽNÎLŽM‚MËKŽLLÎNMÎNKLMLMLÎLÍNKŽLMŒÍŽLNNBNNMMŒÎNËLMLŒMÍŒÌŒŽMËNKŽLŽNÎLŽM‚NKÍ‹ÌMÍNMKLMŒÍÌŒMNNKNKŽMŽNLÍLBLMÍNÌÍÎMLKLMKŒŽLLNLŒÌKN‹ŒÍMLMŒMBLKÌ‹ÍÎNLNMLMŽNNÌŒL‹N‹ŒLLLBL‹KŒŒLMËLLÍKMÌÌMMÌŽN‹ŒŒÍMMÌMNLBLËL‹ŒLLNMÍÌMKLLŽNMMŒN‹ŒÍŒLÍÎLLŒKŽÎÍËLLŒNMÍÍÍŒŒËN‹LÍMÍÎBLKLÍ‹ŒÌÍKLLLKŒŽMÌÍŽMKN‹NÎŒŒÂL‹MLŒŒÎLLLŒLLÌÌÌÍÎKN‹ŽLÍNMBLËMŒ‹MŒÎNNMÎNŽNLLÍM‹N‹ŽMŒÌLMÌËŒÎLNÎKMÍ‹ŒLÌLÎMËNËŒLLŒÌNNÂLKN‹MMŽNNLËMŒ‹ŒNMÌÍÌKNËŒŒÎLÍ‚LLNKŽÌMŽLKMËLMŽNMLÍKNËŒÍÍ‚LLKNMKŒŒÎMŒLKLÌ‹ŒŒNMÌKNËÌÍÎÂLL‹NNMŽLÎMŒËLM‹ŒMLÎNNKNËÍÍÌŽMÌÂLLËNNKŒLÌŽKŒÌÍLŒŒÍÌLYKLLËŒLLŽNMLMNNŒMMÌÌLKM‹ŒMLÎMŒÎŒLÌŒÌLNLMKNMŽLMLMLÍÌ‹ŒÍLÍÌKŒNŒLŽLM‹NKNLLLNÍŽKËLŒÍŒÌ‹ŒŒÍNLÍÎLÍBLMËN‹ŒŽMLÍNÍŒ‹ŒŽLÎLŒŒNŒLÎBLNMÌËŒMÌNN‹Í‹ŒNMÍMËŒŒLNŒŽLÌLNKMŒ‹ŒÍÎÎŽKKŒÌÌŽLËŒËŽMÌMÍÍÌÂLŒMLŒMŽMMMŒ‹LŽMLÌËŒËŽMMÍŽNBLŒKLÍ‹LÍNŒ‹LLKLÌLÍNM‹ŒËMÌÌÍ‚LŒ‹LŒKÍÍÌÌÌNLŒŽŒÍMŒËLNLMNLŒËL‹ŒÎLLÎKLŽŽLÌÌLL‹ŒËŒÍMNÌLLKMÎÍN‹LÍKÎMÌÌLÎŒËŒŒŒÎMŒMÍÂLKÌ‹ŒMŒÍNMKŒÍÍÌŒËŒËŒLLÎÍLŒ‚L‹MÍMNÌÌËMKŽNŒŒŒËŒËŒNMÌL‚LËÍ‹ÌNMÎŽKMÎÌLÍŽNŒ‹ŽMLLMŽLŽNMNNÎKMLŒŽNLŽMËŒ‹ŽLNMLLŽK‹ŒMŒLÍŒÌŒÍL™KLMMLKŒMLÌËŒ‹ŽMŒMÌÍBLÌLNMNNÎKMLŒŽNLŽMËŒ‹ŽLNMLLÌKLÍ‹ÌNMÎŽKMÎÌLÍŽNŒ‹ŽMLLMŽLÌ‹MMÍMNÌÌËMKŽNŒŒŒËŒËŒNMÌL‚LÌËMÌ‹ŒMŒÍNMKŒÍÍÌŒËŒËŒLLÎÍLŒ‚LÍNKMÎÍN‹LÍKÎMÌÌLÎŒËŒŒŒÎMŒMÍÂLÍKLL‹ŒÎLLÎKLŽŽLÌÌLL‹ŒËŒÍMNÌLLÍ‹LLŒKÍÍÌÌÌNLŒŽŒÍMŒËLNLMNLÍËLLÍ‹LÍNŒ‹LLKLÌLÍNM‹ŒËMÌÌÍ‚LÎLMLŒMŽMMMŒ‹LŽMLÌËŒËŽMMÍŽNBLÎKLMŒ‹ŒÍÎÎŽKKŒÌÌŽLËŒËŽMÌMÍÍÌÂMLMÌËŒMÌNN‹Í‹ŒNMÍMËŒŒLNŒŽLÌMKLN‹ŒŽMLÍNÍŒ‹ŒŽLÎLŒŒNŒLÎBM‹LNKNLLLNÍŽKËLŒÍŒÌ‹ŒŒÍNLÍÎLÍBMËLNMŽLMLMLÍÌ‹ŒÍLÍÌKŒNŒLŽMLNNŒMMÌÌLKM‹ŒMLÎMŒÎŒLÌŒÌLNMKLNNKŒLÌŽŒÌÍŽLÌŽYKLLËŒLLŽNMM‹LNNŒMMÌÌLKLM‹ŒMLÎMŒÎŒLÌŒÌLNMËLNMŽLMLMLÍLÌ‹ŒÍLÍÌKŒNŒLŽMLNKNLLLNÍŽKMËLŒÍŒÌ‹ŒŒÍNLÍÎLÍBMKLN‹ŒŽMLÍNÍMŒ‹ŒŽLÎLŒŒNŒLÎBMLLMÌËŒMÌNN‹MÍ‹ŒNMÍMËŒŒLNŒŽLÌMLKLMŒ‹ŒÍÎÎŽKNKŒÌÌŽLËŒËŽMÌMÍÍÌÂML‹LMLŒMŽMMMŒ‹LLŽMLÌËŒËŽMMÍŽNBMLËLLÍ‹LÍNŒ‹LLLKLÌLÍNM‹ŒËMÌÌÍ‚MMLLŒKÍÍÌÌÌNLLŒŽŒÍMŒËLNLMNMMKLL‹ŒÎLLÎKLLŽŽLÌÌLL‹ŒËŒÍMNÌLMM‹NKMÎÍN‹LLÍKÎMÌÌLÎŒËŒŒŒÎMŒMÍÂMMËMÌ‹ŒMŒÍNLMKŒÍÍÌŒËŒËŒLLÎÍLŒ‚MNMMÍMNÌÌËLMKŽNŒŒŒËŒËŒNMÌL‚MNKLÍ‹ÌNMÎŽKLMÎÌLÍŽNŒ‹ŽMLLMŽMŒLNMNNÎKLMLŒŽNLŽMËŒ‹ŽLNMLMŒKKŽLŽMLMÌYKLMLMLKŒMLÌËŒ‹ŽMŒMÌÍBMŒ‹NMNNÎKLMLŒŽNLŽMËŒ‹ŽLNMLMŒËÍ‹ÌNMÎŽKLMÎÌLÍŽNŒ‹ŽMLLMŽMMÍMNÌÌËLMKŽNŒŒŒËŒËŒNMÌL‚MKÌ‹ŒMŒÍNLMKŒÍÍÌŒËŒËŒLLÎÍLŒ‚M‹KMÎÍN‹LLÍKÎMÌÌLÎŒËŒŒŒÎMŒMÍÂMËL‹ŒÎLLÎKLLŽŽLÌÌLL‹ŒËŒÍMNÌLMŽLŒKÍÍÌÌÌNLLŒŽŒÍMŒËLNLMNMŽKLÍ‹LÍNŒ‹LLLKLÌLÍNM‹ŒËMÌÌÍ‚MÌMLŒMŽMMMŒ‹LLŽMLÌËŒËŽMMÍŽNBMÌKMŒ‹ŒÍÎÎŽKNKŒÌÌŽLËŒËŽMÌMÍÍÌÂMÌ‹MÌËŒMÌNN‹MÍ‹ŒNMÍMËŒŒLNŒŽLÌMÌËN‹ŒŽMLÍNÍMŒ‹ŒŽLÎLŒŒNŒLÎBMÍNKNLLLNÍŽKMËLŒÍŒÌ‹ŒŒÍNLÍÎLÍBMÍKNMŽLMLMLÍLÌ‹ŒÍLÍÌKŒNŒLŽMÍ‹NNŒMMÌÌLKLM‹ŒMLÎMŒÎŒLÌŒÌLNMÍËNNŽMLMMËKŒMÌNMŒŒNLÙKLLËŒÌËLÌMÎÂMÎNMËŽLNLLŽKM‹ŒMŒÌÎLËŒÌËLLŒŒÍÎM‚MÎKNMNÍÎMMMKÌ‹ŒLLÎL‹ŒÌËŒNNMLBNNKŒŽLLLMËLÍMLÎML‹ŒÌËŒÍÍNMÍ‚NKN‹ŒÌLMŒKŒ‹ŒÌLÎMŽŒÌËŒÌËŒŒÍŽMÂN‹MÌ‹ŽMŒŒÎÍ‹ŒŒÌÌŒLÎKŒÌËŒLŽLLMÌŽNËMŒ‹ŒNMMMM‹KŒMMŒMËŒÌ‹ŽMÎŽMŒÂNMKŽMLÍMLŽNŽÍÌKŒÌ‹ŽNŒÌÎNLÂNKLÍ‹ŒÎMÍŒLËLLKŒŒÍÎNŒÌ‹MMŽLÌŒ‚N‹LŒKÌLLŒLMLŒKŒLŽLËŒÌ‹MŒŒŒÂNËL‹ŒÌMNNLŽKŒŒLÎŒÍËŒÌ‹ŒÍNNNBNKMLNLÌŒ‹LÍ‹ŒLÎÎŒLËŒÌ‹ŒŒLNLÂNKÌ‹LÍMMMŽNMKÌÎLLŒÌKŒÌ‹ŒLÌMÎMŒL‚NLMÍLLLMÍÎMËM‹ŒLÎÌÎM‹ŒÌKŽNNLŽNLKÍ‹ÌNNNMŒMÍMKŒŒŒLLÎLŒŒËŒÌKŽLŽMÌÎÍ‚NL‹NMÍNŽM‹MLKŒNMMÎŒÌKŽÌŒÎNLË‹ŽMNNNLNŒM™KLMMLKÌŽLLŒM‹ŒÌKŽÌŒMÍÌÌ‚NMLNMÍNŽM‹MLKŒNMMÎŒÌKŽÌŒÎNMKLÍ‹ÌNNNMŒMÍMKŒŒŒLLÎLŒŒËŒÌKŽLŽMÌÎÍ‚NM‹MMÍLLLMÍÎMËM‹ŒLÎÌÎM‹ŒÌKŽNNLŽNMËMÌ‹LÍMMMŽNMKÌÎLLŒÌKŒÌ‹ŒLÌMÎMŒL‚NNNKMLNLÌŒ‹LÍ‹ŒLÎÎŒLËŒÌ‹ŒŒLNLÂNNKLL‹ŒÌMNNLŽKŒŒLÎŒÍËŒÌ‹ŒÍNNNBŒLLŒKÌLLŒLMLŒKŒLŽLËŒÌ‹MŒŒŒÂŒKLLÍ‹ŒÎMÍŒLËLLKŒŒÍÎNŒÌ‹MMŽLÌŒ‚Œ‹LMKŽMLÍMLŽNŽÍÌKŒÌ‹ŽNŒÌÎNLÂŒËLMŒ‹ŒNMMMM‹KŒMMŒMËŒÌ‹ŽMÎŽMŒÂŒLMÌ‹ŽMŒŒÎÍ‹ŒŒÌÌŒLÎKŒÌËŒLŽLLMÌŽŒKLN‹ŒÌLMŒKŒ‹ŒÌLÎMŽŒÌËŒÌËŒŒÍŽMÂŒ‹LNKŒŽLLLMËLÍMLÎML‹ŒÌËŒÍÍNMÍ‚ŒËLNMNÍÎMMMKÌ‹ŒLLÎL‹ŒÌËŒNNMLBŒLNMËŽLNLLŽKM‹ŒMŒÌÎLËŒÌËLLŒŒÍÎM‚ŒKLNNŽMLMMËŒMLMNMŽNKLLËŒÌËLÌMÎÂŒLLNMËŽLNLLŽKLM‹ŒMŒÌÎLËŒÌËLLŒŒÍÎM‚ŒLKLNMNÍÎMMMKLÌ‹ŒLLÎL‹ŒÌËŒNNMLBŒL‹LNKŒŽLLLMMËLÍMLÎML‹ŒÌËŒÍÍNMÍ‚ŒLËLN‹ŒÌLMŒKMŒ‹ŒÌLÎMŽŒÌËŒÌËŒŒÍŽMÂŒMLMÌ‹ŽMŒŒÎMÍ‹ŒŒÌÌŒLÎKŒÌËŒLŽLLMÌŽŒMKLMŒ‹ŒNMMMM‹NKŒMMŒMËŒÌ‹ŽMÎŽMŒÂŒM‹LMKŽMLÍMLLŽNŽÍÌKŒÌ‹ŽNŒÌÎNLÂŒMËLLÍ‹ŒÎMÍŒLËLLLKŒŒÍÎNŒÌ‹MMŽLÌŒ‚ŒNLLŒKÌLLŒLMLLŒKŒLŽLËŒÌ‹MŒŒŒÂŒNKLL‹ŒÌMNNLLŽKŒŒLÎŒÍËŒÌ‹ŒÍNNNBŒŒNKMLNLÌŒ‹LLÍ‹ŒLÎÎŒLËŒÌ‹ŒŒLNLÂŒŒKMÌ‹LÍMMMŽNLMKÌÎLLŒÌKŒÌ‹ŒLÌMÎMŒL‚ŒŒ‹MMÍLLLMÍÎMËLM‹ŒLÎÌÎM‹ŒÌKŽNNLŽŒŒËLÍ‹ÌNNNMŒMÍLMKŒŒŒLLÎLŒŒËŒÌKŽLŽMÌÎÍ‚ŒLNMÍNŽM‹LMLKŒNMMÎŒÌKŽÌŒÎŒKKŒÎLŒÍÎ™KLMLMLKÌŽLLŒM‹ŒÌKŽÌŒMÍÌÌ‚Œ‹NMÍNŽM‹LMLKŒNMMÎŒÌKŽÌŒÎŒËÍ‹ÌNNNMŒMÍLMKŒŒŒLLÎLŒŒËŒÌKŽLŽMÌÎÍ‚ŒŽMÍLLLMÍÎMËLM‹ŒLÎÌÎM‹ŒÌKŽNNLŽŒŽKÌ‹LÍMMMŽNLMKÌÎLLŒÌKŒÌ‹ŒLÌMÎMŒL‚ŒÌKMLNLÌŒ‹LLÍ‹ŒLÎÎŒLËŒÌ‹ŒŒLNLÂŒÌKL‹ŒÌMNNLLŽKŒŒLÎŒÍËŒÌ‹ŒÍNNNBŒÌ‹LŒKÌLLŒLMLLŒKŒLŽLËŒÌ‹MŒŒŒÂŒÌËLÍ‹ŒÎMÍŒLËLLLKŒŒÍÎNŒÌ‹MMŽLÌŒ‚ŒÍMKŽMLÍMLLŽNŽÍÌKŒÌ‹ŽNŒÌÎNLÂŒÍKMŒ‹ŒNMMMM‹NKŒMMŒMËŒÌ‹ŽMÎŽMŒÂŒÍ‹MÌ‹ŽMŒŒÎMÍ‹ŒŒÌÌŒLÎKŒÌËŒLŽLLMÌŽŒÍËN‹ŒÌLMŒKMŒ‹ŒÌLÎMŽŒÌËŒÌËŒŒÍŽMÂŒÎNKŒŽLLLMMËLÍMLÎML‹ŒÌËŒÍÍNMÍ‚ŒÎKNMNÍÎMMMKLÌ‹ŒLLÎL‹ŒÌËŒNNMLBNMËŽLNLLŽKLM‹ŒMŒÌÎLËŒÌËLLŒŒÍÎM‚KNNLÍLNLKKŒLŒÌÙKLLËNMMLLMÌB‹NMËNNNMLKM‹ŒMŒNMMMŽL‹NLÍŽLŽLBËNMŒLÍÌNM‹Ì‹ŒMŒŽMÍÍÎNŽLLMNŽNLÍŒ‹ËMŒÍLNNŒÎMŒLLŒÌÂKNKÍNNÍŽL‹Œ‹ŒÌÍÍÍÎNŒŽÌÍMÍB‹MÌ‹ÌMÌÌËÍ‹ŒŽÎÌNNKNŒMŒÌMÎÎËMŒ‹ŒÌÎMÍÍËKŒLLÍÎLËMËŽNÌŒNMKŽÍÌLLKLKŒLÌNŒKMËŽŒŒŒÍLÌÌÂKLÍ‹ŒŽNLMÎLLKŽLNNMKMËMMNLMLLŒKŒŽLÎNMËLŒKŒÌMÌLMMÍMËMLÌL‚LKLKŽNLŒÍLKLŽKÌMËMËŒÌÍÍÍLÂL‹KLLLLÎKLÍ‹ÍÎMÎL‹MËŒNLÎNLÌÎBLËÌ‹ŒÎNMÎMLËM‹ŒLMMŒMKMËŒÌŽMŽŽMÂMMÍÍMNKM‹LŒŒMÌKM‹ŽMÍLLÌŽBMKÍ‹ÌLŽMÍËMKŽMM‹ŽLÌŒ‚M‹NNÎLÍÍËMLKMÌŒMÌ‹M‹ŽNNLNMËËLLÌLMÌMLNKLMML‹ŒMÍÍMÍÍËM‹ŽNÌBNLNNÎLÍÍËMLKMÌŒMÌ‹M‹ŽNNLNNKLÍ‹ÌLŽMÍËMKŽMM‹ŽLÌŒ‚ŒMMÍÍMNKM‹LŒŒMÌKM‹ŽMÍLLÌŽBŒKMÌ‹ŒÎNMÎMLËM‹ŒLMMŒMKMËŒÌŽMŽŽMÂŒ‹NKLLLLÎKLÍ‹ÍÎMÎL‹MËŒNLÎNLÌÎBŒËLLKŽNLŒÍLKLŽKÌMËMËŒÌÍÍÍLÂLLŒKŒŽLÎNMËLŒKŒÌMÌLMMÍMËMLÌL‚KLLÍ‹ŒŽNLMÎLLKŽLNNMKMËMMNLM‹LMKŽÍÌLLKLKŒLÌNŒKMËŽŒŒŒÍLÌÌÂËLMŒ‹ŒÌÎMÍÍËKŒLLÍÎLËMËŽNÌŒNŽLMÌ‹ÌMÌÌËÍ‹ŒŽÎÌNNKNŒMŒÌMÎÎŽKLNKÍNNÍŽL‹Œ‹ŒÌÍÍÍÎNŒŽÌÍMÍBÌLNŽNLÍŒ‹ËMŒÍLNNŒÎMŒLLŒÌÂÌKLNMŒLÍÌNM‹Ì‹ŒMŒŽMÍÍÎNŽLLMÌ‹LNMËNNNMLKM‹ŒMŒNMMMŽL‹NLÍŽLŽLBÌËLNNLÍLNLKËŽMLŒÌMŒŒ™KLLËNMMLLMÌBÍLNMËNNNMLKLM‹ŒMŒNMMMŽL‹NLÍŽLŽLBÍKLNMŒLÍÌNM‹LÌ‹ŒMŒŽMÍÍÎNŽLLMÍ‹LNŽNLÍŒ‹MËMŒÍLNNŒÎMŒLLŒÌÂÍËLNKÍNNÍŽL‹MŒ‹ŒÌÍÍÍÎNŒŽÌÍMÍBÎLMÌ‹ÌMÌÌËMÍ‹ŒŽÎÌNNKNŒMŒÌMÎÎÎKLMŒ‹ŒÌÎMÍÍËNKŒLLÍÎLËMËŽNÌŒNŽLMKŽÍÌLLKLLKŒLÌNŒKMËŽŒŒŒÍLÌÌÂŽKLLÍ‹ŒŽNLMÎLLLKŽLNNMKMËMMNLMŽ‹LLŒKŒŽLÎNMËLLŒKŒÌMÌLMMÍMËMLÌL‚ŽËLLKŽNLŒÍLKLLŽKÌMËMËŒÌÍÍÍLÂŽNKLLLLÎKLLÍ‹ÍÎMÎL‹MËŒNLÎNLÌÎBŽKMÌ‹ŒÎNMÎMLËLM‹ŒLMMŒMKMËŒÌŽMŽŽMÂŽ‹MMÍÍMNKLM‹LŒŒMÌKM‹ŽMÍLLÌŽBŽËLÍ‹ÌLŽMÍËLMKŽMM‹ŽLÌŒ‚ŽLNNÎLÍÍËLMLKMÌŒMÌ‹M‹ŽNNLNŽKKŒŽMÌLNNKLMLML‹ŒMÍÍMÍÍËM‹ŽNÌBŽLNNÎLÍÍËLMLKMÌŒMÌ‹M‹ŽNNLNŽLKÍ‹ÌLŽMÍËLMKŽMM‹ŽLÌŒ‚ŽL‹MÍÍMNKLM‹LŒŒMÌKM‹ŽMÍLLÌŽBŽLËÌ‹ŒÎNMÎMLËLM‹ŒLMMŒMKMËŒÌŽMŽŽMÂŽMKLLLLÎKLLÍ‹ÍÎMÎL‹MËŒNLÎNLÌÎBŽMKLKŽNLŒÍLKLLŽKÌMËMËŒÌÍÍÍLÂŽM‹LŒKŒŽLÎNMËLLŒKŒÌMÌLMMÍMËMLÌL‚ŽMËLÍ‹ŒŽNLMÎLLLKŽLNNMKMËMMNLMŽNMKŽÍÌLLKLLKŒLÌNŒKMËŽŒŒŒÍLÌÌÂŽNKMŒ‹ŒÌÎMÍÍËNKŒLLÍÎLËMËŽNÌŒNÌMÌ‹ÌMÌÌËMÍ‹ŒŽÎÌNNKNŒMŒÌMÎÎÌKNKÍNNÍŽL‹MŒ‹ŒÌÍÍÍÎNŒŽÌÍMÍBÌ‹NŽNLÍŒ‹MËMŒÍLNNŒÎMŒLLŒÌÂÌËNMŒLÍÌNM‹LÌ‹ŒMŒŽMÍÍÎNŽLLMÌNMËNNNMLKLM‹ŒMŒNMMMŽL‹NLÍŽLŽLBÌKNNŒMŽŽNL‹KLMŒNNYKLMŽËNNLÍMBÌ‹NMËŒNMÌLÍ‹M‹ŒMŒÌÍŽLŽËMŒŒÂÌËNLËŽLLÌŒÎÌ‹ŒLÍŒKŽËLLÍÍMÌÂÌNÌMÍÎËMLÍÎŽËŒNLÌNBÌKNKŒÎMKŒ‹ŒÍŒÌNLÎŽËŒÌLMLÂÌLMÌ‹ÎÍMMŽKÍ‹ŒÌÌŒNLŒÎ‹ŽËŒMNÍNBÌLKMŒKŽMLLÍŒËKŒÌÍÍÎMÍËŽ‹ŽNMÍLÎBÌL‹MKNLŒLKLKŒŒÍÍMŽKŽ‹ŽŒMÌLÌ‚ÌLËLÍ‹ŒMÎMŒÌML‹LLKŽMÎMMLÍMÍ‹Ž‹LMMLMÌMLŒKMLNLÍËLŒKLÌMMŽ‹MÍÌŒÌMKLKŽLÍÌL‹LŽKÍÌÍÍNMNËŽ‹ŒÌŒNÎÌM‹KNŒÌÍÌ‹LÍ‹ÍÍÌLŽŽ‹ŒMÍLLMÌLBÌMËÌ‹ŒÎMÌŒNËM‹MÎÍŒ‹Ž‹ŒMŒLŒBÌNMÍÎMÍ‹M‹ŽMŒÎËŽKŽMÍÎÌNÌNKÍ‹ÌLÌÌŽML‹MLŒLMNŽKŽKŽÌŽŽBÌŒNNMNËML‹ŒMŽMÍÎËŽKŽÌLÌL‚ÌŒKMŒLŒÌÌŒ™KLMML‹LÌŽMËŽKŽLMŽNMÍL‚ÌŒ‹LNNMNËML‹ŒMŽMÍÎËŽKŽÌLÌL‚ÌŒËLÍ‹ÌLÌÌŽML‹MLŒLMNŽKŽKŽÌŽŽBÌMMÍÎMÍ‹M‹ŽMŒÎËŽKŽMÍÎÌNÌKMÌ‹ŒÎMÌŒNËM‹MÎÍŒ‹Ž‹ŒMŒLŒBÌ‹NKNŒÌÍÌ‹LÍ‹ÍÍÌLŽŽ‹ŒMÍLLMÌLBÌËLLKŽLÍÌL‹LŽKÍÌÍÍNMNËŽ‹ŒÌŒNÎÌŽLLŒKMLNLÍËLŒKLÌMMŽ‹MÍÌŒÌŽKLLÍ‹ŒMÎMŒÌML‹LLKŽMÎMMLÍMÍ‹Ž‹LMMLMÌÌLMKNLŒLKLKŒŒÍÍMŽKŽ‹ŽŒMÌLÌ‚ÌÌKLMŒKŽMLLÍŒËKŒÌÍÍÎMÍËŽ‹ŽNMÍLÎBÌÌ‹LMÌ‹ÎÍMMŽKÍ‹ŒÌÌŒNLŒÎ‹ŽËŒMNÍNBÌÌËLNKŒÎMKŒ‹ŒÍŒÌNLÎŽËŒÌLMLÂÌÍLNÌMÍÎËMLÍÎŽËŒNLÌNBÌÍKLNLËŽLLÌŒÎÌ‹ŒLÍŒKŽËLLÍÍMÌÂÌÍ‹LNMËŒNMÌLÍ‹M‹ŒMŒÌÍŽLŽËMŒŒÂÌÍËLNNŒMŽŽNL‹ËŽNMNN™KLLËŽËNNLÍMBÌÎLNMËŒNMÌLÍ‹LM‹ŒMŒÌÍŽLŽËMŒŒÂÌÎKLNLËŽLLÌŒÎLÌ‹ŒLÍŒKŽËLLÍÍMÌÂÍLNÌMÍÎMËMLÍÎŽËŒNLÌNBÍKLNKŒÎMKMŒ‹ŒÍŒÌNLÎŽËŒÌLMLÂÍ‹LMÌ‹ÎÍMMŽKMÍ‹ŒÌÌŒNLŒÎ‹ŽËŒMNÍNBÍËLMŒKŽMLLÍŒËNKŒÌÍÍÎMÍËŽ‹ŽNMÍLÎBÍLMKNLŒLKLLKŒŒÍÍMŽKŽ‹ŽŒMÌLÌ‚ÍKLLÍ‹ŒMÎMŒÌML‹LLLKŽMÎMMLÍMÍ‹Ž‹LMMLMÍ‹LLŒKMLNLÍËLLŒKLÌMMŽ‹MÍÌŒÍËLLKŽLÍÌL‹LLŽKÍÌÍÍNMNËŽ‹ŒÌŒNÎÍNKNŒÌÍÌ‹LLÍ‹ÍÍÌLŽŽ‹ŒMÍLLMÌLBÍKMÌ‹ŒÎMÌŒNËLM‹MÎÍŒ‹Ž‹ŒMŒLŒBÍLMMÍÎMÍ‹LM‹ŽMŒÎËŽKŽMÍÎÌNÍLKLÍ‹ÌLÌÌŽML‹LMLŒLMNŽKŽKŽÌŽŽBÍL‹LNNMNËLML‹ŒMŽMÍÎËŽKŽÌLÌL‚ÍLËKŒÍMÍÍÌÌYKLMKLML‹LÌŽMËŽKŽLMŽNMÍL‚ÍMNNMNËLML‹ŒMŽMÍÎËŽKŽÌLÌL‚ÍMKÍ‹ÌLÌÌŽML‹LMLŒLMNŽKŽKŽÌŽŽBÍM‹MÍÎMÍ‹LM‹ŽMŒÎËŽKŽMÍÎÌNÍMËÌ‹ŒÎMÌŒNËLM‹MÎÍŒ‹Ž‹ŒMŒLŒBÍNKNŒÌÍÌ‹LLÍ‹ÍÍÌLŽŽ‹ŒMÍLLMÌLBÍNKLKŽLÍÌL‹LLŽKÍÌÍÍNMNËŽ‹ŒÌŒNÎÍŒLŒKMLNLÍËLLŒKLÌMMŽ‹MÍÌŒÍŒKLÍ‹ŒMÎMŒÌML‹LLLKŽMÎMMLÍMÍ‹Ž‹LMMLMÍŒ‹MKNLŒLKLLKŒŒÍÍMŽKŽ‹ŽŒMÌLÌ‚ÍŒËMŒKŽMLLÍŒËNKŒÌÍÍÎMÍËŽ‹ŽNMÍLÎBÍMÌ‹ÎÍMMŽKMÍ‹ŒÌÌŒNLŒÎ‹ŽËŒMNÍNBÍKNKŒÎMKMŒ‹ŒÍŒÌNLÎŽËŒÌLMLÂÍ‹NÌMÍÎMËMLÍÎŽËŒNLÌNBÍËNLËŽLLÌŒÎLÌ‹ŒLÍŒKŽËLLÍÍMÌÂÍŽNMËŒNMÌLÍ‹LM‹ŒMŒÌÍŽLŽËMŒŒÂÍŽKNMËÎŽLŒ‹ËŽÌŽÎLYKLMÌŒŒÌÍÌNM‹ÌŒÌÌÌËM‹ŒMNMŒÌŒÍËÌŒÎLM‚ÍÌKNLËMMÎNMÌKÌ‹ŒÌÌNMM‹ÌMŽLMÂÍÌ‹NŒÍÍLLËËMŒÌLŒÎLKÌMMÎMŒÂÍÌËNKŒNMÎLÎLNŒ‹ŒÎŒÍŒ‹ÌŒÌMLŒÍÂÍÍMÌ‹ŒŒÍNŽÍ‹ŒÎLLÌŒMÍNMÍMÂÍÍKMŒKŒMMMÎËKMŒŽLŒLKÌŒMŒLMLÂÍÍ‹MKLÎMKLKŒÍŽMLLÍÌËŽÌNŒÍMÂÍÍËLÍ‹ŒŒLÌLËLL‹ŒMŒÌLÌŒLKÌËLMŒÍÂÍÎLŒKÌŒÌŒNLËLŒKÍŽMLŒ‹ÌËÌŽL‚ÍÎKLKŽÍNMLËLÌŒŒÍŒÍÍ‹ÌËŒÌLLÍM‚ÎKÌŒŒLMNKLÍËŒLNMMËÌËŒMLÌÌNMÌÂÎKÌ‹ŒÍÌÌMÎNËM‹ŽLŒMMÌËŒŒŒŽMÍÂÎ‹MÍÌMKMËŒÍÍŽÌÍËÌ‹ŽLMŒMÌMÎËÍ‹ÌLLÍËMLMÎMÍŽÌËÌ‹ŽÎLLÍ‚ÎNŒŒNLÌÌÌËML‹NŽLÍKÌ‹ÎLÍÍŒ‚ÎKŽMNŒŽKLMMLËŒLÎLÍÎLMËÌ‹ÍÍÌLÌ‚Î‹LNŒŒNLÌÌÌËML‹NŽLÍKÌ‹ÎLÍÍŒ‚ÎËLÍ‹ÌLLÍËMLMÎMÍŽÌËÌ‹ŽÎLLÍ‚ÎMMÍÌMKMËŒÍÍŽÌÍËÌ‹ŽLMŒMÌMÎKMÌ‹ŒÍÌÌMÎNËM‹ŽLŒMMÌËŒŒŒŽMÍÂÎLNKÌŒŒLMNKLÍËŒLNMMËÌËŒMLÌÌNMÌÂÎLKLLKŽÍNMLËLÌŒŒÍŒÍÍ‹ÌËŒÌLLÍM‚ÎL‹LLŒKÌŒÌŒNLËLŒKÍŽMLŒ‹ÌËÌŽL‚ÎLËLLÍ‹ŒŒLÌLËLL‹ŒMŒÌLÌŒLKÌËLMŒÍÂÎMLMKLÎMKLKŒÍŽMLLÍÌËŽÌNŒÍMÂÎMKLMŒKŒMMMÎËKMŒŽLŒLKÌŒMŒLMLÂÎM‹LMÌ‹ŒŒÍNŽÍ‹ŒÎLLÌŒMÍNMÍMÂÎMËLNKŒNMÎLÎLNŒ‹ŒÎŒÍŒ‹ÌŒÌMLŒÍÂÎNLNŒÍÍLLËËMŒÌLŒÎLKÌMMÎMŒÂÎNKLNLËMMÎNMÌKÌ‹ŒÌÌNMM‹ÌMŽLMÂŽLNM‹ÌŒÌÌÌËM‹ŒMNMŒÌŒÍËÌŒÎLM‚ŽKLNMËÎŽLŒ‹ËÌÌÍLŒMŒ™KLLËÌŒŒÌŽ‹LNM‹ÌŒÌÌÌËLM‹ŒMNMŒÌŒÍËÌŒÎLM‚ŽËLNLËMMÎNMÌKLÌ‹ŒÌÌNMM‹ÌMŽLMÂŽLNŒÍÍLLËMËMŒÌLŒÎLKÌMMÎMŒÂŽKLNKŒNMÎLÎLNMŒ‹ŒÎŒÍŒ‹ÌŒÌMLŒÍÂŽ‹LMÌ‹ŒŒÍNŽMÍ‹ŒÎLLÌŒMÍNMÍMÂŽËLMŒKŒMMMÎËNKMŒŽLŒLKÌŒMŒLMLÂŽLMKLÎMKLLKŒÍŽMLLÍÌËŽÌNŒÍMÂŽKLLÍ‹ŒŒLÌLËLLL‹ŒMŒÌLÌŒLKÌËLMŒÍÂŽLLLŒKÌŒÌŒNLËLLŒKÍŽMLŒ‹ÌËÌŽL‚ŽLKLLKŽÍNMLËLLÌŒŒÍŒÍÍ‹ÌËŒÌLLÍM‚ŽL‹NKÌŒŒLMNKLLÍËŒLNMMËÌËŒMLÌÌNMÌÂŽLËMÌ‹ŒÍÌÌMÎNËLM‹ŽLŒMMÌËŒŒŒŽMÍÂŽMMMÍÌMKLMËŒÍÍŽÌÍËÌ‹ŽLMŒMÌMŽMKLÍ‹ÌLLÍËLMLMÎMÍŽÌËÌ‹ŽÎLLÍ‚ŽM‹LNŒŒNLÌÌÌËLML‹NŽLÍKÌ‹ÎLÍÍŒ‚ŽMËKÍLLÌMŒŒÍÙKLMKLMLËŒLÎLÍÎLMËÌ‹ÍÍÌLÌ‚ŽNNŒŒNLÌÌÌËLML‹NŽLÍKÌ‹ÎLÍÍŒ‚ŽNKÍ‹ÌLLÍËLMLMÎMÍŽÌËÌ‹ŽÎLLÍ‚ŽŒMÍÌMKLMËŒÍÍŽÌÍËÌ‹ŽLMŒMÌMŽŒKÌ‹ŒÍÌÌMÎNËLM‹ŽLŒMMÌËŒŒŒŽMÍÂŽŒ‹KÌŒŒLMNKLLÍËŒLNMMËÌËŒMLÌÌNMÌÂŽŒËLKŽÍNMLËLLÌŒŒÍŒÍÍ‹ÌËŒÌLLÍM‚ŽLŒKÌŒÌŒNLËLLŒKÍŽMLŒ‹ÌËÌŽL‚ŽKLÍ‹ŒŒLÌLËLLL‹ŒMŒÌLÌŒLKÌËLMŒÍÂŽ‹MKLÎMKLLKŒÍŽMLLÍÌËŽÌNŒÍMÂŽËMŒKŒMMMÎËNKMŒŽLŒLKÌŒMŒLMLÂŽŽMÌ‹ŒŒÍNŽMÍ‹ŒÎLLÌŒMÍNMÍMÂŽŽKNKŒNMÎLÎLNMŒ‹ŒÎŒÍŒ‹ÌŒÌMLŒÍÂŽÌNŒÍÍLLËMËMŒÌLŒÎLKÌMMÎMŒÂŽÌKNLËMMÎNMÌKLÌ‹ŒÌÌNMM‹ÌMŽLMÂŽÌ‹NM‹ÌŒÌÌÌËLM‹ŒMNMŒÌŒÍËÌŒÎLM‚ŽÌËNMËŒÎNLNMË‹ÎNMLŒMNYKLMÌÌËŒNLLBŽÍNM‹ŒÌÌŒÌMÍM‹ŒMNMÍMÍÌÌËLŽMŽÍKNLËŒNÍŒMLŽÌ‹ŒMÎL‹ÌÌËNMÍLÂŽÍ‹NŒMÌKËMÌÍMÎÌÌËÌÍÍMNŽÍËNŽMMNMŽŒ‹MMNMMÌÌËŒÍLÍÍÎÍBŽÎMÌKŽNLŒÍËÍ‹NNM‹ÌÌËŒNNNLÌŒÂŽÎKMŒKLÌÍŒŒKKLMŒMMŒËÌÌËŒŒÍÌÍÍMBŽMKŒÍÎÍŒŒNLKLÍŽLÌŽKÌÌ‹ŽÍÎBŽKLÍKŽMLNLËLL‹ŒÍLÍÌMÍKÌÌ‹ÍÍŽ‹LŒKŒÎLMLMKLŒKŽNŽLŒMÍËÌÌ‹ŒLÎLÂŽËLKŽÍŽËLÌŒÍŽLMMŒÍ‹ÌÌ‹ŒŽÌMMÎBŽKŒÌÍLŒ‹LÍËÍÌMKÌÌ‹ŒLŽÌÍÂŽKÌ‹ŒÍŒNNMËŒŽMŒÌMMŒKÌÌKŽNLLŒŽŽ‹MÌÍŽNLŒMÎMËŽŒÌŽLŒM‹ÌÌKŽLŒŽMÂŽËÍ‹ÌLNMMŽKMLKŒMŒMMLËÌÌKÎNMMÍBŽNŒNMMKML‹ŽNMLÌLNLKÌÌKÍÍŽKŽŽMLŒŒŽKLMMLËLŒÎLMÍËÌÌKÌÌMŒLŒŽBŽLLNŒNMMKML‹ŽNMLÌLNLKÌÌKÍÍŽLKLÍ‹ÌLNMMŽKMLKŒMŒMMLËÌÌKÎNMMÍBŽL‹MMÌÍŽNLŒMÎMËŽŒÌŽLŒM‹ÌÌKŽLŒŽMÂŽLËMÌ‹ŒÍŒNNMËŒŽMŒÌMMŒKÌÌKŽNLLŒŽŽMNKŒÌÍLŒ‹LÍËÍÌMKÌÌ‹ŒLŽÌÍÂŽMKLLKŽÍŽËLÌŒÍŽLMMŒÍ‹ÌÌ‹ŒŽÌMMÎBŽM‹LLŒKŒÎLMLMKLŒKŽNŽLŒMÍËÌÌ‹ŒLÎLÂŽMËLLÍKŽMLNLËLL‹ŒÍLÍÌMÍKÌÌ‹ÍÍŽNLMKŒÍÎÍŒŒNLKLÍŽLÌŽKÌÌ‹ŽÍÎBŽNKLMŒKLÌÍŒŒKKLMŒMMŒËÌÌËŒŒÍÌÍÍMBŽŒLMÌKŽNLŒÍËÍ‹NNM‹ÌÌËŒNNNLÌŒÂŽŒKLNŽMMNMŽŒ‹MMNMMÌÌËŒÍLÍÍÎÍBŽŒ‹LNŒMÌKËMÌÍMÎÌÌËÌÍÍMNŽŒËLNLËŒNÍŒMLŽÌ‹ŒMÎL‹ÌÌËNMÍLÂŽLNM‹ŒÌÌŒÌMÍM‹ŒMNMÍMÍÌÌËLŽMŽKLNMËŒÎNLNMËËŒŒMÎMÌMŒÙKLLËÌÌËŒNLLBŽ‹LNM‹ŒÌÌŒÌMÍLM‹ŒMNMÍMÍÌÌËLŽMŽËLNLËŒNÍŒMLŽLÌ‹ŒMÎL‹ÌÌËNMÍLÂŽŽLNŒMÌKMËMÌÍMÎÌÌËÌÍÍMNŽŽKLNŽMMNMŽMŒ‹MMNMMÌÌËŒÍLÍÍÎÍBŽÌLMÌKŽNLŒÍËMÍ‹NNM‹ÌÌËŒNNNLÌŒÂŽÌKLMŒKLÌÍŒŒKNKLMŒMMŒËÌÌËŒŒÍÌÍÍMBŽÌ‹LMKŒÍÎÍŒŒNLLKLÍŽLÌŽKÌÌ‹ŽÍÎBŽÌËLLÍKŽMLNLËLLL‹ŒÍLÍÌMÍKÌÌ‹ÍÍŽÍLLŒKŒÎLMLMKLLŒKŽNŽLŒMÍËÌÌ‹ŒLÎLÂŽÍKLLKŽÍŽËLLÌŒÍŽLMMŒÍ‹ÌÌ‹ŒŽÌMMÎBŽÍ‹NKŒÌÍLŒ‹LLÍËÍÌMKÌÌ‹ŒLŽÌÍÂŽÍËMÌ‹ŒÍŒNNLMËŒŽMŒÌMMŒKÌÌKŽNLLŒŽŽÎMMÌÍŽNLŒMÎLMËŽŒÌŽLŒM‹ÌÌKŽLŒŽMÂŽÎKLÍ‹ÌLNMMŽKLMLKŒMŒMMLËÌÌKÎNMMÍBŽLNŒNMMKLML‹ŽNMLÌLNLKÌÌKÍÍŽKŒŽMŒŒÎLŽLYKLMKLMLËLŒÎLMÍËÌÌKÌÌMŒLŒŽBŽ‹NŒNMMKLML‹ŽNMLÌLNLKÌÌKÍÍŽËÍ‹ÌLNMMŽKLMLKŒMŒMMLËÌÌKÎNMMÍBŽMÌÍŽNLŒMÎLMËŽŒÌŽLŒM‹ÌÌKŽLŒŽMÂŽKÌ‹ŒÍŒNNLMËŒŽMŒÌMMŒKÌÌKŽNLLŒŽŽ‹KŒÌÍLŒ‹LLÍËÍÌMKÌÌ‹ŒLŽÌÍÂŽËLKŽÍŽËLLÌŒÍŽLMMŒÍ‹ÌÌ‹ŒŽÌMMÎBŽLŒKŒÎLMLMKLLŒKŽNŽLŒMÍËÌÌ‹ŒLÎLÂŽKLÍKŽMLNLËLLL‹ŒÍLÍÌMÍKÌÌ‹ÍÍŽLMKŒÍÎÍŒŒNLLKLÍŽLÌŽKÌÌ‹ŽÍÎBŽLKMŒKLÌÍŒŒKNKLMŒMMŒËÌÌËŒŒÍÌÍÍMBŽL‹MÌKŽNLŒÍËMÍ‹NNM‹ÌÌËŒNNNLÌŒÂŽLËNŽMMNMŽMŒ‹MMNMMÌÌËŒÍLÍÍÎÍBŽMNŒMÌKMËMÌÍMÎÌÌËÌÍÍMNŽMKNLËŒNÍŒMLŽLÌ‹ŒMÎL‹ÌÌËNMÍLÂŽM‹NM‹ŒÌÌŒÌMÍLM‹ŒMNMÍMÍÌÌËLŽMŽMËNM‹ŽMŽMÌÌÎKŽMŒLÍÌŒÙKLMÍNÌMŽÂŽNNMKŽLŒNLŒÌŽKM‹ŒMMLÍMNŽKÍNŽÎLLM‚ŽNKNL‹ÎLÍÌMLÌKÌ‹ŒLÍÍÍNŒÌ‚ŽLNËLMNMŽKËNŽMŽMŽŽKÍNLŒŒŒMMBŽLKNNŒMLÎKŒ‹ŽLÎMMKÍNŒÎŒNŒÌBŽL‹MÌKÌMNŒÎ‹Í‹MÎNMÌÎMKÍNŒŒŒŽNNLÌÂŽLËMŒKŒNMLÌŽKŒMŒLÎÎÍNŒÎNÂŽLMKŒMÍÌMÍŽL‹LKLLŽMÍKÍMËŽLŒ‚ŽLKLÍKŽŒÍLÍÎLL‹MLŒMMÌŒKÍMËNLŒNMÂŽL‹LŒKŒÌÍÎÍLÍËLŒ‹ŒŒÌÌNÍMËLLMŒÂŽLËLKÎMMKLÌŽŽLËÍMËŒŒBŽLKLÌÌŒLÎËLÍËŽÎLLNMËÍMËŒNNMÎÌ‚ŽLKÌ‹ŒÍÍMÍÌŽŽKMËÌNŽÍM‹ŽMMNŒŒMŽLLMÌÌÍLŽNNLËMŒŽÌLÌL‹ÍM‹ŽÎLNÍÍBŽLLKÍ‹ÌLŽNMÎKMLKMLMLÍŽNM‹ÍM‹ÍLÌÍMŒŒÂŽLL‹NŒÌÌLLÍKMLËLLŒLKÍM‹ÌLLBŽLLËŽLMŒÌÌÌNLYKLMMMŒMŒÌLŒKÍM‹ŽÌMÌŒÌÌÂŽLMLNŒÌÌLLÍKMLËLLŒLKÍM‹ÌLLBŽLMKLÍ‹ÌLŽNMÎKMLKMLMLÍŽNM‹ÍM‹ÍLÌÍMŒŒÂŽLM‹MMÌÌÍLŽNNLËMŒŽÌLÌL‹ÍM‹ŽÎLNÍÍBŽLMËMÌ‹ŒÍÍMÍÌŽŽKMËÌNŽÍM‹ŽMMNŒŒMŽLNNKLÌÌŒLÎËLÍËŽÎLLNMËÍMËŒNNMÎÌ‚ŽLNKLLKÎMMKLÌŽŽLËÍMËŒŒBŽLŒLLŒKŒÌÍÎÍLÍËLŒ‹ŒŒÌÌNÍMËLLMŒÂŽLŒKLLÍKŽŒÍLÍÎLL‹MLŒMMÌŒKÍMËNLŒNMÂŽLŒ‹LMKŒMÍÌMÍŽL‹LKLLŽMÍKÍMËŽLŒ‚ŽLŒËLMŒKŒNMLÌŽKŒMŒLÎÎÍNŒÎNÂŽLLMÌKÌMNŒÎ‹Í‹MÎNMÌÎMKÍNŒŒŒŽNNLÌÂŽLKLNNŒMLÎKŒ‹ŽLÎMMKÍNŒÎŒNŒÌBŽL‹LNËLMNMŽKËNŽMŽMŽŽKÍNLŒŒŒMMBŽLËLNL‹ÎLÍÌMLÌKÌ‹ŒLÍÍÍNŒÌ‚ŽLŽLNMKŽLŒNLŒÌŽKM‹ŒMMLÍMNŽKÍNŽÎLLM‚ŽLŽKLNM‹ŽMŽMÌÌÎËÍNÌÍÎYKLLËÍNÌMŽÂŽLÌLNMKŽLŒNLŒÌŽKLM‹ŒMMLÍMNŽKÍNŽÎLLM‚ŽLÌKLNL‹ÎLÍÌMLÌKLÌ‹ŒLÍÍÍNŒÌ‚ŽLÌ‹LNËLMNMŽKMËNŽMŽMŽŽKÍNLŒŒŒMMBŽLÌËLNNŒMLÎKMŒ‹ŽLÎMMKÍNŒÎŒNŒÌBŽLÍLMÌKÌMNŒÎ‹MÍ‹MÎNMÌÎMKÍNŒŒŒŽNNLÌÂŽLÍKLMŒKŒNMLÌŽNKŒMŒLÎÎÍNŒÎNÂŽLÍ‹LMKŒMÍÌMÍŽL‹LLKLLŽMÍKÍMËŽLŒ‚ŽLÍËLLÍKŽŒÍLÍÎLLL‹MLŒMMÌŒKÍMËNLŒNMÂŽLÎLLŒKŒÌÍÎÍLÍËLLŒ‹ŒŒÌÌNÍMËLLMŒÂŽLÎKLLKÎMMKLLÌŽŽLËÍMËŒŒBŽMNKLÌÌŒLÎËLLÍËŽÎLLNMËÍMËŒNNMÎÌ‚ŽMKMÌ‹ŒÍÍMÍÌŽŽKLMËÌNŽÍM‹ŽMMNŒŒMŽM‹MMÌÌÍLŽNNLËLMŒŽÌLÌL‹ÍM‹ŽÎLNÍÍBŽMËLÍ‹ÌLŽNMÎKLMLKMLMLÍŽNM‹ÍM‹ÍLÌÍMŒŒÂŽMLNŒÌÌLLÍKLMLËLLŒLKÍM‹ÌLLBŽMKKŒMÌÎMÌÎLŽLKLMKLMMŒMŒÌLŒKÍM‹ŽÌMÌŒÌÌÂŽM‹NŒÌÌLLÍKLMLËLLŒLKÍM‹ÌLLBŽMËÍ‹ÌLŽNMÎKLMLKMLMLÍŽNM‹ÍM‹ÍLÌÍMŒŒÂŽMMÌÌÍLŽNNLËLMŒŽÌLÌL‹ÍM‹ŽÎLNÍÍBŽMKÌ‹ŒÍÍMÍÌŽŽKLMËÌNŽÍM‹ŽMMNŒŒMŽMLKLÌÌŒLÎËLLÍËŽÎLLNMËÍMËŒNNMÎÌ‚ŽMLKLKÎMMKLLÌŽŽLËÍMËŒŒBŽML‹LŒKŒÌÍÎÍLÍËLLŒ‹ŒŒÌÌNÍMËLLMŒÂŽMLËLÍKŽŒÍLÍÎLLL‹MLŒMMÌŒKÍMËNLŒNMÂŽMMMKŒMÍÌMÍŽL‹LLKLLŽMÍKÍMËŽLŒ‚ŽMMKMŒKŒNMLÌŽNKŒMŒLÎÎÍNŒÎNÂŽMM‹MÌKÌMNŒÎ‹MÍ‹MÎNMÌÎMKÍNŒŒŒŽNNLÌÂŽMMËNNŒMLÎKMŒ‹ŽLÎMMKÍNŒÎŒNŒÌBŽMNNËLMNMŽKMËNŽMŽMŽŽKÍNLŒŒŒMMBŽMNKNL‹ÎLÍÌMLÌKLÌ‹ŒLÍÍÍNŒÌ‚ŽMŒNMKŽLŒNLŒÌŽKLM‹ŒMMLÍMNŽKÍNŽÎLLM‚ŽMŒKNM‹LŒÌŽKMÌMLŒŒÌÌÌÙKLMÎËÍŒÍMLŽ‚ŽMŒ‹NMKLLMLÌÎKM‹ŒMMNMÍÍ‹ÎËÍLŒNL‚ŽMŒËNL‹ŒÎLÎML‹Ì‹ŒNLMLKÎËÍMÎÍBŽMNËŒÌŽLÌÍ‹ËNLÎMMÌKÎËMŒÎMLLŽMKNŒLMLÌLŒ‹ÌÎLNMKÎËŒÌMÍMÎBŽM‹MÌKÍÍŒMÍ‹MNMŒNMMKÎËŒLLNLÍMÂŽMËMŒŽMŽLNMŒŒ‹KÌMŒLÍŒKÎËŒNŽBŽMŽMKŒŽŽÌKLKŽMÌŒÎKÎ‹ŽLÍÍLÌ‚ŽMŽKLÍKŽNLŒÍM‹LL‹ÍŒŒŽLÌ‹Î‹ÌMNÎLBŽMÌLŒKŒŒŒŒL‹LŒ‹LMLÍŒÎ‹ÍÍMMŒM‚ŽMÌKLKÌŽNLÌËLÌKŒMNŒÌËÎ‹ŒÍLNŒ‚ŽMÌ‹KŒÎÍLNLÍÍKLÎŒŒÍŽLMŽKÎ‹ŒÍÌMÎBŽMÌËÌ‹ŒÌÍLNLMMŒMNNMÌNÎKŽLMNMŒNBŽMÍMÌÌÌŽÍMÍÌLÍMMŽL‹ÎKÎLÌMÌBŽMÍKÍ‹ÌLÎMŒMÌNML‹ŒŽÌMNNÎKÌMNŒÂŽMÍ‹NMNMLÌËMMŒÌNLMÌKÎKÌŒMŽŽMÍËKŒLNŒLM™KLMMMÌŽLLLÌ‹ÎKŒŽNMŽŽMÎLNMNMLÌËMMŒÌNLMÌKÎKÌŒMŽŽMÎKLÍ‹ÌLÎMŒMÌNML‹ŒŽÌMNNÎKÌMNŒÂŽNMMÌÌÌŽÍMÍÌLÍMMŽL‹ÎKÎLÌMÌBŽNKMÌ‹ŒÌÍLNLMMŒMNNMÌNÎKŽLMNMŒNBŽN‹NKŒÎÍLNLÍÍKLÎŒŒÍŽLMŽKÎ‹ŒÍÌMÎBŽNËLLKÌŽNLÌËLÌKŒMNŒÌËÎ‹ŒÍLNŒ‚ŽNLLŒKŒŒŒŒL‹LŒ‹LMLÍŒÎ‹ÍÍMMŒM‚ŽNKLLÍKŽNLŒÍM‹LL‹ÍŒŒŽLÌ‹Î‹ÌMNÎLBŽN‹LMKŒŽŽÌKLKŽMÌŒÎKÎ‹ŽLÍÍLÌ‚ŽNËLMŒŽMŽLNMŒŒ‹KÌMŒLÍŒKÎËŒNŽBŽNLMÌKÍÍŒMÍ‹MNMŒNMMKÎËŒLLNLÍMÂŽNKLNŒLMLÌLŒ‹ÌÎLNMKÎËŒÌMÍMÎBŽNLLNËŒÌŽLÌÍ‹ËNLÎMMÌKÎËMŒÎMLLŽNLKLNL‹ŒÎLÎML‹Ì‹ŒNLMLKÎËÍMÎÍBŽNL‹LNMKLLMLÌÎKM‹ŒMMNMÍÍ‹ÎËÍLŒNL‚ŽNLËLNM‹LŒÌŽKËŒÍÎMÍÌLÌNYKLLËÎËÍŒÍMLŽ‚ŽNMLNMKLLMLÌÎKLM‹ŒMMNMÍÍ‹ÎËÍLŒNL‚ŽNMKLNL‹ŒÎLÎML‹LÌ‹ŒNLMLKÎËÍMÎÍBŽNM‹LNËŒÌŽLÌÍ‹MËNLÎMMÌKÎËMŒÎMLLŽNMËLNŒLMLÌLMŒ‹ÌÎLNMKÎËŒÌMÍMÎBŽNNLMÌKÍÍŒMMÍ‹MNMŒNMMKÎËŒLLNLÍMÂŽNNKLMŒŽMŽLNMŒŒ‹NKÌMŒLÍŒKÎËŒNŽBŒLLMKŒŽŽÌKLLKŽMÌŒÎKÎ‹ŽLÍÍLÌ‚ŒLKLLÍKŽNLŒÍM‹LLL‹ÍŒŒŽLÌ‹Î‹ÌMNÎLBŒL‹LLŒKŒŒŒŒL‹LLŒ‹LMLÍŒÎ‹ÍÍMMŒM‚ŒLËLLKÌŽNLÌËLLÌKŒMNŒÌËÎ‹ŒÍLNŒ‚ŒLNKŒÎÍLNLÍÍKLLÎŒŒÍŽLMŽKÎ‹ŒÍÌMÎBŒLKMÌ‹ŒÌÍLNLMLMŒMNNMÌNÎKŽLMNMŒNBŒL‹MMÌÌÌŽÍLMÍÌLÍMMŽL‹ÎKÎLÌMÌBŒLËLÍ‹ÌLÎMŒMÌNLML‹ŒŽÌMNNÎKÌMNŒÂŒLLNMNMLÌËLMMŒÌNLMÌKÎKÌŒMŽŒLKNÎLMLŒŽNKLM‹LMMÌŽLLLÌ‹ÎKŒŽNMŽŒLLNMNMLÌËLMMŒÌNLMÌKÎKÌŒMŽŒLLKÍ‹ÌLÎMŒMÌNLML‹ŒŽÌMNNÎKÌMNŒÂŒLL‹MÌÌÌŽÍLMÍÌLÍMMŽL‹ÎKÎLÌMÌBŒLLËÌ‹ŒÌÍLNLMLMŒMNNMÌNÎKŽLMNMŒNBŒLMKŒÎÍLNLÍÍKLLÎŒŒÍŽLMŽKÎ‹ŒÍÌMÎBŒLMKLKÌŽNLÌËLLÌKŒMNŒÌËÎ‹ŒÍLNŒ‚ŒLM‹LŒKŒŒŒŒL‹LLŒ‹LMLÍŒÎ‹ÍÍMMŒM‚ŒLMËLÍKŽNLŒÍM‹LLL‹ÍŒŒŽLÌ‹Î‹ÌMNÎLBŒLNMKŒŽŽÌKLLKŽMÌŒÎKÎ‹ŽLÍÍLÌ‚ŒLNKMŒŽMŽLNMŒŒ‹NKÌMŒLÍŒKÎËŒNŽBŒLŒMÌKÍÍŒMMÍ‹MNMŒNMMKÎËŒLLNLÍMÂŒLŒKNŒLMLÌLMŒ‹ÌÎLNMKÎËŒÌMÍMÎBŒLŒ‹NËŒÌŽLÌÍ‹MËNLÎMMÌKÎËMŒÎMLLŒLŒËNL‹ŒÎLÎML‹LÌ‹ŒNLMLKÎËÍMÎÍBŒLNMKLLMLÌÎKLM‹ŒMMNMÍÍ‹ÎËÍLŒNL‚ŒLKNM‹ŒMÎLNLËËŽÎÍLÌÎMÌMÙKLMŽÍŒÍÂŒL‹NMKŒŒMLÍLMM‹ŒMLÍÍŒŽMËŽŽŒÂŒLËNLKŽMŽMLLŒKÌ‹ŒLLMMÌÍ‹ÌŽNÎÌÂŒLŽN‹ŽÌÍÌÎKËŒŒŒŒMMM‹ŒMŒÎNMBŒLŽKMÎKŽLLŽÌNŒ‹LÌNMŒŒ‹ÌÍÎŒLÌMÌKŒMNŽLÎKÍ‹ŒNÌL‹ŒŽŽMLNÌ‚ŒLÌKMŒÌÌLMKŽNŒNLÎKŒÎLLMÍBŒLÌ‹MŽNNLLNMKLKŽMŽLÍËËŽŒMÌÌMÎBŒLÌËLÍKMMÌŽËLL‹ŽNMMNMÌKËMÌÌÂŒLÍLŒKŒLÌLÌ‹LŒ‹ŽMLÍKËŒŽŽÂŒLÍKLKÌÌÍŽL‹LÌKŒÍLMLŒÍËËŒŒMÍLŒBŒLÍ‹KŒÍLŽLÌÎKLÎŒÍŒÎËŒÌMLLÂŒLÍËÌ‹ŒÌŒLNMŒKMŒŒMŒNLË‹ŽÌLŒÌMŽŒLÎMÌÌLÍÌKMKŒÎLLLK‹ÍLŒÌBŒLÎKÍ‹ÌMLMÌŽMËML‹ŒNÍK‹MMŽŒLNŒŒÎKMMŒÌÍŒŒ‹‹NÌNÌNBŒLKŒŒŒŽÌÌÍMKLMMMKŒÍLÍË‹MÍLŽBŒL‹LNŒŒÎKMMŒÌÍŒŒ‹‹NÌNÌNBŒLËLÍ‹ÌMLMÌŽMËML‹ŒNÍK‹MMŽŒLMMÌÌLÍÌKMKŒÎLLLK‹ÍLŒÌBŒLKMÌ‹ŒÌŒLNMŒKMŒŒMŒNLË‹ŽÌLŒÌMŽŒL‹NKŒÍLŽLÌÎKLÎŒÍŒÎËŒÌMLLÂŒLËLLKÌÌÍŽL‹LÌKŒÍLMLŒÍËËŒŒMÍLŒBŒLLLŒKŒLÌLÌ‹LŒ‹ŽMLÍKËŒŽŽÂŒLKLLÍKMMÌŽËLL‹ŽNMMNMÌKËMÌÌÂŒLLLMŽNNLLNMKLKŽMŽLÍËËŽŒMÌÌMÎBŒLLKLMŒÌÌLMKŽNŒNLÎKŒÎLLMÍBŒLL‹LMÌKŒMNŽLÎKÍ‹ŒNÌL‹ŒŽŽMLNÌ‚ŒLLËLMÎKŽLLŽÌNŒ‹LÌNMŒŒ‹ÌÍÎŒLMLN‹ŽÌÍÌÎKËŒŒŒŒMMM‹ŒMŒÎNMBŒLMKLNLKŽMŽMLLŒKÌ‹ŒLLMMÌÍ‹ÌŽNÎÌÂŒLM‹LNMKŒŒMLÍLMM‹ŒMLÍÍŒŽMËŽŽŒÂŒLMËLNM‹ŒMÎLNLËËŒMŽLÌŽMÙKLLËŽÍŒÍÂŒLNLNMKŒŒMLÍLMLM‹ŒMLÍÍŒŽMËŽŽŒÂŒLNKLNLKŽMŽMLLŒKLÌ‹ŒLLMMÌÍ‹ÌŽNÎÌÂŒLŒLN‹ŽÌÍÌÎKMËŒŒŒŒMMM‹ŒMŒÎNMBŒLŒKLMÎKŽLLŽÌNMŒ‹LÌNMŒŒ‹ÌÍÎŒLŒ‹LMÌKŒMNŽLÎKMÍ‹ŒNÌL‹ŒŽŽMLNÌ‚ŒLŒËLMŒÌÌLMNKŽNŒNLÎKŒÎLLMÍBŒLLMŽNNLLNMKLLKŽMŽLÍËËŽŒMÌÌMÎBŒLKLLÍKMMÌŽËLLL‹ŽNMMNMÌKËMÌÌÂŒL‹LLŒKŒLÌLÌ‹LLŒ‹ŽMLÍKËŒŽŽÂŒLËLLKÌÌÍŽL‹LLÌKŒÍLMLŒÍËËŒŒMÍLŒBŒLŽNKŒÍLŽLÌÎKLLÎŒÍŒÎËŒÌMLLÂŒLŽKMÌ‹ŒÌŒLNMŒKLMŒŒMŒNLË‹ŽÌLŒÌMŽŒLÌMMÌÌLÍÌKLMKŒÎLLLK‹ÍLŒÌBŒLÌKLÍ‹ÌMLMÌŽMËLML‹ŒNÍK‹MMŽŒLÌ‹LNŒŒÎKLMMŒÌÍŒŒ‹‹NÌNÌNBŒLÌËNŽÎÌŒÍÍÙKLMKLMMKŒÍLÍË‹MÍLŽBŒLÍNŒŒÎKLMMŒÌÍŒŒ‹‹NÌNÌNBŒLÍKÍ‹ÌMLMÌŽMËLML‹ŒNÍK‹MMŽŒLÍ‹MÌÌLÍÌKLMKŒÎLLLK‹ÍLŒÌBŒLÍËÌ‹ŒÌŒLNMŒKLMŒŒMŒNLË‹ŽÌLŒÌMŽŒLÎKŒÍLŽLÌÎKLLÎŒÍŒÎËŒÌMLLÂŒLÎKLKÌÌÍŽL‹LLÌKŒÍLMLŒÍËËŒŒMÍLŒBŒLLŒKŒLÌLÌ‹LLŒ‹ŽMLÍKËŒŽŽÂŒLKLÍKMMÌŽËLLL‹ŽNMMNMÌKËMÌÌÂŒL‹MŽNNLLNMKLLKŽMŽLÍËËŽŒMÌÌMÎBŒLËMŒÌÌLMNKŽNŒNLÎKŒÎLLMÍBŒLMÌKŒMNŽLÎKMÍ‹ŒNÌL‹ŒŽŽMLNÌ‚ŒLKMÎKŽLLŽÌNMŒ‹LÌNMŒŒ‹ÌÍÎŒL‹N‹ŽÌÍÌÎKMËŒŒŒŒMMM‹ŒMŒÎNMBŒLËNLKŽMŽMLLŒKLÌ‹ŒLLMMÌÍ‹ÌŽNÎÌÂŒLNMKŒŒMLÍLMLM‹ŒMLÍÍŒŽMËŽŽŒÂŒLKNMKMMÌÍÌMËËŒÍLMNKLMÌËŽLNMÌÍÂŒLLNMLMÍLÍ‹M‹ŒMLNŽMLÌËŽŒÎÍMBŒLLKNLKÍÎŒËÌ‹ŒLŽMÌŒMKÌËÎLNLÎLBŒLL‹N‹ŽMŒMËŒNLÌMLŒËÌËÌMNLLÂŒLLËMÎKLŽMÍÍŒ‹MÍŒÎMÎKÌËLLLLÍŒMŒBŒLMMÌŽŽLËÍ‹ŽMÌŽÌLÌ‹ÌËŒÌNL‚ŒLMKMŒÎLLLÎKKŽLÍŽÌLLLËÌËŒLŒL‚ŒLM‹MŒMNËL‹ŒMÍNÎÌ‹ŽÌNLÍŽM‚ŒLMËLÍKLÌLNMKLLËŒŒŒÌŽLÍÌ‹ŒÍÍLBŒLNLŒKŒÍÍÌÌMLŒËŒLLMŽNÌ‹ŒMÌŽÂŒLNKLKŒMÌ‹LÌKÌÍÎM‹Ì‹ŒNML‚ŒLLKŒÌŒNLŒKLÎKŒÍÌMÌÍÍ‹ÌKŽNLMNÍBŒLLKÌ‹ŒÌÍMMŒÌËMKŒLÍŒÌÍÌ‹ÌKŽŒMML‚ŒLL‹MÌŒÌÎMLÍÌMKŽNMŒLÍÍËÌKŽÍÌLÌÂŒLLËÍ‹ÌMŒMÌ‹MLËŒMÍNLÌŽÌKNMLM‚ŒLLNŽŒÌŽMMKŒNMLLÌKÌKLŒÌÌŒÂŒLLKËŽMMŒÌŒŒÍKLMMMKŽŽÍŒKÌKNMŒÌŽMBŒLL‹LNŽŒÌŽMMKŒNMLLÌKÌKLŒÌÌŒÂŒLLËLÍ‹ÌMŒMÌ‹MLËŒMÍNLÌŽÌKNMLM‚ŒLLMMÌŒÌÎMLÍÌMKŽNMŒLÍÍËÌKŽÍÌLÌÂŒLLKMÌ‹ŒÌÍMMŒÌËMKŒLÍŒÌÍÌ‹ÌKŽŒMML‚ŒLLLNKŒÌŒNLŒKLÎKŒÍÌMÌÍÍ‹ÌKŽNLMNÍBŒLLLKLLKŒMÌ‹LÌKÌÍÎM‹Ì‹ŒNML‚ŒLLL‹LLŒKŒÍÍÌÌMLŒËŒLLMŽNÌ‹ŒMÌŽÂŒLLLËLLÍKLÌLNMKLLËŒŒŒÌŽLÍÌ‹ŒÍÍLBŒLLMLMŒMNËL‹ŒMÍNÎÌ‹ŽÌNLÍŽM‚ŒLLMKLMŒÎLLLÎKKŽLÍŽÌLLLËÌËŒLŒL‚ŒLLM‹LMÌŽŽLËÍ‹ŽMÌŽÌLÌ‹ÌËŒÌNL‚ŒLLMËLMÎKLŽMÍÍŒ‹MÍŒÎMÎKÌËLLLLÍŒMŒBŒLLNLN‹ŽMŒMËŒNLÌMLŒËÌËÌMNLLÂŒLLNKLNLKÍÎŒËÌ‹ŒLŽMÌŒMKÌËÎLNLÎLBŒLLŒLNMLMÍLÍ‹M‹ŒMLNŽMLÌËŽŒÎÍMBŒLLŒKLNMKMMÌÍÌMËËŒÍÍMÌL™KLLËÌËŽLNMÌÍÂŒLLŒ‹LNMLMÍLÍ‹LM‹ŒMLNŽMLÌËŽŒÎÍMBŒLLŒËLNLKÍÎŒËLÌ‹ŒLŽMÌŒMKÌËÎLNLÎLBŒLLLN‹ŽMŒMMËŒNLÌMLŒËÌËÌMNLLÂŒLLKLMÎKLŽMÍÍMŒ‹MÍŒÎMÎKÌËLLLLÍŒMŒBŒLL‹LMÌŽŽLËMÍ‹ŽMÌŽÌLÌ‹ÌËŒÌNL‚ŒLLËLMŒÎLLLÎKNKŽLÍŽÌLLLËÌËŒLŒL‚ŒLLŽLMŒMNËLL‹ŒMÍNÎÌ‹ŽÌNLÍŽM‚ŒLLŽKLLÍKLÌLNMKLLLËŒŒŒÌŽLÍÌ‹ŒÍÍLBŒLLÌLLŒKŒÍÍÌÌMLLŒËŒLLMŽNÌ‹ŒMÌŽÂŒLLÌKLLKŒMÌ‹LLÌKÌÍÎM‹Ì‹ŒNML‚ŒLLÌ‹NKŒÌŒNLŒKLLÎKŒÍÌMÌÍÍ‹ÌKŽNLMNÍBŒLLÌËMÌ‹ŒÌÍMMŒÌËLMKŒLÍŒÌÍÌ‹ÌKŽŒMML‚ŒLLÍMMÌŒÌÎMLÍÌLMKŽNMŒLÍÍËÌKŽÍÌLÌÂŒLLÍKLÍ‹ÌMŒMÌ‹LMLËŒMÍNLÌŽÌKNMLM‚ŒLLÍ‹LNŽŒÌŽLMMKŒNMLLÌKÌKLŒÌÌŒÂŒLLÍËMÍŽMÍŒÍÙKLMKLMMKŽŽÍŒKÌKNMŒÌŽMBŒLLÎNŽŒÌŽLMMKŒNMLLÌKÌKLŒÌÌŒÂŒLLÎKÍ‹ÌMŒMÌ‹LMLËŒMÍNLÌŽÌKNMLM‚ŒLMMÌŒÌÎMLÍÌLMKŽNMŒLÍÍËÌKŽÍÌLÌÂŒLMKÌ‹ŒÌÍMMŒÌËLMKŒLÍŒÌÍÌ‹ÌKŽŒMML‚ŒLM‹KŒÌŒNLŒKLLÎKŒÍÌMÌÍÍ‹ÌKŽNLMNÍBŒLMËLKŒMÌ‹LLÌKÌÍÎM‹Ì‹ŒNML‚ŒLMLŒKŒÍÍÌÌMLLŒËŒLLMŽNÌ‹ŒMÌŽÂŒLMKLÍKLÌLNMKLLLËŒŒŒÌŽLÍÌ‹ŒÍÍLBŒLM‹MŒMNËLL‹ŒMÍNÎÌ‹ŽÌNLÍŽM‚ŒLMËMŒÎLLLÎKNKŽLÍŽÌLLLËÌËŒLŒL‚ŒLMMÌŽŽLËMÍ‹ŽMÌŽÌLÌ‹ÌËŒÌNL‚ŒLMKMÎKLŽMÍÍMŒ‹MÍŒÎMÎKÌËLLLLÍŒMŒBŒLMLN‹ŽMŒMMËŒNLÌMLŒËÌËÌMNLLÂŒLMLKNLKÍÎŒËLÌ‹ŒLŽMÌŒMKÌËÎLNLÎLBŒLML‹NMLMÍLÍ‹LM‹ŒMLNŽMLÌËŽŒÎÍMBŒLMLËNMKŒÍLÎ‹ŽŒMLMNYKLMNŽMNLŒLMMNLËŽNLMÍÌMÌ‹M‹ŒMLŒÍÎLŒ‹NŽLÎMNÍÎMŒLMMKNLŽMŽNLLÍMËÌ‹ŒMMMNŽŒÎLŒŽLBŒLMM‹NKŽNÌLLŒËËŒÌÍÌŽÎMËNÌÌŽMŒLMMËMÎKŒLÍÍÍÌKŒ‹NLMLÎËNMŒŒÍŒÂŒLMNMÌLŒMÎÍ‹ÍÍLÍL‹NŒÍNMŽLNBŒLMNKMŒŒŒMLMÍKLŒŒÍÍŒŒ‹NŒLŽÌNÍÌÂŒLMŒMNNNMMŒŽKL‹ŒÌŽMÎL‹MËŽÌÍÌMÌNŒLMŒKLÍKŒÍMMLLLLLËÍMÌÎLKMËŒÌÌÍŽLNBŒLMŒ‹LŒŽLÌŽLÎLŒËNLNMÌMËMËŒÎLŒÎL‚ŒLMŒËLKMLÍŽKLÌ‹ŒLÌLL‹MËŒMMÌMLÌŽBŒLMKŒŽŒŒÌÍÌ‹LÎKLÌNŒLLKM‹ŽMÌŒŒLÌÂŒLMKÌ‹ŒŽLÍNLMLËMKŒMÌL‹M‹ÍLŒÍMÂŒLM‹MÌNŒÎMM‹MLŒÍMNNM‹ŒŒŒÎNŒÂŒLMËÍ‹ÌMŒNMLÍL‹MLËÍŒÎŽNLËM‹LLÌLÍ‚ŒLMŽNŽLLMÍMMKŽLÍMM‹ŽMÌÂŒLMŽKËŒÎLŒÌŒÍYKLMMM‹ŒŒNÌ‹M‹MM‚ŒLMÌLNŽLLMÍMMKŽLÍMM‹ŽMÌÂŒLMÌKLÍ‹ÌMŒNMLÍL‹MLËÍŒÎŽNLËM‹LLÌLÍ‚ŒLMÌ‹MMÌNŒÎMM‹MLŒÍMNNM‹ŒŒŒÎNŒÂŒLMÌËMÌ‹ŒŽLÍNLMLËMKŒMÌL‹M‹ÍLŒÍMÂŒLMÍNKŒŽŒŒÌÍÌ‹LÎKLÌNŒLLKM‹ŽMÌŒŒLÌÂŒLMÍKLLKMLÍŽKLÌ‹ŒLÌLL‹MËŒMMÌMLÌŽBŒLMÍ‹LLŒŽLÌŽLÎLŒËNLNMÌMËMËŒÎLŒÎL‚ŒLMÍËLLÍKŒÍMMLLLLLËÍMÌÎLKMËŒÌÌÍŽLNBŒLMÎLMNNNMMŒŽKL‹ŒÌŽMÎL‹MËŽÌÍÌMÌNŒLMÎKLMŒŒŒMLMÍKLŒŒÍÍŒŒ‹NŒLŽÌNÍÌÂŒLNLMÌLŒMÎÍ‹ÍÍLÍL‹NŒÍNMŽLNBŒLNKLMÎKŒLÍÍÍÌKŒ‹NLMLÎËNMŒŒÍŒÂŒLN‹LNKŽNÌLLŒËËŒÌÍÌŽÎMËNÌÌŽMŒLNËLNLŽMŽNLLÍMËÌ‹ŒMMMNŽŒÎLŒŽLBŒLNLNLËŽNLMÍÌMÌ‹M‹ŒMLŒÍÎLŒ‹NŽLÎMNÍÎMŒLNKLNMKŒÍLÎËŒLLLNKLLËNŽMNLŒLN‹LNLËŽNLMÍÌMÌ‹LM‹ŒMLŒÍÎLŒ‹NŽLÎMNÍÎMŒLNËLNLŽMŽNLLÍMËLÌ‹ŒMMMNŽŒÎLŒŽLBŒLNLNKŽNÌLLŒËMËŒÌÍÌŽÎMËNÌÌŽMŒLNKLMÎKŒLÍÍÍÌKMŒ‹NLMLÎËNMŒŒÍŒÂŒLNLLMÌLŒMÎMÍ‹ÍÍLÍL‹NŒÍNMŽLNBŒLNLKLMŒŒŒMLMÍKNLŒŒÍÍŒŒ‹NŒLŽÌNÍÌÂŒLNL‹LMNNNMMŒŽKLL‹ŒÌŽMÎL‹MËŽÌÍÌMÌNŒLNLËLLÍKŒÍMMLLLLLLËÍMÌÎLKMËŒÌÌÍŽLNBŒLNMLLŒŽLÌŽLÎLLŒËNLNMÌMËMËŒÎLŒÎL‚ŒLNMKLLKMLÍŽKLLÌ‹ŒLÌLL‹MËŒMMÌMLÌŽBŒLNM‹NKŒŽŒŒÌÍÌ‹LLÎKLÌNŒLLKM‹ŽMÌŒŒLÌÂŒLNMËMÌ‹ŒŽLÍNLMLËLMKŒMÌL‹M‹ÍLŒÍMÂŒLNNMMÌNŒÎMM‹LMLŒÍMNNM‹ŒŒŒÎNŒÂŒLNNKLÍ‹ÌMŒNMLÍL‹LMLËÍŒÎŽNLËM‹LLÌLÍ‚ŒLŒLNŽLLMÍLMMKŽLÍMM‹ŽMÌÂŒLŒKLKŒNNŒÎNNM™KLMLMM‹ŒŒNÌ‹M‹MM‚ŒLŒ‹NŽLLMÍLMMKŽLÍMM‹ŽMÌÂŒLŒËÍ‹ÌMŒNMLÍL‹LMLËÍŒÎŽNLËM‹LLÌLÍ‚ŒLŒMÌNŒÎMM‹LMLŒÍMNNM‹ŒŒŒÎNŒÂŒLŒKÌ‹ŒŽLÍNLMLËLMKŒMÌL‹M‹ÍLŒÍMÂŒLŒ‹KŒŽŒŒÌÍÌ‹LLÎKLÌNŒLLKM‹ŽMÌŒŒLÌÂŒLŒËLKMLÍŽKLLÌ‹ŒLÌLL‹MËŒMMÌMLÌŽBŒLŒLŒŽLÌŽLÎLLŒËNLNMÌMËMËŒÎLŒÎL‚ŒLŒKLÍKŒÍMMLLLLLLËÍMÌÎLKMËŒÌÌÍŽLNBŒLŒLMNNNMMŒŽKLL‹ŒÌŽMÎL‹MËŽÌÍÌMÌNŒLŒLKMŒŒŒMLMÍKNLŒŒÍÍŒŒ‹NŒLŽÌNÍÌÂŒLŒL‹MÌLŒMÎMÍ‹ÍÍLÍL‹NŒÍNMŽLNBŒLŒLËMÎKŒLÍÍÍÌKMŒ‹NLMLÎËNMŒŒÍŒÂŒLŒMNKŽNÌLLŒËMËŒÌÍÌŽÎMËNÌÌŽMŒLŒMKNLŽMŽNLLÍMËLÌ‹ŒMMMNŽŒÎLŒŽLBŒLŒM‹NLËŽNLMÍÌMÌ‹LM‹ŒMLŒÍÎLŒ‹NŽLÎMNÍÎMŒLŒMËNMMMŒÍ‹ŒMLŒÍMMMÍ™KLMŒÍÌMÍŒLŒNNLËLÍÌŽMKM‹ŒMÌŒKŒNLŽLÍLÂŒLŒNKNLŒÍŽLLÌ‹ŒMNLÌLŽŒKËŽLÍLÍŽÌ‚ŒLŒŒNKLŒLNKËŽKËÎNNMŽLBŒLŒŒKMÎŽLÍÌMŽŒ‹ŒŒÌÍŽMÍM‹ËŒNLÍÌÍMŒLŒŒ‹MÌŒLŽŒMÍÎÍ‹ŽMLŒMÍLÍ‹ËNNNŽŒLŒŒËMNKŽLMÌŽŒMMËLŒNMÍNMNËŒMMÍLÍMÂŒLŒMŒNMŒMMMMKL‹LÌMLLË‹ŽMMÎÍBŒLŒKLÍKŒLLŽLMËLLËÍÌÌÍÍ‹‹ŒÌŒMÎLBŒLŒ‹LŒŽŒMLŒŒŒ‹LŒËÍMMÌŽLË‹ŒÍŽÍÍÍŒBŒLŒËLKÎMÍLNKLÌ‹LÍÍÌÍÍŒË‹ŒLŒŒLŒLMŒLŒŽKŒÎLLMŒMÎÌNKKŽNLNLÎBŒLŒŽKÌ‹ŒŽNLÎNMÌKM‹ŒMLLNNLËKÌLLÂŒLŒÌMÌLMLKMLŽMÍÌNKKMLMLÌÂŒLŒÌKÍ‹ÌMÍÎKMMŒÍÍŒLKKÍMNÌ‚ŒLŒÌ‹NŽLMÌKMM‹ÎNMÍËKŒÍÌLMŒBŒLŒÌËËŒŽLÌNYKLMMMËŒLLŒ‹KŒÍÌŒŒÍLBŒLŒÍLNŽLMÌKMM‹ÎNMÍËKŒÍÌLMŒBŒLŒÍKLÍ‹ÌMÍÎKMMŒÍÍŒLKKÍMNÌ‚ŒLŒÍ‹MMÌLMLKMLŽMÍÌNKKMLMLÌÂŒLŒÍËMÌ‹ŒŽNLÎNMÌKM‹ŒMLLNNLËKÌLLÂŒLŒÎNKŒÎLLMŒMÎÌNKKŽNLNLÎBŒLŒÎKLLKÎMÍLNKLÌ‹LÍÍÌÍÍŒË‹ŒLŒŒLŒLMŒLLLŒŽŒMLŒŒŒ‹LŒËÍMMÌŽLË‹ŒÍŽÍÍÍŒBŒLKLLÍKŒLLŽLMËLLËÍÌÌÍÍ‹‹ŒÌŒMÎLBŒL‹LMŒNMŒMMMMKL‹LÌMLLË‹ŽMMÎÍBŒLËLMNKŽLMÌŽŒMMËLŒNMÍNMNËŒMMÍLÍMÂŒLLMÌŒLŽŒMÍÎÍ‹ŽMLŒMÍLÍ‹ËNNNŽŒLKLMÎŽLÍÌMŽŒ‹ŒŒÌÍŽMÍM‹ËŒNLÍÌÍMŒL‹LNKLŒLNKËŽKËÎNNMŽLBŒLËLNLŒÍŽLLÌ‹ŒMNLÌLŽŒKËŽLÍLÍŽÌ‚ŒLLNLËLÍÌŽMKM‹ŒMÌŒKŒNLŽLÍLÂŒLKLNMMMŒÍËŒMMŽÎNNYKLLËŒÍÌMÍŒLLLNLËLÍÌŽMKLM‹ŒMÌŒKŒNLŽLÍLÂŒLLKLNLŒÍŽLLLÌ‹ŒMNLÌLŽŒKËŽLÍLÍŽÌ‚ŒLL‹LNKLŒLNKMËŽKËÎNNMŽLBŒLLËLMÎŽLÍÌMŽMŒ‹ŒŒÌÍŽMÍM‹ËŒNLÍÌÍMŒLMLMÌŒLŽŒMÍÎMÍ‹ŽMLŒMÍLÍ‹ËNNNŽŒLMKLMNKŽLMÌŽŒMMËNLŒNMÍNMNËŒMMÍLÍMÂŒLM‹LMŒNMŒMMMMKLL‹LÌMLLË‹ŽMMÎÍBŒLMËLLÍKŒLLŽLMËLLLËÍÌÌÍÍ‹‹ŒÌŒMÎLBŒLNLLŒŽŒMLŒŒŒ‹LLŒËÍMMÌŽLË‹ŒÍŽÍÍÍŒBŒLNKLLKÎMÍLNKLLÌ‹LÍÍÌÍÍŒË‹ŒLŒŒLŒLMŒLŒNKŒÎLLLMŒMÎÌNKKŽNLNLÎBŒLŒKMÌ‹ŒŽNLÎNMÌKLM‹ŒMLLNNLËKÌLLÂŒLŒ‹MMÌLMLKLMLŽMÍÌNKKMLMLÌÂŒLŒËLÍ‹ÌMÍÎKLMMŒÍÍŒLKKÍMNÌ‚ŒLLNŽLMÌKLMM‹ÎNMÍËKŒÍÌLMŒBŒLKLKŽÍMLÌÌ™KLMLMMËŒLLŒ‹KŒÍÌŒŒÍLBŒL‹NŽLMÌKLMM‹ÎNMÍËKŒÍÌLMŒBŒLËÍ‹ÌMÍÎKLMMŒÍÍŒLKKÍMNÌ‚ŒLŽMÌLMLKLMLŽMÍÌNKKMLMLÌÂŒLŽKÌ‹ŒŽNLÎNMÌKLM‹ŒMLLNNLËKÌLLÂŒLÌKŒÎLLLMŒMÎÌNKKŽNLNLÎBŒLÌKLKÎMÍLNKLLÌ‹LÍÍÌÍÍŒË‹ŒLŒŒLŒLMŒLÌ‹LŒŽŒMLŒŒŒ‹LLŒËÍMMÌŽLË‹ŒÍŽÍÍÍŒBŒLÌËLÍKŒLLŽLMËLLLËÍÌÌÍÍ‹‹ŒÌŒMÎLBŒLÍMŒNMŒMMMMKLL‹LÌMLLË‹ŽMMÎÍBŒLÍKMNKŽLMÌŽŒMMËNLŒNMÍNMNËŒMMÍLÍMÂŒLÍ‹MÌŒLŽŒMÍÎMÍ‹ŽMLŒMÍLÍ‹ËNNNŽŒLÍËMÎŽLÍÌMŽMŒ‹ŒŒÌÍŽMÍM‹ËŒNLÍÌÍMŒLÎNKLŒLNKMËŽKËÎNNMŽLBŒLÎKNLŒÍŽLLLÌ‹ŒMNLÌLŽŒKËŽLÍLÍŽÌ‚ŒLŽNLËLÍÌŽMKLM‹ŒMÌŒKŒNLŽLÍLÂŒLŽKNLËÍÌŽLÌMŒ‹KŒŒÎLŒŽMKLMLKŒLÍNŒBŒLŽ‹NL‹ÎÌÌLÎKM‹ŒMMŒÌNMÍKLKŒLMÍMMNŒLŽËNKŽŽŽNL‹Ì‹ŒMŒŒÌKLKŒMŽLBŒLŽNŽMŒŽKËŒŒLLŒÎKLŽÌÌÌÎLMÂŒLŽKMÎŒŒMÍLÍÌKŒ‹LŒÎLMKLŽMŽMŒ‚ŒLŽ‹MŽKÌŽÍÌŒKÍ‹ŽLÍÍÎNÍËLLŒŒÌÍŒLŽËMNKNMLÌÎMËLŒÌÍLLLKLŒNLÍÍÍBŒLŽMËŽMMÌÍÎKL‹ÌÌÍÌŽKLËŽLLŒŒN‚ŒLŽKLÍŽLÌÌMKLMŒŒÎÍLËŒÍÎÎMBŒLŽLLŒŽMÌNLMMKLŒLŒMLLËŒÍLŒÂŒLŽLKLKŒÎNLÍLÍLÌ‹ŽMNMNLËŒLÎBŒLŽL‹KŒNMNMMMËMLÌŒÍÍMËL‹ŽÍLŒÌÂŒLŽLËÌ‹ŒNNLL‹M‹ÌŒÍKL‹MLÌÍÍMÂŒLŽMMŽNÍLLÍËMLKMLÌŒNMËL‹ÍMÌMMŒÎBŒLŽMKÍ‹ÌNLÍÌÎLËMMKŒLNMÍKL‹ŒÍMÎLBŒLŽM‹NŽÍŒÍKMMËŒMÍÍËL‹ŒÎMÍŽLÎMBŒLŽMË‹ŽLÌMÌÎÎNKLMMMËÎMŽNKL‹ŒMMŒNŒLŽNLNŽÍŒÍKMMËŒMÍÍËL‹ŒÎMÍŽLÎMBŒLŽNKLÍ‹ÌNLÍÌÎLËMMKŒLNMÍKL‹ŒÍMÎLBŒLÌMMŽNÍLLÍËMLKMLÌŒNMËL‹ÍMÌMMŒÎBŒLÌKMÌ‹ŒNNLL‹M‹ÌŒÍKL‹MLÌÍÍMÂŒLÌ‹NKŒNMNMMMËMLÌŒÍÍMËL‹ŽÍLŒÌÂŒLÌËLLKŒÎNLÍLÍLÌ‹ŽMNMNLËŒLÎBŒLÌLLŒŽMÌNLMMKLŒLŒMLLËŒÍLŒÂŒLÌKLLÍŽLÌÌMKLMŒŒÎÍLËŒÍÎÎMBŒLÌ‹LMËŽMMÌÍÎKL‹ÌÌÍÌŽKLËŽLLŒŒN‚ŒLÌËLMNKNMLÌÎMËLŒÌÍLLLKLŒNLÍÍÍBŒLÌLMŽKÌŽÍÌŒKÍ‹ŽLÍÍÎNÍËLLŒŒÌÍŒLÌKLMÎŒŒMÍLÍÌKŒ‹LŒÎLMKLŽMŽMŒ‚ŒLÌLLNŽMŒŽKËŒŒLLŒÎKLŽÌÌÌÎLMÂŒLÌLKLNKŽŽŽNL‹Ì‹ŒMŒŒÌKLKŒMŽLBŒLÌL‹LNL‹ÎÌÌLÎKM‹ŒMMŒÌNMÍKLKŒLMÍMMNŒLÌLËLNLËÍÌŽLÌMŒ‹ËŒLÍÌÎLÌ™KLLËLKŒLÍNŒBŒLÌMLNL‹ÎÌÌLÎKLM‹ŒMMŒÌNMÍKLKŒLMÍMMNŒLÌMKLNKŽŽŽNL‹LÌ‹ŒMŒŒÌKLKŒMŽLBŒLÌM‹LNŽMŒŽKMËŒŒLLŒÎKLŽÌÌÌÎLMÂŒLÌMËLMÎŒŒMÍLÍÌKMŒ‹LŒÎLMKLŽMŽMŒ‚ŒLÌNLMŽKÌŽÍÌŒKMÍ‹ŽLÍÍÎNÍËLLŒŒÌÍŒLÌNKLMNKNMLÌÎMËNLŒÌÍLLLKLŒNLÍÍÍBŒLÌŒLMËŽMMÌÍÎKLL‹ÌÌÍÌŽKLËŽLLŒŒN‚ŒLÌŒKLLÍŽLÌÌMKLLMŒŒÎÍLËŒÍÎÎMBŒLÌŒ‹LLŒŽMÌNLMMKLLŒLŒMLLËŒÍLŒÂŒLÌŒËLLKŒÎNLÍLÍLLÌ‹ŽMNMNLËŒLÎBŒLÌNKŒNMNMMMËLMLÌŒÍÍMËL‹ŽÍLŒÌÂŒLÌKMÌ‹ŒNNLL‹LM‹ÌŒÍKL‹MLÌÍÍMÂŒLÌ‹MMŽNÍLLÍËLMLKMLÌŒNMËL‹ÍMÌMMŒÎBŒLÌËLÍ‹ÌNLÍÌÎLËLMMKŒLNMÍKL‹ŒÍMÎLBŒLÌŽLNŽÍŒÍKLMMËŒMÍÍËL‹ŒÎMÍŽLÎMBŒLÌŽKL‹NNLÍLLLÙKLMLMMËÎMŽNKL‹ŒMMŒNŒLÌÌNŽÍŒÍKLMMËŒMÍÍËL‹ŒÎMÍŽLÎMBŒLÌÌKÍ‹ÌNLÍÌÎLËLMMKŒLNMÍKL‹ŒÍMÎLBŒLÌÌ‹MŽNÍLLÍËLMLKMLÌŒNMËL‹ÍMÌMMŒÎBŒLÌÌËÌ‹ŒNNLL‹LM‹ÌŒÍKL‹MLÌÍÍMÂŒLÌÍKŒNMNMMMËLMLÌŒÍÍMËL‹ŽÍLŒÌÂŒLÌÍKLKŒÎNLÍLÍLLÌ‹ŽMNMNLËŒLÎBŒLÌÍ‹LŒŽMÌNLMMKLLŒLŒMLLËŒÍLŒÂŒLÌÍËLÍŽLÌÌMKLLMŒŒÎÍLËŒÍÎÎMBŒLÌÎMËŽMMÌÍÎKLL‹ÌÌÍÌŽKLËŽLLŒŒN‚ŒLÌÎKMNKNMLÌÎMËNLŒÌÍLLLKLŒNLÍÍÍBŒLÍMŽKÌŽÍÌŒKMÍ‹ŽLÍÍÎNÍËLLŒŒÌÍŒLÍKMÎŒŒMÍLÍÌKMŒ‹LŒÎLMKLŽMŽMŒ‚ŒLÍ‹NŽMŒŽKMËŒŒLLŒÎKLŽÌÌÌÎLMÂŒLÍËNKŽŽŽNL‹LÌ‹ŒMŒŒÌKLKŒMŽLBŒLÍNL‹ÎÌÌLÎKLM‹ŒMMŒÌNMÍKLKŒLMÍMMNŒLÍKNLËŒŽNMLNKLKÍÎKLM‹LÍŒŒÌŽLMÍ‚ŒLÍ‹NL‹ŒLÍLMËM‹ŒMNÌÎLŒMLÍŒNNÎLBŒLÍËNKŒMÌLÍKÌ‹ŒMLMËLÍŒLÌŒÌÂŒLÍNŒÍLŒMÍŒËËÌÍÌŒÍLÌËŽMLŽÎMÎŒLÍKMÍËŽLLŽLLÌËŒ‹ÌÌŽÍLÌËÍMNNŒÂŒLÍLMŽKŒŽLMŽKÍËŒŒMÌNKLÌËLMÎNMBŒLÍLKMNKŒŒÍÌLÌŽKLÎLÎMŽMKLÌËŒŒÌLÍLÎBŒLÍL‹MËÌÍÍÍŒKL‹ŽMMŒÌMKLÌ‹ŽLÌN‚ŒLÍLËLÍÌÌLŒŒËLMŒÌNLÎLÎKLÌ‹ŒLŒŽŒLÍMLŒMNMÌ‹LLŽNŽKLÌ‹ŒÌÍŒÌŒŒŒLÍMKLKŒÌMŒKLÌËŒLŒÍMKLÌ‹ŒMMÌMÍÍŒLÍM‹KŒMLÌLŽMÌÌ‹MKŒÌŒŒÌLÌKÎLMÎNBŒLÍMËÌ‹ŒŒLÎLŒKMËŒŽLMŒÍ‹LÌKMÌLLŽŒLÍNMŽÌŽLN‹ML‹ŒMÎMÍKLÌKŒÎMÌŒNNBŒLÍNKÍ‹ÌÍLNMÎLKMMKŽŽŽLÌKŒÌMŒŒBŒLÍŒNNLÍÌÍŒL‹MMËÎLLÌLËLÌKŒNMÌMÍNŒLÍŒKKŽLÌÌLÌ™KLMMNNLMÎLKLÌKŒMNLNLMM‚ŒLÍŒ‹LNNLÍÌÍŒL‹MMËÎLLÌLËLÌKŒNMÌMÍNŒLÍŒËLÍ‹ÌÍLNMÎLKMMKŽŽŽLÌKŒÌMŒŒBŒLÍMMŽÌŽLN‹ML‹ŒMÎMÍKLÌKŒÎMÌŒNNBŒLÍKMÌ‹ŒŒLÎLŒKMËŒŽLMŒÍ‹LÌKMÌLLŽŒLÍ‹NKŒMLÌLŽMÌÌ‹MKŒÌŒŒÌLÌKÎLMÎNBŒLÍËLLKŒÌMŒKLÌËŒLŒÍMKLÌ‹ŒMMÌMÍÍŒLÍŽLLŒMNMÌ‹LLŽNŽKLÌ‹ŒÌÍŒÌŒŒŒLÍŽKLLÍÌÌLŒŒËLMŒÌNLÎLÎKLÌ‹ŒLŒŽŒLÍÌLMËÌÍÍÍŒKL‹ŽMMŒÌMKLÌ‹ŽLÌN‚ŒLÍÌKLMNKŒŒÍÌLÌŽKLÎLÎMŽMKLÌËŒŒÌLÍLÎBŒLÍÌ‹LMŽKŒŽLMŽKÍËŒŒMÌNKLÌËLMÎNMBŒLÍÌËLMÍËŽLLŽLLÌËŒ‹ÌÌŽÍLÌËÍMNNŒÂŒLÍÍLNŒÍLŒMÍŒËËÌÍÌŒÍLÌËŽMLŽÎMÎŒLÍÍKLNKŒMÌLÍKÌ‹ŒMLMËLÍŒLÌŒÌÂŒLÍÍ‹LNL‹ŒLÍLMËM‹ŒMNÌÎLŒMLÍŒNNÎLBŒLÍÍËLNLËŒŽNMLNKËŒŒMÌNLNKLLËLÍŒŒÌŽLMÍ‚ŒLÍÎLNL‹ŒLÍLMËLM‹ŒMNÌÎLŒMLÍŒNNÎLBŒLÍÎKLNKŒMÌLÍKLÌ‹ŒMLMËLÍŒLÌŒÌÂŒLÎLNŒÍLŒMÍŒËMËÌÍÌŒÍLÌËŽMLŽÎMÎŒLÎKLMÍËŽLLŽLLÌËMŒ‹ÌÌŽÍLÌËÍMNNŒÂŒLÎ‹LMŽKŒŽLMŽKMÍËŒŒMÌNKLÌËLMÎNMBŒLÎËLMNKŒŒÍÌLÌŽKNLÎLÎMŽMKLÌËŒŒÌLÍLÎBŒLÎLMËÌÍÍÍŒKLL‹ŽMMŒÌMKLÌ‹ŽLÌN‚ŒLÎKLLÍÌÌLŒŒËLLMŒÌNLÎLÎKLÌ‹ŒLŒŽŒLÎ‹LLŒMNMÌ‹LLLŽNŽKLÌ‹ŒÌÍŒÌŒŒŒLÎËLLKŒÌMŒKLLÌËŒLŒÍMKLÌ‹ŒMMÌMÍÍŒLÎNKŒMLÌLŽMÌÌ‹LMKŒÌŒŒÌLÌKÎLMÎNBŒLÎKMÌ‹ŒŒLÎLŒKLMËŒŽLMŒÍ‹LÌKMÌLLŽŒLÎLMMŽÌŽLN‹LML‹ŒMÎMÍKLÌKŒÎMÌŒNNBŒLÎLKLÍ‹ÌÍLNMÎLKLMMKŽŽŽLÌKŒÌMŒŒBŒLÎL‹LNNLÍÌÍŒL‹LMMËÎLLÌLËLÌKŒNMÌMÍNŒLÎLËL‹ŒMMLÙKLMLMNNLMÎLKLÌKŒMNLNLMM‚ŒLÎMNNLÍÌÍŒL‹LMMËÎLLÌLËLÌKŒNMÌMÍNŒLÎMKÍ‹ÌÍLNMÎLKLMMKŽŽŽLÌKŒÌMŒŒBŒLÎM‹MŽÌŽLN‹LML‹ŒMÎMÍKLÌKŒÎMÌŒNNBŒLÎMËÌ‹ŒŒLÎLŒKLMËŒŽLMŒÍ‹LÌKMÌLLŽŒLÎNKŒMLÌLŽMÌÌ‹LMKŒÌŒŒÌLÌKÎLMÎNBŒLÎNKLKŒÌMŒKLLÌËŒLŒÍMKLÌ‹ŒMMÌMÍÍŒMLŒMNMÌ‹LLLŽNŽKLÌ‹ŒÌÍŒÌŒŒŒMKLÍÌÌLŒŒËLLMŒÌNLÎLÎKLÌ‹ŒLŒŽŒM‹MËÌÍÍÍŒKLL‹ŽMMŒÌMKLÌ‹ŽLÌN‚ŒMËMNKŒŒÍÌLÌŽKNLÎLÎMŽMKLÌËŒŒÌLÍLÎBŒMMŽKŒŽLMŽKMÍËŒŒMÌNKLÌËLMÎNMBŒMKMÍËŽLLŽLLÌËMŒ‹ÌÌŽÍLÌËÍMNNŒÂŒM‹NŒÍLŒMÍŒËMËÌÍÌŒÍLÌËŽMLŽÎMÎŒMËNKŒMÌLÍKLÌ‹ŒMLMËLÍŒLÌŒÌÂŒMNL‹ŒLÍLMËLM‹ŒMNÌÎLŒMLÍŒNNÎLBŒMKNL‹ŒÌÍÌŽLÎMŽLÍNMŒŽMMYKLMKMNKŒÌÌNNLÎŒMLNLKŒÌÎNLŒNËM‹ŒLÍÍMÌMŒËMNKŒŽNŒLÎÂŒMLKNMÌÌÎNŽKÌ‹ŒLŒLŒÌŽMÍKMNKŒNNLBŒML‹NËŽMNNÌMËŽŒŒÎMNKŒÎLLÎMŒ‚ŒMLËMÍËŒLMMLŒÍNŒ‹ÍÍLNMMNŽŒŽÍÌMÂŒMMMŽÎMÎMNMŽÍËŒLMŽMLKMNMŒŒÍÍMÂŒMMKMNŽÌŒŒŽËLŒÌLÍÌMÌLËMNŒÍLŒÍÌÍŒMM‹MËŒÍÌŒŒNMŽLËLËŒNŽKMMËŽMLLLMŽBŒMMËLÍLLÌŒMLÍLMŒÎNŒMKMMËŒNMÍŒÂŒMNLŒLŒ‹LŽLLÌŽÌLŽMMËŒÌMÍ‚ŒMNKLKŒŒMNMÍNLÌËŽLŒÎMÎL‹MMËŒŽLÎMM‚ŒMŒKŒÍÌŽLÍMKMKŒLÎŒ‹MM‹ÌŽLŒÍÎMBŒMŒKÌ‹ŒNŒMLÍËMËŽLÍŒLNLKMM‹MLŒÍÌŽŒMŒ‹MÌLÌŒÌËML‹ŽÍLNNNËMM‹ŒÌLNBŒMŒËÍ‹ŽNLMŒÌŒÍKMM‹LNMÎNM‹MM‹ŒMŽM‚ŒMNLMLNMKMNLÍÌÍŒÍKMM‹ŒŒÍBŒMKKŒÎÍMMMÌÙKLMMNKŒŒÍŒMŒËMM‹ŒMÍLŽBŒM‹LNLMLNMKMNLÍÌÍŒÍKMM‹ŒŒÍBŒMËLÍ‹ŽNLMŒÌŒÍKMM‹LNMÎNM‹MM‹ŒMŽM‚ŒMŽMMÌLÌŒÌËML‹ŽÍLNNNËMM‹ŒÌLNBŒMŽKMÌ‹ŒNŒMLÍËMËŽLÍŒLNLKMM‹MLŒÍÌŽŒMÌNKŒÍÌŽLÍMKMKŒLÎŒ‹MM‹ÌŽLŒÍÎMBŒMÌKLLKŒŒMNMÍNLÌËŽLŒÎMÎL‹MMËŒŽLÎMM‚ŒMÌ‹LLŒLŒ‹LŽLLÌŽÌLŽMMËŒÌMÍ‚ŒMÌËLLÍLLÌŒMLÍLMŒÎNŒMKMMËŒNMÍŒÂŒMÍLMËŒÍÌŒŒNMŽLËLËŒNŽKMMËŽMLLLMŽBŒMÍKLMNŽÌŒŒŽËLŒÌLÍÌMÌLËMNŒÍLŒÍÌÍŒMÍ‹LMŽÎMÎMNMŽÍËŒLMŽMLKMNMŒŒÍÍMÂŒMÍËLMÍËŒLMMLŒÍNŒ‹ÍÍLNMMNŽŒŽÍÌMÂŒMÎLNËŽMNNÌMËŽŒŒÎMNKŒÎLLÎMŒ‚ŒMÎKLNMÌÌÎNŽKÌ‹ŒLŒLŒÌŽMÍKMNKŒNNLBŒMLNLKŒÌÎNLŒNËM‹ŒLÍÍMÌMŒËMNKŒŽNŒLÎÂŒMKLNL‹ŒÌÍÌŽLÎËŒŒŽYKLLËMNKŒÌÌNNLÎŒM‹LNLKŒÌÎNLŒNËLM‹ŒLÍÍMÌMŒËMNKŒŽNŒLÎÂŒMËLNMÌÌÎNŽKLÌ‹ŒLŒLŒÌŽMÍKMNKŒNNLBŒMLNËŽMNNÌMMËŽŒŒÎMNKŒÎLLÎMŒ‚ŒMKLMÍËŒLMMLŒÍNMŒ‹ÍÍLNMMNŽŒŽÍÌMÂŒM‹LMŽÎMÎMNMŽMÍËŒLMŽMLKMNMŒŒÍÍMÂŒMËLMNŽÌŒŒŽËNLŒÌLÍÌMÌLËMNŒÍLŒÍÌÍŒMLMËŒÍÌŒŒNMŽLËLLËŒNŽKMMËŽMLLLMŽBŒMKLLÍLLÌŒMLÍLLMŒÎNŒMKMMËŒNMÍŒÂŒMLLLŒLŒ‹LLŽLLÌŽÌLŽMMËŒÌMÍ‚ŒMLKLLKŒŒMNMÍNLLÌËŽLŒÎMÎL‹MMËŒŽLÎMM‚ŒML‹NKŒÍÌŽLÍMKLMKŒLÎŒ‹MM‹ÌŽLŒÍÎMBŒMLËMÌ‹ŒNŒMLÍËLMËŽLÍŒLNLKMM‹MLŒÍÌŽŒMMMMÌLÌŒÌËLML‹ŽÍLNNNËMM‹ŒÌLNBŒMMKLÍ‹ŽNLMŒÌŒÍKLMM‹LNMÎNM‹MM‹ŒMŽM‚ŒMM‹LNLMLNMKLMNLÍÌÍŒÍKMM‹ŒŒÍBŒMMËL‹LNMŽYKLMLMNKŒŒÍŒMŒËMM‹ŒMÍLŽBŒMNNLMLNMKLMNLÍÌÍŒÍKMM‹ŒŒÍBŒMNKÍ‹ŽNLMŒÌŒÍKLMM‹LNMÎNM‹MM‹ŒMŽM‚ŒMŒMÌLÌŒÌËLML‹ŽÍLNNNËMM‹ŒÌLNBŒMŒKÌ‹ŒNŒMLÍËLMËŽLÍŒLNLKMM‹MLŒÍÌŽŒMŒ‹KŒÍÌŽLÍMKLMKŒLÎŒ‹MM‹ÌŽLŒÍÎMBŒMŒËLKŒŒMNMÍNLLÌËŽLŒÎMÎL‹MMËŒŽLÎMM‚ŒMLŒLŒ‹LLŽLLÌŽÌLŽMMËŒÌMÍ‚ŒMKLÍLLÌŒMLÍLLMŒÎNŒMKMMËŒNMÍŒÂŒM‹MËŒÍÌŒŒNMŽLËLLËŒNŽKMMËŽMLLLMŽBŒMËMNŽÌŒŒŽËNLŒÌLÍÌMÌLËMNŒÍLŒÍÌÍŒMŽMŽÎMÎMNMŽMÍËŒLMŽMLKMNMŒŒÍÍMÂŒMŽKMÍËŒLMMLŒÍNMŒ‹ÍÍLNMMNŽŒŽÍÌMÂŒMÌNËŽMNNÌMMËŽŒŒÎMNKŒÎLLÎMŒ‚ŒMÌKNMÌÌÎNŽKLÌ‹ŒLŒLŒÌŽMÍKMNKŒNNLBŒMÌ‹NLKŒÌÎNLŒNËLM‹ŒLÍÍMÌMŒËMNKŒŽNŒLÎÂŒMÌËNLKLLLŒÍÍÍËMŒMÌÌÍLLMÌYKLMKNÍÎMÍNMŒMÍNLMMÌÌŒÍM‹ŒLÍŒÎÍÎNNLÌÍÍBŒMÍKNËÌLŒŽLŒ‹Ì‹ŒMŒNMÍMNKNŒŽMÍNÌÎŒMÍ‹NËŒMÌÍM‹ËÌŒÌŒL‹NŒLÍŒÌÍÌBŒMÍËMÍ‹LMLÌÌLÌKŒ‹ÎNMÌŒKNËŽNMLBŒMÎMŽŒŽLŒÍÍÍËŒŒMÌŒÌÍËNËŒŒÌNNML‚ŒMÎKMNÎŒLNLÌËLŽLŒŒÎËNËŒÌMÌLLÎŒMMËŒMÌÌÍNLËLLŽLÍŽKN‹ŽMÌŒLLLLŒÂŒMKLÍŒŽNÎMMËLMKŒMÍŒÎN‹ŒŽMBŒM‹LŒŒÍKLKŒÎMŒÍŒÌLŒËN‹ŒŽÎMBŒMËLKŒMÍLÍÎKLÍLLŒÌMNKŽMMLÌŒŒÂŒMKŒMLÌÌÍMKM‹ŒŽMÌÌÌMNKNMŒŒBŒMKÌ‹ŒMÎMŒNKMŽMÌŽLÌMNKŒÌÌŒBŒM‹MÍMMŒÎMKMLËŽLÍŒÌNKŒŒÎLŒMËÍ‹ÌŽMÍÌÍKMMËŒŽMLMMÌM‹NKŒMMLÎÂŒMNÌŒÌŒÌKMNKMÍÌLNNNŽMMÎL‚ŒMKŒÌÌŒLMKLMMŒŒLÍMMÍNNŽLÍMMMNÂŒMLLNÌŒÌŒÌKMNKMÍÌLNNNŽMMÎL‚ŒMLKLÍ‹ÌŽMÍÌÍKMMËŒŽMLMMÌM‹NKŒMMLÎÂŒML‹MMÍMMŒÎMKMLËŽLÍŒÌNKŒŒÎLŒMLËMÌ‹ŒMÎMŒNKMŽMÌŽLÌMNKŒÌÌŒBŒMMNKŒMLÌÌÍMKM‹ŒŽMÌÌÌMNKNMŒŒBŒMMKLLKŒMÍLÍÎKLÍLLŒÌMNKŽMMLÌŒŒÂŒMM‹LLŒŒÍKLKŒÎMŒÍŒÌLŒËN‹ŒŽÎMBŒMMËLLÍŒŽNÎMMËLMKŒMÍŒÎN‹ŒŽMBŒMNLMËŒMÌÌÍNLËLLŽLÍŽKN‹ŽMÌŒLLLLŒÂŒMNKLMNÎŒLNLÌËLŽLŒŒÎËNËŒÌMÌLLÎŒMLLMŽŒŽLŒÍÍÍËŒŒMÌŒÌÍËNËŒŒÌNNML‚ŒMLKLMÍ‹LMLÌÌLÌKŒ‹ÎNMÌŒKNËŽNMLBŒML‹LNËŒMÌÍM‹ËÌŒÌŒL‹NŒLÍŒÌÍÌBŒMLËLNËÌLŒŽLŒ‹Ì‹ŒMŒNMÍMNKNŒŽMÍNÌÎŒMLLNLMMÌÌŒÍM‹ŒLÍŒÎÍÎNNLÌÍÍBŒMLKLNLKLLLŒÍÍÍËËŒŒÍŽLÎLLÌÙKLLËNÍÎMÍNMŒML‹LNLMMÌÌŒÍLM‹ŒLÍŒÎÍÎNNLÌÍÍBŒMLËLNËÌLŒŽLŒ‹LÌ‹ŒMŒNMÍMNKNŒŽMÍNÌÎŒMLLNËŒMÌÍM‹MËÌŒÌŒL‹NŒLÍŒÌÍÌBŒMLKLMÍ‹LMLÌÌLÌKMŒ‹ÎNMÌŒKNËŽNMLBŒMLLLMŽŒŽLŒÍÍMÍËŒŒMÌŒÌÍËNËŒŒÌNNML‚ŒMLLKLMNÎŒLNLÌËNLŽLŒŒÎËNËŒÌMÌLLÎŒMLL‹LMËŒMÌÌÍNLLËLLŽLÍŽKN‹ŽMÌŒLLLLŒÂŒMLLËLLÍŒŽNÎMMËLLMKŒMÍŒÎN‹ŒŽMBŒMLMLLŒŒÍKLLKŒÎMŒÍŒÌLŒËN‹ŒŽÎMBŒMLMKLLKŒMÍLÍÎKLLÍLLŒÌMNKŽMMLÌŒŒÂŒMLM‹NKŒMLÌÌÍMKLM‹ŒŽMÌÌÌMNKNMŒŒBŒMLMËMÌ‹ŒMÎMŒNKLMŽMÌŽLÌMNKŒÌÌŒBŒMLNMMÍMMŒÎMKLMLËŽLÍŒÌNKŒŒÎLŒMLNKLÍ‹ÌŽMÍÌÍKLMMËŒŽMLMMÌM‹NKŒMMLÎÂŒMLŒLNÌŒÌŒÌKLMNKMÍÌLNNNŽMMÎL‚ŒMLŒKL‹ŒÌŒMMLÍÙKLMLMŒŒLÍMMÍNNŽLÍMMMNÂŒMLŒ‹NÌŒÌŒÌKLMNKMÍÌLNNNŽMMÎL‚ŒMLŒËÍ‹ÌŽMÍÌÍKLMMËŒŽMLMMÌM‹NKŒMMLÎÂŒMLMÍMMŒÎMKLMLËŽLÍŒÌNKŒŒÎLŒMLKÌ‹ŒMÎMŒNKLMŽMÌŽLÌMNKŒÌÌŒBŒML‹KŒMLÌÌÍMKLM‹ŒŽMÌÌÌMNKNMŒŒBŒMLËLKŒMÍLÍÎKLLÍLLŒÌMNKŽMMLÌŒŒÂŒMLŽLŒŒÍKLLKŒÎMŒÍŒÌLŒËN‹ŒŽÎMBŒMLŽKLÍŒŽNÎMMËLLMKŒMÍŒÎN‹ŒŽMBŒMLÌMËŒMÌÌÍNLLËLLŽLÍŽKN‹ŽMÌŒLLLLŒÂŒMLÌKMNÎŒLNLÌËNLŽLŒŒÎËNËŒÌMÌLLÎŒMLÌ‹MŽŒŽLŒÍÍMÍËŒŒMÌŒÌÍËNËŒŒÌNNML‚ŒMLÌËMÍ‹LMLÌÌLÌKMŒ‹ÎNMÌŒKNËŽNMLBŒMLÍNËŒMÌÍM‹MËÌŒÌŒL‹NŒLÍŒÌÍÌBŒMLÍKNËÌLŒŽLŒ‹LÌ‹ŒMŒNMÍMNKNŒŽMÍNÌÎŒMLÍ‹NLMMÌÌŒÍLM‹ŒLÍŒÎÍÎNNLÌÍÍBŒMLÍËNLÍLMNNLKMLLÍÎKLMŒKMLÌMÂŒMLÎNKŽÍÍÌLËM‹ŒMMLŽNMŒKLMÌLÂŒMLÎKNËŒŒŒLŽÌ‹ŒLŒÌÌMËŒKŒÎNMÌŒÂŒMMN‹ŒÍÌŒÌÌŒKËÍŒNMLŒKŒŒNLŒMŒMMKMÍKŽMLŽÎLŽŒ‹ŽLÌLËŒŽMÍLÎM‚ŒMM‹MËŽŒNŽL‹ÍËŒÎLÍÎLLNKŒŽŽMÌÌLÂŒMMËMNŒÌLŽLÎKLKŒNMÎMKŒŒÍLÍM‚ŒMMM‹ÎNNMÍ‹LËŽLŽMLLËŒËŽNLLŒMMKLÍŒLÎŽLMKLMKMÎNMÍLËŒËŒMMÍŒMM‹LŒŒNŒŒMÎNL‹ŒMÌÍŒËŒŽÍLÌBŒMMËLKŒLNÍKLÍKŒMMŒMÎKŒ‹ŽML‚ŒMMKŒÍŒŒÍMLKMËŒMNLŽÎNLËŒ‹MÍLŽŒMMKÌ‹ŒŒŒŒÍŽMËMKŒNMÌMMÌ‹Œ‹ŒŽNMŒŒÌBŒMMLMÌŒŒMŒŽLËMMÌŽMÌÌŽLÍ‹Œ‹ŒÎNBŒMMLKÍ‹ÍÍMŒLÎKMNŒÍMÍM‹ŒKŽLNMŒÍMÍBŒMML‹NNLL‹MŒLŒMLËŒKŽLMNŒMMLËËLÌŒÍŒLÙKLMMŒKŒÌÍÌŒÍŒKÎLŒÍÍLŒMMMLNNLL‹MŒLŒMLËŒKŽLMNŒMMMKLÍ‹ÍÍMŒLÎKMNŒÍMÍM‹ŒKŽLNMŒÍMÍBŒMMM‹MMÌŒŒMŒŽLËMMÌŽMÌÌŽLÍ‹Œ‹ŒÎNBŒMMMËMÌ‹ŒŒŒŒÍŽMËMKŒNMÌMMÌ‹Œ‹ŒŽNMŒŒÌBŒMMNNKŒÍŒŒÍMLKMËŒMNLŽÎNLËŒ‹MÍLŽŒMMNKLLKŒLNÍKLÍKŒMMŒMÎKŒ‹ŽML‚ŒMMŒLLŒŒNŒŒMÎNL‹ŒMÌÍŒËŒŽÍLÌBŒMMŒKLLÍŒLÎŽLMKLMKMÎNMÍLËŒËŒMMÍŒMMŒ‹LM‹ÎNNMÍ‹LËŽLŽMLLËŒËŽNLLŒMMŒËLMNŒÌLŽLÎKLKŒNMÎMKŒŒÍLÍM‚ŒMMLMËŽŒNŽL‹ÍËŒÎLÍÎLLNKŒŽŽMÌÌLÂŒMMKLMÍKŽMLŽÎLŽŒ‹ŽLÌLËŒŽMÍLÎM‚ŒMM‹LN‹ŒÍÌŒÌÌŒKËÍŒNMLŒKŒŒNLŒMŒMMËLNËŒŒŒLŽÌ‹ŒLŒÌÌMËŒKŒÎNMÌŒÂŒMMŽLNKŽÍÍÌLËM‹ŒMMLŽNMŒKLMÌLÂŒMMŽKLNLÍLMNNËŒNMÌLLMNYKLLËŒKMLÌMÂŒMMÌLNKŽÍÍÌLËLM‹ŒMMLŽNMŒKLMÌLÂŒMMÌKLNËŒŒŒLŽLÌ‹ŒLŒÌÌMËŒKŒÎNMÌŒÂŒMMÌ‹LN‹ŒÍÌŒÌÌŒKMËÍŒNMLŒKŒŒNLŒMŒMMÌËLMÍKŽMLŽÎLŽMŒ‹ŽLÌLËŒŽMÍLÎM‚ŒMMÍLMËŽŒNŽL‹MÍËŒÎLÍÎLLNKŒŽŽMÌÌLÂŒMMÍKLMNŒÌLŽLÎKNLKŒNMÎMKŒŒÍLÍM‚ŒMMÍ‹LM‹ÎNNMÍ‹LLËŽLŽMLLËŒËŽNLLŒMMÍËLLÍŒLÎŽLMKLLMKMÎNMÍLËŒËŒMMÍŒMMÎLLŒŒNŒŒMÎNLL‹ŒMÌÍŒËŒŽÍLÌBŒMMÎKLLKŒLNÍKLLÍKŒMMŒMÎKŒ‹ŽML‚ŒMNNKŒÍŒŒÍMLKLMËŒMNLŽÎNLËŒ‹MÍLŽŒMNKMÌ‹ŒŒŒŒÍŽMËLMKŒNMÌMMÌ‹Œ‹ŒŽNMŒŒÌBŒMN‹MMÌŒŒMŒŽLËLMMÌŽMÌÌŽLÍ‹Œ‹ŒÎNBŒMNËLÍ‹ÍÍMŒLÎKLMNŒÍMÍM‹ŒKŽLNMŒÍMÍBŒMNLNNLL‹LMŒLŒMLËŒKŽLMNŒMNKL‹LŒŒŽMÙKLMLMŒKŒÌÍÌŒÍŒKÎLŒÍÍLŒMN‹NNLL‹LMŒLŒMLËŒKŽLMNŒMNËÍ‹ÍÍMŒLÎKLMNŒÍMÍM‹ŒKŽLNMŒÍMÍBŒMNMÌŒŒMŒŽLËLMMÌŽMÌÌŽLÍ‹Œ‹ŒÎNBŒMNKÌ‹ŒŒŒŒÍŽMËLMKŒNMÌMMÌ‹Œ‹ŒŽNMŒŒÌBŒMNLKŒÍŒŒÍMLKLMËŒMNLŽÎNLËŒ‹MÍLŽŒMNLKLKŒLNÍKLLÍKŒMMŒMÎKŒ‹ŽML‚ŒMNL‹LŒŒNŒŒMÎNLL‹ŒMÌÍŒËŒŽÍLÌBŒMNLËLÍŒLÎŽLMKLLMKMÎNMÍLËŒËŒMMÍŒMNMM‹ÎNNMÍ‹LLËŽLŽMLLËŒËŽNLLŒMNMKMNŒÌLŽLÎKNLKŒNMÎMKŒŒÍLÍM‚ŒMNM‹MËŽŒNŽL‹MÍËŒÎLÍÎLLNKŒŽŽMÌÌLÂŒMNMËMÍKŽMLŽÎLŽMŒ‹ŽLÌLËŒŽMÍLÎM‚ŒMNNN‹ŒÍÌŒÌÌŒKMËÍŒNMLŒKŒŒNLŒMŒMNNKNËŒŒŒLŽLÌ‹ŒLŒÌÌMËŒKŒÎNMÌŒÂŒMŒNKŽÍÍÌLËLM‹ŒMMLŽNMŒKLMÌLÂŒMŒKNLŒLÍÍMÍ‹‹MÍLMŽMNKLMKŒÍLŒLLLÌÂŒMŒ‹NKŒMÎLŒŒŽMËM‹ŒMÎLŒMŽL‹ŒÍŒLŒÌÎBŒMŒËN‹MŒÌL‹Ì‹ŒNMŒŒM‹ŒÍMÌLLNŒMŒNKŽÎLÌMKËŽÍÍŒNMÎŒÍŒÌÎÎÂŒMŒKMÍKNMLKŒËŒLMÌ‹ŒÍŒÌŒBŒMŒ‹MËŒLKÍËMÎLMMMÌËŒÌËÌÍMŽMŒBŒMŒËMMËŽLÌNMÌÍLKMLMŽËŒÌËŒÍÎLÍMŽLMBŒMŒM‹ŒÌŽŽNM‹LŒÌMMÌÌŒŒ‹ŒÌ‹ŽNMÍLÂŒMŒKLÍŒMMŒ‹LM‹ŒMNNŒÌ‹ŒÌ‹NMLLŒÂŒMŒLLŒŒNÎLÌMÎL‹ŽLMML‹ŒÌ‹ŒNMÌŒÍÍÌBŒMŒLKLKŒNÌŒÎKLÍ‹ŒŒNMÍËŒÌKŽMŒÍÍÂŒMŒL‹KŒNÎNLNKMŒÎLÍËŒÌKÍŒMBŒMŒLËÌ‹ŒÍÌŒŒ‹MLŽLMLÍNKŒÌKŒMLLLÌLÍ‚ŒMŒMMŽÎLŒLŒKMM‹ŒÎLKŒÌŽLŒMMLLÂŒMŒMKÍ‹ŽÌÍŽNKMNKÍLKŒÌÍŒMÍN‚ŒMŒM‹NMLLÍÍNLÍËMŒKŽLÎŽLŒÌŒŽMŽŒMŒMËKŽMÍŒÍLÌKLMMŒ‹ŒÍÍÌŒÌËŒÌŒŒMÍÂŒMŒNLNMLLÍÍNLÍËMŒKŽLÎŽLŒÌŒŽMŽŒMŒNKLÍ‹ŽÌÍŽNKMNKÍLKŒÌÍŒMÍN‚ŒMŒŒMMŽÎLŒLŒKMM‹ŒÎLKŒÌŽLŒMMLLÂŒMŒŒKMÌ‹ŒÍÌŒŒ‹MLŽLMLÍNKŒÌKŒMLLLÌLÍ‚ŒMŒŒ‹NKŒNÎNLNKMŒÎLÍËŒÌKÍŒMBŒMŒŒËLLKŒNÌŒÎKLÍ‹ŒŒNMÍËŒÌKŽMŒÍÍÂŒMŒLLŒŒNÎLÌMÎL‹ŽLMML‹ŒÌ‹ŒNMÌŒÍÍÌBŒMŒKLLÍŒMMŒ‹LM‹ŒMNNŒÌ‹ŒÌ‹NMLLŒÂŒMŒ‹LM‹ŒÌŽŽNM‹LŒÌMMÌÌŒŒ‹ŒÌ‹ŽNMÍLÂŒMŒËLMMËŽLÌNMÌÍLKMLMŽËŒÌËŒÍÎLÍMŽLMBŒMŒŽLMËŒLKÍËMÎLMMMÌËŒÌËÌÍMŽMŒBŒMŒŽKLMÍKNMLKŒËŒLMÌ‹ŒÍŒÌŒBŒMŒÌLNKŽÎLÌMKËŽÍÍŒNMÎŒÍŒÌÎÎÂŒMŒÌKLN‹MŒÌL‹Ì‹ŒNMŒŒM‹ŒÍMÌLLNŒMŒÌ‹LNKŒMÎLŒŒŽMËM‹ŒMÎLŒMŽL‹ŒÍŒLŒÌÎBŒMŒÌËLNLŒLÍÍMÍ‹ËŒŒŽMMÎYKLLËŒÍLŒLLLÌÂŒMŒÍLNKŒMÎLŒŒŽMËLM‹ŒMÎLŒMŽL‹ŒÍŒLŒÌÎBŒMŒÍKLN‹MŒÌL‹LÌ‹ŒNMŒŒM‹ŒÍMÌLLNŒMŒÍ‹LNKŽÎLÌMKMËŽÍÍŒNMÎŒÍŒÌÎÎÂŒMŒÍËLMÍKNMLKMŒËŒLMÌ‹ŒÍŒÌŒBŒMŒÎLMËŒLKMÍËMÎLMMMÌËŒÌËÌÍMŽMŒBŒMŒÎKLMMËŽLÌNMÌÍNLKMLMŽËŒÌËŒÍÎLÍMŽLMBŒMLM‹ŒÌŽŽNM‹LLŒÌMMÌÌŒŒ‹ŒÌ‹ŽNMÍLÂŒMKLLÍŒMMŒ‹LLM‹ŒMNNŒÌ‹ŒÌ‹NMLLŒÂŒM‹LLŒŒNÎLÌMÎLL‹ŽLMML‹ŒÌ‹ŒNMÌŒÍÍÌBŒMËLLKŒNÌŒÎKLLÍ‹ŒŒNMÍËŒÌKŽMŒÍÍÂŒMNKŒNÎNLNKLMŒÎLÍËŒÌKÍŒMBŒMKMÌ‹ŒÍÌŒŒ‹LMLŽLMLÍNKŒÌKŒMLLLÌLÍ‚ŒM‹MMŽÎLŒLŒKLMM‹ŒÎLKŒÌŽLŒMMLLÂŒMËLÍ‹ŽÌÍŽNKLMNKÍLKŒÌÍŒMÍN‚ŒMLNMLLÍÍNLÍËLMŒKŽLÎŽLŒÌŒŽMŽŒMKL‹LŽNLŒÍÍMÙKLMLMŒ‹ŒÍÍÌŒÌËŒÌŒŒMÍÂŒMLNMLLÍÍNLÍËLMŒKŽLÎŽLŒÌŒŽMŽŒMLKÍ‹ŽÌÍŽNKLMNKÍLKŒÌÍŒMÍN‚ŒML‹MŽÎLŒLŒKLMM‹ŒÎLKŒÌŽLŒMMLLÂŒMLËÌ‹ŒÍÌŒŒ‹LMLŽLMLÍNKŒÌKŒMLLLÌLÍ‚ŒMMKŒNÎNLNKLMŒÎLÍËŒÌKÍŒMBŒMMKLKŒNÌŒÎKLLÍ‹ŒŒNMÍËŒÌKŽMŒÍÍÂŒMM‹LŒŒNÎLÌMÎLL‹ŽLMML‹ŒÌ‹ŒNMÌŒÍÍÌBŒMMËLÍŒMMŒ‹LLM‹ŒMNNŒÌ‹ŒÌ‹NMLLŒÂŒMNM‹ŒÌŽŽNM‹LLŒÌMMÌÌŒŒ‹ŒÌ‹ŽNMÍLÂŒMNKMMËŽLÌNMÌÍNLKMLMŽËŒÌËŒÍÎLÍMŽLMBŒMŒMËŒLKMÍËMÎLMMMÌËŒÌËÌÍMŽMŒBŒMŒKMÍKNMLKMŒËŒLMÌ‹ŒÍŒÌŒBŒMŒ‹NKŽÎLÌMKMËŽÍÍŒNMÎŒÍŒÌÎÎÂŒMŒËN‹MŒÌL‹LÌ‹ŒNMŒŒM‹ŒÍMÌLLNŒMNKŒMÎLŒŒŽMËLM‹ŒMÎLŒMŽL‹ŒÍŒLŒÌÎBŒMKNKNÍKNKÍBŒM‹NÍNŒ‹M‹ŒŒÍMMMÌMËNKÌÎÍÌBŒMËNKŽMŒŽLMŒKÌ‹ŒÌLŒÌLÍNNKNÌLÌŒMŽNKŒÎLNMËŒÍÌÍŒMËNKŒÎŽŒ‚ŒMŽKMÍKŒMMŒLÌLKŒËŒÍÎÍMÎKNKŒLÍMLBŒMÌMËŒŒLLÍÎŒÍŒÍÍ‹NÍÍLÌŒNNBŒMÌKMMËŒÍŒMÌKLKŽMLŽMŽLËNŒÎMMÍŒMÎŒMÌ‹M‹MLÌLNLMLŽMÌŒMLÍËMËŽNŒŽLÎMŒMÌËLÍŒNŒŽLËLM‹ŽMMŒNÎLŽMËMMŒBŒMÍLŒŒÌÌÍËLËŽMMŒÍMËŒLŽÌŒ‚ŒMÍKLKŒÌŽLMÌMÍŽLÍËŒÎMLÌÎLMËM‹ÌMÌÎŒ‚ŒMÍ‹KŒÍÌLŽÎLÍMKŒÍÍŒÍÍKM‹ŒÌÍÍÎBŒMÍËÌ‹MLNNMLNLŒKML‹ÍŒÎLNM‹ŒLÍNBŒMÎMKŒÍÍŒŽLŽKMMËÌÌMŽKMKÌÌŒŒLÍLÎŒMÎKÍ‹ŽNŽNMŒKŽNLŒMKMKLŽMLÍ‚ŒMŽNNŽŒËMŒËÌŒÎËMKLŒŽLBŒMŽKKŒMŒŒÌÍÙKLMMŒÎLÎLËMKŒÍŒBŒMŽ‹LNNŽŒËMŒËÌŒÎËMKLŒŽLBŒMŽËLÍ‹ŽNŽNMŒKŽNLŒMKMKLŽMLÍ‚ŒMŽMMKŒÍÍŒŽLŽKMMËÌÌMŽKMKÌÌŒŒLÍLÎŒMŽKMÌ‹MLNNMLNLŒKML‹ÍŒÎLNM‹ŒLÍNBŒMŽ‹NKŒÍÌLŽÎLÍMKŒÍÍŒÍÍKM‹ŒÌÍÍÎBŒMŽËLLKŒÌŽLMÌMÍŽLÍËŒÎMLÌÎLMËM‹ÌMÌÎŒ‚ŒMŽLLŒŒÌÌÍËLËŽMMŒÍMËŒLŽÌŒ‚ŒMŽKLLÍŒNŒŽLËLM‹ŽMMŒNÎLŽMËMMŒBŒMŽLLM‹MLÌLNLMLŽMÌŒMLÍËMËŽNŒŽLÎMŒMŽLKLMMËŒÍŒMÌKLKŽMLŽMŽLËNŒÎMMÍŒMÎŒMŽL‹LMËŒŒLLÍÎŒÍŒÍÍ‹NÍÍLÌŒNNBŒMŽLËLMÍKŒMMŒLÌLKŒËŒÍÎÍMÎKNKŒLÍMLBŒMŽMLNKŒÎLNMËŒÍÌÍŒMËNKŒÎŽŒ‚ŒMŽMKLNKŽMŒŽLMŒKÌ‹ŒÌLŒÌLÍNNKNÌLÌŒMŽM‹LNÍNŒ‹M‹ŒŒÍMMMÌMËNKÌÎÍÌBŒMŽMËLNKNÍKËŒÌMLMŒŽ™KLLËNKÍBŒMŽNLNÍNŒ‹LM‹ŒŒÍMMMÌMËNKÌÎÍÌBŒMŽNKLNKŽMŒŽLMŒKLÌ‹ŒÌLŒÌLÍNNKNÌLÌŒMÌLNKŒÎLNMËMŒÍÌÍŒMËNKŒÎŽŒ‚ŒMÌKLMÍKŒMMŒLÌLKMŒËŒÍÎÍMÎKNKŒLÍMLBŒMÌ‹LMËŒŒLLÍMÎŒÍŒÍÍ‹NÍÍLÌŒNNBŒMÌËLMMËŒÍŒMÌKNLKŽMLŽMŽLËNŒÎMMÍŒMÎŒMÌLM‹MLÌLNLMLLŽMÌŒMLÍËMËŽNŒŽLÎMŒMÌKLLÍŒNŒŽLËLLM‹ŽMMŒNÎLŽMËMMŒBŒMÌ‹LLŒŒÌÌÍËLLËŽMMŒÍMËŒLŽÌŒ‚ŒMÌËLLKŒÌŽLMÌMÍŽLLÍËŒÎMLÌÎLMËM‹ÌMÌÎŒ‚ŒMÌNKŒÍÌLŽÎLÍLMKŒÍÍŒÍÍKM‹ŒÌÍÍÎBŒMÌKMÌ‹MLNNMLNLŒKLML‹ÍŒÎLNM‹ŒLÍNBŒMÌLMMKŒÍÍŒŽLŽKLMMËÌÌMŽKMKÌÌŒŒLÍLÎŒMÌLKLÍ‹ŽNŽNLMŒKŽNLŒMKMKLŽMLÍ‚ŒMÌL‹LNNŽŒËLMŒËÌŒÎËMKLŒŽLBŒMÌLËLËNÌŒYKLMLMŒÎLÎLËMKŒÍŒBŒMÌMNNŽŒËLMŒËÌŒÎËMKLŒŽLBŒMÌMKÍ‹ŽNŽNLMŒKŽNLŒMKMKLŽMLÍ‚ŒMÌM‹MKŒÍÍŒŽLŽKLMMËÌÌMŽKMKÌÌŒŒLÍLÎŒMÌMËÌ‹MLNNMLNLŒKLML‹ÍŒÎLNM‹ŒLÍNBŒMÌNKŒÍÌLŽÎLÍLMKŒÍÍŒÍÍKM‹ŒÌÍÍÎBŒMÌNKLKŒÌŽLMÌMÍŽLLÍËŒÎMLÌÎLMËM‹ÌMÌÎŒ‚ŒMÌŒLŒŒÌÌÍËLLËŽMMŒÍMËŒLŽÌŒ‚ŒMÌŒKLÍŒNŒŽLËLLM‹ŽMMŒNÎLŽMËMMŒBŒMÌŒ‹M‹MLÌLNLMLLŽMÌŒMLÍËMËŽNŒŽLÎMŒMÌŒËMMËŒÍŒMÌKNLKŽMLŽMŽLËNŒÎMMÍŒMÎŒMÌMËŒŒLLÍMÎŒÍŒÍÍ‹NÍÍLÌŒNNBŒMÌKMÍKŒMMŒLÌLKMŒËŒÍÎÍMÎKNKŒLÍMLBŒMÌ‹NKŒÎLNMËMŒÍÌÍŒMËNKŒÎŽŒ‚ŒMÌËNKŽMŒŽLMŒKLÌ‹ŒÌLŒÌLÍNNKNÌLÌŒMÌŽNÍNŒ‹LM‹ŒŒÍMMMÌMËNKÌÎÍÌB‚‚ˆˆÈˆHˆHHˆHHˆHHÈˆHˆˆÈˆHHHÈ‚‚‚S[X™\ˆÙˆ[YHÝ\ÈÛÛ\]Y‹‹‹‹‹‹‹‹‹‹‹‹‹‹‹‹‹‹‹ˆˆ‚‚UÝ[[X™\ˆÙˆ\]Z[Xœš][H]\˜][ÛœÈ‹‹‹‹‹‹‹‹‹‹‹ˆˆ‚‚P]™\˜YÙH[X™\ˆÙˆ\]Z[Xœš][H]\˜][ÛœÈ‹‹‹‹‹‹‹‹‹ˆˆ‚‚‚UÝ[[X™\ˆÙˆšYÚ[™]˜[X][ÛœÈ‹‹‹‹‹‹‹‹‹‹‹ˆˆLŒ‚‚UÝ[[X™\ˆÙˆÝY™›™\ÜÈ™Y›Ü›X][ÛœÈ‹‹‹‹‹‹‹‹‹‹‹ˆˆ‚‚ˆHˆHHˆÈÈˆHˆÈHÂ‚‚UÝ[Ø[ÈÈ[™X\ˆÛÛ™\ˆ‹‹‹‹‹‹‹ˆˆ‚‚P]™È]\˜][ÛœÈ\ˆÛÛ™H‹‹‹‹‹‹‹‹‹‹‹ˆˆB‚‚U[YH[ˆ[™X\ˆÛÛ™\ŽˆŒŒM‚‚ˆ[\ÙY[YHˆŒŒÂ‚ˆHHHˆÈHˆˆÈˆHHHÈ‚‚‚R[œ][YH‹‹‹‹‹‹‹‹‹‹‹‹‹‹‹‹‹‹‹‹‹ˆˆŒŒ
ŒLLŒŽLÈÙXÊB‚‚R[š]X[^˜][Ûˆ[YH‹‹‹‹‹‹‹‹‹‹‹‹ˆˆŒŒ
ŒMÍMÍHÙXÊB‚‚TÛÛ™H[YH‹‹‹‹‹‹‹‹‹‹‹‹‹‹‹‹‹‹‹‹‹ˆˆŒŒÈ
‹MÙXÊB‚‚HSË][YH
Ý\]JH‹‹‹ˆˆŒŒH
KŒÌÙXÊB‚‚HÙ\šX[^˜][Ûˆ‹‹‹‹‹‹‹‹‹‹‹‹‹‹‹ˆˆŒŒH
ŒŽÌÈÙXÊB‚‚H™Y›Ü›Z[™ÈÝY™›™\ÜÈ‹‹‹‹‹‹‹‹‹ˆˆŒŒ
ŒÎÎHÙXÊB‚‚H]˜[X][™ÈÝY™›™\ÜÈ‹‹‹‹‹‹‹‹ˆˆŒŒ
ËLMÍÌˆÙXÊB‚‚H]˜[X][™È™\ÚYX[‹‹‹‹‹‹‹‹‹ˆˆŒŒH
ŽNNHÙXÊB‚‚H[Ù[\]H‹‹‹‹‹‹‹‹‹‹‹‹‹‹‹‹ˆˆŒŒÈ
‹LŒHÙXÊB‚‚HSˆ\]\È‹‹‹‹‹‹‹‹‹‹‹‹‹‹‹‹‹‹ˆˆŒŒ
ŒMŽNHÙXÊB‚‚H[YH[ˆ[™X\ˆÛÛ™\ˆ‹‹‹‹‹‹‹ˆˆŒŒM
LËŽŽHÙXÊB‚‚UÝ[[\ÙY[YH‹‹‹‹‹‹‹‹‹‹‹‹‹ˆˆŒŒÈ
‹ÎMŽHÙXÊB‚‚ˆˆÈˆHHHˆHHˆHHÈ‚‚