===========================================================================
         ________    _________   _______       __     _________            
        |        |\ |        |\ |       \\    |  |\  /         \\          
        |    ____|| |    ____|| |    __  ||   |__|| |    ___    ||         
        |   |\___\| |   |\___\| |   |\_| ||    \_\| |   //  \   ||         
        |   ||__    |   ||__    |   ||_| ||   |  |\ |  ||    |  ||         
        |       |\  |       |\  |         \\  |  || |  ||    |  ||         
        |    ___||  |    ___||  |    ___   || |  || |  ||    |  ||         
        |   |\__\|  |   |\__\|  |   |\__|  || |  || |  ||    |  ||         
        |   ||      |   ||___   |   ||__|  || |  || |   \\__/   ||         
        |   ||      |        |\ |          || |  || |           ||         
        |___||      |________|| |_________//  |__||  \_________//          
                                                                           
      F I N I T E   E L E M E N T S   F O R   B I O M E C H A N I C S      
                                                                           
  version 4.13.0
  FEBio is a registered trademark.                                         
  copyright (c) 2006-2026 - All rights reserved                            
                                                                           
===========================================================================





 FILES USED
===========================================================================
	Input file : /Users/poojasrinivasgurram/Documents/Codex/2026-08-26/a/garment_sensor_digital_twin/model/matched_no_contact_0p6_reference.feb
	Plot file  : results/matched_no_contact_0p6_reference.xplt
	Log file   : results/matched_no_contact_0p6_reference.log


 MESH INFO
===========================================================================
	Number of materials ............................ : 2
	Number of domains .............................. : 3
	Number of nodes ................................ : 3456
	Number of shell elements ....................... : 3328


 MODULE
===========================================================================
	Module type ....................................... : solid


 CONTROL DATA
===========================================================================
	analysis .......................................... : STATIC (0)
	time_steps ........................................ : 20
	step_size ......................................... : 0.05
	plot_zero_state ................................... : no (0)
	plot_range ........................................ : 0,-1
	plot_level ........................................ : PLOT_MUST_POINTS (3)
	output_level ...................................... : OUTPUT_MAJOR_ITRS (1)
	plot_stride ....................................... : 1
	output_stride ..................................... : 1
	adaptor_re_solve .................................. : yes (1)
	Auto time stepper activated ....................... : yes
	  max_retries ..................................... : 15
	  opt_iter ........................................ : 10
	  dtmin ........................................... : 1e-05
	  dtmax ........................................... : 0.05
	  aggressiveness .................................. : 0
	  cutback ......................................... : 0.5
	  dtforce ......................................... : no (0)
 SOLVER PARAMETERS
===========================================================================
	symmetric_stiffness ............................... : non-symmetric (0)
	equation_scheme ................................... : staggered (0)
	equation_order .................................... : default (0)
	optimize_bw ....................................... : no (0)
	lstol ............................................. : 0.9
	lsmin ............................................. : 0.01
	lsiter ............................................ : 5
	ls_check_jacobians ................................ : no (0)
	max_refs .......................................... : 35
	check_zero_diagonal ............................... : no (0)
	zero_diagonal_tol ................................. : 0
	force_partition ................................... : 0
	reform_each_time_step ............................. : yes (1)
	reform_augment .................................... : no (0)
	diverge_reform .................................... : yes (1)
	min_residual ...................................... : 1e-20
	max_residual ...................................... : 0
	dtol .............................................. : 0.02
	etol .............................................. : 0.0001
	rtol .............................................. : 0.001
	rhoi .............................................. : -2
	alpha ............................................. : 1
	beta .............................................. : 0.25
	gamma ............................................. : 0.5
	logSolve .......................................... : no (0)
	arc_length ........................................ : 0
	arc_length_scale .................................. : 0






 MATERIAL DATA
===========================================================================
  1 - textile_provisional (type: neo-Hookean)
	density ........................................... : 1
	E ................................................. : 0.8
	v ................................................. : 0.3
---------------------------------------------------------------------------
  2 - torso_fixed (type: neo-Hookean)
	density ........................................... : 1
	E ................................................. : 0.8
	v ................................................. : 0.3


 BOUNDARY CONDITION DATA
===========================================================================
  1 -  Type: zero displacement
	x_dof ............................................. : no (0)
	y_dof ............................................. : no (0)
	z_dof ............................................. : yes (1)
---------------------------------------------------------------------------
  2 -  Type: zero displacement
	x_dof ............................................. : no (0)
	y_dof ............................................. : yes (1)
	z_dof ............................................. : no (0)
---------------------------------------------------------------------------
  3 -  Type: zero displacement
	x_dof ............................................. : yes (1)
	y_dof ............................................. : no (0)
	z_dof ............................................. : no (0)
---------------------------------------------------------------------------
  4 -  Type: zero displacement
	x_dof ............................................. : no (0)
	y_dof ............................................. : no (0)
	z_dof ............................................. : yes (1)
---------------------------------------------------------------------------
  5 -  Type: prescribed displacement
	dof ............................................... : 0
	value ............................................. : 0.6
	relative .......................................... : no (0)
---------------------------------------------------------------------------
  6 -  Type: prescribed displacement
	dof ............................................... : 1
	value ............................................. : 0
	relative .......................................... : no (0)
---------------------------------------------------------------------------
  7 -  Type: prescribed displacement
	dof ............................................... : 0
	value ............................................. : 0.597111
	relative .......................................... : no (0)
---------------------------------------------------------------------------
  8 -  Type: prescribed displacement
	dof ............................................... : 1
	value ............................................. : 0.0588103
	relative .......................................... : no (0)
---------------------------------------------------------------------------
  9 -  Type: prescribed displacement
	dof ............................................... : 0
	value ............................................. : 0.588471
	relative .......................................... : no (0)
---------------------------------------------------------------------------
 10 -  Type: prescribed displacement
	dof ............................................... : 1
	value ............................................. : 0.117054
	relative .......................................... : no (0)
---------------------------------------------------------------------------
 11 -  Type: prescribed displacement
	dof ............................................... : 0
	value ............................................. : 0.574164
	relative .......................................... : no (0)
---------------------------------------------------------------------------
 12 -  Type: prescribed displacement
	dof ............................................... : 1
	value ............................................. : 0.174171
	relative .......................................... : no (0)
---------------------------------------------------------------------------
 13 -  Type: prescribed displacement
	dof ............................................... : 0
	value ............................................. : 0.554328
	relative .......................................... : no (0)
---------------------------------------------------------------------------
 14 -  Type: prescribed displacement
	dof ............................................... : 1
	value ............................................. : 0.22961
	relative .......................................... : no (0)
---------------------------------------------------------------------------
 15 -  Type: prescribed displacement
	dof ............................................... : 0
	value ............................................. : 0.529153
	relative .......................................... : no (0)
---------------------------------------------------------------------------
 16 -  Type: prescribed displacement
	dof ............................................... : 1
	value ............................................. : 0.282838
	relative .......................................... : no (0)
---------------------------------------------------------------------------
 17 -  Type: prescribed displacement
	dof ............................................... : 0
	value ............................................. : 0.498882
	relative .......................................... : no (0)
---------------------------------------------------------------------------
 18 -  Type: prescribed displacement
	dof ............................................... : 1
	value ............................................. : 0.333342
	relative .......................................... : no (0)
---------------------------------------------------------------------------
 19 -  Type: prescribed displacement
	dof ............................................... : 0
	value ............................................. : 0.463806
	relative .......................................... : no (0)
---------------------------------------------------------------------------
 20 -  Type: prescribed displacement
	dof ............................................... : 1
	value ............................................. : 0.380636
	relative .......................................... : no (0)
---------------------------------------------------------------------------
 21 -  Type: prescribed displacement
	dof ............................................... : 0
	value ............................................. : 0.424264
	relative .......................................... : no (0)
---------------------------------------------------------------------------
 22 -  Type: prescribed displacement
	dof ............................................... : 1
	value ............................................. : 0.424264
	relative .......................................... : no (0)
---------------------------------------------------------------------------
 23 -  Type: prescribed displacement
	dof ............................................... : 0
	value ............................................. : 0.380636
	relative .......................................... : no (0)
---------------------------------------------------------------------------
 24 -  Type: prescribed displacement
	dof ............................................... : 1
	value ............................................. : 0.463806
	relative .......................................... : no (0)
---------------------------------------------------------------------------
 25 -  Type: prescribed displacement
	dof ............................................... : 0
	value ............................................. : 0.333342
	relative .......................................... : no (0)
---------------------------------------------------------------------------
 26 -  Type: prescribed displacement
	dof ............................................... : 1
	value ............................................. : 0.498882
	relative .......................................... : no (0)
---------------------------------------------------------------------------
 27 -  Type: prescribed displacement
	dof ............................................... : 0
	value ............................................. : 0.282838
	relative .......................................... : no (0)
---------------------------------------------------------------------------
 28 -  Type: prescribed displacement
	dof ............................................... : 1
	value ............................................. : 0.529153
	relative .......................................... : no (0)
---------------------------------------------------------------------------
 29 -  Type: prescribed displacement
	dof ............................................... : 0
	value ............................................. : 0.22961
	relative .......................................... : no (0)
---------------------------------------------------------------------------
 30 -  Type: prescribed displacement
	dof ............................................... : 1
	value ............................................. : 0.554328
	relative .......................................... : no (0)
---------------------------------------------------------------------------
 31 -  Type: prescribed displacement
	dof ............................................... : 0
	value ............................................. : 0.174171
	relative .......................................... : no (0)
---------------------------------------------------------------------------
 32 -  Type: prescribed displacement
	dof ............................................... : 1
	value ............................................. : 0.574164
	relative .......................................... : no (0)
---------------------------------------------------------------------------
 33 -  Type: prescribed displacement
	dof ............................................... : 0
	value ............................................. : 0.117054
	relative .......................................... : no (0)
---------------------------------------------------------------------------
 34 -  Type: prescribed displacement
	dof ............................................... : 1
	value ............................................. : 0.588471
	relative .......................................... : no (0)
---------------------------------------------------------------------------
 35 -  Type: prescribed displacement
	dof ............................................... : 0
	value ............................................. : 0.0588103
	relative .......................................... : no (0)
---------------------------------------------------------------------------
 36 -  Type: prescribed displacement
	dof ............................................... : 1
	value ............................................. : 0.597111
	relative .......................................... : no (0)
---------------------------------------------------------------------------
 37 -  Type: prescribed displacement
	dof ............................................... : 0
	value ............................................. : 3.67394e-17
	relative .......................................... : no (0)
---------------------------------------------------------------------------
 38 -  Type: prescribed displacement
	dof ............................................... : 1
	value ............................................. : 0.6
	relative .......................................... : no (0)
---------------------------------------------------------------------------
 39 -  Type: prescribed displacement
	dof ............................................... : 0
	value ............................................. : -0.0588103
	relative .......................................... : no (0)
---------------------------------------------------------------------------
 40 -  Type: prescribed displacement
	dof ............................................... : 1
	value ............................................. : 0.597111
	relative .......................................... : no (0)
---------------------------------------------------------------------------
 41 -  Type: prescribed displacement
	dof ............................................... : 0
	value ............................................. : -0.117054
	relative .......................................... : no (0)
---------------------------------------------------------------------------
 42 -  Type: prescribed displacement
	dof ............................................... : 1
	value ............................................. : 0.588471
	relative .......................................... : no (0)
---------------------------------------------------------------------------
 43 -  Type: prescribed displacement
	dof ............................................... : 0
	value ............................................. : -0.174171
	relative .......................................... : no (0)
---------------------------------------------------------------------------
 44 -  Type: prescribed displacement
	dof ............................................... : 1
	value ............................................. : 0.574164
	relative .......................................... : no (0)
---------------------------------------------------------------------------
 45 -  Type: prescribed displacement
	dof ............................................... : 0
	value ............................................. : -0.22961
	relative .......................................... : no (0)
---------------------------------------------------------------------------
 46 -  Type: prescribed displacement
	dof ............................................... : 1
	value ............................................. : 0.554328
	relative .......................................... : no (0)
---------------------------------------------------------------------------
 47 -  Type: prescribed displacement
	dof ............................................... : 0
	value ............................................. : -0.282838
	relative .......................................... : no (0)
---------------------------------------------------------------------------
 48 -  Type: prescribed displacement
	dof ............................................... : 1
	value ............................................. : 0.529153
	relative .......................................... : no (0)
---------------------------------------------------------------------------
 49 -  Type: prescribed displacement
	dof ............................................... : 0
	value ............................................. : -0.333342
	relative .......................................... : no (0)
---------------------------------------------------------------------------
 50 -  Type: prescribed displacement
	dof ............................................... : 1
	value ............................................. : 0.498882
	relative .......................................... : no (0)
---------------------------------------------------------------------------
 51 -  Type: prescribed displacement
	dof ............................................... : 0
	value ............................................. : -0.380636
	relative .......................................... : no (0)
---------------------------------------------------------------------------
 52 -  Type: prescribed displacement
	dof ............................................... : 1
	value ............................................. : 0.463806
	relative .......................................... : no (0)
---------------------------------------------------------------------------
 53 -  Type: prescribed displacement
	dof ............................................... : 0
	value ............................................. : -0.424264
	relative .......................................... : no (0)
---------------------------------------------------------------------------
 54 -  Type: prescribed displacement
	dof ............................................... : 1
	value ............................................. : 0.424264
	relative .......................................... : no (0)
---------------------------------------------------------------------------
 55 -  Type: prescribed displacement
	dof ............................................... : 0
	value ............................................. : -0.463806
	relative .......................................... : no (0)
---------------------------------------------------------------------------
 56 -  Type: prescribed displacement
	dof ............................................... : 1
	value ............................................. : 0.380636
	relative .......................................... : no (0)
---------------------------------------------------------------------------
 57 -  Type: prescribed displacement
	dof ............................................... : 0
	value ............................................. : -0.498882
	relative .......................................... : no (0)
---------------------------------------------------------------------------
 58 -  Type: prescribed displacement
	dof ............................................... : 1
	value ............................................. : 0.333342
	relative .......................................... : no (0)
---------------------------------------------------------------------------
 59 -  Type: prescribed displacement
	dof ............................................... : 0
	value ............................................. : -0.529153
	relative .......................................... : no (0)
---------------------------------------------------------------------------
 60 -  Type: prescribed displacement
	dof ............................................... : 1
	value ............................................. : 0.282838
	relative .......................................... : no (0)
---------------------------------------------------------------------------
 61 -  Type: prescribed displacement
	dof ............................................... : 0
	value ............................................. : -0.554328
	relative .......................................... : no (0)
---------------------------------------------------------------------------
 62 -  Type: prescribed displacement
	dof ............................................... : 1
	value ............................................. : 0.22961
	relative .......................................... : no (0)
---------------------------------------------------------------------------
 63 -  Type: prescribed displacement
	dof ............................................... : 0
	value ............................................. : -0.574164
	relative .......................................... : no (0)
---------------------------------------------------------------------------
 64 -  Type: prescribed displacement
	dof ............................................... : 1
	value ............................................. : 0.174171
	relative .......................................... : no (0)
---------------------------------------------------------------------------
 65 -  Type: prescribed displacement
	dof ............................................... : 0
	value ............................................. : -0.588471
	relative .......................................... : no (0)
---------------------------------------------------------------------------
 66 -  Type: prescribed displacement
	dof ............................................... : 1
	value ............................................. : 0.117054
	relative .......................................... : no (0)
---------------------------------------------------------------------------
 67 -  Type: prescribed displacement
	dof ............................................... : 0
	value ............................................. : -0.597111
	relative .......................................... : no (0)
---------------------------------------------------------------------------
 68 -  Type: prescribed displacement
	dof ............................................... : 1
	value ............................................. : 0.0588103
	relative .......................................... : no (0)
---------------------------------------------------------------------------
 69 -  Type: prescribed displacement
	dof ............................................... : 0
	value ............................................. : -0.6
	relative .......................................... : no (0)
---------------------------------------------------------------------------
 70 -  Type: prescribed displacement
	dof ............................................... : 1
	value ............................................. : 7.34788e-17
	relative .......................................... : no (0)
---------------------------------------------------------------------------
 71 -  Type: prescribed displacement
	dof ............................................... : 0
	value ............................................. : -0.597111
	relative .......................................... : no (0)
---------------------------------------------------------------------------
 72 -  Type: prescribed displacement
	dof ............................................... : 1
	value ............................................. : -0.0588103
	relative .......................................... : no (0)
---------------------------------------------------------------------------
 73 -  Type: prescribed displacement
	dof ............................................... : 0
	value ............................................. : -0.588471
	relative .......................................... : no (0)
---------------------------------------------------------------------------
 74 -  Type: prescribed displacement
	dof ............................................... : 1
	value ............................................. : -0.117054
	relative .......................................... : no (0)
---------------------------------------------------------------------------
 75 -  Type: prescribed displacement
	dof ............................................... : 0
	value ............................................. : -0.574164
	relative .......................................... : no (0)
---------------------------------------------------------------------------
 76 -  Type: prescribed displacement
	dof ............................................... : 1
	value ............................................. : -0.174171
	relative .......................................... : no (0)
---------------------------------------------------------------------------
 77 -  Type: prescribed displacement
	dof ............................................... : 0
	value ............................................. : -0.554328
	relative .......................................... : no (0)
---------------------------------------------------------------------------
 78 -  Type: prescribed displacement
	dof ............................................... : 1
	value ............................................. : -0.22961
	relative .......................................... : no (0)
---------------------------------------------------------------------------
 79 -  Type: prescribed displacement
	dof ............................................... : 0
	value ............................................. : -0.529153
	relative .......................................... : no (0)
---------------------------------------------------------------------------
 80 -  Type: prescribed displacement
	dof ............................................... : 1
	value ............................................. : -0.282838
	relative .......................................... : no (0)
---------------------------------------------------------------------------
 81 -  Type: prescribed displacement
	dof ............................................... : 0
	value ............................................. : -0.498882
	relative .......................................... : no (0)
---------------------------------------------------------------------------
 82 -  Type: prescribed displacement
	dof ............................................... : 1
	value ............................................. : -0.333342
	relative .......................................... : no (0)
---------------------------------------------------------------------------
 83 -  Type: prescribed displacement
	dof ............................................... : 0
	value ............................................. : -0.463806
	relative .......................................... : no (0)
---------------------------------------------------------------------------
 84 -  Type: prescribed displacement
	dof ............................................... : 1
	value ............................................. : -0.380636
	relative .......................................... : no (0)
---------------------------------------------------------------------------
 85 -  Type: prescribed displacement
	dof ............................................... : 0
	value ............................................. : -0.424264
	relative .......................................... : no (0)
---------------------------------------------------------------------------
 86 -  Type: prescribed displacement
	dof ............................................... : 1
	value ............................................. : -0.424264
	relative .......................................... : no (0)
---------------------------------------------------------------------------
 87 -  Type: prescribed displacement
	dof ............................................... : 0
	value ............................................. : -0.380636
	relative .......................................... : no (0)
---------------------------------------------------------------------------
 88 -  Type: prescribed displacement
	dof ............................................... : 1
	value ............................................. : -0.463806
	relative .......................................... : no (0)
---------------------------------------------------------------------------
 89 -  Type: prescribed displacement
	dof ............................................... : 0
	value ............................................. : -0.333342
	relative .......................................... : no (0)
---------------------------------------------------------------------------
 90 -  Type: prescribed displacement
	dof ............................................... : 1
	value ............................................. : -0.498882
	relative .......................................... : no (0)
---------------------------------------------------------------------------
 91 -  Type: prescribed displacement
	dof ............................................... : 0
	value ............................................. : -0.282838
	relative .......................................... : no (0)
---------------------------------------------------------------------------
 92 -  Type: prescribed displacement
	dof ............................................... : 1
	value ............................................. : -0.529153
	relative .......................................... : no (0)
---------------------------------------------------------------------------
 93 -  Type: prescribed displacement
	dof ............................................... : 0
	value ............................................. : -0.22961
	relative .......................................... : no (0)
---------------------------------------------------------------------------
 94 -  Type: prescribed displacement
	dof ............................................... : 1
	value ............................................. : -0.554328
	relative .......................................... : no (0)
---------------------------------------------------------------------------
 95 -  Type: prescribed displacement
	dof ............................................... : 0
	value ............................................. : -0.174171
	relative .......................................... : no (0)
---------------------------------------------------------------------------
 96 -  Type: prescribed displacement
	dof ............................................... : 1
	value ............................................. : -0.574164
	relative .......................................... : no (0)
---------------------------------------------------------------------------
 97 -  Type: prescribed displacement
	dof ............................................... : 0
	value ............................................. : -0.117054
	relative .......................................... : no (0)
---------------------------------------------------------------------------
 98 -  Type: prescribed displacement
	dof ............................................... : 1
	value ............................................. : -0.588471
	relative .......................................... : no (0)
---------------------------------------------------------------------------
 99 -  Type: prescribed displacement
	dof ............................................... : 0
	value ............................................. : -0.0588103
	relative .......................................... : no (0)
---------------------------------------------------------------------------
100 -  Type: prescribed displacement
	dof ............................................... : 1
	value ............................................. : -0.597111
	relative .......................................... : no (0)
---------------------------------------------------------------------------
101 -  Type: prescribed displacement
	dof ............................................... : 0
	value ............................................. : -1.10218e-16
	relative .......................................... : no (0)
---------------------------------------------------------------------------
102 -  Type: prescribed displacement
	dof ............................................... : 1
	value ............................................. : -0.6
	relative .......................................... : no (0)
---------------------------------------------------------------------------
103 -  Type: prescribed displacement
	dof ............................................... : 0
	value ............................................. : 0.0588103
	relative .......................................... : no (0)
---------------------------------------------------------------------------
104 -  Type: prescribed displacement
	dof ............................................... : 1
	value ............................................. : -0.597111
	relative .......................................... : no (0)
---------------------------------------------------------------------------
105 -  Type: prescribed displacement
	dof ............................................... : 0
	value ............................................. : 0.117054
	relative .......................................... : no (0)
---------------------------------------------------------------------------
106 -  Type: prescribed displacement
	dof ............................................... : 1
	value ............................................. : -0.588471
	relative .......................................... : no (0)
---------------------------------------------------------------------------
107 -  Type: prescribed displacement
	dof ............................................... : 0
	value ............................................. : 0.174171
	relative .......................................... : no (0)
---------------------------------------------------------------------------
108 -  Type: prescribed displacement
	dof ............................................... : 1
	value ............................................. : -0.574164
	relative .......................................... : no (0)
---------------------------------------------------------------------------
109 -  Type: prescribed displacement
	dof ............................................... : 0
	value ............................................. : 0.22961
	relative .......................................... : no (0)
---------------------------------------------------------------------------
110 -  Type: prescribed displacement
	dof ............................................... : 1
	value ............................................. : -0.554328
	relative .......................................... : no (0)
---------------------------------------------------------------------------
111 -  Type: prescribed displacement
	dof ............................................... : 0
	value ............................................. : 0.282838
	relative .......................................... : no (0)
---------------------------------------------------------------------------
112 -  Type: prescribed displacement
	dof ............................................... : 1
	value ............................................. : -0.529153
	relative .......................................... : no (0)
---------------------------------------------------------------------------
113 -  Type: prescribed displacement
	dof ............................................... : 0
	value ............................................. : 0.333342
	relative .......................................... : no (0)
---------------------------------------------------------------------------
114 -  Type: prescribed displacement
	dof ............................................... : 1
	value ............................................. : -0.498882
	relative .......................................... : no (0)
---------------------------------------------------------------------------
115 -  Type: prescribed displacement
	dof ............................................... : 0
	value ............................................. : 0.380636
	relative .......................................... : no (0)
---------------------------------------------------------------------------
116 -  Type: prescribed displacement
	dof ............................................... : 1
	value ............................................. : -0.463806
	relative .......................................... : no (0)
---------------------------------------------------------------------------
117 -  Type: prescribed displacement
	dof ............................................... : 0
	value ............................................. : 0.424264
	relative .......................................... : no (0)
---------------------------------------------------------------------------
118 -  Type: prescribed displacement
	dof ............................................... : 1
	value ............................................. : -0.424264
	relative .......................................... : no (0)
---------------------------------------------------------------------------
119 -  Type: prescribed displacement
	dof ............................................... : 0
	value ............................................. : 0.463806
	relative .......................................... : no (0)
---------------------------------------------------------------------------
120 -  Type: prescribed displacement
	dof ............................................... : 1
	value ............................................. : -0.380636
	relative .......................................... : no (0)
---------------------------------------------------------------------------
121 -  Type: prescribed displacement
	dof ............................................... : 0
	value ............................................. : 0.498882
	relative .......................................... : no (0)
---------------------------------------------------------------------------
122 -  Type: prescribed displacement
	dof ............................................... : 1
	value ............................................. : -0.333342
	relative .......................................... : no (0)
---------------------------------------------------------------------------
123 -  Type: prescribed displacement
	dof ............................................... : 0
	value ............................................. : 0.529153
	relative .......................................... : no (0)
---------------------------------------------------------------------------
124 -  Type: prescribed displacement
	dof ............................................... : 1
	value ............................................. : -0.282838
	relative .......................................... : no (0)
---------------------------------------------------------------------------
125 -  Type: prescribed displacement
	dof ............................................... : 0
	value ............................................. : 0.554328
	relative .......................................... : no (0)
---------------------------------------------------------------------------
126 -  Type: prescribed displacement
	dof ............................................... : 1
	value ............................................. : -0.22961
	relative .......................................... : no (0)
---------------------------------------------------------------------------
127 -  Type: prescribed displacement
	dof ............................................... : 0
	value ............................................. : 0.574164
	relative .......................................... : no (0)
---------------------------------------------------------------------------
128 -  Type: prescribed displacement
	dof ............................................... : 1
	value ............................................. : -0.174171
	relative .......................................... : no (0)
---------------------------------------------------------------------------
129 -  Type: prescribed displacement
	dof ............................................... : 0
	value ............................................. : 0.588471
	relative .......................................... : no (0)
---------------------------------------------------------------------------
130 -  Type: prescribed displacement
	dof ............................................... : 1
	value ............................................. : -0.117054
	relative .......................................... : no (0)
---------------------------------------------------------------------------
131 -  Type: prescribed displacement
	dof ............................................... : 0
	value ............................................. : 0.597111
	relative .......................................... : no (0)
---------------------------------------------------------------------------
132 -  Type: prescribed displacement
	dof ............................................... : 1
	value ............................................. : -0.0588103
	relative .......................................... : no (0)


 LOAD CONTROLLER DATA
===========================================================================
load controller   1 - lc1 (type: loadcurve)
	interpolate ....................................... : LINEAR (0)
	extend ............................................ : CONSTANT (0)
	points ............................................ : (can't display value)


 OUTPUT DATA
===========================================================================
 LINEAR SOLVER DATA
===========================================================================
	Default linear solver ............................. : pardiso


Data Record #1
===========================================================================
Step = 0
Time = 0
Data = shirt_final_coordinates
1,187.9,0,0
2,186.99521,16.1630264,0
3,184.289554,32.1703941,0
4,179.809089,47.8679433,0
5,173.596964,63.104498,0
6,165.713006,77.7333219,0
7,156.23314,91.6135314,0
8,145.248664,104.611453,0
9,132.865364,116.601908,0
10,119.202498,127.469424,0
11,104.391647,137.109339,0
12,88.5754468,145.428816,0
13,71.9062169,152.347735,0
14,54.5444909,157.799461,0
15,36.6574715,161.731493,0
16,18.4174207,164.105961,0
17,1.15055567e-14,164.9,0
18,-18.4174207,164.105961,0
19,-36.6574715,161.731493,0
20,-54.5444909,157.799461,0
21,-71.9062169,152.347735,0
22,-88.5754468,145.428816,0
23,-104.391647,137.109339,0
24,-119.202498,127.469424,0
25,-132.865364,116.601908,0
26,-145.248664,104.611453,0
27,-156.23314,91.6135314,0
28,-165.713006,77.7333219,0
29,-173.596964,63.104498,0
30,-179.809089,47.8679433,0
31,-184.289554,32.1703941,0
32,-186.99521,16.1630264,0
33,-187.9,2.01944257e-14,0
34,-186.99521,-16.1630264,0
35,-184.289554,-32.1703941,0
36,-179.809089,-47.8679433,0
37,-173.596964,-63.104498,0
38,-165.713006,-77.7333219,0
39,-156.23314,-91.6135314,0
40,-145.248664,-104.611453,0
41,-132.865364,-116.601908,0
42,-119.202498,-127.469424,0
43,-104.391647,-137.109339,0
44,-88.5754468,-145.428816,0
45,-71.9062169,-152.347735,0
46,-54.5444909,-157.799461,0
47,-36.6574715,-161.731493,0
48,-18.4174207,-164.105961,0
49,-3.451667e-14,-164.9,0
50,18.4174207,-164.105961,0
51,36.6574715,-161.731493,0
52,54.5444909,-157.799461,0
53,71.9062169,-152.347735,0
54,88.5754468,-145.428816,0
55,104.391647,-137.109339,0
56,119.202498,-127.469424,0
57,132.865364,-116.601908,0
58,145.248664,-104.611453,0
59,156.23314,-91.6135314,0
60,165.713006,-77.7333219,0
61,173.596964,-63.104498,0
62,179.809089,-47.8679433,0
63,184.289554,-32.1703941,0
64,186.99521,-16.1630264,0
65,187.9,0,25
66,186.99521,16.1630264,25
67,184.289554,32.1703941,25
68,179.809089,47.8679433,25
69,173.596964,63.104498,25
70,165.713006,77.7333219,25
71,156.23314,91.6135314,25
72,145.248664,104.611453,25
73,132.865364,116.601908,25
74,119.202498,127.469424,25
75,104.391647,137.109339,25
76,88.5754468,145.428816,25
77,71.9062169,152.347735,25
78,54.5444909,157.799461,25
79,36.6574715,161.731493,25
80,18.4174207,164.105961,25
81,1.15055567e-14,164.9,25
82,-18.4174207,164.105961,25
83,-36.6574715,161.731493,25
84,-54.5444909,157.799461,25
85,-71.9062169,152.347735,25
86,-88.5754468,145.428816,25
87,-104.391647,137.109339,25
88,-119.202498,127.469424,25
89,-132.865364,116.601908,25
90,-145.248664,104.611453,25
91,-156.23314,91.6135314,25
92,-165.713006,77.7333219,25
93,-173.596964,63.104498,25
94,-179.809089,47.8679433,25
95,-184.289554,32.1703941,25
96,-186.99521,16.1630264,25
97,-187.9,2.01944257e-14,25
98,-186.99521,-16.1630264,25
99,-184.289554,-32.1703941,25
100,-179.809089,-47.8679433,25
101,-173.596964,-63.104498,25
102,-165.713006,-77.7333219,25
103,-156.23314,-91.6135314,25
104,-145.248664,-104.611453,25
105,-132.865364,-116.601908,25
106,-119.202498,-127.469424,25
107,-104.391647,-137.109339,25
108,-88.5754468,-145.428816,25
109,-71.9062169,-152.347735,25
110,-54.5444909,-157.799461,25
111,-36.6574715,-161.731493,25
112,-18.4174207,-164.105961,25
113,-3.451667e-14,-164.9,25
114,18.4174207,-164.105961,25
115,36.6574715,-161.731493,25
116,54.5444909,-157.799461,25
117,71.9062169,-152.347735,25
118,88.5754468,-145.428816,25
119,104.391647,-137.109339,25
120,119.202498,-127.469424,25
121,132.865364,-116.601908,25
122,145.248664,-104.611453,25
123,156.23314,-91.6135314,25
124,165.713006,-77.7333219,25
125,173.596964,-63.104498,25
126,179.809089,-47.8679433,25
127,184.289554,-32.1703941,25
128,186.99521,-16.1630264,25
129,187.9,0,50
130,186.99521,16.1630264,50
131,184.289554,32.1703941,50
132,179.809089,47.8679433,50
133,173.596964,63.104498,50
134,165.713006,77.7333219,50
135,156.23314,91.6135314,50
136,145.248664,104.611453,50
137,132.865364,116.601908,50
138,119.202498,127.469424,50
139,104.391647,137.109339,50
140,88.5754468,145.428816,50
141,71.9062169,152.347735,50
142,54.5444909,157.799461,50
143,36.6574715,161.731493,50
144,18.4174207,164.105961,50
145,1.15055567e-14,164.9,50
146,-18.4174207,164.105961,50
147,-36.6574715,161.731493,50
148,-54.5444909,157.799461,50
149,-71.9062169,152.347735,50
150,-88.5754468,145.428816,50
151,-104.391647,137.109339,50
152,-119.202498,127.469424,50
153,-132.865364,116.601908,50
154,-145.248664,104.611453,50
155,-156.23314,91.6135314,50
156,-165.713006,77.7333219,50
157,-173.596964,63.104498,50
158,-179.809089,47.8679433,50
159,-184.289554,32.1703941,50
160,-186.99521,16.1630264,50
161,-187.9,2.01944257e-14,50
162,-186.99521,-16.1630264,50
163,-184.289554,-32.1703941,50
164,-179.809089,-47.8679433,50
165,-173.596964,-63.104498,50
166,-165.713006,-77.7333219,50
167,-156.23314,-91.6135314,50
168,-145.248664,-104.611453,50
169,-132.865364,-116.601908,50
170,-119.202498,-127.469424,50
171,-104.391647,-137.109339,50
172,-88.5754468,-145.428816,50
173,-71.9062169,-152.347735,50
174,-54.5444909,-157.799461,50
175,-36.6574715,-161.731493,50
176,-18.4174207,-164.105961,50
177,-3.451667e-14,-164.9,50
178,18.4174207,-164.105961,50
179,36.6574715,-161.731493,50
180,54.5444909,-157.799461,50
181,71.9062169,-152.347735,50
182,88.5754468,-145.428816,50
183,104.391647,-137.109339,50
184,119.202498,-127.469424,50
185,132.865364,-116.601908,50
186,145.248664,-104.611453,50
187,156.23314,-91.6135314,50
188,165.713006,-77.7333219,50
189,173.596964,-63.104498,50
190,179.809089,-47.8679433,50
191,184.289554,-32.1703941,50
192,186.99521,-16.1630264,50
193,187.9,0,75
194,186.99521,16.1630264,75
195,184.289554,32.1703941,75
196,179.809089,47.8679433,75
197,173.596964,63.104498,75
198,165.713006,77.7333219,75
199,156.23314,91.6135314,75
200,145.248664,104.611453,75
201,132.865364,116.601908,75
202,119.202498,127.469424,75
203,104.391647,137.109339,75
204,88.5754468,145.428816,75
205,71.9062169,152.347735,75
206,54.5444909,157.799461,75
207,36.6574715,161.731493,75
208,18.4174207,164.105961,75
209,1.15055567e-14,164.9,75
210,-18.4174207,164.105961,75
211,-36.6574715,161.731493,75
212,-54.5444909,157.799461,75
213,-71.9062169,152.347735,75
214,-88.5754468,145.428816,75
215,-104.391647,137.109339,75
216,-119.202498,127.469424,75
217,-132.865364,116.601908,75
218,-145.248664,104.611453,75
219,-156.23314,91.6135314,75
220,-165.713006,77.7333219,75
221,-173.596964,63.104498,75
222,-179.809089,47.8679433,75
223,-184.289554,32.1703941,75
224,-186.99521,16.1630264,75
225,-187.9,2.01944257e-14,75
226,-186.99521,-16.1630264,75
227,-184.289554,-32.1703941,75
228,-179.809089,-47.8679433,75
229,-173.596964,-63.104498,75
230,-165.713006,-77.7333219,75
231,-156.23314,-91.6135314,75
232,-145.248664,-104.611453,75
233,-132.865364,-116.601908,75
234,-119.202498,-127.469424,75
235,-104.391647,-137.109339,75
236,-88.5754468,-145.428816,75
237,-71.9062169,-152.347735,75
238,-54.5444909,-157.799461,75
239,-36.6574715,-161.731493,75
240,-18.4174207,-164.105961,75
241,-3.451667e-14,-164.9,75
242,18.4174207,-164.105961,75
243,36.6574715,-161.731493,75
244,54.5444909,-157.799461,75
245,71.9062169,-152.347735,75
246,88.5754468,-145.428816,75
247,104.391647,-137.109339,75
248,119.202498,-127.469424,75
249,132.865364,-116.601908,75
250,145.248664,-104.611453,75
251,156.23314,-91.6135314,75
252,165.713006,-77.7333219,75
253,173.596964,-63.104498,75
254,179.809089,-47.8679433,75
255,184.289554,-32.1703941,75
256,186.99521,-16.1630264,75
257,187.9,0,100
258,186.99521,16.1630264,100
259,184.289554,32.1703941,100
260,179.809089,47.8679433,100
261,173.596964,63.104498,100
262,165.713006,77.7333219,100
263,156.23314,91.6135314,100
264,145.248664,104.611453,100
265,132.865364,116.601908,100
266,119.202498,127.469424,100
267,104.391647,137.109339,100
268,88.5754468,145.428816,100
269,71.9062169,152.347735,100
270,54.5444909,157.799461,100
271,36.6574715,161.731493,100
272,18.4174207,164.105961,100
273,1.15055567e-14,164.9,100
274,-18.4174207,164.105961,100
275,-36.6574715,161.731493,100
276,-54.5444909,157.799461,100
277,-71.9062169,152.347735,100
278,-88.5754468,145.428816,100
279,-104.391647,137.109339,100
280,-119.202498,127.469424,100
281,-132.865364,116.601908,100
282,-145.248664,104.611453,100
283,-156.23314,91.6135314,100
284,-165.713006,77.7333219,100
285,-173.596964,63.104498,100
286,-179.809089,47.8679433,100
287,-184.289554,32.1703941,100
288,-186.99521,16.1630264,100
289,-187.9,2.01944257e-14,100
290,-186.99521,-16.1630264,100
291,-184.289554,-32.1703941,100
292,-179.809089,-47.8679433,100
293,-173.596964,-63.104498,100
294,-165.713006,-77.7333219,100
295,-156.23314,-91.6135314,100
296,-145.248664,-104.611453,100
297,-132.865364,-116.601908,100
298,-119.202498,-127.469424,100
299,-104.391647,-137.109339,100
300,-88.5754468,-145.428816,100
301,-71.9062169,-152.347735,100
302,-54.5444909,-157.799461,100
303,-36.6574715,-161.731493,100
304,-18.4174207,-164.105961,100
305,-3.451667e-14,-164.9,100
306,18.4174207,-164.105961,100
307,36.6574715,-161.731493,100
308,54.5444909,-157.799461,100
309,71.9062169,-152.347735,100
310,88.5754468,-145.428816,100
311,104.391647,-137.109339,100
312,119.202498,-127.469424,100
313,132.865364,-116.601908,100
314,145.248664,-104.611453,100
315,156.23314,-91.6135314,100
316,165.713006,-77.7333219,100
317,173.596964,-63.104498,100
318,179.809089,-47.8679433,100
319,184.289554,-32.1703941,100
320,186.99521,-16.1630264,100
321,187.9,0,125
322,186.99521,16.1630264,125
323,184.289554,32.1703941,125
324,179.809089,47.8679433,125
325,173.596964,63.104498,125
326,165.713006,77.7333219,125
327,156.23314,91.6135314,125
328,145.248664,104.611453,125
329,132.865364,116.601908,125
330,119.202498,127.469424,125
331,104.391647,137.109339,125
332,88.5754468,145.428816,125
333,71.9062169,152.347735,125
334,54.5444909,157.799461,125
335,36.6574715,161.731493,125
336,18.4174207,164.105961,125
337,1.15055567e-14,164.9,125
338,-18.4174207,164.105961,125
339,-36.6574715,161.731493,125
340,-54.5444909,157.799461,125
341,-71.9062169,152.347735,125
342,-88.5754468,145.428816,125
343,-104.391647,137.109339,125
344,-119.202498,127.469424,125
345,-132.865364,116.601908,125
346,-145.248664,104.611453,125
347,-156.23314,91.6135314,125
348,-165.713006,77.7333219,125
349,-173.596964,63.104498,125
350,-179.809089,47.8679433,125
351,-184.289554,32.1703941,125
352,-186.99521,16.1630264,125
353,-187.9,2.01944257e-14,125
354,-186.99521,-16.1630264,125
355,-184.289554,-32.1703941,125
356,-179.809089,-47.8679433,125
357,-173.596964,-63.104498,125
358,-165.713006,-77.7333219,125
359,-156.23314,-91.6135314,125
360,-145.248664,-104.611453,125
361,-132.865364,-116.601908,125
362,-119.202498,-127.469424,125
363,-104.391647,-137.109339,125
364,-88.5754468,-145.428816,125
365,-71.9062169,-152.347735,125
366,-54.5444909,-157.799461,125
367,-36.6574715,-161.731493,125
368,-18.4174207,-164.105961,125
369,-3.451667e-14,-164.9,125
370,18.4174207,-164.105961,125
371,36.6574715,-161.731493,125
372,54.5444909,-157.799461,125
373,71.9062169,-152.347735,125
374,88.5754468,-145.428816,125
375,104.391647,-137.109339,125
376,119.202498,-127.469424,125
377,132.865364,-116.601908,125
378,145.248664,-104.611453,125
379,156.23314,-91.6135314,125
380,165.713006,-77.7333219,125
381,173.596964,-63.104498,125
382,179.809089,-47.8679433,125
383,184.289554,-32.1703941,125
384,186.99521,-16.1630264,125
385,187.9,0,150
386,186.99521,16.1630264,150
387,184.289554,32.1703941,150
388,179.809089,47.8679433,150
389,173.596964,63.104498,150
390,165.713006,77.7333219,150
391,156.23314,91.6135314,150
392,145.248664,104.611453,150
393,132.865364,116.601908,150
394,119.202498,127.469424,150
395,104.391647,137.109339,150
396,88.5754468,145.428816,150
397,71.9062169,152.347735,150
398,54.5444909,157.799461,150
399,36.6574715,161.731493,150
400,18.4174207,164.105961,150
401,1.15055567e-14,164.9,150
402,-18.4174207,164.105961,150
403,-36.6574715,161.731493,150
404,-54.5444909,157.799461,150
405,-71.9062169,152.347735,150
406,-88.5754468,145.428816,150
407,-104.391647,137.109339,150
408,-119.202498,127.469424,150
409,-132.865364,116.601908,150
410,-145.248664,104.611453,150
411,-156.23314,91.6135314,150
412,-165.713006,77.7333219,150
413,-173.596964,63.104498,150
414,-179.809089,47.8679433,150
415,-184.289554,32.1703941,150
416,-186.99521,16.1630264,150
417,-187.9,2.01944257e-14,150
418,-186.99521,-16.1630264,150
419,-184.289554,-32.1703941,150
420,-179.809089,-47.8679433,150
421,-173.596964,-63.104498,150
422,-165.713006,-77.7333219,150
423,-156.23314,-91.6135314,150
424,-145.248664,-104.611453,150
425,-132.865364,-116.601908,150
426,-119.202498,-127.469424,150
427,-104.391647,-137.109339,150
428,-88.5754468,-145.428816,150
429,-71.9062169,-152.347735,150
430,-54.5444909,-157.799461,150
431,-36.6574715,-161.731493,150
432,-18.4174207,-164.105961,150
433,-3.451667e-14,-164.9,150
434,18.4174207,-164.105961,150
435,36.6574715,-161.731493,150
436,54.5444909,-157.799461,150
437,71.9062169,-152.347735,150
438,88.5754468,-145.428816,150
439,104.391647,-137.109339,150
440,119.202498,-127.469424,150
441,132.865364,-116.601908,150
442,145.248664,-104.611453,150
443,156.23314,-91.6135314,150
444,165.713006,-77.7333219,150
445,173.596964,-63.104498,150
446,179.809089,-47.8679433,150
447,184.289554,-32.1703941,150
448,186.99521,-16.1630264,150
449,187.9,0,175
450,186.99521,16.1630264,175
451,184.289554,32.1703941,175
452,179.809089,47.8679433,175
453,173.596964,63.104498,175
454,165.713006,77.7333219,175
455,156.23314,91.6135314,175
456,145.248664,104.611453,175
457,132.865364,116.601908,175
458,119.202498,127.469424,175
459,104.391647,137.109339,175
460,88.5754468,145.428816,175
461,71.9062169,152.347735,175
462,54.5444909,157.799461,175
463,36.6574715,161.731493,175
464,18.4174207,164.105961,175
465,1.15055567e-14,164.9,175
466,-18.4174207,164.105961,175
467,-36.6574715,161.731493,175
468,-54.5444909,157.799461,175
469,-71.9062169,152.347735,175
470,-88.5754468,145.428816,175
471,-104.391647,137.109339,175
472,-119.202498,127.469424,175
473,-132.865364,116.601908,175
474,-145.248664,104.611453,175
475,-156.23314,91.6135314,175
476,-165.713006,77.7333219,175
477,-173.596964,63.104498,175
478,-179.809089,47.8679433,175
479,-184.289554,32.1703941,175
480,-186.99521,16.1630264,175
481,-187.9,2.01944257e-14,175
482,-186.99521,-16.1630264,175
483,-184.289554,-32.1703941,175
484,-179.809089,-47.8679433,175
485,-173.596964,-63.104498,175
486,-165.713006,-77.7333219,175
487,-156.23314,-91.6135314,175
488,-145.248664,-104.611453,175
489,-132.865364,-116.601908,175
490,-119.202498,-127.469424,175
491,-104.391647,-137.109339,175
492,-88.5754468,-145.428816,175
493,-71.9062169,-152.347735,175
494,-54.5444909,-157.799461,175
495,-36.6574715,-161.731493,175
496,-18.4174207,-164.105961,175
497,-3.451667e-14,-164.9,175
498,18.4174207,-164.105961,175
499,36.6574715,-161.731493,175
500,54.5444909,-157.799461,175
501,71.9062169,-152.347735,175
502,88.5754468,-145.428816,175
503,104.391647,-137.109339,175
504,119.202498,-127.469424,175
505,132.865364,-116.601908,175
506,145.248664,-104.611453,175
507,156.23314,-91.6135314,175
508,165.713006,-77.7333219,175
509,173.596964,-63.104498,175
510,179.809089,-47.8679433,175
511,184.289554,-32.1703941,175
512,186.99521,-16.1630264,175
513,187.9,0,200
514,186.99521,16.1630264,200
515,184.289554,32.1703941,200
516,179.809089,47.8679433,200
517,173.596964,63.104498,200
518,165.713006,77.7333219,200
519,156.23314,91.6135314,200
520,145.248664,104.611453,200
521,132.865364,116.601908,200
522,119.202498,127.469424,200
523,104.391647,137.109339,200
524,88.5754468,145.428816,200
525,71.9062169,152.347735,200
526,54.5444909,157.799461,200
527,36.6574715,161.731493,200
528,18.4174207,164.105961,200
529,1.15055567e-14,164.9,200
530,-18.4174207,164.105961,200
531,-36.6574715,161.731493,200
532,-54.5444909,157.799461,200
533,-71.9062169,152.347735,200
534,-88.5754468,145.428816,200
535,-104.391647,137.109339,200
536,-119.202498,127.469424,200
537,-132.865364,116.601908,200
538,-145.248664,104.611453,200
539,-156.23314,91.6135314,200
540,-165.713006,77.7333219,200
541,-173.596964,63.104498,200
542,-179.809089,47.8679433,200
543,-184.289554,32.1703941,200
544,-186.99521,16.1630264,200
545,-187.9,2.01944257e-14,200
546,-186.99521,-16.1630264,200
547,-184.289554,-32.1703941,200
548,-179.809089,-47.8679433,200
549,-173.596964,-63.104498,200
550,-165.713006,-77.7333219,200
551,-156.23314,-91.6135314,200
552,-145.248664,-104.611453,200
553,-132.865364,-116.601908,200
554,-119.202498,-127.469424,200
555,-104.391647,-137.109339,200
556,-88.5754468,-145.428816,200
557,-71.9062169,-152.347735,200
558,-54.5444909,-157.799461,200
559,-36.6574715,-161.731493,200
560,-18.4174207,-164.105961,200
561,-3.451667e-14,-164.9,200
562,18.4174207,-164.105961,200
563,36.6574715,-161.731493,200
564,54.5444909,-157.799461,200
565,71.9062169,-152.347735,200
566,88.5754468,-145.428816,200
567,104.391647,-137.109339,200
568,119.202498,-127.469424,200
569,132.865364,-116.601908,200
570,145.248664,-104.611453,200
571,156.23314,-91.6135314,200
572,165.713006,-77.7333219,200
573,173.596964,-63.104498,200
574,179.809089,-47.8679433,200
575,184.289554,-32.1703941,200
576,186.99521,-16.1630264,200
577,187.9,0,225
578,186.99521,16.1630264,225
579,184.289554,32.1703941,225
580,179.809089,47.8679433,225
581,173.596964,63.104498,225
582,165.713006,77.7333219,225
583,156.23314,91.6135314,225
584,145.248664,104.611453,225
585,132.865364,116.601908,225
586,119.202498,127.469424,225
587,104.391647,137.109339,225
588,88.5754468,145.428816,225
589,71.9062169,152.347735,225
590,54.5444909,157.799461,225
591,36.6574715,161.731493,225
592,18.4174207,164.105961,225
593,1.15055567e-14,164.9,225
594,-18.4174207,164.105961,225
595,-36.6574715,161.731493,225
596,-54.5444909,157.799461,225
597,-71.9062169,152.347735,225
598,-88.5754468,145.428816,225
599,-104.391647,137.109339,225
600,-119.202498,127.469424,225
601,-132.865364,116.601908,225
602,-145.248664,104.611453,225
603,-156.23314,91.6135314,225
604,-165.713006,77.7333219,225
605,-173.596964,63.104498,225
606,-179.809089,47.8679433,225
607,-184.289554,32.1703941,225
608,-186.99521,16.1630264,225
609,-187.9,2.01944257e-14,225
610,-186.99521,-16.1630264,225
611,-184.289554,-32.1703941,225
612,-179.809089,-47.8679433,225
613,-173.596964,-63.104498,225
614,-165.713006,-77.7333219,225
615,-156.23314,-91.6135314,225
616,-145.248664,-104.611453,225
617,-132.865364,-116.601908,225
618,-119.202498,-127.469424,225
619,-104.391647,-137.109339,225
620,-88.5754468,-145.428816,225
621,-71.9062169,-152.347735,225
622,-54.5444909,-157.799461,225
623,-36.6574715,-161.731493,225
624,-18.4174207,-164.105961,225
625,-3.451667e-14,-164.9,225
626,18.4174207,-164.105961,225
627,36.6574715,-161.731493,225
628,54.5444909,-157.799461,225
629,71.9062169,-152.347735,225
630,88.5754468,-145.428816,225
631,104.391647,-137.109339,225
632,119.202498,-127.469424,225
633,132.865364,-116.601908,225
634,145.248664,-104.611453,225
635,156.23314,-91.6135314,225
636,165.713006,-77.7333219,225
637,173.596964,-63.104498,225
638,179.809089,-47.8679433,225
639,184.289554,-32.1703941,225
640,186.99521,-16.1630264,225
641,187.9,0,250
642,186.99521,16.1630264,250
643,184.289554,32.1703941,250
644,179.809089,47.8679433,250
645,173.596964,63.104498,250
646,165.713006,77.7333219,250
647,156.23314,91.6135314,250
648,145.248664,104.611453,250
649,132.865364,116.601908,250
650,119.202498,127.469424,250
651,104.391647,137.109339,250
652,88.5754468,145.428816,250
653,71.9062169,152.347735,250
654,54.5444909,157.799461,250
655,36.6574715,161.731493,250
656,18.4174207,164.105961,250
657,1.15055567e-14,164.9,250
658,-18.4174207,164.105961,250
659,-36.6574715,161.731493,250
660,-54.5444909,157.799461,250
661,-71.9062169,152.347735,250
662,-88.5754468,145.428816,250
663,-104.391647,137.109339,250
664,-119.202498,127.469424,250
665,-132.865364,116.601908,250
666,-145.248664,104.611453,250
667,-156.23314,91.6135314,250
668,-165.713006,77.7333219,250
669,-173.596964,63.104498,250
670,-179.809089,47.8679433,250
671,-184.289554,32.1703941,250
672,-186.99521,16.1630264,250
673,-187.9,2.01944257e-14,250
674,-186.99521,-16.1630264,250
675,-184.289554,-32.1703941,250
676,-179.809089,-47.8679433,250
677,-173.596964,-63.104498,250
678,-165.713006,-77.7333219,250
679,-156.23314,-91.6135314,250
680,-145.248664,-104.611453,250
681,-132.865364,-116.601908,250
682,-119.202498,-127.469424,250
683,-104.391647,-137.109339,250
684,-88.5754468,-145.428816,250
685,-71.9062169,-152.347735,250
686,-54.5444909,-157.799461,250
687,-36.6574715,-161.731493,250
688,-18.4174207,-164.105961,250
689,-3.451667e-14,-164.9,250
690,18.4174207,-164.105961,250
691,36.6574715,-161.731493,250
692,54.5444909,-157.799461,250
693,71.9062169,-152.347735,250
694,88.5754468,-145.428816,250
695,104.391647,-137.109339,250
696,119.202498,-127.469424,250
697,132.865364,-116.601908,250
698,145.248664,-104.611453,250
699,156.23314,-91.6135314,250
700,165.713006,-77.7333219,250
701,173.596964,-63.104498,250
702,179.809089,-47.8679433,250
703,184.289554,-32.1703941,250
704,186.99521,-16.1630264,250
705,187.9,0,275
706,186.99521,16.1630264,275
707,184.289554,32.1703941,275
708,179.809089,47.8679433,275
709,173.596964,63.104498,275
710,165.713006,77.7333219,275
711,156.23314,91.6135314,275
712,145.248664,104.611453,275
713,132.865364,116.601908,275
714,119.202498,127.469424,275
715,104.391647,137.109339,275
716,88.5754468,145.428816,275
717,71.9062169,152.347735,275
718,54.5444909,157.799461,275
719,36.6574715,161.731493,275
720,18.4174207,164.105961,275
721,1.15055567e-14,164.9,275
722,-18.4174207,164.105961,275
723,-36.6574715,161.731493,275
724,-54.5444909,157.799461,275
725,-71.9062169,152.347735,275
726,-88.5754468,145.428816,275
727,-104.391647,137.109339,275
728,-119.202498,127.469424,275
729,-132.865364,116.601908,275
730,-145.248664,104.611453,275
731,-156.23314,91.6135314,275
732,-165.713006,77.7333219,275
733,-173.596964,63.104498,275
734,-179.809089,47.8679433,275
735,-184.289554,32.1703941,275
736,-186.99521,16.1630264,275
737,-187.9,2.01944257e-14,275
738,-186.99521,-16.1630264,275
739,-184.289554,-32.1703941,275
740,-179.809089,-47.8679433,275
741,-173.596964,-63.104498,275
742,-165.713006,-77.7333219,275
743,-156.23314,-91.6135314,275
744,-145.248664,-104.611453,275
745,-132.865364,-116.601908,275
746,-119.202498,-127.469424,275
747,-104.391647,-137.109339,275
748,-88.5754468,-145.428816,275
749,-71.9062169,-152.347735,275
750,-54.5444909,-157.799461,275
751,-36.6574715,-161.731493,275
752,-18.4174207,-164.105961,275
753,-3.451667e-14,-164.9,275
754,18.4174207,-164.105961,275
755,36.6574715,-161.731493,275
756,54.5444909,-157.799461,275
757,71.9062169,-152.347735,275
758,88.5754468,-145.428816,275
759,104.391647,-137.109339,275
760,119.202498,-127.469424,275
761,132.865364,-116.601908,275
762,145.248664,-104.611453,275
763,156.23314,-91.6135314,275
764,165.713006,-77.7333219,275
765,173.596964,-63.104498,275
766,179.809089,-47.8679433,275
767,184.289554,-32.1703941,275
768,186.99521,-16.1630264,275
769,187.9,0,300
770,186.99521,16.1630264,300
771,184.289554,32.1703941,300
772,179.809089,47.8679433,300
773,173.596964,63.104498,300
774,165.713006,77.7333219,300
775,156.23314,91.6135314,300
776,145.248664,104.611453,300
777,132.865364,116.601908,300
778,119.202498,127.469424,300
779,104.391647,137.109339,300
780,88.5754468,145.428816,300
781,71.9062169,152.347735,300
782,54.5444909,157.799461,300
783,36.6574715,161.731493,300
784,18.4174207,164.105961,300
785,1.15055567e-14,164.9,300
786,-18.4174207,164.105961,300
787,-36.6574715,161.731493,300
788,-54.5444909,157.799461,300
789,-71.9062169,152.347735,300
790,-88.5754468,145.428816,300
791,-104.391647,137.109339,300
792,-119.202498,127.469424,300
793,-132.865364,116.601908,300
794,-145.248664,104.611453,300
795,-156.23314,91.6135314,300
796,-165.713006,77.7333219,300
797,-173.596964,63.104498,300
798,-179.809089,47.8679433,300
799,-184.289554,32.1703941,300
800,-186.99521,16.1630264,300
801,-187.9,2.01944257e-14,300
802,-186.99521,-16.1630264,300
803,-184.289554,-32.1703941,300
804,-179.809089,-47.8679433,300
805,-173.596964,-63.104498,300
806,-165.713006,-77.7333219,300
807,-156.23314,-91.6135314,300
808,-145.248664,-104.611453,300
809,-132.865364,-116.601908,300
810,-119.202498,-127.469424,300
811,-104.391647,-137.109339,300
812,-88.5754468,-145.428816,300
813,-71.9062169,-152.347735,300
814,-54.5444909,-157.799461,300
815,-36.6574715,-161.731493,300
816,-18.4174207,-164.105961,300
817,-3.451667e-14,-164.9,300
818,18.4174207,-164.105961,300
819,36.6574715,-161.731493,300
820,54.5444909,-157.799461,300
821,71.9062169,-152.347735,300
822,88.5754468,-145.428816,300
823,104.391647,-137.109339,300
824,119.202498,-127.469424,300
825,132.865364,-116.601908,300
826,145.248664,-104.611453,300
827,156.23314,-91.6135314,300
828,165.713006,-77.7333219,300
829,173.596964,-63.104498,300
830,179.809089,-47.8679433,300
831,184.289554,-32.1703941,300
832,186.99521,-16.1630264,300
833,187.9,0,325
834,186.99521,16.1630264,325
835,184.289554,32.1703941,325
836,179.809089,47.8679433,325
837,173.596964,63.104498,325
838,165.713006,77.7333219,325
839,156.23314,91.6135314,325
840,145.248664,104.611453,325
841,132.865364,116.601908,325
842,119.202498,127.469424,325
843,104.391647,137.109339,325
844,88.5754468,145.428816,325
845,71.9062169,152.347735,325
846,54.5444909,157.799461,325
847,36.6574715,161.731493,325
848,18.4174207,164.105961,325
849,1.15055567e-14,164.9,325
850,-18.4174207,164.105961,325
851,-36.6574715,161.731493,325
852,-54.5444909,157.799461,325
853,-71.9062169,152.347735,325
854,-88.5754468,145.428816,325
855,-104.391647,137.109339,325
856,-119.202498,127.469424,325
857,-132.865364,116.601908,325
858,-145.248664,104.611453,325
859,-156.23314,91.6135314,325
860,-165.713006,77.7333219,325
861,-173.596964,63.104498,325
862,-179.809089,47.8679433,325
863,-184.289554,32.1703941,325
864,-186.99521,16.1630264,325
865,-187.9,2.01944257e-14,325
866,-186.99521,-16.1630264,325
867,-184.289554,-32.1703941,325
868,-179.809089,-47.8679433,325
869,-173.596964,-63.104498,325
870,-165.713006,-77.7333219,325
871,-156.23314,-91.6135314,325
872,-145.248664,-104.611453,325
873,-132.865364,-116.601908,325
874,-119.202498,-127.469424,325
875,-104.391647,-137.109339,325
876,-88.5754468,-145.428816,325
877,-71.9062169,-152.347735,325
878,-54.5444909,-157.799461,325
879,-36.6574715,-161.731493,325
880,-18.4174207,-164.105961,325
881,-3.451667e-14,-164.9,325
882,18.4174207,-164.105961,325
883,36.6574715,-161.731493,325
884,54.5444909,-157.799461,325
885,71.9062169,-152.347735,325
886,88.5754468,-145.428816,325
887,104.391647,-137.109339,325
888,119.202498,-127.469424,325
889,132.865364,-116.601908,325
890,145.248664,-104.611453,325
891,156.23314,-91.6135314,325
892,165.713006,-77.7333219,325
893,173.596964,-63.104498,325
894,179.809089,-47.8679433,325
895,184.289554,-32.1703941,325
896,186.99521,-16.1630264,325
897,187.9,0,350
898,186.99521,16.1630264,350
899,184.289554,32.1703941,350
900,179.809089,47.8679433,350
901,173.596964,63.104498,350
902,165.713006,77.7333219,350
903,156.23314,91.6135314,350
904,145.248664,104.611453,350
905,132.865364,116.601908,350
906,119.202498,127.469424,350
907,104.391647,137.109339,350
908,88.5754468,145.428816,350
909,71.9062169,152.347735,350
910,54.5444909,157.799461,350
911,36.6574715,161.731493,350
912,18.4174207,164.105961,350
913,1.15055567e-14,164.9,350
914,-18.4174207,164.105961,350
915,-36.6574715,161.731493,350
916,-54.5444909,157.799461,350
917,-71.9062169,152.347735,350
918,-88.5754468,145.428816,350
919,-104.391647,137.109339,350
920,-119.202498,127.469424,350
921,-132.865364,116.601908,350
922,-145.248664,104.611453,350
923,-156.23314,91.6135314,350
924,-165.713006,77.7333219,350
925,-173.596964,63.104498,350
926,-179.809089,47.8679433,350
927,-184.289554,32.1703941,350
928,-186.99521,16.1630264,350
929,-187.9,2.01944257e-14,350
930,-186.99521,-16.1630264,350
931,-184.289554,-32.1703941,350
932,-179.809089,-47.8679433,350
933,-173.596964,-63.104498,350
934,-165.713006,-77.7333219,350
935,-156.23314,-91.6135314,350
936,-145.248664,-104.611453,350
937,-132.865364,-116.601908,350
938,-119.202498,-127.469424,350
939,-104.391647,-137.109339,350
940,-88.5754468,-145.428816,350
941,-71.9062169,-152.347735,350
942,-54.5444909,-157.799461,350
943,-36.6574715,-161.731493,350
944,-18.4174207,-164.105961,350
945,-3.451667e-14,-164.9,350
946,18.4174207,-164.105961,350
947,36.6574715,-161.731493,350
948,54.5444909,-157.799461,350
949,71.9062169,-152.347735,350
950,88.5754468,-145.428816,350
951,104.391647,-137.109339,350
952,119.202498,-127.469424,350
953,132.865364,-116.601908,350
954,145.248664,-104.611453,350
955,156.23314,-91.6135314,350
956,165.713006,-77.7333219,350
957,173.596964,-63.104498,350
958,179.809089,-47.8679433,350
959,184.289554,-32.1703941,350
960,186.99521,-16.1630264,350
961,187.9,0,375
962,186.99521,16.1630264,375
963,184.289554,32.1703941,375
964,179.809089,47.8679433,375
965,173.596964,63.104498,375
966,165.713006,77.7333219,375
967,156.23314,91.6135314,375
968,145.248664,104.611453,375
969,132.865364,116.601908,375
970,119.202498,127.469424,375
971,104.391647,137.109339,375
972,88.5754468,145.428816,375
973,71.9062169,152.347735,375
974,54.5444909,157.799461,375
975,36.6574715,161.731493,375
976,18.4174207,164.105961,375
977,1.15055567e-14,164.9,375
978,-18.4174207,164.105961,375
979,-36.6574715,161.731493,375
980,-54.5444909,157.799461,375
981,-71.9062169,152.347735,375
982,-88.5754468,145.428816,375
983,-104.391647,137.109339,375
984,-119.202498,127.469424,375
985,-132.865364,116.601908,375
986,-145.248664,104.611453,375
987,-156.23314,91.6135314,375
988,-165.713006,77.7333219,375
989,-173.596964,63.104498,375
990,-179.809089,47.8679433,375
991,-184.289554,32.1703941,375
992,-186.99521,16.1630264,375
993,-187.9,2.01944257e-14,375
994,-186.99521,-16.1630264,375
995,-184.289554,-32.1703941,375
996,-179.809089,-47.8679433,375
997,-173.596964,-63.104498,375
998,-165.713006,-77.7333219,375
999,-156.23314,-91.6135314,375
1000,-145.248664,-104.611453,375
1001,-132.865364,-116.601908,375
1002,-119.202498,-127.469424,375
1003,-104.391647,-137.109339,375
1004,-88.5754468,-145.428816,375
1005,-71.9062169,-152.347735,375
1006,-54.5444909,-157.799461,375
1007,-36.6574715,-161.731493,375
1008,-18.4174207,-164.105961,375
1009,-3.451667e-14,-164.9,375
1010,18.4174207,-164.105961,375
1011,36.6574715,-161.731493,375
1012,54.5444909,-157.799461,375
1013,71.9062169,-152.347735,375
1014,88.5754468,-145.428816,375
1015,104.391647,-137.109339,375
1016,119.202498,-127.469424,375
1017,132.865364,-116.601908,375
1018,145.248664,-104.611453,375
1019,156.23314,-91.6135314,375
1020,165.713006,-77.7333219,375
1021,173.596964,-63.104498,375
1022,179.809089,-47.8679433,375
1023,184.289554,-32.1703941,375
1024,186.99521,-16.1630264,375
1025,187.9,0,400
1026,186.99521,16.1630264,400
1027,184.289554,32.1703941,400
1028,179.809089,47.8679433,400
1029,173.596964,63.104498,400
1030,165.713006,77.7333219,400
1031,156.23314,91.6135314,400
1032,145.248664,104.611453,400
1033,132.865364,116.601908,400
1034,119.202498,127.469424,400
1035,104.391647,137.109339,400
1036,88.5754468,145.428816,400
1037,71.9062169,152.347735,400
1038,54.5444909,157.799461,400
1039,36.6574715,161.731493,400
1040,18.4174207,164.105961,400
1041,1.15055567e-14,164.9,400
1042,-18.4174207,164.105961,400
1043,-36.6574715,161.731493,400
1044,-54.5444909,157.799461,400
1045,-71.9062169,152.347735,400
1046,-88.5754468,145.428816,400
1047,-104.391647,137.109339,400
1048,-119.202498,127.469424,400
1049,-132.865364,116.601908,400
1050,-145.248664,104.611453,400
1051,-156.23314,91.6135314,400
1052,-165.713006,77.7333219,400
1053,-173.596964,63.104498,400
1054,-179.809089,47.8679433,400
1055,-184.289554,32.1703941,400
1056,-186.99521,16.1630264,400
1057,-187.9,2.01944257e-14,400
1058,-186.99521,-16.1630264,400
1059,-184.289554,-32.1703941,400
1060,-179.809089,-47.8679433,400
1061,-173.596964,-63.104498,400
1062,-165.713006,-77.7333219,400
1063,-156.23314,-91.6135314,400
1064,-145.248664,-104.611453,400
1065,-132.865364,-116.601908,400
1066,-119.202498,-127.469424,400
1067,-104.391647,-137.109339,400
1068,-88.5754468,-145.428816,400
1069,-71.9062169,-152.347735,400
1070,-54.5444909,-157.799461,400
1071,-36.6574715,-161.731493,400
1072,-18.4174207,-164.105961,400
1073,-3.451667e-14,-164.9,400
1074,18.4174207,-164.105961,400
1075,36.6574715,-161.731493,400
1076,54.5444909,-157.799461,400
1077,71.9062169,-152.347735,400
1078,88.5754468,-145.428816,400
1079,104.391647,-137.109339,400
1080,119.202498,-127.469424,400
1081,132.865364,-116.601908,400
1082,145.248664,-104.611453,400
1083,156.23314,-91.6135314,400
1084,165.713006,-77.7333219,400
1085,173.596964,-63.104498,400
1086,179.809089,-47.8679433,400
1087,184.289554,-32.1703941,400
1088,186.99521,-16.1630264,400
1089,187.9,0,425
1090,186.99521,16.1630264,425
1091,184.289554,32.1703941,425
1092,179.809089,47.8679433,425
1093,173.596964,63.104498,425
1094,165.713006,77.7333219,425
1095,156.23314,91.6135314,425
1096,145.248664,104.611453,425
1097,132.865364,116.601908,425
1098,119.202498,127.469424,425
1099,104.391647,137.109339,425
1100,88.5754468,145.428816,425
1101,71.9062169,152.347735,425
1102,54.5444909,157.799461,425
1103,36.6574715,161.731493,425
1104,18.4174207,164.105961,425
1105,1.15055567e-14,164.9,425
1106,-18.4174207,164.105961,425
1107,-36.6574715,161.731493,425
1108,-54.5444909,157.799461,425
1109,-71.9062169,152.347735,425
1110,-88.5754468,145.428816,425
1111,-104.391647,137.109339,425
1112,-119.202498,127.469424,425
1113,-132.865364,116.601908,425
1114,-145.248664,104.611453,425
1115,-156.23314,91.6135314,425
1116,-165.713006,77.7333219,425
1117,-173.596964,63.104498,425
1118,-179.809089,47.8679433,425
1119,-184.289554,32.1703941,425
1120,-186.99521,16.1630264,425
1121,-187.9,2.01944257e-14,425
1122,-186.99521,-16.1630264,425
1123,-184.289554,-32.1703941,425
1124,-179.809089,-47.8679433,425
1125,-173.596964,-63.104498,425
1126,-165.713006,-77.7333219,425
1127,-156.23314,-91.6135314,425
1128,-145.248664,-104.611453,425
1129,-132.865364,-116.601908,425
1130,-119.202498,-127.469424,425
1131,-104.391647,-137.109339,425
1132,-88.5754468,-145.428816,425
1133,-71.9062169,-152.347735,425
1134,-54.5444909,-157.799461,425
1135,-36.6574715,-161.731493,425
1136,-18.4174207,-164.105961,425
1137,-3.451667e-14,-164.9,425
1138,18.4174207,-164.105961,425
1139,36.6574715,-161.731493,425
1140,54.5444909,-157.799461,425
1141,71.9062169,-152.347735,425
1142,88.5754468,-145.428816,425
1143,104.391647,-137.109339,425
1144,119.202498,-127.469424,425
1145,132.865364,-116.601908,425
1146,145.248664,-104.611453,425
1147,156.23314,-91.6135314,425
1148,165.713006,-77.7333219,425
1149,173.596964,-63.104498,425
1150,179.809089,-47.8679433,425
1151,184.289554,-32.1703941,425
1152,186.99521,-16.1630264,425
1153,187.9,0,450
1154,186.99521,16.1630264,450
1155,184.289554,32.1703941,450
1156,179.809089,47.8679433,450
1157,173.596964,63.104498,450
1158,165.713006,77.7333219,450
1159,156.23314,91.6135314,450
1160,145.248664,104.611453,450
1161,132.865364,116.601908,450
1162,119.202498,127.469424,450
1163,104.391647,137.109339,450
1164,88.5754468,145.428816,450
1165,71.9062169,152.347735,450
1166,54.5444909,157.799461,450
1167,36.6574715,161.731493,450
1168,18.4174207,164.105961,450
1169,1.15055567e-14,164.9,450
1170,-18.4174207,164.105961,450
1171,-36.6574715,161.731493,450
1172,-54.5444909,157.799461,450
1173,-71.9062169,152.347735,450
1174,-88.5754468,145.428816,450
1175,-104.391647,137.109339,450
1176,-119.202498,127.469424,450
1177,-132.865364,116.601908,450
1178,-145.248664,104.611453,450
1179,-156.23314,91.6135314,450
1180,-165.713006,77.7333219,450
1181,-173.596964,63.104498,450
1182,-179.809089,47.8679433,450
1183,-184.289554,32.1703941,450
1184,-186.99521,16.1630264,450
1185,-187.9,2.01944257e-14,450
1186,-186.99521,-16.1630264,450
1187,-184.289554,-32.1703941,450
1188,-179.809089,-47.8679433,450
1189,-173.596964,-63.104498,450
1190,-165.713006,-77.7333219,450
1191,-156.23314,-91.6135314,450
1192,-145.248664,-104.611453,450
1193,-132.865364,-116.601908,450
1194,-119.202498,-127.469424,450
1195,-104.391647,-137.109339,450
1196,-88.5754468,-145.428816,450
1197,-71.9062169,-152.347735,450
1198,-54.5444909,-157.799461,450
1199,-36.6574715,-161.731493,450
1200,-18.4174207,-164.105961,450
1201,-3.451667e-14,-164.9,450
1202,18.4174207,-164.105961,450
1203,36.6574715,-161.731493,450
1204,54.5444909,-157.799461,450
1205,71.9062169,-152.347735,450
1206,88.5754468,-145.428816,450
1207,104.391647,-137.109339,450
1208,119.202498,-127.469424,450
1209,132.865364,-116.601908,450
1210,145.248664,-104.611453,450
1211,156.23314,-91.6135314,450
1212,165.713006,-77.7333219,450
1213,173.596964,-63.104498,450
1214,179.809089,-47.8679433,450
1215,184.289554,-32.1703941,450
1216,186.99521,-16.1630264,450
1217,187.9,0,475
1218,186.99521,16.1630264,475
1219,184.289554,32.1703941,475
1220,179.809089,47.8679433,475
1221,173.596964,63.104498,475
1222,165.713006,77.7333219,475
1223,156.23314,91.6135314,475
1224,145.248664,104.611453,475
1225,132.865364,116.601908,475
1226,119.202498,127.469424,475
1227,104.391647,137.109339,475
1228,88.5754468,145.428816,475
1229,71.9062169,152.347735,475
1230,54.5444909,157.799461,475
1231,36.6574715,161.731493,475
1232,18.4174207,164.105961,475
1233,1.15055567e-14,164.9,475
1234,-18.4174207,164.105961,475
1235,-36.6574715,161.731493,475
1236,-54.5444909,157.799461,475
1237,-71.9062169,152.347735,475
1238,-88.5754468,145.428816,475
1239,-104.391647,137.109339,475
1240,-119.202498,127.469424,475
1241,-132.865364,116.601908,475
1242,-145.248664,104.611453,475
1243,-156.23314,91.6135314,475
1244,-165.713006,77.7333219,475
1245,-173.596964,63.104498,475
1246,-179.809089,47.8679433,475
1247,-184.289554,32.1703941,475
1248,-186.99521,16.1630264,475
1249,-187.9,2.01944257e-14,475
1250,-186.99521,-16.1630264,475
1251,-184.289554,-32.1703941,475
1252,-179.809089,-47.8679433,475
1253,-173.596964,-63.104498,475
1254,-165.713006,-77.7333219,475
1255,-156.23314,-91.6135314,475
1256,-145.248664,-104.611453,475
1257,-132.865364,-116.601908,475
1258,-119.202498,-127.469424,475
1259,-104.391647,-137.109339,475
1260,-88.5754468,-145.428816,475
1261,-71.9062169,-152.347735,475
1262,-54.5444909,-157.799461,475
1263,-36.6574715,-161.731493,475
1264,-18.4174207,-164.105961,475
1265,-3.451667e-14,-164.9,475
1266,18.4174207,-164.105961,475
1267,36.6574715,-161.731493,475
1268,54.5444909,-157.799461,475
1269,71.9062169,-152.347735,475
1270,88.5754468,-145.428816,475
1271,104.391647,-137.109339,475
1272,119.202498,-127.469424,475
1273,132.865364,-116.601908,475
1274,145.248664,-104.611453,475
1275,156.23314,-91.6135314,475
1276,165.713006,-77.7333219,475
1277,173.596964,-63.104498,475
1278,179.809089,-47.8679433,475
1279,184.289554,-32.1703941,475
1280,186.99521,-16.1630264,475
1281,187.9,0,500
1282,186.99521,16.1630264,500
1283,184.289554,32.1703941,500
1284,179.809089,47.8679433,500
1285,173.596964,63.104498,500
1286,165.713006,77.7333219,500
1287,156.23314,91.6135314,500
1288,145.248664,104.611453,500
1289,132.865364,116.601908,500
1290,119.202498,127.469424,500
1291,104.391647,137.109339,500
1292,88.5754468,145.428816,500
1293,71.9062169,152.347735,500
1294,54.5444909,157.799461,500
1295,36.6574715,161.731493,500
1296,18.4174207,164.105961,500
1297,1.15055567e-14,164.9,500
1298,-18.4174207,164.105961,500
1299,-36.6574715,161.731493,500
1300,-54.5444909,157.799461,500
1301,-71.9062169,152.347735,500
1302,-88.5754468,145.428816,500
1303,-104.391647,137.109339,500
1304,-119.202498,127.469424,500
1305,-132.865364,116.601908,500
1306,-145.248664,104.611453,500
1307,-156.23314,91.6135314,500
1308,-165.713006,77.7333219,500
1309,-173.596964,63.104498,500
1310,-179.809089,47.8679433,500
1311,-184.289554,32.1703941,500
1312,-186.99521,16.1630264,500
1313,-187.9,2.01944257e-14,500
1314,-186.99521,-16.1630264,500
1315,-184.289554,-32.1703941,500
1316,-179.809089,-47.8679433,500
1317,-173.596964,-63.104498,500
1318,-165.713006,-77.7333219,500
1319,-156.23314,-91.6135314,500
1320,-145.248664,-104.611453,500
1321,-132.865364,-116.601908,500
1322,-119.202498,-127.469424,500
1323,-104.391647,-137.109339,500
1324,-88.5754468,-145.428816,500
1325,-71.9062169,-152.347735,500
1326,-54.5444909,-157.799461,500
1327,-36.6574715,-161.731493,500
1328,-18.4174207,-164.105961,500
1329,-3.451667e-14,-164.9,500
1330,18.4174207,-164.105961,500
1331,36.6574715,-161.731493,500
1332,54.5444909,-157.799461,500
1333,71.9062169,-152.347735,500
1334,88.5754468,-145.428816,500
1335,104.391647,-137.109339,500
1336,119.202498,-127.469424,500
1337,132.865364,-116.601908,500
1338,145.248664,-104.611453,500
1339,156.23314,-91.6135314,500
1340,165.713006,-77.7333219,500
1341,173.596964,-63.104498,500
1342,179.809089,-47.8679433,500
1343,184.289554,-32.1703941,500
1344,186.99521,-16.1630264,500
1345,187.9,0,525
1346,186.99521,16.1630264,525
1347,184.289554,32.1703941,525
1348,179.809089,47.8679433,525
1349,173.596964,63.104498,525
1350,165.713006,77.7333219,525
1351,156.23314,91.6135314,525
1352,145.248664,104.611453,525
1353,132.865364,116.601908,525
1354,119.202498,127.469424,525
1355,104.391647,137.109339,525
1356,88.5754468,145.428816,525
1357,71.9062169,152.347735,525
1358,54.5444909,157.799461,525
1359,36.6574715,161.731493,525
1360,18.4174207,164.105961,525
1361,1.15055567e-14,164.9,525
1362,-18.4174207,164.105961,525
1363,-36.6574715,161.731493,525
1364,-54.5444909,157.799461,525
1365,-71.9062169,152.347735,525
1366,-88.5754468,145.428816,525
1367,-104.391647,137.109339,525
1368,-119.202498,127.469424,525
1369,-132.865364,116.601908,525
1370,-145.248664,104.611453,525
1371,-156.23314,91.6135314,525
1372,-165.713006,77.7333219,525
1373,-173.596964,63.104498,525
1374,-179.809089,47.8679433,525
1375,-184.289554,32.1703941,525
1376,-186.99521,16.1630264,525
1377,-187.9,2.01944257e-14,525
1378,-186.99521,-16.1630264,525
1379,-184.289554,-32.1703941,525
1380,-179.809089,-47.8679433,525
1381,-173.596964,-63.104498,525
1382,-165.713006,-77.7333219,525
1383,-156.23314,-91.6135314,525
1384,-145.248664,-104.611453,525
1385,-132.865364,-116.601908,525
1386,-119.202498,-127.469424,525
1387,-104.391647,-137.109339,525
1388,-88.5754468,-145.428816,525
1389,-71.9062169,-152.347735,525
1390,-54.5444909,-157.799461,525
1391,-36.6574715,-161.731493,525
1392,-18.4174207,-164.105961,525
1393,-3.451667e-14,-164.9,525
1394,18.4174207,-164.105961,525
1395,36.6574715,-161.731493,525
1396,54.5444909,-157.799461,525
1397,71.9062169,-152.347735,525
1398,88.5754468,-145.428816,525
1399,104.391647,-137.109339,525
1400,119.202498,-127.469424,525
1401,132.865364,-116.601908,525
1402,145.248664,-104.611453,525
1403,156.23314,-91.6135314,525
1404,165.713006,-77.7333219,525
1405,173.596964,-63.104498,525
1406,179.809089,-47.8679433,525
1407,184.289554,-32.1703941,525
1408,186.99521,-16.1630264,525
1409,187.9,0,550
1410,186.99521,16.1630264,550
1411,184.289554,32.1703941,550
1412,179.809089,47.8679433,550
1413,173.596964,63.104498,550
1414,165.713006,77.7333219,550
1415,156.23314,91.6135314,550
1416,145.248664,104.611453,550
1417,132.865364,116.601908,550
1418,119.202498,127.469424,550
1419,104.391647,137.109339,550
1420,88.5754468,145.428816,550
1421,71.9062169,152.347735,550
1422,54.5444909,157.799461,550
1423,36.6574715,161.731493,550
1424,18.4174207,164.105961,550
1425,1.15055567e-14,164.9,550
1426,-18.4174207,164.105961,550
1427,-36.6574715,161.731493,550
1428,-54.5444909,157.799461,550
1429,-71.9062169,152.347735,550
1430,-88.5754468,145.428816,550
1431,-104.391647,137.109339,550
1432,-119.202498,127.469424,550
1433,-132.865364,116.601908,550
1434,-145.248664,104.611453,550
1435,-156.23314,91.6135314,550
1436,-165.713006,77.7333219,550
1437,-173.596964,63.104498,550
1438,-179.809089,47.8679433,550
1439,-184.289554,32.1703941,550
1440,-186.99521,16.1630264,550
1441,-187.9,2.01944257e-14,550
1442,-186.99521,-16.1630264,550
1443,-184.289554,-32.1703941,550
1444,-179.809089,-47.8679433,550
1445,-173.596964,-63.104498,550
1446,-165.713006,-77.7333219,550
1447,-156.23314,-91.6135314,550
1448,-145.248664,-104.611453,550
1449,-132.865364,-116.601908,550
1450,-119.202498,-127.469424,550
1451,-104.391647,-137.109339,550
1452,-88.5754468,-145.428816,550
1453,-71.9062169,-152.347735,550
1454,-54.5444909,-157.799461,550
1455,-36.6574715,-161.731493,550
1456,-18.4174207,-164.105961,550
1457,-3.451667e-14,-164.9,550
1458,18.4174207,-164.105961,550
1459,36.6574715,-161.731493,550
1460,54.5444909,-157.799461,550
1461,71.9062169,-152.347735,550
1462,88.5754468,-145.428816,550
1463,104.391647,-137.109339,550
1464,119.202498,-127.469424,550
1465,132.865364,-116.601908,550
1466,145.248664,-104.611453,550
1467,156.23314,-91.6135314,550
1468,165.713006,-77.7333219,550
1469,173.596964,-63.104498,550
1470,179.809089,-47.8679433,550
1471,184.289554,-32.1703941,550
1472,186.99521,-16.1630264,550
1473,187.9,0,575
1474,186.99521,16.1630264,575
1475,184.289554,32.1703941,575
1476,179.809089,47.8679433,575
1477,173.596964,63.104498,575
1478,165.713006,77.7333219,575
1479,156.23314,91.6135314,575
1480,145.248664,104.611453,575
1481,132.865364,116.601908,575
1482,119.202498,127.469424,575
1483,104.391647,137.109339,575
1484,88.5754468,145.428816,575
1485,71.9062169,152.347735,575
1486,54.5444909,157.799461,575
1487,36.6574715,161.731493,575
1488,18.4174207,164.105961,575
1489,1.15055567e-14,164.9,575
1490,-18.4174207,164.105961,575
1491,-36.6574715,161.731493,575
1492,-54.5444909,157.799461,575
1493,-71.9062169,152.347735,575
1494,-88.5754468,145.428816,575
1495,-104.391647,137.109339,575
1496,-119.202498,127.469424,575
1497,-132.865364,116.601908,575
1498,-145.248664,104.611453,575
1499,-156.23314,91.6135314,575
1500,-165.713006,77.7333219,575
1501,-173.596964,63.104498,575
1502,-179.809089,47.8679433,575
1503,-184.289554,32.1703941,575
1504,-186.99521,16.1630264,575
1505,-187.9,2.01944257e-14,575
1506,-186.99521,-16.1630264,575
1507,-184.289554,-32.1703941,575
1508,-179.809089,-47.8679433,575
1509,-173.596964,-63.104498,575
1510,-165.713006,-77.7333219,575
1511,-156.23314,-91.6135314,575
1512,-145.248664,-104.611453,575
1513,-132.865364,-116.601908,575
1514,-119.202498,-127.469424,575
1515,-104.391647,-137.109339,575
1516,-88.5754468,-145.428816,575
1517,-71.9062169,-152.347735,575
1518,-54.5444909,-157.799461,575
1519,-36.6574715,-161.731493,575
1520,-18.4174207,-164.105961,575
1521,-3.451667e-14,-164.9,575
1522,18.4174207,-164.105961,575
1523,36.6574715,-161.731493,575
1524,54.5444909,-157.799461,575
1525,71.9062169,-152.347735,575
1526,88.5754468,-145.428816,575
1527,104.391647,-137.109339,575
1528,119.202498,-127.469424,575
1529,132.865364,-116.601908,575
1530,145.248664,-104.611453,575
1531,156.23314,-91.6135314,575
1532,165.713006,-77.7333219,575
1533,173.596964,-63.104498,575
1534,179.809089,-47.8679433,575
1535,184.289554,-32.1703941,575
1536,186.99521,-16.1630264,575
1537,187.9,0,600
1538,186.99521,16.1630264,600
1539,184.289554,32.1703941,600
1540,179.809089,47.8679433,600
1541,173.596964,63.104498,600
1542,165.713006,77.7333219,600
1543,156.23314,91.6135314,600
1544,145.248664,104.611453,600
1545,132.865364,116.601908,600
1546,119.202498,127.469424,600
1547,104.391647,137.109339,600
1548,88.5754468,145.428816,600
1549,71.9062169,152.347735,600
1550,54.5444909,157.799461,600
1551,36.6574715,161.731493,600
1552,18.4174207,164.105961,600
1553,1.15055567e-14,164.9,600
1554,-18.4174207,164.105961,600
1555,-36.6574715,161.731493,600
1556,-54.5444909,157.799461,600
1557,-71.9062169,152.347735,600
1558,-88.5754468,145.428816,600
1559,-104.391647,137.109339,600
1560,-119.202498,127.469424,600
1561,-132.865364,116.601908,600
1562,-145.248664,104.611453,600
1563,-156.23314,91.6135314,600
1564,-165.713006,77.7333219,600
1565,-173.596964,63.104498,600
1566,-179.809089,47.8679433,600
1567,-184.289554,32.1703941,600
1568,-186.99521,16.1630264,600
1569,-187.9,2.01944257e-14,600
1570,-186.99521,-16.1630264,600
1571,-184.289554,-32.1703941,600
1572,-179.809089,-47.8679433,600
1573,-173.596964,-63.104498,600
1574,-165.713006,-77.7333219,600
1575,-156.23314,-91.6135314,600
1576,-145.248664,-104.611453,600
1577,-132.865364,-116.601908,600
1578,-119.202498,-127.469424,600
1579,-104.391647,-137.109339,600
1580,-88.5754468,-145.428816,600
1581,-71.9062169,-152.347735,600
1582,-54.5444909,-157.799461,600
1583,-36.6574715,-161.731493,600
1584,-18.4174207,-164.105961,600
1585,-3.451667e-14,-164.9,600
1586,18.4174207,-164.105961,600
1587,36.6574715,-161.731493,600
1588,54.5444909,-157.799461,600
1589,71.9062169,-152.347735,600
1590,88.5754468,-145.428816,600
1591,104.391647,-137.109339,600
1592,119.202498,-127.469424,600
1593,132.865364,-116.601908,600
1594,145.248664,-104.611453,600
1595,156.23314,-91.6135314,600
1596,165.713006,-77.7333219,600
1597,173.596964,-63.104498,600
1598,179.809089,-47.8679433,600
1599,184.289554,-32.1703941,600
1600,186.99521,-16.1630264,600
1601,187.9,0,625
1602,186.99521,16.1630264,625
1603,184.289554,32.1703941,625
1604,179.809089,47.8679433,625
1605,173.596964,63.104498,625
1606,165.713006,77.7333219,625
1607,156.23314,91.6135314,625
1608,145.248664,104.611453,625
1609,132.865364,116.601908,625
1610,119.202498,127.469424,625
1611,104.391647,137.109339,625
1612,88.5754468,145.428816,625
1613,71.9062169,152.347735,625
1614,54.5444909,157.799461,625
1615,36.6574715,161.731493,625
1616,18.4174207,164.105961,625
1617,1.15055567e-14,164.9,625
1618,-18.4174207,164.105961,625
1619,-36.6574715,161.731493,625
1620,-54.5444909,157.799461,625
1621,-71.9062169,152.347735,625
1622,-88.5754468,145.428816,625
1623,-104.391647,137.109339,625
1624,-119.202498,127.469424,625
1625,-132.865364,116.601908,625
1626,-145.248664,104.611453,625
1627,-156.23314,91.6135314,625
1628,-165.713006,77.7333219,625
1629,-173.596964,63.104498,625
1630,-179.809089,47.8679433,625
1631,-184.289554,32.1703941,625
1632,-186.99521,16.1630264,625
1633,-187.9,2.01944257e-14,625
1634,-186.99521,-16.1630264,625
1635,-184.289554,-32.1703941,625
1636,-179.809089,-47.8679433,625
1637,-173.596964,-63.104498,625
1638,-165.713006,-77.7333219,625
1639,-156.23314,-91.6135314,625
1640,-145.248664,-104.611453,625
1641,-132.865364,-116.601908,625
1642,-119.202498,-127.469424,625
1643,-104.391647,-137.109339,625
1644,-88.5754468,-145.428816,625
1645,-71.9062169,-152.347735,625
1646,-54.5444909,-157.799461,625
1647,-36.6574715,-161.731493,625
1648,-18.4174207,-164.105961,625
1649,-3.451667e-14,-164.9,625
1650,18.4174207,-164.105961,625
1651,36.6574715,-161.731493,625
1652,54.5444909,-157.799461,625
1653,71.9062169,-152.347735,625
1654,88.5754468,-145.428816,625
1655,104.391647,-137.109339,625
1656,119.202498,-127.469424,625
1657,132.865364,-116.601908,625
1658,145.248664,-104.611453,625
1659,156.23314,-91.6135314,625
1660,165.713006,-77.7333219,625
1661,173.596964,-63.104498,625
1662,179.809089,-47.8679433,625
1663,184.289554,-32.1703941,625
1664,186.99521,-16.1630264,625
1665,187.9,0,650
1666,186.99521,16.1630264,650
1667,184.289554,32.1703941,650
1668,179.809089,47.8679433,650
1669,173.596964,63.104498,650
1670,165.713006,77.7333219,650
1671,156.23314,91.6135314,650
1672,145.248664,104.611453,650
1673,132.865364,116.601908,650
1674,119.202498,127.469424,650
1675,104.391647,137.109339,650
1676,88.5754468,145.428816,650
1677,71.9062169,152.347735,650
1678,54.5444909,157.799461,650
1679,36.6574715,161.731493,650
1680,18.4174207,164.105961,650
1681,1.15055567e-14,164.9,650
1682,-18.4174207,164.105961,650
1683,-36.6574715,161.731493,650
1684,-54.5444909,157.799461,650
1685,-71.9062169,152.347735,650
1686,-88.5754468,145.428816,650
1687,-104.391647,137.109339,650
1688,-119.202498,127.469424,650
1689,-132.865364,116.601908,650
1690,-145.248664,104.611453,650
1691,-156.23314,91.6135314,650
1692,-165.713006,77.7333219,650
1693,-173.596964,63.104498,650
1694,-179.809089,47.8679433,650
1695,-184.289554,32.1703941,650
1696,-186.99521,16.1630264,650
1697,-187.9,2.01944257e-14,650
1698,-186.99521,-16.1630264,650
1699,-184.289554,-32.1703941,650
1700,-179.809089,-47.8679433,650
1701,-173.596964,-63.104498,650
1702,-165.713006,-77.7333219,650
1703,-156.23314,-91.6135314,650
1704,-145.248664,-104.611453,650
1705,-132.865364,-116.601908,650
1706,-119.202498,-127.469424,650
1707,-104.391647,-137.109339,650
1708,-88.5754468,-145.428816,650
1709,-71.9062169,-152.347735,650
1710,-54.5444909,-157.799461,650
1711,-36.6574715,-161.731493,650
1712,-18.4174207,-164.105961,650
1713,-3.451667e-14,-164.9,650
1714,18.4174207,-164.105961,650
1715,36.6574715,-161.731493,650
1716,54.5444909,-157.799461,650
1717,71.9062169,-152.347735,650
1718,88.5754468,-145.428816,650
1719,104.391647,-137.109339,650
1720,119.202498,-127.469424,650
1721,132.865364,-116.601908,650
1722,145.248664,-104.611453,650
1723,156.23314,-91.6135314,650
1724,165.713006,-77.7333219,650
1725,173.596964,-63.104498,650
1726,179.809089,-47.8679433,650
1727,184.289554,-32.1703941,650
1728,186.99521,-16.1630264,650

 *************************************************************************
 * Selecting linear solver pardiso                                       *
 *************************************************************************

===== beginning time step 1 : 0.05 =====


Reforming stiffness matrix: reformation #1

===== reforming stiffness matrix:
	Nr of equations ........................... : 18942
	Nr of nonzeroes in stiffness matrix ....... : 920702
 1
 Nonlinear solution status: time= 0.05
	stiffness updates             = 0
	right hand side evaluations   = 2
	stiffness matrix reformations = 1
	step from line search         = 1.000000
	convergence norms :     INITIAL         CURRENT         REQUIRED
	   residual            3.163258e+05    1.170388e-08    3.163258e+02 
	   energy              6.955496e+02    1.325879e-04    6.955496e-02 
	   displacement        1.562715e+00    1.562715e+00    6.250861e-04 
 2
 Nonlinear solution status: time= 0.05
	stiffness updates             = 1
	right hand side evaluations   = 3
	stiffness matrix reformations = 1
	step from line search         = 1.000000
	convergence norms :     INITIAL         CURRENT         REQUIRED
	   residual            3.163258e+05    4.325593e-17    3.163258e+02 
	   energy              6.955496e+02    1.517361e-15    6.955496e-02 
	   displacement        1.562715e+00    6.449805e-14    6.250858e-04 

convergence summary
    number of iterations   : 2
    number of reformations : 1

------- converged at time : 0.05


Data Record #1
===========================================================================
Step = 1
Time = 0.05
Data = shirt_final_coordinates
1,187.9,8.88044300721e-15,-4.82516897094e-15
2,186.99521,16.1630264,-2.72046914286e-15
3,184.289554,32.1703941,-8.53719901327e-16
4,179.809089,47.8679433,-1.41149266602e-15
5,173.596964,63.104498,6.27718887624e-16
6,165.713006,77.7333219,-3.61724335007e-15
7,156.23314,91.6135314,-2.70459108965e-15
8,145.248664,104.611453,2.10236932665e-15
9,132.865364,116.601908,1.57805559254e-15
10,119.202498,127.469424,3.38807121797e-15
11,104.391647,137.109339,-4.04364608094e-15
12,88.5754468,145.428816,-5.77426721428e-15
13,71.9062169,152.347735,-7.45928475579e-15
14,54.5444909,157.799461,-9.5617224651e-15
15,36.6574715,161.731493,-8.05596871262e-15
16,18.4174207,164.105961,-6.8834894084e-15
17,2.05853055018e-14,164.9,-5.74351417924e-15
18,-18.4174207,164.105961,-5.10442934389e-15
19,-36.6574715,161.731493,-5.72412952955e-15
20,-54.5444909,157.799461,-6.27146170878e-15
21,-71.9062169,152.347735,-4.6507245713e-15
22,-88.5754468,145.428816,-6.58634363107e-15
23,-104.391647,137.109339,2.75514760541e-16
24,-119.202498,127.469424,-1.37310097497e-16
25,-132.865364,116.601908,-6.6490904441e-16
26,-145.248664,104.611453,2.12219470501e-16
27,-156.23314,91.6135314,-2.83384565666e-15
28,-165.713006,77.7333219,-3.68185489472e-15
29,-173.596964,63.104498,2.54951115262e-15
30,-179.809089,47.8679433,1.26338307881e-15
31,-184.289554,32.1703941,1.76200342366e-15
32,-186.99521,16.1630264,-1.2194469784e-15
33,-187.9,2.94366239011e-14,-4.14547759011e-15
34,-186.99521,-16.1630264,-3.33593861945e-15
35,-184.289554,-32.1703941,-2.47971388349e-15
36,-179.809089,-47.8679433,-7.44532576004e-16
37,-173.596964,-63.104498,-2.20410791988e-15
38,-165.713006,-77.7333219,-3.89734424177e-15
39,-156.23314,-91.6135314,-1.64250010535e-15
40,-145.248664,-104.611453,3.83511568578e-15
41,-132.865364,-116.601908,-5.38025795215e-16
42,-119.202498,-127.469424,-2.15749377568e-15
43,-104.391647,-137.109339,-4.81177824561e-15
44,-88.5754468,-145.428816,-8.45898993699e-15
45,-71.9062169,-152.347735,-9.58784868422e-15
46,-54.5444909,-157.799461,-9.89541362008e-15
47,-36.6574715,-161.731493,-7.81488061998e-15
48,-18.4174207,-164.105961,-4.52740041602e-15
49,8.27500331785e-15,-164.9,-3.97896480989e-15
50,18.4174207,-164.105961,-2.78908700918e-15
51,36.6574715,-161.731493,-5.71732689055e-15
52,54.5444909,-157.799461,-6.26319258194e-15
53,71.9062169,-152.347735,-4.80884807967e-15
54,88.5754468,-145.428816,-4.23485446753e-15
55,104.391647,-137.109339,6.56323884247e-17
56,119.202498,-127.469424,-3.60742504912e-15
57,132.865364,-116.601908,1.70391168872e-15
58,145.248664,-104.611453,7.44596090818e-16
59,156.23314,-91.6135314,-8.22698398512e-16
60,165.713006,-77.7333219,-3.96157726315e-15
61,173.596964,-63.104498,-8.44717930981e-16
62,179.809089,-47.8679433,1.66185276246e-15
63,184.289554,-32.1703941,-7.80145585734e-16
64,186.99521,-16.1630264,-4.30751222319e-15
65,187.9,6.56772194991e-15,25
66,186.99521,16.1630264,25
67,184.289554,32.1703941,25
68,179.809089,47.8679433,25
69,173.596964,63.104498,25
70,165.713006,77.7333219,25
71,156.23314,91.6135314,25
72,145.248664,104.611453,25
73,132.865364,116.601908,25
74,119.202498,127.469424,25
75,104.391647,137.109339,25
76,88.5754468,145.428816,25
77,71.9062169,152.347735,25
78,54.5444909,157.799461,25
79,36.6574715,161.731493,25
80,18.4174207,164.105961,25
81,2.08141728412e-14,164.9,25
82,-18.4174207,164.105961,25
83,-36.6574715,161.731493,25
84,-54.5444909,157.799461,25
85,-71.9062169,152.347735,25
86,-88.5754468,145.428816,25
87,-104.391647,137.109339,25
88,-119.202498,127.469424,25
89,-132.865364,116.601908,25
90,-145.248664,104.611453,25
91,-156.23314,91.6135314,25
92,-165.713006,77.7333219,25
93,-173.596964,63.104498,25
94,-179.809089,47.8679433,25
95,-184.289554,32.1703941,25
96,-186.99521,16.1630264,25
97,-187.9,2.7569088933e-14,25
98,-186.99521,-16.1630264,25
99,-184.289554,-32.1703941,25
100,-179.809089,-47.8679433,25
101,-173.596964,-63.104498,25
102,-165.713006,-77.7333219,25
103,-156.23314,-91.6135314,25
104,-145.248664,-104.611453,25
105,-132.865364,-116.601908,25
106,-119.202498,-127.469424,25
107,-104.391647,-137.109339,25
108,-88.5754468,-145.428816,25
109,-71.9062169,-152.347735,25
110,-54.5444909,-157.799461,25
111,-36.6574715,-161.731493,25
112,-18.4174207,-164.105961,25
113,6.78208773694e-15,-164.9,25
114,18.4174207,-164.105961,25
115,36.6574715,-161.731493,25
116,54.5444909,-157.799461,25
117,71.9062169,-152.347735,25
118,88.5754468,-145.428816,25
119,104.391647,-137.109339,25
120,119.202498,-127.469424,25
121,132.865364,-116.601908,25
122,145.248664,-104.611453,25
123,156.23314,-91.6135314,25
124,165.713006,-77.7333219,25
125,173.596964,-63.104498,25
126,179.809089,-47.8679433,25
127,184.289554,-32.1703941,25
128,186.99521,-16.1630264,25
129,187.9,7.33468147179e-15,50
130,186.99521,16.1630264,50
131,184.289554,32.1703941,50
132,179.809089,47.8679433,50
133,173.596964,63.104498,50
134,165.713006,77.7333219,50
135,156.23314,91.6135314,50
136,145.248664,104.611453,50
137,132.865364,116.601908,50
138,119.202498,127.469424,50
139,104.391647,137.109339,50
140,88.5754468,145.428816,50
141,71.9062169,152.347735,50
142,54.5444909,157.799461,50
143,36.6574715,161.731493,50
144,18.4174207,164.105961,50
145,2.07255017319e-14,164.9,50
146,-18.4174207,164.105961,50
147,-36.6574715,161.731493,50
148,-54.5444909,157.799461,50
149,-71.9062169,152.347735,50
150,-88.5754468,145.428816,50
151,-104.391647,137.109339,50
152,-119.202498,127.469424,50
153,-132.865364,116.601908,50
154,-145.248664,104.611453,50
155,-156.23314,91.6135314,50
156,-165.713006,77.7333219,50
157,-173.596964,63.104498,50
158,-179.809089,47.8679433,50
159,-184.289554,32.1703941,50
160,-186.99521,16.1630264,50
161,-187.9,2.66157904849e-14,50
162,-186.99521,-16.1630264,50
163,-184.289554,-32.1703941,50
164,-179.809089,-47.8679433,50
165,-173.596964,-63.104498,50
166,-165.713006,-77.7333219,50
167,-156.23314,-91.6135314,50
168,-145.248664,-104.611453,50
169,-132.865364,-116.601908,50
170,-119.202498,-127.469424,50
171,-104.391647,-137.109339,50
172,-88.5754468,-145.428816,50
173,-71.9062169,-152.347735,50
174,-54.5444909,-157.799461,50
175,-36.6574715,-161.731493,50
176,-18.4174207,-164.105961,50
177,6.01284713258e-15,-164.9,50
178,18.4174207,-164.105961,50
179,36.6574715,-161.731493,50
180,54.5444909,-157.799461,50
181,71.9062169,-152.347735,50
182,88.5754468,-145.428816,50
183,104.391647,-137.109339,50
184,119.202498,-127.469424,50
185,132.865364,-116.601908,50
186,145.248664,-104.611453,50
187,156.23314,-91.6135314,50
188,165.713006,-77.7333219,50
189,173.596964,-63.104498,50
190,179.809089,-47.8679433,50
191,184.289554,-32.1703941,50
192,186.99521,-16.1630264,50
193,187.9,6.95851027012e-15,75
194,186.99521,16.1630264,75
195,184.289554,32.1703941,75
196,179.809089,47.8679433,75
197,173.596964,63.104498,75
198,165.713006,77.7333219,75
199,156.23314,91.6135314,75
200,145.248664,104.611453,75
201,132.865364,116.601908,75
202,119.202498,127.469424,75
203,104.391647,137.109339,75
204,88.5754468,145.428816,75
205,71.9062169,152.347735,75
206,54.5444909,157.799461,75
207,36.6574715,161.731493,75
208,18.4174207,164.105961,75
209,2.06552005717e-14,164.9,75
210,-18.4174207,164.105961,75
211,-36.6574715,161.731493,75
212,-54.5444909,157.799461,75
213,-71.9062169,152.347735,75
214,-88.5754468,145.428816,75
215,-104.391647,137.109339,75
216,-119.202498,127.469424,75
217,-132.865364,116.601908,75
218,-145.248664,104.611453,75
219,-156.23314,91.6135314,75
220,-165.713006,77.7333219,75
221,-173.596964,63.104498,75
222,-179.809089,47.8679433,75
223,-184.289554,32.1703941,75
224,-186.99521,16.1630264,75
225,-187.9,2.72577275869e-14,75
226,-186.99521,-16.1630264,75
227,-184.289554,-32.1703941,75
228,-179.809089,-47.8679433,75
229,-173.596964,-63.104498,75
230,-165.713006,-77.7333219,75
231,-156.23314,-91.6135314,75
232,-145.248664,-104.611453,75
233,-132.865364,-116.601908,75
234,-119.202498,-127.469424,75
235,-104.391647,-137.109339,75
236,-88.5754468,-145.428816,75
237,-71.9062169,-152.347735,75
238,-54.5444909,-157.799461,75
239,-36.6574715,-161.731493,75
240,-18.4174207,-164.105961,75
241,4.62540881054e-15,-164.9,75
242,18.4174207,-164.105961,75
243,36.6574715,-161.731493,75
244,54.5444909,-157.799461,75
245,71.9062169,-152.347735,75
246,88.5754468,-145.428816,75
247,104.391647,-137.109339,75
248,119.202498,-127.469424,75
249,132.865364,-116.601908,75
250,145.248664,-104.611453,75
251,156.23314,-91.6135314,75
252,165.713006,-77.7333219,75
253,173.596964,-63.104498,75
254,179.809089,-47.8679433,75
255,184.289554,-32.1703941,75
256,186.99521,-16.1630264,75
257,187.9,5.65726499471e-15,100
258,186.99521,16.1630264,100
259,184.289554,32.1703941,100
260,179.809089,47.8679433,100
261,173.596964,63.104498,100
262,165.713006,77.7333219,100
263,156.23314,91.6135314,100
264,145.248664,104.611453,100
265,132.865364,116.601908,100
266,119.202498,127.469424,100
267,104.391647,137.109339,100
268,88.5754468,145.428816,100
269,71.9062169,152.347735,100
270,54.5444909,157.799461,100
271,36.6574715,161.731493,100
272,18.4174207,164.105961,100
273,2.17997406472e-14,164.9,100
274,-18.4174207,164.105961,100
275,-36.6574715,161.731493,100
276,-54.5444909,157.799461,100
277,-71.9062169,152.347735,100
278,-88.5754468,145.428816,100
279,-104.391647,137.109339,100
280,-119.202498,127.469424,100
281,-132.865364,116.601908,100
282,-145.248664,104.611453,100
283,-156.23314,91.6135314,100
284,-165.713006,77.7333219,100
285,-173.596964,63.104498,100
286,-179.809089,47.8679433,100
287,-184.289554,32.1703941,100
288,-186.99521,16.1630264,100
289,-187.9,2.94447930183e-14,100
290,-186.99521,-16.1630264,100
291,-184.289554,-32.1703941,100
292,-179.809089,-47.8679433,100
293,-173.596964,-63.104498,100
294,-165.713006,-77.7333219,100
295,-156.23314,-91.6135314,100
296,-145.248664,-104.611453,100
297,-132.865364,-116.601908,100
298,-119.202498,-127.469424,100
299,-104.391647,-137.109339,100
300,-88.5754468,-145.428816,100
301,-71.9062169,-152.347735,100
302,-54.5444909,-157.799461,100
303,-36.6574715,-161.731493,100
304,-18.4174207,-164.105961,100
305,3.23115897587e-15,-164.9,100
306,18.4174207,-164.105961,100
307,36.6574715,-161.731493,100
308,54.5444909,-157.799461,100
309,71.9062169,-152.347735,100
310,88.5754468,-145.428816,100
311,104.391647,-137.109339,100
312,119.202498,-127.469424,100
313,132.865364,-116.601908,100
314,145.248664,-104.611453,100
315,156.23314,-91.6135314,100
316,165.713006,-77.7333219,100
317,173.596964,-63.104498,100
318,179.809089,-47.8679433,100
319,184.289554,-32.1703941,100
320,186.99521,-16.1630264,100
321,187.9,6.41815672457e-15,125
322,186.99521,16.1630264,125
323,184.289554,32.1703941,125
324,179.809089,47.8679433,125
325,173.596964,63.104498,125
326,165.713006,77.7333219,125
327,156.23314,91.6135314,125
328,145.248664,104.611453,125
329,132.865364,116.601908,125
330,119.202498,127.469424,125
331,104.391647,137.109339,125
332,88.5754468,145.428816,125
333,71.9062169,152.347735,125
334,54.5444909,157.799461,125
335,36.6574715,161.731493,125
336,18.4174207,164.105961,125
337,2.1403663363e-14,164.9,125
338,-18.4174207,164.105961,125
339,-36.6574715,161.731493,125
340,-54.5444909,157.799461,125
341,-71.9062169,152.347735,125
342,-88.5754468,145.428816,125
343,-104.391647,137.109339,125
344,-119.202498,127.469424,125
345,-132.865364,116.601908,125
346,-145.248664,104.611453,125
347,-156.23314,91.6135314,125
348,-165.713006,77.7333219,125
349,-173.596964,63.104498,125
350,-179.809089,47.8679433,125
351,-184.289554,32.1703941,125
352,-186.99521,16.1630264,125
353,-187.9,2.86166029647e-14,125
354,-186.99521,-16.1630264,125
355,-184.289554,-32.1703941,125
356,-179.809089,-47.8679433,125
357,-173.596964,-63.104498,125
358,-165.713006,-77.7333219,125
359,-156.23314,-91.6135314,125
360,-145.248664,-104.611453,125
361,-132.865364,-116.601908,125
362,-119.202498,-127.469424,125
363,-104.391647,-137.109339,125
364,-88.5754468,-145.428816,125
365,-71.9062169,-152.347735,125
366,-54.5444909,-157.799461,125
367,-36.6574715,-161.731493,125
368,-18.4174207,-164.105961,125
369,3.31368398889e-15,-164.9,125
370,18.4174207,-164.105961,125
371,36.6574715,-161.731493,125
372,54.5444909,-157.799461,125
373,71.9062169,-152.347735,125
374,88.5754468,-145.428816,125
375,104.391647,-137.109339,125
376,119.202498,-127.469424,125
377,132.865364,-116.601908,125
378,145.248664,-104.611453,125
379,156.23314,-91.6135314,125
380,165.713006,-77.7333219,125
381,173.596964,-63.104498,125
382,179.809089,-47.8679433,125
383,184.289554,-32.1703941,125
384,186.99521,-16.1630264,125
385,187.9,5.67216166804e-15,150
386,186.99521,16.1630264,150
387,184.289554,32.1703941,150
388,179.809089,47.8679433,150
389,173.596964,63.104498,150
390,165.713006,77.7333219,150
391,156.23314,91.6135314,150
392,145.248664,104.611453,150
393,132.865364,116.601908,150
394,119.202498,127.469424,150
395,104.391647,137.109339,150
396,88.5754468,145.428816,150
397,71.9062169,152.347735,150
398,54.5444909,157.799461,150
399,36.6574715,161.731493,150
400,18.4174207,164.105961,150
401,2.18712161499e-14,164.9,150
402,-18.4174207,164.105961,150
403,-36.6574715,161.731493,150
404,-54.5444909,157.799461,150
405,-71.9062169,152.347735,150
406,-88.5754468,145.428816,150
407,-104.391647,137.109339,150
408,-119.202498,127.469424,150
409,-132.865364,116.601908,150
410,-145.248664,104.611453,150
411,-156.23314,91.6135314,150
412,-165.713006,77.7333219,150
413,-173.596964,63.104498,150
414,-179.809089,47.8679433,150
415,-184.289554,32.1703941,150
416,-186.99521,16.1630264,150
417,-187.9,2.67995684252e-14,150
418,-186.99521,-16.1630264,150
419,-184.289554,-32.1703941,150
420,-179.809089,-47.8679433,150
421,-173.596964,-63.104498,150
422,-165.713006,-77.7333219,150
423,-156.23314,-91.6135314,150
424,-145.248664,-104.611453,150
425,-132.865364,-116.601908,150
426,-119.202498,-127.469424,150
427,-104.391647,-137.109339,150
428,-88.5754468,-145.428816,150
429,-71.9062169,-152.347735,150
430,-54.5444909,-157.799461,150
431,-36.6574715,-161.731493,150
432,-18.4174207,-164.105961,150
433,3.40214271637e-15,-164.9,150
434,18.4174207,-164.105961,150
435,36.6574715,-161.731493,150
436,54.5444909,-157.799461,150
437,71.9062169,-152.347735,150
438,88.5754468,-145.428816,150
439,104.391647,-137.109339,150
440,119.202498,-127.469424,150
441,132.865364,-116.601908,150
442,145.248664,-104.611453,150
443,156.23314,-91.6135314,150
444,165.713006,-77.7333219,150
445,173.596964,-63.104498,150
446,179.809089,-47.8679433,150
447,184.289554,-32.1703941,150
448,186.99521,-16.1630264,150
449,187.9,4.68941649316e-15,175
450,186.99521,16.1630264,175
451,184.289554,32.1703941,175
452,179.809089,47.8679433,175
453,173.596964,63.104498,175
454,165.713006,77.7333219,175
455,156.23314,91.6135314,175
456,145.248664,104.611453,175
457,132.865364,116.601908,175
458,119.202498,127.469424,175
459,104.391647,137.109339,175
460,88.5754468,145.428816,175
461,71.9062169,152.347735,175
462,54.5444909,157.799461,175
463,36.6574715,161.731493,175
464,18.4174207,164.105961,175
465,2.2384470641e-14,164.9,175
466,-18.4174207,164.105961,175
467,-36.6574715,161.731493,175
468,-54.5444909,157.799461,175
469,-71.9062169,152.347735,175
470,-88.5754468,145.428816,175
471,-104.391647,137.109339,175
472,-119.202498,127.469424,175
473,-132.865364,116.601908,175
474,-145.248664,104.611453,175
475,-156.23314,91.6135314,175
476,-165.713006,77.7333219,175
477,-173.596964,63.104498,175
478,-179.809089,47.8679433,175
479,-184.289554,32.1703941,175
480,-186.99521,16.1630264,175
481,-187.9,2.77962928112e-14,175
482,-186.99521,-16.1630264,175
483,-184.289554,-32.1703941,175
484,-179.809089,-47.8679433,175
485,-173.596964,-63.104498,175
486,-165.713006,-77.7333219,175
487,-156.23314,-91.6135314,175
488,-145.248664,-104.611453,175
489,-132.865364,-116.601908,175
490,-119.202498,-127.469424,175
491,-104.391647,-137.109339,175
492,-88.5754468,-145.428816,175
493,-71.9062169,-152.347735,175
494,-54.5444909,-157.799461,175
495,-36.6574715,-161.731493,175
496,-18.4174207,-164.105961,175
497,2.70337349365e-15,-164.9,175
498,18.4174207,-164.105961,175
499,36.6574715,-161.731493,175
500,54.5444909,-157.799461,175
501,71.9062169,-152.347735,175
502,88.5754468,-145.428816,175
503,104.391647,-137.109339,175
504,119.202498,-127.469424,175
505,132.865364,-116.601908,175
506,145.248664,-104.611453,175
507,156.23314,-91.6135314,175
508,165.713006,-77.7333219,175
509,173.596964,-63.104498,175
510,179.809089,-47.8679433,175
511,184.289554,-32.1703941,175
512,186.99521,-16.1630264,175
513,187.9,3.13469859239e-15,200
514,186.99521,16.1630264,200
515,184.289554,32.1703941,200
516,179.809089,47.8679433,200
517,173.596964,63.104498,200
518,165.713006,77.7333219,200
519,156.23314,91.6135314,200
520,145.248664,104.611453,200
521,132.865364,116.601908,200
522,119.202498,127.469424,200
523,104.391647,137.109339,200
524,88.5754468,145.428816,200
525,71.9062169,152.347735,200
526,54.5444909,157.799461,200
527,36.6574715,161.731493,200
528,18.4174207,164.105961,200
529,2.12530958457e-14,164.9,200
530,-18.4174207,164.105961,200
531,-36.6574715,161.731493,200
532,-54.5444909,157.799461,200
533,-71.9062169,152.347735,200
534,-88.5754468,145.428816,200
535,-104.391647,137.109339,200
536,-119.202498,127.469424,200
537,-132.865364,116.601908,200
538,-145.248664,104.611453,200
539,-156.23314,91.6135314,200
540,-165.713006,77.7333219,200
541,-173.596964,63.104498,200
542,-179.809089,47.8679433,200
543,-184.289554,32.1703941,200
544,-186.99521,16.1630264,200
545,-187.9,2.76444880005e-14,200
546,-186.99521,-16.1630264,200
547,-184.289554,-32.1703941,200
548,-179.809089,-47.8679433,200
549,-173.596964,-63.104498,200
550,-165.713006,-77.7333219,200
551,-156.23314,-91.6135314,200
552,-145.248664,-104.611453,200
553,-132.865364,-116.601908,200
554,-119.202498,-127.469424,200
555,-104.391647,-137.109339,200
556,-88.5754468,-145.428816,200
557,-71.9062169,-152.347735,200
558,-54.5444909,-157.799461,200
559,-36.6574715,-161.731493,200
560,-18.4174207,-164.105961,200
561,2.22036379672e-15,-164.9,200
562,18.4174207,-164.105961,200
563,36.6574715,-161.731493,200
564,54.5444909,-157.799461,200
565,71.9062169,-152.347735,200
566,88.5754468,-145.428816,200
567,104.391647,-137.109339,200
568,119.202498,-127.469424,200
569,132.865364,-116.601908,200
570,145.248664,-104.611453,200
571,156.23314,-91.6135314,200
572,165.713006,-77.7333219,200
573,173.596964,-63.104498,200
574,179.809089,-47.8679433,200
575,184.289554,-32.1703941,200
576,186.99521,-16.1630264,200
577,187.9,3.53745944955e-15,225
578,186.99521,16.1630264,225
579,184.289554,32.1703941,225
580,179.809089,47.8679433,225
581,173.596964,63.104498,225
582,165.713006,77.7333219,225
583,156.23314,91.6135314,225
584,145.248664,104.611453,225
585,132.865364,116.601908,225
586,119.202498,127.469424,225
587,104.391647,137.109339,225
588,88.5754468,145.428816,225
589,71.9062169,152.347735,225
590,54.5444909,157.799461,225
591,36.6574715,161.731493,225
592,18.4174207,164.105961,225
593,2.11523478957e-14,164.9,225
594,-18.4174207,164.105961,225
595,-36.6574715,161.731493,225
596,-54.5444909,157.799461,225
597,-71.9062169,152.347735,225
598,-88.5754468,145.428816,225
599,-104.391647,137.109339,225
600,-119.202498,127.469424,225
601,-132.865364,116.601908,225
602,-145.248664,104.611453,225
603,-156.23314,91.6135314,225
604,-165.713006,77.7333219,225
605,-173.596964,63.104498,225
606,-179.809089,47.8679433,225
607,-184.289554,32.1703941,225
608,-186.99521,16.1630264,225
609,-187.9,2.7530520339e-14,225
610,-186.99521,-16.1630264,225
611,-184.289554,-32.1703941,225
612,-179.809089,-47.8679433,225
613,-173.596964,-63.104498,225
614,-165.713006,-77.7333219,225
615,-156.23314,-91.6135314,225
616,-145.248664,-104.611453,225
617,-132.865364,-116.601908,225
618,-119.202498,-127.469424,225
619,-104.391647,-137.109339,225
620,-88.5754468,-145.428816,225
621,-71.9062169,-152.347735,225
622,-54.5444909,-157.799461,225
623,-36.6574715,-161.731493,225
624,-18.4174207,-164.105961,225
625,2.01445673537e-15,-164.9,225
626,18.4174207,-164.105961,225
627,36.6574715,-161.731493,225
628,54.5444909,-157.799461,225
629,71.9062169,-152.347735,225
630,88.5754468,-145.428816,225
631,104.391647,-137.109339,225
632,119.202498,-127.469424,225
633,132.865364,-116.601908,225
634,145.248664,-104.611453,225
635,156.23314,-91.6135314,225
636,165.713006,-77.7333219,225
637,173.596964,-63.104498,225
638,179.809089,-47.8679433,225
639,184.289554,-32.1703941,225
640,186.99521,-16.1630264,225
641,187.9,3.99887466688e-15,250
642,186.99521,16.1630264,250
643,184.289554,32.1703941,250
644,179.809089,47.8679433,250
645,173.596964,63.104498,250
646,165.713006,77.7333219,250
647,156.23314,91.6135314,250
648,145.248664,104.611453,250
649,132.865364,116.601908,250
650,119.202498,127.469424,250
651,104.391647,137.109339,250
652,88.5754468,145.428816,250
653,71.9062169,152.347735,250
654,54.5444909,157.799461,250
655,36.6574715,161.731493,250
656,18.4174207,164.105961,250
657,2.07737777341e-14,164.9,250
658,-18.4174207,164.105961,250
659,-36.6574715,161.731493,250
660,-54.5444909,157.799461,250
661,-71.9062169,152.347735,250
662,-88.5754468,145.428816,250
663,-104.391647,137.109339,250
664,-119.202498,127.469424,250
665,-132.865364,116.601908,250
666,-145.248664,104.611453,250
667,-156.23314,91.6135314,250
668,-165.713006,77.7333219,250
669,-173.596964,63.104498,250
670,-179.809089,47.8679433,250
671,-184.289554,32.1703941,250
672,-186.99521,16.1630264,250
673,-187.9,2.86474735758e-14,250
674,-186.99521,-16.1630264,250
675,-184.289554,-32.1703941,250
676,-179.809089,-47.8679433,250
677,-173.596964,-63.104498,250
678,-165.713006,-77.7333219,250
679,-156.23314,-91.6135314,250
680,-145.248664,-104.611453,250
681,-132.865364,-116.601908,250
682,-119.202498,-127.469424,250
683,-104.391647,-137.109339,250
684,-88.5754468,-145.428816,250
685,-71.9062169,-152.347735,250
686,-54.5444909,-157.799461,250
687,-36.6574715,-161.731493,250
688,-18.4174207,-164.105961,250
689,1.90670006774e-15,-164.9,250
690,18.4174207,-164.105961,250
691,36.6574715,-161.731493,250
692,54.5444909,-157.799461,250
693,71.9062169,-152.347735,250
694,88.5754468,-145.428816,250
695,104.391647,-137.109339,250
696,119.202498,-127.469424,250
697,132.865364,-116.601908,250
698,145.248664,-104.611453,250
699,156.23314,-91.6135314,250
700,165.713006,-77.7333219,250
701,173.596964,-63.104498,250
702,179.809089,-47.8679433,250
703,184.289554,-32.1703941,250
704,186.99521,-16.1630264,250
705,187.9,4.40704041401e-15,275
706,186.99521,16.1630264,275
707,184.289554,32.1703941,275
708,179.809089,47.8679433,275
709,173.596964,63.104498,275
710,165.713006,77.7333219,275
711,156.23314,91.6135314,275
712,145.248664,104.611453,275
713,132.865364,116.601908,275
714,119.202498,127.469424,275
715,104.391647,137.109339,275
716,88.5754468,145.428816,275
717,71.9062169,152.347735,275
718,54.5444909,157.799461,275
719,36.6574715,161.731493,275
720,18.4174207,164.105961,275
721,1.99380136954e-14,164.9,275
722,-18.4174207,164.105961,275
723,-36.6574715,161.731493,275
724,-54.5444909,157.799461,275
725,-71.9062169,152.347735,275
726,-88.5754468,145.428816,275
727,-104.391647,137.109339,275
728,-119.202498,127.469424,275
729,-132.865364,116.601908,275
730,-145.248664,104.611453,275
731,-156.23314,91.6135314,275
732,-165.713006,77.7333219,275
733,-173.596964,63.104498,275
734,-179.809089,47.8679433,275
735,-184.289554,32.1703941,275
736,-186.99521,16.1630264,275
737,-187.9,2.81712093164e-14,275
738,-186.99521,-16.1630264,275
739,-184.289554,-32.1703941,275
740,-179.809089,-47.8679433,275
741,-173.596964,-63.104498,275
742,-165.713006,-77.7333219,275
743,-156.23314,-91.6135314,275
744,-145.248664,-104.611453,275
745,-132.865364,-116.601908,275
746,-119.202498,-127.469424,275
747,-104.391647,-137.109339,275
748,-88.5754468,-145.428816,275
749,-71.9062169,-152.347735,275
750,-54.5444909,-157.799461,275
751,-36.6574715,-161.731493,275
752,-18.4174207,-164.105961,275
753,9.63227949146e-16,-164.9,275
754,18.4174207,-164.105961,275
755,36.6574715,-161.731493,275
756,54.5444909,-157.799461,275
757,71.9062169,-152.347735,275
758,88.5754468,-145.428816,275
759,104.391647,-137.109339,275
760,119.202498,-127.469424,275
761,132.865364,-116.601908,275
762,145.248664,-104.611453,275
763,156.23314,-91.6135314,275
764,165.713006,-77.7333219,275
765,173.596964,-63.104498,275
766,179.809089,-47.8679433,275
767,184.289554,-32.1703941,275
768,186.99521,-16.1630264,275
769,187.9,5.13047207111e-15,300
770,186.99521,16.1630264,300
771,184.289554,32.1703941,300
772,179.809089,47.8679433,300
773,173.596964,63.104498,300
774,165.713006,77.7333219,300
775,156.23314,91.6135314,300
776,145.248664,104.611453,300
777,132.865364,116.601908,300
778,119.202498,127.469424,300
779,104.391647,137.109339,300
780,88.5754468,145.428816,300
781,71.9062169,152.347735,300
782,54.5444909,157.799461,300
783,36.6574715,161.731493,300
784,18.4174207,164.105961,300
785,1.83850995585e-14,164.9,300
786,-18.4174207,164.105961,300
787,-36.6574715,161.731493,300
788,-54.5444909,157.799461,300
789,-71.9062169,152.347735,300
790,-88.5754468,145.428816,300
791,-104.391647,137.109339,300
792,-119.202498,127.469424,300
793,-132.865364,116.601908,300
794,-145.248664,104.611453,300
795,-156.23314,91.6135314,300
796,-165.713006,77.7333219,300
797,-173.596964,63.104498,300
798,-179.809089,47.8679433,300
799,-184.289554,32.1703941,300
800,-186.99521,16.1630264,300
801,-187.9,2.82376032932e-14,300
802,-186.99521,-16.1630264,300
803,-184.289554,-32.1703941,300
804,-179.809089,-47.8679433,300
805,-173.596964,-63.104498,300
806,-165.713006,-77.7333219,300
807,-156.23314,-91.6135314,300
808,-145.248664,-104.611453,300
809,-132.865364,-116.601908,300
810,-119.202498,-127.469424,300
811,-104.391647,-137.109339,300
812,-88.5754468,-145.428816,300
813,-71.9062169,-152.347735,300
814,-54.5444909,-157.799461,300
815,-36.6574715,-161.731493,300
816,-18.4174207,-164.105961,300
817,8.8557047539e-16,-164.9,300
818,18.4174207,-164.105961,300
819,36.6574715,-161.731493,300
820,54.5444909,-157.799461,300
821,71.9062169,-152.347735,300
822,88.5754468,-145.428816,300
823,104.391647,-137.109339,300
824,119.202498,-127.469424,300
825,132.865364,-116.601908,300
826,145.248664,-104.611453,300
827,156.23314,-91.6135314,300
828,165.713006,-77.7333219,300
829,173.596964,-63.104498,300
830,179.809089,-47.8679433,300
831,184.289554,-32.1703941,300
832,186.99521,-16.1630264,300
833,187.9,4.82053149894e-15,325
834,186.99521,16.1630264,325
835,184.289554,32.1703941,325
836,179.809089,47.8679433,325
837,173.596964,63.104498,325
838,165.713006,77.7333219,325
839,156.23314,91.6135314,325
840,145.248664,104.611453,325
841,132.865364,116.601908,325
842,119.202498,127.469424,325
843,104.391647,137.109339,325
844,88.5754468,145.428816,325
845,71.9062169,152.347735,325
846,54.5444909,157.799461,325
847,36.6574715,161.731493,325
848,18.4174207,164.105961,325
849,1.84314013273e-14,164.9,325
850,-18.4174207,164.105961,325
851,-36.6574715,161.731493,325
852,-54.5444909,157.799461,325
853,-71.9062169,152.347735,325
854,-88.5754468,145.428816,325
855,-104.391647,137.109339,325
856,-119.202498,127.469424,325
857,-132.865364,116.601908,325
858,-145.248664,104.611453,325
859,-156.23314,91.6135314,325
860,-165.713006,77.7333219,325
861,-173.596964,63.104498,325
862,-179.809089,47.8679433,325
863,-184.289554,32.1703941,325
864,-186.99521,16.1630264,325
865,-187.9,2.78345447029e-14,325
866,-186.99521,-16.1630264,325
867,-184.289554,-32.1703941,325
868,-179.809089,-47.8679433,325
869,-173.596964,-63.104498,325
870,-165.713006,-77.7333219,325
871,-156.23314,-91.6135314,325
872,-145.248664,-104.611453,325
873,-132.865364,-116.601908,325
874,-119.202498,-127.469424,325
875,-104.391647,-137.109339,325
876,-88.5754468,-145.428816,325
877,-71.9062169,-152.347735,325
878,-54.5444909,-157.799461,325
879,-36.6574715,-161.731493,325
880,-18.4174207,-164.105961,325
881,1.32963816797e-15,-164.9,325
882,18.4174207,-164.105961,325
883,36.6574715,-161.731493,325
884,54.5444909,-157.799461,325
885,71.9062169,-152.347735,325
886,88.5754468,-145.428816,325
887,104.391647,-137.109339,325
888,119.202498,-127.469424,325
889,132.865364,-116.601908,325
890,145.248664,-104.611453,325
891,156.23314,-91.6135314,325
892,165.713006,-77.7333219,325
893,173.596964,-63.104498,325
894,179.809089,-47.8679433,325
895,184.289554,-32.1703941,325
896,186.99521,-16.1630264,325
897,187.9,4.44356011122e-15,350
898,186.99521,16.1630264,350
899,184.289554,32.1703941,350
900,179.809089,47.8679433,350
901,173.596964,63.104498,350
902,165.713006,77.7333219,350
903,156.23314,91.6135314,350
904,145.248664,104.611453,350
905,132.865364,116.601908,350
906,119.202498,127.469424,350
907,104.391647,137.109339,350
908,88.5754468,145.428816,350
909,71.9062169,152.347735,350
910,54.5444909,157.799461,350
911,36.6574715,161.731493,350
912,18.4174207,164.105961,350
913,1.73591434765e-14,164.9,350
914,-18.4174207,164.105961,350
915,-36.6574715,161.731493,350
916,-54.5444909,157.799461,350
917,-71.9062169,152.347735,350
918,-88.5754468,145.428816,350
919,-104.391647,137.109339,350
920,-119.202498,127.469424,350
921,-132.865364,116.601908,350
922,-145.248664,104.611453,350
923,-156.23314,91.6135314,350
924,-165.713006,77.7333219,350
925,-173.596964,63.104498,350
926,-179.809089,47.8679433,350
927,-184.289554,32.1703941,350
928,-186.99521,16.1630264,350
929,-187.9,2.70331043324e-14,350
930,-186.99521,-16.1630264,350
931,-184.289554,-32.1703941,350
932,-179.809089,-47.8679433,350
933,-173.596964,-63.104498,350
934,-165.713006,-77.7333219,350
935,-156.23314,-91.6135314,350
936,-145.248664,-104.611453,350
937,-132.865364,-116.601908,350
938,-119.202498,-127.469424,350
939,-104.391647,-137.109339,350
940,-88.5754468,-145.428816,350
941,-71.9062169,-152.347735,350
942,-54.5444909,-157.799461,350
943,-36.6574715,-161.731493,350
944,-18.4174207,-164.105961,350
945,-3.08140643208e-16,-164.9,350
946,18.4174207,-164.105961,350
947,36.6574715,-161.731493,350
948,54.5444909,-157.799461,350
949,71.9062169,-152.347735,350
950,88.5754468,-145.428816,350
951,104.391647,-137.109339,350
952,119.202498,-127.469424,350
953,132.865364,-116.601908,350
954,145.248664,-104.611453,350
955,156.23314,-91.6135314,350
956,165.713006,-77.7333219,350
957,173.596964,-63.104498,350
958,179.809089,-47.8679433,350
959,184.289554,-32.1703941,350
960,186.99521,-16.1630264,350
961,187.9,4.23151229228e-15,375
962,186.99521,16.1630264,375
963,184.289554,32.1703941,375
964,179.809089,47.8679433,375
965,173.596964,63.104498,375
966,165.713006,77.7333219,375
967,156.23314,91.6135314,375
968,145.248664,104.611453,375
969,132.865364,116.601908,375
970,119.202498,127.469424,375
971,104.391647,137.109339,375
972,88.5754468,145.428816,375
973,71.9062169,152.347735,375
974,54.5444909,157.799461,375
975,36.6574715,161.731493,375
976,18.4174207,164.105961,375
977,1.87477391174e-14,164.9,375
978,-18.4174207,164.105961,375
979,-36.6574715,161.731493,375
980,-54.5444909,157.799461,375
981,-71.9062169,152.347735,375
982,-88.5754468,145.428816,375
983,-104.391647,137.109339,375
984,-119.202498,127.469424,375
985,-132.865364,116.601908,375
986,-145.248664,104.611453,375
987,-156.23314,91.6135314,375
988,-165.713006,77.7333219,375
989,-173.596964,63.104498,375
990,-179.809089,47.8679433,375
991,-184.289554,32.1703941,375
992,-186.99521,16.1630264,375
993,-187.9,2.72983503087e-14,375
994,-186.99521,-16.1630264,375
995,-184.289554,-32.1703941,375
996,-179.809089,-47.8679433,375
997,-173.596964,-63.104498,375
998,-165.713006,-77.7333219,375
999,-156.23314,-91.6135314,375
1000,-145.248664,-104.611453,375
1001,-132.865364,-116.601908,375
1002,-119.202498,-127.469424,375
1003,-104.391647,-137.109339,375
1004,-88.5754468,-145.428816,375
1005,-71.9062169,-152.347735,375
1006,-54.5444909,-157.799461,375
1007,-36.6574715,-161.731493,375
1008,-18.4174207,-164.105961,375
1009,-5.20415881981e-16,-164.9,375
1010,18.4174207,-164.105961,375
1011,36.6574715,-161.731493,375
1012,54.5444909,-157.799461,375
1013,71.9062169,-152.347735,375
1014,88.5754468,-145.428816,375
1015,104.391647,-137.109339,375
1016,119.202498,-127.469424,375
1017,132.865364,-116.601908,375
1018,145.248664,-104.611453,375
1019,156.23314,-91.6135314,375
1020,165.713006,-77.7333219,375
1021,173.596964,-63.104498,375
1022,179.809089,-47.8679433,375
1023,184.289554,-32.1703941,375
1024,186.99521,-16.1630264,375
1025,187.9,3.2045973753e-15,400
1026,186.99521,16.1630264,400
1027,184.289554,32.1703941,400
1028,179.809089,47.8679433,400
1029,173.596964,63.104498,400
1030,165.713006,77.7333219,400
1031,156.23314,91.6135314,400
1032,145.248664,104.611453,400
1033,132.865364,116.601908,400
1034,119.202498,127.469424,400
1035,104.391647,137.109339,400
1036,88.5754468,145.428816,400
1037,71.9062169,152.347735,400
1038,54.5444909,157.799461,400
1039,36.6574715,161.731493,400
1040,18.4174207,164.105961,400
1041,1.67665341713e-14,164.9,400
1042,-18.4174207,164.105961,400
1043,-36.6574715,161.731493,400
1044,-54.5444909,157.799461,400
1045,-71.9062169,152.347735,400
1046,-88.5754468,145.428816,400
1047,-104.391647,137.109339,400
1048,-119.202498,127.469424,400
1049,-132.865364,116.601908,400
1050,-145.248664,104.611453,400
1051,-156.23314,91.6135314,400
1052,-165.713006,77.7333219,400
1053,-173.596964,63.104498,400
1054,-179.809089,47.8679433,400
1055,-184.289554,32.1703941,400
1056,-186.99521,16.1630264,400
1057,-187.9,2.56762956737e-14,400
1058,-186.99521,-16.1630264,400
1059,-184.289554,-32.1703941,400
1060,-179.809089,-47.8679433,400
1061,-173.596964,-63.104498,400
1062,-165.713006,-77.7333219,400
1063,-156.23314,-91.6135314,400
1064,-145.248664,-104.611453,400
1065,-132.865364,-116.601908,400
1066,-119.202498,-127.469424,400
1067,-104.391647,-137.109339,400
1068,-88.5754468,-145.428816,400
1069,-71.9062169,-152.347735,400
1070,-54.5444909,-157.799461,400
1071,-36.6574715,-161.731493,400
1072,-18.4174207,-164.105961,400
1073,1.84000639641e-15,-164.9,400
1074,18.4174207,-164.105961,400
1075,36.6574715,-161.731493,400
1076,54.5444909,-157.799461,400
1077,71.9062169,-152.347735,400
1078,88.5754468,-145.428816,400
1079,104.391647,-137.109339,400
1080,119.202498,-127.469424,400
1081,132.865364,-116.601908,400
1082,145.248664,-104.611453,400
1083,156.23314,-91.6135314,400
1084,165.713006,-77.7333219,400
1085,173.596964,-63.104498,400
1086,179.809089,-47.8679433,400
1087,184.289554,-32.1703941,400
1088,186.99521,-16.1630264,400
1089,187.9,3.6924732634e-15,425
1090,186.99521,16.1630264,425
1091,184.289554,32.1703941,425
1092,179.809089,47.8679433,425
1093,173.596964,63.104498,425
1094,165.713006,77.7333219,425
1095,156.23314,91.6135314,425
1096,145.248664,104.611453,425
1097,132.865364,116.601908,425
1098,119.202498,127.469424,425
1099,104.391647,137.109339,425
1100,88.5754468,145.428816,425
1101,71.9062169,152.347735,425
1102,54.5444909,157.799461,425
1103,36.6574715,161.731493,425
1104,18.4174207,164.105961,425
1105,1.65275713417e-14,164.9,425
1106,-18.4174207,164.105961,425
1107,-36.6574715,161.731493,425
1108,-54.5444909,157.799461,425
1109,-71.9062169,152.347735,425
1110,-88.5754468,145.428816,425
1111,-104.391647,137.109339,425
1112,-119.202498,127.469424,425
1113,-132.865364,116.601908,425
1114,-145.248664,104.611453,425
1115,-156.23314,91.6135314,425
1116,-165.713006,77.7333219,425
1117,-173.596964,63.104498,425
1118,-179.809089,47.8679433,425
1119,-184.289554,32.1703941,425
1120,-186.99521,16.1630264,425
1121,-187.9,2.64151618593e-14,425
1122,-186.99521,-16.1630264,425
1123,-184.289554,-32.1703941,425
1124,-179.809089,-47.8679433,425
1125,-173.596964,-63.104498,425
1126,-165.713006,-77.7333219,425
1127,-156.23314,-91.6135314,425
1128,-145.248664,-104.611453,425
1129,-132.865364,-116.601908,425
1130,-119.202498,-127.469424,425
1131,-104.391647,-137.109339,425
1132,-88.5754468,-145.428816,425
1133,-71.9062169,-152.347735,425
1134,-54.5444909,-157.799461,425
1135,-36.6574715,-161.731493,425
1136,-18.4174207,-164.105961,425
1137,1.02293176611e-15,-164.9,425
1138,18.4174207,-164.105961,425
1139,36.6574715,-161.731493,425
1140,54.5444909,-157.799461,425
1141,71.9062169,-152.347735,425
1142,88.5754468,-145.428816,425
1143,104.391647,-137.109339,425
1144,119.202498,-127.469424,425
1145,132.865364,-116.601908,425
1146,145.248664,-104.611453,425
1147,156.23314,-91.6135314,425
1148,165.713006,-77.7333219,425
1149,173.596964,-63.104498,425
1150,179.809089,-47.8679433,425
1151,184.289554,-32.1703941,425
1152,186.99521,-16.1630264,425
1153,187.9,2.1007380679e-15,450
1154,186.99521,16.1630264,450
1155,184.289554,32.1703941,450
1156,179.809089,47.8679433,450
1157,173.596964,63.104498,450
1158,165.713006,77.7333219,450
1159,156.23314,91.6135314,450
1160,145.248664,104.611453,450
1161,132.865364,116.601908,450
1162,119.202498,127.469424,450
1163,104.391647,137.109339,450
1164,88.5754468,145.428816,450
1165,71.9062169,152.347735,450
1166,54.5444909,157.799461,450
1167,36.6574715,161.731493,450
1168,18.4174207,164.105961,450
1169,1.66267280819e-14,164.9,450
1170,-18.4174207,164.105961,450
1171,-36.6574715,161.731493,450
1172,-54.5444909,157.799461,450
1173,-71.9062169,152.347735,450
1174,-88.5754468,145.428816,450
1175,-104.391647,137.109339,450
1176,-119.202498,127.469424,450
1177,-132.865364,116.601908,450
1178,-145.248664,104.611453,450
1179,-156.23314,91.6135314,450
1180,-165.713006,77.7333219,450
1181,-173.596964,63.104498,450
1182,-179.809089,47.8679433,450
1183,-184.289554,32.1703941,450
1184,-186.99521,16.1630264,450
1185,-187.9,2.47922454909e-14,450
1186,-186.99521,-16.1630264,450
1187,-184.289554,-32.1703941,450
1188,-179.809089,-47.8679433,450
1189,-173.596964,-63.104498,450
1190,-165.713006,-77.7333219,450
1191,-156.23314,-91.6135314,450
1192,-145.248664,-104.611453,450
1193,-132.865364,-116.601908,450
1194,-119.202498,-127.469424,450
1195,-104.391647,-137.109339,450
1196,-88.5754468,-145.428816,450
1197,-71.9062169,-152.347735,450
1198,-54.5444909,-157.799461,450
1199,-36.6574715,-161.731493,450
1200,-18.4174207,-164.105961,450
1201,1.23345016168e-15,-164.9,450
1202,18.4174207,-164.105961,450
1203,36.6574715,-161.731493,450
1204,54.5444909,-157.799461,450
1205,71.9062169,-152.347735,450
1206,88.5754468,-145.428816,450
1207,104.391647,-137.109339,450
1208,119.202498,-127.469424,450
1209,132.865364,-116.601908,450
1210,145.248664,-104.611453,450
1211,156.23314,-91.6135314,450
1212,165.713006,-77.7333219,450
1213,173.596964,-63.104498,450
1214,179.809089,-47.8679433,450
1215,184.289554,-32.1703941,450
1216,186.99521,-16.1630264,450
1217,187.9,3.46935619736e-15,475
1218,186.99521,16.1630264,475
1219,184.289554,32.1703941,475
1220,179.809089,47.8679433,475
1221,173.596964,63.104498,475
1222,165.713006,77.7333219,475
1223,156.23314,91.6135314,475
1224,145.248664,104.611453,475
1225,132.865364,116.601908,475
1226,119.202498,127.469424,475
1227,104.391647,137.109339,475
1228,88.5754468,145.428816,475
1229,71.9062169,152.347735,475
1230,54.5444909,157.799461,475
1231,36.6574715,161.731493,475
1232,18.4174207,164.105961,475
1233,1.6076351112e-14,164.9,475
1234,-18.4174207,164.105961,475
1235,-36.6574715,161.731493,475
1236,-54.5444909,157.799461,475
1237,-71.9062169,152.347735,475
1238,-88.5754468,145.428816,475
1239,-104.391647,137.109339,475
1240,-119.202498,127.469424,475
1241,-132.865364,116.601908,475
1242,-145.248664,104.611453,475
1243,-156.23314,91.6135314,475
1244,-165.713006,77.7333219,475
1245,-173.596964,63.104498,475
1246,-179.809089,47.8679433,475
1247,-184.289554,32.1703941,475
1248,-186.99521,16.1630264,475
1249,-187.9,2.60409223836e-14,475
1250,-186.99521,-16.1630264,475
1251,-184.289554,-32.1703941,475
1252,-179.809089,-47.8679433,475
1253,-173.596964,-63.104498,475
1254,-165.713006,-77.7333219,475
1255,-156.23314,-91.6135314,475
1256,-145.248664,-104.611453,475
1257,-132.865364,-116.601908,475
1258,-119.202498,-127.469424,475
1259,-104.391647,-137.109339,475
1260,-88.5754468,-145.428816,475
1261,-71.9062169,-152.347735,475
1262,-54.5444909,-157.799461,475
1263,-36.6574715,-161.731493,475
1264,-18.4174207,-164.105961,475
1265,4.40562807832e-16,-164.9,475
1266,18.4174207,-164.105961,475
1267,36.6574715,-161.731493,475
1268,54.5444909,-157.799461,475
1269,71.9062169,-152.347735,475
1270,88.5754468,-145.428816,475
1271,104.391647,-137.109339,475
1272,119.202498,-127.469424,475
1273,132.865364,-116.601908,475
1274,145.248664,-104.611453,475
1275,156.23314,-91.6135314,475
1276,165.713006,-77.7333219,475
1277,173.596964,-63.104498,475
1278,179.809089,-47.8679433,475
1279,184.289554,-32.1703941,475
1280,186.99521,-16.1630264,475
1281,187.9,1.58078549557e-15,500
1282,186.99521,16.1630264,500
1283,184.289554,32.1703941,500
1284,179.809089,47.8679433,500
1285,173.596964,63.104498,500
1286,165.713006,77.7333219,500
1287,156.23314,91.6135314,500
1288,145.248664,104.611453,500
1289,132.865364,116.601908,500
1290,119.202498,127.469424,500
1291,104.391647,137.109339,500
1292,88.5754468,145.428816,500
1293,71.9062169,152.347735,500
1294,54.5444909,157.799461,500
1295,36.6574715,161.731493,500
1296,18.4174207,164.105961,500
1297,1.48447286749e-14,164.9,500
1298,-18.4174207,164.105961,500
1299,-36.6574715,161.731493,500
1300,-54.5444909,157.799461,500
1301,-71.9062169,152.347735,500
1302,-88.5754468,145.428816,500
1303,-104.391647,137.109339,500
1304,-119.202498,127.469424,500
1305,-132.865364,116.601908,500
1306,-145.248664,104.611453,500
1307,-156.23314,91.6135314,500
1308,-165.713006,77.7333219,500
1309,-173.596964,63.104498,500
1310,-179.809089,47.8679433,500
1311,-184.289554,32.1703941,500
1312,-186.99521,16.1630264,500
1313,-187.9,2.42606352465e-14,500
1314,-186.99521,-16.1630264,500
1315,-184.289554,-32.1703941,500
1316,-179.809089,-47.8679433,500
1317,-173.596964,-63.104498,500
1318,-165.713006,-77.7333219,500
1319,-156.23314,-91.6135314,500
1320,-145.248664,-104.611453,500
1321,-132.865364,-116.601908,500
1322,-119.202498,-127.469424,500
1323,-104.391647,-137.109339,500
1324,-88.5754468,-145.428816,500
1325,-71.9062169,-152.347735,500
1326,-54.5444909,-157.799461,500
1327,-36.6574715,-161.731493,500
1328,-18.4174207,-164.105961,500
1329,-1.84074459545e-16,-164.9,500
1330,18.4174207,-164.105961,500
1331,36.6574715,-161.731493,500
1332,54.5444909,-157.799461,500
1333,71.9062169,-152.347735,500
1334,88.5754468,-145.428816,500
1335,104.391647,-137.109339,500
1336,119.202498,-127.469424,500
1337,132.865364,-116.601908,500
1338,145.248664,-104.611453,500
1339,156.23314,-91.6135314,500
1340,165.713006,-77.7333219,500
1341,173.596964,-63.104498,500
1342,179.809089,-47.8679433,500
1343,184.289554,-32.1703941,500
1344,186.99521,-16.1630264,500
1345,187.9,2.68384121421e-15,525
1346,186.99521,16.1630264,525
1347,184.289554,32.1703941,525
1348,179.809089,47.8679433,525
1349,173.596964,63.104498,525
1350,165.713006,77.7333219,525
1351,156.23314,91.6135314,525
1352,145.248664,104.611453,525
1353,132.865364,116.601908,525
1354,119.202498,127.469424,525
1355,104.391647,137.109339,525
1356,88.5754468,145.428816,525
1357,71.9062169,152.347735,525
1358,54.5444909,157.799461,525
1359,36.6574715,161.731493,525
1360,18.4174207,164.105961,525
1361,1.37742073934e-14,164.9,525
1362,-18.4174207,164.105961,525
1363,-36.6574715,161.731493,525
1364,-54.5444909,157.799461,525
1365,-71.9062169,152.347735,525
1366,-88.5754468,145.428816,525
1367,-104.391647,137.109339,525
1368,-119.202498,127.469424,525
1369,-132.865364,116.601908,525
1370,-145.248664,104.611453,525
1371,-156.23314,91.6135314,525
1372,-165.713006,77.7333219,525
1373,-173.596964,63.104498,525
1374,-179.809089,47.8679433,525
1375,-184.289554,32.1703941,525
1376,-186.99521,16.1630264,525
1377,-187.9,2.3581178336e-14,525
1378,-186.99521,-16.1630264,525
1379,-184.289554,-32.1703941,525
1380,-179.809089,-47.8679433,525
1381,-173.596964,-63.104498,525
1382,-165.713006,-77.7333219,525
1383,-156.23314,-91.6135314,525
1384,-145.248664,-104.611453,525
1385,-132.865364,-116.601908,525
1386,-119.202498,-127.469424,525
1387,-104.391647,-137.109339,525
1388,-88.5754468,-145.428816,525
1389,-71.9062169,-152.347735,525
1390,-54.5444909,-157.799461,525
1391,-36.6574715,-161.731493,525
1392,-18.4174207,-164.105961,525
1393,3.08648129976e-16,-164.9,525
1394,18.4174207,-164.105961,525
1395,36.6574715,-161.731493,525
1396,54.5444909,-157.799461,525
1397,71.9062169,-152.347735,525
1398,88.5754468,-145.428816,525
1399,104.391647,-137.109339,525
1400,119.202498,-127.469424,525
1401,132.865364,-116.601908,525
1402,145.248664,-104.611453,525
1403,156.23314,-91.6135314,525
1404,165.713006,-77.7333219,525
1405,173.596964,-63.104498,525
1406,179.809089,-47.8679433,525
1407,184.289554,-32.1703941,525
1408,186.99521,-16.1630264,525
1409,187.9,2.17736364596e-15,550
1410,186.99521,16.1630264,550
1411,184.289554,32.1703941,550
1412,179.809089,47.8679433,550
1413,173.596964,63.104498,550
1414,165.713006,77.7333219,550
1415,156.23314,91.6135314,550
1416,145.248664,104.611453,550
1417,132.865364,116.601908,550
1418,119.202498,127.469424,550
1419,104.391647,137.109339,550
1420,88.5754468,145.428816,550
1421,71.9062169,152.347735,550
1422,54.5444909,157.799461,550
1423,36.6574715,161.731493,550
1424,18.4174207,164.105961,550
1425,1.31623988955e-14,164.9,550
1426,-18.4174207,164.105961,550
1427,-36.6574715,161.731493,550
1428,-54.5444909,157.799461,550
1429,-71.9062169,152.347735,550
1430,-88.5754468,145.428816,550
1431,-104.391647,137.109339,550
1432,-119.202498,127.469424,550
1433,-132.865364,116.601908,550
1434,-145.248664,104.611453,550
1435,-156.23314,91.6135314,550
1436,-165.713006,77.7333219,550
1437,-173.596964,63.104498,550
1438,-179.809089,47.8679433,550
1439,-184.289554,32.1703941,550
1440,-186.99521,16.1630264,550
1441,-187.9,2.19518456732e-14,550
1442,-186.99521,-16.1630264,550
1443,-184.289554,-32.1703941,550
1444,-179.809089,-47.8679433,550
1445,-173.596964,-63.104498,550
1446,-165.713006,-77.7333219,550
1447,-156.23314,-91.6135314,550
1448,-145.248664,-104.611453,550
1449,-132.865364,-116.601908,550
1450,-119.202498,-127.469424,550
1451,-104.391647,-137.109339,550
1452,-88.5754468,-145.428816,550
1453,-71.9062169,-152.347735,550
1454,-54.5444909,-157.799461,550
1455,-36.6574715,-161.731493,550
1456,-18.4174207,-164.105961,550
1457,-5.48354985654e-16,-164.9,550
1458,18.4174207,-164.105961,550
1459,36.6574715,-161.731493,550
1460,54.5444909,-157.799461,550
1461,71.9062169,-152.347735,550
1462,88.5754468,-145.428816,550
1463,104.391647,-137.109339,550
1464,119.202498,-127.469424,550
1465,132.865364,-116.601908,550
1466,145.248664,-104.611453,550
1467,156.23314,-91.6135314,550
1468,165.713006,-77.7333219,550
1469,173.596964,-63.104498,550
1470,179.809089,-47.8679433,550
1471,184.289554,-32.1703941,550
1472,186.99521,-16.1630264,550
1473,187.9,2.69921100659e-15,575
1474,186.99521,16.1630264,575
1475,184.289554,32.1703941,575
1476,179.809089,47.8679433,575
1477,173.596964,63.104498,575
1478,165.713006,77.7333219,575
1479,156.23314,91.6135314,575
1480,145.248664,104.611453,575
1481,132.865364,116.601908,575
1482,119.202498,127.469424,575
1483,104.391647,137.109339,575
1484,88.5754468,145.428816,575
1485,71.9062169,152.347735,575
1486,54.5444909,157.799461,575
1487,36.6574715,161.731493,575
1488,18.4174207,164.105961,575
1489,1.29466361619e-14,164.9,575
1490,-18.4174207,164.105961,575
1491,-36.6574715,161.731493,575
1492,-54.5444909,157.799461,575
1493,-71.9062169,152.347735,575
1494,-88.5754468,145.428816,575
1495,-104.391647,137.109339,575
1496,-119.202498,127.469424,575
1497,-132.865364,116.601908,575
1498,-145.248664,104.611453,575
1499,-156.23314,91.6135314,575
1500,-165.713006,77.7333219,575
1501,-173.596964,63.104498,575
1502,-179.809089,47.8679433,575
1503,-184.289554,32.1703941,575
1504,-186.99521,16.1630264,575
1505,-187.9,2.30456355565e-14,575
1506,-186.99521,-16.1630264,575
1507,-184.289554,-32.1703941,575
1508,-179.809089,-47.8679433,575
1509,-173.596964,-63.104498,575
1510,-165.713006,-77.7333219,575
1511,-156.23314,-91.6135314,575
1512,-145.248664,-104.611453,575
1513,-132.865364,-116.601908,575
1514,-119.202498,-127.469424,575
1515,-104.391647,-137.109339,575
1516,-88.5754468,-145.428816,575
1517,-71.9062169,-152.347735,575
1518,-54.5444909,-157.799461,575
1519,-36.6574715,-161.731493,575
1520,-18.4174207,-164.105961,575
1521,6.5176093268e-16,-164.9,575
1522,18.4174207,-164.105961,575
1523,36.6574715,-161.731493,575
1524,54.5444909,-157.799461,575
1525,71.9062169,-152.347735,575
1526,88.5754468,-145.428816,575
1527,104.391647,-137.109339,575
1528,119.202498,-127.469424,575
1529,132.865364,-116.601908,575
1530,145.248664,-104.611453,575
1531,156.23314,-91.6135314,575
1532,165.713006,-77.7333219,575
1533,173.596964,-63.104498,575
1534,179.809089,-47.8679433,575
1535,184.289554,-32.1703941,575
1536,186.99521,-16.1630264,575
1537,187.9,1.0951037718e-15,600
1538,186.99521,16.1630264,600
1539,184.289554,32.1703941,600
1540,179.809089,47.8679433,600
1541,173.596964,63.104498,600
1542,165.713006,77.7333219,600
1543,156.23314,91.6135314,600
1544,145.248664,104.611453,600
1545,132.865364,116.601908,600
1546,119.202498,127.469424,600
1547,104.391647,137.109339,600
1548,88.5754468,145.428816,600
1549,71.9062169,152.347735,600
1550,54.5444909,157.799461,600
1551,36.6574715,161.731493,600
1552,18.4174207,164.105961,600
1553,1.31467102457e-14,164.9,600
1554,-18.4174207,164.105961,600
1555,-36.6574715,161.731493,600
1556,-54.5444909,157.799461,600
1557,-71.9062169,152.347735,600
1558,-88.5754468,145.428816,600
1559,-104.391647,137.109339,600
1560,-119.202498,127.469424,600
1561,-132.865364,116.601908,600
1562,-145.248664,104.611453,600
1563,-156.23314,91.6135314,600
1564,-165.713006,77.7333219,600
1565,-173.596964,63.104498,600
1566,-179.809089,47.8679433,600
1567,-184.289554,32.1703941,600
1568,-186.99521,16.1630264,600
1569,-187.9,2.20880426806e-14,600
1570,-186.99521,-16.1630264,600
1571,-184.289554,-32.1703941,600
1572,-179.809089,-47.8679433,600
1573,-173.596964,-63.104498,600
1574,-165.713006,-77.7333219,600
1575,-156.23314,-91.6135314,600
1576,-145.248664,-104.611453,600
1577,-132.865364,-116.601908,600
1578,-119.202498,-127.469424,600
1579,-104.391647,-137.109339,600
1580,-88.5754468,-145.428816,600
1581,-71.9062169,-152.347735,600
1582,-54.5444909,-157.799461,600
1583,-36.6574715,-161.731493,600
1584,-18.4174207,-164.105961,600
1585,-1.01150538184e-16,-164.9,600
1586,18.4174207,-164.105961,600
1587,36.6574715,-161.731493,600
1588,54.5444909,-157.799461,600
1589,71.9062169,-152.347735,600
1590,88.5754468,-145.428816,600
1591,104.391647,-137.109339,600
1592,119.202498,-127.469424,600
1593,132.865364,-116.601908,600
1594,145.248664,-104.611453,600
1595,156.23314,-91.6135314,600
1596,165.713006,-77.7333219,600
1597,173.596964,-63.104498,600
1598,179.809089,-47.8679433,600
1599,184.289554,-32.1703941,600
1600,186.99521,-16.1630264,600
1601,187.9,9.10476365249e-16,625
1602,186.99521,16.1630264,625
1603,184.289554,32.1703941,625
1604,179.809089,47.8679433,625
1605,173.596964,63.104498,625
1606,165.713006,77.7333219,625
1607,156.23314,91.6135314,625
1608,145.248664,104.611453,625
1609,132.865364,116.601908,625
1610,119.202498,127.469424,625
1611,104.391647,137.109339,625
1612,88.5754468,145.428816,625
1613,71.9062169,152.347735,625
1614,54.5444909,157.799461,625
1615,36.6574715,161.731493,625
1616,18.4174207,164.105961,625
1617,1.18243840612e-14,164.9,625
1618,-18.4174207,164.105961,625
1619,-36.6574715,161.731493,625
1620,-54.5444909,157.799461,625
1621,-71.9062169,152.347735,625
1622,-88.5754468,145.428816,625
1623,-104.391647,137.109339,625
1624,-119.202498,127.469424,625
1625,-132.865364,116.601908,625
1626,-145.248664,104.611453,625
1627,-156.23314,91.6135314,625
1628,-165.713006,77.7333219,625
1629,-173.596964,63.104498,625
1630,-179.809089,47.8679433,625
1631,-184.289554,32.1703941,625
1632,-186.99521,16.1630264,625
1633,-187.9,2.29617264486e-14,625
1634,-186.99521,-16.1630264,625
1635,-184.289554,-32.1703941,625
1636,-179.809089,-47.8679433,625
1637,-173.596964,-63.104498,625
1638,-165.713006,-77.7333219,625
1639,-156.23314,-91.6135314,625
1640,-145.248664,-104.611453,625
1641,-132.865364,-116.601908,625
1642,-119.202498,-127.469424,625
1643,-104.391647,-137.109339,625
1644,-88.5754468,-145.428816,625
1645,-71.9062169,-152.347735,625
1646,-54.5444909,-157.799461,625
1647,-36.6574715,-161.731493,625
1648,-18.4174207,-164.105961,625
1649,-1.73352612514e-15,-164.9,625
1650,18.4174207,-164.105961,625
1651,36.6574715,-161.731493,625
1652,54.5444909,-157.799461,625
1653,71.9062169,-152.347735,625
1654,88.5754468,-145.428816,625
1655,104.391647,-137.109339,625
1656,119.202498,-127.469424,625
1657,132.865364,-116.601908,625
1658,145.248664,-104.611453,625
1659,156.23314,-91.6135314,625
1660,165.713006,-77.7333219,625
1661,173.596964,-63.104498,625
1662,179.809089,-47.8679433,625
1663,184.289554,-32.1703941,625
1664,186.99521,-16.1630264,625
1665,187.9,0,650
1666,186.99521,16.1630264,650
1667,184.289554,32.1703941,650
1668,179.809089,47.8679433,650
1669,173.596964,63.104498,650
1670,165.713006,77.7333219,650
1671,156.23314,91.6135314,650
1672,145.248664,104.611453,650
1673,132.865364,116.601908,650
1674,119.202498,127.469424,650
1675,104.391647,137.109339,650
1676,88.5754468,145.428816,650
1677,71.9062169,152.347735,650
1678,54.5444909,157.799461,650
1679,36.6574715,161.731493,650
1680,18.4174207,164.105961,650
1681,1.15055567e-14,164.9,650
1682,-18.4174207,164.105961,650
1683,-36.6574715,161.731493,650
1684,-54.5444909,157.799461,650
1685,-71.9062169,152.347735,650
1686,-88.5754468,145.428816,650
1687,-104.391647,137.109339,650
1688,-119.202498,127.469424,650
1689,-132.865364,116.601908,650
1690,-145.248664,104.611453,650
1691,-156.23314,91.6135314,650
1692,-165.713006,77.7333219,650
1693,-173.596964,63.104498,650
1694,-179.809089,47.8679433,650
1695,-184.289554,32.1703941,650
1696,-186.99521,16.1630264,650
1697,-187.9,2.50527945147e-14,650
1698,-186.99521,-16.1630264,650
1699,-184.289554,-32.1703941,650
1700,-179.809089,-47.8679433,650
1701,-173.596964,-63.104498,650
1702,-165.713006,-77.7333219,650
1703,-156.23314,-91.6135314,650
1704,-145.248664,-104.611453,650
1705,-132.865364,-116.601908,650
1706,-119.202498,-127.469424,650
1707,-104.391647,-137.109339,650
1708,-88.5754468,-145.428816,650
1709,-71.9062169,-152.347735,650
1710,-54.5444909,-157.799461,650
1711,-36.6574715,-161.731493,650
1712,-18.4174207,-164.105961,650
1713,-1.69636939242e-15,-164.9,650
1714,18.4174207,-164.105961,650
1715,36.6574715,-161.731493,650
1716,54.5444909,-157.799461,650
1717,71.9062169,-152.347735,650
1718,88.5754468,-145.428816,650
1719,104.391647,-137.109339,650
1720,119.202498,-127.469424,650
1721,132.865364,-116.601908,650
1722,145.248664,-104.611453,650
1723,156.23314,-91.6135314,650
1724,165.713006,-77.7333219,650
1725,173.596964,-63.104498,650
1726,179.809089,-47.8679433,650
1727,184.289554,-32.1703941,650
1728,186.99521,-16.1630264,650

===== beginning time step 2 : 0.1 =====


Reforming stiffness matrix: reformation #1

 1
 Nonlinear solution status: time= 0.1
	stiffness updates             = 0
	right hand side evaluations   = 2
	stiffness matrix reformations = 1
	step from line search         = 1.000000
	convergence norms :     INITIAL         CURRENT         REQUIRED
	   residual            3.163651e+05    1.169830e-08    3.163651e+02 
	   energy              6.955927e+02    1.325569e-04    6.955927e-02 
	   displacement        1.562714e+00    1.562714e+00    6.250856e-04 
 2
 Nonlinear solution status: time= 0.1
	stiffness updates             = 1
	right hand side evaluations   = 3
	stiffness matrix reformations = 1
	step from line search         = 1.000000
	convergence norms :     INITIAL         CURRENT         REQUIRED
	   residual            3.163651e+05    4.323896e-17    3.163651e+02 
	   energy              6.955927e+02    1.516673e-15    6.955927e-02 
	   displacement        1.562714e+00    6.445626e-14    6.250854e-04 

convergence summary
    number of iterations   : 2
    number of reformations : 1

------- converged at time : 0.1


Data Record #1
===========================================================================
Step = 2
Time = 0.1
Data = shirt_final_coordinates
1,187.9,-1.45076909858e-14,7.24951191573e-15
2,186.99521,16.1630264,7.82594703828e-15
3,184.289554,32.1703941,1.09451226647e-14
4,179.809089,47.8679433,8.76263528147e-15
5,173.596964,63.104498,8.88275068386e-15
6,165.713006,77.7333219,3.69958452071e-15
7,156.23314,91.6135314,6.50402275309e-15
8,145.248664,104.611453,1.1698490351e-14
9,132.865364,116.601908,1.04497874253e-14
10,119.202498,127.469424,9.66831870267e-15
11,104.391647,137.109339,8.37012809725e-15
12,88.5754468,145.428816,1.09022932567e-14
13,71.9062169,152.347735,1.42866344378e-14
14,54.5444909,157.799461,1.52553719666e-14
15,36.6574715,161.731493,1.67672373826e-14
16,18.4174207,164.105961,2.19377760056e-14
17,3.53063736452e-15,164.9,2.55813634211e-14
18,-18.4174207,164.105961,2.60626153574e-14
19,-36.6574715,161.731493,2.47983637854e-14
20,-54.5444909,157.799461,2.62908043201e-14
21,-71.9062169,152.347735,2.82680985594e-14
22,-88.5754468,145.428816,2.53706120439e-14
23,-104.391647,137.109339,3.21688763479e-14
24,-119.202498,127.469424,2.90158965407e-14
25,-132.865364,116.601908,2.56739040574e-14
26,-145.248664,104.611453,2.18907776612e-14
27,-156.23314,91.6135314,2.04734568022e-14
28,-165.713006,77.7333219,1.35501935552e-14
29,-173.596964,63.104498,1.56764656518e-14
30,-179.809089,47.8679433,1.24060379296e-14
31,-184.289554,32.1703941,1.08973329806e-14
32,-186.99521,16.1630264,7.42241239222e-15
33,-187.9,-9.14960684787e-14,4.67997279119e-15
34,-186.99521,-16.1630264,4.52971901246e-15
35,-184.289554,-32.1703941,5.41475536195e-15
36,-179.809089,-47.8679433,8.7672719129e-15
37,-173.596964,-63.104498,1.33702241892e-14
38,-165.713006,-77.7333219,1.05258541381e-14
39,-156.23314,-91.6135314,1.46839327873e-14
40,-145.248664,-104.611453,1.81123193104e-14
41,-132.865364,-116.601908,1.94822881132e-14
42,-119.202498,-127.469424,2.06001160764e-14
43,-104.391647,-137.109339,2.16435611414e-14
44,-88.5754468,-145.428816,2.30459242134e-14
45,-71.9062169,-152.347735,2.61126972314e-14
46,-54.5444909,-157.799461,2.41549051787e-14
47,-36.6574715,-161.731493,2.82562211791e-14
48,-18.4174207,-164.105961,3.17912702836e-14
49,1.11604299325e-13,-164.9,3.14820280684e-14
50,18.4174207,-164.105961,3.26307851609e-14
51,36.6574715,-161.731493,2.80854594797e-14
52,54.5444909,-157.799461,2.68009587222e-14
53,71.9062169,-152.347735,2.32552584088e-14
54,88.5754468,-145.428816,2.19117112965e-14
55,104.391647,-137.109339,2.9612576569e-14
56,119.202498,-127.469424,2.82408189807e-14
57,132.865364,-116.601908,2.2595817441e-14
58,145.248664,-104.611453,2.11520024319e-14
59,156.23314,-91.6135314,1.9349000688e-14
60,165.713006,-77.7333219,1.19513170428e-14
61,173.596964,-63.104498,1.59746647975e-14
62,179.809089,-47.8679433,1.62626563059e-14
63,184.289554,-32.1703941,1.5848504678e-14
64,186.99521,-16.1630264,1.02251946146e-14
65,187.9,-1.33741145295e-14,25
66,186.99521,16.1630264,25
67,184.289554,32.1703941,25
68,179.809089,47.8679433,25
69,173.596964,63.104498,25
70,165.713006,77.7333219,25
71,156.23314,91.6135314,25
72,145.248664,104.611453,25
73,132.865364,116.601908,25
74,119.202498,127.469424,25
75,104.391647,137.109339,25
76,88.5754468,145.428816,25
77,71.9062169,152.347735,25
78,54.5444909,157.799461,25
79,36.6574715,161.731493,25
80,18.4174207,164.105961,25
81,5.98973098446e-15,164.9,25
82,-18.4174207,164.105961,25
83,-36.6574715,161.731493,25
84,-54.5444909,157.799461,25
85,-71.9062169,152.347735,25
86,-88.5754468,145.428816,25
87,-104.391647,137.109339,25
88,-119.202498,127.469424,25
89,-132.865364,116.601908,25
90,-145.248664,104.611453,25
91,-156.23314,91.6135314,25
92,-165.713006,77.7333219,25
93,-173.596964,63.104498,25
94,-179.809089,47.8679433,25
95,-184.289554,32.1703941,25
96,-186.99521,16.1630264,25
97,-187.9,-9.4135070273e-14,25
98,-186.99521,-16.1630264,25
99,-184.289554,-32.1703941,25
100,-179.809089,-47.8679433,25
101,-173.596964,-63.104498,25
102,-165.713006,-77.7333219,25
103,-156.23314,-91.6135314,25
104,-145.248664,-104.611453,25
105,-132.865364,-116.601908,25
106,-119.202498,-127.469424,25
107,-104.391647,-137.109339,25
108,-88.5754468,-145.428816,25
109,-71.9062169,-152.347735,25
110,-54.5444909,-157.799461,25
111,-36.6574715,-161.731493,25
112,-18.4174207,-164.105961,25
113,1.12934225538e-13,-164.9,25
114,18.4174207,-164.105961,25
115,36.6574715,-161.731493,25
116,54.5444909,-157.799461,25
117,71.9062169,-152.347735,25
118,88.5754468,-145.428816,25
119,104.391647,-137.109339,25
120,119.202498,-127.469424,25
121,132.865364,-116.601908,25
122,145.248664,-104.611453,25
123,156.23314,-91.6135314,25
124,165.713006,-77.7333219,25
125,173.596964,-63.104498,25
126,179.809089,-47.8679433,25
127,184.289554,-32.1703941,25
128,186.99521,-16.1630264,25
129,187.9,-1.34522702896e-14,50
130,186.99521,16.1630264,50
131,184.289554,32.1703941,50
132,179.809089,47.8679433,50
133,173.596964,63.104498,50
134,165.713006,77.7333219,50
135,156.23314,91.6135314,50
136,145.248664,104.611453,50
137,132.865364,116.601908,50
138,119.202498,127.469424,50
139,104.391647,137.109339,50
140,88.5754468,145.428816,50
141,71.9062169,152.347735,50
142,54.5444909,157.799461,50
143,36.6574715,161.731493,50
144,18.4174207,164.105961,50
145,6.43513084182e-15,164.9,50
146,-18.4174207,164.105961,50
147,-36.6574715,161.731493,50
148,-54.5444909,157.799461,50
149,-71.9062169,152.347735,50
150,-88.5754468,145.428816,50
151,-104.391647,137.109339,50
152,-119.202498,127.469424,50
153,-132.865364,116.601908,50
154,-145.248664,104.611453,50
155,-156.23314,91.6135314,50
156,-165.713006,77.7333219,50
157,-173.596964,63.104498,50
158,-179.809089,47.8679433,50
159,-184.289554,32.1703941,50
160,-186.99521,16.1630264,50
161,-187.9,-9.41603498205e-14,50
162,-186.99521,-16.1630264,50
163,-184.289554,-32.1703941,50
164,-179.809089,-47.8679433,50
165,-173.596964,-63.104498,50
166,-165.713006,-77.7333219,50
167,-156.23314,-91.6135314,50
168,-145.248664,-104.611453,50
169,-132.865364,-116.601908,50
170,-119.202498,-127.469424,50
171,-104.391647,-137.109339,50
172,-88.5754468,-145.428816,50
173,-71.9062169,-152.347735,50
174,-54.5444909,-157.799461,50
175,-36.6574715,-161.731493,50
176,-18.4174207,-164.105961,50
177,1.10423336486e-13,-164.9,50
178,18.4174207,-164.105961,50
179,36.6574715,-161.731493,50
180,54.5444909,-157.799461,50
181,71.9062169,-152.347735,50
182,88.5754468,-145.428816,50
183,104.391647,-137.109339,50
184,119.202498,-127.469424,50
185,132.865364,-116.601908,50
186,145.248664,-104.611453,50
187,156.23314,-91.6135314,50
188,165.713006,-77.7333219,50
189,173.596964,-63.104498,50
190,179.809089,-47.8679433,50
191,184.289554,-32.1703941,50
192,186.99521,-16.1630264,50
193,187.9,-1.18954223411e-14,75
194,186.99521,16.1630264,75
195,184.289554,32.1703941,75
196,179.809089,47.8679433,75
197,173.596964,63.104498,75
198,165.713006,77.7333219,75
199,156.23314,91.6135314,75
200,145.248664,104.611453,75
201,132.865364,116.601908,75
202,119.202498,127.469424,75
203,104.391647,137.109339,75
204,88.5754468,145.428816,75
205,71.9062169,152.347735,75
206,54.5444909,157.799461,75
207,36.6574715,161.731493,75
208,18.4174207,164.105961,75
209,9.71788833424e-15,164.9,75
210,-18.4174207,164.105961,75
211,-36.6574715,161.731493,75
212,-54.5444909,157.799461,75
213,-71.9062169,152.347735,75
214,-88.5754468,145.428816,75
215,-104.391647,137.109339,75
216,-119.202498,127.469424,75
217,-132.865364,116.601908,75
218,-145.248664,104.611453,75
219,-156.23314,91.6135314,75
220,-165.713006,77.7333219,75
221,-173.596964,63.104498,75
222,-179.809089,47.8679433,75
223,-184.289554,32.1703941,75
224,-186.99521,16.1630264,75
225,-187.9,-9.68712766453e-14,75
226,-186.99521,-16.1630264,75
227,-184.289554,-32.1703941,75
228,-179.809089,-47.8679433,75
229,-173.596964,-63.104498,75
230,-165.713006,-77.7333219,75
231,-156.23314,-91.6135314,75
232,-145.248664,-104.611453,75
233,-132.865364,-116.601908,75
234,-119.202498,-127.469424,75
235,-104.391647,-137.109339,75
236,-88.5754468,-145.428816,75
237,-71.9062169,-152.347735,75
238,-54.5444909,-157.799461,75
239,-36.6574715,-161.731493,75
240,-18.4174207,-164.105961,75
241,1.11578378038e-13,-164.9,75
242,18.4174207,-164.105961,75
243,36.6574715,-161.731493,75
244,54.5444909,-157.799461,75
245,71.9062169,-152.347735,75
246,88.5754468,-145.428816,75
247,104.391647,-137.109339,75
248,119.202498,-127.469424,75
249,132.865364,-116.601908,75
250,145.248664,-104.611453,75
251,156.23314,-91.6135314,75
252,165.713006,-77.7333219,75
253,173.596964,-63.104498,75
254,179.809089,-47.8679433,75
255,184.289554,-32.1703941,75
256,186.99521,-16.1630264,75
257,187.9,-9.44845671404e-15,100
258,186.99521,16.1630264,100
259,184.289554,32.1703941,100
260,179.809089,47.8679433,100
261,173.596964,63.104498,100
262,165.713006,77.7333219,100
263,156.23314,91.6135314,100
264,145.248664,104.611453,100
265,132.865364,116.601908,100
266,119.202498,127.469424,100
267,104.391647,137.109339,100
268,88.5754468,145.428816,100
269,71.9062169,152.347735,100
270,54.5444909,157.799461,100
271,36.6574715,161.731493,100
272,18.4174207,164.105961,100
273,1.15447582457e-14,164.9,100
274,-18.4174207,164.105961,100
275,-36.6574715,161.731493,100
276,-54.5444909,157.799461,100
277,-71.9062169,152.347735,100
278,-88.5754468,145.428816,100
279,-104.391647,137.109339,100
280,-119.202498,127.469424,100
281,-132.865364,116.601908,100
282,-145.248664,104.611453,100
283,-156.23314,91.6135314,100
284,-165.713006,77.7333219,100
285,-173.596964,63.104498,100
286,-179.809089,47.8679433,100
287,-184.289554,32.1703941,100
288,-186.99521,16.1630264,100
289,-187.9,-9.76443021533e-14,100
290,-186.99521,-16.1630264,100
291,-184.289554,-32.1703941,100
292,-179.809089,-47.8679433,100
293,-173.596964,-63.104498,100
294,-165.713006,-77.7333219,100
295,-156.23314,-91.6135314,100
296,-145.248664,-104.611453,100
297,-132.865364,-116.601908,100
298,-119.202498,-127.469424,100
299,-104.391647,-137.109339,100
300,-88.5754468,-145.428816,100
301,-71.9062169,-152.347735,100
302,-54.5444909,-157.799461,100
303,-36.6574715,-161.731493,100
304,-18.4174207,-164.105961,100
305,1.10603322725e-13,-164.9,100
306,18.4174207,-164.105961,100
307,36.6574715,-161.731493,100
308,54.5444909,-157.799461,100
309,71.9062169,-152.347735,100
310,88.5754468,-145.428816,100
311,104.391647,-137.109339,100
312,119.202498,-127.469424,100
313,132.865364,-116.601908,100
314,145.248664,-104.611453,100
315,156.23314,-91.6135314,100
316,165.713006,-77.7333219,100
317,173.596964,-63.104498,100
318,179.809089,-47.8679433,100
319,184.289554,-32.1703941,100
320,186.99521,-16.1630264,100
321,187.9,-5.44578393445e-15,125
322,186.99521,16.1630264,125
323,184.289554,32.1703941,125
324,179.809089,47.8679433,125
325,173.596964,63.104498,125
326,165.713006,77.7333219,125
327,156.23314,91.6135314,125
328,145.248664,104.611453,125
329,132.865364,116.601908,125
330,119.202498,127.469424,125
331,104.391647,137.109339,125
332,88.5754468,145.428816,125
333,71.9062169,152.347735,125
334,54.5444909,157.799461,125
335,36.6574715,161.731493,125
336,18.4174207,164.105961,125
337,1.36799506985e-14,164.9,125
338,-18.4174207,164.105961,125
339,-36.6574715,161.731493,125
340,-54.5444909,157.799461,125
341,-71.9062169,152.347735,125
342,-88.5754468,145.428816,125
343,-104.391647,137.109339,125
344,-119.202498,127.469424,125
345,-132.865364,116.601908,125
346,-145.248664,104.611453,125
347,-156.23314,91.6135314,125
348,-165.713006,77.7333219,125
349,-173.596964,63.104498,125
350,-179.809089,47.8679433,125
351,-184.289554,32.1703941,125
352,-186.99521,16.1630264,125
353,-187.9,-9.74208948238e-14,125
354,-186.99521,-16.1630264,125
355,-184.289554,-32.1703941,125
356,-179.809089,-47.8679433,125
357,-173.596964,-63.104498,125
358,-165.713006,-77.7333219,125
359,-156.23314,-91.6135314,125
360,-145.248664,-104.611453,125
361,-132.865364,-116.601908,125
362,-119.202498,-127.469424,125
363,-104.391647,-137.109339,125
364,-88.5754468,-145.428816,125
365,-71.9062169,-152.347735,125
366,-54.5444909,-157.799461,125
367,-36.6574715,-161.731493,125
368,-18.4174207,-164.105961,125
369,1.11349702924e-13,-164.9,125
370,18.4174207,-164.105961,125
371,36.6574715,-161.731493,125
372,54.5444909,-157.799461,125
373,71.9062169,-152.347735,125
374,88.5754468,-145.428816,125
375,104.391647,-137.109339,125
376,119.202498,-127.469424,125
377,132.865364,-116.601908,125
378,145.248664,-104.611453,125
379,156.23314,-91.6135314,125
380,165.713006,-77.7333219,125
381,173.596964,-63.104498,125
382,179.809089,-47.8679433,125
383,184.289554,-32.1703941,125
384,186.99521,-16.1630264,125
385,187.9,-2.8163065412e-15,150
386,186.99521,16.1630264,150
387,184.289554,32.1703941,150
388,179.809089,47.8679433,150
389,173.596964,63.104498,150
390,165.713006,77.7333219,150
391,156.23314,91.6135314,150
392,145.248664,104.611453,150
393,132.865364,116.601908,150
394,119.202498,127.469424,150
395,104.391647,137.109339,150
396,88.5754468,145.428816,150
397,71.9062169,152.347735,150
398,54.5444909,157.799461,150
399,36.6574715,161.731493,150
400,18.4174207,164.105961,150
401,1.58203104902e-14,164.9,150
402,-18.4174207,164.105961,150
403,-36.6574715,161.731493,150
404,-54.5444909,157.799461,150
405,-71.9062169,152.347735,150
406,-88.5754468,145.428816,150
407,-104.391647,137.109339,150
408,-119.202498,127.469424,150
409,-132.865364,116.601908,150
410,-145.248664,104.611453,150
411,-156.23314,91.6135314,150
412,-165.713006,77.7333219,150
413,-173.596964,63.104498,150
414,-179.809089,47.8679433,150
415,-184.289554,32.1703941,150
416,-186.99521,16.1630264,150
417,-187.9,-9.8433560961e-14,150
418,-186.99521,-16.1630264,150
419,-184.289554,-32.1703941,150
420,-179.809089,-47.8679433,150
421,-173.596964,-63.104498,150
422,-165.713006,-77.7333219,150
423,-156.23314,-91.6135314,150
424,-145.248664,-104.611453,150
425,-132.865364,-116.601908,150
426,-119.202498,-127.469424,150
427,-104.391647,-137.109339,150
428,-88.5754468,-145.428816,150
429,-71.9062169,-152.347735,150
430,-54.5444909,-157.799461,150
431,-36.6574715,-161.731493,150
432,-18.4174207,-164.105961,150
433,1.12405381677e-13,-164.9,150
434,18.4174207,-164.105961,150
435,36.6574715,-161.731493,150
436,54.5444909,-157.799461,150
437,71.9062169,-152.347735,150
438,88.5754468,-145.428816,150
439,104.391647,-137.109339,150
440,119.202498,-127.469424,150
441,132.865364,-116.601908,150
442,145.248664,-104.611453,150
443,156.23314,-91.6135314,150
444,165.713006,-77.7333219,150
445,173.596964,-63.104498,150
446,179.809089,-47.8679433,150
447,184.289554,-32.1703941,150
448,186.99521,-16.1630264,150
449,187.9,-2.31757537369e-15,175
450,186.99521,16.1630264,175
451,184.289554,32.1703941,175
452,179.809089,47.8679433,175
453,173.596964,63.104498,175
454,165.713006,77.7333219,175
455,156.23314,91.6135314,175
456,145.248664,104.611453,175
457,132.865364,116.601908,175
458,119.202498,127.469424,175
459,104.391647,137.109339,175
460,88.5754468,145.428816,175
461,71.9062169,152.347735,175
462,54.5444909,157.799461,175
463,36.6574715,161.731493,175
464,18.4174207,164.105961,175
465,1.70967133406e-14,164.9,175
466,-18.4174207,164.105961,175
467,-36.6574715,161.731493,175
468,-54.5444909,157.799461,175
469,-71.9062169,152.347735,175
470,-88.5754468,145.428816,175
471,-104.391647,137.109339,175
472,-119.202498,127.469424,175
473,-132.865364,116.601908,175
474,-145.248664,104.611453,175
475,-156.23314,91.6135314,175
476,-165.713006,77.7333219,175
477,-173.596964,63.104498,175
478,-179.809089,47.8679433,175
479,-184.289554,32.1703941,175
480,-186.99521,16.1630264,175
481,-187.9,-9.91495122126e-14,175
482,-186.99521,-16.1630264,175
483,-184.289554,-32.1703941,175
484,-179.809089,-47.8679433,175
485,-173.596964,-63.104498,175
486,-165.713006,-77.7333219,175
487,-156.23314,-91.6135314,175
488,-145.248664,-104.611453,175
489,-132.865364,-116.601908,175
490,-119.202498,-127.469424,175
491,-104.391647,-137.109339,175
492,-88.5754468,-145.428816,175
493,-71.9062169,-152.347735,175
494,-54.5444909,-157.799461,175
495,-36.6574715,-161.731493,175
496,-18.4174207,-164.105961,175
497,1.15306897894e-13,-164.9,175
498,18.4174207,-164.105961,175
499,36.6574715,-161.731493,175
500,54.5444909,-157.799461,175
501,71.9062169,-152.347735,175
502,88.5754468,-145.428816,175
503,104.391647,-137.109339,175
504,119.202498,-127.469424,175
505,132.865364,-116.601908,175
506,145.248664,-104.611453,175
507,156.23314,-91.6135314,175
508,165.713006,-77.7333219,175
509,173.596964,-63.104498,175
510,179.809089,-47.8679433,175
511,184.289554,-32.1703941,175
512,186.99521,-16.1630264,175
513,187.9,-3.64822590738e-15,200
514,186.99521,16.1630264,200
515,184.289554,32.1703941,200
516,179.809089,47.8679433,200
517,173.596964,63.104498,200
518,165.713006,77.7333219,200
519,156.23314,91.6135314,200
520,145.248664,104.611453,200
521,132.865364,116.601908,200
522,119.202498,127.469424,200
523,104.391647,137.109339,200
524,88.5754468,145.428816,200
525,71.9062169,152.347735,200
526,54.5444909,157.799461,200
527,36.6574715,161.731493,200
528,18.4174207,164.105961,200
529,1.65110007386e-14,164.9,200
530,-18.4174207,164.105961,200
531,-36.6574715,161.731493,200
532,-54.5444909,157.799461,200
533,-71.9062169,152.347735,200
534,-88.5754468,145.428816,200
535,-104.391647,137.109339,200
536,-119.202498,127.469424,200
537,-132.865364,116.601908,200
538,-145.248664,104.611453,200
539,-156.23314,91.6135314,200
540,-165.713006,77.7333219,200
541,-173.596964,63.104498,200
542,-179.809089,47.8679433,200
543,-184.289554,32.1703941,200
544,-186.99521,16.1630264,200
545,-187.9,-1.0058517585e-13,200
546,-186.99521,-16.1630264,200
547,-184.289554,-32.1703941,200
548,-179.809089,-47.8679433,200
549,-173.596964,-63.104498,200
550,-165.713006,-77.7333219,200
551,-156.23314,-91.6135314,200
552,-145.248664,-104.611453,200
553,-132.865364,-116.601908,200
554,-119.202498,-127.469424,200
555,-104.391647,-137.109339,200
556,-88.5754468,-145.428816,200
557,-71.9062169,-152.347735,200
558,-54.5444909,-157.799461,200
559,-36.6574715,-161.731493,200
560,-18.4174207,-164.105961,200
561,1.12673964852e-13,-164.9,200
562,18.4174207,-164.105961,200
563,36.6574715,-161.731493,200
564,54.5444909,-157.799461,200
565,71.9062169,-152.347735,200
566,88.5754468,-145.428816,200
567,104.391647,-137.109339,200
568,119.202498,-127.469424,200
569,132.865364,-116.601908,200
570,145.248664,-104.611453,200
571,156.23314,-91.6135314,200
572,165.713006,-77.7333219,200
573,173.596964,-63.104498,200
574,179.809089,-47.8679433,200
575,184.289554,-32.1703941,200
576,186.99521,-16.1630264,200
577,187.9,-3.72559711189e-15,225
578,186.99521,16.1630264,225
579,184.289554,32.1703941,225
580,179.809089,47.8679433,225
581,173.596964,63.104498,225
582,165.713006,77.7333219,225
583,156.23314,91.6135314,225
584,145.248664,104.611453,225
585,132.865364,116.601908,225
586,119.202498,127.469424,225
587,104.391647,137.109339,225
588,88.5754468,145.428816,225
589,71.9062169,152.347735,225
590,54.5444909,157.799461,225
591,36.6574715,161.731493,225
592,18.4174207,164.105961,225
593,1.63298263804e-14,164.9,225
594,-18.4174207,164.105961,225
595,-36.6574715,161.731493,225
596,-54.5444909,157.799461,225
597,-71.9062169,152.347735,225
598,-88.5754468,145.428816,225
599,-104.391647,137.109339,225
600,-119.202498,127.469424,225
601,-132.865364,116.601908,225
602,-145.248664,104.611453,225
603,-156.23314,91.6135314,225
604,-165.713006,77.7333219,225
605,-173.596964,63.104498,225
606,-179.809089,47.8679433,225
607,-184.289554,32.1703941,225
608,-186.99521,16.1630264,225
609,-187.9,-1.02696817925e-13,225
610,-186.99521,-16.1630264,225
611,-184.289554,-32.1703941,225
612,-179.809089,-47.8679433,225
613,-173.596964,-63.104498,225
614,-165.713006,-77.7333219,225
615,-156.23314,-91.6135314,225
616,-145.248664,-104.611453,225
617,-132.865364,-116.601908,225
618,-119.202498,-127.469424,225
619,-104.391647,-137.109339,225
620,-88.5754468,-145.428816,225
621,-71.9062169,-152.347735,225
622,-54.5444909,-157.799461,225
623,-36.6574715,-161.731493,225
624,-18.4174207,-164.105961,225
625,1.10928416272e-13,-164.9,225
626,18.4174207,-164.105961,225
627,36.6574715,-161.731493,225
628,54.5444909,-157.799461,225
629,71.9062169,-152.347735,225
630,88.5754468,-145.428816,225
631,104.391647,-137.109339,225
632,119.202498,-127.469424,225
633,132.865364,-116.601908,225
634,145.248664,-104.611453,225
635,156.23314,-91.6135314,225
636,165.713006,-77.7333219,225
637,173.596964,-63.104498,225
638,179.809089,-47.8679433,225
639,184.289554,-32.1703941,225
640,186.99521,-16.1630264,225
641,187.9,-3.77334741382e-15,250
642,186.99521,16.1630264,250
643,184.289554,32.1703941,250
644,179.809089,47.8679433,250
645,173.596964,63.104498,250
646,165.713006,77.7333219,250
647,156.23314,91.6135314,250
648,145.248664,104.611453,250
649,132.865364,116.601908,250
650,119.202498,127.469424,250
651,104.391647,137.109339,250
652,88.5754468,145.428816,250
653,71.9062169,152.347735,250
654,54.5444909,157.799461,250
655,36.6574715,161.731493,250
656,18.4174207,164.105961,250
657,1.76392358423e-14,164.9,250
658,-18.4174207,164.105961,250
659,-36.6574715,161.731493,250
660,-54.5444909,157.799461,250
661,-71.9062169,152.347735,250
662,-88.5754468,145.428816,250
663,-104.391647,137.109339,250
664,-119.202498,127.469424,250
665,-132.865364,116.601908,250
666,-145.248664,104.611453,250
667,-156.23314,91.6135314,250
668,-165.713006,77.7333219,250
669,-173.596964,63.104498,250
670,-179.809089,47.8679433,250
671,-184.289554,32.1703941,250
672,-186.99521,16.1630264,250
673,-187.9,-1.00788133699e-13,250
674,-186.99521,-16.1630264,250
675,-184.289554,-32.1703941,250
676,-179.809089,-47.8679433,250
677,-173.596964,-63.104498,250
678,-165.713006,-77.7333219,250
679,-156.23314,-91.6135314,250
680,-145.248664,-104.611453,250
681,-132.865364,-116.601908,250
682,-119.202498,-127.469424,250
683,-104.391647,-137.109339,250
684,-88.5754468,-145.428816,250
685,-71.9062169,-152.347735,250
686,-54.5444909,-157.799461,250
687,-36.6574715,-161.731493,250
688,-18.4174207,-164.105961,250
689,1.14200890939e-13,-164.9,250
690,18.4174207,-164.105961,250
691,36.6574715,-161.731493,250
692,54.5444909,-157.799461,250
693,71.9062169,-152.347735,250
694,88.5754468,-145.428816,250
695,104.391647,-137.109339,250
696,119.202498,-127.469424,250
697,132.865364,-116.601908,250
698,145.248664,-104.611453,250
699,156.23314,-91.6135314,250
700,165.713006,-77.7333219,250
701,173.596964,-63.104498,250
702,179.809089,-47.8679433,250
703,184.289554,-32.1703941,250
704,186.99521,-16.1630264,250
705,187.9,-2.82027825113e-15,275
706,186.99521,16.1630264,275
707,184.289554,32.1703941,275
708,179.809089,47.8679433,275
709,173.596964,63.104498,275
710,165.713006,77.7333219,275
711,156.23314,91.6135314,275
712,145.248664,104.611453,275
713,132.865364,116.601908,275
714,119.202498,127.469424,275
715,104.391647,137.109339,275
716,88.5754468,145.428816,275
717,71.9062169,152.347735,275
718,54.5444909,157.799461,275
719,36.6574715,161.731493,275
720,18.4174207,164.105961,275
721,1.41110525685e-14,164.9,275
722,-18.4174207,164.105961,275
723,-36.6574715,161.731493,275
724,-54.5444909,157.799461,275
725,-71.9062169,152.347735,275
726,-88.5754468,145.428816,275
727,-104.391647,137.109339,275
728,-119.202498,127.469424,275
729,-132.865364,116.601908,275
730,-145.248664,104.611453,275
731,-156.23314,91.6135314,275
732,-165.713006,77.7333219,275
733,-173.596964,63.104498,275
734,-179.809089,47.8679433,275
735,-184.289554,32.1703941,275
736,-186.99521,16.1630264,275
737,-187.9,-1.01172999049e-13,275
738,-186.99521,-16.1630264,275
739,-184.289554,-32.1703941,275
740,-179.809089,-47.8679433,275
741,-173.596964,-63.104498,275
742,-165.713006,-77.7333219,275
743,-156.23314,-91.6135314,275
744,-145.248664,-104.611453,275
745,-132.865364,-116.601908,275
746,-119.202498,-127.469424,275
747,-104.391647,-137.109339,275
748,-88.5754468,-145.428816,275
749,-71.9062169,-152.347735,275
750,-54.5444909,-157.799461,275
751,-36.6574715,-161.731493,275
752,-18.4174207,-164.105961,275
753,1.15441270854e-13,-164.9,275
754,18.4174207,-164.105961,275
755,36.6574715,-161.731493,275
756,54.5444909,-157.799461,275
757,71.9062169,-152.347735,275
758,88.5754468,-145.428816,275
759,104.391647,-137.109339,275
760,119.202498,-127.469424,275
761,132.865364,-116.601908,275
762,145.248664,-104.611453,275
763,156.23314,-91.6135314,275
764,165.713006,-77.7333219,275
765,173.596964,-63.104498,275
766,179.809089,-47.8679433,275
767,184.289554,-32.1703941,275
768,186.99521,-16.1630264,275
769,187.9,-1.11597855906e-15,300
770,186.99521,16.1630264,300
771,184.289554,32.1703941,300
772,179.809089,47.8679433,300
773,173.596964,63.104498,300
774,165.713006,77.7333219,300
775,156.23314,91.6135314,300
776,145.248664,104.611453,300
777,132.865364,116.601908,300
778,119.202498,127.469424,300
779,104.391647,137.109339,300
780,88.5754468,145.428816,300
781,71.9062169,152.347735,300
782,54.5444909,157.799461,300
783,36.6574715,161.731493,300
784,18.4174207,164.105961,300
785,1.88036700864e-14,164.9,300
786,-18.4174207,164.105961,300
787,-36.6574715,161.731493,300
788,-54.5444909,157.799461,300
789,-71.9062169,152.347735,300
790,-88.5754468,145.428816,300
791,-104.391647,137.109339,300
792,-119.202498,127.469424,300
793,-132.865364,116.601908,300
794,-145.248664,104.611453,300
795,-156.23314,91.6135314,300
796,-165.713006,77.7333219,300
797,-173.596964,63.104498,300
798,-179.809089,47.8679433,300
799,-184.289554,32.1703941,300
800,-186.99521,16.1630264,300
801,-187.9,-1.00790525984e-13,300
802,-186.99521,-16.1630264,300
803,-184.289554,-32.1703941,300
804,-179.809089,-47.8679433,300
805,-173.596964,-63.104498,300
806,-165.713006,-77.7333219,300
807,-156.23314,-91.6135314,300
808,-145.248664,-104.611453,300
809,-132.865364,-116.601908,300
810,-119.202498,-127.469424,300
811,-104.391647,-137.109339,300
812,-88.5754468,-145.428816,300
813,-71.9062169,-152.347735,300
814,-54.5444909,-157.799461,300
815,-36.6574715,-161.731493,300
816,-18.4174207,-164.105961,300
817,1.15200269332e-13,-164.9,300
818,18.4174207,-164.105961,300
819,36.6574715,-161.731493,300
820,54.5444909,-157.799461,300
821,71.9062169,-152.347735,300
822,88.5754468,-145.428816,300
823,104.391647,-137.109339,300
824,119.202498,-127.469424,300
825,132.865364,-116.601908,300
826,145.248664,-104.611453,300
827,156.23314,-91.6135314,300
828,165.713006,-77.7333219,300
829,173.596964,-63.104498,300
830,179.809089,-47.8679433,300
831,184.289554,-32.1703941,300
832,186.99521,-16.1630264,300
833,187.9,-8.60854973333e-16,325
834,186.99521,16.1630264,325
835,184.289554,32.1703941,325
836,179.809089,47.8679433,325
837,173.596964,63.104498,325
838,165.713006,77.7333219,325
839,156.23314,91.6135314,325
840,145.248664,104.611453,325
841,132.865364,116.601908,325
842,119.202498,127.469424,325
843,104.391647,137.109339,325
844,88.5754468,145.428816,325
845,71.9062169,152.347735,325
846,54.5444909,157.799461,325
847,36.6574715,161.731493,325
848,18.4174207,164.105961,325
849,1.8917235287e-14,164.9,325
850,-18.4174207,164.105961,325
851,-36.6574715,161.731493,325
852,-54.5444909,157.799461,325
853,-71.9062169,152.347735,325
854,-88.5754468,145.428816,325
855,-104.391647,137.109339,325
856,-119.202498,127.469424,325
857,-132.865364,116.601908,325
858,-145.248664,104.611453,325
859,-156.23314,91.6135314,325
860,-165.713006,77.7333219,325
861,-173.596964,63.104498,325
862,-179.809089,47.8679433,325
863,-184.289554,32.1703941,325
864,-186.99521,16.1630264,325
865,-187.9,-1.00079776511e-13,325
866,-186.99521,-16.1630264,325
867,-184.289554,-32.1703941,325
868,-179.809089,-47.8679433,325
869,-173.596964,-63.104498,325
870,-165.713006,-77.7333219,325
871,-156.23314,-91.6135314,325
872,-145.248664,-104.611453,325
873,-132.865364,-116.601908,325
874,-119.202498,-127.469424,325
875,-104.391647,-137.109339,325
876,-88.5754468,-145.428816,325
877,-71.9062169,-152.347735,325
878,-54.5444909,-157.799461,325
879,-36.6574715,-161.731493,325
880,-18.4174207,-164.105961,325
881,1.14800679816e-13,-164.9,325
882,18.4174207,-164.105961,325
883,36.6574715,-161.731493,325
884,54.5444909,-157.799461,325
885,71.9062169,-152.347735,325
886,88.5754468,-145.428816,325
887,104.391647,-137.109339,325
888,119.202498,-127.469424,325
889,132.865364,-116.601908,325
890,145.248664,-104.611453,325
891,156.23314,-91.6135314,325
892,165.713006,-77.7333219,325
893,173.596964,-63.104498,325
894,179.809089,-47.8679433,325
895,184.289554,-32.1703941,325
896,186.99521,-16.1630264,325
897,187.9,-2.0299581354e-15,350
898,186.99521,16.1630264,350
899,184.289554,32.1703941,350
900,179.809089,47.8679433,350
901,173.596964,63.104498,350
902,165.713006,77.7333219,350
903,156.23314,91.6135314,350
904,145.248664,104.611453,350
905,132.865364,116.601908,350
906,119.202498,127.469424,350
907,104.391647,137.109339,350
908,88.5754468,145.428816,350
909,71.9062169,152.347735,350
910,54.5444909,157.799461,350
911,36.6574715,161.731493,350
912,18.4174207,164.105961,350
913,1.50113388628e-14,164.9,350
914,-18.4174207,164.105961,350
915,-36.6574715,161.731493,350
916,-54.5444909,157.799461,350
917,-71.9062169,152.347735,350
918,-88.5754468,145.428816,350
919,-104.391647,137.109339,350
920,-119.202498,127.469424,350
921,-132.865364,116.601908,350
922,-145.248664,104.611453,350
923,-156.23314,91.6135314,350
924,-165.713006,77.7333219,350
925,-173.596964,63.104498,350
926,-179.809089,47.8679433,350
927,-184.289554,32.1703941,350
928,-186.99521,16.1630264,350
929,-187.9,-9.89405622776e-14,350
930,-186.99521,-16.1630264,350
931,-184.289554,-32.1703941,350
932,-179.809089,-47.8679433,350
933,-173.596964,-63.104498,350
934,-165.713006,-77.7333219,350
935,-156.23314,-91.6135314,350
936,-145.248664,-104.611453,350
937,-132.865364,-116.601908,350
938,-119.202498,-127.469424,350
939,-104.391647,-137.109339,350
940,-88.5754468,-145.428816,350
941,-71.9062169,-152.347735,350
942,-54.5444909,-157.799461,350
943,-36.6574715,-161.731493,350
944,-18.4174207,-164.105961,350
945,1.13097988363e-13,-164.9,350
946,18.4174207,-164.105961,350
947,36.6574715,-161.731493,350
948,54.5444909,-157.799461,350
949,71.9062169,-152.347735,350
950,88.5754468,-145.428816,350
951,104.391647,-137.109339,350
952,119.202498,-127.469424,350
953,132.865364,-116.601908,350
954,145.248664,-104.611453,350
955,156.23314,-91.6135314,350
956,165.713006,-77.7333219,350
957,173.596964,-63.104498,350
958,179.809089,-47.8679433,350
959,184.289554,-32.1703941,350
960,186.99521,-16.1630264,350
961,187.9,-1.78329229709e-15,375
962,186.99521,16.1630264,375
963,184.289554,32.1703941,375
964,179.809089,47.8679433,375
965,173.596964,63.104498,375
966,165.713006,77.7333219,375
967,156.23314,91.6135314,375
968,145.248664,104.611453,375
969,132.865364,116.601908,375
970,119.202498,127.469424,375
971,104.391647,137.109339,375
972,88.5754468,145.428816,375
973,71.9062169,152.347735,375
974,54.5444909,157.799461,375
975,36.6574715,161.731493,375
976,18.4174207,164.105961,375
977,1.54877686156e-14,164.9,375
978,-18.4174207,164.105961,375
979,-36.6574715,161.731493,375
980,-54.5444909,157.799461,375
981,-71.9062169,152.347735,375
982,-88.5754468,145.428816,375
983,-104.391647,137.109339,375
984,-119.202498,127.469424,375
985,-132.865364,116.601908,375
986,-145.248664,104.611453,375
987,-156.23314,91.6135314,375
988,-165.713006,77.7333219,375
989,-173.596964,63.104498,375
990,-179.809089,47.8679433,375
991,-184.289554,32.1703941,375
992,-186.99521,16.1630264,375
993,-187.9,-9.89813806007e-14,375
994,-186.99521,-16.1630264,375
995,-184.289554,-32.1703941,375
996,-179.809089,-47.8679433,375
997,-173.596964,-63.104498,375
998,-165.713006,-77.7333219,375
999,-156.23314,-91.6135314,375
1000,-145.248664,-104.611453,375
1001,-132.865364,-116.601908,375
1002,-119.202498,-127.469424,375
1003,-104.391647,-137.109339,375
1004,-88.5754468,-145.428816,375
1005,-71.9062169,-152.347735,375
1006,-54.5444909,-157.799461,375
1007,-36.6574715,-161.731493,375
1008,-18.4174207,-164.105961,375
1009,1.14935609897e-13,-164.9,375
1010,18.4174207,-164.105961,375
1011,36.6574715,-161.731493,375
1012,54.5444909,-157.799461,375
1013,71.9062169,-152.347735,375
1014,88.5754468,-145.428816,375
1015,104.391647,-137.109339,375
1016,119.202498,-127.469424,375
1017,132.865364,-116.601908,375
1018,145.248664,-104.611453,375
1019,156.23314,-91.6135314,375
1020,165.713006,-77.7333219,375
1021,173.596964,-63.104498,375
1022,179.809089,-47.8679433,375
1023,184.289554,-32.1703941,375
1024,186.99521,-16.1630264,375
1025,187.9,-3.57071377036e-16,400
1026,186.99521,16.1630264,400
1027,184.289554,32.1703941,400
1028,179.809089,47.8679433,400
1029,173.596964,63.104498,400
1030,165.713006,77.7333219,400
1031,156.23314,91.6135314,400
1032,145.248664,104.611453,400
1033,132.865364,116.601908,400
1034,119.202498,127.469424,400
1035,104.391647,137.109339,400
1036,88.5754468,145.428816,400
1037,71.9062169,152.347735,400
1038,54.5444909,157.799461,400
1039,36.6574715,161.731493,400
1040,18.4174207,164.105961,400
1041,1.50984344931e-14,164.9,400
1042,-18.4174207,164.105961,400
1043,-36.6574715,161.731493,400
1044,-54.5444909,157.799461,400
1045,-71.9062169,152.347735,400
1046,-88.5754468,145.428816,400
1047,-104.391647,137.109339,400
1048,-119.202498,127.469424,400
1049,-132.865364,116.601908,400
1050,-145.248664,104.611453,400
1051,-156.23314,91.6135314,400
1052,-165.713006,77.7333219,400
1053,-173.596964,63.104498,400
1054,-179.809089,47.8679433,400
1055,-184.289554,32.1703941,400
1056,-186.99521,16.1630264,400
1057,-187.9,-9.93545047917e-14,400
1058,-186.99521,-16.1630264,400
1059,-184.289554,-32.1703941,400
1060,-179.809089,-47.8679433,400
1061,-173.596964,-63.104498,400
1062,-165.713006,-77.7333219,400
1063,-156.23314,-91.6135314,400
1064,-145.248664,-104.611453,400
1065,-132.865364,-116.601908,400
1066,-119.202498,-127.469424,400
1067,-104.391647,-137.109339,400
1068,-88.5754468,-145.428816,400
1069,-71.9062169,-152.347735,400
1070,-54.5444909,-157.799461,400
1071,-36.6574715,-161.731493,400
1072,-18.4174207,-164.105961,400
1073,1.17247536545e-13,-164.9,400
1074,18.4174207,-164.105961,400
1075,36.6574715,-161.731493,400
1076,54.5444909,-157.799461,400
1077,71.9062169,-152.347735,400
1078,88.5754468,-145.428816,400
1079,104.391647,-137.109339,400
1080,119.202498,-127.469424,400
1081,132.865364,-116.601908,400
1082,145.248664,-104.611453,400
1083,156.23314,-91.6135314,400
1084,165.713006,-77.7333219,400
1085,173.596964,-63.104498,400
1086,179.809089,-47.8679433,400
1087,184.289554,-32.1703941,400
1088,186.99521,-16.1630264,400
1089,187.9,1.09988052457e-15,425
1090,186.99521,16.1630264,425
1091,184.289554,32.1703941,425
1092,179.809089,47.8679433,425
1093,173.596964,63.104498,425
1094,165.713006,77.7333219,425
1095,156.23314,91.6135314,425
1096,145.248664,104.611453,425
1097,132.865364,116.601908,425
1098,119.202498,127.469424,425
1099,104.391647,137.109339,425
1100,88.5754468,145.428816,425
1101,71.9062169,152.347735,425
1102,54.5444909,157.799461,425
1103,36.6574715,161.731493,425
1104,18.4174207,164.105961,425
1105,1.51211379144e-14,164.9,425
1106,-18.4174207,164.105961,425
1107,-36.6574715,161.731493,425
1108,-54.5444909,157.799461,425
1109,-71.9062169,152.347735,425
1110,-88.5754468,145.428816,425
1111,-104.391647,137.109339,425
1112,-119.202498,127.469424,425
1113,-132.865364,116.601908,425
1114,-145.248664,104.611453,425
1115,-156.23314,91.6135314,425
1116,-165.713006,77.7333219,425
1117,-173.596964,63.104498,425
1118,-179.809089,47.8679433,425
1119,-184.289554,32.1703941,425
1120,-186.99521,16.1630264,425
1121,-187.9,-9.87955380439e-14,425
1122,-186.99521,-16.1630264,425
1123,-184.289554,-32.1703941,425
1124,-179.809089,-47.8679433,425
1125,-173.596964,-63.104498,425
1126,-165.713006,-77.7333219,425
1127,-156.23314,-91.6135314,425
1128,-145.248664,-104.611453,425
1129,-132.865364,-116.601908,425
1130,-119.202498,-127.469424,425
1131,-104.391647,-137.109339,425
1132,-88.5754468,-145.428816,425
1133,-71.9062169,-152.347735,425
1134,-54.5444909,-157.799461,425
1135,-36.6574715,-161.731493,425
1136,-18.4174207,-164.105961,425
1137,1.17065256534e-13,-164.9,425
1138,18.4174207,-164.105961,425
1139,36.6574715,-161.731493,425
1140,54.5444909,-157.799461,425
1141,71.9062169,-152.347735,425
1142,88.5754468,-145.428816,425
1143,104.391647,-137.109339,425
1144,119.202498,-127.469424,425
1145,132.865364,-116.601908,425
1146,145.248664,-104.611453,425
1147,156.23314,-91.6135314,425
1148,165.713006,-77.7333219,425
1149,173.596964,-63.104498,425
1150,179.809089,-47.8679433,425
1151,184.289554,-32.1703941,425
1152,186.99521,-16.1630264,425
1153,187.9,-9.32013608257e-16,450
1154,186.99521,16.1630264,450
1155,184.289554,32.1703941,450
1156,179.809089,47.8679433,450
1157,173.596964,63.104498,450
1158,165.713006,77.7333219,450
1159,156.23314,91.6135314,450
1160,145.248664,104.611453,450
1161,132.865364,116.601908,450
1162,119.202498,127.469424,450
1163,104.391647,137.109339,450
1164,88.5754468,145.428816,450
1165,71.9062169,152.347735,450
1166,54.5444909,157.799461,450
1167,36.6574715,161.731493,450
1168,18.4174207,164.105961,450
1169,1.49739826239e-14,164.9,450
1170,-18.4174207,164.105961,450
1171,-36.6574715,161.731493,450
1172,-54.5444909,157.799461,450
1173,-71.9062169,152.347735,450
1174,-88.5754468,145.428816,450
1175,-104.391647,137.109339,450
1176,-119.202498,127.469424,450
1177,-132.865364,116.601908,450
1178,-145.248664,104.611453,450
1179,-156.23314,91.6135314,450
1180,-165.713006,77.7333219,450
1181,-173.596964,63.104498,450
1182,-179.809089,47.8679433,450
1183,-184.289554,32.1703941,450
1184,-186.99521,16.1630264,450
1185,-187.9,-9.82240583478e-14,450
1186,-186.99521,-16.1630264,450
1187,-184.289554,-32.1703941,450
1188,-179.809089,-47.8679433,450
1189,-173.596964,-63.104498,450
1190,-165.713006,-77.7333219,450
1191,-156.23314,-91.6135314,450
1192,-145.248664,-104.611453,450
1193,-132.865364,-116.601908,450
1194,-119.202498,-127.469424,450
1195,-104.391647,-137.109339,450
1196,-88.5754468,-145.428816,450
1197,-71.9062169,-152.347735,450
1198,-54.5444909,-157.799461,450
1199,-36.6574715,-161.731493,450
1200,-18.4174207,-164.105961,450
1201,1.18882275633e-13,-164.9,450
1202,18.4174207,-164.105961,450
1203,36.6574715,-161.731493,450
1204,54.5444909,-157.799461,450
1205,71.9062169,-152.347735,450
1206,88.5754468,-145.428816,450
1207,104.391647,-137.109339,450
1208,119.202498,-127.469424,450
1209,132.865364,-116.601908,450
1210,145.248664,-104.611453,450
1211,156.23314,-91.6135314,450
1212,165.713006,-77.7333219,450
1213,173.596964,-63.104498,450
1214,179.809089,-47.8679433,450
1215,184.289554,-32.1703941,450
1216,186.99521,-16.1630264,450
1217,187.9,5.64066829792e-16,475
1218,186.99521,16.1630264,475
1219,184.289554,32.1703941,475
1220,179.809089,47.8679433,475
1221,173.596964,63.104498,475
1222,165.713006,77.7333219,475
1223,156.23314,91.6135314,475
1224,145.248664,104.611453,475
1225,132.865364,116.601908,475
1226,119.202498,127.469424,475
1227,104.391647,137.109339,475
1228,88.5754468,145.428816,475
1229,71.9062169,152.347735,475
1230,54.5444909,157.799461,475
1231,36.6574715,161.731493,475
1232,18.4174207,164.105961,475
1233,1.39062104585e-14,164.9,475
1234,-18.4174207,164.105961,475
1235,-36.6574715,161.731493,475
1236,-54.5444909,157.799461,475
1237,-71.9062169,152.347735,475
1238,-88.5754468,145.428816,475
1239,-104.391647,137.109339,475
1240,-119.202498,127.469424,475
1241,-132.865364,116.601908,475
1242,-145.248664,104.611453,475
1243,-156.23314,91.6135314,475
1244,-165.713006,77.7333219,475
1245,-173.596964,63.104498,475
1246,-179.809089,47.8679433,475
1247,-184.289554,32.1703941,475
1248,-186.99521,16.1630264,475
1249,-187.9,-9.99947505042e-14,475
1250,-186.99521,-16.1630264,475
1251,-184.289554,-32.1703941,475
1252,-179.809089,-47.8679433,475
1253,-173.596964,-63.104498,475
1254,-165.713006,-77.7333219,475
1255,-156.23314,-91.6135314,475
1256,-145.248664,-104.611453,475
1257,-132.865364,-116.601908,475
1258,-119.202498,-127.469424,475
1259,-104.391647,-137.109339,475
1260,-88.5754468,-145.428816,475
1261,-71.9062169,-152.347735,475
1262,-54.5444909,-157.799461,475
1263,-36.6574715,-161.731493,475
1264,-18.4174207,-164.105961,475
1265,1.19880531261e-13,-164.9,475
1266,18.4174207,-164.105961,475
1267,36.6574715,-161.731493,475
1268,54.5444909,-157.799461,475
1269,71.9062169,-152.347735,475
1270,88.5754468,-145.428816,475
1271,104.391647,-137.109339,475
1272,119.202498,-127.469424,475
1273,132.865364,-116.601908,475
1274,145.248664,-104.611453,475
1275,156.23314,-91.6135314,475
1276,165.713006,-77.7333219,475
1277,173.596964,-63.104498,475
1278,179.809089,-47.8679433,475
1279,184.289554,-32.1703941,475
1280,186.99521,-16.1630264,475
1281,187.9,-1.10588157983e-15,500
1282,186.99521,16.1630264,500
1283,184.289554,32.1703941,500
1284,179.809089,47.8679433,500
1285,173.596964,63.104498,500
1286,165.713006,77.7333219,500
1287,156.23314,91.6135314,500
1288,145.248664,104.611453,500
1289,132.865364,116.601908,500
1290,119.202498,127.469424,500
1291,104.391647,137.109339,500
1292,88.5754468,145.428816,500
1293,71.9062169,152.347735,500
1294,54.5444909,157.799461,500
1295,36.6574715,161.731493,500
1296,18.4174207,164.105961,500
1297,1.34385666697e-14,164.9,500
1298,-18.4174207,164.105961,500
1299,-36.6574715,161.731493,500
1300,-54.5444909,157.799461,500
1301,-71.9062169,152.347735,500
1302,-88.5754468,145.428816,500
1303,-104.391647,137.109339,500
1304,-119.202498,127.469424,500
1305,-132.865364,116.601908,500
1306,-145.248664,104.611453,500
1307,-156.23314,91.6135314,500
1308,-165.713006,77.7333219,500
1309,-173.596964,63.104498,500
1310,-179.809089,47.8679433,500
1311,-184.289554,32.1703941,500
1312,-186.99521,16.1630264,500
1313,-187.9,-1.00555434097e-13,500
1314,-186.99521,-16.1630264,500
1315,-184.289554,-32.1703941,500
1316,-179.809089,-47.8679433,500
1317,-173.596964,-63.104498,500
1318,-165.713006,-77.7333219,500
1319,-156.23314,-91.6135314,500
1320,-145.248664,-104.611453,500
1321,-132.865364,-116.601908,500
1322,-119.202498,-127.469424,500
1323,-104.391647,-137.109339,500
1324,-88.5754468,-145.428816,500
1325,-71.9062169,-152.347735,500
1326,-54.5444909,-157.799461,500
1327,-36.6574715,-161.731493,500
1328,-18.4174207,-164.105961,500
1329,1.19035487198e-13,-164.9,500
1330,18.4174207,-164.105961,500
1331,36.6574715,-161.731493,500
1332,54.5444909,-157.799461,500
1333,71.9062169,-152.347735,500
1334,88.5754468,-145.428816,500
1335,104.391647,-137.109339,500
1336,119.202498,-127.469424,500
1337,132.865364,-116.601908,500
1338,145.248664,-104.611453,500
1339,156.23314,-91.6135314,500
1340,165.713006,-77.7333219,500
1341,173.596964,-63.104498,500
1342,179.809089,-47.8679433,500
1343,184.289554,-32.1703941,500
1344,186.99521,-16.1630264,500
1345,187.9,-9.52341488047e-16,525
1346,186.99521,16.1630264,525
1347,184.289554,32.1703941,525
1348,179.809089,47.8679433,525
1349,173.596964,63.104498,525
1350,165.713006,77.7333219,525
1351,156.23314,91.6135314,525
1352,145.248664,104.611453,525
1353,132.865364,116.601908,525
1354,119.202498,127.469424,525
1355,104.391647,137.109339,525
1356,88.5754468,145.428816,525
1357,71.9062169,152.347735,525
1358,54.5444909,157.799461,525
1359,36.6574715,161.731493,525
1360,18.4174207,164.105961,525
1361,1.26182572451e-14,164.9,525
1362,-18.4174207,164.105961,525
1363,-36.6574715,161.731493,525
1364,-54.5444909,157.799461,525
1365,-71.9062169,152.347735,525
1366,-88.5754468,145.428816,525
1367,-104.391647,137.109339,525
1368,-119.202498,127.469424,525
1369,-132.865364,116.601908,525
1370,-145.248664,104.611453,525
1371,-156.23314,91.6135314,525
1372,-165.713006,77.7333219,525
1373,-173.596964,63.104498,525
1374,-179.809089,47.8679433,525
1375,-184.289554,32.1703941,525
1376,-186.99521,16.1630264,525
1377,-187.9,-9.95670763166e-14,525
1378,-186.99521,-16.1630264,525
1379,-184.289554,-32.1703941,525
1380,-179.809089,-47.8679433,525
1381,-173.596964,-63.104498,525
1382,-165.713006,-77.7333219,525
1383,-156.23314,-91.6135314,525
1384,-145.248664,-104.611453,525
1385,-132.865364,-116.601908,525
1386,-119.202498,-127.469424,525
1387,-104.391647,-137.109339,525
1388,-88.5754468,-145.428816,525
1389,-71.9062169,-152.347735,525
1390,-54.5444909,-157.799461,525
1391,-36.6574715,-161.731493,525
1392,-18.4174207,-164.105961,525
1393,1.20688293028e-13,-164.9,525
1394,18.4174207,-164.105961,525
1395,36.6574715,-161.731493,525
1396,54.5444909,-157.799461,525
1397,71.9062169,-152.347735,525
1398,88.5754468,-145.428816,525
1399,104.391647,-137.109339,525
1400,119.202498,-127.469424,525
1401,132.865364,-116.601908,525
1402,145.248664,-104.611453,525
1403,156.23314,-91.6135314,525
1404,165.713006,-77.7333219,525
1405,173.596964,-63.104498,525
1406,179.809089,-47.8679433,525
1407,184.289554,-32.1703941,525
1408,186.99521,-16.1630264,525
1409,187.9,3.4601582803e-17,550
1410,186.99521,16.1630264,550
1411,184.289554,32.1703941,550
1412,179.809089,47.8679433,550
1413,173.596964,63.104498,550
1414,165.713006,77.7333219,550
1415,156.23314,91.6135314,550
1416,145.248664,104.611453,550
1417,132.865364,116.601908,550
1418,119.202498,127.469424,550
1419,104.391647,137.109339,550
1420,88.5754468,145.428816,550
1421,71.9062169,152.347735,550
1422,54.5444909,157.799461,550
1423,36.6574715,161.731493,550
1424,18.4174207,164.105961,550
1425,1.20673873362e-14,164.9,550
1426,-18.4174207,164.105961,550
1427,-36.6574715,161.731493,550
1428,-54.5444909,157.799461,550
1429,-71.9062169,152.347735,550
1430,-88.5754468,145.428816,550
1431,-104.391647,137.109339,550
1432,-119.202498,127.469424,550
1433,-132.865364,116.601908,550
1434,-145.248664,104.611453,550
1435,-156.23314,91.6135314,550
1436,-165.713006,77.7333219,550
1437,-173.596964,63.104498,550
1438,-179.809089,47.8679433,550
1439,-184.289554,32.1703941,550
1440,-186.99521,16.1630264,550
1441,-187.9,-9.94300114385e-14,550
1442,-186.99521,-16.1630264,550
1443,-184.289554,-32.1703941,550
1444,-179.809089,-47.8679433,550
1445,-173.596964,-63.104498,550
1446,-165.713006,-77.7333219,550
1447,-156.23314,-91.6135314,550
1448,-145.248664,-104.611453,550
1449,-132.865364,-116.601908,550
1450,-119.202498,-127.469424,550
1451,-104.391647,-137.109339,550
1452,-88.5754468,-145.428816,550
1453,-71.9062169,-152.347735,550
1454,-54.5444909,-157.799461,550
1455,-36.6574715,-161.731493,550
1456,-18.4174207,-164.105961,550
1457,1.22021597728e-13,-164.9,550
1458,18.4174207,-164.105961,550
1459,36.6574715,-161.731493,550
1460,54.5444909,-157.799461,550
1461,71.9062169,-152.347735,550
1462,88.5754468,-145.428816,550
1463,104.391647,-137.109339,550
1464,119.202498,-127.469424,550
1465,132.865364,-116.601908,550
1466,145.248664,-104.611453,550
1467,156.23314,-91.6135314,550
1468,165.713006,-77.7333219,550
1469,173.596964,-63.104498,550
1470,179.809089,-47.8679433,550
1471,184.289554,-32.1703941,550
1472,186.99521,-16.1630264,550
1473,187.9,1.85179249917e-15,575
1474,186.99521,16.1630264,575
1475,184.289554,32.1703941,575
1476,179.809089,47.8679433,575
1477,173.596964,63.104498,575
1478,165.713006,77.7333219,575
1479,156.23314,91.6135314,575
1480,145.248664,104.611453,575
1481,132.865364,116.601908,575
1482,119.202498,127.469424,575
1483,104.391647,137.109339,575
1484,88.5754468,145.428816,575
1485,71.9062169,152.347735,575
1486,54.5444909,157.799461,575
1487,36.6574715,161.731493,575
1488,18.4174207,164.105961,575
1489,1.17833007605e-14,164.9,575
1490,-18.4174207,164.105961,575
1491,-36.6574715,161.731493,575
1492,-54.5444909,157.799461,575
1493,-71.9062169,152.347735,575
1494,-88.5754468,145.428816,575
1495,-104.391647,137.109339,575
1496,-119.202498,127.469424,575
1497,-132.865364,116.601908,575
1498,-145.248664,104.611453,575
1499,-156.23314,91.6135314,575
1500,-165.713006,77.7333219,575
1501,-173.596964,63.104498,575
1502,-179.809089,47.8679433,575
1503,-184.289554,32.1703941,575
1504,-186.99521,16.1630264,575
1505,-187.9,-9.77059215766e-14,575
1506,-186.99521,-16.1630264,575
1507,-184.289554,-32.1703941,575
1508,-179.809089,-47.8679433,575
1509,-173.596964,-63.104498,575
1510,-165.713006,-77.7333219,575
1511,-156.23314,-91.6135314,575
1512,-145.248664,-104.611453,575
1513,-132.865364,-116.601908,575
1514,-119.202498,-127.469424,575
1515,-104.391647,-137.109339,575
1516,-88.5754468,-145.428816,575
1517,-71.9062169,-152.347735,575
1518,-54.5444909,-157.799461,575
1519,-36.6574715,-161.731493,575
1520,-18.4174207,-164.105961,575
1521,1.22544192725e-13,-164.9,575
1522,18.4174207,-164.105961,575
1523,36.6574715,-161.731493,575
1524,54.5444909,-157.799461,575
1525,71.9062169,-152.347735,575
1526,88.5754468,-145.428816,575
1527,104.391647,-137.109339,575
1528,119.202498,-127.469424,575
1529,132.865364,-116.601908,575
1530,145.248664,-104.611453,575
1531,156.23314,-91.6135314,575
1532,165.713006,-77.7333219,575
1533,173.596964,-63.104498,575
1534,179.809089,-47.8679433,575
1535,184.289554,-32.1703941,575
1536,186.99521,-16.1630264,575
1537,187.9,1.70439004861e-16,600
1538,186.99521,16.1630264,600
1539,184.289554,32.1703941,600
1540,179.809089,47.8679433,600
1541,173.596964,63.104498,600
1542,165.713006,77.7333219,600
1543,156.23314,91.6135314,600
1544,145.248664,104.611453,600
1545,132.865364,116.601908,600
1546,119.202498,127.469424,600
1547,104.391647,137.109339,600
1548,88.5754468,145.428816,600
1549,71.9062169,152.347735,600
1550,54.5444909,157.799461,600
1551,36.6574715,161.731493,600
1552,18.4174207,164.105961,600
1553,1.14200565874e-14,164.9,600
1554,-18.4174207,164.105961,600
1555,-36.6574715,161.731493,600
1556,-54.5444909,157.799461,600
1557,-71.9062169,152.347735,600
1558,-88.5754468,145.428816,600
1559,-104.391647,137.109339,600
1560,-119.202498,127.469424,600
1561,-132.865364,116.601908,600
1562,-145.248664,104.611453,600
1563,-156.23314,91.6135314,600
1564,-165.713006,77.7333219,600
1565,-173.596964,63.104498,600
1566,-179.809089,47.8679433,600
1567,-184.289554,32.1703941,600
1568,-186.99521,16.1630264,600
1569,-187.9,-9.65056402031e-14,600
1570,-186.99521,-16.1630264,600
1571,-184.289554,-32.1703941,600
1572,-179.809089,-47.8679433,600
1573,-173.596964,-63.104498,600
1574,-165.713006,-77.7333219,600
1575,-156.23314,-91.6135314,600
1576,-145.248664,-104.611453,600
1577,-132.865364,-116.601908,600
1578,-119.202498,-127.469424,600
1579,-104.391647,-137.109339,600
1580,-88.5754468,-145.428816,600
1581,-71.9062169,-152.347735,600
1582,-54.5444909,-157.799461,600
1583,-36.6574715,-161.731493,600
1584,-18.4174207,-164.105961,600
1585,1.21312737494e-13,-164.9,600
1586,18.4174207,-164.105961,600
1587,36.6574715,-161.731493,600
1588,54.5444909,-157.799461,600
1589,71.9062169,-152.347735,600
1590,88.5754468,-145.428816,600
1591,104.391647,-137.109339,600
1592,119.202498,-127.469424,600
1593,132.865364,-116.601908,600
1594,145.248664,-104.611453,600
1595,156.23314,-91.6135314,600
1596,165.713006,-77.7333219,600
1597,173.596964,-63.104498,600
1598,179.809089,-47.8679433,600
1599,184.289554,-32.1703941,600
1600,186.99521,-16.1630264,600
1601,187.9,-7.68914365078e-16,625
1602,186.99521,16.1630264,625
1603,184.289554,32.1703941,625
1604,179.809089,47.8679433,625
1605,173.596964,63.104498,625
1606,165.713006,77.7333219,625
1607,156.23314,91.6135314,625
1608,145.248664,104.611453,625
1609,132.865364,116.601908,625
1610,119.202498,127.469424,625
1611,104.391647,137.109339,625
1612,88.5754468,145.428816,625
1613,71.9062169,152.347735,625
1614,54.5444909,157.799461,625
1615,36.6574715,161.731493,625
1616,18.4174207,164.105961,625
1617,1.09538421389e-14,164.9,625
1618,-18.4174207,164.105961,625
1619,-36.6574715,161.731493,625
1620,-54.5444909,157.799461,625
1621,-71.9062169,152.347735,625
1622,-88.5754468,145.428816,625
1623,-104.391647,137.109339,625
1624,-119.202498,127.469424,625
1625,-132.865364,116.601908,625
1626,-145.248664,104.611453,625
1627,-156.23314,91.6135314,625
1628,-165.713006,77.7333219,625
1629,-173.596964,63.104498,625
1630,-179.809089,47.8679433,625
1631,-184.289554,32.1703941,625
1632,-186.99521,16.1630264,625
1633,-187.9,-9.56743615191e-14,625
1634,-186.99521,-16.1630264,625
1635,-184.289554,-32.1703941,625
1636,-179.809089,-47.8679433,625
1637,-173.596964,-63.104498,625
1638,-165.713006,-77.7333219,625
1639,-156.23314,-91.6135314,625
1640,-145.248664,-104.611453,625
1641,-132.865364,-116.601908,625
1642,-119.202498,-127.469424,625
1643,-104.391647,-137.109339,625
1644,-88.5754468,-145.428816,625
1645,-71.9062169,-152.347735,625
1646,-54.5444909,-157.799461,625
1647,-36.6574715,-161.731493,625
1648,-18.4174207,-164.105961,625
1649,1.21940236466e-13,-164.9,625
1650,18.4174207,-164.105961,625
1651,36.6574715,-161.731493,625
1652,54.5444909,-157.799461,625
1653,71.9062169,-152.347735,625
1654,88.5754468,-145.428816,625
1655,104.391647,-137.109339,625
1656,119.202498,-127.469424,625
1657,132.865364,-116.601908,625
1658,145.248664,-104.611453,625
1659,156.23314,-91.6135314,625
1660,165.713006,-77.7333219,625
1661,173.596964,-63.104498,625
1662,179.809089,-47.8679433,625
1663,184.289554,-32.1703941,625
1664,186.99521,-16.1630264,625
1665,187.9,0,650
1666,186.99521,16.1630264,650
1667,184.289554,32.1703941,650
1668,179.809089,47.8679433,650
1669,173.596964,63.104498,650
1670,165.713006,77.7333219,650
1671,156.23314,91.6135314,650
1672,145.248664,104.611453,650
1673,132.865364,116.601908,650
1674,119.202498,127.469424,650
1675,104.391647,137.109339,650
1676,88.5754468,145.428816,650
1677,71.9062169,152.347735,650
1678,54.5444909,157.799461,650
1679,36.6574715,161.731493,650
1680,18.4174207,164.105961,650
1681,1.15055567e-14,164.9,650
1682,-18.4174207,164.105961,650
1683,-36.6574715,161.731493,650
1684,-54.5444909,157.799461,650
1685,-71.9062169,152.347735,650
1686,-88.5754468,145.428816,650
1687,-104.391647,137.109339,650
1688,-119.202498,127.469424,650
1689,-132.865364,116.601908,650
1690,-145.248664,104.611453,650
1691,-156.23314,91.6135314,650
1692,-165.713006,77.7333219,650
1693,-173.596964,63.104498,650
1694,-179.809089,47.8679433,650
1695,-184.289554,32.1703941,650
1696,-186.99521,16.1630264,650
1697,-187.9,-9.28371809343e-14,650
1698,-186.99521,-16.1630264,650
1699,-184.289554,-32.1703941,650
1700,-179.809089,-47.8679433,650
1701,-173.596964,-63.104498,650
1702,-165.713006,-77.7333219,650
1703,-156.23314,-91.6135314,650
1704,-145.248664,-104.611453,650
1705,-132.865364,-116.601908,650
1706,-119.202498,-127.469424,650
1707,-104.391647,-137.109339,650
1708,-88.5754468,-145.428816,650
1709,-71.9062169,-152.347735,650
1710,-54.5444909,-157.799461,650
1711,-36.6574715,-161.731493,650
1712,-18.4174207,-164.105961,650
1713,1.21572421301e-13,-164.9,650
1714,18.4174207,-164.105961,650
1715,36.6574715,-161.731493,650
1716,54.5444909,-157.799461,650
1717,71.9062169,-152.347735,650
1718,88.5754468,-145.428816,650
1719,104.391647,-137.109339,650
1720,119.202498,-127.469424,650
1721,132.865364,-116.601908,650
1722,145.248664,-104.611453,650
1723,156.23314,-91.6135314,650
1724,165.713006,-77.7333219,650
1725,173.596964,-63.104498,650
1726,179.809089,-47.8679433,650
1727,184.289554,-32.1703941,650
1728,186.99521,-16.1630264,650

===== beginning time step 3 : 0.15 =====


Reforming stiffness matrix: reformation #1

 1
 Nonlinear solution status: time= 0.15
	stiffness updates             = 0
	right hand side evaluations   = 2
	stiffness matrix reformations = 1
	step from line search         = 1.000000
	convergence norms :     INITIAL         CURRENT         REQUIRED
	   residual            3.164043e+05    1.169272e-08    3.164043e+02 
	   energy              6.956359e+02    1.325260e-04    6.956359e-02 
	   displacement        1.562713e+00    1.562713e+00    6.250851e-04 
 2
 Nonlinear solution status: time= 0.15
	stiffness updates             = 1
	right hand side evaluations   = 3
	stiffness matrix reformations = 1
	step from line search         = 1.000000
	convergence norms :     INITIAL         CURRENT         REQUIRED
	   residual            3.164043e+05    4.322090e-17    3.164043e+02 
	   energy              6.956359e+02    1.515920e-15    6.956359e-02 
	   displacement        1.562713e+00    6.441450e-14    6.250849e-04 

convergence summary
    number of iterations   : 2
    number of reformations : 1

------- converged at time : 0.15


Data Record #1
===========================================================================
Step = 3
Time = 0.15
Data = shirt_final_coordinates
1,187.9,1.0927982048e-14,2.40286182192e-14
2,186.99521,16.1630264,2.68684848809e-14
3,184.289554,32.1703941,3.13258909433e-14
4,179.809089,47.8679433,3.63291959075e-14
5,173.596964,63.104498,3.95481226465e-14
6,165.713006,77.7333219,3.53090613375e-14
7,156.23314,91.6135314,4.11126383665e-14
8,145.248664,104.611453,5.07552690322e-14
9,132.865364,116.601908,4.98112996046e-14
10,119.202498,127.469424,4.93249061477e-14
11,104.391647,137.109339,4.93969372782e-14
12,88.5754468,145.428816,5.13679994806e-14
13,71.9062169,152.347735,5.26359050721e-14
14,54.5444909,157.799461,5.34706376368e-14
15,36.6574715,161.731493,5.59668994525e-14
16,18.4174207,164.105961,6.0203902967e-14
17,9.99609653689e-15,164.9,6.12265344094e-14
18,-18.4174207,164.105961,6.07677928158e-14
19,-36.6574715,161.731493,5.90995254287e-14
20,-54.5444909,157.799461,5.60661966921e-14
21,-71.9062169,152.347735,5.75528890635e-14
22,-88.5754468,145.428816,5.31807092896e-14
23,-104.391647,137.109339,5.47465476908e-14
24,-119.202498,127.469424,4.96582100197e-14
25,-132.865364,116.601908,5.00319746016e-14
26,-145.248664,104.611453,4.55614511255e-14
27,-156.23314,91.6135314,3.40488918066e-14
28,-165.713006,77.7333219,2.63405067227e-14
29,-173.596964,63.104498,2.59093683888e-14
30,-179.809089,47.8679433,2.26286922753e-14
31,-184.289554,32.1703941,2.03398669264e-14
32,-186.99521,16.1630264,1.73016568278e-14
33,-187.9,-7.23162399731e-14,1.58815166101e-14
34,-186.99521,-16.1630264,1.59653192557e-14
35,-184.289554,-32.1703941,2.08685412053e-14
36,-179.809089,-47.8679433,2.55015459132e-14
37,-173.596964,-63.104498,2.78601259648e-14
38,-165.713006,-77.7333219,2.09182363464e-14
39,-156.23314,-91.6135314,2.42955505204e-14
40,-145.248664,-104.611453,2.56767307407e-14
41,-132.865364,-116.601908,2.75843644218e-14
42,-119.202498,-127.469424,2.56455443083e-14
43,-104.391647,-137.109339,2.30641462325e-14
44,-88.5754468,-145.428816,2.16729776713e-14
45,-71.9062169,-152.347735,2.12191437372e-14
46,-54.5444909,-157.799461,2.12098109936e-14
47,-36.6574715,-161.731493,2.65699112284e-14
48,-18.4174207,-164.105961,2.89316090942e-14
49,9.87633475559e-14,-164.9,2.80386420957e-14
50,18.4174207,-164.105961,2.78771579325e-14
51,36.6574715,-161.731493,2.4170314287e-14
52,54.5444909,-157.799461,2.65872162477e-14
53,71.9062169,-152.347735,2.66655897179e-14
54,88.5754468,-145.428816,2.67002908133e-14
55,104.391647,-137.109339,2.76575496367e-14
56,119.202498,-127.469424,2.61300420671e-14
57,132.865364,-116.601908,2.85888482437e-14
58,145.248664,-104.611453,3.1786321834e-14
59,156.23314,-91.6135314,2.46422695291e-14
60,165.713006,-77.7333219,2.13296174217e-14
61,173.596964,-63.104498,2.9956292997e-14
62,179.809089,-47.8679433,3.09074681452e-14
63,184.289554,-32.1703941,2.83319703275e-14
64,186.99521,-16.1630264,2.75404660797e-14
65,187.9,9.25345147723e-15,25
66,186.99521,16.1630264,25
67,184.289554,32.1703941,25
68,179.809089,47.8679433,25
69,173.596964,63.104498,25
70,165.713006,77.7333219,25
71,156.23314,91.6135314,25
72,145.248664,104.611453,25
73,132.865364,116.601908,25
74,119.202498,127.469424,25
75,104.391647,137.109339,25
76,88.5754468,145.428816,25
77,71.9062169,152.347735,25
78,54.5444909,157.799461,25
79,36.6574715,161.731493,25
80,18.4174207,164.105961,25
81,1.06304250888e-14,164.9,25
82,-18.4174207,164.105961,25
83,-36.6574715,161.731493,25
84,-54.5444909,157.799461,25
85,-71.9062169,152.347735,25
86,-88.5754468,145.428816,25
87,-104.391647,137.109339,25
88,-119.202498,127.469424,25
89,-132.865364,116.601908,25
90,-145.248664,104.611453,25
91,-156.23314,91.6135314,25
92,-165.713006,77.7333219,25
93,-173.596964,63.104498,25
94,-179.809089,47.8679433,25
95,-184.289554,32.1703941,25
96,-186.99521,16.1630264,25
97,-187.9,-7.27048211965e-14,25
98,-186.99521,-16.1630264,25
99,-184.289554,-32.1703941,25
100,-179.809089,-47.8679433,25
101,-173.596964,-63.104498,25
102,-165.713006,-77.7333219,25
103,-156.23314,-91.6135314,25
104,-145.248664,-104.611453,25
105,-132.865364,-116.601908,25
106,-119.202498,-127.469424,25
107,-104.391647,-137.109339,25
108,-88.5754468,-145.428816,25
109,-71.9062169,-152.347735,25
110,-54.5444909,-157.799461,25
111,-36.6574715,-161.731493,25
112,-18.4174207,-164.105961,25
113,9.92258305373e-14,-164.9,25
114,18.4174207,-164.105961,25
115,36.6574715,-161.731493,25
116,54.5444909,-157.799461,25
117,71.9062169,-152.347735,25
118,88.5754468,-145.428816,25
119,104.391647,-137.109339,25
120,119.202498,-127.469424,25
121,132.865364,-116.601908,25
122,145.248664,-104.611453,25
123,156.23314,-91.6135314,25
124,165.713006,-77.7333219,25
125,173.596964,-63.104498,25
126,179.809089,-47.8679433,25
127,184.289554,-32.1703941,25
128,186.99521,-16.1630264,25
129,187.9,7.99391060264e-15,50
130,186.99521,16.1630264,50
131,184.289554,32.1703941,50
132,179.809089,47.8679433,50
133,173.596964,63.104498,50
134,165.713006,77.7333219,50
135,156.23314,91.6135314,50
136,145.248664,104.611453,50
137,132.865364,116.601908,50
138,119.202498,127.469424,50
139,104.391647,137.109339,50
140,88.5754468,145.428816,50
141,71.9062169,152.347735,50
142,54.5444909,157.799461,50
143,36.6574715,161.731493,50
144,18.4174207,164.105961,50
145,1.02864783508e-14,164.9,50
146,-18.4174207,164.105961,50
147,-36.6574715,161.731493,50
148,-54.5444909,157.799461,50
149,-71.9062169,152.347735,50
150,-88.5754468,145.428816,50
151,-104.391647,137.109339,50
152,-119.202498,127.469424,50
153,-132.865364,116.601908,50
154,-145.248664,104.611453,50
155,-156.23314,91.6135314,50
156,-165.713006,77.7333219,50
157,-173.596964,63.104498,50
158,-179.809089,47.8679433,50
159,-184.289554,32.1703941,50
160,-186.99521,16.1630264,50
161,-187.9,-7.28259030967e-14,50
162,-186.99521,-16.1630264,50
163,-184.289554,-32.1703941,50
164,-179.809089,-47.8679433,50
165,-173.596964,-63.104498,50
166,-165.713006,-77.7333219,50
167,-156.23314,-91.6135314,50
168,-145.248664,-104.611453,50
169,-132.865364,-116.601908,50
170,-119.202498,-127.469424,50
171,-104.391647,-137.109339,50
172,-88.5754468,-145.428816,50
173,-71.9062169,-152.347735,50
174,-54.5444909,-157.799461,50
175,-36.6574715,-161.731493,50
176,-18.4174207,-164.105961,50
177,9.91115284474e-14,-164.9,50
178,18.4174207,-164.105961,50
179,36.6574715,-161.731493,50
180,54.5444909,-157.799461,50
181,71.9062169,-152.347735,50
182,88.5754468,-145.428816,50
183,104.391647,-137.109339,50
184,119.202498,-127.469424,50
185,132.865364,-116.601908,50
186,145.248664,-104.611453,50
187,156.23314,-91.6135314,50
188,165.713006,-77.7333219,50
189,173.596964,-63.104498,50
190,179.809089,-47.8679433,50
191,184.289554,-32.1703941,50
192,186.99521,-16.1630264,50
193,187.9,6.53397960876e-15,75
194,186.99521,16.1630264,75
195,184.289554,32.1703941,75
196,179.809089,47.8679433,75
197,173.596964,63.104498,75
198,165.713006,77.7333219,75
199,156.23314,91.6135314,75
200,145.248664,104.611453,75
201,132.865364,116.601908,75
202,119.202498,127.469424,75
203,104.391647,137.109339,75
204,88.5754468,145.428816,75
205,71.9062169,152.347735,75
206,54.5444909,157.799461,75
207,36.6574715,161.731493,75
208,18.4174207,164.105961,75
209,1.23719920219e-14,164.9,75
210,-18.4174207,164.105961,75
211,-36.6574715,161.731493,75
212,-54.5444909,157.799461,75
213,-71.9062169,152.347735,75
214,-88.5754468,145.428816,75
215,-104.391647,137.109339,75
216,-119.202498,127.469424,75
217,-132.865364,116.601908,75
218,-145.248664,104.611453,75
219,-156.23314,91.6135314,75
220,-165.713006,77.7333219,75
221,-173.596964,63.104498,75
222,-179.809089,47.8679433,75
223,-184.289554,32.1703941,75
224,-186.99521,16.1630264,75
225,-187.9,-7.20880510131e-14,75
226,-186.99521,-16.1630264,75
227,-184.289554,-32.1703941,75
228,-179.809089,-47.8679433,75
229,-173.596964,-63.104498,75
230,-165.713006,-77.7333219,75
231,-156.23314,-91.6135314,75
232,-145.248664,-104.611453,75
233,-132.865364,-116.601908,75
234,-119.202498,-127.469424,75
235,-104.391647,-137.109339,75
236,-88.5754468,-145.428816,75
237,-71.9062169,-152.347735,75
238,-54.5444909,-157.799461,75
239,-36.6574715,-161.731493,75
240,-18.4174207,-164.105961,75
241,9.78518401902e-14,-164.9,75
242,18.4174207,-164.105961,75
243,36.6574715,-161.731493,75
244,54.5444909,-157.799461,75
245,71.9062169,-152.347735,75
246,88.5754468,-145.428816,75
247,104.391647,-137.109339,75
248,119.202498,-127.469424,75
249,132.865364,-116.601908,75
250,145.248664,-104.611453,75
251,156.23314,-91.6135314,75
252,165.713006,-77.7333219,75
253,173.596964,-63.104498,75
254,179.809089,-47.8679433,75
255,184.289554,-32.1703941,75
256,186.99521,-16.1630264,75
257,187.9,5.26769425178e-15,100
258,186.99521,16.1630264,100
259,184.289554,32.1703941,100
260,179.809089,47.8679433,100
261,173.596964,63.104498,100
262,165.713006,77.7333219,100
263,156.23314,91.6135314,100
264,145.248664,104.611453,100
265,132.865364,116.601908,100
266,119.202498,127.469424,100
267,104.391647,137.109339,100
268,88.5754468,145.428816,100
269,71.9062169,152.347735,100
270,54.5444909,157.799461,100
271,36.6574715,161.731493,100
272,18.4174207,164.105961,100
273,1.35725657036e-14,164.9,100
274,-18.4174207,164.105961,100
275,-36.6574715,161.731493,100
276,-54.5444909,157.799461,100
277,-71.9062169,152.347735,100
278,-88.5754468,145.428816,100
279,-104.391647,137.109339,100
280,-119.202498,127.469424,100
281,-132.865364,116.601908,100
282,-145.248664,104.611453,100
283,-156.23314,91.6135314,100
284,-165.713006,77.7333219,100
285,-173.596964,63.104498,100
286,-179.809089,47.8679433,100
287,-184.289554,32.1703941,100
288,-186.99521,16.1630264,100
289,-187.9,-7.14923549361e-14,100
290,-186.99521,-16.1630264,100
291,-184.289554,-32.1703941,100
292,-179.809089,-47.8679433,100
293,-173.596964,-63.104498,100
294,-165.713006,-77.7333219,100
295,-156.23314,-91.6135314,100
296,-145.248664,-104.611453,100
297,-132.865364,-116.601908,100
298,-119.202498,-127.469424,100
299,-104.391647,-137.109339,100
300,-88.5754468,-145.428816,100
301,-71.9062169,-152.347735,100
302,-54.5444909,-157.799461,100
303,-36.6574715,-161.731493,100
304,-18.4174207,-164.105961,100
305,9.73753946107e-14,-164.9,100
306,18.4174207,-164.105961,100
307,36.6574715,-161.731493,100
308,54.5444909,-157.799461,100
309,71.9062169,-152.347735,100
310,88.5754468,-145.428816,100
311,104.391647,-137.109339,100
312,119.202498,-127.469424,100
313,132.865364,-116.601908,100
314,145.248664,-104.611453,100
315,156.23314,-91.6135314,100
316,165.713006,-77.7333219,100
317,173.596964,-63.104498,100
318,179.809089,-47.8679433,100
319,184.289554,-32.1703941,100
320,186.99521,-16.1630264,100
321,187.9,5.78900242916e-15,125
322,186.99521,16.1630264,125
323,184.289554,32.1703941,125
324,179.809089,47.8679433,125
325,173.596964,63.104498,125
326,165.713006,77.7333219,125
327,156.23314,91.6135314,125
328,145.248664,104.611453,125
329,132.865364,116.601908,125
330,119.202498,127.469424,125
331,104.391647,137.109339,125
332,88.5754468,145.428816,125
333,71.9062169,152.347735,125
334,54.5444909,157.799461,125
335,36.6574715,161.731493,125
336,18.4174207,164.105961,125
337,1.16947025349e-14,164.9,125
338,-18.4174207,164.105961,125
339,-36.6574715,161.731493,125
340,-54.5444909,157.799461,125
341,-71.9062169,152.347735,125
342,-88.5754468,145.428816,125
343,-104.391647,137.109339,125
344,-119.202498,127.469424,125
345,-132.865364,116.601908,125
346,-145.248664,104.611453,125
347,-156.23314,91.6135314,125
348,-165.713006,77.7333219,125
349,-173.596964,63.104498,125
350,-179.809089,47.8679433,125
351,-184.289554,32.1703941,125
352,-186.99521,16.1630264,125
353,-187.9,-7.47746144817e-14,125
354,-186.99521,-16.1630264,125
355,-184.289554,-32.1703941,125
356,-179.809089,-47.8679433,125
357,-173.596964,-63.104498,125
358,-165.713006,-77.7333219,125
359,-156.23314,-91.6135314,125
360,-145.248664,-104.611453,125
361,-132.865364,-116.601908,125
362,-119.202498,-127.469424,125
363,-104.391647,-137.109339,125
364,-88.5754468,-145.428816,125
365,-71.9062169,-152.347735,125
366,-54.5444909,-157.799461,125
367,-36.6574715,-161.731493,125
368,-18.4174207,-164.105961,125
369,9.76095873574e-14,-164.9,125
370,18.4174207,-164.105961,125
371,36.6574715,-161.731493,125
372,54.5444909,-157.799461,125
373,71.9062169,-152.347735,125
374,88.5754468,-145.428816,125
375,104.391647,-137.109339,125
376,119.202498,-127.469424,125
377,132.865364,-116.601908,125
378,145.248664,-104.611453,125
379,156.23314,-91.6135314,125
380,165.713006,-77.7333219,125
381,173.596964,-63.104498,125
382,179.809089,-47.8679433,125
383,184.289554,-32.1703941,125
384,186.99521,-16.1630264,125
385,187.9,6.3629051913e-15,150
386,186.99521,16.1630264,150
387,184.289554,32.1703941,150
388,179.809089,47.8679433,150
389,173.596964,63.104498,150
390,165.713006,77.7333219,150
391,156.23314,91.6135314,150
392,145.248664,104.611453,150
393,132.865364,116.601908,150
394,119.202498,127.469424,150
395,104.391647,137.109339,150
396,88.5754468,145.428816,150
397,71.9062169,152.347735,150
398,54.5444909,157.799461,150
399,36.6574715,161.731493,150
400,18.4174207,164.105961,150
401,1.23674929964e-14,164.9,150
402,-18.4174207,164.105961,150
403,-36.6574715,161.731493,150
404,-54.5444909,157.799461,150
405,-71.9062169,152.347735,150
406,-88.5754468,145.428816,150
407,-104.391647,137.109339,150
408,-119.202498,127.469424,150
409,-132.865364,116.601908,150
410,-145.248664,104.611453,150
411,-156.23314,91.6135314,150
412,-165.713006,77.7333219,150
413,-173.596964,63.104498,150
414,-179.809089,47.8679433,150
415,-184.289554,32.1703941,150
416,-186.99521,16.1630264,150
417,-187.9,-7.17503178335e-14,150
418,-186.99521,-16.1630264,150
419,-184.289554,-32.1703941,150
420,-179.809089,-47.8679433,150
421,-173.596964,-63.104498,150
422,-165.713006,-77.7333219,150
423,-156.23314,-91.6135314,150
424,-145.248664,-104.611453,150
425,-132.865364,-116.601908,150
426,-119.202498,-127.469424,150
427,-104.391647,-137.109339,150
428,-88.5754468,-145.428816,150
429,-71.9062169,-152.347735,150
430,-54.5444909,-157.799461,150
431,-36.6574715,-161.731493,150
432,-18.4174207,-164.105961,150
433,9.64892301826e-14,-164.9,150
434,18.4174207,-164.105961,150
435,36.6574715,-161.731493,150
436,54.5444909,-157.799461,150
437,71.9062169,-152.347735,150
438,88.5754468,-145.428816,150
439,104.391647,-137.109339,150
440,119.202498,-127.469424,150
441,132.865364,-116.601908,150
442,145.248664,-104.611453,150
443,156.23314,-91.6135314,150
444,165.713006,-77.7333219,150
445,173.596964,-63.104498,150
446,179.809089,-47.8679433,150
447,184.289554,-32.1703941,150
448,186.99521,-16.1630264,150
449,187.9,7.67706253109e-15,175
450,186.99521,16.1630264,175
451,184.289554,32.1703941,175
452,179.809089,47.8679433,175
453,173.596964,63.104498,175
454,165.713006,77.7333219,175
455,156.23314,91.6135314,175
456,145.248664,104.611453,175
457,132.865364,116.601908,175
458,119.202498,127.469424,175
459,104.391647,137.109339,175
460,88.5754468,145.428816,175
461,71.9062169,152.347735,175
462,54.5444909,157.799461,175
463,36.6574715,161.731493,175
464,18.4174207,164.105961,175
465,1.26587000114e-14,164.9,175
466,-18.4174207,164.105961,175
467,-36.6574715,161.731493,175
468,-54.5444909,157.799461,175
469,-71.9062169,152.347735,175
470,-88.5754468,145.428816,175
471,-104.391647,137.109339,175
472,-119.202498,127.469424,175
473,-132.865364,116.601908,175
474,-145.248664,104.611453,175
475,-156.23314,91.6135314,175
476,-165.713006,77.7333219,175
477,-173.596964,63.104498,175
478,-179.809089,47.8679433,175
479,-184.289554,32.1703941,175
480,-186.99521,16.1630264,175
481,-187.9,-7.29879303059e-14,175
482,-186.99521,-16.1630264,175
483,-184.289554,-32.1703941,175
484,-179.809089,-47.8679433,175
485,-173.596964,-63.104498,175
486,-165.713006,-77.7333219,175
487,-156.23314,-91.6135314,175
488,-145.248664,-104.611453,175
489,-132.865364,-116.601908,175
490,-119.202498,-127.469424,175
491,-104.391647,-137.109339,175
492,-88.5754468,-145.428816,175
493,-71.9062169,-152.347735,175
494,-54.5444909,-157.799461,175
495,-36.6574715,-161.731493,175
496,-18.4174207,-164.105961,175
497,9.83891148742e-14,-164.9,175
498,18.4174207,-164.105961,175
499,36.6574715,-161.731493,175
500,54.5444909,-157.799461,175
501,71.9062169,-152.347735,175
502,88.5754468,-145.428816,175
503,104.391647,-137.109339,175
504,119.202498,-127.469424,175
505,132.865364,-116.601908,175
506,145.248664,-104.611453,175
507,156.23314,-91.6135314,175
508,165.713006,-77.7333219,175
509,173.596964,-63.104498,175
510,179.809089,-47.8679433,175
511,184.289554,-32.1703941,175
512,186.99521,-16.1630264,175
513,187.9,3.07236089468e-15,200
514,186.99521,16.1630264,200
515,184.289554,32.1703941,200
516,179.809089,47.8679433,200
517,173.596964,63.104498,200
518,165.713006,77.7333219,200
519,156.23314,91.6135314,200
520,145.248664,104.611453,200
521,132.865364,116.601908,200
522,119.202498,127.469424,200
523,104.391647,137.109339,200
524,88.5754468,145.428816,200
525,71.9062169,152.347735,200
526,54.5444909,157.799461,200
527,36.6574715,161.731493,200
528,18.4174207,164.105961,200
529,1.46475469342e-14,164.9,200
530,-18.4174207,164.105961,200
531,-36.6574715,161.731493,200
532,-54.5444909,157.799461,200
533,-71.9062169,152.347735,200
534,-88.5754468,145.428816,200
535,-104.391647,137.109339,200
536,-119.202498,127.469424,200
537,-132.865364,116.601908,200
538,-145.248664,104.611453,200
539,-156.23314,91.6135314,200
540,-165.713006,77.7333219,200
541,-173.596964,63.104498,200
542,-179.809089,47.8679433,200
543,-184.289554,32.1703941,200
544,-186.99521,16.1630264,200
545,-187.9,-7.81834988942e-14,200
546,-186.99521,-16.1630264,200
547,-184.289554,-32.1703941,200
548,-179.809089,-47.8679433,200
549,-173.596964,-63.104498,200
550,-165.713006,-77.7333219,200
551,-156.23314,-91.6135314,200
552,-145.248664,-104.611453,200
553,-132.865364,-116.601908,200
554,-119.202498,-127.469424,200
555,-104.391647,-137.109339,200
556,-88.5754468,-145.428816,200
557,-71.9062169,-152.347735,200
558,-54.5444909,-157.799461,200
559,-36.6574715,-161.731493,200
560,-18.4174207,-164.105961,200
561,9.73005144651e-14,-164.9,200
562,18.4174207,-164.105961,200
563,36.6574715,-161.731493,200
564,54.5444909,-157.799461,200
565,71.9062169,-152.347735,200
566,88.5754468,-145.428816,200
567,104.391647,-137.109339,200
568,119.202498,-127.469424,200
569,132.865364,-116.601908,200
570,145.248664,-104.611453,200
571,156.23314,-91.6135314,200
572,165.713006,-77.7333219,200
573,173.596964,-63.104498,200
574,179.809089,-47.8679433,200
575,184.289554,-32.1703941,200
576,186.99521,-16.1630264,200
577,187.9,1.94388005728e-15,225
578,186.99521,16.1630264,225
579,184.289554,32.1703941,225
580,179.809089,47.8679433,225
581,173.596964,63.104498,225
582,165.713006,77.7333219,225
583,156.23314,91.6135314,225
584,145.248664,104.611453,225
585,132.865364,116.601908,225
586,119.202498,127.469424,225
587,104.391647,137.109339,225
588,88.5754468,145.428816,225
589,71.9062169,152.347735,225
590,54.5444909,157.799461,225
591,36.6574715,161.731493,225
592,18.4174207,164.105961,225
593,1.38579641593e-14,164.9,225
594,-18.4174207,164.105961,225
595,-36.6574715,161.731493,225
596,-54.5444909,157.799461,225
597,-71.9062169,152.347735,225
598,-88.5754468,145.428816,225
599,-104.391647,137.109339,225
600,-119.202498,127.469424,225
601,-132.865364,116.601908,225
602,-145.248664,104.611453,225
603,-156.23314,91.6135314,225
604,-165.713006,77.7333219,225
605,-173.596964,63.104498,225
606,-179.809089,47.8679433,225
607,-184.289554,32.1703941,225
608,-186.99521,16.1630264,225
609,-187.9,-8.13239956964e-14,225
610,-186.99521,-16.1630264,225
611,-184.289554,-32.1703941,225
612,-179.809089,-47.8679433,225
613,-173.596964,-63.104498,225
614,-165.713006,-77.7333219,225
615,-156.23314,-91.6135314,225
616,-145.248664,-104.611453,225
617,-132.865364,-116.601908,225
618,-119.202498,-127.469424,225
619,-104.391647,-137.109339,225
620,-88.5754468,-145.428816,225
621,-71.9062169,-152.347735,225
622,-54.5444909,-157.799461,225
623,-36.6574715,-161.731493,225
624,-18.4174207,-164.105961,225
625,9.62553342888e-14,-164.9,225
626,18.4174207,-164.105961,225
627,36.6574715,-161.731493,225
628,54.5444909,-157.799461,225
629,71.9062169,-152.347735,225
630,88.5754468,-145.428816,225
631,104.391647,-137.109339,225
632,119.202498,-127.469424,225
633,132.865364,-116.601908,225
634,145.248664,-104.611453,225
635,156.23314,-91.6135314,225
636,165.713006,-77.7333219,225
637,173.596964,-63.104498,225
638,179.809089,-47.8679433,225
639,184.289554,-32.1703941,225
640,186.99521,-16.1630264,225
641,187.9,2.88087324528e-15,250
642,186.99521,16.1630264,250
643,184.289554,32.1703941,250
644,179.809089,47.8679433,250
645,173.596964,63.104498,250
646,165.713006,77.7333219,250
647,156.23314,91.6135314,250
648,145.248664,104.611453,250
649,132.865364,116.601908,250
650,119.202498,127.469424,250
651,104.391647,137.109339,250
652,88.5754468,145.428816,250
653,71.9062169,152.347735,250
654,54.5444909,157.799461,250
655,36.6574715,161.731493,250
656,18.4174207,164.105961,250
657,1.70425740853e-14,164.9,250
658,-18.4174207,164.105961,250
659,-36.6574715,161.731493,250
660,-54.5444909,157.799461,250
661,-71.9062169,152.347735,250
662,-88.5754468,145.428816,250
663,-104.391647,137.109339,250
664,-119.202498,127.469424,250
665,-132.865364,116.601908,250
666,-145.248664,104.611453,250
667,-156.23314,91.6135314,250
668,-165.713006,77.7333219,250
669,-173.596964,63.104498,250
670,-179.809089,47.8679433,250
671,-184.289554,32.1703941,250
672,-186.99521,16.1630264,250
673,-187.9,-8.36745961835e-14,250
674,-186.99521,-16.1630264,250
675,-184.289554,-32.1703941,250
676,-179.809089,-47.8679433,250
677,-173.596964,-63.104498,250
678,-165.713006,-77.7333219,250
679,-156.23314,-91.6135314,250
680,-145.248664,-104.611453,250
681,-132.865364,-116.601908,250
682,-119.202498,-127.469424,250
683,-104.391647,-137.109339,250
684,-88.5754468,-145.428816,250
685,-71.9062169,-152.347735,250
686,-54.5444909,-157.799461,250
687,-36.6574715,-161.731493,250
688,-18.4174207,-164.105961,250
689,9.52450747425e-14,-164.9,250
690,18.4174207,-164.105961,250
691,36.6574715,-161.731493,250
692,54.5444909,-157.799461,250
693,71.9062169,-152.347735,250
694,88.5754468,-145.428816,250
695,104.391647,-137.109339,250
696,119.202498,-127.469424,250
697,132.865364,-116.601908,250
698,145.248664,-104.611453,250
699,156.23314,-91.6135314,250
700,165.713006,-77.7333219,250
701,173.596964,-63.104498,250
702,179.809089,-47.8679433,250
703,184.289554,-32.1703941,250
704,186.99521,-16.1630264,250
705,187.9,6.06359868396e-15,275
706,186.99521,16.1630264,275
707,184.289554,32.1703941,275
708,179.809089,47.8679433,275
709,173.596964,63.104498,275
710,165.713006,77.7333219,275
711,156.23314,91.6135314,275
712,145.248664,104.611453,275
713,132.865364,116.601908,275
714,119.202498,127.469424,275
715,104.391647,137.109339,275
716,88.5754468,145.428816,275
717,71.9062169,152.347735,275
718,54.5444909,157.799461,275
719,36.6574715,161.731493,275
720,18.4174207,164.105961,275
721,1.71972938324e-14,164.9,275
722,-18.4174207,164.105961,275
723,-36.6574715,161.731493,275
724,-54.5444909,157.799461,275
725,-71.9062169,152.347735,275
726,-88.5754468,145.428816,275
727,-104.391647,137.109339,275
728,-119.202498,127.469424,275
729,-132.865364,116.601908,275
730,-145.248664,104.611453,275
731,-156.23314,91.6135314,275
732,-165.713006,77.7333219,275
733,-173.596964,63.104498,275
734,-179.809089,47.8679433,275
735,-184.289554,32.1703941,275
736,-186.99521,16.1630264,275
737,-187.9,-8.68539506516e-14,275
738,-186.99521,-16.1630264,275
739,-184.289554,-32.1703941,275
740,-179.809089,-47.8679433,275
741,-173.596964,-63.104498,275
742,-165.713006,-77.7333219,275
743,-156.23314,-91.6135314,275
744,-145.248664,-104.611453,275
745,-132.865364,-116.601908,275
746,-119.202498,-127.469424,275
747,-104.391647,-137.109339,275
748,-88.5754468,-145.428816,275
749,-71.9062169,-152.347735,275
750,-54.5444909,-157.799461,275
751,-36.6574715,-161.731493,275
752,-18.4174207,-164.105961,275
753,9.91391600158e-14,-164.9,275
754,18.4174207,-164.105961,275
755,36.6574715,-161.731493,275
756,54.5444909,-157.799461,275
757,71.9062169,-152.347735,275
758,88.5754468,-145.428816,275
759,104.391647,-137.109339,275
760,119.202498,-127.469424,275
761,132.865364,-116.601908,275
762,145.248664,-104.611453,275
763,156.23314,-91.6135314,275
764,165.713006,-77.7333219,275
765,173.596964,-63.104498,275
766,179.809089,-47.8679433,275
767,184.289554,-32.1703941,275
768,186.99521,-16.1630264,275
769,187.9,5.80503238389e-15,300
770,186.99521,16.1630264,300
771,184.289554,32.1703941,300
772,179.809089,47.8679433,300
773,173.596964,63.104498,300
774,165.713006,77.7333219,300
775,156.23314,91.6135314,300
776,145.248664,104.611453,300
777,132.865364,116.601908,300
778,119.202498,127.469424,300
779,104.391647,137.109339,300
780,88.5754468,145.428816,300
781,71.9062169,152.347735,300
782,54.5444909,157.799461,300
783,36.6574715,161.731493,300
784,18.4174207,164.105961,300
785,1.77072607389e-14,164.9,300
786,-18.4174207,164.105961,300
787,-36.6574715,161.731493,300
788,-54.5444909,157.799461,300
789,-71.9062169,152.347735,300
790,-88.5754468,145.428816,300
791,-104.391647,137.109339,300
792,-119.202498,127.469424,300
793,-132.865364,116.601908,300
794,-145.248664,104.611453,300
795,-156.23314,91.6135314,300
796,-165.713006,77.7333219,300
797,-173.596964,63.104498,300
798,-179.809089,47.8679433,300
799,-184.289554,32.1703941,300
800,-186.99521,16.1630264,300
801,-187.9,-8.72509813146e-14,300
802,-186.99521,-16.1630264,300
803,-184.289554,-32.1703941,300
804,-179.809089,-47.8679433,300
805,-173.596964,-63.104498,300
806,-165.713006,-77.7333219,300
807,-156.23314,-91.6135314,300
808,-145.248664,-104.611453,300
809,-132.865364,-116.601908,300
810,-119.202498,-127.469424,300
811,-104.391647,-137.109339,300
812,-88.5754468,-145.428816,300
813,-71.9062169,-152.347735,300
814,-54.5444909,-157.799461,300
815,-36.6574715,-161.731493,300
816,-18.4174207,-164.105961,300
817,9.83717565226e-14,-164.9,300
818,18.4174207,-164.105961,300
819,36.6574715,-161.731493,300
820,54.5444909,-157.799461,300
821,71.9062169,-152.347735,300
822,88.5754468,-145.428816,300
823,104.391647,-137.109339,300
824,119.202498,-127.469424,300
825,132.865364,-116.601908,300
826,145.248664,-104.611453,300
827,156.23314,-91.6135314,300
828,165.713006,-77.7333219,300
829,173.596964,-63.104498,300
830,179.809089,-47.8679433,300
831,184.289554,-32.1703941,300
832,186.99521,-16.1630264,300
833,187.9,6.87543625978e-15,325
834,186.99521,16.1630264,325
835,184.289554,32.1703941,325
836,179.809089,47.8679433,325
837,173.596964,63.104498,325
838,165.713006,77.7333219,325
839,156.23314,91.6135314,325
840,145.248664,104.611453,325
841,132.865364,116.601908,325
842,119.202498,127.469424,325
843,104.391647,137.109339,325
844,88.5754468,145.428816,325
845,71.9062169,152.347735,325
846,54.5444909,157.799461,325
847,36.6574715,161.731493,325
848,18.4174207,164.105961,325
849,2.14968701744e-14,164.9,325
850,-18.4174207,164.105961,325
851,-36.6574715,161.731493,325
852,-54.5444909,157.799461,325
853,-71.9062169,152.347735,325
854,-88.5754468,145.428816,325
855,-104.391647,137.109339,325
856,-119.202498,127.469424,325
857,-132.865364,116.601908,325
858,-145.248664,104.611453,325
859,-156.23314,91.6135314,325
860,-165.713006,77.7333219,325
861,-173.596964,63.104498,325
862,-179.809089,47.8679433,325
863,-184.289554,32.1703941,325
864,-186.99521,16.1630264,325
865,-187.9,-8.84652876506e-14,325
866,-186.99521,-16.1630264,325
867,-184.289554,-32.1703941,325
868,-179.809089,-47.8679433,325
869,-173.596964,-63.104498,325
870,-165.713006,-77.7333219,325
871,-156.23314,-91.6135314,325
872,-145.248664,-104.611453,325
873,-132.865364,-116.601908,325
874,-119.202498,-127.469424,325
875,-104.391647,-137.109339,325
876,-88.5754468,-145.428816,325
877,-71.9062169,-152.347735,325
878,-54.5444909,-157.799461,325
879,-36.6574715,-161.731493,325
880,-18.4174207,-164.105961,325
881,9.80420990259e-14,-164.9,325
882,18.4174207,-164.105961,325
883,36.6574715,-161.731493,325
884,54.5444909,-157.799461,325
885,71.9062169,-152.347735,325
886,88.5754468,-145.428816,325
887,104.391647,-137.109339,325
888,119.202498,-127.469424,325
889,132.865364,-116.601908,325
890,145.248664,-104.611453,325
891,156.23314,-91.6135314,325
892,165.713006,-77.7333219,325
893,173.596964,-63.104498,325
894,179.809089,-47.8679433,325
895,184.289554,-32.1703941,325
896,186.99521,-16.1630264,325
897,187.9,6.8587401728e-15,350
898,186.99521,16.1630264,350
899,184.289554,32.1703941,350
900,179.809089,47.8679433,350
901,173.596964,63.104498,350
902,165.713006,77.7333219,350
903,156.23314,91.6135314,350
904,145.248664,104.611453,350
905,132.865364,116.601908,350
906,119.202498,127.469424,350
907,104.391647,137.109339,350
908,88.5754468,145.428816,350
909,71.9062169,152.347735,350
910,54.5444909,157.799461,350
911,36.6574715,161.731493,350
912,18.4174207,164.105961,350
913,2.07942862856e-14,164.9,350
914,-18.4174207,164.105961,350
915,-36.6574715,161.731493,350
916,-54.5444909,157.799461,350
917,-71.9062169,152.347735,350
918,-88.5754468,145.428816,350
919,-104.391647,137.109339,350
920,-119.202498,127.469424,350
921,-132.865364,116.601908,350
922,-145.248664,104.611453,350
923,-156.23314,91.6135314,350
924,-165.713006,77.7333219,350
925,-173.596964,63.104498,350
926,-179.809089,47.8679433,350
927,-184.289554,32.1703941,350
928,-186.99521,16.1630264,350
929,-187.9,-8.76432106888e-14,350
930,-186.99521,-16.1630264,350
931,-184.289554,-32.1703941,350
932,-179.809089,-47.8679433,350
933,-173.596964,-63.104498,350
934,-165.713006,-77.7333219,350
935,-156.23314,-91.6135314,350
936,-145.248664,-104.611453,350
937,-132.865364,-116.601908,350
938,-119.202498,-127.469424,350
939,-104.391647,-137.109339,350
940,-88.5754468,-145.428816,350
941,-71.9062169,-152.347735,350
942,-54.5444909,-157.799461,350
943,-36.6574715,-161.731493,350
944,-18.4174207,-164.105961,350
945,1.0055392339e-13,-164.9,350
946,18.4174207,-164.105961,350
947,36.6574715,-161.731493,350
948,54.5444909,-157.799461,350
949,71.9062169,-152.347735,350
950,88.5754468,-145.428816,350
951,104.391647,-137.109339,350
952,119.202498,-127.469424,350
953,132.865364,-116.601908,350
954,145.248664,-104.611453,350
955,156.23314,-91.6135314,350
956,165.713006,-77.7333219,350
957,173.596964,-63.104498,350
958,179.809089,-47.8679433,350
959,184.289554,-32.1703941,350
960,186.99521,-16.1630264,350
961,187.9,6.46545403555e-15,375
962,186.99521,16.1630264,375
963,184.289554,32.1703941,375
964,179.809089,47.8679433,375
965,173.596964,63.104498,375
966,165.713006,77.7333219,375
967,156.23314,91.6135314,375
968,145.248664,104.611453,375
969,132.865364,116.601908,375
970,119.202498,127.469424,375
971,104.391647,137.109339,375
972,88.5754468,145.428816,375
973,71.9062169,152.347735,375
974,54.5444909,157.799461,375
975,36.6574715,161.731493,375
976,18.4174207,164.105961,375
977,1.55519368214e-14,164.9,375
978,-18.4174207,164.105961,375
979,-36.6574715,161.731493,375
980,-54.5444909,157.799461,375
981,-71.9062169,152.347735,375
982,-88.5754468,145.428816,375
983,-104.391647,137.109339,375
984,-119.202498,127.469424,375
985,-132.865364,116.601908,375
986,-145.248664,104.611453,375
987,-156.23314,91.6135314,375
988,-165.713006,77.7333219,375
989,-173.596964,63.104498,375
990,-179.809089,47.8679433,375
991,-184.289554,32.1703941,375
992,-186.99521,16.1630264,375
993,-187.9,-8.83024705557e-14,375
994,-186.99521,-16.1630264,375
995,-184.289554,-32.1703941,375
996,-179.809089,-47.8679433,375
997,-173.596964,-63.104498,375
998,-165.713006,-77.7333219,375
999,-156.23314,-91.6135314,375
1000,-145.248664,-104.611453,375
1001,-132.865364,-116.601908,375
1002,-119.202498,-127.469424,375
1003,-104.391647,-137.109339,375
1004,-88.5754468,-145.428816,375
1005,-71.9062169,-152.347735,375
1006,-54.5444909,-157.799461,375
1007,-36.6574715,-161.731493,375
1008,-18.4174207,-164.105961,375
1009,1.01438768256e-13,-164.9,375
1010,18.4174207,-164.105961,375
1011,36.6574715,-161.731493,375
1012,54.5444909,-157.799461,375
1013,71.9062169,-152.347735,375
1014,88.5754468,-145.428816,375
1015,104.391647,-137.109339,375
1016,119.202498,-127.469424,375
1017,132.865364,-116.601908,375
1018,145.248664,-104.611453,375
1019,156.23314,-91.6135314,375
1020,165.713006,-77.7333219,375
1021,173.596964,-63.104498,375
1022,179.809089,-47.8679433,375
1023,184.289554,-32.1703941,375
1024,186.99521,-16.1630264,375
1025,187.9,6.15254711159e-15,400
1026,186.99521,16.1630264,400
1027,184.289554,32.1703941,400
1028,179.809089,47.8679433,400
1029,173.596964,63.104498,400
1030,165.713006,77.7333219,400
1031,156.23314,91.6135314,400
1032,145.248664,104.611453,400
1033,132.865364,116.601908,400
1034,119.202498,127.469424,400
1035,104.391647,137.109339,400
1036,88.5754468,145.428816,400
1037,71.9062169,152.347735,400
1038,54.5444909,157.799461,400
1039,36.6574715,161.731493,400
1040,18.4174207,164.105961,400
1041,2.03263854019e-14,164.9,400
1042,-18.4174207,164.105961,400
1043,-36.6574715,161.731493,400
1044,-54.5444909,157.799461,400
1045,-71.9062169,152.347735,400
1046,-88.5754468,145.428816,400
1047,-104.391647,137.109339,400
1048,-119.202498,127.469424,400
1049,-132.865364,116.601908,400
1050,-145.248664,104.611453,400
1051,-156.23314,91.6135314,400
1052,-165.713006,77.7333219,400
1053,-173.596964,63.104498,400
1054,-179.809089,47.8679433,400
1055,-184.289554,32.1703941,400
1056,-186.99521,16.1630264,400
1057,-187.9,-8.98341507128e-14,400
1058,-186.99521,-16.1630264,400
1059,-184.289554,-32.1703941,400
1060,-179.809089,-47.8679433,400
1061,-173.596964,-63.104498,400
1062,-165.713006,-77.7333219,400
1063,-156.23314,-91.6135314,400
1064,-145.248664,-104.611453,400
1065,-132.865364,-116.601908,400
1066,-119.202498,-127.469424,400
1067,-104.391647,-137.109339,400
1068,-88.5754468,-145.428816,400
1069,-71.9062169,-152.347735,400
1070,-54.5444909,-157.799461,400
1071,-36.6574715,-161.731493,400
1072,-18.4174207,-164.105961,400
1073,1.04794426112e-13,-164.9,400
1074,18.4174207,-164.105961,400
1075,36.6574715,-161.731493,400
1076,54.5444909,-157.799461,400
1077,71.9062169,-152.347735,400
1078,88.5754468,-145.428816,400
1079,104.391647,-137.109339,400
1080,119.202498,-127.469424,400
1081,132.865364,-116.601908,400
1082,145.248664,-104.611453,400
1083,156.23314,-91.6135314,400
1084,165.713006,-77.7333219,400
1085,173.596964,-63.104498,400
1086,179.809089,-47.8679433,400
1087,184.289554,-32.1703941,400
1088,186.99521,-16.1630264,400
1089,187.9,6.00663674489e-15,425
1090,186.99521,16.1630264,425
1091,184.289554,32.1703941,425
1092,179.809089,47.8679433,425
1093,173.596964,63.104498,425
1094,165.713006,77.7333219,425
1095,156.23314,91.6135314,425
1096,145.248664,104.611453,425
1097,132.865364,116.601908,425
1098,119.202498,127.469424,425
1099,104.391647,137.109339,425
1100,88.5754468,145.428816,425
1101,71.9062169,152.347735,425
1102,54.5444909,157.799461,425
1103,36.6574715,161.731493,425
1104,18.4174207,164.105961,425
1105,1.71984644874e-14,164.9,425
1106,-18.4174207,164.105961,425
1107,-36.6574715,161.731493,425
1108,-54.5444909,157.799461,425
1109,-71.9062169,152.347735,425
1110,-88.5754468,145.428816,425
1111,-104.391647,137.109339,425
1112,-119.202498,127.469424,425
1113,-132.865364,116.601908,425
1114,-145.248664,104.611453,425
1115,-156.23314,91.6135314,425
1116,-165.713006,77.7333219,425
1117,-173.596964,63.104498,425
1118,-179.809089,47.8679433,425
1119,-184.289554,32.1703941,425
1120,-186.99521,16.1630264,425
1121,-187.9,-8.6651148446e-14,425
1122,-186.99521,-16.1630264,425
1123,-184.289554,-32.1703941,425
1124,-179.809089,-47.8679433,425
1125,-173.596964,-63.104498,425
1126,-165.713006,-77.7333219,425
1127,-156.23314,-91.6135314,425
1128,-145.248664,-104.611453,425
1129,-132.865364,-116.601908,425
1130,-119.202498,-127.469424,425
1131,-104.391647,-137.109339,425
1132,-88.5754468,-145.428816,425
1133,-71.9062169,-152.347735,425
1134,-54.5444909,-157.799461,425
1135,-36.6574715,-161.731493,425
1136,-18.4174207,-164.105961,425
1137,1.04319631944e-13,-164.9,425
1138,18.4174207,-164.105961,425
1139,36.6574715,-161.731493,425
1140,54.5444909,-157.799461,425
1141,71.9062169,-152.347735,425
1142,88.5754468,-145.428816,425
1143,104.391647,-137.109339,425
1144,119.202498,-127.469424,425
1145,132.865364,-116.601908,425
1146,145.248664,-104.611453,425
1147,156.23314,-91.6135314,425
1148,165.713006,-77.7333219,425
1149,173.596964,-63.104498,425
1150,179.809089,-47.8679433,425
1151,184.289554,-32.1703941,425
1152,186.99521,-16.1630264,425
1153,187.9,5.34922458185e-15,450
1154,186.99521,16.1630264,450
1155,184.289554,32.1703941,450
1156,179.809089,47.8679433,450
1157,173.596964,63.104498,450
1158,165.713006,77.7333219,450
1159,156.23314,91.6135314,450
1160,145.248664,104.611453,450
1161,132.865364,116.601908,450
1162,119.202498,127.469424,450
1163,104.391647,137.109339,450
1164,88.5754468,145.428816,450
1165,71.9062169,152.347735,450
1166,54.5444909,157.799461,450
1167,36.6574715,161.731493,450
1168,18.4174207,164.105961,450
1169,1.25530803254e-14,164.9,450
1170,-18.4174207,164.105961,450
1171,-36.6574715,161.731493,450
1172,-54.5444909,157.799461,450
1173,-71.9062169,152.347735,450
1174,-88.5754468,145.428816,450
1175,-104.391647,137.109339,450
1176,-119.202498,127.469424,450
1177,-132.865364,116.601908,450
1178,-145.248664,104.611453,450
1179,-156.23314,91.6135314,450
1180,-165.713006,77.7333219,450
1181,-173.596964,63.104498,450
1182,-179.809089,47.8679433,450
1183,-184.289554,32.1703941,450
1184,-186.99521,16.1630264,450
1185,-187.9,-8.8222359896e-14,450
1186,-186.99521,-16.1630264,450
1187,-184.289554,-32.1703941,450
1188,-179.809089,-47.8679433,450
1189,-173.596964,-63.104498,450
1190,-165.713006,-77.7333219,450
1191,-156.23314,-91.6135314,450
1192,-145.248664,-104.611453,450
1193,-132.865364,-116.601908,450
1194,-119.202498,-127.469424,450
1195,-104.391647,-137.109339,450
1196,-88.5754468,-145.428816,450
1197,-71.9062169,-152.347735,450
1198,-54.5444909,-157.799461,450
1199,-36.6574715,-161.731493,450
1200,-18.4174207,-164.105961,450
1201,1.04048239998e-13,-164.9,450
1202,18.4174207,-164.105961,450
1203,36.6574715,-161.731493,450
1204,54.5444909,-157.799461,450
1205,71.9062169,-152.347735,450
1206,88.5754468,-145.428816,450
1207,104.391647,-137.109339,450
1208,119.202498,-127.469424,450
1209,132.865364,-116.601908,450
1210,145.248664,-104.611453,450
1211,156.23314,-91.6135314,450
1212,165.713006,-77.7333219,450
1213,173.596964,-63.104498,450
1214,179.809089,-47.8679433,450
1215,184.289554,-32.1703941,450
1216,186.99521,-16.1630264,450
1217,187.9,5.18441161061e-15,475
1218,186.99521,16.1630264,475
1219,184.289554,32.1703941,475
1220,179.809089,47.8679433,475
1221,173.596964,63.104498,475
1222,165.713006,77.7333219,475
1223,156.23314,91.6135314,475
1224,145.248664,104.611453,475
1225,132.865364,116.601908,475
1226,119.202498,127.469424,475
1227,104.391647,137.109339,475
1228,88.5754468,145.428816,475
1229,71.9062169,152.347735,475
1230,54.5444909,157.799461,475
1231,36.6574715,161.731493,475
1232,18.4174207,164.105961,475
1233,1.18588404297e-14,164.9,475
1234,-18.4174207,164.105961,475
1235,-36.6574715,161.731493,475
1236,-54.5444909,157.799461,475
1237,-71.9062169,152.347735,475
1238,-88.5754468,145.428816,475
1239,-104.391647,137.109339,475
1240,-119.202498,127.469424,475
1241,-132.865364,116.601908,475
1242,-145.248664,104.611453,475
1243,-156.23314,91.6135314,475
1244,-165.713006,77.7333219,475
1245,-173.596964,63.104498,475
1246,-179.809089,47.8679433,475
1247,-184.289554,32.1703941,475
1248,-186.99521,16.1630264,475
1249,-187.9,-8.80662994253e-14,475
1250,-186.99521,-16.1630264,475
1251,-184.289554,-32.1703941,475
1252,-179.809089,-47.8679433,475
1253,-173.596964,-63.104498,475
1254,-165.713006,-77.7333219,475
1255,-156.23314,-91.6135314,475
1256,-145.248664,-104.611453,475
1257,-132.865364,-116.601908,475
1258,-119.202498,-127.469424,475
1259,-104.391647,-137.109339,475
1260,-88.5754468,-145.428816,475
1261,-71.9062169,-152.347735,475
1262,-54.5444909,-157.799461,475
1263,-36.6574715,-161.731493,475
1264,-18.4174207,-164.105961,475
1265,1.04571892306e-13,-164.9,475
1266,18.4174207,-164.105961,475
1267,36.6574715,-161.731493,475
1268,54.5444909,-157.799461,475
1269,71.9062169,-152.347735,475
1270,88.5754468,-145.428816,475
1271,104.391647,-137.109339,475
1272,119.202498,-127.469424,475
1273,132.865364,-116.601908,475
1274,145.248664,-104.611453,475
1275,156.23314,-91.6135314,475
1276,165.713006,-77.7333219,475
1277,173.596964,-63.104498,475
1278,179.809089,-47.8679433,475
1279,184.289554,-32.1703941,475
1280,186.99521,-16.1630264,475
1281,187.9,5.94061739332e-15,500
1282,186.99521,16.1630264,500
1283,184.289554,32.1703941,500
1284,179.809089,47.8679433,500
1285,173.596964,63.104498,500
1286,165.713006,77.7333219,500
1287,156.23314,91.6135314,500
1288,145.248664,104.611453,500
1289,132.865364,116.601908,500
1290,119.202498,127.469424,500
1291,104.391647,137.109339,500
1292,88.5754468,145.428816,500
1293,71.9062169,152.347735,500
1294,54.5444909,157.799461,500
1295,36.6574715,161.731493,500
1296,18.4174207,164.105961,500
1297,1.08391949505e-14,164.9,500
1298,-18.4174207,164.105961,500
1299,-36.6574715,161.731493,500
1300,-54.5444909,157.799461,500
1301,-71.9062169,152.347735,500
1302,-88.5754468,145.428816,500
1303,-104.391647,137.109339,500
1304,-119.202498,127.469424,500
1305,-132.865364,116.601908,500
1306,-145.248664,104.611453,500
1307,-156.23314,91.6135314,500
1308,-165.713006,77.7333219,500
1309,-173.596964,63.104498,500
1310,-179.809089,47.8679433,500
1311,-184.289554,32.1703941,500
1312,-186.99521,16.1630264,500
1313,-187.9,-8.83536950239e-14,500
1314,-186.99521,-16.1630264,500
1315,-184.289554,-32.1703941,500
1316,-179.809089,-47.8679433,500
1317,-173.596964,-63.104498,500
1318,-165.713006,-77.7333219,500
1319,-156.23314,-91.6135314,500
1320,-145.248664,-104.611453,500
1321,-132.865364,-116.601908,500
1322,-119.202498,-127.469424,500
1323,-104.391647,-137.109339,500
1324,-88.5754468,-145.428816,500
1325,-71.9062169,-152.347735,500
1326,-54.5444909,-157.799461,500
1327,-36.6574715,-161.731493,500
1328,-18.4174207,-164.105961,500
1329,1.04662039032e-13,-164.9,500
1330,18.4174207,-164.105961,500
1331,36.6574715,-161.731493,500
1332,54.5444909,-157.799461,500
1333,71.9062169,-152.347735,500
1334,88.5754468,-145.428816,500
1335,104.391647,-137.109339,500
1336,119.202498,-127.469424,500
1337,132.865364,-116.601908,500
1338,145.248664,-104.611453,500
1339,156.23314,-91.6135314,500
1340,165.713006,-77.7333219,500
1341,173.596964,-63.104498,500
1342,179.809089,-47.8679433,500
1343,184.289554,-32.1703941,500
1344,186.99521,-16.1630264,500
1345,187.9,6.22355325611e-15,525
1346,186.99521,16.1630264,525
1347,184.289554,32.1703941,525
1348,179.809089,47.8679433,525
1349,173.596964,63.104498,525
1350,165.713006,77.7333219,525
1351,156.23314,91.6135314,525
1352,145.248664,104.611453,525
1353,132.865364,116.601908,525
1354,119.202498,127.469424,525
1355,104.391647,137.109339,525
1356,88.5754468,145.428816,525
1357,71.9062169,152.347735,525
1358,54.5444909,157.799461,525
1359,36.6574715,161.731493,525
1360,18.4174207,164.105961,525
1361,8.78832339477e-15,164.9,525
1362,-18.4174207,164.105961,525
1363,-36.6574715,161.731493,525
1364,-54.5444909,157.799461,525
1365,-71.9062169,152.347735,525
1366,-88.5754468,145.428816,525
1367,-104.391647,137.109339,525
1368,-119.202498,127.469424,525
1369,-132.865364,116.601908,525
1370,-145.248664,104.611453,525
1371,-156.23314,91.6135314,525
1372,-165.713006,77.7333219,525
1373,-173.596964,63.104498,525
1374,-179.809089,47.8679433,525
1375,-184.289554,32.1703941,525
1376,-186.99521,16.1630264,525
1377,-187.9,-8.81167457761e-14,525
1378,-186.99521,-16.1630264,525
1379,-184.289554,-32.1703941,525
1380,-179.809089,-47.8679433,525
1381,-173.596964,-63.104498,525
1382,-165.713006,-77.7333219,525
1383,-156.23314,-91.6135314,525
1384,-145.248664,-104.611453,525
1385,-132.865364,-116.601908,525
1386,-119.202498,-127.469424,525
1387,-104.391647,-137.109339,525
1388,-88.5754468,-145.428816,525
1389,-71.9062169,-152.347735,525
1390,-54.5444909,-157.799461,525
1391,-36.6574715,-161.731493,525
1392,-18.4174207,-164.105961,525
1393,1.04474258443e-13,-164.9,525
1394,18.4174207,-164.105961,525
1395,36.6574715,-161.731493,525
1396,54.5444909,-157.799461,525
1397,71.9062169,-152.347735,525
1398,88.5754468,-145.428816,525
1399,104.391647,-137.109339,525
1400,119.202498,-127.469424,525
1401,132.865364,-116.601908,525
1402,145.248664,-104.611453,525
1403,156.23314,-91.6135314,525
1404,165.713006,-77.7333219,525
1405,173.596964,-63.104498,525
1406,179.809089,-47.8679433,525
1407,184.289554,-32.1703941,525
1408,186.99521,-16.1630264,525
1409,187.9,3.69956833763e-15,550
1410,186.99521,16.1630264,550
1411,184.289554,32.1703941,550
1412,179.809089,47.8679433,550
1413,173.596964,63.104498,550
1414,165.713006,77.7333219,550
1415,156.23314,91.6135314,550
1416,145.248664,104.611453,550
1417,132.865364,116.601908,550
1418,119.202498,127.469424,550
1419,104.391647,137.109339,550
1420,88.5754468,145.428816,550
1421,71.9062169,152.347735,550
1422,54.5444909,157.799461,550
1423,36.6574715,161.731493,550
1424,18.4174207,164.105961,550
1425,9.12474272752e-15,164.9,550
1426,-18.4174207,164.105961,550
1427,-36.6574715,161.731493,550
1428,-54.5444909,157.799461,550
1429,-71.9062169,152.347735,550
1430,-88.5754468,145.428816,550
1431,-104.391647,137.109339,550
1432,-119.202498,127.469424,550
1433,-132.865364,116.601908,550
1434,-145.248664,104.611453,550
1435,-156.23314,91.6135314,550
1436,-165.713006,77.7333219,550
1437,-173.596964,63.104498,550
1438,-179.809089,47.8679433,550
1439,-184.289554,32.1703941,550
1440,-186.99521,16.1630264,550
1441,-187.9,-8.9117896459e-14,550
1442,-186.99521,-16.1630264,550
1443,-184.289554,-32.1703941,550
1444,-179.809089,-47.8679433,550
1445,-173.596964,-63.104498,550
1446,-165.713006,-77.7333219,550
1447,-156.23314,-91.6135314,550
1448,-145.248664,-104.611453,550
1449,-132.865364,-116.601908,550
1450,-119.202498,-127.469424,550
1451,-104.391647,-137.109339,550
1452,-88.5754468,-145.428816,550
1453,-71.9062169,-152.347735,550
1454,-54.5444909,-157.799461,550
1455,-36.6574715,-161.731493,550
1456,-18.4174207,-164.105961,550
1457,1.04575934789e-13,-164.9,550
1458,18.4174207,-164.105961,550
1459,36.6574715,-161.731493,550
1460,54.5444909,-157.799461,550
1461,71.9062169,-152.347735,550
1462,88.5754468,-145.428816,550
1463,104.391647,-137.109339,550
1464,119.202498,-127.469424,550
1465,132.865364,-116.601908,550
1466,145.248664,-104.611453,550
1467,156.23314,-91.6135314,550
1468,165.713006,-77.7333219,550
1469,173.596964,-63.104498,550
1470,179.809089,-47.8679433,550
1471,184.289554,-32.1703941,550
1472,186.99521,-16.1630264,550
1473,187.9,2.86150759248e-15,575
1474,186.99521,16.1630264,575
1475,184.289554,32.1703941,575
1476,179.809089,47.8679433,575
1477,173.596964,63.104498,575
1478,165.713006,77.7333219,575
1479,156.23314,91.6135314,575
1480,145.248664,104.611453,575
1481,132.865364,116.601908,575
1482,119.202498,127.469424,575
1483,104.391647,137.109339,575
1484,88.5754468,145.428816,575
1485,71.9062169,152.347735,575
1486,54.5444909,157.799461,575
1487,36.6574715,161.731493,575
1488,18.4174207,164.105961,575
1489,9.92958612662e-15,164.9,575
1490,-18.4174207,164.105961,575
1491,-36.6574715,161.731493,575
1492,-54.5444909,157.799461,575
1493,-71.9062169,152.347735,575
1494,-88.5754468,145.428816,575
1495,-104.391647,137.109339,575
1496,-119.202498,127.469424,575
1497,-132.865364,116.601908,575
1498,-145.248664,104.611453,575
1499,-156.23314,91.6135314,575
1500,-165.713006,77.7333219,575
1501,-173.596964,63.104498,575
1502,-179.809089,47.8679433,575
1503,-184.289554,32.1703941,575
1504,-186.99521,16.1630264,575
1505,-187.9,-8.94102089317e-14,575
1506,-186.99521,-16.1630264,575
1507,-184.289554,-32.1703941,575
1508,-179.809089,-47.8679433,575
1509,-173.596964,-63.104498,575
1510,-165.713006,-77.7333219,575
1511,-156.23314,-91.6135314,575
1512,-145.248664,-104.611453,575
1513,-132.865364,-116.601908,575
1514,-119.202498,-127.469424,575
1515,-104.391647,-137.109339,575
1516,-88.5754468,-145.428816,575
1517,-71.9062169,-152.347735,575
1518,-54.5444909,-157.799461,575
1519,-36.6574715,-161.731493,575
1520,-18.4174207,-164.105961,575
1521,1.05629856363e-13,-164.9,575
1522,18.4174207,-164.105961,575
1523,36.6574715,-161.731493,575
1524,54.5444909,-157.799461,575
1525,71.9062169,-152.347735,575
1526,88.5754468,-145.428816,575
1527,104.391647,-137.109339,575
1528,119.202498,-127.469424,575
1529,132.865364,-116.601908,575
1530,145.248664,-104.611453,575
1531,156.23314,-91.6135314,575
1532,165.713006,-77.7333219,575
1533,173.596964,-63.104498,575
1534,179.809089,-47.8679433,575
1535,184.289554,-32.1703941,575
1536,186.99521,-16.1630264,575
1537,187.9,7.58949482539e-16,600
1538,186.99521,16.1630264,600
1539,184.289554,32.1703941,600
1540,179.809089,47.8679433,600
1541,173.596964,63.104498,600
1542,165.713006,77.7333219,600
1543,156.23314,91.6135314,600
1544,145.248664,104.611453,600
1545,132.865364,116.601908,600
1546,119.202498,127.469424,600
1547,104.391647,137.109339,600
1548,88.5754468,145.428816,600
1549,71.9062169,152.347735,600
1550,54.5444909,157.799461,600
1551,36.6574715,161.731493,600
1552,18.4174207,164.105961,600
1553,1.0614721534e-14,164.9,600
1554,-18.4174207,164.105961,600
1555,-36.6574715,161.731493,600
1556,-54.5444909,157.799461,600
1557,-71.9062169,152.347735,600
1558,-88.5754468,145.428816,600
1559,-104.391647,137.109339,600
1560,-119.202498,127.469424,600
1561,-132.865364,116.601908,600
1562,-145.248664,104.611453,600
1563,-156.23314,91.6135314,600
1564,-165.713006,77.7333219,600
1565,-173.596964,63.104498,600
1566,-179.809089,47.8679433,600
1567,-184.289554,32.1703941,600
1568,-186.99521,16.1630264,600
1569,-187.9,-8.92494847253e-14,600
1570,-186.99521,-16.1630264,600
1571,-184.289554,-32.1703941,600
1572,-179.809089,-47.8679433,600
1573,-173.596964,-63.104498,600
1574,-165.713006,-77.7333219,600
1575,-156.23314,-91.6135314,600
1576,-145.248664,-104.611453,600
1577,-132.865364,-116.601908,600
1578,-119.202498,-127.469424,600
1579,-104.391647,-137.109339,600
1580,-88.5754468,-145.428816,600
1581,-71.9062169,-152.347735,600
1582,-54.5444909,-157.799461,600
1583,-36.6574715,-161.731493,600
1584,-18.4174207,-164.105961,600
1585,1.04351060851e-13,-164.9,600
1586,18.4174207,-164.105961,600
1587,36.6574715,-161.731493,600
1588,54.5444909,-157.799461,600
1589,71.9062169,-152.347735,600
1590,88.5754468,-145.428816,600
1591,104.391647,-137.109339,600
1592,119.202498,-127.469424,600
1593,132.865364,-116.601908,600
1594,145.248664,-104.611453,600
1595,156.23314,-91.6135314,600
1596,165.713006,-77.7333219,600
1597,173.596964,-63.104498,600
1598,179.809089,-47.8679433,600
1599,184.289554,-32.1703941,600
1600,186.99521,-16.1630264,600
1601,187.9,-1.59323596228e-15,625
1602,186.99521,16.1630264,625
1603,184.289554,32.1703941,625
1604,179.809089,47.8679433,625
1605,173.596964,63.104498,625
1606,165.713006,77.7333219,625
1607,156.23314,91.6135314,625
1608,145.248664,104.611453,625
1609,132.865364,116.601908,625
1610,119.202498,127.469424,625
1611,104.391647,137.109339,625
1612,88.5754468,145.428816,625
1613,71.9062169,152.347735,625
1614,54.5444909,157.799461,625
1615,36.6574715,161.731493,625
1616,18.4174207,164.105961,625
1617,9.74935873321e-15,164.9,625
1618,-18.4174207,164.105961,625
1619,-36.6574715,161.731493,625
1620,-54.5444909,157.799461,625
1621,-71.9062169,152.347735,625
1622,-88.5754468,145.428816,625
1623,-104.391647,137.109339,625
1624,-119.202498,127.469424,625
1625,-132.865364,116.601908,625
1626,-145.248664,104.611453,625
1627,-156.23314,91.6135314,625
1628,-165.713006,77.7333219,625
1629,-173.596964,63.104498,625
1630,-179.809089,47.8679433,625
1631,-184.289554,32.1703941,625
1632,-186.99521,16.1630264,625
1633,-187.9,-8.70602580725e-14,625
1634,-186.99521,-16.1630264,625
1635,-184.289554,-32.1703941,625
1636,-179.809089,-47.8679433,625
1637,-173.596964,-63.104498,625
1638,-165.713006,-77.7333219,625
1639,-156.23314,-91.6135314,625
1640,-145.248664,-104.611453,625
1641,-132.865364,-116.601908,625
1642,-119.202498,-127.469424,625
1643,-104.391647,-137.109339,625
1644,-88.5754468,-145.428816,625
1645,-71.9062169,-152.347735,625
1646,-54.5444909,-157.799461,625
1647,-36.6574715,-161.731493,625
1648,-18.4174207,-164.105961,625
1649,1.05120031478e-13,-164.9,625
1650,18.4174207,-164.105961,625
1651,36.6574715,-161.731493,625
1652,54.5444909,-157.799461,625
1653,71.9062169,-152.347735,625
1654,88.5754468,-145.428816,625
1655,104.391647,-137.109339,625
1656,119.202498,-127.469424,625
1657,132.865364,-116.601908,625
1658,145.248664,-104.611453,625
1659,156.23314,-91.6135314,625
1660,165.713006,-77.7333219,625
1661,173.596964,-63.104498,625
1662,179.809089,-47.8679433,625
1663,184.289554,-32.1703941,625
1664,186.99521,-16.1630264,625
1665,187.9,0,650
1666,186.99521,16.1630264,650
1667,184.289554,32.1703941,650
1668,179.809089,47.8679433,650
1669,173.596964,63.104498,650
1670,165.713006,77.7333219,650
1671,156.23314,91.6135314,650
1672,145.248664,104.611453,650
1673,132.865364,116.601908,650
1674,119.202498,127.469424,650
1675,104.391647,137.109339,650
1676,88.5754468,145.428816,650
1677,71.9062169,152.347735,650
1678,54.5444909,157.799461,650
1679,36.6574715,161.731493,650
1680,18.4174207,164.105961,650
1681,1.15055567e-14,164.9,650
1682,-18.4174207,164.105961,650
1683,-36.6574715,161.731493,650
1684,-54.5444909,157.799461,650
1685,-71.9062169,152.347735,650
1686,-88.5754468,145.428816,650
1687,-104.391647,137.109339,650
1688,-119.202498,127.469424,650
1689,-132.865364,116.601908,650
1690,-145.248664,104.611453,650
1691,-156.23314,91.6135314,650
1692,-165.713006,77.7333219,650
1693,-173.596964,63.104498,650
1694,-179.809089,47.8679433,650
1695,-184.289554,32.1703941,650
1696,-186.99521,16.1630264,650
1697,-187.9,-8.46216650748e-14,650
1698,-186.99521,-16.1630264,650
1699,-184.289554,-32.1703941,650
1700,-179.809089,-47.8679433,650
1701,-173.596964,-63.104498,650
1702,-165.713006,-77.7333219,650
1703,-156.23314,-91.6135314,650
1704,-145.248664,-104.611453,650
1705,-132.865364,-116.601908,650
1706,-119.202498,-127.469424,650
1707,-104.391647,-137.109339,650
1708,-88.5754468,-145.428816,650
1709,-71.9062169,-152.347735,650
1710,-54.5444909,-157.799461,650
1711,-36.6574715,-161.731493,650
1712,-18.4174207,-164.105961,650
1713,1.03614705831e-13,-164.9,650
1714,18.4174207,-164.105961,650
1715,36.6574715,-161.731493,650
1716,54.5444909,-157.799461,650
1717,71.9062169,-152.347735,650
1718,88.5754468,-145.428816,650
1719,104.391647,-137.109339,650
1720,119.202498,-127.469424,650
1721,132.865364,-116.601908,650
1722,145.248664,-104.611453,650
1723,156.23314,-91.6135314,650
1724,165.713006,-77.7333219,650
1725,173.596964,-63.104498,650
1726,179.809089,-47.8679433,650
1727,184.289554,-32.1703941,650
1728,186.99521,-16.1630264,650

===== beginning time step 4 : 0.2 =====


Reforming stiffness matrix: reformation #1

 1
 Nonlinear solution status: time= 0.2
	stiffness updates             = 0
	right hand side evaluations   = 2
	stiffness matrix reformations = 1
	step from line search         = 1.000000
	convergence norms :     INITIAL         CURRENT         REQUIRED
	   residual            3.164436e+05    1.168714e-08    3.164436e+02 
	   energy              6.956790e+02    1.324951e-04    6.956790e-02 
	   displacement        1.562712e+00    1.562712e+00    6.250847e-04 
 2
 Nonlinear solution status: time= 0.2
	stiffness updates             = 1
	right hand side evaluations   = 3
	stiffness matrix reformations = 1
	step from line search         = 1.000000
	convergence norms :     INITIAL         CURRENT         REQUIRED
	   residual            3.164436e+05    4.319943e-17    3.164436e+02 
	   energy              6.956790e+02    1.515127e-15    6.956790e-02 
	   displacement        1.562712e+00    6.437278e-14    6.250844e-04 

convergence summary
    number of iterations   : 2
    number of reformations : 1

------- converged at time : 0.2


Data Record #1
===========================================================================
Step = 4
Time = 0.2
Data = shirt_final_coordinates
1,187.9,-2.98270046092e-14,4.81243219795e-14
2,186.99521,16.1630264,5.15842974418e-14
3,184.289554,32.1703941,5.52854593586e-14
4,179.809089,47.8679433,5.47398567303e-14
5,173.596964,63.104498,5.50069315808e-14
6,165.713006,77.7333219,5.1935785981e-14
7,156.23314,91.6135314,5.2216446748e-14
8,145.248664,104.611453,5.23186329559e-14
9,132.865364,116.601908,4.98171029743e-14
10,119.202498,127.469424,5.02117205218e-14
11,104.391647,137.109339,4.885180753e-14
12,88.5754468,145.428816,4.49127931502e-14
13,71.9062169,152.347735,4.55025695336e-14
14,54.5444909,157.799461,4.3127909404e-14
15,36.6574715,161.731493,4.58275767763e-14
16,18.4174207,164.105961,4.85560323988e-14
17,6.2292236048e-15,164.9,5.07490799758e-14
18,-18.4174207,164.105961,4.90070896121e-14
19,-36.6574715,161.731493,4.97937570261e-14
20,-54.5444909,157.799461,4.94107163803e-14
21,-71.9062169,152.347735,5.26849270038e-14
22,-88.5754468,145.428816,5.69737558888e-14
23,-104.391647,137.109339,6.52403530406e-14
24,-119.202498,127.469424,6.41848778707e-14
25,-132.865364,116.601908,6.52454213274e-14
26,-145.248664,104.611453,6.63320084354e-14
27,-156.23314,91.6135314,6.06848696326e-14
28,-165.713006,77.7333219,5.68950904182e-14
29,-173.596964,63.104498,5.59061238091e-14
30,-179.809089,47.8679433,5.59530837207e-14
31,-184.289554,32.1703941,5.02468164626e-14
32,-186.99521,16.1630264,4.23170238348e-14
33,-187.9,-8.8451567537e-14,4.00983108056e-14
34,-186.99521,-16.1630264,3.47193561019e-14
35,-184.289554,-32.1703941,3.35022183052e-14
36,-179.809089,-47.8679433,3.27620699183e-14
37,-173.596964,-63.104498,3.45251373018e-14
38,-165.713006,-77.7333219,3.27609687588e-14
39,-156.23314,-91.6135314,3.59797831962e-14
40,-145.248664,-104.611453,4.25807639273e-14
41,-132.865364,-116.601908,4.25624922854e-14
42,-119.202498,-127.469424,4.83448138421e-14
43,-104.391647,-137.109339,4.6617179428e-14
44,-88.5754468,-145.428816,4.27635269428e-14
45,-71.9062169,-152.347735,4.27397410033e-14
46,-54.5444909,-157.799461,4.265533629e-14
47,-36.6574715,-161.731493,4.48840480599e-14
48,-18.4174207,-164.105961,4.83581526013e-14
49,1.3574727868e-13,-164.9,5.03465618461e-14
50,18.4174207,-164.105961,4.9350139325e-14
51,36.6574715,-161.731493,4.59182507304e-14
52,54.5444909,-157.799461,4.49579617665e-14
53,71.9062169,-152.347735,4.36488938802e-14
54,88.5754468,-145.428816,4.59027502957e-14
55,104.391647,-137.109339,5.37185323062e-14
56,119.202498,-127.469424,5.00585282001e-14
57,132.865364,-116.601908,5.58746278044e-14
58,145.248664,-104.611453,5.25579599657e-14
59,156.23314,-91.6135314,5.05917883961e-14
60,165.713006,-77.7333219,5.1889293278e-14
61,173.596964,-63.104498,5.39579780299e-14
62,179.809089,-47.8679433,5.33190807556e-14
63,184.289554,-32.1703941,5.44721747353e-14
64,186.99521,-16.1630264,5.17988409282e-14
65,187.9,-3.06705780374e-14,25
66,186.99521,16.1630264,25
67,184.289554,32.1703941,25
68,179.809089,47.8679433,25
69,173.596964,63.104498,25
70,165.713006,77.7333219,25
71,156.23314,91.6135314,25
72,145.248664,104.611453,25
73,132.865364,116.601908,25
74,119.202498,127.469424,25
75,104.391647,137.109339,25
76,88.5754468,145.428816,25
77,71.9062169,152.347735,25
78,54.5444909,157.799461,25
79,36.6574715,161.731493,25
80,18.4174207,164.105961,25
81,7.9579141532e-15,164.9,25
82,-18.4174207,164.105961,25
83,-36.6574715,161.731493,25
84,-54.5444909,157.799461,25
85,-71.9062169,152.347735,25
86,-88.5754468,145.428816,25
87,-104.391647,137.109339,25
88,-119.202498,127.469424,25
89,-132.865364,116.601908,25
90,-145.248664,104.611453,25
91,-156.23314,91.6135314,25
92,-165.713006,77.7333219,25
93,-173.596964,63.104498,25
94,-179.809089,47.8679433,25
95,-184.289554,32.1703941,25
96,-186.99521,16.1630264,25
97,-187.9,-9.32480861641e-14,25
98,-186.99521,-16.1630264,25
99,-184.289554,-32.1703941,25
100,-179.809089,-47.8679433,25
101,-173.596964,-63.104498,25
102,-165.713006,-77.7333219,25
103,-156.23314,-91.6135314,25
104,-145.248664,-104.611453,25
105,-132.865364,-116.601908,25
106,-119.202498,-127.469424,25
107,-104.391647,-137.109339,25
108,-88.5754468,-145.428816,25
109,-71.9062169,-152.347735,25
110,-54.5444909,-157.799461,25
111,-36.6574715,-161.731493,25
112,-18.4174207,-164.105961,25
113,1.35379209216e-13,-164.9,25
114,18.4174207,-164.105961,25
115,36.6574715,-161.731493,25
116,54.5444909,-157.799461,25
117,71.9062169,-152.347735,25
118,88.5754468,-145.428816,25
119,104.391647,-137.109339,25
120,119.202498,-127.469424,25
121,132.865364,-116.601908,25
122,145.248664,-104.611453,25
123,156.23314,-91.6135314,25
124,165.713006,-77.7333219,25
125,173.596964,-63.104498,25
126,179.809089,-47.8679433,25
127,184.289554,-32.1703941,25
128,186.99521,-16.1630264,25
129,187.9,-3.05212337613e-14,50
130,186.99521,16.1630264,50
131,184.289554,32.1703941,50
132,179.809089,47.8679433,50
133,173.596964,63.104498,50
134,165.713006,77.7333219,50
135,156.23314,91.6135314,50
136,145.248664,104.611453,50
137,132.865364,116.601908,50
138,119.202498,127.469424,50
139,104.391647,137.109339,50
140,88.5754468,145.428816,50
141,71.9062169,152.347735,50
142,54.5444909,157.799461,50
143,36.6574715,161.731493,50
144,18.4174207,164.105961,50
145,9.145607511e-15,164.9,50
146,-18.4174207,164.105961,50
147,-36.6574715,161.731493,50
148,-54.5444909,157.799461,50
149,-71.9062169,152.347735,50
150,-88.5754468,145.428816,50
151,-104.391647,137.109339,50
152,-119.202498,127.469424,50
153,-132.865364,116.601908,50
154,-145.248664,104.611453,50
155,-156.23314,91.6135314,50
156,-165.713006,77.7333219,50
157,-173.596964,63.104498,50
158,-179.809089,47.8679433,50
159,-184.289554,32.1703941,50
160,-186.99521,16.1630264,50
161,-187.9,-9.87540493375e-14,50
162,-186.99521,-16.1630264,50
163,-184.289554,-32.1703941,50
164,-179.809089,-47.8679433,50
165,-173.596964,-63.104498,50
166,-165.713006,-77.7333219,50
167,-156.23314,-91.6135314,50
168,-145.248664,-104.611453,50
169,-132.865364,-116.601908,50
170,-119.202498,-127.469424,50
171,-104.391647,-137.109339,50
172,-88.5754468,-145.428816,50
173,-71.9062169,-152.347735,50
174,-54.5444909,-157.799461,50
175,-36.6574715,-161.731493,50
176,-18.4174207,-164.105961,50
177,1.36441178346e-13,-164.9,50
178,18.4174207,-164.105961,50
179,36.6574715,-161.731493,50
180,54.5444909,-157.799461,50
181,71.9062169,-152.347735,50
182,88.5754468,-145.428816,50
183,104.391647,-137.109339,50
184,119.202498,-127.469424,50
185,132.865364,-116.601908,50
186,145.248664,-104.611453,50
187,156.23314,-91.6135314,50
188,165.713006,-77.7333219,50
189,173.596964,-63.104498,50
190,179.809089,-47.8679433,50
191,184.289554,-32.1703941,50
192,186.99521,-16.1630264,50
193,187.9,-3.05785403317e-14,75
194,186.99521,16.1630264,75
195,184.289554,32.1703941,75
196,179.809089,47.8679433,75
197,173.596964,63.104498,75
198,165.713006,77.7333219,75
199,156.23314,91.6135314,75
200,145.248664,104.611453,75
201,132.865364,116.601908,75
202,119.202498,127.469424,75
203,104.391647,137.109339,75
204,88.5754468,145.428816,75
205,71.9062169,152.347735,75
206,54.5444909,157.799461,75
207,36.6574715,161.731493,75
208,18.4174207,164.105961,75
209,1.06418512689e-14,164.9,75
210,-18.4174207,164.105961,75
211,-36.6574715,161.731493,75
212,-54.5444909,157.799461,75
213,-71.9062169,152.347735,75
214,-88.5754468,145.428816,75
215,-104.391647,137.109339,75
216,-119.202498,127.469424,75
217,-132.865364,116.601908,75
218,-145.248664,104.611453,75
219,-156.23314,91.6135314,75
220,-165.713006,77.7333219,75
221,-173.596964,63.104498,75
222,-179.809089,47.8679433,75
223,-184.289554,32.1703941,75
224,-186.99521,16.1630264,75
225,-187.9,-1.04532670383e-13,75
226,-186.99521,-16.1630264,75
227,-184.289554,-32.1703941,75
228,-179.809089,-47.8679433,75
229,-173.596964,-63.104498,75
230,-165.713006,-77.7333219,75
231,-156.23314,-91.6135314,75
232,-145.248664,-104.611453,75
233,-132.865364,-116.601908,75
234,-119.202498,-127.469424,75
235,-104.391647,-137.109339,75
236,-88.5754468,-145.428816,75
237,-71.9062169,-152.347735,75
238,-54.5444909,-157.799461,75
239,-36.6574715,-161.731493,75
240,-18.4174207,-164.105961,75
241,1.36643415847e-13,-164.9,75
242,18.4174207,-164.105961,75
243,36.6574715,-161.731493,75
244,54.5444909,-157.799461,75
245,71.9062169,-152.347735,75
246,88.5754468,-145.428816,75
247,104.391647,-137.109339,75
248,119.202498,-127.469424,75
249,132.865364,-116.601908,75
250,145.248664,-104.611453,75
251,156.23314,-91.6135314,75
252,165.713006,-77.7333219,75
253,173.596964,-63.104498,75
254,179.809089,-47.8679433,75
255,184.289554,-32.1703941,75
256,186.99521,-16.1630264,75
257,187.9,-2.99441548323e-14,100
258,186.99521,16.1630264,100
259,184.289554,32.1703941,100
260,179.809089,47.8679433,100
261,173.596964,63.104498,100
262,165.713006,77.7333219,100
263,156.23314,91.6135314,100
264,145.248664,104.611453,100
265,132.865364,116.601908,100
266,119.202498,127.469424,100
267,104.391647,137.109339,100
268,88.5754468,145.428816,100
269,71.9062169,152.347735,100
270,54.5444909,157.799461,100
271,36.6574715,161.731493,100
272,18.4174207,164.105961,100
273,1.42941413572e-14,164.9,100
274,-18.4174207,164.105961,100
275,-36.6574715,161.731493,100
276,-54.5444909,157.799461,100
277,-71.9062169,152.347735,100
278,-88.5754468,145.428816,100
279,-104.391647,137.109339,100
280,-119.202498,127.469424,100
281,-132.865364,116.601908,100
282,-145.248664,104.611453,100
283,-156.23314,91.6135314,100
284,-165.713006,77.7333219,100
285,-173.596964,63.104498,100
286,-179.809089,47.8679433,100
287,-184.289554,32.1703941,100
288,-186.99521,16.1630264,100
289,-187.9,-1.09218738624e-13,100
290,-186.99521,-16.1630264,100
291,-184.289554,-32.1703941,100
292,-179.809089,-47.8679433,100
293,-173.596964,-63.104498,100
294,-165.713006,-77.7333219,100
295,-156.23314,-91.6135314,100
296,-145.248664,-104.611453,100
297,-132.865364,-116.601908,100
298,-119.202498,-127.469424,100
299,-104.391647,-137.109339,100
300,-88.5754468,-145.428816,100
301,-71.9062169,-152.347735,100
302,-54.5444909,-157.799461,100
303,-36.6574715,-161.731493,100
304,-18.4174207,-164.105961,100
305,1.35473970014e-13,-164.9,100
306,18.4174207,-164.105961,100
307,36.6574715,-161.731493,100
308,54.5444909,-157.799461,100
309,71.9062169,-152.347735,100
310,88.5754468,-145.428816,100
311,104.391647,-137.109339,100
312,119.202498,-127.469424,100
313,132.865364,-116.601908,100
314,145.248664,-104.611453,100
315,156.23314,-91.6135314,100
316,165.713006,-77.7333219,100
317,173.596964,-63.104498,100
318,179.809089,-47.8679433,100
319,184.289554,-32.1703941,100
320,186.99521,-16.1630264,100
321,187.9,-2.73468117949e-14,125
322,186.99521,16.1630264,125
323,184.289554,32.1703941,125
324,179.809089,47.8679433,125
325,173.596964,63.104498,125
326,165.713006,77.7333219,125
327,156.23314,91.6135314,125
328,145.248664,104.611453,125
329,132.865364,116.601908,125
330,119.202498,127.469424,125
331,104.391647,137.109339,125
332,88.5754468,145.428816,125
333,71.9062169,152.347735,125
334,54.5444909,157.799461,125
335,36.6574715,161.731493,125
336,18.4174207,164.105961,125
337,1.40168320765e-14,164.9,125
338,-18.4174207,164.105961,125
339,-36.6574715,161.731493,125
340,-54.5444909,157.799461,125
341,-71.9062169,152.347735,125
342,-88.5754468,145.428816,125
343,-104.391647,137.109339,125
344,-119.202498,127.469424,125
345,-132.865364,116.601908,125
346,-145.248664,104.611453,125
347,-156.23314,91.6135314,125
348,-165.713006,77.7333219,125
349,-173.596964,63.104498,125
350,-179.809089,47.8679433,125
351,-184.289554,32.1703941,125
352,-186.99521,16.1630264,125
353,-187.9,-1.15068895132e-13,125
354,-186.99521,-16.1630264,125
355,-184.289554,-32.1703941,125
356,-179.809089,-47.8679433,125
357,-173.596964,-63.104498,125
358,-165.713006,-77.7333219,125
359,-156.23314,-91.6135314,125
360,-145.248664,-104.611453,125
361,-132.865364,-116.601908,125
362,-119.202498,-127.469424,125
363,-104.391647,-137.109339,125
364,-88.5754468,-145.428816,125
365,-71.9062169,-152.347735,125
366,-54.5444909,-157.799461,125
367,-36.6574715,-161.731493,125
368,-18.4174207,-164.105961,125
369,1.36905369837e-13,-164.9,125
370,18.4174207,-164.105961,125
371,36.6574715,-161.731493,125
372,54.5444909,-157.799461,125
373,71.9062169,-152.347735,125
374,88.5754468,-145.428816,125
375,104.391647,-137.109339,125
376,119.202498,-127.469424,125
377,132.865364,-116.601908,125
378,145.248664,-104.611453,125
379,156.23314,-91.6135314,125
380,165.713006,-77.7333219,125
381,173.596964,-63.104498,125
382,179.809089,-47.8679433,125
383,184.289554,-32.1703941,125
384,186.99521,-16.1630264,125
385,187.9,-2.32265093048e-14,150
386,186.99521,16.1630264,150
387,184.289554,32.1703941,150
388,179.809089,47.8679433,150
389,173.596964,63.104498,150
390,165.713006,77.7333219,150
391,156.23314,91.6135314,150
392,145.248664,104.611453,150
393,132.865364,116.601908,150
394,119.202498,127.469424,150
395,104.391647,137.109339,150
396,88.5754468,145.428816,150
397,71.9062169,152.347735,150
398,54.5444909,157.799461,150
399,36.6574715,161.731493,150
400,18.4174207,164.105961,150
401,1.68262190762e-14,164.9,150
402,-18.4174207,164.105961,150
403,-36.6574715,161.731493,150
404,-54.5444909,157.799461,150
405,-71.9062169,152.347735,150
406,-88.5754468,145.428816,150
407,-104.391647,137.109339,150
408,-119.202498,127.469424,150
409,-132.865364,116.601908,150
410,-145.248664,104.611453,150
411,-156.23314,91.6135314,150
412,-165.713006,77.7333219,150
413,-173.596964,63.104498,150
414,-179.809089,47.8679433,150
415,-184.289554,32.1703941,150
416,-186.99521,16.1630264,150
417,-187.9,-1.20004497518e-13,150
418,-186.99521,-16.1630264,150
419,-184.289554,-32.1703941,150
420,-179.809089,-47.8679433,150
421,-173.596964,-63.104498,150
422,-165.713006,-77.7333219,150
423,-156.23314,-91.6135314,150
424,-145.248664,-104.611453,150
425,-132.865364,-116.601908,150
426,-119.202498,-127.469424,150
427,-104.391647,-137.109339,150
428,-88.5754468,-145.428816,150
429,-71.9062169,-152.347735,150
430,-54.5444909,-157.799461,150
431,-36.6574715,-161.731493,150
432,-18.4174207,-164.105961,150
433,1.35370563966e-13,-164.9,150
434,18.4174207,-164.105961,150
435,36.6574715,-161.731493,150
436,54.5444909,-157.799461,150
437,71.9062169,-152.347735,150
438,88.5754468,-145.428816,150
439,104.391647,-137.109339,150
440,119.202498,-127.469424,150
441,132.865364,-116.601908,150
442,145.248664,-104.611453,150
443,156.23314,-91.6135314,150
444,165.713006,-77.7333219,150
445,173.596964,-63.104498,150
446,179.809089,-47.8679433,150
447,184.289554,-32.1703941,150
448,186.99521,-16.1630264,150
449,187.9,-2.41826902715e-14,175
450,186.99521,16.1630264,175
451,184.289554,32.1703941,175
452,179.809089,47.8679433,175
453,173.596964,63.104498,175
454,165.713006,77.7333219,175
455,156.23314,91.6135314,175
456,145.248664,104.611453,175
457,132.865364,116.601908,175
458,119.202498,127.469424,175
459,104.391647,137.109339,175
460,88.5754468,145.428816,175
461,71.9062169,152.347735,175
462,54.5444909,157.799461,175
463,36.6574715,161.731493,175
464,18.4174207,164.105961,175
465,1.88569834381e-14,164.9,175
466,-18.4174207,164.105961,175
467,-36.6574715,161.731493,175
468,-54.5444909,157.799461,175
469,-71.9062169,152.347735,175
470,-88.5754468,145.428816,175
471,-104.391647,137.109339,175
472,-119.202498,127.469424,175
473,-132.865364,116.601908,175
474,-145.248664,104.611453,175
475,-156.23314,91.6135314,175
476,-165.713006,77.7333219,175
477,-173.596964,63.104498,175
478,-179.809089,47.8679433,175
479,-184.289554,32.1703941,175
480,-186.99521,16.1630264,175
481,-187.9,-1.25441396735e-13,175
482,-186.99521,-16.1630264,175
483,-184.289554,-32.1703941,175
484,-179.809089,-47.8679433,175
485,-173.596964,-63.104498,175
486,-165.713006,-77.7333219,175
487,-156.23314,-91.6135314,175
488,-145.248664,-104.611453,175
489,-132.865364,-116.601908,175
490,-119.202498,-127.469424,175
491,-104.391647,-137.109339,175
492,-88.5754468,-145.428816,175
493,-71.9062169,-152.347735,175
494,-54.5444909,-157.799461,175
495,-36.6574715,-161.731493,175
496,-18.4174207,-164.105961,175
497,1.32752528488e-13,-164.9,175
498,18.4174207,-164.105961,175
499,36.6574715,-161.731493,175
500,54.5444909,-157.799461,175
501,71.9062169,-152.347735,175
502,88.5754468,-145.428816,175
503,104.391647,-137.109339,175
504,119.202498,-127.469424,175
505,132.865364,-116.601908,175
506,145.248664,-104.611453,175
507,156.23314,-91.6135314,175
508,165.713006,-77.7333219,175
509,173.596964,-63.104498,175
510,179.809089,-47.8679433,175
511,184.289554,-32.1703941,175
512,186.99521,-16.1630264,175
513,187.9,-2.5810505155e-14,200
514,186.99521,16.1630264,200
515,184.289554,32.1703941,200
516,179.809089,47.8679433,200
517,173.596964,63.104498,200
518,165.713006,77.7333219,200
519,156.23314,91.6135314,200
520,145.248664,104.611453,200
521,132.865364,116.601908,200
522,119.202498,127.469424,200
523,104.391647,137.109339,200
524,88.5754468,145.428816,200
525,71.9062169,152.347735,200
526,54.5444909,157.799461,200
527,36.6574715,161.731493,200
528,18.4174207,164.105961,200
529,1.91640268766e-14,164.9,200
530,-18.4174207,164.105961,200
531,-36.6574715,161.731493,200
532,-54.5444909,157.799461,200
533,-71.9062169,152.347735,200
534,-88.5754468,145.428816,200
535,-104.391647,137.109339,200
536,-119.202498,127.469424,200
537,-132.865364,116.601908,200
538,-145.248664,104.611453,200
539,-156.23314,91.6135314,200
540,-165.713006,77.7333219,200
541,-173.596964,63.104498,200
542,-179.809089,47.8679433,200
543,-184.289554,32.1703941,200
544,-186.99521,16.1630264,200
545,-187.9,-1.29803179447e-13,200
546,-186.99521,-16.1630264,200
547,-184.289554,-32.1703941,200
548,-179.809089,-47.8679433,200
549,-173.596964,-63.104498,200
550,-165.713006,-77.7333219,200
551,-156.23314,-91.6135314,200
552,-145.248664,-104.611453,200
553,-132.865364,-116.601908,200
554,-119.202498,-127.469424,200
555,-104.391647,-137.109339,200
556,-88.5754468,-145.428816,200
557,-71.9062169,-152.347735,200
558,-54.5444909,-157.799461,200
559,-36.6574715,-161.731493,200
560,-18.4174207,-164.105961,200
561,1.32690450746e-13,-164.9,200
562,18.4174207,-164.105961,200
563,36.6574715,-161.731493,200
564,54.5444909,-157.799461,200
565,71.9062169,-152.347735,200
566,88.5754468,-145.428816,200
567,104.391647,-137.109339,200
568,119.202498,-127.469424,200
569,132.865364,-116.601908,200
570,145.248664,-104.611453,200
571,156.23314,-91.6135314,200
572,165.713006,-77.7333219,200
573,173.596964,-63.104498,200
574,179.809089,-47.8679433,200
575,184.289554,-32.1703941,200
576,186.99521,-16.1630264,200
577,187.9,-2.62449583731e-14,225
578,186.99521,16.1630264,225
579,184.289554,32.1703941,225
580,179.809089,47.8679433,225
581,173.596964,63.104498,225
582,165.713006,77.7333219,225
583,156.23314,91.6135314,225
584,145.248664,104.611453,225
585,132.865364,116.601908,225
586,119.202498,127.469424,225
587,104.391647,137.109339,225
588,88.5754468,145.428816,225
589,71.9062169,152.347735,225
590,54.5444909,157.799461,225
591,36.6574715,161.731493,225
592,18.4174207,164.105961,225
593,1.8417694629e-14,164.9,225
594,-18.4174207,164.105961,225
595,-36.6574715,161.731493,225
596,-54.5444909,157.799461,225
597,-71.9062169,152.347735,225
598,-88.5754468,145.428816,225
599,-104.391647,137.109339,225
600,-119.202498,127.469424,225
601,-132.865364,116.601908,225
602,-145.248664,104.611453,225
603,-156.23314,91.6135314,225
604,-165.713006,77.7333219,225
605,-173.596964,63.104498,225
606,-179.809089,47.8679433,225
607,-184.289554,32.1703941,225
608,-186.99521,16.1630264,225
609,-187.9,-1.30966444598e-13,225
610,-186.99521,-16.1630264,225
611,-184.289554,-32.1703941,225
612,-179.809089,-47.8679433,225
613,-173.596964,-63.104498,225
614,-165.713006,-77.7333219,225
615,-156.23314,-91.6135314,225
616,-145.248664,-104.611453,225
617,-132.865364,-116.601908,225
618,-119.202498,-127.469424,225
619,-104.391647,-137.109339,225
620,-88.5754468,-145.428816,225
621,-71.9062169,-152.347735,225
622,-54.5444909,-157.799461,225
623,-36.6574715,-161.731493,225
624,-18.4174207,-164.105961,225
625,1.32176168504e-13,-164.9,225
626,18.4174207,-164.105961,225
627,36.6574715,-161.731493,225
628,54.5444909,-157.799461,225
629,71.9062169,-152.347735,225
630,88.5754468,-145.428816,225
631,104.391647,-137.109339,225
632,119.202498,-127.469424,225
633,132.865364,-116.601908,225
634,145.248664,-104.611453,225
635,156.23314,-91.6135314,225
636,165.713006,-77.7333219,225
637,173.596964,-63.104498,225
638,179.809089,-47.8679433,225
639,184.289554,-32.1703941,225
640,186.99521,-16.1630264,225
641,187.9,-2.47466696657e-14,250
642,186.99521,16.1630264,250
643,184.289554,32.1703941,250
644,179.809089,47.8679433,250
645,173.596964,63.104498,250
646,165.713006,77.7333219,250
647,156.23314,91.6135314,250
648,145.248664,104.611453,250
649,132.865364,116.601908,250
650,119.202498,127.469424,250
651,104.391647,137.109339,250
652,88.5754468,145.428816,250
653,71.9062169,152.347735,250
654,54.5444909,157.799461,250
655,36.6574715,161.731493,250
656,18.4174207,164.105961,250
657,2.19593024102e-14,164.9,250
658,-18.4174207,164.105961,250
659,-36.6574715,161.731493,250
660,-54.5444909,157.799461,250
661,-71.9062169,152.347735,250
662,-88.5754468,145.428816,250
663,-104.391647,137.109339,250
664,-119.202498,127.469424,250
665,-132.865364,116.601908,250
666,-145.248664,104.611453,250
667,-156.23314,91.6135314,250
668,-165.713006,77.7333219,250
669,-173.596964,63.104498,250
670,-179.809089,47.8679433,250
671,-184.289554,32.1703941,250
672,-186.99521,16.1630264,250
673,-187.9,-1.33804141249e-13,250
674,-186.99521,-16.1630264,250
675,-184.289554,-32.1703941,250
676,-179.809089,-47.8679433,250
677,-173.596964,-63.104498,250
678,-165.713006,-77.7333219,250
679,-156.23314,-91.6135314,250
680,-145.248664,-104.611453,250
681,-132.865364,-116.601908,250
682,-119.202498,-127.469424,250
683,-104.391647,-137.109339,250
684,-88.5754468,-145.428816,250
685,-71.9062169,-152.347735,250
686,-54.5444909,-157.799461,250
687,-36.6574715,-161.731493,250
688,-18.4174207,-164.105961,250
689,1.32084324401e-13,-164.9,250
690,18.4174207,-164.105961,250
691,36.6574715,-161.731493,250
692,54.5444909,-157.799461,250
693,71.9062169,-152.347735,250
694,88.5754468,-145.428816,250
695,104.391647,-137.109339,250
696,119.202498,-127.469424,250
697,132.865364,-116.601908,250
698,145.248664,-104.611453,250
699,156.23314,-91.6135314,250
700,165.713006,-77.7333219,250
701,173.596964,-63.104498,250
702,179.809089,-47.8679433,250
703,184.289554,-32.1703941,250
704,186.99521,-16.1630264,250
705,187.9,-2.32926567791e-14,275
706,186.99521,16.1630264,275
707,184.289554,32.1703941,275
708,179.809089,47.8679433,275
709,173.596964,63.104498,275
710,165.713006,77.7333219,275
711,156.23314,91.6135314,275
712,145.248664,104.611453,275
713,132.865364,116.601908,275
714,119.202498,127.469424,275
715,104.391647,137.109339,275
716,88.5754468,145.428816,275
717,71.9062169,152.347735,275
718,54.5444909,157.799461,275
719,36.6574715,161.731493,275
720,18.4174207,164.105961,275
721,2.15596035787e-14,164.9,275
722,-18.4174207,164.105961,275
723,-36.6574715,161.731493,275
724,-54.5444909,157.799461,275
725,-71.9062169,152.347735,275
726,-88.5754468,145.428816,275
727,-104.391647,137.109339,275
728,-119.202498,127.469424,275
729,-132.865364,116.601908,275
730,-145.248664,104.611453,275
731,-156.23314,91.6135314,275
732,-165.713006,77.7333219,275
733,-173.596964,63.104498,275
734,-179.809089,47.8679433,275
735,-184.289554,32.1703941,275
736,-186.99521,16.1630264,275
737,-187.9,-1.33510027387e-13,275
738,-186.99521,-16.1630264,275
739,-184.289554,-32.1703941,275
740,-179.809089,-47.8679433,275
741,-173.596964,-63.104498,275
742,-165.713006,-77.7333219,275
743,-156.23314,-91.6135314,275
744,-145.248664,-104.611453,275
745,-132.865364,-116.601908,275
746,-119.202498,-127.469424,275
747,-104.391647,-137.109339,275
748,-88.5754468,-145.428816,275
749,-71.9062169,-152.347735,275
750,-54.5444909,-157.799461,275
751,-36.6574715,-161.731493,275
752,-18.4174207,-164.105961,275
753,1.30412569246e-13,-164.9,275
754,18.4174207,-164.105961,275
755,36.6574715,-161.731493,275
756,54.5444909,-157.799461,275
757,71.9062169,-152.347735,275
758,88.5754468,-145.428816,275
759,104.391647,-137.109339,275
760,119.202498,-127.469424,275
761,132.865364,-116.601908,275
762,145.248664,-104.611453,275
763,156.23314,-91.6135314,275
764,165.713006,-77.7333219,275
765,173.596964,-63.104498,275
766,179.809089,-47.8679433,275
767,184.289554,-32.1703941,275
768,186.99521,-16.1630264,275
769,187.9,-2.03157518768e-14,300
770,186.99521,16.1630264,300
771,184.289554,32.1703941,300
772,179.809089,47.8679433,300
773,173.596964,63.104498,300
774,165.713006,77.7333219,300
775,156.23314,91.6135314,300
776,145.248664,104.611453,300
777,132.865364,116.601908,300
778,119.202498,127.469424,300
779,104.391647,137.109339,300
780,88.5754468,145.428816,300
781,71.9062169,152.347735,300
782,54.5444909,157.799461,300
783,36.6574715,161.731493,300
784,18.4174207,164.105961,300
785,2.35406957723e-14,164.9,300
786,-18.4174207,164.105961,300
787,-36.6574715,161.731493,300
788,-54.5444909,157.799461,300
789,-71.9062169,152.347735,300
790,-88.5754468,145.428816,300
791,-104.391647,137.109339,300
792,-119.202498,127.469424,300
793,-132.865364,116.601908,300
794,-145.248664,104.611453,300
795,-156.23314,91.6135314,300
796,-165.713006,77.7333219,300
797,-173.596964,63.104498,300
798,-179.809089,47.8679433,300
799,-184.289554,32.1703941,300
800,-186.99521,16.1630264,300
801,-187.9,-1.36977931874e-13,300
802,-186.99521,-16.1630264,300
803,-184.289554,-32.1703941,300
804,-179.809089,-47.8679433,300
805,-173.596964,-63.104498,300
806,-165.713006,-77.7333219,300
807,-156.23314,-91.6135314,300
808,-145.248664,-104.611453,300
809,-132.865364,-116.601908,300
810,-119.202498,-127.469424,300
811,-104.391647,-137.109339,300
812,-88.5754468,-145.428816,300
813,-71.9062169,-152.347735,300
814,-54.5444909,-157.799461,300
815,-36.6574715,-161.731493,300
816,-18.4174207,-164.105961,300
817,1.30179665079e-13,-164.9,300
818,18.4174207,-164.105961,300
819,36.6574715,-161.731493,300
820,54.5444909,-157.799461,300
821,71.9062169,-152.347735,300
822,88.5754468,-145.428816,300
823,104.391647,-137.109339,300
824,119.202498,-127.469424,300
825,132.865364,-116.601908,300
826,145.248664,-104.611453,300
827,156.23314,-91.6135314,300
828,165.713006,-77.7333219,300
829,173.596964,-63.104498,300
830,179.809089,-47.8679433,300
831,184.289554,-32.1703941,300
832,186.99521,-16.1630264,300
833,187.9,-1.6983409991e-14,325
834,186.99521,16.1630264,325
835,184.289554,32.1703941,325
836,179.809089,47.8679433,325
837,173.596964,63.104498,325
838,165.713006,77.7333219,325
839,156.23314,91.6135314,325
840,145.248664,104.611453,325
841,132.865364,116.601908,325
842,119.202498,127.469424,325
843,104.391647,137.109339,325
844,88.5754468,145.428816,325
845,71.9062169,152.347735,325
846,54.5444909,157.799461,325
847,36.6574715,161.731493,325
848,18.4174207,164.105961,325
849,2.43353077227e-14,164.9,325
850,-18.4174207,164.105961,325
851,-36.6574715,161.731493,325
852,-54.5444909,157.799461,325
853,-71.9062169,152.347735,325
854,-88.5754468,145.428816,325
855,-104.391647,137.109339,325
856,-119.202498,127.469424,325
857,-132.865364,116.601908,325
858,-145.248664,104.611453,325
859,-156.23314,91.6135314,325
860,-165.713006,77.7333219,325
861,-173.596964,63.104498,325
862,-179.809089,47.8679433,325
863,-184.289554,32.1703941,325
864,-186.99521,16.1630264,325
865,-187.9,-1.36735125313e-13,325
866,-186.99521,-16.1630264,325
867,-184.289554,-32.1703941,325
868,-179.809089,-47.8679433,325
869,-173.596964,-63.104498,325
870,-165.713006,-77.7333219,325
871,-156.23314,-91.6135314,325
872,-145.248664,-104.611453,325
873,-132.865364,-116.601908,325
874,-119.202498,-127.469424,325
875,-104.391647,-137.109339,325
876,-88.5754468,-145.428816,325
877,-71.9062169,-152.347735,325
878,-54.5444909,-157.799461,325
879,-36.6574715,-161.731493,325
880,-18.4174207,-164.105961,325
881,1.26464654923e-13,-164.9,325
882,18.4174207,-164.105961,325
883,36.6574715,-161.731493,325
884,54.5444909,-157.799461,325
885,71.9062169,-152.347735,325
886,88.5754468,-145.428816,325
887,104.391647,-137.109339,325
888,119.202498,-127.469424,325
889,132.865364,-116.601908,325
890,145.248664,-104.611453,325
891,156.23314,-91.6135314,325
892,165.713006,-77.7333219,325
893,173.596964,-63.104498,325
894,179.809089,-47.8679433,325
895,184.289554,-32.1703941,325
896,186.99521,-16.1630264,325
897,187.9,-1.47439133212e-14,350
898,186.99521,16.1630264,350
899,184.289554,32.1703941,350
900,179.809089,47.8679433,350
901,173.596964,63.104498,350
902,165.713006,77.7333219,350
903,156.23314,91.6135314,350
904,145.248664,104.611453,350
905,132.865364,116.601908,350
906,119.202498,127.469424,350
907,104.391647,137.109339,350
908,88.5754468,145.428816,350
909,71.9062169,152.347735,350
910,54.5444909,157.799461,350
911,36.6574715,161.731493,350
912,18.4174207,164.105961,350
913,2.7218410054e-14,164.9,350
914,-18.4174207,164.105961,350
915,-36.6574715,161.731493,350
916,-54.5444909,157.799461,350
917,-71.9062169,152.347735,350
918,-88.5754468,145.428816,350
919,-104.391647,137.109339,350
920,-119.202498,127.469424,350
921,-132.865364,116.601908,350
922,-145.248664,104.611453,350
923,-156.23314,91.6135314,350
924,-165.713006,77.7333219,350
925,-173.596964,63.104498,350
926,-179.809089,47.8679433,350
927,-184.289554,32.1703941,350
928,-186.99521,16.1630264,350
929,-187.9,-1.36521989456e-13,350
930,-186.99521,-16.1630264,350
931,-184.289554,-32.1703941,350
932,-179.809089,-47.8679433,350
933,-173.596964,-63.104498,350
934,-165.713006,-77.7333219,350
935,-156.23314,-91.6135314,350
936,-145.248664,-104.611453,350
937,-132.865364,-116.601908,350
938,-119.202498,-127.469424,350
939,-104.391647,-137.109339,350
940,-88.5754468,-145.428816,350
941,-71.9062169,-152.347735,350
942,-54.5444909,-157.799461,350
943,-36.6574715,-161.731493,350
944,-18.4174207,-164.105961,350
945,1.17173742933e-13,-164.9,350
946,18.4174207,-164.105961,350
947,36.6574715,-161.731493,350
948,54.5444909,-157.799461,350
949,71.9062169,-152.347735,350
950,88.5754468,-145.428816,350
951,104.391647,-137.109339,350
952,119.202498,-127.469424,350
953,132.865364,-116.601908,350
954,145.248664,-104.611453,350
955,156.23314,-91.6135314,350
956,165.713006,-77.7333219,350
957,173.596964,-63.104498,350
958,179.809089,-47.8679433,350
959,184.289554,-32.1703941,350
960,186.99521,-16.1630264,350
961,187.9,-1.45317952477e-14,375
962,186.99521,16.1630264,375
963,184.289554,32.1703941,375
964,179.809089,47.8679433,375
965,173.596964,63.104498,375
966,165.713006,77.7333219,375
967,156.23314,91.6135314,375
968,145.248664,104.611453,375
969,132.865364,116.601908,375
970,119.202498,127.469424,375
971,104.391647,137.109339,375
972,88.5754468,145.428816,375
973,71.9062169,152.347735,375
974,54.5444909,157.799461,375
975,36.6574715,161.731493,375
976,18.4174207,164.105961,375
977,2.72482932803e-14,164.9,375
978,-18.4174207,164.105961,375
979,-36.6574715,161.731493,375
980,-54.5444909,157.799461,375
981,-71.9062169,152.347735,375
982,-88.5754468,145.428816,375
983,-104.391647,137.109339,375
984,-119.202498,127.469424,375
985,-132.865364,116.601908,375
986,-145.248664,104.611453,375
987,-156.23314,91.6135314,375
988,-165.713006,77.7333219,375
989,-173.596964,63.104498,375
990,-179.809089,47.8679433,375
991,-184.289554,32.1703941,375
992,-186.99521,16.1630264,375
993,-187.9,-1.37993963671e-13,375
994,-186.99521,-16.1630264,375
995,-184.289554,-32.1703941,375
996,-179.809089,-47.8679433,375
997,-173.596964,-63.104498,375
998,-165.713006,-77.7333219,375
999,-156.23314,-91.6135314,375
1000,-145.248664,-104.611453,375
1001,-132.865364,-116.601908,375
1002,-119.202498,-127.469424,375
1003,-104.391647,-137.109339,375
1004,-88.5754468,-145.428816,375
1005,-71.9062169,-152.347735,375
1006,-54.5444909,-157.799461,375
1007,-36.6574715,-161.731493,375
1008,-18.4174207,-164.105961,375
1009,1.18695637268e-13,-164.9,375
1010,18.4174207,-164.105961,375
1011,36.6574715,-161.731493,375
1012,54.5444909,-157.799461,375
1013,71.9062169,-152.347735,375
1014,88.5754468,-145.428816,375
1015,104.391647,-137.109339,375
1016,119.202498,-127.469424,375
1017,132.865364,-116.601908,375
1018,145.248664,-104.611453,375
1019,156.23314,-91.6135314,375
1020,165.713006,-77.7333219,375
1021,173.596964,-63.104498,375
1022,179.809089,-47.8679433,375
1023,184.289554,-32.1703941,375
1024,186.99521,-16.1630264,375
1025,187.9,-1.17917541283e-14,400
1026,186.99521,16.1630264,400
1027,184.289554,32.1703941,400
1028,179.809089,47.8679433,400
1029,173.596964,63.104498,400
1030,165.713006,77.7333219,400
1031,156.23314,91.6135314,400
1032,145.248664,104.611453,400
1033,132.865364,116.601908,400
1034,119.202498,127.469424,400
1035,104.391647,137.109339,400
1036,88.5754468,145.428816,400
1037,71.9062169,152.347735,400
1038,54.5444909,157.799461,400
1039,36.6574715,161.731493,400
1040,18.4174207,164.105961,400
1041,2.05386361226e-14,164.9,400
1042,-18.4174207,164.105961,400
1043,-36.6574715,161.731493,400
1044,-54.5444909,157.799461,400
1045,-71.9062169,152.347735,400
1046,-88.5754468,145.428816,400
1047,-104.391647,137.109339,400
1048,-119.202498,127.469424,400
1049,-132.865364,116.601908,400
1050,-145.248664,104.611453,400
1051,-156.23314,91.6135314,400
1052,-165.713006,77.7333219,400
1053,-173.596964,63.104498,400
1054,-179.809089,47.8679433,400
1055,-184.289554,32.1703941,400
1056,-186.99521,16.1630264,400
1057,-187.9,-1.39079259539e-13,400
1058,-186.99521,-16.1630264,400
1059,-184.289554,-32.1703941,400
1060,-179.809089,-47.8679433,400
1061,-173.596964,-63.104498,400
1062,-165.713006,-77.7333219,400
1063,-156.23314,-91.6135314,400
1064,-145.248664,-104.611453,400
1065,-132.865364,-116.601908,400
1066,-119.202498,-127.469424,400
1067,-104.391647,-137.109339,400
1068,-88.5754468,-145.428816,400
1069,-71.9062169,-152.347735,400
1070,-54.5444909,-157.799461,400
1071,-36.6574715,-161.731493,400
1072,-18.4174207,-164.105961,400
1073,1.23174817628e-13,-164.9,400
1074,18.4174207,-164.105961,400
1075,36.6574715,-161.731493,400
1076,54.5444909,-157.799461,400
1077,71.9062169,-152.347735,400
1078,88.5754468,-145.428816,400
1079,104.391647,-137.109339,400
1080,119.202498,-127.469424,400
1081,132.865364,-116.601908,400
1082,145.248664,-104.611453,400
1083,156.23314,-91.6135314,400
1084,165.713006,-77.7333219,400
1085,173.596964,-63.104498,400
1086,179.809089,-47.8679433,400
1087,184.289554,-32.1703941,400
1088,186.99521,-16.1630264,400
1089,187.9,-9.41818793894e-15,425
1090,186.99521,16.1630264,425
1091,184.289554,32.1703941,425
1092,179.809089,47.8679433,425
1093,173.596964,63.104498,425
1094,165.713006,77.7333219,425
1095,156.23314,91.6135314,425
1096,145.248664,104.611453,425
1097,132.865364,116.601908,425
1098,119.202498,127.469424,425
1099,104.391647,137.109339,425
1100,88.5754468,145.428816,425
1101,71.9062169,152.347735,425
1102,54.5444909,157.799461,425
1103,36.6574715,161.731493,425
1104,18.4174207,164.105961,425
1105,1.90362914073e-14,164.9,425
1106,-18.4174207,164.105961,425
1107,-36.6574715,161.731493,425
1108,-54.5444909,157.799461,425
1109,-71.9062169,152.347735,425
1110,-88.5754468,145.428816,425
1111,-104.391647,137.109339,425
1112,-119.202498,127.469424,425
1113,-132.865364,116.601908,425
1114,-145.248664,104.611453,425
1115,-156.23314,91.6135314,425
1116,-165.713006,77.7333219,425
1117,-173.596964,63.104498,425
1118,-179.809089,47.8679433,425
1119,-184.289554,32.1703941,425
1120,-186.99521,16.1630264,425
1121,-187.9,-1.38156729257e-13,425
1122,-186.99521,-16.1630264,425
1123,-184.289554,-32.1703941,425
1124,-179.809089,-47.8679433,425
1125,-173.596964,-63.104498,425
1126,-165.713006,-77.7333219,425
1127,-156.23314,-91.6135314,425
1128,-145.248664,-104.611453,425
1129,-132.865364,-116.601908,425
1130,-119.202498,-127.469424,425
1131,-104.391647,-137.109339,425
1132,-88.5754468,-145.428816,425
1133,-71.9062169,-152.347735,425
1134,-54.5444909,-157.799461,425
1135,-36.6574715,-161.731493,425
1136,-18.4174207,-164.105961,425
1137,1.20653920639e-13,-164.9,425
1138,18.4174207,-164.105961,425
1139,36.6574715,-161.731493,425
1140,54.5444909,-157.799461,425
1141,71.9062169,-152.347735,425
1142,88.5754468,-145.428816,425
1143,104.391647,-137.109339,425
1144,119.202498,-127.469424,425
1145,132.865364,-116.601908,425
1146,145.248664,-104.611453,425
1147,156.23314,-91.6135314,425
1148,165.713006,-77.7333219,425
1149,173.596964,-63.104498,425
1150,179.809089,-47.8679433,425
1151,184.289554,-32.1703941,425
1152,186.99521,-16.1630264,425
1153,187.9,-8.70675487304e-15,450
1154,186.99521,16.1630264,450
1155,184.289554,32.1703941,450
1156,179.809089,47.8679433,450
1157,173.596964,63.104498,450
1158,165.713006,77.7333219,450
1159,156.23314,91.6135314,450
1160,145.248664,104.611453,450
1161,132.865364,116.601908,450
1162,119.202498,127.469424,450
1163,104.391647,137.109339,450
1164,88.5754468,145.428816,450
1165,71.9062169,152.347735,450
1166,54.5444909,157.799461,450
1167,36.6574715,161.731493,450
1168,18.4174207,164.105961,450
1169,1.78357328414e-14,164.9,450
1170,-18.4174207,164.105961,450
1171,-36.6574715,161.731493,450
1172,-54.5444909,157.799461,450
1173,-71.9062169,152.347735,450
1174,-88.5754468,145.428816,450
1175,-104.391647,137.109339,450
1176,-119.202498,127.469424,450
1177,-132.865364,116.601908,450
1178,-145.248664,104.611453,450
1179,-156.23314,91.6135314,450
1180,-165.713006,77.7333219,450
1181,-173.596964,63.104498,450
1182,-179.809089,47.8679433,450
1183,-184.289554,32.1703941,450
1184,-186.99521,16.1630264,450
1185,-187.9,-1.36815278988e-13,450
1186,-186.99521,-16.1630264,450
1187,-184.289554,-32.1703941,450
1188,-179.809089,-47.8679433,450
1189,-173.596964,-63.104498,450
1190,-165.713006,-77.7333219,450
1191,-156.23314,-91.6135314,450
1192,-145.248664,-104.611453,450
1193,-132.865364,-116.601908,450
1194,-119.202498,-127.469424,450
1195,-104.391647,-137.109339,450
1196,-88.5754468,-145.428816,450
1197,-71.9062169,-152.347735,450
1198,-54.5444909,-157.799461,450
1199,-36.6574715,-161.731493,450
1200,-18.4174207,-164.105961,450
1201,1.26333390672e-13,-164.9,450
1202,18.4174207,-164.105961,450
1203,36.6574715,-161.731493,450
1204,54.5444909,-157.799461,450
1205,71.9062169,-152.347735,450
1206,88.5754468,-145.428816,450
1207,104.391647,-137.109339,450
1208,119.202498,-127.469424,450
1209,132.865364,-116.601908,450
1210,145.248664,-104.611453,450
1211,156.23314,-91.6135314,450
1212,165.713006,-77.7333219,450
1213,173.596964,-63.104498,450
1214,179.809089,-47.8679433,450
1215,184.289554,-32.1703941,450
1216,186.99521,-16.1630264,450
1217,187.9,-4.5358960731e-15,475
1218,186.99521,16.1630264,475
1219,184.289554,32.1703941,475
1220,179.809089,47.8679433,475
1221,173.596964,63.104498,475
1222,165.713006,77.7333219,475
1223,156.23314,91.6135314,475
1224,145.248664,104.611453,475
1225,132.865364,116.601908,475
1226,119.202498,127.469424,475
1227,104.391647,137.109339,475
1228,88.5754468,145.428816,475
1229,71.9062169,152.347735,475
1230,54.5444909,157.799461,475
1231,36.6574715,161.731493,475
1232,18.4174207,164.105961,475
1233,9.76161581034e-15,164.9,475
1234,-18.4174207,164.105961,475
1235,-36.6574715,161.731493,475
1236,-54.5444909,157.799461,475
1237,-71.9062169,152.347735,475
1238,-88.5754468,145.428816,475
1239,-104.391647,137.109339,475
1240,-119.202498,127.469424,475
1241,-132.865364,116.601908,475
1242,-145.248664,104.611453,475
1243,-156.23314,91.6135314,475
1244,-165.713006,77.7333219,475
1245,-173.596964,63.104498,475
1246,-179.809089,47.8679433,475
1247,-184.289554,32.1703941,475
1248,-186.99521,16.1630264,475
1249,-187.9,-1.32466593108e-13,475
1250,-186.99521,-16.1630264,475
1251,-184.289554,-32.1703941,475
1252,-179.809089,-47.8679433,475
1253,-173.596964,-63.104498,475
1254,-165.713006,-77.7333219,475
1255,-156.23314,-91.6135314,475
1256,-145.248664,-104.611453,475
1257,-132.865364,-116.601908,475
1258,-119.202498,-127.469424,475
1259,-104.391647,-137.109339,475
1260,-88.5754468,-145.428816,475
1261,-71.9062169,-152.347735,475
1262,-54.5444909,-157.799461,475
1263,-36.6574715,-161.731493,475
1264,-18.4174207,-164.105961,475
1265,1.25414298305e-13,-164.9,475
1266,18.4174207,-164.105961,475
1267,36.6574715,-161.731493,475
1268,54.5444909,-157.799461,475
1269,71.9062169,-152.347735,475
1270,88.5754468,-145.428816,475
1271,104.391647,-137.109339,475
1272,119.202498,-127.469424,475
1273,132.865364,-116.601908,475
1274,145.248664,-104.611453,475
1275,156.23314,-91.6135314,475
1276,165.713006,-77.7333219,475
1277,173.596964,-63.104498,475
1278,179.809089,-47.8679433,475
1279,184.289554,-32.1703941,475
1280,186.99521,-16.1630264,475
1281,187.9,-2.48020795799e-15,500
1282,186.99521,16.1630264,500
1283,184.289554,32.1703941,500
1284,179.809089,47.8679433,500
1285,173.596964,63.104498,500
1286,165.713006,77.7333219,500
1287,156.23314,91.6135314,500
1288,145.248664,104.611453,500
1289,132.865364,116.601908,500
1290,119.202498,127.469424,500
1291,104.391647,137.109339,500
1292,88.5754468,145.428816,500
1293,71.9062169,152.347735,500
1294,54.5444909,157.799461,500
1295,36.6574715,161.731493,500
1296,18.4174207,164.105961,500
1297,1.26895906009e-14,164.9,500
1298,-18.4174207,164.105961,500
1299,-36.6574715,161.731493,500
1300,-54.5444909,157.799461,500
1301,-71.9062169,152.347735,500
1302,-88.5754468,145.428816,500
1303,-104.391647,137.109339,500
1304,-119.202498,127.469424,500
1305,-132.865364,116.601908,500
1306,-145.248664,104.611453,500
1307,-156.23314,91.6135314,500
1308,-165.713006,77.7333219,500
1309,-173.596964,63.104498,500
1310,-179.809089,47.8679433,500
1311,-184.289554,32.1703941,500
1312,-186.99521,16.1630264,500
1313,-187.9,-1.32734770068e-13,500
1314,-186.99521,-16.1630264,500
1315,-184.289554,-32.1703941,500
1316,-179.809089,-47.8679433,500
1317,-173.596964,-63.104498,500
1318,-165.713006,-77.7333219,500
1319,-156.23314,-91.6135314,500
1320,-145.248664,-104.611453,500
1321,-132.865364,-116.601908,500
1322,-119.202498,-127.469424,500
1323,-104.391647,-137.109339,500
1324,-88.5754468,-145.428816,500
1325,-71.9062169,-152.347735,500
1326,-54.5444909,-157.799461,500
1327,-36.6574715,-161.731493,500
1328,-18.4174207,-164.105961,500
1329,1.24596917147e-13,-164.9,500
1330,18.4174207,-164.105961,500
1331,36.6574715,-161.731493,500
1332,54.5444909,-157.799461,500
1333,71.9062169,-152.347735,500
1334,88.5754468,-145.428816,500
1335,104.391647,-137.109339,500
1336,119.202498,-127.469424,500
1337,132.865364,-116.601908,500
1338,145.248664,-104.611453,500
1339,156.23314,-91.6135314,500
1340,165.713006,-77.7333219,500
1341,173.596964,-63.104498,500
1342,179.809089,-47.8679433,500
1343,184.289554,-32.1703941,500
1344,186.99521,-16.1630264,500
1345,187.9,-1.34989782555e-15,525
1346,186.99521,16.1630264,525
1347,184.289554,32.1703941,525
1348,179.809089,47.8679433,525
1349,173.596964,63.104498,525
1350,165.713006,77.7333219,525
1351,156.23314,91.6135314,525
1352,145.248664,104.611453,525
1353,132.865364,116.601908,525
1354,119.202498,127.469424,525
1355,104.391647,137.109339,525
1356,88.5754468,145.428816,525
1357,71.9062169,152.347735,525
1358,54.5444909,157.799461,525
1359,36.6574715,161.731493,525
1360,18.4174207,164.105961,525
1361,1.22152652768e-14,164.9,525
1362,-18.4174207,164.105961,525
1363,-36.6574715,161.731493,525
1364,-54.5444909,157.799461,525
1365,-71.9062169,152.347735,525
1366,-88.5754468,145.428816,525
1367,-104.391647,137.109339,525
1368,-119.202498,127.469424,525
1369,-132.865364,116.601908,525
1370,-145.248664,104.611453,525
1371,-156.23314,91.6135314,525
1372,-165.713006,77.7333219,525
1373,-173.596964,63.104498,525
1374,-179.809089,47.8679433,525
1375,-184.289554,32.1703941,525
1376,-186.99521,16.1630264,525
1377,-187.9,-1.31164951575e-13,525
1378,-186.99521,-16.1630264,525
1379,-184.289554,-32.1703941,525
1380,-179.809089,-47.8679433,525
1381,-173.596964,-63.104498,525
1382,-165.713006,-77.7333219,525
1383,-156.23314,-91.6135314,525
1384,-145.248664,-104.611453,525
1385,-132.865364,-116.601908,525
1386,-119.202498,-127.469424,525
1387,-104.391647,-137.109339,525
1388,-88.5754468,-145.428816,525
1389,-71.9062169,-152.347735,525
1390,-54.5444909,-157.799461,525
1391,-36.6574715,-161.731493,525
1392,-18.4174207,-164.105961,525
1393,1.27384520602e-13,-164.9,525
1394,18.4174207,-164.105961,525
1395,36.6574715,-161.731493,525
1396,54.5444909,-157.799461,525
1397,71.9062169,-152.347735,525
1398,88.5754468,-145.428816,525
1399,104.391647,-137.109339,525
1400,119.202498,-127.469424,525
1401,132.865364,-116.601908,525
1402,145.248664,-104.611453,525
1403,156.23314,-91.6135314,525
1404,165.713006,-77.7333219,525
1405,173.596964,-63.104498,525
1406,179.809089,-47.8679433,525
1407,184.289554,-32.1703941,525
1408,186.99521,-16.1630264,525
1409,187.9,-8.07458035738e-16,550
1410,186.99521,16.1630264,550
1411,184.289554,32.1703941,550
1412,179.809089,47.8679433,550
1413,173.596964,63.104498,550
1414,165.713006,77.7333219,550
1415,156.23314,91.6135314,550
1416,145.248664,104.611453,550
1417,132.865364,116.601908,550
1418,119.202498,127.469424,550
1419,104.391647,137.109339,550
1420,88.5754468,145.428816,550
1421,71.9062169,152.347735,550
1422,54.5444909,157.799461,550
1423,36.6574715,161.731493,550
1424,18.4174207,164.105961,550
1425,1.16177821081e-14,164.9,550
1426,-18.4174207,164.105961,550
1427,-36.6574715,161.731493,550
1428,-54.5444909,157.799461,550
1429,-71.9062169,152.347735,550
1430,-88.5754468,145.428816,550
1431,-104.391647,137.109339,550
1432,-119.202498,127.469424,550
1433,-132.865364,116.601908,550
1434,-145.248664,104.611453,550
1435,-156.23314,91.6135314,550
1436,-165.713006,77.7333219,550
1437,-173.596964,63.104498,550
1438,-179.809089,47.8679433,550
1439,-184.289554,32.1703941,550
1440,-186.99521,16.1630264,550
1441,-187.9,-1.31160968826e-13,550
1442,-186.99521,-16.1630264,550
1443,-184.289554,-32.1703941,550
1444,-179.809089,-47.8679433,550
1445,-173.596964,-63.104498,550
1446,-165.713006,-77.7333219,550
1447,-156.23314,-91.6135314,550
1448,-145.248664,-104.611453,550
1449,-132.865364,-116.601908,550
1450,-119.202498,-127.469424,550
1451,-104.391647,-137.109339,550
1452,-88.5754468,-145.428816,550
1453,-71.9062169,-152.347735,550
1454,-54.5444909,-157.799461,550
1455,-36.6574715,-161.731493,550
1456,-18.4174207,-164.105961,550
1457,1.2797314338e-13,-164.9,550
1458,18.4174207,-164.105961,550
1459,36.6574715,-161.731493,550
1460,54.5444909,-157.799461,550
1461,71.9062169,-152.347735,550
1462,88.5754468,-145.428816,550
1463,104.391647,-137.109339,550
1464,119.202498,-127.469424,550
1465,132.865364,-116.601908,550
1466,145.248664,-104.611453,550
1467,156.23314,-91.6135314,550
1468,165.713006,-77.7333219,550
1469,173.596964,-63.104498,550
1470,179.809089,-47.8679433,550
1471,184.289554,-32.1703941,550
1472,186.99521,-16.1630264,550
1473,187.9,7.27396461324e-16,575
1474,186.99521,16.1630264,575
1475,184.289554,32.1703941,575
1476,179.809089,47.8679433,575
1477,173.596964,63.104498,575
1478,165.713006,77.7333219,575
1479,156.23314,91.6135314,575
1480,145.248664,104.611453,575
1481,132.865364,116.601908,575
1482,119.202498,127.469424,575
1483,104.391647,137.109339,575
1484,88.5754468,145.428816,575
1485,71.9062169,152.347735,575
1486,54.5444909,157.799461,575
1487,36.6574715,161.731493,575
1488,18.4174207,164.105961,575
1489,1.10946911396e-14,164.9,575
1490,-18.4174207,164.105961,575
1491,-36.6574715,161.731493,575
1492,-54.5444909,157.799461,575
1493,-71.9062169,152.347735,575
1494,-88.5754468,145.428816,575
1495,-104.391647,137.109339,575
1496,-119.202498,127.469424,575
1497,-132.865364,116.601908,575
1498,-145.248664,104.611453,575
1499,-156.23314,91.6135314,575
1500,-165.713006,77.7333219,575
1501,-173.596964,63.104498,575
1502,-179.809089,47.8679433,575
1503,-184.289554,32.1703941,575
1504,-186.99521,16.1630264,575
1505,-187.9,-1.31233281828e-13,575
1506,-186.99521,-16.1630264,575
1507,-184.289554,-32.1703941,575
1508,-179.809089,-47.8679433,575
1509,-173.596964,-63.104498,575
1510,-165.713006,-77.7333219,575
1511,-156.23314,-91.6135314,575
1512,-145.248664,-104.611453,575
1513,-132.865364,-116.601908,575
1514,-119.202498,-127.469424,575
1515,-104.391647,-137.109339,575
1516,-88.5754468,-145.428816,575
1517,-71.9062169,-152.347735,575
1518,-54.5444909,-157.799461,575
1519,-36.6574715,-161.731493,575
1520,-18.4174207,-164.105961,575
1521,1.2837222301e-13,-164.9,575
1522,18.4174207,-164.105961,575
1523,36.6574715,-161.731493,575
1524,54.5444909,-157.799461,575
1525,71.9062169,-152.347735,575
1526,88.5754468,-145.428816,575
1527,104.391647,-137.109339,575
1528,119.202498,-127.469424,575
1529,132.865364,-116.601908,575
1530,145.248664,-104.611453,575
1531,156.23314,-91.6135314,575
1532,165.713006,-77.7333219,575
1533,173.596964,-63.104498,575
1534,179.809089,-47.8679433,575
1535,184.289554,-32.1703941,575
1536,186.99521,-16.1630264,575
1537,187.9,1.22114683071e-15,600
1538,186.99521,16.1630264,600
1539,184.289554,32.1703941,600
1540,179.809089,47.8679433,600
1541,173.596964,63.104498,600
1542,165.713006,77.7333219,600
1543,156.23314,91.6135314,600
1544,145.248664,104.611453,600
1545,132.865364,116.601908,600
1546,119.202498,127.469424,600
1547,104.391647,137.109339,600
1548,88.5754468,145.428816,600
1549,71.9062169,152.347735,600
1550,54.5444909,157.799461,600
1551,36.6574715,161.731493,600
1552,18.4174207,164.105961,600
1553,1.09122460655e-14,164.9,600
1554,-18.4174207,164.105961,600
1555,-36.6574715,161.731493,600
1556,-54.5444909,157.799461,600
1557,-71.9062169,152.347735,600
1558,-88.5754468,145.428816,600
1559,-104.391647,137.109339,600
1560,-119.202498,127.469424,600
1561,-132.865364,116.601908,600
1562,-145.248664,104.611453,600
1563,-156.23314,91.6135314,600
1564,-165.713006,77.7333219,600
1565,-173.596964,63.104498,600
1566,-179.809089,47.8679433,600
1567,-184.289554,32.1703941,600
1568,-186.99521,16.1630264,600
1569,-187.9,-1.29555586867e-13,600
1570,-186.99521,-16.1630264,600
1571,-184.289554,-32.1703941,600
1572,-179.809089,-47.8679433,600
1573,-173.596964,-63.104498,600
1574,-165.713006,-77.7333219,600
1575,-156.23314,-91.6135314,600
1576,-145.248664,-104.611453,600
1577,-132.865364,-116.601908,600
1578,-119.202498,-127.469424,600
1579,-104.391647,-137.109339,600
1580,-88.5754468,-145.428816,600
1581,-71.9062169,-152.347735,600
1582,-54.5444909,-157.799461,600
1583,-36.6574715,-161.731493,600
1584,-18.4174207,-164.105961,600
1585,1.26903997422e-13,-164.9,600
1586,18.4174207,-164.105961,600
1587,36.6574715,-161.731493,600
1588,54.5444909,-157.799461,600
1589,71.9062169,-152.347735,600
1590,88.5754468,-145.428816,600
1591,104.391647,-137.109339,600
1592,119.202498,-127.469424,600
1593,132.865364,-116.601908,600
1594,145.248664,-104.611453,600
1595,156.23314,-91.6135314,600
1596,165.713006,-77.7333219,600
1597,173.596964,-63.104498,600
1598,179.809089,-47.8679433,600
1599,184.289554,-32.1703941,600
1600,186.99521,-16.1630264,600
1601,187.9,-4.95024469762e-16,625
1602,186.99521,16.1630264,625
1603,184.289554,32.1703941,625
1604,179.809089,47.8679433,625
1605,173.596964,63.104498,625
1606,165.713006,77.7333219,625
1607,156.23314,91.6135314,625
1608,145.248664,104.611453,625
1609,132.865364,116.601908,625
1610,119.202498,127.469424,625
1611,104.391647,137.109339,625
1612,88.5754468,145.428816,625
1613,71.9062169,152.347735,625
1614,54.5444909,157.799461,625
1615,36.6574715,161.731493,625
1616,18.4174207,164.105961,625
1617,1.09718329093e-14,164.9,625
1618,-18.4174207,164.105961,625
1619,-36.6574715,161.731493,625
1620,-54.5444909,157.799461,625
1621,-71.9062169,152.347735,625
1622,-88.5754468,145.428816,625
1623,-104.391647,137.109339,625
1624,-119.202498,127.469424,625
1625,-132.865364,116.601908,625
1626,-145.248664,104.611453,625
1627,-156.23314,91.6135314,625
1628,-165.713006,77.7333219,625
1629,-173.596964,63.104498,625
1630,-179.809089,47.8679433,625
1631,-184.289554,32.1703941,625
1632,-186.99521,16.1630264,625
1633,-187.9,-1.2915028877e-13,625
1634,-186.99521,-16.1630264,625
1635,-184.289554,-32.1703941,625
1636,-179.809089,-47.8679433,625
1637,-173.596964,-63.104498,625
1638,-165.713006,-77.7333219,625
1639,-156.23314,-91.6135314,625
1640,-145.248664,-104.611453,625
1641,-132.865364,-116.601908,625
1642,-119.202498,-127.469424,625
1643,-104.391647,-137.109339,625
1644,-88.5754468,-145.428816,625
1645,-71.9062169,-152.347735,625
1646,-54.5444909,-157.799461,625
1647,-36.6574715,-161.731493,625
1648,-18.4174207,-164.105961,625
1649,1.26748291013e-13,-164.9,625
1650,18.4174207,-164.105961,625
1651,36.6574715,-161.731493,625
1652,54.5444909,-157.799461,625
1653,71.9062169,-152.347735,625
1654,88.5754468,-145.428816,625
1655,104.391647,-137.109339,625
1656,119.202498,-127.469424,625
1657,132.865364,-116.601908,625
1658,145.248664,-104.611453,625
1659,156.23314,-91.6135314,625
1660,165.713006,-77.7333219,625
1661,173.596964,-63.104498,625
1662,179.809089,-47.8679433,625
1663,184.289554,-32.1703941,625
1664,186.99521,-16.1630264,625
1665,187.9,0,650
1666,186.99521,16.1630264,650
1667,184.289554,32.1703941,650
1668,179.809089,47.8679433,650
1669,173.596964,63.104498,650
1670,165.713006,77.7333219,650
1671,156.23314,91.6135314,650
1672,145.248664,104.611453,650
1673,132.865364,116.601908,650
1674,119.202498,127.469424,650
1675,104.391647,137.109339,650
1676,88.5754468,145.428816,650
1677,71.9062169,152.347735,650
1678,54.5444909,157.799461,650
1679,36.6574715,161.731493,650
1680,18.4174207,164.105961,650
1681,1.15055567e-14,164.9,650
1682,-18.4174207,164.105961,650
1683,-36.6574715,161.731493,650
1684,-54.5444909,157.799461,650
1685,-71.9062169,152.347735,650
1686,-88.5754468,145.428816,650
1687,-104.391647,137.109339,650
1688,-119.202498,127.469424,650
1689,-132.865364,116.601908,650
1690,-145.248664,104.611453,650
1691,-156.23314,91.6135314,650
1692,-165.713006,77.7333219,650
1693,-173.596964,63.104498,650
1694,-179.809089,47.8679433,650
1695,-184.289554,32.1703941,650
1696,-186.99521,16.1630264,650
1697,-187.9,-1.26954315639e-13,650
1698,-186.99521,-16.1630264,650
1699,-184.289554,-32.1703941,650
1700,-179.809089,-47.8679433,650
1701,-173.596964,-63.104498,650
1702,-165.713006,-77.7333219,650
1703,-156.23314,-91.6135314,650
1704,-145.248664,-104.611453,650
1705,-132.865364,-116.601908,650
1706,-119.202498,-127.469424,650
1707,-104.391647,-137.109339,650
1708,-88.5754468,-145.428816,650
1709,-71.9062169,-152.347735,650
1710,-54.5444909,-157.799461,650
1711,-36.6574715,-161.731493,650
1712,-18.4174207,-164.105961,650
1713,1.28966750368e-13,-164.9,650
1714,18.4174207,-164.105961,650
1715,36.6574715,-161.731493,650
1716,54.5444909,-157.799461,650
1717,71.9062169,-152.347735,650
1718,88.5754468,-145.428816,650
1719,104.391647,-137.109339,650
1720,119.202498,-127.469424,650
1721,132.865364,-116.601908,650
1722,145.248664,-104.611453,650
1723,156.23314,-91.6135314,650
1724,165.713006,-77.7333219,650
1725,173.596964,-63.104498,650
1726,179.809089,-47.8679433,650
1727,184.289554,-32.1703941,650
1728,186.99521,-16.1630264,650

===== beginning time step 5 : 0.25 =====


Reforming stiffness matrix: reformation #1

 1
 Nonlinear solution status: time= 0.25
	stiffness updates             = 0
	right hand side evaluations   = 2
	stiffness matrix reformations = 1
	step from line search         = 1.000000
	convergence norms :     INITIAL         CURRENT         REQUIRED
	   residual            3.164829e+05    1.168157e-08    3.164829e+02 
	   energy              6.957221e+02    1.324642e-04    6.957221e-02 
	   displacement        1.562710e+00    1.562710e+00    6.250842e-04 
 2
 Nonlinear solution status: time= 0.25
	stiffness updates             = 1
	right hand side evaluations   = 3
	stiffness matrix reformations = 1
	step from line search         = 1.000000
	convergence norms :     INITIAL         CURRENT         REQUIRED
	   residual            3.164829e+05    4.317973e-17    3.164829e+02 
	   energy              6.957221e+02    1.514335e-15    6.957221e-02 
	   displacement        1.562710e+00    6.433109e-14    6.250839e-04 

convergence summary
    number of iterations   : 2
    number of reformations : 1

------- converged at time : 0.25


Data Record #1
===========================================================================
Step = 5
Time = 0.25
Data = shirt_final_coordinates
1,187.9,-3.74255094281e-14,4.24882373661e-14
2,186.99521,16.1630264,4.08602064924e-14
3,184.289554,32.1703941,4.43068769923e-14
4,179.809089,47.8679433,4.68078236025e-14
5,173.596964,63.104498,5.00403820461e-14
6,165.713006,77.7333219,4.91016855143e-14
7,156.23314,91.6135314,4.91366576602e-14
8,145.248664,104.611453,5.63517029845e-14
9,132.865364,116.601908,6.13973920907e-14
10,119.202498,127.469424,6.15890927539e-14
11,104.391647,137.109339,6.20926379728e-14
12,88.5754468,145.428816,6.3550070246e-14
13,71.9062169,152.347735,6.54401090343e-14
14,54.5444909,157.799461,6.60640536371e-14
15,36.6574715,161.731493,6.95789628369e-14
16,18.4174207,164.105961,7.36407591314e-14
17,-6.7397556232e-15,164.9,7.5588087091e-14
18,-18.4174207,164.105961,7.76528469382e-14
19,-36.6574715,161.731493,7.52230845319e-14
20,-54.5444909,157.799461,7.63901967862e-14
21,-71.9062169,152.347735,7.52884557956e-14
22,-88.5754468,145.428816,7.1227164813e-14
23,-104.391647,137.109339,7.88405133981e-14
24,-119.202498,127.469424,7.44777550116e-14
25,-132.865364,116.601908,7.19691983959e-14
26,-145.248664,104.611453,6.50060945802e-14
27,-156.23314,91.6135314,5.91083388913e-14
28,-165.713006,77.7333219,4.89581568242e-14
29,-173.596964,63.104498,4.80985579336e-14
30,-179.809089,47.8679433,4.23801787756e-14
31,-184.289554,32.1703941,3.46195806581e-14
32,-186.99521,16.1630264,2.8833671778e-14
33,-187.9,-2.5857559224e-13,2.52594693636e-14
34,-186.99521,-16.1630264,2.28798294895e-14
35,-184.289554,-32.1703941,2.68324128765e-14
36,-179.809089,-47.8679433,2.76313731147e-14
37,-173.596964,-63.104498,2.98519307638e-14
38,-165.713006,-77.7333219,3.12590957468e-14
39,-156.23314,-91.6135314,3.76892908211e-14
40,-145.248664,-104.611453,4.17262209499e-14
41,-132.865364,-116.601908,4.80834455805e-14
42,-119.202498,-127.469424,5.45579369626e-14
43,-104.391647,-137.109339,5.13194743669e-14
44,-88.5754468,-145.428816,5.0206495285e-14
45,-71.9062169,-152.347735,5.81339315845e-14
46,-54.5444909,-157.799461,5.8765448657e-14
47,-36.6574715,-161.731493,6.22472545175e-14
48,-18.4174207,-164.105961,7.23343329303e-14
49,3.02876897947e-13,-164.9,7.59839768527e-14
50,18.4174207,-164.105961,7.81010706978e-14
51,36.6574715,-161.731493,7.49520081236e-14
52,54.5444909,-157.799461,7.45061926196e-14
53,71.9062169,-152.347735,7.59397267573e-14
54,88.5754468,-145.428816,7.13216297647e-14
55,104.391647,-137.109339,7.26643317681e-14
56,119.202498,-127.469424,7.59660728646e-14
57,132.865364,-116.601908,7.10374241557e-14
58,145.248664,-104.611453,6.96925958639e-14
59,156.23314,-91.6135314,6.07436586872e-14
60,165.713006,-77.7333219,5.42567120585e-14
61,173.596964,-63.104498,5.35973627508e-14
62,179.809089,-47.8679433,5.29177056988e-14
63,184.289554,-32.1703941,4.84811918364e-14
64,186.99521,-16.1630264,4.68598515721e-14
65,187.9,-3.40952707225e-14,25
66,186.99521,16.1630264,25
67,184.289554,32.1703941,25
68,179.809089,47.8679433,25
69,173.596964,63.104498,25
70,165.713006,77.7333219,25
71,156.23314,91.6135314,25
72,145.248664,104.611453,25
73,132.865364,116.601908,25
74,119.202498,127.469424,25
75,104.391647,137.109339,25
76,88.5754468,145.428816,25
77,71.9062169,152.347735,25
78,54.5444909,157.799461,25
79,36.6574715,161.731493,25
80,18.4174207,164.105961,25
81,-2.98356855653e-15,164.9,25
82,-18.4174207,164.105961,25
83,-36.6574715,161.731493,25
84,-54.5444909,157.799461,25
85,-71.9062169,152.347735,25
86,-88.5754468,145.428816,25
87,-104.391647,137.109339,25
88,-119.202498,127.469424,25
89,-132.865364,116.601908,25
90,-145.248664,104.611453,25
91,-156.23314,91.6135314,25
92,-165.713006,77.7333219,25
93,-173.596964,63.104498,25
94,-179.809089,47.8679433,25
95,-184.289554,32.1703941,25
96,-186.99521,16.1630264,25
97,-187.9,-2.616642023e-13,25
98,-186.99521,-16.1630264,25
99,-184.289554,-32.1703941,25
100,-179.809089,-47.8679433,25
101,-173.596964,-63.104498,25
102,-165.713006,-77.7333219,25
103,-156.23314,-91.6135314,25
104,-145.248664,-104.611453,25
105,-132.865364,-116.601908,25
106,-119.202498,-127.469424,25
107,-104.391647,-137.109339,25
108,-88.5754468,-145.428816,25
109,-71.9062169,-152.347735,25
110,-54.5444909,-157.799461,25
111,-36.6574715,-161.731493,25
112,-18.4174207,-164.105961,25
113,3.00053719415e-13,-164.9,25
114,18.4174207,-164.105961,25
115,36.6574715,-161.731493,25
116,54.5444909,-157.799461,25
117,71.9062169,-152.347735,25
118,88.5754468,-145.428816,25
119,104.391647,-137.109339,25
120,119.202498,-127.469424,25
121,132.865364,-116.601908,25
122,145.248664,-104.611453,25
123,156.23314,-91.6135314,25
124,165.713006,-77.7333219,25
125,173.596964,-63.104498,25
126,179.809089,-47.8679433,25
127,184.289554,-32.1703941,25
128,186.99521,-16.1630264,25
129,187.9,-3.26289756301e-14,50
130,186.99521,16.1630264,50
131,184.289554,32.1703941,50
132,179.809089,47.8679433,50
133,173.596964,63.104498,50
134,165.713006,77.7333219,50
135,156.23314,91.6135314,50
136,145.248664,104.611453,50
137,132.865364,116.601908,50
138,119.202498,127.469424,50
139,104.391647,137.109339,50
140,88.5754468,145.428816,50
141,71.9062169,152.347735,50
142,54.5444909,157.799461,50
143,36.6574715,161.731493,50
144,18.4174207,164.105961,50
145,-2.36635649717e-15,164.9,50
146,-18.4174207,164.105961,50
147,-36.6574715,161.731493,50
148,-54.5444909,157.799461,50
149,-71.9062169,152.347735,50
150,-88.5754468,145.428816,50
151,-104.391647,137.109339,50
152,-119.202498,127.469424,50
153,-132.865364,116.601908,50
154,-145.248664,104.611453,50
155,-156.23314,91.6135314,50
156,-165.713006,77.7333219,50
157,-173.596964,63.104498,50
158,-179.809089,47.8679433,50
159,-184.289554,32.1703941,50
160,-186.99521,16.1630264,50
161,-187.9,-2.64200894704e-13,50
162,-186.99521,-16.1630264,50
163,-184.289554,-32.1703941,50
164,-179.809089,-47.8679433,50
165,-173.596964,-63.104498,50
166,-165.713006,-77.7333219,50
167,-156.23314,-91.6135314,50
168,-145.248664,-104.611453,50
169,-132.865364,-116.601908,50
170,-119.202498,-127.469424,50
171,-104.391647,-137.109339,50
172,-88.5754468,-145.428816,50
173,-71.9062169,-152.347735,50
174,-54.5444909,-157.799461,50
175,-36.6574715,-161.731493,50
176,-18.4174207,-164.105961,50
177,2.94901427933e-13,-164.9,50
178,18.4174207,-164.105961,50
179,36.6574715,-161.731493,50
180,54.5444909,-157.799461,50
181,71.9062169,-152.347735,50
182,88.5754468,-145.428816,50
183,104.391647,-137.109339,50
184,119.202498,-127.469424,50
185,132.865364,-116.601908,50
186,145.248664,-104.611453,50
187,156.23314,-91.6135314,50
188,165.713006,-77.7333219,50
189,173.596964,-63.104498,50
190,179.809089,-47.8679433,50
191,184.289554,-32.1703941,50
192,186.99521,-16.1630264,50
193,187.9,-2.92536139488e-14,75
194,186.99521,16.1630264,75
195,184.289554,32.1703941,75
196,179.809089,47.8679433,75
197,173.596964,63.104498,75
198,165.713006,77.7333219,75
199,156.23314,91.6135314,75
200,145.248664,104.611453,75
201,132.865364,116.601908,75
202,119.202498,127.469424,75
203,104.391647,137.109339,75
204,88.5754468,145.428816,75
205,71.9062169,152.347735,75
206,54.5444909,157.799461,75
207,36.6574715,161.731493,75
208,18.4174207,164.105961,75
209,8.65521227831e-17,164.9,75
210,-18.4174207,164.105961,75
211,-36.6574715,161.731493,75
212,-54.5444909,157.799461,75
213,-71.9062169,152.347735,75
214,-88.5754468,145.428816,75
215,-104.391647,137.109339,75
216,-119.202498,127.469424,75
217,-132.865364,116.601908,75
218,-145.248664,104.611453,75
219,-156.23314,91.6135314,75
220,-165.713006,77.7333219,75
221,-173.596964,63.104498,75
222,-179.809089,47.8679433,75
223,-184.289554,32.1703941,75
224,-186.99521,16.1630264,75
225,-187.9,-2.66434244131e-13,75
226,-186.99521,-16.1630264,75
227,-184.289554,-32.1703941,75
228,-179.809089,-47.8679433,75
229,-173.596964,-63.104498,75
230,-165.713006,-77.7333219,75
231,-156.23314,-91.6135314,75
232,-145.248664,-104.611453,75
233,-132.865364,-116.601908,75
234,-119.202498,-127.469424,75
235,-104.391647,-137.109339,75
236,-88.5754468,-145.428816,75
237,-71.9062169,-152.347735,75
238,-54.5444909,-157.799461,75
239,-36.6574715,-161.731493,75
240,-18.4174207,-164.105961,75
241,2.9177772509e-13,-164.9,75
242,18.4174207,-164.105961,75
243,36.6574715,-161.731493,75
244,54.5444909,-157.799461,75
245,71.9062169,-152.347735,75
246,88.5754468,-145.428816,75
247,104.391647,-137.109339,75
248,119.202498,-127.469424,75
249,132.865364,-116.601908,75
250,145.248664,-104.611453,75
251,156.23314,-91.6135314,75
252,165.713006,-77.7333219,75
253,173.596964,-63.104498,75
254,179.809089,-47.8679433,75
255,184.289554,-32.1703941,75
256,186.99521,-16.1630264,75
257,187.9,-2.90935582985e-14,100
258,186.99521,16.1630264,100
259,184.289554,32.1703941,100
260,179.809089,47.8679433,100
261,173.596964,63.104498,100
262,165.713006,77.7333219,100
263,156.23314,91.6135314,100
264,145.248664,104.611453,100
265,132.865364,116.601908,100
266,119.202498,127.469424,100
267,104.391647,137.109339,100
268,88.5754468,145.428816,100
269,71.9062169,152.347735,100
270,54.5444909,157.799461,100
271,36.6574715,161.731493,100
272,18.4174207,164.105961,100
273,3.08729707211e-15,164.9,100
274,-18.4174207,164.105961,100
275,-36.6574715,161.731493,100
276,-54.5444909,157.799461,100
277,-71.9062169,152.347735,100
278,-88.5754468,145.428816,100
279,-104.391647,137.109339,100
280,-119.202498,127.469424,100
281,-132.865364,116.601908,100
282,-145.248664,104.611453,100
283,-156.23314,91.6135314,100
284,-165.713006,77.7333219,100
285,-173.596964,63.104498,100
286,-179.809089,47.8679433,100
287,-184.289554,32.1703941,100
288,-186.99521,16.1630264,100
289,-187.9,-2.70747299144e-13,100
290,-186.99521,-16.1630264,100
291,-184.289554,-32.1703941,100
292,-179.809089,-47.8679433,100
293,-173.596964,-63.104498,100
294,-165.713006,-77.7333219,100
295,-156.23314,-91.6135314,100
296,-145.248664,-104.611453,100
297,-132.865364,-116.601908,100
298,-119.202498,-127.469424,100
299,-104.391647,-137.109339,100
300,-88.5754468,-145.428816,100
301,-71.9062169,-152.347735,100
302,-54.5444909,-157.799461,100
303,-36.6574715,-161.731493,100
304,-18.4174207,-164.105961,100
305,2.88453287415e-13,-164.9,100
306,18.4174207,-164.105961,100
307,36.6574715,-161.731493,100
308,54.5444909,-157.799461,100
309,71.9062169,-152.347735,100
310,88.5754468,-145.428816,100
311,104.391647,-137.109339,100
312,119.202498,-127.469424,100
313,132.865364,-116.601908,100
314,145.248664,-104.611453,100
315,156.23314,-91.6135314,100
316,165.713006,-77.7333219,100
317,173.596964,-63.104498,100
318,179.809089,-47.8679433,100
319,184.289554,-32.1703941,100
320,186.99521,-16.1630264,100
321,187.9,-2.59493317904e-14,125
322,186.99521,16.1630264,125
323,184.289554,32.1703941,125
324,179.809089,47.8679433,125
325,173.596964,63.104498,125
326,165.713006,77.7333219,125
327,156.23314,91.6135314,125
328,145.248664,104.611453,125
329,132.865364,116.601908,125
330,119.202498,127.469424,125
331,104.391647,137.109339,125
332,88.5754468,145.428816,125
333,71.9062169,152.347735,125
334,54.5444909,157.799461,125
335,36.6574715,161.731493,125
336,18.4174207,164.105961,125
337,3.26039819514e-15,164.9,125
338,-18.4174207,164.105961,125
339,-36.6574715,161.731493,125
340,-54.5444909,157.799461,125
341,-71.9062169,152.347735,125
342,-88.5754468,145.428816,125
343,-104.391647,137.109339,125
344,-119.202498,127.469424,125
345,-132.865364,116.601908,125
346,-145.248664,104.611453,125
347,-156.23314,91.6135314,125
348,-165.713006,77.7333219,125
349,-173.596964,63.104498,125
350,-179.809089,47.8679433,125
351,-184.289554,32.1703941,125
352,-186.99521,16.1630264,125
353,-187.9,-2.75594884466e-13,125
354,-186.99521,-16.1630264,125
355,-184.289554,-32.1703941,125
356,-179.809089,-47.8679433,125
357,-173.596964,-63.104498,125
358,-165.713006,-77.7333219,125
359,-156.23314,-91.6135314,125
360,-145.248664,-104.611453,125
361,-132.865364,-116.601908,125
362,-119.202498,-127.469424,125
363,-104.391647,-137.109339,125
364,-88.5754468,-145.428816,125
365,-71.9062169,-152.347735,125
366,-54.5444909,-157.799461,125
367,-36.6574715,-161.731493,125
368,-18.4174207,-164.105961,125
369,2.86087081711e-13,-164.9,125
370,18.4174207,-164.105961,125
371,36.6574715,-161.731493,125
372,54.5444909,-157.799461,125
373,71.9062169,-152.347735,125
374,88.5754468,-145.428816,125
375,104.391647,-137.109339,125
376,119.202498,-127.469424,125
377,132.865364,-116.601908,125
378,145.248664,-104.611453,125
379,156.23314,-91.6135314,125
380,165.713006,-77.7333219,125
381,173.596964,-63.104498,125
382,179.809089,-47.8679433,125
383,184.289554,-32.1703941,125
384,186.99521,-16.1630264,125
385,187.9,-2.47692433329e-14,150
386,186.99521,16.1630264,150
387,184.289554,32.1703941,150
388,179.809089,47.8679433,150
389,173.596964,63.104498,150
390,165.713006,77.7333219,150
391,156.23314,91.6135314,150
392,145.248664,104.611453,150
393,132.865364,116.601908,150
394,119.202498,127.469424,150
395,104.391647,137.109339,150
396,88.5754468,145.428816,150
397,71.9062169,152.347735,150
398,54.5444909,157.799461,150
399,36.6574715,161.731493,150
400,18.4174207,164.105961,150
401,4.49286490638e-15,164.9,150
402,-18.4174207,164.105961,150
403,-36.6574715,161.731493,150
404,-54.5444909,157.799461,150
405,-71.9062169,152.347735,150
406,-88.5754468,145.428816,150
407,-104.391647,137.109339,150
408,-119.202498,127.469424,150
409,-132.865364,116.601908,150
410,-145.248664,104.611453,150
411,-156.23314,91.6135314,150
412,-165.713006,77.7333219,150
413,-173.596964,63.104498,150
414,-179.809089,47.8679433,150
415,-184.289554,32.1703941,150
416,-186.99521,16.1630264,150
417,-187.9,-2.80981546829e-13,150
418,-186.99521,-16.1630264,150
419,-184.289554,-32.1703941,150
420,-179.809089,-47.8679433,150
421,-173.596964,-63.104498,150
422,-165.713006,-77.7333219,150
423,-156.23314,-91.6135314,150
424,-145.248664,-104.611453,150
425,-132.865364,-116.601908,150
426,-119.202498,-127.469424,150
427,-104.391647,-137.109339,150
428,-88.5754468,-145.428816,150
429,-71.9062169,-152.347735,150
430,-54.5444909,-157.799461,150
431,-36.6574715,-161.731493,150
432,-18.4174207,-164.105961,150
433,2.83493753734e-13,-164.9,150
434,18.4174207,-164.105961,150
435,36.6574715,-161.731493,150
436,54.5444909,-157.799461,150
437,71.9062169,-152.347735,150
438,88.5754468,-145.428816,150
439,104.391647,-137.109339,150
440,119.202498,-127.469424,150
441,132.865364,-116.601908,150
442,145.248664,-104.611453,150
443,156.23314,-91.6135314,150
444,165.713006,-77.7333219,150
445,173.596964,-63.104498,150
446,179.809089,-47.8679433,150
447,184.289554,-32.1703941,150
448,186.99521,-16.1630264,150
449,187.9,-2.04987495335e-14,175
450,186.99521,16.1630264,175
451,184.289554,32.1703941,175
452,179.809089,47.8679433,175
453,173.596964,63.104498,175
454,165.713006,77.7333219,175
455,156.23314,91.6135314,175
456,145.248664,104.611453,175
457,132.865364,116.601908,175
458,119.202498,127.469424,175
459,104.391647,137.109339,175
460,88.5754468,145.428816,175
461,71.9062169,152.347735,175
462,54.5444909,157.799461,175
463,36.6574715,161.731493,175
464,18.4174207,164.105961,175
465,6.35070869121e-15,164.9,175
466,-18.4174207,164.105961,175
467,-36.6574715,161.731493,175
468,-54.5444909,157.799461,175
469,-71.9062169,152.347735,175
470,-88.5754468,145.428816,175
471,-104.391647,137.109339,175
472,-119.202498,127.469424,175
473,-132.865364,116.601908,175
474,-145.248664,104.611453,175
475,-156.23314,91.6135314,175
476,-165.713006,77.7333219,175
477,-173.596964,63.104498,175
478,-179.809089,47.8679433,175
479,-184.289554,32.1703941,175
480,-186.99521,16.1630264,175
481,-187.9,-2.85430603514e-13,175
482,-186.99521,-16.1630264,175
483,-184.289554,-32.1703941,175
484,-179.809089,-47.8679433,175
485,-173.596964,-63.104498,175
486,-165.713006,-77.7333219,175
487,-156.23314,-91.6135314,175
488,-145.248664,-104.611453,175
489,-132.865364,-116.601908,175
490,-119.202498,-127.469424,175
491,-104.391647,-137.109339,175
492,-88.5754468,-145.428816,175
493,-71.9062169,-152.347735,175
494,-54.5444909,-157.799461,175
495,-36.6574715,-161.731493,175
496,-18.4174207,-164.105961,175
497,2.78749888516e-13,-164.9,175
498,18.4174207,-164.105961,175
499,36.6574715,-161.731493,175
500,54.5444909,-157.799461,175
501,71.9062169,-152.347735,175
502,88.5754468,-145.428816,175
503,104.391647,-137.109339,175
504,119.202498,-127.469424,175
505,132.865364,-116.601908,175
506,145.248664,-104.611453,175
507,156.23314,-91.6135314,175
508,165.713006,-77.7333219,175
509,173.596964,-63.104498,175
510,179.809089,-47.8679433,175
511,184.289554,-32.1703941,175
512,186.99521,-16.1630264,175
513,187.9,-1.84352322072e-14,200
514,186.99521,16.1630264,200
515,184.289554,32.1703941,200
516,179.809089,47.8679433,200
517,173.596964,63.104498,200
518,165.713006,77.7333219,200
519,156.23314,91.6135314,200
520,145.248664,104.611453,200
521,132.865364,116.601908,200
522,119.202498,127.469424,200
523,104.391647,137.109339,200
524,88.5754468,145.428816,200
525,71.9062169,152.347735,200
526,54.5444909,157.799461,200
527,36.6574715,161.731493,200
528,18.4174207,164.105961,200
529,8.10879256985e-15,164.9,200
530,-18.4174207,164.105961,200
531,-36.6574715,161.731493,200
532,-54.5444909,157.799461,200
533,-71.9062169,152.347735,200
534,-88.5754468,145.428816,200
535,-104.391647,137.109339,200
536,-119.202498,127.469424,200
537,-132.865364,116.601908,200
538,-145.248664,104.611453,200
539,-156.23314,91.6135314,200
540,-165.713006,77.7333219,200
541,-173.596964,63.104498,200
542,-179.809089,47.8679433,200
543,-184.289554,32.1703941,200
544,-186.99521,16.1630264,200
545,-187.9,-2.87093023329e-13,200
546,-186.99521,-16.1630264,200
547,-184.289554,-32.1703941,200
548,-179.809089,-47.8679433,200
549,-173.596964,-63.104498,200
550,-165.713006,-77.7333219,200
551,-156.23314,-91.6135314,200
552,-145.248664,-104.611453,200
553,-132.865364,-116.601908,200
554,-119.202498,-127.469424,200
555,-104.391647,-137.109339,200
556,-88.5754468,-145.428816,200
557,-71.9062169,-152.347735,200
558,-54.5444909,-157.799461,200
559,-36.6574715,-161.731493,200
560,-18.4174207,-164.105961,200
561,2.76213491795e-13,-164.9,200
562,18.4174207,-164.105961,200
563,36.6574715,-161.731493,200
564,54.5444909,-157.799461,200
565,71.9062169,-152.347735,200
566,88.5754468,-145.428816,200
567,104.391647,-137.109339,200
568,119.202498,-127.469424,200
569,132.865364,-116.601908,200
570,145.248664,-104.611453,200
571,156.23314,-91.6135314,200
572,165.713006,-77.7333219,200
573,173.596964,-63.104498,200
574,179.809089,-47.8679433,200
575,184.289554,-32.1703941,200
576,186.99521,-16.1630264,200
577,187.9,-1.26878750477e-14,225
578,186.99521,16.1630264,225
579,184.289554,32.1703941,225
580,179.809089,47.8679433,225
581,173.596964,63.104498,225
582,165.713006,77.7333219,225
583,156.23314,91.6135314,225
584,145.248664,104.611453,225
585,132.865364,116.601908,225
586,119.202498,127.469424,225
587,104.391647,137.109339,225
588,88.5754468,145.428816,225
589,71.9062169,152.347735,225
590,54.5444909,157.799461,225
591,36.6574715,161.731493,225
592,18.4174207,164.105961,225
593,1.04393229999e-14,164.9,225
594,-18.4174207,164.105961,225
595,-36.6574715,161.731493,225
596,-54.5444909,157.799461,225
597,-71.9062169,152.347735,225
598,-88.5754468,145.428816,225
599,-104.391647,137.109339,225
600,-119.202498,127.469424,225
601,-132.865364,116.601908,225
602,-145.248664,104.611453,225
603,-156.23314,91.6135314,225
604,-165.713006,77.7333219,225
605,-173.596964,63.104498,225
606,-179.809089,47.8679433,225
607,-184.289554,32.1703941,225
608,-186.99521,16.1630264,225
609,-187.9,-2.88138315221e-13,225
610,-186.99521,-16.1630264,225
611,-184.289554,-32.1703941,225
612,-179.809089,-47.8679433,225
613,-173.596964,-63.104498,225
614,-165.713006,-77.7333219,225
615,-156.23314,-91.6135314,225
616,-145.248664,-104.611453,225
617,-132.865364,-116.601908,225
618,-119.202498,-127.469424,225
619,-104.391647,-137.109339,225
620,-88.5754468,-145.428816,225
621,-71.9062169,-152.347735,225
622,-54.5444909,-157.799461,225
623,-36.6574715,-161.731493,225
624,-18.4174207,-164.105961,225
625,2.71143541373e-13,-164.9,225
626,18.4174207,-164.105961,225
627,36.6574715,-161.731493,225
628,54.5444909,-157.799461,225
629,71.9062169,-152.347735,225
630,88.5754468,-145.428816,225
631,104.391647,-137.109339,225
632,119.202498,-127.469424,225
633,132.865364,-116.601908,225
634,145.248664,-104.611453,225
635,156.23314,-91.6135314,225
636,165.713006,-77.7333219,225
637,173.596964,-63.104498,225
638,179.809089,-47.8679433,225
639,184.289554,-32.1703941,225
640,186.99521,-16.1630264,225
641,187.9,-1.04760119356e-14,250
642,186.99521,16.1630264,250
643,184.289554,32.1703941,250
644,179.809089,47.8679433,250
645,173.596964,63.104498,250
646,165.713006,77.7333219,250
647,156.23314,91.6135314,250
648,145.248664,104.611453,250
649,132.865364,116.601908,250
650,119.202498,127.469424,250
651,104.391647,137.109339,250
652,88.5754468,145.428816,250
653,71.9062169,152.347735,250
654,54.5444909,157.799461,250
655,36.6574715,161.731493,250
656,18.4174207,164.105961,250
657,1.0740078031e-14,164.9,250
658,-18.4174207,164.105961,250
659,-36.6574715,161.731493,250
660,-54.5444909,157.799461,250
661,-71.9062169,152.347735,250
662,-88.5754468,145.428816,250
663,-104.391647,137.109339,250
664,-119.202498,127.469424,250
665,-132.865364,116.601908,250
666,-145.248664,104.611453,250
667,-156.23314,91.6135314,250
668,-165.713006,77.7333219,250
669,-173.596964,63.104498,250
670,-179.809089,47.8679433,250
671,-184.289554,32.1703941,250
672,-186.99521,16.1630264,250
673,-187.9,-2.91786190797e-13,250
674,-186.99521,-16.1630264,250
675,-184.289554,-32.1703941,250
676,-179.809089,-47.8679433,250
677,-173.596964,-63.104498,250
678,-165.713006,-77.7333219,250
679,-156.23314,-91.6135314,250
680,-145.248664,-104.611453,250
681,-132.865364,-116.601908,250
682,-119.202498,-127.469424,250
683,-104.391647,-137.109339,250
684,-88.5754468,-145.428816,250
685,-71.9062169,-152.347735,250
686,-54.5444909,-157.799461,250
687,-36.6574715,-161.731493,250
688,-18.4174207,-164.105961,250
689,2.69462968587e-13,-164.9,250
690,18.4174207,-164.105961,250
691,36.6574715,-161.731493,250
692,54.5444909,-157.799461,250
693,71.9062169,-152.347735,250
694,88.5754468,-145.428816,250
695,104.391647,-137.109339,250
696,119.202498,-127.469424,250
697,132.865364,-116.601908,250
698,145.248664,-104.611453,250
699,156.23314,-91.6135314,250
700,165.713006,-77.7333219,250
701,173.596964,-63.104498,250
702,179.809089,-47.8679433,250
703,184.289554,-32.1703941,250
704,186.99521,-16.1630264,250
705,187.9,-4.4077757051e-15,275
706,186.99521,16.1630264,275
707,184.289554,32.1703941,275
708,179.809089,47.8679433,275
709,173.596964,63.104498,275
710,165.713006,77.7333219,275
711,156.23314,91.6135314,275
712,145.248664,104.611453,275
713,132.865364,116.601908,275
714,119.202498,127.469424,275
715,104.391647,137.109339,275
716,88.5754468,145.428816,275
717,71.9062169,152.347735,275
718,54.5444909,157.799461,275
719,36.6574715,161.731493,275
720,18.4174207,164.105961,275
721,7.17980120947e-15,164.9,275
722,-18.4174207,164.105961,275
723,-36.6574715,161.731493,275
724,-54.5444909,157.799461,275
725,-71.9062169,152.347735,275
726,-88.5754468,145.428816,275
727,-104.391647,137.109339,275
728,-119.202498,127.469424,275
729,-132.865364,116.601908,275
730,-145.248664,104.611453,275
731,-156.23314,91.6135314,275
732,-165.713006,77.7333219,275
733,-173.596964,63.104498,275
734,-179.809089,47.8679433,275
735,-184.289554,32.1703941,275
736,-186.99521,16.1630264,275
737,-187.9,-2.90736980924e-13,275
738,-186.99521,-16.1630264,275
739,-184.289554,-32.1703941,275
740,-179.809089,-47.8679433,275
741,-173.596964,-63.104498,275
742,-165.713006,-77.7333219,275
743,-156.23314,-91.6135314,275
744,-145.248664,-104.611453,275
745,-132.865364,-116.601908,275
746,-119.202498,-127.469424,275
747,-104.391647,-137.109339,275
748,-88.5754468,-145.428816,275
749,-71.9062169,-152.347735,275
750,-54.5444909,-157.799461,275
751,-36.6574715,-161.731493,275
752,-18.4174207,-164.105961,275
753,2.64374584228e-13,-164.9,275
754,18.4174207,-164.105961,275
755,36.6574715,-161.731493,275
756,54.5444909,-157.799461,275
757,71.9062169,-152.347735,275
758,88.5754468,-145.428816,275
759,104.391647,-137.109339,275
760,119.202498,-127.469424,275
761,132.865364,-116.601908,275
762,145.248664,-104.611453,275
763,156.23314,-91.6135314,275
764,165.713006,-77.7333219,275
765,173.596964,-63.104498,275
766,179.809089,-47.8679433,275
767,184.289554,-32.1703941,275
768,186.99521,-16.1630264,275
769,187.9,-3.56564099277e-15,300
770,186.99521,16.1630264,300
771,184.289554,32.1703941,300
772,179.809089,47.8679433,300
773,173.596964,63.104498,300
774,165.713006,77.7333219,300
775,156.23314,91.6135314,300
776,145.248664,104.611453,300
777,132.865364,116.601908,300
778,119.202498,127.469424,300
779,104.391647,137.109339,300
780,88.5754468,145.428816,300
781,71.9062169,152.347735,300
782,54.5444909,157.799461,300
783,36.6574715,161.731493,300
784,18.4174207,164.105961,300
785,1.45502625695e-14,164.9,300
786,-18.4174207,164.105961,300
787,-36.6574715,161.731493,300
788,-54.5444909,157.799461,300
789,-71.9062169,152.347735,300
790,-88.5754468,145.428816,300
791,-104.391647,137.109339,300
792,-119.202498,127.469424,300
793,-132.865364,116.601908,300
794,-145.248664,104.611453,300
795,-156.23314,91.6135314,300
796,-165.713006,77.7333219,300
797,-173.596964,63.104498,300
798,-179.809089,47.8679433,300
799,-184.289554,32.1703941,300
800,-186.99521,16.1630264,300
801,-187.9,-2.94656642166e-13,300
802,-186.99521,-16.1630264,300
803,-184.289554,-32.1703941,300
804,-179.809089,-47.8679433,300
805,-173.596964,-63.104498,300
806,-165.713006,-77.7333219,300
807,-156.23314,-91.6135314,300
808,-145.248664,-104.611453,300
809,-132.865364,-116.601908,300
810,-119.202498,-127.469424,300
811,-104.391647,-137.109339,300
812,-88.5754468,-145.428816,300
813,-71.9062169,-152.347735,300
814,-54.5444909,-157.799461,300
815,-36.6574715,-161.731493,300
816,-18.4174207,-164.105961,300
817,2.63724167613e-13,-164.9,300
818,18.4174207,-164.105961,300
819,36.6574715,-161.731493,300
820,54.5444909,-157.799461,300
821,71.9062169,-152.347735,300
822,88.5754468,-145.428816,300
823,104.391647,-137.109339,300
824,119.202498,-127.469424,300
825,132.865364,-116.601908,300
826,145.248664,-104.611453,300
827,156.23314,-91.6135314,300
828,165.713006,-77.7333219,300
829,173.596964,-63.104498,300
830,179.809089,-47.8679433,300
831,184.289554,-32.1703941,300
832,186.99521,-16.1630264,300
833,187.9,4.12838869125e-16,325
834,186.99521,16.1630264,325
835,184.289554,32.1703941,325
836,179.809089,47.8679433,325
837,173.596964,63.104498,325
838,165.713006,77.7333219,325
839,156.23314,91.6135314,325
840,145.248664,104.611453,325
841,132.865364,116.601908,325
842,119.202498,127.469424,325
843,104.391647,137.109339,325
844,88.5754468,145.428816,325
845,71.9062169,152.347735,325
846,54.5444909,157.799461,325
847,36.6574715,161.731493,325
848,18.4174207,164.105961,325
849,1.83863063304e-14,164.9,325
850,-18.4174207,164.105961,325
851,-36.6574715,161.731493,325
852,-54.5444909,157.799461,325
853,-71.9062169,152.347735,325
854,-88.5754468,145.428816,325
855,-104.391647,137.109339,325
856,-119.202498,127.469424,325
857,-132.865364,116.601908,325
858,-145.248664,104.611453,325
859,-156.23314,91.6135314,325
860,-165.713006,77.7333219,325
861,-173.596964,63.104498,325
862,-179.809089,47.8679433,325
863,-184.289554,32.1703941,325
864,-186.99521,16.1630264,325
865,-187.9,-2.95993984436e-13,325
866,-186.99521,-16.1630264,325
867,-184.289554,-32.1703941,325
868,-179.809089,-47.8679433,325
869,-173.596964,-63.104498,325
870,-165.713006,-77.7333219,325
871,-156.23314,-91.6135314,325
872,-145.248664,-104.611453,325
873,-132.865364,-116.601908,325
874,-119.202498,-127.469424,325
875,-104.391647,-137.109339,325
876,-88.5754468,-145.428816,325
877,-71.9062169,-152.347735,325
878,-54.5444909,-157.799461,325
879,-36.6574715,-161.731493,325
880,-18.4174207,-164.105961,325
881,2.6378033189e-13,-164.9,325
882,18.4174207,-164.105961,325
883,36.6574715,-161.731493,325
884,54.5444909,-157.799461,325
885,71.9062169,-152.347735,325
886,88.5754468,-145.428816,325
887,104.391647,-137.109339,325
888,119.202498,-127.469424,325
889,132.865364,-116.601908,325
890,145.248664,-104.611453,325
891,156.23314,-91.6135314,325
892,165.713006,-77.7333219,325
893,173.596964,-63.104498,325
894,179.809089,-47.8679433,325
895,184.289554,-32.1703941,325
896,186.99521,-16.1630264,325
897,187.9,-3.5198286454e-16,350
898,186.99521,16.1630264,350
899,184.289554,32.1703941,350
900,179.809089,47.8679433,350
901,173.596964,63.104498,350
902,165.713006,77.7333219,350
903,156.23314,91.6135314,350
904,145.248664,104.611453,350
905,132.865364,116.601908,350
906,119.202498,127.469424,350
907,104.391647,137.109339,350
908,88.5754468,145.428816,350
909,71.9062169,152.347735,350
910,54.5444909,157.799461,350
911,36.6574715,161.731493,350
912,18.4174207,164.105961,350
913,1.3116249654e-14,164.9,350
914,-18.4174207,164.105961,350
915,-36.6574715,161.731493,350
916,-54.5444909,157.799461,350
917,-71.9062169,152.347735,350
918,-88.5754468,145.428816,350
919,-104.391647,137.109339,350
920,-119.202498,127.469424,350
921,-132.865364,116.601908,350
922,-145.248664,104.611453,350
923,-156.23314,91.6135314,350
924,-165.713006,77.7333219,350
925,-173.596964,63.104498,350
926,-179.809089,47.8679433,350
927,-184.289554,32.1703941,350
928,-186.99521,16.1630264,350
929,-187.9,-2.96872014131e-13,350
930,-186.99521,-16.1630264,350
931,-184.289554,-32.1703941,350
932,-179.809089,-47.8679433,350
933,-173.596964,-63.104498,350
934,-165.713006,-77.7333219,350
935,-156.23314,-91.6135314,350
936,-145.248664,-104.611453,350
937,-132.865364,-116.601908,350
938,-119.202498,-127.469424,350
939,-104.391647,-137.109339,350
940,-88.5754468,-145.428816,350
941,-71.9062169,-152.347735,350
942,-54.5444909,-157.799461,350
943,-36.6574715,-161.731493,350
944,-18.4174207,-164.105961,350
945,2.60665043619e-13,-164.9,350
946,18.4174207,-164.105961,350
947,36.6574715,-161.731493,350
948,54.5444909,-157.799461,350
949,71.9062169,-152.347735,350
950,88.5754468,-145.428816,350
951,104.391647,-137.109339,350
952,119.202498,-127.469424,350
953,132.865364,-116.601908,350
954,145.248664,-104.611453,350
955,156.23314,-91.6135314,350
956,165.713006,-77.7333219,350
957,173.596964,-63.104498,350
958,179.809089,-47.8679433,350
959,184.289554,-32.1703941,350
960,186.99521,-16.1630264,350
961,187.9,-4.59555386326e-16,375
962,186.99521,16.1630264,375
963,184.289554,32.1703941,375
964,179.809089,47.8679433,375
965,173.596964,63.104498,375
966,165.713006,77.7333219,375
967,156.23314,91.6135314,375
968,145.248664,104.611453,375
969,132.865364,116.601908,375
970,119.202498,127.469424,375
971,104.391647,137.109339,375
972,88.5754468,145.428816,375
973,71.9062169,152.347735,375
974,54.5444909,157.799461,375
975,36.6574715,161.731493,375
976,18.4174207,164.105961,375
977,1.43799576068e-14,164.9,375
978,-18.4174207,164.105961,375
979,-36.6574715,161.731493,375
980,-54.5444909,157.799461,375
981,-71.9062169,152.347735,375
982,-88.5754468,145.428816,375
983,-104.391647,137.109339,375
984,-119.202498,127.469424,375
985,-132.865364,116.601908,375
986,-145.248664,104.611453,375
987,-156.23314,91.6135314,375
988,-165.713006,77.7333219,375
989,-173.596964,63.104498,375
990,-179.809089,47.8679433,375
991,-184.289554,32.1703941,375
992,-186.99521,16.1630264,375
993,-187.9,-2.99740795676e-13,375
994,-186.99521,-16.1630264,375
995,-184.289554,-32.1703941,375
996,-179.809089,-47.8679433,375
997,-173.596964,-63.104498,375
998,-165.713006,-77.7333219,375
999,-156.23314,-91.6135314,375
1000,-145.248664,-104.611453,375
1001,-132.865364,-116.601908,375
1002,-119.202498,-127.469424,375
1003,-104.391647,-137.109339,375
1004,-88.5754468,-145.428816,375
1005,-71.9062169,-152.347735,375
1006,-54.5444909,-157.799461,375
1007,-36.6574715,-161.731493,375
1008,-18.4174207,-164.105961,375
1009,2.56983472542e-13,-164.9,375
1010,18.4174207,-164.105961,375
1011,36.6574715,-161.731493,375
1012,54.5444909,-157.799461,375
1013,71.9062169,-152.347735,375
1014,88.5754468,-145.428816,375
1015,104.391647,-137.109339,375
1016,119.202498,-127.469424,375
1017,132.865364,-116.601908,375
1018,145.248664,-104.611453,375
1019,156.23314,-91.6135314,375
1020,165.713006,-77.7333219,375
1021,173.596964,-63.104498,375
1022,179.809089,-47.8679433,375
1023,184.289554,-32.1703941,375
1024,186.99521,-16.1630264,375
1025,187.9,1.62522822217e-15,400
1026,186.99521,16.1630264,400
1027,184.289554,32.1703941,400
1028,179.809089,47.8679433,400
1029,173.596964,63.104498,400
1030,165.713006,77.7333219,400
1031,156.23314,91.6135314,400
1032,145.248664,104.611453,400
1033,132.865364,116.601908,400
1034,119.202498,127.469424,400
1035,104.391647,137.109339,400
1036,88.5754468,145.428816,400
1037,71.9062169,152.347735,400
1038,54.5444909,157.799461,400
1039,36.6574715,161.731493,400
1040,18.4174207,164.105961,400
1041,1.37464927727e-14,164.9,400
1042,-18.4174207,164.105961,400
1043,-36.6574715,161.731493,400
1044,-54.5444909,157.799461,400
1045,-71.9062169,152.347735,400
1046,-88.5754468,145.428816,400
1047,-104.391647,137.109339,400
1048,-119.202498,127.469424,400
1049,-132.865364,116.601908,400
1050,-145.248664,104.611453,400
1051,-156.23314,91.6135314,400
1052,-165.713006,77.7333219,400
1053,-173.596964,63.104498,400
1054,-179.809089,47.8679433,400
1055,-184.289554,32.1703941,400
1056,-186.99521,16.1630264,400
1057,-187.9,-3.01706814464e-13,400
1058,-186.99521,-16.1630264,400
1059,-184.289554,-32.1703941,400
1060,-179.809089,-47.8679433,400
1061,-173.596964,-63.104498,400
1062,-165.713006,-77.7333219,400
1063,-156.23314,-91.6135314,400
1064,-145.248664,-104.611453,400
1065,-132.865364,-116.601908,400
1066,-119.202498,-127.469424,400
1067,-104.391647,-137.109339,400
1068,-88.5754468,-145.428816,400
1069,-71.9062169,-152.347735,400
1070,-54.5444909,-157.799461,400
1071,-36.6574715,-161.731493,400
1072,-18.4174207,-164.105961,400
1073,2.55765525005e-13,-164.9,400
1074,18.4174207,-164.105961,400
1075,36.6574715,-161.731493,400
1076,54.5444909,-157.799461,400
1077,71.9062169,-152.347735,400
1078,88.5754468,-145.428816,400
1079,104.391647,-137.109339,400
1080,119.202498,-127.469424,400
1081,132.865364,-116.601908,400
1082,145.248664,-104.611453,400
1083,156.23314,-91.6135314,400
1084,165.713006,-77.7333219,400
1085,173.596964,-63.104498,400
1086,179.809089,-47.8679433,400
1087,184.289554,-32.1703941,400
1088,186.99521,-16.1630264,400
1089,187.9,1.64162731942e-15,425
1090,186.99521,16.1630264,425
1091,184.289554,32.1703941,425
1092,179.809089,47.8679433,425
1093,173.596964,63.104498,425
1094,165.713006,77.7333219,425
1095,156.23314,91.6135314,425
1096,145.248664,104.611453,425
1097,132.865364,116.601908,425
1098,119.202498,127.469424,425
1099,104.391647,137.109339,425
1100,88.5754468,145.428816,425
1101,71.9062169,152.347735,425
1102,54.5444909,157.799461,425
1103,36.6574715,161.731493,425
1104,18.4174207,164.105961,425
1105,1.50517769656e-14,164.9,425
1106,-18.4174207,164.105961,425
1107,-36.6574715,161.731493,425
1108,-54.5444909,157.799461,425
1109,-71.9062169,152.347735,425
1110,-88.5754468,145.428816,425
1111,-104.391647,137.109339,425
1112,-119.202498,127.469424,425
1113,-132.865364,116.601908,425
1114,-145.248664,104.611453,425
1115,-156.23314,91.6135314,425
1116,-165.713006,77.7333219,425
1117,-173.596964,63.104498,425
1118,-179.809089,47.8679433,425
1119,-184.289554,32.1703941,425
1120,-186.99521,16.1630264,425
1121,-187.9,-2.99989209066e-13,425
1122,-186.99521,-16.1630264,425
1123,-184.289554,-32.1703941,425
1124,-179.809089,-47.8679433,425
1125,-173.596964,-63.104498,425
1126,-165.713006,-77.7333219,425
1127,-156.23314,-91.6135314,425
1128,-145.248664,-104.611453,425
1129,-132.865364,-116.601908,425
1130,-119.202498,-127.469424,425
1131,-104.391647,-137.109339,425
1132,-88.5754468,-145.428816,425
1133,-71.9062169,-152.347735,425
1134,-54.5444909,-157.799461,425
1135,-36.6574715,-161.731493,425
1136,-18.4174207,-164.105961,425
1137,2.52558347097e-13,-164.9,425
1138,18.4174207,-164.105961,425
1139,36.6574715,-161.731493,425
1140,54.5444909,-157.799461,425
1141,71.9062169,-152.347735,425
1142,88.5754468,-145.428816,425
1143,104.391647,-137.109339,425
1144,119.202498,-127.469424,425
1145,132.865364,-116.601908,425
1146,145.248664,-104.611453,425
1147,156.23314,-91.6135314,425
1148,165.713006,-77.7333219,425
1149,173.596964,-63.104498,425
1150,179.809089,-47.8679433,425
1151,184.289554,-32.1703941,425
1152,186.99521,-16.1630264,425
1153,187.9,3.50786406507e-16,450
1154,186.99521,16.1630264,450
1155,184.289554,32.1703941,450
1156,179.809089,47.8679433,450
1157,173.596964,63.104498,450
1158,165.713006,77.7333219,450
1159,156.23314,91.6135314,450
1160,145.248664,104.611453,450
1161,132.865364,116.601908,450
1162,119.202498,127.469424,450
1163,104.391647,137.109339,450
1164,88.5754468,145.428816,450
1165,71.9062169,152.347735,450
1166,54.5444909,157.799461,450
1167,36.6574715,161.731493,450
1168,18.4174207,164.105961,450
1169,1.48409753061e-14,164.9,450
1170,-18.4174207,164.105961,450
1171,-36.6574715,161.731493,450
1172,-54.5444909,157.799461,450
1173,-71.9062169,152.347735,450
1174,-88.5754468,145.428816,450
1175,-104.391647,137.109339,450
1176,-119.202498,127.469424,450
1177,-132.865364,116.601908,450
1178,-145.248664,104.611453,450
1179,-156.23314,91.6135314,450
1180,-165.713006,77.7333219,450
1181,-173.596964,63.104498,450
1182,-179.809089,47.8679433,450
1183,-184.289554,32.1703941,450
1184,-186.99521,16.1630264,450
1185,-187.9,-2.99682090454e-13,450
1186,-186.99521,-16.1630264,450
1187,-184.289554,-32.1703941,450
1188,-179.809089,-47.8679433,450
1189,-173.596964,-63.104498,450
1190,-165.713006,-77.7333219,450
1191,-156.23314,-91.6135314,450
1192,-145.248664,-104.611453,450
1193,-132.865364,-116.601908,450
1194,-119.202498,-127.469424,450
1195,-104.391647,-137.109339,450
1196,-88.5754468,-145.428816,450
1197,-71.9062169,-152.347735,450
1198,-54.5444909,-157.799461,450
1199,-36.6574715,-161.731493,450
1200,-18.4174207,-164.105961,450
1201,2.53067574601e-13,-164.9,450
1202,18.4174207,-164.105961,450
1203,36.6574715,-161.731493,450
1204,54.5444909,-157.799461,450
1205,71.9062169,-152.347735,450
1206,88.5754468,-145.428816,450
1207,104.391647,-137.109339,450
1208,119.202498,-127.469424,450
1209,132.865364,-116.601908,450
1210,145.248664,-104.611453,450
1211,156.23314,-91.6135314,450
1212,165.713006,-77.7333219,450
1213,173.596964,-63.104498,450
1214,179.809089,-47.8679433,450
1215,184.289554,-32.1703941,450
1216,186.99521,-16.1630264,450
1217,187.9,1.19996898928e-15,475
1218,186.99521,16.1630264,475
1219,184.289554,32.1703941,475
1220,179.809089,47.8679433,475
1221,173.596964,63.104498,475
1222,165.713006,77.7333219,475
1223,156.23314,91.6135314,475
1224,145.248664,104.611453,475
1225,132.865364,116.601908,475
1226,119.202498,127.469424,475
1227,104.391647,137.109339,475
1228,88.5754468,145.428816,475
1229,71.9062169,152.347735,475
1230,54.5444909,157.799461,475
1231,36.6574715,161.731493,475
1232,18.4174207,164.105961,475
1233,1.4731102644e-14,164.9,475
1234,-18.4174207,164.105961,475
1235,-36.6574715,161.731493,475
1236,-54.5444909,157.799461,475
1237,-71.9062169,152.347735,475
1238,-88.5754468,145.428816,475
1239,-104.391647,137.109339,475
1240,-119.202498,127.469424,475
1241,-132.865364,116.601908,475
1242,-145.248664,104.611453,475
1243,-156.23314,91.6135314,475
1244,-165.713006,77.7333219,475
1245,-173.596964,63.104498,475
1246,-179.809089,47.8679433,475
1247,-184.289554,32.1703941,475
1248,-186.99521,16.1630264,475
1249,-187.9,-3.01912183188e-13,475
1250,-186.99521,-16.1630264,475
1251,-184.289554,-32.1703941,475
1252,-179.809089,-47.8679433,475
1253,-173.596964,-63.104498,475
1254,-165.713006,-77.7333219,475
1255,-156.23314,-91.6135314,475
1256,-145.248664,-104.611453,475
1257,-132.865364,-116.601908,475
1258,-119.202498,-127.469424,475
1259,-104.391647,-137.109339,475
1260,-88.5754468,-145.428816,475
1261,-71.9062169,-152.347735,475
1262,-54.5444909,-157.799461,475
1263,-36.6574715,-161.731493,475
1264,-18.4174207,-164.105961,475
1265,2.52635320958e-13,-164.9,475
1266,18.4174207,-164.105961,475
1267,36.6574715,-161.731493,475
1268,54.5444909,-157.799461,475
1269,71.9062169,-152.347735,475
1270,88.5754468,-145.428816,475
1271,104.391647,-137.109339,475
1272,119.202498,-127.469424,475
1273,132.865364,-116.601908,475
1274,145.248664,-104.611453,475
1275,156.23314,-91.6135314,475
1276,165.713006,-77.7333219,475
1277,173.596964,-63.104498,475
1278,179.809089,-47.8679433,475
1279,184.289554,-32.1703941,475
1280,186.99521,-16.1630264,475
1281,187.9,-1.14013949697e-15,500
1282,186.99521,16.1630264,500
1283,184.289554,32.1703941,500
1284,179.809089,47.8679433,500
1285,173.596964,63.104498,500
1286,165.713006,77.7333219,500
1287,156.23314,91.6135314,500
1288,145.248664,104.611453,500
1289,132.865364,116.601908,500
1290,119.202498,127.469424,500
1291,104.391647,137.109339,500
1292,88.5754468,145.428816,500
1293,71.9062169,152.347735,500
1294,54.5444909,157.799461,500
1295,36.6574715,161.731493,500
1296,18.4174207,164.105961,500
1297,1.42939896345e-14,164.9,500
1298,-18.4174207,164.105961,500
1299,-36.6574715,161.731493,500
1300,-54.5444909,157.799461,500
1301,-71.9062169,152.347735,500
1302,-88.5754468,145.428816,500
1303,-104.391647,137.109339,500
1304,-119.202498,127.469424,500
1305,-132.865364,116.601908,500
1306,-145.248664,104.611453,500
1307,-156.23314,91.6135314,500
1308,-165.713006,77.7333219,500
1309,-173.596964,63.104498,500
1310,-179.809089,47.8679433,500
1311,-184.289554,32.1703941,500
1312,-186.99521,16.1630264,500
1313,-187.9,-3.04078225756e-13,500
1314,-186.99521,-16.1630264,500
1315,-184.289554,-32.1703941,500
1316,-179.809089,-47.8679433,500
1317,-173.596964,-63.104498,500
1318,-165.713006,-77.7333219,500
1319,-156.23314,-91.6135314,500
1320,-145.248664,-104.611453,500
1321,-132.865364,-116.601908,500
1322,-119.202498,-127.469424,500
1323,-104.391647,-137.109339,500
1324,-88.5754468,-145.428816,500
1325,-71.9062169,-152.347735,500
1326,-54.5444909,-157.799461,500
1327,-36.6574715,-161.731493,500
1328,-18.4174207,-164.105961,500
1329,2.57418186683e-13,-164.9,500
1330,18.4174207,-164.105961,500
1331,36.6574715,-161.731493,500
1332,54.5444909,-157.799461,500
1333,71.9062169,-152.347735,500
1334,88.5754468,-145.428816,500
1335,104.391647,-137.109339,500
1336,119.202498,-127.469424,500
1337,132.865364,-116.601908,500
1338,145.248664,-104.611453,500
1339,156.23314,-91.6135314,500
1340,165.713006,-77.7333219,500
1341,173.596964,-63.104498,500
1342,179.809089,-47.8679433,500
1343,184.289554,-32.1703941,500
1344,186.99521,-16.1630264,500
1345,187.9,-9.6619320375e-17,525
1346,186.99521,16.1630264,525
1347,184.289554,32.1703941,525
1348,179.809089,47.8679433,525
1349,173.596964,63.104498,525
1350,165.713006,77.7333219,525
1351,156.23314,91.6135314,525
1352,145.248664,104.611453,525
1353,132.865364,116.601908,525
1354,119.202498,127.469424,525
1355,104.391647,137.109339,525
1356,88.5754468,145.428816,525
1357,71.9062169,152.347735,525
1358,54.5444909,157.799461,525
1359,36.6574715,161.731493,525
1360,18.4174207,164.105961,525
1361,1.4085828636e-14,164.9,525
1362,-18.4174207,164.105961,525
1363,-36.6574715,161.731493,525
1364,-54.5444909,157.799461,525
1365,-71.9062169,152.347735,525
1366,-88.5754468,145.428816,525
1367,-104.391647,137.109339,525
1368,-119.202498,127.469424,525
1369,-132.865364,116.601908,525
1370,-145.248664,104.611453,525
1371,-156.23314,91.6135314,525
1372,-165.713006,77.7333219,525
1373,-173.596964,63.104498,525
1374,-179.809089,47.8679433,525
1375,-184.289554,32.1703941,525
1376,-186.99521,16.1630264,525
1377,-187.9,-3.03583199949e-13,525
1378,-186.99521,-16.1630264,525
1379,-184.289554,-32.1703941,525
1380,-179.809089,-47.8679433,525
1381,-173.596964,-63.104498,525
1382,-165.713006,-77.7333219,525
1383,-156.23314,-91.6135314,525
1384,-145.248664,-104.611453,525
1385,-132.865364,-116.601908,525
1386,-119.202498,-127.469424,525
1387,-104.391647,-137.109339,525
1388,-88.5754468,-145.428816,525
1389,-71.9062169,-152.347735,525
1390,-54.5444909,-157.799461,525
1391,-36.6574715,-161.731493,525
1392,-18.4174207,-164.105961,525
1393,2.62717087126e-13,-164.9,525
1394,18.4174207,-164.105961,525
1395,36.6574715,-161.731493,525
1396,54.5444909,-157.799461,525
1397,71.9062169,-152.347735,525
1398,88.5754468,-145.428816,525
1399,104.391647,-137.109339,525
1400,119.202498,-127.469424,525
1401,132.865364,-116.601908,525
1402,145.248664,-104.611453,525
1403,156.23314,-91.6135314,525
1404,165.713006,-77.7333219,525
1405,173.596964,-63.104498,525
1406,179.809089,-47.8679433,525
1407,184.289554,-32.1703941,525
1408,186.99521,-16.1630264,525
1409,187.9,5.87097719853e-16,550
1410,186.99521,16.1630264,550
1411,184.289554,32.1703941,550
1412,179.809089,47.8679433,550
1413,173.596964,63.104498,550
1414,165.713006,77.7333219,550
1415,156.23314,91.6135314,550
1416,145.248664,104.611453,550
1417,132.865364,116.601908,550
1418,119.202498,127.469424,550
1419,104.391647,137.109339,550
1420,88.5754468,145.428816,550
1421,71.9062169,152.347735,550
1422,54.5444909,157.799461,550
1423,36.6574715,161.731493,550
1424,18.4174207,164.105961,550
1425,1.18655204808e-14,164.9,550
1426,-18.4174207,164.105961,550
1427,-36.6574715,161.731493,550
1428,-54.5444909,157.799461,550
1429,-71.9062169,152.347735,550
1430,-88.5754468,145.428816,550
1431,-104.391647,137.109339,550
1432,-119.202498,127.469424,550
1433,-132.865364,116.601908,550
1434,-145.248664,104.611453,550
1435,-156.23314,91.6135314,550
1436,-165.713006,77.7333219,550
1437,-173.596964,63.104498,550
1438,-179.809089,47.8679433,550
1439,-184.289554,32.1703941,550
1440,-186.99521,16.1630264,550
1441,-187.9,-3.04965744211e-13,550
1442,-186.99521,-16.1630264,550
1443,-184.289554,-32.1703941,550
1444,-179.809089,-47.8679433,550
1445,-173.596964,-63.104498,550
1446,-165.713006,-77.7333219,550
1447,-156.23314,-91.6135314,550
1448,-145.248664,-104.611453,550
1449,-132.865364,-116.601908,550
1450,-119.202498,-127.469424,550
1451,-104.391647,-137.109339,550
1452,-88.5754468,-145.428816,550
1453,-71.9062169,-152.347735,550
1454,-54.5444909,-157.799461,550
1455,-36.6574715,-161.731493,550
1456,-18.4174207,-164.105961,550
1457,2.60938987632e-13,-164.9,550
1458,18.4174207,-164.105961,550
1459,36.6574715,-161.731493,550
1460,54.5444909,-157.799461,550
1461,71.9062169,-152.347735,550
1462,88.5754468,-145.428816,550
1463,104.391647,-137.109339,550
1464,119.202498,-127.469424,550
1465,132.865364,-116.601908,550
1466,145.248664,-104.611453,550
1467,156.23314,-91.6135314,550
1468,165.713006,-77.7333219,550
1469,173.596964,-63.104498,550
1470,179.809089,-47.8679433,550
1471,184.289554,-32.1703941,550
1472,186.99521,-16.1630264,550
1473,187.9,-5.07239989458e-17,575
1474,186.99521,16.1630264,575
1475,184.289554,32.1703941,575
1476,179.809089,47.8679433,575
1477,173.596964,63.104498,575
1478,165.713006,77.7333219,575
1479,156.23314,91.6135314,575
1480,145.248664,104.611453,575
1481,132.865364,116.601908,575
1482,119.202498,127.469424,575
1483,104.391647,137.109339,575
1484,88.5754468,145.428816,575
1485,71.9062169,152.347735,575
1486,54.5444909,157.799461,575
1487,36.6574715,161.731493,575
1488,18.4174207,164.105961,575
1489,1.18467118601e-14,164.9,575
1490,-18.4174207,164.105961,575
1491,-36.6574715,161.731493,575
1492,-54.5444909,157.799461,575
1493,-71.9062169,152.347735,575
1494,-88.5754468,145.428816,575
1495,-104.391647,137.109339,575
1496,-119.202498,127.469424,575
1497,-132.865364,116.601908,575
1498,-145.248664,104.611453,575
1499,-156.23314,91.6135314,575
1500,-165.713006,77.7333219,575
1501,-173.596964,63.104498,575
1502,-179.809089,47.8679433,575
1503,-184.289554,32.1703941,575
1504,-186.99521,16.1630264,575
1505,-187.9,-3.04526059557e-13,575
1506,-186.99521,-16.1630264,575
1507,-184.289554,-32.1703941,575
1508,-179.809089,-47.8679433,575
1509,-173.596964,-63.104498,575
1510,-165.713006,-77.7333219,575
1511,-156.23314,-91.6135314,575
1512,-145.248664,-104.611453,575
1513,-132.865364,-116.601908,575
1514,-119.202498,-127.469424,575
1515,-104.391647,-137.109339,575
1516,-88.5754468,-145.428816,575
1517,-71.9062169,-152.347735,575
1518,-54.5444909,-157.799461,575
1519,-36.6574715,-161.731493,575
1520,-18.4174207,-164.105961,575
1521,2.62670503102e-13,-164.9,575
1522,18.4174207,-164.105961,575
1523,36.6574715,-161.731493,575
1524,54.5444909,-157.799461,575
1525,71.9062169,-152.347735,575
1526,88.5754468,-145.428816,575
1527,104.391647,-137.109339,575
1528,119.202498,-127.469424,575
1529,132.865364,-116.601908,575
1530,145.248664,-104.611453,575
1531,156.23314,-91.6135314,575
1532,165.713006,-77.7333219,575
1533,173.596964,-63.104498,575
1534,179.809089,-47.8679433,575
1535,184.289554,-32.1703941,575
1536,186.99521,-16.1630264,575
1537,187.9,-4.64469750441e-16,600
1538,186.99521,16.1630264,600
1539,184.289554,32.1703941,600
1540,179.809089,47.8679433,600
1541,173.596964,63.104498,600
1542,165.713006,77.7333219,600
1543,156.23314,91.6135314,600
1544,145.248664,104.611453,600
1545,132.865364,116.601908,600
1546,119.202498,127.469424,600
1547,104.391647,137.109339,600
1548,88.5754468,145.428816,600
1549,71.9062169,152.347735,600
1550,54.5444909,157.799461,600
1551,36.6574715,161.731493,600
1552,18.4174207,164.105961,600
1553,1.18356073457e-14,164.9,600
1554,-18.4174207,164.105961,600
1555,-36.6574715,161.731493,600
1556,-54.5444909,157.799461,600
1557,-71.9062169,152.347735,600
1558,-88.5754468,145.428816,600
1559,-104.391647,137.109339,600
1560,-119.202498,127.469424,600
1561,-132.865364,116.601908,600
1562,-145.248664,104.611453,600
1563,-156.23314,91.6135314,600
1564,-165.713006,77.7333219,600
1565,-173.596964,63.104498,600
1566,-179.809089,47.8679433,600
1567,-184.289554,32.1703941,600
1568,-186.99521,16.1630264,600
1569,-187.9,-3.04416869067e-13,600
1570,-186.99521,-16.1630264,600
1571,-184.289554,-32.1703941,600
1572,-179.809089,-47.8679433,600
1573,-173.596964,-63.104498,600
1574,-165.713006,-77.7333219,600
1575,-156.23314,-91.6135314,600
1576,-145.248664,-104.611453,600
1577,-132.865364,-116.601908,600
1578,-119.202498,-127.469424,600
1579,-104.391647,-137.109339,600
1580,-88.5754468,-145.428816,600
1581,-71.9062169,-152.347735,600
1582,-54.5444909,-157.799461,600
1583,-36.6574715,-161.731493,600
1584,-18.4174207,-164.105961,600
1585,2.61833434023e-13,-164.9,600
1586,18.4174207,-164.105961,600
1587,36.6574715,-161.731493,600
1588,54.5444909,-157.799461,600
1589,71.9062169,-152.347735,600
1590,88.5754468,-145.428816,600
1591,104.391647,-137.109339,600
1592,119.202498,-127.469424,600
1593,132.865364,-116.601908,600
1594,145.248664,-104.611453,600
1595,156.23314,-91.6135314,600
1596,165.713006,-77.7333219,600
1597,173.596964,-63.104498,600
1598,179.809089,-47.8679433,600
1599,184.289554,-32.1703941,600
1600,186.99521,-16.1630264,600
1601,187.9,-2.16765288369e-15,625
1602,186.99521,16.1630264,625
1603,184.289554,32.1703941,625
1604,179.809089,47.8679433,625
1605,173.596964,63.104498,625
1606,165.713006,77.7333219,625
1607,156.23314,91.6135314,625
1608,145.248664,104.611453,625
1609,132.865364,116.601908,625
1610,119.202498,127.469424,625
1611,104.391647,137.109339,625
1612,88.5754468,145.428816,625
1613,71.9062169,152.347735,625
1614,54.5444909,157.799461,625
1615,36.6574715,161.731493,625
1616,18.4174207,164.105961,625
1617,1.03539130477e-14,164.9,625
1618,-18.4174207,164.105961,625
1619,-36.6574715,161.731493,625
1620,-54.5444909,157.799461,625
1621,-71.9062169,152.347735,625
1622,-88.5754468,145.428816,625
1623,-104.391647,137.109339,625
1624,-119.202498,127.469424,625
1625,-132.865364,116.601908,625
1626,-145.248664,104.611453,625
1627,-156.23314,91.6135314,625
1628,-165.713006,77.7333219,625
1629,-173.596964,63.104498,625
1630,-179.809089,47.8679433,625
1631,-184.289554,32.1703941,625
1632,-186.99521,16.1630264,625
1633,-187.9,-3.04862921105e-13,625
1634,-186.99521,-16.1630264,625
1635,-184.289554,-32.1703941,625
1636,-179.809089,-47.8679433,625
1637,-173.596964,-63.104498,625
1638,-165.713006,-77.7333219,625
1639,-156.23314,-91.6135314,625
1640,-145.248664,-104.611453,625
1641,-132.865364,-116.601908,625
1642,-119.202498,-127.469424,625
1643,-104.391647,-137.109339,625
1644,-88.5754468,-145.428816,625
1645,-71.9062169,-152.347735,625
1646,-54.5444909,-157.799461,625
1647,-36.6574715,-161.731493,625
1648,-18.4174207,-164.105961,625
1649,2.61490417514e-13,-164.9,625
1650,18.4174207,-164.105961,625
1651,36.6574715,-161.731493,625
1652,54.5444909,-157.799461,625
1653,71.9062169,-152.347735,625
1654,88.5754468,-145.428816,625
1655,104.391647,-137.109339,625
1656,119.202498,-127.469424,625
1657,132.865364,-116.601908,625
1658,145.248664,-104.611453,625
1659,156.23314,-91.6135314,625
1660,165.713006,-77.7333219,625
1661,173.596964,-63.104498,625
1662,179.809089,-47.8679433,625
1663,184.289554,-32.1703941,625
1664,186.99521,-16.1630264,625
1665,187.9,0,650
1666,186.99521,16.1630264,650
1667,184.289554,32.1703941,650
1668,179.809089,47.8679433,650
1669,173.596964,63.104498,650
1670,165.713006,77.7333219,650
1671,156.23314,91.6135314,650
1672,145.248664,104.611453,650
1673,132.865364,116.601908,650
1674,119.202498,127.469424,650
1675,104.391647,137.109339,650
1676,88.5754468,145.428816,650
1677,71.9062169,152.347735,650
1678,54.5444909,157.799461,650
1679,36.6574715,161.731493,650
1680,18.4174207,164.105961,650
1681,1.15055567e-14,164.9,650
1682,-18.4174207,164.105961,650
1683,-36.6574715,161.731493,650
1684,-54.5444909,157.799461,650
1685,-71.9062169,152.347735,650
1686,-88.5754468,145.428816,650
1687,-104.391647,137.109339,650
1688,-119.202498,127.469424,650
1689,-132.865364,116.601908,650
1690,-145.248664,104.611453,650
1691,-156.23314,91.6135314,650
1692,-165.713006,77.7333219,650
1693,-173.596964,63.104498,650
1694,-179.809089,47.8679433,650
1695,-184.289554,32.1703941,650
1696,-186.99521,16.1630264,650
1697,-187.9,-3.04846942654e-13,650
1698,-186.99521,-16.1630264,650
1699,-184.289554,-32.1703941,650
1700,-179.809089,-47.8679433,650
1701,-173.596964,-63.104498,650
1702,-165.713006,-77.7333219,650
1703,-156.23314,-91.6135314,650
1704,-145.248664,-104.611453,650
1705,-132.865364,-116.601908,650
1706,-119.202498,-127.469424,650
1707,-104.391647,-137.109339,650
1708,-88.5754468,-145.428816,650
1709,-71.9062169,-152.347735,650
1710,-54.5444909,-157.799461,650
1711,-36.6574715,-161.731493,650
1712,-18.4174207,-164.105961,650
1713,2.61639913793e-13,-164.9,650
1714,18.4174207,-164.105961,650
1715,36.6574715,-161.731493,650
1716,54.5444909,-157.799461,650
1717,71.9062169,-152.347735,650
1718,88.5754468,-145.428816,650
1719,104.391647,-137.109339,650
1720,119.202498,-127.469424,650
1721,132.865364,-116.601908,650
1722,145.248664,-104.611453,650
1723,156.23314,-91.6135314,650
1724,165.713006,-77.7333219,650
1725,173.596964,-63.104498,650
1726,179.809089,-47.8679433,650
1727,184.289554,-32.1703941,650
1728,186.99521,-16.1630264,650

===== beginning time step 6 : 0.3 =====


Reforming stiffness matrix: reformation #1

 1
 Nonlinear solution status: time= 0.3
	stiffness updates             = 0
	right hand side evaluations   = 2
	stiffness matrix reformations = 1
	step from line search         = 1.000000
	convergence norms :     INITIAL         CURRENT         REQUIRED
	   residual            3.165223e+05    1.167600e-08    3.165223e+02 
	   energy              6.957653e+02    1.324333e-04    6.957653e-02 
	   displacement        1.562709e+00    1.562709e+00    6.250837e-04 
 2
 Nonlinear solution status: time= 0.3
	stiffness updates             = 1
	right hand side evaluations   = 3
	stiffness matrix reformations = 1
	step from line search         = 1.000000
	convergence norms :     INITIAL         CURRENT         REQUIRED
	   residual            3.165223e+05    4.316688e-17    3.165223e+02 
	   energy              6.957653e+02    1.513747e-15    6.957653e-02 
	   displacement        1.562709e+00    6.428944e-14    6.250835e-04 

convergence summary
    number of iterations   : 2
    number of reformations : 1

------- converged at time : 0.3


Data Record #1
===========================================================================
Step = 6
Time = 0.3
Data = shirt_final_coordinates
1,187.9,-4.78229982048e-14,2.77966692292e-14
2,186.99521,16.1630264,2.75091439197e-14
3,184.289554,32.1703941,3.10106930084e-14
4,179.809089,47.8679433,3.29576046564e-14
5,173.596964,63.104498,3.667211847e-14
6,165.713006,77.7333219,3.67714897038e-14
7,156.23314,91.6135314,4.04527406353e-14
8,145.248664,104.611453,4.76345895804e-14
9,132.865364,116.601908,4.51805243936e-14
10,119.202498,127.469424,4.85226104987e-14
11,104.391647,137.109339,4.27753613142e-14
12,88.5754468,145.428816,3.59225978756e-14
13,71.9062169,152.347735,3.67426844865e-14
14,54.5444909,157.799461,3.66825488751e-14
15,36.6574715,161.731493,3.67312053819e-14
16,18.4174207,164.105961,3.87476646614e-14
17,3.25026784497e-14,164.9,3.83079569539e-14
18,-18.4174207,164.105961,3.9035299152e-14
19,-36.6574715,161.731493,3.56514141374e-14
20,-54.5444909,157.799461,3.78732852505e-14
21,-71.9062169,152.347735,3.4923346764e-14
22,-88.5754468,145.428816,3.41777332896e-14
23,-104.391647,137.109339,4.18349532405e-14
24,-119.202498,127.469424,3.65573061632e-14
25,-132.865364,116.601908,3.38030316114e-14
26,-145.248664,104.611453,3.55208497327e-14
27,-156.23314,91.6135314,2.7420109634e-14
28,-165.713006,77.7333219,2.47293351391e-14
29,-173.596964,63.104498,2.79670091303e-14
30,-179.809089,47.8679433,2.49258846182e-14
31,-184.289554,32.1703941,2.33954730375e-14
32,-186.99521,16.1630264,2.19591261454e-14
33,-187.9,-4.01558027105e-13,2.31581530424e-14
34,-186.99521,-16.1630264,2.92885333553e-14
35,-184.289554,-32.1703941,3.73229680927e-14
36,-179.809089,-47.8679433,4.60996535448e-14
37,-173.596964,-63.104498,5.49337280449e-14
38,-165.713006,-77.7333219,5.74789876455e-14
39,-156.23314,-91.6135314,6.66869581738e-14
40,-145.248664,-104.611453,7.30233459256e-14
41,-132.865364,-116.601908,8.13098181583e-14
42,-119.202498,-127.469424,8.46652890411e-14
43,-104.391647,-137.109339,8.54156472343e-14
44,-88.5754468,-145.428816,8.84778214828e-14
45,-71.9062169,-152.347735,8.8589504873e-14
46,-54.5444909,-157.799461,8.78479225846e-14
47,-36.6574715,-161.731493,9.09287767505e-14
48,-18.4174207,-164.105961,9.53681056639e-14
49,3.27371004312e-13,-164.9,9.4012828065e-14
50,18.4174207,-164.105961,9.5853546887e-14
51,36.6574715,-161.731493,9.16800310332e-14
52,54.5444909,-157.799461,9.24760064201e-14
53,71.9062169,-152.347735,9.05943580006e-14
54,88.5754468,-145.428816,8.71141580713e-14
55,104.391647,-137.109339,9.21308225289e-14
56,119.202498,-127.469424,8.83516788496e-14
57,132.865364,-116.601908,8.12084367085e-14
58,145.248664,-104.611453,7.16071583828e-14
59,156.23314,-91.6135314,6.40535777843e-14
60,165.713006,-77.7333219,4.85959881873e-14
61,173.596964,-63.104498,4.66556127606e-14
62,179.809089,-47.8679433,4.24040811889e-14
63,184.289554,-32.1703941,3.53973616574e-14
64,186.99521,-16.1630264,3.0084879242e-14
65,187.9,-4.74381626024e-14,25
66,186.99521,16.1630264,25
67,184.289554,32.1703941,25
68,179.809089,47.8679433,25
69,173.596964,63.104498,25
70,165.713006,77.7333219,25
71,156.23314,91.6135314,25
72,145.248664,104.611453,25
73,132.865364,116.601908,25
74,119.202498,127.469424,25
75,104.391647,137.109339,25
76,88.5754468,145.428816,25
77,71.9062169,152.347735,25
78,54.5444909,157.799461,25
79,36.6574715,161.731493,25
80,18.4174207,164.105961,25
81,3.38524336955e-14,164.9,25
82,-18.4174207,164.105961,25
83,-36.6574715,161.731493,25
84,-54.5444909,157.799461,25
85,-71.9062169,152.347735,25
86,-88.5754468,145.428816,25
87,-104.391647,137.109339,25
88,-119.202498,127.469424,25
89,-132.865364,116.601908,25
90,-145.248664,104.611453,25
91,-156.23314,91.6135314,25
92,-165.713006,77.7333219,25
93,-173.596964,63.104498,25
94,-179.809089,47.8679433,25
95,-184.289554,32.1703941,25
96,-186.99521,16.1630264,25
97,-187.9,-3.9694655788e-13,25
98,-186.99521,-16.1630264,25
99,-184.289554,-32.1703941,25
100,-179.809089,-47.8679433,25
101,-173.596964,-63.104498,25
102,-165.713006,-77.7333219,25
103,-156.23314,-91.6135314,25
104,-145.248664,-104.611453,25
105,-132.865364,-116.601908,25
106,-119.202498,-127.469424,25
107,-104.391647,-137.109339,25
108,-88.5754468,-145.428816,25
109,-71.9062169,-152.347735,25
110,-54.5444909,-157.799461,25
111,-36.6574715,-161.731493,25
112,-18.4174207,-164.105961,25
113,3.26736677146e-13,-164.9,25
114,18.4174207,-164.105961,25
115,36.6574715,-161.731493,25
116,54.5444909,-157.799461,25
117,71.9062169,-152.347735,25
118,88.5754468,-145.428816,25
119,104.391647,-137.109339,25
120,119.202498,-127.469424,25
121,132.865364,-116.601908,25
122,145.248664,-104.611453,25
123,156.23314,-91.6135314,25
124,165.713006,-77.7333219,25
125,173.596964,-63.104498,25
126,179.809089,-47.8679433,25
127,184.289554,-32.1703941,25
128,186.99521,-16.1630264,25
129,187.9,-4.54145455862e-14,50
130,186.99521,16.1630264,50
131,184.289554,32.1703941,50
132,179.809089,47.8679433,50
133,173.596964,63.104498,50
134,165.713006,77.7333219,50
135,156.23314,91.6135314,50
136,145.248664,104.611453,50
137,132.865364,116.601908,50
138,119.202498,127.469424,50
139,104.391647,137.109339,50
140,88.5754468,145.428816,50
141,71.9062169,152.347735,50
142,54.5444909,157.799461,50
143,36.6574715,161.731493,50
144,18.4174207,164.105961,50
145,3.16902014009e-14,164.9,50
146,-18.4174207,164.105961,50
147,-36.6574715,161.731493,50
148,-54.5444909,157.799461,50
149,-71.9062169,152.347735,50
150,-88.5754468,145.428816,50
151,-104.391647,137.109339,50
152,-119.202498,127.469424,50
153,-132.865364,116.601908,50
154,-145.248664,104.611453,50
155,-156.23314,91.6135314,50
156,-165.713006,77.7333219,50
157,-173.596964,63.104498,50
158,-179.809089,47.8679433,50
159,-184.289554,32.1703941,50
160,-186.99521,16.1630264,50
161,-187.9,-3.92816165634e-13,50
162,-186.99521,-16.1630264,50
163,-184.289554,-32.1703941,50
164,-179.809089,-47.8679433,50
165,-173.596964,-63.104498,50
166,-165.713006,-77.7333219,50
167,-156.23314,-91.6135314,50
168,-145.248664,-104.611453,50
169,-132.865364,-116.601908,50
170,-119.202498,-127.469424,50
171,-104.391647,-137.109339,50
172,-88.5754468,-145.428816,50
173,-71.9062169,-152.347735,50
174,-54.5444909,-157.799461,50
175,-36.6574715,-161.731493,50
176,-18.4174207,-164.105961,50
177,3.26152304579e-13,-164.9,50
178,18.4174207,-164.105961,50
179,36.6574715,-161.731493,50
180,54.5444909,-157.799461,50
181,71.9062169,-152.347735,50
182,88.5754468,-145.428816,50
183,104.391647,-137.109339,50
184,119.202498,-127.469424,50
185,132.865364,-116.601908,50
186,145.248664,-104.611453,50
187,156.23314,-91.6135314,50
188,165.713006,-77.7333219,50
189,173.596964,-63.104498,50
190,179.809089,-47.8679433,50
191,184.289554,-32.1703941,50
192,186.99521,-16.1630264,50
193,187.9,-4.33830385447e-14,75
194,186.99521,16.1630264,75
195,184.289554,32.1703941,75
196,179.809089,47.8679433,75
197,173.596964,63.104498,75
198,165.713006,77.7333219,75
199,156.23314,91.6135314,75
200,145.248664,104.611453,75
201,132.865364,116.601908,75
202,119.202498,127.469424,75
203,104.391647,137.109339,75
204,88.5754468,145.428816,75
205,71.9062169,152.347735,75
206,54.5444909,157.799461,75
207,36.6574715,161.731493,75
208,18.4174207,164.105961,75
209,3.11566834179e-14,164.9,75
210,-18.4174207,164.105961,75
211,-36.6574715,161.731493,75
212,-54.5444909,157.799461,75
213,-71.9062169,152.347735,75
214,-88.5754468,145.428816,75
215,-104.391647,137.109339,75
216,-119.202498,127.469424,75
217,-132.865364,116.601908,75
218,-145.248664,104.611453,75
219,-156.23314,91.6135314,75
220,-165.713006,77.7333219,75
221,-173.596964,63.104498,75
222,-179.809089,47.8679433,75
223,-184.289554,32.1703941,75
224,-186.99521,16.1630264,75
225,-187.9,-3.88365939277e-13,75
226,-186.99521,-16.1630264,75
227,-184.289554,-32.1703941,75
228,-179.809089,-47.8679433,75
229,-173.596964,-63.104498,75
230,-165.713006,-77.7333219,75
231,-156.23314,-91.6135314,75
232,-145.248664,-104.611453,75
233,-132.865364,-116.601908,75
234,-119.202498,-127.469424,75
235,-104.391647,-137.109339,75
236,-88.5754468,-145.428816,75
237,-71.9062169,-152.347735,75
238,-54.5444909,-157.799461,75
239,-36.6574715,-161.731493,75
240,-18.4174207,-164.105961,75
241,3.25754307715e-13,-164.9,75
242,18.4174207,-164.105961,75
243,36.6574715,-161.731493,75
244,54.5444909,-157.799461,75
245,71.9062169,-152.347735,75
246,88.5754468,-145.428816,75
247,104.391647,-137.109339,75
248,119.202498,-127.469424,75
249,132.865364,-116.601908,75
250,145.248664,-104.611453,75
251,156.23314,-91.6135314,75
252,165.713006,-77.7333219,75
253,173.596964,-63.104498,75
254,179.809089,-47.8679433,75
255,184.289554,-32.1703941,75
256,186.99521,-16.1630264,75
257,187.9,-4.23000074917e-14,100
258,186.99521,16.1630264,100
259,184.289554,32.1703941,100
260,179.809089,47.8679433,100
261,173.596964,63.104498,100
262,165.713006,77.7333219,100
263,156.23314,91.6135314,100
264,145.248664,104.611453,100
265,132.865364,116.601908,100
266,119.202498,127.469424,100
267,104.391647,137.109339,100
268,88.5754468,145.428816,100
269,71.9062169,152.347735,100
270,54.5444909,157.799461,100
271,36.6574715,161.731493,100
272,18.4174207,164.105961,100
273,2.9924488986e-14,164.9,100
274,-18.4174207,164.105961,100
275,-36.6574715,161.731493,100
276,-54.5444909,157.799461,100
277,-71.9062169,152.347735,100
278,-88.5754468,145.428816,100
279,-104.391647,137.109339,100
280,-119.202498,127.469424,100
281,-132.865364,116.601908,100
282,-145.248664,104.611453,100
283,-156.23314,91.6135314,100
284,-165.713006,77.7333219,100
285,-173.596964,63.104498,100
286,-179.809089,47.8679433,100
287,-184.289554,32.1703941,100
288,-186.99521,16.1630264,100
289,-187.9,-3.83027039203e-13,100
290,-186.99521,-16.1630264,100
291,-184.289554,-32.1703941,100
292,-179.809089,-47.8679433,100
293,-173.596964,-63.104498,100
294,-165.713006,-77.7333219,100
295,-156.23314,-91.6135314,100
296,-145.248664,-104.611453,100
297,-132.865364,-116.601908,100
298,-119.202498,-127.469424,100
299,-104.391647,-137.109339,100
300,-88.5754468,-145.428816,100
301,-71.9062169,-152.347735,100
302,-54.5444909,-157.799461,100
303,-36.6574715,-161.731493,100
304,-18.4174207,-164.105961,100
305,3.25612623265e-13,-164.9,100
306,18.4174207,-164.105961,100
307,36.6574715,-161.731493,100
308,54.5444909,-157.799461,100
309,71.9062169,-152.347735,100
310,88.5754468,-145.428816,100
311,104.391647,-137.109339,100
312,119.202498,-127.469424,100
313,132.865364,-116.601908,100
314,145.248664,-104.611453,100
315,156.23314,-91.6135314,100
316,165.713006,-77.7333219,100
317,173.596964,-63.104498,100
318,179.809089,-47.8679433,100
319,184.289554,-32.1703941,100
320,186.99521,-16.1630264,100
321,187.9,-3.79165385347e-14,125
322,186.99521,16.1630264,125
323,184.289554,32.1703941,125
324,179.809089,47.8679433,125
325,173.596964,63.104498,125
326,165.713006,77.7333219,125
327,156.23314,91.6135314,125
328,145.248664,104.611453,125
329,132.865364,116.601908,125
330,119.202498,127.469424,125
331,104.391647,137.109339,125
332,88.5754468,145.428816,125
333,71.9062169,152.347735,125
334,54.5444909,157.799461,125
335,36.6574715,161.731493,125
336,18.4174207,164.105961,125
337,2.93715800704e-14,164.9,125
338,-18.4174207,164.105961,125
339,-36.6574715,161.731493,125
340,-54.5444909,157.799461,125
341,-71.9062169,152.347735,125
342,-88.5754468,145.428816,125
343,-104.391647,137.109339,125
344,-119.202498,127.469424,125
345,-132.865364,116.601908,125
346,-145.248664,104.611453,125
347,-156.23314,91.6135314,125
348,-165.713006,77.7333219,125
349,-173.596964,63.104498,125
350,-179.809089,47.8679433,125
351,-184.289554,32.1703941,125
352,-186.99521,16.1630264,125
353,-187.9,-3.77537453634e-13,125
354,-186.99521,-16.1630264,125
355,-184.289554,-32.1703941,125
356,-179.809089,-47.8679433,125
357,-173.596964,-63.104498,125
358,-165.713006,-77.7333219,125
359,-156.23314,-91.6135314,125
360,-145.248664,-104.611453,125
361,-132.865364,-116.601908,125
362,-119.202498,-127.469424,125
363,-104.391647,-137.109339,125
364,-88.5754468,-145.428816,125
365,-71.9062169,-152.347735,125
366,-54.5444909,-157.799461,125
367,-36.6574715,-161.731493,125
368,-18.4174207,-164.105961,125
369,3.25029842045e-13,-164.9,125
370,18.4174207,-164.105961,125
371,36.6574715,-161.731493,125
372,54.5444909,-157.799461,125
373,71.9062169,-152.347735,125
374,88.5754468,-145.428816,125
375,104.391647,-137.109339,125
376,119.202498,-127.469424,125
377,132.865364,-116.601908,125
378,145.248664,-104.611453,125
379,156.23314,-91.6135314,125
380,165.713006,-77.7333219,125
381,173.596964,-63.104498,125
382,179.809089,-47.8679433,125
383,184.289554,-32.1703941,125
384,186.99521,-16.1630264,125
385,187.9,-3.517086469e-14,150
386,186.99521,16.1630264,150
387,184.289554,32.1703941,150
388,179.809089,47.8679433,150
389,173.596964,63.104498,150
390,165.713006,77.7333219,150
391,156.23314,91.6135314,150
392,145.248664,104.611453,150
393,132.865364,116.601908,150
394,119.202498,127.469424,150
395,10Г©uвfР╣К( +myжRФВ&в2╒■Д∙D■б5U%$TЕB$UT∙$T@═▓&W6√GVб2Цc┐3c√RЁRЦc3cRс┌2Цc┐3c√RЁ" ═▓VФW&w▓bЦ⌠cVRЁ"Ц3#┐c├RсBbЦ⌠cVRс" ═▓F≈7ф6VжVГBЦSc#sRЁЦSc#sRЁbЦ#Ss⌠√RсB ╒ ╒ФЖФф√ФV"6ЖгWF√ЖБ7FGW3╒F√жSрЦp═≈7F√ffФW72WFFW2р═≈&√v┤B├ФB6√FRWfгVF√ЖГ2р0═≈7F√ffФW72жG&≈┌&VfВ&жF√ЖГ2р═≈7FWg&Жрф√ФR6V&6┌рЦ ═√6ЖГfW&vVФ6RФВ&в2╒■Д∙D■б5U%$TЕB$UT∙$T@═▓&W6√GVб2Цc┐3c√RЁRBЦ3s⌠Rсr2Цc┐3c√RЁ" ═▓VФW&w▓bЦ⌠cVRЁ"ЦSsScvRсRbЦ⌠cVRс" ═▓F≈7ф6VжVГBЦSc#sRЁbЦ3⌠SsS&RсBbЦ#Ss⌠vRсB ═╕6ЖГfW&vVФ6R7Vжж'░╒ГVж&W"Жb≈FW&F√ЖГ2╒ ╒ГVж&W"Жb&VfВ&жF√ЖГ2╒═╒ррррррр6ЖГfW&vVBBF√жR╒Цp══╓FF&V6В&B3ёссссссссссссссссссссссссссссссссссссссссссссссссссссссссссссссссссссссссссп╔7FWр@╔F√жRрЦp╓FFр6├≈'EЖf√ФеЖ6ЖВ&F√ФFW0ёц┐rЦ▓цbЦ##┐c#C√RсBцbЦc⌠C#CSSVRс@ё"ц┐bЦ⌠⌠S#цbЦc3#cBцrЦ3⌠cs⌠cFRс@ё2ц┐BЦ#┐⌠SSBц3"Цs3⌠CцrЦSS⌠┐C⌠#SFRс@ёBцs▓Ц┐⌠┐▓цCrЦ┐cs⌠C32цrЦsS33⌠cCC#Rс@ёRцs2ЦS⌠c⌠cBцc2ЦCC⌠┌ц┌Ц3⌠SS&Rс@ёbцcRЦs3bцsrЦs333#▓ц┌Ц┐scs3s├Rс@ёrцSbЦ#33Bц⌠Цc3S3Bц┌ЦS⌠S⌠S3⌠FRс@ё┌цCRЦ#C┐ccBцBЦcCS2ц┌Ц┐┐#CvRс@ё▓ц3"Ц┐cS3cBцbЦc⌠┌ц┌ЦS#C#cs┐3c√Rс@ёц▓Ц##C⌠┌ц#rЦCc⌠C#Bц┌Цc3c##c┐SS6Rс@ёцBЦ3⌠cCrц3rЦ⌠33▓цrЦCsC33⌠6Rс@ё"ц┐┌ЦSsSCCc┌цCRЦC#┐┐bцrЦ3⌠3┐#SccFRс@ё2цsЦ⌠c#c▓цS"Ц3Css3RцbЦ⌠CS3⌠┐┐CsRс@ёBцSBЦSCCC⌠▓цSrЦs⌠⌠CcцbЦs#ssCcC#Rс@ёRц3bЦcSsCsRцcЦs3C⌠2цbЦC#cs⌠⌠⌠3sfRс@ёbц┌ЦCsC#rцcBЦS⌠cцbЦ3┐##Sss⌠c&Rс@ёrцBЦ⌠S⌠s33c┐cvRсBцcBЦ▓цbЦ#3cs⌠s3┐c6Rс@ё┌бс┌ЦCsC#rцcBЦS⌠cцbЦc33cS⌠6Rс@ё▓бс3bЦcSsCsRцcЦs3C⌠2цRЦsc⌠C┐S⌠⌠vRс@ё#бсSBЦSCCC⌠▓цSrЦs⌠⌠CcцRЦ┐s⌠┐SCsSfRс@ё#бсsЦ⌠c#c▓цS"Ц3Css3RцRЦ┐#┐sc┐S3S&Rс@ё#"бс┐┌ЦSsSCCc┌цCRЦC#┐┐bцRЦ⌠┐S3┐cC33C├Rс@ё#2бсBЦ3⌠cCrц3rЦ⌠33▓цrЦcs⌠┐SsVRс@ё#Bбс▓Ц##C⌠┌ц#rЦCc⌠C#BцrЦ⌠csC#SsCRс@ё#Rбс3"Ц┐cS3cBцbЦc⌠┌цrЦ┐#3⌠┐⌠S┐3√Rс@ё#bбсCRЦ#C┐ccBцBЦcCS2цrЦ⌠s#s┐├Rс@ё#rбсSbЦ#33Bц⌠Цc3S3BцrЦSsss┐cccvRс@ё#┌бсcRЦs3bцsrЦs333#▓ц┌Ц┐3cS3#sRс@ё#▓бсs2ЦS⌠c⌠cBцc2ЦCC⌠┌ц▓ЦS3C┐S#Ccc#&Rс@ё3бсs▓Ц┐⌠┐▓цCrЦ┐cs⌠C32цЦ#c#S⌠fRс0ё3бс┐BЦ#┐⌠SSBц3"Цs3⌠CцЦcs⌠C┐┐#⌠cRс0ё3"бс┐bЦ⌠⌠S#цbЦc3#cBцЦC⌠#3├Rс0ё32бс┐rЦ▓бсBЦCc#⌠#FRс2цЦs#⌠cc⌠┐3├Rс0ё3Bбс┐bЦ⌠⌠S#бсbЦc3#cBцЦ#33C┐┐ScRс0ё3Rбс┐BЦ#┐⌠SSBбс3"Цs3⌠CцЦ#⌠#⌠c#s6Rс0ё3bбсs▓Ц┐⌠┐▓бсCrЦ┐cs⌠C32цЦ3Sc3sc#Cs&Rс0ё3rбсs2ЦS⌠c⌠cBбсc2ЦCC⌠┌цЦCSC⌠3┐3#VRс0ё3┌бсcRЦs3bбсsrЦs333#▓цЦCS#sc#ccS#VRс0ё3▓бсSbЦ#33Bбс⌠Цc3S3BцЦS##┐c#┐S├Rс0ёCбсCRЦ#C┐ccBбсBЦcCS2цЦS3#S3CscSRс0ёCбс3"Ц┐cS3cBбсbЦc⌠┌цЦSCs3┐css├Rс0ёC"бс▓Ц##C⌠┌бс#rЦCc⌠C#BцЦC⌠┐⌠┐s3⌠#√Rс0ёC2бсBЦ3⌠cCrбс3rЦ⌠33▓цЦ3⌠33⌠c┐┐S├Rс0ёCBбс┐┌ЦSsSCCc┌бсCRЦC#┐┐bцЦ3CSscCs3┐├Rс0ёCRбсsЦ⌠c#c▓бсS"Ц3Css3RцЦ#S3⌠c#⌠c⌠Rс0ёCbбсSBЦSCCC⌠▓бсSrЦs⌠⌠CcцЦ⌠3S┐s⌠333fRс0ёCrбс3bЦcSsCsRбсcЦs3C⌠2цЦ⌠sCSs⌠cRс0ёC┌бс┌ЦCsC#rбсcBЦS⌠cцЦs##s33#CC√Rс0ёC▓ц"ЦCC3┐┐┐┐s6Rс2бсcBЦ▓ц▓Цss⌠C3⌠cS√Rс@ёSц┌ЦCsC#rбсcBЦS⌠cц┌Ц⌠#CSsc#C┐⌠Rс@ёSц3bЦcSsCsRбсcЦs3C⌠2цrЦc#cC#c┐cvRс@ёS"цSBЦSCCC⌠▓бсSrЦs⌠⌠CcцrЦC┐#ccFRс@ёS2цsЦ⌠c#c▓бсS"Ц3Css3RцbЦ⌠3cC#⌠6Rс@ёSBц┐┌ЦSsSCCc┌бсCRЦC#┐┐bцbЦ#cs┐C⌠┐C&Rс@ёSRцBЦ3⌠cCrбс3rЦ⌠33▓цbЦs┐C⌠s⌠Sc6Rс@ёSbц▓Ц##C⌠┌бс#rЦCc⌠C#BцbЦCsc⌠333fRс@ёSrц3"Ц┐cS3cBбсbЦc⌠┌цbЦ3┐3cS⌠┐VRс@ёS┌цCRЦ#C┐ccBбсBЦcCS2цbЦ3ss┐┐┐s⌠√Rс@ёS▓цSbЦ#33Bбс⌠Цc3S3BцRЦ⌠s⌠#Cs┐┐vRс@ёcцcRЦs3bбсsrЦs333#▓цRЦsS⌠SsSc#&Rс@ёcцs2ЦS⌠c⌠cBбсc2ЦCC⌠┌цbЦS┐c3#s3s⌠c√Rс@ёc"цs▓Ц┐⌠┐▓бсCrЦ┐cs⌠C32цbЦ┐s3⌠┐sCC├Rс@ёc2ц┐BЦ#┐⌠SSBбс3"Цs3⌠CцbЦ┐⌠#3SSc6Rс@ёcBц┐bЦ⌠⌠S#бсbЦc3#cBцbЦsS3C#┐#√Rс@ёcRц┐rЦ▓цRЦss333#C#VRсBц#Pёcbц┐bЦ⌠⌠S#цbЦc3#cBц#Pёcrц┐BЦ#┐⌠SSBц3"Цs3⌠Cц#Pёc┌цs▓Ц┐⌠┐▓цCrЦ┐cs⌠C32ц#Pёc▓цs2ЦS⌠c⌠cBцc2ЦCC⌠┌ц#PёsцcRЦs3bцsrЦs333#▓ц#PёsцSbЦ#33Bц⌠Цc3S3Bц#Pёs"цCRЦ#C┐ccBцBЦcCS2ц#Pёs2ц3"Ц┐cS3cBцbЦc⌠┌ц#PёsBц▓Ц##C⌠┌ц#rЦCc⌠C#Bц#PёsRцBЦ3⌠cCrц3rЦ⌠33▓ц#Pёsbц┐┌ЦSsSCCc┌цCRЦC#┐┐bц#PёsrцsЦ⌠c#c▓цS"Ц3Css3Rц#Pёs┌цSBЦSCCC⌠▓цSrЦs⌠⌠Ccц#Pёs▓ц3bЦcSsCsRцcЦs3C⌠2ц#Pё┐ц┌ЦCsC#rцcBЦS⌠cц#Pё┐цRЦ3S3┐sCcfRсBцcBЦ▓ц#Pё┐"бс┌ЦCsC#rцcBЦS⌠cц#Pё┐2бс3bЦcSsCsRцcЦs3C⌠2ц#Pё┐BбсSBЦSCCC⌠▓цSrЦs⌠⌠Ccц#Pё┐RбсsЦ⌠c#c▓цS"Ц3Css3Rц#Pё┐bбс┐┌ЦSsSCCc┌цCRЦC#┐┐bц#Pё┐rбсBЦ3⌠cCrц3rЦ⌠33▓ц#Pё┐┌бс▓Ц##C⌠┌ц#rЦCc⌠C#Bц#Pё┐▓бс3"Ц┐cS3cBцbЦc⌠┌ц#Pё⌠бсCRЦ#C┐ccBцBЦcCS2ц#Pё⌠бсSbЦ#33Bц⌠Цc3S3Bц#Pё⌠"бсcRЦs3bцsrЦs333#▓ц#Pё⌠2бсs2ЦS⌠c⌠cBцc2ЦCC⌠┌ц#Pё⌠Bбсs▓Ц┐⌠┐▓цCrЦ┐cs⌠C32ц#Pё⌠Rбс┐BЦ#┐⌠SSBц3"Цs3⌠Cц#Pё⌠bбс┐bЦ⌠⌠S#цbЦc3#cBц#Pё⌠rбс┐rЦ▓бсBЦ3#CS⌠cssFRс2ц#Pё⌠┌бс┐bЦ⌠⌠S#бсbЦc3#cBц#Pё⌠▓бс┐BЦ#┐⌠SSBбс3"Цs3⌠Cц#Pёбсs▓Ц┐⌠┐▓бсCrЦ┐cs⌠C32ц#Pёбсs2ЦS⌠c⌠cBбсc2ЦCC⌠┌ц#Pё"бсcRЦs3bбсsrЦs333#▓ц#Pё2бсSbЦ#33Bбс⌠Цc3S3Bц#PёBбсCRЦ#C┐ccBбсBЦcCS2ц#PёRбс3"Ц┐cS3cBбсbЦc⌠┌ц#Pёbбс▓Ц##C⌠┌бс#rЦCc⌠C#Bц#PёrбсBЦ3⌠cCrбс3rЦ⌠33▓ц#Pё┌бс┐┌ЦSsSCCc┌бсCRЦC#┐┐bц#Pё▓бсsЦ⌠c#c▓бсS"Ц3Css3Rц#PёбсSBЦSCCC⌠▓бсSrЦs⌠⌠Ccц#Pёбс3bЦcSsCsRбсcЦs3C⌠2ц#Pё"бс┌ЦCsC#rбсcBЦS⌠cц#Pё2ц"ЦS#C3#S⌠⌠vRс2бсcBЦ▓ц#PёBц┌ЦCsC#rбсcBЦS⌠cц#PёRц3bЦcSsCsRбсcЦs3C⌠2ц#PёbцSBЦSCCC⌠▓бсSrЦs⌠⌠Ccц#PёrцsЦ⌠c#c▓бсS"Ц3Css3Rц#Pё┌ц┐┌ЦSsSCCc┌бсCRЦC#┐┐bц#Pё▓цBЦ3⌠cCrбс3rЦ⌠33▓ц#Pё#ц▓Ц##C⌠┌бс#rЦCc⌠C#Bц#Pё#ц3"Ц┐cS3cBбсbЦc⌠┌ц#Pё#"цCRЦ#C┐ccBбсBЦcCS2ц#Pё#2цSbЦ#33Bбс⌠Цc3S3Bц#Pё#BцcRЦs3bбсsrЦs333#▓ц#Pё#Rцs2ЦS⌠c⌠cBбсc2ЦCC⌠┌ц#Pё#bцs▓Ц┐⌠┐▓бсCrЦ┐cs⌠C32ц#Pё#rц┐BЦ#┐⌠SSBбс3"Цs3⌠Cц#Pё#┌ц┐bЦ⌠⌠S#бсbЦc3#cBц#Pё#▓ц┐rЦ▓цRЦCcssssFRсBцS ё3ц┐bЦ⌠⌠S#цbЦc3#cBцS ё3ц┐BЦ#┐⌠SSBц3"Цs3⌠CцS ё3"цs▓Ц┐⌠┐▓цCrЦ┐cs⌠C32цS ё32цs2ЦS⌠c⌠cBцc2ЦCC⌠┌цS ё3BцcRЦs3bцsrЦs333#▓цS ё3RцSbЦ#33Bц⌠Цc3S3BцS ё3bцCRЦ#C┐ccBцBЦcCS2цS ё3rц3"Ц┐cS3cBцbЦc⌠┌цS ё3┌ц▓Ц##C⌠┌ц#rЦCc⌠C#BцS ё3▓цBЦ3⌠cCrц3rЦ⌠33▓цS ёCц┐┌ЦSsSCCc┌цCRЦC#┐┐bцS ёCцsЦ⌠c#c▓цS"Ц3Css3RцS ёC"цSBЦSCCC⌠▓цSrЦs⌠⌠CcцS ёC2ц3bЦcSsCsRцcЦs3C⌠2цS ёCBц┌ЦCsC#rцcBЦS⌠cцS ёCRцBЦs##┐s┐CsSC6RсBцcBЦ▓цS ёCbбс┌ЦCsC#rцcBЦS⌠cцS ёCrбс3bЦcSsCsRцcЦs3C⌠2цS ёC┌бсSBЦSCCC⌠▓цSrЦs⌠⌠CcцS ёC▓бсsЦ⌠c#c▓цS"Ц3Css3RцS ёSбс┐┌ЦSsSCCc┌цCRЦC#┐┐bцS ёSбсBЦ3⌠cCrц3rЦ⌠33▓цS ёS"бс▓Ц##C⌠┌ц#rЦCc⌠C#BцS ёS2бс3"Ц┐cS3cBцbЦc⌠┌цS ёSBбсCRЦ#C┐ccBцBЦcCS2цS ёSRбсSbЦ#33Bц⌠Цc3S3BцS ёSbбсcRЦs3bцsrЦs333#▓цS ёSrбсs2ЦS⌠c⌠cBцc2ЦCC⌠┌цS ёS┌бсs▓Ц┐⌠┐▓цCrЦ┐cs⌠C32цS ёS▓бс┐BЦ#┐⌠SSBц3"Цs3⌠CцS ёcбс┐bЦ⌠⌠S#цbЦc3#cBцS ёcбс┐rЦ▓бсBЦ#CS⌠CSC┐VRс2цS ёc"бс┐bЦ⌠⌠S#бсbЦc3#cBцS ёc2бс┐BЦ#┐⌠SSBбс3"Цs3⌠CцS ёcBбсs▓Ц┐⌠┐▓бсCrЦ┐cs⌠C32цS ёcRбсs2ЦS⌠c⌠cBбсc2ЦCC⌠┌цS ёcbбсcRЦs3bбсsrЦs333#▓цS ёcrбсSbЦ#33Bбс⌠Цc3S3BцS ёc┌бсCRЦ#C┐ccBбсBЦcCS2цS ёc▓бс3"Ц┐cS3cBбсbЦc⌠┌цS ёsбс▓Ц##C⌠┌бс#rЦCc⌠C#BцS ёsбсBЦ3⌠cCrбс3rЦ⌠33▓цS ёs"бс┐┌ЦSsSCCc┌бсCRЦC#┐┐bцS ёs2бсsЦ⌠c#c▓бсS"Ц3Css3RцS ёsBбсSBЦSCCC⌠▓бсSrЦs⌠⌠CcцS ёsRбс3bЦcSsCsRбсcЦs3C⌠2цS ёsbбс┌ЦCsC#rбсcBЦS⌠cцS ёsrц"ЦcC#S┐┐Rс2бсcBЦ▓цS ёs┌ц┌ЦCsC#rбсcBЦS⌠cцS ёs▓ц3bЦcSsCsRбсcЦs3C⌠2цS ё┐цSBЦSCCC⌠▓бсSrЦs⌠⌠CcцS ё┐цsЦ⌠c#c▓бсS"Ц3Css3RцS ё┐"ц┐┌ЦSsSCCc┌бсCRЦC#┐┐bцS ё┐2цBЦ3⌠cCrбс3rЦ⌠33▓цS ё┐Bц▓Ц##C⌠┌бс#rЦCc⌠C#BцS ё┐Rц3"Ц┐cS3cBбсbЦc⌠┌цS ё┐bцCRЦ#C┐ccBбсBЦcCS2цS ё┐rцSbЦ#33Bбс⌠Цc3S3BцS ё┐┌цcRЦs3bбсsrЦs333#▓цS ё┐▓цs2ЦS⌠c⌠cBбсc2ЦCC⌠┌цS ё⌠цs▓Ц┐⌠┐▓бсCrЦ┐cs⌠C32цS ё⌠ц┐BЦ#┐⌠SSBбс3"Цs3⌠CцS ё⌠"ц┐bЦ⌠⌠S#бсbЦc3#cBцS ё⌠2ц┐rЦ▓цRЦCCS⌠3C3#FRсBцsPё⌠Bц┐bЦ⌠⌠S#цbЦc3#cBцsPё⌠Rц┐BЦ#┐⌠SSBц3"Цs3⌠CцsPё⌠bцs▓Ц┐⌠┐▓цCrЦ┐cs⌠C32цsPё⌠rцs2ЦS⌠c⌠cBцc2ЦCC⌠┌цsPё⌠┌цcRЦs3bцsrЦs333#▓цsPё⌠▓цSbЦ#33Bц⌠Цc3S3BцsPё#цCRЦ#C┐ccBцBЦcCS2цsPё#ц3"Ц┐cS3cBцbЦc⌠┌цsPё#"ц▓Ц##C⌠┌ц#rЦCc⌠C#BцsPё#2цBЦ3⌠cCrц3rЦ⌠33▓цsPё#Bц┐┌ЦSsSCCc┌цCRЦC#┐┐bцsPё#RцsЦ⌠c#c▓цS"Ц3Css3RцsPё#bцSBЦSCCC⌠▓цSrЦs⌠⌠CcцsPё#rц3bЦcSsCsRцcЦs3C⌠2цsPё#┌ц┌ЦCsC#rцcBЦS⌠cцsPё#▓цBЦ3#┐cS#┐√RсBцcBЦ▓цsPё#бс┌ЦCsC#rцcBЦS⌠cцsPё#бс3bЦcSsCsRцcЦs3C⌠2цsPё#"бсSBЦSCCC⌠▓цSrЦs⌠⌠CcцsPё#2бсsЦ⌠c#c▓цS"Ц3Css3RцsPё#Bбс┐┌ЦSsSCCc┌цCRЦC#┐┐bцsPё#RбсBЦ3⌠cCrц3rЦ⌠33▓цsPё#bбс▓Ц##C⌠┌ц#rЦCc⌠C#BцsPё#rбс3"Ц┐cS3cBцbЦc⌠┌цsPё#┌бсCRЦ#C┐ccBцBЦcCS2цsPё#▓бсSbЦ#33Bц⌠Цc3S3BцsPё##бсcRЦs3bцsrЦs333#▓цsPё##бсs2ЦS⌠c⌠cBцc2ЦCC⌠┌цsPё##"бсs▓Ц┐⌠┐▓цCrЦ┐cs⌠C32цsPё##2бс┐BЦ#┐⌠SSBц3"Цs3⌠CцsPё##Bбс┐bЦ⌠⌠S#цbЦc3#cBцsPё##Rбс┐rЦ▓бсBЦC3#┐c#┐cfRс2цsPё##bбс┐bЦ⌠⌠S#бсbЦc3#cBцsPё##rбс┐BЦ#┐⌠SSBбс3"Цs3⌠CцsPё##┌бсs▓Ц┐⌠┐▓бсCrЦ┐cs⌠C32цsPё##▓бсs2ЦS⌠c⌠cBбсc2ЦCC⌠┌цsPё#3бсcRЦs3bбсsrЦs333#▓цsPё#3бсSbЦ#33Bбс⌠Цc3S3BцsPё#3"бсCRЦ#C┐ccBбсBЦcCS2цsPё#32бс3"Ц┐cS3cBбсbЦc⌠┌цsPё#3Bбс▓Ц##C⌠┌бс#rЦCc⌠C#BцsPё#3RбсBЦ3⌠cCrбс3rЦ⌠33▓цsPё#3bбс┐┌ЦSsSCCc┌бсCRЦC#┐┐bцsPё#3rбсsЦ⌠c#c▓бсS"Ц3Css3RцsPё#3┌бсSBЦSCCC⌠▓бсSrЦs⌠⌠CcцsPё#3▓бс3bЦcSsCsRбсcЦs3C⌠2цsPё#Cбс┌ЦCsC#rбсcBЦS⌠cцsPё#Cц"ЦsC#S⌠⌠cCs├Rс2бсcBЦ▓цsPё#C"ц┌ЦCsC#rбсcBЦS⌠cцsPё#C2ц3bЦcSsCsRбсcЦs3C⌠2цsPё#CBцSBЦSCCC⌠▓бсSrЦs⌠⌠CcцsPё#CRцsЦ⌠c#c▓бсS"Ц3Css3RцsPё#Cbц┐┌ЦSsSCCc┌бсCRЦC#┐┐bцsPё#CrцBЦ3⌠cCrбс3rЦ⌠33▓цsPё#C┌ц▓Ц##C⌠┌бс#rЦCc⌠C#BцsPё#C▓ц3"Ц┐cS3cBбсbЦc⌠┌цsPё#SцCRЦ#C┐ccBбсBЦcCS2цsPё#SцSbЦ#33Bбс⌠Цc3S3BцsPё#S"цcRЦs3bбсsrЦs333#▓цsPё#S2цs2ЦS⌠c⌠cBбсc2ЦCC⌠┌цsPё#SBцs▓Ц┐⌠┐▓бсCrЦ┐cs⌠C32цsPё#SRц┐BЦ#┐⌠SSBбс3"Цs3⌠CцsPё#Sbц┐bЦ⌠⌠S#бсbЦc3#cBцsPё#Srц┐rЦ▓цBЦcSSCS##SfRсBц ё#S┌ц┐bЦ⌠⌠S#цbЦc3#cBц ё#S▓ц┐BЦ#┐⌠SSBц3"Цs3⌠Cц ё#cцs▓Ц┐⌠┐▓цCrЦ┐cs⌠C32ц ё#cцs2ЦS⌠c⌠cBцc2ЦCC⌠┌ц ё#c"цcRЦs3bцsrЦs333#▓ц ё#c2цSbЦ#33Bц⌠Цc3S3Bц ё#cBцCRЦ#C┐ccBцBЦcCS2ц ё#cRц3"Ц┐cS3cBцbЦc⌠┌ц ё#cbц▓Ц##C⌠┌ц#rЦCc⌠C#Bц ё#crцBЦ3⌠cCrц3rЦ⌠33▓ц ё#c┌ц┐┌ЦSsSCCc┌цCRЦC#┐┐bц ё#c▓цsЦ⌠c#c▓цS"Ц3Css3Rц ё#sцSBЦSCCC⌠▓цSrЦs⌠⌠Ccц ё#sц3bЦcSsCsRцcЦs3C⌠2ц ё#s"ц┌ЦCsC#rцcBЦS⌠cц ё#s2цBЦ3#3ScSsCc3RсBцcBЦ▓ц ё#sBбс┌ЦCsC#rцcBЦS⌠cц ё#sRбс3bЦcSsCsRцcЦs3C⌠2ц ё#sbбсSBЦSCCC⌠▓цSrЦs⌠⌠Ccц ё#srбсsЦ⌠c#c▓цS"Ц3Css3Rц ё#s┌бс┐┌ЦSsSCCc┌цCRЦC#┐┐bц ё#s▓бсBЦ3⌠cCrц3rЦ⌠33▓ц ё#┐бс▓Ц##C⌠┌ц#rЦCc⌠C#Bц ё#┐бс3"Ц┐cS3cBцbЦc⌠┌ц ё#┐"бсCRЦ#C┐ccBцBЦcCS2ц ё#┐2бсSbЦ#33Bц⌠Цc3S3Bц ё#┐BбсcRЦs3bцsrЦs333#▓ц ё#┐Rбсs2ЦS⌠c⌠cBцc2ЦCC⌠┌ц ё#┐bбсs▓Ц┐⌠┐▓цCrЦ┐cs⌠C32ц ё#┐rбс┐BЦ#┐⌠SSBц3"Цs3⌠Cц ё#┐┌бс┐bЦ⌠⌠S#цbЦc3#cBц ё#┐▓бс┐rЦ▓бсBЦ#3⌠3CS⌠s&Rс2ц ё#⌠бс┐bЦ⌠⌠S#бсbЦc3#cBц ё#⌠бс┐BЦ#┐⌠SSBбс3"Цs3⌠Cц ё#⌠"бсs▓Ц┐⌠┐▓бсCrЦ┐cs⌠C32ц ё#⌠2бсs2ЦS⌠c⌠cBбсc2ЦCC⌠┌ц ё#⌠BбсcRЦs3bбсsrЦs333#▓ц ё#⌠RбсSbЦ#33Bбс⌠Цc3S3Bц ё#⌠bбсCRЦ#C┐ccBбсBЦcCS2ц ё#⌠rбс3"Ц┐cS3cBбсbЦc⌠┌ц ё#⌠┌бс▓Ц##C⌠┌бс#rЦCc⌠C#Bц ё#⌠▓бсBЦ3⌠cCrбс3rЦ⌠33▓ц ё3бс┐┌ЦSsSCCc┌бсCRЦC#┐┐bц ё3бсsЦ⌠c#c▓бсS"Ц3Css3Rц ё3"бсSBЦSCCC⌠▓бсSrЦs⌠⌠Ccц ё32бс3bЦcSsCsRбсcЦs3C⌠2ц ё3Bбс┌ЦCsC#rбсcBЦS⌠cц ё3Rц"Ц┐33Cc┐VRс2бсcBЦ▓ц ё3bц┌ЦCsC#rбсcBЦS⌠cц ё3rц3bЦcSsCsRбсcЦs3C⌠2ц ё3┌цSBЦSCCC⌠▓бсSrЦs⌠⌠Ccц ё3▓цsЦ⌠c#c▓бсS"Ц3Css3Rц ё3ц┐┌ЦSsSCCc┌бсCRЦC#┐┐bц ё3цBЦ3⌠cCrбс3rЦ⌠33▓ц ё3"ц▓Ц##C⌠┌бс#rЦCc⌠C#Bц ё32ц3"Ц┐cS3cBбсbЦc⌠┌ц ё3BцCRЦ#C┐ccBбсBЦcCS2ц ё3RцSbЦ#33Bбс⌠Цc3S3Bц ё3bцcRЦs3bбсsrЦs333#▓ц ё3rцs2ЦS⌠c⌠cBбсc2ЦCC⌠┌ц ё3┌цs▓Ц┐⌠┐▓бсCrЦ┐cs⌠C32ц ё3▓ц┐BЦ#┐⌠SSBбс3"Цs3⌠Cц ё3#ц┐bЦ⌠⌠S#бсbЦc3#cBц ё3#ц┐rЦ▓цBЦSc3ccC┐⌠RсBц#Pё3#"ц┐bЦ⌠⌠S#цbЦc3#cBц#Pё3#2ц┐BЦ#┐⌠SSBц3"Цs3⌠Cц#Pё3#Bцs▓Ц┐⌠┐▓цCrЦ┐cs⌠C32ц#Pё3#Rцs2ЦS⌠c⌠cBцc2ЦCC⌠┌ц#Pё3#bцcRЦs3bцsrЦs333#▓ц#Pё3#rцSbЦ#33Bц⌠Цc3S3Bц#Pё3#┌цCRЦ#C┐ccBцBЦcCS2ц#Pё3#▓ц3"Ц┐cS3cBцbЦc⌠┌ц#Pё33ц▓Ц##C⌠┌ц#rЦCc⌠C#Bц#Pё33цBЦ3⌠cCrц3rЦ⌠33▓ц#Pё33"ц┐┌ЦSsSCCc┌цCRЦC#┐┐bц#Pё332цsЦ⌠c#c▓цS"Ц3Css3Rц#Pё33BцSBЦSCCC⌠▓цSrЦs⌠⌠Ccц#Pё33Rц3bЦcSsCsRцcЦs3C⌠2ц#Pё33bц┌ЦCsC#rцcBЦS⌠cц#Pё33rцBЦc3cC3c#3#├RсBцcBЦ▓ц#Pё33┌бс┌ЦCsC#rцcBЦS⌠cц#Pё33▓бс3bЦcSsCsRцcЦs3C⌠2ц#Pё3CбсSBЦSCCC⌠▓цSrЦs⌠⌠Ccц#Pё3CбсsЦ⌠c#c▓цS"Ц3Css3Rц#Pё3C"бс┐┌ЦSsSCCc┌цCRЦC#┐┐bц#Pё3C2бсBЦ3⌠cCrц3rЦ⌠33▓ц#Pё3CBбс▓Ц##C⌠┌ц#rЦCc⌠C#Bц#Pё3CRбс3"Ц┐cS3cBцbЦc⌠┌ц#Pё3CbбсCRЦ#C┐ccBцBЦcCS2ц#Pё3CrбсSbЦ#33Bц⌠Цc3S3Bц#Pё3C┌бсcRЦs3bцsrЦs333#▓ц#Pё3C▓бсs2ЦS⌠c⌠cBцc2ЦCC⌠┌ц#Pё3Sбсs▓Ц┐⌠┐▓цCrЦ┐cs⌠C32ц#Pё3Sбс┐BЦ#┐⌠SSBц3"Цs3⌠Cц#Pё3S"бс┐bЦ⌠⌠S#цbЦc3#cBц#Pё3S2бс┐rЦ▓бс2Ц⌠C3s3CsCccvRс2ц#Pё3SBбс┐bЦ⌠⌠S#бсbЦc3#cBц#Pё3SRбс┐BЦ#┐⌠SSBбс3"Цs3⌠Cц#Pё3Sbбсs▓Ц┐⌠┐▓бсCrЦ┐cs⌠C32ц#Pё3Srбсs2ЦS⌠c⌠cBбсc2ЦCC⌠┌ц#Pё3S┌бсcRЦs3bбсsrЦs333#▓ц#Pё3S▓бсSbЦ#33Bбс⌠Цc3S3Bц#Pё3cбсCRЦ#C┐ccBбсBЦcCS2ц#Pё3cбс3"Ц┐cS3cBбсbЦc⌠┌ц#Pё3c"бс▓Ц##C⌠┌бс#rЦCc⌠C#Bц#Pё3c2бсBЦ3⌠cCrбс3rЦ⌠33▓ц#Pё3cBбс┐┌ЦSsSCCc┌бсCRЦC#┐┐bц#Pё3cRбсsЦ⌠c#c▓бсS"Ц3Css3Rц#Pё3cbбсSBЦSCCC⌠▓бсSrЦs⌠⌠Ccц#Pё3crбс3bЦcSsCsRбсcЦs3C⌠2ц#Pё3c┌бс┌ЦCsC#rбсcBЦS⌠cц#Pё3c▓ц"Ц⌠33⌠⌠┐s36Rс2бсcBЦ▓ц#Pё3sц┌ЦCsC#rбсcBЦS⌠cц#Pё3sц3bЦcSsCsRбсcЦs3C⌠2ц#Pё3s"цSBЦSCCC⌠▓бсSrЦs⌠⌠Ccц#Pё3s2цsЦ⌠c#c▓бсS"Ц3Css3Rц#Pё3sBц┐┌ЦSsSCCc┌бсCRЦC#┐┐bц#Pё3sRцBЦ3⌠cCrбс3rЦ⌠33▓ц#Pё3sbц▓Ц##C⌠┌бс#rЦCc⌠C#Bц#Pё3srц3"Ц┐cS3cBбсbЦc⌠┌ц#Pё3s┌цCRЦ#C┐ccBбсBЦcCS2ц#Pё3s▓цSbЦ#33Bбс⌠Цc3S3Bц#Pё3┐цcRЦs3bбсsrЦs333#▓ц#Pё3┐цs2ЦS⌠c⌠cBбсc2ЦCC⌠┌ц#Pё3┐"цs▓Ц┐⌠┐▓бсCrЦ┐cs⌠C32ц#Pё3┐2ц┐BЦ#┐⌠SSBбс3"Цs3⌠Cц#Pё3┐Bц┐bЦ⌠⌠S#бсbЦc3#cBц#Pё3┐Rц┐rЦ▓цBЦ3⌠┐c#3S√RсBцS ё3┐bц┐bЦ⌠⌠S#цbЦc3#cBцS ё3┐rц┐BЦ#┐⌠SSBц3"Цs3⌠CцS ё3┐┌цs▓Ц┐⌠┐▓цCrЦ┐cs⌠C32цS ё3┐▓цs2ЦS⌠c⌠cBцc2ЦCC⌠┌цS ё3⌠цcRЦs3bцsrЦs333#▓цS ё3⌠цSbЦ#33Bц⌠Цc3S3BцS ё3⌠"цCRЦ#C┐ccBцBЦcCS2цS ё3⌠2ц3"Ц┐cS3cBцbЦc⌠┌цS ё3⌠Bц▓Ц##C⌠┌ц#rЦCc⌠C#BцS ё3⌠RцBЦ3⌠cCrц3rЦ⌠33▓цS ё3⌠bц┐┌ЦSsSCCc┌цCRЦC#┐┐bцS ё3⌠rцsЦ⌠c#c▓цS"Ц3Css3RцS ё3⌠┌цSBЦSCCC⌠▓цSrЦs⌠⌠CcцS ё3⌠▓ц3bЦcSsCsRцcЦs3C⌠2цS ёCц┌ЦCsC#rцcBЦS⌠cцS ёCцBЦ⌠Ss⌠C#┐C&RсBцcBЦ▓цS ёC"бс┌ЦCsC#rцcBЦS⌠cцS ёC2бс3bЦcSsCsRцcЦs3C⌠2цS ёCBбсSBЦSCCC⌠▓цSrЦs⌠⌠CcцS ёCRбсsЦ⌠c#c▓цS"Ц3Css3RцS ёCbбс┐┌ЦSsSCCc┌цCRЦC#┐┐bцS ёCrбсBЦ3⌠cCrц3rЦ⌠33▓цS ёC┌бс▓Ц##C⌠┌ц#rЦCc⌠C#BцS ёC▓бс3"Ц┐cS3cBцbЦc⌠┌цS ёCбсCRЦ#C┐ccBцBЦcCS2цS ёCбсSbЦ#33Bц⌠Цc3S3BцS ёC"бсcRЦs3bцsrЦs333#▓цS ёC2бсs2ЦS⌠c⌠cBцc2ЦCC⌠┌цS ёCBбсs▓Ц┐⌠┐▓цCrЦ┐cs⌠C32цS ёCRбс┐BЦ#┐⌠SSBц3"Цs3⌠CцS ёCbбс┐bЦ⌠⌠S#цbЦc3#cBцS ёCrбс┐rЦ▓бс2Ц┐C#⌠#c⌠C&Rс2цS ёC┌бс┐bЦ⌠⌠S#бсbЦc3#cBцS ёC▓бс┐BЦ#┐⌠SSBбс3"Цs3⌠CцS ёC#бсs▓Ц┐⌠┐▓бсCrЦ┐cs⌠C32цS ёC#бсs2ЦS⌠c⌠cBбсc2ЦCC⌠┌цS ёC#"бсcRЦs3bбсsrЦs333#▓цS ёC#2бсSbЦ#33Bбс⌠Цc3S3BцS ёC#BбсCRЦ#C┐ccBбсBЦcCS2цS ёC#Rбс3"Ц┐cS3cBбсbЦc⌠┌цS ёC#bбс▓Ц##C⌠┌бс#rЦCc⌠C#BцS ёC#rбсBЦ3⌠cCrбс3rЦ⌠33▓цS ёC#┌бс┐┌ЦSsSCCc┌бсCRЦC#┐┐bцS ёC#▓бсsЦ⌠c#c▓бсS"Ц3Css3RцS ёC3бсSBЦSCCC⌠▓бсSrЦs⌠⌠CcцS ёC3бс3bЦcSsCsRбсcЦs3C⌠2цS ёC3"бс┌ЦCsC#rбсcBЦS⌠cцS ёC32ц2Ц⌠sCs┐vRс2бсcBЦ▓цS ёC3Bц┌ЦCsC#rбсcBЦS⌠cцS ёC3Rц3bЦcSsCsRбсcЦs3C⌠2цS ёC3bцSBЦSCCC⌠▓бсSrЦs⌠⌠CcцS ёC3rцsЦ⌠c#c▓бсS"Ц3Css3RцS ёC3┌ц┐┌ЦSsSCCc┌бсCRЦC#┐┐bцS ёC3▓цBЦ3⌠cCrбс3rЦ⌠33▓цS ёCCц▓Ц##C⌠┌бс#rЦCc⌠C#BцS ёCCц3"Ц┐cS3cBбсbЦc⌠┌цS ёCC"цCRЦ#C┐ccBбсBЦcCS2цS ёCC2цSbЦ#33Bбс⌠Цc3S3BцS ёCCBцcRЦs3bбсsrЦs333#▓цS ёCCRцs2ЦS⌠c⌠cBбсc2ЦCC⌠┌цS ёCCbцs▓Ц┐⌠┐▓бсCrЦ┐cs⌠C32цS ёCCrц┐BЦ#┐⌠SSBбс3"Цs3⌠CцS ёCC┌ц┐bЦ⌠⌠S#бсbЦc3#cBцS ёCC▓ц┐rЦ▓ц2Цs33┐s3Cc&RсBцsPёCSц┐bЦ⌠⌠S#цbЦc3#cBцsPёCSц┐BЦ#┐⌠SSBц3"Цs3⌠CцsPёCS"цs▓Ц┐⌠┐▓цCrЦ┐cs⌠C32цsPёCS2цs2ЦS⌠c⌠cBцc2ЦCC⌠┌цsPёCSBцcRЦs3bцsrЦs333#▓цsPёCSRцSbЦ#33Bц⌠Цc3S3BцsPёCSbцCRЦ#C┐ccBцBЦcCS2цsPёCSrц3"Ц┐cS3cBцbЦc⌠┌цsPёCS┌ц▓Ц##C⌠┌ц#rЦCc⌠C#BцsPёCS▓цBЦ3⌠cCrц3rЦ⌠33▓цsPёCcц┐┌ЦSsSCCc┌цCRЦC#┐┐bцsPёCcцsЦ⌠c#c▓цS"Ц3Css3RцsPёCc"цSBЦSCCC⌠▓цSrЦs⌠⌠CcцsPёCc2ц3bЦcSsCsRцcЦs3C⌠2цsPёCcBц┌ЦCsC#rцcBЦS⌠cцsPёCcRц2Цc┐C3⌠ss3√RсBцcBЦ▓цsPёCcbбс┌ЦCsC#rцcBЦS⌠cцsPёCcrбс3bЦcSsCsRцcЦs3C⌠2цsPёCc┌бсSBЦSCCC⌠▓цSrЦs⌠⌠CcцsPёCc▓бсsЦ⌠c#c▓цS"Ц3Css3RцsPёCsбс┐┌ЦSsSCCc┌цCRЦC#┐┐bцsPёCsбсBЦ3⌠cCrц3rЦ⌠33▓цsPёCs"бс▓Ц##C⌠┌ц#rЦCc⌠C#BцsPёCs2бс3"Ц┐cS3cBцbЦc⌠┌цsPёCsBбсCRЦ#C┐ccBцBЦcCS2цsPёCsRбсSbЦ#33Bц⌠Цc3S3BцsPёCsbбсcRЦs3bцsrЦs333#▓цsPёCsrбсs2ЦS⌠c⌠cBцc2ЦCC⌠┌цsPёCs┌бсs▓Ц┐⌠┐▓цCrЦ┐cs⌠C32цsPёCs▓бс┐BЦ#┐⌠SSBц3"Цs3⌠CцsPёC┐бс┐bЦ⌠⌠S#цbЦc3#cBцsPёC┐бс┐rЦ▓бс2ЦsCS┐C⌠┐#sVRс2цsPёC┐"бс┐bЦ⌠⌠S#бсbЦc3#cBцsPёC┐2бс┐BЦ#┐⌠SSBбс3"Цs3⌠CцsPёC┐Bбсs▓Ц┐⌠┐▓бсCrЦ┐cs⌠C32цsPёC┐Rбсs2ЦS⌠c⌠cBбсc2ЦCC⌠┌цsPёC┐bбсcRЦs3bбсsrЦs333#▓цsPёC┐rбсSbЦ#33Bбс⌠Цc3S3BцsPёC┐┌бсCRЦ#C┐ccBбсBЦcCS2цsPёC┐▓бс3"Ц┐cS3cBбсbЦc⌠┌цsPёC⌠бс▓Ц##C⌠┌бс#rЦCc⌠C#BцsPёC⌠бсBЦ3⌠cCrбс3rЦ⌠33▓цsPёC⌠"бс┐┌ЦSsSCCc┌бсCRЦC#┐┐bцsPёC⌠2бсsЦ⌠c#c▓бсS"Ц3Css3RцsPёC⌠BбсSBЦSCCC⌠▓бсSrЦs⌠⌠CcцsPёC⌠Rбс3bЦcSsCsRбсcЦs3C⌠2цsPёC⌠bбс┌ЦCsC#rбсcBЦS⌠cцsPёC⌠rц2Ц⌠┐┐S#c⌠VRс2бсcBЦ▓цsPёC⌠┌ц┌ЦCsC#rбсcBЦS⌠cцsPёC⌠▓ц3bЦcSsCsRбсcЦs3C⌠2цsPёSцSBЦSCCC⌠▓бсSrЦs⌠⌠CcцsPёSцsЦ⌠c#c▓бсS"Ц3Css3RцsPёS"ц┐┌ЦSsSCCc┌бсCRЦC#┐┐bцsPёS2цBЦ3⌠cCrбс3rЦ⌠33▓цsPёSBц▓Ц##C⌠┌бс#rЦCc⌠C#BцsPёSRц3"Ц┐cS3cBбсbЦc⌠┌цsPёSbцCRЦ#C┐ccBбсBЦcCS2цsPёSrцSbЦ#33Bбс⌠Цc3S3BцsPёS┌цcRЦs3bбсsrЦs333#▓цsPёS▓цs2ЦS⌠c⌠cBбсc2ЦCC⌠┌цsPёSцs▓Ц┐⌠┐▓бсCrЦ┐cs⌠C32цsPёSц┐BЦ#┐⌠SSBбс3"Цs3⌠CцsPёS"ц┐bЦ⌠⌠S#бсbЦc3#cBцsPёS2ц┐rЦ▓ц2Ц33c3cSS⌠vRсBц# ёSBц┐bЦ⌠⌠S#цbЦc3#cBц# ёSRц┐BЦ#┐⌠SSBц3"Цs3⌠Cц# ёSbцs▓Ц┐⌠┐▓цCrЦ┐cs⌠C32ц# ёSrцs2ЦS⌠c⌠cBцc2ЦCC⌠┌ц# ёS┌цcRЦs3bцsrЦs333#▓ц# ёS▓цSbЦ#33Bц⌠Цc3S3Bц# ёS#цCRЦ#C┐ccBцBЦcCS2ц# ёS#ц3"Ц┐cS3cBцbЦc⌠┌ц# ёS#"ц▓Ц##C⌠┌ц#rЦCc⌠C#Bц# ёS#2цBЦ3⌠cCrц3rЦ⌠33▓ц# ёS#Bц┐┌ЦSsSCCc┌цCRЦC#┐┐bц# ёS#RцsЦ⌠c#c▓цS"Ц3Css3Rц# ёS#bцSBЦSCCC⌠▓цSrЦs⌠⌠Ccц# ёS#rц3bЦcSsCsRцcЦs3C⌠2ц# ёS#┌ц┌ЦCsC#rцcBЦS⌠cц# ёS#▓ц2Ц#⌠3Cc#sssc&RсBцcBЦ▓ц# ёS3бс┌ЦCsC#rцcBЦS⌠cц# ёS3бс3bЦcSsCsRцcЦs3C⌠2ц# ёS3"бсSBЦSCCC⌠▓цSrЦs⌠⌠Ccц# ёS32бсsЦ⌠c#c▓цS"Ц3Css3Rц# ёS3Bбс┐┌ЦSsSCCc┌цCRЦC#┐┐bц# ёS3RбсBЦ3⌠cCrц3rЦ⌠33▓ц# ёS3bбс▓Ц##C⌠┌ц#rЦCc⌠C#Bц# ёS3rбс3"Ц┐cS3cBцbЦc⌠┌ц# ёS3┌бсCRЦ#C┐ccBцBЦcCS2ц# ёS3▓бсSbЦ#33Bц⌠Цc3S3Bц# ёSCбсcRЦs3bцsrЦs333#▓ц# ёSCбсs2ЦS⌠c⌠cBцc2ЦCC⌠┌ц# ёSC"бсs▓Ц┐⌠┐▓цCrЦ┐cs⌠C32ц# ёSC2бс┐BЦ#┐⌠SSBц3"Цs3⌠Cц# ёSCBбс┐bЦ⌠⌠S#цbЦc3#cBц# ёSCRбс┐rЦ▓бс2Цc3⌠cs┐C#√Rс2ц# ёSCbбс┐bЦ⌠⌠S#бсbЦc3#cBц# ёSCrбс┐BЦ#┐⌠SSBбс3"Цs3⌠Cц# ёSC┌бсs▓Ц┐⌠┐▓бсCrЦ┐cs⌠C32ц# ёSC▓бсs2ЦS⌠c⌠cBбсc2ЦCC⌠┌ц# ёSSбсcRЦs3bбсsrЦs333#▓ц# ёSSбсSbЦ#33Bбс⌠Цc3S3Bц# ёSS"бсCRЦ#C┐ccBбсBЦcCS2ц# ёSS2бс3"Ц┐cS3cBбсbЦc⌠┌ц# ёSSBбс▓Ц##C⌠┌бс#rЦCc⌠C#Bц# ёSSRбсBЦ3⌠cCrбс3rЦ⌠33▓ц# ёSSbбс┐┌ЦSsSCCc┌бсCRЦC#┐┐bц# ёSSrбсsЦ⌠c#c▓бсS"Ц3Css3Rц# ёSS┌бсSBЦSCCC⌠▓бсSrЦs⌠⌠Ccц# ёSS▓бс3bЦcSsCsRбсcЦs3C⌠2ц# ёScбс┌ЦCsC#rбсcBЦS⌠cц# ёScц2Ц#s##CS6Rс2бсcBЦ▓ц# ёSc"ц┌ЦCsC#rбсcBЦS⌠cц# ёSc2ц3bЦcSsCsRбсcЦs3C⌠2ц# ёScBцSBЦSCCC⌠▓бсSrЦs⌠⌠Ccц# ёScRцsЦ⌠c#c▓бсS"Ц3Css3Rц# ёScbц┐┌ЦSsSCCc┌бсCRЦC#┐┐bц# ёScrцBЦ3⌠cCrбс3rЦ⌠33▓ц# ёSc┌ц▓Ц##C⌠┌бс#rЦCc⌠C#Bц# ёSc▓ц3"Ц┐cS3cBбсbЦc⌠┌ц# ёSsцCRЦ#C┐ccBбсBЦcCS2ц# ёSsцSbЦ#33Bбс⌠Цc3S3Bц# ёSs"цcRЦs3bбсsrЦs333#▓ц# ёSs2цs2ЦS⌠c⌠cBбсc2ЦCC⌠┌ц# ёSsBцs▓Ц┐⌠┐▓бсCrЦ┐cs⌠C32ц# ёSsRц┐BЦ#┐⌠SSBбс3"Цs3⌠Cц# ёSsbц┐bЦ⌠⌠S#бсbЦc3#cBц# ёSsrц┐rЦ▓ц"ЦC⌠C#┐SS#VRсBц##PёSs┌ц┐bЦ⌠⌠S#цbЦc3#cBц##PёSs▓ц┐BЦ#┐⌠SSBц3"Цs3⌠Cц##PёS┐цs▓Ц┐⌠┐▓цCrЦ┐cs⌠C32ц##PёS┐цs2ЦS⌠c⌠cBцc2ЦCC⌠┌ц##PёS┐"цcRЦs3bцsrЦs333#▓ц##PёS┐2цSbЦ#33Bц⌠Цc3S3Bц##PёS┐BцCRЦ#C┐ccBцBЦcCS2ц##PёS┐Rц3"Ц┐cS3cBцbЦc⌠┌ц##PёS┐bц▓Ц##C⌠┌ц#rЦCc⌠C#Bц##PёS┐rцBЦ3⌠cCrц3rЦ⌠33▓ц##PёS┐┌ц┐┌ЦSsSCCc┌цCRЦC#┐┐bц##PёS┐▓цsЦ⌠c#c▓цS"Ц3Css3Rц##PёS⌠цSBЦSCCC⌠▓цSrЦs⌠⌠Ccц##PёS⌠ц3bЦcSsCsRцcЦs3C⌠2ц##PёS⌠"ц┌ЦCsC#rцcBЦS⌠cц##PёS⌠2ц"Ц⌠cS┐s┐⌠⌠SvRсBцcBЦ▓ц##PёS⌠Bбс┌ЦCsC#rцcBЦS⌠cц##PёS⌠Rбс3bЦcSsCsRцcЦs3C⌠2ц##PёS⌠bбсSBЦSCCC⌠▓цSrЦs⌠⌠Ccц##PёS⌠rбсsЦ⌠c#c▓цS"Ц3Css3Rц##PёS⌠┌бс┐┌ЦSsSCCc┌цCRЦC#┐┐bц##PёS⌠▓бсBЦ3⌠cCrц3rЦ⌠33▓ц##Pёcбс▓Ц##C⌠┌ц#rЦCc⌠C#Bц##Pёcбс3"Ц┐cS3cBцbЦc⌠┌ц##Pёc"бсCRЦ#C┐ccBцBЦcCS2ц##Pёc2бсSbЦ#33Bц⌠Цc3S3Bц##PёcBбсcRЦs3bцsrЦs333#▓ц##PёcRбсs2ЦS⌠c⌠cBцc2ЦCC⌠┌ц##Pёcbбсs▓Ц┐⌠┐▓цCrЦ┐cs⌠C32ц##Pёcrбс┐BЦ#┐⌠SSBц3"Цs3⌠Cц##Pёc┌бс┐bЦ⌠⌠S#цbЦc3#cBц##Pёc▓бс┐rЦ▓бс2ЦSCsSSCS√Rс2ц##Pёcбс┐bЦ⌠⌠S#бсbЦc3#cBц##Pёcбс┐BЦ#┐⌠SSBбс3"Цs3⌠Cц##Pёc"бсs▓Ц┐⌠┐▓бсCrЦ┐cs⌠C32ц##Pёc2бсs2ЦS⌠c⌠cBбсc2ЦCC⌠┌ц##PёcBбсcRЦs3bбсsrЦs333#▓ц##PёcRбсSbЦ#33Bбс⌠Цc3S3Bц##PёcbбсCRЦ#C┐ccBбсBЦcCS2ц##Pёcrбс3"Ц┐cS3cBбсbЦc⌠┌ц##Pёc┌бс▓Ц##C⌠┌бс#rЦCc⌠C#Bц##Pёc▓бсBЦ3⌠cCrбс3rЦ⌠33▓ц##Pёc#бс┐┌ЦSsSCCc┌бсCRЦC#┐┐bц##Pёc#бсsЦ⌠c#c▓бсS"Ц3Css3Rц##Pёc#"бсSBЦSCCC⌠▓бсSrЦs⌠⌠Ccц##Pёc#2бс3bЦcSsCsRбсcЦs3C⌠2ц##Pёc#Bбс┌ЦCsC#rбсcBЦS⌠cц##Pёc#Rц2Ц#Ss⌠┐CscCRс2бсcBЦ▓ц##Pёc#bц┌ЦCsC#rбсcBЦS⌠cц##Pёc#rц3bЦcSsCsRбсcЦs3C⌠2ц##Pёc#┌цSBЦSCCC⌠▓бсSrЦs⌠⌠Ccц##Pёc#▓цsЦ⌠c#c▓бсS"Ц3Css3Rц##Pёc3ц┐┌ЦSsSCCc┌бсCRЦC#┐┐bц##Pёc3цBЦ3⌠cCrбс3rЦ⌠33▓ц##Pёc3"ц▓Ц##C⌠┌бс#rЦCc⌠C#Bц##Pёc32ц3"Ц┐cS3cBбсbЦc⌠┌ц##Pёc3BцCRЦ#C┐ccBбсBЦcCS2ц##Pёc3RцSbЦ#33Bбс⌠Цc3S3Bц##Pёc3bцcRЦs3bбсsrЦs333#▓ц##Pёc3rцs2ЦS⌠c⌠cBбсc2ЦCC⌠┌ц##Pёc3┌цs▓Ц┐⌠┐▓бсCrЦ┐cs⌠C32ц##Pёc3▓ц┐BЦ#┐⌠SSBбс3"Цs3⌠Cц##PёcCц┐bЦ⌠⌠S#бсbЦc3#cBц##PёcCц┐rЦ▓ц"Ц3c┐#┐c6RсBц#S ёcC"ц┐bЦ⌠⌠S#цbЦc3#cBц#S ёcC2ц┐BЦ#┐⌠SSBц3"Цs3⌠Cц#S ёcCBцs▓Ц┐⌠┐▓цCrЦ┐cs⌠C32ц#S ёcCRцs2ЦS⌠c⌠cBцc2ЦCC⌠┌ц#S ёcCbцcRЦs3bцsrЦs333#▓ц#S ёcCrцSbЦ#33Bц⌠Цc3S3Bц#S ёcC┌цCRЦ#C┐ccBцBЦcCS2ц#S ёcC▓ц3"Ц┐cS3cBцbЦc⌠┌ц#S ёcSц▓Ц##C⌠┌ц#rЦCc⌠C#Bц#S ёcSцBЦ3⌠cCrц3rЦ⌠33▓ц#S ёcS"ц┐┌ЦSsSCCc┌цCRЦC#┐┐bц#S ёcS2цsЦ⌠c#c▓цS"Ц3Css3Rц#S ёcSBцSBЦSCCC⌠▓цSrЦs⌠⌠Ccц#S ёcSRц3bЦcSsCsRцcЦs3C⌠2ц#S ёcSbц┌ЦCsC#rцcBЦS⌠cц#S ёcSrц"Цc┐3SC#3#RсBцcBЦ▓ц#S ёcS┌бс┌ЦCsC#rцcBЦS⌠cц#S ёcS▓бс3bЦcSsCsRцcЦs3C⌠2ц#S ёccбсSBЦSCCC⌠▓цSrЦs⌠⌠Ccц#S ёccбсsЦ⌠c#c▓цS"Ц3Css3Rц#S ёcc"бс┐┌ЦSsSCCc┌цCRЦC#┐┐bц#S ёcc2бсBЦ3⌠cCrц3rЦ⌠33▓ц#S ёccBбс▓Ц##C⌠┌ц#rЦCc⌠C#Bц#S ёccRбс3"Ц┐cS3cBцbЦc⌠┌ц#S ёccbбсCRЦ#C┐ccBцBЦcCS2ц#S ёccrбсSbЦ#33Bц⌠Цc3S3Bц#S ёcc┌бсcRЦs3bцsrЦs333#▓ц#S ёcc▓бсs2ЦS⌠c⌠cBцc2ЦCC⌠┌ц#S ёcsбсs▓Ц┐⌠┐▓цCrЦ┐cs⌠C32ц#S ёcsбс┐BЦ#┐⌠SSBц3"Цs3⌠Cц#S ёcs"бс┐bЦ⌠⌠S#цbЦc3#cBц#S ёcs2бс┐rЦ▓бс2ЦCS3##sss├Rс2ц#S ёcsBбс┐bЦ⌠⌠S#бсbЦc3#cBц#S ёcsRбс┐BЦ#┐⌠SSBбс3"Цs3⌠Cц#S ёcsbбсs▓Ц┐⌠┐▓бсCrЦ┐cs⌠C32ц#S ёcsrбсs2ЦS⌠c⌠cBбсc2ЦCC⌠┌ц#S ёcs┌бсcRЦs3bбсsrЦs333#▓ц#S ёcs▓бсSbЦ#33Bбс⌠Цc3S3Bц#S ёc┐бсCRЦ#C┐ccBбсBЦcCS2ц#S ёc┐бс3"Ц┐cS3cBбсbЦc⌠┌ц#S ёc┐"бс▓Ц##C⌠┌бс#rЦCc⌠C#Bц#S ёc┐2бсBЦ3⌠cCrбс3rЦ⌠33▓ц#S ёc┐Bбс┐┌ЦSsSCCc┌бсCRЦC#┐┐bц#S ёc┐RбсsЦ⌠c#c▓бсS"Ц3Css3Rц#S ёc┐bбсSBЦSCCC⌠▓бсSrЦs⌠⌠Ccц#S ёc┐rбс3bЦcSsCsRбсcЦs3C⌠2ц#S ёc┐┌бс┌ЦCsC#rбсcBЦS⌠cц#S ёc┐▓ц2Ц3cs#S3┐VRс2бсcBЦ▓ц#S ёc⌠ц┌ЦCsC#rбсcBЦS⌠cц#S ёc⌠ц3bЦcSsCsRбсcЦs3C⌠2ц#S ёc⌠"цSBЦSCCC⌠▓бсSrЦs⌠⌠Ccц#S ёc⌠2цsЦ⌠c#c▓бсS"Ц3Css3Rц#S ёc⌠Bц┐┌ЦSsSCCc┌бсCRЦC#┐┐bц#S ёc⌠RцBЦ3⌠cCrбс3rЦ⌠33▓ц#S ёc⌠bц▓Ц##C⌠┌бс#rЦCc⌠C#Bц#S ёc⌠rц3"Ц┐cS3cBбсbЦc⌠┌ц#S ёc⌠┌цCRЦ#C┐ccBбсBЦcCS2ц#S ёc⌠▓цSbЦ#33Bбс⌠Цc3S3Bц#S ёsцcRЦs3bбсsrЦs333#▓ц#S ёsцs2ЦS⌠c⌠cBбсc2ЦCC⌠┌ц#S ёs"цs▓Ц┐⌠┐▓бсCrЦ┐cs⌠C32ц#S ёs2ц┐BЦ#┐⌠SSBбс3"Цs3⌠Cц#S ёsBц┐bЦ⌠⌠S#бсbЦc3#cBц#S ёsRц┐rЦ▓ц"Ц#S⌠S⌠├RсBц#sPёsbц┐bЦ⌠⌠S#цbЦc3#cBц#sPёsrц┐BЦ#┐⌠SSBц3"Цs3⌠Cц#sPёs┌цs▓Ц┐⌠┐▓цCrЦ┐cs⌠C32ц#sPёs▓цs2ЦS⌠c⌠cBцc2ЦCC⌠┌ц#sPёsцcRЦs3bцsrЦs333#▓ц#sPёsцSbЦ#33Bц⌠Цc3S3Bц#sPёs"цCRЦ#C┐ccBцBЦcCS2ц#sPёs2ц3"Ц┐cS3cBцbЦc⌠┌ц#sPёsBц▓Ц##C⌠┌ц#rЦCc⌠C#Bц#sPёsRцBЦ3⌠cCrц3rЦ⌠33▓ц#sPёsbц┐┌ЦSsSCCc┌цCRЦC#┐┐bц#sPёsrцsЦ⌠c#c▓цS"Ц3Css3Rц#sPёs┌цSBЦSCCC⌠▓цSrЦs⌠⌠Ccц#sPёs▓ц3bЦcSsCsRцcЦs3C⌠2ц#sPёs#ц┌ЦCsC#rцcBЦS⌠cц#sPёs#ц"ЦC#S⌠┐⌠⌠Cc3fRсBцcBЦ▓ц#sPёs#"бс┌ЦCsC#rцcBЦS⌠cц#sPёs#2бс3bЦcSsCsRцcЦs3C⌠2ц#sPёs#BбсSBЦSCCC⌠▓цSrЦs⌠⌠Ccц#sPёs#RбсsЦ⌠c#c▓цS"Ц3Css3Rц#sPёs#bбс┐┌ЦSsSCCc┌цCRЦC#┐┐bц#sPёs#rбсBЦ3⌠cCrц3rЦ⌠33▓ц#sPёs#┌бс▓Ц##C⌠┌ц#rЦCc⌠C#Bц#sPёs#▓бс3"Ц┐cS3cBцbЦc⌠┌ц#sPёs3бсCRЦ#C┐ccBцBЦcCS2ц#sPёs3бсSbЦ#33Bц⌠Цc3S3Bц#sPёs3"бсcRЦs3bцsrЦs333#▓ц#sPёs32бсs2ЦS⌠c⌠cBцc2ЦCC⌠┌ц#sPёs3Bбсs▓Ц┐⌠┐▓цCrЦ┐cs⌠C32ц#sPёs3Rбс┐BЦ#┐⌠SSBц3"Цs3⌠Cц#sPёs3bбс┐bЦ⌠⌠S#цbЦc3#cBц#sPёs3rбс┐rЦ▓бс2Ц3┐3⌠c3cS3sfRс2ц#sPёs3┌бс┐bЦ⌠⌠S#бсbЦc3#cBц#sPёs3▓бс┐BЦ#┐⌠SSBбс3"Цs3⌠Cц#sPёsCбсs▓Ц┐⌠┐▓бсCrЦ┐cs⌠C32ц#sPёsCбсs2ЦS⌠c⌠cBбсc2ЦCC⌠┌ц#sPёsC"бсcRЦs3bбсsrЦs333#▓ц#sPёsC2бсSbЦ#33Bбс⌠Цc3S3Bц#sPёsCBбсCRЦ#C┐ccBбсBЦcCS2ц#sPёsCRбс3"Ц┐cS3cBбсbЦc⌠┌ц#sPёsCbбс▓Ц##C⌠┌бс#rЦCc⌠C#Bц#sPёsCrбсBЦ3⌠cCrбс3rЦ⌠33▓ц#sPёsC┌бс┐┌ЦSsSCCc┌бсCRЦC#┐┐bц#sPёsC▓бсsЦ⌠c#c▓бсS"Ц3Css3Rц#sPёsSбсSBЦSCCC⌠▓бсSrЦs⌠⌠Ccц#sPёsSбс3bЦcSsCsRбсcЦs3C⌠2ц#sPёsS"бс┌ЦCsC#rбсcBЦS⌠cц#sPёsS2ц2ЦC3S⌠S⌠s⌠├Rс2бсcBЦ▓ц#sPёsSBц┌ЦCsC#rбсcBЦS⌠cц#sPёsSRц3bЦcSsCsRбсcЦs3C⌠2ц#sPёsSbцSBЦSCCC⌠▓бсSrЦs⌠⌠Ccц#sPёsSrцsЦ⌠c#c▓бсS"Ц3Css3Rц#sPёsS┌ц┐┌ЦSsSCCc┌бсCRЦC#┐┐bц#sPёsS▓цBЦ3⌠cCrбс3rЦ⌠33▓ц#sPёscц▓Ц##C⌠┌бс#rЦCc⌠C#Bц#sPёscц3"Ц┐cS3cBбсbЦc⌠┌ц#sPёsc"цCRЦ#C┐ccBбсBЦcCS2ц#sPёsc2цSbЦ#33Bбс⌠Цc3S3Bц#sPёscBцcRЦs3bбсsrЦs333#▓ц#sPёscRцs2ЦS⌠c⌠cBбсc2ЦCC⌠┌ц#sPёscbцs▓Ц┐⌠┐▓бсCrЦ┐cs⌠C32ц#sPёscrц┐BЦ#┐⌠SSBбс3"Цs3⌠Cц#sPёsc┌ц┐bЦ⌠⌠S#бсbЦc3#cBц#sPёsc▓ц┐rЦ▓цЦSS┐SSScSs3fRсBц3 ёssц┐bЦ⌠⌠S#цbЦc3#cBц3 ёssц┐BЦ#┐⌠SSBц3"Цs3⌠Cц3 ёss"цs▓Ц┐⌠┐▓цCrЦ┐cs⌠C32ц3 ёss2цs2ЦS⌠c⌠cBцc2ЦCC⌠┌ц3 ёssBцcRЦs3bцsrЦs333#▓ц3 ёssRцSbЦ#33Bц⌠Цc3S3Bц3 ёssbцCRЦ#C┐ccBцBЦcCS2ц3 ёssrц3"Ц┐cS3cBцbЦc⌠┌ц3 ёss┌ц▓Ц##C⌠┌ц#rЦCc⌠C#Bц3 ёss▓цBЦ3⌠cCrц3rЦ⌠33▓ц3 ёs┐ц┐┌ЦSsSCCc┌цCRЦC#┐┐bц3 ёs┐цsЦ⌠c#c▓цS"Ц3Css3Rц3 ёs┐"цSBЦSCCC⌠▓цSrЦs⌠⌠Ccц3 ёs┐2ц3bЦcSsCsRцcЦs3C⌠2ц3 ёs┐Bц┌ЦCsC#rцcBЦS⌠cц3 ёs┐Rц"ЦSss┐┐c├RсBцcBЦ▓ц3 ёs┐bбс┌ЦCsC#rцcBЦS⌠cц3 ёs┐rбс3bЦcSsCsRцcЦs3C⌠2ц3 ёs┐┌бсSBЦSCCC⌠▓цSrЦs⌠⌠Ccц3 ёs┐▓бсsЦ⌠c#c▓цS"Ц3Css3Rц3 ёs⌠бс┐┌ЦSsSCCc┌цCRЦC#┐┐bц3 ёs⌠бсBЦ3⌠cCrц3rЦ⌠33▓ц3 ёs⌠"бс▓Ц##C⌠┌ц#rЦCc⌠C#Bц3 ёs⌠2бс3"Ц┐cS3cBцbЦc⌠┌ц3 ёs⌠BбсCRЦ#C┐ccBцBЦcCS2ц3 ёs⌠RбсSbЦ#33Bц⌠Цc3S3Bц3 ёs⌠bбсcRЦs3bцsrЦs333#▓ц3 ёs⌠rбсs2ЦS⌠c⌠cBцc2ЦCC⌠┌ц3 ёs⌠┌бсs▓Ц┐⌠┐▓цCrЦ┐cs⌠C32ц3 ёs⌠▓бс┐BЦ#┐⌠SSBц3"Цs3⌠Cц3 ё┐бс┐bЦ⌠⌠S#цbЦc3#cBц3 ё┐бс┐rЦ▓бс2Ц#sCCs┐C3#VRс2ц3 ё┐"бс┐bЦ⌠⌠S#бсbЦc3#cBц3 ё┐2бс┐BЦ#┐⌠SSBбс3"Цs3⌠Cц3 ё┐Bбсs▓Ц┐⌠┐▓бсCrЦ┐cs⌠C32ц3 ё┐Rбсs2ЦS⌠c⌠cBбсc2ЦCC⌠┌ц3 ё┐bбсcRЦs3bбсsrЦs333#▓ц3 ё┐rбсSbЦ#33Bбс⌠Цc3S3Bц3 ё┐┌бсCRЦ#C┐ccBбсBЦcCS2ц3 ё┐▓бс3"Ц┐cS3cBбсbЦc⌠┌ц3 ё┐бс▓Ц##C⌠┌бс#rЦCc⌠C#Bц3 ё┐бсBЦ3⌠cCrбс3rЦ⌠33▓ц3 ё┐"бс┐┌ЦSsSCCc┌бсCRЦC#┐┐bц3 ё┐2бсsЦ⌠c#c▓бсS"Ц3Css3Rц3 ё┐BбсSBЦSCCC⌠▓бсSrЦs⌠⌠Ccц3 ё┐Rбс3bЦcSsCsRбсcЦs3C⌠2ц3 ё┐bбс┌ЦCsC#rбсcBЦS⌠cц3 ё┐rц2ЦSC⌠┐33┐C┐6Rс2бсcBЦ▓ц3 ё┐┌ц┌ЦCsC#rбсcBЦS⌠cц3 ё┐▓ц3bЦcSsCsRбсcЦs3C⌠2ц3 ё┐#цSBЦSCCC⌠▓бсSrЦs⌠⌠Ccц3 ё┐#цsЦ⌠c#c▓бсS"Ц3Css3Rц3 ё┐#"ц┐┌ЦSsSCCc┌бсCRЦC#┐┐bц3 ё┐#2цBЦ3⌠cCrбс3rЦ⌠33▓ц3 ё┐#Bц▓Ц##C⌠┌бс#rЦCc⌠C#Bц3 ё┐#Rц3"Ц┐cS3cBбсbЦc⌠┌ц3 ё┐#bцCRЦ#C┐ccBбсBЦcCS2ц3 ё┐#rцSbЦ#33Bбс⌠Цc3S3Bц3 ё┐#┌цcRЦs3bбсsrЦs333#▓ц3 ё┐#▓цs2ЦS⌠c⌠cBбсc2ЦCC⌠┌ц3 ё┐3цs▓Ц┐⌠┐▓бсCrЦ┐cs⌠C32ц3 ё┐3ц┐BЦ#┐⌠SSBбс3"Цs3⌠Cц3 ё┐3"ц┐bЦ⌠⌠S#бсbЦc3#cBц3 ё┐32ц┐rЦ▓цЦSsSCsSc#3├RсBц3#Pё┐3Bц┐bЦ⌠⌠S#цbЦc3#cBц3#Pё┐3Rц┐BЦ#┐⌠SSBц3"Цs3⌠Cц3#Pё┐3bцs▓Ц┐⌠┐▓цCrЦ┐cs⌠C32ц3#Pё┐3rцs2ЦS⌠c⌠cBцc2ЦCC⌠┌ц3#Pё┐3┌цcRЦs3bцsrЦs333#▓ц3#Pё┐3▓цSbЦ#33Bц⌠Цc3S3Bц3#Pё┐CцCRЦ#C┐ccBцBЦcCS2ц3#Pё┐Cц3"Ц┐cS3cBцbЦc⌠┌ц3#Pё┐C"ц▓Ц##C⌠┌ц#rЦCc⌠C#Bц3#Pё┐C2цBЦ3⌠cCrц3rЦ⌠33▓ц3#Pё┐CBц┐┌ЦSsSCCc┌цCRЦC#┐┐bц3#Pё┐CRцsЦ⌠c#c▓цS"Ц3Css3Rц3#Pё┐CbцSBЦSCCC⌠▓цSrЦs⌠⌠Ccц3#Pё┐Crц3bЦcSsCsRцcЦs3C⌠2ц3#Pё┐C┌ц┌ЦCsC#rцcBЦS⌠cц3#Pё┐C▓цЦ┐cS##3C⌠⌠&RсBцcBЦ▓ц3#Pё┐Sбс┌ЦCsC#rцcBЦS⌠cц3#Pё┐Sбс3bЦcSsCsRцcЦs3C⌠2ц3#Pё┐S"бсSBЦSCCC⌠▓цSrЦs⌠⌠Ccц3#Pё┐S2бсsЦ⌠c#c▓цS"Ц3Css3Rц3#Pё┐SBбс┐┌ЦSsSCCc┌цCRЦC#┐┐bц3#Pё┐SRбсBЦ3⌠cCrц3rЦ⌠33▓ц3#Pё┐Sbбс▓Ц##C⌠┌ц#rЦCc⌠C#Bц3#Pё┐Srбс3"Ц┐cS3cBцbЦc⌠┌ц3#Pё┐S┌бсCRЦ#C┐ccBцBЦcCS2ц3#Pё┐S▓бсSbЦ#33Bц⌠Цc3S3Bц3#Pё┐cбсcRЦs3bцsrЦs333#▓ц3#Pё┐cбсs2ЦS⌠c⌠cBцc2ЦCC⌠┌ц3#Pё┐c"бсs▓Ц┐⌠┐▓цCrЦ┐cs⌠C32ц3#Pё┐c2бс┐BЦ#┐⌠SSBц3"Цs3⌠Cц3#Pё┐cBбс┐bЦ⌠⌠S#цbЦc3#cBц3#Pё┐cRбс┐rЦ▓бс2Ц#C┐⌠⌠#CcVRс2ц3#Pё┐cbбс┐bЦ⌠⌠S#бсbЦc3#cBц3#Pё┐crбс┐BЦ#┐⌠SSBбс3"Цs3⌠Cц3#Pё┐c┌бсs▓Ц┐⌠┐▓бсCrЦ┐cs⌠C32ц3#Pё┐c▓бсs2ЦS⌠c⌠cBбсc2ЦCC⌠┌ц3#Pё┐sбсcRЦs3bбсsrЦs333#▓ц3#Pё┐sбсSbЦ#33Bбс⌠Цc3S3Bц3#Pё┐s"бсCRЦ#C┐ccBбсBЦcCS2ц3#Pё┐s2бс3"Ц┐cS3cBбсbЦc⌠┌ц3#Pё┐sBбс▓Ц##C⌠┌бс#rЦCc⌠C#Bц3#Pё┐sRбсBЦ3⌠cCrбс3rЦ⌠33▓ц3#Pё┐sbбс┐┌ЦSsSCCc┌бсCRЦC#┐┐bц3#Pё┐srбсsЦ⌠c#c▓бсS"Ц3Css3Rц3#Pё┐s┌бсSBЦSCCC⌠▓бсSrЦs⌠⌠Ccц3#Pё┐s▓бс3bЦcSsCsRбсcЦs3C⌠2ц3#Pё┐┐бс┌ЦCsC#rбсcBЦS⌠cц3#Pё┐┐ц2Цc###3┐3S√Rс2бсcBЦ▓ц3#Pё┐┐"ц┌ЦCsC#rбсcBЦS⌠cц3#Pё┐┐2ц3bЦcSsCsRбсcЦs3C⌠2ц3#Pё┐┐BцSBЦSCCC⌠▓бсSrЦs⌠⌠Ccц3#Pё┐┐RцsЦ⌠c#c▓бсS"Ц3Css3Rц3#Pё┐┐bц┐┌ЦSsSCCc┌бсCRЦC#┐┐bц3#Pё┐┐rцBЦ3⌠cCrбс3rЦ⌠33▓ц3#Pё┐┐┌ц▓Ц##C⌠┌бс#rЦCc⌠C#Bц3#Pё┐┐▓ц3"Ц┐cS3cBбсbЦc⌠┌ц3#Pё┐⌠цCRЦ#C┐ccBбсBЦcCS2ц3#Pё┐⌠цSbЦ#33Bбс⌠Цc3S3Bц3#Pё┐⌠"цcRЦs3bбсsrЦs333#▓ц3#Pё┐⌠2цs2ЦS⌠c⌠cBбсc2ЦCC⌠┌ц3#Pё┐⌠Bцs▓Ц┐⌠┐▓бсCrЦ┐cs⌠C32ц3#Pё┐⌠Rц┐BЦ#┐⌠SSBбс3"Цs3⌠Cц3#Pё┐⌠bц┐bЦ⌠⌠S#бсbЦc3#cBц3#Pё┐⌠rц┐rЦ▓цЦS#⌠⌠#3c#cFRсBц3S ё┐⌠┌ц┐bЦ⌠⌠S#цbЦc3#cBц3S ё┐⌠▓ц┐BЦ#┐⌠SSBц3"Цs3⌠Cц3S ё⌠цs▓Ц┐⌠┐▓цCrЦ┐cs⌠C32ц3S ё⌠цs2ЦS⌠c⌠cBцc2ЦCC⌠┌ц3S ё⌠"цcRЦs3bцsrЦs333#▓ц3S ё⌠2цSbЦ#33Bц⌠Цc3S3Bц3S ё⌠BцCRЦ#C┐ccBцBЦcCS2ц3S ё⌠Rц3"Ц┐cS3cBцbЦc⌠┌ц3S ё⌠bц▓Ц##C⌠┌ц#rЦCc⌠C#Bц3S ё⌠rцBЦ3⌠cCrц3rЦ⌠33▓ц3S ё⌠┌ц┐┌ЦSsSCCc┌цCRЦC#┐┐bц3S ё⌠▓цsЦ⌠c#c▓цS"Ц3Css3Rц3S ё⌠цSBЦSCCC⌠▓цSrЦs⌠⌠Ccц3S ё⌠ц3bЦcSsCsRцcЦs3C⌠2ц3S ё⌠"ц┌ЦCsC#rцcBЦS⌠cц3S ё⌠2ц"ЦcSs3┐3√RсBцcBЦ▓ц3S ё⌠Bбс┌ЦCsC#rцcBЦS⌠cц3S ё⌠Rбс3bЦcSsCsRцcЦs3C⌠2ц3S ё⌠bбсSBЦSCCC⌠▓цSrЦs⌠⌠Ccц3S ё⌠rбсsЦ⌠c#c▓цS"Ц3Css3Rц3S ё⌠┌бс┐┌ЦSsSCCc┌цCRЦC#┐┐bц3S ё⌠▓бсBЦ3⌠cCrц3rЦ⌠33▓ц3S ё⌠#бс▓Ц##C⌠┌ц#rЦCc⌠C#Bц3S ё⌠#бс3"Ц┐cS3cBцbЦc⌠┌ц3S ё⌠#"бсCRЦ#C┐ccBцBЦcCS2ц3S ё⌠#2бсSbЦ#33Bц⌠Цc3S3Bц3S ё⌠#BбсcRЦs3bцsrЦs333#▓ц3S ё⌠#Rбсs2ЦS⌠c⌠cBцc2ЦCC⌠┌ц3S ё⌠#bбсs▓Ц┐⌠┐▓цCrЦ┐cs⌠C32ц3S ё⌠#rбс┐BЦ#┐⌠SSBц3"Цs3⌠Cц3S ё⌠#┌бс┐bЦ⌠⌠S#цbЦc3#cBц3S ё⌠#▓бс┐rЦ▓бс2Ц#CC##3#cFRс2ц3S ё⌠3бс┐bЦ⌠⌠S#бсbЦc3#cBц3S ё⌠3бс┐BЦ#┐⌠SSBбс3"Цs3⌠Cц3S ё⌠3"бсs▓Ц┐⌠┐▓бсCrЦ┐cs⌠C32ц3S ё⌠32бсs2ЦS⌠c⌠cBбсc2ЦCC⌠┌ц3S ё⌠3BбсcRЦs3bбсsrЦs333#▓ц3S ё⌠3RбсSbЦ#33Bбс⌠Цc3S3Bц3S ё⌠3bбсCRЦ#C┐ccBбсBЦcCS2ц3S ё⌠3rбс3"Ц┐cS3cBбсbЦc⌠┌ц3S ё⌠3┌бс▓Ц##C⌠┌бс#rЦCc⌠C#Bц3S ё⌠3▓бсBЦ3⌠cCrбс3rЦ⌠33▓ц3S ё⌠Cбс┐┌ЦSsSCCc┌бсCRЦC#┐┐bц3S ё⌠CбсsЦ⌠c#c▓бсS"Ц3Css3Rц3S ё⌠C"бсSBЦSCCC⌠▓бсSrЦs⌠⌠Ccц3S ё⌠C2бс3bЦcSsCsRбсcЦs3C⌠2ц3S ё⌠CBбс┌ЦCsC#rбсcBЦS⌠cц3S ё⌠CRц2Цs┐sscCscfRс2бсcBЦ▓ц3S ё⌠Cbц┌ЦCsC#rбсcBЦS⌠cц3S ё⌠Crц3bЦcSsCsRбсcЦs3C⌠2ц3S ё⌠C┌цSBЦSCCC⌠▓бсSrЦs⌠⌠Ccц3S ё⌠C▓цsЦ⌠c#c▓бсS"Ц3Css3Rц3S ё⌠Sц┐┌ЦSsSCCc┌бсCRЦC#┐┐bц3S ё⌠SцBЦ3⌠cCrбс3rЦ⌠33▓ц3S ё⌠S"ц▓Ц##C⌠┌бс#rЦCc⌠C#Bц3S ё⌠S2ц3"Ц┐cS3cBбсbЦc⌠┌ц3S ё⌠SBцCRЦ#C┐ccBбсBЦcCS2ц3S ё⌠SRцSbЦ#33Bбс⌠Цc3S3Bц3S ё⌠SbцcRЦs3bбсsrЦs333#▓ц3S ё⌠Srцs2ЦS⌠c⌠cBбсc2ЦCC⌠┌ц3S ё⌠S┌цs▓Ц┐⌠┐▓бсCrЦ┐cs⌠C32ц3S ё⌠S▓ц┐BЦ#┐⌠SSBбс3"Цs3⌠Cц3S ё⌠cц┐bЦ⌠⌠S#бсbЦc3#cBц3S ё⌠cц┐rЦ▓цЦS#┐┐┐C3c⌠6RсBц3sPё⌠c"ц┐bЦ⌠⌠S#цbЦc3#cBц3sPё⌠c2ц┐BЦ#┐⌠SSBц3"Цs3⌠Cц3sPё⌠cBцs▓Ц┐⌠┐▓цCrЦ┐cs⌠C32ц3sPё⌠cRцs2ЦS⌠c⌠cBцc2ЦCC⌠┌ц3sPё⌠cbцcRЦs3bцsrЦs333#▓ц3sPё⌠crцSbЦ#33Bц⌠Цc3S3Bц3sPё⌠c┌цCRЦ#C┐ccBцBЦcCS2ц3sPё⌠c▓ц3"Ц┐cS3cBцbЦc⌠┌ц3sPё⌠sц▓Ц##C⌠┌ц#rЦCc⌠C#Bц3sPё⌠sцBЦ3⌠cCrц3rЦ⌠33▓ц3sPё⌠s"ц┐┌ЦSsSCCc┌цCRЦC#┐┐bц3sPё⌠s2цsЦ⌠c#c▓цS"Ц3Css3Rц3sPё⌠sBцSBЦSCCC⌠▓цSrЦs⌠⌠Ccц3sPё⌠sRц3bЦcSsCsRцcЦs3C⌠2ц3sPё⌠sbц┌ЦCsC#rцcBЦS⌠cц3sPё⌠srцЦ⌠sS┐33#&RсBцcBЦ▓ц3sPё⌠s┌бс┌ЦCsC#rцcBЦS⌠cц3sPё⌠s▓бс3bЦcSsCsRцcЦs3C⌠2ц3sPё⌠┐бсSBЦSCCC⌠▓цSrЦs⌠⌠Ccц3sPё⌠┐бсsЦ⌠c#c▓цS"Ц3Css3Rц3sPё⌠┐"бс┐┌ЦSsSCCc┌цCRЦC#┐┐bц3sPё⌠┐2бсBЦ3⌠cCrц3rЦ⌠33▓ц3sPё⌠┐Bбс▓Ц##C⌠┌ц#rЦCc⌠C#Bц3sPё⌠┐Rбс3"Ц┐cS3cBцbЦc⌠┌ц3sPё⌠┐bбсCRЦ#C┐ccBцBЦcCS2ц3sPё⌠┐rбсSbЦ#33Bц⌠Цc3S3Bц3sPё⌠┐┌бсcRЦs3bцsrЦs333#▓ц3sPё⌠┐▓бсs2ЦS⌠c⌠cBцc2ЦCC⌠┌ц3sPё⌠⌠бсs▓Ц┐⌠┐▓цCrЦ┐cs⌠C32ц3sPё⌠⌠бс┐BЦ#┐⌠SSBц3"Цs3⌠Cц3sPё⌠⌠"бс┐bЦ⌠⌠S#цbЦc3#cBц3sPё⌠⌠2бс┐rЦ▓бс2Ц⌠ssCs⌠6Rс2ц3sPё⌠⌠Bбс┐bЦ⌠⌠S#бсbЦc3#cBц3sPё⌠⌠Rбс┐BЦ#┐⌠SSBбс3"Цs3⌠Cц3sPё⌠⌠bбсs▓Ц┐⌠┐▓бсCrЦ┐cs⌠C32ц3sPё⌠⌠rбсs2ЦS⌠c⌠cBбсc2ЦCC⌠┌ц3sPё⌠⌠┌бсcRЦs3bбсsrЦs333#▓ц3sPё⌠⌠▓бсSbЦ#33Bбс⌠Цc3S3Bц3sPёбсCRЦ#C┐ccBбсBЦcCS2ц3sPёбс3"Ц┐cS3cBбсbЦc⌠┌ц3sPё"бс▓Ц##C⌠┌бс#rЦCc⌠C#Bц3sPё2бсBЦ3⌠cCrбс3rЦ⌠33▓ц3sPёBбс┐┌ЦSsSCCc┌бсCRЦC#┐┐bц3sPёRбсsЦ⌠c#c▓бсS"Ц3Css3Rц3sPёbбсSBЦSCCC⌠▓бсSrЦs⌠⌠Ccц3sPёrбс3bЦcSsCsRбсcЦs3C⌠2ц3sPё┌бс┌ЦCsC#rбсcBЦS⌠cц3sPё▓ц2Цss⌠3C⌠S#c┐√Rс2бсcBЦ▓ц3sPёц┌ЦCsC#rбсcBЦS⌠cц3sPёц3bЦcSsCsRбсcЦs3C⌠2ц3sPё"цSBЦSCCC⌠▓бсSrЦs⌠⌠Ccц3sPё2цsЦ⌠c#c▓бсS"Ц3Css3Rц3sPёBц┐┌ЦSsSCCc┌бсCRЦC#┐┐bц3sPёRцBЦ3⌠cCrбс3rЦ⌠33▓ц3sPёbц▓Ц##C⌠┌бс#rЦCc⌠C#Bц3sPёrц3"Ц┐cS3cBбсbЦc⌠┌ц3sPё┌цCRЦ#C┐ccBбсBЦcCS2ц3sPё▓цSbЦ#33Bбс⌠Цc3S3Bц3sPё#цcRЦs3bбсsrЦs333#▓ц3sPё#цs2ЦS⌠c⌠cBбсc2ЦCC⌠┌ц3sPё#"цs▓Ц┐⌠┐▓бсCrЦ┐cs⌠C32ц3sPё#2ц┐BЦ#┐⌠SSBбс3"Цs3⌠Cц3sPё#Bц┐bЦ⌠⌠S#бсbЦc3#cBц3sPё#Rц┐rЦ▓цЦsS33cSRсBцC ё#bц┐bЦ⌠⌠S#цbЦc3#cBцC ё#rц┐BЦ#┐⌠SSBц3"Цs3⌠CцC ё#┌цs▓Ц┐⌠┐▓цCrЦ┐cs⌠C32цC ё#▓цs2ЦS⌠c⌠cBцc2ЦCC⌠┌цC ё3цcRЦs3bцsrЦs333#▓цC ё3цSbЦ#33Bц⌠Цc3S3BцC ё3"цCRЦ#C┐ccBцBЦcCS2цC ё32ц3"Ц┐cS3cBцbЦc⌠┌цC ё3Bц▓Ц##C⌠┌ц#rЦCc⌠C#BцC ё3RцBЦ3⌠cCrц3rЦ⌠33▓цC ё3bц┐┌ЦSsSCCc┌цCRЦC#┐┐bцC ё3rцsЦ⌠c#c▓цS"Ц3Css3RцC ё3┌цSBЦSCCC⌠▓цSrЦs⌠⌠CcцC ё3▓ц3bЦcSsCsRцcЦs3C⌠2цC ёCц┌ЦCsC#rцcBЦS⌠cцC ёCцЦS3⌠┐c3&RсBцcBЦ▓цC ёC"бс┌ЦCsC#rцcBЦS⌠cцC ёC2бс3bЦcSsCsRцcЦs3C⌠2цC ёCBбсSBЦSCCC⌠▓цSrЦs⌠⌠CcцC ёCRбсsЦ⌠c#c▓цS"Ц3Css3RцC ёCbбс┐┌ЦSsSCCc┌цCRЦC#┐┐bцC ёCrбсBЦ3⌠cCrц3rЦ⌠33▓цC ёC┌бс▓Ц##C⌠┌ц#rЦCc⌠C#BцC ёC▓бс3"Ц┐cS3cBцbЦc⌠┌цC ёSбсCRЦ#C┐ccBцBЦcCS2цC ёSбсSbЦ#33Bц⌠Цc3S3BцC ёS"бсcRЦs3bцsrЦs333#▓цC ёS2бсs2ЦS⌠c⌠cBцc2ЦCC⌠┌цC ёSBбсs▓Ц┐⌠┐▓цCrЦ┐cs⌠C32цC ёSRбс┐BЦ#┐⌠SSBц3"Цs3⌠CцC ёSbбс┐bЦ⌠⌠S#цbЦc3#cBцC ёSrбс┐rЦ▓бс2Цs#SC3c┐Rс2цC ёS┌бс┐bЦ⌠⌠S#бсbЦc3#cBцC ёS▓бс┐BЦ#┐⌠SSBбс3"Цs3⌠CцC ёcбсs▓Ц┐⌠┐▓бсCrЦ┐cs⌠C32цC ёcбсs2ЦS⌠c⌠cBбсc2ЦCC⌠┌цC ёc"бсcRЦs3bбсsrЦs333#▓цC ёc2бсSbЦ#33Bбс⌠Цc3S3BцC ёcBбсCRЦ#C┐ccBбсBЦcCS2цC ёcRбс3"Ц┐cS3cBбсbЦc⌠┌цC ёcbбс▓Ц##C⌠┌бс#rЦCc⌠C#BцC ёcrбсBЦ3⌠cCrбс3rЦ⌠33▓цC ёc┌бс┐┌ЦSsSCCc┌бсCRЦC#┐┐bцC ёc▓бсsЦ⌠c#c▓бсS"Ц3Css3RцC ёsбсSBЦSCCC⌠▓бсSrЦs⌠⌠CcцC ёsбс3bЦcSsCsRбсcЦs3C⌠2цC ёs"бс┌ЦCsC#rбсcBЦS⌠cцC ёs2ц2Ц┐s3#┐sc√Rс2бсcBЦ▓цC ёsBц┌ЦCsC#rбсcBЦS⌠cцC ёsRц3bЦcSsCsRбсcЦs3C⌠2цC ёsbцSBЦSCCC⌠▓бсSrЦs⌠⌠CcцC ёsrцsЦ⌠c#c▓бсS"Ц3Css3RцC ёs┌ц┐┌ЦSsSCCc┌бсCRЦC#┐┐bцC ёs▓цBЦ3⌠cCrбс3rЦ⌠33▓цC ё┐ц▓Ц##C⌠┌бс#rЦCc⌠C#BцC ё┐ц3"Ц┐cS3cBбсbЦc⌠┌цC ё┐"цCRЦ#C┐ccBбсBЦcCS2цC ё┐2цSbЦ#33Bбс⌠Цc3S3BцC ё┐BцcRЦs3bбсsrЦs333#▓цC ё┐Rцs2ЦS⌠c⌠cBбсc2ЦCC⌠┌цC ё┐bцs▓Ц┐⌠┐▓бсCrЦ┐cs⌠C32цC ё┐rц┐BЦ#┐⌠SSBбс3"Цs3⌠CцC ё┐┌ц┐bЦ⌠⌠S#бсbЦc3#cBцC ё┐▓ц┐rЦ▓цrЦ#cSc⌠3ss&RсRцC#Pё⌠ц┐bЦ⌠⌠S#цbЦc3#cBцC#Pё⌠ц┐BЦ#┐⌠SSBц3"Цs3⌠CцC#Pё⌠"цs▓Ц┐⌠┐▓цCrЦ┐cs⌠C32цC#Pё⌠2цs2ЦS⌠c⌠cBцc2ЦCC⌠┌цC#Pё⌠BцcRЦs3bцsrЦs333#▓цC#Pё⌠RцSbЦ#33Bц⌠Цc3S3BцC#Pё⌠bцCRЦ#C┐ccBцBЦcCS2цC#Pё⌠rц3"Ц┐cS3cBцbЦc⌠┌цC#Pё⌠┌ц▓Ц##C⌠┌ц#rЦCc⌠C#BцC#Pё⌠▓цBЦ3⌠cCrц3rЦ⌠33▓цC#Pёц┐┌ЦSsSCCc┌цCRЦC#┐┐bцC#PёцsЦ⌠c#c▓цS"Ц3Css3RцC#Pё"цSBЦSCCC⌠▓цSrЦs⌠⌠CcцC#Pё2ц3bЦcSsCsRцcЦs3C⌠2цC#PёBц┌ЦCsC#rцcBЦS⌠cцC#PёRцЦcScSc┐SfRсBцcBЦ▓цC#Pёbбс┌ЦCsC#rцcBЦS⌠cцC#Pёrбс3bЦcSsCsRцcЦs3C⌠2цC#Pё┌бсSBЦSCCC⌠▓цSrЦs⌠⌠CcцC#Pё▓бсsЦ⌠c#c▓цS"Ц3Css3RцC#Pёбс┐┌ЦSsSCCc┌цCRЦC#┐┐bцC#PёбсBЦ3⌠cCrц3rЦ⌠33▓цC#Pё"бс▓Ц##C⌠┌ц#rЦCc⌠C#BцC#Pё2бс3"Ц┐cS3cBцbЦc⌠┌цC#PёBбсCRЦ#C┐ccBцBЦcCS2цC#PёRбсSbЦ#33Bц⌠Цc3S3BцC#PёbбсcRЦs3bцsrЦs333#▓цC#Pёrбсs2ЦS⌠c⌠cBцc2ЦCC⌠┌цC#Pё┌бсs▓Ц┐⌠┐▓цCrЦ┐cs⌠C32цC#Pё▓бс┐BЦ#┐⌠SSBц3"Цs3⌠CцC#Pё#бс┐bЦ⌠⌠S#цbЦc3#cBцC#Pё#бс┐rЦ▓бс2ЦC3s┐┐s3vRс2цC#Pё#"бс┐bЦ⌠⌠S#бсbЦc3#cBцC#Pё#2бс┐BЦ#┐⌠SSBбс3"Цs3⌠CцC#Pё#Bбсs▓Ц┐⌠┐▓бсCrЦ┐cs⌠C32цC#Pё#Rбсs2ЦS⌠c⌠cBбсc2ЦCC⌠┌цC#Pё#bбсcRЦs3bбсsrЦs333#▓цC#Pё#rбсSbЦ#33Bбс⌠Цc3S3BцC#Pё#┌бсCRЦ#C┐ccBбсBЦcCS2цC#Pё#▓бс3"Ц┐cS3cBбсbЦc⌠┌цC#Pё3бс▓Ц##C⌠┌бс#rЦCc⌠C#BцC#Pё3бсBЦ3⌠cCrбс3rЦ⌠33▓цC#Pё3"бс┐┌ЦSsSCCc┌бсCRЦC#┐┐bцC#Pё32бсsЦ⌠c#c▓бсS"Ц3Css3RцC#Pё3BбсSBЦSCCC⌠▓бсSrЦs⌠⌠CcцC#Pё3Rбс3bЦcSsCsRбсcЦs3C⌠2цC#Pё3bбс┌ЦCsC#rбсcBЦS⌠cцC#Pё3rц2Ц⌠S#┐┐┐#S├Rс2бсcBЦ▓цC#Pё3┌ц┌ЦCsC#rбсcBЦS⌠cцC#Pё3▓ц3bЦcSsCsRбсcЦs3C⌠2цC#PёCцSBЦSCCC⌠▓бсSrЦs⌠⌠CcцC#PёCцsЦ⌠c#c▓бсS"Ц3Css3RцC#PёC"ц┐┌ЦSsSCCc┌бсCRЦC#┐┐bцC#PёC2цBЦ3⌠cCrбс3rЦ⌠33▓цC#PёCBц▓Ц##C⌠┌бс#rЦCc⌠C#BцC#PёCRц3"Ц┐cS3cBбсbЦc⌠┌цC#PёCbцCRЦ#C┐ccBбсBЦcCS2цC#PёCrцSbЦ#33Bбс⌠Цc3S3BцC#PёC┌цcRЦs3bбсsrЦs333#▓цC#PёC▓цs2ЦS⌠c⌠cBбсc2ЦCC⌠┌цC#PёSцs▓Ц┐⌠┐▓бсCrЦ┐cs⌠C32цC#PёSц┐BЦ#┐⌠SSBбс3"Цs3⌠CцC#PёS"ц┐bЦ⌠⌠S#бсbЦc3#cBцC#PёS2ц┐rЦ▓цRЦccS3CcC⌠sVRсRцCS ёSBц┐bЦ⌠⌠S#цbЦc3#cBцCS ёSRц┐BЦ#┐⌠SSBц3"Цs3⌠CцCS ёSbцs▓Ц┐⌠┐▓цCrЦ┐cs⌠C32цCS ёSrцs2ЦS⌠c⌠cBцc2ЦCC⌠┌цCS ёS┌цcRЦs3bцsrЦs333#▓цCS ёS▓цSbЦ#33Bц⌠Цc3S3BцCS ёcцCRЦ#C┐ccBцBЦcCS2цCS ёcц3"Ц┐cS3cBцbЦc⌠┌цCS ёc"ц▓Ц##C⌠┌ц#rЦCc⌠C#BцCS ёc2цBЦ3⌠cCrц3rЦ⌠33▓цCS ёcBц┐┌ЦSsSCCc┌цCRЦC#┐┐bцCS ёcRцsЦ⌠c#c▓цS"Ц3Css3RцCS ёcbцSBЦSCCC⌠▓цSrЦs⌠⌠CcцCS ёcrц3bЦcSsCsRцcЦs3C⌠2цCS ёc┌ц┌ЦCsC#rцcBЦS⌠cцCS ёc▓цЦ3C3⌠scS⌠┐6RсBцcBЦ▓цCS ёsбс┌ЦCsC#rцcBЦS⌠cцCS ёsбс3bЦcSsCsRцcЦs3C⌠2цCS ёs"бсSBЦSCCC⌠▓цSrЦs⌠⌠CcцCS ёs2бсsЦ⌠c#c▓цS"Ц3Css3RцCS ёsBбс┐┌ЦSsSCCc┌цCRЦC#┐┐bцCS ёsRбсBЦ3⌠cCrц3rЦ⌠33▓цCS ёsbбс▓Ц##C⌠┌ц#rЦCc⌠C#BцCS ёsrбс3"Ц┐cS3cBцbЦc⌠┌цCS ёs┌бсCRЦ#C┐ccBцBЦcCS2цCS ёs▓бсSbЦ#33Bц⌠Цc3S3BцCS ё┐бсcRЦs3bцsrЦs333#▓цCS ё┐бсs2ЦS⌠c⌠cBцc2ЦCC⌠┌цCS ё┐"бсs▓Ц┐⌠┐▓цCrЦ┐cs⌠C32цCS ё┐2бс┐BЦ#┐⌠SSBц3"Цs3⌠CцCS ё┐Bбс┐bЦ⌠⌠S#цbЦc3#cBцCS ё┐Rбс┐rЦ▓бс2ЦSS33S⌠FRс2цCS ё┐bбс┐bЦ⌠⌠S#бсbЦc3#cBцCS ё┐rбс┐BЦ#┐⌠SSBбс3"Цs3⌠CцCS ё┐┌бсs▓Ц┐⌠┐▓бсCrЦ┐cs⌠C32цCS ё┐▓бсs2ЦS⌠c⌠cBбсc2ЦCC⌠┌цCS ё⌠бсcRЦs3bбсsrЦs333#▓цCS ё⌠бсSbЦ#33Bбс⌠Цc3S3BцCS ё⌠"бсCRЦ#C┐ccBбсBЦcCS2цCS ё⌠2бс3"Ц┐cS3cBбсbЦc⌠┌цCS ё⌠Bбс▓Ц##C⌠┌бс#rЦCc⌠C#BцCS ё⌠RбсBЦ3⌠cCrбс3rЦ⌠33▓цCS ё⌠bбс┐┌ЦSsSCCc┌бсCRЦC#┐┐bцCS ё⌠rбсsЦ⌠c#c▓бсS"Ц3Css3RцCS ё⌠┌бсSBЦSCCC⌠▓бсSrЦs⌠⌠CcцCS ё⌠▓бс3bЦcSsCsRбсcЦs3C⌠2цCS ё#бс┌ЦCsC#rбсcBЦS⌠cцCS ё#ц2Ц⌠┐cC┐C┐C⌠cFRс2бсcBЦ▓цCS ё#"ц┌ЦCsC#rбсcBЦS⌠cцCS ё#2ц3bЦcSsCsRбсcЦs3C⌠2цCS ё#BцSBЦSCCC⌠▓бсSrЦs⌠⌠CcцCS ё#RцsЦ⌠c#c▓бсS"Ц3Css3RцCS ё#bц┐┌ЦSsSCCc┌бсCRЦC#┐┐bцCS ё#rцBЦ3⌠cCrбс3rЦ⌠33▓цCS ё#┌ц▓Ц##C⌠┌бс#rЦCc⌠C#BцCS ё#▓ц3"Ц┐cS3cBбсbЦc⌠┌цCS ё#цCRЦ#C┐ccBбсBЦcCS2цCS ё#цSbЦ#33Bбс⌠Цc3S3BцCS ё#"цcRЦs3bбсsrЦs333#▓цCS ё#2цs2ЦS⌠c⌠cBбсc2ЦCC⌠┌цCS ё#Bцs▓Ц┐⌠┐▓бсCrЦ┐cs⌠C32цCS ё#Rц┐BЦ#┐⌠SSBбс3"Цs3⌠CцCS ё#bц┐bЦ⌠⌠S#бсbЦc3#cBцCS ё#rц┐rЦ▓ц2ЦSc#3┐3c├RсRцCsPё#┌ц┐bЦ⌠⌠S#цbЦc3#cBцCsPё#▓ц┐BЦ#┐⌠SSBц3"Цs3⌠CцCsPё##цs▓Ц┐⌠┐▓цCrЦ┐cs⌠C32цCsPё##цs2ЦS⌠c⌠cBцc2ЦCC⌠┌цCsPё##"цcRЦs3bцsrЦs333#▓цCsPё##2цSbЦ#33Bц⌠Цc3S3BцCsPё##BцCRЦ#C┐ccBцBЦcCS2цCsPё##Rц3"Ц┐cS3cBцbЦc⌠┌цCsPё##bц▓Ц##C⌠┌ц#rЦCc⌠C#BцCsPё##rцBЦ3⌠cCrц3rЦ⌠33▓цCsPё##┌ц┐┌ЦSsSCCc┌цCRЦC#┐┐bцCsPё##▓цsЦ⌠c#c▓цS"Ц3Css3RцCsPё#3цSBЦSCCC⌠▓цSrЦs⌠⌠CcцCsPё#3ц3bЦcSsCsRцcЦs3C⌠2цCsPё#3"ц┌ЦCsC#rцcBЦS⌠cцCsPё#32цЦ⌠c3sCC3√RсBцcBЦ▓цCsPё#3Bбс┌ЦCsC#rцcBЦS⌠cцCsPё#3Rбс3bЦcSsCsRцcЦs3C⌠2цCsPё#3bбсSBЦSCCC⌠▓цSrЦs⌠⌠CcцCsPё#3rбсsЦ⌠c#c▓цS"Ц3Css3RцCsPё#3┌бс┐┌ЦSsSCCc┌цCRЦC#┐┐bцCsPё#3▓бсBЦ3⌠cCrц3rЦ⌠33▓цCsPё#Cбс▓Ц##C⌠┌ц#rЦCc⌠C#BцCsPё#Cбс3"Ц┐cS3cBцbЦc⌠┌цCsPё#C"бсCRЦ#C┐ccBцBЦcCS2цCsPё#C2бсSbЦ#33Bц⌠Цc3S3BцCsPё#CBбсcRЦs3bцsrЦs333#▓цCsPё#CRбсs2ЦS⌠c⌠cBцc2ЦCC⌠┌цCsPё#Cbбсs▓Ц┐⌠┐▓цCrЦ┐cs⌠C32цCsPё#Crбс┐BЦ#┐⌠SSBц3"Цs3⌠CцCsPё#C┌бс┐bЦ⌠⌠S#цbЦc3#cBцCsPё#C▓бс┐rЦ▓бс"Ц⌠3⌠CC333VRс2цCsPё#Sбс┐bЦ⌠⌠S#бсbЦc3#cBцCsPё#Sбс┐BЦ#┐⌠SSBбс3"Цs3⌠CцCsPё#S"бсs▓Ц┐⌠┐▓бсCrЦ┐cs⌠C32цCsPё#S2бсs2ЦS⌠c⌠cBбсc2ЦCC⌠┌цCsPё#SBбсcRЦs3bбсsrЦs333#▓цCsPё#SRбсSbЦ#33Bбс⌠Цc3S3BцCsPё#SbбсCRЦ#C┐ccBбсBЦcCS2цCsPё#Srбс3"Ц┐cS3cBбсbЦc⌠┌цCsPё#S┌бс▓Ц##C⌠┌бс#rЦCc⌠C#BцCsPё#S▓бсBЦ3⌠cCrбс3rЦ⌠33▓цCsPё#cбс┐┌ЦSsSCCc┌бсCRЦC#┐┐bцCsPё#cбсsЦ⌠c#c▓бсS"Ц3Css3RцCsPё#c"бсSBЦSCCC⌠▓бсSrЦs⌠⌠CcцCsPё#c2бс3bЦcSsCsRбсcЦs3C⌠2цCsPё#cBбс┌ЦCsC#rбсcBЦS⌠cцCsPё#cRцBЦsc3SC#3CcvRс2бсcBЦ▓цCsPё#cbц┌ЦCsC#rбсcBЦS⌠cцCsPё#crц3bЦcSsCsRбсcЦs3C⌠2цCsPё#c┌цSBЦSCCC⌠▓бсSrЦs⌠⌠CcцCsPё#c▓цsЦ⌠c#c▓бсS"Ц3Css3RцCsPё#sц┐┌ЦSsSCCc┌бсCRЦC#┐┐bцCsPё#sцBЦ3⌠cCrбс3rЦ⌠33▓цCsPё#s"ц▓Ц##C⌠┌бс#rЦCc⌠C#BцCsPё#s2ц3"Ц┐cS3cBбсbЦc⌠┌цCsPё#sBцCRЦ#C┐ccBбсBЦcCS2цCsPё#sRцSbЦ#33Bбс⌠Цc3S3BцCsPё#sbцcRЦs3bбсsrЦs333#▓цCsPё#srцs2ЦS⌠c⌠cBбсc2ЦCC⌠┌цCsPё#s┌цs▓Ц┐⌠┐▓бсCrЦ┐cs⌠C32цCsPё#s▓ц┐BЦ#┐⌠SSBбс3"Цs3⌠CцCsPё#┐ц┐bЦ⌠⌠S#бсbЦc3#cBцCsPё#┐ц┐rЦ▓ц2ЦS⌠3csCC┐36RсRцS ё#┐"ц┐bЦ⌠⌠S#цbЦc3#cBцS ё#┐2ц┐BЦ#┐⌠SSBц3"Цs3⌠CцS ё#┐Bцs▓Ц┐⌠┐▓цCrЦ┐cs⌠C32цS ё#┐Rцs2ЦS⌠c⌠cBцc2ЦCC⌠┌цS ё#┐bцcRЦs3bцsrЦs333#▓цS ё#┐rцSbЦ#33Bц⌠Цc3S3BцS ё#┐┌цCRЦ#C┐ccBцBЦcCS2цS ё#┐▓ц3"Ц┐cS3cBцbЦc⌠┌цS ё#⌠ц▓Ц##C⌠┌ц#rЦCc⌠C#BцS ё#⌠цBЦ3⌠cCrц3rЦ⌠33▓цS ё#⌠"ц┐┌ЦSsSCCc┌цCRЦC#┐┐bцS ё#⌠2цsЦ⌠c#c▓цS"Ц3Css3RцS ё#⌠BцSBЦSCCC⌠▓цSrЦs⌠⌠CcцS ё#⌠Rц3bЦcSsCsRцcЦs3C⌠2цS ё#⌠bц┌ЦCsC#rцcBЦS⌠cцS ё#⌠rцЦ3SC3#Sc⌠fRсBцcBЦ▓цS ё#⌠┌бс┌ЦCsC#rцcBЦS⌠cцS ё#⌠▓бс3bЦcSsCsRцcЦs3C⌠2цS ё3бсSBЦSCCC⌠▓цSrЦs⌠⌠CcцS ё3бсsЦ⌠c#c▓цS"Ц3Css3RцS ё3"бс┐┌ЦSsSCCc┌цCRЦC#┐┐bцS ё32бсBЦ3⌠cCrц3rЦ⌠33▓цS ё3Bбс▓Ц##C⌠┌ц#rЦCc⌠C#BцS ё3Rбс3"Ц┐cS3cBцbЦc⌠┌цS ё3bбсCRЦ#C┐ccBцBЦcCS2цS ё3rбсSbЦ#33Bц⌠Цc3S3BцS ё3┌бсcRЦs3bцsrЦs333#▓цS ё3▓бсs2ЦS⌠c⌠cBцc2ЦCC⌠┌цS ё3бсs▓Ц┐⌠┐▓цCrЦ┐cs⌠C32цS ё3бс┐BЦ#┐⌠SSBц3"Цs3⌠CцS ё3"бс┐bЦ⌠⌠S#цbЦc3#cBцS ё32бс┐rЦ▓бс"Ц⌠⌠SSs┐├Rс2цS ё3Bбс┐bЦ⌠⌠S#бсbЦc3#cBцS ё3Rбс┐BЦ#┐⌠SSBбс3"Цs3⌠CцS ё3bбсs▓Ц┐⌠┐▓бсCrЦ┐cs⌠C32цS ё3rбсs2ЦS⌠c⌠cBбсc2ЦCC⌠┌цS ё3┌бсcRЦs3bбсsrЦs333#▓цS ё3▓бсSbЦ#33Bбс⌠Цc3S3BцS ё3#бсCRЦ#C┐ccBбсBЦcCS2цS ё3#бс3"Ц┐cS3cBбсbЦc⌠┌цS ё3#"бс▓Ц##C⌠┌бс#rЦCc⌠C#BцS ё3#2бсBЦ3⌠cCrбс3rЦ⌠33▓цS ё3#Bбс┐┌ЦSsSCCc┌бсCRЦC#┐┐bцS ё3#RбсsЦ⌠c#c▓бсS"Ц3Css3RцS ё3#bбсSBЦSCCC⌠▓бсSrЦs⌠⌠CcцS ё3#rбс3bЦcSsCsRбсcЦs3C⌠2цS ё3#┌бс┌ЦCsC#rбсcBЦS⌠cцS ё3#▓цBЦ⌠S┐CScVRс2бсcBЦ▓цS ё33ц┌ЦCsC#rбсcBЦS⌠cцS ё33ц3bЦcSsCsRбсcЦs3C⌠2цS ё33"цSBЦSCCC⌠▓бсSrЦs⌠⌠CcцS ё332цsЦ⌠c#c▓бсS"Ц3Css3RцS ё33Bц┐┌ЦSsSCCc┌бсCRЦC#┐┐bцS ё33RцBЦ3⌠cCrбс3rЦ⌠33▓цS ё33bц▓Ц##C⌠┌бс#rЦCc⌠C#BцS ё33rц3"Ц┐cS3cBбсbЦc⌠┌цS ё33┌цCRЦ#C┐ccBбсBЦcCS2цS ё33▓цSbЦ#33Bбс⌠Цc3S3BцS ё3CцcRЦs3bбсsrЦs333#▓цS ё3Cцs2ЦS⌠c⌠cBбсc2ЦCC⌠┌цS ё3C"цs▓Ц┐⌠┐▓бсCrЦ┐cs⌠C32цS ё3C2ц┐BЦ#┐⌠SSBбс3"Цs3⌠CцS ё3CBц┐bЦ⌠⌠S#бсbЦc3#cBцS ё3CRц┐rЦ▓ц"Ц#⌠┐┐#┐⌠##√RсRцS#Pё3Cbц┐bЦ⌠⌠S#цbЦc3#cBцS#Pё3Crц┐BЦ#┐⌠SSBц3"Цs3⌠CцS#Pё3C┌цs▓Ц┐⌠┐▓цCrЦ┐cs⌠C32цS#Pё3C▓цs2ЦS⌠c⌠cBцc2ЦCC⌠┌цS#Pё3SцcRЦs3bцsrЦs333#▓цS#Pё3SцSbЦ#33Bц⌠Цc3S3BцS#Pё3S"цCRЦ#C┐ccBцBЦcCS2цS#Pё3S2ц3"Ц┐cS3cBцbЦc⌠┌цS#Pё3SBц▓Ц##C⌠┌ц#rЦCc⌠C#BцS#Pё3SRцBЦ3⌠cCrц3rЦ⌠33▓цS#Pё3Sbц┐┌ЦSsSCCc┌цCRЦC#┐┐bцS#Pё3SrцsЦ⌠c#c▓цS"Ц3Css3RцS#Pё3S┌цSBЦSCCC⌠▓цSrЦs⌠⌠CcцS#Pё3S▓ц3bЦcSsCsRцcЦs3C⌠2цS#Pё3cц┌ЦCsC#rцcBЦS⌠cцS#Pё3cцЦScS⌠#ss3&RсBцcBЦ▓цS#Pё3c"бс┌ЦCsC#rцcBЦS⌠cцS#Pё3c2бс3bЦcSsCsRцcЦs3C⌠2цS#Pё3cBбсSBЦSCCC⌠▓цSrЦs⌠⌠CcцS#Pё3cRбсsЦ⌠c#c▓цS"Ц3Css3RцS#Pё3cbбс┐┌ЦSsSCCc┌цCRЦC#┐┐bцS#Pё3crбсBЦ3⌠cCrц3rЦ⌠33▓цS#Pё3c┌бс▓Ц##C⌠┌ц#rЦCc⌠C#BцS#Pё3c▓бс3"Ц┐cS3cBцbЦc⌠┌цS#Pё3sбсCRЦ#C┐ccBцBЦcCS2цS#Pё3sбсSbЦ#33Bц⌠Цc3S3BцS#Pё3s"бсcRЦs3bцsrЦs333#▓цS#Pё3s2бсs2ЦS⌠c⌠cBцc2ЦCC⌠┌цS#Pё3sBбсs▓Ц┐⌠┐▓цCrЦ┐cs⌠C32цS#Pё3sRбс┐BЦ#┐⌠SSBц3"Цs3⌠CцS#Pё3sbбс┐bЦ⌠⌠S#цbЦc3#cBцS#Pё3srбс┐rЦ▓бс"Ц┐┐C┐cS33s#vRс2цS#Pё3s┌бс┐bЦ⌠⌠S#бсbЦc3#cBцS#Pё3s▓бс┐BЦ#┐⌠SSBбс3"Цs3⌠CцS#Pё3┐бсs▓Ц┐⌠┐▓бсCrЦ┐cs⌠C32цS#Pё3┐бсs2ЦS⌠c⌠cBбсc2ЦCC⌠┌цS#Pё3┐"бсcRЦs3bбсsrЦs333#▓цS#Pё3┐2бсSbЦ#33Bбс⌠Цc3S3BцS#Pё3┐BбсCRЦ#C┐ccBбсBЦcCS2цS#Pё3┐Rбс3"Ц┐cS3cBбсbЦc⌠┌цS#Pё3┐bбс▓Ц##C⌠┌бс#rЦCc⌠C#BцS#Pё3┐rбсBЦ3⌠cCrбс3rЦ⌠33▓цS#Pё3┐┌бс┐┌ЦSsSCCc┌бсCRЦC#┐┐bцS#Pё3┐▓бсsЦ⌠c#c▓бсS"Ц3Css3RцS#Pё3⌠бсSBЦSCCC⌠▓бсSrЦs⌠⌠CcцS#Pё3⌠бс3bЦcSsCsRбсcЦs3C⌠2цS#Pё3⌠"бс┌ЦCsC#rбсcBЦS⌠cцS#Pё3⌠2цBЦssSs###3vRс2бсcBЦ▓цS#Pё3⌠Bц┌ЦCsC#rбсcBЦS⌠cцS#Pё3⌠Rц3bЦcSsCsRбсcЦs3C⌠2цS#Pё3⌠bцSBЦSCCC⌠▓бсSrЦs⌠⌠CcцS#Pё3⌠rцsЦ⌠c#c▓бсS"Ц3Css3RцS#Pё3⌠┌ц┐┌ЦSsSCCc┌бсCRЦC#┐┐bцS#Pё3⌠▓цBЦ3⌠cCrбс3rЦ⌠33▓цS#PёCц▓Ц##C⌠┌бс#rЦCc⌠C#BцS#PёCц3"Ц┐cS3cBбсbЦc⌠┌цS#PёC"цCRЦ#C┐ccBбсBЦcCS2цS#PёC2цSbЦ#33Bбс⌠Цc3S3BцS#PёCBцcRЦs3bбсsrЦs333#▓цS#PёCRцs2ЦS⌠c⌠cBбсc2ЦCC⌠┌цS#PёCbцs▓Ц┐⌠┐▓бсCrЦ┐cs⌠C32цS#PёCrц┐BЦ#┐⌠SSBбс3"Цs3⌠CцS#PёC┌ц┐bЦ⌠⌠S#бсbЦc3#cBцS#PёC▓ц┐rЦ▓цbЦs3┐c┐⌠Sc√RсbцSS ёCц┐bЦ⌠⌠S#цbЦc3#cBцSS ёCц┐BЦ#┐⌠SSBц3"Цs3⌠CцSS ёC"цs▓Ц┐⌠┐▓цCrЦ┐cs⌠C32цSS ёC2цs2ЦS⌠c⌠cBцc2ЦCC⌠┌цSS ёCBцcRЦs3bцsrЦs333#▓цSS ёCRцSbЦ#33Bц⌠Цc3S3BцSS ёCbцCRЦ#C┐ccBцBЦcCS2цSS ёCrц3"Ц┐cS3cBцbЦc⌠┌цSS ёC┌ц▓Ц##C⌠┌ц#rЦCc⌠C#BцSS ёC▓цBЦ3⌠cCrц3rЦ⌠33▓цSS ёC#ц┐┌ЦSsSCCc┌цCRЦC#┐┐bцSS ёC#цsЦ⌠c#c▓цS"Ц3Css3RцSS ёC#"цSBЦSCCC⌠▓цSrЦs⌠⌠CcцSS ёC#2ц3bЦcSsCsRцcЦs3C⌠2цSS ёC#Bц┌ЦCsC#rцcBЦS⌠cцSS ёC#RцЦ3sCCs3FRсBцcBЦ▓цSS ёC#bбс┌ЦCsC#rцcBЦS⌠cцSS ёC#rбс3bЦcSsCsRцcЦs3C⌠2цSS ёC#┌бсSBЦSCCC⌠▓цSrЦs⌠⌠CcцSS ёC#▓бсsЦ⌠c#c▓цS"Ц3Css3RцSS ёC3бс┐┌ЦSsSCCc┌цCRЦC#┐┐bцSS ёC3бсBЦ3⌠cCrц3rЦ⌠33▓цSS ёC3"бс▓Ц##C⌠┌ц#rЦCc⌠C#BцSS ёC32бс3"Ц┐cS3cBцbЦc⌠┌цSS ёC3BбсCRЦ#C┐ccBцBЦcCS2цSS ёC3RбсSbЦ#33Bц⌠Цc3S3BцSS ёC3bбсcRЦs3bцsrЦs333#▓цSS ёC3rбсs2ЦS⌠c⌠cBцc2ЦCC⌠┌цSS ёC3┌бсs▓Ц┐⌠┐▓цCrЦ┐cs⌠C32цSS ёC3▓бс┐BЦ#┐⌠SSBц3"Цs3⌠CцSS ёCCбс┐bЦ⌠⌠S#цbЦc3#cBцSS ёCCбс┐rЦ▓бс"Ц┐3S#sc┐s6Rс2цSS ёCC"бс┐bЦ⌠⌠S#бсbЦc3#cBцSS ёCC2бс┐BЦ#┐⌠SSBбс3"Цs3⌠CцSS ёCCBбсs▓Ц┐⌠┐▓бсCrЦ┐cs⌠C32цSS ёCCRбсs2ЦS⌠c⌠cBбсc2ЦCC⌠┌цSS ёCCbбсcRЦs3bбсsrЦs333#▓цSS ёCCrбсSbЦ#33Bбс⌠Цc3S3BцSS ёCC┌бсCRЦ#C┐ccBбсBЦcCS2цSS ёCC▓бс3"Ц┐cS3cBбсbЦc⌠┌цSS ёCSбс▓Ц##C⌠┌бс#rЦCc⌠C#BцSS ёCSбсBЦ3⌠cCrбс3rЦ⌠33▓цSS ёCS"бс┐┌ЦSsSCCc┌бсCRЦC#┐┐bцSS ёCS2бсsЦ⌠c#c▓бсS"Ц3Css3RцSS ёCSBбсSBЦSCCC⌠▓бсSrЦs⌠⌠CcцSS ёCSRбс3bЦcSsCsRбсcЦs3C⌠2цSS ёCSbбс┌ЦCsC#rбсcBЦS⌠cцSS ёCSrцBЦ#c⌠C#C#3Rс2бсcBЦ▓цSS ёCS┌ц┌ЦCsC#rбсcBЦS⌠cцSS ёCS▓ц3bЦcSsCsRбсcЦs3C⌠2цSS ёCcцSBЦSCCC⌠▓бсSrЦs⌠⌠CcцSS ёCcцsЦ⌠c#c▓бсS"Ц3Css3RцSS ёCc"ц┐┌ЦSsSCCc┌бсCRЦC#┐┐bцSS ёCc2цBЦ3⌠cCrбс3rЦ⌠33▓цSS ёCcBц▓Ц##C⌠┌бс#rЦCc⌠C#BцSS ёCcRц3"Ц┐cS3cBбсbЦc⌠┌цSS ёCcbцCRЦ#C┐ccBбсBЦcCS2цSS ёCcrцSbЦ#33Bбс⌠Цc3S3BцSS ёCc┌цcRЦs3bбсsrЦs333#▓цSS ёCc▓цs2ЦS⌠c⌠cBбсc2ЦCC⌠┌цSS ёCsцs▓Ц┐⌠┐▓бсCrЦ┐cs⌠C32цSS ёCsц┐BЦ#┐⌠SSBбс3"Цs3⌠CцSS ёCs"ц┐bЦ⌠⌠S#бсbЦc3#cBцSS ёCs2ц┐rЦ▓цЦ┐⌠s33┐Cs6RсRцSsPёCsBц┐bЦ⌠⌠S#цbЦc3#cBцSsPёCsRц┐BЦ#┐⌠SSBц3"Цs3⌠CцSsPёCsbцs▓Ц┐⌠┐▓цCrЦ┐cs⌠C32цSsPёCsrцs2ЦS⌠c⌠cBцc2ЦCC⌠┌цSsPёCs┌цcRЦs3bцsrЦs333#▓цSsPёCs▓цSbЦ#33Bц⌠Цc3S3BцSsPёC┐цCRЦ#C┐ccBцBЦcCS2цSsPёC┐ц3"Ц┐cS3cBцbЦc⌠┌цSsPёC┐"ц▓Ц##C⌠┌ц#rЦCc⌠C#BцSsPёC┐2цBЦ3⌠cCrц3rЦ⌠33▓цSsPёC┐Bц┐┌ЦSsSCCc┌цCRЦC#┐┐bцSsPёC┐RцsЦ⌠c#c▓цS"Ц3Css3RцSsPёC┐bцSBЦSCCC⌠▓цSrЦs⌠⌠CcцSsPёC┐rц3bЦcSsCsRцcЦs3C⌠2цSsPёC┐┌ц┌ЦCsC#rцcBЦS⌠cцSsPёC┐▓цЦC33#CcC├RсBцcBЦ▓цSsPёC⌠бс┌ЦCsC#rцcBЦS⌠cцSsPёC⌠бс3bЦcSsCsRцcЦs3C⌠2цSsPёC⌠"бсSBЦSCCC⌠▓цSrЦs⌠⌠CcцSsPёC⌠2бсsЦ⌠c#c▓цS"Ц3Css3RцSsPёC⌠Bбс┐┌ЦSsSCCc┌цCRЦC#┐┐bцSsPёC⌠RбсBЦ3⌠cCrц3rЦ⌠33▓цSsPёC⌠bбс▓Ц##C⌠┌ц#rЦCc⌠C#BцSsPёC⌠rбс3"Ц┐cS3cBцbЦc⌠┌цSsPёC⌠┌бсCRЦ#C┐ccBцBЦcCS2цSsPёC⌠▓бсSbЦ#33Bц⌠Цc3S3BцSsPёSбсcRЦs3bцsrЦs333#▓цSsPёSбсs2ЦS⌠c⌠cBцc2ЦCC⌠┌цSsPёS"бсs▓Ц┐⌠┐▓цCrЦ┐cs⌠C32цSsPёS2бс┐BЦ#┐⌠SSBц3"Цs3⌠CцSsPёSBбс┐bЦ⌠⌠S#цbЦc3#cBцSsPёSRбс┐rЦ▓бс"Цs⌠SCC┐cc√Rс2цSsPёSbбс┐bЦ⌠⌠S#бсbЦc3#cBцSsPёSrбс┐BЦ#┐⌠SSBбс3"Цs3⌠CцSsPёS┌бсs▓Ц┐⌠┐▓бсCrЦ┐cs⌠C32цSsPёS▓бсs2ЦS⌠c⌠cBбсc2ЦCC⌠┌цSsPёSбсcRЦs3bбсsrЦs333#▓цSsPёSбсSbЦ#33Bбс⌠Цc3S3BцSsPёS"бсCRЦ#C┐ccBбсBЦcCS2цSsPёS2бс3"Ц┐cS3cBбсbЦc⌠┌цSsPёSBбс▓Ц##C⌠┌бс#rЦCc⌠C#BцSsPёSRбсBЦ3⌠cCrбс3rЦ⌠33▓цSsPёSbбс┐┌ЦSsSCCc┌бсCRЦC#┐┐bцSsPёSrбсsЦ⌠c#c▓бсS"Ц3Css3RцSsPёS┌бсSBЦSCCC⌠▓бсSrЦs⌠⌠CcцSsPёS▓бс3bЦcSsCsRбсcЦs3C⌠2цSsPёS#бс┌ЦCsC#rбсcBЦS⌠cцSsPёS#цBЦ3cC┐#s#fRс2бсcBЦ▓цSsPёS#"ц┌ЦCsC#rбсcBЦS⌠cцSsPёS#2ц3bЦcSsCsRбсcЦs3C⌠2цSsPёS#BцSBЦSCCC⌠▓бсSrЦs⌠⌠CcцSsPёS#RцsЦ⌠c#c▓бсS"Ц3Css3RцSsPёS#bц┐┌ЦSsSCCc┌бсCRЦC#┐┐bцSsPёS#rцBЦ3⌠cCrбс3rЦ⌠33▓цSsPёS#┌ц▓Ц##C⌠┌бс#rЦCc⌠C#BцSsPёS#▓ц3"Ц┐cS3cBбсbЦc⌠┌цSsPёS3цCRЦ#C┐ccBбсBЦcCS2цSsPёS3цSbЦ#33Bбс⌠Цc3S3BцSsPёS3"цcRЦs3bбсsrЦs333#▓цSsPёS32цs2ЦS⌠c⌠cBбсc2ЦCC⌠┌цSsPёS3Bцs▓Ц┐⌠┐▓бсCrЦ┐cs⌠C32цSsPёS3Rц┐BЦ#┐⌠SSBбс3"Цs3⌠CцSsPёS3bц┐bЦ⌠⌠S#бсbЦc3#cBцSsPёS3rц┐rЦ▓бсЦC3c33⌠#⌠&RсRцc ёS3┌ц┐bЦ⌠⌠S#цbЦc3#cBцc ёS3▓ц┐BЦ#┐⌠SSBц3"Цs3⌠Cцc ёSCцs▓Ц┐⌠┐▓цCrЦ┐cs⌠C32цc ёSCцs2ЦS⌠c⌠cBцc2ЦCC⌠┌цc ёSC"цcRЦs3bцsrЦs333#▓цc ёSC2цSbЦ#33Bц⌠Цc3S3Bцc ёSCBцCRЦ#C┐ccBцBЦcCS2цc ёSCRц3"Ц┐cS3cBцbЦc⌠┌цc ёSCbц▓Ц##C⌠┌ц#rЦCc⌠C#Bцc ёSCrцBЦ3⌠cCrц3rЦ⌠33▓цc ёSC┌ц┐┌ЦSsSCCc┌цCRЦC#┐┐bцc ёSC▓цsЦ⌠c#c▓цS"Ц3Css3Rцc ёSSцSBЦSCCC⌠▓цSrЦs⌠⌠Ccцc ёSSц3bЦcSsCsRцcЦs3C⌠2цc ёSS"ц┌ЦCsC#rцcBЦS⌠cцc ёSS2цЦ#C#sC⌠S#3FRсBцcBЦ▓цc ёSSBбс┌ЦCsC#rцcBЦS⌠cцc ёSSRбс3bЦcSsCsRцcЦs3C⌠2цc ёSSbбсSBЦSCCC⌠▓цSrЦs⌠⌠Ccцc ёSSrбсsЦ⌠c#c▓цS"Ц3Css3Rцc ёSS┌бс┐┌ЦSsSCCc┌цCRЦC#┐┐bцc ёSS▓бсBЦ3⌠cCrц3rЦ⌠33▓цc ёScбс▓Ц##C⌠┌ц#rЦCc⌠C#Bцc ёScбс3"Ц┐cS3cBцbЦc⌠┌цc ёSc"бсCRЦ#C┐ccBцBЦcCS2цc ёSc2бсSbЦ#33Bц⌠Цc3S3Bцc ёScBбсcRЦs3bцsrЦs333#▓цc ёScRбсs2ЦS⌠c⌠cBцc2ЦCC⌠┌цc ёScbбсs▓Ц┐⌠┐▓цCrЦ┐cs⌠C32цc ёScrбс┐BЦ#┐⌠SSBц3"Цs3⌠Cцc ёSc┌бс┐bЦ⌠⌠S#цbЦc3#cBцc ёSc▓бс┐rЦ▓бс"Цc┐S┐#3sC⌠&Rс2цc ёSsбс┐bЦ⌠⌠S#бсbЦc3#cBцc ёSsбс┐BЦ#┐⌠SSBбс3"Цs3⌠Cцc ёSs"бсs▓Ц┐⌠┐▓бсCrЦ┐cs⌠C32цc ёSs2бсs2ЦS⌠c⌠cBбсc2ЦCC⌠┌цc ёSsBбсcRЦs3bбсsrЦs333#▓цc ёSsRбсSbЦ#33Bбс⌠Цc3S3Bцc ёSsbбсCRЦ#C┐ccBбсBЦcCS2цc ёSsrбс3"Ц┐cS3cBбсbЦc⌠┌цc ёSs┌бс▓Ц##C⌠┌бс#rЦCc⌠C#Bцc ёSs▓бсBЦ3⌠cCrбс3rЦ⌠33▓цc ёS┐бс┐┌ЦSsSCCc┌бсCRЦC#┐┐bцc ёS┐бсsЦ⌠c#c▓бсS"Ц3Css3Rцc ёS┐"бсSBЦSCCC⌠▓бсSrЦs⌠⌠Ccцc ёS┐2бс3bЦcSsCsRбсcЦs3C⌠2цc ёS┐Bбс┌ЦCsC#rбсcBЦS⌠cцc ёS┐RцBЦ33C333SC3&Rс2бсcBЦ▓цc ёS┐bц┌ЦCsC#rбсcBЦS⌠cцc ёS┐rц3bЦcSsCsRбсcЦs3C⌠2цc ёS┐┌цSBЦSCCC⌠▓бсSrЦs⌠⌠Ccцc ёS┐▓цsЦ⌠c#c▓бсS"Ц3Css3Rцc ёS⌠ц┐┌ЦSsSCCc┌бсCRЦC#┐┐bцc ёS⌠цBЦ3⌠cCrбс3rЦ⌠33▓цc ёS⌠"ц▓Ц##C⌠┌бс#rЦCc⌠C#Bцc ёS⌠2ц3"Ц┐cS3cBбсbЦc⌠┌цc ёS⌠BцCRЦ#C┐ccBбсBЦcCS2цc ёS⌠RцSbЦ#33Bбс⌠Цc3S3Bцc ёS⌠bцcRЦs3bбсsrЦs333#▓цc ёS⌠rцs2ЦS⌠c⌠cBбсc2ЦCC⌠┌цc ёS⌠┌цs▓Ц┐⌠┐▓бсCrЦ┐cs⌠C32цc ёS⌠▓ц┐BЦ#┐⌠SSBбс3"Цs3⌠Cцc ёcц┐bЦ⌠⌠S#бсbЦc3#cBцc ёcц┐rЦ▓цBЦsS#c3ccSVRсbцc#Pёc"ц┐bЦ⌠⌠S#цbЦc3#cBцc#Pёc2ц┐BЦ#┐⌠SSBц3"Цs3⌠Cцc#PёcBцs▓Ц┐⌠┐▓цCrЦ┐cs⌠C32цc#PёcRцs2ЦS⌠c⌠cBцc2ЦCC⌠┌цc#PёcbцcRЦs3bцsrЦs333#▓цc#PёcrцSbЦ#33Bц⌠Цc3S3Bцc#Pёc┌цCRЦ#C┐ccBцBЦcCS2цc#Pёc▓ц3"Ц┐cS3cBцbЦc⌠┌цc#Pёcц▓Ц##C⌠┌ц#rЦCc⌠C#Bцc#PёcцBЦ3⌠cCrц3rЦ⌠33▓цc#Pёc"ц┐┌ЦSsSCCc┌цCRЦC#┐┐bцc#Pёc2цsЦ⌠c#c▓цS"Ц3Css3Rцc#PёcBцSBЦSCCC⌠▓цSrЦs⌠⌠Ccцc#PёcRц3bЦcSsCsRцcЦs3C⌠2цc#Pёcbц┌ЦCsC#rцcBЦS⌠cцc#Pёcrц▓Ц⌠┐┐cCcVRсRцcBЦ▓цc#Pёc┌бс┌ЦCsC#rцcBЦS⌠cцc#Pёc▓бс3bЦcSsCsRцcЦs3C⌠2цc#Pёc#бсSBЦSCCC⌠▓цSrЦs⌠⌠Ccцc#Pёc#бсsЦ⌠c#c▓цS"Ц3Css3Rцc#Pёc#"бс┐┌ЦSsSCCc┌цCRЦC#┐┐bцc#Pёc#2бсBЦ3⌠cCrц3rЦ⌠33▓цc#Pёc#Bбс▓Ц##C⌠┌ц#rЦCc⌠C#Bцc#Pёc#Rбс3"Ц┐cS3cBцbЦc⌠┌цc#Pёc#bбсCRЦ#C┐ccBцBЦcCS2цc#Pёc#rбсSbЦ#33Bц⌠Цc3S3Bцc#Pёc#┌бсcRЦs3bцsrЦs333#▓цc#Pёc#▓бсs2ЦS⌠c⌠cBцc2ЦCC⌠┌цc#Pёc3бсs▓Ц┐⌠┐▓цCrЦ┐cs⌠C32цc#Pёc3бс┐BЦ#┐⌠SSBц3"Цs3⌠Cцc#Pёc3"бс┐bЦ⌠⌠S#цbЦc3#cBцc#Pёc32бс┐rЦ▓бс"ЦcsS┐CC┐⌠cRс2цc#Pёc3Bбс┐bЦ⌠⌠S#бсbЦc3#cBцc#Pёc3Rбс┐BЦ#┐⌠SSBбс3"Цs3⌠Cцc#Pёc3bбсs▓Ц┐⌠┐▓бсCrЦ┐cs⌠C32цc#Pёc3rбсs2ЦS⌠c⌠cBбсc2ЦCC⌠┌цc#Pёc3┌бсcRЦs3bбсsrЦs333#▓цc#Pёc3▓бсSbЦ#33Bбс⌠Цc3S3Bцc#PёcCбсCRЦ#C┐ccBбсBЦcCS2цc#PёcCбс3"Ц┐cS3cBбсbЦc⌠┌цc#PёcC"бс▓Ц##C⌠┌бс#rЦCc⌠C#Bцc#PёcC2бсBЦ3⌠cCrбс3rЦ⌠33▓цc#PёcCBбс┐┌ЦSsSCCc┌бсCRЦC#┐┐bцc#PёcCRбсsЦ⌠c#c▓бсS"Ц3Css3Rцc#PёcCbбсSBЦSCCC⌠▓бсSrЦs⌠⌠Ccцc#PёcCrбс3bЦcSsCsRбсcЦs3C⌠2цc#PёcC┌бс┌ЦCsC#rбсcBЦS⌠cцc#PёcC▓цBЦ3c3ss⌠S3⌠c&Rс2бсcBЦ▓цc#PёcSц┌ЦCsC#rбсcBЦS⌠cцc#PёcSц3bЦcSsCsRбсcЦs3C⌠2цc#PёcS"цSBЦSCCC⌠▓бсSrЦs⌠⌠Ccцc#PёcS2цsЦ⌠c#c▓бсS"Ц3Css3Rцc#PёcSBц┐┌ЦSsSCCc┌бсCRЦC#┐┐bцc#PёcSRцBЦ3⌠cCrбс3rЦ⌠33▓цc#PёcSbц▓Ц##C⌠┌бс#rЦCc⌠C#Bцc#PёcSrц3"Ц┐cS3cBбсbЦc⌠┌цc#PёcS┌цCRЦ#C┐ccBбсBЦcCS2цc#PёcS▓цSbЦ#33Bбс⌠Цc3S3Bцc#PёccцcRЦs3bбсsrЦs333#▓цc#Pёccцs2ЦS⌠c⌠cBбсc2ЦCC⌠┌цc#Pёcc"цs▓Ц┐⌠┐▓бсCrЦ┐cs⌠C32цc#Pёcc2ц┐BЦ#┐⌠SSBбс3"Цs3⌠Cцc#PёccBц┐bЦ⌠⌠S#бсbЦc3#cBцc#PёccRц┐rЦ▓ццcS ёccbц┐bЦ⌠⌠S#цbЦc3#cBцcS ёccrц┐BЦ#┐⌠SSBц3"Цs3⌠CцcS ёcc┌цs▓Ц┐⌠┐▓цCrЦ┐cs⌠C32цcS ёcc▓цs2ЦS⌠c⌠cBцc2ЦCC⌠┌цcS ёcsцcRЦs3bцsrЦs333#▓цcS ёcsцSbЦ#33Bц⌠Цc3S3BцcS ёcs"цCRЦ#C┐ccBцBЦcCS2цcS ёcs2ц3"Ц┐cS3cBцbЦc⌠┌цcS ёcsBц▓Ц##C⌠┌ц#rЦCc⌠C#BцcS ёcsRцBЦ3⌠cCrц3rЦ⌠33▓цcS ёcsbц┐┌ЦSsSCCc┌цCRЦC#┐┐bцcS ёcsrцsЦ⌠c#c▓цS"Ц3Css3RцcS ёcs┌цSBЦSCCC⌠▓цSrЦs⌠⌠CcцcS ёcs▓ц3bЦcSsCsRцcЦs3C⌠2цcS ёc┐ц┌ЦCsC#rцcBЦS⌠cцcS ёc┐цЦSSSScvRсBцcBЦ▓цcS ёc┐"бс┌ЦCsC#rцcBЦS⌠cцcS ёc┐2бс3bЦcSsCsRцcЦs3C⌠2цcS ёc┐BбсSBЦSCCC⌠▓цSrЦs⌠⌠CcцcS ёc┐RбсsЦ⌠c#c▓цS"Ц3Css3RцcS ёc┐bбс┐┌ЦSsSCCc┌цCRЦC#┐┐bцcS ёc┐rбсBЦ3⌠cCrц3rЦ⌠33▓цcS ёc┐┌бс▓Ц##C⌠┌ц#rЦCc⌠C#BцcS ёc┐▓бс3"Ц┐cS3cBцbЦc⌠┌цcS ёc⌠бсCRЦ#C┐ccBцBЦcCS2цcS ёc⌠бсSbЦ#33Bц⌠Цc3S3BцcS ёc⌠"бсcRЦs3bцsrЦs333#▓цcS ёc⌠2бсs2ЦS⌠c⌠cBцc2ЦCC⌠┌цcS ёc⌠Bбсs▓Ц┐⌠┐▓цCrЦ┐cs⌠C32цcS ёc⌠Rбс┐BЦ#┐⌠SSBц3"Цs3⌠CцcS ёc⌠bбс┐bЦ⌠⌠S#цbЦc3#cBцcS ёc⌠rбс┐rЦ▓бс"Цc⌠#s⌠cs├Rс2цcS ёc⌠┌бс┐bЦ⌠⌠S#бсbЦc3#cBцcS ёc⌠▓бс┐BЦ#┐⌠SSBбс3"Цs3⌠CцcS ёsбсs▓Ц┐⌠┐▓бсCrЦ┐cs⌠C32цcS ёsбсs2ЦS⌠c⌠cBбсc2ЦCC⌠┌цcS ёs"бсcRЦs3bбсsrЦs333#▓цcS ёs2бсSbЦ#33Bбс⌠Цc3S3BцcS ёsBбсCRЦ#C┐ccBбсBЦcCS2цcS ёsRбс3"Ц┐cS3cBбсbЦc⌠┌цcS ёsbбс▓Ц##C⌠┌бс#rЦCc⌠C#BцcS ёsrбсBЦ3⌠cCrбс3rЦ⌠33▓цcS ёs┌бс┐┌ЦSsSCCc┌бсCRЦC#┐┐bцcS ёs▓бсsЦ⌠c#c▓бсS"Ц3Css3RцcS ёsбсSBЦSCCC⌠▓бсSrЦs⌠⌠CcцcS ёsбс3bЦcSsCsRбсcЦs3C⌠2цcS ёs"бс┌ЦCsC#rбсcBЦS⌠cцcS ёs2цBЦ3s⌠#Cs⌠&Rс2бсcBЦ▓цcS ёsBц┌ЦCsC#rбсcBЦS⌠cцcS ёsRц3bЦcSsCsRбсcЦs3C⌠2цcS ёsbцSBЦSCCC⌠▓бсSrЦs⌠⌠CcцcS ёsrцsЦ⌠c#c▓бсS"Ц3Css3RцcS ёs┌ц┐┌ЦSsSCCc┌бсCRЦC#┐┐bцcS ёs▓цBЦ3⌠cCrбс3rЦ⌠33▓цcS ёs#ц▓Ц##C⌠┌бс#rЦCc⌠C#BцcS ёs#ц3"Ц┐cS3cBбсbЦc⌠┌цcS ёs#"цCRЦ#C┐ccBбсBЦcCS2цcS ёs#2цSbЦ#33Bбс⌠Цc3S3BцcS ёs#BцcRЦs3bбсsrЦs333#▓цcS ёs#Rцs2ЦS⌠c⌠cBбсc2ЦCC⌠┌цcS ёs#bцs▓Ц┐⌠┐▓бсCrЦ┐cs⌠C32цcS ёs#rц┐BЦ#┐⌠SSBбс3"Цs3⌠CцcS ёs#┌ц┐bЦ⌠⌠S#бсbЦc3#cBцcS ═ёсссср&Vv√ФФ√ФrF√жR7FWR╒ЦsRссссп══╔&VfВ&ж√Фr7F√ffФW72жG&≈┐╒&VfВ&жF√ЖБ3═╒╒ФЖФф√ФV"6ЖгWF√ЖБ7FGW3╒F√жSрЦsP═≈7F√ffФW72WFFW2р ═≈&√v┤B├ФB6√FRWfгVF√ЖГ2р ═≈7F√ffФW72жG&≈┌&VfВ&жF√ЖГ2р═≈7FWg&Жрф√ФR6V&6┌рЦ ═√6ЖГfW&vVФ6RФВ&в2╒■Д∙D■б5U%$TЕB$UT∙$T@═▓&W6√GVб2Цc┐sc&RЁRЦc#cfRс┌2Цc┐sc&RЁ" ═▓VФW&w▓bЦ⌠cS3fRЁ"Ц3#ScRсBbЦ⌠cS3fRс" ═▓F≈7ф6VжVГBЦSc#c⌠√RЁЦSc#c⌠√RЁbЦ#Ss⌠VRсB ╒ ╒ФЖФф√ФV"6ЖгWF√ЖБ7FGW3╒F√жSрЦsP═≈7F√ffФW72WFFW2р═≈&√v┤B├ФB6√FRWfгVF√ЖГ2р0═≈7F√ffФW72жG&≈┌&VfВ&жF√ЖГ2р═≈7FWg&Жрф√ФR6V&6┌рЦ ═√6ЖГfW&vVФ6RФВ&в2╒■Д∙D■б5U%$TЕB$UT∙$T@═▓&W6√GVб2Цc┐sc&RЁRBЦ#⌠┐⌠&Rсr2Цc┐sc&RЁ" ═▓VФW&w▓bЦ⌠cS3fRЁ"ЦSc┐6RсRbЦ⌠cS3fRс" ═▓F≈7ф6VжVГBЦSc#c⌠√RЁbЦ3⌠c√RсBbЦ#Ss⌠&RсB ═╕6ЖГfW&vVФ6R7Vжж'░╒ГVж&W"Жb≈FW&F√ЖГ2╒ ╒ГVж&W"Жb&VfВ&жF√ЖГ2╒═╒ррррррр6ЖГfW&vVBBF√жR╒ЦsP══╓FF&V6В&B3ёссссссссссссссссссссссссссссссссссссссссссссссссссссссссссссссссссссссссссп╔7FWрP╔F√жRрЦsP╓FFр6├≈'EЖf√ФеЖ6ЖВ&F√ФFW0ёц┐rЦ▓бс▓Ц33┐⌠SRсRцrЦ⌠C3┐#SfRс@ё"ц┐bЦ⌠⌠S#цbЦc3#cBцrЦSSccs33scCfRс@ё2ц┐BЦ#┐⌠SSBц3"Цs3⌠CцrЦsSC┐SsC┐FRс@ёBцs▓Ц┐⌠┐▓цCrЦ┐cs⌠C32цrЦC3⌠3s#C√Rс@ёRцs2ЦS⌠c⌠cBцc2ЦCC⌠┌цrЦSs3sS##s⌠Rс@ёbцcRЦs3bцsrЦs333#▓цrЦ┐s┐#s3s6Rс@ёrцSbЦ#33Bц⌠Цc3S3BцrЦ3sc⌠Cs#&Rс@ё┌цCRЦ#C┐ccBцBЦcCS2цrЦ#s┐c┐##s3√Rс@ё▓ц3"Ц┐cS3cBцbЦc⌠┌цrЦS3SSS3┐├Rс@ёц▓Ц##C⌠┌ц#rЦCc⌠C#BцrЦcsS┐3SRс@ёцBЦ3⌠cCrц3rЦ⌠33▓цrЦS┐C┐SCc┐⌠VRс@ё"ц┐┌ЦSsSCCc┌цCRЦC#┐┐bцrЦs┐┐scCscVRс@ё2цsЦ⌠c#c▓цS"Ц3Css3RцrЦcscs3⌠┐VRс@ёBцSBЦSCCC⌠▓цSrЦs⌠⌠CcцrЦc┐⌠C#┐SvRс@ёRц3bЦcSsCsRцcЦs3C⌠2цrЦ⌠#C#CScSVRс@ёbц┌ЦCsC#rцcBЦS⌠cц┌Ц3⌠S#┐3c┐Rс@ёrбс┌Ц┐s3⌠┐cs6RсRцcBЦ▓ц┌ЦC⌠c3⌠S┐cS&Rс@ё┌бс┌ЦCsC#rцcBЦS⌠cц┌Цs┐S┐cc3cccFRс@ё▓бс3bЦcSsCsRцcЦs3C⌠2ц┌Цc#CsS┐⌠fRс@ё#бсSBЦSCCC⌠▓цSrЦs⌠⌠Ccц┌Цccss⌠SCS├Rс@ё#бсsЦ⌠c#c▓цS"Ц3Css3Rц┌Цs#┐3#c┐⌠VRс@ё#"бс┐┌ЦSsSCCc┌цCRЦC#┐┐bц┌ЦCCc##cscCRс@ё#2бсBЦ3⌠cCrц3rЦ⌠33▓ц▓Цs##⌠CsS┐Rс@ё#Bбс▓Ц##C⌠┌ц#rЦCc⌠C#Bц▓Ц#Ss┐⌠cS⌠36Rс@ё#Rбс3"Ц┐cS3cBцbЦc⌠┌ц▓ЦS⌠┐cS⌠#├Rс@ё#bбсCRЦ#C┐ccBцBЦcCS2ц┌ЦC⌠⌠3#cCCVRс@ё#rбсSbЦ#33Bц⌠Цc3S3BцrЦS⌠3C3⌠┐SS&Rс@ё#┌бсcRЦs3bцsrЦs333#▓цbЦ⌠⌠SC⌠3C#cFRс@ё#▓бсs2ЦS⌠c⌠cBцc2ЦCC⌠┌цrЦSCsC⌠CS⌠Rс@ё3бсs▓Ц┐⌠┐▓цCrЦ┐cs⌠C32цbЦ⌠S3sC#sCVRс@ё3бс┐BЦ#┐⌠SSBц3"Цs3⌠CцbЦC3⌠⌠⌠s6Rс@ё3"бс┐bЦ⌠⌠S#цbЦc3#cBцRЦ┐ss#C⌠S6Rс@ё32бс┐rЦ▓бс2Ц3⌠⌠c┐c┐Cs√Rс2цRЦc⌠┐SS┐C⌠#VRс@ё3Bбс┐bЦ⌠⌠S#бсbЦc3#cBцRЦc#C⌠#┐ssvRс@ё3Rбс┐BЦ#┐⌠SSBбс3"Цs3⌠CцbЦc#S3⌠┐┐vRс@ё3bбсs▓Ц┐⌠┐▓бсCrЦ┐cs⌠C32цRЦ⌠┐#⌠⌠cccCFRс@ё3rбсs2ЦS⌠c⌠cBбсc2ЦCC⌠┌цbЦC##cSC3#⌠FRс@ё3┌бсcRЦs3bбсsrЦs333#▓цRЦ⌠3┐3SC⌠3fRс@ё3▓бсSbЦ#33Bбс⌠Цc3S3BцbЦ┐S┐3Sc┐├Rс@ёCбсCRЦ#C┐ccBбсBЦcCS2цbЦs3S⌠⌠cSVRс@ёCбс3"Ц┐cS3cBбсbЦc⌠┌цbЦSS3#┐SSSvRс@ёC"бс▓Ц##C⌠┌бс#rЦCc⌠C#BцbЦSs#Sc⌠C3CsRс@ёC2бсBЦ3⌠cCrбс3rЦ⌠33▓цbЦCs┐┐s33C6Rс@ёCBбс┐┌ЦSsSCCc┌бсCRЦC#┐┐bцbЦ┐SsC3#⌠├Rс@ёCRбсsЦ⌠c#c▓бсS"Ц3Css3RцbЦSSSCC3CRс@ёCbбсSBЦSCCC⌠▓бсSrЦs⌠⌠CcцbЦSss#┐3C#⌠vRс@ёCrбс3bЦcSsCsRбсcЦs3C⌠2цbЦsSC┐⌠┐┐ss├Rс@ёC┌бс┌ЦCsC#rбсcBЦS⌠cцrЦ#s3c┐⌠svRс@ёC▓цBЦ┐⌠SfRс2бсcBЦ▓цrЦSs3##CSsfRс@ёSц┌ЦCsC#rбсcBЦS⌠cцrЦs#⌠scSc┐√Rс@ёSц3bЦcSsCsRбсcЦs3C⌠2цrЦc⌠3⌠SSRс@ёS"цSBЦSCCC⌠▓бсSrЦs⌠⌠CcцrЦsCS3⌠3#⌠├Rс@ёS2цsЦ⌠c#c▓бсS"Ц3Css3RцrЦ┐c⌠⌠3sC3VRс@ёSBц┐┌ЦSsSCCc┌бсCRЦC#┐┐bцrЦcScsCSSS⌠vRс@ёSRцBЦ3⌠cCrбс3rЦ⌠33▓ц┌ЦcsC┐#fRс@ёSbц▓Ц##C⌠┌бс#rЦCc⌠C#Bц┌Ц⌠C┐S#c&Rс@ёSrц3"Ц┐cS3cBбсbЦc⌠┌ц▓ЦS┐3csvRс@ёS┌цCRЦ#C┐ccBбсBЦcCS2ц┌Ц┐┐3#C┐⌠⌠FRс@ёS▓цSbЦ#33Bбс⌠Цc3S3Bц▓Ц#⌠s⌠sSsCVRс@ёcцcRЦs3bбсsrЦs333#▓ц┌ЦSs#SCC3⌠##vRс@ёcцs2ЦS⌠c⌠cBбсc2ЦCC⌠┌ц▓Ц⌠SSSc33sRс@ёc"цs▓Ц┐⌠┐▓бсCrЦ┐cs⌠C32ц┌Ц⌠##CS33ScvRс@ёc2ц┐BЦ#┐⌠SSBбс3"Цs3⌠Cц┌ЦsccS#⌠C┐FRс@ёcBц┐bЦ⌠⌠S#бсbЦc3#cBц┌Ц#S⌠c┐#C⌠#3├Rс@ёcRц┐rЦ▓бсBЦ#s⌠##33FRсRц#Pёcbц┐bЦ⌠⌠S#цbЦc3#cBц#Pёcrц┐BЦ#┐⌠SSBц3"Цs3⌠Cц#Pёc┌цs▓Ц┐⌠┐▓цCrЦ┐cs⌠C32ц#Pёc▓цs2ЦS⌠c⌠cBцc2ЦCC⌠┌ц#PёsцcRЦs3bцsrЦs333#▓ц#PёsцSbЦ#33Bц⌠Цc3S3Bц#Pёs"цCRЦ#C┐ccBцBЦcCS2ц#Pёs2ц3"Ц┐cS3cBцbЦc⌠┌ц#PёsBц▓Ц##C⌠┌ц#rЦCc⌠C#Bц#PёsRцBЦ3⌠cCrц3rЦ⌠33▓ц#Pёsbц┐┌ЦSsSCCc┌цCRЦC#┐┐bц#PёsrцsЦ⌠c#c▓цS"Ц3Css3Rц#Pёs┌цSBЦSCCC⌠▓цSrЦs⌠⌠Ccц#Pёs▓ц3bЦcSsCsRцcЦs3C⌠2ц#Pё┐ц┌ЦCsC#rцcBЦS⌠cц#Pё┐бсBЦ3ScS3RсRцcBЦ▓ц#Pё┐"бс┌ЦCsC#rцcBЦS⌠cц#Pё┐2бс3bЦcSsCsRцcЦs3C⌠2ц#Pё┐BбсSBЦSCCC⌠▓цSrЦs⌠⌠Ccц#Pё┐RбсsЦ⌠c#c▓цS"Ц3Css3Rц#Pё┐bбс┐┌ЦSsSCCc┌цCRЦC#┐┐bц#Pё┐rбсBЦ3⌠cCrц3rЦ⌠33▓ц#Pё┐┌бс▓Ц##C⌠┌ц#rЦCc⌠C#Bц#Pё┐▓бс3"Ц┐cS3cBцbЦc⌠┌ц#Pё⌠бсCRЦ#C┐ccBцBЦcCS2ц#Pё⌠бсSbЦ#33Bц⌠Цc3S3Bц#Pё⌠"бсcRЦs3bцsrЦs333#▓ц#Pё⌠2бсs2ЦS⌠c⌠cBцc2ЦCC⌠┌ц#Pё⌠Bбсs▓Ц┐⌠┐▓цCrЦ┐cs⌠C32ц#Pё⌠Rбс┐BЦ#┐⌠SSBц3"Цs3⌠Cц#Pё⌠bбс┐bЦ⌠⌠S#цbЦc3#cBц#Pё⌠rбс┐rЦ▓бс2Ц3s33##3VRс2ц#Pё⌠┌бс┐bЦ⌠⌠S#бсbЦc3#cBц#Pё⌠▓бс┐BЦ#┐⌠SSBбс3"Цs3⌠Cц#Pёбсs▓Ц┐⌠┐▓бсCrЦ┐cs⌠C32ц#Pёбсs2ЦS⌠c⌠cBбсc2ЦCC⌠┌ц#Pё"бсcRЦs3bбсsrЦs333#▓ц#Pё2бсSbЦ#33Bбс⌠Цc3S3Bц#PёBбсCRЦ#C┐ccBбсBЦcCS2ц#PёRбс3"Ц┐cS3cBбсbЦc⌠┌ц#Pёbбс▓Ц##C⌠┌бс#rЦCc⌠C#Bц#PёrбсBЦ3⌠cCrбс3rЦ⌠33▓ц#Pё┌бс┐┌ЦSsSCCc┌бсCRЦC#┐┐bц#Pё▓бсsЦ⌠c#c▓бсS"Ц3Css3Rц#PёбсSBЦSCCC⌠▓бсSrЦs⌠⌠Ccц#Pёбс3bЦcSsCsRбсcЦs3C⌠2ц#Pё"бс┌ЦCsC#rбсcBЦS⌠cц#Pё2цBЦSSS⌠#┐⌠3VRс2бсcBЦ▓ц#PёBц┌ЦCsC#rбсcBЦS⌠cц#PёRц3bЦcSsCsRбсcЦs3C⌠2ц#PёbцSBЦSCCC⌠▓бсSrЦs⌠⌠Ccц#PёrцsЦ⌠c#c▓бсS"Ц3Css3Rц#Pё┌ц┐┌ЦSsSCCc┌бсCRЦC#┐┐bц#Pё▓цBЦ3⌠cCrбс3rЦ⌠33▓ц#Pё#ц▓Ц##C⌠┌бс#rЦCc⌠C#Bц#Pё#ц3"Ц┐cS3cBбсbЦc⌠┌ц#Pё#"цCRЦ#C┐ccBбсBЦcCS2ц#Pё#2цSbЦ#33Bбс⌠Цc3S3Bц#Pё#BцcRЦs3bбсsrЦs333#▓ц#Pё#Rцs2ЦS⌠c⌠cBбсc2ЦCC⌠┌ц#Pё#bцs▓Ц┐⌠┐▓бсCrЦ┐cs⌠C32ц#Pё#rц┐BЦ#┐⌠SSBбс3"Цs3⌠Cц#Pё#┌ц┐bЦ⌠⌠S#бсbЦc3#cBц#Pё#▓ц┐rЦ▓бс"Ц⌠scc⌠3⌠&RсRцS ё3ц┐bЦ⌠⌠S#цbЦc3#cBцS ё3ц┐BЦ#┐⌠SSBц3"Цs3⌠CцS ё3"цs▓Ц┐⌠┐▓цCrЦ┐cs⌠C32цS ё32цs2ЦS⌠c⌠cBцc2ЦCC⌠┌цS ё3BцcRЦs3bцsrЦs333#▓цS ё3RцSbЦ#33Bц⌠Цc3S3BцS ё3bцCRЦ#C┐ccBцBЦcCS2цS ё3rц3"Ц┐cS3cBцbЦc⌠┌цS ё3┌ц▓Ц##C⌠┌ц#rЦCc⌠C#BцS ё3▓цBЦ3⌠cCrц3rЦ⌠33▓цS ёCц┐┌ЦSsSCCc┌цCRЦC#┐┐bцS ёCцsЦ⌠c#c▓цS"Ц3Css3RцS ёC"цSBЦSCCC⌠▓цSrЦs⌠⌠CcцS ёC2ц3bЦcSsCsRцcЦs3C⌠2цS ёCBц┌ЦCsC#rцcBЦS⌠cцS ёCRбс"ЦC3┐CS3#┐#&RсRцcBЦ▓цS ёCbбс┌ЦCsC#rцcBЦS⌠cцS ёCrбс3bЦcSsCsRцcЦs3C⌠2цS ёC┌бсSBЦSCCC⌠▓цSrЦs⌠⌠CcцS ёC▓бсsЦ⌠c#c▓цS"Ц3Css3RцS ёSбс┐┌ЦSsSCCc┌цCRЦC#┐┐bцS ёSбсBЦ3⌠cCrц3rЦ⌠33▓цS ёS"бс▓Ц##C⌠┌ц#rЦCc⌠C#BцS ёS2бс3"Ц┐cS3cBцbЦc⌠┌цS ёSBбсCRЦ#C┐ccBцBЦcCS2цS ёSRбсSbЦ#33Bц⌠Цc3S3BцS ёSbбсcRЦs3bцsrЦs333#▓цS ёSrбсs2ЦS⌠c⌠cBцc2ЦCC⌠┌цS ёS┌бсs▓Ц┐⌠┐▓цCrЦ┐cs⌠C32цS ёS▓бс┐BЦ#┐⌠SSBц3"Цs3⌠CцS ёcбс┐bЦ⌠⌠S#цbЦc3#cBцS ёcбс┐rЦ▓бс2Ц3Cc⌠⌠S#3FRс2цS ёc"бс┐bЦ⌠⌠S#бсbЦc3#cBцS ёc2бс┐BЦ#┐⌠SSBбс3"Цs3⌠CцS ёcBбсs▓Ц┐⌠┐▓бсCrЦ┐cs⌠C32цS ёcRбсs2ЦS⌠c⌠cBбсc2ЦCC⌠┌цS ёcbбсcRЦs3bбсsrЦs333#▓цS ёcrбсSbЦ#33Bбс⌠Цc3S3BцS ёc┌бсCRЦ#C┐ccBбсBЦcCS2цS ёc▓бс3"Ц┐cS3cBбсbЦc⌠┌цS ёsбс▓Ц##C⌠┌бс#rЦCc⌠C#BцS ёsбсBЦ3⌠cCrбс3rЦ⌠33▓цS ёs"бс┐┌ЦSsSCCc┌бсCRЦC#┐┐bцS ёs2бсsЦ⌠c#c▓бсS"Ц3Css3RцS ёsBбсSBЦSCCC⌠▓бсSrЦs⌠⌠CcцS ёsRбс3bЦcSsCsRбсcЦs3C⌠2цS ёsbбс┌ЦCsC#rбсcBЦS⌠cцS ёsrцBЦ#SC3Sc⌠cfRс2бсcBЦ▓цS ёs┌ц┌ЦCsC#rбсcBЦS⌠cцS ёs▓ц3bЦcSsCsRбсcЦs3C⌠2цS ё┐цSBЦSCCC⌠▓бсSrЦs⌠⌠CcцS ё┐цsЦ⌠c#c▓бсS"Ц3Css3RцS ё┐"ц┐┌ЦSsSCCc┌бсCRЦC#┐┐bцS ё┐2цBЦ3⌠cCrбс3rЦ⌠33▓цS ё┐Bц▓Ц##C⌠┌бс#rЦCc⌠C#BцS ё┐Rц3"Ц┐cS3cBбсbЦc⌠┌цS ё┐bцCRЦ#C┐ccBбсBЦcCS2цS ё┐rцSbЦ#33Bбс⌠Цc3S3BцS ё┐┌цcRЦs3bбсsrЦs333#▓цS ё┐▓цs2ЦS⌠c⌠cBбсc2ЦCC⌠┌цS ё⌠цs▓Ц┐⌠┐▓бсCrЦ┐cs⌠C32цS ё⌠ц┐BЦ#┐⌠SSBбс3"Цs3⌠CцS ё⌠"ц┐bЦ⌠⌠S#бсbЦc3#cBцS ё⌠2ц┐rЦ▓ц2Ц3C3#Ss⌠#3⌠RсRцsPё⌠Bц┐bЦ⌠⌠S#цbЦc3#cBцsPё⌠Rц┐BЦ#┐⌠SSBц3"Цs3⌠CцsPё⌠bцs▓Ц┐⌠┐▓цCrЦ┐cs⌠C32цsPё⌠rцs2ЦS⌠c⌠cBцc2ЦCC⌠┌цsPё⌠┌цcRЦs3bцsrЦs333#▓цsPё⌠▓цSbЦ#33Bц⌠Цc3S3BцsPё#цCRЦ#C┐ccBцBЦcCS2цsPё#ц3"Ц┐cS3cBцbЦc⌠┌цsPё#"ц▓Ц##C⌠┌ц#rЦCc⌠C#BцsPё#2цBЦ3⌠cCrц3rЦ⌠33▓цsPё#Bц┐┌ЦSsSCCc┌цCRЦC#┐┐bцsPё#RцsЦ⌠c#c▓цS"Ц3Css3RцsPё#bцSBЦSCCC⌠▓цSrЦs⌠⌠CcцsPё#rц3bЦcSsCsRцcЦs3C⌠2цsPё#┌ц┌ЦCsC#rцcBЦS⌠cцsPё#▓бсЦ┐┐SC#3&RсRцcBЦ▓цsPё#бс┌ЦCsC#rцcBЦS⌠cцsPё#бс3bЦcSsCsRцcЦs3C⌠2цsPё#"бсSBЦSCCC⌠▓цSrЦs⌠⌠CcцsPё#2бсsЦ⌠c#c▓цS"Ц3Css3RцsPё#Bбс┐┌ЦSsSCCc┌цCRЦC#┐┐bцsPё#RбсBЦ3⌠cCrц3rЦ⌠33▓цsPё#bбс▓Ц##C⌠┌ц#rЦCc⌠C#BцsPё#rбс3"Ц┐cS3cBцbЦc⌠┌цsPё#┌бсCRЦ#C┐ccBцBЦcCS2цsPё#▓бсSbЦ#33Bц⌠Цc3S3BцsPё##бсcRЦs3bцsrЦs333#▓цsPё##бсs2ЦS⌠c⌠cBцc2ЦCC⌠┌цsPё##"бсs▓Ц┐⌠┐▓цCrЦ┐cs⌠C32цsPё##2бс┐BЦ#┐⌠SSBц3"Цs3⌠CцsPё##Bбс┐bЦ⌠⌠S#цbЦc3#cBцsPё##Rбс┐rЦ▓бс2Ц3sS#3⌠┐cCcfRс2цsPё##bбс┐bЦ⌠⌠S#бсbЦc3#cBцsPё##rбс┐BЦ#┐⌠SSBбс3"Цs3⌠CцsPё##┌бсs▓Ц┐⌠┐▓бсCrЦ┐cs⌠C32цsPё##▓бсs2ЦS⌠c⌠cBбсc2ЦCC⌠┌цsPё#3бсcRЦs3bбсsrЦs333#▓цsPё#3бсSbЦ#33Bбс⌠Цc3S3BцsPё#3"бсCRЦ#C┐ccBбсBЦcCS2цsPё#32бс3"Ц┐cS3cBбсbЦc⌠┌цsPё#3Bбс▓Ц##C⌠┌бс#rЦCc⌠C#BцsPё#3RбсBЦ3⌠cCrбс3rЦ⌠33▓цsPё#3bбс┐┌ЦSsSCCc┌бсCRЦC#┐┐bцsPё#3rбсsЦ⌠c#c▓бсS"Ц3Css3RцsPё#3┌бсSBЦSCCC⌠▓бсSrЦs⌠⌠CcцsPё#3▓бс3bЦcSsCsRбсcЦs3C⌠2цsPё#Cбс┌ЦCsC#rбсcBЦS⌠cцsPё#Cц2Ц⌠s⌠C┐s┐⌠CvRс2бсcBЦ▓цsPё#C"ц┌ЦCsC#rбсcBЦS⌠cцsPё#C2ц3bЦcSsCsRбсcЦs3C⌠2цsPё#CBцSBЦSCCC⌠▓бсSrЦs⌠⌠CcцsPё#CRцsЦ⌠c#c▓бсS"Ц3Css3RцsPё#Cbц┐┌ЦSsSCCc┌бсCRЦC#┐┐bцsPё#CrцBЦ3⌠cCrбс3rЦ⌠33▓цsPё#C┌ц▓Ц##C⌠┌бс#rЦCc⌠C#BцsPё#C▓ц3"Ц┐cS3cBбсbЦc⌠┌цsPё#SцCRЦ#C┐ccBбсBЦcCS2цsPё#SцSbЦ#33Bбс⌠Цc3S3BцsPё#S"цcRЦs3bбсsrЦs333#▓цsPё#S2цs2ЦS⌠c⌠cBбсc2ЦCC⌠┌цsPё#SBцs▓Ц┐⌠┐▓бсCrЦ┐cs⌠C32цsPё#SRц┐BЦ#┐⌠SSBбс3"Цs3⌠CцsPё#Sbц┐bЦ⌠⌠S#бсbЦc3#cBцsPё#Srц┐rЦ▓цrЦsCs┐#RсRц ё#S┌ц┐bЦ⌠⌠S#цbЦc3#cBц ё#S▓ц┐BЦ#┐⌠SSBц3"Цs3⌠Cц ё#cцs▓Ц┐⌠┐▓цCrЦ┐cs⌠C32ц ё#cцs2ЦS⌠c⌠cBцc2ЦCC⌠┌ц ё#c"цcRЦs3bцsrЦs333#▓ц ё#c2цSbЦ#33Bц⌠Цc3S3Bц ё#cBцCRЦ#C┐ccBцBЦcCS2ц ё#cRц3"Ц┐cS3cBцbЦc⌠┌ц ё#cbц▓Ц##C⌠┌ц#rЦCc⌠C#Bц ё#crцBЦ3⌠cCrц3rЦ⌠33▓ц ё#c┌ц┐┌ЦSsSCCc┌цCRЦC#┐┐bц ё#c▓цsЦ⌠c#c▓цS"Ц3Css3Rц ё#sцSBЦSCCC⌠▓цSrЦs⌠⌠Ccц ё#sц3bЦcSsCsRцcЦs3C⌠2ц ё#s"ц┌ЦCsC#rцcBЦS⌠cц ё#s2ц"Цc#Ss3Ccs3RсRцcBЦ▓ц ё#sBбс┌ЦCsC#rцcBЦS⌠cц ё#sRбс3bЦcSsCsRцcЦs3C⌠2ц ё#sbбсSBЦSCCC⌠▓цSrЦs⌠⌠Ccц ё#srбсsЦ⌠c#c▓цS"Ц3Css3Rц ё#s┌бс┐┌ЦSsSCCc┌цCRЦC#┐┐bц ё#s▓бсBЦ3⌠cCrц3rЦ⌠33▓ц ё#┐бс▓Ц##C⌠┌ц#rЦCc⌠C#Bц ё#┐бс3"Ц┐cS3cBцbЦc⌠┌ц ё#┐"бсCRЦ#C┐ccBцBЦcCS2ц ё#┐2бсSbЦ#33Bц⌠Цc3S3Bц ё#┐BбсcRЦs3bцsrЦs333#▓ц ё#┐Rбсs2ЦS⌠c⌠cBцc2ЦCC⌠┌ц ё#┐bбсs▓Ц┐⌠┐▓цCrЦ┐cs⌠C32ц ё#┐rбс┐BЦ#┐⌠SSBц3"Цs3⌠Cц ё#┐┌бс┐bЦ⌠⌠S#цbЦc3#cBц ё#┐▓бс┐rЦ▓бс2ЦC3#⌠3⌠s⌠fRс2ц ё#⌠бс┐bЦ⌠⌠S#бсbЦc3#cBц ё#⌠бс┐BЦ#┐⌠SSBбс3"Цs3⌠Cц ё#⌠"бсs▓Ц┐⌠┐▓бсCrЦ┐cs⌠C32ц ё#⌠2бсs2ЦS⌠c⌠cBбсc2ЦCC⌠┌ц ё#⌠BбсcRЦs3bбсsrЦs333#▓ц ё#⌠RбсSbЦ#33Bбс⌠Цc3S3Bц ё#⌠bбсCRЦ#C┐ccBбсBЦcCS2ц ё#⌠rбс3"Ц┐cS3cBбсbЦc⌠┌ц ё#⌠┌бс▓Ц##C⌠┌бс#rЦCc⌠C#Bц ё#⌠▓бсBЦ3⌠cCrбс3rЦ⌠33▓ц ё3бс┐┌ЦSsSCCc┌бсCRЦC#┐┐bц ё3бсsЦ⌠c#c▓бсS"Ц3Css3Rц ё3"бсSBЦSCCC⌠▓бсSrЦs⌠⌠Ccц ё32бс3bЦcSsCsRбсcЦs3C⌠2ц ё3Bбс┌ЦCsC#rбсcBЦS⌠cц ё3Rц2Ц⌠3#sSs#33fRс2бсcBЦ▓ц ё3bц┌ЦCsC#rбсcBЦS⌠cц ё3rц3bЦcSsCsRбсcЦs3C⌠2ц ё3┌цSBЦSCCC⌠▓бсSrЦs⌠⌠Ccц ё3▓цsЦ⌠c#c▓бсS"Ц3Css3Rц ё3ц┐┌ЦSsSCCc┌бсCRЦC#┐┐bц ё3цBЦ3⌠cCrбс3rЦ⌠33▓ц ё3"ц▓Ц##C⌠┌бс#rЦCc⌠C#Bц ё32ц3"Ц┐cS3cBбсbЦc⌠┌ц ё3BцCRЦ#C┐ccBбсBЦcCS2ц ё3RцSbЦ#33Bбс⌠Цc3S3Bц ё3bцcRЦs3bбсsrЦs333#▓ц ё3rцs2ЦS⌠c⌠cBбсc2ЦCC⌠┌ц ё3┌цs▓Ц┐⌠┐▓бсCrЦ┐cs⌠C32ц ё3▓ц┐BЦ#┐⌠SSBбс3"Цs3⌠Cц ё3#ц┐bЦ⌠⌠S#бсbЦc3#cBц ё3#ц┐rЦ▓цЦ3cCc⌠CRсBц#Pё3#"ц┐bЦ⌠⌠S#цbЦc3#cBц#Pё3#2ц┐BЦ#┐⌠SSBц3"Цs3⌠Cц#Pё3#Bцs▓Ц┐⌠┐▓цCrЦ┐cs⌠C32ц#Pё3#Rцs2ЦS⌠c⌠cBцc2ЦCC⌠┌ц#Pё3#bцcRЦs3bцsrЦs333#▓ц#Pё3#rцSbЦ#33Bц⌠Цc3S3Bц#Pё3#┌цCRЦ#C┐ccBцBЦcCS2ц#Pё3#▓ц3"Ц┐cS3cBцbЦc⌠┌ц#Pё33ц▓Ц##C⌠┌ц#rЦCc⌠C#Bц#Pё33цBЦ3⌠cCrц3rЦ⌠33▓ц#Pё33"ц┐┌ЦSsSCCc┌цCRЦC#┐┐bц#Pё332цsЦ⌠c#c▓цS"Ц3Css3Rц#Pё33BцSBЦSCCC⌠▓цSrЦs⌠⌠Ccц#Pё33Rц3bЦcSsCsRцcЦs3C⌠2ц#Pё33bц┌ЦCsC#rцcBЦS⌠cц#Pё33rцBЦ3⌠#⌠s⌠3⌠CVRсRцcBЦ▓ц#Pё33┌бс┌ЦCsC#rцcBЦS⌠cц#Pё33▓бс3bЦcSsCsRцcЦs3C⌠2ц#Pё3CбсSBЦSCCC⌠▓цSrЦs⌠⌠Ccц#Pё3CбсsЦ⌠c#c▓цS"Ц3Css3Rц#Pё3C"бс┐┌ЦSsSCCc┌цCRЦC#┐┐bц#Pё3C2бсBЦ3⌠cCrц3rЦ⌠33▓ц#Pё3CBбс▓Ц##C⌠┌ц#rЦCc⌠C#Bц#Pё3CRбс3"Ц┐cS3cBцbЦc⌠┌ц#Pё3CbбсCRЦ#C┐ccBцBЦcCS2ц#Pё3CrбсSbЦ#33Bц⌠Цc3S3Bц#Pё3C┌бсcRЦs3bцsrЦs333#▓ц#Pё3C▓бсs2ЦS⌠c⌠cBцc2ЦCC⌠┌ц#Pё3Sбсs▓Ц┐⌠┐▓цCrЦ┐cs⌠C32ц#Pё3Sбс┐BЦ#┐⌠SSBц3"Цs3⌠Cц#Pё3S"бс┐bЦ⌠⌠S#цbЦc3#cBц#Pё3S2бс┐rЦ▓бс2ЦCc##CCcS&Rс2ц#Pё3SBбс┐bЦ⌠⌠S#бсbЦc3#cBц#Pё3SRбс┐BЦ#┐⌠SSBбс3"Цs3⌠Cц#Pё3Sbбсs▓Ц┐⌠┐▓бсCrЦ┐cs⌠C32ц#Pё3Srбсs2ЦS⌠c⌠cBбсc2ЦCC⌠┌ц#Pё3S┌бсcRЦs3bбсsrЦs333#▓ц#Pё3S▓бсSbЦ#33Bбс⌠Цc3S3Bц#Pё3cбсCRЦ#C┐ccBбсBЦcCS2ц#Pё3cбс3"Ц┐cS3cBбсbЦc⌠┌ц#Pё3c"бс▓Ц##C⌠┌бс#rЦCc⌠C#Bц#Pё3c2бсBЦ3⌠cCrбс3rЦ⌠33▓ц#Pё3cBбс┐┌ЦSsSCCc┌бсCRЦC#┐┐bц#Pё3cRбсsЦ⌠c#c▓бсS"Ц3Css3Rц#Pё3cbбсSBЦSCCC⌠▓бсSrЦs⌠⌠Ccц#Pё3crбс3bЦcSsCsRбсcЦs3C⌠2ц#Pё3c┌бс┌ЦCsC#rбсcBЦS⌠cц#Pё3c▓ц2Ц┐┐sC⌠⌠S┐cfRс2бсcBЦ▓ц#Pё3sц┌ЦCsC#rбсcBЦS⌠cц#Pё3sц3bЦcSsCsRбсcЦs3C⌠2ц#Pё3s"цSBЦSCCC⌠▓бсSrЦs⌠⌠Ccц#Pё3s2цsЦ⌠c#c▓бсS"Ц3Css3Rц#Pё3sBц┐┌ЦSsSCCc┌бсCRЦC#┐┐bц#Pё3sRцBЦ3⌠cCrбс3rЦ⌠33▓ц#Pё3sbц▓Ц##C⌠┌бс#rЦCc⌠C#Bц#Pё3srц3"Ц┐cS3cBбсbЦc⌠┌ц#Pё3s┌цCRЦ#C┐ccBбсBЦcCS2ц#Pё3s▓цSbЦ#33Bбс⌠Цc3S3Bц#Pё3┐цcRЦs3bбсsrЦs333#▓ц#Pё3┐цs2ЦS⌠c⌠cBбсc2ЦCC⌠┌ц#Pё3┐"цs▓Ц┐⌠┐▓бсCrЦ┐cs⌠C32ц#Pё3┐2ц┐BЦ#┐⌠SSBбс3"Цs3⌠Cц#Pё3┐Bц┐bЦ⌠⌠S#бсbЦc3#cBц#Pё3┐Rц┐rЦ▓цЦc⌠ss⌠sS┐#├RсBцS ё3┐bц┐bЦ⌠⌠S#цbЦc3#cBцS ё3┐rц┐BЦ#┐⌠SSBц3"Цs3⌠CцS ё3┐┌цs▓Ц┐⌠┐▓цCrЦ┐cs⌠C32цS ё3┐▓цs2ЦS⌠c⌠cBцc2ЦCC⌠┌цS ё3⌠цcRЦs3bцsrЦs333#▓цS ё3⌠цSbЦ#33Bц⌠Цc3S3BцS ё3⌠"цCRЦ#C┐ccBцBЦcCS2цS ё3⌠2ц3"Ц┐cS3cBцbЦc⌠┌цS ё3⌠Bц▓Ц##C⌠┌ц#rЦCc⌠C#BцS ё3⌠RцBЦ3⌠cCrц3rЦ⌠33▓цS ё3⌠bц┐┌ЦSsSCCc┌цCRЦC#┐┐bцS ё3⌠rцsЦ⌠c#c▓цS"Ц3Css3RцS ё3⌠┌цSBЦSCCC⌠▓цSrЦs⌠⌠CcцS ё3⌠▓ц3bЦcSsCsRцcЦs3C⌠2цS ёCц┌ЦCsC#rцcBЦS⌠cцS ёCц▓Цc3#CScSs⌠RсRцcBЦ▓цS ёC"бс┌ЦCsC#rцcBЦS⌠cцS ёC2бс3bЦcSsCsRцcЦs3C⌠2цS ёCBбсSBЦSCCC⌠▓цSrЦs⌠⌠CcцS ёCRбсsЦ⌠c#c▓цS"Ц3Css3RцS ёCbбс┐┌ЦSsSCCc┌цCRЦC#┐┐bцS ёCrбсBЦ3⌠cCrц3rЦ⌠33▓цS ёC┌бс▓Ц##C⌠┌ц#rЦCc⌠C#BцS ёC▓бс3"Ц┐cS3cBцbЦc⌠┌цS ёCбсCRЦ#C┐ccBцBЦcCS2цS ёCбсSbЦ#33Bц⌠Цc3S3BцS ёC"бсcRЦs3bцsrЦs333#▓цS ёC2бсs2ЦS⌠c⌠cBцc2ЦCC⌠┌цS ёCBбсs▓Ц┐⌠┐▓цCrЦ┐cs⌠C32цS ёCRбс┐BЦ#┐⌠SSBц3"Цs3⌠CцS ёCbбс┐bЦ⌠⌠S#цbЦc3#cBцS ёCrбс┐rЦ▓бс2ЦS###c⌠CC#3√Rс2цS ёC┌бс┐bЦ⌠⌠S#бсbЦc3#cBцS ёC▓бс┐BЦ#┐⌠SSBбс3"Цs3⌠CцS ёC#бсs▓Ц┐⌠┐▓бсCrЦ┐cs⌠C32цS ёC#бсs2ЦS⌠c⌠cBбсc2ЦCC⌠┌цS ёC#"бсcRЦs3bбсsrЦs333#▓цS ёC#2бсSbЦ#33Bбс⌠Цc3S3BцS ёC#BбсCRЦ#C┐ccBбсBЦcCS2цS ёC#Rбс3"Ц┐cS3cBбсbЦc⌠┌цS ёC#bбс▓Ц##C⌠┌бс#rЦCc⌠C#BцS ёC#rбсBЦ3⌠cCrбс3rЦ⌠33▓цS ёC#┌бс┐┌ЦSsSCCc┌бсCRЦC#┐┐bцS ёC#▓бсsЦ⌠c#c▓бсS"Ц3Css3RцS ёC3бсSBЦSCCC⌠▓бсSrЦs⌠⌠CcцS ёC3бс3bЦcSsCsRбсcЦs3C⌠2цS ёC3"бс┌ЦCsC#rбсcBЦS⌠cцS ёC32ц2Ц┐c3⌠┐3s#┐C├Rс2бсcBЦ▓цS ёC3Bц┌ЦCsC#rбсcBЦS⌠cцS ёC3Rц3bЦcSsCsRбсcЦs3C⌠2цS ёC3bцSBЦSCCC⌠▓бсSrЦs⌠⌠CcцS ёC3rцsЦ⌠c#c▓бсS"Ц3Css3RцS ёC3┌ц┐┌ЦSsSCCc┌бсCRЦC#┐┐bцS ёC3▓цBЦ3⌠cCrбс3rЦ⌠33▓цS ёCCц▓Ц##C⌠┌бс#rЦCc⌠C#BцS ёCCц3"Ц┐cS3cBбсbЦc⌠┌цS ёCC"цCRЦ#C┐ccBбсBЦcCS2цS ёCC2цSbЦ#33Bбс⌠Цc3S3BцS ёCCBцcRЦs3bбсsrЦs333#▓цS ёCCRцs2ЦS⌠c⌠cBбсc2ЦCC⌠┌цS ёCCbцs▓Ц┐⌠┐▓бсCrЦ┐cs⌠C32цS ёCCrц┐BЦ#┐⌠SSBбс3"Цs3⌠CцS ёCC┌ц┐bЦ⌠⌠S#бсbЦc3#cBцS ёCC▓ц┐rЦ▓цЦ⌠C┐⌠S#RсBцsPёCSц┐bЦ⌠⌠S#цbЦc3#cBцsPёCSц┐BЦ#┐⌠SSBц3"Цs3⌠CцsPёCS"цs▓Ц┐⌠┐▓цCrЦ┐cs⌠C32цsPёCS2цs2ЦS⌠c⌠cBцc2ЦCC⌠┌цsPёCSBцcRЦs3bцsrЦs333#▓цsPёCSRцSbЦ#33Bц⌠Цc3S3BцsPёCSbцCRЦ#C┐ccBцBЦcCS2цsPёCSrц3"Ц┐cS3cBцbЦc⌠┌цsPёCS┌ц▓Ц##C⌠┌ц#rЦCc⌠C#BцsPёCS▓цBЦ3⌠cCrц3rЦ⌠33▓цsPёCcц┐┌ЦSsSCCc┌цCRЦC#┐┐bцsPёCcцsЦ⌠c#c▓цS"Ц3Css3RцsPёCc"цSBЦSCCC⌠▓цSrЦs⌠⌠CcцsPёCc2ц3bЦcSsCsRцcЦs3C⌠2цsPёCcBц┌ЦCsC#rцcBЦS⌠cцsPёCcRцЦ#C┐SsCS##&RсBцcBЦ▓цsPёCcbбс┌ЦCsC#rцcBЦS⌠cцsPёCcrбс3bЦcSsCsRцcЦs3C⌠2цsPёCc┌бсSBЦSCCC⌠▓цSrЦs⌠⌠CcцsPёCc▓бсsЦ⌠c#c▓цS"Ц3Css3RцsPёCsбс┐┌ЦSsSCCc┌цCRЦC#┐┐bцsPёCsбсBЦ3⌠cCrц3rЦ⌠33▓цsPёCs"бс▓Ц##C⌠┌ц#rЦCc⌠C#BцsPёCs2бс3"Ц┐cS3cBцbЦc⌠┌цsPёCsBбсCRЦ#C┐ccBцBЦcCS2цsPёCsRбсSbЦ#33Bц⌠Цc3S3BцsPёCsbбсcRЦs3bцsrЦs333#▓цsPёCsrбсs2ЦS⌠c⌠cBцc2ЦCC⌠┌цsPёCs┌бсs▓Ц┐⌠┐▓цCrЦ┐cs⌠C32цsPёCs▓бс┐BЦ#┐⌠SSBц3"Цs3⌠CцsPёC┐бс┐bЦ⌠⌠S#цbЦc3#cBцsPёC┐бс┐rЦ▓бс2ЦSS┐┐#cs┐S3Rс2цsPёC┐"бс┐bЦ⌠⌠S#бсbЦc3#cBцsPёC┐2бс┐BЦ#┐⌠SSBбс3"Цs3⌠CцsPёC┐Bбсs▓Ц┐⌠┐▓бсCrЦ┐cs⌠C32цsPёC┐Rбсs2ЦS⌠c⌠cBбсc2ЦCC⌠┌цsPёC┐bбсcRЦs3bбсsrЦs333#▓цsPёC┐rбсSbЦ#33Bбс⌠Цc3S3BцsPёC┐┌бсCRЦ#C┐ccBбсBЦcCS2цsPёC┐▓бс3"Ц┐cS3cBбсbЦc⌠┌цsPёC⌠бс▓Ц##C⌠┌бс#rЦCc⌠C#BцsPёC⌠бсBЦ3⌠cCrбс3rЦ⌠33▓цsPёC⌠"бс┐┌ЦSsSCCc┌бсCRЦC#┐┐bцsPёC⌠2бсsЦ⌠c#c▓бсS"Ц3Css3RцsPёC⌠BбсSBЦSCCC⌠▓бсSrЦs⌠⌠CcцsPёC⌠Rбс3bЦcSsCsRбсcЦs3C⌠2цsPёC⌠bбс┌ЦCsC#rбсcBЦS⌠cцsPёC⌠rц2Ц┐Sc#S36Rс2бсcBЦ▓цsPёC⌠┌ц┌ЦCsC#rбсcBЦS⌠cцsPёC⌠▓ц3bЦcSsCsRбсcЦs3C⌠2цsPёSцSBЦSCCC⌠▓бсSrЦs⌠⌠CcцsPёSцsЦ⌠c#c▓бсS"Ц3Css3RцsPёS"ц┐┌ЦSsSCCc┌бсCRЦC#┐┐bцsPёS2цBЦ3⌠cCrбс3rЦ⌠33▓цsPёSBц▓Ц##C⌠┌бс#rЦCc⌠C#BцsPёSRц3"Ц┐cS3cBбсbЦc⌠┌цsPёSbцCRЦ#C┐ccBбсBЦcCS2цsPёSrцSbЦ#33Bбс⌠Цc3S3BцsPёS┌цcRЦs3bбсsrЦs333#▓цsPёS▓цs2ЦS⌠c⌠cBбсc2ЦCC⌠┌цsPёSцs▓Ц┐⌠┐▓бсCrЦ┐cs⌠C32цsPёSц┐BЦ#┐⌠SSBбс3"Цs3⌠CцsPёS"ц┐bЦ⌠⌠S#бсbЦc3#cBцsPёS2ц┐rЦ▓ц"Цc#S#3CS6RсBц# ёSBц┐bЦ⌠⌠S#цbЦc3#cBц# ёSRц┐BЦ#┐⌠SSBц3"Цs3⌠Cц# ёSbцs▓Ц┐⌠┐▓цCrЦ┐cs⌠C32ц# ёSrцs2ЦS⌠c⌠cBцc2ЦCC⌠┌ц# ёS┌цcRЦs3bцsrЦs333#▓ц# ёS▓цSbЦ#33Bц⌠Цc3S3Bц# ёS#цCRЦ#C┐ccBцBЦcCS2ц# ёS#ц3"Ц┐cS3cBцbЦc⌠┌ц# ёS#"ц▓Ц##C⌠┌ц#rЦCc⌠C#Bц# ёS#2цBЦ3⌠cCrц3rЦ⌠33▓ц# ёS#Bц┐┌ЦSsSCCc┌цCRЦC#┐┐bц# ёS#RцsЦ⌠c#c▓цS"Ц3Css3Rц# ёS#bцSBЦSCCC⌠▓цSrЦs⌠⌠Ccц# ёS#rц3bЦcSsCsRцcЦs3C⌠2ц# ёS#┌ц┌ЦCsC#rцcBЦS⌠cц# ёS#▓цЦCC┐#c⌠S#cfRсBцcBЦ▓ц# ёS3бс┌ЦCsC#rцcBЦS⌠cц# ёS3бс3bЦcSsCsRцcЦs3C⌠2ц# ёS3"бсSBЦSCCC⌠▓цSrЦs⌠⌠Ccц# ёS32бсsЦ⌠c#c▓цS"Ц3Css3Rц# ёS3Bбс┐┌ЦSsSCCc┌цCRЦC#┐┐bц# ёS3RбсBЦ3⌠cCrц3rЦ⌠33▓ц# ёS3bбс▓Ц##C⌠┌ц#rЦCc⌠C#Bц# ёS3rбс3"Ц┐cS3cBцbЦc⌠┌ц# ёS3┌бсCRЦ#C┐ccBцBЦcCS2ц# ёS3▓бсSbЦ#33Bц⌠Цc3S3Bц# ёSCбсcRЦs3bцsrЦs333#▓ц# ёSCбсs2ЦS⌠c⌠cBцc2ЦCC⌠┌ц# ёSC"бсs▓Ц┐⌠┐▓цCrЦ┐cs⌠C32ц# ёSC2бс┐BЦ#┐⌠SSBц3"Цs3⌠Cц# ёSCBбс┐bЦ⌠⌠S#цbЦc3#cBц# ёSCRбс┐rЦ▓бс2ЦcCS#┐⌠┐SvRс2ц# ёSCbбс┐bЦ⌠⌠S#бсbЦc3#cBц# ёSCrбс┐BЦ#┐⌠SSBбс3"Цs3⌠Cц# ёSC┌бсs▓Ц┐⌠┐▓бсCrЦ┐cs⌠C32ц# ёSC▓бсs2ЦS⌠c⌠cBбсc2ЦCC⌠┌ц# ёSSбсcRЦs3bбсsrЦs333#▓ц# ёSSбсSbЦ#33Bбс⌠Цc3S3Bц# ёSS"бсCRЦ#C┐ccBбсBЦcCS2ц# ёSS2бс3"Ц┐cS3cBбсbЦc⌠┌ц# ёSSBбс▓Ц##C⌠┌бс#rЦCc⌠C#Bц# ёSSRбсBЦ3⌠cCrбс3rЦ⌠33▓ц# ёSSbбс┐┌ЦSsSCCc┌бсCRЦC#┐┐bц# ёSSrбсsЦ⌠c#c▓бсS"Ц3Css3Rц# ёSS┌бсSBЦSCCC⌠▓бсSrЦs⌠⌠Ccц# ёSS▓бс3bЦcSsCsRбсcЦs3C⌠2ц# ёScбс┌ЦCsC#rбсcBЦS⌠cц# ёScц2Цsc⌠CcC333#&Rс2бсcBЦ▓ц# ёSc"ц┌ЦCsC#rбсcBЦS⌠cц# ёSc2ц3bЦcSsCsRбсcЦs3C⌠2ц# ёScBцSBЦSCCC⌠▓бсSrЦs⌠⌠Ccц# ёScRцsЦ⌠c#c▓бсS"Ц3Css3Rц# ёScbц┐┌ЦSsSCCc┌бсCRЦC#┐┐bц# ёScrцBЦ3⌠cCrбс3rЦ⌠33▓ц# ёSc┌ц▓Ц##C⌠┌бс#rЦCc⌠C#Bц# ёSc▓ц3"Ц┐cS3cBбсbЦc⌠┌ц# ёSsцCRЦ#C┐ccBбсBЦcCS2ц# ёSsцSbЦ#33Bбс⌠Цc3S3Bц# ёSs"цcRЦs3bбсsrЦs333#▓ц# ёSs2цs2ЦS⌠c⌠cBбсc2ЦCC⌠┌ц# ёSsBцs▓Ц┐⌠┐▓бсCrЦ┐cs⌠C32ц# ёSsRц┐BЦ#┐⌠SSBбс3"Цs3⌠Cц# ёSsbц┐bЦ⌠⌠S#бсbЦc3#cBц# ёSsrц┐rЦ▓ц"Ц3c┐c#3C###├RсBц##PёSs┌ц┐bЦ⌠⌠S#цbЦc3#cBц##PёSs▓ц┐BЦ#┐⌠SSBц3"Цs3⌠Cц##PёS┐цs▓Ц┐⌠┐▓цCrЦ┐cs⌠C32ц##PёS┐цs2ЦS⌠c⌠cBцc2ЦCC⌠┌ц##PёS┐"цcRЦs3bцsrЦs333#▓ц##PёS┐2цSbЦ#33Bц⌠Цc3S3Bц##PёS┐BцCRЦ#C┐ccBцBЦcCS2ц##PёS┐Rц3"Ц┐cS3cBцbЦc⌠┌ц##PёS┐bц▓Ц##C⌠┌ц#rЦCc⌠C#Bц##PёS┐rцBЦ3⌠cCrц3rЦ⌠33▓ц##PёS┐┌ц┐┌ЦSsSCCc┌цCRЦC#┐┐bц##PёS┐▓цsЦ⌠c#c▓цS"Ц3Css3Rц##PёS⌠цSBЦSCCC⌠▓цSrЦs⌠⌠Ccц##PёS⌠ц3bЦcSsCsRцcЦs3C⌠2ц##PёS⌠"ц┌ЦCsC#rцcBЦS⌠cц##PёS⌠2цЦ┐##sc┐3┐FRсBцcBЦ▓ц##PёS⌠Bбс┌ЦCsC#rцcBЦS⌠cц##PёS⌠Rбс3bЦcSsCsRцcЦs3C⌠2ц##PёS⌠bбсSBЦSCCC⌠▓цSrЦs⌠⌠Ccц##PёS⌠rбсsЦ⌠c#c▓цS"Ц3Css3Rц##PёS⌠┌бс┐┌ЦSsSCCc┌цCRЦC#┐┐bц##PёS⌠▓бсBЦ3⌠cCrц3rЦ⌠33▓ц##Pёcбс▓Ц##C⌠┌ц#rЦCc⌠C#Bц##Pёcбс3"Ц┐cS3cBцbЦc⌠┌ц##Pёc"бсCRЦ#C┐ccBцBЦcCS2ц##Pёc2бсSbЦ#33Bц⌠Цc3S3Bц##PёcBбсcRЦs3bцsrЦs333#▓ц##PёcRбсs2ЦS⌠c⌠cBцc2ЦCC⌠┌ц##Pёcbбсs▓Ц┐⌠┐▓цCrЦ┐cs⌠C32ц##Pёcrбс┐BЦ#┐⌠SSBц3"Цs3⌠Cц##Pёc┌бс┐bЦ⌠⌠S#цbЦc3#cBц##Pёc▓бс┐rЦ▓бс2Цc┐#⌠┐cc3Rс2ц##Pёcбс┐bЦ⌠⌠S#бсbЦc3#cBц##Pёcбс┐BЦ#┐⌠SSBбс3"Цs3⌠Cц##Pёc"бсs▓Ц┐⌠┐▓бсCrЦ┐cs⌠C32ц##Pёc2бсs2ЦS⌠c⌠cBбсc2ЦCC⌠┌ц##PёcBбсcRЦs3bбсsrЦs333#▓ц##PёcRбсSbЦ#33Bбс⌠Цc3S3Bц##PёcbбсCRЦ#C┐ccBбсBЦcCS2ц##Pёcrбс3"Ц┐cS3cBбсbЦc⌠┌ц##Pёc┌бс▓Ц##C⌠┌бс#rЦCc⌠C#Bц##Pёc▓бсBЦ3⌠cCrбс3rЦ⌠33▓ц##Pёc#бс┐┌ЦSsSCCc┌бсCRЦC#┐┐bц##Pёc#бсsЦ⌠c#c▓бсS"Ц3Css3Rц##Pёc#"бсSBЦSCCC⌠▓бсSrЦs⌠⌠Ccц##Pёc#2бс3bЦcSsCsRбсcЦs3C⌠2ц##Pёc#Bбс┌ЦCsC#rбсcBЦS⌠cц##Pёc#Rц2Цs#cSsS3cfRс2бсcBЦ▓ц##Pёc#bц┌ЦCsC#rбсcBЦS⌠cц##Pёc#rц3bЦcSsCsRбсcЦs3C⌠2ц##Pёc#┌цSBЦSCCC⌠▓бсSrЦs⌠⌠Ccц##Pёc#▓цsЦ⌠c#c▓бсS"Ц3Css3Rц##Pёc3ц┐┌ЦSsSCCc┌бсCRЦC#┐┐bц##Pёc3цBЦ3⌠cCrбс3rЦ⌠33▓ц##Pёc3"ц▓Ц##C⌠┌бс#rЦCc⌠C#Bц##Pёc32ц3"Ц┐cS3cBбсbЦc⌠┌ц##Pёc3BцCRЦ#C┐ccBбсBЦcCS2ц##Pёc3RцSbЦ#33Bбс⌠Цc3S3Bц##Pёc3bцcRЦs3bбсsrЦs333#▓ц##Pёc3rцs2ЦS⌠c⌠cBбсc2ЦCC⌠┌ц##Pёc3┌цs▓Ц┐⌠┐▓бсCrЦ┐cs⌠C32ц##Pёc3▓ц┐BЦ#┐⌠SSBбс3"Цs3⌠Cц##PёcCц┐bЦ⌠⌠S#бсbЦc3#cBц##PёcCц┐rЦ▓ц"Ц┐3┐⌠⌠┐s#3&RсBц#S ёcC"ц┐bЦ⌠⌠S#цbЦc3#cBц#S ёcC2ц┐BЦ#┐⌠SSBц3"Цs3⌠Cц#S ёcCBцs▓Ц┐⌠┐▓цCrЦ┐cs⌠C32ц#S ёcCRцs2ЦS⌠c⌠cBцc2ЦCC⌠┌ц#S ёcCbцcRЦs3bцsrЦs333#▓ц#S ёcCrцSbЦ#33Bц⌠Цc3S3Bц#S ёcC┌цCRЦ#C┐ccBцBЦcCS2ц#S ёcC▓ц3"Ц┐cS3cBцbЦc⌠┌ц#S ёcSц▓Ц##C⌠┌ц#rЦCc⌠C#Bц#S ёcSцBЦ3⌠cCrц3rЦ⌠33▓ц#S ёcS"ц┐┌ЦSsSCCc┌цCRЦC#┐┐bц#S ёcS2цsЦ⌠c#c▓цS"Ц3Css3Rц#S ёcSBцSBЦSCCC⌠▓цSrЦs⌠⌠Ccц#S ёcSRц3bЦcSsCsRцcЦs3C⌠2ц#S ёcSbц┌ЦCsC#rцcBЦS⌠cц#S ёcSrцЦ⌠Cc┐S┐CsCvRсBцcBЦ▓ц#S ёcS┌бс┌ЦCsC#rцcBЦS⌠cц#S ёcS▓бс3bЦcSsCsRцcЦs3C⌠2ц#S ёccбсSBЦSCCC⌠▓цSrЦs⌠⌠Ccц#S ёccбсsЦ⌠c#c▓цS"Ц3Css3Rц#S ёcc"бс┐┌ЦSsSCCc┌цCRЦC#┐┐bц#S ёcc2бсBЦ3⌠cCrц3rЦ⌠33▓ц#S ёccBбс▓Ц##C⌠┌ц#rЦCc⌠C#Bц#S ёccRбс3"Ц┐cS3cBцbЦc⌠┌ц#S ёccbбсCRЦ#C┐ccBцBЦcCS2ц#S ёccrбсSbЦ#33Bц⌠Цc3S3Bц#S ёcc┌бсcRЦs3bцsrЦs333#▓ц#S ёcc▓бсs2ЦS⌠c⌠cBцc2ЦCC⌠┌ц#S ёcsбсs▓Ц┐⌠┐▓цCrЦ┐cs⌠C32ц#S ёcsбс┐BЦ#┐⌠SSBц3"Цs3⌠Cц#S ёcs"бс┐bЦ⌠⌠S#цbЦc3#cBц#S ёcs2бс┐rЦ▓бс2ЦsC┐#┐Cc3├Rс2ц#S ёcsBбс┐bЦ⌠⌠S#бсbЦc3#cBц#S ёcsRбс┐BЦ#┐⌠SSBбс3"Цs3⌠Cц#S ёcsbбсs▓Ц┐⌠┐▓бсCrЦ┐cs⌠C32ц#S ёcsrбсs2ЦS⌠c⌠cBбсc2ЦCC⌠┌ц#S ёcs┌бсcRЦs3bбсsrЦs333#▓ц#S ёcs▓бсSbЦ#33Bбс⌠Цc3S3Bц#S ёc┐бсCRЦ#C┐ccBбсBЦcCS2ц#S ёc┐бс3"Ц┐cS3cBбсbЦc⌠┌ц#S ёc┐"бс▓Ц##C⌠┌бс#rЦCc⌠C#Bц#S ёc┐2бсBЦ3⌠cCrбс3rЦ⌠33▓ц#S ёc┐Bбс┐┌ЦSsSCCc┌бсCRЦC#┐┐bц#S ёc┐RбсsЦ⌠c#c▓бсS"Ц3Css3Rц#S ёc┐bбсSBЦSCCC⌠▓бсSrЦs⌠⌠Ccц#S ёc┐rбс3bЦcSsCsRбсcЦs3C⌠2ц#S ёc┐┌бс┌ЦCsC#rбсcBЦS⌠cц#S ёc┐▓ц2Цcs3s┐┐csC⌠Rс2бсcBЦ▓ц#S ёc⌠ц┌ЦCsC#rбсcBЦS⌠cц#S ёc⌠ц3bЦcSsCsRбсcЦs3C⌠2ц#S ёc⌠"цSBЦSCCC⌠▓бсSrЦs⌠⌠Ccц#S ёc⌠2цsЦ⌠c#c▓бсS"Ц3Css3Rц#S ёc⌠Bц┐┌ЦSsSCCc┌бсCRЦC#┐┐bц#S ёc⌠RцBЦ3⌠cCrбс3rЦ⌠33▓ц#S ёc⌠bц▓Ц##C⌠┌бс#rЦCc⌠C#Bц#S ёc⌠rц3"Ц┐cS3cBбсbЦc⌠┌ц#S ёc⌠┌цCRЦ#C┐ccBбсBЦcCS2ц#S ёc⌠▓цSbЦ#33Bбс⌠Цc3S3Bц#S ёsцcRЦs3bбсsrЦs333#▓ц#S ёsцs2ЦS⌠c⌠cBбсc2ЦCC⌠┌ц#S ёs"цs▓Ц┐⌠┐▓бсCrЦ┐cs⌠C32ц#S ёs2ц┐BЦ#┐⌠SSBбс3"Цs3⌠Cц#S ёsBц┐bЦ⌠⌠S#бсbЦc3#cBц#S ёsRц┐rЦ▓ц2Ц#CS⌠⌠┐CcsVRсBц#sPёsbц┐bЦ⌠⌠S#цbЦc3#cBц#sPёsrц┐BЦ#┐⌠SSBц3"Цs3⌠Cц#sPёs┌цs▓Ц┐⌠┐▓цCrЦ┐cs⌠C32ц#sPёs▓цs2ЦS⌠c⌠cBцc2ЦCC⌠┌ц#sPёsцcRЦs3bцsrЦs333#▓ц#sPёsцSbЦ#33Bц⌠Цc3S3Bц#sPёs"цCRЦ#C┐ccBцBЦcCS2ц#sPёs2ц3"Ц┐cS3cBцbЦc⌠┌ц#sPёsBц▓Ц##C⌠┌ц#rЦCc⌠C#Bц#sPёsRцBЦ3⌠cCrц3rЦ⌠33▓ц#sPёsbц┐┌ЦSsSCCc┌цCRЦC#┐┐bц#sPёsrцsЦ⌠c#c▓цS"Ц3Css3Rц#sPёs┌цSBЦSCCC⌠▓цSrЦs⌠⌠Ccц#sPёs▓ц3bЦcSsCsRцcЦs3C⌠2ц#sPёs#ц┌ЦCsC#rцcBЦS⌠cц#sPёs#ц"Ц┐cc#CS┐#┐#√RсBцcBЦ▓ц#sPёs#"бс┌ЦCsC#rцcBЦS⌠cц#sPёs#2бс3bЦcSsCsRцcЦs3C⌠2ц#sPёs#BбсSBЦSCCC⌠▓цSrЦs⌠⌠Ccц#sPёs#RбсsЦ⌠c#c▓цS"Ц3Css3Rц#sPёs#bбс┐┌ЦSsSCCc┌цCRЦC#┐┐bц#sPёs#rбсBЦ3⌠cCrц3rЦ⌠33▓ц#sPёs#┌бс▓Ц##C⌠┌ц#rЦCc⌠C#Bц#sPёs#▓бс3"Ц┐cS3cBцbЦc⌠┌ц#sPёs3бсCRЦ#C┐ccBцBЦcCS2ц#sPёs3бсSbЦ#33Bц⌠Цc3S3Bц#sPёs3"бсcRЦs3bцsrЦs333#▓ц#sPёs32бсs2ЦS⌠c⌠cBцc2ЦCC⌠┌ц#sPёs3Bбсs▓Ц┐⌠┐▓цCrЦ┐cs⌠C32ц#sPёs3Rбс┐BЦ#┐⌠SSBц3"Цs3⌠Cц#sPёs3bбс┐bЦ⌠⌠S#цbЦc3#cBц#sPёs3rбс┐rЦ▓бс2Ц┐#c┐s#C#vRс2ц#sPёs3┌бс┐bЦ⌠⌠S#бсbЦc3#cBц#sPёs3▓бс┐BЦ#┐⌠SSBбс3"Цs3⌠Cц#sPёsCбсs▓Ц┐⌠┐▓бсCrЦ┐cs⌠C32ц#sPёsCбсs2ЦS⌠c⌠cBбсc2ЦCC⌠┌ц#sPёsC"бсcRЦs3bбсsrЦs333#▓ц#sPёsC2бсSbЦ#33Bбс⌠Цc3S3Bц#sPёsCBбсCRЦ#C┐ccBбсBЦcCS2ц#sPёsCRбс3"Ц┐cS3cBбсbЦc⌠┌ц#sPёsCbбс▓Ц##C⌠┌бс#rЦCc⌠C#Bц#sPёsCrбсBЦ3⌠cCrбс3rЦ⌠33▓ц#sPёsC┌бс┐┌ЦSsSCCc┌бсCRЦC#┐┐bц#sPёsC▓бсsЦ⌠c#c▓бсS"Ц3Css3Rц#sPёsSбсSBЦSCCC⌠▓бсSrЦs⌠⌠Ccц#sPёsSбс3bЦcSsCsRбсcЦs3C⌠2ц#sPёsS"бс┌ЦCsC#rбсcBЦS⌠cц#sPёsS2ц2ЦcScC33⌠⌠┐fRс2бсcBЦ▓ц#sPёsSBц┌ЦCsC#rбсcBЦS⌠cц#sPёsSRц3bЦcSsCsRбсcЦs3C⌠2ц#sPёsSbцSBЦSCCC⌠▓бсSrЦs⌠⌠Ccц#sPёsSrцsЦ⌠c#c▓бсS"Ц3Css3Rц#sPёsS┌ц┐┌ЦSsSCCc┌бсCRЦC#┐┐bц#sPёsS▓цBЦ3⌠cCrбс3rЦ⌠33▓ц#sPёscц▓Ц##C⌠┌бс#rЦCc⌠C#Bц#sPёscц3"Ц┐cS3cBбсbЦc⌠┌ц#sPёsc"цCRЦ#C┐ccBбсBЦcCS2ц#sPёsc2цSbЦ#33Bбс⌠Цc3S3Bц#sPёscBцcRЦs3bбсsrЦs333#▓ц#sPёscRцs2ЦS⌠c⌠cBбсc2ЦCC⌠┌ц#sPёscbцs▓Ц┐⌠┐▓бсCrЦ┐cs⌠C32ц#sPёscrц┐BЦ#┐⌠SSBбс3"Цs3⌠Cц#sPёsc┌ц┐bЦ⌠⌠S#бсbЦc3#cBц#sPёsc▓ц┐rЦ▓ц2Ц┐3C⌠ScSs√RсBц3 ёssц┐bЦ⌠⌠S#цbЦc3#cBц3 ёssц┐BЦ#┐⌠SSBц3"Цs3⌠Cц3 ёss"цs▓Ц┐⌠┐▓цCrЦ┐cs⌠C32ц3 ёss2цs2ЦS⌠c⌠cBцc2ЦCC⌠┌ц3 ёssBцcRЦs3bцsrЦs333#▓ц3 ёssRцSbЦ#33Bц⌠Цc3S3Bц3 ёssbцCRЦ#C┐ccBцBЦcCS2ц3 ёssrц3"Ц┐cS3cBцbЦc⌠┌ц3 ёss┌ц▓Ц##C⌠┌ц#rЦCc⌠C#Bц3 ёss▓цBЦ3⌠cCrц3rЦ⌠33▓ц3 ёs┐ц┐┌ЦSsSCCc┌цCRЦC#┐┐bц3 ёs┐цsЦ⌠c#c▓цS"Ц3Css3Rц3 ёs┐"цSBЦSCCC⌠▓цSrЦs⌠⌠Ccц3 ёs┐2ц3bЦcSsCsRцcЦs3C⌠2ц3 ёs┐Bц┌ЦCsC#rцcBЦS⌠cц3 ёs┐Rц"ЦSs┐┐#c┐CS√RсBцcBЦ▓ц3 ёs┐bбс┌ЦCsC#rцcBЦS⌠cц3 ёs┐rбс3bЦcSsCsRцcЦs3C⌠2ц3 ёs┐┌бсSBЦSCCC⌠▓цSrЦs⌠⌠Ccц3 ёs┐▓бсsЦ⌠c#c▓цS"Ц3Css3Rц3 ёs⌠бс┐┌ЦSsSCCc┌цCRЦC#┐┐bц3 ёs⌠бсBЦ3⌠cCrц3rЦ⌠33▓ц3 ёs⌠"бс▓Ц##C⌠┌ц#rЦCc⌠C#Bц3 ёs⌠2бс3"Ц┐cS3cBцbЦc⌠┌ц3 ёs⌠BбсCRЦ#C┐ccBцBЦcCS2ц3 ёs⌠RбсSbЦ#33Bц⌠Цc3S3Bц3 ёs⌠bбсcRЦs3bцsrЦs333#▓ц3 ёs⌠rбсs2ЦS⌠c⌠cBцc2ЦCC⌠┌ц3 ёs⌠┌бсs▓Ц┐⌠┐▓цCrЦ┐cs⌠C32ц3 ёs⌠▓бс┐BЦ#┐⌠SSBц3"Цs3⌠Cц3 ё┐бс┐bЦ⌠⌠S#цbЦc3#cBц3 ё┐бс┐rЦ▓бс2Ц┐sS┐s##C√Rс2ц3 ё┐"бс┐bЦ⌠⌠S#бсbЦc3#cBц3 ё┐2бс┐BЦ#┐⌠SSBбс3"Цs3⌠Cц3 ё┐Bбсs▓Ц┐⌠┐▓бсCrЦ┐cs⌠C32ц3 ё┐Rбсs2ЦS⌠c⌠cBбсc2ЦCC⌠┌ц3 ё┐bбсcRЦs3bбсsrЦs333#▓ц3 ё┐rбсSbЦ#33Bбс⌠Цc3S3Bц3 ё┐┌бсCRЦ#C┐ccBбсBЦcCS2ц3 ё┐▓бс3"Ц┐cS3cBбсbЦc⌠┌ц3 ё┐бс▓Ц##C⌠┌бс#rЦCc⌠C#Bц3 ё┐бсBЦ3⌠cCrбс3rЦ⌠33▓ц3 ё┐"бс┐┌ЦSsSCCc┌бсCRЦC#┐┐bц3 ё┐2бсsЦ⌠c#c▓бсS"Ц3Css3Rц3 ё┐BбсSBЦSCCC⌠▓бсSrЦs⌠⌠Ccц3 ё┐Rбс3bЦcSsCsRбсcЦs3C⌠2ц3 ё┐bбс┌ЦCsC#rбсcBЦS⌠cц3 ё┐rц2Цc┐#c#S┐&Rс2бсcBЦ▓ц3 ё┐┌ц┌ЦCsC#rбсcBЦS⌠cц3 ё┐▓ц3bЦcSsCsRбсcЦs3C⌠2ц3 ё┐#цSBЦSCCC⌠▓бсSrЦs⌠⌠Ccц3 ё┐#цsЦ⌠c#c▓бсS"Ц3Css3Rц3 ё┐#"ц┐┌ЦSsSCCc┌бсCRЦC#┐┐bц3 ё┐#2цBЦ3⌠cCrбс3rЦ⌠33▓ц3 ё┐#Bц▓Ц##C⌠┌бс#rЦCc⌠C#Bц3 ё┐#Rц3"Ц┐cS3cBбсbЦc⌠┌ц3 ё┐#bцCRЦ#C┐ccBбсBЦcCS2ц3 ё┐#rцSbЦ#33Bбс⌠Цc3S3Bц3 ё┐#┌цcRЦs3bбсsrЦs333#▓ц3 ё┐#▓цs2ЦS⌠c⌠cBбсc2ЦCC⌠┌ц3 ё┐3цs▓Ц┐⌠┐▓бсCrЦ┐cs⌠C32ц3 ё┐3ц┐BЦ#┐⌠SSBбс3"Цs3⌠Cц3 ё┐3"ц┐bЦ⌠⌠S#бсbЦc3#cBц3 ё┐32ц┐rЦ▓ц"Цs3S┐#33┐#RсBц3#Pё┐3Bц┐bЦ⌠⌠S#цbЦc3#cBц3#Pё┐3Rц┐BЦ#┐⌠SSBц3"Цs3⌠Cц3#Pё┐3bцs▓Ц┐⌠┐▓цCrЦ┐cs⌠C32ц3#Pё┐3rцs2ЦS⌠c⌠cBцc2ЦCC⌠┌ц3#Pё┐3┌цcRЦs3bцsrЦs333#▓ц3#Pё┐3▓цSbЦ#33Bц⌠Цc3S3Bц3#Pё┐CцCRЦ#C┐ccBцBЦcCS2ц3#Pё┐Cц3"Ц┐cS3cBцbЦc⌠┌ц3#Pё┐C"ц▓Ц##C⌠┌ц#rЦCc⌠C#Bц3#Pё┐C2цBЦ3⌠cCrц3rЦ⌠33▓ц3#Pё┐CBц┐┌ЦSsSCCc┌цCRЦC#┐┐bц3#Pё┐CRцsЦ⌠c#c▓цS"Ц3Css3Rц3#Pё┐CbцSBЦSCCC⌠▓цSrЦs⌠⌠Ccц3#Pё┐Crц3bЦcSsCsRцcЦs3C⌠2ц3#Pё┐C┌ц┌ЦCsC#rцcBЦS⌠cц3#Pё┐C▓ц"ЦCC⌠s⌠┐#fRсBцcBЦ▓ц3#Pё┐Sбс┌ЦCsC#rцcBЦS⌠cц3#Pё┐Sбс3bЦcSsCsRцcЦs3C⌠2ц3#Pё┐S"бсSBЦSCCC⌠▓цSrЦs⌠⌠Ccц3#Pё┐S2бсsЦ⌠c#c▓цS"Ц3Css3Rц3#Pё┐SBбс┐┌ЦSsSCCc┌цCRЦC#┐┐bц3#Pё┐SRбсBЦ3⌠cCrц3rЦ⌠33▓ц3#Pё┐Sbбс▓Ц##C⌠┌ц#rЦCc⌠C#Bц3#Pё┐Srбс3"Ц┐cS3cBцbЦc⌠┌ц3#Pё┐S┌бсCRЦ#C┐ccBцBЦcCS2ц3#Pё┐S▓бсSbЦ#33Bц⌠Цc3S3Bц3#Pё┐cбсcRЦs3bцsrЦs333#▓ц3#Pё┐cбсs2ЦS⌠c⌠cBцc2ЦCC⌠┌ц3#Pё┐c"бсs▓Ц┐⌠┐▓цCrЦ┐cs⌠C32ц3#Pё┐c2бс┐BЦ#┐⌠SSBц3"Цs3⌠Cц3#Pё┐cBбс┐bЦ⌠⌠S#цbЦc3#cBц3#Pё┐cRбс┐rЦ▓бс2Ц⌠#3C┐┐s6Rс2ц3#Pё┐cbбс┐bЦ⌠⌠S#бсbЦc3#cBц3#Pё┐crбс┐BЦ#┐⌠SSBбс3"Цs3⌠Cц3#Pё┐c┌бсs▓Ц┐⌠┐▓бсCrЦ┐cs⌠C32ц3#Pё┐c▓бсs2ЦS⌠c⌠cBбсc2ЦCC⌠┌ц3#Pё┐sбсcRЦs3bбсsrЦs333#▓ц3#Pё┐sбсSbЦ#33Bбс⌠Цc3S3Bц3#Pё┐s"бсCRЦ#C┐ccBбсBЦcCS2ц3#Pё┐s2бс3"Ц┐cS3cBбсbЦc⌠┌ц3#Pё┐sBбс▓Ц##C⌠┌бс#rЦCc⌠C#Bц3#Pё┐sRбсBЦ3⌠cCrбс3rЦ⌠33▓ц3#Pё┐sbбс┐┌ЦSsSCCc┌бсCRЦC#┐┐bц3#Pё┐srбсsЦ⌠c#c▓бсS"Ц3Css3Rц3#Pё┐s┌бсSBЦSCCC⌠▓бсSrЦs⌠⌠Ccц3#Pё┐s▓бс3bЦcSsCsRбсcЦs3C⌠2ц3#Pё┐┐бс┌ЦCsC#rбсcBЦS⌠cц3#Pё┐┐ц2Цc#⌠┐##cc√Rс2бсcBЦ▓ц3#Pё┐┐"ц┌ЦCsC#rбсcBЦS⌠cц3#Pё┐┐2ц3bЦcSsCsRбсcЦs3C⌠2ц3#Pё┐┐BцSBЦSCCC⌠▓бсSrЦs⌠⌠Ccц3#Pё┐┐RцsЦ⌠c#c▓бсS"Ц3Css3Rц3#Pё┐┐bц┐┌ЦSsSCCc┌бсCRЦC#┐┐bц3#Pё┐┐rцBЦ3⌠cCrбс3rЦ⌠33▓ц3#Pё┐┐┌ц▓Ц##C⌠┌бс#rЦCc⌠C#Bц3#Pё┐┐▓ц3"Ц┐cS3cBбсbЦc⌠┌ц3#Pё┐⌠цCRЦ#C┐ccBбсBЦcCS2ц3#Pё┐⌠цSbЦ#33Bбс⌠Цc3S3Bц3#Pё┐⌠"цcRЦs3bбсsrЦs333#▓ц3#Pё┐⌠2цs2ЦS⌠c⌠cBбсc2ЦCC⌠┌ц3#Pё┐⌠Bцs▓Ц┐⌠┐▓бсCrЦ┐cs⌠C32ц3#Pё┐⌠Rц┐BЦ#┐⌠SSBбс3"Цs3⌠Cц3#Pё┐⌠bц┐bЦ⌠⌠S#бсbЦc3#cBц3#Pё┐⌠rц┐rЦ▓ц"Ц⌠S┐C#┐6RсBц3S ё┐⌠┌ц┐bЦ⌠⌠S#цbЦc3#cBц3S ё┐⌠▓ц┐BЦ#┐⌠SSBц3"Цs3⌠Cц3S ё⌠цs▓Ц┐⌠┐▓цCrЦ┐cs⌠C32ц3S ё⌠цs2ЦS⌠c⌠cBцc2ЦCC⌠┌ц3S ё⌠"цcRЦs3bцsrЦs333#▓ц3S ё⌠2цSbЦ#33Bц⌠Цc3S3Bц3S ё⌠BцCRЦ#C┐ccBцBЦcCS2ц3S ё⌠Rц3"Ц┐cS3cBцbЦc⌠┌ц3S ё⌠bц▓Ц##C⌠┌ц#rЦCc⌠C#Bц3S ё⌠rцBЦ3⌠cCrц3rЦ⌠33▓ц3S ё⌠┌ц┐┌ЦSsSCCc┌цCRЦC#┐┐bц3S ё⌠▓цsЦ⌠c#c▓цS"Ц3Css3Rц3S ё⌠цSBЦSCCC⌠▓цSrЦs⌠⌠Ccц3S ё⌠ц3bЦcSsCsRцcЦs3C⌠2ц3S ё⌠"ц┌ЦCsC#rцcBЦS⌠cц3S ё⌠2ц"ЦSSs┐C3sS##6RсBцcBЦ▓ц3S ё⌠Bбс┌ЦCsC#rцcBЦS⌠cц3S ё⌠Rбс3bЦcSsCsRцcЦs3C⌠2ц3S ё⌠bбсSBЦSCCC⌠▓цSrЦs⌠⌠Ccц3S ё⌠rбсsЦ⌠c#c▓цS"Ц3Css3Rц3S ё⌠┌бс┐┌ЦSsSCCc┌цCRЦC#┐┐bц3S ё⌠▓бсBЦ3⌠cCrц3rЦ⌠33▓ц3S ё⌠#бс▓Ц##C⌠┌ц#rЦCc⌠C#Bц3S ё⌠#бс3"Ц┐cS3cBцbЦc⌠┌ц3S ё⌠#"бсCRЦ#C┐ccBцBЦcCS2ц3S ё⌠#2бсSbЦ#33Bц⌠Цc3S3Bц3S ё⌠#BбсcRЦs3bцsrЦs333#▓ц3S ё⌠#Rбсs2ЦS⌠c⌠cBцc2ЦCC⌠┌ц3S ё⌠#bбсs▓Ц┐⌠┐▓цCrЦ┐cs⌠C32ц3S ё⌠#rбс┐BЦ#┐⌠SSBц3"Цs3⌠Cц3S ё⌠#┌бс┐bЦ⌠⌠S#цbЦc3#cBц3S ё⌠#▓бс┐rЦ▓бс2Ц⌠C┐Sc3#cC├Rс2ц3S ё⌠3бс┐bЦ⌠⌠S#бсbЦc3#cBц3S ё⌠3бс┐BЦ#┐⌠SSBбс3"Цs3⌠Cц3S ё⌠3"бсs▓Ц┐⌠┐▓бсCrЦ┐cs⌠C32ц3S ё⌠32бсs2ЦS⌠c⌠cBбсc2ЦCC⌠┌ц3S ё⌠3BбсcRЦs3bбсsrЦs333#▓ц3S ё⌠3RбсSbЦ#33Bбс⌠Цc3S3Bц3S ё⌠3bбсCRЦ#C┐ccBбсBЦcCS2ц3S ё⌠3rбс3"Ц┐cS3cBбсbЦc⌠┌ц3S ё⌠3┌бс▓Ц##C⌠┌бс#rЦCc⌠C#Bц3S ё⌠3▓бсBЦ3⌠cCrбс3rЦ⌠33▓ц3S ё⌠Cбс┐┌ЦSsSCCc┌бсCRЦC#┐┐bц3S ё⌠CбсsЦ⌠c#c▓бсS"Ц3Css3Rц3S ё⌠C"бсSBЦSCCC⌠▓бсSrЦs⌠⌠Ccц3S ё⌠C2бс3bЦcSsCsRбсcЦs3C⌠2ц3S ё⌠CBбс┌ЦCsC#rбсcBЦS⌠cц3S ё⌠CRц2Цc3C#scCRс2бсcBЦ▓ц3S ё⌠Cbц┌ЦCsC#rбсcBЦS⌠cц3S ё⌠Crц3bЦcSsCsRбсcЦs3C⌠2ц3S ё⌠C┌цSBЦSCCC⌠▓бсSrЦs⌠⌠Ccц3S ё⌠C▓цsЦ⌠c#c▓бсS"Ц3Css3Rц3S ё⌠Sц┐┌ЦSsSCCc┌бсCRЦC#┐┐bц3S ё⌠SцBЦ3⌠cCrбс3rЦ⌠33▓ц3S ё⌠S"ц▓Ц##C⌠┌бс#rЦCc⌠C#Bц3S ё⌠S2ц3"Ц┐cS3cBбсbЦc⌠┌ц3S ё⌠SBцCRЦ#C┐ccBбсBЦcCS2ц3S ё⌠SRцSbЦ#33Bбс⌠Цc3S3Bц3S ё⌠SbцcRЦs3bбсsrЦs333#▓ц3S ё⌠Srцs2ЦS⌠c⌠cBбсc2ЦCC⌠┌ц3S ё⌠S┌цs▓Ц┐⌠┐▓бсCrЦ┐cs⌠C32ц3S ё⌠S▓ц┐BЦ#┐⌠SSBбс3"Цs3⌠Cц3S ё⌠cц┐bЦ⌠⌠S#бсbЦc3#cBц3S ё⌠cц┐rЦ▓цЦc3scvRсBц3sPё⌠c"ц┐bЦ⌠⌠S#цbЦc3#cBц3sPё⌠c2ц┐BЦ#┐⌠SSBц3"Цs3⌠Cц3sPё⌠cBцs▓Ц┐⌠┐▓цCrЦ┐cs⌠C32ц3sPё⌠cRцs2ЦS⌠c⌠cBцc2ЦCC⌠┌ц3sPё⌠cbцcRЦs3bцsrЦs333#▓ц3sPё⌠crцSbЦ#33Bц⌠Цc3S3Bц3sPё⌠c┌цCRЦ#C┐ccBцBЦcCS2ц3sPё⌠c▓ц3"Ц┐cS3cBцbЦc⌠┌ц3sPё⌠sц▓Ц##C⌠┌ц#rЦCc⌠C#Bц3sPё⌠sцBЦ3⌠cCrц3rЦ⌠33▓ц3sPё⌠s"ц┐┌ЦSsSCCc┌цCRЦC#┐┐bц3sPё⌠s2цsЦ⌠c#c▓цS"Ц3Css3Rц3sPё⌠sBцSBЦSCCC⌠▓цSrЦs⌠⌠Ccц3sPё⌠sRц3bЦcSsCsRцcЦs3C⌠2ц3sPё⌠sbц┌ЦCsC#rцcBЦS⌠cц3sPё⌠srц"ЦSc┐Sssc⌠├RсBцcBЦ▓ц3sPё⌠s┌бс┌ЦCsC#rцcBЦS⌠cц3sPё⌠s▓бс3bЦcSsCsRцcЦs3C⌠2ц3sPё⌠┐бсSBЦSCCC⌠▓цSrЦs⌠⌠Ccц3sPё⌠┐бсsЦ⌠c#c▓цS"Ц3Css3Rц3sPё⌠┐"бс┐┌ЦSsSCCc┌цCRЦC#┐┐bц3sPё⌠┐2бсBЦ3⌠cCrц3rЦ⌠33▓ц3sPё⌠┐Bбс▓Ц##C⌠┌ц#rЦCc⌠C#Bц3sPё⌠┐Rбс3"Ц┐cS3cBцbЦc⌠┌ц3sPё⌠┐bбсCRЦ#C┐ccBцBЦcCS2ц3sPё⌠┐rбсSbЦ#33Bц⌠Цc3S3Bц3sPё⌠┐┌бсcRЦs3bцsrЦs333#▓ц3sPё⌠┐▓бсs2ЦS⌠c⌠cBцc2ЦCC⌠┌ц3sPё⌠⌠бсs▓Ц┐⌠┐▓цCrЦ┐cs⌠C32ц3sPё⌠⌠бс┐BЦ#┐⌠SSBц3"Цs3⌠Cц3sPё⌠⌠"бс┐bЦ⌠⌠S#цbЦc3#cBц3sPё⌠⌠2бс┐rЦ▓бсBЦSs┐┐c#VRс2ц3sPё⌠⌠Bбс┐bЦ⌠⌠S#бсbЦc3#cBц3sPё⌠⌠Rбс┐BЦ#┐⌠SSBбс3"Цs3⌠Cц3sPё⌠⌠bбсs▓Ц┐⌠┐▓бсCrЦ┐cs⌠C32ц3sPё⌠⌠rбсs2ЦS⌠c⌠cBбсc2ЦCC⌠┌ц3sPё⌠⌠┌бсcRЦs3bбсsrЦs333#▓ц3sPё⌠⌠▓бсSbЦ#33Bбс⌠Цc3S3Bц3sPёбсCRЦ#C┐ccBбсBЦcCS2ц3sPёбс3"Ц┐cS3cBбсbЦc⌠┌ц3sPё"бс▓Ц##C⌠┌бс#rЦCc⌠C#Bц3sPё2бсBЦ3⌠cCrбс3rЦ⌠33▓ц3sPёBбс┐┌ЦSsSCCc┌бсCRЦC#┐┐bц3sPёRбсsЦ⌠c#c▓бсS"Ц3Css3Rц3sPёbбсSBЦSCCC⌠▓бсSrЦs⌠⌠Ccц3sPёrбс3bЦcSsCsRбсcЦs3C⌠2ц3sPё┌бс┌ЦCsC#rбсcBЦS⌠cц3sPё▓ц2ЦS┐┐c3cc┐fRс2бсcBЦ▓ц3sPёц┌ЦCsC#rбсcBЦS⌠cц3sPёц3bЦcSsCsRбсcЦs3C⌠2ц3sPё"цSBЦSCCC⌠▓бсSrЦs⌠⌠Ccц3sPё2цsЦ⌠c#c▓бсS"Ц3Css3Rц3sPёBц┐┌ЦSsSCCc┌бсCRЦC#┐┐bц3sPёRцBЦ3⌠cCrбс3rЦ⌠33▓ц3sPёbц▓Ц##C⌠┌бс#rЦCc⌠C#Bц3sPёrц3"Ц┐cS3cBбсbЦc⌠┌ц3sPё┌цCRЦ#C┐ccBбсBЦcCS2ц3sPё▓цSbЦ#33Bбс⌠Цc3S3Bц3sPё#цcRЦs3bбсsrЦs333#▓ц3sPё#цs2ЦS⌠c⌠cBбсc2ЦCC⌠┌ц3sPё#"цs▓Ц┐⌠┐▓бсCrЦ┐cs⌠C32ц3sPё#2ц┐BЦ#┐⌠SSBбс3"Цs3⌠Cц3sPё#Bц┐bЦ⌠⌠S#бсbЦc3#cBц3sPё#Rц┐rЦ▓цЦ#⌠3#┐⌠s3┐VRсBцC ё#bц┐bЦ⌠⌠S#цbЦc3#cBцC ё#rц┐BЦ#┐⌠SSBц3"Цs3⌠CцC ё#┌цs▓Ц┐⌠┐▓цCrЦ┐cs⌠C32цC ё#▓цs2ЦS⌠c⌠cBцc2ЦCC⌠┌цC ё3цcRЦs3bцsrЦs333#▓цC ё3цSbЦ#33Bц⌠Цc3S3BцC ё3"цCRЦ#C┐ccBцBЦcCS2цC ё32ц3"Ц┐cS3cBцbЦc⌠┌цC ё3Bц▓Ц##C⌠┌ц#rЦCc⌠C#BцC ё3RцBЦ3⌠cCrц3rЦ⌠33▓цC ё3bц┐┌ЦSsSCCc┌цCRЦC#┐┐bцC ё3rцsЦ⌠c#c▓цS"Ц3Css3RцC ё3┌цSBЦSCCC⌠▓цSrЦs⌠⌠CcцC ё3▓ц3bЦcSsCsRцcЦs3C⌠2цC ёCц┌ЦCsC#rцcBЦS⌠cцC ёCцЦ⌠##cs┐CC#fRсBцcBЦ▓цC ёC"бс┌ЦCsC#rцcBЦS⌠cцC ёC2бс3bЦcSsCsRцcЦs3C⌠2цC ёCBбсSBЦSCCC⌠▓цSrЦs⌠⌠CcцC ёCRбсsЦ⌠c#c▓цS"Ц3Css3RцC ёCbбс┐┌ЦSsSCCc┌цCRЦC#┐┐bцC ёCrбсBЦ3⌠cCrц3rЦ⌠33▓цC ёC┌бс▓Ц##C⌠┌ц#rЦCc⌠C#BцC ёC▓бс3"Ц┐cS3cBцbЦc⌠┌цC ёSбсCRЦ#C┐ccBцBЦcCS2цC ёSбсSbЦ#33Bц⌠Цc3S3BцC ёS"бсcRЦs3bцsrЦs333#▓цC ёS2бсs2ЦS⌠c⌠cBцc2ЦCC⌠┌цC ёSBбсs▓Ц┐⌠┐▓цCrЦ┐cs⌠C32цC ёSRбс┐BЦ#┐⌠SSBц3"Цs3⌠CцC ёSbбс┐bЦ⌠⌠S#цbЦc3#cBцC ёSrбс┐rЦ▓бсBЦcC33Css⌠6Rс2цC ёS┌бс┐bЦ⌠⌠S#бсbЦc3#cBцC ёS▓бс┐BЦ#┐⌠SSBбс3"Цs3⌠CцC ёcбсs▓Ц┐⌠┐▓бсCrЦ┐cs⌠C32цC ёcбсs2ЦS⌠c⌠cBбсc2ЦCC⌠┌цC ёc"бсcRЦs3bбсsrЦs333#▓цC ёc2бсSbЦ#33Bбс⌠Цc3S3BцC ёcBбсCRЦ#C┐ccBбсBЦcCS2цC ёcRбс3"Ц┐cS3cBбсbЦc⌠┌цC ёcbбс▓Ц##C⌠┌бс#rЦCc⌠C#BцC ёcrбсBЦ3⌠cCrбс3rЦ⌠33▓цC ёc┌бс┐┌ЦSsSCCc┌бсCRЦC#┐┐bцC ёc▓бсsЦ⌠c#c▓бсS"Ц3Css3RцC ёsбсSBЦSCCC⌠▓бсSrЦs⌠⌠CcцC ёsбс3bЦcSsCsRбсcЦs3C⌠2цC ёs"бс┌ЦCsC#rбсcBЦS⌠cцC ёs2ц2Цc33┐cCs33├Rс2бсcBЦ▓цC ёsBц┌ЦCsC#rбсcBЦS⌠cцC ёsRц3bЦcSsCsRбсcЦs3C⌠2цC ёsbцSBЦSCCC⌠▓бсSrЦs⌠⌠CcцC ёsrцsЦ⌠c#c▓бсS"Ц3Css3RцC ёs┌ц┐┌ЦSsSCCc┌бсCRЦC#┐┐bцC ёs▓цBЦ3⌠cCrбс3rЦ⌠33▓цC ё┐ц▓Ц##C⌠┌бс#rЦCc⌠C#BцC ё┐ц3"Ц┐cS3cBбсbЦc⌠┌цC ё┐"цCRЦ#C┐ccBбсBЦcCS2цC ё┐2цSbЦ#33Bбс⌠Цc3S3BцC ё┐BцcRЦs3bбсsrЦs333#▓цC ё┐Rцs2ЦS⌠c⌠cBбсc2ЦCC⌠┌цC ё┐bцs▓Ц┐⌠┐▓бсCrЦ┐cs⌠C32цC ё┐rц┐BЦ#┐⌠SSBбс3"Цs3⌠CцC ё┐┌ц┐bЦ⌠⌠S#бсbЦc3#cBцC ё┐▓ц┐rЦ▓цЦS⌠#3c#Cs6RсBцC#Pё⌠ц┐bЦ⌠⌠S#цbЦc3#cBцC#Pё⌠ц┐BЦ#┐⌠SSBц3"Цs3⌠CцC#Pё⌠"цs▓Ц┐⌠┐▓цCrЦ┐cs⌠C32цC#Pё⌠2цs2ЦS⌠c⌠cBцc2ЦCC⌠┌цC#Pё⌠BцcRЦs3bцsrЦs333#▓цC#Pё⌠RцSbЦ#33Bц⌠Цc3S3BцC#Pё⌠bцCRЦ#C┐ccBцBЦcCS2цC#Pё⌠rц3"Ц┐cS3cBцbЦc⌠┌цC#Pё⌠┌ц▓Ц##C⌠┌ц#rЦCc⌠C#BцC#Pё⌠▓цBЦ3⌠cCrц3rЦ⌠33▓цC#Pёц┐┌ЦSsSCCc┌цCRЦC#┐┐bцC#PёцsЦ⌠c#c▓цS"Ц3Css3RцC#Pё"цSBЦSCCC⌠▓цSrЦs⌠⌠CcцC#Pё2ц3bЦcSsCsRцcЦs3C⌠2цC#PёBц┌ЦCsC#rцcBЦS⌠cцC#PёRцЦ┐┐C#┐c⌠⌠FRсBцcBЦ▓цC#Pёbбс┌ЦCsC#rцcBЦS⌠cцC#Pёrбс3bЦcSsCsRцcЦs3C⌠2цC#Pё┌бсSBЦSCCC⌠▓цSrЦs⌠⌠CcцC#Pё▓бсsЦ⌠c#c▓цS"Ц3Css3RцC#Pёбс┐┌ЦSsSCCc┌цCRЦC#┐┐bцC#PёбсBЦ3⌠cCrц3rЦ⌠33▓цC#Pё"бс▓Ц##C⌠┌ц#rЦCc⌠C#BцC#Pё2бс3"Ц┐cS3cBцbЦc⌠┌цC#PёBбсCRЦ#C┐ccBцBЦcCS2цC#PёRбсSbЦ#33Bц⌠Цc3S3BцC#PёbбсcRЦs3bцsrЦs333#▓цC#Pёrбсs2ЦS⌠c⌠cBцc2ЦCC⌠┌цC#Pё┌бсs▓Ц┐⌠┐▓цCrЦ┐cs⌠C32цC#Pё▓бс┐BЦ#┐⌠SSBц3"Цs3⌠CцC#Pё#бс┐bЦ⌠⌠S#цbЦc3#cBцC#Pё#бс┐rЦ▓бсBЦ┐c3Ccc&Rс2цC#Pё#"бс┐bЦ⌠⌠S#бсbЦc3#cBцC#Pё#2бс┐BЦ#┐⌠SSBбс3"Цs3⌠CцC#Pё#Bбсs▓Ц┐⌠┐▓бсCrЦ┐cs⌠C32цC#Pё#Rбсs2ЦS⌠c⌠cBбсc2ЦCC⌠┌цC#Pё#bбсcRЦs3bбсsrЦs333#▓цC#Pё#rбсSbЦ#33Bбс⌠Цc3S3BцC#Pё#┌бсCRЦ#C┐ccBбсBЦcCS2цC#Pё#▓бс3"Ц┐cS3cBбсbЦc⌠┌цC#Pё3бс▓Ц##C⌠┌бс#rЦCc⌠C#BцC#Pё3бсBЦ3⌠cCrбс3rЦ⌠33▓цC#Pё3"бс┐┌ЦSsSCCc┌бсCRЦC#┐┐bцC#Pё32бсsЦ⌠c#c▓бсS"Ц3Css3RцC#Pё3BбсSBЦSCCC⌠▓бсSrЦs⌠⌠CcцC#Pё3Rбс3bЦcSsCsRбсcЦs3C⌠2цC#Pё3bбс┌ЦCsC#rбсcBЦS⌠cцC#Pё3rц2Цcs3#┐CS#vRс2бсcBЦ▓цC#Pё3┌ц┌ЦCsC#rбсcBЦS⌠cцC#Pё3▓ц3bЦcSsCsRбсcЦs3C⌠2цC#PёCцSBЦSCCC⌠▓бсSrЦs⌠⌠CcцC#PёCцsЦ⌠c#c▓бсS"Ц3Css3RцC#PёC"ц┐┌ЦSsSCCc┌бсCRЦC#┐┐bцC#PёC2цBЦ3⌠cCrбс3rЦ⌠33▓цC#PёCBц▓Ц##C⌠┌бс#rЦCc⌠C#BцC#PёCRц3"Ц┐cS3cBбсbЦc⌠┌цC#PёCbцCRЦ#C┐ccBбсBЦcCS2цC#PёCrцSbЦ#33Bбс⌠Цc3S3BцC#PёC┌цcRЦs3bбсsrЦs333#▓цC#PёC▓цs2ЦS⌠c⌠cBбсc2ЦCC⌠┌цC#PёSцs▓Ц┐⌠┐▓бсCrЦ┐cs⌠C32цC#PёSц┐BЦ#┐⌠SSBбс3"Цs3⌠CцC#PёS"ц┐bЦ⌠⌠S#бсbЦc3#cBцC#PёS2ц┐rЦ▓цЦ⌠CCc┐S#⌠fRсBцCS ёSBц┐bЦ⌠⌠S#цbЦc3#cBцCS ёSRц┐BЦ#┐⌠SSBц3"Цs3⌠CцCS ёSbцs▓Ц┐⌠┐▓цCrЦ┐cs⌠C32цCS ёSrцs2ЦS⌠c⌠cBцc2ЦCC⌠┌цCS ёS┌цcRЦs3bцsrЦs333#▓цCS ёS▓цSbЦ#33Bц⌠Цc3S3BцCS ёcцCRЦ#C┐ccBцBЦcCS2цCS ёcц3"Ц┐cS3cBцbЦc⌠┌цCS ёc"ц▓Ц##C⌠┌ц#rЦCc⌠C#BцCS ёc2цBЦ3⌠cCrц3rЦ⌠33▓цCS ёcBц┐┌ЦSsSCCc┌цCRЦC#┐┐bцCS ёcRцsЦ⌠c#c▓цS"Ц3Css3RцCS ёcbцSBЦSCCC⌠▓цSrЦs⌠⌠CcцCS ёcrц3bЦcSsCsRцcЦs3C⌠2цCS ёc┌ц┌ЦCsC#rцcBЦS⌠cцCS ёc▓цЦc┐3c##┐CfRсBцcBЦ▓цCS ёsбс┌ЦCsC#rцcBЦS⌠cцCS ёsбс3bЦcSsCsRцcЦs3C⌠2цCS ёs"бсSBЦSCCC⌠▓цSrЦs⌠⌠CcцCS ёs2бсsЦ⌠c#c▓цS"Ц3Css3RцCS ёsBбс┐┌ЦSsSCCc┌цCRЦC#┐┐bцCS ёsRбсBЦ3⌠cCrц3rЦ⌠33▓цCS ёsbбс▓Ц##C⌠┌ц#rЦCc⌠C#BцCS ёsrбс3"Ц┐cS3cBцbЦc⌠┌цCS ёs┌бсCRЦ#C┐ccBцBЦcCS2цCS ёs▓бсSbЦ#33Bц⌠Цc3S3BцCS ё┐бсcRЦs3bцsrЦs333#▓цCS ё┐бсs2ЦS⌠c⌠cBцc2ЦCC⌠┌цCS ё┐"бсs▓Ц┐⌠┐▓цCrЦ┐cs⌠C32цCS ё┐2бс┐BЦ#┐⌠SSBц3"Цs3⌠CцCS ё┐Bбс┐bЦ⌠⌠S#цbЦc3#cBцCS ё┐Rбс┐rЦ▓бсBЦcS#c#C⌠&Rс2цCS ё┐bбс┐bЦ⌠⌠S#бсbЦc3#cBцCS ё┐rбс┐BЦ#┐⌠SSBбс3"Цs3⌠CцCS ё┐┌бсs▓Ц┐⌠┐▓бсCrЦ┐cs⌠C32цCS ё┐▓бсs2ЦS⌠c⌠cBбсc2ЦCC⌠┌цCS ё⌠бсcRЦs3bбсsrЦs333#▓цCS ё⌠бсSbЦ#33Bбс⌠Цc3S3BцCS ё⌠"бсCRЦ#C┐ccBбсBЦcCS2цCS ё⌠2бс3"Ц┐cS3cBбсbЦc⌠┌цCS ё⌠Bбс▓Ц##C⌠┌бс#rЦCc⌠C#BцCS ё⌠RбсBЦ3⌠cCrбс3rЦ⌠33▓цCS ё⌠bбс┐┌ЦSsSCCc┌бсCRЦC#┐┐bцCS ё⌠rбсsЦ⌠c#c▓бсS"Ц3Css3RцCS ё⌠┌бсSBЦSCCC⌠▓бсSrЦs⌠⌠CcцCS ё⌠▓бс3bЦcSsCsRбсcЦs3C⌠2цCS ё#бс┌ЦCsC#rбсcBЦS⌠cцCS ё#ц2ЦS┐CcS┐┐cRс2бсcBЦ▓цCS ё#"ц┌ЦCsC#rбсcBЦS⌠cцCS ё#2ц3bЦcSsCsRбсcЦs3C⌠2цCS ё#BцSBЦSCCC⌠▓бсSrЦs⌠⌠CcцCS ё#RцsЦ⌠c#c▓бсS"Ц3Css3RцCS ё#bц┐┌ЦSsSCCc┌бсCRЦC#┐┐bцCS ё#rцBЦ3⌠cCrбс3rЦ⌠33▓цCS ё#┌ц▓Ц##C⌠┌бс#rЦCc⌠C#BцCS ё#▓ц3"Ц┐cS3cBбсbЦc⌠┌цCS ё#цCRЦ#C┐ccBбсBЦcCS2цCS ё#цSbЦ#33Bбс⌠Цc3S3BцCS ё#"цcRЦs3bбсsrЦs333#▓цCS ё#2цs2ЦS⌠c⌠cBбсc2ЦCC⌠┌цCS ё#Bцs▓Ц┐⌠┐▓бсCrЦ┐cs⌠C32цCS ё#Rц┐BЦ#┐⌠SSBбс3"Цs3⌠CцCS ё#bц┐bЦ⌠⌠S#бсbЦc3#cBцCS ё#rц┐rЦ▓цЦc3CsS6RсBцCsPё#┌ц┐bЦ⌠⌠S#цbЦc3#cBцCsPё#▓ц┐BЦ#┐⌠SSBц3"Цs3⌠CцCsPё##цs▓Ц┐⌠┐▓цCrЦ┐cs⌠C32цCsPё##цs2ЦS⌠c⌠cBцc2ЦCC⌠┌цCsPё##"цcRЦs3bцsrЦs333#▓цCsPё##2цSbЦ#33Bц⌠Цc3S3BцCsPё##BцCRЦ#C┐ccBцBЦcCS2цCsPё##Rц3"Ц┐cS3cBцbЦc⌠┌цCsPё##bц▓Ц##C⌠┌ц#rЦCc⌠C#BцCsPё##rцBЦ3⌠cCrц3rЦ⌠33▓цCsPё##┌ц┐┌ЦSsSCCc┌цCRЦC#┐┐bцCsPё##▓цsЦ⌠c#c▓цS"Ц3Css3RцCsPё#3цSBЦSCCC⌠▓цSrЦs⌠⌠CcцCsPё#3ц3bЦcSsCsRцcЦs3C⌠2цCsPё#3"ц┌ЦCsC#rцcBЦS⌠cцCsPё#32цЦcc┐#⌠cS#RсBцcBЦ▓цCsPё#3Bбс┌ЦCsC#rцcBЦS⌠cцCsPё#3Rбс3bЦcSsCsRцcЦs3C⌠2цCsPё#3bбсSBЦSCCC⌠▓цSrЦs⌠⌠CcцCsPё#3rбсsЦ⌠c#c▓цS"Ц3Css3RцCsPё#3┌бс┐┌ЦSsSCCc┌цCRЦC#┐┐bцCsPё#3▓бсBЦ3⌠cCrц3rЦ⌠33▓цCsPё#Cбс▓Ц##C⌠┌ц#rЦCc⌠C#BцCsPё#Cбс3"Ц┐cS3cBцbЦc⌠┌цCsPё#C"бсCRЦ#C┐ccBцBЦcCS2цCsPё#C2бсSbЦ#33Bц⌠Цc3S3BцCsPё#CBбсcRЦs3bцsrЦs333#▓цCsPё#CRбсs2ЦS⌠c⌠cBцc2ЦCC⌠┌цCsPё#Cbбсs▓Ц┐⌠┐▓цCrЦ┐cs⌠C32цCsPё#Crбс┐BЦ#┐⌠SSBц3"Цs3⌠CцCsPё#C┌бс┐bЦ⌠⌠S#цbЦc3#cBцCsPё#C▓бс┐rЦ▓бсBЦcCC33Ss⌠&Rс2цCsPё#Sбс┐bЦ⌠⌠S#бсbЦc3#cBцCsPё#Sбс┐BЦ#┐⌠SSBбс3"Цs3⌠CцCsPё#S"бсs▓Ц┐⌠┐▓бсCrЦ┐cs⌠C32цCsPё#S2бсs2ЦS⌠c⌠cBбсc2ЦCC⌠┌цCsPё#SBбсcRЦs3bбсsrЦs333#▓цCsPё#SRбсSbЦ#33Bбс⌠Цc3S3BцCsPё#SbбсCRЦ#C┐ccBбсBЦcCS2цCsPё#Srбс3"Ц┐cS3cBбсbЦc⌠┌цCsPё#S┌бс▓Ц##C⌠┌бс#rЦCc⌠C#BцCsPё#S▓бсBЦ3⌠cCrбс3rЦ⌠33▓цCsPё#cбс┐┌ЦSsSCCc┌бсCRЦC#┐┐bцCsPё#cбсsЦ⌠c#c▓бсS"Ц3Css3RцCsPё#c"бсSBЦSCCC⌠▓бсSrЦs⌠⌠CcцCsPё#c2бс3bЦcSsCsRбсcЦs3C⌠2цCsPё#cBбс┌ЦCsC#rбсcBЦS⌠cцCsPё#cRц2ЦS⌠sS⌠#┐┐sfRс2бсcBЦ▓цCsPё#cbц┌ЦCsC#rбсcBЦS⌠cцCsPё#crц3bЦcSsCsRбсcЦs3C⌠2цCsPё#c┌цSBЦSCCC⌠▓бсSrЦs⌠⌠CcцCsPё#c▓цsЦ⌠c#c▓бсS"Ц3Css3RцCsPё#sц┐┌ЦSsSCCc┌бсCRЦC#┐┐bцCsPё#sцBЦ3⌠cCrбс3rЦ⌠33▓цCsPё#s"ц▓Ц##C⌠┌бс#rЦCc⌠C#BцCsPё#s2ц3"Ц┐cS3cBбсbЦc⌠┌цCsPё#sBцCRЦ#C┐ccBбсBЦcCS2цCsPё#sRцSbЦ#33Bбс⌠Цc3S3BцCsPё#sbцcRЦs3bбсsrЦs333#▓цCsPё#srцs2ЦS⌠c⌠cBбсc2ЦCC⌠┌цCsPё#s┌цs▓Ц┐⌠┐▓бсCrЦ┐cs⌠C32цCsPё#s▓ц┐BЦ#┐⌠SSBбс3"Цs3⌠CцCsPё#┐ц┐bЦ⌠⌠S#бсbЦc3#cBцCsPё#┐ц┐rЦ▓цЦ##⌠#3#3⌠sfRсBцS ё#┐"ц┐bЦ⌠⌠S#цbЦc3#cBцS ё#┐2ц┐BЦ#┐⌠SSBц3"Цs3⌠CцS ё#┐Bцs▓Ц┐⌠┐▓цCrЦ┐cs⌠C32цS ё#┐Rцs2ЦS⌠c⌠cBцc2ЦCC⌠┌цS ё#┐bцcRЦs3bцsrЦs333#▓цS ё#┐rцSbЦ#33Bц⌠Цc3S3BцS ё#┐┌цCRЦ#C┐ccBцBЦcCS2цS ё#┐▓ц3"Ц┐cS3cBцbЦc⌠┌цS ё#⌠ц▓Ц##C⌠┌ц#rЦCc⌠C#BцS ё#⌠цBЦ3⌠cCrц3rЦ⌠33▓цS ё#⌠"ц┐┌ЦSsSCCc┌цCRЦC#┐┐bцS ё#⌠2цsЦ⌠c#c▓цS"Ц3Css3RцS ё#⌠BцSBЦSCCC⌠▓цSrЦs⌠⌠CcцS ё#⌠Rц3bЦcSsCsRцcЦs3C⌠2цS ё#⌠bц┌ЦCsC#rцcBЦS⌠cцS ё#⌠rцЦC#CCSSC√RсBцcBЦ▓цS ё#⌠┌бс┌ЦCsC#rцcBЦS⌠cцS ё#⌠▓бс3bЦcSsCsRцcЦs3C⌠2цS ё3бсSBЦSCCC⌠▓цSrЦs⌠⌠CcцS ё3бсsЦ⌠c#c▓цS"Ц3Css3RцS ё3"бс┐┌ЦSsSCCc┌цCRЦC#┐┐bцS ё32бсBЦ3⌠cCrц3rЦ⌠33▓цS ё3Bбс▓Ц##C⌠┌ц#rЦCc⌠C#BцS ё3Rбс3"Ц┐cS3cBцbЦc⌠┌цS ё3bбсCRЦ#C┐ccBцBЦcCS2цS ё3rбсSbЦ#33Bц⌠Цc3S3BцS ё3┌бсcRЦs3bцsrЦs333#▓цS ё3▓бсs2ЦS⌠c⌠cBцc2ЦCC⌠┌цS ё3бсs▓Ц┐⌠┐▓цCrЦ┐cs⌠C32цS ё3бс┐BЦ#┐⌠SSBц3"Цs3⌠CцS ё3"бс┐bЦ⌠⌠S#цbЦc3#cBцS ё32бс┐rЦ▓бсBЦC┐c⌠⌠C#3SvRс2цS ё3Bбс┐bЦ⌠⌠S#бсbЦc3#cBцS ё3Rбс┐BЦ#┐⌠SSBбс3"Цs3⌠CцS ё3bбсs▓Ц┐⌠┐▓бсCrЦ┐cs⌠C32цS ё3rбсs2ЦS⌠c⌠cBбсc2ЦCC⌠┌цS ё3┌бсcRЦs3bбсsrЦs333#▓цS ё3▓бсSbЦ#33Bбс⌠Цc3S3BцS ё3#бсCRЦ#C┐ccBбсBЦcCS2цS ё3#бс3"Ц┐cS3cBбсbЦc⌠┌цS ё3#"бс▓Ц##C⌠┌бс#rЦCc⌠C#BцS ё3#2бсBЦ3⌠cCrбс3rЦ⌠33▓цS ё3#Bбс┐┌ЦSsSCCc┌бсCRЦC#┐┐bцS ё3#RбсsЦ⌠c#c▓бсS"Ц3Css3RцS ё3#bбсSBЦSCCC⌠▓бсSrЦs⌠⌠CcцS ё3#rбс3bЦcSsCsRбсcЦs3C⌠2цS ё3#┌бс┌ЦCsC#rбсcBЦS⌠cцS ё3#▓ц2ЦSSC##cc3&Rс2бсcBЦ▓цS ё33ц┌ЦCsC#rбсcBЦS⌠cцS ё33ц3bЦcSsCsRбсcЦs3C⌠2цS ё33"цSBЦSCCC⌠▓бсSrЦs⌠⌠CcцS ё332цsЦ⌠c#c▓бсS"Ц3Css3RцS ё33Bц┐┌ЦSsSCCc┌бсCRЦC#┐┐bцS ё33RцBЦ3⌠cCrбс3rЦ⌠33▓цS ё33bц▓Ц##C⌠┌бс#rЦCc⌠C#BцS ё33rц3"Ц┐cS3cBбсbЦc⌠┌цS ё33┌цCRЦ#C┐ccBбсBЦcCS2цS ё33▓цSbЦ#33Bбс⌠Цc3S3BцS ё3CцcRЦs3bбсsrЦs333#▓цS ё3Cцs2ЦS⌠c⌠cBбсc2ЦCC⌠┌цS ё3C"цs▓Ц┐⌠┐▓бсCrЦ┐cs⌠C32цS ё3C2ц┐BЦ#┐⌠SSBбс3"Цs3⌠CцS ё3CBц┐bЦ⌠⌠S#бсbЦc3#cBцS ё3CRц┐rЦ▓ц┌Ц┐S⌠SCcCVRсRцS#Pё3Cbц┐bЦ⌠⌠S#цbЦc3#cBцS#Pё3Crц┐BЦ#┐⌠SSBц3"Цs3⌠CцS#Pё3C┌цs▓Ц┐⌠┐▓цCrЦ┐cs⌠C32цS#Pё3C▓цs2ЦS⌠c⌠cBцc2ЦCC⌠┌цS#Pё3SцcRЦs3bцsrЦs333#▓цS#Pё3SцSbЦ#33Bц⌠Цc3S3BцS#Pё3S"цCRЦ#C┐ccBцBЦcCS2цS#Pё3S2ц3"Ц┐cS3cBцbЦc⌠┌цS#Pё3SBц▓Ц##C⌠┌ц#rЦCc⌠C#BцS#Pё3SRцBЦ3⌠cCrц3rЦ⌠33▓цS#Pё3Sbц┐┌ЦSsSCCc┌цCRЦC#┐┐bцS#Pё3SrцsЦ⌠c#c▓цS"Ц3Css3RцS#Pё3S┌цSBЦSCCC⌠▓цSrЦs⌠⌠CcцS#Pё3S▓ц3bЦcSsCsRцcЦs3C⌠2цS#Pё3cц┌ЦCsC#rцcBЦS⌠cцS#Pё3cцЦ#sC┐3Ss┐fRсBцcBЦ▓цS#Pё3c"бс┌ЦCsC#rцcBЦS⌠cцS#Pё3c2бс3bЦcSsCsRцcЦs3C⌠2цS#Pё3cBбсSBЦSCCC⌠▓цSrЦs⌠⌠CcцS#Pё3cRбсsЦ⌠c#c▓цS"Ц3Css3RцS#Pё3cbбс┐┌ЦSsSCCc┌цCRЦC#┐┐bцS#Pё3crбсBЦ3⌠cCrц3rЦ⌠33▓цS#Pё3c┌бс▓Ц##C⌠┌ц#rЦCc⌠C#BцS#Pё3c▓бс3"Ц┐cS3cBцbЦc⌠┌цS#Pё3sбсCRЦ#C┐ccBцBЦcCS2цS#Pё3sбсSbЦ#33Bц⌠Цc3S3BцS#Pё3s"бсcRЦs3bцsrЦs333#▓цS#Pё3s2бсs2ЦS⌠c⌠cBцc2ЦCC⌠┌цS#Pё3sBбсs▓Ц┐⌠┐▓цCrЦ┐cs⌠C32цS#Pё3sRбс┐BЦ#┐⌠SSBц3"Цs3⌠CцS#Pё3sbбс┐bЦ⌠⌠S#цbЦc3#cBцS#Pё3srбс┐rЦ▓бсBЦSSCcccS⌠vRс2цS#Pё3s┌бс┐bЦ⌠⌠S#бсbЦc3#cBцS#Pё3s▓бс┐BЦ#┐⌠SSBбс3"Цs3⌠CцS#Pё3┐бсs▓Ц┐⌠┐▓бсCrЦ┐cs⌠C32цS#Pё3┐бсs2ЦS⌠c⌠cBбсc2ЦCC⌠┌цS#Pё3┐"бсcRЦs3bбсsrЦs333#▓цS#Pё3┐2бсSbЦ#33Bбс⌠Цc3S3BцS#Pё3┐BбсCRЦ#C┐ccBбсBЦcCS2цS#Pё3┐Rбс3"Ц┐cS3cBбсbЦc⌠┌цS#Pё3┐bбс▓Ц##C⌠┌бс#rЦCc⌠C#BцS#Pё3┐rбсBЦ3⌠cCrбс3rЦ⌠33▓цS#Pё3┐┌бс┐┌ЦSsSCCc┌бсCRЦC#┐┐bцS#Pё3┐▓бсsЦ⌠c#c▓бсS"Ц3Css3RцS#Pё3⌠бсSBЦSCCC⌠▓бсSrЦs⌠⌠CcцS#Pё3⌠бс3bЦcSsCsRбсcЦs3C⌠2цS#Pё3⌠"бс┌ЦCsC#rбсcBЦS⌠cцS#Pё3⌠2ц2ЦSS33#cc⌠S&Rс2бсcBЦ▓цS#Pё3⌠Bц┌ЦCsC#rбсcBЦS⌠cцS#Pё3⌠Rц3bЦcSsCsRбсcЦs3C⌠2цS#Pё3⌠bцSBЦSCCC⌠▓бсSrЦs⌠⌠CcцS#Pё3⌠rцsЦ⌠c#c▓бсS"Ц3Css3RцS#Pё3⌠┌ц┐┌ЦSsSCCc┌бсCRЦC#┐┐bцS#Pё3⌠▓цBЦ3⌠cCrбс3rЦ⌠33▓цS#PёCц▓Ц##C⌠┌бс#rЦCc⌠C#BцS#PёCц3"Ц┐cS3cBбсbЦc⌠┌цS#PёC"цCRЦ#C┐ccBбсBЦcCS2цS#PёC2цSbЦ#33Bбс⌠Цc3S3BцS#PёCBцcRЦs3bбсsrЦs333#▓цS#PёCRцs2ЦS⌠c⌠cBбсc2ЦCC⌠┌цS#PёCbцs▓Ц┐⌠┐▓бсCrЦ┐cs⌠C32цS#PёCrц┐BЦ#┐⌠SSBбс3"Цs3⌠CцS#PёC┌ц┐bЦ⌠⌠S#бсbЦc3#cBцS#PёC▓ц┐rЦ▓цbЦ#CccssfRсRцSS ёCц┐bЦ⌠⌠S#цbЦc3#cBцSS ёCц┐BЦ#┐⌠SSBц3"Цs3⌠CцSS ёC"цs▓Ц┐⌠┐▓цCrЦ┐cs⌠C32цSS ёC2цs2ЦS⌠c⌠cBцc2ЦCC⌠┌цSS ёCBцcRЦs3bцsrЦs333#▓цSS ёCRцSbЦ#33Bц⌠Цc3S3BцSS ёCbцCRЦ#C┐ccBцBЦcCS2цSS ёCrц3"Ц┐cS3cBцbЦc⌠┌цSS ёC┌ц▓Ц##C⌠┌ц#rЦCc⌠C#BцSS ёC▓цBЦ3⌠cCrц3rЦ⌠33▓цSS ёC#ц┐┌ЦSsSCCc┌цCRЦC#┐┐bцSS ёC#цsЦ⌠c#c▓цS"Ц3Css3RцSS ёC#"цSBЦSCCC⌠▓цSrЦs⌠⌠CcцSS ёC#2ц3bЦcSsCsRцcЦs3C⌠2цSS ёC#Bц┌ЦCsC#rцcBЦS⌠cцSS ёC#RцЦ#C3#S⌠S#cfRсBцcBЦ▓цSS ёC#bбс┌ЦCsC#rцcBЦS⌠cцSS ёC#rбс3bЦcSsCsRцcЦs3C⌠2цSS ёC#┌бсSBЦSCCC⌠▓цSrЦs⌠⌠CcцSS ёC#▓бсsЦ⌠c#c▓цS"Ц3Css3RцSS ёC3бс┐┌ЦSsSCCc┌цCRЦC#┐┐bцSS ёC3бсBЦ3⌠cCrц3rЦ⌠33▓цSS ёC3"бс▓Ц##C⌠┌ц#rЦCc⌠C#BцSS ёC32бс3"Ц┐cS3cBцbЦc⌠┌цSS ёC3BбсCRЦ#C┐ccBцBЦcCS2цSS ёC3RбсSbЦ#33Bц⌠Цc3S3BцSS ёC3bбсcRЦs3bцsrЦs333#▓цSS ёC3rбсs2ЦS⌠c⌠cBцc2ЦCC⌠┌цSS ёC3┌бсs▓Ц┐⌠┐▓цCrЦ┐cs⌠C32цSS ёC3▓бс┐BЦ#┐⌠SSBц3"Цs3⌠CцSS ёCCбс┐bЦ⌠⌠S#цbЦc3#cBцSS ёCCбс┐rЦ▓бсBЦ⌠sSCCS┐sfRс2цSS ёCC"бс┐bЦ⌠⌠S#бсbЦc3#cBцSS ёCC2бс┐BЦ#┐⌠SSBбс3"Цs3⌠CцSS ёCCBбсs▓Ц┐⌠┐▓бсCrЦ┐cs⌠C32цSS ёCCRбсs2ЦS⌠c⌠cBбсc2ЦCC⌠┌цSS ёCCbбсcRЦs3bбсsrЦs333#▓цSS ёCCrбсSbЦ#33Bбс⌠Цc3S3BцSS ёCC┌бсCRЦ#C┐ccBбсBЦcCS2цSS ёCC▓бс3"Ц┐cS3cBбсbЦc⌠┌цSS ёCSбс▓Ц##C⌠┌бс#rЦCc⌠C#BцSS ёCSбсBЦ3⌠cCrбс3rЦ⌠33▓цSS ёCS"бс┐┌ЦSsSCCc┌бсCRЦC#┐┐bцSS ёCS2бсsЦ⌠c#c▓бсS"Ц3Css3RцSS ёCSBбсSBЦSCCC⌠▓бсSrЦs⌠⌠CcцSS ёCSRбс3bЦcSsCsRбсcЦs3C⌠2цSS ёCSbбс┌ЦCsC#rбсcBЦS⌠cцSS ёCSrц2Цc33c┐c#vRс2бсcBЦ▓цSS ёCS┌ц┌ЦCsC#rбсcBЦS⌠cцSS ёCS▓ц3bЦcSsCsRбсcЦs3C⌠2цSS ёCcцSBЦSCCC⌠▓бсSrЦs⌠⌠CcцSS ёCcцsЦ⌠c#c▓бсS"Ц3Css3RцSS ёCc"ц┐┌ЦSsSCCc┌бсCRЦC#┐┐bцSS ёCc2цBЦ3⌠cCrбс3rЦ⌠33▓цSS ёCcBц▓Ц##C⌠┌бс#rЦCc⌠C#BцSS ёCcRц3"Ц┐cS3cBбсbЦc⌠┌цSS ёCcbцCRЦ#C┐ccBбсBЦcCS2цSS ёCcrцSbЦ#33Bбс⌠Цc3S3BцSS ёCc┌цcRЦs3bбсsrЦs333#▓цSS ёCc▓цs2ЦS⌠c⌠cBбсc2ЦCC⌠┌цSS ёCsцs▓Ц┐⌠┐▓бсCrЦ┐cs⌠C32цSS ёCsц┐BЦ#┐⌠SSBбс3"Цs3⌠CцSS ёCs"ц┐bЦ⌠⌠S#бсbЦc3#cBцSS ёCs2ц┐rЦ▓цbЦS┐#⌠┐CvRсRцSsPёCsBц┐bЦ⌠⌠S#цbЦc3#cBцSsPёCsRц┐BЦ#┐⌠SSBц3"Цs3⌠CцSsPёCsbцs▓Ц┐⌠┐▓цCrЦ┐cs⌠C32цSsPёCsrцs2ЦS⌠c⌠cBцc2ЦCC⌠┌цSsPёCs┌цcRЦs3bцsrЦs333#▓цSsPёCs▓цSbЦ#33Bц⌠Цc3S3BцSsPёC┐цCRЦ#C┐ccBцBЦcCS2цSsPёC┐ц3"Ц┐cS3cBцbЦc⌠┌цSsPёC┐"ц▓Ц##C⌠┌ц#rЦCc⌠C#BцSsPёC┐2цBЦ3⌠cCrц3rЦ⌠33▓цSsPёC┐Bц┐┌ЦSsSCCc┌цCRЦC#┐┐bцSsPёC┐RцsЦ⌠c#c▓цS"Ц3Css3RцSsPёC┐bцSBЦSCCC⌠▓цSrЦs⌠⌠CcцSsPёC┐rц3bЦcSsCsRцcЦs3C⌠2цSsPёC┐┌ц┌ЦCsC#rцcBЦS⌠cцSsPёC┐▓ц┌ЦsSScsC3C├RсRцcBЦ▓цSsPёC⌠бс┌ЦCsC#rцcBЦS⌠cцSsPёC⌠бс3bЦcSsCsRцcЦs3C⌠2цSsPёC⌠"бсSBЦSCCC⌠▓цSrЦs⌠⌠CcцSsPёC⌠2бсsЦ⌠c#c▓цS"Ц3Css3RцSsPёC⌠Bбс┐┌ЦSsSCCc┌цCRЦC#┐┐bцSsPёC⌠RбсBЦ3⌠cCrц3rЦ⌠33▓цSsPёC⌠bбс▓Ц##C⌠┌ц#rЦCc⌠C#BцSsPёC⌠rбс3"Ц┐cS3cBцbЦc⌠┌цSsPёC⌠┌бсCRЦ#C┐ccBцBЦcCS2цSsPёC⌠▓бсSbЦ#33Bц⌠Цc3S3BцSsPёSбсcRЦs3bцsrЦs333#▓цSsPёSбсs2ЦS⌠c⌠cBцc2ЦCC⌠┌цSsPёS"бсs▓Ц┐⌠┐▓цCrЦ┐cs⌠C32цSsPёS2бс┐BЦ#┐⌠SSBц3"Цs3⌠CцSsPёSBбс┐bЦ⌠⌠S#цbЦc3#cBцSsPёSRбс┐rЦ▓бсBЦ##cS3┐s⌠FRс2цSsPёSbбс┐bЦ⌠⌠S#бсbЦc3#cBцSsPёSrбс┐BЦ#┐⌠SSBбс3"Цs3⌠CцSsPёS┌бсs▓Ц┐⌠┐▓бсCrЦ┐cs⌠C32цSsPёS▓бсs2ЦS⌠c⌠cBбсc2ЦCC⌠┌цSsPёSбсcRЦs3bбсsrЦs333#▓цSsPёSбсSbЦ#33Bбс⌠Цc3S3BцSsPёS"бсCRЦ#C┐ccBбсBЦcCS2цSsPёS2бс3"Ц┐cS3cBбсbЦc⌠┌цSsPёSBбс▓Ц##C⌠┌бс#rЦCc⌠C#BцSsPёSRбсBЦ3⌠cCrбс3rЦ⌠33▓цSsPёSbбс┐┌ЦSsSCCc┌бсCRЦC#┐┐bцSsPёSrбсsЦ⌠c#c▓бсS"Ц3Css3RцSsPёS┌бсSBЦSCCC⌠▓бсSrЦs⌠⌠CcцSsPёS▓бс3bЦcSsCsRбсcЦs3C⌠2цSsPёS#бс┌ЦCsC#rбсcBЦS⌠cцSsPёS#ц2Цc3⌠⌠⌠#3vRс2бсcBЦ▓цSsPёS#"ц┌ЦCsC#rбсcBЦS⌠cцSsPёS#2ц3bЦcSsCsRбсcЦs3C⌠2цSsPёS#BцSBЦSCCC⌠▓бсSrЦs⌠⌠CcцSsPёS#RцsЦ⌠c#c▓бсS"Ц3Css3RцSsPёS#bц┐┌ЦSsSCCc┌бсCRЦC#┐┐bцSsPёS#rцBЦ3⌠cCrбс3rЦ⌠33▓цSsPёS#┌ц▓Ц##C⌠┌бс#rЦCc⌠C#BцSsPёS#▓ц3"Ц┐cS3cBбсbЦc⌠┌цSsPёS3цCRЦ#C┐ccBбсBЦcCS2цSsPёS3цSbЦ#33Bбс⌠Цc3S3BцSsPёS3"цcRЦs3bбсsrЦs333#▓цSsPёS32цs2ЦS⌠c⌠cBбсc2ЦCC⌠┌цSsPёS3Bцs▓Ц┐⌠┐▓бсCrЦ┐cs⌠C32цSsPёS3Rц┐BЦ#┐⌠SSBбс3"Цs3⌠CцSsPёS3bц┐bЦ⌠⌠S#бсbЦc3#cBцSsPёS3rц┐rЦ▓цRЦ⌠33#S3⌠CRсbцc ёS3┌ц┐bЦ⌠⌠S#цbЦc3#cBцc ёS3▓ц┐BЦ#┐⌠SSBц3"Цs3⌠Cцc ёSCцs▓Ц┐⌠┐▓цCrЦ┐cs⌠C32цc ёSCцs2ЦS⌠c⌠cBцc2ЦCC⌠┌цc ёSC"цcRЦs3bцsrЦs333#▓цc ёSC2цSbЦ#33Bц⌠Цc3S3Bцc ёSCBцCRЦ#C┐ccBцBЦcCS2цc ёSCRц3"Ц┐cS3cBцbЦc⌠┌цc ёSCbц▓Ц##C⌠┌ц#rЦCc⌠C#Bцc ёSCrцBЦ3⌠cCrц3rЦ⌠33▓цc ёSC┌ц┐┌ЦSsSCCc┌цCRЦC#┐┐bцc ёSC▓цsЦ⌠c#c▓цS"Ц3Css3Rцc ёSSцSBЦSCCC⌠▓цSrЦs⌠⌠Ccцc ёSSц3bЦcSsCsRцcЦs3C⌠2цc ёSS"ц┌ЦCsC#rцcBЦS⌠cцc ёSS2цЦC3c⌠S⌠3C3RсBцcBЦ▓цc ёSSBбс┌ЦCsC#rцcBЦS⌠cцc ёSSRбс3bЦcSsCsRцcЦs3C⌠2цc ёSSbбсSBЦSCCC⌠▓цSrЦs⌠⌠Ccцc ёSSrбсsЦ⌠c#c▓цS"Ц3Css3Rцc ёSS┌бс┐┌ЦSsSCCc┌цCRЦC#┐┐bцc ёSS▓бсBЦ3⌠cCrц3rЦ⌠33▓цc ёScбс▓Ц##C⌠┌ц#rЦCc⌠C#Bцc ёScбс3"Ц┐cS3cBцbЦc⌠┌цc ёSc"бсCRЦ#C┐ccBцBЦcCS2цc ёSc2бсSbЦ#33Bц⌠Цc3S3Bцc ёScBбсcRЦs3bцsrЦs333#▓цc ёScRбсs2ЦS⌠c⌠cBцc2ЦCC⌠┌цc ёScbбсs▓Ц┐⌠┐▓цCrЦ┐cs⌠C32цc ёScrбс┐BЦ#┐⌠SSBц3"Цs3⌠Cцc ёSc┌бс┐bЦ⌠⌠S#цbЦc3#cBцc ёSc▓бс┐rЦ▓бсBЦSc#sCcRс2цc ёSsбс┐bЦ⌠⌠S#бсbЦc3#cBцc ёSsбс┐BЦ#┐⌠SSBбс3"Цs3⌠Cцc ёSs"бсs▓Ц┐⌠┐▓бсCrЦ┐cs⌠C32цc ёSs2бсs2ЦS⌠c⌠cBбсc2ЦCC⌠┌цc ёSsBбсcRЦs3bбсsrЦs333#▓цc ёSsRбсSbЦ#33Bбс⌠Цc3S3Bцc ёSsbбсCRЦ#C┐ccBбсBЦcCS2цc ёSsrбс3"Ц┐cS3cBбсbЦc⌠┌цc ёSs┌бс▓Ц##C⌠┌бс#rЦCc⌠C#Bцc ёSs▓бсBЦ3⌠cCrбс3rЦ⌠33▓цc ёS┐бс┐┌ЦSsSCCc┌бсCRЦC#┐┐bцc ёS┐бсsЦ⌠c#c▓бсS"Ц3Css3Rцc ёS┐"бсSBЦSCCC⌠▓бсSrЦs⌠⌠Ccцc ёS┐2бс3bЦcSsCsRбсcЦs3C⌠2цc ёS┐Bбс┌ЦCsC#rбсcBЦS⌠cцc ёS┐Rц2Цc3sS┐ccC#Rс2бсcBЦ▓цc ёS┐bц┌ЦCsC#rбсcBЦS⌠cцc ёS┐rц3bЦcSsCsRбсcЦs3C⌠2цc ёS┐┌цSBЦSCCC⌠▓бсSrЦs⌠⌠Ccцc ёS┐▓цsЦ⌠c#c▓бсS"Ц3Css3Rцc ёS⌠ц┐┌ЦSsSCCc┌бсCRЦC#┐┐bцc ёS⌠цBЦ3⌠cCrбс3rЦ⌠33▓цc ёS⌠"ц▓Ц##C⌠┌бс#rЦCc⌠C#Bцc ёS⌠2ц3"Ц┐cS3cBбсbЦc⌠┌цc ёS⌠BцCRЦ#C┐ccBбсBЦcCS2цc ёS⌠RцSbЦ#33Bбс⌠Цc3S3Bцc ёS⌠bцcRЦs3bбсsrЦs333#▓цc ёS⌠rцs2ЦS⌠c⌠cBбсc2ЦCC⌠┌цc ёS⌠┌цs▓Ц┐⌠┐▓бсCrЦ┐cs⌠C32цc ёS⌠▓ц┐BЦ#┐⌠SSBбс3"Цs3⌠Cцc ёcц┐bЦ⌠⌠S#бсbЦc3#cBцc ёcц┐rЦ▓ц┌ЦC3Cs⌠SsCFRсrцc#Pёc"ц┐bЦ⌠⌠S#цbЦc3#cBцc#Pёc2ц┐BЦ#┐⌠SSBц3"Цs3⌠Cцc#PёcBцs▓Ц┐⌠┐▓цCrЦ┐cs⌠C32цc#PёcRцs2ЦS⌠c⌠cBцc2ЦCC⌠┌цc#PёcbцcRЦs3bцsrЦs333#▓цc#PёcrцSbЦ#33Bц⌠Цc3S3Bцc#Pёc┌цCRЦ#C┐ccBцBЦcCS2цc#Pёc▓ц3"Ц┐cS3cBцbЦc⌠┌цc#Pёcц▓Ц##C⌠┌ц#rЦCc⌠C#Bцc#PёcцBЦ3⌠cCrц3rЦ⌠33▓цc#Pёc"ц┐┌ЦSsSCCc┌цCRЦC#┐┐bцc#Pёc2цsЦ⌠c#c▓цS"Ц3Css3Rцc#PёcBцSBЦSCCC⌠▓цSrЦs⌠⌠Ccцc#PёcRц3bЦcSsCsRцcЦs3C⌠2цc#Pёcbц┌ЦCsC#rцcBЦS⌠cцc#PёcrцЦS3⌠sCSs3FRсBцcBЦ▓цc#Pёc┌бс┌ЦCsC#rцcBЦS⌠cцc#Pёc▓бс3bЦcSsCsRцcЦs3C⌠2цc#Pёc#бсSBЦSCCC⌠▓цSrЦs⌠⌠Ccцc#Pёc#бсsЦ⌠c#c▓цS"Ц3Css3Rцc#Pёc#"бс┐┌ЦSsSCCc┌цCRЦC#┐┐bцc#Pёc#2бсBЦ3⌠cCrц3rЦ⌠33▓цc#Pёc#Bбс▓Ц##C⌠┌ц#rЦCc⌠C#Bцc#Pёc#Rбс3"Ц┐cS3cBцbЦc⌠┌цc#Pёc#bбсCRЦ#C┐ccBцBЦcCS2цc#Pёc#rбсSbЦ#33Bц⌠Цc3S3Bцc#Pёc#┌бсcRЦs3bцsrЦs333#▓цc#Pёc#▓бсs2ЦS⌠c⌠cBцc2ЦCC⌠┌цc#Pёc3бсs▓Ц┐⌠┐▓цCrЦ┐cs⌠C32цc#Pёc3бс┐BЦ#┐⌠SSBц3"Цs3⌠Cцc#Pёc3"бс┐bЦ⌠⌠S#цbЦc3#cBцc#Pёc32бс┐rЦ▓бсBЦSss⌠⌠┐┐√Rс2цc#Pёc3Bбс┐bЦ⌠⌠S#бсbЦc3#cBцc#Pёc3Rбс┐BЦ#┐⌠SSBбс3"Цs3⌠Cцc#Pёc3bбсs▓Ц┐⌠┐▓бсCrЦ┐cs⌠C32цc#Pёc3rбсs2ЦS⌠c⌠cBбсc2ЦCC⌠┌цc#Pёc3┌бсcRЦs3bбсsrЦs333#▓цc#Pёc3▓бсSbЦ#33Bбс⌠Цc3S3Bцc#PёcCбсCRЦ#C┐ccBбсBЦcCS2цc#PёcCбс3"Ц┐cS3cBбсbЦc⌠┌цc#PёcC"бс▓Ц##C⌠┌бс#rЦCc⌠C#Bцc#PёcC2бсBЦ3⌠cCrбс3rЦ⌠33▓цc#PёcCBбс┐┌ЦSsSCCc┌бсCRЦC#┐┐bцc#PёcCRбсsЦ⌠c#c▓бсS"Ц3Css3Rцc#PёcCbбсSBЦSCCC⌠▓бсSrЦs⌠⌠Ccцc#PёcCrбс3bЦcSsCsRбсcЦs3C⌠2цc#PёcC┌бс┌ЦCsC#rбсcBЦS⌠cцc#PёcC▓ц2ЦS⌠Css⌠s3vRс2бсcBЦ▓цc#PёcSц┌ЦCsC#rбсcBЦS⌠cцc#PёcSц3bЦcSsCsRбсcЦs3C⌠2цc#PёcS"цSBЦSCCC⌠▓бсSrЦs⌠⌠Ccцc#PёcS2цsЦ⌠c#c▓бсS"Ц3Css3Rцc#PёcSBц┐┌ЦSsSCCc┌бсCRЦC#┐┐bцc#PёcSRцBЦ3⌠cCrбс3rЦ⌠33▓цc#PёcSbц▓Ц##C⌠┌бс#rЦCc⌠C#Bцc#PёcSrц3"Ц┐cS3cBбсbЦc⌠┌цc#PёcS┌цCRЦ#C┐ccBбсBЦcCS2цc#PёcS▓цSbЦ#33Bбс⌠Цc3S3Bцc#PёccцcRЦs3bбсsrЦs333#▓цc#Pёccцs2ЦS⌠c⌠cBбсc2ЦCC⌠┌цc#Pёcc"цs▓Ц┐⌠┐▓бсCrЦ┐cs⌠C32цc#Pёcc2ц┐BЦ#┐⌠SSBбс3"Цs3⌠Cцc#PёccBц┐bЦ⌠⌠S#бсbЦc3#cBцc#PёccRц┐rЦ▓ццcS ёccbц┐bЦ⌠⌠S#цbЦc3#cBцcS ёccrц┐BЦ#┐⌠SSBц3"Цs3⌠CцcS ёcc┌цs▓Ц┐⌠┐▓цCrЦ┐cs⌠C32цcS ёcc▓цs2ЦS⌠c⌠cBцc2ЦCC⌠┌цcS ёcsцcRЦs3bцsrЦs333#▓цcS ёcsцSbЦ#33Bц⌠Цc3S3BцcS ёcs"цCRЦ#C┐ccBцBЦcCS2цcS ёcs2ц3"Ц┐cS3cBцbЦc⌠┌цcS ёcsBц▓Ц##C⌠┌ц#rЦCc⌠C#BцcS ёcsRцBЦ3⌠cCrц3rЦ⌠33▓цcS ёcsbц┐┌ЦSsSCCc┌цCRЦC#┐┐bцcS ёcsrцsЦ⌠c#c▓цS"Ц3Css3RцcS ёcs┌цSBЦSCCC⌠▓цSrЦs⌠⌠CcцcS ёcs▓ц3bЦcSsCsRцcЦs3C⌠2цcS ёc┐ц┌ЦCsC#rцcBЦS⌠cцcS ёc┐цЦSSSScvRсBцcBЦ▓цcS ёc┐"бс┌ЦCsC#rцcBЦS⌠cцcS ёc┐2бс3bЦcSsCsRцcЦs3C⌠2цcS ёc┐BбсSBЦSCCC⌠▓цSrЦs⌠⌠CcцcS ёc┐RбсsЦ⌠c#c▓цS"Ц3Css3RцcS ёc┐bбс┐┌ЦSsSCCc┌цCRЦC#┐┐bцcS ёc┐rбсBЦ3⌠cCrц3rЦ⌠33▓цcS ёc┐┌бс▓Ц##C⌠┌ц#rЦCc⌠C#BцcS ёc┐▓бс3"Ц┐cS3cBцbЦc⌠┌цcS ёc⌠бсCRЦ#C┐ccBцBЦcCS2цcS ёc⌠бсSbЦ#33Bц⌠Цc3S3BцcS ёc⌠"бсcRЦs3bцsrЦs333#▓цcS ёc⌠2бсs2ЦS⌠c⌠cBцc2ЦCC⌠┌цcS ёc⌠Bбсs▓Ц┐⌠┐▓цCrЦ┐cs⌠C32цcS ёc⌠Rбс┐BЦ#┐⌠SSBц3"Цs3⌠CцcS ёc⌠bбс┐bЦ⌠⌠S#цbЦc3#cBцcS ёc⌠rбс┐rЦ▓бсBЦ⌠sc┐S#33s√Rс2цcS ёc⌠┌бс┐bЦ⌠⌠S#бсbЦc3#cBцcS ёc⌠▓бс┐BЦ#┐⌠SSBбс3"Цs3⌠CцcS ёsбсs▓Ц┐⌠┐▓бсCrЦ┐cs⌠C32цcS ёsбсs2ЦS⌠c⌠cBбсc2ЦCC⌠┌цcS ёs"бсcRЦs3bбсsrЦs333#▓цcS ёs2бсSbЦ#33Bбс⌠Цc3S3BцcS ёsBбсCRЦ#C┐ccBбсBЦcCS2цcS ёsRбс3"Ц┐cS3cBбсbЦc⌠┌цcS ёsbбс▓Ц##C⌠┌бс#rЦCc⌠C#BцcS ёsrбсBЦ3⌠cCrбс3rЦ⌠33▓цcS ёs┌бс┐┌ЦSsSCCc┌бсCRЦC#┐┐bцcS ёs▓бсsЦ⌠c#c▓бсS"Ц3Css3RцcS ёsбсSBЦSCCC⌠▓бсSrЦs⌠⌠CcцcS ёsбс3bЦcSsCsRбсcЦs3C⌠2цcS ёs"бс┌ЦCsC#rбсcBЦS⌠cцcS ёs2ц2ЦS⌠3c33⌠SRс2бсcBЦ▓цcS ёsBц┌ЦCsC#rбсcBЦS⌠cцcS ёsRц3bЦcSsCsRбсcЦs3C⌠2цcS ёsbцSBЦSCCC⌠▓бсSrЦs⌠⌠CcцcS ёsrцsЦ⌠c#c▓бсS"Ц3Css3RцcS ёs┌ц┐┌ЦSsSCCc┌бсCRЦC#┐┐bцcS ёs▓цBЦ3⌠cCrбс3rЦ⌠33▓цcS ёs#ц▓Ц##C⌠┌бс#rЦCc⌠C#BцcS ёs#ц3"Ц┐cS3cBбсbЦc⌠┌цcS ёs#"цCRЦ#C┐ccBбсBЦcCS2цcS ёs#2цSbЦ#33Bбс⌠Цc3S3BцcS ёs#BцcRЦs3bбсsrЦs333#▓цcS ёs#Rцs2ЦS⌠c⌠cBбсc2ЦCC⌠┌цcS ёs#bцs▓Ц┐⌠┐▓бсCrЦ┐cs⌠C32цcS ёs#rц┐BЦ#┐⌠SSBбс3"Цs3⌠CцcS ёs#┌ц┐bЦ⌠⌠S#бсbЦc3#cBцcS ═ёсссср&Vv√ФФ√ФrF√жR7FWb╒Ц┌ссссп══╔&VfВ&ж√Фr7F√ffФW72жG&≈┐╒&VfВ&жF√ЖБ3═╒╒ФЖФф√ФV"6ЖгWF√ЖБ7FGW3╒F√жSрЦ─═≈7F√ffФW72WFFW2р ═≈&√v┤B├ФB6√FRWfгVF√ЖГ2р ═≈7F√ffФW72жG&≈┌&VfВ&жF√ЖГ2р═≈7FWg&Жрф√ФR6V&6┌рЦ ═√6ЖГfW&vVФ6RФВ&в2╒■Д∙D■б5U%$TЕB$UT∙$T@═▓&W6√GVб2Цc⌠SfRЁRЦc#SFRс┌2Цc⌠SfRЁ" ═▓VФW&w▓bЦ⌠c⌠c├RЁ"Ц3##S6RсBbЦ⌠c⌠c├Rс" ═▓F≈7ф6VжVГBЦSc#c⌠vRЁЦSc#c⌠vRЁbЦ#Ss⌠RсB ╒ ╒ФЖФф√ФV"6ЖгWF√ЖБ7FGW3╒F√жSрЦ─═≈7F√ffФW72WFFW2р═≈&√v┤B├ФB6√FRWfгVF√ЖГ2р0═≈7F√ffФW72жG&≈┌&VfВ&жF√ЖГ2р═≈7FWg&Жрф√ФR6V&6┌рЦ ═√6ЖГfW&vVФ6RФВ&в2╒■Д∙D■б5U%$TЕB$UT∙$T@═▓&W6√GVб2Цc⌠SfRЁRBЦ#⌠cCCFRсr2Цc⌠SfRЁ" ═▓VФW&w▓bЦ⌠c⌠c├RЁ"ЦSS⌠c√RсRbЦ⌠c⌠c├Rс" ═▓F≈7ф6VжVГBЦSc#c⌠vRЁbЦ3┐sC┐√RсBbЦ#Ss┐├RсB ═╕6ЖГfW&vVФ6R7Vжж'░╒ГVж&W"Жb≈FW&F√ЖГ2╒ ╒ГVж&W"Жb&VfВ&жF√ЖГ2╒═╒ррррррр6ЖГfW&vVBBF√жR╒Ц─══╓FF&V6В&B3ёссссссссссссссссссссссссссссссссссссссссссссссссссссссссссссссссссссссссссп╔7FWр`╔F√жRрЦ─╓FFр6├≈'EЖf√ФеЖ6ЖВ&F√ФFW0ёц┐rЦ▓цbЦ⌠┐sccCc3├RсBцЦscsCsCRс0ё"ц┐bЦ⌠⌠S#цbЦc3#cBцЦ##cSsS┐6Rс0ё2ц┐BЦ#┐⌠SSBц3"Цs3⌠CцЦ#Cs┐3c┐3┐fRс0ёBцs▓Ц┐⌠┐▓цCrЦ┐cs⌠C32цЦ#s┐s3cssVRс0ёRцs2ЦS⌠c⌠cBцc2ЦCC⌠┌цЦ3┐⌠⌠┐⌠3⌠vRс0ёbцcRЦs3bцsrЦs333#▓цЦ#┐#⌠⌠##VRс0ёrцSbЦ#33Bц⌠Цc3S3BцЦ#c⌠cc⌠Cc√Rс0ё┌цCRЦ#C┐ccBцBЦcCS2цЦ#C#S┐sCRс0ё▓ц3"Ц┐cS3cBцbЦc⌠┌цЦ##s⌠┐Rс0ёц▓Ц##C⌠┌ц#rЦCc⌠C#BцЦ⌠Sc##cCsCvRс0ёцBЦ3⌠cCrц3rЦ⌠33▓цЦc#ss√Rс0ё"ц┐┌ЦSsSCCc┌цCRЦC#┐┐bцЦsS3#C##3VRс0ё2цsЦ⌠c#c▓цS"Ц3Css3Rц▓Цs#┐cSCFRс@ёBцSBЦSCCC⌠▓цSrЦs⌠⌠Ccц▓Ц#SCc3⌠┐3C┐├Rс@ёRц3bЦcSsCsRцcЦs3C⌠2ц┌ЦS#Ss┐cs⌠#├Rс@ёbц┌ЦCsC#rцcBЦS⌠cц┌ЦCs#s3⌠Rс@ёrцrЦS┐C┐⌠3RсBцcBЦ▓ц┌Ц#⌠┐#⌠S┐SVRс@ё┌бс┌ЦCsC#rцcBЦS⌠cцrЦ⌠3CS3⌠#CscRс@ё▓бс3bЦcSsCsRцcЦs3C⌠2цrЦ⌠S3c┐3┐VRс@ё#бсSBЦSCCC⌠▓цSrЦs⌠⌠CcцrЦ┐cs┐┐┐#FRс@ё#бсsЦ⌠c#c▓цS"Ц3Css3Rц┌Ц#cs#⌠⌠vRс@ё#"бс┐┌ЦSsSCCc┌цCRЦC#┐┐bц┌Ц#3S┐SsS6Rс@ё#2бсBЦ3⌠cCrц3rЦ⌠33▓ц┌ЦcscS333⌠6Rс@ё#Bбс▓Ц##C⌠┌ц#rЦCc⌠C#Bц┌Цcscs3Ss6Rс@ё#Rбс3"Ц┐cS3cBцbЦc⌠┌ц┌Ц#┐#⌠CC#┐FRс@ё#bбсCRЦ#C┐ccBцBЦcCS2цrЦ┐┐#S⌠⌠#3vRс@ё#rбсSbЦ#33Bц⌠Цc3S3BцrЦSc⌠Rс@ё#┌бсcRЦs3bцsrЦs333#▓цrЦSs#cCc#3SvRс@ё#▓бсs2ЦS⌠c⌠cBцc2ЦCC⌠┌цrЦ⌠C┐S⌠c┐┐CRс@ё3бсs▓Ц┐⌠┐▓цCrЦ┐cs⌠C32ц┌ЦC┐⌠#cC┐fRс@ё3бс┐BЦ#┐⌠SSBц3"Цs3⌠Cц┌ЦC⌠s⌠S#┐Sc├Rс@ё3"бс┐bЦ⌠⌠S#цbЦc3#cBц┌ЦSs┐⌠c###VRс@ё32бс┐rЦ▓бс"Ц┐⌠sC┐3c3sfRс2ц┌Цs3C⌠S┐┐3CvRс@ё3Bбс┐bЦ⌠⌠S#бсbЦc3#cBц┌Ц⌠S⌠SSc⌠fRс@ё3Rбс┐BЦ#┐⌠SSBбс3"Цs3⌠Cц▓ЦS3c#⌠s⌠CSFRс@ё3bбсs▓Ц┐⌠┐▓бсCrЦ┐cs⌠C32ц▓ЦSSSc⌠┐ccSc&Rс@ё3rбсs2ЦS⌠c⌠cBбсc2ЦCC⌠┌цЦ#C#┐⌠s√Rс0ё3┌бсcRЦs3bбсsrЦs333#▓ц▓Цs⌠┐ccSs#⌠S√Rс@ё3▓бсSbЦ#33Bбс⌠Цc3S3BцЦ#⌠⌠CCCCvRс0ёCбсCRЦ#C┐ccBбсBЦcCS2цЦcs⌠#c┐⌠vRс0ёCбс3"Ц┐cS3cBбсbЦc⌠┌ц▓ЦsSSScCSS┐⌠VRс@ёC"бс▓Ц##C⌠┌бс#rЦCc⌠C#Bц▓Ц33┐sSsVRс@ёC2бсBЦ3⌠cCrбс3rЦ⌠33▓ц▓Ц┐┐#ScsS√Rс@ёCBбс┐┌ЦSsSCCc┌бсCRЦC#┐┐bц┌ЦSs┐#SSsC&Rс@ёCRбсsЦ⌠c#c▓бсS"Ц3Css3Rц┌Цs┐ssRс@ёCbбсSBЦSCCC⌠▓бсSrЦs⌠⌠CcцrЦs⌠##sc3#⌠vRс@ёCrбс3bЦcSsCsRбсcЦs3C⌠2цrЦ⌠┐⌠ssS⌠3s&Rс@ёC┌бс┌ЦCsC#rбсcBЦS⌠cц┌Ц###s┐33⌠#⌠6Rс@ёC▓ц2Ц#sc3c┐┐&Rс2бсcBЦ▓ц┌Ц⌠s##3VRс@ёSц┌ЦCsC#rбсcBЦS⌠cц┌Ц##S3#sC&Rс@ёSц3bЦcSsCsRбсcЦs3C⌠2цrЦssS┐CsC┐vRс@ёS"цSBЦSCCC⌠▓бсSrЦs⌠⌠CcцrЦs3┐33Cs├Rс@ёS2цsЦ⌠c#c▓бсS"Ц3Css3RцrЦ┐C⌠3#⌠S6Rс@ёSBц┐┌ЦSsSCCc┌бсCRЦC#┐┐bцrЦC⌠⌠⌠S#C⌠3fRс@ёSRцBЦ3⌠cCrбс3rЦ⌠33▓ц┌Цc┐S3┐33c&Rс@ёSbц▓Ц##C⌠┌бс#rЦCc⌠C#Bц┌Ц⌠3S┐⌠3C┐vRс@ёSrц3"Ц┐cS3cBбсbЦc⌠┌ц▓ЦC3Sc#cs√Rс@ёS┌цCRЦ#C┐ccBбсBЦcCS2ц▓ЦS⌠⌠cSS3S##Rс@ёS▓цSbЦ#33Bбс⌠Цc3S3Bц▓Ц┐#┐┐┐SvRс@ёcцcRЦs3bбсsrЦs333#▓ц▓Ц┐S⌠s3cSs⌠3├Rс@ёcцs2ЦS⌠c⌠cBбсc2ЦCC⌠┌цЦc┐#sSC⌠┐VRс0ёc"цs▓Ц┐⌠┐▓бсCrЦ┐cs⌠C32цЦsssCSSFRс0ёc2ц┐BЦ#┐⌠SSBбс3"Цs3⌠CцЦs┐S##⌠&Rс0ёcBц┐bЦ⌠⌠S#бсbЦc3#cBцЦC⌠C⌠c⌠#c├Rс0ёcRц┐rЦ▓цbЦS┐⌠c3ScsVRсBц#Pёcbц┐bЦ⌠⌠S#цbЦc3#cBц#Pёcrц┐BЦ#┐⌠SSBц3"Цs3⌠Cц#Pёc┌цs▓Ц┐⌠┐▓цCrЦ┐cs⌠C32ц#Pёc▓цs2ЦS⌠c⌠cBцc2ЦCC⌠┌ц#PёsцcRЦs3bцsrЦs333#▓ц#PёsцSbЦ#33Bц⌠Цc3S3Bц#Pёs"цCRЦ#C┐ccBцBЦcCS2ц#Pёs2ц3"Ц┐cS3cBцbЦc⌠┌ц#PёsBц▓Ц##C⌠┌ц#rЦCc⌠C#Bц#PёsRцBЦ3⌠cCrц3rЦ⌠33▓ц#Pёsbц┐┌ЦSsSCCc┌цCRЦC#┐┐bц#PёsrцsЦ⌠c#c▓цS"Ц3Css3Rц#Pёs┌цSBЦSCCC⌠▓цSrЦs⌠⌠Ccц#Pёs▓ц3bЦcSsCsRцcЦs3C⌠2ц#Pё┐ц┌ЦCsC#rцcBЦS⌠cц#Pё┐цrЦ#cs3S&RсBцcBЦ▓ц#Pё┐"бс┌ЦCsC#rцcBЦS⌠cц#Pё┐2бс3bЦcSsCsRцcЦs3C⌠2ц#Pё┐BбсSBЦSCCC⌠▓цSrЦs⌠⌠Ccц#Pё┐RбсsЦ⌠c#c▓цS"Ц3Css3Rц#Pё┐bбс┐┌ЦSsSCCc┌цCRЦC#┐┐bц#Pё┐rбсBЦ3⌠cCrц3rЦ⌠33▓ц#Pё┐┌бс▓Ц##C⌠┌ц#rЦCc⌠C#Bц#Pё┐▓бс3"Ц┐cS3cBцbЦc⌠┌ц#Pё⌠бсCRЦ#C┐ccBцBЦcCS2ц#Pё⌠бсSbЦ#33Bц⌠Цc3S3Bц#Pё⌠"бсcRЦs3bцsrЦs333#▓ц#Pё⌠2бсs2ЦS⌠c⌠cBцc2ЦCC⌠┌ц#Pё⌠Bбсs▓Ц┐⌠┐▓цCrЦ┐cs⌠C32ц#Pё⌠Rбс┐BЦ#┐⌠SSBц3"Цs3⌠Cц#Pё⌠bбс┐bЦ⌠⌠S#цbЦc3#cBц#Pё⌠rбс┐rЦ▓бс"Ц┐c┐s3s┐SsfRс2ц#Pё⌠┌бс┐bЦ⌠⌠S#бсbЦc3#cBц#Pё⌠▓бс┐BЦ#┐⌠SSBбс3"Цs3⌠Cц#Pёбсs▓Ц┐⌠┐▓бсCrЦ┐cs⌠C32ц#Pёбсs2ЦS⌠c⌠cBбсc2ЦCC⌠┌ц#Pё"бсcRЦs3bбсsrЦs333#▓ц#Pё2бсSbЦ#33Bбс⌠Цc3S3Bц#PёBбсCRЦ#C┐ccBбсBЦcCS2ц#PёRбс3"Ц┐cS3cBбсbЦc⌠┌ц#Pёbбс▓Ц##C⌠┌бс#rЦCc⌠C#Bц#PёrбсBЦ3⌠cCrбс3rЦ⌠33▓ц#Pё┌бс┐┌ЦSsSCCc┌бсCRЦC#┐┐bц#Pё▓бсsЦ⌠c#c▓бсS"Ц3Css3Rц#PёбсSBЦSCCC⌠▓бсSrЦs⌠⌠Ccц#Pёбс3bЦcSsCsRбсcЦs3C⌠2ц#Pё"бс┌ЦCsC#rбсcBЦS⌠cц#Pё2ц2Ц⌠C#s3CSCvRс2бсcBЦ▓ц#PёBц┌ЦCsC#rбсcBЦS⌠cц#PёRц3bЦcSsCsRбсcЦs3C⌠2ц#PёbцSBЦSCCC⌠▓бсSrЦs⌠⌠Ccц#PёrцsЦ⌠c#c▓бсS"Ц3Css3Rц#Pё┌ц┐┌ЦSsSCCc┌бсCRЦC#┐┐bц#Pё▓цBЦ3⌠cCrбс3rЦ⌠33▓ц#Pё#ц▓Ц##C⌠┌бс#rЦCc⌠C#Bц#Pё#ц3"Ц┐cS3cBбсbЦc⌠┌ц#Pё#"цCRЦ#C┐ccBбсBЦcCS2ц#Pё#2цSbЦ#33Bбс⌠Цc3S3Bц#Pё#BцcRЦs3bбсsrЦs333#▓ц#Pё#Rцs2ЦS⌠c⌠cBбсc2ЦCC⌠┌ц#Pё#bцs▓Ц┐⌠┐▓бсCrЦ┐cs⌠C32ц#Pё#rц┐BЦ#┐⌠SSBбс3"Цs3⌠Cц#Pё#┌ц┐bЦ⌠⌠S#бсbЦc3#cBц#Pё#▓ц┐rЦ▓цbЦ#C#⌠33C3cRсBцS ё3ц┐bЦ⌠⌠S#цbЦc3#cBцS ё3ц┐BЦ#┐⌠SSBц3"Цs3⌠CцS ё3"цs▓Ц┐⌠┐▓цCrЦ┐cs⌠C32цS ё32цs2ЦS⌠c⌠cBцc2ЦCC⌠┌цS ё3BцcRЦs3bцsrЦs333#▓цS ё3RцSbЦ#33Bц⌠Цc3S3BцS ё3bцCRЦ#C┐ccBцBЦcCS2цS ё3rц3"Ц┐cS3cBцbЦc⌠┌цS ё3┌ц▓Ц##C⌠┌ц#rЦCc⌠C#BцS ё3▓цBЦ3⌠cCrц3rЦ⌠33▓цS ёCц┐┌ЦSsSCCc┌цCRЦC#┐┐bцS ёCцsЦ⌠c#c▓цS"Ц3Css3RцS ёC"цSBЦSCCC⌠▓цSrЦs⌠⌠CcцS ёC2ц3bЦcSsCsRцcЦs3C⌠2цS ёCBц┌ЦCsC#rцcBЦS⌠cцS ёCRцbЦ┐┐##c⌠s⌠S6RсBцcBЦ▓цS ёCbбс┌ЦCsC#rцcBЦS⌠cцS ёCrбс3bЦcSsCsRцcЦs3C⌠2цS ёC┌бсSBЦSCCC⌠▓цSrЦs⌠⌠CcцS ёC▓бсsЦ⌠c#c▓цS"Ц3Css3RцS ёSбс┐┌ЦSsSCCc┌цCRЦC#┐┐bцS ёSбсBЦ3⌠cCrц3rЦ⌠33▓цS ёS"бс▓Ц##C⌠┌ц#rЦCc⌠C#BцS ёS2бс3"Ц┐cS3cBцbЦc⌠┌цS ёSBбсCRЦ#C┐ccBцBЦcCS2цS ёSRбсSbЦ#33Bц⌠Цc3S3BцS ёSbбсcRЦs3bцsrЦs333#▓цS ёSrбсs2ЦS⌠c⌠cBцc2ЦCC⌠┌цS ёS┌бсs▓Ц┐⌠┐▓цCrЦ┐cs⌠C32цS ёS▓бс┐BЦ#┐⌠SSBц3"Цs3⌠CцS ёcбс┐bЦ⌠⌠S#цbЦc3#cBцS ёcбс┐rЦ▓бс"Ц┐#┐C┐3⌠sRс2цS ёc"бс┐bЦ⌠⌠S#бсbЦc3#cBцS ёc2бс┐BЦ#┐⌠SSBбс3"Цs3⌠CцS ёcBбсs▓Ц┐⌠┐▓бсCrЦ┐cs⌠C32цS ёcRбсs2ЦS⌠c⌠cBбсc2ЦCC⌠┌цS ёcbбсcRЦs3bбсsrЦs333#▓цS ёcrбсSbЦ#33Bбс⌠Цc3S3BцS ёc┌бсCRЦ#C┐ccBбсBЦcCS2цS ёc▓бс3"Ц┐cS3cBбсbЦc⌠┌цS ёsбс▓Ц##C⌠┌бс#rЦCc⌠C#BцS ёsбсBЦ3⌠cCrбс3rЦ⌠33▓цS ёs"бс┐┌ЦSsSCCc┌бсCRЦC#┐┐bцS ёs2бсsЦ⌠c#c▓бсS"Ц3Css3RцS ёsBбсSBЦSCCC⌠▓бсSrЦs⌠⌠CcцS ёsRбс3bЦcSsCsRбсcЦs3C⌠2цS ёsbбс┌ЦCsC#rбсcBЦS⌠cцS ёsrц2Ц#C┐c3⌠s6Rс2бсcBЦ▓цS ёs┌ц┌ЦCsC#rбсcBЦS⌠cцS ёs▓ц3bЦcSsCsRбсcЦs3C⌠2цS ё┐цSBЦSCCC⌠▓бсSrЦs⌠⌠CcцS ё┐цsЦ⌠c#c▓бсS"Ц3Css3RцS ё┐"ц┐┌ЦSsSCCc┌бсCRЦC#┐┐bцS ё┐2цBЦ3⌠cCrбс3rЦ⌠33▓цS ё┐Bц▓Ц##C⌠┌бс#rЦCc⌠C#BцS ё┐Rц3"Ц┐cS3cBбсbЦc⌠┌цS ё┐bцCRЦ#C┐ccBбсBЦcCS2цS ё┐rцSbЦ#33Bбс⌠Цc3S3BцS ё┐┌цcRЦs3bбсsrЦs333#▓цS ё┐▓цs2ЦS⌠c⌠cBбсc2ЦCC⌠┌цS ё⌠цs▓Ц┐⌠┐▓бсCrЦ┐cs⌠C32цS ё⌠ц┐BЦ#┐⌠SSBбс3"Цs3⌠CцS ё⌠"ц┐bЦ⌠⌠S#бсbЦc3#cBцS ё⌠2ц┐rЦ▓цRЦs⌠c3┐┐SC3√RсBцsPё⌠Bц┐bЦ⌠⌠S#цbЦc3#cBцsPё⌠Rц┐BЦ#┐⌠SSBц3"Цs3⌠CцsPё⌠bцs▓Ц┐⌠┐▓цCrЦ┐cs⌠C32цsPё⌠rцs2ЦS⌠c⌠cBцc2ЦCC⌠┌цsPё⌠┌цcRЦs3bцsrЦs333#▓цsPё⌠▓цSbЦ#33Bц⌠Цc3S3BцsPё#цCRЦ#C┐ccBцBЦcCS2цsPё#ц3"Ц┐cS3cBцbЦc⌠┌цsPё#"ц▓Ц##C⌠┌ц#rЦCc⌠C#BцsPё#2цBЦ3⌠cCrц3rЦ⌠33▓цsPё#Bц┐┌ЦSsSCCc┌цCRЦC#┐┐bцsPё#RцsЦ⌠c#c▓цS"Ц3Css3RцsPё#bцSBЦSCCC⌠▓цSrЦs⌠⌠CcцsPё#rц3bЦcSsCsRцcЦs3C⌠2цsPё#┌ц┌ЦCsC#rцcBЦS⌠cцsPё#▓цbЦcsC┐##CCCRсBцcBЦ▓цsPё#бс┌ЦCsC#rцcBЦS⌠cцsPё#бс3bЦcSsCsRцcЦs3C⌠2цsPё#"бсSBЦSCCC⌠▓цSrЦs⌠⌠CcцsPё#2бсsЦ⌠c#c▓цS"Ц3Css3RцsPё#Bбс┐┌ЦSsSCCc┌цCRЦC#┐┐bцsPё#RбсBЦ3⌠cCrц3rЦ⌠33▓цsPё#bбс▓Ц##C⌠┌ц#rЦCc⌠C#BцsPё#rбс3"Ц┐cS3cBцbЦc⌠┌цsPё#┌бсCRЦ#C┐ccBцBЦcCS2цsPё#▓бсSbЦ#33Bц⌠Цc3S3BцsPё##бсcRЦs3bцsrЦs333#▓цsPё##бсs2ЦS⌠c⌠cBцc2ЦCC⌠┌цsPё##"бсs▓Ц┐⌠┐▓цCrЦ┐cs⌠C32цsPё##2бс┐BЦ#┐⌠SSBц3"Цs3⌠CцsPё##Bбс┐bЦ⌠⌠S#цbЦc3#cBцsPё##Rбс┐rЦ▓бс"Цss⌠┐⌠⌠C⌠SfRс2цsPё##bбс┐bЦ⌠⌠S#бсbЦc3#cBцsPё##rбс┐BЦ#┐⌠SSBбс3"Цs3⌠CцsPё##┌бсs▓Ц┐⌠┐▓бсCrЦ┐cs⌠C32цsPё##▓бсs2ЦS⌠c⌠cBбсc2ЦCC⌠┌цsPё#3бсcRЦs3bбсsrЦs333#▓цsPё#3бсSbЦ#33Bбс⌠Цc3S3BцsPё#3"бсCRЦ#C┐ccBбсBЦcCS2цsPё#32бс3"Ц┐cS3cBбсbЦc⌠┌цsPё#3Bбс▓Ц##C⌠┌бс#rЦCc⌠C#BцsPё#3RбсBЦ3⌠cCrбс3rЦ⌠33▓цsPё#3bбс┐┌ЦSsSCCc┌бсCRЦC#┐┐bцsPё#3rбсsЦ⌠c#c▓бсS"Ц3Css3RцsPё#3┌бсSBЦSCCC⌠▓бсSrЦs⌠⌠CcцsPё#3▓бс3bЦcSsCsRбсcЦs3C⌠2цsPё#Cбс┌ЦCsC#rбсcBЦS⌠cцsPё#Cц2Ц###c┐3⌠s⌠Rс2бсcBЦ▓цsPё#C"ц┌ЦCsC#rбсcBЦS⌠cцsPё#C2ц3bЦcSsCsRбсcЦs3C⌠2цsPё#CBцSBЦSCCC⌠▓бсSrЦs⌠⌠CcцsPё#CRцsЦ⌠c#c▓бсS"Ц3Css3RцsPё#Cbц┐┌ЦSsSCCc┌бсCRЦC#┐┐bцsPё#CrцBЦ3⌠cCrбс3rЦ⌠33▓цsPё#C┌ц▓Ц##C⌠┌бс#rЦCc⌠C#BцsPё#C▓ц3"Ц┐cS3cBбсbЦc⌠┌цsPё#SцCRЦ#C┐ccBбсBЦcCS2цsPё#SцSbЦ#33Bбс⌠Цc3S3BцsPё#S"цcRЦs3bбсsrЦs333#▓цsPё#S2цs2ЦS⌠c⌠cBбсc2ЦCC⌠┌цsPё#SBцs▓Ц┐⌠┐▓бсCrЦ┐cs⌠C32цsPё#SRц┐BЦ#┐⌠SSBбс3"Цs3⌠CцsPё#Sbц┐bЦ⌠⌠S#бсbЦc3#cBцsPё#Srц┐rЦ▓цRЦ#C#⌠SSSc3├RсBц ё#S┌ц┐bЦ⌠⌠S#цbЦc3#cBц ё#S▓ц┐BЦ#┐⌠SSBц3"Цs3⌠Cц ё#cцs▓Ц┐⌠┐▓цCrЦ┐cs⌠C32ц ё#cцs2ЦS⌠c⌠cBцc2ЦCC⌠┌ц ё#c"цcRЦs3bцsrЦs333#▓ц ё#c2цSbЦ#33Bц⌠Цc3S3Bц ё#cBцCRЦ#C┐ccBцBЦcCS2ц ё#cRц3"Ц┐cS3cBцbЦc⌠┌ц ё#cbц▓Ц##C⌠┌ц#rЦCc⌠C#Bц ё#crцBЦ3⌠cCrц3rЦ⌠33▓ц ё#c┌ц┐┌ЦSsSCCc┌цCRЦC#┐┐bц ё#c▓цsЦ⌠c#c▓цS"Ц3Css3Rц ё#sцSBЦSCCC⌠▓цSrЦs⌠⌠Ccц ё#sц3bЦcSsCsRцcЦs3C⌠2ц ё#s"ц┌ЦCsC#rцcBЦS⌠cц ё#s2цbЦS#┐#S┐┐vRсBцcBЦ▓ц ё#sBбс┌ЦCsC#rцcBЦS⌠cц ё#sRбс3bЦcSsCsRцcЦs3C⌠2ц ё#sbбсSBЦSCCC⌠▓цSrЦs⌠⌠Ccц ё#srбсsЦ⌠c#c▓цS"Ц3Css3Rц ё#s┌бс┐┌ЦSsSCCc┌цCRЦC#┐┐bц ё#s▓бсBЦ3⌠cCrц3rЦ⌠33▓ц ё#┐бс▓Ц##C⌠┌ц#rЦCc⌠C#Bц ё#┐бс3"Ц┐cS3cBцbЦc⌠┌ц ё#┐"бсCRЦ#C┐ccBцBЦcCS2ц ё#┐2бсSbЦ#33Bц⌠Цc3S3Bц ё#┐BбсcRЦs3bцsrЦs333#▓ц ё#┐Rбсs2ЦS⌠c⌠cBцc2ЦCC⌠┌ц ё#┐bбсs▓Ц┐⌠┐▓цCrЦ┐cs⌠C32ц ё#┐rбс┐BЦ#┐⌠SSBц3"Цs3⌠Cц ё#┐┌бс┐bЦ⌠⌠S#цbЦc3#cBц ё#┐▓бс┐rЦ▓бс"Цs3┐3CCs┐c├Rс2ц ё#⌠бс┐bЦ⌠⌠S#бсbЦc3#cBц ё#⌠бс┐BЦ#┐⌠SSBбс3"Цs3⌠Cц ё#⌠"бсs▓Ц┐⌠┐▓бсCrЦ┐cs⌠C32ц ё#⌠2бсs2ЦS⌠c⌠cBбсc2ЦCC⌠┌ц ё#⌠BбсcRЦs3bбсsrЦs333#▓ц ё#⌠RбсSbЦ#33Bбс⌠Цc3S3Bц ё#⌠bбсCRЦ#C┐ccBбсBЦcCS2ц ё#⌠rбс3"Ц┐cS3cBбсbЦc⌠┌ц ё#⌠┌бс▓Ц##C⌠┌бс#rЦCc⌠C#Bц ё#⌠▓бсBЦ3⌠cCrбс3rЦ⌠33▓ц ё3бс┐┌ЦSsSCCc┌бсCRЦC#┐┐bц ё3бсsЦ⌠c#c▓бсS"Ц3Css3Rц ё3"бсSBЦSCCC⌠▓бсSrЦs⌠⌠Ccц ё32бс3bЦcSsCsRбсcЦs3C⌠2ц ё3Bбс┌ЦCsC#rбсcBЦS⌠cц ё3Rц2ЦC⌠s##s3√Rс2бсcBЦ▓ц ё3bц┌ЦCsC#rбсcBЦS⌠cц ё3rц3bЦcSsCsRбсcЦs3C⌠2ц ё3┌цSBЦSCCC⌠▓бсSrЦs⌠⌠Ccц ё3▓цsЦ⌠c#c▓бсS"Ц3Css3Rц ё3ц┐┌ЦSsSCCc┌бсCRЦC#┐┐bц ё3цBЦ3⌠cCrбс3rЦ⌠33▓ц ё3"ц▓Ц##C⌠┌бс#rЦCc⌠C#Bц ё32ц3"Ц┐cS3cBбсbЦc⌠┌ц ё3BцCRЦ#C┐ccBбсBЦcCS2ц ё3RцSbЦ#33Bбс⌠Цc3S3Bц ё3bцcRЦs3bбсsrЦs333#▓ц ё3rцs2ЦS⌠c⌠cBбсc2ЦCC⌠┌ц ё3┌цs▓Ц┐⌠┐▓бсCrЦ┐cs⌠C32ц ё3▓ц┐BЦ#┐⌠SSBбс3"Цs3⌠Cц ё3#ц┐bЦ⌠⌠S#бсbЦc3#cBц ё3#ц┐rЦ▓цRЦ3cC⌠cc&RсBц#Pё3#"ц┐bЦ⌠⌠S#цbЦc3#cBц#Pё3#2ц┐BЦ#┐⌠SSBц3"Цs3⌠Cц#Pё3#Bцs▓Ц┐⌠┐▓цCrЦ┐cs⌠C32ц#Pё3#Rцs2ЦS⌠c⌠cBцc2ЦCC⌠┌ц#Pё3#bцcRЦs3bцsrЦs333#▓ц#Pё3#rцSbЦ#33Bц⌠Цc3S3Bц#Pё3#┌цCRЦ#C┐ccBцBЦcCS2ц#Pё3#▓ц3"Ц┐cS3cBцbЦc⌠┌ц#Pё33ц▓Ц##C⌠┌ц#rЦCc⌠C#Bц#Pё33цBЦ3⌠cCrц3rЦ⌠33▓ц#Pё33"ц┐┌ЦSsSCCc┌цCRЦC#┐┐bц#Pё332цsЦ⌠c#c▓цS"Ц3Css3Rц#Pё33BцSBЦSCCC⌠▓цSrЦs⌠⌠Ccц#Pё33Rц3bЦcSsCsRцcЦs3C⌠2ц#Pё33bц┌ЦCsC#rцcBЦS⌠cц#Pё33rцbЦ#S3#S⌠3sFRсBцcBЦ▓ц#Pё33┌бс┌ЦCsC#rцcBЦS⌠cц#Pё33▓бс3bЦcSsCsRцcЦs3C⌠2ц#Pё3CбсSBЦSCCC⌠▓цSrЦs⌠⌠Ccц#Pё3CбсsЦ⌠c#c▓цS"Ц3Css3Rц#Pё3C"бс┐┌ЦSsSCCc┌цCRЦC#┐┐bц#Pё3C2бсBЦ3⌠cCrц3rЦ⌠33▓ц#Pё3CBбс▓Ц##C⌠┌ц#rЦCc⌠C#Bц#Pё3CRбс3"Ц┐cS3cBцbЦc⌠┌ц#Pё3CbбсCRЦ#C┐ccBцBЦcCS2ц#Pё3CrбсSbЦ#33Bц⌠Цc3S3Bц#Pё3C┌бсcRЦs3bцsrЦs333#▓ц#Pё3C▓бсs2ЦS⌠c⌠cBцc2ЦCC⌠┌ц#Pё3Sбсs▓Ц┐⌠┐▓цCrЦ┐cs⌠C32ц#Pё3Sбс┐BЦ#┐⌠SSBц3"Цs3⌠Cц#Pё3S"бс┐bЦ⌠⌠S#цbЦc3#cBц#Pё3S2бс┐rЦ▓бс"Цs#S3⌠Cs┐⌠s&Rс2ц#Pё3SBбс┐bЦ⌠⌠S#бсbЦc3#cBц#Pё3SRбс┐BЦ#┐⌠SSBбс3"Цs3⌠Cц#Pё3Sbбсs▓Ц┐⌠┐▓бсCrЦ┐cs⌠C32ц#Pё3Srбсs2ЦS⌠c⌠cBбсc2ЦCC⌠┌ц#Pё3S┌бсcRЦs3bбсsrЦs333#▓ц#Pё3S▓бсSbЦ#33Bбс⌠Цc3S3Bц#Pё3cбсCRЦ#C┐ccBбсBЦcCS2ц#Pё3cбс3"Ц┐cS3cBбсbЦc⌠┌ц#Pё3c"бс▓Ц##C⌠┌бс#rЦCc⌠C#Bц#Pё3c2бсBЦ3⌠cCrбс3rЦ⌠33▓ц#Pё3cBбс┐┌ЦSsSCCc┌бсCRЦC#┐┐bц#Pё3cRбсsЦ⌠c#c▓бсS"Ц3Css3Rц#Pё3cbбсSBЦSCCC⌠▓бсSrЦs⌠⌠Ccц#Pё3crбс3bЦcSsCsRбсcЦs3C⌠2ц#Pё3c┌бс┌ЦCsC#rбсcBЦS⌠cц#Pё3c▓ц2ЦsSs#c#⌠CvRс2бсcBЦ▓ц#Pё3sц┌ЦCsC#rбсcBЦS⌠cц#Pё3sц3bЦcSsCsRбсcЦs3C⌠2ц#Pё3s"цSBЦSCCC⌠▓бсSrЦs⌠⌠Ccц#Pё3s2цsЦ⌠c#c▓бсS"Ц3Css3Rц#Pё3sBц┐┌ЦSsSCCc┌бсCRЦC#┐┐bц#Pё3sRцBЦ3⌠cCrбс3rЦ⌠33▓ц#Pё3sbц▓Ц##C⌠┌бс#rЦCc⌠C#Bц#Pё3srц3"Ц┐cS3cBбсbЦc⌠┌ц#Pё3s┌цCRЦ#C┐ccBбсBЦcCS2ц#Pё3s▓цSbЦ#33Bбс⌠Цc3S3Bц#Pё3┐цcRЦs3bбсsrЦs333#▓ц#Pё3┐цs2ЦS⌠c⌠cBбсc2ЦCC⌠┌ц#Pё3┐"цs▓Ц┐⌠┐▓бсCrЦ┐cs⌠C32ц#Pё3┐2ц┐BЦ#┐⌠SSBбс3"Цs3⌠Cц#Pё3┐Bц┐bЦ⌠⌠S#бсbЦc3#cBц#Pё3┐Rц┐rЦ▓цBЦ┐s#ss#c┐C⌠&RсBцS ё3┐bц┐bЦ⌠⌠S#цbЦc3#cBцS ё3┐rц┐BЦ#┐⌠SSBц3"Цs3⌠CцS ё3┐┌цs▓Ц┐⌠┐▓цCrЦ┐cs⌠C32цS ё3┐▓цs2ЦS⌠c⌠cBцc2ЦCC⌠┌цS ё3⌠цcRЦs3bцsrЦs333#▓цS ё3⌠цSbЦ#33Bц⌠Цc3S3BцS ё3⌠"цCRЦ#C┐ccBцBЦcCS2цS ё3⌠2ц3"Ц┐cS3cBцbЦc⌠┌цS ё3⌠Bц▓Ц##C⌠┌ц#rЦCc⌠C#BцS ё3⌠RцBЦ3⌠cCrц3rЦ⌠33▓цS ё3⌠bц┐┌ЦSsSCCc┌цCRЦC#┐┐bцS ё3⌠rцsЦ⌠c#c▓цS"Ц3Css3RцS ё3⌠┌цSBЦSCCC⌠▓цSrЦs⌠⌠CcцS ё3⌠▓ц3bЦcSsCsRцcЦs3C⌠2цS ёCц┌ЦCsC#rцcBЦS⌠cцS ёCцRЦ┐#s3ScCC├RсBцcBЦ▓цS ёC"бс┌ЦCsC#rцcBЦS⌠cцS ёC2бс3bЦcSsCsRцcЦs3C⌠2цS ёCBбсSBЦSCCC⌠▓цSrЦs⌠⌠CcцS ёCRбсsЦ⌠c#c▓цS"Ц3Css3RцS ёCbбс┐┌ЦSsSCCc┌цCRЦC#┐┐bцS ёCrбсBЦ3⌠cCrц3rЦ⌠33▓цS ёC┌бс▓Ц##C⌠┌ц#rЦCc⌠C#BцS ёC▓бс3"Ц┐cS3cBцbЦc⌠┌цS ёCбсCRЦ#C┐ccBцBЦcCS2цS ёCбсSbЦ#33Bц⌠Цc3S3BцS ёC"бсcRЦs3bцsrЦs333#▓цS ёC2бсs2ЦS⌠c⌠cBцc2ЦCC⌠┌цS ёCBбсs▓Ц┐⌠┐▓цCrЦ┐cs⌠C32цS ёCRбс┐BЦ#┐⌠SSBц3"Цs3⌠CцS ёCbбс┐bЦ⌠⌠S#цbЦc3#cBцS ёCrбс┐rЦ▓бс"Цc⌠c┐#SC3vRс2цS ёC┌бс┐bЦ⌠⌠S#бсbЦc3#cBцS ёC▓бс┐BЦ#┐⌠SSBбс3"Цs3⌠CцS ёC#бсs▓Ц┐⌠┐▓бсCrЦ┐cs⌠C32цS ёC#бсs2ЦS⌠c⌠cBбсc2ЦCC⌠┌цS ёC#"бсcRЦs3bбсsrЦs333#▓цS ёC#2бсSbЦ#33Bбс⌠Цc3S3BцS ёC#BбсCRЦ#C┐ccBбсBЦcCS2цS ёC#Rбс3"Ц┐cS3cBбсbЦc⌠┌цS ёC#bбс▓Ц##C⌠┌бс#rЦCc⌠C#BцS ёC#rбсBЦ3⌠cCrбс3rЦ⌠33▓цS ёC#┌бс┐┌ЦSsSCCc┌бсCRЦC#┐┐bцS ёC#▓бсsЦ⌠c#c▓бсS"Ц3Css3RцS ёC3бсSBЦSCCC⌠▓бсSrЦs⌠⌠CcцS ёC3бс3bЦcSsCsRбсcЦs3C⌠2цS ёC3"бс┌ЦCsC#rбсcBЦS⌠cцS ёC32ц2Цcc#Cc┐S6Rс2бсcBЦ▓цS ёC3Bц┌ЦCsC#rбсcBЦS⌠cцS ёC3Rц3bЦcSsCsRбсcЦs3C⌠2цS ёC3bцSBЦSCCC⌠▓бсSrЦs⌠⌠CcцS ёC3rцsЦ⌠c#c▓бсS"Ц3Css3RцS ёC3┌ц┐┌ЦSsSCCc┌бсCRЦC#┐┐bцS ёC3▓цBЦ3⌠cCrбс3rЦ⌠33▓цS ёCCц▓Ц##C⌠┌бс#rЦCc⌠C#BцS ёCCц3"Ц┐cS3cBбсbЦc⌠┌цS ёCC"цCRЦ#C┐ccBбсBЦcCS2цS ёCC2цSbЦ#33Bбс⌠Цc3S3BцS ёCCBцcRЦs3bбсsrЦs333#▓цS ёCCRцs2ЦS⌠c⌠cBбсc2ЦCC⌠┌цS ёCCbцs▓Ц┐⌠┐▓бсCrЦ┐cs⌠C32цS ёCCrц┐BЦ#┐⌠SSBбс3"Цs3⌠CцS ёCC┌ц┐bЦ⌠⌠S#бсbЦc3#cBцS ёCC▓ц┐rЦ▓цBЦC⌠⌠S3┐┐C√RсBцsPёCSц┐bЦ⌠⌠S#цbЦc3#cBцsPёCSц┐BЦ#┐⌠SSBц3"Цs3⌠CцsPёCS"цs▓Ц┐⌠┐▓цCrЦ┐cs⌠C32цsPёCS2цs2ЦS⌠c⌠cBцc2ЦCC⌠┌цsPёCSBцcRЦs3bцsrЦs333#▓цsPёCSRцSbЦ#33Bц⌠Цc3S3BцsPёCSbцCRЦ#C┐ccBцBЦcCS2цsPёCSrц3"Ц┐cS3cBцbЦc⌠┌цsPёCS┌ц▓Ц##C⌠┌ц#rЦCc⌠C#BцsPёCS▓цBЦ3⌠cCrц3rЦ⌠33▓цsPёCcц┐┌ЦSsSCCc┌цCRЦC#┐┐bцsPёCcцsЦ⌠c#c▓цS"Ц3Css3RцsPёCc"цSBЦSCCC⌠▓цSrЦs⌠⌠CcцsPёCc2ц3bЦcSsCsRцcЦs3C⌠2цsPёCcBц┌ЦCsC#rцcBЦS⌠cцsPёCcRцRЦCc⌠#┐CSfRсBцcBЦ▓цsPёCcbбс┌ЦCsC#rцcBЦS⌠cцsPёCcrбс3bЦcSsCsRцcЦs3C⌠2цsPёCc┌бсSBЦSCCC⌠▓цSrЦs⌠⌠CcцsPёCc▓бсsЦ⌠c#c▓цS"Ц3Css3RцsPёCsбс┐┌ЦSsSCCc┌цCRЦC#┐┐bцsPёCsбсBЦ3⌠cCrц3rЦ⌠33▓цsPёCs"бс▓Ц##C⌠┌ц#rЦCc⌠C#BцsPёCs2бс3"Ц┐cS3cBцbЦc⌠┌цsPёCsBбсCRЦ#C┐ccBцBЦcCS2цsPёCsRбсSbЦ#33Bц⌠Цc3S3BцsPёCsbбсcRЦs3bцsrЦs333#▓цsPёCsrбсs2ЦS⌠c⌠cBцc2ЦCC⌠┌цsPёCs┌бсs▓Ц┐⌠┐▓цCrЦ┐cs⌠C32цsPёCs▓бс┐BЦ#┐⌠SSBц3"Цs3⌠CцsPёC┐бс┐bЦ⌠⌠S#цbЦc3#cBцsPёC┐бс┐rЦ▓бс"Цc⌠#┐⌠C#C┐cRс2цsPёC┐"бс┐bЦ⌠⌠S#бсbЦc3#cBцsPёC┐2бс┐BЦ#┐⌠SSBбс3"Цs3⌠CцsPёC┐Bбсs▓Ц┐⌠┐▓бсCrЦ┐cs⌠C32цsPёC┐Rбсs2ЦS⌠c⌠cBбсc2ЦCC⌠┌цsPёC┐bбсcRЦs3bбсsrЦs333#▓цsPёC┐rбсSbЦ#33Bбс⌠Цc3S3BцsPёC┐┌бсCRЦ#C┐ccBбсBЦcCS2цsPёC┐▓бс3"Ц┐cS3cBбсbЦc⌠┌цsPёC⌠бс▓Ц##C⌠┌бс#rЦCc⌠C#BцsPёC⌠бсBЦ3⌠cCrбс3rЦ⌠33▓цsPёC⌠"бс┐┌ЦSsSCCc┌бсCRЦC#┐┐bцsPёC⌠2бсsЦ⌠c#c▓бсS"Ц3Css3RцsPёC⌠BбсSBЦSCCC⌠▓бсSrЦs⌠⌠CcцsPёC⌠Rбс3bЦcSsCsRбсcЦs3C⌠2цsPёC⌠bбс┌ЦCsC#rбсcBЦS⌠cцsPёC⌠rц2Цscccs#Cc6Rс2бсcBЦ▓цsPёC⌠┌ц┌ЦCsC#rбсcBЦS⌠cцsPёC⌠▓ц3bЦcSsCsRбсcЦs3C⌠2цsPёSцSBЦSCCC⌠▓бсSrЦs⌠⌠CcцsPёSцsЦ⌠c#c▓бсS"Ц3Css3RцsPёS"ц┐┌ЦSsSCCc┌бсCRЦC#┐┐bцsPёS2цBЦ3⌠cCrбс3rЦ⌠33▓цsPёSBц▓Ц##C⌠┌бс#rЦCc⌠C#BцsPёSRц3"Ц┐cS3cBбсbЦc⌠┌цsPёSbцCRЦ#C┐ccBбсBЦcCS2цsPёSrцSbЦ#33Bбс⌠Цc3S3BцsPёS┌цcRЦs3bбсsrЦs333#▓цsPёS▓цs2ЦS⌠c⌠cBбсc2ЦCC⌠┌цsPёSцs▓Ц┐⌠┐▓бсCrЦ┐cs⌠C32цsPёSц┐BЦ#┐⌠SSBбс3"Цs3⌠CцsPёS"ц┐bЦ⌠⌠S#бсbЦc3#cBцsPёS2ц┐rЦ▓цBЦcC#CsSc6RсBц# ёSBц┐bЦ⌠⌠S#цbЦc3#cBц# ёSRц┐BЦ#┐⌠SSBц3"Цs3⌠Cц# ёSbцs▓Ц┐⌠┐▓цCrЦ┐cs⌠C32ц# ёSrцs2ЦS⌠c⌠cBцc2ЦCC⌠┌ц# ёS┌цcRЦs3bцsrЦs333#▓ц# ёS▓цSbЦ#33Bц⌠Цc3S3Bц# ёS#цCRЦ#C┐ccBцBЦcCS2ц# ёS#ц3"Ц┐cS3cBцbЦc⌠┌ц# ёS#"ц▓Ц##C⌠┌ц#rЦCc⌠C#Bц# ёS#2цBЦ3⌠cCrц3rЦ⌠33▓ц# ёS#Bц┐┌ЦSsSCCc┌цCRЦC#┐┐bц# ёS#RцsЦ⌠c#c▓цS"Ц3Css3Rц# ёS#bцSBЦSCCC⌠▓цSrЦs⌠⌠Ccц# ёS#rц3bЦcSsCsRцcЦs3C⌠2ц# ёS#┌ц┌ЦCsC#rцcBЦS⌠cц# ёS#▓цBЦcS⌠3┐cc⌠&RсBцcBЦ▓ц# ёS3бс┌ЦCsC#rцcBЦS⌠cц# ёS3бс3bЦcSsCsRцcЦs3C⌠2ц# ёS3"бсSBЦSCCC⌠▓цSrЦs⌠⌠Ccц# ёS32бсsЦ⌠c#c▓цS"Ц3Css3Rц# ёS3Bбс┐┌ЦSsSCCc┌цCRЦC#┐┐bц# ёS3RбсBЦ3⌠cCrц3rЦ⌠33▓ц# ёS3bбс▓Ц##C⌠┌ц#rЦCc⌠C#Bц# ёS3rбс3"Ц┐cS3cBцbЦc⌠┌ц# ёS3┌бсCRЦ#C┐ccBцBЦcCS2ц# ёS3▓бсSbЦ#33Bц⌠Цc3S3Bц# ёSCбсcRЦs3bцsrЦs333#▓ц# ёSCбсs2ЦS⌠c⌠cBцc2ЦCC⌠┌ц# ёSC"бсs▓Ц┐⌠┐▓цCrЦ┐cs⌠C32ц# ёSC2бс┐BЦ#┐⌠SSBц3"Цs3⌠Cц# ёSCBбс┐bЦ⌠⌠S#цbЦc3#cBц# ёSCRбс┐rЦ▓бс"ЦcsCS┐s#Rс2ц# ёSCbбс┐bЦ⌠⌠S#бсbЦc3#cBц# ёSCrбс┐BЦ#┐⌠SSBбс3"Цs3⌠Cц# ёSC┌бсs▓Ц┐⌠┐▓бсCrЦ┐cs⌠C32ц# ёSC▓бсs2ЦS⌠c⌠cBбсc2ЦCC⌠┌ц# ёSSбсcRЦs3bбсsrЦs333#▓ц# ёSSбсSbЦ#33Bбс⌠Цc3S3Bц# ёSS"бсCRЦ#C┐ccBбсBЦcCS2ц# ёSS2бс3"Ц┐cS3cBбсbЦc⌠┌ц# ёSSBбс▓Ц##C⌠┌бс#rЦCc⌠C#Bц# ёSSRбсBЦ3⌠cCrбс3rЦ⌠33▓ц# ёSSbбс┐┌ЦSsSCCc┌бсCRЦC#┐┐bц# ёSSrбсsЦ⌠c#c▓бсS"Ц3Css3Rц# ёSS┌бсSBЦSCCC⌠▓бсSrЦs⌠⌠Ccц# ёSS▓бс3bЦcSsCsRбсcЦs3C⌠2ц# ёScбс┌ЦCsC#rбсcBЦS⌠cц# ёScц2Ц#sC⌠#┐3cRс2бсcBЦ▓ц# ёSc"ц┌ЦCsC#rбсcBЦS⌠cц# ёSc2ц3bЦcSsCsRбсcЦs3C⌠2ц# ёScBцSBЦSCCC⌠▓бсSrЦs⌠⌠Ccц# ёScRцsЦ⌠c#c▓бсS"Ц3Css3Rц# ёScbц┐┌ЦSsSCCc┌бсCRЦC#┐┐bц# ёScrцBЦ3⌠cCrбс3rЦ⌠33▓ц# ёSc┌ц▓Ц##C⌠┌бс#rЦCc⌠C#Bц# ёSc▓ц3"Ц┐cS3cBбсbЦc⌠┌ц# ёSsцCRЦ#C┐ccBбсBЦcCS2ц# ёSsцSbЦ#33Bбс⌠Цc3S3Bц# ёSs"цcRЦs3bбсsrЦs333#▓ц# ёSs2цs2ЦS⌠c⌠cBбсc2ЦCC⌠┌ц# ёSsBцs▓Ц┐⌠┐▓бсCrЦ┐cs⌠C32ц# ёSsRц┐BЦ#┐⌠SSBбс3"Цs3⌠Cц# ёSsbц┐bЦ⌠⌠S#бсbЦc3#cBц# ёSsrц┐rЦ▓ц2Ц┐S┐⌠#s33s├RсBц##PёSs┌ц┐bЦ⌠⌠S#цbЦc3#cBц##PёSs▓ц┐BЦ#┐⌠SSBц3"Цs3⌠Cц##PёS┐цs▓Ц┐⌠┐▓цCrЦ┐cs⌠C32ц##PёS┐цs2ЦS⌠c⌠cBцc2ЦCC⌠┌ц##PёS┐"цcRЦs3bцsrЦs333#▓ц##PёS┐2цSbЦ#33Bц⌠Цc3S3Bц##PёS┐BцCRЦ#C┐ccBцBЦcCS2ц##PёS┐Rц3"Ц┐cS3cBцbЦc⌠┌ц##PёS┐bц▓Ц##C⌠┌ц#rЦCc⌠C#Bц##PёS┐rцBЦ3⌠cCrц3rЦ⌠33▓ц##PёS┐┌ц┐┌ЦSsSCCc┌цCRЦC#┐┐bц##PёS┐▓цsЦ⌠c#c▓цS"Ц3Css3Rц##PёS⌠цSBЦSCCC⌠▓цSrЦs⌠⌠Ccц##PёS⌠ц3bЦcSsCsRцcЦs3C⌠2ц##PёS⌠"ц┌ЦCsC#rцcBЦS⌠cц##PёS⌠2цBЦC#c3S⌠C3sVRсBцcBЦ▓ц##PёS⌠Bбс┌ЦCsC#rцcBЦS⌠cц##PёS⌠Rбс3bЦcSsCsRцcЦs3C⌠2ц##PёS⌠bбсSBЦSCCC⌠▓цSrЦs⌠⌠Ccц##PёS⌠rбсsЦ⌠c#c▓цS"Ц3Css3Rц##PёS⌠┌бс┐┌ЦSsSCCc┌цCRЦC#┐┐bц##PёS⌠▓бсBЦ3⌠cCrц3rЦ⌠33▓ц##Pёcбс▓Ц##C⌠┌ц#rЦCc⌠C#Bц##Pёcбс3"Ц┐cS3cBцbЦc⌠┌ц##Pёc"бсCRЦ#C┐ccBцBЦcCS2ц##Pёc2бсSbЦ#33Bц⌠Цc3S3Bц##PёcBбсcRЦs3bцsrЦs333#▓ц##PёcRбсs2ЦS⌠c⌠cBцc2ЦCC⌠┌ц##Pёcbбсs▓Ц┐⌠┐▓цCrЦ┐cs⌠C32ц##Pёcrбс┐BЦ#┐⌠SSBц3"Цs3⌠Cц##Pёc┌бс┐bЦ⌠⌠S#цbЦc3#cBц##Pёc▓бс┐rЦ▓бс"Цccc⌠┐S⌠⌠3&Rс2ц##Pёcбс┐bЦ⌠⌠S#бсbЦc3#cBц##Pёcбс┐BЦ#┐⌠SSBбс3"Цs3⌠Cц##Pёc"бсs▓Ц┐⌠┐▓бсCrЦ┐cs⌠C32ц##Pёc2бсs2ЦS⌠c⌠cBбсc2ЦCC⌠┌ц##PёcBбсcRЦs3bбсsrЦs333#▓ц##PёcRбсSbЦ#33Bбс⌠Цc3S3Bц##PёcbбсCRЦ#C┐ccBбсBЦcCS2ц##Pёcrбс3"Ц┐cS3cBбсbЦc⌠┌ц##Pёc┌бс▓Ц##C⌠┌бс#rЦCc⌠C#Bц##Pёc▓бсBЦ3⌠cCrбс3rЦ⌠33▓ц##Pёc#бс┐┌ЦSsSCCc┌бсCRЦC#┐┐bц##Pёc#бсsЦ⌠c#c▓бсS"Ц3Css3Rц##Pёc#"бсSBЦSCCC⌠▓бсSrЦs⌠⌠Ccц##Pёc#2бс3bЦcSsCsRбсcЦs3C⌠2ц##Pёc#Bбс┌ЦCsC#rбсcBЦS⌠cц##Pёc#Rц2Ц#C33Sc┐&Rс2бсcBЦ▓ц##Pёc#bц┌ЦCsC#rбсcBЦS⌠cц##Pёc#rц3bЦcSsCsRбсcЦs3C⌠2ц##Pёc#┌цSBЦSCCC⌠▓бсSrЦs⌠⌠Ccц##Pёc#▓цsЦ⌠c#c▓бсS"Ц3Css3Rц##Pёc3ц┐┌ЦSsSCCc┌бсCRЦC#┐┐bц##Pёc3цBЦ3⌠cCrбс3rЦ⌠33▓ц##Pёc3"ц▓Ц##C⌠┌бс#rЦCc⌠C#Bц##Pёc32ц3"Ц┐cS3cBбсbЦc⌠┌ц##Pёc3BцCRЦ#C┐ccBбсBЦcCS2ц##Pёc3RцSbЦ#33Bбс⌠Цc3S3Bц##Pёc3bцcRЦs3bбсsrЦs333#▓ц##Pёc3rцs2ЦS⌠c⌠cBбсc2ЦCC⌠┌ц##Pёc3┌цs▓Ц┐⌠┐▓бсCrЦ┐cs⌠C32ц##Pёc3▓ц┐BЦ#┐⌠SSBбс3"Цs3⌠Cц##PёcCц┐bЦ⌠⌠S#бсbЦc3#cBц##PёcCц┐rЦ▓ц2Цc┐cC3⌠┐VRсBц#S ёcC"ц┐bЦ⌠⌠S#цbЦc3#cBц#S ёcC2ц┐BЦ#┐⌠SSBц3"Цs3⌠Cц#S ёcCBцs▓Ц┐⌠┐▓цCrЦ┐cs⌠C32ц#S ёcCRцs2ЦS⌠c⌠cBцc2ЦCC⌠┌ц#S ёcCbцcRЦs3bцsrЦs333#▓ц#S ёcCrцSbЦ#33Bц⌠Цc3S3Bц#S ёcC┌цCRЦ#C┐ccBцBЦcCS2ц#S ёcC▓ц3"Ц┐cS3cBцbЦc⌠┌ц#S ёcSц▓Ц##C⌠┌ц#rЦCc⌠C#Bц#S ёcSцBЦ3⌠cCrц3rЦ⌠33▓ц#S ёcS"ц┐┌ЦSsSCCc┌цCRЦC#┐┐bц#S ёcS2цsЦ⌠c#c▓цS"Ц3Css3Rц#S ёcSBцSBЦSCCC⌠▓цSrЦs⌠⌠Ccц#S ёcSRц3bЦcSsCsRцcЦs3C⌠2ц#S ёcSbц┌ЦCsC#rцcBЦS⌠cц#S ёcSrцBЦ3⌠3┐sCCfRсBцcBЦ▓ц#S ёcS┌бс┌ЦCsC#rцcBЦS⌠cц#S ёcS▓бс3bЦcSsCsRцcЦs3C⌠2ц#S ёccбсSBЦSCCC⌠▓цSrЦs⌠⌠Ccц#S ёccбсsЦ⌠c#c▓цS"Ц3Css3Rц#S ёcc"бс┐┌ЦSsSCCc┌цCRЦC#┐┐bц#S ёcc2бсBЦ3⌠cCrц3rЦ⌠33▓ц#S ёccBбс▓Ц##C⌠┌ц#rЦCc⌠C#Bц#S ёccRбс3"Ц┐cS3cBцbЦc⌠┌ц#S ёccbбсCRЦ#C┐ccBцBЦcCS2ц#S ёccrбсSbЦ#33Bц⌠Цc3S3Bц#S ёcc┌бсcRЦs3bцsrЦs333#▓ц#S ёcc▓бсs2ЦS⌠c⌠cBцc2ЦCC⌠┌ц#S ёcsбсs▓Ц┐⌠┐▓цCrЦ┐cs⌠C32ц#S ёcsбс┐BЦ#┐⌠SSBц3"Цs3⌠Cц#S ёcs"бс┐bЦ⌠⌠S#цbЦc3#cBц#S ёcs2бс┐rЦ▓бс"ЦcSSCSS√Rс2ц#S ёcsBбс┐bЦ⌠⌠S#бсbЦc3#cBц#S ёcsRбс┐BЦ#┐⌠SSBбс3"Цs3⌠Cц#S ёcsbбсs▓Ц┐⌠┐▓бсCrЦ┐cs⌠C32ц#S ёcsrбсs2ЦS⌠c⌠cBбсc2ЦCC⌠┌ц#S ёcs┌бсcRЦs3bбсsrЦs333#▓ц#S ёcs▓бсSbЦ#33Bбс⌠Цc3S3Bц#S ёc┐бсCRЦ#C┐ccBбсBЦcCS2ц#S ёc┐бс3"Ц┐cS3cBбсbЦc⌠┌ц#S ёc┐"бс▓Ц##C⌠┌бс#rЦCc⌠C#Bц#S ёc┐2бсBЦ3⌠cCrбс3rЦ⌠33▓ц#S ёc┐Bбс┐┌ЦSsSCCc┌бсCRЦC#┐┐bц#S ёc┐RбсsЦ⌠c#c▓бсS"Ц3Css3Rц#S ёc┐bбсSBЦSCCC⌠▓бсSrЦs⌠⌠Ccц#S ёc┐rбс3bЦcSsCsRбсcЦs3C⌠2ц#S ёc┐┌бс┌ЦCsC#rбсcBЦS⌠cц#S ёc┐▓ц2Ц##sC#cssCVRс2бсcBЦ▓ц#S ёc⌠ц┌ЦCsC#rбсcBЦS⌠cц#S ёc⌠ц3bЦcSsCsRбсcЦs3C⌠2ц#S ёc⌠"цSBЦSCCC⌠▓бсSrЦs⌠⌠Ccц#S ёc⌠2цsЦ⌠c#c▓бсS"Ц3Css3Rц#S ёc⌠Bц┐┌ЦSsSCCc┌бсCRЦC#┐┐bц#S ёc⌠RцBЦ3⌠cCrбс3rЦ⌠33▓ц#S ёc⌠bц▓Ц##C⌠┌бс#rЦCc⌠C#Bц#S ёc⌠rц3"Ц┐cS3cBбсbЦc⌠┌ц#S ёc⌠┌цCRЦ#C┐ccBбсBЦcCS2ц#S ёc⌠▓цSbЦ#33Bбс⌠Цc3S3Bц#S ёsцcRЦs3bбсsrЦs333#▓ц#S ёsцs2ЦS⌠c⌠cBбсc2ЦCC⌠┌ц#S ёs"цs▓Ц┐⌠┐▓бсCrЦ┐cs⌠C32ц#S ёs2ц┐BЦ#┐⌠SSBбс3"Цs3⌠Cц#S ёsBц┐bЦ⌠⌠S#бсbЦc3#cBц#S ёsRц┐rЦ▓ц2Цs#SC⌠⌠CFRсBц#sPёsbц┐bЦ⌠⌠S#цbЦc3#cBц#sPёsrц┐BЦ#┐⌠SSBц3"Цs3⌠Cц#sPёs┌цs▓Ц┐⌠┐▓цCrЦ┐cs⌠C32ц#sPёs▓цs2ЦS⌠c⌠cBцc2ЦCC⌠┌ц#sPёsцcRЦs3bцsrЦs333#▓ц#sPёsцSbЦ#33Bц⌠Цc3S3Bц#sPёs"цCRЦ#C┐ccBцBЦcCS2ц#sPёs2ц3"Ц┐cS3cBцbЦc⌠┌ц#sPёsBц▓Ц##C⌠┌ц#rЦCc⌠C#Bц#sPёsRцBЦ3⌠cCrц3rЦ⌠33▓ц#sPёsbц┐┌ЦSsSCCc┌цCRЦC#┐┐bц#sPёsrцsЦ⌠c#c▓цS"Ц3Css3Rц#sPёs┌цSBЦSCCC⌠▓цSrЦs⌠⌠Ccц#sPёs▓ц3bЦcSsCsRцcЦs3C⌠2ц#sPёs#ц┌ЦCsC#rцcBЦS⌠cц#sPёs#ц2Цc┐c3C┐CC3c6RсBцcBЦ▓ц#sPёs#"бс┌ЦCsC#rцcBЦS⌠cц#sPёs#2бс3bЦcSsCsRцcЦs3C⌠2ц#sPёs#BбсSBЦSCCC⌠▓цSrЦs⌠⌠Ccц#sPёs#RбсsЦ⌠c#c▓цS"Ц3Css3Rц#sPёs#bбс┐┌ЦSsSCCc┌цCRЦC#┐┐bц#sPёs#rбсBЦ3⌠cCrц3rЦ⌠33▓ц#sPёs#┌бс▓Ц##C⌠┌ц#rЦCc⌠C#Bц#sPёs#▓бс3"Ц┐cS3cBцbЦc⌠┌ц#sPёs3бсCRЦ#C┐ccBцBЦcCS2ц#sPёs3бсSbЦ#33Bц⌠Цc3S3Bц#sPёs3"бсcRЦs3bцsrЦs333#▓ц#sPёs32бсs2ЦS⌠c⌠cBцc2ЦCC⌠┌ц#sPёs3Bбсs▓Ц┐⌠┐▓цCrЦ┐cs⌠C32ц#sPёs3Rбс┐BЦ#┐⌠SSBц3"Цs3⌠Cц#sPёs3bбс┐bЦ⌠⌠S#цbЦc3#cBц#sPёs3rбс┐rЦ▓бс"Цcs#C⌠s⌠&Rс2ц#sPёs3┌бс┐bЦ⌠⌠S#бсbЦc3#cBц#sPёs3▓бс┐BЦ#┐⌠SSBбс3"Цs3⌠Cц#sPёsCбсs▓Ц┐⌠┐▓бсCrЦ┐cs⌠C32ц#sPёsCбсs2ЦS⌠c⌠cBбсc2ЦCC⌠┌ц#sPёsC"бсcRЦs3bбсsrЦs333#▓ц#sPёsC2бсSbЦ#33Bбс⌠Цc3S3Bц#sPёsCBбсCRЦ#C┐ccBбсBЦcCS2ц#sPёsCRбс3"Ц┐cS3cBбсbЦc⌠┌ц#sPёsCbбс▓Ц##C⌠┌бс#rЦCc⌠C#Bц#sPёsCrбсBЦ3⌠cCrбс3rЦ⌠33▓ц#sPёsC┌бс┐┌ЦSsSCCc┌бсCRЦC#┐┐bц#sPёsC▓бсsЦ⌠c#c▓бсS"Ц3Css3Rц#sPёsSбсSBЦSCCC⌠▓бсSrЦs⌠⌠Ccц#sPёsSбс3bЦcSsCsRбсcЦs3C⌠2ц#sPёsS"бс┌ЦCsC#rбсcBЦS⌠cц#sPёsS2ц2Ц#3CsS⌠⌠##6Rс2бсcBЦ▓ц#sPёsSBц┌ЦCsC#rбсcBЦS⌠cц#sPёsSRц3bЦcSsCsRбсcЦs3C⌠2ц#sPёsSbцSBЦSCCC⌠▓бсSrЦs⌠⌠Ccц#sPёsSrцsЦ⌠c#c▓бсS"Ц3Css3Rц#sPёsS┌ц┐┌ЦSsSCCc┌бсCRЦC#┐┐bц#sPёsS▓цBЦ3⌠cCrбс3rЦ⌠33▓ц#sPёscц▓Ц##C⌠┌бс#rЦCc⌠C#Bц#sPёscц3"Ц┐cS3cBбсbЦc⌠┌ц#sPёsc"цCRЦ#C┐ccBбсBЦcCS2ц#sPёsc2цSbЦ#33Bбс⌠Цc3S3Bц#sPёscBцcRЦs3bбсsrЦs333#▓ц#sPёscRцs2ЦS⌠c⌠cBбсc2ЦCC⌠┌ц#sPёscbцs▓Ц┐⌠┐▓бсCrЦ┐cs⌠C32ц#sPёscrц┐BЦ#┐⌠SSBбс3"Цs3⌠Cц#sPёsc┌ц┐bЦ⌠⌠S#бсbЦc3#cBц#sPёsc▓ц┐rЦ▓ц2Ц┐⌠┐33ss┐#FRсBц3 ёssц┐bЦ⌠⌠S#цbЦc3#cBц3 ёssц┐BЦ#┐⌠SSBц3"Цs3⌠Cц3 ёss"цs▓Ц┐⌠┐▓цCrЦ┐cs⌠C32ц3 ёss2цs2ЦS⌠c⌠cBцc2ЦCC⌠┌ц3 ёssBцcRЦs3bцsrЦs333#▓ц3 ёssRцSbЦ#33Bц⌠Цc3S3Bц3 ёssbцCRЦ#C┐ccBцBЦcCS2ц3 ёssrц3"Ц┐cS3cBцbЦc⌠┌ц3 ёss┌ц▓Ц##C⌠┌ц#rЦCc⌠C#Bц3 ёss▓цBЦ3⌠cCrц3rЦ⌠33▓ц3 ёs┐ц┐┌ЦSsSCCc┌цCRЦC#┐┐bц3 ёs┐цsЦ⌠c#c▓цS"Ц3Css3Rц3 ёs┐"цSBЦSCCC⌠▓цSrЦs⌠⌠Ccц3 ёs┐2ц3bЦcSsCsRцcЦs3C⌠2ц3 ёs┐Bц┌ЦCsC#rцcBЦS⌠cц3 ёs┐Rц2Цs3###┐s⌠√RсBцcBЦ▓ц3 ёs┐bбс┌ЦCsC#rцcBЦS⌠cц3 ёs┐rбс3bЦcSsCsRцcЦs3C⌠2ц3 ёs┐┌бсSBЦSCCC⌠▓цSrЦs⌠⌠Ccц3 ёs┐▓бсsЦ⌠c#c▓цS"Ц3Css3Rц3 ёs⌠бс┐┌ЦSsSCCc┌цCRЦC#┐┐bц3 ёs⌠бсBЦ3⌠cCrц3rЦ⌠33▓ц3 ёs⌠"бс▓Ц##C⌠┌ц#rЦCc⌠C#Bц3 ёs⌠2бс3"Ц┐cS3cBцbЦc⌠┌ц3 ёs⌠BбсCRЦ#C┐ccBцBЦcCS2ц3 ёs⌠RбсSbЦ#33Bц⌠Цc3S3Bц3 ёs⌠bбсcRЦs3bцsrЦs333#▓ц3 ёs⌠rбсs2ЦS⌠c⌠cBцc2ЦCC⌠┌ц3 ёs⌠┌бсs▓Ц┐⌠┐▓цCrЦ┐cs⌠C32ц3 ёs⌠▓бс┐BЦ#┐⌠SSBц3"Цs3⌠Cц3 ё┐бс┐bЦ⌠⌠S#цbЦc3#cBц3 ё┐бс┐rЦ▓бс"Цc┐SS#┐├Rс2ц3 ё┐"бс┐bЦ⌠⌠S#бсbЦc3#cBц3 ё┐2бс┐BЦ#┐⌠SSBбс3"Цs3⌠Cц3 ё┐Bбсs▓Ц┐⌠┐▓бсCrЦ┐cs⌠C32ц3 ё┐Rбсs2ЦS⌠c⌠cBбсc2ЦCC⌠┌ц3 ё┐bбсcRЦs3bбсsrЦs333#▓ц3 ё┐rбсSbЦ#33Bбс⌠Цc3S3Bц3 ё┐┌бсCRЦ#C┐ccBбсBЦcCS2ц3 ё┐▓бс3"Ц┐cS3cBбсbЦc⌠┌ц3 ё┐бс▓Ц##C⌠┌бс#rЦCc⌠C#Bц3 ё┐бсBЦ3⌠cCrбс3rЦ⌠33▓ц3 ё┐"бс┐┌ЦSsSCCc┌бсCRЦC#┐┐bц3 ё┐2бсsЦ⌠c#c▓бсS"Ц3Css3Rц3 ё┐BбсSBЦSCCC⌠▓бсSrЦs⌠⌠Ccц3 ё┐Rбс3bЦcSsCsRбсcЦs3C⌠2ц3 ё┐bбс┌ЦCsC#rбсcBЦS⌠cц3 ё┐rц2Ц┐3⌠⌠┐s6Rс2бсcBЦ▓ц3 ё┐┌ц┌ЦCsC#rбсcBЦS⌠cц3 ё┐▓ц3bЦcSsCsRбсcЦs3C⌠2ц3 ё┐#цSBЦSCCC⌠▓бсSrЦs⌠⌠Ccц3 ё┐#цsЦ⌠c#c▓бсS"Ц3Css3Rц3 ё┐#"ц┐┌ЦSsSCCc┌бсCRЦC#┐┐bц3 ё┐#2цBЦ3⌠cCrбс3rЦ⌠33▓ц3 ё┐#Bц▓Ц##C⌠┌бс#rЦCc⌠C#Bц3 ё┐#Rц3"Ц┐cS3cBбсbЦc⌠┌ц3 ё┐#bцCRЦ#C┐ccBбсBЦcCS2ц3 ё┐#rцSbЦ#33Bбс⌠Цc3S3Bц3 ё┐#┌цcRЦs3bбсsrЦs333#▓ц3 ё┐#▓цs2ЦS⌠c⌠cBбсc2ЦCC⌠┌ц3 ё┐3цs▓Ц┐⌠┐▓бсCrЦ┐cs⌠C32ц3 ё┐3ц┐BЦ#┐⌠SSBбс3"Цs3⌠Cц3 ё┐3"ц┐bЦ⌠⌠S#бсbЦc3#cBц3 ё┐32ц┐rЦ▓цBЦCS⌠┐sScC#6RсBц3#Pё┐3Bц┐bЦ⌠⌠S#цbЦc3#cBц3#Pё┐3Rц┐BЦ#┐⌠SSBц3"Цs3⌠Cц3#Pё┐3bцs▓Ц┐⌠┐▓цCrЦ┐cs⌠C32ц3#Pё┐3rцs2ЦS⌠c⌠cBцc2ЦCC⌠┌ц3#Pё┐3┌цcRЦs3bцsrЦs333#▓ц3#Pё┐3▓цSbЦ#33Bц⌠Цc3S3Bц3#Pё┐CцCRЦ#C┐ccBцBЦcCS2ц3#Pё┐Cц3"Ц┐cS3cBцbЦc⌠┌ц3#Pё┐C"ц▓Ц##C⌠┌ц#rЦCc⌠C#Bц3#Pё┐C2цBЦ3⌠cCrц3rЦ⌠33▓ц3#Pё┐CBц┐┌ЦSsSCCc┌цCRЦC#┐┐bц3#Pё┐CRцsЦ⌠c#c▓цS"Ц3Css3Rц3#Pё┐CbцSBЦSCCC⌠▓цSrЦs⌠⌠Ccц3#Pё┐Crц3bЦcSsCsRцcЦs3C⌠2ц3#Pё┐C┌ц┌ЦCsC#rцcBЦS⌠cц3#Pё┐C▓ц2Цc⌠3⌠#⌠SC┐&RсBцcBЦ▓ц3#Pё┐Sбс┌ЦCsC#rцcBЦS⌠cц3#Pё┐Sбс3bЦcSsCsRцcЦs3C⌠2ц3#Pё┐S"бсSBЦSCCC⌠▓цSrЦs⌠⌠Ccц3#Pё┐S2бсsЦ⌠c#c▓цS"Ц3Css3Rц3#Pё┐SBбс┐┌ЦSsSCCc┌цCRЦC#┐┐bц3#Pё┐SRбсBЦ3⌠cCrц3rЦ⌠33▓ц3#Pё┐Sbбс▓Ц##C⌠┌ц#rЦCc⌠C#Bц3#Pё┐Srбс3"Ц┐cS3cBцbЦc⌠┌ц3#Pё┐S┌бсCRЦ#C┐ccBцBЦcCS2ц3#Pё┐S▓бсSbЦ#33Bц⌠Цc3S3Bц3#Pё┐cбсcRЦs3bцsrЦs333#▓ц3#Pё┐cбсs2ЦS⌠c⌠cBцc2ЦCC⌠┌ц3#Pё┐c"бсs▓Ц┐⌠┐▓цCrЦ┐cs⌠C32ц3#Pё┐c2бс┐BЦ#┐⌠SSBц3"Цs3⌠Cц3#Pё┐cBбс┐bЦ⌠⌠S#цbЦc3#cBц3#Pё┐cRбс┐rЦ▓бс"Цc⌠⌠⌠3scS#√Rс2ц3#Pё┐cbбс┐bЦ⌠⌠S#бсbЦc3#cBц3#Pё┐crбс┐BЦ#┐⌠SSBбс3"Цs3⌠Cц3#Pё┐c┌бсs▓Ц┐⌠┐▓бсCrЦ┐cs⌠C32ц3#Pё┐c▓бсs2ЦS⌠c⌠cBбсc2ЦCC⌠┌ц3#Pё┐sбсcRЦs3bбсsrЦs333#▓ц3#Pё┐sбсSbЦ#33Bбс⌠Цc3S3Bц3#Pё┐s"бсCRЦ#C┐ccBбсBЦcCS2ц3#Pё┐s2бс3"Ц┐cS3cBбсbЦc⌠┌ц3#Pё┐sBбс▓Ц##C⌠┌бс#rЦCc⌠C#Bц3#Pё┐sRбсBЦ3⌠cCrбс3rЦ⌠33▓ц3#Pё┐sbбс┐┌ЦSsSCCc┌бсCRЦC#┐┐bц3#Pё┐srбсsЦ⌠c#c▓бсS"Ц3Css3Rц3#Pё┐s┌бсSBЦSCCC⌠▓бсSrЦs⌠⌠Ccц3#Pё┐s▓бс3bЦcSsCsRбсcЦs3C⌠2ц3#Pё┐┐бс┌ЦCsC#rбсcBЦS⌠cц3#Pё┐┐ц2ЦS┐#┐3√Rс2бсcBЦ▓ц3#Pё┐┐"ц┌ЦCsC#rбсcBЦS⌠cц3#Pё┐┐2ц3bЦcSsCsRбсcЦs3C⌠2ц3#Pё┐┐BцSBЦSCCC⌠▓бсSrЦs⌠⌠Ccц3#Pё┐┐RцsЦ⌠c#c▓бсS"Ц3Css3Rц3#Pё┐┐bц┐┌ЦSsSCCc┌бсCRЦC#┐┐bц3#Pё┐┐rцBЦ3⌠cCrбс3rЦ⌠33▓ц3#Pё┐┐┌ц▓Ц##C⌠┌бс#rЦCc⌠C#Bц3#Pё┐┐▓ц3"Ц┐cS3cBбсbЦc⌠┌ц3#Pё┐⌠цCRЦ#C┐ccBбсBЦcCS2ц3#Pё┐⌠цSbЦ#33Bбс⌠Цc3S3Bц3#Pё┐⌠"цcRЦs3bбсsrЦs333#▓ц3#Pё┐⌠2цs2ЦS⌠c⌠cBбсc2ЦCC⌠┌ц3#Pё┐⌠Bцs▓Ц┐⌠┐▓бсCrЦ┐cs⌠C32ц3#Pё┐⌠Rц┐BЦ#┐⌠SSBбс3"Цs3⌠Cц3#Pё┐⌠bц┐bЦ⌠⌠S#бсbЦc3#cBц3#Pё┐⌠rц┐rЦ▓ц2Ц┐S3#33C⌠ss&RсBц3S ё┐⌠┌ц┐bЦ⌠⌠S#цbЦc3#cBц3S ё┐⌠▓ц┐BЦ#┐⌠SSBц3"Цs3⌠Cц3S ё⌠цs▓Ц┐⌠┐▓цCrЦ┐cs⌠C32ц3S ё⌠цs2ЦS⌠c⌠cBцc2ЦCC⌠┌ц3S ё⌠"цcRЦs3bцsrЦs333#▓ц3S ё⌠2цSbЦ#33Bц⌠Цc3S3Bц3S ё⌠BцCRЦ#C┐ccBцBЦcCS2ц3S ё⌠Rц3"Ц┐cS3cBцbЦc⌠┌ц3S ё⌠bц▓Ц##C⌠┌ц#rЦCc⌠C#Bц3S ё⌠rцBЦ3⌠cCrц3rЦ⌠33▓ц3S ё⌠┌ц┐┌ЦSsSCCc┌цCRЦC#┐┐bц3S ё⌠▓цsЦ⌠c#c▓цS"Ц3Css3Rц3S ё⌠цSBЦSCCC⌠▓цSrЦs⌠⌠Ccц3S ё⌠ц3bЦcSsCsRцcЦs3C⌠2ц3S ё⌠"ц┌ЦCsC#rцcBЦS⌠cц3S ё⌠2ц2Ц3S3SS#┐┐6RсBцcBЦ▓ц3S ё⌠Bбс┌ЦCsC#rцcBЦS⌠cц3S ё⌠Rбс3bЦcSsCsRцcЦs3C⌠2ц3S ё⌠bбсSBЦSCCC⌠▓цSrЦs⌠⌠Ccц3S ё⌠rбсsЦ⌠c#c▓цS"Ц3Css3Rц3S ё⌠┌бс┐┌ЦSsSCCc┌цCRЦC#┐┐bц3S ё⌠▓бсBЦ3⌠cCrц3rЦ⌠33▓ц3S ё⌠#бс▓Ц##C⌠┌ц#rЦCc⌠C#Bц3S ё⌠#бс3"Ц┐cS3cBцbЦc⌠┌ц3S ё⌠#"бсCRЦ#C┐ccBцBЦcCS2ц3S ё⌠#2бсSbЦ#33Bц⌠Цc3S3Bц3S ё⌠#BбсcRЦs3bцsrЦs333#▓ц3S ё⌠#Rбсs2ЦS⌠c⌠cBцc2ЦCC⌠┌ц3S ё⌠#bбсs▓Ц┐⌠┐▓цCrЦ┐cs⌠C32ц3S ё⌠#rбс┐BЦ#┐⌠SSBц3"Цs3⌠Cц3S ё⌠#┌бс┐bЦ⌠⌠S#цbЦc3#cBц3S ё⌠#▓бс┐rЦ▓бс"Цcs3cC3⌠⌠cFRс2ц3S ё⌠3бс┐bЦ⌠⌠S#бсbЦc3#cBц3S ё⌠3бс┐BЦ#┐⌠SSBбс3"Цs3⌠Cц3S ё⌠3"бсs▓Ц┐⌠┐▓бсCrЦ┐cs⌠C32ц3S ё⌠32бсs2ЦS⌠c⌠cBбсc2ЦCC⌠┌ц3S ё⌠3BбсcRЦs3bбсsrЦs333#▓ц3S ё⌠3RбсSbЦ#33Bбс⌠Цc3S3Bц3S ё⌠3bбсCRЦ#C┐ccBбсBЦcCS2ц3S ё⌠3rбс3"Ц┐cS3cBбсbЦc⌠┌ц3S ё⌠3┌бс▓Ц##C⌠┌бс#rЦCc⌠C#Bц3S ё⌠3▓бсBЦ3⌠cCrбс3rЦ⌠33▓ц3S ё⌠Cбс┐┌ЦSsSCCc┌бсCRЦC#┐┐bц3S ё⌠CбсsЦ⌠c#c▓бсS"Ц3Css3Rц3S ё⌠C"бсSBЦSCCC⌠▓бсSrЦs⌠⌠Ccц3S ё⌠C2бс3bЦcSsCsRбсcЦs3C⌠2ц3S ё⌠CBбс┌ЦCsC#rбсcBЦS⌠cц3S ё⌠CRц2ЦC#S#s┐ccFRс2бсcBЦ▓ц3S ё⌠Cbц┌ЦCsC#rбсcBЦS⌠cц3S ё⌠Crц3bЦcSsCsRбсcЦs3C⌠2ц3S ё⌠C┌цSBЦSCCC⌠▓бсSrЦs⌠⌠Ccц3S ё⌠C▓цsЦ⌠c#c▓бсS"Ц3Css3Rц3S ё⌠Sц┐┌ЦSsSCCc┌бсCRЦC#┐┐bц3S ё⌠SцBЦ3⌠cCrбс3rЦ⌠33▓ц3S ё⌠S"ц▓Ц##C⌠┌бс#rЦCc⌠C#Bц3S ё⌠S2ц3"Ц┐cS3cBбсbЦc⌠┌ц3S ё⌠SBцCRЦ#C┐ccBбсBЦcCS2ц3S ё⌠SRцSbЦ#33Bбс⌠Цc3S3Bц3S ё⌠SbцcRЦs3bбсsrЦs333#▓ц3S ё⌠Srцs2ЦS⌠c⌠cBбсc2ЦCC⌠┌ц3S ё⌠S┌цs▓Ц┐⌠┐▓бсCrЦ┐cs⌠C32ц3S ё⌠S▓ц┐BЦ#┐⌠SSBбс3"Цs3⌠Cц3S ё⌠cц┐bЦ⌠⌠S#бсbЦc3#cBц3S ё⌠cц┐rЦ▓ц2ЦssccS⌠┐RсBц3sPё⌠c"ц┐bЦ⌠⌠S#цbЦc3#cBц3sPё⌠c2ц┐BЦ#┐⌠SSBц3"Цs3⌠Cц3sPё⌠cBцs▓Ц┐⌠┐▓цCrЦ┐cs⌠C32ц3sPё⌠cRцs2ЦS⌠c⌠cBцc2ЦCC⌠┌ц3sPё⌠cbцcRЦs3bцsrЦs333#▓ц3sPё⌠crцSbЦ#33Bц⌠Цc3S3Bц3sPё⌠c┌цCRЦ#C┐ccBцBЦcCS2ц3sPё⌠c▓ц3"Ц┐cS3cBцbЦc⌠┌ц3sPё⌠sц▓Ц##C⌠┌ц#rЦCc⌠C#Bц3sPё⌠sцBЦ3⌠cCrц3rЦ⌠33▓ц3sPё⌠s"ц┐┌ЦSsSCCc┌цCRЦC#┐┐bц3sPё⌠s2цsЦ⌠c#c▓цS"Ц3Css3Rц3sPё⌠sBцSBЦSCCC⌠▓цSrЦs⌠⌠Ccц3sPё⌠sRц3bЦcSsCsRцcЦs3C⌠2ц3sPё⌠sbц┌ЦCsC#rцcBЦS⌠cц3sPё⌠srц2Ц⌠c⌠CS⌠sFRсBцcBЦ▓ц3sPё⌠s┌бс┌ЦCsC#rцcBЦS⌠cц3sPё⌠s▓бс3bЦcSsCsRцcЦs3C⌠2ц3sPё⌠┐бсSBЦSCCC⌠▓цSrЦs⌠⌠Ccц3sPё⌠┐бсsЦ⌠c#c▓цS"Ц3Css3Rц3sPё⌠┐"бс┐┌ЦSsSCCc┌цCRЦC#┐┐bц3sPё⌠┐2бсBЦ3⌠cCrц3rЦ⌠33▓ц3sPё⌠┐Bбс▓Ц##C⌠┌ц#rЦCc⌠C#Bц3sPё⌠┐Rбс3"Ц┐cS3cBцbЦc⌠┌ц3sPё⌠┐bбсCRЦ#C┐ccBцBЦcCS2ц3sPё⌠┐rбсSbЦ#33Bц⌠Цc3S3Bц3sPё⌠┐┌бсcRЦs3bцsrЦs333#▓ц3sPё⌠┐▓бсs2ЦS⌠c⌠cBцc2ЦCC⌠┌ц3sPё⌠⌠бсs▓Ц┐⌠┐▓цCrЦ┐cs⌠C32ц3sPё⌠⌠бс┐BЦ#┐⌠SSBц3"Цs3⌠Cц3sPё⌠⌠"бс┐bЦ⌠⌠S#цbЦc3#cBц3sPё⌠⌠2бс┐rЦ▓бс"Цs⌠┐⌠#S⌠#√Rс2ц3sPё⌠⌠Bбс┐bЦ⌠⌠S#бсbЦc3#cBц3sPё⌠⌠Rбс┐BЦ#┐⌠SSBбс3"Цs3⌠Cц3sPё⌠⌠bбсs▓Ц┐⌠┐▓бсCrЦ┐cs⌠C32ц3sPё⌠⌠rбсs2ЦS⌠c⌠cBбсc2ЦCC⌠┌ц3sPё⌠⌠┌бсcRЦs3bбсsrЦs333#▓ц3sPё⌠⌠▓бсSbЦ#33Bбс⌠Цc3S3Bц3sPёбсCRЦ#C┐ccBбсBЦcCS2ц3sPёбс3"Ц┐cS3cBбсbЦc⌠┌ц3sPё"бс▓Ц##C⌠┌бс#rЦCc⌠C#Bц3sPё2бсBЦ3⌠cCrбс3rЦ⌠33▓ц3sPёBбс┐┌ЦSsSCCc┌бсCRЦC#┐┐bц3sPёRбсsЦ⌠c#c▓бсS"Ц3Css3Rц3sPёbбсSBЦSCCC⌠▓бсSrЦs⌠⌠Ccц3sPёrбс3bЦcSsCsRбсcЦs3C⌠2ц3sPё┌бс┌ЦCsC#rбсcBЦS⌠cц3sPё▓ц2Ц3┐3C#⌠sRс2бсcBЦ▓ц3sPёц┌ЦCsC#rбсcBЦS⌠cц3sPёц3bЦcSsCsRбсcЦs3C⌠2ц3sPё"цSBЦSCCC⌠▓бсSrЦs⌠⌠Ccц3sPё2цsЦ⌠c#c▓бсS"Ц3Css3Rц3sPёBц┐┌ЦSsSCCc┌бсCRЦC#┐┐bц3sPёRцBЦ3⌠cCrбс3rЦ⌠33▓ц3sPёbц▓Ц##C⌠┌бс#rЦCc⌠C#Bц3sPёrц3"Ц┐cS3cBбсbЦc⌠┌ц3sPё┌цCRЦ#C┐ccBбсBЦcCS2ц3sPё▓цSbЦ#33Bбс⌠Цc3S3Bц3sPё#цcRЦs3bбсsrЦs333#▓ц3sPё#цs2ЦS⌠c⌠cBбсc2ЦCC⌠┌ц3sPё#"цs▓Ц┐⌠┐▓бсCrЦ┐cs⌠C32ц3sPё#2ц┐BЦ#┐⌠SSBбс3"Цs3⌠Cц3sPё#Bц┐bЦ⌠⌠S#бсbЦc3#cBц3sPё#Rц┐rЦ▓ц2ЦScs⌠c33sFRсBцC ё#bц┐bЦ⌠⌠S#цbЦc3#cBцC ё#rц┐BЦ#┐⌠SSBц3"Цs3⌠CцC ё#┌цs▓Ц┐⌠┐▓цCrЦ┐cs⌠C32цC ё#▓цs2ЦS⌠c⌠cBцc2ЦCC⌠┌цC ё3цcRЦs3bцsrЦs333#▓цC ё3цSbЦ#33Bц⌠Цc3S3BцC ё3"цCRЦ#C┐ccBцBЦcCS2цC ё32ц3"Ц┐cS3cBцbЦc⌠┌цC ё3Bц▓Ц##C⌠┌ц#rЦCc⌠C#BцC ё3RцBЦ3⌠cCrц3rЦ⌠33▓цC ё3bц┐┌ЦSsSCCc┌цCRЦC#┐┐bцC ё3rцsЦ⌠c#c▓цS"Ц3Css3RцC ё3┌цSBЦSCCC⌠▓цSrЦs⌠⌠CcцC ё3▓ц3bЦcSsCsRцcЦs3C⌠2цC ёCц┌ЦCsC#rцcBЦS⌠cцC ёCц"Ц⌠⌠S#s⌠⌠&RсBцcBЦ▓цC ёC"бс┌ЦCsC#rцcBЦS⌠cцC ёC2бс3bЦcSsCsRцcЦs3C⌠2цC ёCBбсSBЦSCCC⌠▓цSrЦs⌠⌠CcцC ёCRбсsЦ⌠c#c▓цS"Ц3Css3RцC ёCbбс┐┌ЦSsSCCc┌цCRЦC#┐┐bцC ёCrбсBЦ3⌠cCrц3rЦ⌠33▓цC ёC┌бс▓Ц##C⌠┌ц#rЦCc⌠C#BцC ёC▓бс3"Ц┐cS3cBцbЦc⌠┌цC ёSбсCRЦ#C┐ccBцBЦcCS2цC ёSбсSbЦ#33Bц⌠Цc3S3BцC ёS"бсcRЦs3bцsrЦs333#▓цC ёS2бсs2ЦS⌠c⌠cBцc2ЦCC⌠┌цC ёSBбсs▓Ц┐⌠┐▓цCrЦ┐cs⌠C32цC ёSRбс┐BЦ#┐⌠SSBц3"Цs3⌠CцC ёSbбс┐bЦ⌠⌠S#цbЦc3#cBцC ёSrбс┐rЦ▓бс"Цs#⌠CsC3#FRс2цC ёS┌бс┐bЦ⌠⌠S#бсbЦc3#cBцC ёS▓бс┐BЦ#┐⌠SSBбс3"Цs3⌠CцC ёcбсs▓Ц┐⌠┐▓бсCrЦ┐cs⌠C32цC ёcбсs2ЦS⌠c⌠cBбсc2ЦCC⌠┌цC ёc"бсcRЦs3bбсsrЦs333#▓цC ёc2бсSbЦ#33Bбс⌠Цc3S3BцC ёcBбсCRЦ#C┐ccBбсBЦcCS2цC ёcRбс3"Ц┐cS3cBбсbЦc⌠┌цC ёcbбс▓Ц##C⌠┌бс#rЦCc⌠C#BцC ёcrбсBЦ3⌠cCrбс3rЦ⌠33▓цC ёc┌бс┐┌ЦSsSCCc┌бсCRЦC#┐┐bцC ёc▓бсsЦ⌠c#c▓бсS"Ц3Css3RцC ёsбсSBЦSCCC⌠▓бсSrЦs⌠⌠CcцC ёsбс3bЦcSsCsRбсcЦs3C⌠2цC ёs"бс┌ЦCsC#rбсcBЦS⌠cцC ёs2ц2Ц3#ss⌠#FRс2бсcBЦ▓цC ёsBц┌ЦCsC#rбсcBЦS⌠cцC ёsRц3bЦcSsCsRбсcЦs3C⌠2цC ёsbцSBЦSCCC⌠▓бсSrЦs⌠⌠CcцC ёsrцsЦ⌠c#c▓бсS"Ц3Css3RцC ёs┌ц┐┌ЦSsSCCc┌бсCRЦC#┐┐bцC ёs▓цBЦ3⌠cCrбс3rЦ⌠33▓цC ё┐ц▓Ц##C⌠┌бс#rЦCc⌠C#BцC ё┐ц3"Ц┐cS3cBбсbЦc⌠┌цC ё┐"цCRЦ#C┐ccBбсBЦcCS2цC ё┐2цSbЦ#33Bбс⌠Цc3S3BцC ё┐BцcRЦs3bбсsrЦs333#▓цC ё┐Rцs2ЦS⌠c⌠cBбсc2ЦCC⌠┌цC ё┐bцs▓Ц┐⌠┐▓бсCrЦ┐cs⌠C32цC ё┐rц┐BЦ#┐⌠SSBбс3"Цs3⌠CцC ё┐┌ц┐bЦ⌠⌠S#бсbЦc3#cBцC ё┐▓ц┐rЦ▓ц2Цc┐3fRсBцC#Pё⌠ц┐bЦ⌠⌠S#цbЦc3#cBцC#Pё⌠ц┐BЦ#┐⌠SSBц3"Цs3⌠CцC#Pё⌠"цs▓Ц┐⌠┐▓цCrЦ┐cs⌠C32цC#Pё⌠2цs2ЦS⌠c⌠cBцc2ЦCC⌠┌цC#Pё⌠BцcRЦs3bцsrЦs333#▓цC#Pё⌠RцSbЦ#33Bц⌠Цc3S3BцC#Pё⌠bцCRЦ#C┐ccBцBЦcCS2цC#Pё⌠rц3"Ц┐cS3cBцbЦc⌠┌цC#Pё⌠┌ц▓Ц##C⌠┌ц#rЦCc⌠C#BцC#Pё⌠▓цBЦ3⌠cCrц3rЦ⌠33▓цC#Pёц┐┌ЦSsSCCc┌цCRЦC#┐┐bцC#PёцsЦ⌠c#c▓цS"Ц3Css3RцC#Pё"цSBЦSCCC⌠▓цSrЦs⌠⌠CcцC#Pё2ц3bЦcSsCsRцcЦs3C⌠2цC#PёBц┌ЦCsC#rцcBЦS⌠cцC#PёRц"ЦC⌠3vRсBцcBЦ▓цC#Pёbбс┌ЦCsC#rцcBЦS⌠cцC#Pёrбс3bЦcSsCsRцcЦs3C⌠2цC#Pё┌бсSBЦSCCC⌠▓цSrЦs⌠⌠CcцC#Pё▓бсsЦ⌠c#c▓цS"Ц3Css3RцC#Pёбс┐┌ЦSsSCCc┌цCRЦC#┐┐bцC#PёбсBЦ3⌠cCrц3rЦ⌠33▓цC#Pё"бс▓Ц##C⌠┌ц#rЦCc⌠C#BцC#Pё2бс3"Ц┐cS3cBцbЦc⌠┌цC#PёBбсCRЦ#C┐ccBцBЦcCS2цC#PёRбсSbЦ#33Bц⌠Цc3S3BцC#PёbбсcRЦs3bцsrЦs333#▓цC#Pёrбсs2ЦS⌠c⌠cBцc2ЦCC⌠┌цC#Pё┌бсs▓Ц┐⌠┐▓цCrЦ┐cs⌠C32цC#Pё▓бс┐BЦ#┐⌠SSBц3"Цs3⌠CцC#Pё#бс┐bЦ⌠⌠S#цbЦc3#cBцC#Pё#бс┐rЦ▓бс"ЦsSC⌠⌠⌠#c3├Rс2цC#Pё#"бс┐bЦ⌠⌠S#бсbЦc3#cBцC#Pё#2бс┐BЦ#┐⌠SSBбс3"Цs3⌠CцC#Pё#Bбсs▓Ц┐⌠┐▓бсCrЦ┐cs⌠C32цC#Pё#Rбсs2ЦS⌠c⌠cBбсc2ЦCC⌠┌цC#Pё#bбсcRЦs3bбсsrЦs333#▓цC#Pё#rбсSbЦ#33Bбс⌠Цc3S3BцC#Pё#┌бсCRЦ#C┐ccBбсBЦcCS2цC#Pё#▓бс3"Ц┐cS3cBбсbЦc⌠┌цC#Pё3бс▓Ц##C⌠┌бс#rЦCc⌠C#BцC#Pё3бсBЦ3⌠cCrбс3rЦ⌠33▓цC#Pё3"бс┐┌ЦSsSCCc┌бсCRЦC#┐┐bцC#Pё32бсsЦ⌠c#c▓бсS"Ц3Css3RцC#Pё3BбсSBЦSCCC⌠▓бсSrЦs⌠⌠CcцC#Pё3Rбс3bЦcSsCsRбсcЦs3C⌠2цC#Pё3bбс┌ЦCsC#rбсcBЦS⌠cцC#Pё3rц2Ц#3sC33#VRс2бсcBЦ▓цC#Pё3┌ц┌ЦCsC#rбсcBЦS⌠cцC#Pё3▓ц3bЦcSsCsRбсcЦs3C⌠2цC#PёCцSBЦSCCC⌠▓бсSrЦs⌠⌠CcцC#PёCцsЦ⌠c#c▓бсS"Ц3Css3RцC#PёC"ц┐┌ЦSsSCCc┌бсCRЦC#┐┐bцC#PёC2цBЦ3⌠cCrбс3rЦ⌠33▓цC#PёCBц▓Ц##C⌠┌бс#rЦCc⌠C#BцC#PёCRц3"Ц┐cS3cBбсbЦc⌠┌цC#PёCbцCRЦ#C┐ccBбсBЦcCS2цC#PёCrцSbЦ#33Bбс⌠Цc3S3BцC#PёC┌цcRЦs3bбсsrЦs333#▓цC#PёC▓цs2ЦS⌠c⌠cBбсc2ЦCC⌠┌цC#PёSцs▓Ц┐⌠┐▓бсCrЦ┐cs⌠C32цC#PёSц┐BЦ#┐⌠SSBбс3"Цs3⌠CцC#PёS"ц┐bЦ⌠⌠S#бсbЦc3#cBцC#PёS2ц┐rЦ▓ц"ЦssS#cCs⌠fRсBцCS ёSBц┐bЦ⌠⌠S#цbЦc3#cBцCS ёSRц┐BЦ#┐⌠SSBц3"Цs3⌠CцCS ёSbцs▓Ц┐⌠┐▓цCrЦ┐cs⌠C32цCS ёSrцs2ЦS⌠c⌠cBцc2ЦCC⌠┌цCS ёS┌цcRЦs3bцsrЦs333#▓цCS ёS▓цSbЦ#33Bц⌠Цc3S3BцCS ёcцCRЦ#C┐ccBцBЦcCS2цCS ёcц3"Ц┐cS3cBцbЦc⌠┌цCS ёc"ц▓Ц##C⌠┌ц#rЦCc⌠C#BцCS ёc2цBЦ3⌠cCrц3rЦ⌠33▓цCS ёcBц┐┌ЦSsSCCc┌цCRЦC#┐┐bцCS ёcRцsЦ⌠c#c▓цS"Ц3Css3RцCS ёcbцSBЦSCCC⌠▓цSrЦs⌠⌠CcцCS ёcrц3bЦcSsCsRцcЦs3C⌠2цCS ёc┌ц┌ЦCsC#rцcBЦS⌠cцCS ёc▓цЦ┐cs⌠cCsfRсBцcBЦ▓цCS ёsбс┌ЦCsC#rцcBЦS⌠cцCS ёsбс3bЦcSsCsRцcЦs3C⌠2цCS ёs"бсSBЦSCCC⌠▓цSrЦs⌠⌠CcцCS ёs2бсsЦ⌠c#c▓цS"Ц3Css3RцCS ёsBбс┐┌ЦSsSCCc┌цCRЦC#┐┐bцCS ёsRбсBЦ3⌠cCrц3rЦ⌠33▓цCS ёsbбс▓Ц##C⌠┌ц#rЦCc⌠C#BцCS ёsrбс3"Ц┐cS3cBцbЦc⌠┌цCS ёs┌бсCRЦ#C┐ccBцBЦcCS2цCS ёs▓бсSbЦ#33Bц⌠Цc3S3BцCS ё┐бсcRЦs3bцsrЦs333#▓цCS ё┐бсs2ЦS⌠c⌠cBцc2ЦCC⌠┌цCS ё┐"бсs▓Ц┐⌠┐▓цCrЦ┐cs⌠C32цCS ё┐2бс┐BЦ#┐⌠SSBц3"Цs3⌠CцCS ё┐Bбс┐bЦ⌠⌠S#цbЦc3#cBцCS ё┐Rбс┐rЦ▓бс"ЦsCSc3#FRс2цCS ё┐bбс┐bЦ⌠⌠S#бсbЦc3#cBцCS ё┐rбс┐BЦ#┐⌠SSBбс3"Цs3⌠CцCS ё┐┌бсs▓Ц┐⌠┐▓бсCrЦ┐cs⌠C32цCS ё┐▓бсs2ЦS⌠c⌠cBбсc2ЦCC⌠┌цCS ё⌠бсcRЦs3bбсsrЦs333#▓цCS ё⌠бсSbЦ#33Bбс⌠Цc3S3BцCS ё⌠"бсCRЦ#C┐ccBбсBЦcCS2цCS ё⌠2бс3"Ц┐cS3cBбсbЦc⌠┌цCS ё⌠Bбс▓Ц##C⌠┌бс#rЦCc⌠C#BцCS ё⌠RбсBЦ3⌠cCrбс3rЦ⌠33▓цCS ё⌠bбс┐┌ЦSsSCCc┌бсCRЦC#┐┐bцCS ё⌠rбсsЦ⌠c#c▓бсS"Ц3Css3RцCS ё⌠┌бсSBЦSCCC⌠▓бсSrЦs⌠⌠CcцCS ё⌠▓бс3bЦcSsCsRбсcЦs3C⌠2цCS ё#бс┌ЦCsC#rбсcBЦS⌠cцCS ё#ц2ЦssC3┐sC√Rс2бсcBЦ▓цCS ё#"ц┌ЦCsC#rбсcBЦS⌠cцCS ё#2ц3bЦcSsCsRбсcЦs3C⌠2цCS ё#BцSBЦSCCC⌠▓бсSrЦs⌠⌠CcцCS ё#RцsЦ⌠c#c▓бсS"Ц3Css3RцCS ё#bц┐┌ЦSsSCCc┌бсCRЦC#┐┐bцCS ё#rцBЦ3⌠cCrбс3rЦ⌠33▓цCS ё#┌ц▓Ц##C⌠┌бс#rЦCc⌠C#BцCS ё#▓ц3"Ц┐cS3cBбсbЦc⌠┌цCS ё#цCRЦ#C┐ccBбсBЦcCS2цCS ё#цSbЦ#33Bбс⌠Цc3S3BцCS ё#"цcRЦs3bбсsrЦs333#▓цCS ё#2цs2ЦS⌠c⌠cBбсc2ЦCC⌠┌цCS ё#Bцs▓Ц┐⌠┐▓бсCrЦ┐cs⌠C32цCS ё#Rц┐BЦ#┐⌠SSBбс3"Цs3⌠CцCS ё#bц┐bЦ⌠⌠S#бсbЦc3#cBцCS ё#rц┐rЦ▓ц"Ц⌠C#Cs⌠#vRсBцCsPё#┌ц┐bЦ⌠⌠S#цbЦc3#cBцCsPё#▓ц┐BЦ#┐⌠SSBц3"Цs3⌠CцCsPё##цs▓Ц┐⌠┐▓цCrЦ┐cs⌠C32цCsPё##цs2ЦS⌠c⌠cBцc2ЦCC⌠┌цCsPё##"цcRЦs3bцsrЦs333#▓цCsPё##2цSbЦ#33Bц⌠Цc3S3BцCsPё##BцCRЦ#C┐ccBцBЦcCS2цCsPё##Rц3"Ц┐cS3cBцbЦc⌠┌цCsPё##bц▓Ц##C⌠┌ц#rЦCc⌠C#BцCsPё##rцBЦ3⌠cCrц3rЦ⌠33▓цCsPё##┌ц┐┌ЦSsSCCc┌цCRЦC#┐┐bцCsPё##▓цsЦ⌠c#c▓цS"Ц3Css3RцCsPё#3цSBЦSCCC⌠▓цSrЦs⌠⌠CcцCsPё#3ц3bЦcSsCsRцcЦs3C⌠2цCsPё#3"ц┌ЦCsC#rцcBЦS⌠cцCsPё#32цЦC┐sC⌠#S#├RсBцcBЦ▓цCsPё#3Bбс┌ЦCsC#rцcBЦS⌠cцCsPё#3Rбс3bЦcSsCsRцcЦs3C⌠2цCsPё#3bбсSBЦSCCC⌠▓цSrЦs⌠⌠CcцCsPё#3rбсsЦ⌠c#c▓цS"Ц3Css3RцCsPё#3┌бс┐┌ЦSsSCCc┌цCRЦC#┐┐bцCsPё#3▓бсBЦ3⌠cCrц3rЦ⌠33▓цCsPё#Cбс▓Ц##C⌠┌ц#rЦCc⌠C#BцCsPё#Cбс3"Ц┐cS3cBцbЦc⌠┌цCsPё#C"бсCRЦ#C┐ccBцBЦcCS2цCsPё#C2бсSbЦ#33Bц⌠Цc3S3BцCsPё#CBбсcRЦs3bцsrЦs333#▓цCsPё#CRбсs2ЦS⌠c⌠cBцc2ЦCC⌠┌цCsPё#Cbбсs▓Ц┐⌠┐▓цCrЦ┐cs⌠C32цCsPё#Crбс┐BЦ#┐⌠SSBц3"Цs3⌠CцCsPё#C┌бс┐bЦ⌠⌠S#цbЦc3#cBцCsPё#C▓бс┐rЦ▓бс"Цsc#C#⌠c3cRс2цCsPё#Sбс┐bЦ⌠⌠S#бсbЦc3#cBцCsPё#Sбс┐BЦ#┐⌠SSBбс3"Цs3⌠CцCsPё#S"бсs▓Ц┐⌠┐▓бсCrЦ┐cs⌠C32цCsPё#S2бсs2ЦS⌠c⌠cBбсc2ЦCC⌠┌цCsPё#SBбсcRЦs3bбсsrЦs333#▓цCsPё#SRбсSbЦ#33Bбс⌠Цc3S3BцCsPё#SbбсCRЦ#C┐ccBбсBЦcCS2цCsPё#Srбс3"Ц┐cS3cBбсbЦc⌠┌цCsPё#S┌бс▓Ц##C⌠┌бс#rЦCc⌠C#BцCsPё#S▓бсBЦ3⌠cCrбс3rЦ⌠33▓цCsPё#cбс┐┌ЦSsSCCc┌бсCRЦC#┐┐bцCsPё#cбсsЦ⌠c#c▓бсS"Ц3Css3RцCsPё#c"бсSBЦSCCC⌠▓бсSrЦs⌠⌠CcцCsPё#c2бс3bЦcSsCsRбсcЦs3C⌠2цCsPё#cBбс┌ЦCsC#rбсcBЦS⌠cцCsPё#cRц2Ц3sCSC┐vRс2бсcBЦ▓цCsPё#cbц┌ЦCsC#rбсcBЦS⌠cцCsPё#crц3bЦcSsCsRбсcЦs3C⌠2цCsPё#c┌цSBЦSCCC⌠▓бсSrЦs⌠⌠CcцCsPё#c▓цsЦ⌠c#c▓бсS"Ц3Css3RцCsPё#sц┐┌ЦSsSCCc┌бсCRЦC#┐┐bцCsPё#sцBЦ3⌠cCrбс3rЦ⌠33▓цCsPё#s"ц▓Ц##C⌠┌бс#rЦCc⌠C#BцCsPё#s2ц3"Ц┐cS3cBбсbЦc⌠┌цCsPё#sBцCRЦ#C┐ccBбсBЦcCS2цCsPё#sRцSbЦ#33Bбс⌠Цc3S3BцCsPё#sbцcRЦs3bбсsrЦs333#▓цCsPё#srцs2ЦS⌠c⌠cBбсc2ЦCC⌠┌цCsPё#s┌цs▓Ц┐⌠┐▓бсCrЦ┐cs⌠C32цCsPё#s▓ц┐BЦ#┐⌠SSBбс3"Цs3⌠CцCsPё#┐ц┐bЦ⌠⌠S#бсbЦc3#cBцCsPё#┐ц┐rЦ▓ц"Ц#┐3┐┐⌠ScSfRсBцS ё#┐"ц┐bЦ⌠⌠S#цbЦc3#cBцS ё#┐2ц┐BЦ#┐⌠SSBц3"Цs3⌠CцS ё#┐Bцs▓Ц┐⌠┐▓цCrЦ┐cs⌠C32цS ё#┐Rцs2ЦS⌠c⌠cBцc2ЦCC⌠┌цS ё#┐bцcRЦs3bцsrЦs333#▓цS ё#┐rцSbЦ#33Bц⌠Цc3S3BцS ё#┐┌цCRЦ#C┐ccBцBЦcCS2цS ё#┐▓ц3"Ц┐cS3cBцbЦc⌠┌цS ё#⌠ц▓Ц##C⌠┌ц#rЦCc⌠C#BцS ё#⌠цBЦ3⌠cCrц3rЦ⌠33▓цS ё#⌠"ц┐┌ЦSsSCCc┌цCRЦC#┐┐bцS ё#⌠2цsЦ⌠c#c▓цS"Ц3Css3RцS ё#⌠BцSBЦSCCC⌠▓цSrЦs⌠⌠CcцS ё#⌠Rц3bЦcSsCsRцcЦs3C⌠2цS ё#⌠bц┌ЦCsC#rцcBЦS⌠cцS ё#⌠rцЦ3sS┐⌠┐cCccRсBцcBЦ▓цS ё#⌠┌бс┌ЦCsC#rцcBЦS⌠cцS ё#⌠▓бс3bЦcSsCsRцcЦs3C⌠2цS ё3бсSBЦSCCC⌠▓цSrЦs⌠⌠CcцS ё3бсsЦ⌠c#c▓цS"Ц3Css3RцS ё3"бс┐┌ЦSsSCCc┌цCRЦC#┐┐bцS ё32бсBЦ3⌠cCrц3rЦ⌠33▓цS ё3Bбс▓Ц##C⌠┌ц#rЦCc⌠C#BцS ё3Rбс3"Ц┐cS3cBцbЦc⌠┌цS ё3bбсCRЦ#C┐ccBцBЦcCS2цS ё3rбсSbЦ#33Bц⌠Цc3S3BцS ё3┌бсcRЦs3bцsrЦs333#▓цS ё3▓бсs2ЦS⌠c⌠cBцc2ЦCC⌠┌цS ё3бсs▓Ц┐⌠┐▓цCrЦ┐cs⌠C32цS ё3бс┐BЦ#┐⌠SSBц3"Цs3⌠CцS ё3"бс┐bЦ⌠⌠S#цbЦc3#cBцS ё32бс┐rЦ▓бс"Ц┐C3s#ssFRс2цS ё3Bбс┐bЦ⌠⌠S#бсbЦc3#cBцS ё3Rбс┐BЦ#┐⌠SSBбс3"Цs3⌠CцS ё3bбсs▓Ц┐⌠┐▓бсCrЦ┐cs⌠C32цS ё3rбсs2ЦS⌠c⌠cBбсc2ЦCC⌠┌цS ё3┌бсcRЦs3bбсsrЦs333#▓цS ё3▓бсSbЦ#33Bбс⌠Цc3S3BцS ё3#бсCRЦ#C┐ccBбсBЦcCS2цS ё3#бс3"Ц┐cS3cBбсbЦc⌠┌цS ё3#"бс▓Ц##C⌠┌бс#rЦCc⌠C#BцS ё3#2бсBЦ3⌠cCrбс3rЦ⌠33▓цS ё3#Bбс┐┌ЦSsSCCc┌бсCRЦC#┐┐bцS ё3#RбсsЦ⌠c#c▓бсS"Ц3Css3RцS ё3#bбсSBЦSCCC⌠▓бсSrЦs⌠⌠CcцS ё3#rбс3bЦcSsCsRбсcЦs3C⌠2цS ё3#┌бс┌ЦCsC#rбсcBЦS⌠cцS ё3#▓ц2Ц⌠┐#⌠⌠#C√Rс2бсcBЦ▓цS ё33ц┌ЦCsC#rбсcBЦS⌠cцS ё33ц3bЦcSsCsRбсcЦs3C⌠2цS ё33"цSBЦSCCC⌠▓бсSrЦs⌠⌠CcцS ё332цsЦ⌠c#c▓бсS"Ц3Css3RцS ё33Bц┐┌ЦSsSCCc┌бсCRЦC#┐┐bцS ё33RцBЦ3⌠cCrбс3rЦ⌠33▓цS ё33bц▓Ц##C⌠┌бс#rЦCc⌠C#BцS ё33rц3"Ц┐cS3cBбсbЦc⌠┌цS ё33┌цCRЦ#C┐ccBбсBЦcCS2цS ё33▓цSbЦ#33Bбс⌠Цc3S3BцS ё3CцcRЦs3bбсsrЦs333#▓цS ё3Cцs2ЦS⌠c⌠cBбсc2ЦCC⌠┌цS ё3C"цs▓Ц┐⌠┐▓бсCrЦ┐cs⌠C32цS ё3C2ц┐BЦ#┐⌠SSBбс3"Цs3⌠CцS ё3CBц┐bЦ⌠⌠S#бсbЦc3#cBцS ё3CRц┐rЦ▓цЦsS#S┐33⌠FRсBцS#Pё3Cbц┐bЦ⌠⌠S#цbЦc3#cBцS#Pё3Crц┐BЦ#┐⌠SSBц3"Цs3⌠CцS#Pё3C┌цs▓Ц┐⌠┐▓цCrЦ┐cs⌠C32цS#Pё3C▓цs2ЦS⌠c⌠cBцc2ЦCC⌠┌цS#Pё3SцcRЦs3bцsrЦs333#▓цS#Pё3SцSbЦ#33Bц⌠Цc3S3BцS#Pё3S"цCRЦ#C┐ccBцBЦcCS2цS#Pё3S2ц3"Ц┐cS3cBцbЦc⌠┌цS#Pё3SBц▓Ц##C⌠┌ц#rЦCc⌠C#BцS#Pё3SRцBЦ3⌠cCrц3rЦ⌠33▓цS#Pё3Sbц┐┌ЦSsSCCc┌цCRЦC#┐┐bцS#Pё3SrцsЦ⌠c#c▓цS"Ц3Css3RцS#Pё3S┌цSBЦSCCC⌠▓цSrЦs⌠⌠CcцS#Pё3S▓ц3bЦcSsCsRцcЦs3C⌠2цS#Pё3cц┌ЦCsC#rцcBЦS⌠cцS#Pё3cцЦss⌠#SsVRсBцcBЦ▓цS#Pё3c"бс┌ЦCsC#rцcBЦS⌠cцS#Pё3c2бс3bЦcSsCsRцcЦs3C⌠2цS#Pё3cBбсSBЦSCCC⌠▓цSrЦs⌠⌠CcцS#Pё3cRбсsЦ⌠c#c▓цS"Ц3Css3RцS#Pё3cbбс┐┌ЦSsSCCc┌цCRЦC#┐┐bцS#Pё3crбсBЦ3⌠cCrц3rЦ⌠33▓цS#Pё3c┌бс▓Ц##C⌠┌ц#rЦCc⌠C#BцS#Pё3c▓бс3"Ц┐cS3cBцbЦc⌠┌цS#Pё3sбсCRЦ#C┐ccBцBЦcCS2цS#Pё3sбсSbЦ#33Bц⌠Цc3S3BцS#Pё3s"бсcRЦs3bцsrЦs333#▓цS#Pё3s2бсs2ЦS⌠c⌠cBцc2ЦCC⌠┌цS#Pё3sBбсs▓Ц┐⌠┐▓цCrЦ┐cs⌠C32цS#Pё3sRбс┐BЦ#┐⌠SSBц3"Цs3⌠CцS#Pё3sbбс┐bЦ⌠⌠S#цbЦc3#cBцS#Pё3srбс┐rЦ▓бс"Цs⌠3⌠S#3c&Rс2цS#Pё3s┌бс┐bЦ⌠⌠S#бсbЦc3#cBцS#Pё3s▓бс┐BЦ#┐⌠SSBбс3"Цs3⌠CцS#Pё3┐бсs▓Ц┐⌠┐▓бсCrЦ┐cs⌠C32цS#Pё3┐бсs2ЦS⌠c⌠cBбсc2ЦCC⌠┌цS#Pё3┐"бсcRЦs3bбсsrЦs333#▓цS#Pё3┐2бсSbЦ#33Bбс⌠Цc3S3BцS#Pё3┐BбсCRЦ#C┐ccBбсBЦcCS2цS#Pё3┐Rбс3"Ц┐cS3cBбсbЦc⌠┌цS#Pё3┐bбс▓Ц##C⌠┌бс#rЦCc⌠C#BцS#Pё3┐rбсBЦ3⌠cCrбс3rЦ⌠33▓цS#Pё3┐┌бс┐┌ЦSsSCCc┌бсCRЦC#┐┐bцS#Pё3┐▓бсsЦ⌠c#c▓бсS"Ц3Css3RцS#Pё3⌠бсSBЦSCCC⌠▓бсSrЦs⌠⌠CcцS#Pё3⌠бс3bЦcSsCsRбсcЦs3C⌠2цS#Pё3⌠"бс┌ЦCsC#rбсcBЦS⌠cцS#Pё3⌠2ц2Ц┐sCC#┐s#fRс2бсcBЦ▓цS#Pё3⌠Bц┌ЦCsC#rбсcBЦS⌠cцS#Pё3⌠Rц3bЦcSsCsRбсcЦs3C⌠2цS#Pё3⌠bцSBЦSCCC⌠▓бсSrЦs⌠⌠CcцS#Pё3⌠rцsЦ⌠c#c▓бсS"Ц3Css3RцS#Pё3⌠┌ц┐┌ЦSsSCCc┌бсCRЦC#┐┐bцS#Pё3⌠▓цBЦ3⌠cCrбс3rЦ⌠33▓цS#PёCц▓Ц##C⌠┌бс#rЦCc⌠C#BцS#PёCц3"Ц┐cS3cBбсbЦc⌠┌цS#PёC"цCRЦ#C┐ccBбсBЦcCS2цS#PёC2цSbЦ#33Bбс⌠Цc3S3BцS#PёCBцcRЦs3bбсsrЦs333#▓цS#PёCRцs2ЦS⌠c⌠cBбсc2ЦCC⌠┌цS#PёCbцs▓Ц┐⌠┐▓бсCrЦ┐cs⌠C32цS#PёCrц┐BЦ#┐⌠SSBбс3"Цs3⌠CцS#PёC┌ц┐bЦ⌠⌠S#бсbЦc3#cBцS#PёC▓ц┐rЦ▓ц▓Цcc#333##┐CFRсRцSS ёCц┐bЦ⌠⌠S#цbЦc3#cBцSS ёCц┐BЦ#┐⌠SSBц3"Цs3⌠CцSS ёC"цs▓Ц┐⌠┐▓цCrЦ┐cs⌠C32цSS ёC2цs2ЦS⌠c⌠cBцc2ЦCC⌠┌цSS ёCBцcRЦs3bцsrЦs333#▓цSS ёCRцSbЦ#33Bц⌠Цc3S3BцSS ёCbцCRЦ#C┐ccBцBЦcCS2цSS ёCrц3"Ц┐cS3cBцbЦc⌠┌цSS ёC┌ц▓Ц##C⌠┌ц#rЦCc⌠C#BцSS ёC▓цBЦ3⌠cCrц3rЦ⌠33▓цSS ёC#ц┐┌ЦSsSCCc┌цCRЦC#┐┐bцSS ёC#цsЦ⌠c#c▓цS"Ц3Css3RцSS ёC#"цSBЦSCCC⌠▓цSrЦs⌠⌠CcцSS ёC#2ц3bЦcSsCsRцcЦs3C⌠2цSS ёC#Bц┌ЦCsC#rцcBЦS⌠cцSS ёC#RцЦS#⌠scFRсBцcBЦ▓цSS ёC#bбс┌ЦCsC#rцcBЦS⌠cцSS ёC#rбс3bЦcSsCsRцcЦs3C⌠2цSS ёC#┌бсSBЦSCCC⌠▓цSrЦs⌠⌠CcцSS ёC#▓бсsЦ⌠c#c▓цS"Ц3Css3RцSS ёC3бс┐┌ЦSsSCCc┌цCRЦC#┐┐bцSS ёC3бсBЦ3⌠cCrц3rЦ⌠33▓цSS ёC3"бс▓Ц##C⌠┌ц#rЦCc⌠C#BцSS ёC32бс3"Ц┐cS3cBцbЦc⌠┌цSS ёC3BбсCRЦ#C┐ccBцBЦcCS2цSS ёC3RбсSbЦ#33Bц⌠Цc3S3BцSS ёC3bбсcRЦs3bцsrЦs333#▓цSS ёC3rбсs2ЦS⌠c⌠cBцc2ЦCC⌠┌цSS ёC3┌бсs▓Ц┐⌠┐▓цCrЦ┐cs⌠C32цSS ёC3▓бс┐BЦ#┐⌠SSBц3"Цs3⌠CцSS ёCCбс┐bЦ⌠⌠S#цbЦc3#cBцSS ёCCбс┐rЦ▓бс"Ц┐S3┐3#c┐├Rс2цSS ёCC"бс┐bЦ⌠⌠S#бсbЦc3#cBцSS ёCC2бс┐BЦ#┐⌠SSBбс3"Цs3⌠CцSS ёCCBбсs▓Ц┐⌠┐▓бсCrЦ┐cs⌠C32цSS ёCCRбсs2ЦS⌠c⌠cBбсc2ЦCC⌠┌цSS ёCCbбсcRЦs3bбсsrЦs333#▓цSS ёCCrбсSbЦ#33Bбс⌠Цc3S3BцSS ёCC┌бсCRЦ#C┐ccBбсBЦcCS2цSS ёCC▓бс3"Ц┐cS3cBбсbЦc⌠┌цSS ёCSбс▓Ц##C⌠┌бс#rЦCc⌠C#BцSS ёCSбсBЦ3⌠cCrбс3rЦ⌠33▓цSS ёCS"бс┐┌ЦSsSCCc┌бсCRЦC#┐┐bцSS ёCS2бсsЦ⌠c#c▓бсS"Ц3Css3RцSS ёCSBбсSBЦSCCC⌠▓бсSrЦs⌠⌠CcцSS ёCSRбс3bЦcSsCsRбсcЦs3C⌠2цSS ёCSbбс┌ЦCsC#rбсcBЦS⌠cцSS ёCSrц2Ц┐3c⌠⌠c┐vRс2бсcBЦ▓цSS ёCS┌ц┌ЦCsC#rбсcBЦS⌠cцSS ёCS▓ц3bЦcSsCsRбсcЦs3C⌠2цSS ёCcцSBЦSCCC⌠▓бсSrЦs⌠⌠CcцSS ёCcцsЦ⌠c#c▓бсS"Ц3Css3RцSS ёCc"ц┐┌ЦSsSCCc┌бсCRЦC#┐┐bцSS ёCc2цBЦ3⌠cCrбс3rЦ⌠33▓цSS ёCcBц▓Ц##C⌠┌бс#rЦCc⌠C#BцSS ёCcRц3"Ц┐cS3cBбсbЦc⌠┌цSS ёCcbцCRЦ#C┐ccBбсBЦcCS2цSS ёCcrцSbЦ#33Bбс⌠Цc3S3BцSS ёCc┌цcRЦs3bбсsrЦs333#▓цSS ёCc▓цs2ЦS⌠c⌠cBбсc2ЦCC⌠┌цSS ёCsцs▓Ц┐⌠┐▓бсCrЦ┐cs⌠C32цSS ёCsц┐BЦ#┐⌠SSBбс3"Цs3⌠CцSS ёCs"ц┐bЦ⌠⌠S#бсbЦc3#cBцSS ёCs2ц┐rЦ▓ц▓Ц┐⌠c3#3cfRсRцSsPёCsBц┐bЦ⌠⌠S#цbЦc3#cBцSsPёCsRц┐BЦ#┐⌠SSBц3"Цs3⌠CцSsPёCsbцs▓Ц┐⌠┐▓цCrЦ┐cs⌠C32цSsPёCsrцs2ЦS⌠c⌠cBцc2ЦCC⌠┌цSsPёCs┌цcRЦs3bцsrЦs333#▓цSsPёCs▓цSbЦ#33Bц⌠Цc3S3BцSsPёC┐цCRЦ#C┐ccBцBЦcCS2цSsPёC┐ц3"Ц┐cS3cBцbЦc⌠┌цSsPёC┐"ц▓Ц##C⌠┌ц#rЦCc⌠C#BцSsPёC┐2цBЦ3⌠cCrц3rЦ⌠33▓цSsPёC┐Bц┐┌ЦSsSCCc┌цCRЦC#┐┐bцSsPёC┐RцsЦ⌠c#c▓цS"Ц3Css3RцSsPёC┐bцSBЦSCCC⌠▓цSrЦs⌠⌠CcцSsPёC┐rц3bЦcSsCsRцcЦs3C⌠2цSsPёC┐┌ц┌ЦCsC#rцcBЦS⌠cцSsPёC┐▓ц▓Ц3##c┐c3⌠3CFRсRцcBЦ▓цSsPёC⌠бс┌ЦCsC#rцcBЦS⌠cцSsPёC⌠бс3bЦcSsCsRцcЦs3C⌠2цSsPёC⌠"бсSBЦSCCC⌠▓цSrЦs⌠⌠CcцSsPёC⌠2бсsЦ⌠c#c▓цS"Ц3Css3RцSsPёC⌠Bбс┐┌ЦSsSCCc┌цCRЦC#┐┐bцSsPёC⌠RбсBЦ3⌠cCrц3rЦ⌠33▓цSsPёC⌠bбс▓Ц##C⌠┌ц#rЦCc⌠C#BцSsPёC⌠rбс3"Ц┐cS3cBцbЦc⌠┌цSsPёC⌠┌бсCRЦ#C┐ccBцBЦcCS2цSsPёC⌠▓бсSbЦ#33Bц⌠Цc3S3BцSsPёSбсcRЦs3bцsrЦs333#▓цSsPёSбсs2ЦS⌠c⌠cBцc2ЦCC⌠┌цSsPёS"бсs▓Ц┐⌠┐▓цCrЦ┐cs⌠C32цSsPёS2бс┐BЦ#┐⌠SSBц3"Цs3⌠CцSsPёSBбс┐bЦ⌠⌠S#цbЦc3#cBцSsPёSRбс┐rЦ▓бс"Цs┐#┐C3⌠┐CfRс2цSsPёSbбс┐bЦ⌠⌠S#бсbЦc3#cBцSsPёSrбс┐BЦ#┐⌠SSBбс3"Цs3⌠CцSsPёS┌бсs▓Ц┐⌠┐▓бсCrЦ┐cs⌠C32цSsPёS▓бсs2ЦS⌠c⌠cBбсc2ЦCC⌠┌цSsPёSбсcRЦs3bбсsrЦs333#▓цSsPёSбсSbЦ#33Bбс⌠Цc3S3BцSsPёS"бсCRЦ#C┐ccBбсBЦcCS2цSsPёS2бс3"Ц┐cS3cBбсbЦc⌠┌цSsPёSBбс▓Ц##C⌠┌бс#rЦCc⌠C#BцSsPёSRбсBЦ3⌠cCrбс3rЦ⌠33▓цSsPёSbбс┐┌ЦSsSCCc┌бсCRЦC#┐┐bцSsPёSrбсsЦ⌠c#c▓бсS"Ц3Css3RцSsPёS┌бсSBЦSCCC⌠▓бсSrЦs⌠⌠CcцSsPёS▓бс3bЦcSsCsRбсcЦs3C⌠2цSsPёS#бс┌ЦCsC#rбсcBЦS⌠cцSsPёS#ц2Ц┐C⌠⌠s#Rс2бсcBЦ▓цSsPёS#"ц┌ЦCsC#rбсcBЦS⌠cцSsPёS#2ц3bЦcSsCsRбсcЦs3C⌠2цSsPёS#BцSBЦSCCC⌠▓бсSrЦs⌠⌠CcцSsPёS#RцsЦ⌠c#c▓бсS"Ц3Css3RцSsPёS#bц┐┌ЦSsSCCc┌бсCRЦC#┐┐bцSsPёS#rцBЦ3⌠cCrбс3rЦ⌠33▓цSsPёS#┌ц▓Ц##C⌠┌бс#rЦCc⌠C#BцSsPёS#▓ц3"Ц┐cS3cBбсbЦc⌠┌цSsPёS3цCRЦ#C┐ccBбсBЦcCS2цSsPёS3цSbЦ#33Bбс⌠Цc3S3BцSsPёS3"цcRЦs3bбсsrЦs333#▓цSsPёS32цs2ЦS⌠c⌠cBбсc2ЦCC⌠┌цSsPёS3Bцs▓Ц┐⌠┐▓бсCrЦ┐cs⌠C32цSsPёS3Rц┐BЦ#┐⌠SSBбс3"Цs3⌠CцSsPёS3bц┐bЦ⌠⌠S#бсbЦc3#cBцSsPёS3rц┐rЦ▓цBЦ3#⌠3⌠sc#sRсRцc ёS3┌ц┐bЦ⌠⌠S#цbЦc3#cBцc ёS3▓ц┐BЦ#┐⌠SSBц3"Цs3⌠Cцc ёSCцs▓Ц┐⌠┐▓цCrЦ┐cs⌠C32цc ёSCцs2ЦS⌠c⌠cBцc2ЦCC⌠┌цc ёSC"цcRЦs3bцsrЦs333#▓цc ёSC2цSbЦ#33Bц⌠Цc3S3Bцc ёSCBцCRЦ#C┐ccBцBЦcCS2цc ёSCRц3"Ц┐cS3cBцbЦc⌠┌цc ёSCbц▓Ц##C⌠┌ц#rЦCc⌠C#Bцc ёSCrцBЦ3⌠cCrц3rЦ⌠33▓цc ёSC┌ц┐┌ЦSsSCCc┌цCRЦC#┐┐bцc ёSC▓цsЦ⌠c#c▓цS"Ц3Css3Rцc ёSSцSBЦSCCC⌠▓цSrЦs⌠⌠Ccцc ёSSц3bЦcSsCsRцcЦs3C⌠2цc ёSS"ц┌ЦCsC#rцcBЦS⌠cцc ёSS2ц┌Ц3cCsc33s┐VRсRцcBЦ▓цc ёSSBбс┌ЦCsC#rцcBЦS⌠cцc ёSSRбс3bЦcSsCsRцcЦs3C⌠2цc ёSSbбсSBЦSCCC⌠▓цSrЦs⌠⌠Ccцc ёSSrбсsЦ⌠c#c▓цS"Ц3Css3Rцc ёSS┌бс┐┌ЦSsSCCc┌цCRЦC#┐┐bцc ёSS▓бсBЦ3⌠cCrц3rЦ⌠33▓цc ёScбс▓Ц##C⌠┌ц#rЦCc⌠C#Bцc ёScбс3"Ц┐cS3cBцbЦc⌠┌цc ёSc"бсCRЦ#C┐ccBцBЦcCS2цc ёSc2бсSbЦ#33Bц⌠Цc3S3Bцc ёScBбсcRЦs3bцsrЦs333#▓цc ёScRбсs2ЦS⌠c⌠cBцc2ЦCC⌠┌цc ёScbбсs▓Ц┐⌠┐▓цCrЦ┐cs⌠C32цc ёScrбс┐BЦ#┐⌠SSBц3"Цs3⌠Cцc ёSc┌бс┐bЦ⌠⌠S#цbЦc3#cBцc ёSc▓бс┐rЦ▓бс"Ц┐#┐┐3┐CcvRс2цc ёSsбс┐bЦ⌠⌠S#бсbЦc3#cBцc ёSsбс┐BЦ#┐⌠SSBбс3"Цs3⌠Cцc ёSs"бсs▓Ц┐⌠┐▓бсCrЦ┐cs⌠C32цc ёSs2бсs2ЦS⌠c⌠cBбсc2ЦCC⌠┌цc ёSsBбсcRЦs3bбсsrЦs333#▓цc ёSsRбсSbЦ#33Bбс⌠Цc3S3Bцc ёSsbбсCRЦ#C┐ccBбсBЦcCS2цc ёSsrбс3"Ц┐cS3cBбсbЦc⌠┌цc ёSs┌бс▓Ц##C⌠┌бс#rЦCc⌠C#Bцc ёSs▓бсBЦ3⌠cCrбс3rЦ⌠33▓цc ёS┐бс┐┌ЦSsSCCc┌бсCRЦC#┐┐bцc ёS┐бсsЦ⌠c#c▓бсS"Ц3Css3Rцc ёS┐"бсSBЦSCCC⌠▓бсSrЦs⌠⌠Ccцc ёS┐2бс3bЦcSsCsRбсcЦs3C⌠2цc ёS┐Bбс┌ЦCsC#rбсcBЦS⌠cцc ёS┐Rц2ЦsCcC3┐3#FRс2бсcBЦ▓цc ёS┐bц┌ЦCsC#rбсcBЦS⌠cцc ёS┐rц3bЦcSsCsRбсcЦs3C⌠2цc ёS┐┌цSBЦSCCC⌠▓бсSrЦs⌠⌠Ccцc ёS┐▓цsЦ⌠c#c▓бсS"Ц3Css3Rцc ёS⌠ц┐┌ЦSsSCCc┌бсCRЦC#┐┐bцc ёS⌠цBЦ3⌠cCrбс3rЦ⌠33▓цc ёS⌠"ц▓Ц##C⌠┌бс#rЦCc⌠C#Bцc ёS⌠2ц3"Ц┐cS3cBбсbЦc⌠┌цc ёS⌠BцCRЦ#C┐ccBбсBЦcCS2цc ёS⌠RцSbЦ#33Bбс⌠Цc3S3Bцc ёS⌠bцcRЦs3bбсsrЦs333#▓цc ёS⌠rцs2ЦS⌠c⌠cBбсc2ЦCC⌠┌цc ёS⌠┌цs▓Ц┐⌠┐▓бсCrЦ┐cs⌠C32цc ёS⌠▓ц┐BЦ#┐⌠SSBбс3"Цs3⌠Cцc ёcц┐bЦ⌠⌠S#бсbЦc3#cBцc ёcц┐rЦ▓бсЦS#CsSs3cS#√RсRцc#Pёc"ц┐bЦ⌠⌠S#цbЦc3#cBцc#Pёc2ц┐BЦ#┐⌠SSBц3"Цs3⌠Cцc#PёcBцs▓Ц┐⌠┐▓цCrЦ┐cs⌠C32цc#PёcRцs2ЦS⌠c⌠cBцc2ЦCC⌠┌цc#PёcbцcRЦs3bцsrЦs333#▓цc#PёcrцSbЦ#33Bц⌠Цc3S3Bцc#Pёc┌цCRЦ#C┐ccBцBЦcCS2цc#Pёc▓ц3"Ц┐cS3cBцbЦc⌠┌цc#Pёcц▓Ц##C⌠┌ц#rЦCc⌠C#Bцc#PёcцBЦ3⌠cCrц3rЦ⌠33▓цc#Pёc"ц┐┌ЦSsSCCc┌цCRЦC#┐┐bцc#Pёc2цsЦ⌠c#c▓цS"Ц3Css3Rцc#PёcBцSBЦSCCC⌠▓цSrЦs⌠⌠Ccцc#PёcRц3bЦcSsCsRцcЦs3C⌠2цc#Pёcbц┌ЦCsC#rцcBЦS⌠cцc#PёcrцbЦ#S#⌠⌠┐SCcVRсRцcBЦ▓цc#Pёc┌бс┌ЦCsC#rцcBЦS⌠cцc#Pёc▓бс3bЦcSsCsRцcЦs3C⌠2цc#Pёc#бсSBЦSCCC⌠▓цSrЦs⌠⌠Ccцc#Pёc#бсsЦ⌠c#c▓цS"Ц3Css3Rцc#Pёc#"бс┐┌ЦSsSCCc┌цCRЦC#┐┐bцc#Pёc#2бсBЦ3⌠cCrц3rЦ⌠33▓цc#Pёc#Bбс▓Ц##C⌠┌ц#rЦCc⌠C#Bцc#Pёc#Rбс3"Ц┐cS3cBцbЦc⌠┌цc#Pёc#bбсCRЦ#C┐ccBцBЦcCS2цc#Pёc#rбсSbЦ#33Bц⌠Цc3S3Bцc#Pёc#┌бсcRЦs3bцsrЦs333#▓цc#Pёc#▓бсs2ЦS⌠c⌠cBцc2ЦCC⌠┌цc#Pёc3бсs▓Ц┐⌠┐▓цCrЦ┐cs⌠C32цc#Pёc3бс┐BЦ#┐⌠SSBц3"Цs3⌠Cцc#Pёc3"бс┐bЦ⌠⌠S#цbЦc3#cBцc#Pёc32бс┐rЦ▓бс"Ц┐#⌠s┐CCcC&Rс2цc#Pёc3Bбс┐bЦ⌠⌠S#бсbЦc3#cBцc#Pёc3Rбс┐BЦ#┐⌠SSBбс3"Цs3⌠Cцc#Pёc3bбсs▓Ц┐⌠┐▓бсCrЦ┐cs⌠C32цc#Pёc3rбсs2ЦS⌠c⌠cBбсc2ЦCC⌠┌цc#Pёc3┌бсcRЦs3bбсsrЦs333#▓цc#Pёc3▓бсSbЦ#33Bбс⌠Цc3S3Bцc#PёcCбсCRЦ#C┐ccBбсBЦcCS2цc#PёcCбс3"Ц┐cS3cBбсbЦc⌠┌цc#PёcC"бс▓Ц##C⌠┌бс#rЦCc⌠C#Bцc#PёcC2бсBЦ3⌠cCrбс3rЦ⌠33▓цc#PёcCBбс┐┌ЦSsSCCc┌бсCRЦC#┐┐bцc#PёcCRбсsЦ⌠c#c▓бсS"Ц3Css3Rцc#PёcCbбсSBЦSCCC⌠▓бсSrЦs⌠⌠Ccцc#PёcCrбс3bЦcSsCsRбсcЦs3C⌠2цc#PёcC┌бс┌ЦCsC#rбсcBЦS⌠cцc#PёcC▓ц2ЦcC3┐┐⌠scvRс2бсcBЦ▓цc#PёcSц┌ЦCsC#rбсcBЦS⌠cцc#PёcSц3bЦcSsCsRбсcЦs3C⌠2цc#PёcS"цSBЦSCCC⌠▓бсSrЦs⌠⌠Ccцc#PёcS2цsЦ⌠c#c▓бсS"Ц3Css3Rцc#PёcSBц┐┌ЦSsSCCc┌бсCRЦC#┐┐bцc#PёcSRцBЦ3⌠cCrбс3rЦ⌠33▓цc#PёcSbц▓Ц##C⌠┌бс#rЦCc⌠C#Bцc#PёcSrц3"Ц┐cS3cBбсbЦc⌠┌цc#PёcS┌цCRЦ#C┐ccBбсBЦcCS2цc#PёcS▓цSbЦ#33Bбс⌠Цc3S3Bцc#PёccцcRЦs3bбсsrЦs333#▓цc#Pёccцs2ЦS⌠c⌠cBбсc2ЦCC⌠┌цc#Pёcc"цs▓Ц┐⌠┐▓бсCrЦ┐cs⌠C32цc#Pёcc2ц┐BЦ#┐⌠SSBбс3"Цs3⌠Cцc#PёccBц┐bЦ⌠⌠S#бсbЦc3#cBцc#PёccRц┐rЦ▓ццcS ёccbц┐bЦ⌠⌠S#цbЦc3#cBцcS ёccrц┐BЦ#┐⌠SSBц3"Цs3⌠CцcS ёcc┌цs▓Ц┐⌠┐▓цCrЦ┐cs⌠C32цcS ёcc▓цs2ЦS⌠c⌠cBцc2ЦCC⌠┌цcS ёcsцcRЦs3bцsrЦs333#▓цcS ёcsцSbЦ#33Bц⌠Цc3S3BцcS ёcs"цCRЦ#C┐ccBцBЦcCS2цcS ёcs2ц3"Ц┐cS3cBцbЦc⌠┌цcS ёcsBц▓Ц##C⌠┌ц#rЦCc⌠C#BцcS ёcsRцBЦ3⌠cCrц3rЦ⌠33▓цcS ёcsbц┐┌ЦSsSCCc┌цCRЦC#┐┐bцcS ёcsrцsЦ⌠c#c▓цS"Ц3Css3RцcS ёcs┌цSBЦSCCC⌠▓цSrЦs⌠⌠CcцcS ёcs▓ц3bЦcSsCsRцcЦs3C⌠2цcS ёc┐ц┌ЦCsC#rцcBЦS⌠cцcS ёc┐цЦSSSScvRсBцcBЦ▓цcS ёc┐"бс┌ЦCsC#rцcBЦS⌠cцcS ёc┐2бс3bЦcSsCsRцcЦs3C⌠2цcS ёc┐BбсSBЦSCCC⌠▓цSrЦs⌠⌠CcцcS ёc┐RбсsЦ⌠c#c▓цS"Ц3Css3RцcS ёc┐bбс┐┌ЦSsSCCc┌цCRЦC#┐┐bцcS ёc┐rбсBЦ3⌠cCrц3rЦ⌠33▓цcS ёc┐┌бс▓Ц##C⌠┌ц#rЦCc⌠C#BцcS ёc┐▓бс3"Ц┐cS3cBцbЦc⌠┌цcS ёc⌠бсCRЦ#C┐ccBцBЦcCS2цcS ёc⌠бсSbЦ#33Bц⌠Цc3S3BцcS ёc⌠"бсcRЦs3bцsrЦs333#▓цcS ёc⌠2бсs2ЦS⌠c⌠cBцc2ЦCC⌠┌цcS ёc⌠Bбсs▓Ц┐⌠┐▓цCrЦ┐cs⌠C32цcS ёc⌠Rбс┐BЦ#┐⌠SSBц3"Цs3⌠CцcS ёc⌠bбс┐bЦ⌠⌠S#цbЦc3#cBцcS ёc⌠rбс┐rЦ▓бс"Ц┐#3⌠#CSSCfRс2цcS ёc⌠┌бс┐bЦ⌠⌠S#бсbЦc3#cBцcS ёc⌠▓бс┐BЦ#┐⌠SSBбс3"Цs3⌠CцcS ёsбсs▓Ц┐⌠┐▓бсCrЦ┐cs⌠C32цcS ёsбсs2ЦS⌠c⌠cBбсc2ЦCC⌠┌цcS ёs"бсcRЦs3bбсsrЦs333#▓цcS ёs2бсSbЦ#33Bбс⌠Цc3S3BцcS ёsBбсCRЦ#C┐ccBбсBЦcCS2цcS ёsRбс3"Ц┐cS3cBбсbЦc⌠┌цcS ёsbбс▓Ц##C⌠┌бс#rЦCc⌠C#BцcS ёsrбсBЦ3⌠cCrбс3rЦ⌠33▓цcS ёs┌бс┐┌ЦSsSCCc┌бсCRЦC#┐┐bцcS ёs▓бсsЦ⌠c#c▓бсS"Ц3Css3RцcS ёsбсSBЦSCCC⌠▓бсSrЦs⌠⌠CcцcS ёsбс3bЦcSsCsRбсcЦs3C⌠2цcS ёs"бс┌ЦCsC#rбсcBЦS⌠cцcS ёs2ц2Цc⌠3┐C#C&Rс2бсcBЦ▓цcS ёsBц┌ЦCsC#rбсcBЦS⌠cцcS ёsRц3bЦcSsCsRбсcЦs3C⌠2цcS ёsbцSBЦSCCC⌠▓бсSrЦs⌠⌠CcцcS ёsrцsЦ⌠c#c▓бсS"Ц3Css3RцcS ёs┌ц┐┌ЦSsSCCc┌бсCRЦC#┐┐bцcS ёs▓цBЦ3⌠cCrбс3rЦ⌠33▓цcS ёs#ц▓Ц##C⌠┌бс#rЦCc⌠C#BцcS ёs#ц3"Ц┐cS3cBбсbЦc⌠┌цcS ёs#"цCRЦ#C┐ccBбсBЦcCS2цcS ёs#2цSbЦ#33Bбс⌠Цc3S3BцcS ёs#BцcRЦs3bбсsrЦs333#▓цcS ёs#Rцs2ЦS⌠c⌠cBбсc2ЦCC⌠┌цcS ёs#bцs▓Ц┐⌠┐▓бсCrЦ┐cs⌠C32цcS ёs#rц┐BЦ#┐⌠SSBбс3"Цs3⌠CцcS ёs#┌ц┐bЦ⌠⌠S#бсbЦc3#cBцcS ═ёсссср&Vv√ФФ√ФrF√жR7FWr╒Ц┐Rссссп══╔&VfВ&ж√Фr7F√ffФW72жG&≈┐╒&VfВ&жF√ЖБ3═╒╒ФЖФф√ФV"6ЖгWF√ЖБ7FGW3╒F√жSрЦ┐P═≈7F√ffФW72WFFW2р ═≈&√v┤B├ФB6√FRWfгVF√ЖГ2р ═≈7F√ffФW72жG&≈┌&VfВ&жF√ЖГ2р═≈7FWg&Жрф√ФR6V&6┌рЦ ═√6ЖГfW&vVФ6RФВ&в2╒■Д∙D■б5U%$TЕB$UT∙$T@═▓&W6√GVб2Цc⌠SC√RЁRЦcSRс┌2Цc⌠SC√RЁ" ═▓VФW&w▓bЦ⌠c#3⌠√RЁ"Ц3#⌠CVRсBbЦ⌠c#3⌠√Rс" ═▓F≈7ф6VжVГBЦSc#c⌠fRЁЦSc#c⌠fRЁbЦ#Ss┐VRсB ╒ ╒ФЖФф√ФV"6ЖгWF√ЖБ7FGW3╒F√жSрЦ┐P═≈7F√ffФW72WFFW2р═≈&√v┤B├ФB6√FRWfгVF√ЖГ2р0═≈7F√ffФW72жG&≈┌&VfВ&жF√ЖГ2р═≈7FWg&Жрф√ФR6V&6┌рЦ ═√6ЖГfW&vVФ6RФВ&в2╒■Д∙D■б5U%$TЕB$UT∙$T@═▓&W6√GVб2Цc⌠SC√RЁRBЦ#⌠C⌠FRсr2Цc⌠SC√RЁ" ═▓VФW&w▓bЦ⌠c#3⌠√RЁ"ЦSS#┐√RсRbЦ⌠c#3⌠√Rс" ═▓F≈7ф6VжVГBЦSc#c⌠fRЁbЦ3┐33c6RсBbЦ#Ss┐6RсB ═╕6ЖГfW&vVФ6R7Vжж'░╒ГVж&W"Жb≈FW&F√ЖГ2╒ ╒ГVж&W"Жb&VfВ&жF√ЖГ2╒═╒ррррррр6ЖГfW&vVBBF√жR╒Ц┐P══╓FF&V6В&B3ёссссссссссссссссссссссссссссссссссссссссссссссссссссссссссссссссссссссссссп╔7FWрp╔F√жRрЦ┐P╓FFр6├≈'EЖf√ФеЖ6ЖВ&F√ФFW0ёц┐rЦ▓цRЦccC33⌠3cFRсBцЦ#┐C┐S3s⌠FRс0ё"ц┐bЦ⌠⌠S#цbЦc3#cBцЦSS⌠CS3sfRс0ё2ц┐BЦ#┐⌠SSBц3"Цs3⌠CцЦ#⌠S⌠cC6Rс0ёBцs▓Ц┐⌠┐▓цCrЦ┐cs⌠C32цЦ#3SS3⌠fRс0ёRцs2ЦS⌠c⌠cBцc2ЦCC⌠┌цЦ#c⌠#┐s3┐Rс0ёbцcRЦs3bцsrЦs333#▓цЦ#3#⌠s┐┐3fRс0ёrцSbЦ#33Bц⌠Цc3S3BцЦ#CCc┐⌠3sfRс0ё┌цCRЦ#C┐ccBцBЦcCS2цЦ3S3┐S┐c&Rс0ё▓ц3"Ц┐cS3cBцbЦc⌠┌цЦ3⌠cc┐CS#fRс0ёц▓Ц##C⌠┌ц#rЦCc⌠C#BцЦ#┐c#3S#CRс0ёцBЦ3⌠cCrц3rЦ⌠33▓цЦ┐sS##cC├Rс0ё"ц┐┌ЦSsSCCc┌цCRЦC#┐┐bцЦ3333#s3┐C√Rс0ё2цsЦ⌠c#c▓цS"Ц3Css3RцЦs⌠⌠csc⌠CvRс0ёBцSBЦSCCC⌠▓цSrЦs⌠⌠CcцЦ3┐#s⌠⌠s#3├Rс0ёRц3bЦcSsCsRцcЦs3C⌠2цЦ3sc#cC┐VRс0ёbц┌ЦCsC#rцcBЦS⌠cц▓Цs#⌠cCC⌠┐VRс@ёrцbЦ⌠cs⌠3C⌠fRсBцcBЦ▓ц▓ЦScSCsssS6Rс@ё┌бс┌ЦCsC#rцcBЦS⌠cц▓ЦCS#sSccsfRс@ё▓бс3bЦcSsCsRцcЦs3C⌠2ц┌Ц⌠┐C#c3ccS&Rс@ё#бсSBЦSCCC⌠▓цSrЦs⌠⌠Ccц▓Цc⌠⌠sc┐c⌠fRс@ё#бсsЦ⌠c#c▓цS"Ц3Css3Rц┌Ц┐⌠C3SC⌠#VRс@ё#"бс┐┌ЦSsSCCc┌цCRЦC#┐┐bц┌ЦS#Cc#⌠┐S6Rс@ё#2бсBЦ3⌠cCrц3rЦ⌠33▓ц▓Ц#3C#┐##36Rс@ё#Bбс▓Ц##C⌠┌ц#rЦCc⌠C#Bц┌Ц┐#3S┐s⌠⌠sfRс@ё#Rбс3"Ц┐cS3cBцbЦc⌠┌ц┌ЦsSS#C3⌠s┐√Rс@ё#bбсCRЦ#C┐ccBцBЦcCS2ц┌Ц⌠S┐#⌠3⌠VRс@ё#rбсSbЦ#33Bц⌠Цc3S3Bц┌ЦccsC⌠sSFRс@ё#┌бсcRЦs3bцsrЦs333#▓ц┌ЦCC⌠⌠s3cc⌠C&Rс@ё#▓бсs2ЦS⌠c⌠cBцc2ЦCC⌠┌ц▓Ц┐⌠┐CsS├Rс@ё3бсs▓Ц┐⌠┐▓цCrЦ┐cs⌠C32ц┌Ц⌠┐⌠ssSS#CFRс@ё3бс┐BЦ#┐⌠SSBц3"Цs3⌠Cц┌Ц┐⌠┐S33√Rс@ё3"бс┐bЦ⌠⌠S#цbЦc3#cBц┌ЦS⌠⌠⌠C#⌠┐vRс@ё32бс┐rЦ▓бс2Ц3Ccc⌠#s⌠SfRс2ц┌Цs┐s⌠cSC⌠CvRс@ё3Bбс┐bЦ⌠⌠S#бсbЦc3#cBц┌Ц⌠┐sSS⌠VRс@ё3Rбс┐BЦ#┐⌠SSBбс3"Цs3⌠Cц▓Ц#S⌠#⌠c⌠#VRс@ё3bбсs▓Ц┐⌠┐▓бсCrЦ┐cs⌠C32ц▓Ц3#⌠#3⌠┐SC#√Rс@ё3rбсs2ЦS⌠c⌠cBбсc2ЦCC⌠┌ц▓Ц┐┐CCCccS#vRс@ё3┌бсcRЦs3bбсsrЦs333#▓ц▓ЦScS3cCCcFRс@ё3▓бсSbЦ#33Bбс⌠Цc3S3Bц▓Ц┐c3cc┐⌠#cfRс@ёCбсCRЦ#C┐ccBбсBЦcCS2ц▓Ц33cS┐SS√Rс@ёCбс3"Ц┐cS3cBбсbЦc⌠┌ц▓Цs⌠sS┐c┐FRс@ёC"бс▓Ц##C⌠┌бс#rЦCc⌠C#Bц▓ЦSC┐⌠sc┐#FRс@ёC2бсBЦ3⌠cCrбс3rЦ⌠33▓ц┌ЦSs33⌠ss&Rс@ёCBбс┐┌ЦSsSCCc┌бсCRЦC#┐┐bц┌Ц#cC3⌠c3#√Rс@ёCRбсsЦ⌠c#c▓бсS"Ц3Css3Rц┌Ц3┐Ss#ccc3fRс@ёCbбсSBЦSCCC⌠▓бсSrЦs⌠⌠CcцrЦc3#c┐⌠FRс@ёCrбс3bЦcSsCsRбсcЦs3C⌠2цrЦ3Cc⌠ss3⌠S6Rс@ёC┌бс┌ЦCsC#rбсcBЦS⌠cцrЦS⌠cc┐ScC├Rс@ёC▓ц2ЦS⌠┐#c#┐FRс2бсcBЦ▓цrЦs3C┐C┐CC├Rс@ёSц┌ЦCsC#rбсcBЦS⌠cцrЦ┐#c#C##s3├Rс@ёSц3bЦcSsCsRбсcЦs3C⌠2цrЦSSs┐Cs3S33√Rс@ёS"цSBЦSCCC⌠▓бсSrЦs⌠⌠CcцrЦcCCSSCvRс@ёS2цsЦ⌠c#c▓бсS"Ц3Css3RцrЦ┐s⌠ss⌠#s├Rс@ёSBц┐┌ЦSsSCCc┌бсCRЦC#┐┐bц┌Ц##┐ScCc6Rс@ёSRцBЦ3⌠cCrбс3rЦ⌠33▓ц▓Ц3S⌠┐┐Sc3vRс@ёSbц▓Ц##C⌠┌бс#rЦCc⌠C#Bц▓Ц#C⌠┐#C┐C3#fRс@ёSrц3"Ц┐cS3cBбсbЦc⌠┌ц▓Цs3⌠#C┐s┐3┐Rс@ёS┌цCRЦ#C┐ccBбсBЦcCS2цЦS⌠sssC3┐&Rс0ёS▓цSbЦ#33Bбс⌠Цc3S3BцЦ┐cc3#C3S&Rс0ёcцcRЦs3bбсsrЦs333#▓цЦ#┐CCScsRс0ёcцs2ЦS⌠c⌠cBбсc2ЦCC⌠┌цЦ3sS┐scCcsvRс0ёc"цs▓Ц┐⌠┐▓бсCrЦ┐cs⌠C32цЦSC3s##┐VRс0ёc2ц┐BЦ#┐⌠SSBбс3"Цs3⌠CцЦc⌠C⌠3┐3├Rс0ёcBц┐bЦ⌠⌠S#бсbЦc3#cBцЦC#⌠s#3┐3⌠√Rс0ёcRц┐rЦ▓цRЦ33┐s3sSSc√RсBц#Pёcbц┐bЦ⌠⌠S#цbЦc3#cBц#Pёcrц┐BЦ#┐⌠SSBц3"Цs3⌠Cц#Pёc┌цs▓Ц┐⌠┐▓цCrЦ┐cs⌠C32ц#Pёc▓цs2ЦS⌠c⌠cBцc2ЦCC⌠┌ц#PёsцcRЦs3bцsrЦs333#▓ц#PёsцSbЦ#33Bц⌠Цc3S3Bц#Pёs"цCRЦ#C┐ccBцBЦcCS2ц#Pёs2ц3"Ц┐cS3cBцbЦc⌠┌ц#PёsBц▓Ц##C⌠┌ц#rЦCc⌠C#Bц#PёsRцBЦ3⌠cCrц3rЦ⌠33▓ц#Pёsbц┐┌ЦSsSCCc┌цCRЦC#┐┐bц#PёsrцsЦ⌠c#c▓цS"Ц3Css3Rц#Pёs┌цSBЦSCCC⌠▓цSrЦs⌠⌠Ccц#Pёs▓ц3bЦcSsCsRцcЦs3C⌠2ц#Pё┐ц┌ЦCsC#rцcBЦS⌠cц#Pё┐цbЦs#s┐ccs3S3fRсBцcBЦ▓ц#Pё┐"бс┌ЦCsC#rцcBЦS⌠cц#Pё┐2бс3bЦcSsCsRцcЦs3C⌠2ц#Pё┐BбсSBЦSCCC⌠▓цSrЦs⌠⌠Ccц#Pё┐RбсsЦ⌠c#c▓цS"Ц3Css3Rц#Pё┐bбс┐┌ЦSsSCCc┌цCRЦC#┐┐bц#Pё┐rбсBЦ3⌠cCrц3rЦ⌠33▓ц#Pё┐┌бс▓Ц##C⌠┌ц#rЦCc⌠C#Bц#Pё┐▓бс3"Ц┐cS3cBцbЦc⌠┌ц#Pё⌠бсCRЦ#C┐ccBцBЦcCS2ц#Pё⌠бсSbЦ#33Bц⌠Цc3S3Bц#Pё⌠"бсcRЦs3bцsrЦs333#▓ц#Pё⌠2бсs2ЦS⌠c⌠cBцc2ЦCC⌠┌ц#Pё⌠Bбсs▓Ц┐⌠┐▓цCrЦ┐cs⌠C32ц#Pё⌠Rбс┐BЦ#┐⌠SSBц3"Цs3⌠Cц#Pё⌠bбс┐bЦ⌠⌠S#цbЦc3#cBц#Pё⌠rбс┐rЦ▓бс2Ц#┐┐⌠CSccvRс2ц#Pё⌠┌бс┐bЦ⌠⌠S#бсbЦc3#cBц#Pё⌠▓бс┐BЦ#┐⌠SSBбс3"Цs3⌠Cц#Pёбсs▓Ц┐⌠┐▓бсCrЦ┐cs⌠C32ц#Pёбсs2ЦS⌠c⌠cBбсc2ЦCC⌠┌ц#Pё"бсcRЦs3bбсsrЦs333#▓ц#Pё2бсSbЦ#33Bбс⌠Цc3S3Bц#PёBбсCRЦ#C┐ccBбсBЦcCS2ц#PёRбс3"Ц┐cS3cBбсbЦc⌠┌ц#Pёbбс▓Ц##C⌠┌бс#rЦCc⌠C#Bц#PёrбсBЦ3⌠cCrбс3rЦ⌠33▓ц#Pё┌бс┐┌ЦSsSCCc┌бсCRЦC#┐┐bц#Pё▓бсsЦ⌠c#c▓бсS"Ц3Css3Rц#PёбсSBЦSCCC⌠▓бсSrЦs⌠⌠Ccц#Pёбс3bЦcSsCsRбсcЦs3C⌠2ц#Pё"бс┌ЦCsC#rбсcBЦS⌠cц#Pё2ц2ЦSsc3#┐┐⌠√Rс2бсcBЦ▓ц#PёBц┌ЦCsC#rбсcBЦS⌠cц#PёRц3bЦcSsCsRбсcЦs3C⌠2ц#PёbцSBЦSCCC⌠▓бсSrЦs⌠⌠Ccц#PёrцsЦ⌠c#c▓бсS"Ц3Css3Rц#Pё┌ц┐┌ЦSsSCCc┌бсCRЦC#┐┐bц#Pё▓цBЦ3⌠cCrбс3rЦ⌠33▓ц#Pё#ц▓Ц##C⌠┌бс#rЦCc⌠C#Bц#Pё#ц3"Ц┐cS3cBбсbЦc⌠┌ц#Pё#"цCRЦ#C┐ccBбсBЦcCS2ц#Pё#2цSbЦ#33Bбс⌠Цc3S3Bц#Pё#BцcRЦs3bбсsrЦs333#▓ц#Pё#Rцs2ЦS⌠c⌠cBбсc2ЦCC⌠┌ц#Pё#bцs▓Ц┐⌠┐▓бсCrЦ┐cs⌠C32ц#Pё#rц┐BЦ#┐⌠SSBбс3"Цs3⌠Cц#Pё#┌ц┐bЦ⌠⌠S#бсbЦc3#cBц#Pё#▓ц┐rЦ▓цRЦ3c#3S√RсBцS ё3ц┐bЦ⌠⌠S#цbЦc3#cBцS ё3ц┐BЦ#┐⌠SSBц3"Цs3⌠CцS ё3"цs▓Ц┐⌠┐▓цCrЦ┐cs⌠C32цS ё32цs2ЦS⌠c⌠cBцc2ЦCC⌠┌цS ё3BцcRЦs3bцsrЦs333#▓цS ё3RцSbЦ#33Bц⌠Цc3S3BцS ё3bцCRЦ#C┐ccBцBЦcCS2цS ё3rц3"Ц┐cS3cBцbЦc⌠┌цS ё3┌ц▓Ц##C⌠┌ц#rЦCc⌠C#BцS ё3▓цBЦ3⌠cCrц3rЦ⌠33▓цS ёCц┐┌ЦSsSCCc┌цCRЦC#┐┐bцS ёCцsЦ⌠c#c▓цS"Ц3Css3RцS ёC"цSBЦSCCC⌠▓цSrЦs⌠⌠CcцS ёC2ц3bЦcSsCsRцcЦs3C⌠2цS ёCBц┌ЦCsC#rцcBЦS⌠cцS ёCRцbЦ333C⌠#C⌠RсBцcBЦ▓цS ёCbбс┌ЦCsC#rцcBЦS⌠cцS ёCrбс3bЦcSsCsRцcЦs3C⌠2цS ёC┌бсSBЦSCCC⌠▓цSrЦs⌠⌠CcцS ёC▓бсsЦ⌠c#c▓цS"Ц3Css3RцS ёSбс┐┌ЦSsSCCc┌цCRЦC#┐┐bцS ёSбсBЦ3⌠cCrц3rЦ⌠33▓цS ёS"бс▓Ц##C⌠┌ц#rЦCc⌠C#BцS ёS2бс3"Ц┐cS3cBцbЦc⌠┌цS ёSBбсCRЦ#C┐ccBцBЦcCS2цS ёSRбсSbЦ#33Bц⌠Цc3S3BцS ёSbбсcRЦs3bцsrЦs333#▓цS ёSrбсs2ЦS⌠c⌠cBцc2ЦCC⌠┌цS ёS┌бсs▓Ц┐⌠┐▓цCrЦ┐cs⌠C32цS ёS▓бс┐BЦ#┐⌠SSBц3"Цs3⌠CцS ёcбс┐bЦ⌠⌠S#цbЦc3#cBцS ёcбс┐rЦ▓бс2Ц3CCScS#s#├Rс2цS ёc"бс┐bЦ⌠⌠S#бсbЦc3#cBцS ёc2бс┐BЦ#┐⌠SSBбс3"Цs3⌠CцS ёcBбсs▓Ц┐⌠┐▓бсCrЦ┐cs⌠C32цS ёcRбсs2ЦS⌠c⌠cBбсc2ЦCC⌠┌цS ёcbбсcRЦs3bбсsrЦs333#▓цS ёcrбсSbЦ#33Bбс⌠Цc3S3BцS ёc┌бсCRЦ#C┐ccBбсBЦcCS2цS ёc▓бс3"Ц┐cS3cBбсbЦc⌠┌цS ёsбс▓Ц##C⌠┌бс#rЦCc⌠C#BцS ёsбсBЦ3⌠cCrбс3rЦ⌠33▓цS ёs"бс┐┌ЦSsSCCc┌бсCRЦC#┐┐bцS ёs2бсsЦ⌠c#c▓бсS"Ц3Css3RцS ёsBбсSBЦSCCC⌠▓бсSrЦs⌠⌠CcцS ёsRбс3bЦcSsCsRбсcЦs3C⌠2цS ёsbбс┌ЦCsC#rбсcBЦS⌠cцS ёsrц2ЦScSc#┐┐3⌠√Rс2бсcBЦ▓цS ёs┌ц┌ЦCsC#rбсcBЦS⌠cцS ёs▓ц3bЦcSsCsRбсcЦs3C⌠2цS ё┐цSBЦSCCC⌠▓бсSrЦs⌠⌠CcцS ё┐цsЦ⌠c#c▓бсS"Ц3Css3RцS ё┐"ц┐┌ЦSsSCCc┌бсCRЦC#┐┐bцS ё┐2цBЦ3⌠cCrбс3rЦ⌠33▓цS ё┐Bц▓Ц##C⌠┌бс#rЦCc⌠C#BцS ё┐Rц3"Ц┐cS3cBбсbЦc⌠┌цS ё┐bцCRЦ#C┐ccBбсBЦcCS2цS ё┐rцSbЦ#33Bбс⌠Цc3S3BцS ё┐┌цcRЦs3bбсsrЦs333#▓цS ё┐▓цs2ЦS⌠c⌠cBбсc2ЦCC⌠┌цS ё⌠цs▓Ц┐⌠┐▓бсCrЦ┐cs⌠C32цS ё⌠ц┐BЦ#┐⌠SSBбс3"Цs3⌠CцS ё⌠"ц┐bЦ⌠⌠S#бсbЦc3#cBцS ё⌠2ц┐rЦ▓цRЦ3┐33cs6RсBцsPё⌠Bц┐bЦ⌠⌠S#цbЦc3#cBцsPё⌠Rц┐BЦ#┐⌠SSBц3"Цs3⌠CцsPё⌠bцs▓Ц┐⌠┐▓цCrЦ┐cs⌠C32цsPё⌠rцs2ЦS⌠c⌠cBцc2ЦCC⌠┌цsPё⌠┌цcRЦs3bцsrЦs333#▓цsPё⌠▓цSbЦ#33Bц⌠Цc3S3BцsPё#цCRЦ#C┐ccBцBЦcCS2цsPё#ц3"Ц┐cS3cBцbЦc⌠┌цsPё#"ц▓Ц##C⌠┌ц#rЦCc⌠C#BцsPё#2цBЦ3⌠cCrц3rЦ⌠33▓цsPё#Bц┐┌ЦSsSCCc┌цCRЦC#┐┐bцsPё#RцsЦ⌠c#c▓цS"Ц3Css3RцsPё#bцSBЦSCCC⌠▓цSrЦs⌠⌠CcцsPё#rц3bЦcSsCsRцcЦs3C⌠2цsPё#┌ц┌ЦCsC#rцcBЦS⌠cцsPё#▓цRЦ⌠Cs┐┐⌠c#cVRсBцcBЦ▓цsPё#бс┌ЦCsC#rцcBЦS⌠cцsPё#бс3bЦcSsCsRцcЦs3C⌠2цsPё#"бсSBЦSCCC⌠▓цSrЦs⌠⌠CcцsPё#2бсsЦ⌠c#c▓цS"Ц3Css3RцsPё#Bбс┐┌ЦSsSCCc┌цCRЦC#┐┐bцsPё#RбсBЦ3⌠cCrц3rЦ⌠33▓цsPё#bбс▓Ц##C⌠┌ц#rЦCc⌠C#BцsPё#rбс3"Ц┐cS3cBцbЦc⌠┌цsPё#┌бсCRЦ#C┐ccBцBЦcCS2цsPё#▓бсSbЦ#33Bц⌠Цc3S3BцsPё##бсcRЦs3bцsrЦs333#▓цsPё##бсs2ЦS⌠c⌠cBцc2ЦCC⌠┌цsPё##"бсs▓Ц┐⌠┐▓цCrЦ┐cs⌠C32цsPё##2бс┐BЦ#┐⌠SSBц3"Цs3⌠CцsPё##Bбс┐bЦ⌠⌠S#цbЦc3#cBцsPё##Rбс┐rЦ▓бс2Ц#┐c3sCCCFRс2цsPё##bбс┐bЦ⌠⌠S#бсbЦc3#cBцsPё##rбс┐BЦ#┐⌠SSBбс3"Цs3⌠CцsPё##┌бсs▓Ц┐⌠┐▓бсCrЦ┐cs⌠C32цsPё##▓бсs2ЦS⌠c⌠cBбсc2ЦCC⌠┌цsPё#3бсcRЦs3bбсsrЦs333#▓цsPё#3бсSbЦ#33Bбс⌠Цc3S3BцsPё#3"бсCRЦ#C┐ccBбсBЦcCS2цsPё#32бс3"Ц┐cS3cBбсbЦc⌠┌цsPё#3Bбс▓Ц##C⌠┌бс#rЦCc⌠C#BцsPё#3RбсBЦ3⌠cCrбс3rЦ⌠33▓цsPё#3bбс┐┌ЦSsSCCc┌бсCRЦC#┐┐bцsPё#3rбсsЦ⌠c#c▓бсS"Ц3Css3RцsPё#3┌бсSBЦSCCC⌠▓бсSrЦs⌠⌠CcцsPё#3▓бс3bЦcSsCsRбсcЦs3C⌠2цsPё#Cбс┌ЦCsC#rбсcBЦS⌠cцsPё#Cц2ЦSc⌠Cc⌠┐┐FRс2бсcBЦ▓цsPё#C"ц┌ЦCsC#rбсcBЦS⌠cцsPё#C2ц3bЦcSsCsRбсcЦs3C⌠2цsPё#CBцSBЦSCCC⌠▓бсSrЦs⌠⌠CcцsPё#CRцsЦ⌠c#c▓бсS"Ц3Css3RцsPё#Cbц┐┌ЦSsSCCc┌бсCRЦC#┐┐bцsPё#CrцBЦ3⌠cCrбс3rЦ⌠33▓цsPё#C┌ц▓Ц##C⌠┌бс#rЦCc⌠C#BцsPё#C▓ц3"Ц┐cS3cBбсbЦc⌠┌цsPё#SцCRЦ#C┐ccBбсBЦcCS2цsPё#SцSbЦ#33Bбс⌠Цc3S3BцsPё#S"цcRЦs3bбсsrЦs333#▓цsPё#S2цs2ЦS⌠c⌠cBбсc2ЦCC⌠┌цsPё#SBцs▓Ц┐⌠┐▓бсCrЦ┐cs⌠C32цsPё#SRц┐BЦ#┐⌠SSBбс3"Цs3⌠CцsPё#Sbц┐bЦ⌠⌠S#бсbЦc3#cBцsPё#Srц┐rЦ▓цBЦ┐SC3Sc3s#FRсBц ё#S┌ц┐bЦ⌠⌠S#цbЦc3#cBц ё#S▓ц┐BЦ#┐⌠SSBц3"Цs3⌠Cц ё#cцs▓Ц┐⌠┐▓цCrЦ┐cs⌠C32ц ё#cцs2ЦS⌠c⌠cBцc2ЦCC⌠┌ц ё#c"цcRЦs3bцsrЦs333#▓ц ё#c2цSbЦ#33Bц⌠Цc3S3Bц ё#cBцCRЦ#C┐ccBцBЦcCS2ц ё#cRц3"Ц┐cS3cBцbЦc⌠┌ц ё#cbц▓Ц##C⌠┌ц#rЦCc⌠C#Bц ё#crцBЦ3⌠cCrц3rЦ⌠33▓ц ё#c┌ц┐┌ЦSsSCCc┌цCRЦC#┐┐bц ё#c▓цsЦ⌠c#c▓цS"Ц3Css3Rц ё#sцSBЦSCCC⌠▓цSrЦs⌠⌠Ccц ё#sц3bЦcSsCsRцcЦs3C⌠2ц ё#s"ц┌ЦCsC#rцcBЦS⌠cц ё#s2цRЦS⌠C3s3⌠√RсBцcBЦ▓ц ё#sBбс┌ЦCsC#rцcBЦS⌠cц ё#sRбс3bЦcSsCsRцcЦs3C⌠2ц ё#sbбсSBЦSCCC⌠▓цSrЦs⌠⌠Ccц ё#srбсsЦ⌠c#c▓цS"Ц3Css3Rц ё#s┌бс┐┌ЦSsSCCc┌цCRЦC#┐┐bц ё#s▓бсBЦ3⌠cCrц3rЦ⌠33▓ц ё#┐бс▓Ц##C⌠┌ц#rЦCc⌠C#Bц ё#┐бс3"Ц┐cS3cBцbЦc⌠┌ц ё#┐"бсCRЦ#C┐ccBцBЦcCS2ц ё#┐2бсSbЦ#33Bц⌠Цc3S3Bц ё#┐BбсcRЦs3bцsrЦs333#▓ц ё#┐Rбсs2ЦS⌠c⌠cBцc2ЦCC⌠┌ц ё#┐bбсs▓Ц┐⌠┐▓цCrЦ┐cs⌠C32ц ё#┐rбс┐BЦ#┐⌠SSBц3"Цs3⌠Cц ё#┐┌бс┐bЦ⌠⌠S#цbЦc3#cBц ё#┐▓бс┐rЦ▓бс2Ц#Ss3┐c┐┐c├Rс2ц ё#⌠бс┐bЦ⌠⌠S#бсbЦc3#cBц ё#⌠бс┐BЦ#┐⌠SSBбс3"Цs3⌠Cц ё#⌠"бсs▓Ц┐⌠┐▓бсCrЦ┐cs⌠C32ц ё#⌠2бсs2ЦS⌠c⌠cBбсc2ЦCC⌠┌ц ё#⌠BбсcRЦs3bбсsrЦs333#▓ц ё#⌠RбсSbЦ#33Bбс⌠Цc3S3Bц ё#⌠bбсCRЦ#C┐ccBбсBЦcCS2ц ё#⌠rбс3"Ц┐cS3cBбсbЦc⌠┌ц ё#⌠┌бс▓Ц##C⌠┌бс#rЦCc⌠C#Bц ё#⌠▓бсBЦ3⌠cCrбс3rЦ⌠33▓ц ё3бс┐┌ЦSsSCCc┌бсCRЦC#┐┐bц ё3бсsЦ⌠c#c▓бсS"Ц3Css3Rц ё3"бсSBЦSCCC⌠▓бсSrЦs⌠⌠Ccц ё32бс3bЦcSsCsRбсcЦs3C⌠2ц ё3Bбс┌ЦCsC#rбсcBЦS⌠cц ё3Rц2ЦSssC#c⌠SFRс2бсcBЦ▓ц ё3bц┌ЦCsC#rбсcBЦS⌠cц ё3rц3bЦcSsCsRбсcЦs3C⌠2ц ё3┌цSBЦSCCC⌠▓бсSrЦs⌠⌠Ccц ё3▓цsЦ⌠c#c▓бсS"Ц3Css3Rц ё3ц┐┌ЦSsSCCc┌бсCRЦC#┐┐bц ё3цBЦ3⌠cCrбс3rЦ⌠33▓ц ё3"ц▓Ц##C⌠┌бс#rЦCc⌠C#Bц ё32ц3"Ц┐cS3cBбсbЦc⌠┌ц ё3BцCRЦ#C┐ccBбсBЦcCS2ц ё3RцSbЦ#33Bбс⌠Цc3S3Bц ё3bцcRЦs3bбсsrЦs333#▓ц ё3rцs2ЦS⌠c⌠cBбсc2ЦCC⌠┌ц ё3┌цs▓Ц┐⌠┐▓бсCrЦ┐cs⌠C32ц ё3▓ц┐BЦ#┐⌠SSBбс3"Цs3⌠Cц ё3#ц┐bЦ⌠⌠S#бсbЦc3#cBц ё3#ц┐rЦ▓цBЦcs#c#s⌠VRсBц#Pё3#"ц┐bЦ⌠⌠S#цbЦc3#cBц#Pё3#2ц┐BЦ#┐⌠SSBц3"Цs3⌠Cц#Pё3#Bцs▓Ц┐⌠┐▓цCrЦ┐cs⌠C32ц#Pё3#Rцs2ЦS⌠c⌠cBцc2ЦCC⌠┌ц#Pё3#bцcRЦs3bцsrЦs333#▓ц#Pё3#rцSbЦ#33Bц⌠Цc3S3Bц#Pё3#┌цCRЦ#C┐ccBцBЦcCS2ц#Pё3#▓ц3"Ц┐cS3cBцbЦc⌠┌ц#Pё33ц▓Ц##C⌠┌ц#rЦCc⌠C#Bц#Pё33цBЦ3⌠cCrц3rЦ⌠33▓ц#Pё33"ц┐┌ЦSsSCCc┌цCRЦC#┐┐bц#Pё332цsЦ⌠c#c▓цS"Ц3Css3Rц#Pё33BцSBЦSCCC⌠▓цSrЦs⌠⌠Ccц#Pё33Rц3bЦcSsCsRцcЦs3C⌠2ц#Pё33bц┌ЦCsC#rцcBЦS⌠cц#Pё33rцRЦ3C┐┐Cs⌠3VRсBцcBЦ▓ц#Pё33┌бс┌ЦCsC#rцcBЦS⌠cц#Pё33▓бс3bЦcSsCsRцcЦs3C⌠2ц#Pё3CбсSBЦSCCC⌠▓цSrЦs⌠⌠Ccц#Pё3CбсsЦ⌠c#c▓цS"Ц3Css3Rц#Pё3C"бс┐┌ЦSsSCCc┌цCRЦC#┐┐bц#Pё3C2бсBЦ3⌠cCrц3rЦ⌠33▓ц#Pё3CBбс▓Ц##C⌠┌ц#rЦCc⌠C#Bц#Pё3CRбс3"Ц┐cS3cBцbЦc⌠┌ц#Pё3CbбсCRЦ#C┐ccBцBЦcCS2ц#Pё3CrбсSbЦ#33Bц⌠Цc3S3Bц#Pё3C┌бсcRЦs3bцsrЦs333#▓ц#Pё3C▓бсs2ЦS⌠c⌠cBцc2ЦCC⌠┌ц#Pё3Sбсs▓Ц┐⌠┐▓цCrЦ┐cs⌠C32ц#Pё3Sбс┐BЦ#┐⌠SSBц3"Цs3⌠Cц#Pё3S"бс┐bЦ⌠⌠S#цbЦc3#cBц#Pё3S2бс┐rЦ▓бс2Ц#s#⌠⌠C┐vRс2ц#Pё3SBбс┐bЦ⌠⌠S#бсbЦc3#cBц#Pё3SRбс┐BЦ#┐⌠SSBбс3"Цs3⌠Cц#Pё3Sbбсs▓Ц┐⌠┐▓бсCrЦ┐cs⌠C32ц#Pё3Srбсs2ЦS⌠c⌠cBбсc2ЦCC⌠┌ц#Pё3S┌бсcRЦs3bбсsrЦs333#▓ц#Pё3S▓бсSbЦ#33Bбс⌠Цc3S3Bц#Pё3cбсCRЦ#C┐ccBбсBЦcCS2ц#Pё3cбс3"Ц┐cS3cBбсbЦc⌠┌ц#Pё3c"бс▓Ц##C⌠┌бс#rЦCc⌠C#Bц#Pё3c2бсBЦ3⌠cCrбс3rЦ⌠33▓ц#Pё3cBбс┐┌ЦSsSCCc┌бсCRЦC#┐┐bц#Pё3cRбсsЦ⌠c#c▓бсS"Ц3Css3Rц#Pё3cbбсSBЦSCCC⌠▓бсSrЦs⌠⌠Ccц#Pё3crбс3bЦcSsCsRбсcЦs3C⌠2ц#Pё3c┌бс┌ЦCsC#rбсcBЦS⌠cц#Pё3c▓ц2ЦSS3c┐┐C┐SRс2бсcBЦ▓ц#Pё3sц┌ЦCsC#rбсcBЦS⌠cц#Pё3sц3bЦcSsCsRбсcЦs3C⌠2ц#Pё3s"цSBЦSCCC⌠▓бсSrЦs⌠⌠Ccц#Pё3s2цsЦ⌠c#c▓бсS"Ц3Css3Rц#Pё3sBц┐┌ЦSsSCCc┌бсCRЦC#┐┐bц#Pё3sRцBЦ3⌠cCrбс3rЦ⌠33▓ц#Pё3sbц▓Ц##C⌠┌бс#rЦCc⌠C#Bц#Pё3srц3"Ц┐cS3cBбсbЦc⌠┌ц#Pё3s┌цCRЦ#C┐ccBбсBЦcCS2ц#Pё3s▓цSbЦ#33Bбс⌠Цc3S3Bц#Pё3┐цcRЦs3bбсsrЦs333#▓ц#Pё3┐цs2ЦS⌠c⌠cBбсc2ЦCC⌠┌ц#Pё3┐"цs▓Ц┐⌠┐▓бсCrЦ┐cs⌠C32ц#Pё3┐2ц┐BЦ#┐⌠SSBбс3"Цs3⌠Cц#Pё3┐Bц┐bЦ⌠⌠S#бсbЦc3#cBц#Pё3┐Rц┐rЦ▓цBЦ3#3ccs#CsRсBцS ё3┐bц┐bЦ⌠⌠S#цbЦc3#cBцS ё3┐rц┐BЦ#┐⌠SSBц3"Цs3⌠CцS ё3┐┌цs▓Ц┐⌠┐▓цCrЦ┐cs⌠C32цS ё3┐▓цs2ЦS⌠c⌠cBцc2ЦCC⌠┌цS ё3⌠цcRЦs3bцsrЦs333#▓цS ё3⌠цSbЦ#33Bц⌠Цc3S3BцS ё3⌠"цCRЦ#C┐ccBцBЦcCS2цS ё3⌠2ц3"Ц┐cS3cBцbЦc⌠┌цS ё3⌠Bц▓Ц##C⌠┌ц#rЦCc⌠C#BцS ё3⌠RцBЦ3⌠cCrц3rЦ⌠33▓цS ё3⌠bц┐┌ЦSsSCCc┌цCRЦC#┐┐bцS ё3⌠rцsЦ⌠c#c▓цS"Ц3Css3RцS ё3⌠┌цSBЦSCCC⌠▓цSrЦs⌠⌠CcцS ё3⌠▓ц3bЦcSsCsRцcЦs3C⌠2цS ёCц┌ЦCsC#rцcBЦS⌠cцS ёCцRЦsCCcCCsS&RсBцcBЦ▓цS ёC"бс┌ЦCsC#rцcBЦS⌠cцS ёC2бс3bЦcSsCsRцcЦs3C⌠2цS ёCBбсSBЦSCCC⌠▓цSrЦs⌠⌠CcцS ёCRбсsЦ⌠c#c▓цS"Ц3Css3RцS ёCbбс┐┌ЦSsSCCc┌цCRЦC#┐┐bцS ёCrбсBЦ3⌠cCrц3rЦ⌠33▓цS ёC┌бс▓Ц##C⌠┌ц#rЦCc⌠C#BцS ёC▓бс3"Ц┐cS3cBцbЦc⌠┌цS ёCбсCRЦ#C┐ccBцBЦcCS2цS ёCбсSbЦ#33Bц⌠Цc3S3BцS ёC"бсcRЦs3bцsrЦs333#▓цS ёC2бсs2ЦS⌠c⌠cBцc2ЦCC⌠┌цS ёCBбсs▓Ц┐⌠┐▓цCrЦ┐cs⌠C32цS ёCRбс┐BЦ#┐⌠SSBц3"Цs3⌠CцS ёCbбс┐bЦ⌠⌠S#цbЦc3#cBцS ёCrбс┐rЦ▓бс2Ц#s┐s┐3S3vRс2цS ёC┌бс┐bЦ⌠⌠S#бсbЦc3#cBцS ёC▓бс┐BЦ#┐⌠SSBбс3"Цs3⌠CцS ёC#бсs▓Ц┐⌠┐▓бсCrЦ┐cs⌠C32цS ёC#бсs2ЦS⌠c⌠cBбсc2ЦCC⌠┌цS ёC#"бсcRЦs3bбсsrЦs333#▓цS ёC#2бсSbЦ#33Bбс⌠Цc3S3BцS ёC#BбсCRЦ#C┐ccBбсBЦcCS2цS ёC#Rбс3"Ц┐cS3cBбсbЦc⌠┌цS ёC#bбс▓Ц##C⌠┌бс#rЦCc⌠C#BцS ёC#rбсBЦ3⌠cCrбс3rЦ⌠33▓цS ёC#┌бс┐┌ЦSsSCCc┌бсCRЦC#┐┐bцS ёC#▓бсsЦ⌠c#c▓бсS"Ц3Css3RцS ёC3бсSBЦSCCC⌠▓бсSrЦs⌠⌠CcцS ёC3бс3bЦcSsCsRбсcЦs3C⌠2цS ёC3"бс┌ЦCsC#rбсcBЦS⌠cцS ёC32ц2ЦSS#33⌠⌠#┐svRс2бсcBЦ▓цS ёC3Bц┌ЦCsC#rбсcBЦS⌠cцS ёC3Rц3bЦcSsCsRбсcЦs3C⌠2цS ёC3bцSBЦSCCC⌠▓бсSrЦs⌠⌠CcцS ёC3rцsЦ⌠c#c▓бсS"Ц3Css3RцS ёC3┌ц┐┌ЦSsSCCc┌бсCRЦC#┐┐bцS ёC3▓цBЦ3⌠cCrбс3rЦ⌠33▓цS ёCCц▓Ц##C⌠┌бс#rЦCc⌠C#BцS ёCCц3"Ц┐cS3cBбсbЦc⌠┌цS ёCC"цCRЦ#C┐ccBбсBЦcCS2цS ёCC2цSbЦ#33Bбс⌠Цc3S3BцS ёCCBцcRЦs3bбсsrЦs333#▓цS ёCCRцs2ЦS⌠c⌠cBбсc2ЦCC⌠┌цS ёCCbцs▓Ц┐⌠┐▓бсCrЦ┐cs⌠C32цS ёCCrц┐BЦ#┐⌠SSBбс3"Цs3⌠CцS ёCC┌ц┐bЦ⌠⌠S#бсbЦc3#cBцS ёCC▓ц┐rЦ▓ц2Ц⌠┐⌠s⌠s⌠vRсBцsPёCSц┐bЦ⌠⌠S#цbЦc3#cBцsPёCSц┐BЦ#┐⌠SSBц3"Цs3⌠CцsPёCS"цs▓Ц┐⌠┐▓цCrЦ┐cs⌠C32цsPёCS2цs2ЦS⌠c⌠cBцc2ЦCC⌠┌цsPёCSBцcRЦs3bцsrЦs333#▓цsPёCSRцSbЦ#33Bц⌠Цc3S3BцsPёCSbцCRЦ#C┐ccBцBЦcCS2цsPёCSrц3"Ц┐cS3cBцbЦc⌠┌цsPёCS┌ц▓Ц##C⌠┌ц#rЦCc⌠C#BцsPёCS▓цBЦ3⌠cCrц3rЦ⌠33▓цsPёCcц┐┌ЦSsSCCc┌цCRЦC#┐┐bцsPёCcцsЦ⌠c#c▓цS"Ц3Css3RцsPёCc"цSBЦSCCC⌠▓цSrЦs⌠⌠CcцsPёCc2ц3bЦcSsCsRцcЦs3C⌠2цsPёCcBц┌ЦCsC#rцcBЦS⌠cцsPёCcRцBЦ┐┐S3#C#FRсBцcBЦ▓цsPёCcbбс┌ЦCsC#rцcBЦS⌠cцsPёCcrбс3bЦcSsCsRцcЦs3C⌠2цsPёCc┌бсSBЦSCCC⌠▓цSrЦs⌠⌠CcцsPёCc▓бсsЦ⌠c#c▓цS"Ц3Css3RцsPёCsбс┐┌ЦSsSCCc┌цCRЦC#┐┐bцsPёCsбсBЦ3⌠cCrц3rЦ⌠33▓цsPёCs"бс▓Ц##C⌠┌ц#rЦCc⌠C#BцsPёCs2бс3"Ц┐cS3cBцbЦc⌠┌цsPёCsBбсCRЦ#C┐ccBцBЦcCS2цsPёCsRбсSbЦ#33Bц⌠Цc3S3BцsPёCsbбсcRЦs3bцsrЦs333#▓цsPёCsrбсs2ЦS⌠c⌠cBцc2ЦCC⌠┌цsPёCs┌бсs▓Ц┐⌠┐▓цCrЦ┐cs⌠C32цsPёCs▓бс┐BЦ#┐⌠SSBц3"Цs3⌠CцsPёC┐бс┐bЦ⌠⌠S#цbЦc3#cBцsPёC┐бс┐rЦ▓бс2Ц#sC#┐⌠3CcS6Rс2цsPёC┐"бс┐bЦ⌠⌠S#бсbЦc3#cBцsPёC┐2бс┐BЦ#┐⌠SSBбс3"Цs3⌠CцsPёC┐Bбсs▓Ц┐⌠┐▓бсCrЦ┐cs⌠C32цsPёC┐Rбсs2ЦS⌠c⌠cBбсc2ЦCC⌠┌цsPёC┐bбсcRЦs3bбсsrЦs333#▓цsPёC┐rбсSbЦ#33Bбс⌠Цc3S3BцsPёC┐┌бсCRЦ#C┐ccBбсBЦcCS2цsPёC┐▓бс3"Ц┐cS3cBбсbЦc⌠┌цsPёC⌠бс▓Ц##C⌠┌бс#rЦCc⌠C#BцsPёC⌠бсBЦ3⌠cCrбс3rЦ⌠33▓цsPёC⌠"бс┐┌ЦSsSCCc┌бсCRЦC#┐┐bцsPёC⌠2бсsЦ⌠c#c▓бсS"Ц3Css3RцsPёC⌠BбсSBЦSCCC⌠▓бсSrЦs⌠⌠CcцsPёC⌠Rбс3bЦcSsCsRбсcЦs3C⌠2цsPёC⌠bбс┌ЦCsC#rбсcBЦS⌠cцsPёC⌠rц2ЦSs#┐s⌠#CCvRс2бсcBЦ▓цsPёC⌠┌ц┌ЦCsC#rбсcBЦS⌠cцsPёC⌠▓ц3bЦcSsCsRбсcЦs3C⌠2цsPёSцSBЦSCCC⌠▓бсSrЦs⌠⌠CcцsPёSцsЦ⌠c#c▓бсS"Ц3Css3RцsPёS"ц┐┌ЦSsSCCc┌бсCRЦC#┐┐bцsPёS2цBЦ3⌠cCrбс3rЦ⌠33▓цsPёSBц▓Ц##C⌠┌бс#rЦCc⌠C#BцsPёSRц3"Ц┐cS3cBбсbЦc⌠┌цsPёSbцCRЦ#C┐ccBбсBЦcCS2цsPёSrцSbЦ#33Bбс⌠Цc3S3BцsPёS┌цcRЦs3bбсsrЦs333#▓цsPёS▓цs2ЦS⌠c⌠cBбсc2ЦCC⌠┌цsPёSцs▓Ц┐⌠┐▓бсCrЦ┐cs⌠C32цsPёSц┐BЦ#┐⌠SSBбс3"Цs3⌠CцsPёS"ц┐bЦ⌠⌠S#бсbЦc3#cBцsPёS2ц┐rЦ▓ц2ЦSC┐sCcc3C6RсBц# ёSBц┐bЦ⌠⌠S#цbЦc3#cBц# ёSRц┐BЦ#┐⌠SSBц3"Цs3⌠Cц# ёSbцs▓Ц┐⌠┐▓цCrЦ┐cs⌠C32ц# ёSrцs2ЦS⌠c⌠cBцc2ЦCC⌠┌ц# ёS┌цcRЦs3bцsrЦs333#▓ц# ёS▓цSbЦ#33Bц⌠Цc3S3Bц# ёS#цCRЦ#C┐ccBцBЦcCS2ц# ёS#ц3"Ц┐cS3cBцbЦc⌠┌ц# ёS#"ц▓Ц##C⌠┌ц#rЦCc⌠C#Bц# ёS#2цBЦ3⌠cCrц3rЦ⌠33▓ц# ёS#Bц┐┌ЦSsSCCc┌цCRЦC#┐┐bц# ёS#RцsЦ⌠c#c▓цS"Ц3Css3Rц# ёS#bцSBЦSCCC⌠▓цSrЦs⌠⌠Ccц# ёS#rц3bЦcSsCsRцcЦs3C⌠2ц# ёS#┌ц┌ЦCsC#rцcBЦS⌠cц# ёS#▓цBЦC⌠⌠C33c6RсBцcBЦ▓ц# ёS3бс┌ЦCsC#rцcBЦS⌠cц# ёS3бс3bЦcSsCsRцcЦs3C⌠2ц# ёS3"бсSBЦSCCC⌠▓цSrЦs⌠⌠Ccц# ёS32бсsЦ⌠c#c▓цS"Ц3Css3Rц# ёS3Bбс┐┌ЦSsSCCc┌цCRЦC#┐┐bц# ёS3RбсBЦ3⌠cCrц3rЦ⌠33▓ц# ёS3bбс▓Ц##C⌠┌ц#rЦCc⌠C#Bц# ёS3rбс3"Ц┐cS3cBцbЦc⌠┌ц# ёS3┌бсCRЦ#C┐ccBцBЦcCS2ц# ёS3▓бсSbЦ#33Bц⌠Цc3S3Bц# ёSCбсcRЦs3bцsrЦs333#▓ц# ёSCбсs2ЦS⌠c⌠cBцc2ЦCC⌠┌ц# ёSC"бсs▓Ц┐⌠┐▓цCrЦ┐cs⌠C32ц# ёSC2бс┐BЦ#┐⌠SSBц3"Цs3⌠Cц# ёSCBбс┐bЦ⌠⌠S#цbЦc3#cBц# ёSCRбс┐rЦ▓бс2Ц#S#3#C#sFRс2ц# ёSCbбс┐bЦ⌠⌠S#бсbЦc3#cBц# ёSCrбс┐BЦ#┐⌠SSBбс3"Цs3⌠Cц# ёSC┌бсs▓Ц┐⌠┐▓бсCrЦ┐cs⌠C32ц# ёSC▓бсs2ЦS⌠c⌠cBбсc2ЦCC⌠┌ц# ёSSбсcRЦs3bбсsrЦs333#▓ц# ёSSбсSbЦ#33Bбс⌠Цc3S3Bц# ёSS"бсCRЦ#C┐ccBбсBЦcCS2ц# ёSS2бс3"Ц┐cS3cBбсbЦc⌠┌ц# ёSSBбс▓Ц##C⌠┌бс#rЦCc⌠C#Bц# ёSSRбсBЦ3⌠cCrбс3rЦ⌠33▓ц# ёSSbбс┐┌ЦSsSCCc┌бсCRЦC#┐┐bц# ёSSrбсsЦ⌠c#c▓бсS"Ц3Css3Rц# ёSS┌бсSBЦSCCC⌠▓бсSrЦs⌠⌠Ccц# ёSS▓бс3bЦcSsCsRбсcЦs3C⌠2ц# ёScбс┌ЦCsC#rбсcBЦS⌠cц# ёScц2Цc#c⌠c⌠⌠3fRс2бсcBЦ▓ц# ёSc"ц┌ЦCsC#rбсcBЦS⌠cц# ёSc2ц3bЦcSsCsRбсcЦs3C⌠2ц# ёScBцSBЦSCCC⌠▓бсSrЦs⌠⌠Ccц# ёScRцsЦ⌠c#c▓бсS"Ц3Css3Rц# ёScbц┐┌ЦSsSCCc┌бсCRЦC#┐┐bц# ёScrцBЦ3⌠cCrбс3rЦ⌠33▓ц# ёSc┌ц▓Ц##C⌠┌бс#rЦCc⌠C#Bц# ёSc▓ц3"Ц┐cS3cBбсbЦc⌠┌ц# ёSsцCRЦ#C┐ccBбсBЦcCS2ц# ёSsцSbЦ#33Bбс⌠Цc3S3Bц# ёSs"цcRЦs3bбсsrЦs333#▓ц# ёSs2цs2ЦS⌠c⌠cBбсc2ЦCC⌠┌ц# ёSsBцs▓Ц┐⌠┐▓бсCrЦ┐cs⌠C32ц# ёSsRц┐BЦ#┐⌠SSBбс3"Цs3⌠Cц# ёSsbц┐bЦ⌠⌠S#бсbЦc3#cBц# ёSsrц┐rЦ▓ц2Цc┐cC#┐⌠CCVRсBц##PёSs┌ц┐bЦ⌠⌠S#цbЦc3#cBц##PёSs▓ц┐BЦ#┐⌠SSBц3"Цs3⌠Cц##PёS┐цs▓Ц┐⌠┐▓цCrЦ┐cs⌠C32ц##PёS┐цs2ЦS⌠c⌠cBцc2ЦCC⌠┌ц##PёS┐"цcRЦs3bцsrЦs333#▓ц##PёS┐2цSbЦ#33Bц⌠Цc3S3Bц##PёS┐BцCRЦ#C┐ccBцBЦcCS2ц##PёS┐Rц3"Ц┐cS3cBцbЦc⌠┌ц##PёS┐bц▓Ц##C⌠┌ц#rЦCc⌠C#Bц##PёS┐rцBЦ3⌠cCrц3rЦ⌠33▓ц##PёS┐┌ц┐┌ЦSsSCCc┌цCRЦC#┐┐bц##PёS┐▓цsЦ⌠c#c▓цS"Ц3Css3Rц##PёS⌠цSBЦSCCC⌠▓цSrЦs⌠⌠Ccц##PёS⌠ц3bЦcSsCsRцcЦs3C⌠2ц##PёS⌠"ц┌ЦCsC#rцcBЦS⌠cц##PёS⌠2цBЦc3┐sS36RсBцcBЦ▓ц##PёS⌠Bбс┌ЦCsC#rцcBЦS⌠cц##PёS⌠Rбс3bЦcSsCsRцcЦs3C⌠2ц##PёS⌠bбсSBЦSCCC⌠▓цSrЦs⌠⌠Ccц##PёS⌠rбсsЦ⌠c#c▓цS"Ц3Css3Rц##PёS⌠┌бс┐┌ЦSsSCCc┌цCRЦC#┐┐bц##PёS⌠▓бсBЦ3⌠cCrц3rЦ⌠33▓ц##Pёcбс▓Ц##C⌠┌ц#rЦCc⌠C#Bц##Pёcбс3"Ц┐cS3cBцbЦc⌠┌ц##Pёc"бсCRЦ#C┐ccBцBЦcCS2ц##Pёc2бсSbЦ#33Bц⌠Цc3S3Bц##PёcBбсcRЦs3bцsrЦs333#▓ц##PёcRбсs2ЦS⌠c⌠cBцc2ЦCC⌠┌ц##Pёcbбсs▓Ц┐⌠┐▓цCrЦ┐cs⌠C32ц##Pёcrбс┐BЦ#┐⌠SSBц3"Цs3⌠Cц##Pёc┌бс┐bЦ⌠⌠S#цbЦc3#cBц##Pёc▓бс┐rЦ▓бс2Ц#3sc⌠C┐#s&Rс2ц##Pёcбс┐bЦ⌠⌠S#бсbЦc3#cBц##Pёcбс┐BЦ#┐⌠SSBбс3"Цs3⌠Cц##Pёc"бсs▓Ц┐⌠┐▓бсCrЦ┐cs⌠C32ц##Pёc2бсs2ЦS⌠c⌠cBбсc2ЦCC⌠┌ц##PёcBбсcRЦs3bбсsrЦs333#▓ц##PёcRбсSbЦ#33Bбс⌠Цc3S3Bц##PёcbбсCRЦ#C┐ccBбсBЦcCS2ц##Pёcrбс3"Ц┐cS3cBбсbЦc⌠┌ц##Pёc┌бс▓Ц##C⌠┌бс#rЦCc⌠C#Bц##Pёc▓бсBЦ3⌠cCrбс3rЦ⌠33▓ц##Pёc#бс┐┌ЦSsSCCc┌бсCRЦC#┐┐bц##Pёc#бсsЦ⌠c#c▓бсS"Ц3Css3Rц##Pёc#"бсSBЦSCCC⌠▓бсSrЦs⌠⌠Ccц##Pёc#2бс3bЦcSsCsRбсcЦs3C⌠2ц##Pёc#Bбс┌ЦCsC#rбсcBЦS⌠cц##Pёc#Rц2Цc#┐c⌠ccC&Rс2бсcBЦ▓ц##Pёc#bц┌ЦCsC#rбсcBЦS⌠cц##Pёc#rц3bЦcSsCsRбсcЦs3C⌠2ц##Pёc#┌цSBЦSCCC⌠▓бсSrЦs⌠⌠Ccц##Pёc#▓цsЦ⌠c#c▓бсS"Ц3Css3Rц##Pёc3ц┐┌ЦSsSCCc┌бсCRЦC#┐┐bц##Pёc3цBЦ3⌠cCrбс3rЦ⌠33▓ц##Pёc3"ц▓Ц##C⌠┌бс#rЦCc⌠C#Bц##Pёc32ц3"Ц┐cS3cBбсbЦc⌠┌ц##Pёc3BцCRЦ#C┐ccBбсBЦcCS2ц##Pёc3RцSbЦ#33Bбс⌠Цc3S3Bц##Pёc3bцcRЦs3bбсsrЦs333#▓ц##Pёc3rцs2ЦS⌠c⌠cBбсc2ЦCC⌠┌ц##Pёc3┌цs▓Ц┐⌠┐▓бсCrЦ┐cs⌠C32ц##Pёc3▓ц┐BЦ#┐⌠SSBбс3"Цs3⌠Cц##PёcCц┐bЦ⌠⌠S#бсbЦc3#cBц##PёcCц┐rЦ▓ц2Ц333sCfRсBц#S ёcC"ц┐bЦ⌠⌠S#цbЦc3#cBц#S ёcC2ц┐BЦ#┐⌠SSBц3"Цs3⌠Cц#S ёcCBцs▓Ц┐⌠┐▓цCrЦ┐cs⌠C32ц#S ёcCRцs2ЦS⌠c⌠cBцc2ЦCC⌠┌ц#S ёcCbцcRЦs3bцsrЦs333#▓ц#S ёcCrцSbЦ#33Bц⌠Цc3S3Bц#S ёcC┌цCRЦ#C┐ccBцBЦcCS2ц#S ёcC▓ц3"Ц┐cS3cBцbЦc⌠┌ц#S ёcSц▓Ц##C⌠┌ц#rЦCc⌠C#Bц#S ёcSцBЦ3⌠cCrц3rЦ⌠33▓ц#S ёcS"ц┐┌ЦSsSCCc┌цCRЦC#┐┐bц#S ёcS2цsЦ⌠c#c▓цS"Ц3Css3Rц#S ёcSBцSBЦSCCC⌠▓цSrЦs⌠⌠Ccц#S ёcSRц3bЦcSsCsRцcЦs3C⌠2ц#S ёcSbц┌ЦCsC#rцcBЦS⌠cц#S ёcSrц2ЦCC3#s⌠S┐&RсBцcBЦ▓ц#S ёcS┌бс┌ЦCsC#rцcBЦS⌠cц#S ёcS▓бс3bЦcSsCsRцcЦs3C⌠2ц#S ёccбсSBЦSCCC⌠▓цSrЦs⌠⌠Ccц#S ёccбсsЦ⌠c#c▓цS"Ц3Css3Rц#S ёcc"бс┐┌ЦSsSCCc┌цCRЦC#┐┐bц#S ёcc2бсBЦ3⌠cCrц3rЦ⌠33▓ц#S ёccBбс▓Ц##C⌠┌ц#rЦCc⌠C#Bц#S ёccRбс3"Ц┐cS3cBцbЦc⌠┌ц#S ёccbбсCRЦ#C┐ccBцBЦcCS2ц#S ёccrбсSbЦ#33Bц⌠Цc3S3Bц#S ёcc┌бсcRЦs3bцsrЦs333#▓ц#S ёcc▓бсs2ЦS⌠c⌠cBцc2ЦCC⌠┌ц#S ёcsбсs▓Ц┐⌠┐▓цCrЦ┐cs⌠C32ц#S ёcsбс┐BЦ#┐⌠SSBц3"Цs3⌠Cц#S ёcs"бс┐bЦ⌠⌠S#цbЦc3#cBц#S ёcs2бс┐rЦ▓бс2Ц#SsCsCcCfRс2ц#S ёcsBбс┐bЦ⌠⌠S#бсbЦc3#cBц#S ёcsRбс┐BЦ#┐⌠SSBбс3"Цs3⌠Cц#S ёcsbбсs▓Ц┐⌠┐▓бсCrЦ┐cs⌠C32ц#S ёcsrбсs2ЦS⌠c⌠cBбсc2ЦCC⌠┌ц#S ёcs┌бсcRЦs3bбсsrЦs333#▓ц#S ёcs▓бсSbЦ#33Bбс⌠Цc3S3Bц#S ёc┐бсCRЦ#C┐ccBбсBЦcCS2ц#S ёc┐бс3"Ц┐cS3cBбсbЦc⌠┌ц#S ёc┐"бс▓Ц##C⌠┌бс#rЦCc⌠C#Bц#S ёc┐2бсBЦ3⌠cCrбс3rЦ⌠33▓ц#S ёc┐Bбс┐┌ЦSsSCCc┌бсCRЦC#┐┐bц#S ёc┐RбсsЦ⌠c#c▓бсS"Ц3Css3Rц#S ёc┐bбсSBЦSCCC⌠▓бсSrЦs⌠⌠Ccц#S ёc┐rбс3bЦcSsCsRбсcЦs3C⌠2ц#S ёc┐┌бс┌ЦCsC#rбсcBЦS⌠cц#S ёc┐▓ц2ЦcS3⌠S3cC├Rс2бсcBЦ▓ц#S ёc⌠ц┌ЦCsC#rбсcBЦS⌠cц#S ёc⌠ц3bЦcSsCsRбсcЦs3C⌠2ц#S ёc⌠"цSBЦSCCC⌠▓бсSrЦs⌠⌠Ccц#S ёc⌠2цsЦ⌠c#c▓бсS"Ц3Css3Rц#S ёc⌠Bц┐┌ЦSsSCCc┌бсCRЦC#┐┐bц#S ёc⌠RцBЦ3⌠cCrбс3rЦ⌠33▓ц#S ёc⌠bц▓Ц##C⌠┌бс#rЦCc⌠C#Bц#S ёc⌠rц3"Ц┐cS3cBбсbЦc⌠┌ц#S ёc⌠┌цCRЦ#C┐ccBбсBЦcCS2ц#S ёc⌠▓цSbЦ#33Bбс⌠Цc3S3Bц#S ёsцcRЦs3bбсsrЦs333#▓ц#S ёsцs2ЦS⌠c⌠cBбсc2ЦCC⌠┌ц#S ёs"цs▓Ц┐⌠┐▓бсCrЦ┐cs⌠C32ц#S ёs2ц┐BЦ#┐⌠SSBбс3"Цs3⌠Cц#S ёsBц┐bЦ⌠⌠S#бсbЦc3#cBц#S ёsRц┐rЦ▓ц"ЦsS┐S┐cs6RсBц#sPёsbц┐bЦ⌠⌠S#цbЦc3#cBц#sPёsrц┐BЦ#┐⌠SSBц3"Цs3⌠Cц#sPёs┌цs▓Ц┐⌠┐▓цCrЦ┐cs⌠C32ц#sPёs▓цs2ЦS⌠c⌠cBцc2ЦCC⌠┌ц#sPёsцcRЦs3bцsrЦs333#▓ц#sPёsцSbЦ#33Bц⌠Цc3S3Bц#sPёs"цCRЦ#C┐ccBцBЦcCS2ц#sPёs2ц3"Ц┐cS3cBцbЦc⌠┌ц#sPёsBц▓Ц##C⌠┌ц#rЦCc⌠C#Bц#sPёsRцBЦ3⌠cCrц3rЦ⌠33▓ц#sPёsbц┐┌ЦSsSCCc┌цCRЦC#┐┐bц#sPёsrцsЦ⌠c#c▓цS"Ц3Css3Rц#sPёs┌цSBЦSCCC⌠▓цSrЦs⌠⌠Ccц#sPёs▓ц3bЦcSsCsRцcЦs3C⌠2ц#sPёs#ц┌ЦCsC#rцcBЦS⌠cц#sPёs#ц2Цc⌠CSC┐C&RсBцcBЦ▓ц#sPёs#"бс┌ЦCsC#rцcBЦS⌠cц#sPёs#2бс3bЦcSsCsRцcЦs3C⌠2ц#sPёs#BбсSBЦSCCC⌠▓цSrЦs⌠⌠Ccц#sPёs#RбсsЦ⌠c#c▓цS"Ц3Css3Rц#sPёs#bбс┐┌ЦSsSCCc┌цCRЦC#┐┐bц#sPёs#rбсBЦ3⌠cCrц3rЦ⌠33▓ц#sPёs#┌бс▓Ц##C⌠┌ц#rЦCc⌠C#Bц#sPёs#▓бс3"Ц┐cS3cBцbЦc⌠┌ц#sPёs3бсCRЦ#C┐ccBцBЦcCS2ц#sPёs3бсSbЦ#33Bц⌠Цc3S3Bц#sPёs3"бсcRЦs3bцsrЦs333#▓ц#sPёs32бсs2ЦS⌠c⌠cBцc2ЦCC⌠┌ц#sPёs3Bбсs▓Ц┐⌠┐▓цCrЦ┐cs⌠C32ц#sPёs3Rбс┐BЦ#┐⌠SSBц3"Цs3⌠Cц#sPёs3bбс┐bЦ⌠⌠S#цbЦc3#cBц#sPёs3rбс┐rЦ▓бс2Ц⌠33⌠s##⌠cRс2ц#sPёs3┌бс┐bЦ⌠⌠S#бсbЦc3#cBц#sPёs3▓бс┐BЦ#┐⌠SSBбс3"Цs3⌠Cц#sPёsCбсs▓Ц┐⌠┐▓бсCrЦ┐cs⌠C32ц#sPёsCбсs2ЦS⌠c⌠cBбсc2ЦCC⌠┌ц#sPёsC"бсcRЦs3bбсsrЦs333#▓ц#sPёsC2бсSbЦ#33Bбс⌠Цc3S3Bц#sPёsCBбсCRЦ#C┐ccBбсBЦcCS2ц#sPёsCRбс3"Ц┐cS3cBбсbЦc⌠┌ц#sPёsCbбс▓Ц##C⌠┌бс#rЦCc⌠C#Bц#sPёsCrбсBЦ3⌠cCrбс3rЦ⌠33▓ц#sPёsC┌бс┐┌ЦSsSCCc┌бсCRЦC#┐┐bц#sPёsC▓бсsЦ⌠c#c▓бсS"Ц3Css3Rц#sPёsSбсSBЦSCCC⌠▓бсSrЦs⌠⌠Ccц#sPёsSбс3bЦcSsCsRбсcЦs3C⌠2ц#sPёsS"бс┌ЦCsC#rбсcBЦS⌠cц#sPёsS2ц2ЦcS⌠┐cS6Rс2бсcBЦ▓ц#sPёsSBц┌ЦCsC#rбсcBЦS⌠cц#sPёsSRц3bЦcSsCsRбсcЦs3C⌠2ц#sPёsSbцSBЦSCCC⌠▓бсSrЦs⌠⌠Ccц#sPёsSrцsЦ⌠c#c▓бсS"Ц3Css3Rц#sPёsS┌ц┐┌ЦSsSCCc┌бсCRЦC#┐┐bц#sPёsS▓цBЦ3⌠cCrбс3rЦ⌠33▓ц#sPёscц▓Ц##C⌠┌бс#rЦCc⌠C#Bц#sPёscц3"Ц┐cS3cBбсbЦc⌠┌ц#sPёsc"цCRЦ#C┐ccBбсBЦcCS2ц#sPёsc2цSbЦ#33Bбс⌠Цc3S3Bц#sPёscBцcRЦs3bбсsrЦs333#▓ц#sPёscRцs2ЦS⌠c⌠cBбсc2ЦCC⌠┌ц#sPёscbцs▓Ц┐⌠┐▓бсCrЦ┐cs⌠C32ц#sPёscrц┐BЦ#┐⌠SSBбс3"Цs3⌠Cц#sPёsc┌ц┐bЦ⌠⌠S#бсbЦc3#cBц#sPёsc▓ц┐rЦ▓ц"Цs#sScCssssFRсBц3 ёssц┐bЦ⌠⌠S#цbЦc3#cBц3 ёssц┐BЦ#┐⌠SSBц3"Цs3⌠Cц3 ёss"цs▓Ц┐⌠┐▓цCrЦ┐cs⌠C32ц3 ёss2цs2ЦS⌠c⌠cBцc2ЦCC⌠┌ц3 ёssBцcRЦs3bцsrЦs333#▓ц3 ёssRцSbЦ#33Bц⌠Цc3S3Bц3 ёssbцCRЦ#C┐ccBцBЦcCS2ц3 ёssrц3"Ц┐cS3cBцbЦc⌠┌ц3 ёss┌ц▓Ц##C⌠┌ц#rЦCc⌠C#Bц3 ёss▓цBЦ3⌠cCrц3rЦ⌠33▓ц3 ёs┐ц┐┌ЦSsSCCc┌цCRЦC#┐┐bц3 ёs┐цsЦ⌠c#c▓цS"Ц3Css3Rц3 ёs┐"цSBЦSCCC⌠▓цSrЦs⌠⌠Ccц3 ёs┐2ц3bЦcSsCsRцcЦs3C⌠2ц3 ёs┐Bц┌ЦCsC#rцcBЦS⌠cц3 ёs┐Rц"Ц┐┐3#⌠3⌠3#VRсBцcBЦ▓ц3 ёs┐bбс┌ЦCsC#rцcBЦS⌠cц3 ёs┐rбс3bЦcSsCsRцcЦs3C⌠2ц3 ёs┐┌бсSBЦSCCC⌠▓цSrЦs⌠⌠Ccц3 ёs┐▓бсsЦ⌠c#c▓цS"Ц3Css3Rц3 ёs⌠бс┐┌ЦSsSCCc┌цCRЦC#┐┐bц3 ёs⌠бсBЦ3⌠cCrц3rЦ⌠33▓ц3 ёs⌠"бс▓Ц##C⌠┌ц#rЦCc⌠C#Bц3 ёs⌠2бс3"Ц┐cS3cBцbЦc⌠┌ц3 ёs⌠BбсCRЦ#C┐ccBцBЦcCS2ц3 ёs⌠RбсSbЦ#33Bц⌠Цc3S3Bц3 ёs⌠bбсcRЦs3bцsrЦs333#▓ц3 ёs⌠rбсs2ЦS⌠c⌠cBцc2ЦCC⌠┌ц3 ёs⌠┌бсs▓Ц┐⌠┐▓цCrЦ┐cs⌠C32ц3 ёs⌠▓бс┐BЦ#┐⌠SSBц3"Цs3⌠Cц3 ё┐бс┐bЦ⌠⌠S#цbЦc3#cBц3 ё┐бс┐rЦ▓бс2Цss3#┐cc┐&Rс2ц3 ё┐"бс┐bЦ⌠⌠S#бсbЦc3#cBц3 ё┐2бс┐BЦ#┐⌠SSBбс3"Цs3⌠Cц3 ё┐Bбсs▓Ц┐⌠┐▓бсCrЦ┐cs⌠C32ц3 ё┐Rбсs2ЦS⌠c⌠cBбсc2ЦCC⌠┌ц3 ё┐bбсcRЦs3bбсsrЦs333#▓ц3 ё┐rбсSbЦ#33Bбс⌠Цc3S3Bц3 ё┐┌бсCRЦ#C┐ccBбсBЦcCS2ц3 ё┐▓бс3"Ц┐cS3cBбсbЦc⌠┌ц3 ё┐бс▓Ц##C⌠┌бс#rЦCc⌠C#Bц3 ё┐бсBЦ3⌠cCrбс3rЦ⌠33▓ц3 ё┐"бс┐┌ЦSsSCCc┌бсCRЦC#┐┐bц3 ё┐2бсsЦ⌠c#c▓бсS"Ц3Css3Rц3 ё┐BбсSBЦSCCC⌠▓бсSrЦs⌠⌠Ccц3 ё┐Rбс3bЦcSsCsRбсcЦs3C⌠2ц3 ё┐bбс┌ЦCsC#rбсcBЦS⌠cц3 ё┐rц2Цc##CcC⌠3FRс2бсcBЦ▓ц3 ё┐┌ц┌ЦCsC#rбсcBЦS⌠cц3 ё┐▓ц3bЦcSsCsRбсcЦs3C⌠2ц3 ё┐#цSBЦSCCC⌠▓бсSrЦs⌠⌠Ccц3 ё┐#цsЦ⌠c#c▓бсS"Ц3Css3Rц3 ё┐#"ц┐┌ЦSsSCCc┌бсCRЦC#┐┐bц3 ё┐#2цBЦ3⌠cCrбс3rЦ⌠33▓ц3 ё┐#Bц▓Ц##C⌠┌бс#rЦCc⌠C#Bц3 ё┐#Rц3"Ц┐cS3cBбсbЦc⌠┌ц3 ё┐#bцCRЦ#C┐ccBбсBЦcCS2ц3 ё┐#rцSbЦ#33Bбс⌠Цc3S3Bц3 ё┐#┌цcRЦs3bбсsrЦs333#▓ц3 ё┐#▓цs2ЦS⌠c⌠cBбсc2ЦCC⌠┌ц3 ё┐3цs▓Ц┐⌠┐▓бсCrЦ┐cs⌠C32ц3 ё┐3ц┐BЦ#┐⌠SSBбс3"Цs3⌠Cц3 ё┐3"ц┐bЦ⌠⌠S#бсbЦc3#cBц3 ё┐32ц┐rЦ▓ц"ЦcC#3c3#cVRсBц3#Pё┐3Bц┐bЦ⌠⌠S#цbЦc3#cBц3#Pё┐3Rц┐BЦ#┐⌠SSBц3"Цs3⌠Cц3#Pё┐3bцs▓Ц┐⌠┐▓цCrЦ┐cs⌠C32ц3#Pё┐3rцs2ЦS⌠c⌠cBцc2ЦCC⌠┌ц3#Pё┐3┌цcRЦs3bцsrЦs333#▓ц3#Pё┐3▓цSbЦ#33Bц⌠Цc3S3Bц3#Pё┐CцCRЦ#C┐ccBцBЦcCS2ц3#Pё┐Cц3"Ц┐cS3cBцbЦc⌠┌ц3#Pё┐C"ц▓Ц##C⌠┌ц#rЦCc⌠C#Bц3#Pё┐C2цBЦ3⌠cCrц3rЦ⌠33▓ц3#Pё┐CBц┐┌ЦSsSCCc┌цCRЦC#┐┐bц3#Pё┐CRцsЦ⌠c#c▓цS"Ц3Css3Rц3#Pё┐CbцSBЦSCCC⌠▓цSrЦs⌠⌠Ccц3#Pё┐Crц3bЦcSsCsRцcЦs3C⌠2ц3#Pё┐C┌ц┌ЦCsC#rцcBЦS⌠cц3#Pё┐C▓ц"ЦSC33⌠cSvRсBцcBЦ▓ц3#Pё┐Sбс┌ЦCsC#rцcBЦS⌠cц3#Pё┐Sбс3bЦcSsCsRцcЦs3C⌠2ц3#Pё┐S"бсSBЦSCCC⌠▓цSrЦs⌠⌠Ccц3#Pё┐S2бсsЦ⌠c#c▓цS"Ц3Css3Rц3#Pё┐SBбс┐┌ЦSsSCCc┌цCRЦC#┐┐bц3#Pё┐SRбсBЦ3⌠cCrц3rЦ⌠33▓ц3#Pё┐Sbбс▓Ц##C⌠┌ц#rЦCc⌠C#Bц3#Pё┐Srбс3"Ц┐cS3cBцbЦc⌠┌ц3#Pё┐S┌бсCRЦ#C┐ccBцBЦcCS2ц3#Pё┐S▓бсSbЦ#33Bц⌠Цc3S3Bц3#Pё┐cбсcRЦs3bцsrЦs333#▓ц3#Pё┐cбсs2ЦS⌠c⌠cBцc2ЦCC⌠┌ц3#Pё┐c"бсs▓Ц┐⌠┐▓цCrЦ┐cs⌠C32ц3#Pё┐c2бс┐BЦ#┐⌠SSBц3"Цs3⌠Cц3#Pё┐cBбс┐bЦ⌠⌠S#цbЦc3#cBц3#Pё┐cRбс┐rЦ▓бс2ЦccC┐ccss#vRс2ц3#Pё┐cbбс┐bЦ⌠⌠S#бсbЦc3#cBц3#Pё┐crбс┐BЦ#┐⌠SSBбс3"Цs3⌠Cц3#Pё┐c┌бсs▓Ц┐⌠┐▓бсCrЦ┐cs⌠C32ц3#Pё┐c▓бсs2ЦS⌠c⌠cBбсc2ЦCC⌠┌ц3#Pё┐sбсcRЦs3bбсsrЦs333#▓ц3#Pё┐sбсSbЦ#33Bбс⌠Цc3S3Bц3#Pё┐s"бсCRЦ#C┐ccBбсBЦcCS2ц3#Pё┐s2бс3"Ц┐cS3cBбсbЦc⌠┌ц3#Pё┐sBбс▓Ц##C⌠┌бс#rЦCc⌠C#Bц3#Pё┐sRбсBЦ3⌠cCrбс3rЦ⌠33▓ц3#Pё┐sbбс┐┌ЦSsSCCc┌бсCRЦC#┐┐bц3#Pё┐srбсsЦ⌠c#c▓бсS"Ц3Css3Rц3#Pё┐s┌бсSBЦSCCC⌠▓бсSrЦs⌠⌠Ccц3#Pё┐s▓бс3bЦcSsCsRбсcЦs3C⌠2ц3#Pё┐┐бс┌ЦCsC#rбсcBЦS⌠cц3#Pё┐┐ц2ЦcSCc⌠CvRс2бсcBЦ▓ц3#Pё┐┐"ц┌ЦCsC#rбсcBЦS⌠cц3#Pё┐┐2ц3bЦcSsCsRбсcЦs3C⌠2ц3#Pё┐┐BцSBЦSCCC⌠▓бсSrЦs⌠⌠Ccц3#Pё┐┐RцsЦ⌠c#c▓бсS"Ц3Css3Rц3#Pё┐┐bц┐┌ЦSsSCCc┌бсCRЦC#┐┐bц3#Pё┐┐rцBЦ3⌠cCrбс3rЦ⌠33▓ц3#Pё┐┐┌ц▓Ц##C⌠┌бс#rЦCc⌠C#Bц3#Pё┐┐▓ц3"Ц┐cS3cBбсbЦc⌠┌ц3#Pё┐⌠цCRЦ#C┐ccBбсBЦcCS2ц3#Pё┐⌠цSbЦ#33Bбс⌠Цc3S3Bц3#Pё┐⌠"цcRЦs3bбсsrЦs333#▓ц3#Pё┐⌠2цs2ЦS⌠c⌠cBбсc2ЦCC⌠┌ц3#Pё┐⌠Bцs▓Ц┐⌠┐▓бсCrЦ┐cs⌠C32ц3#Pё┐⌠Rц┐BЦ#┐⌠SSBбс3"Цs3⌠Cц3#Pё┐⌠bц┐bЦ⌠⌠S#бсbЦc3#cBц3#Pё┐⌠rц┐rЦ▓ц"ЦssS┐┐S3#⌠vRсBц3S ё┐⌠┌ц┐bЦ⌠⌠S#цbЦc3#cBц3S ё┐⌠▓ц┐BЦ#┐⌠SSBц3"Цs3⌠Cц3S ё⌠цs▓Ц┐⌠┐▓цCrЦ┐cs⌠C32ц3S ё⌠цs2ЦS⌠c⌠cBцc2ЦCC⌠┌ц3S ё⌠"цcRЦs3bцsrЦs333#▓ц3S ё⌠2цSbЦ#33Bц⌠Цc3S3Bц3S ё⌠BцCRЦ#C┐ccBцBЦcCS2ц3S ё⌠Rц3"Ц┐cS3cBцbЦc⌠┌ц3S ё⌠bц▓Ц##C⌠┌ц#rЦCc⌠C#Bц3S ё⌠rцBЦ3⌠cCrц3rЦ⌠33▓ц3S ё⌠┌ц┐┌ЦSsSCCc┌цCRЦC#┐┐bц3S ё⌠▓цsЦ⌠c#c▓цS"Ц3Css3Rц3S ё⌠цSBЦSCCC⌠▓цSrЦs⌠⌠Ccц3S ё⌠ц3bЦcSsCsRцcЦs3C⌠2ц3S ё⌠"ц┌ЦCsC#rцcBЦS⌠cц3S ё⌠2ц"Цc#3s┐Sc#fRсBцcBЦ▓ц3S ё⌠Bбс┌ЦCsC#rцcBЦS⌠cц3S ё⌠Rбс3bЦcSsCsRцcЦs3C⌠2ц3S ё⌠bбсSBЦSCCC⌠▓цSrЦs⌠⌠Ccц3S ё⌠rбсsЦ⌠c#c▓цS"Ц3Css3Rц3S ё⌠┌бс┐┌ЦSsSCCc┌цCRЦC#┐┐bц3S ё⌠▓бсBЦ3⌠cCrц3rЦ⌠33▓ц3S ё⌠#бс▓Ц##C⌠┌ц#rЦCc⌠C#Bц3S ё⌠#бс3"Ц┐cS3cBцbЦc⌠┌ц3S ё⌠#"бсCRЦ#C┐ccBцBЦcCS2ц3S ё⌠#2бсSbЦ#33Bц⌠Цc3S3Bц3S ё⌠#BбсcRЦs3bцsrЦs333#▓ц3S ё⌠#Rбсs2ЦS⌠c⌠cBцc2ЦCC⌠┌ц3S ё⌠#bбсs▓Ц┐⌠┐▓цCrЦ┐cs⌠C32ц3S ё⌠#rбс┐BЦ#┐⌠SSBц3"Цs3⌠Cц3S ё⌠#┌бс┐bЦ⌠⌠S#цbЦc3#cBц3S ё⌠#▓бс┐rЦ▓бс2Цscs3s3FRс2ц3S ё⌠3бс┐bЦ⌠⌠S#бсbЦc3#cBц3S ё⌠3бс┐BЦ#┐⌠SSBбс3"Цs3⌠Cц3S ё⌠3"бсs▓Ц┐⌠┐▓бсCrЦ┐cs⌠C32ц3S ё⌠32бсs2ЦS⌠c⌠cBбсc2ЦCC⌠┌ц3S ё⌠3BбсcRЦs3bбсsrЦs333#▓ц3S ё⌠3RбсSbЦ#33Bбс⌠Цc3S3Bц3S ё⌠3bбсCRЦ#C┐ccBбсBЦcCS2ц3S ё⌠3rбс3"Ц┐cS3cBбсbЦc⌠┌ц3S ё⌠3┌бс▓Ц##C⌠┌бс#rЦCc⌠C#Bц3S ё⌠3▓бсBЦ3⌠cCrбс3rЦ⌠33▓ц3S ё⌠Cбс┐┌ЦSsSCCc┌бсCRЦC#┐┐bц3S ё⌠CбсsЦ⌠c#c▓бсS"Ц3Css3Rц3S ё⌠C"бсSBЦSCCC⌠▓бсSrЦs⌠⌠Ccц3S ё⌠C2бс3bЦcSsCsRбсcЦs3C⌠2ц3S ё⌠CBбс┌ЦCsC#rбсcBЦS⌠cц3S ё⌠CRц2ЦSs#33##⌠#├Rс2бсcBЦ▓ц3S ё⌠Cbц┌ЦCsC#rбсcBЦS⌠cц3S ё⌠Crц3bЦcSsCsRбсcЦs3C⌠2ц3S ё⌠C┌цSBЦSCCC⌠▓бсSrЦs⌠⌠Ccц3S ё⌠C▓цsЦ⌠c#c▓бсS"Ц3Css3Rц3S ё⌠Sц┐┌ЦSsSCCc┌бсCRЦC#┐┐bц3S ё⌠SцBЦ3⌠cCrбс3rЦ⌠33▓ц3S ё⌠S"ц▓Ц##C⌠┌бс#rЦCc⌠C#Bц3S ё⌠S2ц3"Ц┐cS3cBбсbЦc⌠┌ц3S ё⌠SBцCRЦ#C┐ccBбсBЦcCS2ц3S ё⌠SRцSbЦ#33Bбс⌠Цc3S3Bц3S ё⌠SbцcRЦs3bбсsrЦs333#▓ц3S ё⌠Srцs2ЦS⌠c⌠cBбсc2ЦCC⌠┌ц3S ё⌠S┌цs▓Ц┐⌠┐▓бсCrЦ┐cs⌠C32ц3S ё⌠S▓ц┐BЦ#┐⌠SSBбс3"Цs3⌠Cц3S ё⌠cц┐bЦ⌠⌠S#бсbЦc3#cBц3S ё⌠cц┐rЦ▓ц"ЦCC3C⌠3⌠SCfRсBц3sPё⌠c"ц┐bЦ⌠⌠S#цbЦc3#cBц3sPё⌠c2ц┐BЦ#┐⌠SSBц3"Цs3⌠Cц3sPё⌠cBцs▓Ц┐⌠┐▓цCrЦ┐cs⌠C32ц3sPё⌠cRцs2ЦS⌠c⌠cBцc2ЦCC⌠┌ц3sPё⌠cbцcRЦs3bцsrЦs333#▓ц3sPё⌠crцSbЦ#33Bц⌠Цc3S3Bц3sPё⌠c┌цCRЦ#C┐ccBцBЦcCS2ц3sPё⌠c▓ц3"Ц┐cS3cBцbЦc⌠┌ц3sPё⌠sц▓Ц##C⌠┌ц#rЦCc⌠C#Bц3sPё⌠sцBЦ3⌠cCrц3rЦ⌠33▓ц3sPё⌠s"ц┐┌ЦSsSCCc┌цCRЦC#┐┐bц3sPё⌠s2цsЦ⌠c#c▓цS"Ц3Css3Rц3sPё⌠sBцSBЦSCCC⌠▓цSrЦs⌠⌠Ccц3sPё⌠sRц3bЦcSsCsRцcЦs3C⌠2ц3sPё⌠sbц┌ЦCsC#rцcBЦS⌠cц3sPё⌠srцЦ┐3┐S#sSfRсBцcBЦ▓ц3sPё⌠s┌бс┌ЦCsC#rцcBЦS⌠cц3sPё⌠s▓бс3bЦcSsCsRцcЦs3C⌠2ц3sPё⌠┐бсSBЦSCCC⌠▓цSrЦs⌠⌠Ccц3sPё⌠┐бсsЦ⌠c#c▓цS"Ц3Css3Rц3sPё⌠┐"бс┐┌ЦSsSCCc┌цCRЦC#┐┐bц3sPё⌠┐2бсBЦ3⌠cCrц3rЦ⌠33▓ц3sPё⌠┐Bбс▓Ц##C⌠┌ц#rЦCc⌠C#Bц3sPё⌠┐Rбс3"Ц┐cS3cBцbЦc⌠┌ц3sPё⌠┐bбсCRЦ#C┐ccBцBЦcCS2ц3sPё⌠┐rбсSbЦ#33Bц⌠Цc3S3Bц3sPё⌠┐┌бсcRЦs3bцsrЦs333#▓ц3sPё⌠┐▓бсs2ЦS⌠c⌠cBцc2ЦCC⌠┌ц3sPё⌠⌠бсs▓Ц┐⌠┐▓цCrЦ┐cs⌠C32ц3sPё⌠⌠бс┐BЦ#┐⌠SSBц3"Цs3⌠Cц3sPё⌠⌠"бс┐bЦ⌠⌠S#цbЦc3#cBц3sPё⌠⌠2бс┐rЦ▓бс2Цc3#c3CSVRс2ц3sPё⌠⌠Bбс┐bЦ⌠⌠S#бсbЦc3#cBц3sPё⌠⌠Rбс┐BЦ#┐⌠SSBбс3"Цs3⌠Cц3sPё⌠⌠bбсs▓Ц┐⌠┐▓бсCrЦ┐cs⌠C32ц3sPё⌠⌠rбсs2ЦS⌠c⌠cBбсc2ЦCC⌠┌ц3sPё⌠⌠┌бсcRЦs3bбсsrЦs333#▓ц3sPё⌠⌠▓бсSbЦ#33Bбс⌠Цc3S3Bц3sPёбсCRЦ#C┐ccBбсBЦcCS2ц3sPёбс3"Ц┐cS3cBбсbЦc⌠┌ц3sPё"бс▓Ц##C⌠┌бс#rЦCc⌠C#Bц3sPё2бсBЦ3⌠cCrбс3rЦ⌠33▓ц3sPёBбс┐┌ЦSsSCCc┌бсCRЦC#┐┐bц3sPёRбсsЦ⌠c#c▓бсS"Ц3Css3Rц3sPёbбсSBЦSCCC⌠▓бсSrЦs⌠⌠Ccц3sPёrбс3bЦcSsCsRбсcЦs3C⌠2ц3sPё┌бс┌ЦCsC#rбсcBЦS⌠cц3sPё▓ц2ЦSC3SsCSs√Rс2бсcBЦ▓ц3sPёц┌ЦCsC#rбсcBЦS⌠cц3sPёц3bЦcSsCsRбсcЦs3C⌠2ц3sPё"цSBЦSCCC⌠▓бсSrЦs⌠⌠Ccц3sPё2цsЦ⌠c#c▓бсS"Ц3Css3Rц3sPёBц┐┌ЦSsSCCc┌бсCRЦC#┐┐bц3sPёRцBЦ3⌠cCrбс3rЦ⌠33▓ц3sPёbц▓Ц##C⌠┌бс#rЦCc⌠C#Bц3sPёrц3"Ц┐cS3cBбсbЦc⌠┌ц3sPё┌цCRЦ#C┐ccBбсBЦcCS2ц3sPё▓цSbЦ#33Bбс⌠Цc3S3Bц3sPё#цcRЦs3bбсsrЦs333#▓ц3sPё#цs2ЦS⌠c⌠cBбсc2ЦCC⌠┌ц3sPё#"цs▓Ц┐⌠┐▓бсCrЦ┐cs⌠C32ц3sPё#2ц┐BЦ#┐⌠SSBбс3"Цs3⌠Cц3sPё#Bц┐bЦ⌠⌠S#бсbЦc3#cBц3sPё#Rц┐rЦ▓ц"ЦC3C#┐#3⌠sfRсBцC ё#bц┐bЦ⌠⌠S#цbЦc3#cBцC ё#rц┐BЦ#┐⌠SSBц3"Цs3⌠CцC ё#┌цs▓Ц┐⌠┐▓цCrЦ┐cs⌠C32цC ё#▓цs2ЦS⌠c⌠cBцc2ЦCC⌠┌цC ё3цcRЦs3bцsrЦs333#▓цC ё3цSbЦ#33Bц⌠Цc3S3BцC ё3"цCRЦ#C┐ccBцBЦcCS2цC ё32ц3"Ц┐cS3cBцbЦc⌠┌цC ё3Bц▓Ц##C⌠┌ц#rЦCc⌠C#BцC ё3RцBЦ3⌠cCrц3rЦ⌠33▓цC ё3bц┐┌ЦSsSCCc┌цCRЦC#┐┐bцC ё3rцsЦ⌠c#c▓цS"Ц3Css3RцC ё3┌цSBЦSCCC⌠▓цSrЦs⌠⌠CcцC ё3▓ц3bЦcSsCsRцcЦs3C⌠2цC ёCц┌ЦCsC#rцcBЦS⌠cцC ёCцЦ3┐c⌠#3┐┐C&RсBцcBЦ▓цC ёC"бс┌ЦCsC#rцcBЦS⌠cцC ёC2бс3bЦcSsCsRцcЦs3C⌠2цC ёCBбсSBЦSCCC⌠▓цSrЦs⌠⌠CcцC ёCRбсsЦ⌠c#c▓цS"Ц3Css3RцC ёCbбс┐┌ЦSsSCCc┌цCRЦC#┐┐bцC ёCrбсBЦ3⌠cCrц3rЦ⌠33▓цC ёC┌бс▓Ц##C⌠┌ц#rЦCc⌠C#BцC ёC▓бс3"Ц┐cS3cBцbЦc⌠┌цC ёSбсCRЦ#C┐ccBцBЦcCS2цC ёSбсSbЦ#33Bц⌠Цc3S3BцC ёS"бсcRЦs3bцsrЦs333#▓цC ёS2бсs2ЦS⌠c⌠cBцc2ЦCC⌠┌цC ёSBбсs▓Ц┐⌠┐▓цCrЦ┐cs⌠C32цC ёSRбс┐BЦ#┐⌠SSBц3"Цs3⌠CцC ёSbбс┐bЦ⌠⌠S#цbЦc3#cBцC ёSrбс┐rЦ▓бс2Ц###ss#c┐#&Rс2цC ёS┌бс┐bЦ⌠⌠S#бсbЦc3#cBцC ёS▓бс┐BЦ#┐⌠SSBбс3"Цs3⌠CцC ёcбсs▓Ц┐⌠┐▓бсCrЦ┐cs⌠C32цC ёcбсs2ЦS⌠c⌠cBбсc2ЦCC⌠┌цC ёc"бсcRЦs3bбсsrЦs333#▓цC ёc2бсSbЦ#33Bбс⌠Цc3S3BцC ёcBбсCRЦ#C┐ccBбсBЦcCS2цC ёcRбс3"Ц┐cS3cBбсbЦc⌠┌цC ёcbбс▓Ц##C⌠┌бс#rЦCc⌠C#BцC ёcrбсBЦ3⌠cCrбс3rЦ⌠33▓цC ёc┌бс┐┌ЦSsSCCc┌бсCRЦC#┐┐bцC ёc▓бсsЦ⌠c#c▓бсS"Ц3Css3RцC ёsбсSBЦSCCC⌠▓бсSrЦs⌠⌠CcцC ёsбс3bЦcSsCsRбсcЦs3C⌠2цC ёs"бс┌ЦCsC#rбсcBЦS⌠cцC ёs2ц2ЦS3#c3┐#CRс2бсcBЦ▓цC ёsBц┌ЦCsC#rбсcBЦS⌠cцC ёsRц3bЦcSsCsRбсcЦs3C⌠2цC ёsbцSBЦSCCC⌠▓бсSrЦs⌠⌠CcцC ёsrцsЦ⌠c#c▓бсS"Ц3Css3RцC ёs┌ц┐┌ЦSsSCCc┌бсCRЦC#┐┐bцC ёs▓цBЦ3⌠cCrбс3rЦ⌠33▓цC ё┐ц▓Ц##C⌠┌бс#rЦCc⌠C#BцC ё┐ц3"Ц┐cS3cBбсbЦc⌠┌цC ё┐"цCRЦ#C┐ccBбсBЦcCS2цC ё┐2цSbЦ#33Bбс⌠Цc3S3BцC ё┐BцcRЦs3bбсsrЦs333#▓цC ё┐Rцs2ЦS⌠c⌠cBбсc2ЦCC⌠┌цC ё┐bцs▓Ц┐⌠┐▓бсCrЦ┐cs⌠C32цC ё┐rц┐BЦ#┐⌠SSBбс3"Цs3⌠CцC ё┐┌ц┐bЦ⌠⌠S#бсbЦc3#cBцC ё┐▓ц┐rЦ▓цЦs⌠┐#s3⌠S6RсBцC#Pё⌠ц┐bЦ⌠⌠S#цbЦc3#cBцC#Pё⌠ц┐BЦ#┐⌠SSBц3"Цs3⌠CцC#Pё⌠"цs▓Ц┐⌠┐▓цCrЦ┐cs⌠C32цC#Pё⌠2цs2ЦS⌠c⌠cBцc2ЦCC⌠┌цC#Pё⌠BцcRЦs3bцsrЦs333#▓цC#Pё⌠RцSbЦ#33Bц⌠Цc3S3BцC#Pё⌠bцCRЦ#C┐ccBцBЦcCS2цC#Pё⌠rц3"Ц┐cS3cBцbЦc⌠┌цC#Pё⌠┌ц▓Ц##C⌠┌ц#rЦCc⌠C#BцC#Pё⌠▓цBЦ3⌠cCrц3rЦ⌠33▓цC#Pёц┐┌ЦSsSCCc┌цCRЦC#┐┐bцC#PёцsЦ⌠c#c▓цS"Ц3Css3RцC#Pё"цSBЦSCCC⌠▓цSrЦs⌠⌠CcцC#Pё2ц3bЦcSsCsRцcЦs3C⌠2цC#PёBц┌ЦCsC#rцcBЦS⌠cцC#PёRц▓Ц⌠3s3┐C⌠C3√RсRцcBЦ▓цC#Pёbбс┌ЦCsC#rцcBЦS⌠cцC#Pёrбс3bЦcSsCsRцcЦs3C⌠2цC#Pё┌бсSBЦSCCC⌠▓цSrЦs⌠⌠CcцC#Pё▓бсsЦ⌠c#c▓цS"Ц3Css3RцC#Pёбс┐┌ЦSsSCCc┌цCRЦC#┐┐bцC#PёбсBЦ3⌠cCrц3rЦ⌠33▓цC#Pё"бс▓Ц##C⌠┌ц#rЦCc⌠C#BцC#Pё2бс3"Ц┐cS3cBцbЦc⌠┌цC#PёBбсCRЦ#C┐ccBцBЦcCS2цC#PёRбсSbЦ#33Bц⌠Цc3S3BцC#PёbбсcRЦs3bцsrЦs333#▓цC#Pёrбсs2ЦS⌠c⌠cBцc2ЦCC⌠┌цC#Pё┌бсs▓Ц┐⌠┐▓цCrЦ┐cs⌠C32цC#Pё▓бс┐BЦ#┐⌠SSBц3"Цs3⌠CцC#Pё#бс┐bЦ⌠⌠S#цbЦc3#cBцC#Pё#бс┐rЦ▓бс2Ц###s⌠c⌠┐⌠cRс2цC#Pё#"бс┐bЦ⌠⌠S#бсbЦc3#cBцC#Pё#2бс┐BЦ#┐⌠SSBбс3"Цs3⌠CцC#Pё#Bбсs▓Ц┐⌠┐▓бсCrЦ┐cs⌠C32цC#Pё#Rбсs2ЦS⌠c⌠cBбсc2ЦCC⌠┌цC#Pё#bбсcRЦs3bбсsrЦs333#▓цC#Pё#rбсSbЦ#33Bбс⌠Цc3S3BцC#Pё#┌бсCRЦ#C┐ccBбсBЦcCS2цC#Pё#▓бс3"Ц┐cS3cBбсbЦc⌠┌цC#Pё3бс▓Ц##C⌠┌бс#rЦCc⌠C#BцC#Pё3бсBЦ3⌠cCrбс3rЦ⌠33▓цC#Pё3"бс┐┌ЦSsSCCc┌бсCRЦC#┐┐bцC#Pё32бсsЦ⌠c#c▓бсS"Ц3Css3RцC#Pё3BбсSBЦSCCC⌠▓бсSrЦs⌠⌠CcцC#Pё3Rбс3bЦcSsCsRбсcЦs3C⌠2цC#Pё3bбс┌ЦCsC#rбсcBЦS⌠cцC#Pё3rц2ЦS33⌠3S#⌠FRс2бсcBЦ▓цC#Pё3┌ц┌ЦCsC#rбсcBЦS⌠cцC#Pё3▓ц3bЦcSsCsRбсcЦs3C⌠2цC#PёCцSBЦSCCC⌠▓бсSrЦs⌠⌠CcцC#PёCцsЦ⌠c#c▓бсS"Ц3Css3RцC#PёC"ц┐┌ЦSsSCCc┌бсCRЦC#┐┐bцC#PёC2цBЦ3⌠cCrбс3rЦ⌠33▓цC#PёCBц▓Ц##C⌠┌бс#rЦCc⌠C#BцC#PёCRц3"Ц┐cS3cBбсbЦc⌠┌цC#PёCbцCRЦ#C┐ccBбсBЦcCS2цC#PёCrцSbЦ#33Bбс⌠Цc3S3BцC#PёC┌цcRЦs3bбсsrЦs333#▓цC#PёC▓цs2ЦS⌠c⌠cBбсc2ЦCC⌠┌цC#PёSцs▓Ц┐⌠┐▓бсCrЦ┐cs⌠C32цC#PёSц┐BЦ#┐⌠SSBбс3"Цs3⌠CцC#PёS"ц┐bЦ⌠⌠S#бсbЦc3#cBцC#PёS2ц┐rЦ▓ц"Ц#c#S#┐s⌠c#6RсBцCS ёSBц┐bЦ⌠⌠S#цbЦc3#cBцCS ёSRц┐BЦ#┐⌠SSBц3"Цs3⌠CцCS ёSbцs▓Ц┐⌠┐▓цCrЦ┐cs⌠C32цCS ёSrцs2ЦS⌠c⌠cBцc2ЦCC⌠┌цCS ёS┌цcRЦs3bцsrЦs333#▓цCS ёS▓цSbЦ#33Bц⌠Цc3S3BцCS ёcцCRЦ#C┐ccBцBЦcCS2цCS ёcц3"Ц┐cS3cBцbЦc⌠┌цCS ёc"ц▓Ц##C⌠┌ц#rЦCc⌠C#BцCS ёc2цBЦ3⌠cCrц3rЦ⌠33▓цCS ёcBц┐┌ЦSsSCCc┌цCRЦC#┐┐bцCS ёcRцsЦ⌠c#c▓цS"Ц3Css3RцCS ёcbцSBЦSCCC⌠▓цSrЦs⌠⌠CcцCS ёcrц3bЦcSsCsRцcЦs3C⌠2цCS ёc┌ц┌ЦCsC#rцcBЦS⌠cцCS ёc▓ц┌Цc┐ScCcC6RсRцcBЦ▓цCS ёsбс┌ЦCsC#rцcBЦS⌠cцCS ёsбс3bЦcSsCsRцcЦs3C⌠2цCS ёs"бсSBЦSCCC⌠▓цSrЦs⌠⌠CcцCS ёs2бсsЦ⌠c#c▓цS"Ц3Css3RцCS ёsBбс┐┌ЦSsSCCc┌цCRЦC#┐┐bцCS ёsRбсBЦ3⌠cCrц3rЦ⌠33▓цCS ёsbбс▓Ц##C⌠┌ц#rЦCc⌠C#BцCS ёsrбс3"Ц┐cS3cBцbЦc⌠┌цCS ёs┌бсCRЦ#C┐ccBцBЦcCS2цCS ёs▓бсSbЦ#33Bц⌠Цc3S3BцCS ё┐бсcRЦs3bцsrЦs333#▓цCS ё┐бсs2ЦS⌠c⌠cBцc2ЦCC⌠┌цCS ё┐"бсs▓Ц┐⌠┐▓цCrЦ┐cs⌠C32цCS ё┐2бс┐BЦ#┐⌠SSBц3"Цs3⌠CцCS ё┐Bбс┐bЦ⌠⌠S#цbЦc3#cBцCS ё┐Rбс┐rЦ▓бс2Ц#C#⌠S#c⌠cFRс2цCS ё┐bбс┐bЦ⌠⌠S#бсbЦc3#cBцCS ё┐rбс┐BЦ#┐⌠SSBбс3"Цs3⌠CцCS ё┐┌бсs▓Ц┐⌠┐▓бсCrЦ┐cs⌠C32цCS ё┐▓бсs2ЦS⌠c⌠cBбсc2ЦCC⌠┌цCS ё⌠бсcRЦs3bбсsrЦs333#▓цCS ё⌠бсSbЦ#33Bбс⌠Цc3S3BцCS ё⌠"бсCRЦ#C┐ccBбсBЦcCS2цCS ё⌠2бс3"Ц┐cS3cBбсbЦc⌠┌цCS ё⌠Bбс▓Ц##C⌠┌бс#rЦCc⌠C#BцCS ё⌠RбсBЦ3⌠cCrбс3rЦ⌠33▓цCS ё⌠bбс┐┌ЦSsSCCc┌бсCRЦC#┐┐bцCS ё⌠rбсsЦ⌠c#c▓бсS"Ц3Css3RцCS ё⌠┌бсSBЦSCCC⌠▓бсSrЦs⌠⌠CcцCS ё⌠▓бс3bЦcSsCsRбсcЦs3C⌠2цCS ё#бс┌ЦCsC#rбсcBЦS⌠cцCS ё#ц2ЦS3S┐#sC┐√Rс2бсcBЦ▓цCS ё#"ц┌ЦCsC#rбсcBЦS⌠cцCS ё#2ц3bЦcSsCsRбсcЦs3C⌠2цCS ё#BцSBЦSCCC⌠▓бсSrЦs⌠⌠CcцCS ё#RцsЦ⌠c#c▓бсS"Ц3Css3RцCS ё#bц┐┌ЦSsSCCc┌бсCRЦC#┐┐bцCS ё#rцBЦ3⌠cCrбс3rЦ⌠33▓цCS ё#┌ц▓Ц##C⌠┌бс#rЦCc⌠C#BцCS ё#▓ц3"Ц┐cS3cBбсbЦc⌠┌цCS ё#цCRЦ#C┐ccBбсBЦcCS2цCS ё#цSbЦ#33Bбс⌠Цc3S3BцCS ё#"цcRЦs3bбсsrЦs333#▓цCS ё#2цs2ЦS⌠c⌠cBбсc2ЦCC⌠┌цCS ё#Bцs▓Ц┐⌠┐▓бсCrЦ┐cs⌠C32цCS ё#Rц┐BЦ#┐⌠SSBбс3"Цs3⌠CцCS ё#bц┐bЦ⌠⌠S#бсbЦc3#cBцCS ё#rц┐rЦ▓ц"Ц⌠⌠C┐⌠C⌠S√RсBцCsPё#┌ц┐bЦ⌠⌠S#цbЦc3#cBцCsPё#▓ц┐BЦ#┐⌠SSBц3"Цs3⌠CцCsPё##цs▓Ц┐⌠┐▓цCrЦ┐cs⌠C32цCsPё##цs2ЦS⌠c⌠cBцc2ЦCC⌠┌цCsPё##"цcRЦs3bцsrЦs333#▓цCsPё##2цSbЦ#33Bц⌠Цc3S3BцCsPё##BцCRЦ#C┐ccBцBЦcCS2цCsPё##Rц3"Ц┐cS3cBцbЦc⌠┌цCsPё##bц▓Ц##C⌠┌ц#rЦCc⌠C#BцCsPё##rцBЦ3⌠cCrц3rЦ⌠33▓цCsPё##┌ц┐┌ЦSsSCCc┌цCRЦC#┐┐bцCsPё##▓цsЦ⌠c#c▓цS"Ц3Css3RцCsPё#3цSBЦSCCC⌠▓цSrЦs⌠⌠CcцCsPё#3ц3bЦcSsCsRцcЦs3C⌠2цCsPё#3"ц┌ЦCsC#rцcBЦS⌠cцCsPё#32ц▓Ц##SSS⌠36RсRцcBЦ▓цCsPё#3Bбс┌ЦCsC#rцcBЦS⌠cцCsPё#3Rбс3bЦcSsCsRцcЦs3C⌠2цCsPё#3bбсSBЦSCCC⌠▓цSrЦs⌠⌠CcцCsPё#3rбсsЦ⌠c#c▓цS"Ц3Css3RцCsPё#3┌бс┐┌ЦSsSCCc┌цCRЦC#┐┐bцCsPё#3▓бсBЦ3⌠cCrц3rЦ⌠33▓цCsPё#Cбс▓Ц##C⌠┌ц#rЦCc⌠C#BцCsPё#Cбс3"Ц┐cS3cBцbЦc⌠┌цCsPё#C"бсCRЦ#C┐ccBцBЦcCS2цCsPё#C2бсSbЦ#33Bц⌠Цc3S3BцCsPё#CBбсcRЦs3bцsrЦs333#▓цCsPё#CRбсs2ЦS⌠c⌠cBцc2ЦCC⌠┌цCsPё#Cbбсs▓Ц┐⌠┐▓цCrЦ┐cs⌠C32цCsPё#Crбс┐BЦ#┐⌠SSBц3"Цs3⌠CцCsPё#C┌бс┐bЦ⌠⌠S#цbЦc3#cBцCsPё#C▓бс┐rЦ▓бс2Ц#SccC┐#3&Rс2цCsPё#Sбс┐bЦ⌠⌠S#бсbЦc3#cBцCsPё#Sбс┐BЦ#┐⌠SSBбс3"Цs3⌠CцCsPё#S"бсs▓Ц┐⌠┐▓бсCrЦ┐cs⌠C32цCsPё#S2бсs2ЦS⌠c⌠cBбсc2ЦCC⌠┌цCsPё#SBбсcRЦs3bбсsrЦs333#▓цCsPё#SRбсSbЦ#33Bбс⌠Цc3S3BцCsPё#SbбсCRЦ#C┐ccBбсBЦcCS2цCsPё#Srбс3"Ц┐cS3cBбсbЦc⌠┌цCsPё#S┌бс▓Ц##C⌠┌бс#rЦCc⌠C#BцCsPё#S▓бсBЦ3⌠cCrбс3rЦ⌠33▓цCsPё#cбс┐┌ЦSsSCCc┌бсCRЦC#┐┐bцCsPё#cбсsЦ⌠c#c▓бсS"Ц3Css3RцCsPё#c"бсSBЦSCCC⌠▓бсSrЦs⌠⌠CcцCsPё#c2бс3bЦcSsCsRбсcЦs3C⌠2цCsPё#cBбс┌ЦCsC#rбсcBЦS⌠cцCsPё#cRц2ЦC⌠C333s┐#├Rс2бсcBЦ▓цCsPё#cbц┌ЦCsC#rбсcBЦS⌠cцCsPё#crц3bЦcSsCsRбсcЦs3C⌠2цCsPё#c┌цSBЦSCCC⌠▓бсSrЦs⌠⌠CcцCsPё#c▓цsЦ⌠c#c▓бсS"Ц3Css3RцCsPё#sц┐┌ЦSsSCCc┌бсCRЦC#┐┐bцCsPё#sцBЦ3⌠cCrбс3rЦ⌠33▓цCsPё#s"ц▓Ц##C⌠┌бс#rЦCc⌠C#BцCsPё#s2ц3"Ц┐cS3cBбсbЦc⌠┌цCsPё#sBцCRЦ#C┐ccBбсBЦcCS2цCsPё#sRцSbЦ#33Bбс⌠Цc3S3BцCsPё#sbцcRЦs3bбсsrЦs333#▓цCsPё#srцs2ЦS⌠c⌠cBбсc2ЦCC⌠┌цCsPё#s┌цs▓Ц┐⌠┐▓бсCrЦ┐cs⌠C32цCsPё#s▓ц┐BЦ#┐⌠SSBбс3"Цs3⌠CцCsPё#┐ц┐bЦ⌠⌠S#бсbЦc3#cBцCsPё#┐ц┐rЦ▓цЦ##┐SC3┐s√RсBцS ё#┐"ц┐bЦ⌠⌠S#цbЦc3#cBцS ё#┐2ц┐BЦ#┐⌠SSBц3"Цs3⌠CцS ё#┐Bцs▓Ц┐⌠┐▓цCrЦ┐cs⌠C32цS ё#┐Rцs2ЦS⌠c⌠cBцc2ЦCC⌠┌цS ё#┐bцcRЦs3bцsrЦs333#▓цS ё#┐rцSbЦ#33Bц⌠Цc3S3BцS ё#┐┌цCRЦ#C┐ccBцBЦcCS2цS ё#┐▓ц3"Ц┐cS3cBцbЦc⌠┌цS ё#⌠ц▓Ц##C⌠┌ц#rЦCc⌠C#BцS ё#⌠цBЦ3⌠cCrц3rЦ⌠33▓цS ё#⌠"ц┐┌ЦSsSCCc┌цCRЦC#┐┐bцS ё#⌠2цsЦ⌠c#c▓цS"Ц3Css3RцS ё#⌠BцSBЦSCCC⌠▓цSrЦs⌠⌠CcцS ё#⌠Rц3bЦcSsCsRцcЦs3C⌠2цS ё#⌠bц┌ЦCsC#rцcBЦS⌠cцS ё#⌠rцЦ#S⌠sC⌠CSRсBцcBЦ▓цS ё#⌠┌бс┌ЦCsC#rцcBЦS⌠cцS ё#⌠▓бс3bЦcSsCsRцcЦs3C⌠2цS ё3бсSBЦSCCC⌠▓цSrЦs⌠⌠CcцS ё3бсsЦ⌠c#c▓цS"Ц3Css3RцS ё3"бс┐┌ЦSsSCCc┌цCRЦC#┐┐bцS ё32бсBЦ3⌠cCrц3rЦ⌠33▓цS ё3Bбс▓Ц##C⌠┌ц#rЦCc⌠C#BцS ё3Rбс3"Ц┐cS3cBцbЦc⌠┌цS ё3bбсCRЦ#C┐ccBцBЦcCS2цS ё3rбсSbЦ#33Bц⌠Цc3S3BцS ё3┌бсcRЦs3bцsrЦs333#▓цS ё3▓бсs2ЦS⌠c⌠cBцc2ЦCC⌠┌цS ё3бсs▓Ц┐⌠┐▓цCrЦ┐cs⌠C32цS ё3бс┐BЦ#┐⌠SSBц3"Цs3⌠CцS ё3"бс┐bЦ⌠⌠S#цbЦc3#cBцS ё32бс┐rЦ▓бс2Ц#c#s3sc3SFRс2цS ё3Bбс┐bЦ⌠⌠S#бсbЦc3#cBцS ё3Rбс┐BЦ#┐⌠SSBбс3"Цs3⌠CцS ё3bбсs▓Ц┐⌠┐▓бсCrЦ┐cs⌠C32цS ё3rбсs2ЦS⌠c⌠cBбсc2ЦCC⌠┌цS ё3┌бсcRЦs3bбсsrЦs333#▓цS ё3▓бсSbЦ#33Bбс⌠Цc3S3BцS ё3#бсCRЦ#C┐ccBбсBЦcCS2цS ё3#бс3"Ц┐cS3cBбсbЦc⌠┌цS ё3#"бс▓Ц##C⌠┌бс#rЦCc⌠C#BцS ё3#2бсBЦ3⌠cCrбс3rЦ⌠33▓цS ё3#Bбс┐┌ЦSsSCCc┌бсCRЦC#┐┐bцS ё3#RбсsЦ⌠c#c▓бсS"Ц3Css3RцS ё3#bбсSBЦSCCC⌠▓бсSrЦs⌠⌠CcцS ё3#rбс3bЦcSsCsRбсcЦs3C⌠2цS ё3#┌бс┌ЦCsC#rбсcBЦS⌠cцS ё3#▓ц2ЦC⌠sSC┐#S6Rс2бсcBЦ▓цS ё33ц┌ЦCsC#rбсcBЦS⌠cцS ё33ц3bЦcSsCsRбсcЦs3C⌠2цS ё33"цSBЦSCCC⌠▓бсSrЦs⌠⌠CcцS ё332цsЦ⌠c#c▓бсS"Ц3Css3RцS ё33Bц┐┌ЦSsSCCc┌бсCRЦC#┐┐bцS ё33RцBЦ3⌠cCrбс3rЦ⌠33▓цS ё33bц▓Ц##C⌠┌бс#rЦCc⌠C#BцS ё33rц3"Ц┐cS3cBбсbЦc⌠┌цS ё33┌цCRЦ#C┐ccBбсBЦcCS2цS ё33▓цSbЦ#33Bбс⌠Цc3S3BцS ё3CцcRЦs3bбсsrЦs333#▓цS ё3Cцs2ЦS⌠c⌠cBбсc2ЦCC⌠┌цS ё3C"цs▓Ц┐⌠┐▓бсCrЦ┐cs⌠C32цS ё3C2ц┐BЦ#┐⌠SSBбс3"Цs3⌠CцS ё3CBц┐bЦ⌠⌠S#бсbЦc3#cBцS ё3CRц┐rЦ▓цbЦCcSs┐⌠c┐fRсRцS#Pё3Cbц┐bЦ⌠⌠S#цbЦc3#cBцS#Pё3Crц┐BЦ#┐⌠SSBц3"Цs3⌠CцS#Pё3C┌цs▓Ц┐⌠┐▓цCrЦ┐cs⌠C32цS#Pё3C▓цs2ЦS⌠c⌠cBцc2ЦCC⌠┌цS#Pё3SцcRЦs3bцsrЦs333#▓цS#Pё3SцSbЦ#33Bц⌠Цc3S3BцS#Pё3S"цCRЦ#C┐ccBцBЦcCS2цS#Pё3S2ц3"Ц┐cS3cBцbЦc⌠┌цS#Pё3SBц▓Ц##C⌠┌ц#rЦCc⌠C#BцS#Pё3SRцBЦ3⌠cCrц3rЦ⌠33▓цS#Pё3Sbц┐┌ЦSsSCCc┌цCRЦC#┐┐bцS#Pё3SrцsЦ⌠c#c▓цS"Ц3Css3RцS#Pё3S┌цSBЦSCCC⌠▓цSrЦs⌠⌠CcцS#Pё3S▓ц3bЦcSsCsRцcЦs3C⌠2цS#Pё3cц┌ЦCsC#rцcBЦS⌠cцS#Pё3cц▓Цc⌠CCCCRсRцcBЦ▓цS#Pё3c"бс┌ЦCsC#rцcBЦS⌠cцS#Pё3c2бс3bЦcSsCsRцcЦs3C⌠2цS#Pё3cBбсSBЦSCCC⌠▓цSrЦs⌠⌠CcцS#Pё3cRбсsЦ⌠c#c▓цS"Ц3Css3RцS#Pё3cbбс┐┌ЦSsSCCc┌цCRЦC#┐┐bцS#Pё3crбсBЦ3⌠cCrц3rЦ⌠33▓цS#Pё3c┌бс▓Ц##C⌠┌ц#rЦCc⌠C#BцS#Pё3c▓бс3"Ц┐cS3cBцbЦc⌠┌цS#Pё3sбсCRЦ#C┐ccBцBЦcCS2цS#Pё3sбсSbЦ#33Bц⌠Цc3S3BцS#Pё3s"бсcRЦs3bцsrЦs333#▓цS#Pё3s2бсs2ЦS⌠c⌠cBцc2ЦCC⌠┌цS#Pё3sBбсs▓Ц┐⌠┐▓цCrЦ┐cs⌠C32цS#Pё3sRбс┐BЦ#┐⌠SSBц3"Цs3⌠CцS#Pё3sbбс┐bЦ⌠⌠S#цbЦc3#cBцS#Pё3srбс┐rЦ▓бс2Ц#ssCCC⌠#s√Rс2цS#Pё3s┌бс┐bЦ⌠⌠S#бсbЦc3#cBцS#Pё3s▓бс┐BЦ#┐⌠SSBбс3"Цs3⌠CцS#Pё3┐бсs▓Ц┐⌠┐▓бсCrЦ┐cs⌠C32цS#Pё3┐бсs2ЦS⌠c⌠cBбсc2ЦCC⌠┌цS#Pё3┐"бсcRЦs3bбсsrЦs333#▓цS#Pё3┐2бсSbЦ#33Bбс⌠Цc3S3BцS#Pё3┐BбсCRЦ#C┐ccBбсBЦcCS2цS#Pё3┐Rбс3"Ц┐cS3cBбсbЦc⌠┌цS#Pё3┐bбс▓Ц##C⌠┌бс#rЦCc⌠C#BцS#Pё3┐rбсBЦ3⌠cCrбс3rЦ⌠33▓цS#Pё3┐┌бс┐┌ЦSsSCCc┌бсCRЦC#┐┐bцS#Pё3┐▓бсsЦ⌠c#c▓бсS"Ц3Css3RцS#Pё3⌠бсSBЦSCCC⌠▓бсSrЦs⌠⌠CcцS#Pё3⌠бс3bЦcSsCsRбсcЦs3C⌠2цS#Pё3⌠"бс┌ЦCsC#rбсcBЦS⌠cцS#Pё3⌠2ц2ЦSc⌠S3⌠FRс2бсcBЦ▓цS#Pё3⌠Bц┌ЦCsC#rбсcBЦS⌠cцS#Pё3⌠Rц3bЦcSsCsRбсcЦs3C⌠2цS#Pё3⌠bцSBЦSCCC⌠▓бсSrЦs⌠⌠CcцS#Pё3⌠rцsЦ⌠c#c▓бсS"Ц3Css3RцS#Pё3⌠┌ц┐┌ЦSsSCCc┌бсCRЦC#┐┐bцS#Pё3⌠▓цBЦ3⌠cCrбс3rЦ⌠33▓цS#PёCц▓Ц##C⌠┌бс#rЦCc⌠C#BцS#PёCц3"Ц┐cS3cBбсbЦc⌠┌цS#PёC"цCRЦ#C┐ccBбсBЦcCS2цS#PёC2цSbЦ#33Bбс⌠Цc3S3BцS#PёCBцcRЦs3bбсsrЦs333#▓цS#PёCRцs2ЦS⌠c⌠cBбсc2ЦCC⌠┌цS#PёCbцs▓Ц┐⌠┐▓бсCrЦ┐cs⌠C32цS#PёCrц┐BЦ#┐⌠SSBбс3"Цs3⌠CцS#PёC┌ц┐bЦ⌠⌠S#бсbЦc3#cBцS#PёC▓ц┐rЦ▓ц"ЦsCScs##S⌠fRсRцSS ёCц┐bЦ⌠⌠S#цbЦc3#cBцSS ёCц┐BЦ#┐⌠SSBц3"Цs3⌠CцSS ёC"цs▓Ц┐⌠┐▓цCrЦ┐cs⌠C32цSS ёC2цs2ЦS⌠c⌠cBцc2ЦCC⌠┌цSS ёCBцcRЦs3bцsrЦs333#▓цSS ёCRцSbЦ#33Bц⌠Цc3S3BцSS ёCbцCRЦ#C┐ccBцBЦcCS2цSS ёCrц3"Ц┐cS3cBцbЦc⌠┌цSS ёC┌ц▓Ц##C⌠┌ц#rЦCc⌠C#BцSS ёC▓цBЦ3⌠cCrц3rЦ⌠33▓цSS ёC#ц┐┌ЦSsSCCc┌цCRЦC#┐┐bцSS ёC#цsЦ⌠c#c▓цS"Ц3Css3RцSS ёC#"цSBЦSCCC⌠▓цSrЦs⌠⌠CcцSS ёC#2ц3bЦcSsCsRцcЦs3C⌠2цSS ёC#Bц┌ЦCsC#rцcBЦS⌠cцSS ёC#RцЦ┐SCs┐ScvRсBцcBЦ▓цSS ёC#bбс┌ЦCsC#rцcBЦS⌠cцSS ёC#rбс3bЦcSsCsRцcЦs3C⌠2цSS ёC#┌бсSBЦSCCC⌠▓цSrЦs⌠⌠CcцSS ёC#▓бсsЦ⌠c#c▓цS"Ц3Css3RцSS ёC3бс┐┌ЦSsSCCc┌цCRЦC#┐┐bцSS ёC3бсBЦ3⌠cCrц3rЦ⌠33▓цSS ёC3"бс▓Ц##C⌠┌ц#rЦCc⌠C#BцSS ёC32бс3"Ц┐cS3cBцbЦc⌠┌цSS ёC3BбсCRЦ#C┐ccBцBЦcCS2цSS ёC3RбсSbЦ#33Bц⌠Цc3S3BцSS ёC3bбсcRЦs3bцsrЦs333#▓цSS ёC3rбсs2ЦS⌠c⌠cBцc2ЦCC⌠┌цSS ёC3┌бсs▓Ц┐⌠┐▓цCrЦ┐cs⌠C32цSS ёC3▓бс┐BЦ#┐⌠SSBц3"Цs3⌠CцSS ёCCбс┐bЦ⌠⌠S#цbЦc3#cBцSS ёCCбс┐rЦ▓бс2Ц#Scs┐┐3#Rс2цSS ёCC"бс┐bЦ⌠⌠S#бсbЦc3#cBцSS ёCC2бс┐BЦ#┐⌠SSBбс3"Цs3⌠CцSS ёCCBбсs▓Ц┐⌠┐▓бсCrЦ┐cs⌠C32цSS ёCCRбсs2ЦS⌠c⌠cBбсc2ЦCC⌠┌цSS ёCCbбсcRЦs3bбсsrЦs333#▓цSS ёCCrбсSbЦ#33Bбс⌠Цc3S3BцSS ёCC┌бсCRЦ#C┐ccBбсBЦcCS2цSS ёCC▓бс3"Ц┐cS3cBбсbЦc⌠┌цSS ёCSбс▓Ц##C⌠┌бс#rЦCc⌠C#BцSS ёCSбсBЦ3⌠cCrбс3rЦ⌠33▓цSS ёCS"бс┐┌ЦSsSCCc┌бсCRЦC#┐┐bцSS ёCS2бсsЦ⌠c#c▓бсS"Ц3Css3RцSS ёCSBбсSBЦSCCC⌠▓бсSrЦs⌠⌠CcцSS ёCSRбс3bЦcSsCsRбсcЦs3C⌠2цSS ёCSbбс┌ЦCsC#rбсcBЦS⌠cцSS ёCSrц2ЦC⌠cs#c#3FRс2бсcBЦ▓цSS ёCS┌ц┌ЦCsC#rбсcBЦS⌠cцSS ёCS▓ц3bЦcSsCsRбсcЦs3C⌠2цSS ёCcцSBЦSCCC⌠▓бсSrЦs⌠⌠CcцSS ёCcцsЦ⌠c#c▓бсS"Ц3Css3RцSS ёCc"ц┐┌ЦSsSCCc┌бсCRЦC#┐┐bцSS ёCc2цBЦ3⌠cCrбс3rЦ⌠33▓цSS ёCcBц▓Ц##C⌠┌бс#rЦCc⌠C#BцSS ёCcRц3"Ц┐cS3cBбсbЦc⌠┌цSS ёCcbцCRЦ#C┐ccBбсBЦcCS2цSS ёCcrцSbЦ#33Bбс⌠Цc3S3BцSS ёCc┌цcRЦs3bбсsrЦs333#▓цSS ёCc▓цs2ЦS⌠c⌠cBбсc2ЦCC⌠┌цSS ёCsцs▓Ц┐⌠┐▓бсCrЦ┐cs⌠C32цSS ёCsц┐BЦ#┐⌠SSBбс3"Цs3⌠CцSS ёCs"ц┐bЦ⌠⌠S#бсbЦc3#cBцSS ёCs2ц┐rЦ▓бсbЦCC┐sS┐#√RсbцSsPёCsBц┐bЦ⌠⌠S#цbЦc3#cBцSsPёCsRц┐BЦ#┐⌠SSBц3"Цs3⌠CцSsPёCsbцs▓Ц┐⌠┐▓цCrЦ┐cs⌠C32цSsPёCsrцs2ЦS⌠c⌠cBцc2ЦCC⌠┌цSsPёCs┌цcRЦs3bцsrЦs333#▓цSsPёCs▓цSbЦ#33Bц⌠Цc3S3BцSsPёC┐цCRЦ#C┐ccBцBЦcCS2цSsPёC┐ц3"Ц┐cS3cBцbЦc⌠┌цSsPёC┐"ц▓Ц##C⌠┌ц#rЦCc⌠C#BцSsPёC┐2цBЦ3⌠cCrц3rЦ⌠33▓цSsPёC┐Bц┐┌ЦSsSCCc┌цCRЦC#┐┐bцSsPёC┐RцsЦ⌠c#c▓цS"Ц3Css3RцSsPёC┐bцSBЦSCCC⌠▓цSrЦs⌠⌠CcцSsPёC┐rц3bЦcSsCsRцcЦs3C⌠2цSsPёC┐┌ц┌ЦCsC#rцcBЦS⌠cцSsPёC┐▓цЦ3CCCCscc√RсBцcBЦ▓цSsPёC⌠бс┌ЦCsC#rцcBЦS⌠cцSsPёC⌠бс3bЦcSsCsRцcЦs3C⌠2цSsPёC⌠"бсSBЦSCCC⌠▓цSrЦs⌠⌠CcцSsPёC⌠2бсsЦ⌠c#c▓цS"Ц3Css3RцSsPёC⌠Bбс┐┌ЦSsSCCc┌цCRЦC#┐┐bцSsPёC⌠RбсBЦ3⌠cCrц3rЦ⌠33▓цSsPёC⌠bбс▓Ц##C⌠┌ц#rЦCc⌠C#BцSsPёC⌠rбс3"Ц┐cS3cBцbЦc⌠┌цSsPёC⌠┌бсCRЦ#C┐ccBцBЦcCS2цSsPёC⌠▓бсSbЦ#33Bц⌠Цc3S3BцSsPёSбсcRЦs3bцsrЦs333#▓цSsPёSбсs2ЦS⌠c⌠cBцc2ЦCC⌠┌цSsPёS"бсs▓Ц┐⌠┐▓цCrЦ┐cs⌠C32цSsPёS2бс┐BЦ#┐⌠SSBц3"Цs3⌠CцSsPёSBбс┐bЦ⌠⌠S#цbЦc3#cBцSsPёSRбс┐rЦ▓бс2Ц#⌠Cs#CSfRс2цSsPёSbбс┐bЦ⌠⌠S#бсbЦc3#cBцSsPёSrбс┐BЦ#┐⌠SSBбс3"Цs3⌠CцSsPёS┌бсs▓Ц┐⌠┐▓бсCrЦ┐cs⌠C32цSsPёS▓бсs2ЦS⌠c⌠cBбсc2ЦCC⌠┌цSsPёSбсcRЦs3bбсsrЦs333#▓цSsPёSбсSbЦ#33Bбс⌠Цc3S3BцSsPёS"бсCRЦ#C┐ccBбсBЦcCS2цSsPёS2бс3"Ц┐cS3cBбсbЦc⌠┌цSsPёSBбс▓Ц##C⌠┌бс#rЦCc⌠C#BцSsPёSRбсBЦ3⌠cCrбс3rЦ⌠33▓цSsPёSbбс┐┌ЦSsSCCc┌бсCRЦC#┐┐bцSsPёSrбсsЦ⌠c#c▓бсS"Ц3Css3RцSsPёS┌бсSBЦSCCC⌠▓бсSrЦs⌠⌠CcцSsPёS▓бс3bЦcSsCsRбсcЦs3C⌠2цSsPёS#бс┌ЦCsC#rбсcBЦS⌠cцSsPёS#ц2ЦS┐S⌠###vRс2бсcBЦ▓цSsPёS#"ц┌ЦCsC#rбсcBЦS⌠cцSsPёS#2ц3bЦcSsCsRбсcЦs3C⌠2цSsPёS#BцSBЦSCCC⌠▓бсSrЦs⌠⌠CcцSsPёS#RцsЦ⌠c#c▓бсS"Ц3Css3RцSsPёS#bц┐┌ЦSsSCCc┌бсCRЦC#┐┐bцSsPёS#rцBЦ3⌠cCrбс3rЦ⌠33▓цSsPёS#┌ц▓Ц##C⌠┌бс#rЦCc⌠C#BцSsPёS#▓ц3"Ц┐cS3cBбсbЦc⌠┌цSsPёS3цCRЦ#C┐ccBбсBЦcCS2цSsPёS3цSbЦ#33Bбс⌠Цc3S3BцSsPёS3"цcRЦs3bбсsrЦs333#▓цSsPёS32цs2ЦS⌠c⌠cBбсc2ЦCC⌠┌цSsPёS3Bцs▓Ц┐⌠┐▓бсCrЦ┐cs⌠C32цSsPёS3Rц┐BЦ#┐⌠SSBбс3"Цs3⌠CцSsPёS3bц┐bЦ⌠⌠S#бсbЦc3#cBцSsPёS3rц┐rЦ▓бс2Ц┐3CSss#3S⌠√RсRцc ёS3┌ц┐bЦ⌠⌠S#цbЦc3#cBцc ёS3▓ц┐BЦ#┐⌠SSBц3"Цs3⌠Cцc ёSCцs▓Ц┐⌠┐▓цCrЦ┐cs⌠C32цc ёSCцs2ЦS⌠c⌠cBцc2ЦCC⌠┌цc ёSC"цcRЦs3bцsrЦs333#▓цc ёSC2цSbЦ#33Bц⌠Цc3S3Bцc ёSCBцCRЦ#C┐ccBцBЦcCS2цc ёSCRц3"Ц┐cS3cBцbЦc⌠┌цc ёSCbц▓Ц##C⌠┌ц#rЦCc⌠C#Bцc ёSCrцBЦ3⌠cCrц3rЦ⌠33▓цc ёSC┌ц┐┌ЦSsSCCc┌цCRЦC#┐┐bцc ёSC▓цsЦ⌠c#c▓цS"Ц3Css3Rцc ёSSцSBЦSCCC⌠▓цSrЦs⌠⌠Ccцc ёSSц3bЦcSsCsRцcЦs3C⌠2цc ёSS"ц┌ЦCsC#rцcBЦS⌠cцc ёSS2цЦC#3CS⌠√RсBцcBЦ▓цc ёSSBбс┌ЦCsC#rцcBЦS⌠cцc ёSSRбс3bЦcSsCsRцcЦs3C⌠2цc ёSSbбсSBЦSCCC⌠▓цSrЦs⌠⌠Ccцc ёSSrбсsЦ⌠c#c▓цS"Ц3Css3Rцc ёSS┌бс┐┌ЦSsSCCc┌цCRЦC#┐┐bцc ёSS▓бсBЦ3⌠cCrц3rЦ⌠33▓цc ёScбс▓Ц##C⌠┌ц#rЦCc⌠C#Bцc ёScбс3"Ц┐cS3cBцbЦc⌠┌цc ёSc"бсCRЦ#C┐ccBцBЦcCS2цc ёSc2бсSbЦ#33Bц⌠Цc3S3Bцc ёScBбсcRЦs3bцsrЦs333#▓цc ёScRбсs2ЦS⌠c⌠cBцc2ЦCC⌠┌цc ёScbбсs▓Ц┐⌠┐▓цCrЦ┐cs⌠C32цc ёScrбс┐BЦ#┐⌠SSBц3"Цs3⌠Cцc ёSc┌бс┐bЦ⌠⌠S#цbЦc3#cBцc ёSc▓бс┐rЦ▓бс2Ц3#⌠┐3scFRс2цc ёSsбс┐bЦ⌠⌠S#бсbЦc3#cBцc ёSsбс┐BЦ#┐⌠SSBбс3"Цs3⌠Cцc ёSs"бсs▓Ц┐⌠┐▓бсCrЦ┐cs⌠C32цc ёSs2бсs2ЦS⌠c⌠cBбсc2ЦCC⌠┌цc ёSsBбсcRЦs3bбсsrЦs333#▓цc ёSsRбсSbЦ#33Bбс⌠Цc3S3Bцc ёSsbбсCRЦ#C┐ccBбсBЦcCS2цc ёSsrбс3"Ц┐cS3cBбсbЦc⌠┌цc ёSs┌бс▓Ц##C⌠┌бс#rЦCc⌠C#Bцc ёSs▓бсBЦ3⌠cCrбс3rЦ⌠33▓цc ёS┐бс┐┌ЦSsSCCc┌бсCRЦC#┐┐bцc ёS┐бсsЦ⌠c#c▓бсS"Ц3Css3Rцc ёS┐"бсSBЦSCCC⌠▓бсSrЦs⌠⌠Ccцc ёS┐2бс3bЦcSsCsRбсcЦs3C⌠2цc ёS┐Bбс┌ЦCsC#rбсcBЦS⌠cцc ёS┐Rц2ЦS#3ss33FRс2бсcBЦ▓цc ёS┐bц┌ЦCsC#rбсcBЦS⌠cцc ёS┐rц3bЦcSsCsRбсcЦs3C⌠2цc ёS┐┌цSBЦSCCC⌠▓бсSrЦs⌠⌠Ccцc ёS┐▓цsЦ⌠c#c▓бсS"Ц3Css3Rцc ёS⌠ц┐┌ЦSsSCCc┌бсCRЦC#┐┐bцc ёS⌠цBЦ3⌠cCrбс3rЦ⌠33▓цc ёS⌠"ц▓Ц##C⌠┌бс#rЦCc⌠C#Bцc ёS⌠2ц3"Ц┐cS3cBбсbЦc⌠┌цc ёS⌠BцCRЦ#C┐ccBбсBЦcCS2цc ёS⌠RцSbЦ#33Bбс⌠Цc3S3Bцc ёS⌠bцcRЦs3bбсsrЦs333#▓цc ёS⌠rцs2ЦS⌠c⌠cBбсc2ЦCC⌠┌цc ёS⌠┌цs▓Ц┐⌠┐▓бсCrЦ┐cs⌠C32цc ёS⌠▓ц┐BЦ#┐⌠SSBбс3"Цs3⌠Cцc ёcц┐bЦ⌠⌠S#бсbЦc3#cBцc ёcц┐rЦ▓бсЦ⌠┐CSs┐├RсRцc#Pёc"ц┐bЦ⌠⌠S#цbЦc3#cBцc#Pёc2ц┐BЦ#┐⌠SSBц3"Цs3⌠Cцc#PёcBцs▓Ц┐⌠┐▓цCrЦ┐cs⌠C32цc#PёcRцs2ЦS⌠c⌠cBцc2ЦCC⌠┌цc#PёcbцcRЦs3bцsrЦs333#▓цc#PёcrцSbЦ#33Bц⌠Цc3S3Bцc#Pёc┌цCRЦ#C┐ccBцBЦcCS2цc#Pёc▓ц3"Ц┐cS3cBцbЦc⌠┌цc#Pёcц▓Ц##C⌠┌ц#rЦCc⌠C#Bцc#PёcцBЦ3⌠cCrц3rЦ⌠33▓цc#Pёc"ц┐┌ЦSsSCCc┌цCRЦC#┐┐bцc#Pёc2цsЦ⌠c#c▓цS"Ц3Css3Rцc#PёcBцSBЦSCCC⌠▓цSrЦs⌠⌠Ccцc#PёcRц3bЦcSsCsRцcЦs3C⌠2цc#Pёcbц┌ЦCsC#rцcBЦS⌠cцc#PёcrцЦ┐⌠C┐ScScs6RсBцcBЦ▓цc#Pёc┌бс┌ЦCsC#rцcBЦS⌠cцc#Pёc▓бс3bЦcSsCsRцcЦs3C⌠2цc#Pёc#бсSBЦSCCC⌠▓цSrЦs⌠⌠Ccцc#Pёc#бсsЦ⌠c#c▓цS"Ц3Css3Rцc#Pёc#"бс┐┌ЦSsSCCc┌цCRЦC#┐┐bцc#Pёc#2бсBЦ3⌠cCrц3rЦ⌠33▓цc#Pёc#Bбс▓Ц##C⌠┌ц#rЦCc⌠C#Bцc#Pёc#Rбс3"Ц┐cS3cBцbЦc⌠┌цc#Pёc#bбсCRЦ#C┐ccBцBЦcCS2цc#Pёc#rбсSbЦ#33Bц⌠Цc3S3Bцc#Pёc#┌бсcRЦs3bцsrЦs333#▓цc#Pёc#▓бсs2ЦS⌠c⌠cBцc2ЦCC⌠┌цc#Pёc3бсs▓Ц┐⌠┐▓цCrЦ┐cs⌠C32цc#Pёc3бс┐BЦ#┐⌠SSBц3"Цs3⌠Cцc#Pёc3"бс┐bЦ⌠⌠S#цbЦc3#cBцc#Pёc32бс┐rЦ▓бс2Ц333c33VRс2цc#Pёc3Bбс┐bЦ⌠⌠S#бсbЦc3#cBцc#Pёc3Rбс┐BЦ#┐⌠SSBбс3"Цs3⌠Cцc#Pёc3bбсs▓Ц┐⌠┐▓бсCrЦ┐cs⌠C32цc#Pёc3rбсs2ЦS⌠c⌠cBбсc2ЦCC⌠┌цc#Pёc3┌бсcRЦs3bбсsrЦs333#▓цc#Pёc3▓бсSbЦ#33Bбс⌠Цc3S3Bцc#PёcCбсCRЦ#C┐ccBбсBЦcCS2цc#PёcCбс3"Ц┐cS3cBбсbЦc⌠┌цc#PёcC"бс▓Ц##C⌠┌бс#rЦCc⌠C#Bцc#PёcC2бсBЦ3⌠cCrбс3rЦ⌠33▓цc#PёcCBбс┐┌ЦSsSCCc┌бсCRЦC#┐┐bцc#PёcCRбсsЦ⌠c#c▓бсS"Ц3Css3Rцc#PёcCbбсSBЦSCCC⌠▓бсSrЦs⌠⌠Ccцc#PёcCrбс3bЦcSsCsRбсcЦs3C⌠2цc#PёcC┌бс┌ЦCsC#rбсcBЦS⌠cцc#PёcC▓ц2ЦS3s3┐3sRс2бсcBЦ▓цc#PёcSц┌ЦCsC#rбсcBЦS⌠cцc#PёcSц3bЦcSsCsRбсcЦs3C⌠2цc#PёcS"цSBЦSCCC⌠▓бсSrЦs⌠⌠Ccцc#PёcS2цsЦ⌠c#c▓бсS"Ц3Css3Rцc#PёcSBц┐┌ЦSsSCCc┌бсCRЦC#┐┐bцc#PёcSRцBЦ3⌠cCrбс3rЦ⌠33▓цc#PёcSbц▓Ц##C⌠┌бс#rЦCc⌠C#Bцc#PёcSrц3"Ц┐cS3cBбсbЦc⌠┌цc#PёcS┌цCRЦ#C┐ccBбсBЦcCS2цc#PёcS▓цSbЦ#33Bбс⌠Цc3S3Bцc#PёccцcRЦs3bбсsrЦs333#▓цc#Pёccцs2ЦS⌠c⌠cBбсc2ЦCC⌠┌цc#Pёcc"цs▓Ц┐⌠┐▓бсCrЦ┐cs⌠C32цc#Pёcc2ц┐BЦ#┐⌠SSBбс3"Цs3⌠Cцc#PёccBц┐bЦ⌠⌠S#бсbЦc3#cBцc#PёccRц┐rЦ▓ццcS ёccbц┐bЦ⌠⌠S#цbЦc3#cBцcS ёccrц┐BЦ#┐⌠SSBц3"Цs3⌠CцcS ёcc┌цs▓Ц┐⌠┐▓цCrЦ┐cs⌠C32цcS ёcc▓цs2ЦS⌠c⌠cBцc2ЦCC⌠┌цcS ёcsцcRЦs3bцsrЦs333#▓цcS ёcsцSbЦ#33Bц⌠Цc3S3BцcS ёcs"цCRЦ#C┐ccBцBЦcCS2цcS ёcs2ц3"Ц┐cS3cBцbЦc⌠┌цcS ёcsBц▓Ц##C⌠┌ц#rЦCc⌠C#BцcS ёcsRцBЦ3⌠cCrц3rЦ⌠33▓цcS ёcsbц┐┌ЦSsSCCc┌цCRЦC#┐┐bцcS ёcsrцsЦ⌠c#c▓цS"Ц3Css3RцcS ёcs┌цSBЦSCCC⌠▓цSrЦs⌠⌠CcцcS ёcs▓ц3bЦcSsCsRцcЦs3C⌠2цcS ёc┐ц┌ЦCsC#rцcBЦS⌠cцcS ёc┐цЦSSSScvRсBцcBЦ▓цcS ёc┐"бс┌ЦCsC#rцcBЦS⌠cцcS ёc┐2бс3bЦcSsCsRцcЦs3C⌠2цcS ёc┐BбсSBЦSCCC⌠▓цSrЦs⌠⌠CcцcS ёc┐RбсsЦ⌠c#c▓цS"Ц3Css3RцcS ёc┐bбс┐┌ЦSsSCCc┌цCRЦC#┐┐bцcS ёc┐rбсBЦ3⌠cCrц3rЦ⌠33▓цcS ёc┐┌бс▓Ц##C⌠┌ц#rЦCc⌠C#BцcS ёc┐▓бс3"Ц┐cS3cBцbЦc⌠┌цcS ёc⌠бсCRЦ#C┐ccBцBЦcCS2цcS ёc⌠бсSbЦ#33Bц⌠Цc3S3BцcS ёc⌠"бсcRЦs3bцsrЦs333#▓цcS ёc⌠2бсs2ЦS⌠c⌠cBцc2ЦCC⌠┌цcS ёc⌠Bбсs▓Ц┐⌠┐▓цCrЦ┐cs⌠C32цcS ёc⌠Rбс┐BЦ#┐⌠SSBц3"Цs3⌠CцcS ёc⌠bбс┐bЦ⌠⌠S#цbЦc3#cBцcS ёc⌠rбс┐rЦ▓бс2Ц33Ccc6Rс2цcS ёc⌠┌бс┐bЦ⌠⌠S#бсbЦc3#cBцcS ёc⌠▓бс┐BЦ#┐⌠SSBбс3"Цs3⌠CцcS ёsбсs▓Ц┐⌠┐▓бсCrЦ┐cs⌠C32цcS ёsбсs2ЦS⌠c⌠cBбсc2ЦCC⌠┌цcS ёs"бсcRЦs3bбсsrЦs333#▓цcS ёs2бсSbЦ#33Bбс⌠Цc3S3BцcS ёsBбсCRЦ#C┐ccBбсBЦcCS2цcS ёsRбс3"Ц┐cS3cBбсbЦc⌠┌цcS ёsbбс▓Ц##C⌠┌бс#rЦCc⌠C#BцcS ёsrбсBЦ3⌠cCrбс3rЦ⌠33▓цcS ёs┌бс┐┌ЦSsSCCc┌бсCRЦC#┐┐bцcS ёs▓бсsЦ⌠c#c▓бсS"Ц3Css3RцcS ёsбсSBЦSCCC⌠▓бсSrЦs⌠⌠CcцcS ёsбс3bЦcSsCsRбсcЦs3C⌠2цcS ёs"бс┌ЦCsC#rбсcBЦS⌠cцcS ёs2ц2ЦScSs┐##SfRс2бсcBЦ▓цcS ёsBц┌ЦCsC#rбсcBЦS⌠cцcS ёsRц3bЦcSsCsRбсcЦs3C⌠2цcS ёsbцSBЦSCCC⌠▓бсSrЦs⌠⌠CcцcS ёsrцsЦ⌠c#c▓бсS"Ц3Css3RцcS ёs┌ц┐┌ЦSsSCCc┌бсCRЦC#┐┐bцcS ёs▓цBЦ3⌠cCrбс3rЦ⌠33▓цcS ёs#ц▓Ц##C⌠┌бс#rЦCc⌠C#BцcS ёs#ц3"Ц┐cS3cBбсbЦc⌠┌цcS ёs#"цCRЦ#C┐ccBбсBЦcCS2цcS ёs#2цSbЦ#33Bбс⌠Цc3S3BцcS ёs#BцcRЦs3bбсsrЦs333#▓цcS ёs#Rцs2ЦS⌠c⌠cBбсc2ЦCC⌠┌цcS ёs#bцs▓Ц┐⌠┐▓бсCrЦ┐cs⌠C32цcS ёs#rц┐BЦ#┐⌠SSBбс3"Цs3⌠CцcS ёs#┌ц┐bЦ⌠⌠S#бсbЦc3#cBцcS ═ёсссср&Vv√ФФ√ФrF√жR7FW┌╒Ц▓ссссп══╔&VfВ&ж√Фr7F√ffФW72жG&≈┐╒&VfВ&жF√ЖБ3═╒╒ФЖФф√ФV"6ЖгWF√ЖБ7FGW3╒F√жSрЦ░═≈7F√ffФW72WFFW2р ═≈&√v┤B├ФB6√FRWfгVF√ЖГ2р ═≈7F√ffФW72жG&≈┌&VfВ&жF√ЖГ2р═≈7FWg&Жрф√ФR6V&6┌рЦ ═√6ЖГfW&vVФ6RФВ&в2╒■Д∙D■б5U%$TЕB$UT∙$T@═▓&W6√GVб2Цc⌠⌠C6RЁRЦc⌠C√Rс┌2Цc⌠⌠C6RЁ" ═▓VФW&w▓bЦ⌠c#┐3RЁ"Ц3#c3├RсBbЦ⌠c#┐3Rс" ═▓F≈7ф6VжVГBЦSc#c⌠VRЁЦSc#c⌠VRЁbЦ#Ss┐RсB ╒ ╒ФЖФф√ФV"6ЖгWF√ЖБ7FGW3╒F√жSрЦ░═≈7F√ffФW72WFFW2р═≈&√v┤B├ФB6√FRWfгVF√ЖГ2р0═≈7F√ffФW72жG&≈┌&VfВ&жF√ЖГ2р═≈7FWg&Жрф√ФR6V&6┌рЦ ═√6ЖГfW&vVФ6RФВ&в2╒■Д∙D■б5U%$TЕB$UT∙$T@═▓&W6√GVб2Цc⌠⌠C6RЁRBЦ#⌠#ScfRсr2Цc⌠⌠C6RЁ" ═▓VФW&w▓bЦ⌠c#┐3RЁ"ЦSCCC├RсRbЦ⌠c#┐3Rс" ═▓F≈7ф6VжVГBЦSc#c⌠VRЁbЦ3s⌠#CRсBbЦ#Sss├RсB ═╕6ЖГfW&vVФ6R7Vжж'░╒ГVж&W"Жb≈FW&F√ЖГ2╒ ╒ГVж&W"Жb&VfВ&жF√ЖГ2╒═╒ррррррр6ЖГfW&vVBBF√жR╒Ц░══╓FF&V6В&B3ёссссссссссссссссссссссссссссссссссссссссссссссссссссссссссссссссссссссссссп╔7FWр─╔F√жRрЦ░╓FFр6├≈'EЖf√ФеЖ6ЖВ&F√ФFW0ёц┐rЦ▓бсЦ┐┐CCCSCRс2цЦ#C3┐⌠s⌠CRс0ё"ц┐bЦ⌠⌠S#цbЦc3#cBцЦ##C3⌠3vRс0ё2ц┐BЦ#┐⌠SSBц3"Цs3⌠CцЦ#sC⌠3#3sRс0ёBцs▓Ц┐⌠┐▓цCrЦ┐cs⌠C32цЦ⌠3ss⌠⌠Cc&Rс0ёRцs2ЦS⌠c⌠cBцc2ЦCC⌠┌цЦsC┐Sc#3vRс0ёbцcRЦs3bцsrЦs333#▓цЦCcC3sfRс0ёrцSbЦ#33Bц⌠Цc3S3BцЦ#c3C┐333├Rс0ё┌цCRЦ#C┐ccBцBЦcCS2цЦc┐ScS#vRс0ё▓ц3"Ц┐cS3cBцbЦc⌠┌цЦ3sc3S⌠┐⌠VRс0ёц▓Ц##C⌠┌ц#rЦCc⌠C#Bц▓ЦccS3cs#cvRс@ёцBЦ3⌠cCrц3rЦ⌠33▓ц▓ЦssC┐fRс@ё"ц┐┌ЦSsSCCc┌цCRЦC#┐┐bц┌Ц#cSC#c#6Rс@ё2цsЦ⌠c#c▓цS"Ц3Css3Rц┌ЦC#C3c#sCvRс@ёBцSBЦSCCC⌠▓цSrЦs⌠⌠Ccц┌Цs#3┐S#⌠VRс@ёRц3bЦcSsCsRцcЦs3C⌠2ц┌Ц3⌠c┐┐√Rс@ёbц┌ЦCsC#rцcBЦS⌠cц┌ЦC#C#Cs√Rс@ёrбсbЦS⌠⌠3⌠cc⌠s√RсBцcBЦ▓ц┌ЦC┐Ss#┐SCSRс@ё┌бс┌ЦCsC#rцcBЦS⌠cц┌ЦcCccCCC#6Rс@ё▓бс3bЦcSsCsRцcЦs3C⌠2ц┌ЦcCS┐sC⌠C├Rс@ё#бсSBЦSCCC⌠▓цSrЦs⌠⌠Ccц▓Ц##SC3C⌠Rс@ё#бсsЦ⌠c#c▓цS"Ц3Css3Rц▓Ц#⌠S⌠┐CFRс@ё#"бс┐┌ЦSsSCCc┌цCRЦC#┐┐bц▓Ц⌠SC3SC┐Rс@ё#2бсBЦ3⌠cCrц3rЦ⌠33▓цЦ⌠3sC⌠c┐c┐√Rс0ё#Bбс▓Ц##C⌠┌ц#rЦCc⌠C#BцЦc┐⌠#⌠c#6Rс0ё#Rбс3"Ц┐cS3cBцbЦc⌠┌цЦSS#┐Ccc6Rс0ё#bбсCRЦ#C┐ccBцBЦcCS2цЦ#C#cc#6Rс0ё#rбсSbЦ#33Bц⌠Цc3S3BцЦs┐sss#C├Rс0ё#┌бсcRЦs3bцsrЦs333#▓цЦ#⌠┐cC6Rс0ё#▓бсs2ЦS⌠c⌠cBцc2ЦCC⌠┌цЦ##CSCc⌠S⌠VRс0ё3бсs▓Ц┐⌠┐▓цCrЦ┐cs⌠C32цЦ⌠C┐3cCRс0ё3бс┐BЦ#┐⌠SSBц3"Цs3⌠CцЦSCC#⌠SsRс0ё3"бс┐bЦ⌠⌠S#цbЦc3#cBцЦs3csC#⌠sFRс0ё32бс┐rЦ▓бсBЦ⌠⌠#s#Cs├RсBцЦS3cc┐S#vRс0ё3Bбс┐bЦ⌠⌠S#бсbЦc3#cBц▓ЦC⌠##⌠sRс@ё3Rбс┐BЦ#┐⌠SSBбс3"Цs3⌠Cц▓Ц3S⌠cc#Rс@ё3bбсs▓Ц┐⌠┐▓бсCrЦ┐cs⌠C32ц┌ЦsS┐3┐⌠cS├Rс@ё3rбсs2ЦS⌠c⌠cBбсc2ЦCC⌠┌ц┌Ц⌠sC┐CC⌠vRс@ё3┌бсcRЦs3bбсsrЦs333#▓цrЦ3#3┐ccCFRс@ё3▓бсSbЦ#33Bбс⌠Цc3S3BцrЦ#┐3Ss#3#├Rс@ёCбсCRЦ#C┐ccBбсBЦcCS2цbЦcCcCSCcSCc√Rс@ёCбс3"Ц┐cS3cBбсbЦc⌠┌цbЦ3⌠#┐6Rс@ёC"бс▓Ц##C⌠┌бс#rЦCc⌠C#BцRЦ⌠c┐⌠#┐#┐vRс@ёC2бсBЦ3⌠cCrбс3rЦ⌠33▓цRЦsS⌠Sc#⌠┐sRс@ёCBбс┐┌ЦSsSCCc┌бсCRЦC#┐┐bцBЦs┐sSS┐⌠3Rс@ёCRбсsЦ⌠c#c▓бсS"Ц3Css3RцBЦsCc┐S┐s3S√Rс@ёCbбсSBЦSCCC⌠▓бсSrЦs⌠⌠CcцBЦ⌠⌠⌠┐s┐┐├Rс@ёCrбс3bЦcSsCsRбсcЦs3C⌠2цRЦ3┐cSc3CCVRс@ёC┌бс┌ЦCsC#rбсcBЦS⌠cцbЦ3S#┐⌠┐CfRс@ёC▓цЦSCs⌠S┐⌠⌠VRс2бсcBЦ▓цrЦS#s┐3#33#├Rс@ёSц┌ЦCsC#rбсcBЦS⌠cц┌ЦS3CC3┐⌠VRс@ёSц3bЦcSsCsRбсcЦs3C⌠2ц┌Ц┐3sScsCS#FRс@ёS"цSBЦSCCC⌠▓бсSrЦs⌠⌠Ccц▓Цc#3s⌠┐#Rс@ёS2цsЦ⌠c#c▓бсS"Ц3Css3RцЦ┐ss┐s┐┐sVRс0ёSBц┐┌ЦSsSCCc┌бсCRЦC#┐┐bцЦ┐⌠⌠ccSCvRс0ёSRцBЦ3⌠cCrбс3rЦ⌠33▓цЦ3#SSc⌠6Rс0ёSbц▓Ц##C⌠┌бс#rЦCc⌠C#BцЦCScS3CFRс0ёSrц3"Ц┐cS3cBбсbЦc⌠┌цЦCs3#⌠#3#3c6Rс0ёS┌цCRЦ#C┐ccBбсBЦcCS2цЦC⌠C⌠⌠csSFRс0ёS▓цSbЦ#33Bбс⌠Цc3S3BцЦC┐SsC⌠┐⌠#&Rс0ёcцcRЦs3bбсsrЦs333#▓цЦC#⌠cc┐cc⌠FRс0ёcцs2ЦS⌠c⌠cBбсc2ЦCC⌠┌цЦCc┐3s#S&Rс0ёc"цs▓Ц┐⌠┐▓бсCrЦ┐cs⌠C32цЦC#3C3c36Rс0ёc2ц┐BЦ#┐⌠SSBбс3"Цs3⌠CцЦ3⌠#C3SCvRс0ёcBц┐bЦ⌠⌠S#бсbЦc3#cBцЦ#⌠Sss3c√Rс0ёcRц┐rЦ▓бсЦ┐#sc#C⌠3fRс2ц#Pёcbц┐bЦ⌠⌠S#цbЦc3#cBц#Pёcrц┐BЦ#┐⌠SSBц3"Цs3⌠Cц#Pёc┌цs▓Ц┐⌠┐▓цCrЦ┐cs⌠C32ц#Pёc▓цs2ЦS⌠c⌠cBцc2ЦCC⌠┌ц#PёsцcRЦs3bцsrЦs333#▓ц#PёsцSbЦ#33Bц⌠Цc3S3Bц#Pёs"цCRЦ#C┐ccBцBЦcCS2ц#Pёs2ц3"Ц┐cS3cBцbЦc⌠┌ц#PёsBц▓Ц##C⌠┌ц#rЦCc⌠C#Bц#PёsRцBЦ3⌠cCrц3rЦ⌠33▓ц#Pёsbц┐┌ЦSsSCCc┌цCRЦC#┐┐bц#PёsrцsЦ⌠c#c▓цS"Ц3Css3Rц#Pёs┌цSBЦSCCC⌠▓цSrЦs⌠⌠Ccц#Pёs▓ц3bЦcSsCsRцcЦs3C⌠2ц#Pё┐ц┌ЦCsC#rцcBЦS⌠cц#Pё┐бсbЦ#sc#3CCcfRсBцcBЦ▓ц#Pё┐"бс┌ЦCsC#rцcBЦS⌠cц#Pё┐2бс3bЦcSsCsRцcЦs3C⌠2ц#Pё┐BбсSBЦSCCC⌠▓цSrЦs⌠⌠Ccц#Pё┐RбсsЦ⌠c#c▓цS"Ц3Css3Rц#Pё┐bбс┐┌ЦSsSCCc┌цCRЦC#┐┐bц#Pё┐rбсBЦ3⌠cCrц3rЦ⌠33▓ц#Pё┐┌бс▓Ц##C⌠┌ц#rЦCc⌠C#Bц#Pё┐▓бс3"Ц┐cS3cBцbЦc⌠┌ц#Pё⌠бсCRЦ#C┐ccBцBЦcCS2ц#Pё⌠бсSbЦ#33Bц⌠Цc3S3Bц#Pё⌠"бсcRЦs3bцsrЦs333#▓ц#Pё⌠2бсs2ЦS⌠c⌠cBцc2ЦCC⌠┌ц#Pё⌠Bбсs▓Ц┐⌠┐▓цCrЦ┐cs⌠C32ц#Pё⌠Rбс┐BЦ#┐⌠SSBц3"Цs3⌠Cц#Pё⌠bбс┐bЦ⌠⌠S#цbЦc3#cBц#Pё⌠rбс┐rЦ▓бсbЦ###s├RсBц#Pё⌠┌бс┐bЦ⌠⌠S#бсbЦc3#cBц#Pё⌠▓бс┐BЦ#┐⌠SSBбс3"Цs3⌠Cц#Pёбсs▓Ц┐⌠┐▓бсCrЦ┐cs⌠C32ц#Pёбсs2ЦS⌠c⌠cBбсc2ЦCC⌠┌ц#Pё"бсcRЦs3bбсsrЦs333#▓ц#Pё2бсSbЦ#33Bбс⌠Цc3S3Bц#PёBбсCRЦ#C┐ccBбсBЦcCS2ц#PёRбс3"Ц┐cS3cBбсbЦc⌠┌ц#Pёbбс▓Ц##C⌠┌бс#rЦCc⌠C#Bц#PёrбсBЦ3⌠cCrбс3rЦ⌠33▓ц#Pё┌бс┐┌ЦSsSCCc┌бсCRЦC#┐┐bц#Pё▓бсsЦ⌠c#c▓бсS"Ц3Css3Rц#PёбсSBЦSCCC⌠▓бсSrЦs⌠⌠Ccц#Pёбс3bЦcSsCsRбсcЦs3C⌠2ц#Pё"бс┌ЦCsC#rбсcBЦS⌠cц#Pё2цЦCCC3⌠CS3FRс2бсcBЦ▓ц#PёBц┌ЦCsC#rбсcBЦS⌠cц#PёRц3bЦcSsCsRбсcЦs3C⌠2ц#PёbцSBЦSCCC⌠▓бсSrЦs⌠⌠Ccц#PёrцsЦ⌠c#c▓бсS"Ц3Css3Rц#Pё┌ц┐┌ЦSsSCCc┌бсCRЦC#┐┐bц#Pё▓цBЦ3⌠cCrбс3rЦ⌠33▓ц#Pё#ц▓Ц##C⌠┌бс#rЦCc⌠C#Bц#Pё#ц3"Ц┐cS3cBбсbЦc⌠┌ц#Pё#"цCRЦ#C┐ccBбсBЦcCS2ц#Pё#2цSbЦ#33Bбс⌠Цc3S3Bц#Pё#BцcRЦs3bбсsrЦs333#▓ц#Pё#Rцs2ЦS⌠c⌠cBбсc2ЦCC⌠┌ц#Pё#bцs▓Ц┐⌠┐▓бсCrЦ┐cs⌠C32ц#Pё#rц┐BЦ#┐⌠SSBбс3"Цs3⌠Cц#Pё#┌ц┐bЦ⌠⌠S#бсbЦc3#cBц#Pё#▓ц┐rЦ▓бсЦss┐┐3sc┐┐⌠VRс2цS ё3ц┐bЦ⌠⌠S#цbЦc3#cBцS ё3ц┐BЦ#┐⌠SSBц3"Цs3⌠CцS ё3"цs▓Ц┐⌠┐▓цCrЦ┐cs⌠C32цS ё32цs2ЦS⌠c⌠cBцc2ЦCC⌠┌цS ё3BцcRЦs3bцsrЦs333#▓цS ё3RцSbЦ#33Bц⌠Цc3S3BцS ё3bцCRЦ#C┐ccBцBЦcCS2цS ё3rц3"Ц┐cS3cBцbЦc⌠┌цS ё3┌ц▓Ц##C⌠┌ц#rЦCc⌠C#BцS ё3▓цBЦ3⌠cCrц3rЦ⌠33▓цS ёCц┐┌ЦSsSCCc┌цCRЦC#┐┐bцS ёCцsЦ⌠c#c▓цS"Ц3Css3RцS ёC"цSBЦSCCC⌠▓цSrЦs⌠⌠CcцS ёC2ц3bЦcSsCsRцcЦs3C⌠2цS ёCBц┌ЦCsC#rцcBЦS⌠cцS ёCRбсbЦc3┐C#ssS┐&RсBцcBЦ▓цS ёCbбс┌ЦCsC#rцcBЦS⌠cцS ёCrбс3bЦcSsCsRцcЦs3C⌠2цS ёC┌бсSBЦSCCC⌠▓цSrЦs⌠⌠CcцS ёC▓бсsЦ⌠c#c▓цS"Ц3Css3RцS ёSбс┐┌ЦSsSCCc┌цCRЦC#┐┐bцS ёSбсBЦ3⌠cCrц3rЦ⌠33▓цS ёS"бс▓Ц##C⌠┌ц#rЦCc⌠C#BцS ёS2бс3"Ц┐cS3cBцbЦc⌠┌цS ёSBбсCRЦ#C┐ccBцBЦcCS2цS ёSRбсSbЦ#33Bц⌠Цc3S3BцS ёSbбсcRЦs3bцsrЦs333#▓цS ёSrбсs2ЦS⌠c⌠cBцc2ЦCC⌠┌цS ёS┌бсs▓Ц┐⌠┐▓цCrЦ┐cs⌠C32цS ёS▓бс┐BЦ#┐⌠SSBц3"Цs3⌠CцS ёcбс┐bЦ⌠⌠S#цbЦc3#cBцS ёcбс┐rЦ▓бсbЦ⌠┐⌠s⌠Cc6RсBцS ёc"бс┐bЦ⌠⌠S#бсbЦc3#cBцS ёc2бс┐BЦ#┐⌠SSBбс3"Цs3⌠CцS ёcBбсs▓Ц┐⌠┐▓бсCrЦ┐cs⌠C32цS ёcRбсs2ЦS⌠c⌠cBбсc2ЦCC⌠┌цS ёcbбсcRЦs3bбсsrЦs333#▓цS ёcrбсSbЦ#33Bбс⌠Цc3S3BцS ёc┌бсCRЦ#C┐ccBбсBЦcCS2цS ёc▓бс3"Ц┐cS3cBбсbЦc⌠┌цS ёsбс▓Ц##C⌠┌бс#rЦCc⌠C#BцS ёsбсBЦ3⌠cCrбс3rЦ⌠33▓цS ёs"бс┐┌ЦSsSCCc┌бсCRЦC#┐┐bцS ёs2бсsЦ⌠c#c▓бсS"Ц3Css3RцS ёsBбсSBЦSCCC⌠▓бсSrЦs⌠⌠CcцS ёsRбс3bЦcSsCsRбсcЦs3C⌠2цS ёsbбс┌ЦCsC#rбсcBЦS⌠cцS ёsrцЦ3CC#Ccc√Rс2бсcBЦ▓цS ёs┌ц┌ЦCsC#rбсcBЦS⌠cцS ёs▓ц3bЦcSsCsRбсcЦs3C⌠2цS ё┐цSBЦSCCC⌠▓бсSrЦs⌠⌠CcцS ё┐цsЦ⌠c#c▓бсS"Ц3Css3RцS ё┐"ц┐┌ЦSsSCCc┌бсCRЦC#┐┐bцS ё┐2цBЦ3⌠cCrбс3rЦ⌠33▓цS ё┐Bц▓Ц##C⌠┌бс#rЦCc⌠C#BцS ё┐Rц3"Ц┐cS3cBбсbЦc⌠┌цS ё┐bцCRЦ#C┐ccBбсBЦcCS2цS ё┐rцSbЦ#33Bбс⌠Цc3S3BцS ё┐┌цcRЦs3bбсsrЦs333#▓цS ё┐▓цs2ЦS⌠c⌠cBбсc2ЦCC⌠┌цS ё⌠цs▓Ц┐⌠┐▓бсCrЦ┐cs⌠C32цS ё⌠ц┐BЦ#┐⌠SSBбс3"Цs3⌠CцS ё⌠"ц┐bЦ⌠⌠S#бсbЦc3#cBцS ё⌠2ц┐rЦ▓бсЦs┐ScS⌠s┐6Rс2цsPё⌠Bц┐bЦ⌠⌠S#цbЦc3#cBцsPё⌠Rц┐BЦ#┐⌠SSBц3"Цs3⌠CцsPё⌠bцs▓Ц┐⌠┐▓цCrЦ┐cs⌠C32цsPё⌠rцs2ЦS⌠c⌠cBцc2ЦCC⌠┌цsPё⌠┌цcRЦs3bцsrЦs333#▓цsPё⌠▓цSbЦ#33Bц⌠Цc3S3BцsPё#цCRЦ#C┐ccBцBЦcCS2цsPё#ц3"Ц┐cS3cBцbЦc⌠┌цsPё#"ц▓Ц##C⌠┌ц#rЦCc⌠C#BцsPё#2цBЦ3⌠cCrц3rЦ⌠33▓цsPё#Bц┐┌ЦSsSCCc┌цCRЦC#┐┐bцsPё#RцsЦ⌠c#c▓цS"Ц3Css3RцsPё#bцSBЦSCCC⌠▓цSrЦs⌠⌠CcцsPё#rц3bЦcSsCsRцcЦs3C⌠2цsPё#┌ц┌ЦCsC#rцcBЦS⌠cцsPё#▓бсbЦ#C#⌠3C⌠s┐6RсBцcBЦ▓цsPё#бс┌ЦCsC#rцcBЦS⌠cцsPё#бс3bЦcSsCsRцcЦs3C⌠2цsPё#"бсSBЦSCCC⌠▓цSrЦs⌠⌠CcцsPё#2бсsЦ⌠c#c▓цS"Ц3Css3RцsPё#Bбс┐┌ЦSsSCCc┌цCRЦC#┐┐bцsPё#RбсBЦ3⌠cCrц3rЦ⌠33▓цsPё#bбс▓Ц##C⌠┌ц#rЦCc⌠C#BцsPё#rбс3"Ц┐cS3cBцbЦc⌠┌цsPё#┌бсCRЦ#C┐ccBцBЦcCS2цsPё#▓бсSbЦ#33Bц⌠Цc3S3BцsPё##бсcRЦs3bцsrЦs333#▓цsPё##бсs2ЦS⌠c⌠cBцc2ЦCC⌠┌цsPё##"бсs▓Ц┐⌠┐▓цCrЦ┐cs⌠C32цsPё##2бс┐BЦ#┐⌠SSBц3"Цs3⌠CцsPё##Bбс┐bЦ⌠⌠S#цbЦc3#cBцsPё##Rбс┐rЦ▓бсrЦs#⌠┐##⌠333VRсBцsPё##bбс┐bЦ⌠⌠S#бсbЦc3#cBцsPё##rбс┐BЦ#┐⌠SSBбс3"Цs3⌠CцsPё##┌бсs▓Ц┐⌠┐▓бсCrЦ┐cs⌠C32цsPё##▓бсs2ЦS⌠c⌠cBбсc2ЦCC⌠┌цsPё#3бсcRЦs3bбсsrЦs333#▓цsPё#3бсSbЦ#33Bбс⌠Цc3S3BцsPё#3"бсCRЦ#C┐ccBбсBЦcCS2цsPё#32бс3"Ц┐cS3cBбсbЦc⌠┌цsPё#3Bбс▓Ц##C⌠┌бс#rЦCc⌠C#BцsPё#3RбсBЦ3⌠cCrбс3rЦ⌠33▓цsPё#3bбс┐┌ЦSsSCCc┌бсCRЦC#┐┐bцsPё#3rбсsЦ⌠c#c▓бсS"Ц3Css3RцsPё#3┌бсSBЦSCCC⌠▓бсSrЦs⌠⌠CcцsPё#3▓бс3bЦcSsCsRбсcЦs3C⌠2цsPё#Cбс┌ЦCsC#rбсcBЦS⌠cцsPё#CцЦ#S3s#3┐c├Rс2бсcBЦ▓цsPё#C"ц┌ЦCsC#rбсcBЦS⌠cцsPё#C2ц3bЦcSsCsRбсcЦs3C⌠2цsPё#CBцSBЦSCCC⌠▓бсSrЦs⌠⌠CcцsPё#CRцsЦ⌠c#c▓бсS"Ц3Css3RцsPё#Cbц┐┌ЦSsSCCc┌бсCRЦC#┐┐bцsPё#CrцBЦ3⌠cCrбс3rЦ⌠33▓цsPё#C┌ц▓Ц##C⌠┌бс#rЦCc⌠C#BцsPё#C▓ц3"Ц┐cS3cBбсbЦc⌠┌цsPё#SцCRЦ#C┐ccBбсBЦcCS2цsPё#SцSbЦ#33Bбс⌠Цc3S3BцsPё#S"цcRЦs3bбсsrЦs333#▓цsPё#S2цs2ЦS⌠c⌠cBбсc2ЦCC⌠┌цsPё#SBцs▓Ц┐⌠┐▓бсCrЦ┐cs⌠C32цsPё#SRц┐BЦ#┐⌠SSBбс3"Цs3⌠CцsPё#Sbц┐bЦ⌠⌠S#бсbЦc3#cBцsPё#Srц┐rЦ▓бсЦcc┐┐CsS⌠vRс2ц ё#S┌ц┐bЦ⌠⌠S#цbЦc3#cBц ё#S▓ц┐BЦ#┐⌠SSBц3"Цs3⌠Cц ё#cцs▓Ц┐⌠┐▓цCrЦ┐cs⌠C32ц ё#cцs2ЦS⌠c⌠cBцc2ЦCC⌠┌ц ё#c"цcRЦs3bцsrЦs333#▓ц ё#c2цSbЦ#33Bц⌠Цc3S3Bц ё#cBцCRЦ#C┐ccBцBЦcCS2ц ё#cRц3"Ц┐cS3cBцbЦc⌠┌ц ё#cbц▓Ц##C⌠┌ц#rЦCc⌠C#Bц ё#crцBЦ3⌠cCrц3rЦ⌠33▓ц ё#c┌ц┐┌ЦSsSCCc┌цCRЦC#┐┐bц ё#c▓цsЦ⌠c#c▓цS"Ц3Css3Rц ё#sцSBЦSCCC⌠▓цSrЦs⌠⌠Ccц ё#sц3bЦcSsCsRцcЦs3C⌠2ц ё#s"ц┌ЦCsC#rцcBЦS⌠cц ё#s2бсRЦsSsCC┐CC├RсBцcBЦ▓ц ё#sBбс┌ЦCsC#rцcBЦS⌠cц ё#sRбс3bЦcSsCsRцcЦs3C⌠2ц ё#sbбсSBЦSCCC⌠▓цSrЦs⌠⌠Ccц ё#srбсsЦ⌠c#c▓цS"Ц3Css3Rц ё#s┌бс┐┌ЦSsSCCc┌цCRЦC#┐┐bц ё#s▓бсBЦ3⌠cCrц3rЦ⌠33▓ц ё#┐бс▓Ц##C⌠┌ц#rЦCc⌠C#Bц ё#┐бс3"Ц┐cS3cBцbЦc⌠┌ц ё#┐"бсCRЦ#C┐ccBцBЦcCS2ц ё#┐2бсSbЦ#33Bц⌠Цc3S3Bц ё#┐BбсcRЦs3bцsrЦs333#▓ц ё#┐Rбсs2ЦS⌠c⌠cBцc2ЦCC⌠┌ц ё#┐bбсs▓Ц┐⌠┐▓цCrЦ┐cs⌠C32ц ё#┐rбс┐BЦ#┐⌠SSBц3"Цs3⌠Cц ё#┐┌бс┐bЦ⌠⌠S#цbЦc3#cBц ё#┐▓бс┐rЦ▓бс┌ЦCS3#3ss#cVRсBц ё#⌠бс┐bЦ⌠⌠S#бсbЦc3#cBц ё#⌠бс┐BЦ#┐⌠SSBбс3"Цs3⌠Cц ё#⌠"бсs▓Ц┐⌠┐▓бсCrЦ┐cs⌠C32ц ё#⌠2бсs2ЦS⌠c⌠cBбсc2ЦCC⌠┌ц ё#⌠BбсcRЦs3bбсsrЦs333#▓ц ё#⌠RбсSbЦ#33Bбс⌠Цc3S3Bц ё#⌠bбсCRЦ#C┐ccBбсBЦcCS2ц ё#⌠rбс3"Ц┐cS3cBбсbЦc⌠┌ц ё#⌠┌бс▓Ц##C⌠┌бс#rЦCc⌠C#Bц ё#⌠▓бсBЦ3⌠cCrбс3rЦ⌠33▓ц ё3бс┐┌ЦSsSCCc┌бсCRЦC#┐┐bц ё3бсsЦ⌠c#c▓бсS"Ц3Css3Rц ё3"бсSBЦSCCC⌠▓бсSrЦs⌠⌠Ccц ё32бс3bЦcSsCsRбсcЦs3C⌠2ц ё3Bбс┌ЦCsC#rбсcBЦS⌠cц ё3RцЦ3ssC#c⌠S√Rс2бсcBЦ▓ц ё3bц┌ЦCsC#rбсcBЦS⌠cц ё3rц3bЦcSsCsRбсcЦs3C⌠2ц ё3┌цSBЦSCCC⌠▓бсSrЦs⌠⌠Ccц ё3▓цsЦ⌠c#c▓бсS"Ц3Css3Rц ё3ц┐┌ЦSsSCCc┌бсCRЦC#┐┐bц ё3цBЦ3⌠cCrбс3rЦ⌠33▓ц ё3"ц▓Ц##C⌠┌бс#rЦCc⌠C#Bц ё32ц3"Ц┐cS3cBбсbЦc⌠┌ц ё3BцCRЦ#C┐ccBбсBЦcCS2ц ё3RцSbЦ#33Bбс⌠Цc3S3Bц ё3bцcRЦs3bбсsrЦs333#▓ц ё3rцs2ЦS⌠c⌠cBбсc2ЦCC⌠┌ц ё3┌цs▓Ц┐⌠┐▓бсCrЦ┐cs⌠C32ц ё3▓ц┐BЦ#┐⌠SSBбс3"Цs3⌠Cц ё3#ц┐bЦ⌠⌠S#бсbЦc3#cBц ё3#ц┐rЦ▓бсЦc⌠┐#SC&Rс2ц#Pё3#"ц┐bЦ⌠⌠S#цbЦc3#cBц#Pё3#2ц┐BЦ#┐⌠SSBц3"Цs3⌠Cц#Pё3#Bцs▓Ц┐⌠┐▓цCrЦ┐cs⌠C32ц#Pё3#Rцs2ЦS⌠c⌠cBцc2ЦCC⌠┌ц#Pё3#bцcRЦs3bцsrЦs333#▓ц#Pё3#rцSbЦ#33Bц⌠Цc3S3Bц#Pё3#┌цCRЦ#C┐ccBцBЦcCS2ц#Pё3#▓ц3"Ц┐cS3cBцbЦc⌠┌ц#Pё33ц▓Ц##C⌠┌ц#rЦCc⌠C#Bц#Pё33цBЦ3⌠cCrц3rЦ⌠33▓ц#Pё33"ц┐┌ЦSsSCCc┌цCRЦC#┐┐bц#Pё332цsЦ⌠c#c▓цS"Ц3Css3Rц#Pё33BцSBЦSCCC⌠▓цSrЦs⌠⌠Ccц#Pё33Rц3bЦcSsCsRцcЦs3C⌠2ц#Pё33bц┌ЦCsC#rцcBЦS⌠cц#Pё33rбсRЦCssCSsC3C&RсBцcBЦ▓ц#Pё33┌бс┌ЦCsC#rцcBЦS⌠cц#Pё33▓бс3bЦcSsCsRцcЦs3C⌠2ц#Pё3CбсSBЦSCCC⌠▓цSrЦs⌠⌠Ccц#Pё3CбсsЦ⌠c#c▓цS"Ц3Css3Rц#Pё3C"бс┐┌ЦSsSCCc┌цCRЦC#┐┐bц#Pё3C2бсBЦ3⌠cCrц3rЦ⌠33▓ц#Pё3CBбс▓Ц##C⌠┌ц#rЦCc⌠C#Bц#Pё3CRбс3"Ц┐cS3cBцbЦc⌠┌ц#Pё3CbбсCRЦ#C┐ccBцBЦcCS2ц#Pё3CrбсSbЦ#33Bц⌠Цc3S3Bц#Pё3C┌бсcRЦs3bцsrЦs333#▓ц#Pё3C▓бсs2ЦS⌠c⌠cBцc2ЦCC⌠┌ц#Pё3Sбсs▓Ц┐⌠┐▓цCrЦ┐cs⌠C32ц#Pё3Sбс┐BЦ#┐⌠SSBц3"Цs3⌠Cц#Pё3S"бс┐bЦ⌠⌠S#цbЦc3#cBц#Pё3S2бс┐rЦ▓бс▓ЦcsS⌠#3┐⌠s3vRсBц#Pё3SBбс┐bЦ⌠⌠S#бсbЦc3#cBц#Pё3SRбс┐BЦ#┐⌠SSBбс3"Цs3⌠Cц#Pё3Sbбсs▓Ц┐⌠┐▓бсCrЦ┐cs⌠C32ц#Pё3Srбсs2ЦS⌠c⌠cBбсc2ЦCC⌠┌ц#Pё3S┌бсcRЦs3bбсsrЦs333#▓ц#Pё3S▓бсSbЦ#33Bбс⌠Цc3S3Bц#Pё3cбсCRЦ#C┐ccBбсBЦcCS2ц#Pё3cбс3"Ц┐cS3cBбсbЦc⌠┌ц#Pё3c"бс▓Ц##C⌠┌бс#rЦCc⌠C#Bц#Pё3c2бсBЦ3⌠cCrбс3rЦ⌠33▓ц#Pё3cBбс┐┌ЦSsSCCc┌бсCRЦC#┐┐bц#Pё3cRбсsЦ⌠c#c▓бсS"Ц3Css3Rц#Pё3cbбсSBЦSCCC⌠▓бсSrЦs⌠⌠Ccц#Pё3crбс3bЦcSsCsRбсcЦs3C⌠2ц#Pё3c┌бс┌ЦCsC#rбсcBЦS⌠cц#Pё3c▓цЦ#c┐┐3┐33├Rс2бсcBЦ▓ц#Pё3sц┌ЦCsC#rбсcBЦS⌠cц#Pё3sц3bЦcSsCsRбсcЦs3C⌠2ц#Pё3s"цSBЦSCCC⌠▓бсSrЦs⌠⌠Ccц#Pё3s2цsЦ⌠c#c▓бсS"Ц3Css3Rц#Pё3sBц┐┌ЦSsSCCc┌бсCRЦC#┐┐bц#Pё3sRцBЦ3⌠cCrбс3rЦ⌠33▓ц#Pё3sbц▓Ц##C⌠┌бс#rЦCc⌠C#Bц#Pё3srц3"Ц┐cS3cBбсbЦc⌠┌ц#Pё3s┌цCRЦ#C┐ccBбсBЦcCS2ц#Pё3s▓цSbЦ#33Bбс⌠Цc3S3Bц#Pё3┐цcRЦs3bбсsrЦs333#▓ц#Pё3┐цs2ЦS⌠c⌠cBбсc2ЦCC⌠┌ц#Pё3┐"цs▓Ц┐⌠┐▓бсCrЦ┐cs⌠C32ц#Pё3┐2ц┐BЦ#┐⌠SSBбс3"Цs3⌠Cц#Pё3┐Bц┐bЦ⌠⌠S#бсbЦc3#cBц#Pё3┐Rц┐rЦ▓бсЦSsc┐Sc#3fRс2цS ё3┐bц┐bЦ⌠⌠S#цbЦc3#cBцS ё3┐rц┐BЦ#┐⌠SSBц3"Цs3⌠CцS ё3┐┌цs▓Ц┐⌠┐▓цCrЦ┐cs⌠C32цS ё3┐▓цs2ЦS⌠c⌠cBцc2ЦCC⌠┌цS ё3⌠цcRЦs3bцsrЦs333#▓цS ё3⌠цSbЦ#33Bц⌠Цc3S3BцS ё3⌠"цCRЦ#C┐ccBцBЦcCS2цS ё3⌠2ц3"Ц┐cS3cBцbЦc⌠┌цS ё3⌠Bц▓Ц##C⌠┌ц#rЦCc⌠C#BцS ё3⌠RцBЦ3⌠cCrц3rЦ⌠33▓цS ё3⌠bц┐┌ЦSsSCCc┌цCRЦC#┐┐bцS ё3⌠rцsЦ⌠c#c▓цS"Ц3Css3RцS ё3⌠┌цSBЦSCCC⌠▓цSrЦs⌠⌠CcцS ё3⌠▓ц3bЦcSsCsRцcЦs3C⌠2цS ёCц┌ЦCsC#rцcBЦS⌠cцS ёCбсRЦSscc#┐#6RсBцcBЦ▓цS ёC"бс┌ЦCsC#rцcBЦS⌠cцS ёC2бс3bЦcSsCsRцcЦs3C⌠2цS ёCBбсSBЦSCCC⌠▓цSrЦs⌠⌠CcцS ёCRбсsЦ⌠c#c▓цS"Ц3Css3RцS ёCbбс┐┌ЦSsSCCc┌цCRЦC#┐┐bцS ёCrбсBЦ3⌠cCrц3rЦ⌠33▓цS ёC┌бс▓Ц##C⌠┌ц#rЦCc⌠C#BцS ёC▓бс3"Ц┐cS3cBцbЦc⌠┌цS ёCбсCRЦ#C┐ccBцBЦcCS2цS ёCбсSbЦ#33Bц⌠Цc3S3BцS ёC"бсcRЦs3bцsrЦs333#▓цS ёC2бсs2ЦS⌠c⌠cBцc2ЦCC⌠┌цS ёCBбсs▓Ц┐⌠┐▓цCrЦ┐cs⌠C32цS ёCRбс┐BЦ#┐⌠SSBц3"Цs3⌠CцS ёCbбс┐bЦ⌠⌠S#цbЦc3#cBцS ёCrбс┐rЦ▓бсЦS#Sc3sSCVRс2цS ёC┌бс┐bЦ⌠⌠S#бсbЦc3#cBцS ёC▓бс┐BЦ#┐⌠SSBбс3"Цs3⌠CцS ёC#бсs▓Ц┐⌠┐▓бсCrЦ┐cs⌠C32цS ёC#бсs2ЦS⌠c⌠cBбсc2ЦCC⌠┌цS ёC#"бсcRЦs3bбсsrЦs333#▓цS ёC#2бсSbЦ#33Bбс⌠Цc3S3BцS ёC#BбсCRЦ#C┐ccBбсBЦcCS2цS ёC#Rбс3"Ц┐cS3cBбсbЦc⌠┌цS ёC#bбс▓Ц##C⌠┌бс#rЦCc⌠C#BцS ёC#rбсBЦ3⌠cCrбс3rЦ⌠33▓цS ёC#┌бс┐┌ЦSsSCCc┌бсCRЦC#┐┐bцS ёC#▓бсsЦ⌠c#c▓бсS"Ц3Css3RцS ёC3бсSBЦSCCC⌠▓бсSrЦs⌠⌠CcцS ёC3бс3bЦcSsCsRбсcЦs3C⌠2цS ёC3"бс┌ЦCsC#rбсcBЦS⌠cцS ёC32ц▓Ц#C┐Cc┐VRсBбсcBЦ▓цS ёC3Bц┌ЦCsC#rбсcBЦS⌠cцS ёC3Rц3bЦcSsCsRбсcЦs3C⌠2цS ёC3bцSBЦSCCC⌠▓бсSrЦs⌠⌠CcцS ёC3rцsЦ⌠c#c▓бсS"Ц3Css3RцS ёC3┌ц┐┌ЦSsSCCc┌бсCRЦC#┐┐bцS ёC3▓цBЦ3⌠cCrбс3rЦ⌠33▓цS ёCCц▓Ц##C⌠┌бс#rЦCc⌠C#BцS ёCCц3"Ц┐cS3cBбсbЦc⌠┌цS ёCC"цCRЦ#C┐ccBбсBЦcCS2цS ёCC2цSbЦ#33Bбс⌠Цc3S3BцS ёCCBцcRЦs3bбсsrЦs333#▓цS ёCCRцs2ЦS⌠c⌠cBбсc2ЦCC⌠┌цS ёCCbцs▓Ц┐⌠┐▓бсCrЦ┐cs⌠C32цS ёCCrц┐BЦ#┐⌠SSBбс3"Цs3⌠CцS ёCC┌ц┐bЦ⌠⌠S#бсbЦc3#cBцS ёCC▓ц┐rЦ▓бсЦScS#3√Rс2цsPёCSц┐bЦ⌠⌠S#цbЦc3#cBцsPёCSц┐BЦ#┐⌠SSBц3"Цs3⌠CцsPёCS"цs▓Ц┐⌠┐▓цCrЦ┐cs⌠C32цsPёCS2цs2ЦS⌠c⌠cBцc2ЦCC⌠┌цsPёCSBцcRЦs3bцsrЦs333#▓цsPёCSRцSbЦ#33Bц⌠Цc3S3BцsPёCSbцCRЦ#C┐ccBцBЦcCS2цsPёCSrц3"Ц┐cS3cBцbЦc⌠┌цsPёCS┌ц▓Ц##C⌠┌ц#rЦCc⌠C#BцsPёCS▓цBЦ3⌠cCrц3rЦ⌠33▓цsPёCcц┐┌ЦSsSCCc┌цCRЦC#┐┐bцsPёCcцsЦ⌠c#c▓цS"Ц3Css3RцsPёCc"цSBЦSCCC⌠▓цSrЦs⌠⌠CcцsPёCc2ц3bЦcSsCsRцcЦs3C⌠2цsPёCcBц┌ЦCsC#rцcBЦS⌠cцsPёCcRбсRЦS#┐s┐#s3&RсBцcBЦ▓цsPёCcbбс┌ЦCsC#rцcBЦS⌠cцsPёCcrбс3bЦcSsCsRцcЦs3C⌠2цsPёCc┌бсSBЦSCCC⌠▓цSrЦs⌠⌠CcцsPёCc▓бсsЦ⌠c#c▓цS"Ц3Css3RцsPёCsбс┐┌ЦSsSCCc┌цCRЦC#┐┐bцsPёCsбсBЦ3⌠cCrц3rЦ⌠33▓цsPёCs"бс▓Ц##C⌠┌ц#rЦCc⌠C#BцsPёCs2бс3"Ц┐cS3cBцbЦc⌠┌цsPёCsBбсCRЦ#C┐ccBцBЦcCS2цsPёCsRбсSbЦ#33Bц⌠Цc3S3BцsPёCsbбсcRЦs3bцsrЦs333#▓цsPёCsrбсs2ЦS⌠c⌠cBцc2ЦCC⌠┌цsPёCs┌бсs▓Ц┐⌠┐▓цCrЦ┐cs⌠C32цsPёCs▓бс┐BЦ#┐⌠SSBц3"Цs3⌠CцsPёC┐бс┐bЦ⌠⌠S#цbЦc3#cBцsPёC┐бс┐rЦ▓бсЦs#┐c⌠c⌠#6Rс2цsPёC┐"бс┐bЦ⌠⌠S#бсbЦc3#cBцsPёC┐2бс┐BЦ#┐⌠SSBбс3"Цs3⌠CцsPёC┐Bбсs▓Ц┐⌠┐▓бсCrЦ┐cs⌠C32цsPёC┐Rбсs2ЦS⌠c⌠cBбсc2ЦCC⌠┌цsPёC┐bбсcRЦs3bбсsrЦs333#▓цsPёC┐rбсSbЦ#33Bбс⌠Цc3S3BцsPёC┐┌бсCRЦ#C┐ccBбсBЦcCS2цsPёC┐▓бс3"Ц┐cS3cBбсbЦc⌠┌цsPёC⌠бс▓Ц##C⌠┌бс#rЦCc⌠C#BцsPёC⌠бсBЦ3⌠cCrбс3rЦ⌠33▓цsPёC⌠"бс┐┌ЦSsSCCc┌бсCRЦC#┐┐bцsPёC⌠2бсsЦ⌠c#c▓бсS"Ц3Css3RцsPёC⌠BбсSBЦSCCC⌠▓бсSrЦs⌠⌠CcцsPёC⌠Rбс3bЦcSsCsRбсcЦs3C⌠2цsPёC⌠bбс┌ЦCsC#rбсcBЦS⌠cцsPёC⌠rцrЦ⌠Cs┐cCs⌠fRсBбсcBЦ▓цsPёC⌠┌ц┌ЦCsC#rбсcBЦS⌠cцsPёC⌠▓ц3bЦcSsCsRбсcЦs3C⌠2цsPёSцSBЦSCCC⌠▓бсSrЦs⌠⌠CcцsPёSцsЦ⌠c#c▓бсS"Ц3Css3RцsPёS"ц┐┌ЦSsSCCc┌бсCRЦC#┐┐bцsPёS2цBЦ3⌠cCrбс3rЦ⌠33▓цsPёSBц▓Ц##C⌠┌бс#rЦCc⌠C#BцsPёSRц3"Ц┐cS3cBбсbЦc⌠┌цsPёSbцCRЦ#C┐ccBбсBЦcCS2цsPёSrцSbЦ#33Bбс⌠Цc3S3BцsPёS┌цcRЦs3bбсsrЦs333#▓цsPёS▓цs2ЦS⌠c⌠cBбсc2ЦCC⌠┌цsPёSцs▓Ц┐⌠┐▓бсCrЦ┐cs⌠C32цsPёSц┐BЦ#┐⌠SSBбс3"Цs3⌠CцsPёS"ц┐bЦ⌠⌠S#бсbЦc3#cBцsPёS2ц┐rЦ▓бсЦC┐┐s#sCs⌠#Rс2ц# ёSBц┐bЦ⌠⌠S#цbЦc3#cBц# ёSRц┐BЦ#┐⌠SSBц3"Цs3⌠Cц# ёSbцs▓Ц┐⌠┐▓цCrЦ┐cs⌠C32ц# ёSrцs2ЦS⌠c⌠cBцc2ЦCC⌠┌ц# ёS┌цcRЦs3bцsrЦs333#▓ц# ёS▓цSbЦ#33Bц⌠Цc3S3Bц# ёS#цCRЦ#C┐ccBцBЦcCS2ц# ёS#ц3"Ц┐cS3cBцbЦc⌠┌ц# ёS#"ц▓Ц##C⌠┌ц#rЦCc⌠C#Bц# ёS#2цBЦ3⌠cCrц3rЦ⌠33▓ц# ёS#Bц┐┌ЦSsSCCc┌цCRЦC#┐┐bц# ёS#RцsЦ⌠c#c▓цS"Ц3Css3Rц# ёS#bцSBЦSCCC⌠▓цSrЦs⌠⌠Ccц# ёS#rц3bЦcSsCsRцcЦs3C⌠2ц# ёS#┌ц┌ЦCsC#rцcBЦS⌠cц# ёS#▓бсBЦS⌠##cs3⌠&RсBцcBЦ▓ц# ёS3бс┌ЦCsC#rцcBЦS⌠cц# ёS3бс3bЦcSsCsRцcЦs3C⌠2ц# ёS3"бсSBЦSCCC⌠▓цSrЦs⌠⌠Ccц# ёS32бсsЦ⌠c#c▓цS"Ц3Css3Rц# ёS3Bбс┐┌ЦSsSCCc┌цCRЦC#┐┐bц# ёS3RбсBЦ3⌠cCrц3rЦ⌠33▓ц# ёS3bбс▓Ц##C⌠┌ц#rЦCc⌠C#Bц# ёS3rбс3"Ц┐cS3cBцbЦc⌠┌ц# ёS3┌бсCRЦ#C┐ccBцBЦcCS2ц# ёS3▓бсSbЦ#33Bц⌠Цc3S3Bц# ёSCбсcRЦs3bцsrЦs333#▓ц# ёSCбсs2ЦS⌠c⌠cBцc2ЦCC⌠┌ц# ёSC"бсs▓Ц┐⌠┐▓цCrЦ┐cs⌠C32ц# ёSC2бс┐BЦ#┐⌠SSBц3"Цs3⌠Cц# ёSCBбс┐bЦ⌠⌠S#цbЦc3#cBц# ёSCRбс┐rЦ▓бсЦ##Cs#s33⌠√Rс2ц# ёSCbбс┐bЦ⌠⌠S#бсbЦc3#cBц# ёSCrбс┐BЦ#┐⌠SSBбс3"Цs3⌠Cц# ёSC┌бсs▓Ц┐⌠┐▓бсCrЦ┐cs⌠C32ц# ёSC▓бсs2ЦS⌠c⌠cBбсc2ЦCC⌠┌ц# ёSSбсcRЦs3bбсsrЦs333#▓ц# ёSSбсSbЦ#33Bбс⌠Цc3S3Bц# ёSS"бсCRЦ#C┐ccBбсBЦcCS2ц# ёSS2бс3"Ц┐cS3cBбсbЦc⌠┌ц# ёSSBбс▓Ц##C⌠┌бс#rЦCc⌠C#Bц# ёSSRбсBЦ3⌠cCrбс3rЦ⌠33▓ц# ёSSbбс┐┌ЦSsSCCc┌бсCRЦC#┐┐bц# ёSSrбсsЦ⌠c#c▓бсS"Ц3Css3Rц# ёSS┌бсSBЦSCCC⌠▓бсSrЦs⌠⌠Ccц# ёSS▓бс3bЦcSsCsRбсcЦs3C⌠2ц# ёScбс┌ЦCsC#rбсcBЦS⌠cц# ёScцbЦc┐ss333C#├RсBбсcBЦ▓ц# ёSc"ц┌ЦCsC#rбсcBЦS⌠cц# ёSc2ц3bЦcSsCsRбсcЦs3C⌠2ц# ёScBцSBЦSCCC⌠▓бсSrЦs⌠⌠Ccц# ёScRцsЦ⌠c#c▓бсS"Ц3Css3Rц# ёScbц┐┌ЦSsSCCc┌бсCRЦC#┐┐bц# ёScrцBЦ3⌠cCrбс3rЦ⌠33▓ц# ёSc┌ц▓Ц##C⌠┌бс#rЦCc⌠C#Bц# ёSc▓ц3"Ц┐cS3cBбсbЦc⌠┌ц# ёSsцCRЦ#C┐ccBбсBЦcCS2ц# ёSsцSbЦ#33Bбс⌠Цc3S3Bц# ёSs"цcRЦs3bбсsrЦs333#▓ц# ёSs2цs2ЦS⌠c⌠cBбсc2ЦCC⌠┌ц# ёSsBцs▓Ц┐⌠┐▓бсCrЦ┐cs⌠C32ц# ёSsRц┐BЦ#┐⌠SSBбс3"Цs3⌠Cц# ёSsbц┐bЦ⌠⌠S#бсbЦc3#cBц# ёSsrц┐rЦ▓бсЦCs⌠⌠⌠C√Rс2ц##PёSs┌ц┐bЦ⌠⌠S#цbЦc3#cBц##PёSs▓ц┐BЦ#┐⌠SSBц3"Цs3⌠Cц##PёS┐цs▓Ц┐⌠┐▓цCrЦ┐cs⌠C32ц##PёS┐цs2ЦS⌠c⌠cBцc2ЦCC⌠┌ц##PёS┐"цcRЦs3bцsrЦs333#▓ц##PёS┐2цSbЦ#33Bц⌠Цc3S3Bц##PёS┐BцCRЦ#C┐ccBцBЦcCS2ц##PёS┐Rц3"Ц┐cS3cBцbЦc⌠┌ц##PёS┐bц▓Ц##C⌠┌ц#rЦCc⌠C#Bц##PёS┐rцBЦ3⌠cCrц3rЦ⌠33▓ц##PёS┐┌ц┐┌ЦSsSCCc┌цCRЦC#┐┐bц##PёS┐▓цsЦ⌠c#c▓цS"Ц3Css3Rц##PёS⌠цSBЦSCCC⌠▓цSrЦs⌠⌠Ccц##PёS⌠ц3bЦcSsCsRцcЦs3C⌠2ц##PёS⌠"ц┌ЦCsC#rцcBЦS⌠cц##PёS⌠2бсBЦcCs┐┐sCSCFRсBцcBЦ▓ц##PёS⌠Bбс┌ЦCsC#rцcBЦS⌠cц##PёS⌠Rбс3bЦcSsCsRцcЦs3C⌠2ц##PёS⌠bбсSBЦSCCC⌠▓цSrЦs⌠⌠Ccц##PёS⌠rбсsЦ⌠c#c▓цS"Ц3Css3Rц##PёS⌠┌бс┐┌ЦSsSCCc┌цCRЦC#┐┐bц##PёS⌠▓бсBЦ3⌠cCrц3rЦ⌠33▓ц##Pёcбс▓Ц##C⌠┌ц#rЦCc⌠C#Bц##Pёcбс3"Ц┐cS3cBцbЦc⌠┌ц##Pёc"бсCRЦ#C┐ccBцBЦcCS2ц##Pёc2бсSbЦ#33Bц⌠Цc3S3Bц##PёcBбсcRЦs3bцsrЦs333#▓ц##PёcRбсs2ЦS⌠c⌠cBцc2ЦCC⌠┌ц##Pёcbбсs▓Ц┐⌠┐▓цCrЦ┐cs⌠C32ц##Pёcrбс┐BЦ#┐⌠SSBц3"Цs3⌠Cц##Pёc┌бс┐bЦ⌠⌠S#цbЦc3#cBц##Pёc▓бс┐rЦ▓бсЦ33CC┐s#s├Rс2ц##Pёcбс┐bЦ⌠⌠S#бсbЦc3#cBц##Pёcбс┐BЦ#┐⌠SSBбс3"Цs3⌠Cц##Pёc"бсs▓Ц┐⌠┐▓бсCrЦ┐cs⌠C32ц##Pёc2бсs2ЦS⌠c⌠cBбсc2ЦCC⌠┌ц##PёcBбсcRЦs3bбсsrЦs333#▓ц##PёcRбсSbЦ#33Bбс⌠Цc3S3Bц##PёcbбсCRЦ#C┐ccBбсBЦcCS2ц##Pёcrбс3"Ц┐cS3cBбсbЦc⌠┌ц##Pёc┌бс▓Ц##C⌠┌бс#rЦCc⌠C#Bц##Pёc▓бсBЦ3⌠cCrбс3rЦ⌠33▓ц##Pёc#бс┐┌ЦSsSCCc┌бсCRЦC#┐┐bц##Pёc#бсsЦ⌠c#c▓бсS"Ц3Css3Rц##Pёc#"бсSBЦSCCC⌠▓бсSrЦs⌠⌠Ccц##Pёc#2бс3bЦcSsCsRбсcЦs3C⌠2ц##Pёc#Bбс┌ЦCsC#rбсcBЦS⌠cц##Pёc#RцRЦS┐#sc⌠#c#⌠&RсBбсcBЦ▓ц##Pёc#bц┌ЦCsC#rбсcBЦS⌠cц##Pёc#rц3bЦcSsCsRбсcЦs3C⌠2ц##Pёc#┌цSBЦSCCC⌠▓бсSrЦs⌠⌠Ccц##Pёc#▓цsЦ⌠c#c▓бсS"Ц3Css3Rц##Pёc3ц┐┌ЦSsSCCc┌бсCRЦC#┐┐bц##Pёc3цBЦ3⌠cCrбс3rЦ⌠33▓ц##Pёc3"ц▓Ц##C⌠┌бс#rЦCc⌠C#Bц##Pёc32ц3"Ц┐cS3cBбсbЦc⌠┌ц##Pёc3BцCRЦ#C┐ccBбсBЦcCS2ц##Pёc3RцSbЦ#33Bбс⌠Цc3S3Bц##Pёc3bцcRЦs3bбсsrЦs333#▓ц##Pёc3rцs2ЦS⌠c⌠cBбсc2ЦCC⌠┌ц##Pёc3┌цs▓Ц┐⌠┐▓бсCrЦ┐cs⌠C32ц##Pёc3▓ц┐BЦ#┐⌠SSBбс3"Цs3⌠Cц##PёcCц┐bЦ⌠⌠S#бсbЦc3#cBц##PёcCц┐rЦ▓бсЦ3#⌠┐ss3cs√Rс2ц#S ёcC"ц┐bЦ⌠⌠S#цbЦc3#cBц#S ёcC2ц┐BЦ#┐⌠SSBц3"Цs3⌠Cц#S ёcCBцs▓Ц┐⌠┐▓цCrЦ┐cs⌠C32ц#S ёcCRцs2ЦS⌠c⌠cBцc2ЦCC⌠┌ц#S ёcCbцcRЦs3bцsrЦs333#▓ц#S ёcCrцSbЦ#33Bц⌠Цc3S3Bц#S ёcC┌цCRЦ#C┐ccBцBЦcCS2ц#S ёcC▓ц3"Ц┐cS3cBцbЦc⌠┌ц#S ёcSц▓Ц##C⌠┌ц#rЦCc⌠C#Bц#S ёcSцBЦ3⌠cCrц3rЦ⌠33▓ц#S ёcS"ц┐┌ЦSsSCCc┌цCRЦC#┐┐bц#S ёcS2цsЦ⌠c#c▓цS"Ц3Css3Rц#S ёcSBцSBЦSCCC⌠▓цSrЦs⌠⌠Ccц#S ёcSRц3bЦcSsCsRцcЦs3C⌠2ц#S ёcSbц┌ЦCsC#rцcBЦS⌠cц#S ёcSrбс2ЦS3Cs#33#√RсBцcBЦ▓ц#S ёcS┌бс┌ЦCsC#rцcBЦS⌠cц#S ёcS▓бс3bЦcSsCsRцcЦs3C⌠2ц#S ёccбсSBЦSCCC⌠▓цSrЦs⌠⌠Ccц#S ёccбсsЦ⌠c#c▓цS"Ц3Css3Rц#S ёcc"бс┐┌ЦSsSCCc┌цCRЦC#┐┐bц#S ёcc2бсBЦ3⌠cCrц3rЦ⌠33▓ц#S ёccBбс▓Ц##C⌠┌ц#rЦCc⌠C#Bц#S ёccRбс3"Ц┐cS3cBцbЦc⌠┌ц#S ёccbбсCRЦ#C┐ccBцBЦcCS2ц#S ёccrбсSbЦ#33Bц⌠Цc3S3Bц#S ёcc┌бсcRЦs3bцsrЦs333#▓ц#S ёcc▓бсs2ЦS⌠c⌠cBцc2ЦCC⌠┌ц#S ёcsбсs▓Ц┐⌠┐▓цCrЦ┐cs⌠C32ц#S ёcsбс┐BЦ#┐⌠SSBц3"Цs3⌠Cц#S ёcs"бс┐bЦ⌠⌠S#цbЦc3#cBц#S ёcs2бс┐rЦ▓бсЦ3┐⌠s⌠⌠3sC⌠&Rс2ц#S ёcsBбс┐bЦ⌠⌠S#бсbЦc3#cBц#S ёcsRбс┐BЦ#┐⌠SSBбс3"Цs3⌠Cц#S ёcsbбсs▓Ц┐⌠┐▓бсCrЦ┐cs⌠C32ц#S ёcsrбсs2ЦS⌠c⌠cBбсc2ЦCC⌠┌ц#S ёcs┌бсcRЦs3bбсsrЦs333#▓ц#S ёcs▓бсSbЦ#33Bбс⌠Цc3S3Bц#S ёc┐бсCRЦ#C┐ccBбсBЦcCS2ц#S ёc┐бс3"Ц┐cS3cBбсbЦc⌠┌ц#S ёc┐"бс▓Ц##C⌠┌бс#rЦCc⌠C#Bц#S ёc┐2бсBЦ3⌠cCrбс3rЦ⌠33▓ц#S ёc┐Bбс┐┌ЦSsSCCc┌бсCRЦC#┐┐bц#S ёc┐RбсsЦ⌠c#c▓бсS"Ц3Css3Rц#S ёc┐bбсSBЦSCCC⌠▓бсSrЦs⌠⌠Ccц#S ёc┐rбс3bЦcSsCsRбсcЦs3C⌠2ц#S ёc┐┌бс┌ЦCsC#rбсcBЦS⌠cц#S ёc┐▓цBЦC#┐cCc⌠c&RсBбсcBЦ▓ц#S ёc⌠ц┌ЦCsC#rбсcBЦS⌠cц#S ёc⌠ц3bЦcSsCsRбсcЦs3C⌠2ц#S ёc⌠"цSBЦSCCC⌠▓бсSrЦs⌠⌠Ccц#S ёc⌠2цsЦ⌠c#c▓бсS"Ц3Css3Rц#S ёc⌠Bц┐┌ЦSsSCCc┌бсCRЦC#┐┐bц#S ёc⌠RцBЦ3⌠cCrбс3rЦ⌠33▓ц#S ёc⌠bц▓Ц##C⌠┌бс#rЦCc⌠C#Bц#S ёc⌠rц3"Ц┐cS3cBбсbЦc⌠┌ц#S ёc⌠┌цCRЦ#C┐ccBбсBЦcCS2ц#S ёc⌠▓цSbЦ#33Bбс⌠Цc3S3Bц#S ёsцcRЦs3bбсsrЦs333#▓ц#S ёsцs2ЦS⌠c⌠cBбсc2ЦCC⌠┌ц#S ёs"цs▓Ц┐⌠┐▓бсCrЦ┐cs⌠C32ц#S ёs2ц┐BЦ#┐⌠SSBбс3"Цs3⌠Cц#S ёsBц┐bЦ⌠⌠S#бсbЦc3#cBц#S ёsRц┐rЦ▓бсЦ#C⌠⌠S├Rс2ц#sPёsbц┐bЦ⌠⌠S#цbЦc3#cBц#sPёsrц┐BЦ#┐⌠SSBц3"Цs3⌠Cц#sPёs┌цs▓Ц┐⌠┐▓цCrЦ┐cs⌠C32ц#sPёs▓цs2ЦS⌠c⌠cBцc2ЦCC⌠┌ц#sPёsцcRЦs3bцsrЦs333#▓ц#sPёsцSbЦ#33Bц⌠Цc3S3Bц#sPёs"цCRЦ#C┐ccBцBЦcCS2ц#sPёs2ц3"Ц┐cS3cBцbЦc⌠┌ц#sPёsBц▓Ц##C⌠┌ц#rЦCc⌠C#Bц#sPёsRцBЦ3⌠cCrц3rЦ⌠33▓ц#sPёsbц┐┌ЦSsSCCc┌цCRЦC#┐┐bц#sPёsrцsЦ⌠c#c▓цS"Ц3Css3Rц#sPёs┌цSBЦSCCC⌠▓цSrЦs⌠⌠Ccц#sPёs▓ц3bЦcSsCsRцcЦs3C⌠2ц#sPёs#ц┌ЦCsC#rцcBЦS⌠cц#sPёs#бс2Ц3sCc⌠S⌠C#├RсBцcBЦ▓ц#sPёs#"бс┌ЦCsC#rцcBЦS⌠cц#sPёs#2бс3bЦcSsCsRцcЦs3C⌠2ц#sPёs#BбсSBЦSCCC⌠▓цSrЦs⌠⌠Ccц#sPёs#RбсsЦ⌠c#c▓цS"Ц3Css3Rц#sPёs#bбс┐┌ЦSsSCCc┌цCRЦC#┐┐bц#sPёs#rбсBЦ3⌠cCrц3rЦ⌠33▓ц#sPёs#┌бс▓Ц##C⌠┌ц#rЦCc⌠C#Bц#sPёs#▓бс3"Ц┐cS3cBцbЦc⌠┌ц#sPёs3бсCRЦ#C┐ccBцBЦcCS2ц#sPёs3бсSbЦ#33Bц⌠Цc3S3Bц#sPёs3"бсcRЦs3bцsrЦs333#▓ц#sPёs32бсs2ЦS⌠c⌠cBцc2ЦCC⌠┌ц#sPёs3Bбсs▓Ц┐⌠┐▓цCrЦ┐cs⌠C32ц#sPёs3Rбс┐BЦ#┐⌠SSBц3"Цs3⌠Cц#sPёs3bбс┐bЦ⌠⌠S#цbЦc3#cBц#sPёs3rбс┐rЦ▓бсЦCSSC┐#┐3s├Rс2ц#sPёs3┌бс┐bЦ⌠⌠S#бсbЦc3#cBц#sPёs3▓бс┐BЦ#┐⌠SSBбс3"Цs3⌠Cц#sPёsCбсs▓Ц┐⌠┐▓бсCrЦ┐cs⌠C32ц#sPёsCбсs2ЦS⌠c⌠cBбсc2ЦCC⌠┌ц#sPёsC"бсcRЦs3bбсsrЦs333#▓ц#sPёsC2бсSbЦ#33Bбс⌠Цc3S3Bц#sPёsCBбсCRЦ#C┐ccBбсBЦcCS2ц#sPёsCRбс3"Ц┐cS3cBбсbЦc⌠┌ц#sPёsCbбс▓Ц##C⌠┌бс#rЦCc⌠C#Bц#sPёsCrбсBЦ3⌠cCrбс3rЦ⌠33▓ц#sPёsC┌бс┐┌ЦSsSCCc┌бсCRЦC#┐┐bц#sPёsC▓бсsЦ⌠c#c▓бсS"Ц3Css3Rц#sPёsSбсSBЦSCCC⌠▓бсSrЦs⌠⌠Ccц#sPёsSбс3bЦcSsCsRбсcЦs3C⌠2ц#sPёsS"бс┌ЦCsC#rбсcBЦS⌠cц#sPёsS2ц2Ц#┐##⌠⌠csFRсBбсcBЦ▓ц#sPёsSBц┌ЦCsC#rбсcBЦS⌠cц#sPёsSRц3bЦcSsCsRбсcЦs3C⌠2ц#sPёsSbцSBЦSCCC⌠▓бсSrЦs⌠⌠Ccц#sPёsSrцsЦ⌠c#c▓бсS"Ц3Css3Rц#sPёsS┌ц┐┌ЦSsSCCc┌бсCRЦC#┐┐bц#sPёsS▓цBЦ3⌠cCrбс3rЦ⌠33▓ц#sPёscц▓Ц##C⌠┌бс#rЦCc⌠C#Bц#sPёscц3"Ц┐cS3cBбсbЦc⌠┌ц#sPёsc"цCRЦ#C┐ccBбсBЦcCS2ц#sPёsc2цSbЦ#33Bбс⌠Цc3S3Bц#sPёscBцcRЦs3bбсsrЦs333#▓ц#sPёscRцs2ЦS⌠c⌠cBбсc2ЦCC⌠┌ц#sPёscbцs▓Ц┐⌠┐▓бсCrЦ┐cs⌠C32ц#sPёscrц┐BЦ#┐⌠SSBбс3"Цs3⌠Cц#sPёsc┌ц┐bЦ⌠⌠S#бсbЦc3#cBц#sPёsc▓ц┐rЦ▓бсЦ⌠c⌠ScSSS√Rс2ц3 ёssц┐bЦ⌠⌠S#цbЦc3#cBц3 ёssц┐BЦ#┐⌠SSBц3"Цs3⌠Cц3 ёss"цs▓Ц┐⌠┐▓цCrЦ┐cs⌠C32ц3 ёss2цs2ЦS⌠c⌠cBцc2ЦCC⌠┌ц3 ёssBцcRЦs3bцsrЦs333#▓ц3 ёssRцSbЦ#33Bц⌠Цc3S3Bц3 ёssbцCRЦ#C┐ccBцBЦcCS2ц3 ёssrц3"Ц┐cS3cBцbЦc⌠┌ц3 ёss┌ц▓Ц##C⌠┌ц#rЦCc⌠C#Bц3 ёss▓цBЦ3⌠cCrц3rЦ⌠33▓ц3 ёs┐ц┐┌ЦSsSCCc┌цCRЦC#┐┐bц3 ёs┐цsЦ⌠c#c▓цS"Ц3Css3Rц3 ёs┐"цSBЦSCCC⌠▓цSrЦs⌠⌠Ccц3 ёs┐2ц3bЦcSsCsRцcЦs3C⌠2ц3 ёs┐Bц┌ЦCsC#rцcBЦS⌠cц3 ёs┐Rбс2Ц3#⌠┐cscSC&RсBцcBЦ▓ц3 ёs┐bбс┌ЦCsC#rцcBЦS⌠cц3 ёs┐rбс3bЦcSsCsRцcЦs3C⌠2ц3 ёs┐┌бсSBЦSCCC⌠▓цSrЦs⌠⌠Ccц3 ёs┐▓бсsЦ⌠c#c▓цS"Ц3Css3Rц3 ёs⌠бс┐┌ЦSsSCCc┌цCRЦC#┐┐bц3 ёs⌠бсBЦ3⌠cCrц3rЦ⌠33▓ц3 ёs⌠"бс▓Ц##C⌠┌ц#rЦCc⌠C#Bц3 ёs⌠2бс3"Ц┐cS3cBцbЦc⌠┌ц3 ёs⌠BбсCRЦ#C┐ccBцBЦcCS2ц3 ёs⌠RбсSbЦ#33Bц⌠Цc3S3Bц3 ёs⌠bбсcRЦs3bцsrЦs333#▓ц3 ёs⌠rбсs2ЦS⌠c⌠cBцc2ЦCC⌠┌ц3 ёs⌠┌бсs▓Ц┐⌠┐▓цCrЦ┐cs⌠C32ц3 ёs⌠▓бс┐BЦ#┐⌠SSBц3"Цs3⌠Cц3 ё┐бс┐bЦ⌠⌠S#цbЦc3#cBц3 ё┐бс┐rЦ▓бсЦS┐#ccC3cC┐&Rс2ц3 ё┐"бс┐bЦ⌠⌠S#бсbЦc3#cBц3 ё┐2бс┐BЦ#┐⌠SSBбс3"Цs3⌠Cц3 ё┐Bбсs▓Ц┐⌠┐▓бсCrЦ┐cs⌠C32ц3 ё┐Rбсs2ЦS⌠c⌠cBбсc2ЦCC⌠┌ц3 ё┐bбсcRЦs3bбсsrЦs333#▓ц3 ё┐rбсSbЦ#33Bбс⌠Цc3S3Bц3 ё┐┌бсCRЦ#C┐ccBбсBЦcCS2ц3 ё┐▓бс3"Ц┐cS3cBбсbЦc⌠┌ц3 ё┐бс▓Ц##C⌠┌бс#rЦCc⌠C#Bц3 ё┐бсBЦ3⌠cCrбс3rЦ⌠33▓ц3 ё┐"бс┐┌ЦSsSCCc┌бсCRЦC#┐┐bц3 ё┐2бсsЦ⌠c#c▓бсS"Ц3Css3Rц3 ё┐BбсSBЦSCCC⌠▓бсSrЦs⌠⌠Ccц3 ё┐Rбс3bЦcSsCsRбсcЦs3C⌠2ц3 ё┐bбс┌ЦCsC#rбсcBЦS⌠cц3 ё┐rцЦs┐cCScs√RсBбсcBЦ▓ц3 ё┐┌ц┌ЦCsC#rбсcBЦS⌠cц3 ё┐▓ц3bЦcSsCsRбсcЦs3C⌠2ц3 ё┐#цSBЦSCCC⌠▓бсSrЦs⌠⌠Ccц3 ё┐#цsЦ⌠c#c▓бсS"Ц3Css3Rц3 ё┐#"ц┐┌ЦSsSCCc┌бсCRЦC#┐┐bц3 ё┐#2цBЦ3⌠cCrбс3rЦ⌠33▓ц3 ё┐#Bц▓Ц##C⌠┌бс#rЦCc⌠C#Bц3 ё┐#Rц3"Ц┐cS3cBбсbЦc⌠┌ц3 ё┐#bцCRЦ#C┐ccBбсBЦcCS2ц3 ё┐#rцSbЦ#33Bбс⌠Цc3S3Bц3 ё┐#┌цcRЦs3bбсsrЦs333#▓ц3 ё┐#▓цs2ЦS⌠c⌠cBбсc2ЦCC⌠┌ц3 ё┐3цs▓Ц┐⌠┐▓бсCrЦ┐cs⌠C32ц3 ё┐3ц┐BЦ#┐⌠SSBбс3"Цs3⌠Cц3 ё┐3"ц┐bЦ⌠⌠S#бсbЦc3#cBц3 ё┐32ц┐rЦ▓бс▓Цc#S3cC┐&RсBц3#Pё┐3Bц┐bЦ⌠⌠S#цbЦc3#cBц3#Pё┐3Rц┐BЦ#┐⌠SSBц3"Цs3⌠Cц3#Pё┐3bцs▓Ц┐⌠┐▓цCrЦ┐cs⌠C32ц3#Pё┐3rцs2ЦS⌠c⌠cBцc2ЦCC⌠┌ц3#Pё┐3┌цcRЦs3bцsrЦs333#▓ц3#Pё┐3▓цSbЦ#33Bц⌠Цc3S3Bц3#Pё┐CцCRЦ#C┐ccBцBЦcCS2ц3#Pё┐Cц3"Ц┐cS3cBцbЦc⌠┌ц3#Pё┐C"ц▓Ц##C⌠┌ц#rЦCc⌠C#Bц3#Pё┐C2цBЦ3⌠cCrц3rЦ⌠33▓ц3#Pё┐CBц┐┌ЦSsSCCc┌цCRЦC#┐┐bц3#Pё┐CRцsЦ⌠c#c▓цS"Ц3Css3Rц3#Pё┐CbцSBЦSCCC⌠▓цSrЦs⌠⌠Ccц3#Pё┐Crц3bЦcSsCsRцcЦs3C⌠2ц3#Pё┐C┌ц┌ЦCsC#rцcBЦS⌠cц3#Pё┐C▓бс2Ц#sS⌠┐S⌠C3RсBцcBЦ▓ц3#Pё┐Sбс┌ЦCsC#rцcBЦS⌠cц3#Pё┐Sбс3bЦcSsCsRцcЦs3C⌠2ц3#Pё┐S"бсSBЦSCCC⌠▓цSrЦs⌠⌠Ccц3#Pё┐S2бсsЦ⌠c#c▓цS"Ц3Css3Rц3#Pё┐SBбс┐┌ЦSsSCCc┌цCRЦC#┐┐bц3#Pё┐SRбсBЦ3⌠cCrц3rЦ⌠33▓ц3#Pё┐Sbбс▓Ц##C⌠┌ц#rЦCc⌠C#Bц3#Pё┐Srбс3"Ц┐cS3cBцbЦc⌠┌ц3#Pё┐S┌бсCRЦ#C┐ccBцBЦcCS2ц3#Pё┐S▓бсSbЦ#33Bц⌠Цc3S3Bц3#Pё┐cбсcRЦs3bцsrЦs333#▓ц3#Pё┐cбсs2ЦS⌠c⌠cBцc2ЦCC⌠┌ц3#Pё┐c"бсs▓Ц┐⌠┐▓цCrЦ┐cs⌠C32ц3#Pё┐c2бс┐BЦ#┐⌠SSBц3"Цs3⌠Cц3#Pё┐cBбс┐bЦ⌠⌠S#цbЦc3#cBц3#Pё┐cRбс┐rЦ▓бсЦc┐###S┐SScfRс2ц3#Pё┐cbбс┐bЦ⌠⌠S#бсbЦc3#cBц3#Pё┐crбс┐BЦ#┐⌠SSBбс3"Цs3⌠Cц3#Pё┐c┌бсs▓Ц┐⌠┐▓бсCrЦ┐cs⌠C32ц3#Pё┐c▓бсs2ЦS⌠c⌠cBбсc2ЦCC⌠┌ц3#Pё┐sбсcRЦs3bбсsrЦs333#▓ц3#Pё┐sбсSbЦ#33Bбс⌠Цc3S3Bц3#Pё┐s"бсCRЦ#C┐ccBбсBЦcCS2ц3#Pё┐s2бс3"Ц┐cS3cBбсbЦc⌠┌ц3#Pё┐sBбс▓Ц##C⌠┌бс#rЦCc⌠C#Bц3#Pё┐sRбсBЦ3⌠cCrбс3rЦ⌠33▓ц3#Pё┐sbбс┐┌ЦSsSCCc┌бсCRЦC#┐┐bц3#Pё┐srбсsЦ⌠c#c▓бсS"Ц3Css3Rц3#Pё┐s┌бсSBЦSCCC⌠▓бсSrЦs⌠⌠Ccц3#Pё┐s▓бс3bЦcSsCsRбсcЦs3C⌠2ц3#Pё┐┐бс┌ЦCsC#rбсcBЦS⌠cц3#Pё┐┐цrЦcC33sc#6RсRбсcBЦ▓ц3#Pё┐┐"ц┌ЦCsC#rбсcBЦS⌠cц3#Pё┐┐2ц3bЦcSsCsRбсcЦs3C⌠2ц3#Pё┐┐BцSBЦSCCC⌠▓бсSrЦs⌠⌠Ccц3#Pё┐┐RцsЦ⌠c#c▓бсS"Ц3Css3Rц3#Pё┐┐bц┐┌ЦSsSCCc┌бсCRЦC#┐┐bц3#Pё┐┐rцBЦ3⌠cCrбс3rЦ⌠33▓ц3#Pё┐┐┌ц▓Ц##C⌠┌бс#rЦCc⌠C#Bц3#Pё┐┐▓ц3"Ц┐cS3cBбсbЦc⌠┌ц3#Pё┐⌠цCRЦ#C┐ccBбсBЦcCS2ц3#Pё┐⌠цSbЦ#33Bбс⌠Цc3S3Bц3#Pё┐⌠"цcRЦs3bбсsrЦs333#▓ц3#Pё┐⌠2цs2ЦS⌠c⌠cBбсc2ЦCC⌠┌ц3#Pё┐⌠Bцs▓Ц┐⌠┐▓бсCrЦ┐cs⌠C32ц3#Pё┐⌠Rц┐BЦ#┐⌠SSBбс3"Цs3⌠Cц3#Pё┐⌠bц┐bЦ⌠⌠S#бсbЦc3#cBц3#Pё┐⌠rц┐rЦ▓бс▓Ц⌠33┐┐┐csvRсBц3S ё┐⌠┌ц┐bЦ⌠⌠S#цbЦc3#cBц3S ё┐⌠▓ц┐BЦ#┐⌠SSBц3"Цs3⌠Cц3S ё⌠цs▓Ц┐⌠┐▓цCrЦ┐cs⌠C32ц3S ё⌠цs2ЦS⌠c⌠cBцc2ЦCC⌠┌ц3S ё⌠"цcRЦs3bцsrЦs333#▓ц3S ё⌠2цSbЦ#33Bц⌠Цc3S3Bц3S ё⌠BцCRЦ#C┐ccBцBЦcCS2ц3S ё⌠Rц3"Ц┐cS3cBцbЦc⌠┌ц3S ё⌠bц▓Ц##C⌠┌ц#rЦCc⌠C#Bц3S ё⌠rцBЦ3⌠cCrц3rЦ⌠33▓ц3S ё⌠┌ц┐┌ЦSsSCCc┌цCRЦC#┐┐bц3S ё⌠▓цsЦ⌠c#c▓цS"Ц3Css3Rц3S ё⌠цSBЦSCCC⌠▓цSrЦs⌠⌠Ccц3S ё⌠ц3bЦcSsCsRцcЦs3C⌠2ц3S ё⌠"ц┌ЦCsC#rцcBЦS⌠cц3S ё⌠2бс2Цc#┐┐#s3SvRсBцcBЦ▓ц3S ё⌠Bбс┌ЦCsC#rцcBЦS⌠cц3S ё⌠Rбс3bЦcSsCsRцcЦs3C⌠2ц3S ё⌠bбсSBЦSCCC⌠▓цSrЦs⌠⌠Ccц3S ё⌠rбсsЦ⌠c#c▓цS"Ц3Css3Rц3S ё⌠┌бс┐┌ЦSsSCCc┌цCRЦC#┐┐bц3S ё⌠▓бсBЦ3⌠cCrц3rЦ⌠33▓ц3S ё⌠#бс▓Ц##C⌠┌ц#rЦCc⌠C#Bц3S ё⌠#бс3"Ц┐cS3cBцbЦc⌠┌ц3S ё⌠#"бсCRЦ#C┐ccBцBЦcCS2ц3S ё⌠#2бсSbЦ#33Bц⌠Цc3S3Bц3S ё⌠#BбсcRЦs3bцsrЦs333#▓ц3S ё⌠#Rбсs2ЦS⌠c⌠cBцc2ЦCC⌠┌ц3S ё⌠#bбсs▓Ц┐⌠┐▓цCrЦ┐cs⌠C32ц3S ё⌠#rбс┐BЦ#┐⌠SSBц3"Цs3⌠Cц3S ё⌠#┌бс┐bЦ⌠⌠S#цbЦc3#cBц3S ё⌠#▓бс┐rЦ▓бсЦss3cc#3cVRс2ц3S ё⌠3бс┐bЦ⌠⌠S#бсbЦc3#cBц3S ё⌠3бс┐BЦ#┐⌠SSBбс3"Цs3⌠Cц3S ё⌠3"бсs▓Ц┐⌠┐▓бсCrЦ┐cs⌠C32ц3S ё⌠32бсs2ЦS⌠c⌠cBбсc2ЦCC⌠┌ц3S ё⌠3BбсcRЦs3bбсsrЦs333#▓ц3S ё⌠3RбсSbЦ#33Bбс⌠Цc3S3Bц3S ё⌠3bбсCRЦ#C┐ccBбсBЦcCS2ц3S ё⌠3rбс3"Ц┐cS3cBбсbЦc⌠┌ц3S ё⌠3┌бс▓Ц##C⌠┌бс#rЦCc⌠C#Bц3S ё⌠3▓бсBЦ3⌠cCrбс3rЦ⌠33▓ц3S ё⌠Cбс┐┌ЦSsSCCc┌бсCRЦC#┐┐bц3S ё⌠CбсsЦ⌠c#c▓бсS"Ц3Css3Rц3S ё⌠C"бсSBЦSCCC⌠▓бсSrЦs⌠⌠Ccц3S ё⌠C2бс3bЦcSsCsRбсcЦs3C⌠2ц3S ё⌠CBбс┌ЦCsC#rбсcBЦS⌠cц3S ё⌠CRбсЦ3#3sS┐36RсRбсcBЦ▓ц3S ё⌠Cbц┌ЦCsC#rбсcBЦS⌠cц3S ё⌠Crц3bЦcSsCsRбсcЦs3C⌠2ц3S ё⌠C┌цSBЦSCCC⌠▓бсSrЦs⌠⌠Ccц3S ё⌠C▓цsЦ⌠c#c▓бсS"Ц3Css3Rц3S ё⌠Sц┐┌ЦSsSCCc┌бсCRЦC#┐┐bц3S ё⌠SцBЦ3⌠cCrбс3rЦ⌠33▓ц3S ё⌠S"ц▓Ц##C⌠┌бс#rЦCc⌠C#Bц3S ё⌠S2ц3"Ц┐cS3cBбсbЦc⌠┌ц3S ё⌠SBцCRЦ#C┐ccBбсBЦcCS2ц3S ё⌠SRцSbЦ#33Bбс⌠Цc3S3Bц3S ё⌠SbцcRЦs3bбсsrЦs333#▓ц3S ё⌠Srцs2ЦS⌠c⌠cBбсc2ЦCC⌠┌ц3S ё⌠S┌цs▓Ц┐⌠┐▓бсCrЦ┐cs⌠C32ц3S ё⌠S▓ц┐BЦ#┐⌠SSBбс3"Цs3⌠Cц3S ё⌠cц┐bЦ⌠⌠S#бсbЦc3#cBц3S ё⌠cц┐rЦ▓бс┌Ц3Ssss&RсBц3sPё⌠c"ц┐bЦ⌠⌠S#цbЦc3#cBц3sPё⌠c2ц┐BЦ#┐⌠SSBц3"Цs3⌠Cц3sPё⌠cBцs▓Ц┐⌠┐▓цCrЦ┐cs⌠C32ц3sPё⌠cRцs2ЦS⌠c⌠cBцc2ЦCC⌠┌ц3sPё⌠cbцcRЦs3bцsrЦs333#▓ц3sPё⌠crцSbЦ#33Bц⌠Цc3S3Bц3sPё⌠c┌цCRЦ#C┐ccBцBЦcCS2ц3sPё⌠c▓ц3"Ц┐cS3cBцbЦc⌠┌ц3sPё⌠sц▓Ц##C⌠┌ц#rЦCc⌠C#Bц3sPё⌠sцBЦ3⌠cCrц3rЦ⌠33▓ц3sPё⌠s"ц┐┌ЦSsSCCc┌цCRЦC#┐┐bц3sPё⌠s2цsЦ⌠c#c▓цS"Ц3Css3Rц3sPё⌠sBцSBЦSCCC⌠▓цSrЦs⌠⌠Ccц3sPё⌠sRц3bЦcSsCsRцcЦs3C⌠2ц3sPё⌠sbц┌ЦCsC#rцcBЦS⌠cц3sPё⌠srбс"ЦSc#⌠#S├RсBцcBЦ▓ц3sPё⌠s┌бс┌ЦCsC#rцcBЦS⌠cц3sPё⌠s▓бс3bЦcSsCsRцcЦs3C⌠2ц3sPё⌠┐бсSBЦSCCC⌠▓цSrЦs⌠⌠Ccц3sPё⌠┐бсsЦ⌠c#c▓цS"Ц3Css3Rц3sPё⌠┐"бс┐┌ЦSsSCCc┌цCRЦC#┐┐bц3sPё⌠┐2бсBЦ3⌠cCrц3rЦ⌠33▓ц3sPё⌠┐Bбс▓Ц##C⌠┌ц#rЦCc⌠C#Bц3sPё⌠┐Rбс3"Ц┐cS3cBцbЦc⌠┌ц3sPё⌠┐bбсCRЦ#C┐ccBцBЦcCS2ц3sPё⌠┐rбсSbЦ#33Bц⌠Цc3S3Bц3sPё⌠┐┌бсcRЦs3bцsrЦs333#▓ц3sPё⌠┐▓бсs2ЦS⌠c⌠cBцc2ЦCC⌠┌ц3sPё⌠⌠бсs▓Ц┐⌠┐▓цCrЦ┐cs⌠C32ц3sPё⌠⌠бс┐BЦ#┐⌠SSBц3"Цs3⌠Cц3sPё⌠⌠"бс┐bЦ⌠⌠S#цbЦc3#cBц3sPё⌠⌠2бс┐rЦ▓бсЦ┐┐⌠┐S#S&Rс2ц3sPё⌠⌠Bбс┐bЦ⌠⌠S#бсbЦc3#cBц3sPё⌠⌠Rбс┐BЦ#┐⌠SSBбс3"Цs3⌠Cц3sPё⌠⌠bбсs▓Ц┐⌠┐▓бсCrЦ┐cs⌠C32ц3sPё⌠⌠rбсs2ЦS⌠c⌠cBбсc2ЦCC⌠┌ц3sPё⌠⌠┌бсcRЦs3bбсsrЦs333#▓ц3sPё⌠⌠▓бсSbЦ#33Bбс⌠Цc3S3Bц3sPёбсCRЦ#C┐ccBбсBЦcCS2ц3sPёбс3"Ц┐cS3cBбсbЦc⌠┌ц3sPё"бс▓Ц##C⌠┌бс#rЦCc⌠C#Bц3sPё2бсBЦ3⌠cCrбс3rЦ⌠33▓ц3sPёBбс┐┌ЦSsSCCc┌бсCRЦC#┐┐bц3sPёRбсsЦ⌠c#c▓бсS"Ц3Css3Rц3sPёbбсSBЦSCCC⌠▓бсSrЦs⌠⌠Ccц3sPёrбс3bЦcSsCsRбсcЦs3C⌠2ц3sPё┌бс┌ЦCsC#rбсcBЦS⌠cц3sPё▓бсЦSs#⌠SCs⌠SRсBбсcBЦ▓ц3sPёц┌ЦCsC#rбсcBЦS⌠cц3sPёц3bЦcSsCsRбсcЦs3C⌠2ц3sPё"цSBЦSCCC⌠▓бсSrЦs⌠⌠Ccц3sPё2цsЦ⌠c#c▓бсS"Ц3Css3Rц3sPёBц┐┌ЦSsSCCc┌бсCRЦC#┐┐bц3sPёRцBЦ3⌠cCrбс3rЦ⌠33▓ц3sPёbц▓Ц##C⌠┌бс#rЦCc⌠C#Bц3sPёrц3"Ц┐cS3cBбсbЦc⌠┌ц3sPё┌цCRЦ#C┐ccBбсBЦcCS2ц3sPё▓цSbЦ#33Bбс⌠Цc3S3Bц3sPё#цcRЦs3bбсsrЦs333#▓ц3sPё#цs2ЦS⌠c⌠cBбсc2ЦCC⌠┌ц3sPё#"цs▓Ц┐⌠┐▓бсCrЦ┐cs⌠C32ц3sPё#2ц┐BЦ#┐⌠SSBбс3"Цs3⌠Cц3sPё#Bц┐bЦ⌠⌠S#бсbЦc3#cBц3sPё#Rц┐rЦ▓бсrЦCs##ccc⌠┐√RсBцC ё#bц┐bЦ⌠⌠S#цbЦc3#cBцC ё#rц┐BЦ#┐⌠SSBц3"Цs3⌠CцC ё#┌цs▓Ц┐⌠┐▓цCrЦ┐cs⌠C32цC ё#▓цs2ЦS⌠c⌠cBцc2ЦCC⌠┌цC ё3цcRЦs3bцsrЦs333#▓цC ё3цSbЦ#33Bц⌠Цc3S3BцC ё3"цCRЦ#C┐ccBцBЦcCS2цC ё32ц3"Ц┐cS3cBцbЦc⌠┌цC ё3Bц▓Ц##C⌠┌ц#rЦCc⌠C#BцC ё3RцBЦ3⌠cCrц3rЦ⌠33▓цC ё3bц┐┌ЦSsSCCc┌цCRЦC#┐┐bцC ё3rцsЦ⌠c#c▓цS"Ц3Css3RцC ё3┌цSBЦSCCC⌠▓цSrЦs⌠⌠CcцC ё3▓ц3bЦcSsCsRцcЦs3C⌠2цC ёCц┌ЦCsC#rцcBЦS⌠cцC ёCбсЦss3SC#3s⌠&RсBцcBЦ▓цC ёC"бс┌ЦCsC#rцcBЦS⌠cцC ёC2бс3bЦcSsCsRцcЦs3C⌠2цC ёCBбсSBЦSCCC⌠▓цSrЦs⌠⌠CcцC ёCRбсsЦ⌠c#c▓цS"Ц3Css3RцC ёCbбс┐┌ЦSsSCCc┌цCRЦC#┐┐bцC ёCrбсBЦ3⌠cCrц3rЦ⌠33▓цC ёC┌бс▓Ц##C⌠┌ц#rЦCc⌠C#BцC ёC▓бс3"Ц┐cS3cBцbЦc⌠┌цC ёSбсCRЦ#C┐ccBцBЦcCS2цC ёSбсSbЦ#33Bц⌠Цc3S3BцC ёS"бсcRЦs3bцsrЦs333#▓цC ёS2бсs2ЦS⌠c⌠cBцc2ЦCC⌠┌цC ёSBбсs▓Ц┐⌠┐▓цCrЦ┐cs⌠C32цC ёSRбс┐BЦ#┐⌠SSBц3"Цs3⌠CцC ёSbбс┐bЦ⌠⌠S#цbЦc3#cBцC ёSrбс┐rЦ▓бсЦ┐⌠#┐c#c#fRс2цC ёS┌бс┐bЦ⌠⌠S#бсbЦc3#cBцC ёS▓бс┐BЦ#┐⌠SSBбс3"Цs3⌠CцC ёcбсs▓Ц┐⌠┐▓бсCrЦ┐cs⌠C32цC ёcбсs2ЦS⌠c⌠cBбсc2ЦCC⌠┌цC ёc"бсcRЦs3bбсsrЦs333#▓цC ёc2бсSbЦ#33Bбс⌠Цc3S3BцC ёcBбсCRЦ#C┐ccBбсBЦcCS2цC ёcRбс3"Ц┐cS3cBбсbЦc⌠┌цC ёcbбс▓Ц##C⌠┌бс#rЦCc⌠C#BцC ёcrбсBЦ3⌠cCrбс3rЦ⌠33▓цC ёc┌бс┐┌ЦSsSCCc┌бсCRЦC#┐┐bцC ёc▓бсsЦ⌠c#c▓бсS"Ц3Css3RцC ёsбсSBЦSCCC⌠▓бсSrЦs⌠⌠CcцC ёsбс3bЦcSsCsRбсcЦs3C⌠2цC ёs"бс┌ЦCsC#rбсcBЦS⌠cцC ёs2бсЦcCsSC33Sc├RсBбсcBЦ▓цC ёsBц┌ЦCsC#rбсcBЦS⌠cцC ёsRц3bЦcSsCsRбсcЦs3C⌠2цC ёsbцSBЦSCCC⌠▓бсSrЦs⌠⌠CcцC ёsrцsЦ⌠c#c▓бсS"Ц3Css3RцC ёs┌ц┐┌ЦSsSCCc┌бсCRЦC#┐┐bцC ёs▓цBЦ3⌠cCrбс3rЦ⌠33▓цC ё┐ц▓Ц##C⌠┌бс#rЦCc⌠C#BцC ё┐ц3"Ц┐cS3cBбсbЦc⌠┌цC ё┐"цCRЦ#C┐ccBбсBЦcCS2цC ё┐2цSbЦ#33Bбс⌠Цc3S3BцC ё┐BцcRЦs3bбсsrЦs333#▓цC ё┐Rцs2ЦS⌠c⌠cBбсc2ЦCC⌠┌цC ё┐bцs▓Ц┐⌠┐▓бсCrЦ┐cs⌠C32цC ё┐rц┐BЦ#┐⌠SSBбс3"Цs3⌠CцC ё┐┌ц┐bЦ⌠⌠S#бсbЦc3#cBцC ё┐▓ц┐rЦ▓бсbЦ┐⌠s3CS⌠C├RсBцC#Pё⌠ц┐bЦ⌠⌠S#цbЦc3#cBцC#Pё⌠ц┐BЦ#┐⌠SSBц3"Цs3⌠CцC#Pё⌠"цs▓Ц┐⌠┐▓цCrЦ┐cs⌠C32цC#Pё⌠2цs2ЦS⌠c⌠cBцc2ЦCC⌠┌цC#Pё⌠BцcRЦs3bцsrЦs333#▓цC#Pё⌠RцSbЦ#33Bц⌠Цc3S3BцC#Pё⌠bцCRЦ#C┐ccBцBЦcCS2цC#Pё⌠rц3"Ц┐cS3cBцbЦc⌠┌цC#Pё⌠┌ц▓Ц##C⌠┌ц#rЦCc⌠C#BцC#Pё⌠▓цBЦ3⌠cCrц3rЦ⌠33▓цC#Pёц┐┌ЦSsSCCc┌цCRЦC#┐┐bцC#PёцsЦ⌠c#c▓цS"Ц3Css3RцC#Pё"цSBЦSCCC⌠▓цSrЦs⌠⌠CcцC#Pё2ц3bЦcSsCsRцcЦs3C⌠2цC#PёBц┌ЦCsC#rцcBЦS⌠cцC#PёRбсЦ3S3⌠3SccfRсBцcBЦ▓цC#Pёbбс┌ЦCsC#rцcBЦS⌠cцC#Pёrбс3bЦcSsCsRцcЦs3C⌠2цC#Pё┌бсSBЦSCCC⌠▓цSrЦs⌠⌠CcцC#Pё▓бсsЦ⌠c#c▓цS"Ц3Css3RцC#Pёбс┐┌ЦSsSCCc┌цCRЦC#┐┐bцC#PёбсBЦ3⌠cCrц3rЦ⌠33▓цC#Pё"бс▓Ц##C⌠┌ц#rЦCc⌠C#BцC#Pё2бс3"Ц┐cS3cBцbЦc⌠┌цC#PёBбсCRЦ#C┐ccBцBЦcCS2цC#PёRбсSbЦ#33Bц⌠Цc3S3BцC#PёbбсcRЦs3bцsrЦs333#▓цC#Pёrбсs2ЦS⌠c⌠cBцc2ЦCC⌠┌цC#Pё┌бсs▓Ц┐⌠┐▓цCrЦ┐cs⌠C32цC#Pё▓бс┐BЦ#┐⌠SSBц3"Цs3⌠CцC#Pё#бс┐bЦ⌠⌠S#цbЦc3#cBцC#Pё#бс┐rЦ▓бсЦ┐⌠┐ss#SCC┐vRс2цC#Pё#"бс┐bЦ⌠⌠S#бсbЦc3#cBцC#Pё#2бс┐BЦ#┐⌠SSBбс3"Цs3⌠CцC#Pё#Bбсs▓Ц┐⌠┐▓бсCrЦ┐cs⌠C32цC#Pё#Rбсs2ЦS⌠c⌠cBбсc2ЦCC⌠┌цC#Pё#bбсcRЦs3bбсsrЦs333#▓цC#Pё#rбсSbЦ#33Bбс⌠Цc3S3BцC#Pё#┌бсCRЦ#C┐ccBбсBЦcCS2цC#Pё#▓бс3"Ц┐cS3cBбсbЦc⌠┌цC#Pё3бс▓Ц##C⌠┌бс#rЦCc⌠C#BцC#Pё3бсBЦ3⌠cCrбс3rЦ⌠33▓цC#Pё3"бс┐┌ЦSsSCCc┌бсCRЦC#┐┐bцC#Pё32бсsЦ⌠c#c▓бсS"Ц3Css3RцC#Pё3BбсSBЦSCCC⌠▓бсSrЦs⌠⌠CcцC#Pё3Rбс3bЦcSsCsRбсcЦs3C⌠2цC#Pё3bбс┌ЦCsC#rбсcBЦS⌠cцC#Pё3rбс"Ц┐SSs┐S6RсBбсcBЦ▓цC#Pё3┌ц┌ЦCsC#rбсcBЦS⌠cцC#Pё3▓ц3bЦcSsCsRбсcЦs3C⌠2цC#PёCцSBЦSCCC⌠▓бсSrЦs⌠⌠CcцC#PёCцsЦ⌠c#c▓бсS"Ц3Css3RцC#PёC"ц┐┌ЦSsSCCc┌бсCRЦC#┐┐bцC#PёC2цBЦ3⌠cCrбс3rЦ⌠33▓цC#PёCBц▓Ц##C⌠┌бс#rЦCc⌠C#BцC#PёCRц3"Ц┐cS3cBбсbЦc⌠┌цC#PёCbцCRЦ#C┐ccBбсBЦcCS2цC#PёCrцSbЦ#33Bбс⌠Цc3S3BцC#PёC┌цcRЦs3bбсsrЦs333#▓цC#PёC▓цs2ЦS⌠c⌠cBбсc2ЦCC⌠┌цC#PёSцs▓Ц┐⌠┐▓бсCrЦ┐cs⌠C32цC#PёSц┐BЦ#┐⌠SSBбс3"Цs3⌠CцC#PёS"ц┐bЦ⌠⌠S#бсbЦc3#cBцC#PёS2ц┐rЦ▓бсRЦ┐CcsC#⌠#&RсBцCS ёSBц┐bЦ⌠⌠S#цbЦc3#cBцCS ёSRц┐BЦ#┐⌠SSBц3"Цs3⌠CцCS ёSbцs▓Ц┐⌠┐▓цCrЦ┐cs⌠C32цCS ёSrцs2ЦS⌠c⌠cBцc2ЦCC⌠┌цCS ёS┌цcRЦs3bцsrЦs333#▓цCS ёS▓цSbЦ#33Bц⌠Цc3S3BцCS ёcцCRЦ#C┐ccBцBЦcCS2цCS ёcц3"Ц┐cS3cBцbЦc⌠┌цCS ёc"ц▓Ц##C⌠┌ц#rЦCc⌠C#BцCS ёc2цBЦ3⌠cCrц3rЦ⌠33▓цCS ёcBц┐┌ЦSsSCCc┌цCRЦC#┐┐bцCS ёcRцsЦ⌠c#c▓цS"Ц3Css3RцCS ёcbцSBЦSCCC⌠▓цSrЦs⌠⌠CcцCS ёcrц3bЦcSsCsRцcЦs3C⌠2цCS ёc┌ц┌ЦCsC#rцcBЦS⌠cцCS ёc▓бс▓Ц┐⌠s⌠┐##CVRсRцcBЦ▓цCS ёsбс┌ЦCsC#rцcBЦS⌠cцCS ёsбс3bЦcSsCsRцcЦs3C⌠2цCS ёs"бсSBЦSCCC⌠▓цSrЦs⌠⌠CcцCS ёs2бсsЦ⌠c#c▓цS"Ц3Css3RцCS ёsBбс┐┌ЦSsSCCc┌цCRЦC#┐┐bцCS ёsRбсBЦ3⌠cCrц3rЦ⌠33▓цCS ёsbбс▓Ц##C⌠┌ц#rЦCc⌠C#BцCS ёsrбс3"Ц┐cS3cBцbЦc⌠┌цCS ёs┌бсCRЦ#C┐ccBцBЦcCS2цCS ёs▓бсSbЦ#33Bц⌠Цc3S3BцCS ё┐бсcRЦs3bцsrЦs333#▓цCS ё┐бсs2ЦS⌠c⌠cBцc2ЦCC⌠┌цCS ё┐"бсs▓Ц┐⌠┐▓цCrЦ┐cs⌠C32цCS ё┐2бс┐BЦ#┐⌠SSBц3"Цs3⌠CцCS ё┐Bбс┐bЦ⌠⌠S#цbЦc3#cBцCS ё┐Rбс┐rЦ▓бсЦ⌠3S┐┐C3VRс2цCS ё┐bбс┐bЦ⌠⌠S#бсbЦc3#cBцCS ё┐rбс┐BЦ#┐⌠SSBбс3"Цs3⌠CцCS ё┐┌бсs▓Ц┐⌠┐▓бсCrЦ┐cs⌠C32цCS ё┐▓бсs2ЦS⌠c⌠cBбсc2ЦCC⌠┌цCS ё⌠бсcRЦs3bбсsrЦs333#▓цCS ё⌠бсSbЦ#33Bбс⌠Цc3S3BцCS ё⌠"бсCRЦ#C┐ccBбсBЦcCS2цCS ё⌠2бс3"Ц┐cS3cBбсbЦc⌠┌цCS ё⌠Bбс▓Ц##C⌠┌бс#rЦCc⌠C#BцCS ё⌠RбсBЦ3⌠cCrбс3rЦ⌠33▓цCS ё⌠bбс┐┌ЦSsSCCc┌бсCRЦC#┐┐bцCS ё⌠rбсsЦ⌠c#c▓бсS"Ц3Css3RцCS ё⌠┌бсSBЦSCCC⌠▓бсSrЦs⌠⌠CcцCS ё⌠▓бс3bЦcSsCsRбсcЦs3C⌠2цCS ё#бс┌ЦCsC#rбсcBЦS⌠cцCS ё#бс"Цs3┐Ss#cCCfRсBбсcBЦ▓цCS ё#"ц┌ЦCsC#rбсcBЦS⌠cцCS ё#2ц3bЦcSsCsRбсcЦs3C⌠2цCS ё#BцSBЦSCCC⌠▓бсSrЦs⌠⌠CcцCS ё#RцsЦ⌠c#c▓бсS"Ц3Css3RцCS ё#bц┐┌ЦSsSCCc┌бсCRЦC#┐┐bцCS ё#rцBЦ3⌠cCrбс3rЦ⌠33▓цCS ё#┌ц▓Ц##C⌠┌бс#rЦCc⌠C#BцCS ё#▓ц3"Ц┐cS3cBбсbЦc⌠┌цCS ё#цCRЦ#C┐ccBбсBЦcCS2цCS ё#цSbЦ#33Bбс⌠Цc3S3BцCS ё#"цcRЦs3bбсsrЦs333#▓цCS ё#2цs2ЦS⌠c⌠cBбсc2ЦCC⌠┌цCS ё#Bцs▓Ц┐⌠┐▓бсCrЦ┐cs⌠C32цCS ё#Rц┐BЦ#┐⌠SSBбс3"Цs3⌠CцCS ё#bц┐bЦ⌠⌠S#бсbЦc3#cBцCS ё#rц┐rЦ▓бс2ЦcS#⌠┐3├RсBцCsPё#┌ц┐bЦ⌠⌠S#цbЦc3#cBцCsPё#▓ц┐BЦ#┐⌠SSBц3"Цs3⌠CцCsPё##цs▓Ц┐⌠┐▓цCrЦ┐cs⌠C32цCsPё##цs2ЦS⌠c⌠cBцc2ЦCC⌠┌цCsPё##"цcRЦs3bцsrЦs333#▓цCsPё##2цSbЦ#33Bц⌠Цc3S3BцCsPё##BцCRЦ#C┐ccBцBЦcCS2цCsPё##Rц3"Ц┐cS3cBцbЦc⌠┌цCsPё##bц▓Ц##C⌠┌ц#rЦCc⌠C#BцCsPё##rцBЦ3⌠cCrц3rЦ⌠33▓цCsPё##┌ц┐┌ЦSsSCCc┌цCRЦC#┐┐bцCsPё##▓цsЦ⌠c#c▓цS"Ц3Css3RцCsPё#3цSBЦSCCC⌠▓цSrЦs⌠⌠CcцCsPё#3ц3bЦcSsCsRцcЦs3C⌠2цCsPё#3"ц┌ЦCsC#rцcBЦS⌠cцCsPё#32бс2ЦCC⌠Ss⌠33c√RсRцcBЦ▓цCsPё#3Bбс┌ЦCsC#rцcBЦS⌠cцCsPё#3Rбс3bЦcSsCsRцcЦs3C⌠2цCsPё#3bбсSBЦSCCC⌠▓цSrЦs⌠⌠CcцCsPё#3rбсsЦ⌠c#c▓цS"Ц3Css3RцCsPё#3┌бс┐┌ЦSsSCCc┌цCRЦC#┐┐bцCsPё#3▓бсBЦ3⌠cCrц3rЦ⌠33▓цCsPё#Cбс▓Ц##C⌠┌ц#rЦCc⌠C#BцCsPё#Cбс3"Ц┐cS3cBцbЦc⌠┌цCsPё#C"бсCRЦ#C┐ccBцBЦcCS2цCsPё#C2бсSbЦ#33Bц⌠Цc3S3BцCsPё#CBбсcRЦs3bцsrЦs333#▓цCsPё#CRбсs2ЦS⌠c⌠cBцc2ЦCC⌠┌цCsPё#Cbбсs▓Ц┐⌠┐▓цCrЦ┐cs⌠C32цCsPё#Crбс┐BЦ#┐⌠SSBц3"Цs3⌠CцCsPё#C┌бс┐bЦ⌠⌠S#цbЦc3#cBцCsPё#C▓бс┐rЦ▓бсЦ⌠cSc┐s┐CRс2цCsPё#Sбс┐bЦ⌠⌠S#бсbЦc3#cBцCsPё#Sбс┐BЦ#┐⌠SSBбс3"Цs3⌠CцCsPё#S"бсs▓Ц┐⌠┐▓бсCrЦ┐cs⌠C32цCsPё#S2бсs2ЦS⌠c⌠cBбсc2ЦCC⌠┌цCsPё#SBбсcRЦs3bбсsrЦs333#▓цCsPё#SRбсSbЦ#33Bбс⌠Цc3S3BцCsPё#SbбсCRЦ#C┐ccBбсBЦcCS2цCsPё#Srбс3"Ц┐cS3cBбсbЦc⌠┌цCsPё#S┌бс▓Ц##C⌠┌бс#rЦCc⌠C#BцCsPё#S▓бсBЦ3⌠cCrбс3rЦ⌠33▓цCsPё#cбс┐┌ЦSsSCCc┌бсCRЦC#┐┐bцCsPё#cбсsЦ⌠c#c▓бсS"Ц3Css3RцCsPё#c"бсSBЦSCCC⌠▓бсSrЦs⌠⌠CcцCsPё#c2бс3bЦcSsCsRбсcЦs3C⌠2цCsPё#cBбс┌ЦCsC#rбсcBЦS⌠cцCsPё#cRбс2Цs⌠s┐3S⌠scFRсBбсcBЦ▓цCsPё#cbц┌ЦCsC#rбсcBЦS⌠cцCsPё#crц3bЦcSsCsRбсcЦs3C⌠2цCsPё#c┌цSBЦSCCC⌠▓бсSrЦs⌠⌠CcцCsPё#c▓цsЦ⌠c#c▓бсS"Ц3Css3RцCsPё#sц┐┌ЦSsSCCc┌бсCRЦC#┐┐bцCsPё#sцBЦ3⌠cCrбс3rЦ⌠33▓цCsPё#s"ц▓Ц##C⌠┌бс#rЦCc⌠C#BцCsPё#s2ц3"Ц┐cS3cBбсbЦc⌠┌цCsPё#sBцCRЦ#C┐ccBбсBЦcCS2цCsPё#sRцSbЦ#33Bбс⌠Цc3S3BцCsPё#sbцcRЦs3bбсsrЦs333#▓цCsPё#srцs2ЦS⌠c⌠cBбсc2ЦCC⌠┌цCsPё#s┌цs▓Ц┐⌠┐▓бсCrЦ┐cs⌠C32цCsPё#s▓ц┐BЦ#┐⌠SSBбс3"Цs3⌠CцCsPё#┐ц┐bЦ⌠⌠S#бсbЦc3#cBцCsPё#┐ц┐rЦ▓бс"Ц⌠3┐33┐FRсBцS ё#┐"ц┐bЦ⌠⌠S#цbЦc3#cBцS ё#┐2ц┐BЦ#┐⌠SSBц3"Цs3⌠CцS ё#┐Bцs▓Ц┐⌠┐▓цCrЦ┐cs⌠C32цS ё#┐Rцs2ЦS⌠c⌠cBцc2ЦCC⌠┌цS ё#┐bцcRЦs3bцsrЦs333#▓цS ё#┐rцSbЦ#33Bц⌠Цc3S3BцS ё#┐┌цCRЦ#C┐ccBцBЦcCS2цS ё#┐▓ц3"Ц┐cS3cBцbЦc⌠┌цS ё#⌠ц▓Ц##C⌠┌ц#rЦCc⌠C#BцS ё#⌠цBЦ3⌠cCrц3rЦ⌠33▓цS ё#⌠"ц┐┌ЦSsSCCc┌цCRЦC#┐┐bцS ё#⌠2цsЦ⌠c#c▓цS"Ц3Css3RцS ё#⌠BцSBЦSCCC⌠▓цSrЦs⌠⌠CcцS ё#⌠Rц3bЦcSsCsRцcЦs3C⌠2цS ё#⌠bц┌ЦCsC#rцcBЦS⌠cцS ё#⌠rцЦC⌠C3ss⌠#SVRсRцcBЦ▓цS ё#⌠┌бс┌ЦCsC#rцcBЦS⌠cцS ё#⌠▓бс3bЦcSsCsRцcЦs3C⌠2цS ё3бсSBЦSCCC⌠▓цSrЦs⌠⌠CcцS ё3бсsЦ⌠c#c▓цS"Ц3Css3RцS ё3"бс┐┌ЦSsSCCc┌цCRЦC#┐┐bцS ё32бсBЦ3⌠cCrц3rЦ⌠33▓цS ё3Bбс▓Ц##C⌠┌ц#rЦCc⌠C#BцS ё3Rбс3"Ц┐cS3cBцbЦc⌠┌цS ё3bбсCRЦ#C┐ccBцBЦcCS2цS ё3rбсSbЦ#33Bц⌠Цc3S3BцS ё3┌бсcRЦs3bцsrЦs333#▓цS ё3▓бсs2ЦS⌠c⌠cBцc2ЦCC⌠┌цS ё3бсs▓Ц┐⌠┐▓цCrЦ┐cs⌠C32цS ё3бс┐BЦ#┐⌠SSBц3"Цs3⌠CцS ё3"бс┐bЦ⌠⌠S#цbЦc3#cBцS ё32бс┐rЦ▓бсЦ⌠sCc#S#VRс2цS ё3Bбс┐bЦ⌠⌠S#бсbЦc3#cBцS ё3Rбс┐BЦ#┐⌠SSBбс3"Цs3⌠CцS ё3bбсs▓Ц┐⌠┐▓бсCrЦ┐cs⌠C32цS ё3rбсs2ЦS⌠c⌠cBбсc2ЦCC⌠┌цS ё3┌бсcRЦs3bбсsrЦs333#▓цS ё3▓бсSbЦ#33Bбс⌠Цc3S3BцS ё3#бсCRЦ#C┐ccBбсBЦcCS2цS ё3#бс3"Ц┐cS3cBбсbЦc⌠┌цS ё3#"бс▓Ц##C⌠┌бс#rЦCc⌠C#BцS ё3#2бсBЦ3⌠cCrбс3rЦ⌠33▓цS ё3#Bбс┐┌ЦSsSCCc┌бсCRЦC#┐┐bцS ё3#RбсsЦ⌠c#c▓бсS"Ц3Css3RцS ё3#bбсSBЦSCCC⌠▓бсSrЦs⌠⌠CcцS ё3#rбс3bЦcSsCsRбсcЦs3C⌠2цS ё3#┌бс┌ЦCsC#rбсcBЦS⌠cцS ё3#▓бс2Цs3┐CcssCs6RсBбсcBЦ▓цS ё33ц┌ЦCsC#rбсcBЦS⌠cцS ё33ц3bЦcSsCsRбсcЦs3C⌠2цS ё33"цSBЦSCCC⌠▓бсSrЦs⌠⌠CcцS ё332цsЦ⌠c#c▓бсS"Ц3Css3RцS ё33Bц┐┌ЦSsSCCc┌бсCRЦC#┐┐bцS ё33RцBЦ3⌠cCrбс3rЦ⌠33▓цS ё33bц▓Ц##C⌠┌бс#rЦCc⌠C#BцS ё33rц3"Ц┐cS3cBбсbЦc⌠┌цS ё33┌цCRЦ#C┐ccBбсBЦcCS2цS ё33▓цSbЦ#33Bбс⌠Цc3S3BцS ё3CцcRЦs3bбсsrЦs333#▓цS ё3Cцs2ЦS⌠c⌠cBбсc2ЦCC⌠┌цS ё3C"цs▓Ц┐⌠┐▓бсCrЦ┐cs⌠C32цS ё3C2ц┐BЦ#┐⌠SSBбс3"Цs3⌠CцS ё3CBц┐bЦ⌠⌠S#бсbЦc3#cBцS ё3CRц┐rЦ▓бс"Ц#cCC3s3CSRсBцS#Pё3Cbц┐bЦ⌠⌠S#цbЦc3#cBцS#Pё3Crц┐BЦ#┐⌠SSBц3"Цs3⌠CцS#Pё3C┌цs▓Ц┐⌠┐▓цCrЦ┐cs⌠C32цS#Pё3C▓цs2ЦS⌠c⌠cBцc2ЦCC⌠┌цS#Pё3SцcRЦs3bцsrЦs333#▓цS#Pё3SцSbЦ#33Bц⌠Цc3S3BцS#Pё3S"цCRЦ#C┐ccBцBЦcCS2цS#Pё3S2ц3"Ц┐cS3cBцbЦc⌠┌цS#Pё3SBц▓Ц##C⌠┌ц#rЦCc⌠C#BцS#Pё3SRцBЦ3⌠cCrц3rЦ⌠33▓цS#Pё3Sbц┐┌ЦSsSCCc┌цCRЦC#┐┐bцS#Pё3SrцsЦ⌠c#c▓цS"Ц3Css3RцS#Pё3S┌цSBЦSCCC⌠▓цSrЦs⌠⌠CcцS#Pё3S▓ц3bЦcSsCsRцcЦs3C⌠2цS#Pё3cц┌ЦCsC#rцcBЦS⌠cцS#Pё3cц2ЦC3#Sc#C3fRсRцcBЦ▓цS#Pё3c"бс┌ЦCsC#rцcBЦS⌠cцS#Pё3c2бс3bЦcSsCsRцcЦs3C⌠2цS#Pё3cBбсSBЦSCCC⌠▓цSrЦs⌠⌠CcцS#Pё3cRбсsЦ⌠c#c▓цS"Ц3Css3RцS#Pё3cbбс┐┌ЦSsSCCc┌цCRЦC#┐┐bцS#Pё3crбсBЦ3⌠cCrц3rЦ⌠33▓цS#Pё3c┌бс▓Ц##C⌠┌ц#rЦCc⌠C#BцS#Pё3c▓бс3"Ц┐cS3cBцbЦc⌠┌цS#Pё3sбсCRЦ#C┐ccBцBЦcCS2цS#Pё3sбсSbЦ#33Bц⌠Цc3S3BцS#Pё3s"бсcRЦs3bцsrЦs333#▓цS#Pё3s2бсs2ЦS⌠c⌠cBцc2ЦCC⌠┌цS#Pё3sBбсs▓Ц┐⌠┐▓цCrЦ┐cs⌠C32цS#Pё3sRбс┐BЦ#┐⌠SSBц3"Цs3⌠CцS#Pё3sbбс┐bЦ⌠⌠S#цbЦc3#cBцS#Pё3srбс┐rЦ▓бсЦ⌠⌠#3cS⌠sSRс2цS#Pё3s┌бс┐bЦ⌠⌠S#бсbЦc3#cBцS#Pё3s▓бс┐BЦ#┐⌠SSBбс3"Цs3⌠CцS#Pё3┐бсs▓Ц┐⌠┐▓бсCrЦ┐cs⌠C32цS#Pё3┐бсs2ЦS⌠c⌠cBбсc2ЦCC⌠┌цS#Pё3┐"бсcRЦs3bбсsrЦs333#▓цS#Pё3┐2бсSbЦ#33Bбс⌠Цc3S3BцS#Pё3┐BбсCRЦ#C┐ccBбсBЦcCS2цS#Pё3┐Rбс3"Ц┐cS3cBбсbЦc⌠┌цS#Pё3┐bбс▓Ц##C⌠┌бс#rЦCc⌠C#BцS#Pё3┐rбсBЦ3⌠cCrбс3rЦ⌠33▓цS#Pё3┐┌бс┐┌ЦSsSCCc┌бсCRЦC#┐┐bцS#Pё3┐▓бсsЦ⌠c#c▓бсS"Ц3Css3RцS#Pё3⌠бсSBЦSCCC⌠▓бсSrЦs⌠⌠CcцS#Pё3⌠бс3bЦcSsCsRбсcЦs3C⌠2цS#Pё3⌠"бс┌ЦCsC#rбсcBЦS⌠cцS#Pё3⌠2бс2Ц3C3s3⌠vRсBбсcBЦ▓цS#Pё3⌠Bц┌ЦCsC#rбсcBЦS⌠cцS#Pё3⌠Rц3bЦcSsCsRбсcЦs3C⌠2цS#Pё3⌠bцSBЦSCCC⌠▓бсSrЦs⌠⌠CcцS#Pё3⌠rцsЦ⌠c#c▓бсS"Ц3Css3RцS#Pё3⌠┌ц┐┌ЦSsSCCc┌бсCRЦC#┐┐bцS#Pё3⌠▓цBЦ3⌠cCrбс3rЦ⌠33▓цS#PёCц▓Ц##C⌠┌бс#rЦCc⌠C#BцS#PёCц3"Ц┐cS3cBбсbЦc⌠┌цS#PёC"цCRЦ#C┐ccBбсBЦcCS2цS#PёC2цSbЦ#33Bбс⌠Цc3S3BцS#PёCBцcRЦs3bбсsrЦs333#▓цS#PёCRцs2ЦS⌠c⌠cBбсc2ЦCC⌠┌цS#PёCbцs▓Ц┐⌠┐▓бсCrЦ┐cs⌠C32цS#PёCrц┐BЦ#┐⌠SSBбс3"Цs3⌠CцS#PёC┌ц┐bЦ⌠⌠S#бсbЦc3#cBцS#PёC▓ц┐rЦ▓бсЦ⌠3┐CCC3#FRсBцSS ёCц┐bЦ⌠⌠S#цbЦc3#cBцSS ёCц┐BЦ#┐⌠SSBц3"Цs3⌠CцSS ёC"цs▓Ц┐⌠┐▓цCrЦ┐cs⌠C32цSS ёC2цs2ЦS⌠c⌠cBцc2ЦCC⌠┌цSS ёCBцcRЦs3bцsrЦs333#▓цSS ёCRцSbЦ#33Bц⌠Цc3S3BцSS ёCbцCRЦ#C┐ccBцBЦcCS2цSS ёCrц3"Ц┐cS3cBцbЦc⌠┌цSS ёC┌ц▓Ц##C⌠┌ц#rЦCc⌠C#BцSS ёC▓цBЦ3⌠cCrц3rЦ⌠33▓цSS ёC#ц┐┌ЦSsSCCc┌цCRЦC#┐┐bцSS ёC#цsЦ⌠c#c▓цS"Ц3Css3RцSS ёC#"цSBЦSCCC⌠▓цSrЦs⌠⌠CcцSS ёC#2ц3bЦcSsCsRцcЦs3C⌠2цSS ёC#Bц┌ЦCsC#rцcBЦS⌠cцSS ёC#RцrЦ┐#sC┐┐C⌠3RсRцcBЦ▓цSS ёC#bбс┌ЦCsC#rцcBЦS⌠cцSS ёC#rбс3bЦcSsCsRцcЦs3C⌠2цSS ёC#┌бсSBЦSCCC⌠▓цSrЦs⌠⌠CcцSS ёC#▓бсsЦ⌠c#c▓цS"Ц3Css3RцSS ёC3бс┐┌ЦSsSCCc┌цCRЦC#┐┐bцSS ёC3бсBЦ3⌠cCrц3rЦ⌠33▓цSS ёC3"бс▓Ц##C⌠┌ц#rЦCc⌠C#BцSS ёC32бс3"Ц┐cS3cBцbЦc⌠┌цSS ёC3BбсCRЦ#C┐ccBцBЦcCS2цSS ёC3RбсSbЦ#33Bц⌠Цc3S3BцSS ёC3bбсcRЦs3bцsrЦs333#▓цSS ёC3rбсs2ЦS⌠c⌠cBцc2ЦCC⌠┌цSS ёC3┌бсs▓Ц┐⌠┐▓цCrЦ┐cs⌠C32цSS ёC3▓бс┐BЦ#┐⌠SSBц3"Цs3⌠CцSS ёCCбс┐bЦ⌠⌠S#цbЦc3#cBцSS ёCCбс┐rЦ▓бс"ЦCcc┐cc⌠⌠√Rс2цSS ёCC"бс┐bЦ⌠⌠S#бсbЦc3#cBцSS ёCC2бс┐BЦ#┐⌠SSBбс3"Цs3⌠CцSS ёCCBбсs▓Ц┐⌠┐▓бсCrЦ┐cs⌠C32цSS ёCCRбсs2ЦS⌠c⌠cBбсc2ЦCC⌠┌цSS ёCCbбсcRЦs3bбсsrЦs333#▓цSS ёCCrбсSbЦ#33Bбс⌠Цc3S3BцSS ёCC┌бсCRЦ#C┐ccBбсBЦcCS2цSS ёCC▓бс3"Ц┐cS3cBбсbЦc⌠┌цSS ёCSбс▓Ц##C⌠┌бс#rЦCc⌠C#BцSS ёCSбсBЦ3⌠cCrбс3rЦ⌠33▓цSS ёCS"бс┐┌ЦSsSCCc┌бсCRЦC#┐┐bцSS ёCS2бсsЦ⌠c#c▓бсS"Ц3Css3RцSS ёCSBбсSBЦSCCC⌠▓бсSrЦs⌠⌠CcцSS ёCSRбс3bЦcSsCsRбсcЦs3C⌠2цSS ёCSbбс┌ЦCsC#rбсcBЦS⌠cцSS ёCSrбс2ЦCsS┐3s⌠c⌠6RсBбсcBЦ▓цSS ёCS┌ц┌ЦCsC#rбсcBЦS⌠cцSS ёCS▓ц3bЦcSsCsRбсcЦs3C⌠2цSS ёCcцSBЦSCCC⌠▓бсSrЦs⌠⌠CcцSS ёCcцsЦ⌠c#c▓бсS"Ц3Css3RцSS ёCc"ц┐┌ЦSsSCCc┌бсCRЦC#┐┐bцSS ёCc2цBЦ3⌠cCrбс3rЦ⌠33▓цSS ёCcBц▓Ц##C⌠┌бс#rЦCc⌠C#BцSS ёCcRц3"Ц┐cS3cBбсbЦc⌠┌цSS ёCcbцCRЦ#C┐ccBбсBЦcCS2цSS ёCcrцSbЦ#33Bбс⌠Цc3S3BцSS ёCc┌цcRЦs3bбсsrЦs333#▓цSS ёCc▓цs2ЦS⌠c⌠cBбсc2ЦCC⌠┌цSS ёCsцs▓Ц┐⌠┐▓бсCrЦ┐cs⌠C32цSS ёCsц┐BЦ#┐⌠SSBбс3"Цs3⌠CцSS ёCs"ц┐bЦ⌠⌠S#бсbЦc3#cBцSS ёCs2ц┐rЦ▓бс▓ЦsCs#C┐sVRсRцSsPёCsBц┐bЦ⌠⌠S#цbЦc3#cBцSsPёCsRц┐BЦ#┐⌠SSBц3"Цs3⌠CцSsPёCsbцs▓Ц┐⌠┐▓цCrЦ┐cs⌠C32цSsPёCsrцs2ЦS⌠c⌠cBцc2ЦCC⌠┌цSsPёCs┌цcRЦs3bцsrЦs333#▓цSsPёCs▓цSbЦ#33Bц⌠Цc3S3BцSsPёC┐цCRЦ#C┐ccBцBЦcCS2цSsPёC┐ц3"Ц┐cS3cBцbЦc⌠┌цSsPёC┐"ц▓Ц##C⌠┌ц#rЦCc⌠C#BцSsPёC┐2цBЦ3⌠cCrц3rЦ⌠33▓цSsPёC┐Bц┐┌ЦSsSCCc┌цCRЦC#┐┐bцSsPёC┐RцsЦ⌠c#c▓цS"Ц3Css3RцSsPёC┐bцSBЦSCCC⌠▓цSrЦs⌠⌠CcцSsPёC┐rц3bЦcSsCsRцcЦs3C⌠2цSsPёC┐┌ц┌ЦCsC#rцcBЦS⌠cцSsPёC┐▓цЦ#S┐##cSRсBцcBЦ▓цSsPёC⌠бс┌ЦCsC#rцcBЦS⌠cцSsPёC⌠бс3bЦcSsCsRцcЦs3C⌠2цSsPёC⌠"бсSBЦSCCC⌠▓цSrЦs⌠⌠CcцSsPёC⌠2бсsЦ⌠c#c▓цS"Ц3Css3RцSsPёC⌠Bбс┐┌ЦSsSCCc┌цCRЦC#┐┐bцSsPёC⌠RбсBЦ3⌠cCrц3rЦ⌠33▓цSsPёC⌠bбс▓Ц##C⌠┌ц#rЦCc⌠C#BцSsPёC⌠rбс3"Ц┐cS3cBцbЦc⌠┌цSsPёC⌠┌бсCRЦ#C┐ccBцBЦcCS2цSsPёC⌠▓бсSbЦ#33Bц⌠Цc3S3BцSsPёSбсcRЦs3bцsrЦs333#▓цSsPёSбсs2ЦS⌠c⌠cBцc2ЦCC⌠┌цSsPёS"бсs▓Ц┐⌠┐▓цCrЦ┐cs⌠C32цSsPёS2бс┐BЦ#┐⌠SSBц3"Цs3⌠CцSsPёSBбс┐bЦ⌠⌠S#цbЦc3#cBцSsPёSRбс┐rЦ▓бс"Цs#┐s⌠c⌠FRс2цSsPёSbбс┐bЦ⌠⌠S#бсbЦc3#cBцSsPёSrбс┐BЦ#┐⌠SSBбс3"Цs3⌠CцSsPёS┌бсs▓Ц┐⌠┐▓бсCrЦ┐cs⌠C32цSsPёS▓бсs2ЦS⌠c⌠cBбсc2ЦCC⌠┌цSsPёSбсcRЦs3bбсsrЦs333#▓цSsPёSбсSbЦ#33Bбс⌠Цc3S3BцSsPёS"бсCRЦ#C┐ccBбсBЦcCS2цSsPёS2бс3"Ц┐cS3cBбсbЦc⌠┌цSsPёSBбс▓Ц##C⌠┌бс#rЦCc⌠C#BцSsPёSRбсBЦ3⌠cCrбс3rЦ⌠33▓цSsPёSbбс┐┌ЦSsSCCc┌бсCRЦC#┐┐bцSsPёSrбсsЦ⌠c#c▓бсS"Ц3Css3RцSsPёS┌бсSBЦSCCC⌠▓бсSrЦs⌠⌠CcцSsPёS▓бс3bЦcSsCsRбсcЦs3C⌠2цSsPёS#бс┌ЦCsC#rбсcBЦS⌠cцSsPёS#бс2Цc┐cSs┐S36RсBбсcBЦ▓цSsPёS#"ц┌ЦCsC#rбсcBЦS⌠cцSsPёS#2ц3bЦcSsCsRбсcЦs3C⌠2цSsPёS#BцSBЦSCCC⌠▓бсSrЦs⌠⌠CcцSsPёS#RцsЦ⌠c#c▓бсS"Ц3Css3RцSsPёS#bц┐┌ЦSsSCCc┌бсCRЦC#┐┐bцSsPёS#rцBЦ3⌠cCrбс3rЦ⌠33▓цSsPёS#┌ц▓Ц##C⌠┌бс#rЦCc⌠C#BцSsPёS#▓ц3"Ц┐cS3cBбсbЦc⌠┌цSsPёS3цCRЦ#C┐ccBбсBЦcCS2цSsPёS3цSbЦ#33Bбс⌠Цc3S3BцSsPёS3"цcRЦs3bбсsrЦs333#▓цSsPёS32цs2ЦS⌠c⌠cBбсc2ЦCC⌠┌цSsPёS3Bцs▓Ц┐⌠┐▓бсCrЦ┐cs⌠C32цSsPёS3Rц┐BЦ#┐⌠SSBбс3"Цs3⌠CцSsPёS3bц┐bЦ⌠⌠S#бсbЦc3#cBцSsPёS3rц┐rЦ▓бсrЦ3sCS⌠ss┐&RсRцc ёS3┌ц┐bЦ⌠⌠S#цbЦc3#cBцc ёS3▓ц┐BЦ#┐⌠SSBц3"Цs3⌠Cцc ёSCцs▓Ц┐⌠┐▓цCrЦ┐cs⌠C32цc ёSCцs2ЦS⌠c⌠cBцc2ЦCC⌠┌цc ёSC"цcRЦs3bцsrЦs333#▓цc ёSC2цSbЦ#33Bц⌠Цc3S3Bцc ёSCBцCRЦ#C┐ccBцBЦcCS2цc ёSCRц3"Ц┐cS3cBцbЦc⌠┌цc ёSCbц▓Ц##C⌠┌ц#rЦCc⌠C#Bцc ёSCrцBЦ3⌠cCrц3rЦ⌠33▓цc ёSC┌ц┐┌ЦSsSCCc┌цCRЦC#┐┐bцc ёSC▓цsЦ⌠c#c▓цS"Ц3Css3Rцc ёSSцSBЦSCCC⌠▓цSrЦs⌠⌠Ccцc ёSSц3bЦcSsCsRцcЦs3C⌠2цc ёSS"ц┌ЦCsC#rцcBЦS⌠cцc ёSS2ц▓Ц3sS┐┐⌠┐RсRцcBЦ▓цc ёSSBбс┌ЦCsC#rцcBЦS⌠cцc ёSSRбс3bЦcSsCsRцcЦs3C⌠2цc ёSSbбсSBЦSCCC⌠▓цSrЦs⌠⌠Ccцc ёSSrбсsЦ⌠c#c▓цS"Ц3Css3Rцc ёSS┌бс┐┌ЦSsSCCc┌цCRЦC#┐┐bцc ёSS▓бсBЦ3⌠cCrц3rЦ⌠33▓цc ёScбс▓Ц##C⌠┌ц#rЦCc⌠C#Bцc ёScбс3"Ц┐cS3cBцbЦc⌠┌цc ёSc"бсCRЦ#C┐ccBцBЦcCS2цc ёSc2бсSbЦ#33Bц⌠Цc3S3Bцc ёScBбсcRЦs3bцsrЦs333#▓цc ёScRбсs2ЦS⌠c⌠cBцc2ЦCC⌠┌цc ёScbбсs▓Ц┐⌠┐▓цCrЦ┐cs⌠C32цc ёScrбс┐BЦ#┐⌠SSBц3"Цs3⌠Cцc ёSc┌бс┐bЦ⌠⌠S#цbЦc3#cBцc ёSc▓бс┐rЦ▓бс"Ц┐SCc#3SFRс2цc ёSsбс┐bЦ⌠⌠S#бсbЦc3#cBцc ёSsбс┐BЦ#┐⌠SSBбс3"Цs3⌠Cцc ёSs"бсs▓Ц┐⌠┐▓бсCrЦ┐cs⌠C32цc ёSs2бсs2ЦS⌠c⌠cBбсc2ЦCC⌠┌цc ёSsBбсcRЦs3bбсsrЦs333#▓цc ёSsRбсSbЦ#33Bбс⌠Цc3S3Bцc ёSsbбсCRЦ#C┐ccBбсBЦcCS2цc ёSsrбс3"Ц┐cS3cBбсbЦc⌠┌цc ёSs┌бс▓Ц##C⌠┌бс#rЦCc⌠C#Bцc ёSs▓бсBЦ3⌠cCrбс3rЦ⌠33▓цc ёS┐бс┐┌ЦSsSCCc┌бсCRЦC#┐┐bцc ёS┐бсsЦ⌠c#c▓бсS"Ц3Css3Rцc ёS┐"бсSBЦSCCC⌠▓бсSrЦs⌠⌠Ccцc ёS┐2бс3bЦcSsCsRбсcЦs3C⌠2цc ёS┐Bбс┌ЦCsC#rбсcBЦS⌠cцc ёS┐RбсBЦ┐3cSSc┐RсBбсcBЦ▓цc ёS┐bц┌ЦCsC#rбсcBЦS⌠cцc ёS┐rц3bЦcSsCsRбсcЦs3C⌠2цc ёS┐┌цSBЦSCCC⌠▓бсSrЦs⌠⌠Ccцc ёS┐▓цsЦ⌠c#c▓бсS"Ц3Css3Rцc ёS⌠ц┐┌ЦSsSCCc┌бсCRЦC#┐┐bцc ёS⌠цBЦ3⌠cCrбс3rЦ⌠33▓цc ёS⌠"ц▓Ц##C⌠┌бс#rЦCc⌠C#Bцc ёS⌠2ц3"Ц┐cS3cBбсbЦc⌠┌цc ёS⌠BцCRЦ#C┐ccBбсBЦcCS2цc ёS⌠RцSbЦ#33Bбс⌠Цc3S3Bцc ёS⌠bцcRЦs3bбсsrЦs333#▓цc ёS⌠rцs2ЦS⌠c⌠cBбсc2ЦCC⌠┌цc ёS⌠┌цs▓Ц┐⌠┐▓бсCrЦ┐cs⌠C32цc ёS⌠▓ц┐BЦ#┐⌠SSBбс3"Цs3⌠Cцc ёcц┐bЦ⌠⌠S#бсbЦc3#cBцc ёcц┐rЦ▓бс"ЦSC┐#C⌠#√RсRцc#Pёc"ц┐bЦ⌠⌠S#цbЦc3#cBцc#Pёc2ц┐BЦ#┐⌠SSBц3"Цs3⌠Cцc#PёcBцs▓Ц┐⌠┐▓цCrЦ┐cs⌠C32цc#PёcRцs2ЦS⌠c⌠cBцc2ЦCC⌠┌цc#PёcbцcRЦs3bцsrЦs333#▓цc#PёcrцSbЦ#33Bц⌠Цc3S3Bцc#Pёc┌цCRЦ#C┐ccBцBЦcCS2цc#Pёc▓ц3"Ц┐cS3cBцbЦc⌠┌цc#Pёcц▓Ц##C⌠┌ц#rЦCc⌠C#Bцc#PёcцBЦ3⌠cCrц3rЦ⌠33▓цc#Pёc"ц┐┌ЦSsSCCc┌цCRЦC#┐┐bцc#Pёc2цsЦ⌠c#c▓цS"Ц3Css3Rцc#PёcBцSBЦSCCC⌠▓цSrЦs⌠⌠Ccцc#PёcRц3bЦcSsCsRцcЦs3C⌠2цc#Pёcbц┌ЦCsC#rцcBЦS⌠cцc#Pёcrц┌ЦsS⌠cSc┐S⌠vRсRцcBЦ▓цc#Pёc┌бс┌ЦCsC#rцcBЦS⌠cцc#Pёc▓бс3bЦcSsCsRцcЦs3C⌠2цc#Pёc#бсSBЦSCCC⌠▓цSrЦs⌠⌠Ccцc#Pёc#бсsЦ⌠c#c▓цS"Ц3Css3Rцc#Pёc#"бс┐┌ЦSsSCCc┌цCRЦC#┐┐bцc#Pёc#2бсBЦ3⌠cCrц3rЦ⌠33▓цc#Pёc#Bбс▓Ц##C⌠┌ц#rЦCc⌠C#Bцc#Pёc#Rбс3"Ц┐cS3cBцbЦc⌠┌цc#Pёc#bбсCRЦ#C┐ccBцBЦcCS2цc#Pёc#rбсSbЦ#33Bц⌠Цc3S3Bцc#Pёc#┌бсcRЦs3bцsrЦs333#▓цc#Pёc#▓бсs2ЦS⌠c⌠cBцc2ЦCC⌠┌цc#Pёc3бсs▓Ц┐⌠┐▓цCrЦ┐cs⌠C32цc#Pёc3бс┐BЦ#┐⌠SSBц3"Цs3⌠Cцc#Pёc3"бс┐bЦ⌠⌠S#цbЦc3#cBцc#Pёc32бс┐rЦ▓бс"ЦsCs⌠⌠⌠⌠√Rс2цc#Pёc3Bбс┐bЦ⌠⌠S#бсbЦc3#cBцc#Pёc3Rбс┐BЦ#┐⌠SSBбс3"Цs3⌠Cцc#Pёc3bбсs▓Ц┐⌠┐▓бсCrЦ┐cs⌠C32цc#Pёc3rбсs2ЦS⌠c⌠cBбсc2ЦCC⌠┌цc#Pёc3┌бсcRЦs3bбсsrЦs333#▓цc#Pёc3▓бсSbЦ#33Bбс⌠Цc3S3Bцc#PёcCбсCRЦ#C┐ccBбсBЦcCS2цc#PёcCбс3"Ц┐cS3cBбсbЦc⌠┌цc#PёcC"бс▓Ц##C⌠┌бс#rЦCc⌠C#Bцc#PёcC2бсBЦ3⌠cCrбс3rЦ⌠33▓цc#PёcCBбс┐┌ЦSsSCCc┌бсCRЦC#┐┐bцc#PёcCRбсsЦ⌠c#c▓бсS"Ц3Css3Rцc#PёcCbбсSBЦSCCC⌠▓бсSrЦs⌠⌠Ccцc#PёcCrбс3bЦcSsCsRбсcЦs3C⌠2цc#PёcC┌бс┌ЦCsC#rбсcBЦS⌠cцc#PёcC▓бсBЦ#cs333C√RсBбсcBЦ▓цc#PёcSц┌ЦCsC#rбсcBЦS⌠cцc#PёcSц3bЦcSsCsRбсcЦs3C⌠2цc#PёcS"цSBЦSCCC⌠▓бсSrЦs⌠⌠Ccцc#PёcS2цsЦ⌠c#c▓бсS"Ц3Css3Rцc#PёcSBц┐┌ЦSsSCCc┌бсCRЦC#┐┐bцc#PёcSRцBЦ3⌠cCrбс3rЦ⌠33▓цc#PёcSbц▓Ц##C⌠┌бс#rЦCc⌠C#Bцc#PёcSrц3"Ц┐cS3cBбсbЦc⌠┌цc#PёcS┌цCRЦ#C┐ccBбсBЦcCS2цc#PёcS▓цSbЦ#33Bбс⌠Цc3S3Bцc#PёccцcRЦs3bбсsrЦs333#▓цc#Pёccцs2ЦS⌠c⌠cBбсc2ЦCC⌠┌цc#Pёcc"цs▓Ц┐⌠┐▓бсCrЦ┐cs⌠C32цc#Pёcc2ц┐BЦ#┐⌠SSBбс3"Цs3⌠Cцc#PёccBц┐bЦ⌠⌠S#бсbЦc3#cBцc#PёccRц┐rЦ▓ццcS ёccbц┐bЦ⌠⌠S#цbЦc3#cBцcS ёccrц┐BЦ#┐⌠SSBц3"Цs3⌠CцcS ёcc┌цs▓Ц┐⌠┐▓цCrЦ┐cs⌠C32цcS ёcc▓цs2ЦS⌠c⌠cBцc2ЦCC⌠┌цcS ёcsцcRЦs3bцsrЦs333#▓цcS ёcsцSbЦ#33Bц⌠Цc3S3BцcS ёcs"цCRЦ#C┐ccBцBЦcCS2цcS ёcs2ц3"Ц┐cS3cBцbЦc⌠┌цcS ёcsBц▓Ц##C⌠┌ц#rЦCc⌠C#BцcS ёcsRцBЦ3⌠cCrц3rЦ⌠33▓цcS ёcsbц┐┌ЦSsSCCc┌цCRЦC#┐┐bцcS ёcsrцsЦ⌠c#c▓цS"Ц3Css3RцcS ёcs┌цSBЦSCCC⌠▓цSrЦs⌠⌠CcцcS ёcs▓ц3bЦcSsCsRцcЦs3C⌠2цcS ёc┐ц┌ЦCsC#rцcBЦS⌠cцcS ёc┐цЦSSSScvRсBцcBЦ▓цcS ёc┐"бс┌ЦCsC#rцcBЦS⌠cцcS ёc┐2бс3bЦcSsCsRцcЦs3C⌠2цcS ёc┐BбсSBЦSCCC⌠▓цSrЦs⌠⌠CcцcS ёc┐RбсsЦ⌠c#c▓цS"Ц3Css3RцcS ёc┐bбс┐┌ЦSsSCCc┌цCRЦC#┐┐bцcS ёc┐rбсBЦ3⌠cCrц3rЦ⌠33▓цcS ёc┐┌бс▓Ц##C⌠┌ц#rЦCc⌠C#BцcS ёc┐▓бс3"Ц┐cS3cBцbЦc⌠┌цcS ёc⌠бсCRЦ#C┐ccBцBЦcCS2цcS ёc⌠бсSbЦ#33Bц⌠Цc3S3BцcS ёc⌠"бсcRЦs3bцsrЦs333#▓цcS ёc⌠2бсs2ЦS⌠c⌠cBцc2ЦCC⌠┌цcS ёc⌠Bбсs▓Ц┐⌠┐▓цCrЦ┐cs⌠C32цcS ёc⌠Rбс┐BЦ#┐⌠SSBц3"Цs3⌠CцcS ёc⌠bбс┐bЦ⌠⌠S#цbЦc3#cBцcS ёc⌠rбс┐rЦ▓бс"Ц┐┐sSc┐⌠&Rс2цcS ёc⌠┌бс┐bЦ⌠⌠S#бсbЦc3#cBцcS ёc⌠▓бс┐BЦ#┐⌠SSBбс3"Цs3⌠CцcS ёsбсs▓Ц┐⌠┐▓бсCrЦ┐cs⌠C32цcS ёsбсs2ЦS⌠c⌠cBбсc2ЦCC⌠┌цcS ёs"бсcRЦs3bбсsrЦs333#▓цcS ёs2бсSbЦ#33Bбс⌠Цc3S3BцcS ёsBбсCRЦ#C┐ccBбсBЦcCS2цcS ёsRбс3"Ц┐cS3cBбсbЦc⌠┌цcS ёsbбс▓Ц##C⌠┌бс#rЦCc⌠C#BцcS ёsrбсBЦ3⌠cCrбс3rЦ⌠33▓цcS ёs┌бс┐┌ЦSsSCCc┌бсCRЦC#┐┐bцcS ёs▓бсsЦ⌠c#c▓бсS"Ц3Css3RцcS ёsбсSBЦSCCC⌠▓бсSrЦs⌠⌠CcцcS ёsбс3bЦcSsCsRбсcЦs3C⌠2цcS ёs"бс┌ЦCsC#rбсcBЦS⌠cцcS ёs2бсBЦsS⌠CCS3S3&RсBбсcBЦ▓цcS ёsBц┌ЦCsC#rбсcBЦS⌠cцcS ёsRц3bЦcSsCsRбсcЦs3C⌠2цcS ёsbцSBЦSCCC⌠▓бсSrЦs⌠⌠CcцcS ёsrцsЦ⌠c#c▓бсS"Ц3Css3RцcS ёs┌ц┐┌ЦSsSCCc┌бсCRЦC#┐┐bцcS ёs▓цBЦ3⌠cCrбс3rЦ⌠33▓цcS ёs#ц▓Ц##C⌠┌бс#rЦCc⌠C#BцcS ёs#ц3"Ц┐cS3cBбсbЦc⌠┌цcS ёs#"цCRЦ#C┐ccBбсBЦcCS2цcS ёs#2цSbЦ#33Bбс⌠Цc3S3BцcS ёs#BцcRЦs3bбсsrЦs333#▓цcS ёs#Rцs2ЦS⌠c⌠cBбсc2ЦCC⌠┌цcS ёs#bцs▓Ц┐⌠┐▓бсCrЦ┐cs⌠C32цcS ёs#rц┐BЦ#┐⌠SSBбс3"Цs3⌠CцcS ёs#┌ц┐bЦ⌠⌠S#бсbЦc3#cBцcS ═ёсссср&Vv√ФФ√ФrF√жR7FW▓╒Ц⌠Rссссп══╔&VfВ&ж√Фr7F√ffФW72жG&≈┐╒&VfВ&жF√ЖБ3═╒╒ФЖФф√ФV"6ЖгWF√ЖБ7FGW3╒F√жSрЦ⌠P═≈7F√ffФW72WFFW2р ═≈&√v┤B├ФB6√FRWfгVF√ЖГ2р ═≈7F√ffФW72жG&≈┌&VfВ&жF√ЖГ2р═≈7FWg&Жрф√ФR6V&6┌рЦ ═√6ЖГfW&vVФ6RФВ&в2╒■Д∙D■б5U%$TЕB$UT∙$T@═▓&W6√GVб2Цs33vRЁRЦc3⌠vRс┌2Цs33vRЁ" ═▓VФW&w▓bЦ⌠c3#c6RЁ"Ц3#33RсBbЦ⌠c3#c6Rс" ═▓F≈7ф6VжVГBЦSc#c⌠FRЁЦSc#c⌠FRЁbЦ#SssfRсB ╒ ╒ФЖФф√ФV"6ЖгWF√ЖБ7FGW3╒F√жSрЦ⌠P═≈7F√ffФW72WFFW2р═≈&√v┤B├ФB6√FRWfгVF√ЖГ2р0═≈7F√ffФW72жG&≈┌&VfВ&жF√ЖГ2р═≈7FWg&Жрф√ФR6V&6┌рЦ ═√6ЖГfW&vVФ6RФВ&в2╒■Д∙D■б5U%$TЕB$UT∙$T@═▓&W6√GVб2Цs33vRЁRBЦ#⌠3vRсr2Цs33vRЁ" ═▓VФW&w▓bЦ⌠c3#c6RЁ"ЦS3┐√RсRbЦ⌠c3#c6Rс" ═▓F≈7ф6VжVГBЦSc#c⌠FRЁbЦ3sS#&RсBbЦ#Sss6RсB ═╕6ЖГfW&vVФ6R7Vжж'░╒ГVж&W"Жb≈FW&F√ЖГ2╒ ╒ГVж&W"Жb&VfВ&жF√ЖГ2╒═╒ррррррр6ЖГfW&vVBBF√жR╒Ц⌠P══╓FF&V6В&B3ёссссссссссссссссссссссссссссссссссссссссссссссссссссссссссссссссссссссссссп╔7FWр░╔F√жRрЦ⌠P╓FFр6├≈'EЖf√ФеЖ6ЖВ&F√ФFW0ёц┐rЦ▓бсRЦ#SScc#⌠┐cVRсBцЦ3#cscC┐#&Rс0ё"ц┐bЦ⌠⌠S#цbЦc3#cBцЦ3#┐┐33C⌠┐fRс0ё2ц┐BЦ#┐⌠SSBц3"Цs3⌠CцЦ3C⌠┐C⌠s⌠3Rс0ёBцs▓Ц┐⌠┐▓цCrЦ┐cs⌠C32цЦ3Cc┐SsscfRс0ёRцs2ЦS⌠c⌠cBцc2ЦCC⌠┌цЦ#ss#33┐vRс0ёbцcRЦs3bцsrЦs333#▓цЦ#C#sccCvRс0ёrцSbЦ#33Bц⌠Цc3S3BцЦ⌠SCSsRс0ё┌цCRЦ#C┐ccBцBЦcCS2цЦcCc3ss⌠3Rс0ё▓ц3"Ц┐cS3cBцbЦc⌠┌цЦ3s┐┐⌠⌠sFRс0ёц▓Ц##C⌠┌ц#rЦCc⌠C#BцЦS#Cs3cC√Rс0ёцBЦ3⌠cCrц3rЦ⌠33▓ц▓Ц⌠#⌠⌠⌠┐⌠⌠c√Rс@ё"ц┐┌ЦSsSCCc┌цCRЦC#┐┐bц▓ЦCC3c⌠CSS3Rс@ё2цsЦ⌠c#c▓цS"Ц3Css3Rц┌Цccss┐3cvRс@ёBцSBЦSCCC⌠▓цSrЦs⌠⌠Ccц┌ЦS┐s3S⌠√Rс@ёRц3bЦcSsCsRцcЦs3C⌠2ц┌ЦCc#SS┐C33┐VRс@ёbц┌ЦCsC#rцcBЦS⌠cц▓Ц3cSSS┐├Rс@ёrбсRЦS3c##c⌠##fRсBцcBЦ▓ц▓Ц#c3s3##┐⌠⌠├Rс@ё┌бс┌ЦCsC#rцcBЦS⌠cц▓ЦSSs⌠SC#vRс@ё▓бс3bЦcSsCsRцcЦs3C⌠2ц▓Цcs##sCC├Rс@ё#бсSBЦSCCC⌠▓цSrЦs⌠⌠CcцЦ3S3cC#6Rс0ё#бсsЦ⌠c#c▓цS"Ц3Css3RцЦC⌠⌠#Ss├Rс0ё#"бс┐┌ЦSsSCCc┌цCRЦC#┐┐bцЦS⌠3#c3├Rс0ё#2бсBЦ3⌠cCrц3rЦ⌠33▓цЦ#sscC⌠6Rс0ё#Bбс▓Ц##C⌠┌ц#rЦCc⌠C#BцЦ33ScC┐C⌠#6Rс0ё#Rбс3"Ц┐cS3cBцbЦc⌠┌цЦ3s##3#⌠┐c√Rс0ё#bбсCRЦ#C┐ccBцBЦcCS2цЦC3sss┐SC#vRс0ё#rбсSbЦ#33Bц⌠Цc3S3BцЦCScS⌠3┐Rс0ё#┌бсcRЦs3bцsrЦs333#▓цЦ3⌠┐3s┐vRс0ё#▓бсs2ЦS⌠c⌠cBцc2ЦCC⌠┌цЦC3┐C#3Ss├Rс0ё3бсs▓Ц┐⌠┐▓цCrЦ┐cs⌠C32цЦC33#┐S⌠sVRс0ё3бс┐BЦ#┐⌠SSBц3"Цs3⌠CцЦ3ss#┐33C⌠&Rс0ё3"бс┐bЦ⌠⌠S#цbЦc3#cBцЦ3C⌠3⌠Cc√Rс0ё32бс┐rЦ▓бс"ЦcsC#s##C&Rс2цЦ#CS┐S┐⌠3SvRс0ё3Bбс┐bЦ⌠⌠S#бсbЦc3#cBцЦ⌠C⌠scCSsFRс0ё3Rбс┐BЦ#┐⌠SSBбс3"Цs3⌠CцЦS3#┐CcS⌠vRс0ё3bбсs▓Ц┐⌠┐▓бсCrЦ┐cs⌠C32цЦs┐CSc⌠fRс0ё3rбсs2ЦS⌠c⌠cBбсc2ЦCC⌠┌цЦcSScc##vRс0ё3┌бсcRЦs3bбсsrЦs333#▓ц▓ЦScc3ScS#┐fRс@ё3▓бсSbЦ#33Bбс⌠Цc3S3Bц▓ЦS#S┐sc┐⌠⌠&Rс@ёCбсCRЦ#C┐ccBбсBЦcCS2ц┌Ц3#sSCC⌠sVRс@ёCбс3"Ц┐cS3cBбсbЦc⌠┌цrЦ⌠#C3SCCc6Rс@ёC"бс▓Ц##C⌠┌бс#rЦCc⌠C#BцrЦCc┐s⌠C┐s3cFRс@ёC2бсBЦ3⌠cCrбс3rЦ⌠33▓цbЦ┐CcCcS┐CSRс@ёCBбс┐┌ЦSsSCCc┌бсCRЦC#┐┐bцbЦ#C⌠#Ss⌠3FRс@ёCRбсsЦ⌠c#c▓бсS"Ц3Css3RцRЦ⌠⌠#s3┐cs√Rс@ёCbбсSBЦSCCC⌠▓бсSrЦs⌠⌠CcцRЦ┐Cs##S&Rс@ёCrбс3bЦcSsCsRбсcЦs3C⌠2цbЦS⌠┐S3CScfRс@ёC┌бс┌ЦCsC#rбсcBЦS⌠cцbЦSCC#⌠┐c⌠VRс@ёC▓ц2Ц3⌠┐SC┐⌠6Rс2бсcBЦ▓цrЦ#⌠s3┐ccFRс@ёSц┌ЦCsC#rбсcBЦS⌠cцrЦcC#cSC┐S├Rс@ёSц3bЦcSsCsRбсcЦs3C⌠2цrЦ⌠#S⌠C┐Cs⌠√Rс@ёS"цSBЦSCCC⌠▓бсSrЦs⌠⌠Ccц┌ЦcCscs#⌠c3├Rс@ёS2цsЦ⌠c#c▓бсS"Ц3Css3Rц▓ЦSs3#┐##C√Rс@ёSBц┐┌ЦSsSCCc┌бсCRЦC#┐┐bцЦ3SC3#┐3vRс0ёSRцBЦ3⌠cCrбс3rЦ⌠33▓цЦC⌠CS┐C┐c&Rс0ёSbц▓Ц##C⌠┌бс#rЦCc⌠C#BцЦs┐s⌠c#⌠sSvRс0ёSrц3"Ц┐cS3cBбсbЦc⌠┌цЦ#c#┐cSS⌠FRс0ёS┌цCRЦ#C┐ccBбсBЦcCS2цЦ33C⌠33s⌠⌠Rс0ёS▓цSbЦ#33Bбс⌠Цc3S3BцЦ3c3┐#S&Rс0ёcцcRЦs3bбсsrЦs333#▓цЦ3CCCC#⌠⌠SVRс0ёcцs2ЦS⌠c⌠cBбсc2ЦCC⌠┌цЦ3┐┐3⌠⌠S⌠S3fRс0ёc"цs▓Ц┐⌠┐▓бсCrЦ┐cs⌠C32цЦ3⌠Cc⌠CsCcvRс0ёc2ц┐BЦ#┐⌠SSBбс3"Цs3⌠CцЦ3┐3┐3┐#6Rс0ёcBц┐bЦ⌠⌠S#бсbЦc3#cBцЦ3S⌠⌠#3#ScVRс0ёcRц┐rЦ▓бсRЦSS┐⌠#FRсBц#Pёcbц┐bЦ⌠⌠S#цbЦc3#cBц#Pёcrц┐BЦ#┐⌠SSBц3"Цs3⌠Cц#Pёc┌цs▓Ц┐⌠┐▓цCrЦ┐cs⌠C32ц#Pёc▓цs2ЦS⌠c⌠cBцc2ЦCC⌠┌ц#PёsцcRЦs3bцsrЦs333#▓ц#PёsцSbЦ#33Bц⌠Цc3S3Bц#Pёs"цCRЦ#C┐ccBцBЦcCS2ц#Pёs2ц3"Ц┐cS3cBцbЦc⌠┌ц#PёsBц▓Ц##C⌠┌ц#rЦCc⌠C#Bц#PёsRцBЦ3⌠cCrц3rЦ⌠33▓ц#Pёsbц┐┌ЦSsSCCc┌цCRЦC#┐┐bц#PёsrцsЦ⌠c#c▓цS"Ц3Css3Rц#Pёs┌цSBЦSCCC⌠▓цSrЦs⌠⌠Ccц#Pёs▓ц3bЦcSsCsRцcЦs3C⌠2ц#Pё┐ц┌ЦCsC#rцcBЦS⌠cц#Pё┐бсRЦ┐S⌠S┐#RсBцcBЦ▓ц#Pё┐"бс┌ЦCsC#rцcBЦS⌠cц#Pё┐2бс3bЦcSsCsRцcЦs3C⌠2ц#Pё┐BбсSBЦSCCC⌠▓цSrЦs⌠⌠Ccц#Pё┐RбсsЦ⌠c#c▓цS"Ц3Css3Rц#Pё┐bбс┐┌ЦSsSCCc┌цCRЦC#┐┐bц#Pё┐rбсBЦ3⌠cCrц3rЦ⌠33▓ц#Pё┐┌бс▓Ц##C⌠┌ц#rЦCc⌠C#Bц#Pё┐▓бс3"Ц┐cS3cBцbЦc⌠┌ц#Pё⌠бсCRЦ#C┐ccBцBЦcCS2ц#Pё⌠бсSbЦ#33Bц⌠Цc3S3Bц#Pё⌠"бсcRЦs3bцsrЦs333#▓ц#Pё⌠2бсs2ЦS⌠c⌠cBцc2ЦCC⌠┌ц#Pё⌠Bбсs▓Ц┐⌠┐▓цCrЦ┐cs⌠C32ц#Pё⌠Rбс┐BЦ#┐⌠SSBц3"Цs3⌠Cц#Pё⌠bбс┐bЦ⌠⌠S#цbЦc3#cBц#Pё⌠rбс┐rЦ▓бс"ЦsSCS#⌠S3#√Rс2ц#Pё⌠┌бс┐bЦ⌠⌠S#бсbЦc3#cBц#Pё⌠▓бс┐BЦ#┐⌠SSBбс3"Цs3⌠Cц#Pёбсs▓Ц┐⌠┐▓бсCrЦ┐cs⌠C32ц#Pёбсs2ЦS⌠c⌠cBбсc2ЦCC⌠┌ц#Pё"бсcRЦs3bбсsrЦs333#▓ц#Pё2бсSbЦ#33Bбс⌠Цc3S3Bц#PёBбсCRЦ#C┐ccBбсBЦcCS2ц#PёRбс3"Ц┐cS3cBбсbЦc⌠┌ц#Pёbбс▓Ц##C⌠┌бс#rЦCc⌠C#Bц#PёrбсBЦ3⌠cCrбс3rЦ⌠33▓ц#Pё┌бс┐┌ЦSsSCCc┌бсCRЦC#┐┐bц#Pё▓бсsЦ⌠c#c▓бсS"Ц3Css3Rц#PёбсSBЦSCCC⌠▓бсSrЦs⌠⌠Ccц#Pёбс3bЦcSsCsRбсcЦs3C⌠2ц#Pё"бс┌ЦCsC#rбсcBЦS⌠cц#Pё2ц2Ц33#SS3cCRс2бсcBЦ▓ц#PёBц┌ЦCsC#rбсcBЦS⌠cц#PёRц3bЦcSsCsRбсcЦs3C⌠2ц#PёbцSBЦSCCC⌠▓бсSrЦs⌠⌠Ccц#PёrцsЦ⌠c#c▓бсS"Ц3Css3Rц#Pё┌ц┐┌ЦSsSCCc┌бсCRЦC#┐┐bц#Pё▓цBЦ3⌠cCrбс3rЦ⌠33▓ц#Pё#ц▓Ц##C⌠┌бс#rЦCc⌠C#Bц#Pё#ц3"Ц┐cS3cBбсbЦc⌠┌ц#Pё#"цCRЦ#C┐ccBбсBЦcCS2ц#Pё#2цSbЦ#33Bбс⌠Цc3S3Bц#Pё#BцcRЦs3bбсsrЦs333#▓ц#Pё#Rцs2ЦS⌠c⌠cBбсc2ЦCC⌠┌ц#Pё#bцs▓Ц┐⌠┐▓бсCrЦ┐cs⌠C32ц#Pё#rц┐BЦ#┐⌠SSBбс3"Цs3⌠Cц#Pё#┌ц┐bЦ⌠⌠S#бсbЦc3#cBц#Pё#▓ц┐rЦ▓бсBЦ┐sccS⌠RсBцS ё3ц┐bЦ⌠⌠S#цbЦc3#cBцS ё3ц┐BЦ#┐⌠SSBц3"Цs3⌠CцS ё3"цs▓Ц┐⌠┐▓цCrЦ┐cs⌠C32цS ё32цs2ЦS⌠c⌠cBцc2ЦCC⌠┌цS ё3BцcRЦs3bцsrЦs333#▓цS ё3RцSbЦ#33Bц⌠Цc3S3BцS ё3bцCRЦ#C┐ccBцBЦcCS2цS ё3rц3"Ц┐cS3cBцbЦc⌠┌цS ё3┌ц▓Ц##C⌠┌ц#rЦCc⌠C#BцS ё3▓цBЦ3⌠cCrц3rЦ⌠33▓цS ёCц┐┌ЦSsSCCc┌цCRЦC#┐┐bцS ёCцsЦ⌠c#c▓цS"Ц3Css3RцS ёC"цSBЦSCCC⌠▓цSrЦs⌠⌠CcцS ёC2ц3bЦcSsCsRцcЦs3C⌠2цS ёCBц┌ЦCsC#rцcBЦS⌠cцS ёCRбсRЦS3#c#┐CVRсBцcBЦ▓цS ёCbбс┌ЦCsC#rцcBЦS⌠cцS ёCrбс3bЦcSsCsRцcЦs3C⌠2цS ёC┌бсSBЦSCCC⌠▓цSrЦs⌠⌠CcцS ёC▓бсsЦ⌠c#c▓цS"Ц3Css3RцS ёSбс┐┌ЦSsSCCc┌цCRЦC#┐┐bцS ёSбсBЦ3⌠cCrц3rЦ⌠33▓цS ёS"бс▓Ц##C⌠┌ц#rЦCc⌠C#BцS ёS2бс3"Ц┐cS3cBцbЦc⌠┌цS ёSBбсCRЦ#C┐ccBцBЦcCS2цS ёSRбсSbЦ#33Bц⌠Цc3S3BцS ёSbбсcRЦs3bцsrЦs333#▓цS ёSrбсs2ЦS⌠c⌠cBцc2ЦCC⌠┌цS ёS┌бсs▓Ц┐⌠┐▓цCrЦ┐cs⌠C32цS ёS▓бс┐BЦ#┐⌠SSBц3"Цs3⌠CцS ёcбс┐bЦ⌠⌠S#цbЦc3#cBцS ёcбс┐rЦ▓бс"Ц┐⌠Sc3C┐VRс2цS ёc"бс┐bЦ⌠⌠S#бсbЦc3#cBцS ёc2бс┐BЦ#┐⌠SSBбс3"Цs3⌠CцS ёcBбсs▓Ц┐⌠┐▓бсCrЦ┐cs⌠C32цS ёcRбсs2ЦS⌠c⌠cBбсc2ЦCC⌠┌цS ёcbбсcRЦs3bбсsrЦs333#▓цS ёcrбсSbЦ#33Bбс⌠Цc3S3BцS ёc┌бсCRЦ#C┐ccBбсBЦcCS2цS ёc▓бс3"Ц┐cS3cBбсbЦc⌠┌цS ёsбс▓Ц##C⌠┌бс#rЦCc⌠C#BцS ёsбсBЦ3⌠cCrбс3rЦ⌠33▓цS ёs"бс┐┌ЦSsSCCc┌бсCRЦC#┐┐bцS ёs2бсsЦ⌠c#c▓бсS"Ц3Css3RцS ёsBбсSBЦSCCC⌠▓бсSrЦs⌠⌠CcцS ёsRбс3bЦcSsCsRбсcЦs3C⌠2цS ёsbбс┌ЦCsC#rбсcBЦS⌠cцS ёsrц2Ц#cc3⌠┐#CsRс2бсcBЦ▓цS ёs┌ц┌ЦCsC#rбсcBЦS⌠cцS ёs▓ц3bЦcSsCsRбсcЦs3C⌠2цS ё┐цSBЦSCCC⌠▓бсSrЦs⌠⌠CcцS ё┐цsЦ⌠c#c▓бсS"Ц3Css3RцS ё┐"ц┐┌ЦSsSCCc┌бсCRЦC#┐┐bцS ё┐2цBЦ3⌠cCrбс3rЦ⌠33▓цS ё┐Bц▓Ц##C⌠┌бс#rЦCc⌠C#BцS ё┐Rц3"Ц┐cS3cBбсbЦc⌠┌цS ё┐bцCRЦ#C┐ccBбсBЦcCS2цS ё┐rцSbЦ#33Bбс⌠Цc3S3BцS ё┐┌цcRЦs3bбсsrЦs333#▓цS ё┐▓цs2ЦS⌠c⌠cBбсc2ЦCC⌠┌цS ё⌠цs▓Ц┐⌠┐▓бсCrЦ┐cs⌠C32цS ё⌠ц┐BЦ#┐⌠SSBбс3"Цs3⌠CцS ё⌠"ц┐bЦ⌠⌠S#бсbЦc3#cBцS ё⌠2ц┐rЦ▓бсBЦ⌠33ssc┐CSFRсBцsPё⌠Bц┐bЦ⌠⌠S#цbЦc3#cBцsPё⌠Rц┐BЦ#┐⌠SSBц3"Цs3⌠CцsPё⌠bцs▓Ц┐⌠┐▓цCrЦ┐cs⌠C32цsPё⌠rцs2ЦS⌠c⌠cBцc2ЦCC⌠┌цsPё⌠┌цcRЦs3bцsrЦs333#▓цsPё⌠▓цSbЦ#33Bц⌠Цc3S3BцsPё#цCRЦ#C┐ccBцBЦcCS2цsPё#ц3"Ц┐cS3cBцbЦc⌠┌цsPё#"ц▓Ц##C⌠┌ц#rЦCc⌠C#BцsPё#2цBЦ3⌠cCrц3rЦ⌠33▓цsPё#Bц┐┌ЦSsSCCc┌цCRЦC#┐┐bцsPё#RцsЦ⌠c#c▓цS"Ц3Css3RцsPё#bцSBЦSCCC⌠▓цSrЦs⌠⌠CcцsPё#rц3bЦcSsCsRцcЦs3C⌠2цsPё#┌ц┌ЦCsC#rцcBЦS⌠cцsPё#▓бсBЦs┐3s3#C##&RсBцcBЦ▓цsPё#бс┌ЦCsC#rцcBЦS⌠cцsPё#бс3bЦcSsCsRцcЦs3C⌠2цsPё#"бсSBЦSCCC⌠▓цSrЦs⌠⌠CcцsPё#2бсsЦ⌠c#c▓цS"Ц3Css3RцsPё#Bбс┐┌ЦSsSCCc┌цCRЦC#┐┐bцsPё#RбсBЦ3⌠cCrц3rЦ⌠33▓цsPё#bбс▓Ц##C⌠┌ц#rЦCc⌠C#BцsPё#rбс3"Ц┐cS3cBцbЦc⌠┌цsPё#┌бсCRЦ#C┐ccBцBЦcCS2цsPё#▓бсSbЦ#33Bц⌠Цc3S3BцsPё##бсcRЦs3bцsrЦs333#▓цsPё##бсs2ЦS⌠c⌠cBцc2ЦCC⌠┌цsPё##"бсs▓Ц┐⌠┐▓цCrЦ┐cs⌠C32цsPё##2бс┐BЦ#┐⌠SSBц3"Цs3⌠CцsPё##Bбс┐bЦ⌠⌠S#цbЦc3#cBцsPё##Rбс┐rЦ▓бс"Ц┐⌠s#s3⌠6Rс2цsPё##bбс┐bЦ⌠⌠S#бсbЦc3#cBцsPё##rбс┐BЦ#┐⌠SSBбс3"Цs3⌠CцsPё##┌бсs▓Ц┐⌠┐▓бсCrЦ┐cs⌠C32цsPё##▓бсs2ЦS⌠c⌠cBбсc2ЦCC⌠┌цsPё#3бсcRЦs3bбсsrЦs333#▓цsPё#3бсSbЦ#33Bбс⌠Цc3S3BцsPё#3"бсCRЦ#C┐ccBбсBЦcCS2цsPё#32бс3"Ц┐cS3cBбсbЦc⌠┌цsPё#3Bбс▓Ц##C⌠┌бс#rЦCc⌠C#BцsPё#3RбсBЦ3⌠cCrбс3rЦ⌠33▓цsPё#3bбс┐┌ЦSsSCCc┌бсCRЦC#┐┐bцsPё#3rбсsЦ⌠c#c▓бсS"Ц3Css3RцsPё#3┌бсSBЦSCCC⌠▓бсSrЦs⌠⌠CcцsPё#3▓бс3bЦcSsCsRбсcЦs3C⌠2цsPё#Cбс┌ЦCsC#rбсcBЦS⌠cцsPё#Cц2Ц#sCCc┐c6Rс2бсcBЦ▓цsPё#C"ц┌ЦCsC#rбсcBЦS⌠cцsPё#C2ц3bЦcSsCsRбсcЦs3C⌠2цsPё#CBцSBЦSCCC⌠▓бсSrЦs⌠⌠CcцsPё#CRцsЦ⌠c#c▓бсS"Ц3Css3RцsPё#Cbц┐┌ЦSsSCCc┌бсCRЦC#┐┐bцsPё#CrцBЦ3⌠cCrбс3rЦ⌠33▓цsPё#C┌ц▓Ц##C⌠┌бс#rЦCc⌠C#BцsPё#C▓ц3"Ц┐cS3cBбсbЦc⌠┌цsPё#SцCRЦ#C┐ccBбсBЦcCS2цsPё#SцSbЦ#33Bбс⌠Цc3S3BцsPё#S"цcRЦs3bбсsrЦs333#▓цsPё#S2цs2ЦS⌠c⌠cBбсc2ЦCC⌠┌цsPё#SBцs▓Ц┐⌠┐▓бсCrЦ┐cs⌠C32цsPё#SRц┐BЦ#┐⌠SSBбс3"Цs3⌠CцsPё#Sbц┐bЦ⌠⌠S#бсbЦc3#cBцsPё#Srц┐rЦ▓бсBЦs3S┐S⌠┐C┐cvRсBц ё#S┌ц┐bЦ⌠⌠S#цbЦc3#cBц ё#S▓ц┐BЦ#┐⌠SSBц3"Цs3⌠Cц ё#cцs▓Ц┐⌠┐▓цCrЦ┐cs⌠C32ц ё#cцs2ЦS⌠c⌠cBцc2ЦCC⌠┌ц ё#c"цcRЦs3bцsrЦs333#▓ц ё#c2цSbЦ#33Bц⌠Цc3S3Bц ё#cBцCRЦ#C┐ccBцBЦcCS2ц ё#cRц3"Ц┐cS3cBцbЦc⌠┌ц ё#cbц▓Ц##C⌠┌ц#rЦCc⌠C#Bц ё#crцBЦ3⌠cCrц3rЦ⌠33▓ц ё#c┌ц┐┌ЦSsSCCc┌цCRЦC#┐┐bц ё#c▓цsЦ⌠c#c▓цS"Ц3Css3Rц ё#sцSBЦSCCC⌠▓цSrЦs⌠⌠Ccц ё#sц3bЦcSsCsRцcЦs3C⌠2ц ё#s"ц┌ЦCsC#rцcBЦS⌠cц ё#s2бсBЦ⌠c⌠cC⌠sVRсBцcBЦ▓ц ё#sBбс┌ЦCsC#rцcBЦS⌠cц ё#sRбс3bЦcSsCsRцcЦs3C⌠2ц ё#sbбсSBЦSCCC⌠▓цSrЦs⌠⌠Ccц ё#srбсsЦ⌠c#c▓цS"Ц3Css3Rц ё#s┌бс┐┌ЦSsSCCc┌цCRЦC#┐┐bц ё#s▓бсBЦ3⌠cCrц3rЦ⌠33▓ц ё#┐бс▓Ц##C⌠┌ц#rЦCc⌠C#Bц ё#┐бс3"Ц┐cS3cBцbЦc⌠┌ц ё#┐"бсCRЦ#C┐ccBцBЦcCS2ц ё#┐2бсSbЦ#33Bц⌠Цc3S3Bц ё#┐BбсcRЦs3bцsrЦs333#▓ц ё#┐Rбсs2ЦS⌠c⌠cBцc2ЦCC⌠┌ц ё#┐bбсs▓Ц┐⌠┐▓цCrЦ┐cs⌠C32ц ё#┐rбс┐BЦ#┐⌠SSBц3"Цs3⌠Cц ё#┐┌бс┐bЦ⌠⌠S#цbЦc3#cBц ё#┐▓бс┐rЦ▓бс"Ц⌠cCscsCSS├Rс2ц ё#⌠бс┐bЦ⌠⌠S#бсbЦc3#cBц ё#⌠бс┐BЦ#┐⌠SSBбс3"Цs3⌠Cц ё#⌠"бсs▓Ц┐⌠┐▓бсCrЦ┐cs⌠C32ц ё#⌠2бсs2ЦS⌠c⌠cBбсc2ЦCC⌠┌ц ё#⌠BбсcRЦs3bбсsrЦs333#▓ц ё#⌠RбсSbЦ#33Bбс⌠Цc3S3Bц ё#⌠bбсCRЦ#C┐ccBбсBЦcCS2ц ё#⌠rбс3"Ц┐cS3cBбсbЦc⌠┌ц ё#⌠┌бс▓Ц##C⌠┌бс#rЦCc⌠C#Bц ё#⌠▓бсBЦ3⌠cCrбс3rЦ⌠33▓ц ё3бс┐┌ЦSsSCCc┌бсCRЦC#┐┐bц ё3бсsЦ⌠c#c▓бсS"Ц3Css3Rц ё3"бсSBЦSCCC⌠▓бсSrЦs⌠⌠Ccц ё32бс3bЦcSsCsRбсcЦs3C⌠2ц ё3Bбс┌ЦCsC#rбсcBЦS⌠cц ё3Rц2ЦCsSScSS#FRс2бсcBЦ▓ц ё3bц┌ЦCsC#rбсcBЦS⌠cц ё3rц3bЦcSsCsRбсcЦs3C⌠2ц ё3┌цSBЦSCCC⌠▓бсSrЦs⌠⌠Ccц ё3▓цsЦ⌠c#c▓бсS"Ц3Css3Rц ё3ц┐┌ЦSsSCCc┌бсCRЦC#┐┐bц ё3цBЦ3⌠cCrбс3rЦ⌠33▓ц ё3"ц▓Ц##C⌠┌бс#rЦCc⌠C#Bц ё32ц3"Ц┐cS3cBбсbЦc⌠┌ц ё3BцCRЦ#C┐ccBбсBЦcCS2ц ё3RцSbЦ#33Bбс⌠Цc3S3Bц ё3bцcRЦs3bбсsrЦs333#▓ц ё3rцs2ЦS⌠c⌠cBбсc2ЦCC⌠┌ц ё3┌цs▓Ц┐⌠┐▓бсCrЦ┐cs⌠C32ц ё3▓ц┐BЦ#┐⌠SSBбс3"Цs3⌠Cц ё3#ц┐bЦ⌠⌠S#бсbЦc3#cBц ё3#ц┐rЦ▓бсBЦCs3Sss┐c√RсBц#Pё3#"ц┐bЦ⌠⌠S#цbЦc3#cBц#Pё3#2ц┐BЦ#┐⌠SSBц3"Цs3⌠Cц#Pё3#Bцs▓Ц┐⌠┐▓цCrЦ┐cs⌠C32ц#Pё3#Rцs2ЦS⌠c⌠cBцc2ЦCC⌠┌ц#Pё3#bцcRЦs3bцsrЦs333#▓ц#Pё3#rцSbЦ#33Bц⌠Цc3S3Bц#Pё3#┌цCRЦ#C┐ccBцBЦcCS2ц#Pё3#▓ц3"Ц┐cS3cBцbЦc⌠┌ц#Pё33ц▓Ц##C⌠┌ц#rЦCc⌠C#Bц#Pё33цBЦ3⌠cCrц3rЦ⌠33▓ц#Pё33"ц┐┌ЦSsSCCc┌цCRЦC#┐┐bц#Pё332цsЦ⌠c#c▓цS"Ц3Css3Rц#Pё33BцSBЦSCCC⌠▓цSrЦs⌠⌠Ccц#Pё33Rц3bЦcSsCsRцcЦs3C⌠2ц#Pё33bц┌ЦCsC#rцcBЦS⌠cц#Pё33rбс2Ц┐3CCC┐┐Cs&RсBцcBЦ▓ц#Pё33┌бс┌ЦCsC#rцcBЦS⌠cц#Pё33▓бс3bЦcSsCsRцcЦs3C⌠2ц#Pё3CбсSBЦSCCC⌠▓цSrЦs⌠⌠Ccц#Pё3CбсsЦ⌠c#c▓цS"Ц3Css3Rц#Pё3C"бс┐┌ЦSsSCCc┌цCRЦC#┐┐bц#Pё3C2бсBЦ3⌠cCrц3rЦ⌠33▓ц#Pё3CBбс▓Ц##C⌠┌ц#rЦCc⌠C#Bц#Pё3CRбс3"Ц┐cS3cBцbЦc⌠┌ц#Pё3CbбсCRЦ#C┐ccBцBЦcCS2ц#Pё3CrбсSbЦ#33Bц⌠Цc3S3Bц#Pё3C┌бсcRЦs3bцsrЦs333#▓ц#Pё3C▓бсs2ЦS⌠c⌠cBцc2ЦCC⌠┌ц#Pё3Sбсs▓Ц┐⌠┐▓цCrЦ┐cs⌠C32ц#Pё3Sбс┐BЦ#┐⌠SSBц3"Цs3⌠Cц#Pё3S"бс┐bЦ⌠⌠S#цbЦc3#cBц#Pё3S2бс┐rЦ▓бс2Цc#┐33#fRс2ц#Pё3SBбс┐bЦ⌠⌠S#бсbЦc3#cBц#Pё3SRбс┐BЦ#┐⌠SSBбс3"Цs3⌠Cц#Pё3Sbбсs▓Ц┐⌠┐▓бсCrЦ┐cs⌠C32ц#Pё3Srбсs2ЦS⌠c⌠cBбсc2ЦCC⌠┌ц#Pё3S┌бсcRЦs3bбсsrЦs333#▓ц#Pё3S▓бсSbЦ#33Bбс⌠Цc3S3Bц#Pё3cбсCRЦ#C┐ccBбсBЦcCS2ц#Pё3cбс3"Ц┐cS3cBбсbЦc⌠┌ц#Pё3c"бс▓Ц##C⌠┌бс#rЦCc⌠C#Bц#Pё3c2бсBЦ3⌠cCrбс3rЦ⌠33▓ц#Pё3cBбс┐┌ЦSsSCCc┌бсCRЦC#┐┐bц#Pё3cRбсsЦ⌠c#c▓бсS"Ц3Css3Rц#Pё3cbбсSBЦSCCC⌠▓бсSrЦs⌠⌠Ccц#Pё3crбс3bЦcSsCsRбсcЦs3C⌠2ц#Pё3c┌бс┌ЦCsC#rбсcBЦS⌠cц#Pё3c▓ц2Цc#33C3fRс2бсcBЦ▓ц#Pё3sц┌ЦCsC#rбсcBЦS⌠cц#Pё3sц3bЦcSsCsRбсcЦs3C⌠2ц#Pё3s"цSBЦSCCC⌠▓бсSrЦs⌠⌠Ccц#Pё3s2цsЦ⌠c#c▓бсS"Ц3Css3Rц#Pё3sBц┐┌ЦSsSCCc┌бсCRЦC#┐┐bц#Pё3sRцBЦ3⌠cCrбс3rЦ⌠33▓ц#Pё3sbц▓Ц##C⌠┌бс#rЦCc⌠C#Bц#Pё3srц3"Ц┐cS3cBбсbЦc⌠┌ц#Pё3s┌цCRЦ#C┐ccBбсBЦcCS2ц#Pё3s▓цSbЦ#33Bбс⌠Цc3S3Bц#Pё3┐цcRЦs3bбсsrЦs333#▓ц#Pё3┐цs2ЦS⌠c⌠cBбсc2ЦCC⌠┌ц#Pё3┐"цs▓Ц┐⌠┐▓бсCrЦ┐cs⌠C32ц#Pё3┐2ц┐BЦ#┐⌠SSBбс3"Цs3⌠Cц#Pё3┐Bц┐bЦ⌠⌠S#бсbЦc3#cBц#Pё3┐Rц┐rЦ▓бсBЦc⌠C3Cc⌠SvRсBцS ё3┐bц┐bЦ⌠⌠S#цbЦc3#cBцS ё3┐rц┐BЦ#┐⌠SSBц3"Цs3⌠CцS ё3┐┌цs▓Ц┐⌠┐▓цCrЦ┐cs⌠C32цS ё3┐▓цs2ЦS⌠c⌠cBцc2ЦCC⌠┌цS ё3⌠цcRЦs3bцsrЦs333#▓цS ё3⌠цSbЦ#33Bц⌠Цc3S3BцS ё3⌠"цCRЦ#C┐ccBцBЦcCS2цS ё3⌠2ц3"Ц┐cS3cBцbЦc⌠┌цS ё3⌠Bц▓Ц##C⌠┌ц#rЦCc⌠C#BцS ё3⌠RцBЦ3⌠cCrц3rЦ⌠33▓цS ё3⌠bц┐┌ЦSsSCCc┌цCRЦC#┐┐bцS ё3⌠rцsЦ⌠c#c▓цS"Ц3Css3RцS ё3⌠┌цSBЦSCCC⌠▓цSrЦs⌠⌠CcцS ё3⌠▓ц3bЦcSsCsRцcЦs3C⌠2цS ёCц┌ЦCsC#rцcBЦS⌠cцS ёCбс2ЦSs┐#┐┐3fRсBцcBЦ▓цS ёC"бс┌ЦCsC#rцcBЦS⌠cцS ёC2бс3bЦcSsCsRцcЦs3C⌠2цS ёCBбсSBЦSCCC⌠▓цSrЦs⌠⌠CcцS ёCRбсsЦ⌠c#c▓цS"Ц3Css3RцS ёCbбс┐┌ЦSsSCCc┌цCRЦC#┐┐bцS ёCrбсBЦ3⌠cCrц3rЦ⌠33▓цS ёC┌бс▓Ц##C⌠┌ц#rЦCc⌠C#BцS ёC▓бс3"Ц┐cS3cBцbЦc⌠┌цS ёCбсCRЦ#C┐ccBцBЦcCS2цS ёCбсSbЦ#33Bц⌠Цc3S3BцS ёC"бсcRЦs3bцsrЦs333#▓цS ёC2бсs2ЦS⌠c⌠cBцc2ЦCC⌠┌цS ёCBбсs▓Ц┐⌠┐▓цCrЦ┐cs⌠C32цS ёCRбс┐BЦ#┐⌠SSBц3"Цs3⌠CцS ёCbбс┐bЦ⌠⌠S#цbЦc3#cBцS ёCrбс┐rЦ▓бс2ЦcS#s⌠C3┐&Rс2цS ёC┌бс┐bЦ⌠⌠S#бсbЦc3#cBцS ёC▓бс┐BЦ#┐⌠SSBбс3"Цs3⌠CцS ёC#бсs▓Ц┐⌠┐▓бсCrЦ┐cs⌠C32цS ёC#бсs2ЦS⌠c⌠cBбсc2ЦCC⌠┌цS ёC#"бсcRЦs3bбсsrЦs333#▓цS ёC#2бсSbЦ#33Bбс⌠Цc3S3BцS ёC#BбсCRЦ#C┐ccBбсBЦcCS2цS ёC#Rбс3"Ц┐cS3cBбсbЦc⌠┌цS ёC#bбс▓Ц##C⌠┌бс#rЦCc⌠C#BцS ёC#rбсBЦ3⌠cCrбс3rЦ⌠33▓цS ёC#┌бс┐┌ЦSsSCCc┌бсCRЦC#┐┐bцS ёC#▓бсsЦ⌠c#c▓бсS"Ц3Css3RцS ёC3бсSBЦSCCC⌠▓бсSrЦs⌠⌠CcцS ёC3бс3bЦcSsCsRбсcЦs3C⌠2цS ёC3"бс┌ЦCsC#rбсcBЦS⌠cцS ёC32ц2Ц3#CC┐SRс2бсcBЦ▓цS ёC3Bц┌ЦCsC#rбсcBЦS⌠cцS ёC3Rц3bЦcSsCsRбсcЦs3C⌠2цS ёC3bцSBЦSCCC⌠▓бсSrЦs⌠⌠CcцS ёC3rцsЦ⌠c#c▓бсS"Ц3Css3RцS ёC3┌ц┐┌ЦSsSCCc┌бсCRЦC#┐┐bцS ёC3▓цBЦ3⌠cCrбс3rЦ⌠33▓цS ёCCц▓Ц##C⌠┌бс#rЦCc⌠C#BцS ёCCц3"Ц┐cS3cBбсbЦc⌠┌цS ёCC"цCRЦ#C┐ccBбсBЦcCS2цS ёCC2цSbЦ#33Bбс⌠Цc3S3BцS ёCCBцcRЦs3bбсsrЦs333#▓цS ёCCRцs2ЦS⌠c⌠cBбсc2ЦCC⌠┌цS ёCCbцs▓Ц┐⌠┐▓бсCrЦ┐cs⌠C32цS ёCCrц┐BЦ#┐⌠SSBбс3"Цs3⌠CцS ёCC┌ц┐bЦ⌠⌠S#бсbЦc3#cBцS ёCC▓ц┐rЦ▓бс2Цscc3⌠⌠cccFRсBцsPёCSц┐bЦ⌠⌠S#цbЦc3#cBцsPёCSц┐BЦ#┐⌠SSBц3"Цs3⌠CцsPёCS"цs▓Ц┐⌠┐▓цCrЦ┐cs⌠C32цsPёCS2цs2ЦS⌠c⌠cBцc2ЦCC⌠┌цsPёCSBцcRЦs3bцsrЦs333#▓цsPёCSRцSbЦ#33Bц⌠Цc3S3BцsPёCSbцCRЦ#C┐ccBцBЦcCS2цsPёCSrц3"Ц┐cS3cBцbЦc⌠┌цsPёCS┌ц▓Ц##C⌠┌ц#rЦCc⌠C#BцsPёCS▓цBЦ3⌠cCrц3rЦ⌠33▓цsPёCcц┐┌ЦSsSCCc┌цCRЦC#┐┐bцsPёCcцsЦ⌠c#c▓цS"Ц3Css3RцsPёCc"цSBЦSCCC⌠▓цSrЦs⌠⌠CcцsPёCc2ц3bЦcSsCsRцcЦs3C⌠2цsPёCcBц┌ЦCsC#rцcBЦS⌠cцsPёCcRбс2Ц#┐┐c┐√RсBцcBЦ▓цsPёCcbбс┌ЦCsC#rцcBЦS⌠cцsPёCcrбс3bЦcSsCsRцcЦs3C⌠2цsPёCc┌бсSBЦSCCC⌠▓цSrЦs⌠⌠CcцsPёCc▓бсsЦ⌠c#c▓цS"Ц3Css3RцsPёCsбс┐┌ЦSsSCCc┌цCRЦC#┐┐bцsPёCsбсBЦ3⌠cCrц3rЦ⌠33▓цsPёCs"бс▓Ц##C⌠┌ц#rЦCc⌠C#BцsPёCs2бс3"Ц┐cS3cBцbЦc⌠┌цsPёCsBбсCRЦ#C┐ccBцBЦcCS2цsPёCsRбсSbЦ#33Bц⌠Цc3S3BцsPёCsbбсcRЦs3bцsrЦs333#▓цsPёCsrбсs2ЦS⌠c⌠cBцc2ЦCC⌠┌цsPёCs┌бсs▓Ц┐⌠┐▓цCrЦ┐cs⌠C32цsPёCs▓бс┐BЦ#┐⌠SSBц3"Цs3⌠CцsPёC┐бс┐bЦ⌠⌠S#цbЦc3#cBцsPёC┐бс┐rЦ▓бс2Ц#c⌠3Cc⌠⌠C&Rс2цsPёC┐"бс┐bЦ⌠⌠S#бсbЦc3#cBцsPёC┐2бс┐BЦ#┐⌠SSBбс3"Цs3⌠CцsPёC┐Bбсs▓Ц┐⌠┐▓бсCrЦ┐cs⌠C32цsPёC┐Rбсs2ЦS⌠c⌠cBбсc2ЦCC⌠┌цsPёC┐bбсcRЦs3bбсsrЦs333#▓цsPёC┐rбсSbЦ#33Bбс⌠Цc3S3BцsPёC┐┌бсCRЦ#C┐ccBбсBЦcCS2цsPёC┐▓бс3"Ц┐cS3cBбсbЦc⌠┌цsPёC⌠бс▓Ц##C⌠┌бс#rЦCc⌠C#BцsPёC⌠бсBЦ3⌠cCrбс3rЦ⌠33▓цsPёC⌠"бс┐┌ЦSsSCCc┌бсCRЦC#┐┐bцsPёC⌠2бсsЦ⌠c#c▓бсS"Ц3Css3RцsPёC⌠BбсSBЦSCCC⌠▓бсSrЦs⌠⌠CcцsPёC⌠Rбс3bЦcSsCsRбсcЦs3C⌠2цsPёC⌠bбс┌ЦCsC#rбсcBЦS⌠cцsPёC⌠rц"Ц⌠S⌠csc⌠⌠┐#√Rс2бсcBЦ▓цsPёC⌠┌ц┌ЦCsC#rбсcBЦS⌠cцsPёC⌠▓ц3bЦcSsCsRбсcЦs3C⌠2цsPёSцSBЦSCCC⌠▓бсSrЦs⌠⌠CcцsPёSцsЦ⌠c#c▓бсS"Ц3Css3RцsPёS"ц┐┌ЦSsSCCc┌бсCRЦC#┐┐bцsPёS2цBЦ3⌠cCrбс3rЦ⌠33▓цsPёSBц▓Ц##C⌠┌бс#rЦCc⌠C#BцsPёSRц3"Ц┐cS3cBбсbЦc⌠┌цsPёSbцCRЦ#C┐ccBбсBЦcCS2цsPёSrцSbЦ#33Bбс⌠Цc3S3BцsPёS┌цcRЦs3bбсsrЦs333#▓цsPёS▓цs2ЦS⌠c⌠cBбсc2ЦCC⌠┌цsPёSцs▓Ц┐⌠┐▓бсCrЦ┐cs⌠C32цsPёSц┐BЦ#┐⌠SSBбс3"Цs3⌠CцsPёS"ц┐bЦ⌠⌠S#бсbЦc3#cBцsPёS2ц┐rЦ▓бс2Цc3┐3CC⌠SScVRсBц# ёSBц┐bЦ⌠⌠S#цbЦc3#cBц# ёSRц┐BЦ#┐⌠SSBц3"Цs3⌠Cц# ёSbцs▓Ц┐⌠┐▓цCrЦ┐cs⌠C32ц# ёSrцs2ЦS⌠c⌠cBцc2ЦCC⌠┌ц# ёS┌цcRЦs3bцsrЦs333#▓ц# ёS▓цSbЦ#33Bц⌠Цc3S3Bц# ёS#цCRЦ#C┐ccBцBЦcCS2ц# ёS#ц3"Ц┐cS3cBцbЦc⌠┌ц# ёS#"ц▓Ц##C⌠┌ц#rЦCc⌠C#Bц# ёS#2цBЦ3⌠cCrц3rЦ⌠33▓ц# ёS#Bц┐┌ЦSsSCCc┌цCRЦC#┐┐bц# ёS#RцsЦ⌠c#c▓цS"Ц3Css3Rц# ёS#bцSBЦSCCC⌠▓цSrЦs⌠⌠Ccц# ёS#rц3bЦcSsCsRцcЦs3C⌠2ц# ёS#┌ц┌ЦCsC#rцcBЦS⌠cц# ёS#▓бс"Ц⌠⌠3##┐cvRсBцcBЦ▓ц# ёS3бс┌ЦCsC#rцcBЦS⌠cц# ёS3бс3bЦcSsCsRцcЦs3C⌠2ц# ёS3"бсSBЦSCCC⌠▓цSrЦs⌠⌠Ccц# ёS32бсsЦ⌠c#c▓цS"Ц3Css3Rц# ёS3Bбс┐┌ЦSsSCCc┌цCRЦC#┐┐bц# ёS3RбсBЦ3⌠cCrц3rЦ⌠33▓ц# ёS3bбс▓Ц##C⌠┌ц#rЦCc⌠C#Bц# ёS3rбс3"Ц┐cS3cBцbЦc⌠┌ц# ёS3┌бсCRЦ#C┐ccBцBЦcCS2ц# ёS3▓бсSbЦ#33Bц⌠Цc3S3Bц# ёSCбсcRЦs3bцsrЦs333#▓ц# ёSCбсs2ЦS⌠c⌠cBцc2ЦCC⌠┌ц# ёSC"бсs▓Ц┐⌠┐▓цCrЦ┐cs⌠C32ц# ёSC2бс┐BЦ#┐⌠SSBц3"Цs3⌠Cц# ёSCBбс┐bЦ⌠⌠S#цbЦc3#cBц# ёSCRбс┐rЦ▓бс2Ц333┐C3CSSvRс2ц# ёSCbбс┐bЦ⌠⌠S#бсbЦc3#cBц# ёSCrбс┐BЦ#┐⌠SSBбс3"Цs3⌠Cц# ёSC┌бсs▓Ц┐⌠┐▓бсCrЦ┐cs⌠C32ц# ёSC▓бсs2ЦS⌠c⌠cBбсc2ЦCC⌠┌ц# ёSSбсcRЦs3bбсsrЦs333#▓ц# ёSSбсSbЦ#33Bбс⌠Цc3S3Bц# ёSS"бсCRЦ#C┐ccBбсBЦcCS2ц# ёSS2бс3"Ц┐cS3cBбсbЦc⌠┌ц# ёSSBбс▓Ц##C⌠┌бс#rЦCc⌠C#Bц# ёSSRбсBЦ3⌠cCrбс3rЦ⌠33▓ц# ёSSbбс┐┌ЦSsSCCc┌бсCRЦC#┐┐bц# ёSSrбсsЦ⌠c#c▓бсS"Ц3Css3Rц# ёSS┌бсSBЦSCCC⌠▓бсSrЦs⌠⌠Ccц# ёSS▓бс3bЦcSsCsRбсcЦs3C⌠2ц# ёScбс┌ЦCsC#rбсcBЦS⌠cц# ёScц"Ц┐⌠CccC#3⌠fRс2бсcBЦ▓ц# ёSc"ц┌ЦCsC#rбсcBЦS⌠cц# ёSc2ц3bЦcSsCsRбсcЦs3C⌠2ц# ёScBцSBЦSCCC⌠▓бсSrЦs⌠⌠Ccц# ёScRцsЦ⌠c#c▓бсS"Ц3Css3Rц# ёScbц┐┌ЦSsSCCc┌бсCRЦC#┐┐bц# ёScrцBЦ3⌠cCrбс3rЦ⌠33▓ц# ёSc┌ц▓Ц##C⌠┌бс#rЦCc⌠C#Bц# ёSc▓ц3"Ц┐cS3cBбсbЦc⌠┌ц# ёSsцCRЦ#C┐ccBбсBЦcCS2ц# ёSsцSbЦ#33Bбс⌠Цc3S3Bц# ёSs"цcRЦs3bбсsrЦs333#▓ц# ёSs2цs2ЦS⌠c⌠cBбсc2ЦCC⌠┌ц# ёSsBцs▓Ц┐⌠┐▓бсCrЦ┐cs⌠C32ц# ёSsRц┐BЦ#┐⌠SSBбс3"Цs3⌠Cц# ёSsbц┐bЦ⌠⌠S#бсbЦc3#cBц# ёSsrц┐rЦ▓бс2Ц#C⌠cC⌠s3┐C√RсBц##PёSs┌ц┐bЦ⌠⌠S#цbЦc3#cBц##PёSs▓ц┐BЦ#┐⌠SSBц3"Цs3⌠Cц##PёS┐цs▓Ц┐⌠┐▓цCrЦ┐cs⌠C32ц##PёS┐цs2ЦS⌠c⌠cBцc2ЦCC⌠┌ц##PёS┐"цcRЦs3bцsrЦs333#▓ц##PёS┐2цSbЦ#33Bц⌠Цc3S3Bц##PёS┐BцCRЦ#C┐ccBцBЦcCS2ц##PёS┐Rц3"Ц┐cS3cBцbЦc⌠┌ц##PёS┐bц▓Ц##C⌠┌ц#rЦCc⌠C#Bц##PёS┐rцBЦ3⌠cCrц3rЦ⌠33▓ц##PёS┐┌ц┐┌ЦSsSCCc┌цCRЦC#┐┐bц##PёS┐▓цsЦ⌠c#c▓цS"Ц3Css3Rц##PёS⌠цSBЦSCCC⌠▓цSrЦs⌠⌠Ccц##PёS⌠ц3bЦcSsCsRцcЦs3C⌠2ц##PёS⌠"ц┌ЦCsC#rцcBЦS⌠cц##PёS⌠2бс"Ц┐#┐┐3C#⌠#⌠├RсBцcBЦ▓ц##PёS⌠Bбс┌ЦCsC#rцcBЦS⌠cц##PёS⌠Rбс3bЦcSsCsRцcЦs3C⌠2ц##PёS⌠bбсSBЦSCCC⌠▓цSrЦs⌠⌠Ccц##PёS⌠rбсsЦ⌠c#c▓цS"Ц3Css3Rц##PёS⌠┌бс┐┌ЦSsSCCc┌цCRЦC#┐┐bц##PёS⌠▓бсBЦ3⌠cCrц3rЦ⌠33▓ц##Pёcбс▓Ц##C⌠┌ц#rЦCc⌠C#Bц##Pёcбс3"Ц┐cS3cBцbЦc⌠┌ц##Pёc"бсCRЦ#C┐ccBцBЦcCS2ц##Pёc2бсSbЦ#33Bц⌠Цc3S3Bц##PёcBбсcRЦs3bцsrЦs333#▓ц##PёcRбсs2ЦS⌠c⌠cBцc2ЦCC⌠┌ц##Pёcbбсs▓Ц┐⌠┐▓цCrЦ┐cs⌠C32ц##Pёcrбс┐BЦ#┐⌠SSBц3"Цs3⌠Cц##Pёc┌бс┐bЦ⌠⌠S#цbЦc3#cBц##Pёc▓бс┐rЦ▓бс2Ц3⌠Cc┐S&Rс2ц##Pёcбс┐bЦ⌠⌠S#бсbЦc3#cBц##Pёcбс┐BЦ#┐⌠SSBбс3"Цs3⌠Cц##Pёc"бсs▓Ц┐⌠┐▓бсCrЦ┐cs⌠C32ц##Pёc2бсs2ЦS⌠c⌠cBбсc2ЦCC⌠┌ц##PёcBбсcRЦs3bбсsrЦs333#▓ц##PёcRбсSbЦ#33Bбс⌠Цc3S3Bц##PёcbбсCRЦ#C┐ccBбсBЦcCS2ц##Pёcrбс3"Ц┐cS3cBбсbЦc⌠┌ц##Pёc┌бс▓Ц##C⌠┌бс#rЦCc⌠C#Bц##Pёc▓бсBЦ3⌠cCrбс3rЦ⌠33▓ц##Pёc#бс┐┌ЦSsSCCc┌бсCRЦC#┐┐bц##Pёc#бсsЦ⌠c#c▓бсS"Ц3Css3Rц##Pёc#"бсSBЦSCCC⌠▓бсSrЦs⌠⌠Ccц##Pёc#2бс3bЦcSsCsRбсcЦs3C⌠2ц##Pёc#Bбс┌ЦCsC#rбсcBЦS⌠cц##Pёc#Rц"Ц┐S3C⌠c┐⌠VRс2бсcBЦ▓ц##Pёc#bц┌ЦCsC#rбсcBЦS⌠cц##Pёc#rц3bЦcSsCsRбсcЦs3C⌠2ц##Pёc#┌цSBЦSCCC⌠▓бсSrЦs⌠⌠Ccц##Pёc#▓цsЦ⌠c#c▓бсS"Ц3Css3Rц##Pёc3ц┐┌ЦSsSCCc┌бсCRЦC#┐┐bц##Pёc3цBЦ3⌠cCrбс3rЦ⌠33▓ц##Pёc3"ц▓Ц##C⌠┌бс#rЦCc⌠C#Bц##Pёc32ц3"Ц┐cS3cBбсbЦc⌠┌ц##Pёc3BцCRЦ#C┐ccBбсBЦcCS2ц##Pёc3RцSbЦ#33Bбс⌠Цc3S3Bц##Pёc3bцcRЦs3bбсsrЦs333#▓ц##Pёc3rцs2ЦS⌠c⌠cBбсc2ЦCC⌠┌ц##Pёc3┌цs▓Ц┐⌠┐▓бсCrЦ┐cs⌠C32ц##Pёc3▓ц┐BЦ#┐⌠SSBбс3"Цs3⌠Cц##PёcCц┐bЦ⌠⌠S#бсbЦc3#cBц##PёcCц┐rЦ▓бс2Ц┐┐s┐⌠sc┐RсBц#S ёcC"ц┐bЦ⌠⌠S#цbЦc3#cBц#S ёcC2ц┐BЦ#┐⌠SSBц3"Цs3⌠Cц#S ёcCBцs▓Ц┐⌠┐▓цCrЦ┐cs⌠C32ц#S ёcCRцs2ЦS⌠c⌠cBцc2ЦCC⌠┌ц#S ёcCbцcRЦs3bцsrЦs333#▓ц#S ёcCrцSbЦ#33Bц⌠Цc3S3Bц#S ёcC┌цCRЦ#C┐ccBцBЦcCS2ц#S ёcC▓ц3"Ц┐cS3cBцbЦc⌠┌ц#S ёcSц▓Ц##C⌠┌ц#rЦCc⌠C#Bц#S ёcSцBЦ3⌠cCrц3rЦ⌠33▓ц#S ёcS"ц┐┌ЦSsSCCc┌цCRЦC#┐┐bц#S ёcS2цsЦ⌠c#c▓цS"Ц3Css3Rц#S ёcSBцSBЦSCCC⌠▓цSrЦs⌠⌠Ccц#S ёcSRц3bЦcSsCsRцcЦs3C⌠2ц#S ёcSbц┌ЦCsC#rцcBЦS⌠cц#S ёcSrбс"ЦCsC⌠CS√RсBцcBЦ▓ц#S ёcS┌бс┌ЦCsC#rцcBЦS⌠cц#S ёcS▓бс3bЦcSsCsRцcЦs3C⌠2ц#S ёccбсSBЦSCCC⌠▓цSrЦs⌠⌠Ccц#S ёccбсsЦ⌠c#c▓цS"Ц3Css3Rц#S ёcc"бс┐┌ЦSsSCCc┌цCRЦC#┐┐bц#S ёcc2бсBЦ3⌠cCrц3rЦ⌠33▓ц#S ёccBбс▓Ц##C⌠┌ц#rЦCc⌠C#Bц#S ёccRбс3"Ц┐cS3cBцbЦc⌠┌ц#S ёccbбсCRЦ#C┐ccBцBЦcCS2ц#S ёccrбсSbЦ#33Bц⌠Цc3S3Bц#S ёcc┌бсcRЦs3bцsrЦs333#▓ц#S ёcc▓бсs2ЦS⌠c⌠cBцc2ЦCC⌠┌ц#S ёcsбсs▓Ц┐⌠┐▓цCrЦ┐cs⌠C32ц#S ёcsбс┐BЦ#┐⌠SSBц3"Цs3⌠Cц#S ёcs"бс┐bЦ⌠⌠S#цbЦc3#cBц#S ёcs2бс┐rЦ▓бс2ЦC┐s#Cs#S#├Rс2ц#S ёcsBбс┐bЦ⌠⌠S#бсbЦc3#cBц#S ёcsRбс┐BЦ#┐⌠SSBбс3"Цs3⌠Cц#S ёcsbбсs▓Ц┐⌠┐▓бсCrЦ┐cs⌠C32ц#S ёcsrбсs2ЦS⌠c⌠cBбсc2ЦCC⌠┌ц#S ёcs┌бсcRЦs3bбсsrЦs333#▓ц#S ёcs▓бсSbЦ#33Bбс⌠Цc3S3Bц#S ёc┐бсCRЦ#C┐ccBбсBЦcCS2ц#S ёc┐бс3"Ц┐cS3cBбсbЦc⌠┌ц#S ёc┐"бс▓Ц##C⌠┌бс#rЦCc⌠C#Bц#S ёc┐2бсBЦ3⌠cCrбс3rЦ⌠33▓ц#S ёc┐Bбс┐┌ЦSsSCCc┌бсCRЦC#┐┐bц#S ёc┐RбсsЦ⌠c#c▓бсS"Ц3Css3Rц#S ёc┐bбсSBЦSCCC⌠▓бсSrЦs⌠⌠Ccц#S ёc┐rбс3bЦcSsCsRбсcЦs3C⌠2ц#S ёc┐┌бс┌ЦCsC#rбсcBЦS⌠cц#S ёc┐▓ц"Цs┐3CSsc⌠⌠FRс2бсcBЦ▓ц#S ёc⌠ц┌ЦCsC#rбсcBЦS⌠cц#S ёc⌠ц3bЦcSsCsRбсcЦs3C⌠2ц#S ёc⌠"цSBЦSCCC⌠▓бсSrЦs⌠⌠Ccц#S ёc⌠2цsЦ⌠c#c▓бсS"Ц3Css3Rц#S ёc⌠Bц┐┌ЦSsSCCc┌бсCRЦC#┐┐bц#S ёc⌠RцBЦ3⌠cCrбс3rЦ⌠33▓ц#S ёc⌠bц▓Ц##C⌠┌бс#rЦCc⌠C#Bц#S ёc⌠rц3"Ц┐cS3cBбсbЦc⌠┌ц#S ёc⌠┌цCRЦ#C┐ccBбсBЦcCS2ц#S ёc⌠▓цSbЦ#33Bбс⌠Цc3S3Bц#S ёsцcRЦs3bбсsrЦs333#▓ц#S ёsцs2ЦS⌠c⌠cBбсc2ЦCC⌠┌ц#S ёs"цs▓Ц┐⌠┐▓бсCrЦ┐cs⌠C32ц#S ёs2ц┐BЦ#┐⌠SSBбс3"Цs3⌠Cц#S ёsBц┐bЦ⌠⌠S#бсbЦc3#cBц#S ёsRц┐rЦ▓бс"ЦsC33#ScS√RсBц#sPёsbц┐bЦ⌠⌠S#цbЦc3#cBц#sPёsrц┐BЦ#┐⌠SSBц3"Цs3⌠Cц#sPёs┌цs▓Ц┐⌠┐▓цCrЦ┐cs⌠C32ц#sPёs▓цs2ЦS⌠c⌠cBцc2ЦCC⌠┌ц#sPёsцcRЦs3bцsrЦs333#▓ц#sPёsцSbЦ#33Bц⌠Цc3S3Bц#sPёs"цCRЦ#C┐ccBцBЦcCS2ц#sPёs2ц3"Ц┐cS3cBцbЦc⌠┌ц#sPёsBц▓Ц##C⌠┌ц#rЦCc⌠C#Bц#sPёsRцBЦ3⌠cCrц3rЦ⌠33▓ц#sPёsbц┐┌ЦSsSCCc┌цCRЦC#┐┐bц#sPёsrцsЦ⌠c#c▓цS"Ц3Css3Rц#sPёs┌цSBЦSCCC⌠▓цSrЦs⌠⌠Ccц#sPёs▓ц3bЦcSsCsRцcЦs3C⌠2ц#sPёs#ц┌ЦCsC#rцcBЦS⌠cц#sPёs#бс"Ц#c⌠┐c┐3csvRсBцcBЦ▓ц#sPёs#"бс┌ЦCsC#rцcBЦS⌠cц#sPёs#2бс3bЦcSsCsRцcЦs3C⌠2ц#sPёs#BбсSBЦSCCC⌠▓цSrЦs⌠⌠Ccц#sPёs#RбсsЦ⌠c#c▓цS"Ц3Css3Rц#sPёs#bбс┐┌ЦSsSCCc┌цCRЦC#┐┐bц#sPёs#rбсBЦ3⌠cCrц3rЦ⌠33▓ц#sPёs#┌бс▓Ц##C⌠┌ц#rЦCc⌠C#Bц#sPёs#▓бс3"Ц┐cS3cBцbЦc⌠┌ц#sPёs3бсCRЦ#C┐ccBцBЦcCS2ц#sPёs3бсSbЦ#33Bц⌠Цc3S3Bц#sPёs3"бсcRЦs3bцsrЦs333#▓ц#sPёs32бсs2ЦS⌠c⌠cBцc2ЦCC⌠┌ц#sPёs3Bбсs▓Ц┐⌠┐▓цCrЦ┐cs⌠C32ц#sPёs3Rбс┐BЦ#┐⌠SSBц3"Цs3⌠Cц#sPёs3bбс┐bЦ⌠⌠S#цbЦc3#cBц#sPёs3rбс┐rЦ▓бс2ЦSC##C3#C3SRс2ц#sPёs3┌бс┐bЦ⌠⌠S#бсbЦc3#cBц#sPёs3▓бс┐BЦ#┐⌠SSBбс3"Цs3⌠Cц#sPёsCбсs▓Ц┐⌠┐▓бсCrЦ┐cs⌠C32ц#sPёsCбсs2ЦS⌠c⌠cBбсc2ЦCC⌠┌ц#sPёsC"бсcRЦs3bбсsrЦs333#▓ц#sPёsC2бсSbЦ#33Bбс⌠Цc3S3Bц#sPёsCBбсCRЦ#C┐ccBбсBЦcCS2ц#sPёsCRбс3"Ц┐cS3cBбсbЦc⌠┌ц#sPёsCbбс▓Ц##C⌠┌бс#rЦCc⌠C#Bц#sPёsCrбсBЦ3⌠cCrбс3rЦ⌠33▓ц#sPёsC┌бс┐┌ЦSsSCCc┌бсCRЦC#┐┐bц#sPёsC▓бсsЦ⌠c#c▓бсS"Ц3Css3Rц#sPёsSбсSBЦSCCC⌠▓бсSrЦs⌠⌠Ccц#sPёsSбс3bЦcSsCsRбсcЦs3C⌠2ц#sPёsS"бс┌ЦCsC#rбсcBЦS⌠cц#sPёsS2ц"Цs┐⌠SCs┐⌠C√Rс2бсcBЦ▓ц#sPёsSBц┌ЦCsC#rбсcBЦS⌠cц#sPёsSRц3bЦcSsCsRбсcЦs3C⌠2ц#sPёsSbцSBЦSCCC⌠▓бсSrЦs⌠⌠Ccц#sPёsSrцsЦ⌠c#c▓бсS"Ц3Css3Rц#sPёsS┌ц┐┌ЦSsSCCc┌бсCRЦC#┐┐bц#sPёsS▓цBЦ3⌠cCrбс3rЦ⌠33▓ц#sPёscц▓Ц##C⌠┌бс#rЦCc⌠C#Bц#sPёscц3"Ц┐cS3cBбсbЦc⌠┌ц#sPёsc"цCRЦ#C┐ccBбсBЦcCS2ц#sPёsc2цSbЦ#33Bбс⌠Цc3S3Bц#sPёscBцcRЦs3bбсsrЦs333#▓ц#sPёscRцs2ЦS⌠c⌠cBбсc2ЦCC⌠┌ц#sPёscbцs▓Ц┐⌠┐▓бсCrЦ┐cs⌠C32ц#sPёscrц┐BЦ#┐⌠SSBбс3"Цs3⌠Cц#sPёsc┌ц┐bЦ⌠⌠S#бсbЦc3#cBц#sPёsc▓ц┐rЦ▓бс"ЦCC⌠c#SSC├RсBц3 ёssц┐bЦ⌠⌠S#цbЦc3#cBц3 ёssц┐BЦ#┐⌠SSBц3"Цs3⌠Cц3 ёss"цs▓Ц┐⌠┐▓цCrЦ┐cs⌠C32ц3 ёss2цs2ЦS⌠c⌠cBцc2ЦCC⌠┌ц3 ёssBцcRЦs3bцsrЦs333#▓ц3 ёssRцSbЦ#33Bц⌠Цc3S3Bц3 ёssbцCRЦ#C┐ccBцBЦcCS2ц3 ёssrц3"Ц┐cS3cBцbЦc⌠┌ц3 ёss┌ц▓Ц##C⌠┌ц#rЦCc⌠C#Bц3 ёss▓цBЦ3⌠cCrц3rЦ⌠33▓ц3 ёs┐ц┐┌ЦSsSCCc┌цCRЦC#┐┐bц3 ёs┐цsЦ⌠c#c▓цS"Ц3Css3Rц3 ёs┐"цSBЦSCCC⌠▓цSrЦs⌠⌠Ccц3 ёs┐2ц3bЦcSsCsRцcЦs3C⌠2ц3 ёs┐Bц┌ЦCsC#rцcBЦS⌠cц3 ёs┐Rбс"ЦC┐#⌠3S3├RсBцcBЦ▓ц3 ёs┐bбс┌ЦCsC#rцcBЦS⌠cц3 ёs┐rбс3bЦcSsCsRцcЦs3C⌠2ц3 ёs┐┌бсSBЦSCCC⌠▓цSrЦs⌠⌠Ccц3 ёs┐▓бсsЦ⌠c#c▓цS"Ц3Css3Rц3 ёs⌠бс┐┌ЦSsSCCc┌цCRЦC#┐┐bц3 ёs⌠бсBЦ3⌠cCrц3rЦ⌠33▓ц3 ёs⌠"бс▓Ц##C⌠┌ц#rЦCc⌠C#Bц3 ёs⌠2бс3"Ц┐cS3cBцbЦc⌠┌ц3 ёs⌠BбсCRЦ#C┐ccBцBЦcCS2ц3 ёs⌠RбсSbЦ#33Bц⌠Цc3S3Bц3 ёs⌠bбсcRЦs3bцsrЦs333#▓ц3 ёs⌠rбсs2ЦS⌠c⌠cBцc2ЦCC⌠┌ц3 ёs⌠┌бсs▓Ц┐⌠┐▓цCrЦ┐cs⌠C32ц3 ёs⌠▓бс┐BЦ#┐⌠SSBц3"Цs3⌠Cц3 ё┐бс┐bЦ⌠⌠S#цbЦc3#cBц3 ё┐бс┐rЦ▓бс2ЦS⌠sSSSs┐√Rс2ц3 ё┐"бс┐bЦ⌠⌠S#бсbЦc3#cBц3 ё┐2бс┐BЦ#┐⌠SSBбс3"Цs3⌠Cц3 ё┐Bбсs▓Ц┐⌠┐▓бсCrЦ┐cs⌠C32ц3 ё┐Rбсs2ЦS⌠c⌠cBбсc2ЦCC⌠┌ц3 ё┐bбсcRЦs3bбсsrЦs333#▓ц3 ё┐rбсSbЦ#33Bбс⌠Цc3S3Bц3 ё┐┌бсCRЦ#C┐ccBбсBЦcCS2ц3 ё┐▓бс3"Ц┐cS3cBбсbЦc⌠┌ц3 ё┐бс▓Ц##C⌠┌бс#rЦCc⌠C#Bц3 ё┐бсBЦ3⌠cCrбс3rЦ⌠33▓ц3 ё┐"бс┐┌ЦSsSCCc┌бсCRЦC#┐┐bц3 ё┐2бсsЦ⌠c#c▓бсS"Ц3Css3Rц3 ё┐BбсSBЦSCCC⌠▓бсSrЦs⌠⌠Ccц3 ё┐Rбс3bЦcSsCsRбсcЦs3C⌠2ц3 ё┐bбс┌ЦCsC#rбсcBЦS⌠cц3 ё┐rц"ЦsC#┐C┐cc&Rс2бсcBЦ▓ц3 ё┐┌ц┌ЦCsC#rбсcBЦS⌠cц3 ё┐▓ц3bЦcSsCsRбсcЦs3C⌠2ц3 ё┐#цSBЦSCCC⌠▓бсSrЦs⌠⌠Ccц3 ё┐#цsЦ⌠c#c▓бсS"Ц3Css3Rц3 ё┐#"ц┐┌ЦSsSCCc┌бсCRЦC#┐┐bц3 ё┐#2цBЦ3⌠cCrбс3rЦ⌠33▓ц3 ё┐#Bц▓Ц##C⌠┌бс#rЦCc⌠C#Bц3 ё┐#Rц3"Ц┐cS3cBбсbЦc⌠┌ц3 ё┐#bцCRЦ#C┐ccBбсBЦcCS2ц3 ё┐#rцSbЦ#33Bбс⌠Цc3S3Bц3 ё┐#┌цcRЦs3bбсsrЦs333#▓ц3 ё┐#▓цs2ЦS⌠c⌠cBбсc2ЦCC⌠┌ц3 ё┐3цs▓Ц┐⌠┐▓бсCrЦ┐cs⌠C32ц3 ё┐3ц┐BЦ#┐⌠SSBбс3"Цs3⌠Cц3 ё┐3"ц┐bЦ⌠⌠S#бсbЦc3#cBц3 ё┐32ц┐rЦ▓бс"Ц3c┐#333┐⌠6RсBц3#Pё┐3Bц┐bЦ⌠⌠S#цbЦc3#cBц3#Pё┐3Rц┐BЦ#┐⌠SSBц3"Цs3⌠Cц3#Pё┐3bцs▓Ц┐⌠┐▓цCrЦ┐cs⌠C32ц3#Pё┐3rцs2ЦS⌠c⌠cBцc2ЦCC⌠┌ц3#Pё┐3┌цcRЦs3bцsrЦs333#▓ц3#Pё┐3▓цSbЦ#33Bц⌠Цc3S3Bц3#Pё┐CцCRЦ#C┐ccBцBЦcCS2ц3#Pё┐Cц3"Ц┐cS3cBцbЦc⌠┌ц3#Pё┐C"ц▓Ц##C⌠┌ц#rЦCc⌠C#Bц3#Pё┐C2цBЦ3⌠cCrц3rЦ⌠33▓ц3#Pё┐CBц┐┌ЦSsSCCc┌цCRЦC#┐┐bц3#Pё┐CRцsЦ⌠c#c▓цS"Ц3Css3Rц3#Pё┐CbцSBЦSCCC⌠▓цSrЦs⌠⌠Ccц3#Pё┐Crц3bЦcSsCsRцcЦs3C⌠2ц3#Pё┐C┌ц┌ЦCsC#rцcBЦS⌠cц3#Pё┐C▓бс"ЦSCS3s3┐6RсBцcBЦ▓ц3#Pё┐Sбс┌ЦCsC#rцcBЦS⌠cц3#Pё┐Sбс3bЦcSsCsRцcЦs3C⌠2ц3#Pё┐S"бсSBЦSCCC⌠▓цSrЦs⌠⌠Ccц3#Pё┐S2бсsЦ⌠c#c▓цS"Ц3Css3Rц3#Pё┐SBбс┐┌ЦSsSCCc┌цCRЦC#┐┐bц3#Pё┐SRбсBЦ3⌠cCrц3rЦ⌠33▓ц3#Pё┐Sbбс▓Ц##C⌠┌ц#rЦCc⌠C#Bц3#Pё┐Srбс3"Ц┐cS3cBцbЦc⌠┌ц3#Pё┐S┌бсCRЦ#C┐ccBцBЦcCS2ц3#Pё┐S▓бсSbЦ#33Bц⌠Цc3S3Bц3#Pё┐cбсcRЦs3bцsrЦs333#▓ц3#Pё┐cбсs2ЦS⌠c⌠cBцc2ЦCC⌠┌ц3#Pё┐c"бсs▓Ц┐⌠┐▓цCrЦ┐cs⌠C32ц3#Pё┐c2бс┐BЦ#┐⌠SSBц3"Цs3⌠Cц3#Pё┐cBбс┐bЦ⌠⌠S#цbЦc3#cBц3#Pё┐cRбс┐rЦ▓бс2Цc3⌠3⌠c┐6Rс2ц3#Pё┐cbбс┐bЦ⌠⌠S#бсbЦc3#cBц3#Pё┐crбс┐BЦ#┐⌠SSBбс3"Цs3⌠Cц3#Pё┐c┌бсs▓Ц┐⌠┐▓бсCrЦ┐cs⌠C32ц3#Pё┐c▓бсs2ЦS⌠c⌠cBбсc2ЦCC⌠┌ц3#Pё┐sбсcRЦs3bбсsrЦs333#▓ц3#Pё┐sбсSbЦ#33Bбс⌠Цc3S3Bц3#Pё┐s"бсCRЦ#C┐ccBбсBЦcCS2ц3#Pё┐s2бс3"Ц┐cS3cBбсbЦc⌠┌ц3#Pё┐sBбс▓Ц##C⌠┌бс#rЦCc⌠C#Bц3#Pё┐sRбсBЦ3⌠cCrбс3rЦ⌠33▓ц3#Pё┐sbбс┐┌ЦSsSCCc┌бсCRЦC#┐┐bц3#Pё┐srбсsЦ⌠c#c▓бсS"Ц3Css3Rц3#Pё┐s┌бсSBЦSCCC⌠▓бсSrЦs⌠⌠Ccц3#Pё┐s▓бс3bЦcSsCsRбсcЦs3C⌠2ц3#Pё┐┐бс┌ЦCsC#rбсcBЦS⌠cц3#Pё┐┐ц"Цs#C⌠⌠┐#⌠c6Rс2бсcBЦ▓ц3#Pё┐┐"ц┌ЦCsC#rбсcBЦS⌠cц3#Pё┐┐2ц3bЦcSsCsRбсcЦs3C⌠2ц3#Pё┐┐BцSBЦSCCC⌠▓бсSrЦs⌠⌠Ccц3#Pё┐┐RцsЦ⌠c#c▓бсS"Ц3Css3Rц3#Pё┐┐bц┐┌ЦSsSCCc┌бсCRЦC#┐┐bц3#Pё┐┐rцBЦ3⌠cCrбс3rЦ⌠33▓ц3#Pё┐┐┌ц▓Ц##C⌠┌бс#rЦCc⌠C#Bц3#Pё┐┐▓ц3"Ц┐cS3cBбсbЦc⌠┌ц3#Pё┐⌠цCRЦ#C┐ccBбсBЦcCS2ц3#Pё┐⌠цSbЦ#33Bбс⌠Цc3S3Bц3#Pё┐⌠"цcRЦs3bбсsrЦs333#▓ц3#Pё┐⌠2цs2ЦS⌠c⌠cBбсc2ЦCC⌠┌ц3#Pё┐⌠Bцs▓Ц┐⌠┐▓бсCrЦ┐cs⌠C32ц3#Pё┐⌠Rц┐BЦ#┐⌠SSBбс3"Цs3⌠Cц3#Pё┐⌠bц┐bЦ⌠⌠S#бсbЦc3#cBц3#Pё┐⌠rц┐rЦ▓бс"Ц3sCsCcCC√RсBц3S ё┐⌠┌ц┐bЦ⌠⌠S#цbЦc3#cBц3S ё┐⌠▓ц┐BЦ#┐⌠SSBц3"Цs3⌠Cц3S ё⌠цs▓Ц┐⌠┐▓цCrЦ┐cs⌠C32ц3S ё⌠цs2ЦS⌠c⌠cBцc2ЦCC⌠┌ц3S ё⌠"цcRЦs3bцsrЦs333#▓ц3S ё⌠2цSbЦ#33Bц⌠Цc3S3Bц3S ё⌠BцCRЦ#C┐ccBцBЦcCS2ц3S ё⌠Rц3"Ц┐cS3cBцbЦc⌠┌ц3S ё⌠bц▓Ц##C⌠┌ц#rЦCc⌠C#Bц3S ё⌠rцBЦ3⌠cCrц3rЦ⌠33▓ц3S ё⌠┌ц┐┌ЦSsSCCc┌цCRЦC#┐┐bц3S ё⌠▓цsЦ⌠c#c▓цS"Ц3Css3Rц3S ё⌠цSBЦSCCC⌠▓цSrЦs⌠⌠Ccц3S ё⌠ц3bЦcSsCsRцcЦs3C⌠2ц3S ё⌠"ц┌ЦCsC#rцcBЦS⌠cц3S ё⌠2бс"ЦS⌠Cs⌠sfRсBцcBЦ▓ц3S ё⌠Bбс┌ЦCsC#rцcBЦS⌠cц3S ё⌠Rбс3bЦcSsCsRцcЦs3C⌠2ц3S ё⌠bбсSBЦSCCC⌠▓цSrЦs⌠⌠Ccц3S ё⌠rбсsЦ⌠c#c▓цS"Ц3Css3Rц3S ё⌠┌бс┐┌ЦSsSCCc┌цCRЦC#┐┐bц3S ё⌠▓бсBЦ3⌠cCrц3rЦ⌠33▓ц3S ё⌠#бс▓Ц##C⌠┌ц#rЦCc⌠C#Bц3S ё⌠#бс3"Ц┐cS3cBцbЦc⌠┌ц3S ё⌠#"бсCRЦ#C┐ccBцBЦcCS2ц3S ё⌠#2бсSbЦ#33Bц⌠Цc3S3Bц3S ё⌠#BбсcRЦs3bцsrЦs333#▓ц3S ё⌠#Rбсs2ЦS⌠c⌠cBцc2ЦCC⌠┌ц3S ё⌠#bбсs▓Ц┐⌠┐▓цCrЦ┐cs⌠C32ц3S ё⌠#rбс┐BЦ#┐⌠SSBц3"Цs3⌠Cц3S ё⌠#┌бс┐bЦ⌠⌠S#цbЦc3#cBц3S ё⌠#▓бс┐rЦ▓бс2ЦSsS⌠┐s┐⌠┐fRс2ц3S ё⌠3бс┐bЦ⌠⌠S#бсbЦc3#cBц3S ё⌠3бс┐BЦ#┐⌠SSBбс3"Цs3⌠Cц3S ё⌠3"бсs▓Ц┐⌠┐▓бсCrЦ┐cs⌠C32ц3S ё⌠32бсs2ЦS⌠c⌠cBбсc2ЦCC⌠┌ц3S ё⌠3BбсcRЦs3bбсsrЦs333#▓ц3S ё⌠3RбсSbЦ#33Bбс⌠Цc3S3Bц3S ё⌠3bбсCRЦ#C┐ccBбсBЦcCS2ц3S ё⌠3rбс3"Ц┐cS3cBбсbЦc⌠┌ц3S ё⌠3┌бс▓Ц##C⌠┌бс#rЦCc⌠C#Bц3S ё⌠3▓бсBЦ3⌠cCrбс3rЦ⌠33▓ц3S ё⌠Cбс┐┌ЦSsSCCc┌бсCRЦC#┐┐bц3S ё⌠CбсsЦ⌠c#c▓бсS"Ц3Css3Rц3S ё⌠C"бсSBЦSCCC⌠▓бсSrЦs⌠⌠Ccц3S ё⌠C2бс3bЦcSsCsRбсcЦs3C⌠2ц3S ё⌠CBбс┌ЦCsC#rбсcBЦS⌠cц3S ё⌠CRц"Цc┐┐S3#⌠⌠VRс2бсcBЦ▓ц3S ё⌠Cbц┌ЦCsC#rбсcBЦS⌠cц3S ё⌠Crц3bЦcSsCsRбсcЦs3C⌠2ц3S ё⌠C┌цSBЦSCCC⌠▓бсSrЦs⌠⌠Ccц3S ё⌠C▓цsЦ⌠c#c▓бсS"Ц3Css3Rц3S ё⌠Sц┐┌ЦSsSCCc┌бсCRЦC#┐┐bц3S ё⌠SцBЦ3⌠cCrбс3rЦ⌠33▓ц3S ё⌠S"ц▓Ц##C⌠┌бс#rЦCc⌠C#Bц3S ё⌠S2ц3"Ц┐cS3cBбсbЦc⌠┌ц3S ё⌠SBцCRЦ#C┐ccBбсBЦcCS2ц3S ё⌠SRцSbЦ#33Bбс⌠Цc3S3Bц3S ё⌠SbцcRЦs3bбсsrЦs333#▓ц3S ё⌠Srцs2ЦS⌠c⌠cBбсc2ЦCC⌠┌ц3S ё⌠S┌цs▓Ц┐⌠┐▓бсCrЦ┐cs⌠C32ц3S ё⌠S▓ц┐BЦ#┐⌠SSBбс3"Цs3⌠Cц3S ё⌠cц┐bЦ⌠⌠S#бсbЦc3#cBц3S ё⌠cц┐rЦ▓бсЦCS┐s3#3SfRсBц3sPё⌠c"ц┐bЦ⌠⌠S#цbЦc3#cBц3sPё⌠c2ц┐BЦ#┐⌠SSBц3"Цs3⌠Cц3sPё⌠cBцs▓Ц┐⌠┐▓цCrЦ┐cs⌠C32ц3sPё⌠cRцs2ЦS⌠c⌠cBцc2ЦCC⌠┌ц3sPё⌠cbцcRЦs3bцsrЦs333#▓ц3sPё⌠crцSbЦ#33Bц⌠Цc3S3Bц3sPё⌠c┌цCRЦ#C┐ccBцBЦcCS2ц3sPё⌠c▓ц3"Ц┐cS3cBцbЦc⌠┌ц3sPё⌠sц▓Ц##C⌠┌ц#rЦCc⌠C#Bц3sPё⌠sцBЦ3⌠cCrц3rЦ⌠33▓ц3sPё⌠s"ц┐┌ЦSsSCCc┌цCRЦC#┐┐bц3sPё⌠s2цsЦ⌠c#c▓цS"Ц3Css3Rц3sPё⌠sBцSBЦSCCC⌠▓цSrЦs⌠⌠Ccц3sPё⌠sRц3bЦcSsCsRцcЦs3C⌠2ц3sPё⌠sbц┌ЦCsC#rцcBЦS⌠cц3sPё⌠srбсЦC#⌠c#sc33cvRсBцcBЦ▓ц3sPё⌠s┌бс┌ЦCsC#rцcBЦS⌠cц3sPё⌠s▓бс3bЦcSsCsRцcЦs3C⌠2ц3sPё⌠┐бсSBЦSCCC⌠▓цSrЦs⌠⌠Ccц3sPё⌠┐бсsЦ⌠c#c▓цS"Ц3Css3Rц3sPё⌠┐"бс┐┌ЦSsSCCc┌цCRЦC#┐┐bц3sPё⌠┐2бсBЦ3⌠cCrц3rЦ⌠33▓ц3sPё⌠┐Bбс▓Ц##C⌠┌ц#rЦCc⌠C#Bц3sPё⌠┐Rбс3"Ц┐cS3cBцbЦc⌠┌ц3sPё⌠┐bбсCRЦ#C┐ccBцBЦcCS2ц3sPё⌠┐rбсSbЦ#33Bц⌠Цc3S3Bц3sPё⌠┐┌бсcRЦs3bцsrЦs333#▓ц3sPё⌠┐▓бсs2ЦS⌠c⌠cBцc2ЦCC⌠┌ц3sPё⌠⌠бсs▓Ц┐⌠┐▓цCrЦ┐cs⌠C32ц3sPё⌠⌠бс┐BЦ#┐⌠SSBц3"Цs3⌠Cц3sPё⌠⌠"бс┐bЦ⌠⌠S#цbЦc3#cBц3sPё⌠⌠2бс┐rЦ▓бс2ЦcSs#33cFRс2ц3sPё⌠⌠Bбс┐bЦ⌠⌠S#бсbЦc3#cBц3sPё⌠⌠Rбс┐BЦ#┐⌠SSBбс3"Цs3⌠Cц3sPё⌠⌠bбсs▓Ц┐⌠┐▓бсCrЦ┐cs⌠C32ц3sPё⌠⌠rбсs2ЦS⌠c⌠cBбсc2ЦCC⌠┌ц3sPё⌠⌠┌бсcRЦs3bбсsrЦs333#▓ц3sPё⌠⌠▓бсSbЦ#33Bбс⌠Цc3S3Bц3sPёбсCRЦ#C┐ccBбсBЦcCS2ц3sPёбс3"Ц┐cS3cBбсbЦc⌠┌ц3sPё"бс▓Ц##C⌠┌бс#rЦCc⌠C#Bц3sPё2бсBЦ3⌠cCrбс3rЦ⌠33▓ц3sPёBбс┐┌ЦSsSCCc┌бсCRЦC#┐┐bц3sPёRбсsЦ⌠c#c▓бсS"Ц3Css3Rц3sPёbбсSBЦSCCC⌠▓бсSrЦs⌠⌠Ccц3sPёrбс3bЦcSsCsRбсcЦs3C⌠2ц3sPё┌бс┌ЦCsC#rбсcBЦS⌠cц3sPё▓ц"Цc⌠3⌠3┐c3vRс2бсcBЦ▓ц3sPёц┌ЦCsC#rбсcBЦS⌠cц3sPёц3bЦcSsCsRбсcЦs3C⌠2ц3sPё"цSBЦSCCC⌠▓бсSrЦs⌠⌠Ccц3sPё2цsЦ⌠c#c▓бсS"Ц3Css3Rц3sPёBц┐┌ЦSsSCCc┌бсCRЦC#┐┐bц3sPёRцBЦ3⌠cCrбс3rЦ⌠33▓ц3sPёbц▓Ц##C⌠┌бс#rЦCc⌠C#Bц3sPёrц3"Ц┐cS3cBбсbЦc⌠┌ц3sPё┌цCRЦ#C┐ccBбсBЦcCS2ц3sPё▓цSbЦ#33Bбс⌠Цc3S3Bц3sPё#цcRЦs3bбсsrЦs333#▓ц3sPё#цs2ЦS⌠c⌠cBбсc2ЦCC⌠┌ц3sPё#"цs▓Ц┐⌠┐▓бсCrЦ┐cs⌠C32ц3sPё#2ц┐BЦ#┐⌠SSBбс3"Цs3⌠Cц3sPё#Bц┐bЦ⌠⌠S#бсbЦc3#cBц3sPё#Rц┐rЦ▓бсЦCsscSS⌠SC6RсBцC ё#bц┐bЦ⌠⌠S#цbЦc3#cBцC ё#rц┐BЦ#┐⌠SSBц3"Цs3⌠CцC ё#┌цs▓Ц┐⌠┐▓цCrЦ┐cs⌠C32цC ё#▓цs2ЦS⌠c⌠cBцc2ЦCC⌠┌цC ё3цcRЦs3bцsrЦs333#▓цC ё3цSbЦ#33Bц⌠Цc3S3BцC ё3"цCRЦ#C┐ccBцBЦcCS2цC ё32ц3"Ц┐cS3cBцbЦc⌠┌цC ё3Bц▓Ц##C⌠┌ц#rЦCc⌠C#BцC ё3RцBЦ3⌠cCrц3rЦ⌠33▓цC ё3bц┐┌ЦSsSCCc┌цCRЦC#┐┐bцC ё3rцsЦ⌠c#c▓цS"Ц3Css3RцC ё3┌цSBЦSCCC⌠▓цSrЦs⌠⌠CcцC ё3▓ц3bЦcSsCsRцcЦs3C⌠2цC ёCц┌ЦCsC#rцcBЦS⌠cцC ёCбсЦs⌠c3┐cCVRсBцcBЦ▓цC ёC"бс┌ЦCsC#rцcBЦS⌠cцC ёC2бс3bЦcSsCsRцcЦs3C⌠2цC ёCBбсSBЦSCCC⌠▓цSrЦs⌠⌠CcцC ёCRбсsЦ⌠c#c▓цS"Ц3Css3RцC ёCbбс┐┌ЦSsSCCc┌цCRЦC#┐┐bцC ёCrбсBЦ3⌠cCrц3rЦ⌠33▓цC ёC┌бс▓Ц##C⌠┌ц#rЦCc⌠C#BцC ёC▓бс3"Ц┐cS3cBцbЦc⌠┌цC ёSбсCRЦ#C┐ccBцBЦcCS2цC ёSбсSbЦ#33Bц⌠Цc3S3BцC ёS"бсcRЦs3bцsrЦs333#▓цC ёS2бсs2ЦS⌠c⌠cBцc2ЦCC⌠┌цC ёSBбсs▓Ц┐⌠┐▓цCrЦ┐cs⌠C32цC ёSRбс┐BЦ#┐⌠SSBц3"Цs3⌠CцC ёSbбс┐bЦ⌠⌠S#цbЦc3#cBцC ёSrбс┐rЦ▓бс2ЦcS⌠sSs⌠S├Rс2цC ёS┌бс┐bЦ⌠⌠S#бсbЦc3#cBцC ёS▓бс┐BЦ#┐⌠SSBбс3"Цs3⌠CцC ёcбсs▓Ц┐⌠┐▓бсCrЦ┐cs⌠C32цC ёcбсs2ЦS⌠c⌠cBбсc2ЦCC⌠┌цC ёc"бсcRЦs3bбсsrЦs333#▓цC ёc2бсSbЦ#33Bбс⌠Цc3S3BцC ёcBбсCRЦ#C┐ccBбсBЦcCS2цC ёcRбс3"Ц┐cS3cBбсbЦc⌠┌цC ёcbбс▓Ц##C⌠┌бс#rЦCc⌠C#BцC ёcrбсBЦ3⌠cCrбс3rЦ⌠33▓цC ёc┌бс┐┌ЦSsSCCc┌бсCRЦC#┐┐bцC ёc▓бсsЦ⌠c#c▓бсS"Ц3Css3RцC ёsбсSBЦSCCC⌠▓бсSrЦs⌠⌠CcцC ёsбс3bЦcSsCsRбсcЦs3C⌠2цC ёs"бс┌ЦCsC#rбсcBЦS⌠cцC ёs2ц"Цcs┐⌠3┐⌠S6Rс2бсcBЦ▓цC ёsBц┌ЦCsC#rбсcBЦS⌠cцC ёsRц3bЦcSsCsRбсcЦs3C⌠2цC ёsbцSBЦSCCC⌠▓бсSrЦs⌠⌠CcцC ёsrцsЦ⌠c#c▓бсS"Ц3Css3RцC ёs┌ц┐┌ЦSsSCCc┌бсCRЦC#┐┐bцC ёs▓цBЦ3⌠cCrбс3rЦ⌠33▓цC ё┐ц▓Ц##C⌠┌бс#rЦCc⌠C#BцC ё┐ц3"Ц┐cS3cBбсbЦc⌠┌цC ё┐"цCRЦ#C┐ccBбсBЦcCS2цC ё┐2цSbЦ#33Bбс⌠Цc3S3BцC ё┐BцcRЦs3bбсsrЦs333#▓цC ё┐Rцs2ЦS⌠c⌠cBбсc2ЦCC⌠┌цC ё┐bцs▓Ц┐⌠┐▓бсCrЦ┐cs⌠C32цC ё┐rц┐BЦ#┐⌠SSBбс3"Цs3⌠CцC ё┐┌ц┐bЦ⌠⌠S#бсbЦc3#cBцC ё┐▓ц┐rЦ▓бсЦC⌠┐Ss┐C┐fRсBцC#Pё⌠ц┐bЦ⌠⌠S#цbЦc3#cBцC#Pё⌠ц┐BЦ#┐⌠SSBц3"Цs3⌠CцC#Pё⌠"цs▓Ц┐⌠┐▓цCrЦ┐cs⌠C32цC#Pё⌠2цs2ЦS⌠c⌠cBцc2ЦCC⌠┌цC#Pё⌠BцcRЦs3bцsrЦs333#▓цC#Pё⌠RцSbЦ#33Bц⌠Цc3S3BцC#Pё⌠bцCRЦ#C┐ccBцBЦcCS2цC#Pё⌠rц3"Ц┐cS3cBцbЦc⌠┌цC#Pё⌠┌ц▓Ц##C⌠┌ц#rЦCc⌠C#BцC#Pё⌠▓цBЦ3⌠cCrц3rЦ⌠33▓цC#Pёц┐┌ЦSsSCCc┌цCRЦC#┐┐bцC#PёцsЦ⌠c#c▓цS"Ц3Css3RцC#Pё"цSBЦSCCC⌠▓цSrЦs⌠⌠CcцC#Pё2ц3bЦcSsCsRцcЦs3C⌠2цC#PёBц┌ЦCsC#rцcBЦS⌠cцC#PёRбсЦscSsC┐CCFRсBцcBЦ▓цC#Pёbбс┌ЦCsC#rцcBЦS⌠cцC#Pёrбс3bЦcSsCsRцcЦs3C⌠2цC#Pё┌бсSBЦSCCC⌠▓цSrЦs⌠⌠CcцC#Pё▓бсsЦ⌠c#c▓цS"Ц3Css3RцC#Pёбс┐┌ЦSsSCCc┌цCRЦC#┐┐bцC#PёбсBЦ3⌠cCrц3rЦ⌠33▓цC#Pё"бс▓Ц##C⌠┌ц#rЦCc⌠C#BцC#Pё2бс3"Ц┐cS3cBцbЦc⌠┌цC#PёBбсCRЦ#C┐ccBцBЦcCS2цC#PёRбсSbЦ#33Bц⌠Цc3S3BцC#PёbбсcRЦs3bцsrЦs333#▓цC#Pёrбсs2ЦS⌠c⌠cBцc2ЦCC⌠┌цC#Pё┌бсs▓Ц┐⌠┐▓цCrЦ┐cs⌠C32цC#Pё▓бс┐BЦ#┐⌠SSBц3"Цs3⌠CцC#Pё#бс┐bЦ⌠⌠S#цbЦc3#cBцC#Pё#бс┐rЦ▓бс2Цc⌠#┐cSc┐⌠FRс2цC#Pё#"бс┐bЦ⌠⌠S#бсbЦc3#cBцC#Pё#2бс┐BЦ#┐⌠SSBбс3"Цs3⌠CцC#Pё#Bбсs▓Ц┐⌠┐▓бсCrЦ┐cs⌠C32цC#Pё#Rбсs2ЦS⌠c⌠cBбсc2ЦCC⌠┌цC#Pё#bбсcRЦs3bбсsrЦs333#▓цC#Pё#rбсSbЦ#33Bбс⌠Цc3S3BцC#Pё#┌бсCRЦ#C┐ccBбсBЦcCS2цC#Pё#▓бс3"Ц┐cS3cBбсbЦc⌠┌цC#Pё3бс▓Ц##C⌠┌бс#rЦCc⌠C#BцC#Pё3бсBЦ3⌠cCrбс3rЦ⌠33▓цC#Pё3"бс┐┌ЦSsSCCc┌бсCRЦC#┐┐bцC#Pё32бсsЦ⌠c#c▓бсS"Ц3Css3RцC#Pё3BбсSBЦSCCC⌠▓бсSrЦs⌠⌠CcцC#Pё3Rбс3bЦcSsCsRбсcЦs3C⌠2цC#Pё3bбс┌ЦCsC#rбсcBЦS⌠cцC#Pё3rц"Цcc┐sCCccVRс2бсcBЦ▓цC#Pё3┌ц┌ЦCsC#rбсcBЦS⌠cцC#Pё3▓ц3bЦcSsCsRбсcЦs3C⌠2цC#PёCцSBЦSCCC⌠▓бсSrЦs⌠⌠CcцC#PёCцsЦ⌠c#c▓бсS"Ц3Css3RцC#PёC"ц┐┌ЦSsSCCc┌бсCRЦC#┐┐bцC#PёC2цBЦ3⌠cCrбс3rЦ⌠33▓цC#PёCBц▓Ц##C⌠┌бс#rЦCc⌠C#BцC#PёCRц3"Ц┐cS3cBбсbЦc⌠┌цC#PёCbцCRЦ#C┐ccBбсBЦcCS2цC#PёCrцSbЦ#33Bбс⌠Цc3S3BцC#PёC┌цcRЦs3bбсsrЦs333#▓цC#PёC▓цs2ЦS⌠c⌠cBбсc2ЦCC⌠┌цC#PёSцs▓Ц┐⌠┐▓бсCrЦ┐cs⌠C32цC#PёSц┐BЦ#┐⌠SSBбс3"Цs3⌠CцC#PёS"ц┐bЦ⌠⌠S#бсbЦc3#cBцC#PёS2ц┐rЦ▓бсЦCcS#⌠3336RсBцCS ёSBц┐bЦ⌠⌠S#цbЦc3#cBцCS ёSRц┐BЦ#┐⌠SSBц3"Цs3⌠CцCS ёSbцs▓Ц┐⌠┐▓цCrЦ┐cs⌠C32цCS ёSrцs2ЦS⌠c⌠cBцc2ЦCC⌠┌цCS ёS┌цcRЦs3bцsrЦs333#▓цCS ёS▓цSbЦ#33Bц⌠Цc3S3BцCS ёcцCRЦ#C┐ccBцBЦcCS2цCS ёcц3"Ц┐cS3cBцbЦc⌠┌цCS ёc"ц▓Ц##C⌠┌ц#rЦCc⌠C#BцCS ёc2цBЦ3⌠cCrц3rЦ⌠33▓цCS ёcBц┐┌ЦSsSCCc┌цCRЦC#┐┐bцCS ёcRцsЦ⌠c#c▓цS"Ц3Css3RцCS ёcbцSBЦSCCC⌠▓цSrЦs⌠⌠CcцCS ёcrц3bЦcSsCsRцcЦs3C⌠2цCS ёc┌ц┌ЦCsC#rцcBЦS⌠cцCS ёc▓бсrЦs┐⌠3c√RсRцcBЦ▓цCS ёsбс┌ЦCsC#rцcBЦS⌠cцCS ёsбс3bЦcSsCsRцcЦs3C⌠2цCS ёs"бсSBЦSCCC⌠▓цSrЦs⌠⌠CcцCS ёs2бсsЦ⌠c#c▓цS"Ц3Css3RцCS ёsBбс┐┌ЦSsSCCc┌цCRЦC#┐┐bцCS ёsRбсBЦ3⌠cCrц3rЦ⌠33▓цCS ёsbбс▓Ц##C⌠┌ц#rЦCc⌠C#BцCS ёsrбс3"Ц┐cS3cBцbЦc⌠┌цCS ёs┌бсCRЦ#C┐ccBцBЦcCS2цCS ёs▓бсSbЦ#33Bц⌠Цc3S3BцCS ё┐бсcRЦs3bцsrЦs333#▓цCS ё┐бсs2ЦS⌠c⌠cBцc2ЦCC⌠┌цCS ё┐"бсs▓Ц┐⌠┐▓цCrЦ┐cs⌠C32цCS ё┐2бс┐BЦ#┐⌠SSBц3"Цs3⌠CцCS ё┐Bбс┐bЦ⌠⌠S#цbЦc3#cBцCS ё┐Rбс┐rЦ▓бс2Цs#Csss⌠3⌠├Rс2цCS ё┐bбс┐bЦ⌠⌠S#бсbЦc3#cBцCS ё┐rбс┐BЦ#┐⌠SSBбс3"Цs3⌠CцCS ё┐┌бсs▓Ц┐⌠┐▓бсCrЦ┐cs⌠C32цCS ё┐▓бсs2ЦS⌠c⌠cBбсc2ЦCC⌠┌цCS ё⌠бсcRЦs3bбсsrЦs333#▓цCS ё⌠бсSbЦ#33Bбс⌠Цc3S3BцCS ё⌠"бсCRЦ#C┐ccBбсBЦcCS2цCS ё⌠2бс3"Ц┐cS3cBбсbЦc⌠┌цCS ё⌠Bбс▓Ц##C⌠┌бс#rЦCc⌠C#BцCS ё⌠RбсBЦ3⌠cCrбс3rЦ⌠33▓цCS ё⌠bбс┐┌ЦSsSCCc┌бсCRЦC#┐┐bцCS ё⌠rбсsЦ⌠c#c▓бсS"Ц3Css3RцCS ё⌠┌бсSBЦSCCC⌠▓бсSrЦs⌠⌠CcцCS ё⌠▓бс3bЦcSsCsRбсcЦs3C⌠2цCS ё#бс┌ЦCsC#rбсcBЦS⌠cцCS ё#ц"ЦccSScsC&Rс2бсcBЦ▓цCS ё#"ц┌ЦCsC#rбсcBЦS⌠cцCS ё#2ц3bЦcSsCsRбсcЦs3C⌠2цCS ё#BцSBЦSCCC⌠▓бсSrЦs⌠⌠CcцCS ё#RцsЦ⌠c#c▓бсS"Ц3Css3RцCS ё#bц┐┌ЦSsSCCc┌бсCRЦC#┐┐bцCS ё#rцBЦ3⌠cCrбс3rЦ⌠33▓цCS ё#┌ц▓Ц##C⌠┌бс#rЦCc⌠C#BцCS ё#▓ц3"Ц┐cS3cBбсbЦc⌠┌цCS ё#цCRЦ#C┐ccBбсBЦcCS2цCS ё#цSbЦ#33Bбс⌠Цc3S3BцCS ё#"цcRЦs3bбсsrЦs333#▓цCS ё#2цs2ЦS⌠c⌠cBбсc2ЦCC⌠┌цCS ё#Bцs▓Ц┐⌠┐▓бсCrЦ┐cs⌠C32цCS ё#Rц┐BЦ#┐⌠SSBбс3"Цs3⌠CцCS ё#bц┐bЦ⌠⌠S#бсbЦc3#cBцCS ё#rц┐rЦ▓бсrЦSccSVRсRцCsPё#┌ц┐bЦ⌠⌠S#цbЦc3#cBцCsPё#▓ц┐BЦ#┐⌠SSBц3"Цs3⌠CцCsPё##цs▓Ц┐⌠┐▓цCrЦ┐cs⌠C32цCsPё##цs2ЦS⌠c⌠cBцc2ЦCC⌠┌цCsPё##"цcRЦs3bцsrЦs333#▓цCsPё##2цSbЦ#33Bц⌠Цc3S3BцCsPё##BцCRЦ#C┐ccBцBЦcCS2цCsPё##Rц3"Ц┐cS3cBцbЦc⌠┌цCsPё##bц▓Ц##C⌠┌ц#rЦCc⌠C#BцCsPё##rцBЦ3⌠cCrц3rЦ⌠33▓цCsPё##┌ц┐┌ЦSsSCCc┌цCRЦC#┐┐bцCsPё##▓цsЦ⌠c#c▓цS"Ц3Css3RцCsPё#3цSBЦSCCC⌠▓цSrЦs⌠⌠CcцCsPё#3ц3bЦcSsCsRцcЦs3C⌠2цCsPё#3"ц┌ЦCsC#rцcBЦS⌠cцCsPё#32бсBЦ3SCss⌠#SCvRсRцcBЦ▓цCsPё#3Bбс┌ЦCsC#rцcBЦS⌠cцCsPё#3Rбс3bЦcSsCsRцcЦs3C⌠2цCsPё#3bбсSBЦSCCC⌠▓цSrЦs⌠⌠CcцCsPё#3rбсsЦ⌠c#c▓цS"Ц3Css3RцCsPё#3┌бс┐┌ЦSsSCCc┌цCRЦC#┐┐bцCsPё#3▓бсBЦ3⌠cCrц3rЦ⌠33▓цCsPё#Cбс▓Ц##C⌠┌ц#rЦCc⌠C#BцCsPё#Cбс3"Ц┐cS3cBцbЦc⌠┌цCsPё#C"бсCRЦ#C┐ccBцBЦcCS2цCsPё#C2бсSbЦ#33Bц⌠Цc3S3BцCsPё#CBбсcRЦs3bцsrЦs333#▓цCsPё#CRбсs2ЦS⌠c⌠cBцc2ЦCC⌠┌цCsPё#Cbбсs▓Ц┐⌠┐▓цCrЦ┐cs⌠C32цCsPё#Crбс┐BЦ#┐⌠SSBц3"Цs3⌠CцCsPё#C┌бс┐bЦ⌠⌠S#цbЦc3#cBцCsPё#C▓бс┐rЦ▓бс2Цss┐#3⌠33├Rс2цCsPё#Sбс┐bЦ⌠⌠S#бсbЦc3#cBцCsPё#Sбс┐BЦ#┐⌠SSBбс3"Цs3⌠CцCsPё#S"бсs▓Ц┐⌠┐▓бсCrЦ┐cs⌠C32цCsPё#S2бсs2ЦS⌠c⌠cBбсc2ЦCC⌠┌цCsPё#SBбсcRЦs3bбсsrЦs333#▓цCsPё#SRбсSbЦ#33Bбс⌠Цc3S3BцCsPё#SbбсCRЦ#C┐ccBбсBЦcCS2цCsPё#Srбс3"Ц┐cS3cBбсbЦc⌠┌цCsPё#S┌бс▓Ц##C⌠┌бс#rЦCc⌠C#BцCsPё#S▓бсBЦ3⌠cCrбс3rЦ⌠33▓цCsPё#cбс┐┌ЦSsSCCc┌бсCRЦC#┐┐bцCsPё#cбсsЦ⌠c#c▓бсS"Ц3Css3RцCsPё#c"бсSBЦSCCC⌠▓бсSrЦs⌠⌠CcцCsPё#c2бс3bЦcSsCsRбсcЦs3C⌠2цCsPё#cBбс┌ЦCsC#rбсcBЦS⌠cцCsPё#cRц"ЦcssSc⌠C⌠#Rс2бсcBЦ▓цCsPё#cbц┌ЦCsC#rбсcBЦS⌠cцCsPё#crц3bЦcSsCsRбсcЦs3C⌠2цCsPё#c┌цSBЦSCCC⌠▓бсSrЦs⌠⌠CcцCsPё#c▓цsЦ⌠c#c▓бсS"Ц3Css3RцCsPё#sц┐┌ЦSsSCCc┌бсCRЦC#┐┐bцCsPё#sцBЦ3⌠cCrбс3rЦ⌠33▓цCsPё#s"ц▓Ц##C⌠┌бс#rЦCc⌠C#BцCsPё#s2ц3"Ц┐cS3cBбсbЦc⌠┌цCsPё#sBцCRЦ#C┐ccBбсBЦcCS2цCsPё#sRцSbЦ#33Bбс⌠Цc3S3BцCsPё#sbцcRЦs3bбсsrЦs333#▓цCsPё#srцs2ЦS⌠c⌠cBбсc2ЦCC⌠┌цCsPё#s┌цs▓Ц┐⌠┐▓бсCrЦ┐cs⌠C32цCsPё#s▓ц┐BЦ#┐⌠SSBбс3"Цs3⌠CцCsPё#┐ц┐bЦ⌠⌠S#бсbЦc3#cBцCsPё#┐ц┐rЦ▓бсRЦC#33#┐3SVRсRцS ё#┐"ц┐bЦ⌠⌠S#цbЦc3#cBцS ё#┐2ц┐BЦ#┐⌠SSBц3"Цs3⌠CцS ё#┐Bцs▓Ц┐⌠┐▓цCrЦ┐cs⌠C32цS ё#┐Rцs2ЦS⌠c⌠cBцc2ЦCC⌠┌цS ё#┐bцcRЦs3bцsrЦs333#▓цS ё#┐rцSbЦ#33Bц⌠Цc3S3BцS ё#┐┌цCRЦ#C┐ccBцBЦcCS2цS ё#┐▓ц3"Ц┐cS3cBцbЦc⌠┌цS ё#⌠ц▓Ц##C⌠┌ц#rЦCc⌠C#BцS ё#⌠цBЦ3⌠cCrц3rЦ⌠33▓цS ё#⌠"ц┐┌ЦSsSCCc┌цCRЦC#┐┐bцS ё#⌠2цsЦ⌠c#c▓цS"Ц3Css3RцS ё#⌠BцSBЦSCCC⌠▓цSrЦs⌠⌠CcцS ё#⌠Rц3bЦcSsCsRцcЦs3C⌠2цS ё#⌠bц┌ЦCsC#rцcBЦS⌠cцS ё#⌠rбс▓Ц3┐3s3┐⌠Sc┐6RсbцcBЦ▓цS ё#⌠┌бс┌ЦCsC#rцcBЦS⌠cцS ё#⌠▓бс3bЦcSsCsRцcЦs3C⌠2цS ё3бсSBЦSCCC⌠▓цSrЦs⌠⌠CcцS ё3бсsЦ⌠c#c▓цS"Ц3Css3RцS ё3"бс┐┌ЦSsSCCc┌цCRЦC#┐┐bцS ё32бсBЦ3⌠cCrц3rЦ⌠33▓цS ё3Bбс▓Ц##C⌠┌ц#rЦCc⌠C#BцS ё3Rбс3"Ц┐cS3cBцbЦc⌠┌цS ё3bбсCRЦ#C┐ccBцBЦcCS2цS ё3rбсSbЦ#33Bц⌠Цc3S3BцS ё3┌бсcRЦs3bцsrЦs333#▓цS ё3▓бсs2ЦS⌠c⌠cBцc2ЦCC⌠┌цS ё3бсs▓Ц┐⌠┐▓цCrЦ┐cs⌠C32цS ё3бс┐BЦ#┐⌠SSBц3"Цs3⌠CцS ё3"бс┐bЦ⌠⌠S#цbЦc3#cBцS ё32бс┐rЦ▓бс2Ц┐#C⌠SSc┐s├Rс2цS ё3Bбс┐bЦ⌠⌠S#бсbЦc3#cBцS ё3Rбс┐BЦ#┐⌠SSBбс3"Цs3⌠CцS ё3bбсs▓Ц┐⌠┐▓бсCrЦ┐cs⌠C32цS ё3rбсs2ЦS⌠c⌠cBбсc2ЦCC⌠┌цS ё3┌бсcRЦs3bбсsrЦs333#▓цS ё3▓бсSbЦ#33Bбс⌠Цc3S3BцS ё3#бсCRЦ#C┐ccBбсBЦcCS2цS ё3#бс3"Ц┐cS3cBбсbЦc⌠┌цS ё3#"бс▓Ц##C⌠┌бс#rЦCc⌠C#BцS ё3#2бсBЦ3⌠cCrбс3rЦ⌠33▓цS ё3#Bбс┐┌ЦSsSCCc┌бсCRЦC#┐┐bцS ё3#RбсsЦ⌠c#c▓бсS"Ц3Css3RцS ё3#bбсSBЦSCCC⌠▓бсSrЦs⌠⌠CcцS ё3#rбс3bЦcSsCsRбсcЦs3C⌠2цS ё3#┌бс┌ЦCsC#rбсcBЦS⌠cцS ё3#▓ц"Цc#⌠s#⌠CSc6Rс2бсcBЦ▓цS ё33ц┌ЦCsC#rбсcBЦS⌠cцS ё33ц3bЦcSsCsRбсcЦs3C⌠2цS ё33"цSBЦSCCC⌠▓бсSrЦs⌠⌠CcцS ё332цsЦ⌠c#c▓бсS"Ц3Css3RцS ё33Bц┐┌ЦSsSCCc┌бсCRЦC#┐┐bцS ё33RцBЦ3⌠cCrбс3rЦ⌠33▓цS ё33bц▓Ц##C⌠┌бс#rЦCc⌠C#BцS ё33rц3"Ц┐cS3cBбсbЦc⌠┌цS ё33┌цCRЦ#C┐ccBбсBЦcCS2цS ё33▓цSbЦ#33Bбс⌠Цc3S3BцS ё3CцcRЦs3bбсsrЦs333#▓цS ё3Cцs2ЦS⌠c⌠cBбсc2ЦCC⌠┌цS ё3C"цs▓Ц┐⌠┐▓бсCrЦ┐cs⌠C32цS ё3C2ц┐BЦ#┐⌠SSBбс3"Цs3⌠CцS ё3CBц┐bЦ⌠⌠S#бсbЦc3#cBцS ё3CRц┐rЦ▓бсbЦ┐s┐#SCc┐VRсRцS#Pё3Cbц┐bЦ⌠⌠S#цbЦc3#cBцS#Pё3Crц┐BЦ#┐⌠SSBц3"Цs3⌠CцS#Pё3C┌цs▓Ц┐⌠┐▓цCrЦ┐cs⌠C32цS#Pё3C▓цs2ЦS⌠c⌠cBцc2ЦCC⌠┌цS#Pё3SцcRЦs3bцsrЦs333#▓цS#Pё3SцSbЦ#33Bц⌠Цc3S3BцS#Pё3S"цCRЦ#C┐ccBцBЦcCS2цS#Pё3S2ц3"Ц┐cS3cBцbЦc⌠┌цS#Pё3SBц▓Ц##C⌠┌ц#rЦCc⌠C#BцS#Pё3SRцBЦ3⌠cCrц3rЦ⌠33▓цS#Pё3Sbц┐┌ЦSsSCCc┌цCRЦC#┐┐bцS#Pё3SrцsЦ⌠c#c▓цS"Ц3Css3RцS#Pё3S┌цSBЦSCCC⌠▓цSrЦs⌠⌠CcцS#Pё3S▓ц3bЦcSsCsRцcЦs3C⌠2цS#Pё3cц┌ЦCsC#rцcBЦS⌠cцS#Pё3cц2ЦCccC⌠┐┐SsfRсRцcBЦ▓цS#Pё3c"бс┌ЦCsC#rцcBЦS⌠cцS#Pё3c2бс3bЦcSsCsRцcЦs3C⌠2цS#Pё3cBбсSBЦSCCC⌠▓цSrЦs⌠⌠CcцS#Pё3cRбсsЦ⌠c#c▓цS"Ц3Css3RцS#Pё3cbбс┐┌ЦSsSCCc┌цCRЦC#┐┐bцS#Pё3crбсBЦ3⌠cCrц3rЦ⌠33▓цS#Pё3c┌бс▓Ц##C⌠┌ц#rЦCc⌠C#BцS#Pё3c▓бс3"Ц┐cS3cBцbЦc⌠┌цS#Pё3sбсCRЦ#C┐ccBцBЦcCS2цS#Pё3sбсSbЦ#33Bц⌠Цc3S3BцS#Pё3s"бсcRЦs3bцsrЦs333#▓цS#Pё3s2бсs2ЦS⌠c⌠cBцc2ЦCC⌠┌цS#Pё3sBбсs▓Ц┐⌠┐▓цCrЦ┐cs⌠C32цS#Pё3sRбс┐BЦ#┐⌠SSBц3"Цs3⌠CцS#Pё3sbбс┐bЦ⌠⌠S#цbЦc3#cBцS#Pё3srбс┐rЦ▓бс2Ц┐┐33⌠cs⌠√Rс2цS#Pё3s┌бс┐bЦ⌠⌠S#бсbЦc3#cBцS#Pё3s▓бс┐BЦ#┐⌠SSBбс3"Цs3⌠CцS#Pё3┐бсs▓Ц┐⌠┐▓бсCrЦ┐cs⌠C32цS#Pё3┐бсs2ЦS⌠c⌠cBбсc2ЦCC⌠┌цS#Pё3┐"бсcRЦs3bбсsrЦs333#▓цS#Pё3┐2бсSbЦ#33Bбс⌠Цc3S3BцS#Pё3┐BбсCRЦ#C┐ccBбсBЦcCS2цS#Pё3┐Rбс3"Ц┐cS3cBбсbЦc⌠┌цS#Pё3┐bбс▓Ц##C⌠┌бс#rЦCc⌠C#BцS#Pё3┐rбсBЦ3⌠cCrбс3rЦ⌠33▓цS#Pё3┐┌бс┐┌ЦSsSCCc┌бсCRЦC#┐┐bцS#Pё3┐▓бсsЦ⌠c#c▓бсS"Ц3Css3RцS#Pё3⌠бсSBЦSCCC⌠▓бсSrЦs⌠⌠CcцS#Pё3⌠бс3bЦcSsCsRбсcЦs3C⌠2цS#Pё3⌠"бс┌ЦCsC#rбсcBЦS⌠cцS#Pё3⌠2ц"Цc##c3Ss3┐sVRс2бсcBЦ▓цS#Pё3⌠Bц┌ЦCsC#rбсcBЦS⌠cцS#Pё3⌠Rц3bЦcSsCsRбсcЦs3C⌠2цS#Pё3⌠bцSBЦSCCC⌠▓бсSrЦs⌠⌠CcцS#Pё3⌠rцsЦ⌠c#c▓бсS"Ц3Css3RцS#Pё3⌠┌ц┐┌ЦSsSCCc┌бсCRЦC#┐┐bцS#Pё3⌠▓цBЦ3⌠cCrбс3rЦ⌠33▓цS#PёCц▓Ц##C⌠┌бс#rЦCc⌠C#BцS#PёCц3"Ц┐cS3cBбсbЦc⌠┌цS#PёC"цCRЦ#C┐ccBбсBЦcCS2цS#PёC2цSbЦ#33Bбс⌠Цc3S3BцS#PёCBцcRЦs3bбсsrЦs333#▓цS#PёCRцs2ЦS⌠c⌠cBбсc2ЦCC⌠┌цS#PёCbцs▓Ц┐⌠┐▓бсCrЦ┐cs⌠C32цS#PёCrц┐BЦ#┐⌠SSBбс3"Цs3⌠CцS#PёC┌ц┐bЦ⌠⌠S#бсbЦc3#cBцS#PёC▓ц┐rЦ▓бс2Цc3s┐S#C#3√RсRцSS ёCц┐bЦ⌠⌠S#цbЦc3#cBцSS ёCц┐BЦ#┐⌠SSBц3"Цs3⌠CцSS ёC"цs▓Ц┐⌠┐▓цCrЦ┐cs⌠C32цSS ёC2цs2ЦS⌠c⌠cBцc2ЦCC⌠┌цSS ёCBцcRЦs3bцsrЦs333#▓цSS ёCRцSbЦ#33Bц⌠Цc3S3BцSS ёCbцCRЦ#C┐ccBцBЦcCS2цSS ёCrц3"Ц┐cS3cBцbЦc⌠┌цSS ёC┌ц▓Ц##C⌠┌ц#rЦCc⌠C#BцSS ёC▓цBЦ3⌠cCrц3rЦ⌠33▓цSS ёC#ц┐┌ЦSsSCCc┌цCRЦC#┐┐bцSS ёC#цsЦ⌠c#c▓цS"Ц3Css3RцSS ёC#"цSBЦSCCC⌠▓цSrЦs⌠⌠CcцSS ёC#2ц3bЦcSsCsRцcЦs3C⌠2цSS ёC#Bц┌ЦCsC#rцcBЦS⌠cцSS ёC#Rц▓Ц┐⌠CS3ccRсRцcBЦ▓цSS ёC#bбс┌ЦCsC#rцcBЦS⌠cцSS ёC#rбс3bЦcSsCsRцcЦs3C⌠2цSS ёC#┌бсSBЦSCCC⌠▓цSrЦs⌠⌠CcцSS ёC#▓бсsЦ⌠c#c▓цS"Ц3Css3RцSS ёC3бс┐┌ЦSsSCCc┌цCRЦC#┐┐bцSS ёC3бсBЦ3⌠cCrц3rЦ⌠33▓цSS ёC3"бс▓Ц##C⌠┌ц#rЦCc⌠C#BцSS ёC32бс3"Ц┐cS3cBцbЦc⌠┌цSS ёC3BбсCRЦ#C┐ccBцBЦcCS2цSS ёC3RбсSbЦ#33Bц⌠Цc3S3BцSS ёC3bбсcRЦs3bцsrЦs333#▓цSS ёC3rбсs2ЦS⌠c⌠cBцc2ЦCC⌠┌цSS ёC3┌бсs▓Ц┐⌠┐▓цCrЦ┐cs⌠C32цSS ёC3▓бс┐BЦ#┐⌠SSBц3"Цs3⌠CцSS ёCCбс┐bЦ⌠⌠S#цbЦc3#cBцSS ёCCбс┐rЦ▓бс2Ц⌠3c3#3S#fRс2цSS ёCC"бс┐bЦ⌠⌠S#бсbЦc3#cBцSS ёCC2бс┐BЦ#┐⌠SSBбс3"Цs3⌠CцSS ёCCBбсs▓Ц┐⌠┐▓бсCrЦ┐cs⌠C32цSS ёCCRбсs2ЦS⌠c⌠cBбсc2ЦCC⌠┌цSS ёCCbбсcRЦs3bбсsrЦs333#▓цSS ёCCrбсSbЦ#33Bбс⌠Цc3S3BцSS ёCC┌бсCRЦ#C┐ccBбсBЦcCS2цSS ёCC▓бс3"Ц┐cS3cBбсbЦc⌠┌цSS ёCSбс▓Ц##C⌠┌бс#rЦCc⌠C#BцSS ёCSбсBЦ3⌠cCrбс3rЦ⌠33▓цSS ёCS"бс┐┌ЦSsSCCc┌бсCRЦC#┐┐bцSS ёCS2бсsЦ⌠c#c▓бсS"Ц3Css3RцSS ёCSBбсSBЦSCCC⌠▓бсSrЦs⌠⌠CcцSS ёCSRбс3bЦcSsCsRбсcЦs3C⌠2цSS ёCSbбс┌ЦCsC#rбсcBЦS⌠cцSS ёCSrц"ЦS⌠SCssS⌠Rс2бсcBЦ▓цSS ёCS┌ц┌ЦCsC#rбсcBЦS⌠cцSS ёCS▓ц3bЦcSsCsRбсcЦs3C⌠2цSS ёCcцSBЦSCCC⌠▓бсSrЦs⌠⌠CcцSS ёCcцsЦ⌠c#c▓бсS"Ц3Css3RцSS ёCc"ц┐┌ЦSsSCCc┌бсCRЦC#┐┐bцSS ёCc2цBЦ3⌠cCrбс3rЦ⌠33▓цSS ёCcBц▓Ц##C⌠┌бс#rЦCc⌠C#BцSS ёCcRц3"Ц┐cS3cBбсbЦc⌠┌цSS ёCcbцCRЦ#C┐ccBбсBЦcCS2цSS ёCcrцSbЦ#33Bбс⌠Цc3S3BцSS ёCc┌цcRЦs3bбсsrЦs333#▓цSS ёCc▓цs2ЦS⌠c⌠cBбсc2ЦCC⌠┌цSS ёCsцs▓Ц┐⌠┐▓бсCrЦ┐cs⌠C32цSS ёCsц┐BЦ#┐⌠SSBбс3"Цs3⌠CцSS ёCs"ц┐bЦ⌠⌠S#бсbЦc3#cBцSS ёCs2ц┐rЦ▓бс2Ц#s⌠C#CFRсRцSsPёCsBц┐bЦ⌠⌠S#цbЦc3#cBцSsPёCsRц┐BЦ#┐⌠SSBц3"Цs3⌠CцSsPёCsbцs▓Ц┐⌠┐▓цCrЦ┐cs⌠C32цSsPёCsrцs2ЦS⌠c⌠cBцc2ЦCC⌠┌цSsPёCs┌цcRЦs3bцsrЦs333#▓цSsPёCs▓цSbЦ#33Bц⌠Цc3S3BцSsPёC┐цCRЦ#C┐ccBцBЦcCS2цSsPёC┐ц3"Ц┐cS3cBцbЦc⌠┌цSsPёC┐"ц▓Ц##C⌠┌ц#rЦCc⌠C#BцSsPёC┐2цBЦ3⌠cCrц3rЦ⌠33▓цSsPёC┐Bц┐┌ЦSsSCCc┌цCRЦC#┐┐bцSsPёC┐RцsЦ⌠c#c▓цS"Ц3Css3RцSsPёC┐bцSBЦSCCC⌠▓цSrЦs⌠⌠CcцSsPёC┐rц3bЦcSsCsRцcЦs3C⌠2цSsPёC┐┌ц┌ЦCsC#rцcBЦS⌠cцSsPёC┐▓цЦ┐3ssC3s├RсBцcBЦ▓цSsPёC⌠бс┌ЦCsC#rцcBЦS⌠cцSsPёC⌠бс3bЦcSsCsRцcЦs3C⌠2цSsPёC⌠"бсSBЦSCCC⌠▓цSrЦs⌠⌠CcцSsPёC⌠2бсsЦ⌠c#c▓цS"Ц3Css3RцSsPёC⌠Bбс┐┌ЦSsSCCc┌цCRЦC#┐┐bцSsPёC⌠RбсBЦ3⌠cCrц3rЦ⌠33▓цSsPёC⌠bбс▓Ц##C⌠┌ц#rЦCc⌠C#BцSsPёC⌠rбс3"Ц┐cS3cBцbЦc⌠┌цSsPёC⌠┌бсCRЦ#C┐ccBцBЦcCS2цSsPёC⌠▓бсSbЦ#33Bц⌠Цc3S3BцSsPёSбсcRЦs3bцsrЦs333#▓цSsPёSбсs2ЦS⌠c⌠cBцc2ЦCC⌠┌цSsPёS"бсs▓Ц┐⌠┐▓цCrЦ┐cs⌠C32цSsPёS2бс┐BЦ#┐⌠SSBц3"Цs3⌠CцSsPёSBбс┐bЦ⌠⌠S#цbЦc3#cBцSsPёSRбс┐rЦ▓бс2Ц┐┐s3Ss├Rс2цSsPёSbбс┐bЦ⌠⌠S#бсbЦc3#cBцSsPёSrбс┐BЦ#┐⌠SSBбс3"Цs3⌠CцSsPёS┌бсs▓Ц┐⌠┐▓бсCrЦ┐cs⌠C32цSsPёS▓бсs2ЦS⌠c⌠cBбсc2ЦCC⌠┌цSsPёSбсcRЦs3bбсsrЦs333#▓цSsPёSбсSbЦ#33Bбс⌠Цc3S3BцSsPёS"бсCRЦ#C┐ccBбсBЦcCS2цSsPёS2бс3"Ц┐cS3cBбсbЦc⌠┌цSsPёSBбс▓Ц##C⌠┌бс#rЦCc⌠C#BцSsPёSRбсBЦ3⌠cCrбс3rЦ⌠33▓цSsPёSbбс┐┌ЦSsSCCc┌бсCRЦC#┐┐bцSsPёSrбсsЦ⌠c#c▓бсS"Ц3Css3RцSsPёS┌бсSBЦSCCC⌠▓бсSrЦs⌠⌠CcцSsPёS▓бс3bЦcSsCsRбсcЦs3C⌠2цSsPёS#бс┌ЦCsC#rбсcBЦS⌠cцSsPёS#ц"ЦcCs3┐⌠c36Rс2бсcBЦ▓цSsPёS#"ц┌ЦCsC#rбсcBЦS⌠cцSsPёS#2ц3bЦcSsCsRбсcЦs3C⌠2цSsPёS#BцSBЦSCCC⌠▓бсSrЦs⌠⌠CcцSsPёS#RцsЦ⌠c#c▓бсS"Ц3Css3RцSsPёS#bц┐┌ЦSsSCCc┌бсCRЦC#┐┐bцSsPёS#rцBЦ3⌠cCrбс3rЦ⌠33▓цSsPёS#┌ц▓Ц##C⌠┌бс#rЦCc⌠C#BцSsPёS#▓ц3"Ц┐cS3cBбсbЦc⌠┌цSsPёS3цCRЦ#C┐ccBбсBЦcCS2цSsPёS3цSbЦ#33Bбс⌠Цc3S3BцSsPёS3"цcRЦs3bбсsrЦs333#▓цSsPёS32цs2ЦS⌠c⌠cBбсc2ЦCC⌠┌цSsPёS3Bцs▓Ц┐⌠┐▓бсCrЦ┐cs⌠C32цSsPёS3Rц┐BЦ#┐⌠SSBбс3"Цs3⌠CцSsPёS3bц┐bЦ⌠⌠S#бсbЦc3#cBцSsPёS3rц┐rЦ▓бсbЦsscC⌠┐sCvRсRцc ёS3┌ц┐bЦ⌠⌠S#цbЦc3#cBцc ёS3▓ц┐BЦ#┐⌠SSBц3"Цs3⌠Cцc ёSCцs▓Ц┐⌠┐▓цCrЦ┐cs⌠C32цc ёSCцs2ЦS⌠c⌠cBцc2ЦCC⌠┌цc ёSC"цcRЦs3bцsrЦs333#▓цc ёSC2цSbЦ#33Bц⌠Цc3S3Bцc ёSCBцCRЦ#C┐ccBцBЦcCS2цc ёSCRц3"Ц┐cS3cBцbЦc⌠┌цc ёSCbц▓Ц##C⌠┌ц#rЦCc⌠C#Bцc ёSCrцBЦ3⌠cCrц3rЦ⌠33▓цc ёSC┌ц┐┌ЦSsSCCc┌цCRЦC#┐┐bцc ёSC▓цsЦ⌠c#c▓цS"Ц3Css3Rцc ёSSцSBЦSCCC⌠▓цSrЦs⌠⌠Ccцc ёSSц3bЦcSsCsRцcЦs3C⌠2цc ёSS"ц┌ЦCsC#rцcBЦS⌠cцc ёSS2ц┌Ц┐cS⌠#3┐RсRцcBЦ▓цc ёSSBбс┌ЦCsC#rцcBЦS⌠cцc ёSSRбс3bЦcSsCsRцcЦs3C⌠2цc ёSSbбсSBЦSCCC⌠▓цSrЦs⌠⌠Ccцc ёSSrбсsЦ⌠c#c▓цS"Ц3Css3Rцc ёSS┌бс┐┌ЦSsSCCc┌цCRЦC#┐┐bцc ёSS▓бсBЦ3⌠cCrц3rЦ⌠33▓цc ёScбс▓Ц##C⌠┌ц#rЦCc⌠C#Bцc ёScбс3"Ц┐cS3cBцbЦc⌠┌цc ёSc"бсCRЦ#C┐ccBцBЦcCS2цc ёSc2бсSbЦ#33Bц⌠Цc3S3Bцc ёScBбсcRЦs3bцsrЦs333#▓цc ёScRбсs2ЦS⌠c⌠cBцc2ЦCC⌠┌цc ёScbбсs▓Ц┐⌠┐▓цCrЦ┐cs⌠C32цc ёScrбс┐BЦ#┐⌠SSBц3"Цs3⌠Cцc ёSc┌бс┐bЦ⌠⌠S#цbЦc3#cBцc ёSc▓бс┐rЦ▓бс2Ц┐ccS3Csc⌠SRс2цc ёSsбс┐bЦ⌠⌠S#бсbЦc3#cBцc ёSsбс┐BЦ#┐⌠SSBбс3"Цs3⌠Cцc ёSs"бсs▓Ц┐⌠┐▓бсCrЦ┐cs⌠C32цc ёSs2бсs2ЦS⌠c⌠cBбсc2ЦCC⌠┌цc ёSsBбсcRЦs3bбсsrЦs333#▓цc ёSsRбсSbЦ#33Bбс⌠Цc3S3Bцc ёSsbбсCRЦ#C┐ccBбсBЦcCS2цc ёSsrбс3"Ц┐cS3cBбсbЦc⌠┌цc ёSs┌бс▓Ц##C⌠┌бс#rЦCc⌠C#Bцc ёSs▓бсBЦ3⌠cCrбс3rЦ⌠33▓цc ёS┐бс┐┌ЦSsSCCc┌бсCRЦC#┐┐bцc ёS┐бсsЦ⌠c#c▓бсS"Ц3Css3Rцc ёS┐"бсSBЦSCCC⌠▓бсSrЦs⌠⌠Ccцc ёS┐2бс3bЦcSsCsRбсcЦs3C⌠2цc ёS┐Bбс┌ЦCsC#rбсcBЦS⌠cцc ёS┐Rц"Цc#c⌠CcCfRс2бсcBЦ▓цc ёS┐bц┌ЦCsC#rбсcBЦS⌠cцc ёS┐rц3bЦcSsCsRбсcЦs3C⌠2цc ёS┐┌цSBЦSCCC⌠▓бсSrЦs⌠⌠Ccцc ёS┐▓цsЦ⌠c#c▓бсS"Ц3Css3Rцc ёS⌠ц┐┌ЦSsSCCc┌бсCRЦC#┐┐bцc ёS⌠цBЦ3⌠cCrбс3rЦ⌠33▓цc ёS⌠"ц▓Ц##C⌠┌бс#rЦCc⌠C#Bцc ёS⌠2ц3"Ц┐cS3cBбсbЦc⌠┌цc ёS⌠BцCRЦ#C┐ccBбсBЦcCS2цc ёS⌠RцSbЦ#33Bбс⌠Цc3S3Bцc ёS⌠bцcRЦs3bбсsrЦs333#▓цc ёS⌠rцs2ЦS⌠c⌠cBбсc2ЦCC⌠┌цc ёS⌠┌цs▓Ц┐⌠┐▓бсCrЦ┐cs⌠C32цc ёS⌠▓ц┐BЦ#┐⌠SSBбс3"Цs3⌠Cцc ёcц┐bЦ⌠⌠S#бсbЦc3#cBцc ёcц┐rЦ▓бс2Ц┐c⌠┐s┐c3cc&RсRцc#Pёc"ц┐bЦ⌠⌠S#цbЦc3#cBцc#Pёc2ц┐BЦ#┐⌠SSBц3"Цs3⌠Cцc#PёcBцs▓Ц┐⌠┐▓цCrЦ┐cs⌠C32цc#PёcRцs2ЦS⌠c⌠cBцc2ЦCC⌠┌цc#PёcbцcRЦs3bцsrЦs333#▓цc#PёcrцSbЦ#33Bц⌠Цc3S3Bцc#Pёc┌цCRЦ#C┐ccBцBЦcCS2цc#Pёc▓ц3"Ц┐cS3cBцbЦc⌠┌цc#Pёcц▓Ц##C⌠┌ц#rЦCc⌠C#Bцc#PёcцBЦ3⌠cCrц3rЦ⌠33▓цc#Pёc"ц┐┌ЦSsSCCc┌цCRЦC#┐┐bцc#Pёc2цsЦ⌠c#c▓цS"Ц3Css3Rцc#PёcBцSBЦSCCC⌠▓цSrЦs⌠⌠Ccцc#PёcRц3bЦcSsCsRцcЦs3C⌠2цc#Pёcbц┌ЦCsC#rцcBЦS⌠cцc#PёcrцЦs┐s3#sS6RсBцcBЦ▓цc#Pёc┌бс┌ЦCsC#rцcBЦS⌠cцc#Pёc▓бс3bЦcSsCsRцcЦs3C⌠2цc#Pёc#бсSBЦSCCC⌠▓цSrЦs⌠⌠Ccцc#Pёc#бсsЦ⌠c#c▓цS"Ц3Css3Rцc#Pёc#"бс┐┌ЦSsSCCc┌цCRЦC#┐┐bцc#Pёc#2бсBЦ3⌠cCrц3rЦ⌠33▓цc#Pёc#Bбс▓Ц##C⌠┌ц#rЦCc⌠C#Bцc#Pёc#Rбс3"Ц┐cS3cBцbЦc⌠┌цc#Pёc#bбсCRЦ#C┐ccBцBЦcCS2цc#Pёc#rбсSbЦ#33Bц⌠Цc3S3Bцc#Pёc#┌бсcRЦs3bцsrЦs333#▓цc#Pёc#▓бсs2ЦS⌠c⌠cBцc2ЦCC⌠┌цc#Pёc3бсs▓Ц┐⌠┐▓цCrЦ┐cs⌠C32цc#Pёc3бс┐BЦ#┐⌠SSBц3"Цs3⌠Cцc#Pёc3"бс┐bЦ⌠⌠S#цbЦc3#cBцc#Pёc32бс┐rЦ▓бс2Ц┐CSsS┐⌠FRс2цc#Pёc3Bбс┐bЦ⌠⌠S#бсbЦc3#cBцc#Pёc3Rбс┐BЦ#┐⌠SSBбс3"Цs3⌠Cцc#Pёc3bбсs▓Ц┐⌠┐▓бсCrЦ┐cs⌠C32цc#Pёc3rбсs2ЦS⌠c⌠cBбсc2ЦCC⌠┌цc#Pёc3┌бсcRЦs3bбсsrЦs333#▓цc#Pёc3▓бсSbЦ#33Bбс⌠Цc3S3Bцc#PёcCбсCRЦ#C┐ccBбсBЦcCS2цc#PёcCбс3"Ц┐cS3cBбсbЦc⌠┌цc#PёcC"бс▓Ц##C⌠┌бс#rЦCc⌠C#Bцc#PёcC2бсBЦ3⌠cCrбс3rЦ⌠33▓цc#PёcCBбс┐┌ЦSsSCCc┌бсCRЦC#┐┐bцc#PёcCRбсsЦ⌠c#c▓бсS"Ц3Css3Rцc#PёcCbбсSBЦSCCC⌠▓бсSrЦs⌠⌠Ccцc#PёcCrбс3bЦcSsCsRбсcЦs3C⌠2цc#PёcC┌бс┌ЦCsC#rбсcBЦS⌠cцc#PёcC▓ц"Цc#C┐s⌠sCS√Rс2бсcBЦ▓цc#PёcSц┌ЦCsC#rбсcBЦS⌠cцc#PёcSц3bЦcSsCsRбсcЦs3C⌠2цc#PёcS"цSBЦSCCC⌠▓бсSrЦs⌠⌠Ccцc#PёcS2цsЦ⌠c#c▓бсS"Ц3Css3Rцc#PёcSBц┐┌ЦSsSCCc┌бсCRЦC#┐┐bцc#PёcSRцBЦ3⌠cCrбс3rЦ⌠33▓цc#PёcSbц▓Ц##C⌠┌бс#rЦCc⌠C#Bцc#PёcSrц3"Ц┐cS3cBбсbЦc⌠┌цc#PёcS┌цCRЦ#C┐ccBбсBЦcCS2цc#PёcS▓цSbЦ#33Bбс⌠Цc3S3Bцc#PёccцcRЦs3bбсsrЦs333#▓цc#Pёccцs2ЦS⌠c⌠cBбсc2ЦCC⌠┌цc#Pёcc"цs▓Ц┐⌠┐▓бсCrЦ┐cs⌠C32цc#Pёcc2ц┐BЦ#┐⌠SSBбс3"Цs3⌠Cцc#PёccBц┐bЦ⌠⌠S#бсbЦc3#cBцc#PёccRц┐rЦ▓ццcS ёccbц┐bЦ⌠⌠S#цbЦc3#cBцcS ёccrц┐BЦ#┐⌠SSBц3"Цs3⌠CцcS ёcc┌цs▓Ц┐⌠┐▓цCrЦ┐cs⌠C32цcS ёcc▓цs2ЦS⌠c⌠cBцc2ЦCC⌠┌цcS ёcsцcRЦs3bцsrЦs333#▓цcS ёcsцSbЦ#33Bц⌠Цc3S3BцcS ёcs"цCRЦ#C┐ccBцBЦcCS2цcS ёcs2ц3"Ц┐cS3cBцbЦc⌠┌цcS ёcsBц▓Ц##C⌠┌ц#rЦCc⌠C#BцcS ёcsRцBЦ3⌠cCrц3rЦ⌠33▓цcS ёcsbц┐┌ЦSsSCCc┌цCRЦC#┐┐bцcS ёcsrцsЦ⌠c#c▓цS"Ц3Css3RцcS ёcs┌цSBЦSCCC⌠▓цSrЦs⌠⌠CcцcS ёcs▓ц3bЦcSsCsRцcЦs3C⌠2цcS ёc┐ц┌ЦCsC#rцcBЦS⌠cцcS ёc┐цЦSSSScvRсBцcBЦ▓цcS ёc┐"бс┌ЦCsC#rцcBЦS⌠cцcS ёc┐2бс3bЦcSsCsRцcЦs3C⌠2цcS ёc┐BбсSBЦSCCC⌠▓цSrЦs⌠⌠CcцcS ёc┐RбсsЦ⌠c#c▓цS"Ц3Css3RцcS ёc┐bбс┐┌ЦSsSCCc┌цCRЦC#┐┐bцcS ёc┐rбсBЦ3⌠cCrц3rЦ⌠33▓цcS ёc┐┌бс▓Ц##C⌠┌ц#rЦCc⌠C#BцcS ёc┐▓бс3"Ц┐cS3cBцbЦc⌠┌цcS ёc⌠бсCRЦ#C┐ccBцBЦcCS2цcS ёc⌠бсSbЦ#33Bц⌠Цc3S3BцcS ёc⌠"бсcRЦs3bцsrЦs333#▓цcS ёc⌠2бсs2ЦS⌠c⌠cBцc2ЦCC⌠┌цcS ёc⌠Bбсs▓Ц┐⌠┐▓цCrЦ┐cs⌠C32цcS ёc⌠Rбс┐BЦ#┐⌠SSBц3"Цs3⌠CцcS ёc⌠bбс┐bЦ⌠⌠S#цbЦc3#cBцcS ёc⌠rбс┐rЦ▓бс2Ц┐3s#s┐CRс2цcS ёc⌠┌бс┐bЦ⌠⌠S#бсbЦc3#cBцcS ёc⌠▓бс┐BЦ#┐⌠SSBбс3"Цs3⌠CцcS ёsбсs▓Ц┐⌠┐▓бсCrЦ┐cs⌠C32цcS ёsбсs2ЦS⌠c⌠cBбсc2ЦCC⌠┌цcS ёs"бсcRЦs3bбсsrЦs333#▓цcS ёs2бсSbЦ#33Bбс⌠Цc3S3BцcS ёsBбсCRЦ#C┐ccBбсBЦcCS2цcS ёsRбс3"Ц┐cS3cBбсbЦc⌠┌цcS ёsbбс▓Ц##C⌠┌бс#rЦCc⌠C#BцcS ёsrбсBЦ3⌠cCrбс3rЦ⌠33▓цcS ёs┌бс┐┌ЦSsSCCc┌бсCRЦC#┐┐bцcS ёs▓бсsЦ⌠c#c▓бсS"Ц3Css3RцcS ёsбсSBЦSCCC⌠▓бсSrЦs⌠⌠CcцcS ёsбс3bЦcSsCsRбсcЦs3C⌠2цcS ёs"бс┌ЦCsC#rбсcBЦS⌠cцcS ёs2ц"Цc#33ss⌠cFRс2бсcBЦ▓цcS ёsBц┌ЦCsC#rбсcBЦS⌠cцcS ёsRц3bЦcSsCsRбсcЦs3C⌠2цcS ёsbцSBЦSCCC⌠▓бсSrЦs⌠⌠CcцcS ёsrцsЦ⌠c#c▓бсS"Ц3Css3RцcS ёs┌ц┐┌ЦSsSCCc┌бсCRЦC#┐┐bцcS ёs▓цBЦ3⌠cCrбс3rЦ⌠33▓цcS ёs#ц▓Ц##C⌠┌бс#rЦCc⌠C#BцcS ёs#ц3"Ц┐cS3cBбсbЦc⌠┌цcS ёs#"цCRЦ#C┐ccBбсBЦcCS2цcS ёs#2цSbЦ#33Bбс⌠Цc3S3BцcS ёs#BцcRЦs3bбсsrЦs333#▓цcS ёs#Rцs2ЦS⌠c⌠cBбсc2ЦCC⌠┌цcS ёs#bцs▓Ц┐⌠┐▓бсCrЦ┐cs⌠C32цcS ёs#rц┐BЦ#┐⌠SSBбс3"Цs3⌠CцcS ёs#┌ц┐bЦ⌠⌠S#бсbЦc3#cBцcS ╓уU5BТ■ЕB4ТЕE$ТддU#╒F╖W7F√ФrF√жR7FWБGBрЦP══ёсссср&Vv√ФФ√ФrF√жR7FW#╒ссссп══╔&VfВ&ж√Фr7F√ffФW72жG&≈┐╒&VfВ&жF√ЖБ3═╒╒ФЖФф√ФV"6ЖгWF√ЖБ7FGW3╒F√жSр═≈7F√ffФW72WFFW2р ═≈&√v┤B├ФB6√FRWfгVF√ЖГ2р ═≈7F√ffФW72жG&≈┌&VfВ&жF√ЖГ2р═≈7FWg&Жрф√ФR6V&6┌рЦ ═√6ЖГfW&vVФ6RФВ&в2╒■Д∙D■б5U%$TЕB$UT∙$T@═▓&W6√GVб2Цss3RЁRЦS⌠┐CfRс┌2Цss3RЁ" ═▓VФW&w▓bЦ⌠c3c⌠VRЁ"Ц3##FRсBbЦ⌠c3c⌠VRс" ═▓F≈7ф6VжVГBЦSc#c⌠6RЁЦSc#c⌠6RЁbЦ#SssRсB ╒ ╒ФЖФф√ФV"6ЖгWF√ЖБ7FGW3╒F√жSр═≈7F√ffФW72WFFW2р═≈&√v┤B├ФB6√FRWfгVF√ЖГ2р0═≈7F√ffФW72жG&≈┌&VfВ&жF√ЖГ2р═≈7FWg&Жрф√ФR6V&6┌рЦ ═√6ЖГfW&vVФ6RФВ&в2╒■Д∙D■б5U%$TЕB$UT∙$T@═▓&W6√GVб2Цss3RЁRBЦ#┐⌠3sRсr2Цss3RЁ" ═▓VФW&w▓bЦ⌠c3c⌠VRЁ"ЦS3cFRсRbЦ⌠c3c⌠VRс" ═▓F≈7ф6VжVГBЦSc#c⌠6RЁbЦ3sfRсBbЦ#Ssc√RсB ═╕6ЖГfW&vVФ6R7Vжж'░╒ГVж&W"Жb≈FW&F√ЖГ2╒ ╒ГVж&W"Жb&VfВ&жF√ЖГ2╒═╒ррррррр6ЖГfW&vVBBF√жR╒══╓FF&V6В&B3ёссссссссссссссссссссссссссссссссссссссссссссссссссссссссссссссссссссссссссп╔7FWр# ╔F√жRр╓FFр6├≈'EЖf√ФеЖ6ЖВ&F√ФFW0ёц┐rЦ▓ц┌ЦS3C⌠ss⌠#SfRсRцbЦs┐⌠ScCsccvRс@ё"ц┐bЦ⌠⌠S#цbЦc3#cBцbЦ⌠3csSvRс@ё2ц┐BЦ#┐⌠SSBц3"Цs3⌠CцrЦ#┐#3S3C#FRс@ёBцs▓Ц┐⌠┐▓цCrЦ┐cs⌠C32цrЦCS⌠┐cS┐svRс@ёRцs2ЦS⌠c⌠cBцc2ЦCC⌠┌цrЦs⌠ss33┐┐┐6Rс@ёbцcRЦs3bцsrЦs333#▓цrЦc┐┐3sSs√Rс@ёrцSbЦ#33Bц⌠Цc3S3BцrЦS3⌠c#⌠sS√Rс@ё┌цCRЦ#C┐ccBцBЦcCS2цrЦ33CS┐C┐┐CvRс@ё▓ц3"Ц┐cS3cBцbЦc⌠┌цrЦS3cc⌠⌠┐√Rс@ёц▓Ц##C⌠┌ц#rЦCc⌠C#BцrЦ33S#⌠s┐cRс@ёцBЦ3⌠cCrц3rЦ⌠33▓цbЦScc⌠S#c├Rс@ё"ц┐┌ЦSsSCCc┌цCRЦC#┐┐bцbЦ##3S┐SCvRс@ё2цsЦ⌠c#c▓цS"Ц3Css3RцRЦ⌠⌠s⌠#cS√Rс@ёBцSBЦSCCC⌠▓цSrЦs⌠⌠CcцRЦ┐3##SC33vRс@ёRц3bЦcSsCsRцcЦs3C⌠2цbЦ┐┐sC#3├Rс@ёbц┌ЦCsC#rцcBЦS⌠cцbЦC3CCsSssFRс@ёrцЦSSs3S⌠⌠3c├RсBцcBЦ▓цbЦsSCC⌠3┐⌠S√Rс@ё┌бс┌ЦCsC#rцcBЦS⌠cцrЦ3⌠Cc#3#C⌠6Rс@ё▓бс3bЦcSsCsRцcЦs3C⌠2цrЦSC3s├Rс@ё#бсSBЦSCCC⌠▓цSrЦs⌠⌠CcцrЦsC#C⌠3S36Rс@ё#бсsЦ⌠c#c▓цS"Ц3Css3Rц┌Ц33Ss⌠c┐#vRс@ё#"бс┐┌ЦSsSCCc┌цCRЦC#┐┐bц┌Цs3s⌠┐#3┐fRс@ё#2бсBЦ3⌠cCrц3rЦ⌠33▓ц▓ЦCC###s3C&Rс@ё#Bбс▓Ц##C⌠┌ц#rЦCc⌠C#Bц▓Ц3⌠⌠ScRс@ё#Rбс3"Ц┐cS3cBцbЦc⌠┌ц▓Цs333⌠SRс@ё#bбсCRЦ#C┐ccBцBЦcCS2ц▓ЦC┐sC┐##3s⌠fRс@ё#rбсSbЦ#33Bц⌠Цc3S3Bц┌Ц⌠s⌠┐SC┐3fRс@ё#┌бсcRЦs3bцsrЦs333#▓ц┌Ц##sCc┐&Rс@ё#▓бсs2ЦS⌠c⌠cBцc2ЦCC⌠┌ц┌ЦS⌠cSs33C#√Rс@ё3бсs▓Ц┐⌠┐▓цCrЦ┐cs⌠C32ц┌ЦC⌠⌠sScsCs3fRс@ё3бс┐BЦ#┐⌠SSBц3"Цs3⌠Cц┌Ц#SC┐s#3⌠Rс@ё3"бс┐bЦ⌠⌠S#цbЦc3#cBц┌Ц⌠#3C⌠c┐SfRс@ё32бс┐rЦ▓бсBЦ3CCSC3┐├Rс2ц┌Ц#cc⌠S#┐√Rс@ё3Bбс┐bЦ⌠⌠S#бсbЦc3#cBц┌Ц⌠S3SSS3FRс@ё3Rбс┐BЦ#┐⌠SSBбс3"Цs3⌠Cц┌Цs3S3S┐S#Rс@ё3bбсs▓Ц┐⌠┐▓бсCrЦ┐cs⌠C32ц┌ЦCc┐s33┐√Rс@ё3rбсs2ЦS⌠c⌠cBбсc2ЦCC⌠┌ц┌ЦC#s⌠#3cSvRс@ё3┌бсcRЦs3bбсsrЦs333#▓ц┌Ц3⌠┐sssScC√Rс@ё3▓бсSbЦ#33Bбс⌠Цc3S3BцrЦ⌠#C┐⌠┐CCC6Rс@ёCбсCRЦ#C┐ccBбсBЦcCS2ц┌Ц#scss#3##6Rс@ёCбс3"Ц┐cS3cBбсbЦc⌠┌ц┌Ц┐┐Cc##⌠┐├Rс@ёC"бс▓Ц##C⌠┌бс#rЦCc⌠C#BцrЦ⌠3S⌠⌠cs├Rс@ёC2бсBЦ3⌠cCrбс3rЦ⌠33▓цrЦsC33⌠sC√Rс@ёCBбс┐┌ЦSsSCCc┌бсCRЦC#┐┐bцrЦsC⌠c3Cc⌠6Rс@ёCRбсsЦ⌠c#c▓бсS"Ц3Css3RцrЦ3c#sSs3vRс@ёCbбсSBЦSCCC⌠▓бсSrЦs⌠⌠CcцrЦcCs⌠cs⌠VRс@ёCrбс3bЦcSsCsRбсcЦs3C⌠2ц┌ЦSSCs3c√Rс@ёC┌бс┌ЦCsC#rбсcBЦS⌠cц┌Ц3SssCc6Rс@ёC▓цBЦC⌠3C#S⌠√Rс2бсcBЦ▓ц┌Ц#┐S⌠⌠36Rс@ёSц┌ЦCsC#rбсcBЦS⌠cц┌Ц##C┐s3Cs&Rс@ёSц3bЦcSsCsRбсcЦs3C⌠2цrЦs33s┐┐Cs6Rс@ёS"цSBЦSCCC⌠▓бсSrЦs⌠⌠CcцrЦ┐S#┐┐3CcvRс@ёS2цsЦ⌠c#c▓бсS"Ц3Css3RцrЦ⌠sccs┐3SfRс@ёSBц┐┌ЦSsSCCc┌бсCRЦC#┐┐bцrЦ⌠S⌠#┐C┐3##&Rс@ёSRцBЦ3⌠cCrбс3rЦ⌠33▓ц┌Ц3s#ScsC3sVRс@ёSbц▓Ц##C⌠┌бс#rЦCc⌠C#Bц┌ЦCCsSc⌠#3#6Rс@ёSrц3"Ц┐cS3cBбсbЦc⌠┌ц┌Ц3#S3c┐⌠sfRс@ёS┌цCRЦ#C┐ccBбсBЦcCS2ц┌Ц#S#S3#┐C3s├Rс@ёS▓цSbЦ#33Bбс⌠Цc3S3BцrЦSCcS#sS⌠┐┐vRс@ёcцcRЦs3bбсsrЦs333#▓цrЦ#┐⌠3sc┐sVRс@ёcцs2ЦS⌠c⌠cBбсc2ЦCC⌠┌цrЦS⌠S333C⌠⌠√Rс@ёc"цs▓Ц┐⌠┐▓бсCrЦ┐cs⌠C32цrЦ33⌠3s⌠3s3fRс@ёc2ц┐BЦ#┐⌠SSBбс3"Цs3⌠CцrЦ3#c3┐⌠sS┐6Rс@ёcBц┐bЦ⌠⌠S#бсbЦc3#cBцbЦ⌠┐┐3┐s36Rс@ёcRц┐rЦ▓цbЦ┐⌠c#⌠SScFRсRц#Pёcbц┐bЦ⌠⌠S#цbЦc3#cBц#Pёcrц┐BЦ#┐⌠SSBц3"Цs3⌠Cц#Pёc┌цs▓Ц┐⌠┐▓цCrЦ┐cs⌠C32ц#Pёc▓цs2ЦS⌠c⌠cBцc2ЦCC⌠┌ц#PёsцcRЦs3bцsrЦs333#▓ц#PёsцSbЦ#33Bц⌠Цc3S3Bц#Pёs"цCRЦ#C┐ccBцBЦcCS2ц#Pёs2ц3"Ц┐cS3cBцbЦc⌠┌ц#PёsBц▓Ц##C⌠┌ц#rЦCc⌠C#Bц#PёsRцBЦ3⌠cCrц3rЦ⌠33▓ц#Pёsbц┐┌ЦSsSCCc┌цCRЦC#┐┐bц#PёsrцsЦ⌠c#c▓цS"Ц3Css3Rц#Pёs┌цSBЦSCCC⌠▓цSrЦs⌠⌠Ccц#Pёs▓ц3bЦcSsCsRцcЦs3C⌠2ц#Pё┐ц┌ЦCsC#rцcBЦS⌠cц#Pё┐цЦss3┐┐S3C├RсBцcBЦ▓ц#Pё┐"бс┌ЦCsC#rцcBЦS⌠cц#Pё┐2бс3bЦcSsCsRцcЦs3C⌠2ц#Pё┐BбсSBЦSCCC⌠▓цSrЦs⌠⌠Ccц#Pё┐RбсsЦ⌠c#c▓цS"Ц3Css3Rц#Pё┐bбс┐┌ЦSsSCCc┌цCRЦC#┐┐bц#Pё┐rбсBЦ3⌠cCrц3rЦ⌠33▓ц#Pё┐┌бс▓Ц##C⌠┌ц#rЦCc⌠C#Bц#Pё┐▓бс3"Ц┐cS3cBцbЦc⌠┌ц#Pё⌠бсCRЦ#C┐ccBцBЦcCS2ц#Pё⌠бсSbЦ#33Bц⌠Цc3S3Bц#Pё⌠"бсcRЦs3bцsrЦs333#▓ц#Pё⌠2бсs2ЦS⌠c⌠cBцc2ЦCC⌠┌ц#Pё⌠Bбсs▓Ц┐⌠┐▓цCrЦ┐cs⌠C32ц#Pё⌠Rбс┐BЦ#┐⌠SSBц3"Цs3⌠Cц#Pё⌠bбс┐bЦ⌠⌠S#цbЦc3#cBц#Pё⌠rбс┐rЦ▓бсBЦ3CSc⌠C3SRс2ц#Pё⌠┌бс┐bЦ⌠⌠S#бсbЦc3#cBц#Pё⌠▓бс┐BЦ#┐⌠SSBбс3"Цs3⌠Cц#Pёбсs▓Ц┐⌠┐▓бсCrЦ┐cs⌠C32ц#Pёбсs2ЦS⌠c⌠cBбсc2ЦCC⌠┌ц#Pё"бсcRЦs3bбсsrЦs333#▓ц#Pё2бсSbЦ#33Bбс⌠Цc3S3Bц#PёBбсCRЦ#C┐ccBбсBЦcCS2ц#PёRбс3"Ц┐cS3cBбсbЦc⌠┌ц#Pёbбс▓Ц##C⌠┌бс#rЦCc⌠C#Bц#PёrбсBЦ3⌠cCrбс3rЦ⌠33▓ц#Pё┌бс┐┌ЦSsSCCc┌бсCRЦC#┐┐bц#Pё▓бсsЦ⌠c#c▓бсS"Ц3Css3Rц#PёбсSBЦSCCC⌠▓бсSrЦs⌠⌠Ccц#Pёбс3bЦcSsCsRбсcЦs3C⌠2ц#Pё"бс┌ЦCsC#rбсcBЦS⌠cц#Pё2цBЦCCCcC┐VRс2бсcBЦ▓ц#PёBц┌ЦCsC#rбсcBЦS⌠cц#PёRц3bЦcSsCsRбсcЦs3C⌠2ц#PёbцSBЦSCCC⌠▓бсSrЦs⌠⌠Ccц#PёrцsЦ⌠c#c▓бсS"Ц3Css3Rц#Pё┌ц┐┌ЦSsSCCc┌бсCRЦC#┐┐bц#Pё▓цBЦ3⌠cCrбс3rЦ⌠33▓ц#Pё#ц▓Ц##C⌠┌бс#rЦCc⌠C#Bц#Pё#ц3"Ц┐cS3cBбсbЦc⌠┌ц#Pё#"цCRЦ#C┐ccBбсBЦcCS2ц#Pё#2цSbЦ#33Bбс⌠Цc3S3Bц#Pё#BцcRЦs3bбсsrЦs333#▓ц#Pё#Rцs2ЦS⌠c⌠cBбсc2ЦCC⌠┌ц#Pё#bцs▓Ц┐⌠┐▓бсCrЦ┐cs⌠C32ц#Pё#rц┐BЦ#┐⌠SSBбс3"Цs3⌠Cц#Pё#┌ц┐bЦ⌠⌠S#бсbЦc3#cBц#Pё#▓ц┐rЦ▓цbЦcS3S┐#VRсRцS ё3ц┐bЦ⌠⌠S#цbЦc3#cBцS ё3ц┐BЦ#┐⌠SSBц3"Цs3⌠CцS ё3"цs▓Ц┐⌠┐▓цCrЦ┐cs⌠C32цS ё32цs2ЦS⌠c⌠cBцc2ЦCC⌠┌цS ё3BцcRЦs3bцsrЦs333#▓цS ё3RцSbЦ#33Bц⌠Цc3S3BцS ё3bцCRЦ#C┐ccBцBЦcCS2цS ё3rц3"Ц┐cS3cBцbЦc⌠┌цS ё3┌ц▓Ц##C⌠┌ц#rЦCc⌠C#BцS ё3▓цBЦ3⌠cCrц3rЦ⌠33▓цS ёCц┐┌ЦSsSCCc┌цCRЦC#┐┐bцS ёCцsЦ⌠c#c▓цS"Ц3Css3RцS ёC"цSBЦSCCC⌠▓цSrЦs⌠⌠CcцS ёC2ц3bЦcSsCsRцcЦs3C⌠2цS ёCBц┌ЦCsC#rцcBЦS⌠cцS ёCRц"Ц┐┐#33CSC√RсBцcBЦ▓цS ёCbбс┌ЦCsC#rцcBЦS⌠cцS ёCrбс3bЦcSsCsRцcЦs3C⌠2цS ёC┌бсSBЦSCCC⌠▓цSrЦs⌠⌠CcцS ёC▓бсsЦ⌠c#c▓цS"Ц3Css3RцS ёSбс┐┌ЦSsSCCc┌цCRЦC#┐┐bцS ёSбсBЦ3⌠cCrц3rЦ⌠33▓цS ёS"бс▓Ц##C⌠┌ц#rЦCc⌠C#BцS ёS2бс3"Ц┐cS3cBцbЦc⌠┌цS ёSBбсCRЦ#C┐ccBцBЦcCS2цS ёSRбсSbЦ#33Bц⌠Цc3S3BцS ёSbбсcRЦs3bцsrЦs333#▓цS ёSrбсs2ЦS⌠c⌠cBцc2ЦCC⌠┌цS ёS┌бсs▓Ц┐⌠┐▓цCrЦ┐cs⌠C32цS ёS▓бс┐BЦ#┐⌠SSBц3"Цs3⌠CцS ёcбс┐bЦ⌠⌠S#цbЦc3#cBцS ёcбс┐rЦ▓бсBЦ3ScScs┐CFRс2цS ёc"бс┐bЦ⌠⌠S#бсbЦc3#cBцS ёc2бс┐BЦ#┐⌠SSBбс3"Цs3⌠CцS ёcBбсs▓Ц┐⌠┐▓бсCrЦ┐cs⌠C32цS ёcRбсs2ЦS⌠c⌠cBбсc2ЦCC⌠┌цS ёcbбсcRЦs3bбсsrЦs333#▓цS ёcrбсSbЦ#33Bбс⌠Цc3S3BцS ёc┌бсCRЦ#C┐ccBбсBЦcCS2цS ёc▓бс3"Ц┐cS3cBбсbЦc⌠┌цS ёsбс▓Ц##C⌠┌бс#rЦCc⌠C#BцS ёsбсBЦ3⌠cCrбс3rЦ⌠33▓цS ёs"бс┐┌ЦSsSCCc┌бсCRЦC#┐┐bцS ёs2бсsЦ⌠c#c▓бсS"Ц3Css3RцS ёsBбсSBЦSCCC⌠▓бсSrЦs⌠⌠CcцS ёsRбс3bЦcSsCsRбсcЦs3C⌠2цS ёsbбс┌ЦCsC#rбсcBЦS⌠cцS ёsrцBЦCCs┐⌠⌠⌠s#C&Rс2бсcBЦ▓цS ёs┌ц┌ЦCsC#rбсcBЦS⌠cцS ёs▓ц3bЦcSsCsRбсcЦs3C⌠2цS ё┐цSBЦSCCC⌠▓бсSrЦs⌠⌠CcцS ё┐цsЦ⌠c#c▓бсS"Ц3Css3RцS ё┐"ц┐┌ЦSsSCCc┌бсCRЦC#┐┐bцS ё┐2цBЦ3⌠cCrбс3rЦ⌠33▓цS ё┐Bц▓Ц##C⌠┌бс#rЦCc⌠C#BцS ё┐Rц3"Ц┐cS3cBбсbЦc⌠┌цS ё┐bцCRЦ#C┐ccBбсBЦcCS2цS ё┐rцSbЦ#33Bбс⌠Цc3S3BцS ё┐┌цcRЦs3bбсsrЦs333#▓цS ё┐▓цs2ЦS⌠c⌠cBбсc2ЦCC⌠┌цS ё⌠цs▓Ц┐⌠┐▓бсCrЦ┐cs⌠C32цS ё⌠ц┐BЦ#┐⌠SSBбс3"Цs3⌠CцS ё⌠"ц┐bЦ⌠⌠S#бсbЦc3#cBцS ё⌠2ц┐rЦ▓ц┌ЦsS⌠C⌠c3cvRсRцsPё⌠Bц┐bЦ⌠⌠S#цbЦc3#cBцsPё⌠Rц┐BЦ#┐⌠SSBц3"Цs3⌠CцsPё⌠bцs▓Ц┐⌠┐▓цCrЦ┐cs⌠C32цsPё⌠rцs2ЦS⌠c⌠cBцc2ЦCC⌠┌цsPё⌠┌цcRЦs3bцsrЦs333#▓цsPё⌠▓цSbЦ#33Bц⌠Цc3S3BцsPё#цCRЦ#C┐ccBцBЦcCS2цsPё#ц3"Ц┐cS3cBцbЦc⌠┌цsPё#"ц▓Ц##C⌠┌ц#rЦCc⌠C#BцsPё#2цBЦ3⌠cCrц3rЦ⌠33▓цsPё#Bц┐┌ЦSsSCCc┌цCRЦC#┐┐bцsPё#RцsЦ⌠c#c▓цS"Ц3Css3RцsPё#bцSBЦSCCC⌠▓цSrЦs⌠⌠CcцsPё#rц3bЦcSsCsRцcЦs3C⌠2цsPё#┌ц┌ЦCsC#rцcBЦS⌠cцsPё#▓ц"ЦCcC⌠3#⌠3#├RсBцcBЦ▓цsPё#бс┌ЦCsC#rцcBЦS⌠cцsPё#бс3bЦcSsCsRцcЦs3C⌠2цsPё#"бсSBЦSCCC⌠▓цSrЦs⌠⌠CcцsPё#2бсsЦ⌠c#c▓цS"Ц3Css3RцsPё#Bбс┐┌ЦSsSCCc┌цCRЦC#┐┐bцsPё#RбсBЦ3⌠cCrц3rЦ⌠33▓цsPё#bбс▓Ц##C⌠┌ц#rЦCc⌠C#BцsPё#rбс3"Ц┐cS3cBцbЦc⌠┌цsPё#┌бсCRЦ#C┐ccBцBЦcCS2цsPё#▓бсSbЦ#33Bц⌠Цc3S3BцsPё##бсcRЦs3bцsrЦs333#▓цsPё##бсs2ЦS⌠c⌠cBцc2ЦCC⌠┌цsPё##"бсs▓Ц┐⌠┐▓цCrЦ┐cs⌠C32цsPё##2бс┐BЦ#┐⌠SSBц3"Цs3⌠CцsPё##Bбс┐bЦ⌠⌠S#цbЦc3#cBцsPё##Rбс┐rЦ▓бсBЦ3c3Sc┐√Rс2цsPё##bбс┐bЦ⌠⌠S#бсbЦc3#cBцsPё##rбс┐BЦ#┐⌠SSBбс3"Цs3⌠CцsPё##┌бсs▓Ц┐⌠┐▓бсCrЦ┐cs⌠C32цsPё##▓бсs2ЦS⌠c⌠cBбсc2ЦCC⌠┌цsPё#3бсcRЦs3bбсsrЦs333#▓цsPё#3бсSbЦ#33Bбс⌠Цc3S3BцsPё#3"бсCRЦ#C┐ccBбсBЦcCS2цsPё#32бс3"Ц┐cS3cBбсbЦc⌠┌цsPё#3Bбс▓Ц##C⌠┌бс#rЦCc⌠C#BцsPё#3RбсBЦ3⌠cCrбс3rЦ⌠33▓цsPё#3bбс┐┌ЦSsSCCc┌бсCRЦC#┐┐bцsPё#3rбсsЦ⌠c#c▓бсS"Ц3Css3RцsPё#3┌бсSBЦSCCC⌠▓бсSrЦs⌠⌠CcцsPё#3▓бс3bЦcSsCsRбсcЦs3C⌠2цsPё#Cбс┌ЦCsC#rбсcBЦS⌠cцsPё#CцBЦC#⌠S#3┐Rс2бсcBЦ▓цsPё#C"ц┌ЦCsC#rбсcBЦS⌠cцsPё#C2ц3bЦcSsCsRбсcЦs3C⌠2цsPё#CBцSBЦSCCC⌠▓бсSrЦs⌠⌠CcцsPё#CRцsЦ⌠c#c▓бсS"Ц3Css3RцsPё#Cbц┐┌ЦSsSCCc┌бсCRЦC#┐┐bцsPё#CrцBЦ3⌠cCrбс3rЦ⌠33▓цsPё#C┌ц▓Ц##C⌠┌бс#rЦCc⌠C#BцsPё#C▓ц3"Ц┐cS3cBбсbЦc⌠┌цsPё#SцCRЦ#C┐ccBбсBЦcCS2цsPё#SцSbЦ#33Bбс⌠Цc3S3BцsPё#S"цcRЦs3bбсsrЦs333#▓цsPё#S2цs2ЦS⌠c⌠cBбсc2ЦCC⌠┌цsPё#SBцs▓Ц┐⌠┐▓бсCrЦ┐cs⌠C32цsPё#SRц┐BЦ#┐⌠SSBбс3"Цs3⌠CцsPё#Sbц┐bЦ⌠⌠S#бсbЦc3#cBцsPё#Srц┐rЦ▓ц┌ЦSssc┐s⌠&RсRц ё#S┌ц┐bЦ⌠⌠S#цbЦc3#cBц ё#S▓ц┐BЦ#┐⌠SSBц3"Цs3⌠Cц ё#cцs▓Ц┐⌠┐▓цCrЦ┐cs⌠C32ц ё#cцs2ЦS⌠c⌠cBцc2ЦCC⌠┌ц ё#c"цcRЦs3bцsrЦs333#▓ц ё#c2цSbЦ#33Bц⌠Цc3S3Bц ё#cBцCRЦ#C┐ccBцBЦcCS2ц ё#cRц3"Ц┐cS3cBцbЦc⌠┌ц ё#cbц▓Ц##C⌠┌ц#rЦCc⌠C#Bц ё#crцBЦ3⌠cCrц3rЦ⌠33▓ц ё#c┌ц┐┌ЦSsSCCc┌цCRЦC#┐┐bц ё#c▓цsЦ⌠c#c▓цS"Ц3Css3Rц ё#sцSBЦSCCC⌠▓цSrЦs⌠⌠Ccц ё#sц3bЦcSsCsRцcЦs3C⌠2ц ё#s"ц┌ЦCsC#rцcBЦS⌠cц ё#s2ц"Цc┐┐┐⌠S√RсBцcBЦ▓ц ё#sBбс┌ЦCsC#rцcBЦS⌠cц ё#sRбс3bЦcSsCsRцcЦs3C⌠2ц ё#sbбсSBЦSCCC⌠▓цSrЦs⌠⌠Ccц ё#srбсsЦ⌠c#c▓цS"Ц3Css3Rц ё#s┌бс┐┌ЦSsSCCc┌цCRЦC#┐┐bц ё#s▓бсBЦ3⌠cCrц3rЦ⌠33▓ц ё#┐бс▓Ц##C⌠┌ц#rЦCc⌠C#Bц ё#┐бс3"Ц┐cS3cBцbЦc⌠┌ц ё#┐"бсCRЦ#C┐ccBцBЦcCS2ц ё#┐2бсSbЦ#33Bц⌠Цc3S3Bц ё#┐BбсcRЦs3bцsrЦs333#▓ц ё#┐Rбсs2ЦS⌠c⌠cBцc2ЦCC⌠┌ц ё#┐bбсs▓Ц┐⌠┐▓цCrЦ┐cs⌠C32ц ё#┐rбс┐BЦ#┐⌠SSBц3"Цs3⌠Cц ё#┐┌бс┐bЦ⌠⌠S#цbЦc3#cBц ё#┐▓бс┐rЦ▓бсBЦ3C3#3C┐⌠cvRс2ц ё#⌠бс┐bЦ⌠⌠S#бсbЦc3#cBц ё#⌠бс┐BЦ#┐⌠SSBбс3"Цs3⌠Cц ё#⌠"бсs▓Ц┐⌠┐▓бсCrЦ┐cs⌠C32ц ё#⌠2бсs2ЦS⌠c⌠cBбсc2ЦCC⌠┌ц ё#⌠BбсcRЦs3bбсsrЦs333#▓ц ё#⌠RбсSbЦ#33Bбс⌠Цc3S3Bц ё#⌠bбсCRЦ#C┐ccBбсBЦcCS2ц ё#⌠rбс3"Ц┐cS3cBбсbЦc⌠┌ц ё#⌠┌бс▓Ц##C⌠┌бс#rЦCc⌠C#Bц ё#⌠▓бсBЦ3⌠cCrбс3rЦ⌠33▓ц ё3бс┐┌ЦSsSCCc┌бсCRЦC#┐┐bц ё3бсsЦ⌠c#c▓бсS"Ц3Css3Rц ё3"бсSBЦSCCC⌠▓бсSrЦs⌠⌠Ccц ё32бс3bЦcSsCsRбсcЦs3C⌠2ц ё3Bбс┌ЦCsC#rбсcBЦS⌠cц ё3RцBЦCC⌠SC#3┐├Rс2бсcBЦ▓ц ё3bц┌ЦCsC#rбсcBЦS⌠cц ё3rц3bЦcSsCsRбсcЦs3C⌠2ц ё3┌цSBЦSCCC⌠▓бсSrЦs⌠⌠Ccц ё3▓цsЦ⌠c#c▓бсS"Ц3Css3Rц ё3ц┐┌ЦSsSCCc┌бсCRЦC#┐┐bц ё3цBЦ3⌠cCrбс3rЦ⌠33▓ц ё3"ц▓Ц##C⌠┌бс#rЦCc⌠C#Bц ё32ц3"Ц┐cS3cBбсbЦc⌠┌ц ё3BцCRЦ#C┐ccBбсBЦcCS2ц ё3RцSbЦ#33Bбс⌠Цc3S3Bц ё3bцcRЦs3bбсsrЦs333#▓ц ё3rцs2ЦS⌠c⌠cBбсc2ЦCC⌠┌ц ё3┌цs▓Ц┐⌠┐▓бсCrЦ┐cs⌠C32ц ё3▓ц┐BЦ#┐⌠SSBбс3"Цs3⌠Cц ё3#ц┐bЦ⌠⌠S#бсbЦc3#cBц ё3#ц┐rЦ▓цЦ3┐c#CfRсBц#Pё3#"ц┐bЦ⌠⌠S#цbЦc3#cBц#Pё3#2ц┐BЦ#┐⌠SSBц3"Цs3⌠Cц#Pё3#Bцs▓Ц┐⌠┐▓цCrЦ┐cs⌠C32ц#Pё3#Rцs2ЦS⌠c⌠cBцc2ЦCC⌠┌ц#Pё3#bцcRЦs3bцsrЦs333#▓ц#Pё3#rцSbЦ#33Bц⌠Цc3S3Bц#Pё3#┌цCRЦ#C┐ccBцBЦcCS2ц#Pё3#▓ц3"Ц┐cS3cBцbЦc⌠┌ц#Pё33ц▓Ц##C⌠┌ц#rЦCc⌠C#Bц#Pё33цBЦ3⌠cCrц3rЦ⌠33▓ц#Pё33"ц┐┌ЦSsSCCc┌цCRЦC#┐┐bц#Pё332цsЦ⌠c#c▓цS"Ц3Css3Rц#Pё33BцSBЦSCCC⌠▓цSrЦs⌠⌠Ccц#Pё33Rц3bЦcSsCsRцcЦs3C⌠2ц#Pё33bц┌ЦCsC#rцcBЦS⌠cц#Pё33rц"Ц⌠3⌠#⌠#SsS&RсBцcBЦ▓ц#Pё33┌бс┌ЦCsC#rцcBЦS⌠cц#Pё33▓бс3bЦcSsCsRцcЦs3C⌠2ц#Pё3CбсSBЦSCCC⌠▓цSrЦs⌠⌠Ccц#Pё3CбсsЦ⌠c#c▓цS"Ц3Css3Rц#Pё3C"бс┐┌ЦSsSCCc┌цCRЦC#┐┐bц#Pё3C2бсBЦ3⌠cCrц3rЦ⌠33▓ц#Pё3CBбс▓Ц##C⌠┌ц#rЦCc⌠C#Bц#Pё3CRбс3"Ц┐cS3cBцbЦc⌠┌ц#Pё3CbбсCRЦ#C┐ccBцBЦcCS2ц#Pё3CrбсSbЦ#33Bц⌠Цc3S3Bц#Pё3C┌бсcRЦs3bцsrЦs333#▓ц#Pё3C▓бсs2ЦS⌠c⌠cBцc2ЦCC⌠┌ц#Pё3Sбсs▓Ц┐⌠┐▓цCrЦ┐cs⌠C32ц#Pё3Sбс┐BЦ#┐⌠SSBц3"Цs3⌠Cц#Pё3S"бс┐bЦ⌠⌠S#цbЦc3#cBц#Pё3S2бс┐rЦ▓бсBЦ3⌠ScS┐C6Rс2ц#Pё3SBбс┐bЦ⌠⌠S#бсbЦc3#cBц#Pё3SRбс┐BЦ#┐⌠SSBбс3"Цs3⌠Cц#Pё3Sbбсs▓Ц┐⌠┐▓бсCrЦ┐cs⌠C32ц#Pё3Srбсs2ЦS⌠c⌠cBбсc2ЦCC⌠┌ц#Pё3S┌бсcRЦs3bбсsrЦs333#▓ц#Pё3S▓бсSbЦ#33Bбс⌠Цc3S3Bц#Pё3cбсCRЦ#C┐ccBбсBЦcCS2ц#Pё3cбс3"Ц┐cS3cBбсbЦc⌠┌ц#Pё3c"бс▓Ц##C⌠┌бс#rЦCc⌠C#Bц#Pё3c2бсBЦ3⌠cCrбс3rЦ⌠33▓ц#Pё3cBбс┐┌ЦSsSCCc┌бсCRЦC#┐┐bц#Pё3cRбсsЦ⌠c#c▓бсS"Ц3Css3Rц#Pё3cbбсSBЦSCCC⌠▓бсSrЦs⌠⌠Ccц#Pё3crбс3bЦcSsCsRбсcЦs3C⌠2ц#Pё3c┌бс┌ЦCsC#rбсcBЦS⌠cц#Pё3c▓цBЦC#Cs#S33svRс2бсcBЦ▓ц#Pё3sц┌ЦCsC#rбсcBЦS⌠cц#Pё3sц3bЦcSsCsRбсcЦs3C⌠2ц#Pё3s"цSBЦSCCC⌠▓бсSrЦs⌠⌠Ccц#Pё3s2цsЦ⌠c#c▓бсS"Ц3Css3Rц#Pё3sBц┐┌ЦSsSCCc┌бсCRЦC#┐┐bц#Pё3sRцBЦ3⌠cCrбс3rЦ⌠33▓ц#Pё3sbц▓Ц##C⌠┌бс#rЦCc⌠C#Bц#Pё3srц3"Ц┐cS3cBбсbЦc⌠┌ц#Pё3s┌цCRЦ#C┐ccBбсBЦcCS2ц#Pё3s▓цSbЦ#33Bбс⌠Цc3S3Bц#Pё3┐цcRЦs3bбсsrЦs333#▓ц#Pё3┐цs2ЦS⌠c⌠cBбсc2ЦCC⌠┌ц#Pё3┐"цs▓Ц┐⌠┐▓бсCrЦ┐cs⌠C32ц#Pё3┐2ц┐BЦ#┐⌠SSBбс3"Цs3⌠Cц#Pё3┐Bц┐bЦ⌠⌠S#бсbЦc3#cBц#Pё3┐Rц┐rЦ▓цЦ#┐cCCSs#VRсBцS ё3┐bц┐bЦ⌠⌠S#цbЦc3#cBцS ё3┐rц┐BЦ#┐⌠SSBц3"Цs3⌠CцS ё3┐┌цs▓Ц┐⌠┐▓цCrЦ┐cs⌠C32цS ё3┐▓цs2ЦS⌠c⌠cBцc2ЦCC⌠┌цS ё3⌠цcRЦs3bцsrЦs333#▓цS ё3⌠цSbЦ#33Bц⌠Цc3S3BцS ё3⌠"цCRЦ#C┐ccBцBЦcCS2цS ё3⌠2ц3"Ц┐cS3cBцbЦc⌠┌цS ё3⌠Bц▓Ц##C⌠┌ц#rЦCc⌠C#BцS ё3⌠RцBЦ3⌠cCrц3rЦ⌠33▓цS ё3⌠bц┐┌ЦSsSCCc┌цCRЦC#┐┐bцS ё3⌠rцsЦ⌠c#c▓цS"Ц3Css3RцS ё3⌠┌цSBЦSCCC⌠▓цSrЦs⌠⌠CcцS ё3⌠▓ц3bЦcSsCsRцcЦs3C⌠2цS ёCц┌ЦCsC#rцcBЦS⌠cцS ёCц2ЦC3⌠C33SRсBцcBЦ▓цS ёC"бс┌ЦCsC#rцcBЦS⌠cцS ёC2бс3bЦcSsCsRцcЦs3C⌠2цS ёCBбсSBЦSCCC⌠▓цSrЦs⌠⌠CcцS ёCRбсsЦ⌠c#c▓цS"Ц3Css3RцS ёCbбс┐┌ЦSsSCCc┌цCRЦC#┐┐bцS ёCrбсBЦ3⌠cCrц3rЦ⌠33▓цS ёC┌бс▓Ц##C⌠┌ц#rЦCc⌠C#BцS ёC▓бс3"Ц┐cS3cBцbЦc⌠┌цS ёCбсCRЦ#C┐ccBцBЦcCS2цS ёCбсSbЦ#33Bц⌠Цc3S3BцS ёC"бсcRЦs3bцsrЦs333#▓цS ёC2бсs2ЦS⌠c⌠cBцc2ЦCC⌠┌цS ёCBбсs▓Ц┐⌠┐▓цCrЦ┐cs⌠C32цS ёCRбс┐BЦ#┐⌠SSBц3"Цs3⌠CцS ёCbбс┐bЦ⌠⌠S#цbЦc3#cBцS ёCrбс┐rЦ▓бсBЦC#3⌠Cc3#SfRс2цS ёC┌бс┐bЦ⌠⌠S#бсbЦc3#cBцS ёC▓бс┐BЦ#┐⌠SSBбс3"Цs3⌠CцS ёC#бсs▓Ц┐⌠┐▓бсCrЦ┐cs⌠C32цS ёC#бсs2ЦS⌠c⌠cBбсc2ЦCC⌠┌цS ёC#"бсcRЦs3bбсsrЦs333#▓цS ёC#2бсSbЦ#33Bбс⌠Цc3S3BцS ёC#BбсCRЦ#C┐ccBбсBЦcCS2цS ёC#Rбс3"Ц┐cS3cBбсbЦc⌠┌цS ёC#bбс▓Ц##C⌠┌бс#rЦCc⌠C#BцS ёC#rбсBЦ3⌠cCrбс3rЦ⌠33▓цS ёC#┌бс┐┌ЦSsSCCc┌бсCRЦC#┐┐bцS ёC#▓бсsЦ⌠c#c▓бсS"Ц3Css3RцS ёC3бсSBЦSCCC⌠▓бсSrЦs⌠⌠CcцS ёC3бс3bЦcSsCsRбсcЦs3C⌠2цS ёC3"бс┌ЦCsC#rбсcBЦS⌠cцS ёC32цBЦC33s⌠SS3⌠CVRс2бсcBЦ▓цS ёC3Bц┌ЦCsC#rбсcBЦS⌠cцS ёC3Rц3bЦcSsCsRбсcЦs3C⌠2цS ёC3bцSBЦSCCC⌠▓бсSrЦs⌠⌠CcцS ёC3rцsЦ⌠c#c▓бсS"Ц3Css3RцS ёC3┌ц┐┌ЦSsSCCc┌бсCRЦC#┐┐bцS ёC3▓цBЦ3⌠cCrбс3rЦ⌠33▓цS ёCCц▓Ц##C⌠┌бс#rЦCc⌠C#BцS ёCCц3"Ц┐cS3cBбсbЦc⌠┌цS ёCC"цCRЦ#C┐ccBбсBЦcCS2цS ёCC2цSbЦ#33Bбс⌠Цc3S3BцS ёCCBцcRЦs3bбсsrЦs333#▓цS ёCCRцs2ЦS⌠c⌠cBбсc2ЦCC⌠┌цS ёCCbцs▓Ц┐⌠┐▓бсCrЦ┐cs⌠C32цS ёCCrц┐BЦ#┐⌠SSBбс3"Цs3⌠CцS ёCC┌ц┐bЦ⌠⌠S#бсbЦc3#cBцS ёCC▓ц┐rЦ▓цЦCSc⌠sSCvRсBцsPёCSц┐bЦ⌠⌠S#цbЦc3#cBцsPёCSц┐BЦ#┐⌠SSBц3"Цs3⌠CцsPёCS"цs▓Ц┐⌠┐▓цCrЦ┐cs⌠C32цsPёCS2цs2ЦS⌠c⌠cBцc2ЦCC⌠┌цsPёCSBцcRЦs3bцsrЦs333#▓цsPёCSRцSbЦ#33Bц⌠Цc3S3BцsPёCSbцCRЦ#C┐ccBцBЦcCS2цsPёCSrц3"Ц┐cS3cBцbЦc⌠┌цsPёCS┌ц▓Ц##C⌠┌ц#rЦCc⌠C#BцsPёCS▓цBЦ3⌠cCrц3rЦ⌠33▓цsPёCcц┐┌ЦSsSCCc┌цCRЦC#┐┐bцsPёCcцsЦ⌠c#c▓цS"Ц3Css3RцsPёCc"цSBЦSCCC⌠▓цSrЦs⌠⌠CcцsPёCc2ц3bЦcSsCsRцcЦs3C⌠2цsPёCcBц┌ЦCsC#rцcBЦS⌠cцsPёCcRц2Ц#┐3#s┐CcvRсBцcBЦ▓цsPёCcbбс┌ЦCsC#rцcBЦS⌠cцsPёCcrбс3bЦcSsCsRцcЦs3C⌠2цsPёCc┌бсSBЦSCCC⌠▓цSrЦs⌠⌠CcцsPёCc▓бсsЦ⌠c#c▓цS"Ц3Css3RцsPёCsбс┐┌ЦSsSCCc┌цCRЦC#┐┐bцsPёCsбсBЦ3⌠cCrц3rЦ⌠33▓цsPёCs"бс▓Ц##C⌠┌ц#rЦCc⌠C#BцsPёCs2бс3"Ц┐cS3cBцbЦc⌠┌цsPёCsBбсCRЦ#C┐ccBцBЦcCS2цsPёCsRбсSbЦ#33Bц⌠Цc3S3BцsPёCsbбсcRЦs3bцsrЦs333#▓цsPёCsrбсs2ЦS⌠c⌠cBцc2ЦCC⌠┌цsPёCs┌бсs▓Ц┐⌠┐▓цCrЦ┐cs⌠C32цsPёCs▓бс┐BЦ#┐⌠SSBц3"Цs3⌠CцsPёC┐бс┐bЦ⌠⌠S#цbЦc3#cBцsPёC┐бс┐rЦ▓бсBЦCC┐3###3Rс2цsPёC┐"бс┐bЦ⌠⌠S#бсbЦc3#cBцsPёC┐2бс┐BЦ#┐⌠SSBбс3"Цs3⌠CцsPёC┐Bбсs▓Ц┐⌠┐▓бсCrЦ┐cs⌠C32цsPёC┐Rбсs2ЦS⌠c⌠cBбсc2ЦCC⌠┌цsPёC┐bбсcRЦs3bбсsrЦs333#▓цsPёC┐rбсSbЦ#33Bбс⌠Цc3S3BцsPёC┐┌бсCRЦ#C┐ccBбсBЦcCS2цsPёC┐▓бс3"Ц┐cS3cBбсbЦc⌠┌цsPёC⌠бс▓Ц##C⌠┌бс#rЦCc⌠C#BцsPёC⌠бсBЦ3⌠cCrбс3rЦ⌠33▓цsPёC⌠"бс┐┌ЦSsSCCc┌бсCRЦC#┐┐bцsPёC⌠2бсsЦ⌠c#c▓бсS"Ц3Css3RцsPёC⌠BбсSBЦSCCC⌠▓бсSrЦs⌠⌠CcцsPёC⌠Rбс3bЦcSsCsRбсcЦs3C⌠2цsPёC⌠bбс┌ЦCsC#rбсcBЦS⌠cцsPёC⌠rцBЦC#ccs3#vRс2бсcBЦ▓цsPёC⌠┌ц┌ЦCsC#rбсcBЦS⌠cцsPёC⌠▓ц3bЦcSsCsRбсcЦs3C⌠2цsPёSцSBЦSCCC⌠▓бсSrЦs⌠⌠CcцsPёSцsЦ⌠c#c▓бсS"Ц3Css3RцsPёS"ц┐┌ЦSsSCCc┌бсCRЦC#┐┐bцsPёS2цBЦ3⌠cCrбс3rЦ⌠33▓цsPёSBц▓Ц##C⌠┌бс#rЦCc⌠C#BцsPёSRц3"Ц┐cS3cBбсbЦc⌠┌цsPёSbцCRЦ#C┐ccBбсBЦcCS2цsPёSrцSbЦ#33Bбс⌠Цc3S3BцsPёS┌цcRЦs3bбсsrЦs333#▓цsPёS▓цs2ЦS⌠c⌠cBбсc2ЦCC⌠┌цsPёSцs▓Ц┐⌠┐▓бсCrЦ┐cs⌠C32цsPёSц┐BЦ#┐⌠SSBбс3"Цs3⌠CцsPёS"ц┐bЦ⌠⌠S#бсbЦc3#cBцsPёS2ц┐rЦ▓цЦS#3#3sfRсBц# ёSBц┐bЦ⌠⌠S#цbЦc3#cBц# ёSRц┐BЦ#┐⌠SSBц3"Цs3⌠Cц# ёSbцs▓Ц┐⌠┐▓цCrЦ┐cs⌠C32ц# ёSrцs2ЦS⌠c⌠cBцc2ЦCC⌠┌ц# ёS┌цcRЦs3bцsrЦs333#▓ц# ёS▓цSbЦ#33Bц⌠Цc3S3Bц# ёS#цCRЦ#C┐ccBцBЦcCS2ц# ёS#ц3"Ц┐cS3cBцbЦc⌠┌ц# ёS#"ц▓Ц##C⌠┌ц#rЦCc⌠C#Bц# ёS#2цBЦ3⌠cCrц3rЦ⌠33▓ц# ёS#Bц┐┌ЦSsSCCc┌цCRЦC#┐┐bц# ёS#RцsЦ⌠c#c▓цS"Ц3Css3Rц# ёS#bцSBЦSCCC⌠▓цSrЦs⌠⌠Ccц# ёS#rц3bЦcSsCsRцcЦs3C⌠2ц# ёS#┌ц┌ЦCsC#rцcBЦS⌠cц# ёS#▓ц2Ц3Ss#cc#⌠FRсBцcBЦ▓ц# ёS3бс┌ЦCsC#rцcBЦS⌠cц# ёS3бс3bЦcSsCsRцcЦs3C⌠2ц# ёS3"бсSBЦSCCC⌠▓цSrЦs⌠⌠Ccц# ёS32бсsЦ⌠c#c▓цS"Ц3Css3Rц# ёS3Bбс┐┌ЦSsSCCc┌цCRЦC#┐┐bц# ёS3RбсBЦ3⌠cCrц3rЦ⌠33▓ц# ёS3bбс▓Ц##C⌠┌ц#rЦCc⌠C#Bц# ёS3rбс3"Ц┐cS3cBцbЦc⌠┌ц# ёS3┌бсCRЦ#C┐ccBцBЦcCS2ц# ёS3▓бсSbЦ#33Bц⌠Цc3S3Bц# ёSCбсcRЦs3bцsrЦs333#▓ц# ёSCбсs2ЦS⌠c⌠cBцc2ЦCC⌠┌ц# ёSC"бсs▓Ц┐⌠┐▓цCrЦ┐cs⌠C32ц# ёSC2бс┐BЦ#┐⌠SSBц3"Цs3⌠Cц# ёSCBбс┐bЦ⌠⌠S#цbЦc3#cBц# ёSCRбс┐rЦ▓бсBЦCs┐CC⌠#Ss6Rс2ц# ёSCbбс┐bЦ⌠⌠S#бсbЦc3#cBц# ёSCrбс┐BЦ#┐⌠SSBбс3"Цs3⌠Cц# ёSC┌бсs▓Ц┐⌠┐▓бсCrЦ┐cs⌠C32ц# ёSC▓бсs2ЦS⌠c⌠cBбсc2ЦCC⌠┌ц# ёSSбсcRЦs3bбсsrЦs333#▓ц# ёSSбсSbЦ#33Bбс⌠Цc3S3Bц# ёSS"бсCRЦ#C┐ccBбсBЦcCS2ц# ёSS2бс3"Ц┐cS3cBбсbЦc⌠┌ц# ёSSBбс▓Ц##C⌠┌бс#rЦCc⌠C#Bц# ёSSRбсBЦ3⌠cCrбс3rЦ⌠33▓ц# ёSSbбс┐┌ЦSsSCCc┌бсCRЦC#┐┐bц# ёSSrбсsЦ⌠c#c▓бсS"Ц3Css3Rц# ёSS┌бсSBЦSCCC⌠▓бсSrЦs⌠⌠Ccц# ёSS▓бс3bЦcSsCsRбсcЦs3C⌠2ц# ёScбс┌ЦCsC#rбсcBЦS⌠cц# ёScцBЦ3⌠CCc&Rс2бсcBЦ▓ц# ёSc"ц┌ЦCsC#rбсcBЦS⌠cц# ёSc2ц3bЦcSsCsRбсcЦs3C⌠2ц# ёScBцSBЦSCCC⌠▓бсSrЦs⌠⌠Ccц# ёScRцsЦ⌠c#c▓бсS"Ц3Css3Rц# ёScbц┐┌ЦSsSCCc┌бсCRЦC#┐┐bц# ёScrцBЦ3⌠cCrбс3rЦ⌠33▓ц# ёSc┌ц▓Ц##C⌠┌бс#rЦCc⌠C#Bц# ёSc▓ц3"Ц┐cS3cBбсbЦc⌠┌ц# ёSsцCRЦ#C┐ccBбсBЦcCS2ц# ёSsцSbЦ#33Bбс⌠Цc3S3Bц# ёSs"цcRЦs3bбсsrЦs333#▓ц# ёSs2цs2ЦS⌠c⌠cBбсc2ЦCC⌠┌ц# ёSsBцs▓Ц┐⌠┐▓бсCrЦ┐cs⌠C32ц# ёSsRц┐BЦ#┐⌠SSBбс3"Цs3⌠Cц# ёSsbц┐bЦ⌠⌠S#бсbЦc3#cBц# ёSsrц┐rЦ▓цЦSssS3#c⌠#6RсBц##PёSs┌ц┐bЦ⌠⌠S#цbЦc3#cBц##PёSs▓ц┐BЦ#┐⌠SSBц3"Цs3⌠Cц##PёS┐цs▓Ц┐⌠┐▓цCrЦ┐cs⌠C32ц##PёS┐цs2ЦS⌠c⌠cBцc2ЦCC⌠┌ц##PёS┐"цcRЦs3bцsrЦs333#▓ц##PёS┐2цSbЦ#33Bц⌠Цc3S3Bц##PёS┐BцCRЦ#C┐ccBцBЦcCS2ц##PёS┐Rц3"Ц┐cS3cBцbЦc⌠┌ц##PёS┐bц▓Ц##C⌠┌ц#rЦCc⌠C#Bц##PёS┐rцBЦ3⌠cCrц3rЦ⌠33▓ц##PёS┐┌ц┐┌ЦSsSCCc┌цCRЦC#┐┐bц##PёS┐▓цsЦ⌠c#c▓цS"Ц3Css3Rц##PёS⌠цSBЦSCCC⌠▓цSrЦs⌠⌠Ccц##PёS⌠ц3bЦcSsCsRцcЦs3C⌠2ц##PёS⌠"ц┌ЦCsC#rцcBЦS⌠cц##PёS⌠2ц2Ц#S┐┐c3c┐├RсBцcBЦ▓ц##PёS⌠Bбс┌ЦCsC#rцcBЦS⌠cц##PёS⌠Rбс3bЦcSsCsRцcЦs3C⌠2ц##PёS⌠bбсSBЦSCCC⌠▓цSrЦs⌠⌠Ccц##PёS⌠rбсsЦ⌠c#c▓цS"Ц3Css3Rц##PёS⌠┌бс┐┌ЦSsSCCc┌цCRЦC#┐┐bц##PёS⌠▓бсBЦ3⌠cCrц3rЦ⌠33▓ц##Pёcбс▓Ц##C⌠┌ц#rЦCc⌠C#Bц##Pёcбс3"Ц┐cS3cBцbЦc⌠┌ц##Pёc"бсCRЦ#C┐ccBцBЦcCS2ц##Pёc2бсSbЦ#33Bц⌠Цc3S3Bц##PёcBбсcRЦs3bцsrЦs333#▓ц##PёcRбсs2ЦS⌠c⌠cBцc2ЦCC⌠┌ц##Pёcbбсs▓Ц┐⌠┐▓цCrЦ┐cs⌠C32ц##Pёcrбс┐BЦ#┐⌠SSBц3"Цs3⌠Cц##Pёc┌бс┐bЦ⌠⌠S#цbЦc3#cBц##Pёc▓бс┐rЦ▓бсBЦSCC┐⌠⌠c⌠√Rс2ц##Pёcбс┐bЦ⌠⌠S#бсbЦc3#cBц##Pёcбс┐BЦ#┐⌠SSBбс3"Цs3⌠Cц##Pёc"бсs▓Ц┐⌠┐▓бсCrЦ┐cs⌠C32ц##Pёc2бсs2ЦS⌠c⌠cBбсc2ЦCC⌠┌ц##PёcBбсcRЦs3bбсsrЦs333#▓ц##PёcRбсSbЦ#33Bбс⌠Цc3S3Bц##PёcbбсCRЦ#C┐ccBбсBЦcCS2ц##Pёcrбс3"Ц┐cS3cBбсbЦc⌠┌ц##Pёc┌бс▓Ц##C⌠┌бс#rЦCc⌠C#Bц##Pёc▓бсBЦ3⌠cCrбс3rЦ⌠33▓ц##Pёc#бс┐┌ЦSsSCCc┌бсCRЦC#┐┐bц##Pёc#бсsЦ⌠c#c▓бсS"Ц3Css3Rц##Pёc#"бсSBЦSCCC⌠▓бсSrЦs⌠⌠Ccц##Pёc#2бс3bЦcSsCsRбсcЦs3C⌠2ц##Pёc#Bбс┌ЦCsC#rбсcBЦS⌠cц##Pёc#RцBЦ3┐s⌠#C#┐Rс2бсcBЦ▓ц##Pёc#bц┌ЦCsC#rбсcBЦS⌠cц##Pёc#rц3bЦcSsCsRбсcЦs3C⌠2ц##Pёc#┌цSBЦSCCC⌠▓бсSrЦs⌠⌠Ccц##Pёc#▓цsЦ⌠c#c▓бсS"Ц3Css3Rц##Pёc3ц┐┌ЦSsSCCc┌бсCRЦC#┐┐bц##Pёc3цBЦ3⌠cCrбс3rЦ⌠33▓ц##Pёc3"ц▓Ц##C⌠┌бс#rЦCc⌠C#Bц##Pёc32ц3"Ц┐cS3cBбсbЦc⌠┌ц##Pёc3BцCRЦ#C┐ccBбсBЦcCS2ц##Pёc3RцSbЦ#33Bбс⌠Цc3S3Bц##Pёc3bцcRЦs3bбсsrЦs333#▓ц##Pёc3rцs2ЦS⌠c⌠cBбсc2ЦCC⌠┌ц##Pёc3┌цs▓Ц┐⌠┐▓бсCrЦ┐cs⌠C32ц##Pёc3▓ц┐BЦ#┐⌠SSBбс3"Цs3⌠Cц##PёcCц┐bЦ⌠⌠S#бсbЦc3#cBц##PёcCц┐rЦ▓цЦc⌠sC┐cC┐s⌠vRсBц#S ёcC"ц┐bЦ⌠⌠S#цbЦc3#cBц#S ёcC2ц┐BЦ#┐⌠SSBц3"Цs3⌠Cц#S ёcCBцs▓Ц┐⌠┐▓цCrЦ┐cs⌠C32ц#S ёcCRцs2ЦS⌠c⌠cBцc2ЦCC⌠┌ц#S ёcCbцcRЦs3bцsrЦs333#▓ц#S ёcCrцSbЦ#33Bц⌠Цc3S3Bц#S ёcC┌цCRЦ#C┐ccBцBЦcCS2ц#S ёcC▓ц3"Ц┐cS3cBцbЦc⌠┌ц#S ёcSц▓Ц##C⌠┌ц#rЦCc⌠C#Bц#S ёcSцBЦ3⌠cCrц3rЦ⌠33▓ц#S ёcS"ц┐┌ЦSsSCCc┌цCRЦC#┐┐bц#S ёcS2цsЦ⌠c#c▓цS"Ц3Css3Rц#S ёcSBцSBЦSCCC⌠▓цSrЦs⌠⌠Ccц#S ёcSRц3bЦcSsCsRцcЦs3C⌠2ц#S ёcSbц┌ЦCsC#rцcBЦS⌠cц#S ёcSrц2Ц#c⌠3SS3S├RсBцcBЦ▓ц#S ёcS┌бс┌ЦCsC#rцcBЦS⌠cц#S ёcS▓бс3bЦcSsCsRцcЦs3C⌠2ц#S ёccбсSBЦSCCC⌠▓цSrЦs⌠⌠Ccц#S ёccбсsЦ⌠c#c▓цS"Ц3Css3Rц#S ёcc"бс┐┌ЦSsSCCc┌цCRЦC#┐┐bц#S ёcc2бсBЦ3⌠cCrц3rЦ⌠33▓ц#S ёccBбс▓Ц##C⌠┌ц#rЦCc⌠C#Bц#S ёccRбс3"Ц┐cS3cBцbЦc⌠┌ц#S ёccbбсCRЦ#C┐ccBцBЦcCS2ц#S ёccrбсSbЦ#33Bц⌠Цc3S3Bц#S ёcc┌бсcRЦs3bцsrЦs333#▓ц#S ёcc▓бсs2ЦS⌠c⌠cBцc2ЦCC⌠┌ц#S ёcsбсs▓Ц┐⌠┐▓цCrЦ┐cs⌠C32ц#S ёcsбс┐BЦ#┐⌠SSBц3"Цs3⌠Cц#S ёcs"бс┐bЦ⌠⌠S#цbЦc3#cBц#S ёcs2бс┐rЦ▓бсBЦSCCcS┐3#vRс2ц#S ёcsBбс┐bЦ⌠⌠S#бсbЦc3#cBц#S ёcsRбс┐BЦ#┐⌠SSBбс3"Цs3⌠Cц#S ёcsbбсs▓Ц┐⌠┐▓бсCrЦ┐cs⌠C32ц#S ёcsrбсs2ЦS⌠c⌠cBбсc2ЦCC⌠┌ц#S ёcs┌бсcRЦs3bбсsrЦs333#▓ц#S ёcs▓бсSbЦ#33Bбс⌠Цc3S3Bц#S ёc┐бсCRЦ#C┐ccBбсBЦcCS2ц#S ёc┐бс3"Ц┐cS3cBбсbЦc⌠┌ц#S ёc┐"бс▓Ц##C⌠┌бс#rЦCc⌠C#Bц#S ёc┐2бсBЦ3⌠cCrбс3rЦ⌠33▓ц#S ёc┐Bбс┐┌ЦSsSCCc┌бсCRЦC#┐┐bц#S ёc┐RбсsЦ⌠c#c▓бсS"Ц3Css3Rц#S ёc┐bбсSBЦSCCC⌠▓бсSrЦs⌠⌠Ccц#S ёc┐rбс3bЦcSsCsRбсcЦs3C⌠2ц#S ёc┐┌бс┌ЦCsC#rбсcBЦS⌠cц#S ёc┐▓цBЦCcS3#⌠svRс2бсcBЦ▓ц#S ёc⌠ц┌ЦCsC#rбсcBЦS⌠cц#S ёc⌠ц3bЦcSsCsRбсcЦs3C⌠2ц#S ёc⌠"цSBЦSCCC⌠▓бсSrЦs⌠⌠Ccц#S ёc⌠2цsЦ⌠c#c▓бсS"Ц3Css3Rц#S ёc⌠Bц┐┌ЦSsSCCc┌бсCRЦC#┐┐bц#S ёc⌠RцBЦ3⌠cCrбс3rЦ⌠33▓ц#S ёc⌠bц▓Ц##C⌠┌бс#rЦCc⌠C#Bц#S ёc⌠rц3"Ц┐cS3cBбсbЦc⌠┌ц#S ёc⌠┌цCRЦ#C┐ccBбсBЦcCS2ц#S ёc⌠▓цSbЦ#33Bбс⌠Цc3S3Bц#S ёsцcRЦs3bбсsrЦs333#▓ц#S ёsцs2ЦS⌠c⌠cBбсc2ЦCC⌠┌ц#S ёs"цs▓Ц┐⌠┐▓бсCrЦ┐cs⌠C32ц#S ёs2ц┐BЦ#┐⌠SSBбс3"Цs3⌠Cц#S ёsBц┐bЦ⌠⌠S#бсbЦc3#cBц#S ёsRц┐rЦ▓цЦ┐c⌠CcS#c3├RсBц#sPёsbц┐bЦ⌠⌠S#цbЦc3#cBц#sPёsrц┐BЦ#┐⌠SSBц3"Цs3⌠Cц#sPёs┌цs▓Ц┐⌠┐▓цCrЦ┐cs⌠C32ц#sPёs▓цs2ЦS⌠c⌠cBцc2ЦCC⌠┌ц#sPёsцcRЦs3bцsrЦs333#▓ц#sPёsцSbЦ#33Bц⌠Цc3S3Bц#sPёs"цCRЦ#C┐ccBцBЦcCS2ц#sPёs2ц3"Ц┐cS3cBцbЦc⌠┌ц#sPёsBц▓Ц##C⌠┌ц#rЦCc⌠C#Bц#sPёsRцBЦ3⌠cCrц3rЦ⌠33▓ц#sPёsbц┐┌ЦSsSCCc┌цCRЦC#┐┐bц#sPёsrцsЦ⌠c#c▓цS"Ц3Css3Rц#sPёs┌цSBЦSCCC⌠▓цSrЦs⌠⌠Ccц#sPёs▓ц3bЦcSsCsRцcЦs3C⌠2ц#sPёs#ц┌ЦCsC#rцcBЦS⌠cц#sPёs#ц2Ц#┐s┐s3⌠s#√RсBцcBЦ▓ц#sPёs#"бс┌ЦCsC#rцcBЦS⌠cц#sPёs#2бс3bЦcSsCsRцcЦs3C⌠2ц#sPёs#BбсSBЦSCCC⌠▓цSrЦs⌠⌠Ccц#sPёs#RбсsЦ⌠c#c▓цS"Ц3Css3Rц#sPёs#bбс┐┌ЦSsSCCc┌цCRЦC#┐┐bц#sPёs#rбсBЦ3⌠cCrц3rЦ⌠33▓ц#sPёs#┌бс▓Ц##C⌠┌ц#rЦCc⌠C#Bц#sPёs#▓бс3"Ц┐cS3cBцbЦc⌠┌ц#sPёs3бсCRЦ#C┐ccBцBЦcCS2ц#sPёs3бсSbЦ#33Bц⌠Цc3S3Bц#sPёs3"бсcRЦs3bцsrЦs333#▓ц#sPёs32бсs2ЦS⌠c⌠cBцc2ЦCC⌠┌ц#sPёs3Bбсs▓Ц┐⌠┐▓цCrЦ┐cs⌠C32ц#sPёs3Rбс┐BЦ#┐⌠SSBц3"Цs3⌠Cц#sPёs3bбс┐bЦ⌠⌠S#цbЦc3#cBц#sPёs3rбс┐rЦ▓бсBЦS⌠#s3C###S√Rс2ц#sPёs3┌бс┐bЦ⌠⌠S#бсbЦc3#cBц#sPёs3▓бс┐BЦ#┐⌠SSBбс3"Цs3⌠Cц#sPёsCбсs▓Ц┐⌠┐▓бсCrЦ┐cs⌠C32ц#sPёsCбсs2ЦS⌠c⌠cBбсc2ЦCC⌠┌ц#sPёsC"бсcRЦs3bбсsrЦs333#▓ц#sPёsC2бсSbЦ#33Bбс⌠Цc3S3Bц#sPёsCBбсCRЦ#C┐ccBбсBЦcCS2ц#sPёsCRбс3"Ц┐cS3cBбсbЦc⌠┌ц#sPёsCbбс▓Ц##C⌠┌бс#rЦCc⌠C#Bц#sPёsCrбсBЦ3⌠cCrбс3rЦ⌠33▓ц#sPёsC┌бс┐┌ЦSsSCCc┌бсCRЦC#┐┐bц#sPёsC▓бсsЦ⌠c#c▓бсS"Ц3Css3Rц#sPёsSбсSBЦSCCC⌠▓бсSrЦs⌠⌠Ccц#sPёsSбс3bЦcSsCsRбсcЦs3C⌠2ц#sPёsS"бс┌ЦCsC#rбсcBЦS⌠cц#sPёsS2цBЦC###┐s3##√Rс2бсcBЦ▓ц#sPёsSBц┌ЦCsC#rбсcBЦS⌠cц#sPёsSRц3bЦcSsCsRбсcЦs3C⌠2ц#sPёsSbцSBЦSCCC⌠▓бсSrЦs⌠⌠Ccц#sPёsSrцsЦ⌠c#c▓бсS"Ц3Css3Rц#sPёsS┌ц┐┌ЦSsSCCc┌бсCRЦC#┐┐bц#sPёsS▓цBЦ3⌠cCrбс3rЦ⌠33▓ц#sPёscц▓Ц##C⌠┌бс#rЦCc⌠C#Bц#sPёscц3"Ц┐cS3cBбсbЦc⌠┌ц#sPёsc"цCRЦ#C┐ccBбсBЦcCS2ц#sPёsc2цSbЦ#33Bбс⌠Цc3S3Bц#sPёscBцcRЦs3bбсsrЦs333#▓ц#sPёscRцs2ЦS⌠c⌠cBбсc2ЦCC⌠┌ц#sPёscbцs▓Ц┐⌠┐▓бсCrЦ┐cs⌠C32ц#sPёscrц┐BЦ#┐⌠SSBбс3"Цs3⌠Cц#sPёsc┌ц┐bЦ⌠⌠S#бсbЦc3#cBц#sPёsc▓ц┐rЦ▓цЦcC3#C#⌠⌠S#&RсBц3 ёssц┐bЦ⌠⌠S#цbЦc3#cBц3 ёssц┐BЦ#┐⌠SSBц3"Цs3⌠Cц3 ёss"цs▓Ц┐⌠┐▓цCrЦ┐cs⌠C32ц3 ёss2цs2ЦS⌠c⌠cBцc2ЦCC⌠┌ц3 ёssBцcRЦs3bцsrЦs333#▓ц3 ёssRцSbЦ#33Bц⌠Цc3S3Bц3 ёssbцCRЦ#C┐ccBцBЦcCS2ц3 ёssrц3"Ц┐cS3cBцbЦc⌠┌ц3 ёss┌ц▓Ц##C⌠┌ц#rЦCc⌠C#Bц3 ёss▓цBЦ3⌠cCrц3rЦ⌠33▓ц3 ёs┐ц┐┌ЦSsSCCc┌цCRЦC#┐┐bц3 ёs┐цsЦ⌠c#c▓цS"Ц3Css3Rц3 ёs┐"цSBЦSCCC⌠▓цSrЦs⌠⌠Ccц3 ёs┐2ц3bЦcSsCsRцcЦs3C⌠2ц3 ёs┐Bц┌ЦCsC#rцcBЦS⌠cц3 ёs┐Rц"Ц⌠#c⌠#⌠s├RсBцcBЦ▓ц3 ёs┐bбс┌ЦCsC#rцcBЦS⌠cц3 ёs┐rбс3bЦcSsCsRцcЦs3C⌠2ц3 ёs┐┌бсSBЦSCCC⌠▓цSrЦs⌠⌠Ccц3 ёs┐▓бсsЦ⌠c#c▓цS"Ц3Css3Rц3 ёs⌠бс┐┌ЦSsSCCc┌цCRЦC#┐┐bц3 ёs⌠бсBЦ3⌠cCrц3rЦ⌠33▓ц3 ёs⌠"бс▓Ц##C⌠┌ц#rЦCc⌠C#Bц3 ёs⌠2бс3"Ц┐cS3cBцbЦc⌠┌ц3 ёs⌠BбсCRЦ#C┐ccBцBЦcCS2ц3 ёs⌠RбсSbЦ#33Bц⌠Цc3S3Bц3 ёs⌠bбсcRЦs3bцsrЦs333#▓ц3 ёs⌠rбсs2ЦS⌠c⌠cBцc2ЦCC⌠┌ц3 ёs⌠┌бсs▓Ц┐⌠┐▓цCrЦ┐cs⌠C32ц3 ёs⌠▓бс┐BЦ#┐⌠SSBц3"Цs3⌠Cц3 ё┐бс┐bЦ⌠⌠S#цbЦc3#cBц3 ё┐бс┐rЦ▓бсBЦc3SS┐3c⌠CFRс2ц3 ё┐"бс┐bЦ⌠⌠S#бсbЦc3#cBц3 ё┐2бс┐BЦ#┐⌠SSBбс3"Цs3⌠Cц3 ё┐Bбсs▓Ц┐⌠┐▓бсCrЦ┐cs⌠C32ц3 ё┐Rбсs2ЦS⌠c⌠cBбсc2ЦCC⌠┌ц3 ё┐bбсcRЦs3bбсsrЦs333#▓ц3 ё┐rбсSbЦ#33Bбс⌠Цc3S3Bц3 ё┐┌бсCRЦ#C┐ccBбсBЦcCS2ц3 ё┐▓бс3"Ц┐cS3cBбсbЦc⌠┌ц3 ё┐бс▓Ц##C⌠┌бс#rЦCc⌠C#Bц3 ё┐бсBЦ3⌠cCrбс3rЦ⌠33▓ц3 ё┐"бс┐┌ЦSsSCCc┌бсCRЦC#┐┐bц3 ё┐2бсsЦ⌠c#c▓бсS"Ц3Css3Rц3 ё┐BбсSBЦSCCC⌠▓бсSrЦs⌠⌠Ccц3 ё┐Rбс3bЦcSsCsRбсcЦs3C⌠2ц3 ё┐bбс┌ЦCsC#rбсcBЦS⌠cц3 ё┐rцBЦC3S⌠⌠SFRс2бсcBЦ▓ц3 ё┐┌ц┌ЦCsC#rбсcBЦS⌠cц3 ё┐▓ц3bЦcSsCsRбсcЦs3C⌠2ц3 ё┐#цSBЦSCCC⌠▓бсSrЦs⌠⌠Ccц3 ё┐#цsЦ⌠c#c▓бсS"Ц3Css3Rц3 ё┐#"ц┐┌ЦSsSCCc┌бсCRЦC#┐┐bц3 ё┐#2цBЦ3⌠cCrбс3rЦ⌠33▓ц3 ё┐#Bц▓Ц##C⌠┌бс#rЦCc⌠C#Bц3 ё┐#Rц3"Ц┐cS3cBбсbЦc⌠┌ц3 ё┐#bцCRЦ#C┐ccBбсBЦcCS2ц3 ё┐#rцSbЦ#33Bбс⌠Цc3S3Bц3 ё┐#┌цcRЦs3bбсsrЦs333#▓ц3 ё┐#▓цs2ЦS⌠c⌠cBбсc2ЦCC⌠┌ц3 ё┐3цs▓Ц┐⌠┐▓бсCrЦ┐cs⌠C32ц3 ё┐3ц┐BЦ#┐⌠SSBбс3"Цs3⌠Cц3 ё┐3"ц┐bЦ⌠⌠S#бсbЦc3#cBц3 ё┐32ц┐rЦ▓цЦ⌠##scs⌠FRсBц3#Pё┐3Bц┐bЦ⌠⌠S#цbЦc3#cBц3#Pё┐3Rц┐BЦ#┐⌠SSBц3"Цs3⌠Cц3#Pё┐3bцs▓Ц┐⌠┐▓цCrЦ┐cs⌠C32ц3#Pё┐3rцs2ЦS⌠c⌠cBцc2ЦCC⌠┌ц3#Pё┐3┌цcRЦs3bцsrЦs333#▓ц3#Pё┐3▓цSbЦ#33Bц⌠Цc3S3Bц3#Pё┐CцCRЦ#C┐ccBцBЦcCS2ц3#Pё┐Cц3"Ц┐cS3cBцbЦc⌠┌ц3#Pё┐C"ц▓Ц##C⌠┌ц#rЦCc⌠C#Bц3#Pё┐C2цBЦ3⌠cCrц3rЦ⌠33▓ц3#Pё┐CBц┐┌ЦSsSCCc┌цCRЦC#┐┐bц3#Pё┐CRцsЦ⌠c#c▓цS"Ц3Css3Rц3#Pё┐CbцSBЦSCCC⌠▓цSrЦs⌠⌠Ccц3#Pё┐Crц3bЦcSsCsRцcЦs3C⌠2ц3#Pё┐C┌ц┌ЦCsC#rцcBЦS⌠cц3#Pё┐C▓ц2Ц┐3S#CCsSVRсBцcBЦ▓ц3#Pё┐Sбс┌ЦCsC#rцcBЦS⌠cц3#Pё┐Sбс3bЦcSsCsRцcЦs3C⌠2ц3#Pё┐S"бсSBЦSCCC⌠▓цSrЦs⌠⌠Ccц3#Pё┐S2бсsЦ⌠c#c▓цS"Ц3Css3Rц3#Pё┐SBбс┐┌ЦSsSCCc┌цCRЦC#┐┐bц3#Pё┐SRбсBЦ3⌠cCrц3rЦ⌠33▓ц3#Pё┐Sbбс▓Ц##C⌠┌ц#rЦCc⌠C#Bц3#Pё┐Srбс3"Ц┐cS3cBцbЦc⌠┌ц3#Pё┐S┌бсCRЦ#C┐ccBцBЦcCS2ц3#Pё┐S▓бсSbЦ#33Bц⌠Цc3S3Bц3#Pё┐cбсcRЦs3bцsrЦs333#▓ц3#Pё┐cбсs2ЦS⌠c⌠cBцc2ЦCC⌠┌ц3#Pё┐c"бсs▓Ц┐⌠┐▓цCrЦ┐cs⌠C32ц3#Pё┐c2бс┐BЦ#┐⌠SSBц3"Цs3⌠Cц3#Pё┐cBбс┐bЦ⌠⌠S#цbЦc3#cBц3#Pё┐cRбс┐rЦ▓бсBЦccscSs⌠┐fRс2ц3#Pё┐cbбс┐bЦ⌠⌠S#бсbЦc3#cBц3#Pё┐crбс┐BЦ#┐⌠SSBбс3"Цs3⌠Cц3#Pё┐c┌бсs▓Ц┐⌠┐▓бсCrЦ┐cs⌠C32ц3#Pё┐c▓бсs2ЦS⌠c⌠cBбсc2ЦCC⌠┌ц3#Pё┐sбсcRЦs3bбсsrЦs333#▓ц3#Pё┐sбсSbЦ#33Bбс⌠Цc3S3Bц3#Pё┐s"бсCRЦ#C┐ccBбсBЦcCS2ц3#Pё┐s2бс3"Ц┐cS3cBбсbЦc⌠┌ц3#Pё┐sBбс▓Ц##C⌠┌бс#rЦCc⌠C#Bц3#Pё┐sRбсBЦ3⌠cCrбс3rЦ⌠33▓ц3#Pё┐sbбс┐┌ЦSsSCCc┌бсCRЦC#┐┐bц3#Pё┐srбсsЦ⌠c#c▓бсS"Ц3Css3Rц3#Pё┐s┌бсSBЦSCCC⌠▓бсSrЦs⌠⌠Ccц3#Pё┐s▓бс3bЦcSsCsRбсcЦs3C⌠2ц3#Pё┐┐бс┌ЦCsC#rбсcBЦS⌠cц3#Pё┐┐цBЦC┐S3c3##√Rс2бсcBЦ▓ц3#Pё┐┐"ц┌ЦCsC#rбсcBЦS⌠cц3#Pё┐┐2ц3bЦcSsCsRбсcЦs3C⌠2ц3#Pё┐┐BцSBЦSCCC⌠▓бсSrЦs⌠⌠Ccц3#Pё┐┐RцsЦ⌠c#c▓бсS"Ц3Css3Rц3#Pё┐┐bц┐┌ЦSsSCCc┌бсCRЦC#┐┐bц3#Pё┐┐rцBЦ3⌠cCrбс3rЦ⌠33▓ц3#Pё┐┐┌ц▓Ц##C⌠┌бс#rЦCc⌠C#Bц3#Pё┐┐▓ц3"Ц┐cS3cBбсbЦc⌠┌ц3#Pё┐⌠цCRЦ#C┐ccBбсBЦcCS2ц3#Pё┐⌠цSbЦ#33Bбс⌠Цc3S3Bц3#Pё┐⌠"цcRЦs3bбсsrЦs333#▓ц3#Pё┐⌠2цs2ЦS⌠c⌠cBбсc2ЦCC⌠┌ц3#Pё┐⌠Bцs▓Ц┐⌠┐▓бсCrЦ┐cs⌠C32ц3#Pё┐⌠Rц┐BЦ#┐⌠SSBбс3"Цs3⌠Cц3#Pё┐⌠bц┐bЦ⌠⌠S#бсbЦc3#cBц3#Pё┐⌠rц┐rЦ▓цЦsCs#⌠SRсBц3S ё┐⌠┌ц┐bЦ⌠⌠S#цbЦc3#cBц3S ё┐⌠▓ц┐BЦ#┐⌠SSBц3"Цs3⌠Cц3S ё⌠цs▓Ц┐⌠┐▓цCrЦ┐cs⌠C32ц3S ё⌠цs2ЦS⌠c⌠cBцc2ЦCC⌠┌ц3S ё⌠"цcRЦs3bцsrЦs333#▓ц3S ё⌠2цSbЦ#33Bц⌠Цc3S3Bц3S ё⌠BцCRЦ#C┐ccBцBЦcCS2ц3S ё⌠Rц3"Ц┐cS3cBцbЦc⌠┌ц3S ё⌠bц▓Ц##C⌠┌ц#rЦCc⌠C#Bц3S ё⌠rцBЦ3⌠cCrц3rЦ⌠33▓ц3S ё⌠┌ц┐┌ЦSsSCCc┌цCRЦC#┐┐bц3S ё⌠▓цsЦ⌠c#c▓цS"Ц3Css3Rц3S ё⌠цSBЦSCCC⌠▓цSrЦs⌠⌠Ccц3S ё⌠ц3bЦcSsCsRцcЦs3C⌠2ц3S ё⌠"ц┌ЦCsC#rцcBЦS⌠cц3S ё⌠2ц"Цs3cC#s#cfRсBцcBЦ▓ц3S ё⌠Bбс┌ЦCsC#rцcBЦS⌠cц3S ё⌠Rбс3bЦcSsCsRцcЦs3C⌠2ц3S ё⌠bбсSBЦSCCC⌠▓цSrЦs⌠⌠Ccц3S ё⌠rбсsЦ⌠c#c▓цS"Ц3Css3Rц3S ё⌠┌бс┐┌ЦSsSCCc┌цCRЦC#┐┐bц3S ё⌠▓бсBЦ3⌠cCrц3rЦ⌠33▓ц3S ё⌠#бс▓Ц##C⌠┌ц#rЦCc⌠C#Bц3S ё⌠#бс3"Ц┐cS3cBцbЦc⌠┌ц3S ё⌠#"бсCRЦ#C┐ccBцBЦcCS2ц3S ё⌠#2бсSbЦ#33Bц⌠Цc3S3Bц3S ё⌠#BбсcRЦs3bцsrЦs333#▓ц3S ё⌠#Rбсs2ЦS⌠c⌠cBцc2ЦCC⌠┌ц3S ё⌠#bбсs▓Ц┐⌠┐▓цCrЦ┐cs⌠C32ц3S ё⌠#rбс┐BЦ#┐⌠SSBц3"Цs3⌠Cц3S ё⌠#┌бс┐bЦ⌠⌠S#цbЦc3#cBц3S ё⌠#▓бс┐rЦ▓бсBЦcscc┐⌠s⌠vRс2ц3S ё⌠3бс┐bЦ⌠⌠S#бсbЦc3#cBц3S ё⌠3бс┐BЦ#┐⌠SSBбс3"Цs3⌠Cц3S ё⌠3"бсs▓Ц┐⌠┐▓бсCrЦ┐cs⌠C32ц3S ё⌠32бсs2ЦS⌠c⌠cBбсc2ЦCC⌠┌ц3S ё⌠3BбсcRЦs3bбсsrЦs333#▓ц3S ё⌠3RбсSbЦ#33Bбс⌠Цc3S3Bц3S ё⌠3bбсCRЦ#C┐ccBбсBЦcCS2ц3S ё⌠3rбс3"Ц┐cS3cBбсbЦc⌠┌ц3S ё⌠3┌бс▓Ц##C⌠┌бс#rЦCc⌠C#Bц3S ё⌠3▓бсBЦ3⌠cCrбс3rЦ⌠33▓ц3S ё⌠Cбс┐┌ЦSsSCCc┌бсCRЦC#┐┐bц3S ё⌠CбсsЦ⌠c#c▓бсS"Ц3Css3Rц3S ё⌠C"бсSBЦSCCC⌠▓бсSrЦs⌠⌠Ccц3S ё⌠C2бс3bЦcSsCsRбсcЦs3C⌠2ц3S ё⌠CBбс┌ЦCsC#rбсcBЦS⌠cц3S ё⌠CRцBЦC┐Ss⌠c#⌠6Rс2бсcBЦ▓ц3S ё⌠Cbц┌ЦCsC#rбсcBЦS⌠cц3S ё⌠Crц3bЦcSsCsRбсcЦs3C⌠2ц3S ё⌠C┌цSBЦSCCC⌠▓бсSrЦs⌠⌠Ccц3S ё⌠C▓цsЦ⌠c#c▓бсS"Ц3Css3Rц3S ё⌠Sц┐┌ЦSsSCCc┌бсCRЦC#┐┐bц3S ё⌠SцBЦ3⌠cCrбс3rЦ⌠33▓ц3S ё⌠S"ц▓Ц##C⌠┌бс#rЦCc⌠C#Bц3S ё⌠S2ц3"Ц┐cS3cBбсbЦc⌠┌ц3S ё⌠SBцCRЦ#C┐ccBбсBЦcCS2ц3S ё⌠SRцSbЦ#33Bбс⌠Цc3S3Bц3S ё⌠SbцcRЦs3bбсsrЦs333#▓ц3S ё⌠Srцs2ЦS⌠c⌠cBбсc2ЦCC⌠┌ц3S ё⌠S┌цs▓Ц┐⌠┐▓бсCrЦ┐cs⌠C32ц3S ё⌠S▓ц┐BЦ#┐⌠SSBбс3"Цs3⌠Cц3S ё⌠cц┐bЦ⌠⌠S#бсbЦc3#cBц3S ё⌠cц┐rЦ▓цЦCCs#3┐C⌠3FRсBц3sPё⌠c"ц┐bЦ⌠⌠S#цbЦc3#cBц3sPё⌠c2ц┐BЦ#┐⌠SSBц3"Цs3⌠Cц3sPё⌠cBцs▓Ц┐⌠┐▓цCrЦ┐cs⌠C32ц3sPё⌠cRцs2ЦS⌠c⌠cBцc2ЦCC⌠┌ц3sPё⌠cbцcRЦs3bцsrЦs333#▓ц3sPё⌠crцSbЦ#33Bц⌠Цc3S3Bц3sPё⌠c┌цCRЦ#C┐ccBцBЦcCS2ц3sPё⌠c▓ц3"Ц┐cS3cBцbЦc⌠┌ц3sPё⌠sц▓Ц##C⌠┌ц#rЦCc⌠C#Bц3sPё⌠sцBЦ3⌠cCrц3rЦ⌠33▓ц3sPё⌠s"ц┐┌ЦSsSCCc┌цCRЦC#┐┐bц3sPё⌠s2цsЦ⌠c#c▓цS"Ц3Css3Rц3sPё⌠sBцSBЦSCCC⌠▓цSrЦs⌠⌠Ccц3sPё⌠sRц3bЦcSsCsRцcЦs3C⌠2ц3sPё⌠sbц┌ЦCsC#rцcBЦS⌠cц3sPё⌠srц"ЦcSSSS┐ScCvRсBцcBЦ▓ц3sPё⌠s┌бс┌ЦCsC#rцcBЦS⌠cц3sPё⌠s▓бс3bЦcSsCsRцcЦs3C⌠2ц3sPё⌠┐бсSBЦSCCC⌠▓цSrЦs⌠⌠Ccц3sPё⌠┐бсsЦ⌠c#c▓цS"Ц3Css3Rц3sPё⌠┐"бс┐┌ЦSsSCCc┌цCRЦC#┐┐bц3sPё⌠┐2бсBЦ3⌠cCrц3rЦ⌠33▓ц3sPё⌠┐Bбс▓Ц##C⌠┌ц#rЦCc⌠C#Bц3sPё⌠┐Rбс3"Ц┐cS3cBцbЦc⌠┌ц3sPё⌠┐bбсCRЦ#C┐ccBцBЦcCS2ц3sPё⌠┐rбсSbЦ#33Bц⌠Цc3S3Bц3sPё⌠┐┌бсcRЦs3bцsrЦs333#▓ц3sPё⌠┐▓бсs2ЦS⌠c⌠cBцc2ЦCC⌠┌ц3sPё⌠⌠бсs▓Ц┐⌠┐▓цCrЦ┐cs⌠C32ц3sPё⌠⌠бс┐BЦ#┐⌠SSBц3"Цs3⌠Cц3sPё⌠⌠"бс┐bЦ⌠⌠S#цbЦc3#cBц3sPё⌠⌠2бс┐rЦ▓бсBЦcs#┐┐cCsC#Rс2ц3sPё⌠⌠Bбс┐bЦ⌠⌠S#бсbЦc3#cBц3sPё⌠⌠Rбс┐BЦ#┐⌠SSBбс3"Цs3⌠Cц3sPё⌠⌠bбсs▓Ц┐⌠┐▓бсCrЦ┐cs⌠C32ц3sPё⌠⌠rбсs2ЦS⌠c⌠cBбсc2ЦCC⌠┌ц3sPё⌠⌠┌бсcRЦs3bбсsrЦs333#▓ц3sPё⌠⌠▓бсSbЦ#33Bбс⌠Цc3S3Bц3sPёбсCRЦ#C┐ccBбсBЦcCS2ц3sPёбс3"Ц┐cS3cBбсbЦc⌠┌ц3sPё"бс▓Ц##C⌠┌бс#rЦCc⌠C#Bц3sPё2бсBЦ3⌠cCrбс3rЦ⌠33▓ц3sPёBбс┐┌ЦSsSCCc┌бсCRЦC#┐┐bц3sPёRбсsЦ⌠c#c▓бсS"Ц3Css3Rц3sPёbбсSBЦSCCC⌠▓бсSrЦs⌠⌠Ccц3sPёrбс3bЦcSsCsRбсcЦs3C⌠2ц3sPё┌бс┌ЦCsC#rбсcBЦS⌠cц3sPё▓цBЦCcCc⌠3⌠┐ssfRс2бсcBЦ▓ц3sPёц┌ЦCsC#rбсcBЦS⌠cц3sPёц3bЦcSsCsRбсcЦs3C⌠2ц3sPё"цSBЦSCCC⌠▓бсSrЦs⌠⌠Ccц3sPё2цsЦ⌠c#c▓бсS"Ц3Css3Rц3sPёBц┐┌ЦSsSCCc┌бсCRЦC#┐┐bц3sPёRцBЦ3⌠cCrбс3rЦ⌠33▓ц3sPёbц▓Ц##C⌠┌бс#rЦCc⌠C#Bц3sPёrц3"Ц┐cS3cBбсbЦc⌠┌ц3sPё┌цCRЦ#C┐ccBбсBЦcCS2ц3sPё▓цSbЦ#33Bбс⌠Цc3S3Bц3sPё#цcRЦs3bбсsrЦs333#▓ц3sPё#цs2ЦS⌠c⌠cBбсc2ЦCC⌠┌ц3sPё#"цs▓Ц┐⌠┐▓бсCrЦ┐cs⌠C32ц3sPё#2ц┐BЦ#┐⌠SSBбс3"Цs3⌠Cц3sPё#Bц┐bЦ⌠⌠S#бсbЦc3#cBц3sPё#Rц┐rЦ▓цЦC3#3⌠CvRсBцC ё#bц┐bЦ⌠⌠S#цbЦc3#cBцC ё#rц┐BЦ#┐⌠SSBц3"Цs3⌠CцC ё#┌цs▓Ц┐⌠┐▓цCrЦ┐cs⌠C32цC ё#▓цs2ЦS⌠c⌠cBцc2ЦCC⌠┌цC ё3цcRЦs3bцsrЦs333#▓цC ё3цSbЦ#33Bц⌠Цc3S3BцC ё3"цCRЦ#C┐ccBцBЦcCS2цC ё32ц3"Ц┐cS3cBцbЦc⌠┌цC ё3Bц▓Ц##C⌠┌ц#rЦCc⌠C#BцC ё3RцBЦ3⌠cCrц3rЦ⌠33▓цC ё3bц┐┌ЦSsSCCc┌цCRЦC#┐┐bцC ё3rцsЦ⌠c#c▓цS"Ц3Css3RцC ё3┌цSBЦSCCC⌠▓цSrЦs⌠⌠CcцC ё3▓ц3bЦcSsCsRцcЦs3C⌠2цC ёCц┌ЦCsC#rцcBЦS⌠cцC ёCц"ЦcSC#⌠SC┐CfRсBцcBЦ▓цC ёC"бс┌ЦCsC#rцcBЦS⌠cцC ёC2бс3bЦcSsCsRцcЦs3C⌠2цC ёCBбсSBЦSCCC⌠▓цSrЦs⌠⌠CcцC ёCRбсsЦ⌠c#c▓цS"Ц3Css3RцC ёCbбс┐┌ЦSsSCCc┌цCRЦC#┐┐bцC ёCrбсBЦ3⌠cCrц3rЦ⌠33▓цC ёC┌бс▓Ц##C⌠┌ц#rЦCc⌠C#BцC ёC▓бс3"Ц┐cS3cBцbЦc⌠┌цC ёSбсCRЦ#C┐ccBцBЦcCS2цC ёSбсSbЦ#33Bц⌠Цc3S3BцC ёS"бсcRЦs3bцsrЦs333#▓цC ёS2бсs2ЦS⌠c⌠cBцc2ЦCC⌠┌цC ёSBбсs▓Ц┐⌠┐▓цCrЦ┐cs⌠C32цC ёSRбс┐BЦ#┐⌠SSBц3"Цs3⌠CцC ёSbбс┐bЦ⌠⌠S#цbЦc3#cBцC ёSrбс┐rЦ▓бсBЦcS#┐Cc3sC#&Rс2цC ёS┌бс┐bЦ⌠⌠S#бсbЦc3#cBцC ёS▓бс┐BЦ#┐⌠SSBбс3"Цs3⌠CцC ёcбсs▓Ц┐⌠┐▓бсCrЦ┐cs⌠C32цC ёcбсs2ЦS⌠c⌠cBбсc2ЦCC⌠┌цC ёc"бсcRЦs3bбсsrЦs333#▓цC ёc2бсSbЦ#33Bбс⌠Цc3S3BцC ёcBбсCRЦ#C┐ccBбсBЦcCS2цC ёcRбс3"Ц┐cS3cBбсbЦc⌠┌цC ёcbбс▓Ц##C⌠┌бс#rЦCc⌠C#BцC ёcrбсBЦ3⌠cCrбс3rЦ⌠33▓цC ёc┌бс┐┌ЦSsSCCc┌бсCRЦC#┐┐bцC ёc▓бсsЦ⌠c#c▓бсS"Ц3Css3RцC ёsбсSBЦSCCC⌠▓бсSrЦs⌠⌠CcцC ёsбс3bЦcSsCsRбсcЦs3C⌠2цC ёs"бс┌ЦCsC#rбсcBЦS⌠cцC ёs2цBЦC3┐sS#3c3svRс2бсcBЦ▓цC ёsBц┌ЦCsC#rбсcBЦS⌠cцC ёsRц3bЦcSsCsRбсcЦs3C⌠2цC ёsbцSBЦSCCC⌠▓бсSrЦs⌠⌠CcцC ёsrцsЦ⌠c#c▓бсS"Ц3Css3RцC ёs┌ц┐┌ЦSsSCCc┌бсCRЦC#┐┐bцC ёs▓цBЦ3⌠cCrбс3rЦ⌠33▓цC ё┐ц▓Ц##C⌠┌бс#rЦCc⌠C#BцC ё┐ц3"Ц┐cS3cBбсbЦc⌠┌цC ё┐"цCRЦ#C┐ccBбсBЦcCS2цC ё┐2цSbЦ#33Bбс⌠Цc3S3BцC ё┐BцcRЦs3bбсsrЦs333#▓цC ё┐Rцs2ЦS⌠c⌠cBбсc2ЦCC⌠┌цC ё┐bцs▓Ц┐⌠┐▓бсCrЦ┐cs⌠C32цC ё┐rц┐BЦ#┐⌠SSBбс3"Цs3⌠CцC ё┐┌ц┐bЦ⌠⌠S#бсbЦc3#cBцC ё┐▓ц┐rЦ▓цrЦss##CS┐⌠┐VRсRцC#Pё⌠ц┐bЦ⌠⌠S#цbЦc3#cBцC#Pё⌠ц┐BЦ#┐⌠SSBц3"Цs3⌠CцC#Pё⌠"цs▓Ц┐⌠┐▓цCrЦ┐cs⌠C32цC#Pё⌠2цs2ЦS⌠c⌠cBцc2ЦCC⌠┌цC#Pё⌠BцcRЦs3bцsrЦs333#▓цC#Pё⌠RцSbЦ#33Bц⌠Цc3S3BцC#Pё⌠bцCRЦ#C┐ccBцBЦcCS2цC#Pё⌠rц3"Ц┐cS3cBцbЦc⌠┌цC#Pё⌠┌ц▓Ц##C⌠┌ц#rЦCc⌠C#BцC#Pё⌠▓цBЦ3⌠cCrц3rЦ⌠33▓цC#Pёц┐┌ЦSsSCCc┌цCRЦC#┐┐bцC#PёцsЦ⌠c#c▓цS"Ц3Css3RцC#Pё"цSBЦSCCC⌠▓цSrЦs⌠⌠CcцC#Pё2ц3bЦcSsCsRцcЦs3C⌠2цC#PёBц┌ЦCsC#rцcBЦS⌠cцC#PёRц"Ц3⌠s3Cs#s┐&RсBцcBЦ▓цC#Pёbбс┌ЦCsC#rцcBЦS⌠cцC#Pёrбс3bЦcSsCsRцcЦs3C⌠2цC#Pё┌бсSBЦSCCC⌠▓цSrЦs⌠⌠CcцC#Pё▓бсsЦ⌠c#c▓цS"Ц3Css3RцC#Pёбс┐┌ЦSsSCCc┌цCRЦC#┐┐bцC#PёбсBЦ3⌠cCrц3rЦ⌠33▓цC#Pё"бс▓Ц##C⌠┌ц#rЦCc⌠C#BцC#Pё2бс3"Ц┐cS3cBцbЦc⌠┌цC#PёBбсCRЦ#C┐ccBцBЦcCS2цC#PёRбсSbЦ#33Bц⌠Цc3S3BцC#PёbбсcRЦs3bцsrЦs333#▓цC#Pёrбсs2ЦS⌠c⌠cBцc2ЦCC⌠┌цC#Pё┌бсs▓Ц┐⌠┐▓цCrЦ┐cs⌠C32цC#Pё▓бс┐BЦ#┐⌠SSBц3"Цs3⌠CцC#Pё#бс┐bЦ⌠⌠S#цbЦc3#cBцC#Pё#бс┐rЦ▓бсBЦc#cS3#⌠√Rс2цC#Pё#"бс┐bЦ⌠⌠S#бсbЦc3#cBцC#Pё#2бс┐BЦ#┐⌠SSBбс3"Цs3⌠CцC#Pё#Bбсs▓Ц┐⌠┐▓бсCrЦ┐cs⌠C32цC#Pё#Rбсs2ЦS⌠c⌠cBбсc2ЦCC⌠┌цC#Pё#bбсcRЦs3bбсsrЦs333#▓цC#Pё#rбсSbЦ#33Bбс⌠Цc3S3BцC#Pё#┌бсCRЦ#C┐ccBбсBЦcCS2цC#Pё#▓бс3"Ц┐cS3cBбсbЦc⌠┌цC#Pё3бс▓Ц##C⌠┌бс#rЦCc⌠C#BцC#Pё3бсBЦ3⌠cCrбс3rЦ⌠33▓цC#Pё3"бс┐┌ЦSsSCCc┌бсCRЦC#┐┐bцC#Pё32бсsЦ⌠c#c▓бсS"Ц3Css3RцC#Pё3BбсSBЦSCCC⌠▓бсSrЦs⌠⌠CcцC#Pё3Rбс3bЦcSsCsRбсcЦs3C⌠2цC#Pё3bбс┌ЦCsC#rбсcBЦS⌠cцC#Pё3rцBЦC┐s⌠Cc#c√Rс2бсcBЦ▓цC#Pё3┌ц┌ЦCsC#rбсcBЦS⌠cцC#Pё3▓ц3bЦcSsCsRбсcЦs3C⌠2цC#PёCцSBЦSCCC⌠▓бсSrЦs⌠⌠CcцC#PёCцsЦ⌠c#c▓бсS"Ц3Css3RцC#PёC"ц┐┌ЦSsSCCc┌бсCRЦC#┐┐bцC#PёC2цBЦ3⌠cCrбс3rЦ⌠33▓цC#PёCBц▓Ц##C⌠┌бс#rЦCc⌠C#BцC#PёCRц3"Ц┐cS3cBбсbЦc⌠┌цC#PёCbцCRЦ#C┐ccBбсBЦcCS2цC#PёCrцSbЦ#33Bбс⌠Цc3S3BцC#PёC┌цcRЦs3bбсsrЦs333#▓цC#PёC▓цs2ЦS⌠c⌠cBбсc2ЦCC⌠┌цC#PёSцs▓Ц┐⌠┐▓бсCrЦ┐cs⌠C32цC#PёSц┐BЦ#┐⌠SSBбс3"Цs3⌠CцC#PёS"ц┐bЦ⌠⌠S#бсbЦc3#cBцC#PёS2ц┐rЦ▓ц┌Ц#C⌠┐#SCcRсRцCS ёSBц┐bЦ⌠⌠S#цbЦc3#cBцCS ёSRц┐BЦ#┐⌠SSBц3"Цs3⌠CцCS ёSbцs▓Ц┐⌠┐▓цCrЦ┐cs⌠C32цCS ёSrцs2ЦS⌠c⌠cBцc2ЦCC⌠┌цCS ёS┌цcRЦs3bцsrЦs333#▓цCS ёS▓цSbЦ#33Bц⌠Цc3S3BцCS ёcцCRЦ#C┐ccBцBЦcCS2цCS ёcц3"Ц┐cS3cBцbЦc⌠┌цCS ёc"ц▓Ц##C⌠┌ц#rЦCc⌠C#BцCS ёc2цBЦ3⌠cCrц3rЦ⌠33▓цCS ёcBц┐┌ЦSsSCCc┌цCRЦC#┐┐bцCS ёcRцsЦ⌠c#c▓цS"Ц3Css3RцCS ёcbцSBЦSCCC⌠▓цSrЦs⌠⌠CcцCS ёcrц3bЦcSsCsRцcЦs3C⌠2цCS ёc┌ц┌ЦCsC#rцcBЦS⌠cцCS ёc▓ц"Ц#sCC#⌠c#FRсBцcBЦ▓цCS ёsбс┌ЦCsC#rцcBЦS⌠cцCS ёsбс3bЦcSsCsRцcЦs3C⌠2цCS ёs"бсSBЦSCCC⌠▓цSrЦs⌠⌠CcцCS ёs2бсsЦ⌠c#c▓цS"Ц3Css3RцCS ёsBбс┐┌ЦSsSCCc┌цCRЦC#┐┐bцCS ёsRбсBЦ3⌠cCrц3rЦ⌠33▓цCS ёsbбс▓Ц##C⌠┌ц#rЦCc⌠C#BцCS ёsrбс3"Ц┐cS3cBцbЦc⌠┌цCS ёs┌бсCRЦ#C┐ccBцBЦcCS2цCS ёs▓бсSbЦ#33Bц⌠Цc3S3BцCS ё┐бсcRЦs3bцsrЦs333#▓цCS ё┐бсs2ЦS⌠c⌠cBцc2ЦCC⌠┌цCS ё┐"бсs▓Ц┐⌠┐▓цCrЦ┐cs⌠C32цCS ё┐2бс┐BЦ#┐⌠SSBц3"Цs3⌠CцCS ё┐Bбс┐bЦ⌠⌠S#цbЦc3#cBцCS ё┐Rбс┐rЦ▓бсBЦc33#c#s6Rс2цCS ё┐bбс┐bЦ⌠⌠S#бсbЦc3#cBцCS ё┐rбс┐BЦ#┐⌠SSBбс3"Цs3⌠CцCS ё┐┌бсs▓Ц┐⌠┐▓бсCrЦ┐cs⌠C32цCS ё┐▓бсs2ЦS⌠c⌠cBбсc2ЦCC⌠┌цCS ё⌠бсcRЦs3bбсsrЦs333#▓цCS ё⌠бсSbЦ#33Bбс⌠Цc3S3BцCS ё⌠"бсCRЦ#C┐ccBбсBЦcCS2цCS ё⌠2бс3"Ц┐cS3cBбсbЦc⌠┌цCS ё⌠Bбс▓Ц##C⌠┌бс#rЦCc⌠C#BцCS ё⌠RбсBЦ3⌠cCrбс3rЦ⌠33▓цCS ё⌠bбс┐┌ЦSsSCCc┌бсCRЦC#┐┐bцCS ё⌠rбсsЦ⌠c#c▓бсS"Ц3Css3RцCS ё⌠┌бсSBЦSCCC⌠▓бсSrЦs⌠⌠CcцCS ё⌠▓бс3bЦcSsCsRбсcЦs3C⌠2цCS ё#бс┌ЦCsC#rбсcBЦS⌠cцCS ё#цBЦCC3S3cSC√Rс2бсcBЦ▓цCS ё#"ц┌ЦCsC#rбсcBЦS⌠cцCS ё#2ц3bЦcSsCsRбсcЦs3C⌠2цCS ё#BцSBЦSCCC⌠▓бсSrЦs⌠⌠CcцCS ё#RцsЦ⌠c#c▓бсS"Ц3Css3RцCS ё#bц┐┌ЦSsSCCc┌бсCRЦC#┐┐bцCS ё#rцBЦ3⌠cCrбс3rЦ⌠33▓цCS ё#┌ц▓Ц##C⌠┌бс#rЦCc⌠C#BцCS ё#▓ц3"Ц┐cS3cBбсbЦc⌠┌цCS ё#цCRЦ#C┐ccBбсBЦcCS2цCS ё#цSbЦ#33Bбс⌠Цc3S3BцCS ё#"цcRЦs3bбсsrЦs333#▓цCS ё#2цs2ЦS⌠c⌠cBбсc2ЦCC⌠┌цCS ё#Bцs▓Ц┐⌠┐▓бсCrЦ┐cs⌠C32цCS ё#Rц┐BЦ#┐⌠SSBбс3"Цs3⌠CцCS ё#bц┐bЦ⌠⌠S#бсbЦc3#cBцCS ё#rц┐rЦ▓цЦS┐Sc⌠3Cc√RсBцCsPё#┌ц┐bЦ⌠⌠S#цbЦc3#cBцCsPё#▓ц┐BЦ#┐⌠SSBц3"Цs3⌠CцCsPё##цs▓Ц┐⌠┐▓цCrЦ┐cs⌠C32цCsPё##цs2ЦS⌠c⌠cBцc2ЦCC⌠┌цCsPё##"цcRЦs3bцsrЦs333#▓цCsPё##2цSbЦ#33Bц⌠Цc3S3BцCsPё##BцCRЦ#C┐ccBцBЦcCS2цCsPё##Rц3"Ц┐cS3cBцbЦc⌠┌цCsPё##bц▓Ц##C⌠┌ц#rЦCc⌠C#BцCsPё##rцBЦ3⌠cCrц3rЦ⌠33▓цCsPё##┌ц┐┌ЦSsSCCc┌цCRЦC#┐┐bцCsPё##▓цsЦ⌠c#c▓цS"Ц3Css3RцCsPё#3цSBЦSCCC⌠▓цSrЦs⌠⌠CcцCsPё#3ц3bЦcSsCsRцcЦs3C⌠2цCsPё#3"ц┌ЦCsC#rцcBЦS⌠cцCsPё#32ц"Ц#┐Ss33s6RсBцcBЦ▓цCsPё#3Bбс┌ЦCsC#rцcBЦS⌠cцCsPё#3Rбс3bЦcSsCsRцcЦs3C⌠2цCsPё#3bбсSBЦSCCC⌠▓цSrЦs⌠⌠CcцCsPё#3rбсsЦ⌠c#c▓цS"Ц3Css3RцCsPё#3┌бс┐┌ЦSsSCCc┌цCRЦC#┐┐bцCsPё#3▓бсBЦ3⌠cCrц3rЦ⌠33▓цCsPё#Cбс▓Ц##C⌠┌ц#rЦCc⌠C#BцCsPё#Cбс3"Ц┐cS3cBцbЦc⌠┌цCsPё#C"бсCRЦ#C┐ccBцBЦcCS2цCsPё#C2бсSbЦ#33Bц⌠Цc3S3BцCsPё#CBбсcRЦs3bцsrЦs333#▓цCsPё#CRбсs2ЦS⌠c⌠cBцc2ЦCC⌠┌цCsPё#Cbбсs▓Ц┐⌠┐▓цCrЦ┐cs⌠C32цCsPё#Crбс┐BЦ#┐⌠SSBц3"Цs3⌠CцCsPё#C┌бс┐bЦ⌠⌠S#цbЦc3#cBцCsPё#C▓бс┐rЦ▓бсBЦS⌠3ssSCsVRс2цCsPё#Sбс┐bЦ⌠⌠S#бсbЦc3#cBцCsPё#Sбс┐BЦ#┐⌠SSBбс3"Цs3⌠CцCsPё#S"бсs▓Ц┐⌠┐▓бсCrЦ┐cs⌠C32цCsPё#S2бсs2ЦS⌠c⌠cBбсc2ЦCC⌠┌цCsPё#SBбсcRЦs3bбсsrЦs333#▓цCsPё#SRбсSbЦ#33Bбс⌠Цc3S3BцCsPё#SbбсCRЦ#C┐ccBбсBЦcCS2цCsPё#Srбс3"Ц┐cS3cBбсbЦc⌠┌цCsPё#S┌бс▓Ц##C⌠┌бс#rЦCc⌠C#BцCsPё#S▓бсBЦ3⌠cCrбс3rЦ⌠33▓цCsPё#cбс┐┌ЦSsSCCc┌бсCRЦC#┐┐bцCsPё#cбсsЦ⌠c#c▓бсS"Ц3Css3RцCsPё#c"бсSBЦSCCC⌠▓бсSrЦs⌠⌠CcцCsPё#c2бс3bЦcSsCsRбсcЦs3C⌠2цCsPё#cBбс┌ЦCsC#rбсcBЦS⌠cцCsPё#cRцBЦCC┐⌠s⌠c3VRс2бсcBЦ▓цCsPё#cbц┌ЦCsC#rбсcBЦS⌠cцCsPё#crц3bЦcSsCsRбсcЦs3C⌠2цCsPё#c┌цSBЦSCCC⌠▓бсSrЦs⌠⌠CcцCsPё#c▓цsЦ⌠c#c▓бсS"Ц3Css3RцCsPё#sц┐┌ЦSsSCCc┌бсCRЦC#┐┐bцCsPё#sцBЦ3⌠cCrбс3rЦ⌠33▓цCsPё#s"ц▓Ц##C⌠┌бс#rЦCc⌠C#BцCsPё#s2ц3"Ц┐cS3cBбсbЦc⌠┌цCsPё#sBцCRЦ#C┐ccBбсBЦcCS2цCsPё#sRцSbЦ#33Bбс⌠Цc3S3BцCsPё#sbцcRЦs3bбсsrЦs333#▓цCsPё#srцs2ЦS⌠c⌠cBбсc2ЦCC⌠┌цCsPё#s┌цs▓Ц┐⌠┐▓бсCrЦ┐cs⌠C32цCsPё#s▓ц┐BЦ#┐⌠SSBбс3"Цs3⌠CцCsPё#┐ц┐bЦ⌠⌠S#бсbЦc3#cBцCsPё#┐ц┐rЦ▓цbЦ⌠┐S3s┐s#S√RсRцS ё#┐"ц┐bЦ⌠⌠S#цbЦc3#cBцS ё#┐2ц┐BЦ#┐⌠SSBц3"Цs3⌠CцS ё#┐Bцs▓Ц┐⌠┐▓цCrЦ┐cs⌠C32цS ё#┐Rцs2ЦS⌠c⌠cBцc2ЦCC⌠┌цS ё#┐bцcRЦs3bцsrЦs333#▓цS ё#┐rцSbЦ#33Bц⌠Цc3S3BцS ё#┐┌цCRЦ#C┐ccBцBЦcCS2цS ё#┐▓ц3"Ц┐cS3cBцbЦc⌠┌цS ё#⌠ц▓Ц##C⌠┌ц#rЦCc⌠C#BцS ё#⌠цBЦ3⌠cCrц3rЦ⌠33▓цS ё#⌠"ц┐┌ЦSsSCCc┌цCRЦC#┐┐bцS ё#⌠2цsЦ⌠c#c▓цS"Ц3Css3RцS ё#⌠BцSBЦSCCC⌠▓цSrЦs⌠⌠CcцS ё#⌠Rц3bЦcSsCsRцcЦs3C⌠2цS ё#⌠bц┌ЦCsC#rцcBЦS⌠cцS ё#⌠rцЦc┐┐##⌠#vRсBцcBЦ▓цS ё#⌠┌бс┌ЦCsC#rцcBЦS⌠cцS ё#⌠▓бс3bЦcSsCsRцcЦs3C⌠2цS ё3бсSBЦSCCC⌠▓цSrЦs⌠⌠CcцS ё3бсsЦ⌠c#c▓цS"Ц3Css3RцS ё3"бс┐┌ЦSsSCCc┌цCRЦC#┐┐bцS ё32бсBЦ3⌠cCrц3rЦ⌠33▓цS ё3Bбс▓Ц##C⌠┌ц#rЦCc⌠C#BцS ё3Rбс3"Ц┐cS3cBцbЦc⌠┌цS ё3bбсCRЦ#C┐ccBцBЦcCS2цS ё3rбсSbЦ#33Bц⌠Цc3S3BцS ё3┌бсcRЦs3bцsrЦs333#▓цS ё3▓бсs2ЦS⌠c⌠cBцc2ЦCC⌠┌цS ё3бсs▓Ц┐⌠┐▓цCrЦ┐cs⌠C32цS ё3бс┐BЦ#┐⌠SSBц3"Цs3⌠CцS ё3"бс┐bЦ⌠⌠S#цbЦc3#cBцS ё32бс┐rЦ▓бсBЦS┐33┐⌠CS3c√Rс2цS ё3Bбс┐bЦ⌠⌠S#бсbЦc3#cBцS ё3Rбс┐BЦ#┐⌠SSBбс3"Цs3⌠CцS ё3bбсs▓Ц┐⌠┐▓бсCrЦ┐cs⌠C32цS ё3rбсs2ЦS⌠c⌠cBбсc2ЦCC⌠┌цS ё3┌бсcRЦs3bбсsrЦs333#▓цS ё3▓бсSbЦ#33Bбс⌠Цc3S3BцS ё3#бсCRЦ#C┐ccBбсBЦcCS2цS ё3#бс3"Ц┐cS3cBбсbЦc⌠┌цS ё3#"бс▓Ц##C⌠┌бс#rЦCc⌠C#BцS ё3#2бсBЦ3⌠cCrбс3rЦ⌠33▓цS ё3#Bбс┐┌ЦSsSCCc┌бсCRЦC#┐┐bцS ё3#RбсsЦ⌠c#c▓бсS"Ц3Css3RцS ё3#bбсSBЦSCCC⌠▓бсSrЦs⌠⌠CcцS ё3#rбс3bЦcSsCsRбсcЦs3C⌠2цS ё3#┌бс┌ЦCsC#rбсcBЦS⌠cцS ё3#▓цBЦCccS##Sc┐VRс2бсcBЦ▓цS ё33ц┌ЦCsC#rбсcBЦS⌠cцS ё33ц3bЦcSsCsRбсcЦs3C⌠2цS ё33"цSBЦSCCC⌠▓бсSrЦs⌠⌠CcцS ё332цsЦ⌠c#c▓бсS"Ц3Css3RцS ё33Bц┐┌ЦSsSCCc┌бсCRЦC#┐┐bцS ё33RцBЦ3⌠cCrбс3rЦ⌠33▓цS ё33bц▓Ц##C⌠┌бс#rЦCc⌠C#BцS ё33rц3"Ц┐cS3cBбсbЦc⌠┌цS ё33┌цCRЦ#C┐ccBбсBЦcCS2цS ё33▓цSbЦ#33Bбс⌠Цc3S3BцS ё3CцcRЦs3bбсsrЦs333#▓цS ё3Cцs2ЦS⌠c⌠cBбсc2ЦCC⌠┌цS ё3C"цs▓Ц┐⌠┐▓бсCrЦ┐cs⌠C32цS ё3C2ц┐BЦ#┐⌠SSBбс3"Цs3⌠CцS ё3CBц┐bЦ⌠⌠S#бсbЦc3#cBцS ё3CRц┐rЦ▓цBЦ#3⌠#┐c36RсRцS#Pё3Cbц┐bЦ⌠⌠S#цbЦc3#cBцS#Pё3Crц┐BЦ#┐⌠SSBц3"Цs3⌠CцS#Pё3C┌цs▓Ц┐⌠┐▓цCrЦ┐cs⌠C32цS#Pё3C▓цs2ЦS⌠c⌠cBцc2ЦCC⌠┌цS#Pё3SцcRЦs3bцsrЦs333#▓цS#Pё3SцSbЦ#33Bц⌠Цc3S3BцS#Pё3S"цCRЦ#C┐ccBцBЦcCS2цS#Pё3S2ц3"Ц┐cS3cBцbЦc⌠┌цS#Pё3SBц▓Ц##C⌠┌ц#rЦCc⌠C#BцS#Pё3SRцBЦ3⌠cCrц3rЦ⌠33▓цS#Pё3Sbц┐┌ЦSsSCCc┌цCRЦC#┐┐bцS#Pё3SrцsЦ⌠c#c▓цS"Ц3Css3RцS#Pё3S┌цSBЦSCCC⌠▓цSrЦs⌠⌠CcцS#Pё3S▓ц3bЦcSsCsRцcЦs3C⌠2цS#Pё3cц┌ЦCsC#rцcBЦS⌠cцS#Pё3cцЦ#ss3c##┐vRсBцcBЦ▓цS#Pё3c"бс┌ЦCsC#rцcBЦS⌠cцS#Pё3c2бс3bЦcSsCsRцcЦs3C⌠2цS#Pё3cBбсSBЦSCCC⌠▓цSrЦs⌠⌠CcцS#Pё3cRбсsЦ⌠c#c▓цS"Ц3Css3RцS#Pё3cbбс┐┌ЦSsSCCc┌цCRЦC#┐┐bцS#Pё3crбсBЦ3⌠cCrц3rЦ⌠33▓цS#Pё3c┌бс▓Ц##C⌠┌ц#rЦCc⌠C#BцS#Pё3c▓бс3"Ц┐cS3cBцbЦc⌠┌цS#Pё3sбсCRЦ#C┐ccBцBЦcCS2цS#Pё3sбсSbЦ#33Bц⌠Цc3S3BцS#Pё3s"бсcRЦs3bцsrЦs333#▓цS#Pё3s2бсs2ЦS⌠c⌠cBцc2ЦCC⌠┌цS#Pё3sBбсs▓Ц┐⌠┐▓цCrЦ┐cs⌠C32цS#Pё3sRбс┐BЦ#┐⌠SSBц3"Цs3⌠CцS#Pё3sbбс┐bЦ⌠⌠S#цbЦc3#cBцS#Pё3srбс┐rЦ▓бсBЦSs┐⌠s┐c┐&Rс2цS#Pё3s┌бс┐bЦ⌠⌠S#бсbЦc3#cBцS#Pё3s▓бс┐BЦ#┐⌠SSBбс3"Цs3⌠CцS#Pё3┐бсs▓Ц┐⌠┐▓бсCrЦ┐cs⌠C32цS#Pё3┐бсs2ЦS⌠c⌠cBбсc2ЦCC⌠┌цS#Pё3┐"бсcRЦs3bбсsrЦs333#▓цS#Pё3┐2бсSbЦ#33Bбс⌠Цc3S3BцS#Pё3┐BбсCRЦ#C┐ccBбсBЦcCS2цS#Pё3┐Rбс3"Ц┐cS3cBбсbЦc⌠┌цS#Pё3┐bбс▓Ц##C⌠┌бс#rЦCc⌠C#BцS#Pё3┐rбсBЦ3⌠cCrбс3rЦ⌠33▓цS#Pё3┐┌бс┐┌ЦSsSCCc┌бсCRЦC#┐┐bцS#Pё3┐▓бсsЦ⌠c#c▓бсS"Ц3Css3RцS#Pё3⌠бсSBЦSCCC⌠▓бсSrЦs⌠⌠CcцS#Pё3⌠бс3bЦcSsCsRбсcЦs3C⌠2цS#Pё3⌠"бс┌ЦCsC#rбсcBЦS⌠cцS#Pё3⌠2цBЦS┐#⌠#SfRс2бсcBЦ▓цS#Pё3⌠Bц┌ЦCsC#rбсcBЦS⌠cцS#Pё3⌠Rц3bЦcSsCsRбсcЦs3C⌠2цS#Pё3⌠bцSBЦSCCC⌠▓бсSrЦs⌠⌠CcцS#Pё3⌠rцsЦ⌠c#c▓бсS"Ц3Css3RцS#Pё3⌠┌ц┐┌ЦSsSCCc┌бсCRЦC#┐┐bцS#Pё3⌠▓цBЦ3⌠cCrбс3rЦ⌠33▓цS#PёCц▓Ц##C⌠┌бс#rЦCc⌠C#BцS#PёCц3"Ц┐cS3cBбсbЦc⌠┌цS#PёC"цCRЦ#C┐ccBбсBЦcCS2цS#PёC2цSbЦ#33Bбс⌠Цc3S3BцS#PёCBцcRЦs3bбсsrЦs333#▓цS#PёCRцs2ЦS⌠c⌠cBбсc2ЦCC⌠┌цS#PёCbцs▓Ц┐⌠┐▓бсCrЦ┐cs⌠C32цS#PёCrц┐BЦ#┐⌠SSBбс3"Цs3⌠CцS#PёC┌ц┐bЦ⌠⌠S#бсbЦc3#cBцS#PёC▓ц┐rЦ▓бс"ЦC┐┐S┐#c#FRсbцSS ёCц┐bЦ⌠⌠S#цbЦc3#cBцSS ёCц┐BЦ#┐⌠SSBц3"Цs3⌠CцSS ёC"цs▓Ц┐⌠┐▓цCrЦ┐cs⌠C32цSS ёC2цs2ЦS⌠c⌠cBцc2ЦCC⌠┌цSS ёCBцcRЦs3bцsrЦs333#▓цSS ёCRцSbЦ#33Bц⌠Цc3S3BцSS ёCbцCRЦ#C┐ccBцBЦcCS2цSS ёCrц3"Ц┐cS3cBцbЦc⌠┌цSS ёC┌ц▓Ц##C⌠┌ц#rЦCc⌠C#BцSS ёC▓цBЦ3⌠cCrц3rЦ⌠33▓цSS ёC#ц┐┌ЦSsSCCc┌цCRЦC#┐┐bцSS ёC#цsЦ⌠c#c▓цS"Ц3Css3RцSS ёC#"цSBЦSCCC⌠▓цSrЦs⌠⌠CcцSS ёC#2ц3bЦcSsCsRцcЦs3C⌠2цSS ёC#Bц┌ЦCsC#rцcBЦS⌠cцSS ёC#RцЦ#c┐⌠┐⌠C⌠6RсBцcBЦ▓цSS ёC#bбс┌ЦCsC#rцcBЦS⌠cцSS ёC#rбс3bЦcSsCsRцcЦs3C⌠2цSS ёC#┌бсSBЦSCCC⌠▓цSrЦs⌠⌠CcцSS ёC#▓бсsЦ⌠c#c▓цS"Ц3Css3RцSS ёC3бс┐┌ЦSsSCCc┌цCRЦC#┐┐bцSS ёC3бсBЦ3⌠cCrц3rЦ⌠33▓цSS ёC3"бс▓Ц##C⌠┌ц#rЦCc⌠C#BцSS ёC32бс3"Ц┐cS3cBцbЦc⌠┌цSS ёC3BбсCRЦ#C┐ccBцBЦcCS2цSS ёC3RбсSbЦ#33Bц⌠Цc3S3BцSS ёC3bбсcRЦs3bцsrЦs333#▓цSS ёC3rбсs2ЦS⌠c⌠cBцc2ЦCC⌠┌цSS ёC3┌бсs▓Ц┐⌠┐▓цCrЦ┐cs⌠C32цSS ёC3▓бс┐BЦ#┐⌠SSBц3"Цs3⌠CцSS ёCCбс┐bЦ⌠⌠S#цbЦc3#cBцSS ёCCбс┐rЦ▓бсBЦS⌠S┐┐c┐Rс2цSS ёCC"бс┐bЦ⌠⌠S#бсbЦc3#cBцSS ёCC2бс┐BЦ#┐⌠SSBбс3"Цs3⌠CцSS ёCCBбсs▓Ц┐⌠┐▓бсCrЦ┐cs⌠C32цSS ёCCRбсs2ЦS⌠c⌠cBбсc2ЦCC⌠┌цSS ёCCbбсcRЦs3bбсsrЦs333#▓цSS ёCCrбсSbЦ#33Bбс⌠Цc3S3BцSS ёCC┌бсCRЦ#C┐ccBбсBЦcCS2цSS ёCC▓бс3"Ц┐cS3cBбсbЦc⌠┌цSS ёCSбс▓Ц##C⌠┌бс#rЦCc⌠C#BцSS ёCSбсBЦ3⌠cCrбс3rЦ⌠33▓цSS ёCS"бс┐┌ЦSsSCCc┌бсCRЦC#┐┐bцSS ёCS2бсsЦ⌠c#c▓бсS"Ц3Css3RцSS ёCSBбсSBЦSCCC⌠▓бсSrЦs⌠⌠CcцSS ёCSRбс3bЦcSsCsRбсcЦs3C⌠2цSS ёCSbбс┌ЦCsC#rбсcBЦS⌠cцSS ёCSrцBЦSC#┐#s#⌠FRс2бсcBЦ▓цSS ёCS┌ц┌ЦCsC#rбсcBЦS⌠cцSS ёCS▓ц3bЦcSsCsRбсcЦs3C⌠2цSS ёCcцSBЦSCCC⌠▓бсSrЦs⌠⌠CcцSS ёCcцsЦ⌠c#c▓бсS"Ц3Css3RцSS ёCc"ц┐┌ЦSsSCCc┌бсCRЦC#┐┐bцSS ёCc2цBЦ3⌠cCrбс3rЦ⌠33▓цSS ёCcBц▓Ц##C⌠┌бс#rЦCc⌠C#BцSS ёCcRц3"Ц┐cS3cBбсbЦc⌠┌цSS ёCcbцCRЦ#C┐ccBбсBЦcCS2цSS ёCcrцSbЦ#33Bбс⌠Цc3S3BцSS ёCc┌цcRЦs3bбсsrЦs333#▓цSS ёCc▓цs2ЦS⌠c⌠cBбсc2ЦCC⌠┌цSS ёCsцs▓Ц┐⌠┐▓бсCrЦ┐cs⌠C32цSS ёCsц┐BЦ#┐⌠SSBбс3"Цs3⌠CцSS ёCs"ц┐bЦ⌠⌠S#бсbЦc3#cBцSS ёCs2ц┐rЦ▓бсRЦ3scC#CFRсRцSsPёCsBц┐bЦ⌠⌠S#цbЦc3#cBцSsPёCsRц┐BЦ#┐⌠SSBц3"Цs3⌠CцSsPёCsbцs▓Ц┐⌠┐▓цCrЦ┐cs⌠C32цSsPёCsrцs2ЦS⌠c⌠cBцc2ЦCC⌠┌цSsPёCs┌цcRЦs3bцsrЦs333#▓цSsPёCs▓цSbЦ#33Bц⌠Цc3S3BцSsPёC┐цCRЦ#C┐ccBцBЦcCS2цSsPёC┐ц3"Ц┐cS3cBцbЦc⌠┌цSsPёC┐"ц▓Ц##C⌠┌ц#rЦCc⌠C#BцSsPёC┐2цBЦ3⌠cCrц3rЦ⌠33▓цSsPёC┐Bц┐┌ЦSsSCCc┌цCRЦC#┐┐bцSsPёC┐RцsЦ⌠c#c▓цS"Ц3Css3RцSsPёC┐bцSBЦSCCC⌠▓цSrЦs⌠⌠CcцSsPёC┐rц3bЦcSsCsRцcЦs3C⌠2цSsPёC┐┌ц┌ЦCsC#rцcBЦS⌠cцSsPёC┐▓цЦ#3⌠┐⌠cccvRсBцcBЦ▓цSsPёC⌠бс┌ЦCsC#rцcBЦS⌠cцSsPёC⌠бс3bЦcSsCsRцcЦs3C⌠2цSsPёC⌠"бсSBЦSCCC⌠▓цSrЦs⌠⌠CcцSsPёC⌠2бсsЦ⌠c#c▓цS"Ц3Css3RцSsPёC⌠Bбс┐┌ЦSsSCCc┌цCRЦC#┐┐bцSsPёC⌠RбсBЦ3⌠cCrц3rЦ⌠33▓цSsPёC⌠bбс▓Ц##C⌠┌ц#rЦCc⌠C#BцSsPёC⌠rбс3"Ц┐cS3cBцbЦc⌠┌цSsPёC⌠┌бсCRЦ#C┐ccBцBЦcCS2цSsPёC⌠▓бсSbЦ#33Bц⌠Цc3S3BцSsPёSбсcRЦs3bцsrЦs333#▓цSsPёSбсs2ЦS⌠c⌠cBцc2ЦCC⌠┌цSsPёS"бсs▓Ц┐⌠┐▓цCrЦ┐cs⌠C32цSsPёS2бс┐BЦ#┐⌠SSBц3"Цs3⌠CцSsPёSBбс┐bЦ⌠⌠S#цbЦc3#cBцSsPёSRбс┐rЦ▓бсBЦS⌠csSsC⌠3Rс2цSsPёSbбс┐bЦ⌠⌠S#бсbЦc3#cBцSsPёSrбс┐BЦ#┐⌠SSBбс3"Цs3⌠CцSsPёS┌бсs▓Ц┐⌠┐▓бсCrЦ┐cs⌠C32цSsPёS▓бсs2ЦS⌠c⌠cBбсc2ЦCC⌠┌цSsPёSбсcRЦs3bбсsrЦs333#▓цSsPёSбсSbЦ#33Bбс⌠Цc3S3BцSsPёS"бсCRЦ#C┐ccBбсBЦcCS2цSsPёS2бс3"Ц┐cS3cBбсbЦc⌠┌цSsPёSBбс▓Ц##C⌠┌бс#rЦCc⌠C#BцSsPёSRбсBЦ3⌠cCrбс3rЦ⌠33▓цSsPёSbбс┐┌ЦSsSCCc┌бсCRЦC#┐┐bцSsPёSrбсsЦ⌠c#c▓бсS"Ц3Css3RцSsPёS┌бсSBЦSCCC⌠▓бсSrЦs⌠⌠CcцSsPёS▓бс3bЦcSsCsRбсcЦs3C⌠2цSsPёS#бс┌ЦCsC#rбсcBЦS⌠cцSsPёS#цBЦSCs⌠⌠3cc├Rс2бсcBЦ▓цSsPёS#"ц┌ЦCsC#rбсcBЦS⌠cцSsPёS#2ц3bЦcSsCsRбсcЦs3C⌠2цSsPёS#BцSBЦSCCC⌠▓бсSrЦs⌠⌠CcцSsPёS#RцsЦ⌠c#c▓бсS"Ц3Css3RцSsPёS#bц┐┌ЦSsSCCc┌бсCRЦC#┐┐bцSsPёS#rцBЦ3⌠cCrбс3rЦ⌠33▓цSsPёS#┌ц▓Ц##C⌠┌бс#rЦCc⌠C#BцSsPёS#▓ц3"Ц┐cS3cBбсbЦc⌠┌цSsPёS3цCRЦ#C┐ccBбсBЦcCS2цSsPёS3цSbЦ#33Bбс⌠Цc3S3BцSsPёS3"цcRЦs3bбсsrЦs333#▓цSsPёS32цs2ЦS⌠c⌠cBбсc2ЦCC⌠┌цSsPёS3Bцs▓Ц┐⌠┐▓бсCrЦ┐cs⌠C32цSsPёS3Rц┐BЦ#┐⌠SSBбс3"Цs3⌠CцSsPёS3bц┐bЦ⌠⌠S#бсbЦc3#cBцSsPёS3rц┐rЦ▓бс2ЦcsCcS⌠C3svRсRцc ёS3┌ц┐bЦ⌠⌠S#цbЦc3#cBцc ёS3▓ц┐BЦ#┐⌠SSBц3"Цs3⌠Cцc ёSCцs▓Ц┐⌠┐▓цCrЦ┐cs⌠C32цc ёSCцs2ЦS⌠c⌠cBцc2ЦCC⌠┌цc ёSC"цcRЦs3bцsrЦs333#▓цc ёSC2цSbЦ#33Bц⌠Цc3S3Bцc ёSCBцCRЦ#C┐ccBцBЦcCS2цc ёSCRц3"Ц┐cS3cBцbЦc⌠┌цc ёSCbц▓Ц##C⌠┌ц#rЦCc⌠C#Bцc ёSCrцBЦ3⌠cCrц3rЦ⌠33▓цc ёSC┌ц┐┌ЦSsSCCc┌цCRЦC#┐┐bцc ёSC▓цsЦ⌠c#c▓цS"Ц3Css3Rцc ёSSцSBЦSCCC⌠▓цSrЦs⌠⌠Ccцc ёSSц3bЦcSsCsRцcЦs3C⌠2цc ёSS"ц┌ЦCsC#rцcBЦS⌠cцc ёSS2цЦ3⌠┐⌠SS3#vRсBцcBЦ▓цc ёSSBбс┌ЦCsC#rцcBЦS⌠cцc ёSSRбс3bЦcSsCsRцcЦs3C⌠2цc ёSSbбсSBЦSCCC⌠▓цSrЦs⌠⌠Ccцc ёSSrбсsЦ⌠c#c▓цS"Ц3Css3Rцc ёSS┌бс┐┌ЦSsSCCc┌цCRЦC#┐┐bцc ёSS▓бсBЦ3⌠cCrц3rЦ⌠33▓цc ёScбс▓Ц##C⌠┌ц#rЦCc⌠C#Bцc ёScбс3"Ц┐cS3cBцbЦc⌠┌цc ёSc"бсCRЦ#C┐ccBцBЦcCS2цc ёSc2бсSbЦ#33Bц⌠Цc3S3Bцc ёScBбсcRЦs3bцsrЦs333#▓цc ёScRбсs2ЦS⌠c⌠cBцc2ЦCC⌠┌цc ёScbбсs▓Ц┐⌠┐▓цCrЦ┐cs⌠C32цc ёScrбс┐BЦ#┐⌠SSBц3"Цs3⌠Cцc ёSc┌бс┐bЦ⌠⌠S#цbЦc3#cBцc ёSc▓бс┐rЦ▓бсBЦScSc#┐fRс2цc ёSsбс┐bЦ⌠⌠S#бсbЦc3#cBцc ёSsбс┐BЦ#┐⌠SSBбс3"Цs3⌠Cцc ёSs"бсs▓Ц┐⌠┐▓бсCrЦ┐cs⌠C32цc ёSs2бсs2ЦS⌠c⌠cBбсc2ЦCC⌠┌цc ёSsBбсcRЦs3bбсsrЦs333#▓цc ёSsRбсSbЦ#33Bбс⌠Цc3S3Bцc ёSsbбсCRЦ#C┐ccBбсBЦcCS2цc ёSsrбс3"Ц┐cS3cBбсbЦc⌠┌цc ёSs┌бс▓Ц##C⌠┌бс#rЦCc⌠C#Bцc ёSs▓бсBЦ3⌠cCrбс3rЦ⌠33▓цc ёS┐бс┐┌ЦSsSCCc┌бсCRЦC#┐┐bцc ёS┐бсsЦ⌠c#c▓бсS"Ц3Css3Rцc ёS┐"бсSBЦSCCC⌠▓бсSrЦs⌠⌠Ccцc ёS┐2бс3bЦcSsCsRбсcЦs3C⌠2цc ёS┐Bбс┌ЦCsC#rбсcBЦS⌠cцc ёS┐RцBЦS33⌠┐┐3Sc⌠√Rс2бсcBЦ▓цc ёS┐bц┌ЦCsC#rбсcBЦS⌠cцc ёS┐rц3bЦcSsCsRбсcЦs3C⌠2цc ёS┐┌цSBЦSCCC⌠▓бсSrЦs⌠⌠Ccцc ёS┐▓цsЦ⌠c#c▓бсS"Ц3Css3Rцc ёS⌠ц┐┌ЦSsSCCc┌бсCRЦC#┐┐bцc ёS⌠цBЦ3⌠cCrбс3rЦ⌠33▓цc ёS⌠"ц▓Ц##C⌠┌бс#rЦCc⌠C#Bцc ёS⌠2ц3"Ц┐cS3cBбсbЦc⌠┌цc ёS⌠BцCRЦ#C┐ccBбсBЦcCS2цc ёS⌠RцSbЦ#33Bбс⌠Цc3S3Bцc ёS⌠bцcRЦs3bбсsrЦs333#▓цc ёS⌠rцs2ЦS⌠c⌠cBбсc2ЦCC⌠┌цc ёS⌠┌цs▓Ц┐⌠┐▓бсCrЦ┐cs⌠C32цc ёS⌠▓ц┐BЦ#┐⌠SSBбс3"Цs3⌠Cцc ёcц┐bЦ⌠⌠S#бсbЦc3#cBцc ёcц┐rЦ▓бсBЦC┐3#cCcs&Rсbцc#Pёc"ц┐bЦ⌠⌠S#цbЦc3#cBцc#Pёc2ц┐BЦ#┐⌠SSBц3"Цs3⌠Cцc#PёcBцs▓Ц┐⌠┐▓цCrЦ┐cs⌠C32цc#PёcRцs2ЦS⌠c⌠cBцc2ЦCC⌠┌цc#PёcbцcRЦs3bцsrЦs333#▓цc#PёcrцSbЦ#33Bц⌠Цc3S3Bцc#Pёc┌цCRЦ#C┐ccBцBЦcCS2цc#Pёc▓ц3"Ц┐cS3cBцbЦc⌠┌цc#Pёcц▓Ц##C⌠┌ц#rЦCc⌠C#Bцc#PёcцBЦ3⌠cCrц3rЦ⌠33▓цc#Pёc"ц┐┌ЦSsSCCc┌цCRЦC#┐┐bцc#Pёc2цsЦ⌠c#c▓цS"Ц3Css3Rцc#PёcBцSBЦSCCC⌠▓цSrЦs⌠⌠Ccцc#PёcRц3bЦcSsCsRцcЦs3C⌠2цc#Pёcbц┌ЦCsC#rцcBЦS⌠cцc#PёcrцЦC⌠c⌠c┐⌠├RсBцcBЦ▓цc#Pёc┌бс┌ЦCsC#rцcBЦS⌠cцc#Pёc▓бс3bЦcSsCsRцcЦs3C⌠2цc#Pёc#бсSBЦSCCC⌠▓цSrЦs⌠⌠Ccцc#Pёc#бсsЦ⌠c#c▓цS"Ц3Css3Rцc#Pёc#"бс┐┌ЦSsSCCc┌цCRЦC#┐┐bцc#Pёc#2бсBЦ3⌠cCrц3rЦ⌠33▓цc#Pёc#Bбс▓Ц##C⌠┌ц#rЦCc⌠C#Bцc#Pёc#Rбс3"Ц┐cS3cBцbЦc⌠┌цc#Pёc#bбсCRЦ#C┐ccBцBЦcCS2цc#Pёc#rбсSbЦ#33Bц⌠Цc3S3Bцc#Pёc#┌бсcRЦs3bцsrЦs333#▓цc#Pёc#▓бсs2ЦS⌠c⌠cBцc2ЦCC⌠┌цc#Pёc3бсs▓Ц┐⌠┐▓цCrЦ┐cs⌠C32цc#Pёc3бс┐BЦ#┐⌠SSBц3"Цs3⌠Cцc#Pёc3"бс┐bЦ⌠⌠S#цbЦc3#cBцc#Pёc32бс┐rЦ▓бсBЦS3c┐┐3s36Rс2цc#Pёc3Bбс┐bЦ⌠⌠S#бсbЦc3#cBцc#Pёc3Rбс┐BЦ#┐⌠SSBбс3"Цs3⌠Cцc#Pёc3bбсs▓Ц┐⌠┐▓бсCrЦ┐cs⌠C32цc#Pёc3rбсs2ЦS⌠c⌠cBбсc2ЦCC⌠┌цc#Pёc3┌бсcRЦs3bбсsrЦs333#▓цc#Pёc3▓бсSbЦ#33Bбс⌠Цc3S3Bцc#PёcCбсCRЦ#C┐ccBбсBЦcCS2цc#PёcCбс3"Ц┐cS3cBбсbЦc⌠┌цc#PёcC"бс▓Ц##C⌠┌бс#rЦCc⌠C#Bцc#PёcC2бсBЦ3⌠cCrбс3rЦ⌠33▓цc#PёcCBбс┐┌ЦSsSCCc┌бсCRЦC#┐┐bцc#PёcCRбсsЦ⌠c#c▓бсS"Ц3Css3Rцc#PёcCbбсSBЦSCCC⌠▓бсSrЦs⌠⌠Ccцc#PёcCrбс3bЦcSsCsRбсcЦs3C⌠2цc#PёcC┌бс┌ЦCsC#rбсcBЦS⌠cцc#PёcC▓цBЦSCs⌠┐Cc#3C√Rс2бсcBЦ▓цc#PёcSц┌ЦCsC#rбсcBЦS⌠cцc#PёcSц3bЦcSsCsRбсcЦs3C⌠2цc#PёcS"цSBЦSCCC⌠▓бсSrЦs⌠⌠Ccцc#PёcS2цsЦ⌠c#c▓бсS"Ц3Css3Rцc#PёcSBц┐┌ЦSsSCCc┌бсCRЦC#┐┐bцc#PёcSRцBЦ3⌠cCrбс3rЦ⌠33▓цc#PёcSbц▓Ц##C⌠┌бс#rЦCc⌠C#Bцc#PёcSrц3"Ц┐cS3cBбсbЦc⌠┌цc#PёcS┌цCRЦ#C┐ccBбсBЦcCS2цc#PёcS▓цSbЦ#33Bбс⌠Цc3S3Bцc#PёccцcRЦs3bбсsrЦs333#▓цc#Pёccцs2ЦS⌠c⌠cBбсc2ЦCC⌠┌цc#Pёcc"цs▓Ц┐⌠┐▓бсCrЦ┐cs⌠C32цc#Pёcc2ц┐BЦ#┐⌠SSBбс3"Цs3⌠Cцc#PёccBц┐bЦ⌠⌠S#бсbЦc3#cBцc#PёccRц┐rЦ▓ццcS ёccbц┐bЦ⌠⌠S#цbЦc3#cBцcS ёccrц┐BЦ#┐⌠SSBц3"Цs3⌠CцcS ёcc┌цs▓Ц┐⌠┐▓цCrЦ┐cs⌠C32цcS ёcc▓цs2ЦS⌠c⌠cBцc2ЦCC⌠┌цcS ёcsцcRЦs3bцsrЦs333#▓цcS ёcsцSbЦ#33Bц⌠Цc3S3BцcS ёcs"цCRЦ#C┐ccBцBЦcCS2цcS ёcs2ц3"Ц┐cS3cBцbЦc⌠┌цcS ёcsBц▓Ц##C⌠┌ц#rЦCc⌠C#BцcS ёcsRцBЦ3⌠cCrц3rЦ⌠33▓цcS ёcsbц┐┌ЦSsSCCc┌цCRЦC#┐┐bцcS ёcsrцsЦ⌠c#c▓цS"Ц3Css3RцcS ёcs┌цSBЦSCCC⌠▓цSrЦs⌠⌠CcцcS ёcs▓ц3bЦcSsCsRцcЦs3C⌠2цcS ёc┐ц┌ЦCsC#rцcBЦS⌠cцcS ёc┐цЦSSSScvRсBцcBЦ▓цcS ёc┐"бс┌ЦCsC#rцcBЦS⌠cцcS ёc┐2бс3bЦcSsCsRцcЦs3C⌠2цcS ёc┐BбсSBЦSCCC⌠▓цSrЦs⌠⌠CcцcS ёc┐RбсsЦ⌠c#c▓цS"Ц3Css3RцcS ёc┐bбс┐┌ЦSsSCCc┌цCRЦC#┐┐bцcS ёc┐rбсBЦ3⌠cCrц3rЦ⌠33▓цcS ёc┐┌бс▓Ц##C⌠┌ц#rЦCc⌠C#BцcS ёc┐▓бс3"Ц┐cS3cBцbЦc⌠┌цcS ёc⌠бсCRЦ#C┐ccBцBЦcCS2цcS ёc⌠бсSbЦ#33Bц⌠Цc3S3BцcS ёc⌠"бсcRЦs3bцsrЦs333#▓цcS ёc⌠2бсs2ЦS⌠c⌠cBцc2ЦCC⌠┌цcS ёc⌠Bбсs▓Ц┐⌠┐▓цCrЦ┐cs⌠C32цcS ёc⌠Rбс┐BЦ#┐⌠SSBц3"Цs3⌠CцcS ёc⌠bбс┐bЦ⌠⌠S#цbЦc3#cBцcS ёc⌠rбс┐rЦ▓бсBЦSsScCs3#├Rс2цcS ёc⌠┌бс┐bЦ⌠⌠S#бсbЦc3#cBцcS ёc⌠▓бс┐BЦ#┐⌠SSBбс3"Цs3⌠CцcS ёsбсs▓Ц┐⌠┐▓бсCrЦ┐cs⌠C32цcS ёsбсs2ЦS⌠c⌠cBбсc2ЦCC⌠┌цcS ёs"бсcRЦs3bбсsrЦs333#▓цcS ёs2бсSbЦ#33Bбс⌠Цc3S3BцcS ёsBбсCRЦ#C┐ccBбсBЦcCS2цcS ёsRбс3"Ц┐cS3cBбсbЦc⌠┌цcS ёsbбс▓Ц##C⌠┌бс#rЦCc⌠C#BцcS ёsrбсBЦ3⌠cCrбс3rЦ⌠33▓цcS ёs┌бс┐┌ЦSsSCCc┌бсCRЦC#┐┐bцcS ёs▓бсsЦ⌠c#c▓бсS"Ц3Css3RцcS ёsбсSBЦSCCC⌠▓бсSrЦs⌠⌠CcцcS ёsбс3bЦcSsCsRбсcЦs3C⌠2цcS ёs"бс┌ЦCsC#rбсcBЦS⌠cцcS ёs2цBЦScsSSC3⌠S√Rс2бсcBЦ▓цcS ёsBц┌ЦCsC#rбсcBЦS⌠cцcS ёsRц3bЦcSsCsRбсcЦs3C⌠2цcS ёsbцSBЦSCCC⌠▓бсSrЦs⌠⌠CcцcS ёsrцsЦ⌠c#c▓бсS"Ц3Css3RцcS ёs┌ц┐┌ЦSsSCCc┌бсCRЦC#┐┐bцcS ёs▓цBЦ3⌠cCrбс3rЦ⌠33▓цcS ёs#ц▓Ц##C⌠┌бс#rЦCc⌠C#BцcS ёs#ц3"Ц┐cS3cBбсbЦc⌠┌цcS ёs#"цCRЦ#C┐ccBбсBЦcCS2цcS ёs#2цSbЦ#33Bбс⌠Цc3S3BцcS ёs#BцcRЦs3bбсsrЦs333#▓цcS ёs#Rцs2ЦS⌠c⌠cBбсc2ЦCC⌠┌цcS ёs#bцs▓Ц┐⌠┐▓бсCrЦ┐cs⌠C32цcS ёs#rц┐BЦ#┐⌠SSBбс3"Цs3⌠CцcS ёs#┌ц┐bЦ⌠⌠S#бсbЦc3#cBцcS ══╒БРБб▓БR"▓BR"B▓РБ▓БbР"рB▓РЮ══■ГVж&W"ЖbF√жR7FW26ЖвфWFVBББББББББББББББББББББ╒# ══∙FВFбГVж&W"ЖbWV√ф√'&≈Vр≈FW&F√ЖГ2ББББББББББББ╒C ══■fW&vRГVж&W"ЖbWV√ф√'&≈Vр≈FW&F√ЖГ2ББББББББББ╒ ══∙FВFбГVж&W"Жb&√v┤B├ФBWfгVF√ЖГ2ББББББББББББ╒c ══∙FВFбГVж&W"Жb7F√ffФW72&VfВ&жF√ЖГ2ББББББББББББ╒# ══╒б▓БR"2РбbR"2BB0══∙FВFб6фг2FРф√ФV"6ЖгfW"ББББББББ╒C ══■fr≈FW&F√ЖГ2W"6ЖгfRББББББББББББ╒══∙F√жR√Бф√ФV"6ЖгfW#╒ёёp══╒Vф6VBF√жR╒ёёP═╒B▓р▓Бr▓БbР"рB▓РЮ══■√ГWBF√жRББББББББББББББББББББББ╒ёё┐ЦSCC⌠R6V2░══■√Ф≈F√ф≈╕F√ЖБF√жRБББББББББББББ╒ёё┐Ц#CCSR6V2░══∙6ЖгfRF√жRББББББББББББББББББББББ╒ёёR┐RЦCcB6V2░══▓■РвF√жR┤фВBбFвбFF▓ББББ╒ёё┐ЦS#⌠S326V2░══▓6W&√ф≈╕F√ЖБББББББББББББББББ╒ёё┐Ц3⌠sc6V2░══▓&VfВ&ж√Фr7F√ffФW72ББББББББББ╒ёё┐ЦC3#3#"6V2░══▓WfгVF√Фr7F√ffФW72БББББББББ╒ёёR┐RЦC⌠SR6V2░══▓WfгVF√Фr&W6√GVбББББББББББ╒ёё┐ЦS##CR6V2░══▓жЖFVбWFFRБББББББББББББББББ╒ёё┐Ц⌠┌6V2░══▓БWFFW2БББББББББББББББББББ╒ёё┐Ц⌠s⌠┐#▓6V2░══▓F√жR√Бф√ФV"6ЖгfW"ББББББББ╒ёёr┐bЦ⌠c#B6V2░══∙FВFбVф6VBF√жRББББББББББББББ╒ёёR┐RЦ3⌠┌6V2░══╒БР"рбBR"р▓БB▓РЮ══